<?xml version="1.0" encoding="utf-8"?>
<COLLADA xmlns="http://www.collada.org/2005/11/COLLADASchema" version="1.4.1" xmlns:xsi="http://www.w3.org/2001/XMLSchema-instance">
  <asset>
    <contributor>
      <author>Blender User</author>
      <authoring_tool>Blender 4.3.1 commit date:2024-12-10, commit time:07:46, hash:33d812126174</authoring_tool>
    </contributor>
    <created>2026-09-20T17:33:49</created>
    <modified>2026-09-20T17:33:49</modified>
    <unit name="meter" meter="1"/>
    <up_axis>Z_UP</up_axis>
  </asset>
  <library_effects>
    <effect id="Material_010-effect">
      <profile_COMMON>
        <newparam sid="body2_jpg-surface">
          <surface type="2D">
            <init_from>body2_jpg</init_from>
          </surface>
        </newparam>
        <newparam sid="body2_jpg-sampler">
          <sampler2D>
            <source>body2_jpg-surface</source>
          </sampler2D>
        </newparam>
        <technique sid="common">
          <lambert>
            <emission>
              <color sid="emission">0 0 0 1</color>
            </emission>
            <diffuse>
              <texture texture="body2_jpg-sampler" texcoord="Cube_033-mesh-map-0"/>
            </diffuse>
            <index_of_refraction>
              <float sid="ior">1.5</float>
            </index_of_refraction>
          </lambert>
        </technique>
      </profile_COMMON>
    </effect>
  </library_effects>
  <library_images>
    <image id="body2_jpg" name="body2_jpg">
      <init_from>/home/welton/Downloads/soldiers/female/body2.jpg</init_from>
    </image>
  </library_images>
  <library_materials>
    <material id="Material_010-material" name="Material.010">
      <instance_effect url="#Material_010-effect"/>
    </material>
  </library_materials>
  <library_geometries>
    <geometry id="Cube_033-mesh" name="Cube.033">
      <mesh>
        <source id="Cube_033-mesh-positions">
          <float_array id="Cube_033-mesh-positions-array" count="1539">-0.06754547 0.09229689 3.828369 -0.07401305 0.0439648 3.813847 -0.06109935 0.01941728 3.701612 -0.1079605 0.06844872 3.719687 -0.07763987 0.002373754 3.58119 -0.9244641 -0.2118414 2.344964 -0.8235949 -0.15341 2.35098 -0.8410072 -0.05951803 2.33496 -0.8445405 -0.2273932 2.345502 -0.8189073 -0.1901613 2.413619 -0.8037374 -0.1227306 2.403484 -0.8262121 -0.0437169 2.368768 -0.6576142 -0.08470964 2.678519 -0.8800138 -0.1714295 2.421897 -0.9396989 -0.1406109 2.345822 -0.9207829 -0.06124138 2.325495 -0.9075084 -0.04686546 2.359641 -0.5418348 -0.01073449 2.74902 -0.6358098 0.1137324 2.760665 -0.6068971 -0.04818719 2.784991 -0.733052 -0.0486741 2.792382 -0.9258494 -0.1095693 2.394417 -0.5796594 0.1452705 2.871945 -0.5141019 0.02447938 2.894521 -0.4426518 0.0263915 3.031728 -0.6239014 0.1443781 2.883998 -0.6299542 -0.03480046 2.87314 -0.7408505 0.07501423 2.861138 -0.746648 0.1483733 2.787353 -0.44409 0.184413 3.045276 -0.4751401 -0.07500058 3.037111 -0.6357544 0.09912818 3.013956 -0.6097785 0.1039863 3.099616 -0.5528283 -0.05768722 3.085469 -0.4413732 0.06420618 3.47618 0.3713247 0.2801859 0.2548797 0.4123022 0.09708613 0.2601093 -0.4250351 -0.05809724 3.443162 -0.5095679 0.06819397 3.357848 -0.3279711 -0.1842412 3.22626 -0.4751902 -0.05361068 3.276186 -0.4187765 -0.07624179 3.392558 -0.4117145 0.1942049 3.408362 -0.3156418 0.2451862 3.414319 -0.2643784 -0.1361647 3.446635 -0.308417 -0.08736854 3.399009 -0.3276438 -0.1811206 3.367873 -0.2888883 -0.04963171 3.503342 -0.3289237 0.2270478 3.352339 -0.5747676 0.07394367 3.188985 -0.5409868 0.1881309 3.119705 -0.4793959 0.1853187 3.303425 -0.3545657 0.0757997 3.546758 -0.4180946 0.150839 3.454721 -0.1348419 0.08144128 3.590306 -0.09299349 0.12603 3.743652 -0.1634153 -0.1999744 3.433968 -0.05511236 -0.2577491 3.411324 -0.2661213 -0.1006016 3.117646 0 -0.3380509 3.12509 -0.2074671 -0.284269 3.088151 -0.3232104 0.07503795 3.284734 -0.3227309 -0.07725679 3.330978 -0.3297429 0.06771028 3.142257 -0.1386679 -0.07270801 3.488278 -0.2897269 0.08647549 3.572983 -0.2951931 0.195882 3.529541 -0.1041818 0.1725023 3.643257 -0.1791402 0.2119024 3.563259 -0.2087045 -0.2742899 2.909994 -0.3055341 -0.09952062 2.811242 -0.2036662 0.06279599 2.758718 -0.22121 0.2726733 3.370783 -0.2720596 0.1884734 3.177847 -0.3148964 -0.1061773 2.636364 -0.3713247 0.2801859 0.2548793 -0.4123022 0.09708619 0.2601089 -0.3022046 0.2708708 0.2465202 -0.3671251 0.09855222 0.2542409 -0.2898615 0.1839404 0.2371963 -0.2002696 -0.2543326 2.700221 -0.2480176 0.1047113 2.558635 0 0.1087576 3.83435 0.01372349 0.01920336 3.859557 0.01686632 0.01304513 3.858447 0.01431494 0.006649315 3.858139 0 -0.00226897 3.855335 0.06754547 0.09229689 3.828369 0 0.1409503 3.757188 0.05150723 0.004350185 3.804036 0.07401305 0.0439648 3.813847 0 -0.02261233 3.794614 0.06109935 0.01941728 3.701612 0.1079605 0.06844872 3.719687 0 -0.01910442 3.67984 0.8235951 -0.15341 2.35098 0.8410074 -0.05951803 2.33496 0.2898615 0.1839404 0.2371967 -0.4295281 0.1910343 0.2524206 0.3671251 0.09855216 0.2542412 0.4295281 0.1910343 0.252421 0.3022046 0.2708708 0.2465205 -0.2873069 -0.2441916 0.001226127 -0.486517 -0.2090935 0.00105077 -0.4250491 0.2697485 0.002708435 -0.489224 0.03240972 0.00111413 -0.2794553 0.2572242 0.001115798 -0.3015146 0.03045016 0.001433908 -0.4754756 0.1803153 0.001156806 -0.2951567 0.1689119 0.001115798 -0.2652807 0.1689121 0.1376444 -0.4368632 0.181673 0.09955382 -0.2817584 0.02176058 0.1477079 -0.2970467 0.2943921 0.1426161 -0.4563935 0.03351289 0.1496503 -0.3834319 0.2660425 0.1265316 -0.287236 -0.2441551 0.04957962 -0.4902132 -0.2089774 0.04682672 -0.35966 -0.2706383 0.001313447 -0.359882 -0.2705693 0.05927097 -0.3651548 0.3031175 0.001730918 -0.3168749 0.2893801 0.001758337 -0.3344347 0.03080308 0.001235902 -0.3450246 -0.05822998 0.1216044 -0.3520774 -0.1482283 0.09275209 -0.4720345 -0.02944082 0.1084327 -0.5087638 -0.1188596 0.07710289 -0.2737222 -0.1323623 0.09099525 -0.2841671 -0.0527696 0.1181265 -0.3329751 0.01485872 0.1611356 -0.3556924 0.2910404 0.1357464 -0.3195981 0.2988184 0.1414306 -0.3491603 0.1726891 0.001115798 -0.3424516 -0.05076193 0.001181781 -0.3510559 -0.1607001 0.001247644 -0.5110226 -0.1187273 0.001134753 -0.4892148 -0.0291537 0.001035988 -0.2795337 -0.03154563 0.001190721 -0.258242 -0.1220467 0.001064956 0.2873069 -0.2441916 0.001226127 0.486517 -0.2090936 0.00105077 0.4250491 0.2697485 0.002708673 0.489224 0.03240972 0.00111413 0.2794553 0.2572242 0.001116037 0.3015146 0.03045016 0.001433908 0.4754756 0.1803153 0.001156806 0.2951567 0.1689119 0.001115918 0.2652807 0.1689119 0.1376447 0.4368632 0.181673 0.09955382 0.2817584 0.02176058 0.1477079 0.2970467 0.2943921 0.1426164 0.4563935 0.03351289 0.1496505 0.3834319 0.2660425 0.1265318 0.287236 -0.2441551 0.04957962 0.4902132 -0.2089774 0.04682672 0.35966 -0.2706383 0.001313447 0.359882 -0.2705694 0.05927097 0.3651548 0.3031175 0.001731157 0.3168749 0.2893801 0.001758575 0.3344347 0.03080308 0.001235902 0.3450246 -0.05822998 0.1216044 0.3520774 -0.1482283 0.09275209 0.4720345 -0.02944082 0.1084327 0.5087638 -0.1188596 0.07710289 0.2737222 -0.1323624 0.09099525 0.2841671 -0.0527696 0.1181265 0.3329751 0.01485872 0.1611357 0.3556924 0.2910403 0.1357467 0.3195981 0.2988184 0.1414309 0.3491603 0.1726893 0.001115918 0.3424516 -0.05076193 0.001181781 0.3510559 -0.1607001 0.001247644 0.5110226 -0.1187273 0.001134753 0.4892148 -0.0291537 0.001036047 0.2795337 -0.03154563 0.001190721 0.258242 -0.1220468 0.001064956 0.8445406 -0.2273932 2.345502 0.9244642 -0.2118413 2.344964 0.8037374 -0.1227304 2.403485 0.8189073 -0.1901612 2.413619 0.8262121 -0.04371678 2.368769 0.9396991 -0.1406109 2.345822 0.8800138 -0.1714293 2.421898 0.9207831 -0.06124132 2.325495 0.5418348 -0.01073437 2.74902 0.6576142 -0.08470952 2.678519 0.6358098 0.1137325 2.760665 0.733052 -0.04867392 2.792382 0.9258494 -0.1095691 2.394417 0.9075084 -0.04686534 2.359642 0.514102 0.02447938 2.894521 0.6068971 -0.04818707 2.784991 0.5796594 0.1452705 2.871945 0.6299542 -0.03480041 2.87314 0.7408505 0.07501441 2.861138 0.746648 0.1483734 2.787354 0.4426519 0.0263915 3.031728 0.3232105 0.07503795 3.284734 0.4440901 0.184413 3.045275 0.4751402 -0.07500064 3.037111 0.6357545 0.09912818 3.013955 0.6239014 0.144378 2.883998 0.5528285 -0.05768722 3.085469 0.6097787 0.1039863 3.099616 0.4413731 0.06420618 3.47618 0.425035 -0.05809724 3.443162 0.4751903 -0.05361068 3.276186 0.509568 0.06819397 3.357847 0.3279711 -0.1842412 3.22626 0.4187765 -0.07624179 3.392558 0.308417 -0.08736854 3.399008 0.322731 -0.07725679 3.330978 0.4117146 0.1942049 3.408361 0 -0.2768128 3.284523 0.02130883 -0.353674 3.261662 0.3156418 0.2451862 3.414319 0.1634153 -0.1999744 3.433968 0.3289238 0.2270478 3.352339 0.540987 0.1881309 3.119705 0.5747677 0.07394367 3.188985 0.4793961 0.1853187 3.303424 0.4180946 0.150839 3.454721 0.3545656 0.0757997 3.546758 0.07763975 0.002373754 3.58119 0.1348417 0.08144128 3.590306 0.09299349 0.12603 3.743652 0 0.1978681 3.656968 0.2643783 -0.1361647 3.446635 0.3276438 -0.1811206 3.367873 0.2888882 -0.04963171 3.503342 0 -0.3331908 3.038855 0.2661213 -0.1006016 3.117646 0.2814837 -0.1777635 3.167471 0.2074671 -0.284269 3.088151 0.3297429 0.06771028 3.142257 0.8410074 -0.05951803 2.33496 0.8445406 -0.2273932 2.345502 0.8235951 -0.15341 2.35098 0.9207831 -0.06124132 2.325495 0.9244642 -0.2118413 2.344964 0.9396991 -0.1406109 2.345822 0.8314318 -0.09487605 2.132544 0.7554278 -0.3232602 2.144067 0.7476906 -0.1943187 2.172377 0.8050808 -0.08102917 2.116722 0.7368586 -0.3141989 2.123882 0.7285463 -0.1776427 2.138789 0.8396548 -0.2713999 2.296724 0.9146785 -0.2819185 2.285969 0.8581174 -0.2929972 2.188765 0.9121672 -0.3005974 2.196361 0.7206355 -0.3292919 2.214581 0.7359529 -0.3425026 2.220325 0.7433319 -0.3102679 2.183883 0.7601082 -0.3299385 2.191812 0.2720596 0.1884734 3.177847 0 -0.04396671 3.583984 0 -0.151634 3.466974 0.1386678 -0.07270801 3.488278 0.295193 0.195882 3.529541 0.2897268 0.08647549 3.572983 0.01372349 0.01920336 3.859557 0.01431494 0.006649315 3.858139 0.01686632 0.01304513 3.858447 0.1041818 0.1725023 3.643257 0 0.2189117 3.610649 0.1791401 0.2119024 3.563259 0 -0.3419005 2.720137 0.2087045 -0.2742899 2.909994 0.3055341 -0.09952062 2.811242 0.2036662 0.06279599 2.758718 0 0.1313037 2.750721 0 0.223246 3.116452 0 0.2985799 3.398196 0.2212099 0.2726733 3.370783 0.2002696 -0.2543326 2.700221 0.3148964 -0.1061773 2.636364 0 0.1580012 2.574745 0.2480176 0.1047113 2.558635 -0.3671251 0.09855222 0.2542409 -0.3769287 -0.09726858 2.485235 0.3769287 -0.09726858 2.485235 0.2977091 0.1504456 2.426875 -0.342462 -0.2319241 2.23229 -0.3022046 0.2708708 0.2465202 -0.3713247 0.2801859 0.2548793 -0.4123022 0.09708619 0.2601089 -0.211333 0.3746261 0.9632484 -0.3476261 0.387831 0.9926718 -0.3086901 0.2815088 1.232547 -0.2898615 0.1839404 0.2371963 -0.2934663 0.04996103 0.8263917 -0.3860035 0.03703719 0.8435536 -0.4295281 0.1910343 0.2524206 -0.2921426 0.2372115 1.325696 -0.1960206 0.2701906 1.206779 -0.1894351 0.2014217 0.8870944 -0.1772612 0.1383422 1.13052 -0.4576401 0.2051059 0.9346044 -0.4009845 0.1417688 1.171775 -0.1847365 0.2240682 1.310582 -0.1578454 0.2049547 1.393769 -0.2725123 0.02573961 1.078651 -0.2432804 -0.05773711 1.228287 -0.3433935 0.02140533 1.120071 -0.3515627 -0.04429727 1.230853 -0.2959721 0.2080584 1.406898 -0.1228113 0.1953839 1.796328 -0.3294987 0.1906838 1.795377 -0.156108 0.0720281 1.262362 -0.1177281 0.04353564 1.379502 -0.3822188 0.07720476 1.286098 -0.3692001 0.0502364 1.403781 -0.4460311 -0.0838862 2.260959 -0.07286757 0.2139409 2.016858 -0.04937636 -0.05978721 2.041135 -0.3423596 0.1608641 2.030871 -0.3424156 0.1601936 2.227429 -0.08136749 0.2192901 2.068938 -0.2046391 -0.1115462 1.370801 -0.3176549 -0.07894867 1.379744 -0.4343144 -0.04058814 1.796802 -0.1624885 -0.2259788 1.799614 -0.8410072 -0.05951803 2.33496 -0.8445405 -0.2273932 2.345502 -0.8235949 -0.15341 2.35098 -0.9207829 -0.06124138 2.325495 -0.9244641 -0.2118414 2.344964 -0.9396989 -0.1406109 2.345822 0.8258381 -0.1927391 2.041663 0.8150665 -0.3125336 2.078999 0.7915612 -0.3061217 2.114785 0.798943 -0.1881974 2.097849 0.8618885 -0.09022355 2.057442 0.8540864 -0.091407 2.098677 -0.8314317 -0.09487605 2.132543 -0.7554277 -0.3232603 2.144067 -0.7476904 -0.1943187 2.172376 -0.8050808 -0.08102917 2.116722 -0.7368585 -0.3141989 2.123881 -0.7285462 -0.1776427 2.138789 -0.8396546 -0.2713999 2.296724 -0.9146783 -0.2819185 2.285969 -0.8581172 -0.2929972 2.188765 -0.912167 -0.3005973 2.196361 -0.7206354 -0.3292918 2.214581 -0.7359528 -0.3425026 2.220325 -0.7433317 -0.3102679 2.183883 -0.7601081 -0.3299384 2.191812 -0.06949943 -0.05028587 1.79881 -0.3591722 -0.189254 1.796565 -0.4544639 -0.0702629 2.041822 -0.3621566 -0.2229532 2.0372 -0.2729165 -0.242573 2.431617 -0.02846252 -0.2511881 2.030106 -0.01372349 0.01920336 3.859557 -0.01431494 0.006649315 3.858139 -0.01686632 0.01304513 3.858447 -0.04569286 0.2667112 2.126681 -0.2977091 0.1504456 2.426875 0.342462 -0.2319241 2.23229 0.4460311 -0.0838862 2.260959 0.3713247 0.2801859 0.2548797 0.3022046 0.2708708 0.2465205 0.4123022 0.09708613 0.2601093 0.3476261 0.387831 0.9926722 0.211333 0.3746261 0.9632487 0.2898615 0.1839404 0.2371967 0.3671251 0.09855216 0.2542412 0.4295281 0.1910343 0.252421 0.3860035 0.03703713 0.843554 0.3086901 0.2815087 1.232547 0.1772612 0.1383422 1.13052 0.1960206 0.2701906 1.206779 0 0.02425175 3.861514 0 -0.00226897 3.855335 0.9135922 -0.09621649 2.128433 0.8981603 -0.09629738 2.130611 0.8740044 -0.294132 2.144904 0.8631854 -0.2967095 2.153548 0.8727307 -0.3039825 2.143643 0.8747361 -0.1888148 2.142424 0.889153 -0.1890913 2.152009 0.9240069 -0.09799927 2.079013 0.9544925 -0.09715831 2.123807 0.9284484 -0.3055276 2.164276 0.8985023 -0.3096656 2.108389 0.9361861 -0.2984736 2.164643 0.9183956 -0.2019191 2.073617 0.9678029 -0.1954751 2.146387 -0.8981602 -0.09629738 2.130611 -0.9135923 -0.09621649 2.128434 -0.8631855 -0.2967095 2.153548 -0.8740042 -0.2941319 2.144904 -0.8727305 -0.3039824 2.143643 -0.8891531 -0.1890913 2.152009 -0.8747359 -0.1888148 2.142424 -0.9544923 -0.09715831 2.123807 -0.9240071 -0.09799927 2.079013 -0.8985024 -0.3096656 2.10839 -0.9284483 -0.3055275 2.164276 -0.936186 -0.2984736 2.164643 -0.9678027 -0.195475 2.146387 -0.9183958 -0.2019191 2.073617 -0.7989431 -0.1881974 2.097849 -0.8540865 -0.09140694 2.098677 -0.8618886 -0.09022349 2.057442 -0.8150666 -0.3125336 2.078999 -0.7915613 -0.3061217 2.114785 -0.8258382 -0.1927391 2.041663 0.1894351 0.2014217 0.8870947 0.2934663 0.04996097 0.8263921 0.4576401 0.2051059 0.9346048 0.2921426 0.2372115 1.325696 0.1847365 0.2240682 1.310582 0.3515627 -0.04429727 1.230853 0.2725123 0.02573961 1.078651 0.3433935 0.02140527 1.120071 0.4009845 0.1417688 1.171775 0.3294987 0.1906837 1.795377 0.1177281 0.04353564 1.379502 0.2959721 0.2080584 1.406898 0.1578454 0.2049546 1.393769 0.1228113 0.1953839 1.796328 0.156108 0.07202804 1.262362 0.2432804 -0.05773711 1.228287 0.3822187 0.0772047 1.286098 0.3424156 0.1601936 2.227429 0.3423596 0.1608641 2.030871 0.08136749 0.2192901 2.068938 0.07286757 0.2139409 2.016858 0.3621566 -0.2229532 2.0372 0.2046391 -0.1115462 1.370801 0.1624885 -0.2259788 1.799614 0.3176549 -0.07894867 1.379744 0.3692001 0.05023634 1.403781 0.06949943 -0.05028587 1.79881 0 -0.2587313 2.040665 0.3591722 -0.189254 1.796565 0.4544639 -0.0702629 2.041822 0.4343144 -0.04058814 1.796802 0.02846252 -0.2511881 2.030106 0 -0.2955475 2.420562 0.2729165 -0.242573 2.431617 0 -0.06355285 2.051138 0.04937636 -0.05978721 2.041135 0.04569286 0.2667112 2.126681 0 0.271124 2.137008 0 0.254143 2.408637 0.4295281 0.1910343 0.252421 0.3671251 0.09855216 0.2542412 0.2898615 0.1839404 0.2371967 0.4123022 0.09708613 0.2601093 0.3022046 0.2708708 0.2465205 0.3713247 0.2801859 0.2548797 -0.4295281 0.1910343 0.2524206 -0.2898615 0.1839404 0.2371963 -0.4123022 0.09708619 0.2601089 -0.3713247 0.2801859 0.2548793 -0.3022046 0.2708708 0.2465202 -0.3671251 0.09855222 0.2542409 0.9207831 -0.06124132 2.325495 0.9396991 -0.1406109 2.345822 0.9244642 -0.2118413 2.344964 0.8445406 -0.2273932 2.345502 0.8410074 -0.05951803 2.33496 0.8235951 -0.15341 2.35098 0 -0.00226897 3.855335 0.01431494 0.006649315 3.858139 0.01686632 0.01304513 3.858447 0.01372349 0.01920336 3.859557 -0.9207829 -0.06124138 2.325495 -0.9396989 -0.1406109 2.345822 -0.8445405 -0.2273932 2.345502 -0.8410072 -0.05951803 2.33496 -0.8235949 -0.15341 2.35098 -0.9244641 -0.2118414 2.344964 -0.01431494 0.006649315 3.858139 -0.01372349 0.01920336 3.859557 -0.01686632 0.01304513 3.858447 0 0.02425175 3.861514 -0.05150723 0.004350185 3.804036 -0.01431494 0.006649315 3.858139 -0.01372349 0.01920336 3.859557 -0.01686632 0.01304513 3.858447 -0.3025403 -0.3268781 3.274286 -0.2863212 -0.3265591 3.185209 0.08637326 -0.4055637 3.166804 0.02583229 -0.3612453 3.146706 -0.02130883 -0.353674 3.261662 -0.08637326 -0.4055637 3.166804 -0.0999751 -0.3901766 3.290666 0.2829176 -0.2741558 3.3691 0.2156771 -0.3003536 3.093055 0.2841371 -0.2316288 3.125467 0.3025403 -0.3268781 3.274286 -0.2829176 -0.2741558 3.3691 0.2863212 -0.3265591 3.185209 -0.2814837 -0.1777635 3.167471 -0.2841371 -0.2316288 3.125467 -0.2156771 -0.3003536 3.093055 -0.02583229 -0.3612453 3.146706 0.2156296 -0.3862892 3.155006 0.2086706 -0.4003739 3.287242 0.1058896 -0.3362464 3.370651 0.0999751 -0.3901766 3.290666 -0.2086706 -0.4003739 3.287242 -0.2156296 -0.3862892 3.155006 -0.1058896 -0.3362464 3.370651 -0.1987959 -0.318013 3.378901 0.05511236 -0.2577491 3.411324 0.1987959 -0.318013 3.378901 0 0.02425175 3.861514</float_array>
          <technique_common>
            <accessor source="#Cube_033-mesh-positions-array" count="513" stride="3">
              <param name="X" type="float"/>
              <param name="Y" type="float"/>
              <param name="Z" type="float"/>
            </accessor>
          </technique_common>
        </source>
        <source id="Cube_033-mesh-normals">
          <float_array id="Cube_033-mesh-normals-array" count="1422">-0.4335255 0.4258774 0.7941563 -0.5451089 -0.04813688 0.8369822 -0.9446626 -0.01097738 0.3278596 0.2969417 -0.950728 0.08911758 0.3576704 -0.9318096 0.06166809 0.909218 -0.2162512 -0.3557503 0.4360302 0.7665145 -0.4715224 -0.499448 0.8661215 0.01963526 -0.1598173 0.987118 -0.00752604 -0.4799373 -0.7183005 0.5036911 -0.5323967 -0.6594759 0.5307027 -0.5658392 0.8123022 -0.1413904 0.4373827 -0.8616473 -0.2574114 0.8929186 -0.05217021 -0.4471853 0.5658397 0.7242371 -0.3940889 0.3801628 0.8339798 -0.3999427 -0.4667683 -0.8255422 0.3171867 -0.8397637 -0.0375384 0.5416532 -0.3210713 -0.03509807 -0.9464045 0.8937407 -0.136737 -0.427236 -0.4543128 0.8810311 0.1318491 -0.6120535 0.7552555 0.2344774 -0.5808678 -0.7872082 0.2071132 -0.6066957 -0.7714764 0.1916884 -0.9215818 0.1775065 0.3452224 -0.4893667 -0.03502219 0.8713746 -0.7639828 0.04247522 0.6438371 -0.5711554 -0.6626704 0.4844063 -0.3478335 0.9200271 0.1804493 -0.5676781 0.736687 0.3674696 -0.7635757 0.4633876 0.4496933 -0.9329724 -0.0113883 0.3597678 -0.9297013 0.1683798 0.3275724 -0.9108119 -3.96689e-5 0.4128217 -0.3147372 0.9220365 -0.2253645 -0.2974556 0.6808627 0.6692879 0 0.9064194 0.4223788 0 0.9978984 0.06479799 -0.2495799 -0.08057308 0.9649963 -0.226641 -0.5505183 0.8034697 -0.2063525 0.9782539 -0.02092933 -0.3868774 0.6495341 0.6545468 -0.1467215 -0.5020602 0.8522961 -0.5673642 -0.6471209 0.509247 -0.6274064 -0.3166902 0.711385 -0.612981 0.5774002 0.5393174 -0.7121084 0.5678234 0.41289 -5.7411e-7 0.8932642 0.4495323 -1.55683e-7 0.8974909 0.4410331 -4.07894e-7 -0.5828648 0.8125692 -0.07680797 -0.4140951 0.9069873 -0.9966948 -0.07045674 -0.04044115 -0.6563675 -0.7543815 -0.009504616 -0.9537722 -0.2757157 -0.1195809 -0.9794929 0.1167373 -0.1642138 -0.5460858 -0.4946666 -0.6760882 0 -0.9995941 -0.02848935 0 0.934025 0.3572077 -0.5933642 0.7010521 0.3955312 -0.6310976 0.7750787 -0.03112983 -0.966062 -0.1041244 0.2363947 -0.6268637 0.7145501 0.3105803 -0.9297208 -0.1379638 0.3414461 -4.54896e-7 -0.8360733 0.5486177 -0.5999451 -0.7997984 -0.01971065 0 -0.995821 -0.09132641 0 0.9538282 -0.3003529 0 0.9989904 -0.04492717 -0.4932689 -0.8637455 0.1031003 0 -0.9968805 -0.07892584 0 0.9617077 0.2740774 -1.19974e-6 0.6935115 0.7204456 -1.15234e-5 0.306026 0.9520233 0.4117989 0.1797879 0.8933633 0.6665971 -0.7188419 0.1972682 0.8528877 -0.2949001 0.4308326 0.7034667 -0.1719741 0.6896082 0.6089249 0.4166375 0.6749991 0 -0.9941776 0.1077547 0.6129931 -0.665951 0.4251458 0.6404738 -0.7641561 0.07654368 0.9367894 -0.2887954 0.1975423 0.712108 0.5678237 0.4128904 0.6274064 -0.3166907 0.7113848 0.6129814 0.5774 0.5393173 0.567364 -0.6471212 0.5092468 3.13405e-7 -0.9916266 0.1291386 -0.9090214 -0.07424902 -0.410082 -0.5697524 0.6171944 -0.5426355 -0.5372003 0.6694077 0.5131366 -0.5263043 -0.8357127 0.1568061 -0.8318737 -0.1069688 0.5445585 0.565841 0.8123018 -0.1413854 0.4335228 0.4258777 0.7941576 0.5323966 -0.6594765 0.530702 -0.1364331 -0.4035816 0.9047143 -0.436028 0.7665154 -0.4715227 -0.3576709 -0.9318094 0.06166756 -0.9092176 -0.216251 -0.3557512 0.4994503 0.8661199 0.01963788 0.2513304 -0.2529241 0.9342711 0.5450662 -0.04813182 0.8370103 0.9446623 -0.01097464 0.3278608 -0.2969413 -0.9507282 0.08911728 -0.8929185 -0.05217117 -0.4471856 0.1598177 0.987118 -0.007525205 0.4799365 -0.7183004 0.5036919 0.8397624 -0.03753966 0.5416548 -0.4373824 -0.8616474 -0.2574111 -0.893741 -0.1367378 -0.4272352 -0.56584 0.7242364 -0.3940899 0.4543135 0.8810308 0.1318493 0.4667686 -0.825542 0.317187 0.3210706 -0.03510099 -0.9464046 0.3147375 0.9220364 -0.2253646 0.6120527 0.7552559 0.234478 0.5808684 -0.7872076 0.2071142 0.6948138 -0.6982097 -0.1724445 0.6066966 -0.7714759 0.1916881 0.9215819 0.1775074 0.3452218 0.9297024 0.1683791 0.3275698 0.4893666 -0.03502237 0.8713747 0.2266407 -0.5505185 0.8034695 0.5711545 -0.6626709 0.4844067 0.3478338 0.920027 0.18045 0.3868777 0.6495338 0.6545468 0.7635764 0.4633874 0.4496924 0.9329721 -0.01138842 0.3597686 0.7639833 0.04247522 0.6438364 0.9108117 -3.88669e-5 0.4128221 0.5676797 0.7366878 0.3674656 0.4487892 -0.8848314 0.1251475 0.2974557 0.6808627 0.6692878 0.2063525 0.9782539 -0.02092927 0.2495805 -0.08057326 0.9649962 0.1467212 -0.5020603 0.8522961 0.9537721 -0.2757158 -0.1195812 0.5460858 -0.4946669 -0.6760881 0.6563675 -0.7543815 -0.009504616 0.9966948 -0.07045668 -0.04044115 0.9794927 0.1167374 -0.1642142 0 -0.9545764 -0.2979663 0.6310976 0.7750787 -0.03112983 0.5933641 0.7010523 0.3955312 0.966062 -0.1041244 0.2363947 0.9297208 -0.1379638 0.3414461 0.5999451 -0.7997984 -0.01971065 0.535216 0.7665197 -0.3549531 0.493269 -0.8637455 0.1031003 0.6268636 0.7145501 0.3105804 -0.4214059 -0.8114809 -0.4048653 0.3245841 -0.3743751 -0.868613 -0.3245842 -0.3743749 -0.868613 0.4214064 -0.8114806 -0.4048653 0.7366317 -0.6286332 0.2493879 0 -0.8551213 0.518428 -0.7366316 -0.6286332 0.2493879 -0.3137891 -0.5649818 0.7631068 0.3728441 -0.7933994 -0.4811496 0.8112682 -0.4749702 -0.3409507 -0.3728435 -0.7933995 -0.4811496 -0.8112682 -0.4749704 -0.3409504 0.2264057 -0.8986041 -0.3758339 -0.2264048 -0.8986043 -0.375834 0.5975079 -0.4853857 0.6382673 0.3676486 -0.5258943 0.7669874 0.2058384 -0.5797119 0.7883938 -0.367652 -0.5258936 0.7669864 -0.2058381 -0.5797119 0.7883938 0.07680767 -0.4140951 0.9069873 -0.2172682 -0.6702285 0.7096397 0.3002179 -0.9057396 0.2991744 -0.3002178 -0.9057396 0.2991744 0.2172682 -0.6702285 0.7096396 0.8257238 -0.5340571 0.1815577 0.9430782 0.1578313 -0.2927337 -0.9349645 -0.1350183 0.3280419 -0.8257235 -0.5340569 0.1815596 -0.9430782 0.1578314 -0.2927334 0.8318774 -0.5406977 0.1250051 0.934964 -0.1350186 0.3280434 -0.8318773 -0.5406978 0.125005 -0.2836484 -0.8849915 0.369234 -0.5975083 -0.4853857 0.638267 -0.3801615 0.8339802 -0.399943 -0.6948152 -0.6982082 -0.1724449 -0.8206956 0.2169868 -0.5285598 0.8206954 0.2169866 -0.5285602 -0.5352166 0.7665193 -0.3549528 -0.4487896 -0.8848313 0.1251464 -0.587775 0.2105488 -0.7811465 0.5877745 0.2105485 -0.781147 0.2836484 -0.8849915 0.3692339 0.3137891 -0.5649818 0.7631068 -0.7253766 -0.1290928 0.6761389 -0.02973985 -0.3046009 0.9520156 -0.04266589 -0.3872742 0.9209768 0.5887242 -0.524833 -0.6147798 -2.27439e-4 -4.99238e-4 -1 0.800258 0.02721953 -0.5990378 0.6562573 -0.6028612 0.4537452 0.71514 -0.1944687 0.6713842 1.02172e-4 1.79789e-4 -1 0.7297362 0.1994965 -0.6539773 0.7554774 -0.1919974 0.6264112 -0.714928 0.1083062 -0.6907589 -0.786886 -0.1176626 0.605777 -0.9256317 0.3051071 0.2238651 -0.786782 0.07654154 -0.6124667 -0.7798464 -0.2367107 0.5794893 -0.760621 0.004288136 -0.6491822 -0.6768572 -0.5890012 0.4415221 0.6271969 0.04072999 -0.777795 0.9905121 -0.02916038 0.1342959 0.8432577 -0.2652877 0.4674814 -0.03554767 -0.7765671 -0.6290309 -0.03121918 -0.822073 0.5685256 0.7079796 0.2750269 -0.6504807 0.6653491 0.7395893 0.1015794 0.6161782 -0.1453439 0.7740798 0.4092168 0.4317783 0.8038093 0.2488974 -0.3360377 0.908366 -0.6187226 0.5722821 -0.5382152 -0.7595899 0.6427745 0.09931832 -0.6679673 0.1398373 0.7309345 -0.2813027 0.5485817 0.7873544 -0.3792753 -0.2667123 0.8860107 -0.1256785 0.8044525 -0.5805697 -0.3964043 0.9156406 0.06682801 -0.001926541 0.003112018 -0.9999934 0.3084871 0.6711266 -0.6741105 -0.8146274 0.2441502 -0.5260921 0.002460539 3.09873e-4 -0.999997 0.6074505 -0.06757187 -0.7914784 -0.03149873 0.9940212 0.1045454 0.08197444 -0.5983569 0.7970253 -0.5795179 -0.4946396 -0.6476811 0.7253768 -0.1290932 0.6761386 0.02973997 -0.3046009 0.9520157 0.7868861 -0.1176627 0.605777 0.6768573 -0.5890009 0.4415227 2.2744e-4 -4.99238e-4 -1 0.579518 -0.4946404 -0.6476804 0.03554749 -0.7765667 -0.6290316 -1.02049e-4 1.79861e-4 -1 -0.8002579 0.02721935 -0.599038 -0.7297363 0.1994962 -0.6539773 0.04266589 -0.3872747 0.9209767 -0.7151398 -0.1944688 0.6713844 -0.7554775 -0.1919976 0.626411 0.7149282 0.1083065 -0.6907585 0.7606209 0.004288315 -0.6491822 0.9256318 0.305107 0.2238651 0.786782 0.0765416 -0.6124669 0.814627 0.2441506 -0.5260925 -0.6562576 -0.6028611 0.4537451 0.031219 -0.8220738 0.5685245 -0.9905121 -0.02916067 0.134296 -0.6271969 0.04073011 -0.777795 -0.8432583 -0.265288 0.4674804 0.3792658 -0.2667062 0.8860166 -0.08197504 -0.598358 0.7970244 0.7798467 -0.2367112 0.5794886 -0.7079799 0.2750273 -0.6504803 -0.6074506 -0.0675714 -0.7914784 -0.6161781 -0.1453437 0.77408 -0.6653491 0.7395893 0.1015793 -0.2489206 -0.3360686 0.9083483 0.6187226 0.5722826 -0.5382147 0.7595895 0.6427751 0.09931826 0.6679295 0.139829 0.7309706 0.2813025 0.5485818 0.7873545 0.1256783 0.8044529 -0.5805692 0.3964043 0.9156407 0.06682789 0.001926362 0.003112792 -0.9999934 -0.3084871 0.6711272 -0.6741099 -0.002460479 3.10036e-4 -0.999997 0.03149992 0.9940211 0.1045455 -0.4092169 0.4317786 0.8038089 -0.5887241 -0.524833 -0.6147798 -0.4118056 0.1797871 0.8933604 -0.6089257 0.4166373 0.6749986 -0.6665971 -0.7188419 0.1972682 -0.7034667 -0.1719741 0.6896082 -0.8528877 -0.2949001 0.4308325 -0.6129931 -0.665951 0.4251457 -0.6404734 -0.7641564 0.07654398 -0.9367893 -0.2887955 0.1975424 0.9090213 -0.07425087 -0.4100818 0.5371607 0.6693534 0.5132489 0.5697519 0.6171928 -0.542638 0.5262995 -0.8357152 0.1568086 0.8319298 -0.1069785 0.5444709 0.1364426 -0.4036101 0.9047001 0.461801 -0.2645871 0.8466011 0.9725998 -0.1241434 -0.1965659 0.6219996 0.02073454 0.782743 0.8352466 -0.5469629 -0.05652165 0.5359302 -0.7100409 0.4567502 0.190989 -0.9740504 0.1214457 0.7293087 0.6288756 -0.2694889 0.3804521 0.5533742 0.7409678 -0.2482706 -0.01672631 -0.9685463 -0.4743887 0.8747223 0.09907758 -0.03374242 0.6935713 -0.7195973 0.2965958 -0.06586241 0.9527294 0.4907367 0.3349887 0.8043383 -0.145649 0.08153724 0.9859706 0.2359219 -0.7414401 0.6281779 -0.7871676 -0.5584299 -0.2617695 -0.1508241 -0.7650515 -0.6260578 0.1754333 0.8527514 0.4919737 -0.01841592 -0.8267028 0.5623374 -0.9401784 0.339255 -0.03115421 -0.5625319 -0.02227187 0.8264756 -0.619571 -0.7717758 -0.1431571 -0.6203342 0.1683021 -0.7660678 -0.4478083 0.5223999 -0.7256487 -0.4709768 0.4323297 0.7689422 -0.9998328 0.01808857 -0.002693951 -0.7914147 -0.2725961 0.5471327 -0.4664283 -0.3008613 0.8318216 -0.4371333 -0.05124795 -0.8979356 -0.005553781 -0.7265711 -0.6870689 -0.3976053 -0.8861914 0.2378547 -0.5421807 0.5267105 -0.6546879 0 -0.9481995 0.3176757 0.4743883 0.8747214 0.09908753 0.2482696 -0.01672655 -0.9685466 0.03374272 0.6935716 -0.7195971 -0.5359292 -0.7100419 0.4567499 -0.8352452 -0.5469653 -0.05651998 -0.1909884 -0.9740506 0.1214457 0.9401789 0.3392544 -0.03114825 0.1508201 -0.7650516 -0.6260586 -0.9726005 -0.1241417 -0.1965635 -0.4618255 -0.2646017 0.8465833 -0.6219998 0.02073466 0.7827429 -0.235916 -0.7414404 0.6281798 0.145652 0.08153486 0.9859704 -0.2965925 -0.06585913 0.9527305 0.4371382 -0.05124676 -0.8979332 0.4709766 0.4323292 0.7689425 0.7292965 -0.03307145 0.6833981 0.7871631 -0.5584325 -0.2617776 -0.1754267 0.8527516 0.4919759 0.01842528 -0.8266941 0.56235 -0.4907343 0.3349843 0.8043417 0.6203349 0.1682982 -0.7660681 0.6196053 -0.7717421 -0.1431903 0.562526 -0.02227342 0.8264796 0.4664687 -0.300887 0.8317897 -0.4213046 -0.9039881 0.07285535 0.4477894 0.5223919 -0.7256662 -0.3804527 0.5533739 0.7409678 0.9998327 0.01809227 -0.002691686 0.7914149 -0.2725905 0.5471354 0.5945527 -0.1723398 -0.7853701 0.5089512 0.6132835 -0.6040299 -0.729309 0.6288763 -0.2694866 0.005553364 -0.7265712 -0.6870688 0.3976063 -0.8861908 0.2378554 -0.001914978 -0.4769585 0.8789238 0.4213092 -0.9039862 0.07285195 0.3900379 -0.8101572 -0.4376254 0.6189513 0.7315721 0.2858351 -0.06394946 0.9127013 0.4035926 -0.7292966 -0.03307026 0.6833981 0.001910626 -0.4769563 0.8789249 -0.3900374 -0.8101605 -0.4376196 -0.618914 0.7316167 0.2858013 0.06392204 0.9125012 0.404049 -0.5089528 0.6132828 -0.6040293 -0.5945547 -0.1723406 -0.7853683 -0.9817122 -0.1085352 0.1564007 -0.5130853 -0.8565638 0.05515629 -0.6656196 0.7415692 0.08381867 -0.02417302 0.8846012 -0.4657216 -0.4507852 0.8659915 -0.2164523 0.5130852 -0.8565637 0.05515629 0.9817122 -0.1085352 0.1564007 0.02417308 0.8846012 -0.4657215 0.6656196 0.7415693 0.08381867 -0.6173414 0.7866857 0.00390768 -0.5490252 0.8351318 0.03356206 -0.993349 -0.02135097 -0.1131462 0.9726211 -0.1061417 -0.2067421 0.5853609 0.8074204 -0.07365441 0.5724328 0.7811635 -0.2492074 -0.9980438 -0.06063133 -0.01525235 -0.5425903 -0.8390181 -0.04055315 -0.3162654 0.643806 0.6967711 -0.6633032 0.1236618 0.7380627 -0.9928247 0.07316392 0.09458363 0.9782372 -0.1690577 -0.1202982 0.6765251 -0.2058815 0.7070549 0.5179786 0.4872348 0.7030651 0.6528347 0.7568524 0.03132659 -0.421161 -0.4922016 0.7618143 0.3075595 -0.6679627 0.6776673 0.5288659 -0.8395475 -0.1243416 -0.4257281 0.8864341 0.1816316 -0.9783114 0.01899194 0.2062674 0.9693747 -0.1834527 -0.1632723 0.7151674 0.6608949 0.2274941 -0.5154933 -0.855742 -0.04440909 0.4491592 -0.8490189 -0.2782499 -0.4026163 0.8344384 0.3763146 -0.4060171 0.8021784 0.4377898 0.677889 0.7266895 0.1113055 -0.6226837 -0.758444 -0.1924263 0.3595601 -0.8235846 -0.4386626 -0.5233776 0.8437029 0.1193374 -0.9924628 0.01737338 0.1213085 0.942794 -0.1461834 -0.2996165 0.6627832 0.7472678 -0.04805612 -0.6434541 -0.740471 -0.1940866 -0.6682155 -0.7054775 -0.236198 -0.9989383 0.03696316 -0.02749621 0.9651265 -0.1113417 -0.236926 -0.5868209 -0.7870998 -0.1900399 0.3769534 -0.8588342 -0.3468573 0.3166379 -0.799639 -0.5102137 0.7667657 0.1573585 -0.6223413 4.64337e-7 0.1626713 -0.9866803 6.63303e-7 -0.7838075 -0.6210039 0 0.8623736 -0.5062724 0.6173415 0.7866857 0.00390762 0.9980438 -0.06063133 -0.01525235 0.993349 -0.02135097 -0.1131462 -0.9726211 -0.1061418 -0.2067422 -0.7667654 0.1573585 -0.6223416 -0.5724328 0.7811636 -0.2492074 0.5425904 -0.839018 -0.04055315 0.5490254 0.8351316 0.03356194 -0.5853608 0.8074204 -0.07365447 0.9928247 0.07316392 0.09458386 0.6633435 0.1236695 0.7380253 0.3162465 0.6437677 0.6968151 -0.9782372 -0.1690576 -0.1202983 -0.6528348 0.7568523 0.03132665 -0.5179782 0.4872345 0.7030656 0.4257278 0.8864343 0.1816321 -0.5288659 -0.8395476 -0.1243417 -0.3075346 -0.6679077 0.6777328 0.4211814 -0.4922258 0.7617875 0.9783113 0.01899182 0.2062678 -0.9693748 -0.1834525 -0.1632724 -0.7151672 0.6608951 0.2274943 0.4060176 0.8021783 0.4377898 -0.4491594 -0.8490188 -0.27825 0.5154934 -0.855742 -0.04440909 -0.6765688 -0.2058945 0.7070093 0.4026163 0.8344385 0.3763145 0.9924628 0.01737326 0.1213085 -0.6778892 0.7266893 0.1113059 -0.3595603 -0.8235847 -0.4386625 0.6226835 -0.7584441 -0.1924262 0.5233774 0.843703 0.1193375 0.9989383 0.03696298 -0.02749663 -0.6627836 0.7472674 -0.04805588 -0.942794 -0.1461835 -0.2996163 0.643454 -0.7404711 -0.1940867 -0.3769535 -0.8588342 -0.3468573 0.6682156 -0.7054776 -0.2361978 -0.9651266 -0.1113416 -0.236926 0.5868209 -0.7870998 -0.1900399 -0.3402277 -0.8940809 -0.2913153 0.4507853 0.8659914 -0.2164521 -0.3166368 -0.7996391 -0.5102143 0.3402279 -0.8940809 -0.2913151 0 0 1 0.5421832 0.5267079 -0.654688 -0.2513288 -0.2529225 0.9342719</float_array>
          <technique_common>
            <accessor source="#Cube_033-mesh-normals-array" count="474" stride="3">
              <param name="X" type="float"/>
              <param name="Y" type="float"/>
              <param name="Z" type="float"/>
            </accessor>
          </technique_common>
        </source>
        <source id="Cube_033-mesh-map-0">
          <float_array id="Cube_033-mesh-map-0-array" count="6096">0.912992 0.5259838 0.8859683 0.5259838 0.8825575 0.5801007 0.822605 0.7168359 0.8236899 0.6796321 0.8005954 0.7110867 0.9170544 0.7044125 0.8908464 0.7014613 0.8970707 0.7405109 0.8471454 0.7026243 0.8236899 0.6796321 0.822605 0.7168359 0.8825575 0.5801007 0.8482944 0.5801007 0.8471454 0.7026243 0.8908464 0.7014613 0.9062017 0.5801007 0.8825575 0.5801007 0.8196159 0.7885334 0.822605 0.7168359 0.8026103 0.7480691 0.9169721 0.7988271 0.9083179 0.7365924 0.8970707 0.7405109 0.8395662 0.7365672 0.822605 0.7168359 0.8196159 0.7885334 0.8716027 0.7226648 0.8471454 0.7026243 0.8395662 0.7365672 0.9382049 0.849289 0.9402117 0.7934257 0.9169721 0.7988271 0.8196159 0.7885334 0.7950428 0.7888033 0.7899802 0.8506082 0.9169721 0.7988271 0.8945959 0.806041 0.8906114 0.84556 0.8422203 0.8392828 0.838916 0.7935903 0.8196159 0.7885334 0.8741672 0.7690093 0.8395662 0.7365672 0.838916 0.7935903 0.8945959 0.806041 0.8970707 0.7405109 0.8741672 0.7690093 0.8710104 0.9290014 0.8688722 0.8985534 0.8484804 0.8922544 0.9075106 0.8923093 0.8914907 0.8741196 0.884283 0.8953434 0.8683376 0.814025 0.8747915 0.7919343 0.838916 0.7935903 0.8914907 0.8741196 0.8682045 0.8561145 0.8688722 0.8985534 0.8682045 0.8561145 0.8683376 0.814025 0.8422203 0.8392828 0.9084562 0.8680452 0.8906114 0.84556 0.8914907 0.8741196 0.3911851 0.2956821 0.3371747 0.3028877 0.3371747 0.249279 0.6974434 0.3036156 0.6669751 0.2970241 0.6978372 0.2861112 0.4089297 0.2405899 0.4437745 0.2436793 0.4584171 0.2831574 0.8945959 0.806041 0.8747915 0.7919343 0.8683376 0.814025 0.884283 0.8953434 0.8688722 0.8985534 0.8710104 0.9290014 0.7859254 0.3468322 0.8069031 0.3639147 0.7872411 0.3655911 0.3935074 0.3475429 0.3700376 0.3209689 0.3911851 0.2956821 0.3643489 0.3421556 0.3433106 0.3430334 0.3402843 0.3218126 0.8335902 0.2769701 0.7684282 0.282325 0.7567989 0.2686741 0.6900155 0.1121511 0.7355171 0.1369725 0.708536 0.1891661 0.708536 0.1891661 0.6786392 0.1953521 0.6900155 0.1121511 0.7360981 0.1817525 0.7355171 0.1369725 0.8335902 0.1693619 0.3371747 0.0485537 0.4028903 0.05029976 0.3965516 0.1068783 0.3965516 0.1068783 0.4554903 0.1250411 0.4554903 0.1815246 0.3965516 0.1068783 0.4028903 0.05029976 0.4554903 0.07129049 0.4028903 0.05029976 0.3992347 0.01215302 0.4554903 0.02978724 0.8335903 0.3644284 0.8069031 0.3639147 0.7859254 0.3468322 0.4584171 0.2831574 0.4692853 0.3226218 0.4194342 0.3321744 0.3700376 0.3209689 0.3402843 0.3218126 0.3371747 0.3028877 0.7355171 0.1369725 0.7394807 0.08424568 0.8335902 0.08925145 0.6900155 0.1121511 0.6856157 0.06819534 0.7394807 0.08424568 0.3371747 0.1782298 0.3371747 0.1038364 0.3965516 0.1068783 0.4089297 0.2405899 0.3371747 0.249279 0.3371747 0.1782298 0.7394807 0.08424568 0.7053435 0.01673179 0.8335902 0.01395314 0.6856157 0.06819534 0.6564662 0.03020858 0.7053435 0.01673179 0.3371747 0.007288634 0.3992347 0.01215302 0.4028903 0.05029976 0.3307504 0.3556472 0.3205549 0.3769824 0.3196831 0.3767781 0.8512954 0.404887 0.8590317 0.4066909 0.8393884 0.4148913 0.3044725 0.3630008 0.31555 0.3532446 0.3196831 0.3767781 0.8335903 0.4031547 0.8512954 0.404887 0.8385108 0.4148344 0.332033 0.3430334 0.3307504 0.3556472 0.31555 0.3532446 0.8545923 0.3860557 0.8707007 0.3893787 0.8590317 0.4066909 0.3109945 0.3421556 0.31555 0.3532446 0.3044725 0.3630008 0.8545923 0.3860557 0.8512954 0.404887 0.8335903 0.4031547 0.8799402 0.3655911 0.8707007 0.3893787 0.8545923 0.3860557 0.3053061 0.3209689 0.3109945 0.3421556 0.2966274 0.3506301 0.8602781 0.3639147 0.8545923 0.3860557 0.8335903 0.3820524 0.9402117 0.5801007 0.919776 0.5801007 0.9171702 0.5259838 0.8197285 0.5801007 0.7959512 0.5801007 0.7922941 0.5259839 0.9062017 0.5801007 0.912992 0.5259838 0.9171702 0.5259838 0.8482944 0.5801007 0.8197285 0.5801007 0.8180865 0.509626 0.9170544 0.7044125 0.919776 0.5801007 0.9402117 0.5801007 0.8236899 0.6796321 0.8005954 0.7110867 0.7959512 0.5801007 0.8908464 0.7014613 0.9062017 0.5801007 0.919776 0.5801007 0.8236899 0.6796321 0.8197285 0.5801007 0.8482944 0.5801007 0.8482944 0.5801007 0.850376 0.509626 0.8859683 0.5259838 0.8825575 0.5801007 0.8859683 0.5259838 0.912992 0.5259838 0.822605 0.7168359 0.8026103 0.7480691 0.8005954 0.7110867 0.8970707 0.7405109 0.8908464 0.7014613 0.9170544 0.7044125 0.822605 0.7168359 0.8236899 0.6796321 0.8471454 0.7026243 0.8471454 0.7026243 0.8482944 0.5801007 0.8825575 0.5801007 0.8908464 0.7014613 0.8716027 0.7226648 0.8825575 0.5801007 0.8196159 0.7885334 0.7950428 0.7888033 0.8026103 0.7480691 0.9169721 0.7988271 0.8945959 0.806041 0.8970707 0.7405109 0.8196159 0.7885334 0.822605 0.7168359 0.8395662 0.7365672 0.8395662 0.7365672 0.8471454 0.7026243 0.8716027 0.7226648 0.9382049 0.849289 0.9084562 0.8680452 0.9169721 0.7988271 0.7899802 0.8506082 0.7950428 0.7888033 0.8196159 0.7885334 0.8906114 0.84556 0.8945959 0.806041 0.9169721 0.7988271 0.8422203 0.8392828 0.8239544 0.8652853 0.8196159 0.7885334 0.838916 0.7935903 0.8395662 0.7365672 0.8741672 0.7690093 0.8945959 0.806041 0.8747915 0.7919343 0.8741672 0.7690093 0.8710104 0.9290014 0.8420886 0.9276365 0.8484804 0.8922544 0.9075106 0.8923093 0.8947877 0.9267126 0.884283 0.8953434 0.8683376 0.814025 0.8422203 0.8392828 0.838916 0.7935903 0.8688722 0.8985534 0.8682045 0.8561145 0.8914907 0.8741196 0.8682045 0.8561145 0.8417924 0.871307 0.8422203 0.8392828 0.8239544 0.8652853 0.8422203 0.8392828 0.8417924 0.871307 0.9084562 0.8680452 0.9075106 0.8923093 0.8914907 0.8741196 0.2841586 0.2956821 0.2664138 0.2405899 0.338169 0.249279 0.9697378 0.3036156 0.8987531 0.282325 0.9693433 0.2861112 0.2664138 0.2405899 0.2841586 0.2956821 0.2169265 0.2831574 0.8683376 0.814025 0.8747915 0.7919343 0.8945959 0.806041 0.8710104 0.9290014 0.8688722 0.8985534 0.884283 0.8953434 0.8987531 0.282325 0.9697378 0.3036156 0.8969544 0.3079699 0.2841586 0.2956821 0.3053061 0.3209689 0.2818365 0.3475429 0.3350594 0.3218126 0.332033 0.3430334 0.3109945 0.3421556 0.9586453 0.1891661 0.9310832 0.1817525 0.9316642 0.1369725 0.9771658 0.1121511 0.988542 0.1953521 0.9586453 0.1891661 0.9310832 0.1817525 0.8335902 0.1910372 0.8335902 0.1693619 0.278792 0.1068783 0.2724533 0.05029976 0.338169 0.0485537 0.2198534 0.1815246 0.2198534 0.1250411 0.278792 0.1068783 0.278792 0.1068783 0.2198534 0.1250411 0.2198534 0.07129049 0.2724533 0.05029976 0.2198534 0.07129049 0.2198534 0.02978724 0.8812559 0.3468322 0.8602781 0.3639147 0.8335903 0.3644284 0.2559094 0.3321744 0.2060583 0.3226218 0.2169265 0.2831574 0.338169 0.3028877 0.3350594 0.3218126 0.3053061 0.3209689 0.9316642 0.1369725 0.8335902 0.1693619 0.8335902 0.08925145 0.9771658 0.1121511 0.9316642 0.1369725 0.9277006 0.08424568 0.338169 0.1782298 0.2503321 0.1899132 0.278792 0.1068783 0.2664138 0.2405899 0.2503321 0.1899132 0.338169 0.1782298 0.9277006 0.08424568 0.8335902 0.08925145 0.8335902 0.01395314 0.9815655 0.06819534 0.9277006 0.08424568 0.9618378 0.01673179 0.2724533 0.05029976 0.2761088 0.01215302 0.338169 0.007288634 0.8457298 0.1964704 0.8335902 0.1910372 0.9349402 0.182985 0.7360981 0.1817525 0.8335902 0.1910372 0.732241 0.182985 0.8214514 0.1964704 0.8335902 0.1910372 0.8235772 0.2253648 0.8335902 0.2311109 0.8335902 0.1910372 0.843604 0.2253648 0.8594883 0.2629822 0.8335902 0.2769701 0.843604 0.2253648 0.8335902 0.2311109 0.8335902 0.2769701 0.8235772 0.2253648 0.9349181 0.1985566 0.9349402 0.182985 0.9681369 0.206148 0.7322632 0.1985566 0.6990436 0.206148 0.732241 0.182985 0.7322632 0.1985566 0.732241 0.182985 0.7930023 0.2015221 0.8457298 0.1964704 0.9349402 0.182985 0.874179 0.2015221 0.9665377 0.2523695 0.9578265 0.2718576 0.9270079 0.2548328 0.7567989 0.2686741 0.7093548 0.2718576 0.7401734 0.2548328 0.9693433 0.2861112 0.8987531 0.282325 0.9103823 0.2686741 0.7684282 0.282325 0.6978372 0.2861112 0.7567989 0.2686741 0.9270079 0.2548328 0.8833492 0.2527592 0.931648 0.2317941 0.7401734 0.2548328 0.7355332 0.2317941 0.7838311 0.2527592 0.9852472 0.2427874 0.9785205 0.2598866 0.9877087 0.2164663 0.6796259 0.252061 0.6886608 0.259887 0.6794718 0.2164663 0.975759 0.2285379 0.9875553 0.252061 0.9665377 0.2523695 0.9681369 0.206148 0.9877087 0.2164663 0.975759 0.2285379 0.6796259 0.252061 0.6794718 0.2164663 0.6914222 0.2285379 0.7355332 0.2317941 0.6914222 0.2285379 0.7322632 0.1985566 0.931648 0.2317941 0.9349181 0.1985566 0.975759 0.2285379 0.8805709 0.2326548 0.843604 0.2253648 0.874179 0.2015221 0.8214514 0.1964704 0.8235772 0.2253648 0.7930023 0.2015221 0.7401734 0.2548328 0.7006436 0.2523695 0.7355332 0.2317941 0.9270079 0.2548328 0.931648 0.2317941 0.9665377 0.2523695 0.9402117 0.7509584 0.9402117 0.7030806 0.9083179 0.7365924 0.9402117 0.7934257 0.9402117 0.7509584 0.9169721 0.7988271 0.8970707 0.7405109 0.8908464 0.7014613 0.8741672 0.7690093 0.8970707 0.7405109 0.8741672 0.7690093 0.8908464 0.7014613 0.9402117 0.7934257 0.9169721 0.7988271 0.9402117 0.7509584 0.9402117 0.7509584 0.9083179 0.7365924 0.9402117 0.7030806 0.8914907 0.8741196 0.8682045 0.8561145 0.8906114 0.84556 0.8688722 0.8985534 0.8484804 0.8922544 0.8682045 0.8561145 0.6819341 0.2427874 0.708536 0.1891661 0.7013168 0.2016896 0.9586453 0.1891661 0.9852472 0.2427874 0.9658637 0.2016896 0.4250116 0.1899132 0.4554903 0.1815246 0.4495127 0.2224021 0.8688722 0.8985534 0.8682045 0.8561145 0.8484804 0.8922544 0.8914907 0.8741196 0.8906114 0.84556 0.8682045 0.8561145 0.4250116 0.1899132 0.4495127 0.2224021 0.4089297 0.2405899 0.2503321 0.1899132 0.2664138 0.2405899 0.2258309 0.2224021 0.9854721 0.2311638 0.988542 0.1953521 0.9881569 0.2481564 0.9785205 0.2598866 0.9693433 0.2861112 0.9875553 0.252061 0.8420886 0.9276365 0.8275135 0.8806468 0.8484804 0.8922544 0.6819341 0.2427874 0.7013168 0.2016896 0.6794718 0.2164663 0.7093548 0.2718576 0.6796259 0.252061 0.7006436 0.2523695 0.7093548 0.2718576 0.6978372 0.2861112 0.6796259 0.252061 0.8420886 0.9276365 0.8484804 0.8922544 0.8275135 0.8806468 0.8275135 0.8806468 0.8417924 0.871307 0.8239544 0.8652853 0.6990436 0.206148 0.7000703 0.1911317 0.732241 0.182985 0.6990436 0.206148 0.6794718 0.2164663 0.7000703 0.1911317 0.7360981 0.1817525 0.7013168 0.2016896 0.708536 0.1891661 0.7360981 0.1817525 0.7000703 0.1911317 0.7013168 0.2016896 0.988542 0.1953521 0.9854721 0.2311638 0.9852472 0.2427874 0.9671109 0.1911317 0.9877087 0.2164663 0.9681369 0.206148 0.9658637 0.2016896 0.9877087 0.2164663 0.9671109 0.1911317 0.8594883 0.2629822 0.9270079 0.2548328 0.9103823 0.2686741 0.8235772 0.2253648 0.7838311 0.2527592 0.7866104 0.2326548 0.9578265 0.2718576 0.9103823 0.2686741 0.9270079 0.2548328 0.732241 0.182985 0.8214514 0.1964704 0.7930023 0.2015221 0.843604 0.2253648 0.8833492 0.2527592 0.8594883 0.2629822 0.8076921 0.2629822 0.7401734 0.2548328 0.7838311 0.2527592 0.7093548 0.2718576 0.7006436 0.2523695 0.7401734 0.2548328 0.9349402 0.182985 0.9349181 0.1985566 0.874179 0.2015221 0.7006436 0.2523695 0.6914222 0.2285379 0.7355332 0.2317941 0.7355332 0.2317941 0.7866104 0.2326548 0.7838311 0.2527592 0.6914222 0.2285379 0.6990436 0.206148 0.7322632 0.1985566 0.7355332 0.2317941 0.7930023 0.2015221 0.7866104 0.2326548 0.931648 0.2317941 0.975759 0.2285379 0.9665377 0.2523695 0.8833492 0.2527592 0.8805709 0.2326548 0.931648 0.2317941 0.9349181 0.1985566 0.9681369 0.206148 0.975759 0.2285379 0.931648 0.2317941 0.874179 0.2015221 0.9349181 0.1985566 0.8335902 0.1910372 0.8335902 0.2311109 0.8235772 0.2253648 0.8335902 0.2769701 0.8076921 0.2629822 0.8235772 0.2253648 0.8335902 0.1910372 0.8214514 0.1964704 0.732241 0.182985 0.1073172 0.03575056 0.07353341 0.005424737 0.1022835 0.005611479 0.0153225 0.101205 0.0405665 0.08781111 0.03885489 0.1036661 0.07353341 0.005424737 0.04120403 -0.01279914 0.07048541 -0.01112854 0.03885489 0.1036661 0.0662201 0.09178388 0.06238734 0.1061273 0.1022835 0.005611479 0.07048541 -0.01112854 0.09976673 -0.009458124 0.07048541 -0.01112854 0.07435095 -0.0247209 0.09976673 -0.009458124 0.08892232 0.06762599 0.07962924 0.03853183 0.1073172 0.03575056 0.1473624 0.06590366 0.1020764 0.07067394 0.1267427 0.03379935 0.05995631 0.06016534 0.04455912 0.03910112 0.07962924 0.03853183 0.04120403 -0.01279914 0.052401 -0.01860296 0.07048541 -0.01112854 0.09630084 -0.03083884 0.1595916 -0.02674227 0.1331653 -0.005823016 0.01409322 0.005201935 0.04120403 -0.01279914 0.04478323 0.005238115 0.1505569 0.152951 0.1161271 0.1157434 0.1588652 0.114898 0.1785861 0.152951 0.1588652 0.114898 0.1785861 0.1144283 0.1785861 0.002879619 0.1595916 -0.02674227 0.1785861 -0.02746367 0.1236475 0.08964914 0.1473624 0.06590366 0.1545876 0.0873056 0.1545876 0.0873056 0.1785861 0.0563609 0.1785861 0.09698557 0.1473624 0.06590366 0.1785861 0.01726174 0.1785861 0.0563609 0.1228349 0.09503585 0.1545876 0.0873056 0.1570503 0.09719699 0.1161271 0.1157434 0.1096041 0.1007666 0.1220222 0.1004227 0.1096041 0.1007666 0.1173527 0.07963156 0.1236475 0.08964914 0.0918737 0.0957567 0.1057298 0.1113341 0.08591961 0.1085884 0.0918737 0.0957567 0.08892232 0.06762599 0.1020764 0.07067394 0.1588652 0.114898 0.1220222 0.1004227 0.1585589 0.108462 0.1220222 0.1004227 0.1570503 0.09719699 0.1585589 0.108462 0.1570503 0.09719699 0.1785861 0.1144283 0.1585589 0.108462 0.1785861 0.09698557 0.1570503 0.09719699 0.1545876 0.0873056 0.1020764 0.07067394 0.1096041 0.1007666 0.0918737 0.0957567 0.1785861 0.002879619 0.1277362 0.005473077 0.1331653 -0.005823016 0.0405665 0.08781111 0.01409322 0.04120451 0.05995631 0.06016534 0.1267427 0.03379935 0.1022835 0.005611479 0.1277362 0.005473077 0.1020764 0.07067394 0.1073172 0.03575056 0.1267427 0.03379935 0.09976673 -0.009458124 0.09630084 -0.03083884 0.1331653 -0.005823016 0.1277362 0.005473077 0.09976673 -0.009458124 0.1331653 -0.005823016 0.06238734 0.1061273 0.0918737 0.0957567 0.08591961 0.1085884 0.01409322 0.005201935 0.04455912 0.03910112 0.01409322 0.04120451 0.1785861 0.1144283 0.1588652 0.114898 0.1585589 0.108462 0.1073172 0.03575056 0.07353341 0.005424737 0.07962924 0.03853183 0.07353341 0.005424737 0.04455912 0.03910112 0.07962924 0.03853183 0.0405665 0.08781111 0.01409322 0.04120451 0.01491272 0.08383834 0.0662201 0.09178388 0.03885489 0.1036661 0.06238734 0.1061273 0.1022835 0.005611479 0.07048541 -0.01112854 0.07353341 0.005424737 0.07435095 -0.0247209 0.07048541 -0.01112854 0.09976673 -0.009458124 0.08892232 0.06762599 0.07962924 0.03853183 0.05995631 0.06016534 0.1473624 0.06590366 0.1020764 0.07067394 0.1173527 0.07963156 0.05995631 0.06016534 0.04455912 0.03910112 0.01409322 0.04120451 0.052401 -0.01860296 0.04120403 -0.01279914 0.07048541 -0.01112854 0.07353341 0.005424737 0.04120403 -0.01279914 0.04478323 0.005238115 0.1595916 -0.02674227 0.09630084 -0.03083884 0.1331653 -0.005823016 0.04120403 -0.01279914 0.01409322 0.005201935 0.04478323 0.005238115 0.1785861 0.01726174 0.1277362 0.005473077 0.1267427 0.03379935 0.1505569 0.152951 0.1161271 0.1157434 0.106503 0.152951 0.1785861 0.152951 0.1588652 0.114898 0.1505569 0.152951 0.1785861 0.002879619 0.1595916 -0.02674227 0.1331653 -0.005823016 0.1473624 0.06590366 0.1236475 0.08964914 0.1545876 0.0873056 0.1785861 0.0563609 0.1545876 0.0873056 0.1785861 0.09698557 0.1785861 0.01726174 0.1473624 0.06590366 0.1785861 0.0563609 0.1545876 0.0873056 0.1228349 0.09503585 0.1570503 0.09719699 0.1096041 0.1007666 0.1161271 0.1157434 0.1220222 0.1004227 0.1096041 0.1007666 0.1228349 0.09503585 0.1236475 0.08964914 0.1057298 0.1113341 0.0918737 0.0957567 0.08591961 0.1085884 0.0918737 0.0957567 0.08892232 0.06762599 0.0662201 0.09178388 0.1588652 0.114898 0.1220222 0.1004227 0.1161271 0.1157434 0.1570503 0.09719699 0.1220222 0.1004227 0.1585589 0.108462 0.1785861 0.1144283 0.1570503 0.09719699 0.1585589 0.108462 0.1785861 0.09698557 0.1545876 0.0873056 0.1570503 0.09719699 0.1785861 0.002879619 0.1331653 -0.005823016 0.1277362 0.005473077 0.0405665 0.08781111 0.0153225 0.101205 0.03885489 0.1036661 0.1267427 0.03379935 0.1022835 0.005611479 0.1073172 0.03575056 0.05995631 0.06016534 0.0662201 0.09178388 0.08892232 0.06762599 0.1020764 0.07067394 0.1073172 0.03575056 0.08892232 0.06762599 0.09630084 -0.03083884 0.09976673 -0.009458124 0.1331653 -0.005823016 0.1277362 0.005473077 0.09976673 -0.009458124 0.1022835 0.005611479 0.0918737 0.0957567 0.06238734 0.1061273 0.08591961 0.1085884 0.04455912 0.03910112 0.01409322 0.005201935 0.01409322 0.04120451 0.1785861 0.1144283 0.1585589 0.108462 0.1588652 0.114898 0.05995631 0.06016534 0.0662201 0.09178388 0.0405665 0.08781111 0.1785861 0.01726174 0.1277362 0.005473077 0.1785861 0.002879619 0.1096041 0.1007666 0.1020764 0.07067394 0.0918737 0.0957567 0.04455912 0.03910112 0.07353341 0.005424737 0.07962924 0.03853183 0.7013168 0.2016896 0.7000703 0.1911317 0.6794718 0.2164663 0.9349402 0.182985 0.9671109 0.1911317 0.9681369 0.206148 0.6796259 0.252061 0.6914222 0.2285379 0.7006436 0.2523695 0.9877087 0.2164663 0.9875553 0.252061 0.975759 0.2285379 0.8335902 0.1910372 0.9310832 0.1817525 0.9349402 0.182985 0.9310832 0.1817525 0.9671109 0.1911317 0.9349402 0.182985 0.8335902 0.1910372 0.8457298 0.1964704 0.843604 0.2253648 0.8335902 0.2769701 0.9103823 0.2686741 0.8987531 0.282325 0.9875553 0.252061 0.9578265 0.2718576 0.9665377 0.2523695 0.8235772 0.2253648 0.7866104 0.2326548 0.7930023 0.2015221 0.843604 0.2253648 0.8457298 0.1964704 0.874179 0.2015221 0.6794718 0.2164663 0.6990436 0.206148 0.6914222 0.2285379 0.3556606 0.3767781 0.3445932 0.3556472 0.3597937 0.3532446 0.8158859 0.404887 0.8277929 0.4148913 0.8081496 0.4066909 0.370871 0.3630008 0.3556606 0.3767781 0.3597937 0.3532446 0.8335903 0.4031547 0.8286705 0.4148344 0.8158859 0.404887 0.3597937 0.3532446 0.3433106 0.3430334 0.3643489 0.3421556 0.8125889 0.3860557 0.8081496 0.4066909 0.7964806 0.3893787 0.370871 0.3630008 0.3643489 0.3421556 0.3787163 0.3506301 0.8335903 0.4031547 0.8125889 0.3860557 0.8335903 0.3820524 0.8125889 0.3860557 0.7872411 0.3655911 0.8069031 0.3639147 0.3787163 0.3506301 0.3700376 0.3209689 0.3935074 0.3475429 0.8335903 0.3820524 0.8069031 0.3639147 0.8335903 0.3644284 0.9402117 0.5801007 0.9171702 0.5259838 0.919776 0.5801007 0.8197285 0.5801007 0.7922941 0.5259839 0.7959512 0.5801007 0.9171702 0.5259838 0.9062017 0.5801007 0.919776 0.5801007 0.8482944 0.5801007 0.8180865 0.509626 0.8197285 0.5801007 0.9402117 0.5801007 0.9170544 0.7044125 0.9402117 0.7030806 0.8236899 0.6796321 0.7959512 0.5801007 0.8005954 0.7110867 0.919776 0.5801007 0.8908464 0.7014613 0.9170544 0.7044125 0.8482944 0.5801007 0.8236899 0.6796321 0.8471454 0.7026243 0.8859683 0.5259838 0.8482944 0.5801007 0.8825575 0.5801007 0.912992 0.5259838 0.8825575 0.5801007 0.9062017 0.5801007 0.9402117 0.7030806 0.9170544 0.7044125 0.9083179 0.7365924 0.822605 0.7168359 0.8005954 0.7110867 0.8026103 0.7480691 0.9170544 0.7044125 0.8970707 0.7405109 0.9083179 0.7365924 0.8471454 0.7026243 0.822605 0.7168359 0.8395662 0.7365672 0.8825575 0.5801007 0.8471454 0.7026243 0.8716027 0.7226648 0.8908464 0.7014613 0.8825575 0.5801007 0.8716027 0.7226648 0.9402117 0.7509584 0.9083179 0.7365924 0.9169721 0.7988271 0.8196159 0.7885334 0.8026103 0.7480691 0.7950428 0.7888033 0.9169721 0.7988271 0.8970707 0.7405109 0.8945959 0.806041 0.8395662 0.7365672 0.8196159 0.7885334 0.838916 0.7935903 0.8716027 0.7226648 0.8395662 0.7365672 0.8741672 0.7690093 0.8908464 0.7014613 0.8716027 0.7226648 0.8741672 0.7690093 0.9382049 0.849289 0.9169721 0.7988271 0.9084562 0.8680452 0.8196159 0.7885334 0.7899802 0.8506082 0.8239544 0.8652853 0.9169721 0.7988271 0.8906114 0.84556 0.9084562 0.8680452 0.8422203 0.8392828 0.8196159 0.7885334 0.8239544 0.8652853 0.8741672 0.7690093 0.838916 0.7935903 0.8747915 0.7919343 0.8945959 0.806041 0.8741672 0.7690093 0.8747915 0.7919343 0.8710104 0.9290014 0.8484804 0.8922544 0.8420886 0.9276365 0.9075106 0.8923093 0.884283 0.8953434 0.8947877 0.9267126 0.8484804 0.8922544 0.8417924 0.871307 0.8275135 0.8806468 0.8683376 0.814025 0.838916 0.7935903 0.8422203 0.8392828 0.8914907 0.8741196 0.8688722 0.8985534 0.884283 0.8953434 0.8682045 0.8561145 0.8417924 0.871307 0.8484804 0.8922544 0.8906114 0.84556 0.8683376 0.814025 0.8682045 0.8561145 0.8682045 0.8561145 0.8422203 0.8392828 0.8417924 0.871307 0.4495127 0.2224021 0.4437745 0.2436793 0.4089297 0.2405899 0.6886608 0.259887 0.6819341 0.2427874 0.6794718 0.2164663 0.8417924 0.871307 0.8422203 0.8392828 0.8239544 0.8652853 0.9084562 0.8680452 0.8914907 0.8741196 0.9075106 0.8923093 0.6978372 0.2861112 0.7093548 0.2718576 0.7567989 0.2686741 0.3911851 0.2956821 0.3371747 0.249279 0.4089297 0.2405899 0.1504352 0.2461526 0.1353482 0.2196944 0.1589052 0.2153277 0.1346417 0.2461526 0.1404858 0.2531909 0.1312788 0.2482104 0.6974434 0.3036156 0.6978372 0.2861112 0.7684282 0.282325 0.4089297 0.2405899 0.4584171 0.2831574 0.3911851 0.2956821 0.6978372 0.2861112 0.6886608 0.259887 0.6796259 0.252061 0.4554903 0.1815246 0.4554903 0.1957653 0.4495127 0.2224021 0.1589052 0.2153277 0.1354104 0.1919236 0.1589052 0.1919236 0.1203482 0.2201057 0.1097092 0.1919236 0.1198948 0.1919236 0.1203858 0.1680942 0.1097092 0.1883051 0.1097092 0.1680942 0.1200885 0.274117 0.1097092 0.2461526 0.1201884 0.2461526 0.1198713 0.1883051 0.1097092 0.1919236 0.1097092 0.1883051 0.1019105 0.2223859 0.1097092 0.2461526 0.1043773 0.2477557 0.1029176 0.1919412 0.1097092 0.2201056 0.1019105 0.2223859 0.1346374 0.274117 0.1326527 0.2727509 0.1315028 0.2694544 0.1589052 0.1919236 0.1354605 0.1883051 0.1589052 0.1883051 0.135939 0.271789 0.1423575 0.2567409 0.142719 0.2661711 0.1200885 0.274117 0.1097092 0.2964547 0.1097092 0.274117 0.1315028 0.2694544 0.11954 0.2615508 0.1407296 0.2657334 0.1201884 0.2461525 0.1097092 0.2201056 0.1203482 0.2201057 0.1504352 0.274117 0.1353653 0.2964547 0.1346374 0.274117 0.1504352 0.274117 0.1404858 0.2531909 0.1504352 0.2461526 0.11954 0.2615508 0.1125431 0.2530778 0.11954 0.2545689 0.1312788 0.2482104 0.11954 0.2545689 0.1235881 0.250215 0.142719 0.2661711 0.1428622 0.2626007 0.1425836 0.2627395 0.1407296 0.2657334 0.11954 0.2545689 0.1404858 0.2531909 0.8945959 0.806041 0.8683376 0.814025 0.8906114 0.84556 0.884283 0.8953434 0.8710104 0.9290014 0.8947877 0.9267126 0.7684282 0.282325 0.7702269 0.3079699 0.6974434 0.3036156 0.3935074 0.3475429 0.3911851 0.2956821 0.4194342 0.3321744 0.3643489 0.3421556 0.3402843 0.3218126 0.3700376 0.3209689 0.8335902 0.2769701 0.7567989 0.2686741 0.8076921 0.2629822 0.7355171 0.1369725 0.7360981 0.1817525 0.708536 0.1891661 0.7360981 0.1817525 0.8335902 0.1693619 0.8335902 0.1910372 0.3371747 0.0485537 0.3965516 0.1068783 0.3371747 0.1038364 0.6819341 0.2427874 0.6817092 0.2311638 0.6786392 0.1953521 0.3965516 0.1068783 0.4554903 0.1815246 0.4250116 0.1899132 0.3965516 0.1068783 0.4554903 0.07129049 0.4554903 0.1250411 0.4028903 0.05029976 0.4554903 0.02978724 0.4554903 0.07129049 0.8335903 0.3644284 0.7859254 0.3468322 0.8335903 0.3429151 0.4584171 0.2831574 0.4194342 0.3321744 0.3911851 0.2956821 0.3700376 0.3209689 0.3371747 0.3028877 0.3911851 0.2956821 0.7355171 0.1369725 0.8335902 0.08925145 0.8335902 0.1693619 0.6900155 0.1121511 0.7394807 0.08424568 0.7355171 0.1369725 0.3371747 0.1782298 0.3965516 0.1068783 0.4250116 0.1899132 0.4089297 0.2405899 0.3371747 0.1782298 0.4250116 0.1899132 0.7394807 0.08424568 0.8335902 0.01395314 0.8335902 0.08925145 0.6856157 0.06819534 0.7053435 0.01673179 0.7394807 0.08424568 0.3371747 0.007288634 0.4028903 0.05029976 0.3371747 0.0485537 0.3307504 0.3556472 0.3196831 0.3767781 0.31555 0.3532446 0.8512954 0.404887 0.8393884 0.4148913 0.8385108 0.4148344 0.3044725 0.3630008 0.3196831 0.3767781 0.3190525 0.3774113 0.8335903 0.4031547 0.8385108 0.4148344 0.8335903 0.4143189 0.332033 0.3430334 0.31555 0.3532446 0.3109945 0.3421556 0.8545923 0.3860557 0.8590317 0.4066909 0.8512954 0.404887 0.3109945 0.3421556 0.3044725 0.3630008 0.2966274 0.3506301 0.8545923 0.3860557 0.8335903 0.4031547 0.8335903 0.3820524 0.8799402 0.3655911 0.8545923 0.3860557 0.8602781 0.3639147 0.3053061 0.3209689 0.2966274 0.3506301 0.2818365 0.3475429 0.8602781 0.3639147 0.8335903 0.3820524 0.8335903 0.3644284 0.9402117 0.5801007 0.9171702 0.5259838 0.9405068 0.5259838 0.8197285 0.5801007 0.7922941 0.5259839 0.8180865 0.509626 0.9062017 0.5801007 0.9171702 0.5259838 0.919776 0.5801007 0.8482944 0.5801007 0.8180865 0.509626 0.850376 0.509626 0.9170544 0.7044125 0.9402117 0.5801007 0.9402117 0.7030806 0.8236899 0.6796321 0.7959512 0.5801007 0.8197285 0.5801007 0.8908464 0.7014613 0.919776 0.5801007 0.9170544 0.7044125 0.8236899 0.6796321 0.8482944 0.5801007 0.8471454 0.7026243 0.8482944 0.5801007 0.8859683 0.5259838 0.8825575 0.5801007 0.8825575 0.5801007 0.912992 0.5259838 0.9062017 0.5801007 0.9083179 0.7365924 0.9170544 0.7044125 0.9402117 0.7030806 0.822605 0.7168359 0.8005954 0.7110867 0.8236899 0.6796321 0.8970707 0.7405109 0.9170544 0.7044125 0.9083179 0.7365924 0.822605 0.7168359 0.8471454 0.7026243 0.8395662 0.7365672 0.8471454 0.7026243 0.8825575 0.5801007 0.8716027 0.7226648 0.8908464 0.7014613 0.8825575 0.5801007 0.9062017 0.5801007 0.9169721 0.7988271 0.9083179 0.7365924 0.9402117 0.7509584 0.8196159 0.7885334 0.8026103 0.7480691 0.822605 0.7168359 0.9169721 0.7988271 0.8970707 0.7405109 0.9083179 0.7365924 0.8196159 0.7885334 0.8395662 0.7365672 0.838916 0.7935903 0.8395662 0.7365672 0.8716027 0.7226648 0.8741672 0.7690093 0.8741672 0.7690093 0.8716027 0.7226648 0.8908464 0.7014613 0.9382049 0.849289 0.9169721 0.7988271 0.9402117 0.7934257 0.7899802 0.8506082 0.8196159 0.7885334 0.8239544 0.8652853 0.8906114 0.84556 0.9169721 0.7988271 0.9084562 0.8680452 0.8422203 0.8392828 0.8196159 0.7885334 0.838916 0.7935903 0.838916 0.7935903 0.8741672 0.7690093 0.8747915 0.7919343 0.8945959 0.806041 0.8741672 0.7690093 0.8970707 0.7405109 0.8710104 0.9290014 0.8484804 0.8922544 0.8688722 0.8985534 0.9075106 0.8923093 0.884283 0.8953434 0.8914907 0.8741196 0.8275135 0.8806468 0.8417924 0.871307 0.8484804 0.8922544 0.8683376 0.814025 0.838916 0.7935903 0.8747915 0.7919343 0.8688722 0.8985534 0.8914907 0.8741196 0.884283 0.8953434 0.8484804 0.8922544 0.8417924 0.871307 0.8682045 0.8561145 0.8682045 0.8561145 0.8683376 0.814025 0.8906114 0.84556 0.8682045 0.8561145 0.8422203 0.8392828 0.8683376 0.814025 0.2664138 0.2405899 0.2315691 0.2436793 0.2258309 0.2224021 0.9785205 0.2598866 0.9875553 0.252061 0.9877087 0.2164663 0.8239544 0.8652853 0.8417924 0.871307 0.8275135 0.8806468 0.9084562 0.8680452 0.8914907 0.8741196 0.8906114 0.84556 0.8335902 0.2769701 0.8335902 0.2311109 0.843604 0.2253648 0.2841586 0.2956821 0.338169 0.249279 0.338169 0.3028877 0.1097092 0.1919236 0.1203482 0.2201057 0.1198948 0.1919236 0.1404858 0.2531909 0.1346417 0.2461526 0.1312788 0.2482104 0.9697378 0.3036156 0.9693433 0.2861112 1.000207 0.2970241 0.2664138 0.2405899 0.2169265 0.2831574 0.2315691 0.2436793 0.9578265 0.2718576 0.9693433 0.2861112 0.9103823 0.2686741 0.2198534 0.1815246 0.2503321 0.1899132 0.2258309 0.2224021 0.1097092 0.2201056 0.1201884 0.2461525 0.1203482 0.2201057 0.1353482 0.2196944 0.1504352 0.2461526 0.1589052 0.2153277 0.1200885 0.274117 0.1097092 0.2964547 0.1203858 0.2964547 0.1353653 0.1680942 0.1589052 0.1883051 0.1589052 0.1680942 0.1097092 0.2461526 0.1200885 0.274117 0.1201884 0.2461526 0.1198713 0.1883051 0.1097092 0.1919236 0.1198948 0.1919236 0.1097092 0.2461526 0.1019105 0.2223859 0.1043773 0.2477557 0.1097092 0.2201056 0.1029176 0.1919412 0.1019105 0.2223859 0.1315028 0.2694544 0.1326527 0.2727509 0.1346374 0.274117 0.1504352 0.274117 0.1353653 0.2964547 0.1589052 0.2964547 0.135939 0.271789 0.1423575 0.2567409 0.1363204 0.2498139 0.1354605 0.1883051 0.1589052 0.1919236 0.1589052 0.1883051 0.11954 0.2615508 0.1315028 0.2694544 0.1407296 0.2657334 0.1309872 0.2201057 0.1198948 0.1919236 0.1300802 0.1919236 0.1354104 0.1919236 0.1589052 0.2153277 0.1589052 0.1919236 0.1404858 0.2531909 0.1504352 0.274117 0.1504352 0.2461526 0.1125431 0.2530778 0.11954 0.2615508 0.11954 0.2545689 0.1312788 0.2482104 0.11954 0.2545689 0.1404858 0.2531909 0.142719 0.2661711 0.1428622 0.2626007 0.1423575 0.2567409 0.11954 0.2545689 0.1407296 0.2657334 0.1404858 0.2531909 0.8683376 0.814025 0.8945959 0.806041 0.8906114 0.84556 0.8710104 0.9290014 0.884283 0.8953434 0.8947877 0.9267126 0.8812559 0.3468322 0.8799402 0.3655911 0.8602781 0.3639147 0.2841586 0.2956821 0.2818365 0.3475429 0.2559094 0.3321744 0.3350594 0.3218126 0.3109945 0.3421556 0.3053061 0.3209689 0.9693433 0.2861112 0.9578265 0.2718576 0.9875553 0.252061 0.9586453 0.1891661 0.9316642 0.1369725 0.9771658 0.1121511 0.9310832 0.1817525 0.8335902 0.1693619 0.9316642 0.1369725 0.278792 0.1068783 0.338169 0.0485537 0.338169 0.1038364 0.9310832 0.1817525 0.9586453 0.1891661 0.9658637 0.2016896 0.2198534 0.1815246 0.278792 0.1068783 0.2503321 0.1899132 0.1346374 0.274117 0.1310866 0.2734769 0.1343959 0.2720692 0.1363204 0.2498139 0.1303744 0.2491034 0.1359181 0.2468277 0.1354605 0.1883051 0.1310623 0.1680942 0.1353653 0.1680943 0.1310623 0.2964547 0.1346374 0.274117 0.1353653 0.2964547 0.1300332 0.1883051 0.1354104 0.1919236 0.1300802 0.1919236 0.1306676 0.2461526 0.135939 0.271789 0.1304678 0.274117 0.1309872 0.2201057 0.1354104 0.1919236 0.1353482 0.2196943 0.1346417 0.2461526 0.1309872 0.2201057 0.1353482 0.2196944 0.1589052 0.1883051 0.1353653 0.1680943 0.1589052 0.1680942 0.1304678 0.274117 0.1357764 0.276184 0.1353034 0.2763668 0.1306676 0.2461525 0.1351227 0.2470985 0.1353227 0.245194 0.1310623 0.1680942 0.1354605 0.1883051 0.1353653 0.1680942 0.1346374 0.274117 0.1310623 0.2964547 0.1353653 0.2964547 0.1354104 0.1919236 0.1300332 0.1883051 0.1300802 0.1919236 0.135939 0.271789 0.1306676 0.2461526 0.1304678 0.274117 0.1354104 0.1919236 0.1309872 0.2201057 0.1353482 0.2196943 0.1309872 0.2201057 0.1346417 0.2461526 0.1353482 0.2196944 0.1203858 0.1680942 0.1097092 0.1883051 0.1198713 0.1883051 0.1310623 0.1680942 0.1198713 0.1883051 0.1203858 0.1680942 0.1304678 0.274117 0.1201884 0.2461526 0.1306676 0.2461526 0.1300802 0.1919236 0.1198713 0.1883051 0.1300332 0.1883051 0.1304678 0.274117 0.1203858 0.2964547 0.1200885 0.274117 0.1309872 0.2201057 0.1201884 0.2461525 0.1203482 0.2201057 0.1198948 0.1919236 0.1309872 0.2201057 0.1300802 0.1919236 0.1309872 0.2201057 0.1201884 0.2461525 0.1306676 0.2461525 0.1304678 0.274117 0.1203858 0.2964547 0.1310623 0.2964547 0.1201884 0.2461526 0.1304678 0.274117 0.1306676 0.2461526 0.1198713 0.1883051 0.1300802 0.1919236 0.1300332 0.1883051 0.1310623 0.1680942 0.1198713 0.1883051 0.1300332 0.1883051 0.278792 0.1068783 0.2198534 0.07129049 0.2724533 0.05029976 0.2724533 0.05029976 0.2198534 0.02978724 0.2761088 0.01215302 0.8812559 0.3468322 0.8335903 0.3644284 0.8335903 0.3429151 0.2559094 0.3321744 0.2169265 0.2831574 0.2841586 0.2956821 0.338169 0.3028877 0.3053061 0.3209689 0.2841586 0.2956821 0.9316642 0.1369725 0.8335902 0.08925145 0.9277006 0.08424568 0.9771658 0.1121511 0.9277006 0.08424568 0.9815655 0.06819534 0.338169 0.1782298 0.278792 0.1068783 0.338169 0.1038364 0.2664138 0.2405899 0.338169 0.1782298 0.338169 0.249279 0.9277006 0.08424568 0.8335902 0.01395314 0.9618378 0.01673179 0.9815655 0.06819534 0.9618378 0.01673179 1.010715 0.03020858 0.2724533 0.05029976 0.338169 0.007288634 0.338169 0.0485537 0.2476492 0.9777564 0.2507276 0.9583804 0.2931134 0.9548093 0.2160083 0.9731127 0.214993 0.9565 0.2507276 0.9583804 0.186557 0.9461623 0.1869031 0.9394165 0.214993 0.9565 0.4336624 0.9777564 0.3855018 0.9699897 0.3881983 0.9548093 0.4653033 0.9731127 0.4336624 0.9777564 0.4305841 0.9583804 0.4947546 0.9461623 0.4653033 0.9731127 0.4663187 0.9565 0.2139775 0.9290173 0.2111953 0.8975042 0.2541286 0.8975042 0.2267764 0.8975042 0.1872493 0.8975042 0.1872493 0.9326708 0.2538059 0.928134 0.290417 0.9287589 0.2931134 0.9548093 0.1872493 0.8975042 0.2111953 0.8975042 0.2139775 0.9290173 0.3280236 0.3309299 0.2642897 0.3309299 0.2716751 0.5225208 0.4158245 0.5229346 0.4158245 0.3309299 0.3553884 0.3309299 0.3791276 0.5347837 0.3553884 0.3309299 0.3280236 0.3309299 0.2029492 0.3309299 0.180386 0.3309299 0.1680673 0.4970012 0.316235 0.5385829 0.2716751 0.5225208 0.2752285 0.5972024 0.4158245 0.6019483 0.4158245 0.5229346 0.3791276 0.5347837 0.3679093 0.6065569 0.3791276 0.5347837 0.316235 0.5385829 0.2082985 0.4988322 0.1680673 0.4970012 0.1675147 0.5883939 0.1680673 0.4970012 0.180386 0.3309299 0.1327821 0.3309299 0.2642897 0.3309299 0.2029492 0.3309299 0.2082985 0.4988322 0.3290814 0.6336981 0.3291283 0.6068952 0.2752285 0.5972024 0.4158245 0.6019483 0.3679093 0.6065569 0.3670714 0.6358463 0.3679093 0.6065569 0.3291283 0.6068952 0.3290814 0.6336981 0.2269984 0.5860189 0.1675147 0.5883939 0.1695069 0.6339337 0.1675147 0.5883939 0.1680673 0.4970012 0.1257222 0.5209783 0.2716751 0.5225208 0.2082985 0.4988322 0.2269984 0.5860189 0.3203445 0.6629779 0.3290814 0.6336981 0.2683163 0.6326546 0.4158245 0.641359 0.3670714 0.6358463 0.3718754 0.6636925 0.3670714 0.6358463 0.3290814 0.6336981 0.3203445 0.6629779 0.2218485 0.6876491 0.2202811 0.6299188 0.1695069 0.6339337 0.1675147 0.5883939 0.1257222 0.6014855 0.1257222 0.6342512 0.2683163 0.6326546 0.2752285 0.5972024 0.2269984 0.5860189 0.3179344 0.7045565 0.3203445 0.6629779 0.2700523 0.6674121 0.4158245 0.6676251 0.3718754 0.6636925 0.3654776 0.7045567 0.3654776 0.7045567 0.3718754 0.6636925 0.3203445 0.6629779 0.2191258 0.7045565 0.2218485 0.6876491 0.1695492 0.6886656 0.1695492 0.6886656 0.1695069 0.6339337 0.1257222 0.6342512 0.2683163 0.6326546 0.2202811 0.6299188 0.2218485 0.6876491 0.214993 0.9565 0.2139775 0.9290173 0.2538059 0.928134 0.1872493 0.9326708 0.1875953 0.9394165 0.1879414 0.9461623 0.1869031 0.9394165 0.1872493 0.9326708 0.2139775 0.9290173 0.1695492 0.6886656 0.1257222 0.6604349 0.1257222 0.7045565 0.2642897 0.7045565 0.2700523 0.6674121 0.2218485 0.6876491 0.3318389 0.934346 0.355451 0.9210246 0.3576006 0.9250241 0.2538059 0.928134 0.2541286 0.8975042 0.2862772 0.8975042 0.3318389 0.934346 0.3406558 0.9343305 0.3406558 0.9684625 0.2298338 0.9299805 0.2276174 0.9252624 0.1879414 0.9461623 0.1811027 0.9735573 0.1811027 0.9466993 0.186557 0.9461623 0.467334 0.9290173 0.4275057 0.928134 0.4271832 0.8975042 0.4545351 0.8975042 0.4536942 0.9252624 0.4940624 0.9326708 0.3881983 0.9548093 0.3908947 0.9287589 0.4275057 0.928134 0.467334 0.9290173 0.4701163 0.8975042 0.4940624 0.8975042 0.2716751 0.5225208 0.2642897 0.3309299 0.3280236 0.3309299 0.4158245 0.5229346 0.3791276 0.5347837 0.3553884 0.3309299 0.3791276 0.5347837 0.316235 0.5385829 0.3280236 0.3309299 0.1680673 0.4970012 0.180386 0.3309299 0.2029492 0.3309299 0.2752285 0.5972024 0.2716751 0.5225208 0.316235 0.5385829 0.4158245 0.6019483 0.3679093 0.6065569 0.3791276 0.5347837 0.3679093 0.6065569 0.3291283 0.6068952 0.316235 0.5385829 0.1675147 0.5883939 0.1680673 0.4970012 0.2082985 0.4988322 0.1680673 0.4970012 0.1257222 0.5209783 0.1327821 0.3309299 0.2082985 0.4988322 0.2029492 0.3309299 0.2642897 0.3309299 0.3290814 0.6336981 0.2683163 0.6326546 0.2752285 0.5972024 0.3670714 0.6358463 0.3679093 0.6065569 0.4158245 0.6019483 0.3290814 0.6336981 0.3291283 0.6068952 0.3679093 0.6065569 0.1695069 0.6339337 0.1675147 0.5883939 0.2269984 0.5860189 0.1675147 0.5883939 0.1257222 0.6014855 0.1257222 0.5209783 0.2269984 0.5860189 0.2082985 0.4988322 0.2716751 0.5225208 0.3203445 0.6629779 0.2700523 0.6674121 0.2683163 0.6326546 0.3718754 0.6636925 0.3670714 0.6358463 0.4158245 0.641359 0.3203445 0.6629779 0.3290814 0.6336981 0.3670714 0.6358463 0.2218485 0.6876491 0.1695492 0.6886656 0.1695069 0.6339337 0.1257222 0.6342512 0.1257222 0.6014855 0.1675147 0.5883939 0.2683163 0.6326546 0.2202811 0.6299188 0.2269984 0.5860189 0.3179344 0.7045565 0.2642897 0.7045565 0.2700523 0.6674121 0.3654776 0.7045567 0.3718754 0.6636925 0.4158245 0.6676251 0.1073172 0.03575056 0.07962924 0.03853183 0.07353341 0.005424737 0.0153225 0.101205 0.01491272 0.08383834 0.0405665 0.08781111 0.07353341 0.005424737 0.04478323 0.005238115 0.04120403 -0.01279914 0.03885489 0.1036661 0.0405665 0.08781111 0.0662201 0.09178388 0.1022835 0.005611479 0.07353341 0.005424737 0.07048541 -0.01112854 0.07048541 -0.01112854 0.052401 -0.01860296 0.07435095 -0.0247209 0.08892232 0.06762599 0.05995631 0.06016534 0.07962924 0.03853183 0.1473624 0.06590366 0.1173527 0.07963156 0.1020764 0.07067394 0.05995631 0.06016534 0.01409322 0.04120451 0.04455912 0.03910112 0.04120403 -0.01279914 0.03045094 -0.01248502 0.052401 -0.01860296 0.09630084 -0.03083884 0.1340417 -0.03026551 0.1595916 -0.02674227 0.01409322 0.005201935 0.01409322 -0.01279914 0.04120403 -0.01279914 0.1505569 0.152951 0.106503 0.152951 0.1161271 0.1157434 0.1785861 0.152951 0.1505569 0.152951 0.1588652 0.114898 0.1785861 0.002879619 0.1331653 -0.005823016 0.1595916 -0.02674227 0.1236475 0.08964914 0.1173527 0.07963156 0.1473624 0.06590366 0.1545876 0.0873056 0.1473624 0.06590366 0.1785861 0.0563609 0.1473624 0.06590366 0.1267427 0.03379935 0.1785861 0.01726174 0.1228349 0.09503585 0.1236475 0.08964914 0.1545876 0.0873056 0.1161271 0.1157434 0.1057298 0.1113341 0.1096041 0.1007666 0.1236475 0.08964914 0.1228349 0.09503585 0.1096041 0.1007666 0.1228349 0.09503585 0.1220222 0.1004227 0.1096041 0.1007666 0.0918737 0.0957567 0.1096041 0.1007666 0.1057298 0.1113341 0.0918737 0.0957567 0.0662201 0.09178388 0.08892232 0.06762599 0.1588652 0.114898 0.1161271 0.1157434 0.1220222 0.1004227 0.1220222 0.1004227 0.1228349 0.09503585 0.1570503 0.09719699 0.1570503 0.09719699 0.1785861 0.09698557 0.1785861 0.1144283 0.1020764 0.07067394 0.1173527 0.07963156 0.1096041 0.1007666 0.0405665 0.08781111 0.01491272 0.08383834 0.01409322 0.04120451 0.1267427 0.03379935 0.1073172 0.03575056 0.1022835 0.005611479 0.1020764 0.07067394 0.08892232 0.06762599 0.1073172 0.03575056 0.09976673 -0.009458124 0.07435095 -0.0247209 0.09630084 -0.03083884 0.1277362 0.005473077 0.1022835 0.005611479 0.09976673 -0.009458124 0.06238734 0.1061273 0.0662201 0.09178388 0.0918737 0.0957567 0.01409322 0.005201935 0.04478323 0.005238115 0.04455912 0.03910112 0.1073172 0.03575056 0.1022835 0.005611479 0.07353341 0.005424737 0.07353341 0.005424737 0.04478323 0.005238115 0.04455912 0.03910112 0.0405665 0.08781111 0.05995631 0.06016534 0.01409322 0.04120451 0.0662201 0.09178388 0.0405665 0.08781111 0.03885489 0.1036661 0.1022835 0.005611479 0.09976673 -0.009458124 0.07048541 -0.01112854 0.07435095 -0.0247209 0.052401 -0.01860296 0.07048541 -0.01112854 0.08892232 0.06762599 0.1073172 0.03575056 0.07962924 0.03853183 0.1473624 0.06590366 0.1267427 0.03379935 0.1020764 0.07067394 0.05995631 0.06016534 0.07962924 0.03853183 0.04455912 0.03910112 0.052401 -0.01860296 0.03045094 -0.01248502 0.04120403 -0.01279914 0.07353341 0.005424737 0.07048541 -0.01112854 0.04120403 -0.01279914 0.1595916 -0.02674227 0.1340417 -0.03026551 0.09630084 -0.03083884 0.04120403 -0.01279914 0.01409322 -0.01279914 0.01409322 0.005201935 0.1785861 0.01726174 0.1785861 0.002879619 0.1277362 0.005473077 0.1505569 0.152951 0.1588652 0.114898 0.1161271 0.1157434 0.1785861 0.152951 0.1785861 0.1144283 0.1588652 0.114898 0.1785861 0.002879619 0.1785861 -0.02746367 0.1595916 -0.02674227 0.1473624 0.06590366 0.1173527 0.07963156 0.1236475 0.08964914 0.1785861 0.0563609 0.1473624 0.06590366 0.1545876 0.0873056 0.1785861 0.01726174 0.1267427 0.03379935 0.1473624 0.06590366 0.1545876 0.0873056 0.1236475 0.08964914 0.1228349 0.09503585 0.1096041 0.1007666 0.1057298 0.1113341 0.1161271 0.1157434 0.1236475 0.08964914 0.1173527 0.07963156 0.1096041 0.1007666 0.1096041 0.1007666 0.1220222 0.1004227 0.1228349 0.09503585 0.1057298 0.1113341 0.1096041 0.1007666 0.0918737 0.0957567 0.0918737 0.0957567 0.1020764 0.07067394 0.08892232 0.06762599 0.1588652 0.114898 0.1585589 0.108462 0.1220222 0.1004227 0.1570503 0.09719699 0.1228349 0.09503585 0.1220222 0.1004227 0.1785861 0.1144283 0.1785861 0.09698557 0.1570503 0.09719699 0.0405665 0.08781111 0.01491272 0.08383834 0.0153225 0.101205 0.1267427 0.03379935 0.1277362 0.005473077 0.1022835 0.005611479 0.05995631 0.06016534 0.0405665 0.08781111 0.0662201 0.09178388 0.1020764 0.07067394 0.1267427 0.03379935 0.1073172 0.03575056 0.09630084 -0.03083884 0.07435095 -0.0247209 0.09976673 -0.009458124 0.1277362 0.005473077 0.1331653 -0.005823016 0.09976673 -0.009458124 0.0918737 0.0957567 0.0662201 0.09178388 0.06238734 0.1061273 0.04455912 0.03910112 0.04478323 0.005238115 0.01409322 0.005201935 0.05995631 0.06016534 0.08892232 0.06762599 0.0662201 0.09178388 0.1785861 0.01726174 0.1267427 0.03379935 0.1277362 0.005473077 0.1096041 0.1007666 0.1173527 0.07963156 0.1020764 0.07067394 0.04455912 0.03910112 0.04478323 0.005238115 0.07353341 0.005424737 0.3654776 0.7045567 0.3179344 0.7045565 0.3203445 0.6629779 0.2191258 0.7045565 0.1642094 0.7045565 0.1695492 0.6886656 0.1695492 0.6886656 0.1257222 0.6604349 0.1257222 0.6342512 0.2218485 0.6876491 0.2202811 0.6299188 0.2683163 0.6326546 0.4663187 0.9565 0.4305841 0.9583804 0.4275057 0.928134 0.4933702 0.9461623 0.4937163 0.9394165 0.4940624 0.9326708 0.4944085 0.9394165 0.4663187 0.9565 0.467334 0.9290173 0.1257222 0.7045565 0.1257222 0.6604349 0.1695492 0.6886656 0.2642897 0.7045565 0.2191258 0.7045565 0.2218485 0.6876491 0.3237111 0.9250241 0.3258607 0.9210246 0.3494728 0.934346 0.4275057 0.928134 0.3908947 0.9287589 0.3950344 0.8975042 0.3406558 0.9684625 0.3406558 0.9343305 0.3494728 0.934346 0.4514778 0.9299805 0.4879158 0.9466993 0.4933702 0.9461623 0.5002089 0.9707027 0.4653033 0.9731127 0.4947546 0.9461623 0.3646711 0.8975042 0.3494728 0.934346 0.3338282 0.8975042 0.355451 0.9210246 0.3318389 0.934346 0.3474835 0.8975042 0.3494728 0.934346 0.3646711 0.8975042 0.3908947 0.9287589 0.3318389 0.934346 0.290417 0.9287589 0.3166406 0.8975042 0.2958099 0.9699897 0.2931134 0.9548093 0.3318389 0.934346 0.3855018 0.9699897 0.3494728 0.934346 0.3881983 0.9548093 0.2476492 0.9777564 0.2931134 0.9548093 0.2958099 0.9699897 0.2160083 0.9731127 0.2507276 0.9583804 0.2476492 0.9777564 0.186557 0.9461623 0.214993 0.9565 0.2160083 0.9731127 0.4336624 0.9777564 0.3881983 0.9548093 0.4305841 0.9583804 0.4653033 0.9731127 0.4305841 0.9583804 0.4663187 0.9565 0.4947546 0.9461623 0.4663187 0.9565 0.4944085 0.9394165 0.2931134 0.9548093 0.290417 0.9287589 0.3318389 0.934346 0.2139775 0.9290173 0.2541286 0.8975042 0.2538059 0.928134 0.2267764 0.8975042 0.1872493 0.9326708 0.2276174 0.9252624 0.2538059 0.928134 0.2931134 0.9548093 0.2507276 0.9583804 0.1872493 0.8975042 0.2139775 0.9290173 0.1872493 0.9326708 0.3280236 0.3309299 0.2716751 0.5225208 0.316235 0.5385829 0.4158245 0.5229346 0.3553884 0.3309299 0.3791276 0.5347837 0.3791276 0.5347837 0.3280236 0.3309299 0.316235 0.5385829 0.2029492 0.3309299 0.1680673 0.4970012 0.2082985 0.4988322 0.316235 0.5385829 0.2752285 0.5972024 0.3291283 0.6068952 0.4158245 0.6019483 0.3791276 0.5347837 0.3679093 0.6065569 0.3679093 0.6065569 0.316235 0.5385829 0.3291283 0.6068952 0.2082985 0.4988322 0.1675147 0.5883939 0.2269984 0.5860189 0.1680673 0.4970012 0.1327821 0.3309299 0.1257222 0.5209783 0.2642897 0.3309299 0.2082985 0.4988322 0.2716751 0.5225208 0.3290814 0.6336981 0.2752285 0.5972024 0.2683163 0.6326546 0.4158245 0.6019483 0.3670714 0.6358463 0.4158245 0.641359 0.3679093 0.6065569 0.3290814 0.6336981 0.3670714 0.6358463 0.2269984 0.5860189 0.1695069 0.6339337 0.2202811 0.6299188 0.1675147 0.5883939 0.1257222 0.5209783 0.1257222 0.6014855 0.2716751 0.5225208 0.2269984 0.5860189 0.2752285 0.5972024 0.3203445 0.6629779 0.2683163 0.6326546 0.2700523 0.6674121 0.4158245 0.641359 0.3718754 0.6636925 0.4158245 0.6676251 0.3670714 0.6358463 0.3203445 0.6629779 0.3718754 0.6636925 0.2218485 0.6876491 0.1695069 0.6339337 0.1695492 0.6886656 0.1675147 0.5883939 0.1257222 0.6342512 0.1695069 0.6339337 0.2683163 0.6326546 0.2269984 0.5860189 0.2202811 0.6299188 0.1504352 0.2461526 0.1346417 0.2461526 0.1353482 0.2196944 0.1312788 0.2482104 0.1324894 0.2468641 0.1346417 0.2461526 0.1346417 0.2461526 0.1504352 0.2461526 0.1404858 0.2531909 0.3179344 0.7045565 0.2700523 0.6674121 0.2642897 0.7045565 0.4158245 0.6676251 0.3654776 0.7045567 0.4158245 0.7045567 0.3654776 0.7045567 0.3203445 0.6629779 0.3179344 0.7045565 0.2191258 0.7045565 0.1695492 0.6886656 0.1642094 0.7045565 0.1589052 0.2153277 0.1353482 0.2196943 0.1354104 0.1919236 0.1203482 0.2201057 0.1097092 0.2201056 0.1097092 0.1919236 0.1203858 0.1680942 0.1198713 0.1883051 0.1097092 0.1883051 0.1200885 0.274117 0.1097092 0.274117 0.1097092 0.2461526 0.1198713 0.1883051 0.1198948 0.1919236 0.1097092 0.1919236 0.1019105 0.2223859 0.1097092 0.2201056 0.1097092 0.2461526 0.1029176 0.1919412 0.1097092 0.1919236 0.1097092 0.2201056 0.1407296 0.2657334 0.1504352 0.274117 0.1315028 0.2694544 0.1504352 0.274117 0.1346374 0.274117 0.1315028 0.2694544 0.1589052 0.1919236 0.1354104 0.1919236 0.1354605 0.1883051 0.135939 0.271789 0.1363204 0.2498139 0.1423575 0.2567409 0.1200885 0.274117 0.1203858 0.2964547 0.1097092 0.2964547 0.1315028 0.2694544 0.1228365 0.2683283 0.11954 0.2615508 0.1201884 0.2461525 0.1097092 0.2461526 0.1097092 0.2201056 0.1504352 0.274117 0.1589052 0.2964547 0.1353653 0.2964547 0.1504352 0.274117 0.1407296 0.2657334 0.1404858 0.2531909 0.11954 0.2615508 0.1129567 0.2647572 0.1125431 0.2530778 0.1312788 0.2482104 0.1404858 0.2531909 0.11954 0.2545689 0.142719 0.2661711 0.1423575 0.2567409 0.1428622 0.2626007 0.1407296 0.2657334 0.11954 0.2615508 0.11954 0.2545689 0.1695492 0.6886656 0.1257222 0.6342512 0.1257222 0.6604349 0.2683163 0.6326546 0.2218485 0.6876491 0.2700523 0.6674121 0.214993 0.9565 0.2538059 0.928134 0.2507276 0.9583804 0.1872493 0.9326708 0.1879414 0.9461623 0.2276174 0.9252624 0.1869031 0.9394165 0.2139775 0.9290173 0.214993 0.9565 0.290417 0.9287589 0.2862772 0.8975042 0.3166406 0.8975042 0.1695492 0.6886656 0.1257222 0.7045565 0.1642094 0.7045565 0.2642897 0.7045565 0.2218485 0.6876491 0.2191258 0.7045565 0.3318389 0.934346 0.3166406 0.8975042 0.3474835 0.8975042 0.3318389 0.934346 0.3576006 0.9250241 0.3406558 0.9343305 0.2538059 0.928134 0.2862772 0.8975042 0.290417 0.9287589 0.3318389 0.934346 0.3406558 0.9684625 0.2958099 0.9699897 0.2298338 0.9299805 0.1879414 0.9461623 0.1933959 0.9466993 0.1811027 0.9735573 0.186557 0.9461623 0.2160083 0.9731127 0.3494728 0.934346 0.3908947 0.9287589 0.3881983 0.9548093 0.467334 0.9290173 0.4271832 0.8975042 0.4701163 0.8975042 0.4545351 0.8975042 0.4940624 0.9326708 0.4940624 0.8975042 0.3881983 0.9548093 0.4275057 0.928134 0.4305841 0.9583804 0.467334 0.9290173 0.4940624 0.8975042 0.4940624 0.9326708 0.2716751 0.5225208 0.3280236 0.3309299 0.316235 0.5385829 0.4158245 0.5229346 0.3553884 0.3309299 0.4158245 0.3309299 0.3791276 0.5347837 0.3280236 0.3309299 0.3553884 0.3309299 0.1680673 0.4970012 0.2029492 0.3309299 0.2082985 0.4988322 0.2752285 0.5972024 0.316235 0.5385829 0.3291283 0.6068952 0.4158245 0.6019483 0.3791276 0.5347837 0.4158245 0.5229346 0.3679093 0.6065569 0.316235 0.5385829 0.3791276 0.5347837 0.1675147 0.5883939 0.2082985 0.4988322 0.2269984 0.5860189 0.1680673 0.4970012 0.1327821 0.3309299 0.180386 0.3309299 0.2082985 0.4988322 0.2642897 0.3309299 0.2716751 0.5225208 0.3290814 0.6336981 0.2752285 0.5972024 0.3291283 0.6068952 0.3670714 0.6358463 0.4158245 0.6019483 0.4158245 0.641359 0.3290814 0.6336981 0.3679093 0.6065569 0.3670714 0.6358463 0.1695069 0.6339337 0.2269984 0.5860189 0.2202811 0.6299188 0.1675147 0.5883939 0.1257222 0.5209783 0.1680673 0.4970012 0.2269984 0.5860189 0.2716751 0.5225208 0.2752285 0.5972024 0.3203445 0.6629779 0.2683163 0.6326546 0.3290814 0.6336981 0.3718754 0.6636925 0.4158245 0.641359 0.4158245 0.6676251 0.3203445 0.6629779 0.3670714 0.6358463 0.3718754 0.6636925 0.2218485 0.6876491 0.1695069 0.6339337 0.2202811 0.6299188 0.1257222 0.6342512 0.1675147 0.5883939 0.1695069 0.6339337 0.2683163 0.6326546 0.2269984 0.5860189 0.2752285 0.5972024 0.3179344 0.7045565 0.2700523 0.6674121 0.3203445 0.6629779 0.3654776 0.7045567 0.4158245 0.6676251 0.4158245 0.7045567 0.3654776 0.7045567 0.3203445 0.6629779 0.3718754 0.6636925 0.2191258 0.7045565 0.1695492 0.6886656 0.2218485 0.6876491 0.1695492 0.6886656 0.1257222 0.6342512 0.1695069 0.6339337 0.2218485 0.6876491 0.2683163 0.6326546 0.2700523 0.6674121 0.4663187 0.9565 0.4275057 0.928134 0.467334 0.9290173 0.4933702 0.9461623 0.4940624 0.9326708 0.4536942 0.9252624 0.4944085 0.9394165 0.467334 0.9290173 0.4940624 0.9326708 0.3646711 0.8975042 0.3950344 0.8975042 0.3908947 0.9287589 0.1257222 0.7045565 0.1695492 0.6886656 0.1642094 0.7045565 0.2642897 0.7045565 0.2218485 0.6876491 0.2700523 0.6674121 0.3494728 0.934346 0.3258607 0.9210246 0.3338282 0.8975042 0.3237111 0.9250241 0.3494728 0.934346 0.3406558 0.9343305 0.4275057 0.928134 0.3950344 0.8975042 0.4271832 0.8975042 0.3406558 0.9684625 0.3494728 0.934346 0.3855018 0.9699897 0.4514778 0.9299805 0.4933702 0.9461623 0.4536942 0.9252624 0.5002089 0.9707027 0.4947546 0.9461623 0.5002089 0.9466993 0.1589052 0.1919236 0.1589052 0.1883051 0.1589052 0.1883051 0 0 0 0 0 0 0.1785861 0.002879619 0.1785861 0.01726174 0.1785861 0.01726174 0.1785861 0.0563609 0.1785861 0.01726174 0.1785861 0.01726174 0.1785861 0.002879619 0.1785861 -0.02746367 0.1785861 -0.02746367 0.1097092 0.1919236 0.1097092 0.2201056 0.1203482 0.2201057 0.1504352 0.2461526 0.1346417 0.2461526 0.1404858 0.2531909 0.1346417 0.2461526 0.1324894 0.2468641 0.1312788 0.2482104 0.1785861 -0.02746367 0.1785861 0.002879619 0.1785861 0.002879619 0.1504352 0.2461526 0.1589052 0.2153277 0.1589052 0.2153277 0.1504352 0.274117 0.1504352 0.2461526 0.1504352 0.2461526 0.1504352 0.2461526 0.1504352 0.274117 0.1504352 0.274117 0.1097092 0.2201056 0.1097092 0.2461526 0.1201884 0.2461525 0.1353482 0.2196944 0.1346417 0.2461526 0.1504352 0.2461526 0.1200885 0.274117 0.1097092 0.274117 0.1097092 0.2964547 0.1353653 0.1680942 0.1354605 0.1883051 0.1589052 0.1883051 0.1097092 0.2461526 0.1097092 0.274117 0.1200885 0.274117 0.1198713 0.1883051 0.1097092 0.1883051 0.1097092 0.1919236 0.1097092 0.2461526 0.1097092 0.2201056 0.1019105 0.2223859 0.1097092 0.2201056 0.1097092 0.1919236 0.1029176 0.1919412 0.1346374 0.274117 0.1504352 0.274117 0.1315028 0.2694544 0.1504352 0.274117 0.1407296 0.2657334 0.1315028 0.2694544 0.1504352 0.274117 0.1346374 0.274117 0.1353653 0.2964547 0.135939 0.271789 0.142719 0.2661711 0.1423575 0.2567409 0.1354605 0.1883051 0.1354104 0.1919236 0.1589052 0.1919236 0.11954 0.2615508 0.1228365 0.2683283 0.1315028 0.2694544 0.1309872 0.2201057 0.1203482 0.2201057 0.1198948 0.1919236 0.1354104 0.1919236 0.1353482 0.2196943 0.1589052 0.2153277 0.1404858 0.2531909 0.1407296 0.2657334 0.1504352 0.274117 0.1125431 0.2530778 0.1129567 0.2647572 0.11954 0.2615508 0.1312788 0.2482104 0.1235881 0.250215 0.11954 0.2545689 0.142719 0.2661711 0.1425836 0.2627395 0.1428622 0.2626007 0.11954 0.2545689 0.11954 0.2615508 0.1407296 0.2657334 0.1785861 0.01726174 0.1785861 0.0563609 0.1785861 0.0563609 0.1589052 0.2153277 0.1589052 0.1919236 0.1589052 0.1919236 0.1589052 0.1919236 0.1589052 0.2153277 0.1589052 0.2153277 0 0 0 0 0 0 0.1589052 0.1680942 0.1589052 0.1883051 0.1589052 0.1883051 0.1589052 0.2964547 0.1504352 0.274117 0.1504352 0.274117 0.1785861 0.152951 0.1785861 0.1144283 0.1785861 0.1144283 0 0 0 0 0 0 0 0 0 0 0 0 0.1589052 0.1883051 0.1589052 0.1680942 0.1589052 0.1680942 0.1589052 0.1883051 0.1589052 0.1919236 0.1589052 0.1919236 0.1354605 0.1883051 0.1300332 0.1883051 0.1310623 0.1680942 0.1310623 0.2964547 0.1304678 0.274117 0.1346374 0.274117 0.1300332 0.1883051 0.1354605 0.1883051 0.1354104 0.1919236 0.1306676 0.2461526 0.1363204 0.2498139 0.135939 0.271789 0.1309872 0.2201057 0.1300802 0.1919236 0.1354104 0.1919236 0.1346417 0.2461526 0.1306676 0.2461525 0.1309872 0.2201057 0.1589052 0.1883051 0.1354605 0.1883051 0.1353653 0.1680943 0.1310623 0.1680942 0.1300332 0.1883051 0.1354605 0.1883051 0.1346374 0.274117 0.1304678 0.274117 0.1310623 0.2964547 0.1354104 0.1919236 0.1354605 0.1883051 0.1300332 0.1883051 0.135939 0.271789 0.1363204 0.2498139 0.1306676 0.2461526 0.1354104 0.1919236 0.1300802 0.1919236 0.1309872 0.2201057 0.1309872 0.2201057 0.1306676 0.2461525 0.1346417 0.2461526 0.1203858 0.1680942 0.1097092 0.1680942 0.1097092 0.1883051 0.1310623 0.1680942 0.1300332 0.1883051 0.1198713 0.1883051 0.1304678 0.274117 0.1200885 0.274117 0.1201884 0.2461526 0.1300802 0.1919236 0.1198948 0.1919236 0.1198713 0.1883051 0.1304678 0.274117 0.1310623 0.2964547 0.1203858 0.2964547 0.1309872 0.2201057 0.1306676 0.2461525 0.1201884 0.2461525 0.1198948 0.1919236 0.1203482 0.2201057 0.1309872 0.2201057 0.1309872 0.2201057 0.1203482 0.2201057 0.1201884 0.2461525 0.1304678 0.274117 0.1200885 0.274117 0.1203858 0.2964547 0.1201884 0.2461526 0.1200885 0.274117 0.1304678 0.274117 0.1198713 0.1883051 0.1198948 0.1919236 0.1300802 0.1919236 0.1310623 0.1680942 0.1203858 0.1680942 0.1198713 0.1883051 0.1504352 0.274117 0.1589052 0.2964547 0.1589052 0.2964547 0 0 0 0 0 0 0.1589052 0.2153277 0.1504352 0.2461526 0.1504352 0.2461526 0 0 0 0 0 0 0.1785861 0.0563609 0.1785861 0.09698557 0.1785861 0.09698557 0.1785861 0.1144283 0.1785861 0.09698557 0.1785861 0.09698557 0 0 0 0 0 0 0.1785861 0.1144283 0.1785861 0.152951 0.1785861 0.152951 0 0 0 0 0 0 0.1785861 0.09698557 0.1785861 0.0563609 0.1785861 0.0563609 0.1785861 0.09698557 0.1785861 0.1144283 0.1785861 0.1144283 0.1785861 0.01726174 0.1785861 0.002879619 0.1785861 0.002879619 0.1589052 0.1919236 0.1589052 0.1883051 0.1589052 0.1883051 0.1589052 0.1680942 0.1589052 0.1883051 0.1589052 0.1883051 0.1785861 0.0563609 0.1785861 0.09698557 0.1785861 0.09698557 0.1589052 0.2964547 0.1504352 0.274117 0.1504352 0.274117 0 0 0 0 0 0 0.1785861 0.1144283 0.1785861 0.09698557 0.1785861 0.09698557 0.1785861 0.1144283 0.1785861 0.152951 0.1785861 0.152951 0.1589052 0.1883051 0.1589052 0.1680942 0.1589052 0.1680942 0 0 0 0 0 0 0 0 0 0 0 0 0.1785861 0.09698557 0.1785861 0.0563609 0.1785861 0.0563609 0.1504352 0.2461526 0.1589052 0.2153277 0.1589052 0.2153277 0.1785861 0.09698557 0.1785861 0.1144283 0.1785861 0.1144283 0 0 0 0 0 0 0.1504352 0.274117 0.1589052 0.2964547 0.1589052 0.2964547 0.1785861 0.01726174 0.1785861 0.002879619 0.1785861 0.002879619 0.1785861 0.002879619 0.1785861 0.01726174 0.1785861 0.01726174 0 0 0 0 0 0 0.1785861 0.0563609 0.1785861 0.01726174 0.1785861 0.01726174 0.1785861 0.002879619 0.1785861 -0.02746367 0.1785861 -0.02746367 0.1785861 -0.02746367 0.1785861 0.002879619 0.1785861 0.002879619 0.1785861 0.01726174 0.1785861 0.0563609 0.1785861 0.0563609 0 0 0 0 0 0 0.1504352 0.2461526 0.1504352 0.274117 0.1504352 0.274117 0 0 0 0 0 0 0.1504352 0.274117 0.1504352 0.2461526 0.1504352 0.2461526 0.1785861 0.152951 0.1785861 0.1144283 0.1785861 0.1144283 0.1589052 0.1883051 0.1589052 0.1919236 0.1589052 0.1919236 0.1589052 0.2153277 0.1589052 0.1919236 0.1589052 0.1919236 0.1589052 0.2153277 0.1504352 0.2461526 0.1504352 0.2461526 0 0 0 0 0 0 0.1589052 0.1919236 0.1589052 0.2153277 0.1589052 0.2153277 0.8859683 0.5259838 0.850376 0.509626 0.8482944 0.5801007 0.8482944 0.5801007 0.8197285 0.5801007 0.8236899 0.6796321 0.919776 0.5801007 0.9062017 0.5801007 0.8908464 0.7014613 0.8236899 0.6796321 0.8197285 0.5801007 0.7959512 0.5801007 0.9402117 0.5801007 0.919776 0.5801007 0.9170544 0.7044125 0.8482944 0.5801007 0.850376 0.509626 0.8180865 0.509626 0.9171702 0.5259838 0.912992 0.5259838 0.9062017 0.5801007 0.8197285 0.5801007 0.8180865 0.509626 0.7922941 0.5259839 0.9402117 0.5801007 0.9405068 0.5259838 0.9171702 0.5259838 0.8335903 0.3820524 0.8125889 0.3860557 0.8069031 0.3639147 0.3787163 0.3506301 0.3643489 0.3421556 0.3700376 0.3209689 0.8125889 0.3860557 0.7964806 0.3893787 0.7872411 0.3655911 0.8335903 0.4031547 0.8158859 0.404887 0.8125889 0.3860557 0.370871 0.3630008 0.3597937 0.3532446 0.3643489 0.3421556 0.8125889 0.3860557 0.8158859 0.404887 0.8081496 0.4066909 0.3597937 0.3532446 0.3445932 0.3556472 0.3433106 0.3430334 0.8335903 0.4031547 0.8335903 0.4143189 0.8286705 0.4148344 0.370871 0.3630008 0.3562911 0.3774113 0.3556606 0.3767781 0.8158859 0.404887 0.8286705 0.4148344 0.8277929 0.4148913 0.3556606 0.3767781 0.3547885 0.3769824 0.3445932 0.3556472 0.8335902 0.2769701 0.8594883 0.2629822 0.9103823 0.2686741 0.9310832 0.1817525 0.9658637 0.2016896 0.9671109 0.1911317 0.931648 0.2317941 0.8805709 0.2326548 0.874179 0.2015221 0.7355332 0.2317941 0.7322632 0.1985566 0.7930023 0.2015221 0.8076921 0.2629822 0.7567989 0.2686741 0.7401734 0.2548328 0.843604 0.2253648 0.8805709 0.2326548 0.8833492 0.2527592 0.8235772 0.2253648 0.8076921 0.2629822 0.7838311 0.2527592 0.8594883 0.2629822 0.8833492 0.2527592 0.9270079 0.2548328 0.9658637 0.2016896 0.9852472 0.2427874 0.9877087 0.2164663 0.7360981 0.1817525 0.732241 0.182985 0.7000703 0.1911317 0.9586453 0.1891661 0.988542 0.1953521 0.9852472 0.2427874 0.6819341 0.2427874 0.6786392 0.1953521 0.708536 0.1891661 0.1589052 0.1919236 0.1589052 0.1919236 0.1589052 0.1883051 0 0 0 0 0 0 0.1785861 0.002879619 0.1785861 0.002879619 0.1785861 0.01726174 0.1785861 0.0563609 0.1785861 0.0563609 0.1785861 0.01726174 0.1785861 0.002879619 0.1785861 0.002879619 0.1785861 -0.02746367 0.1785861 -0.02746367 0.1785861 -0.02746367 0.1785861 0.002879619 0.1504352 0.2461526 0.1504352 0.2461526 0.1589052 0.2153277 0.1504352 0.274117 0.1504352 0.274117 0.1504352 0.2461526 0.1504352 0.2461526 0.1504352 0.2461526 0.1504352 0.274117 0.1785861 0.01726174 0.1785861 0.01726174 0.1785861 0.0563609 0.1589052 0.2153277 0.1589052 0.2153277 0.1589052 0.1919236 0.1589052 0.1919236 0.1589052 0.1919236 0.1589052 0.2153277 0 0 0 0 0 0 0.1589052 0.1680942 0.1589052 0.1680942 0.1589052 0.1883051 0.1589052 0.2964547 0.1589052 0.2964547 0.1504352 0.274117 0.1785861 0.152951 0.1785861 0.152951 0.1785861 0.1144283 0 0 0 0 0 0 0 0 0 0 0 0 0.1589052 0.1883051 0.1589052 0.1883051 0.1589052 0.1680942 0.1589052 0.1883051 0.1589052 0.1883051 0.1589052 0.1919236 0.1504352 0.274117 0.1504352 0.274117 0.1589052 0.2964547 0 0 0 0 0 0 0.1589052 0.2153277 0.1589052 0.2153277 0.1504352 0.2461526 0 0 0 0 0 0 0.1785861 0.0563609 0.1785861 0.0563609 0.1785861 0.09698557 0.1785861 0.1144283 0.1785861 0.1144283 0.1785861 0.09698557 0 0 0 0 0 0 0.1785861 0.1144283 0.1785861 0.1144283 0.1785861 0.152951 0 0 0 0 0 0 0.1785861 0.09698557 0.1785861 0.09698557 0.1785861 0.0563609 0.1785861 0.09698557 0.1785861 0.09698557 0.1785861 0.1144283 0.1785861 0.01726174 0.1785861 0.01726174 0.1785861 0.002879619 0.1589052 0.1919236 0.1589052 0.1919236 0.1589052 0.1883051 0.1589052 0.1680942 0.1589052 0.1680942 0.1589052 0.1883051 0.1785861 0.0563609 0.1785861 0.0563609 0.1785861 0.09698557 0.1589052 0.2964547 0.1589052 0.2964547 0.1504352 0.274117 0 0 0 0 0 0 0.1785861 0.1144283 0.1785861 0.1144283 0.1785861 0.09698557 0.1785861 0.1144283 0.1785861 0.1144283 0.1785861 0.152951 0.1589052 0.1883051 0.1589052 0.1883051 0.1589052 0.1680942 0 0 0 0 0 0 0 0 0 0 0 0 0.1785861 0.09698557 0.1785861 0.09698557 0.1785861 0.0563609 0.1504352 0.2461526 0.1504352 0.2461526 0.1589052 0.2153277 0.1785861 0.09698557 0.1785861 0.09698557 0.1785861 0.1144283 0 0 0 0 0 0 0.1504352 0.274117 0.1504352 0.274117 0.1589052 0.2964547 0.1785861 0.01726174 0.1785861 0.01726174 0.1785861 0.002879619 0.1785861 0.002879619 0.1785861 0.002879619 0.1785861 0.01726174 0 0 0 0 0 0 0.1785861 0.0563609 0.1785861 0.0563609 0.1785861 0.01726174 0.1785861 0.002879619 0.1785861 0.002879619 0.1785861 -0.02746367 0.1785861 -0.02746367 0.1785861 -0.02746367 0.1785861 0.002879619 0.1785861 0.01726174 0.1785861 0.01726174 0.1785861 0.0563609 0 0 0 0 0 0 0.1504352 0.2461526 0.1504352 0.2461526 0.1504352 0.274117 0 0 0 0 0 0 0.1504352 0.274117 0.1504352 0.274117 0.1504352 0.2461526 0.1785861 0.152951 0.1785861 0.152951 0.1785861 0.1144283 0.1589052 0.1883051 0.1589052 0.1883051 0.1589052 0.1919236 0.1589052 0.2153277 0.1589052 0.2153277 0.1589052 0.1919236 0.1589052 0.2153277 0.1589052 0.2153277 0.1504352 0.2461526 0 0 0 0 0 0 0.1589052 0.1919236 0.1589052 0.1919236 0.1589052 0.2153277</float_array>
          <technique_common>
            <accessor source="#Cube_033-mesh-map-0-array" count="3048" stride="2">
              <param name="S" type="float"/>
              <param name="T" type="float"/>
            </accessor>
          </technique_common>
        </source>
        <vertices id="Cube_033-mesh-vertices">
          <input semantic="POSITION" source="#Cube_033-mesh-positions"/>
        </vertices>
        <triangles material="Material_010-material" count="1016">
          <input semantic="VERTEX" source="#Cube_033-mesh-vertices" offset="0"/>
          <input semantic="NORMAL" source="#Cube_033-mesh-normals" offset="1"/>
          <input semantic="TEXCOORD" source="#Cube_033-mesh-map-0" offset="2" set="0"/>
          <p>15 0 0 14 1 1 21 2 2 19 3 3 12 4 4 17 5 5 18 6 6 28 7 7 25 8 8 20 9 9 12 4 10 19 3 11 21 2 12 13 10 13 20 9 14 28 7 15 16 11 16 21 2 17 30 12 18 19 3 19 23 13 20 29 14 21 22 15 22 25 8 23 26 16 24 19 3 25 30 12 26 27 17 27 20 9 28 26 16 29 61 18 30 24 19 31 29 14 32 30 12 33 24 19 34 61 18 35 29 14 36 50 20 37 51 21 38 40 22 39 33 23 40 30 12 41 31 24 42 26 16 43 33 23 44 50 20 45 25 8 46 31 24 47 52 25 48 34 26 49 37 27 50 43 28 51 42 29 52 53 30 53 49 31 54 32 32 55 33 23 56 42 29 57 38 33 58 34 26 59 38 33 60 49 31 61 40 22 62 48 34 63 51 21 64 42 29 65 68 35 66 265 36 67 273 37 68 65 38 69 52 25 70 47 39 71 72 40 72 43 28 73 66 41 74 50 20 75 32 32 76 49 31 77 53 30 78 34 26 79 52 25 80 64 42 81 4 43 82 54 44 83 54 44 84 67 45 85 68 35 86 55 46 87 88 47 88 226 48 89 257 49 90 64 42 91 56 50 92 70 51 93 69 52 94 58 53 95 58 53 96 63 54 97 70 51 98 60 55 99 69 52 100 230 56 101 277 57 102 81 58 103 71 59 104 71 59 105 70 51 106 63 54 107 71 59 108 81 58 109 74 60 110 81 58 111 359 61 112 280 62 113 256 63 114 4 43 115 64 42 116 66 41 117 52 25 118 65 38 119 67 45 120 226 48 121 265 36 122 69 52 123 80 64 124 267 65 125 70 51 126 74 60 127 80 64 128 272 66 129 271 67 130 71 59 131 72 40 132 273 37 133 272 66 134 80 64 135 353 68 136 442 69 137 74 60 138 280 62 139 353 68 140 448 70 141 359 61 142 81 58 143 82 71 144 512 72 145 83 73 146 89 74 147 90 75 148 84 76 149 90 75 150 87 77 151 83 73 152 91 78 153 89 74 154 85 79 155 88 47 156 82 71 157 87 77 158 92 80 159 93 81 160 90 75 161 225 82 162 87 77 163 90 75 164 92 80 165 89 74 166 91 78 167 224 83 168 93 81 169 92 80 170 264 84 171 225 82 172 93 81 173 223 85 174 92 80 175 94 86 176 178 87 177 180 88 178 96 89 179 179 90 180 178 87 181 95 91 182 189 92 183 183 93 184 96 89 185 182 94 186 179 90 187 176 95 188 186 96 189 180 88 190 178 87 191 185 97 192 184 98 193 178 87 194 195 99 195 189 92 196 180 88 197 185 97 198 179 90 199 182 94 200 182 94 201 177 100 202 181 101 203 188 102 204 181 101 205 183 93 206 191 103 207 190 104 208 184 98 209 201 105 210 195 99 211 186 96 212 191 103 213 185 97 214 187 106 215 187 106 216 182 94 217 188 102 218 195 99 219 194 107 220 188 102 221 199 108 222 196 109 223 190 104 224 198 110 225 218 111 226 201 105 227 199 108 228 191 103 229 193 112 230 193 112 231 187 106 232 194 107 233 197 113 234 217 114 235 198 110 236 197 113 237 196 109 238 199 108 239 220 115 240 218 111 241 198 110 242 206 116 243 211 117 244 199 108 245 202 118 246 193 112 247 200 119 248 218 111 249 203 120 250 200 119 251 222 121 252 229 122 253 205 123 254 215 124 255 259 125 256 221 126 257 219 127 258 206 116 259 202 118 260 204 128 261 207 129 262 212 130 263 207 129 264 209 131 265 206 116 266 211 117 267 206 116 268 209 131 269 217 114 270 215 124 271 212 130 272 266 132 273 274 133 274 273 37 275 260 134 276 258 135 277 229 122 278 274 133 279 266 132 280 259 125 281 219 127 282 203 120 283 218 111 284 222 121 285 204 128 286 221 126 287 258 135 288 260 134 289 224 83 290 266 132 291 264 84 292 224 83 293 226 48 294 88 47 295 225 82 296 231 136 297 233 137 298 268 138 299 269 139 300 234 140 301 231 136 302 233 137 303 59 141 304 230 56 305 270 142 306 278 143 307 277 57 308 234 140 309 269 139 310 270 142 311 270 142 312 269 139 313 276 144 314 278 143 315 276 144 316 281 145 317 258 135 318 223 85 319 256 63 320 260 134 321 222 121 322 259 125 323 265 36 324 226 48 325 264 84 326 268 138 327 230 56 328 267 65 329 269 139 330 268 138 331 275 146 332 272 66 333 255 147 334 270 142 335 274 133 336 255 147 337 272 66 338 275 146 339 267 65 340 442 69 341 276 144 342 275 146 343 443 148 344 278 143 345 282 149 346 448 70 347 488 150 348 59 141 349 493 151 350 60 55 351 59 141 352 500 152 353 501 153 354 59 141 355 489 154 356 213 155 357 59 141 358 214 156 359 510 157 360 257 49 361 214 156 362 213 155 363 257 49 364 489 154 365 502 158 366 493 151 367 497 159 368 507 160 369 486 161 370 500 152 371 507 160 372 500 152 373 490 162 374 488 150 375 493 151 376 487 163 377 492 164 378 227 165 379 511 166 380 56 50 381 44 167 382 509 168 383 229 122 384 258 135 385 216 169 386 64 42 387 47 39 388 56 50 389 511 166 390 504 170 391 503 171 392 509 168 393 506 172 394 508 173 395 211 117 396 210 174 397 208 175 398 46 176 399 45 177 400 39 178 401 495 179 402 228 180 403 492 164 404 497 159 405 208 175 406 495 179 407 46 176 408 39 178 409 485 181 410 506 172 411 485 181 412 507 160 413 503 171 414 502 158 415 495 179 416 505 182 417 214 156 418 487 163 419 501 153 420 489 154 421 490 162 422 509 168 423 496 183 424 506 172 425 511 166 426 503 171 427 492 164 428 23 13 429 17 5 430 22 15 431 24 19 432 23 13 433 29 14 434 25 8 435 28 7 436 31 24 437 201 105 438 200 119 439 195 99 440 196 109 441 198 110 442 190 104 443 190 104 444 192 184 445 184 98 446 212 130 447 207 129 448 220 115 449 204 128 450 205 123 451 207 129 452 62 185 453 58 53 454 498 186 455 231 136 456 211 117 457 232 187 458 73 188 459 63 54 460 48 34 461 34 26 462 38 33 463 37 27 464 42 29 465 51 21 466 38 33 467 73 188 468 48 34 469 72 40 470 255 147 471 274 133 472 217 114 473 197 113 474 234 140 475 217 114 476 210 174 477 229 122 478 228 180 479 229 122 480 210 174 481 205 123 482 62 185 483 498 186 484 39 178 485 44 167 486 46 176 487 496 183 488 44 167 489 47 39 490 46 176 491 47 39 492 37 27 493 45 177 494 45 177 495 41 189 496 62 185 497 486 161 498 499 190 499 500 152 500 486 161 501 39 178 502 499 190 503 60 55 504 498 186 505 58 53 506 60 55 507 499 190 508 498 186 509 234 140 510 197 113 511 211 117 512 494 191 513 208 175 514 497 159 515 232 187 516 208 175 517 494 191 518 510 157 519 511 166 520 216 169 521 489 154 522 508 173 523 491 192 524 227 165 525 216 169 526 511 166 527 500 152 528 501 153 529 490 162 530 214 156 531 504 170 532 510 157 533 57 193 534 509 168 535 508 173 536 44 167 537 496 183 538 509 168 539 493 151 540 502 158 541 487 163 542 496 183 543 485 181 544 506 172 545 506 172 546 491 192 547 508 173 548 485 181 549 486 161 550 507 160 551 506 172 552 490 162 553 491 192 554 503 171 555 495 179 556 492 164 557 504 170 558 505 182 559 503 171 560 502 158 561 497 159 562 495 179 563 503 171 564 487 163 565 502 158 566 59 141 567 213 155 568 489 154 569 257 49 570 57 193 571 489 154 572 59 141 573 501 153 574 500 152 575 125 194 576 124 195 577 123 196 578 102 197 579 134 198 580 138 199 581 124 195 582 116 200 583 127 201 584 138 199 585 133 202 586 137 203 587 123 196 588 127 201 589 128 204 590 127 201 591 137 203 592 128 204 593 136 205 594 126 206 595 125 194 596 111 207 597 105 208 598 114 209 599 135 210 600 117 211 601 126 206 602 116 200 603 138 199 604 127 201 605 107 212 606 110 213 607 112 214 608 118 215 609 116 200 610 119 216 611 110 213 612 106 217 613 113 218 614 79 219 615 113 218 616 77 220 617 78 221 618 110 213 619 79 219 620 104 222 621 111 207 622 115 223 623 115 223 624 98 224 625 75 225 626 111 207 627 76 226 628 98 224 629 120 227 630 115 223 631 130 228 632 106 217 633 132 229 634 121 230 635 132 229 636 108 231 637 104 222 638 122 232 639 109 233 640 107 212 641 122 232 642 136 205 643 105 208 644 113 218 645 121 230 646 131 234 647 121 230 648 130 228 649 131 234 650 130 228 651 77 220 652 131 234 653 75 225 654 130 228 655 115 223 656 105 208 657 132 229 658 122 232 659 78 221 660 129 235 661 112 214 662 134 198 663 103 236 664 135 210 665 114 209 666 123 196 667 129 235 668 105 208 669 125 194 670 114 209 671 128 204 672 107 212 673 112 214 674 129 235 675 128 204 676 112 214 677 137 203 678 122 232 679 107 212 680 118 215 681 117 211 682 103 236 683 77 220 684 113 218 685 131 234 686 162 237 687 161 238 688 163 239 689 161 238 690 154 240 691 163 239 692 171 241 693 140 242 694 155 243 695 170 244 696 175 245 697 174 246 698 160 247 699 164 248 700 161 238 701 174 246 702 164 248 703 165 249 704 173 250 705 163 239 706 172 251 707 148 252 708 142 253 709 145 254 710 172 251 711 154 240 712 140 242 713 175 245 714 153 255 715 164 248 716 161 238 717 153 255 718 156 256 719 147 257 720 144 258 721 149 259 722 153 255 723 155 243 724 156 256 725 36 260 726 166 261 727 151 262 728 147 257 729 143 263 730 146 264 731 97 265 732 150 266 733 147 257 734 99 267 735 147 257 736 149 259 737 148 252 738 141 268 739 152 269 740 100 270 741 152 269 742 35 271 743 36 260 744 148 252 745 100 270 746 152 269 747 157 272 748 167 273 749 169 274 750 143 263 751 158 275 752 169 274 753 157 272 754 141 268 755 146 264 756 159 276 757 144 258 758 159 276 759 173 250 760 170 244 761 150 266 762 158 275 763 143 263 764 167 273 765 158 275 766 168 277 767 101 278 768 167 273 769 168 277 770 35 271 771 152 269 772 167 273 773 99 267 774 149 259 775 166 261 776 171 241 777 139 279 778 175 245 779 151 262 780 160 247 781 162 237 782 172 251 783 170 244 784 173 250 785 142 253 786 162 237 787 173 250 788 144 258 789 165 249 790 149 259 791 166 261 792 165 249 793 160 247 794 159 276 795 174 246 796 144 258 797 154 240 798 155 243 799 140 242 800 101 278 801 168 277 802 150 266 803 135 210 804 133 202 805 134 198 806 76 226 807 129 235 808 78 221 809 169 274 810 142 253 811 159 276 812 117 211 813 124 195 814 126 206 815 498 186 816 499 190 817 39 178 818 493 151 819 494 191 820 497 159 821 46 176 822 485 181 823 496 183 824 208 175 825 228 180 826 495 179 827 59 141 828 233 137 829 493 151 830 233 137 831 494 191 832 493 151 833 59 141 834 488 150 835 214 156 836 257 49 837 216 169 838 258 135 839 228 180 840 227 165 841 492 164 842 489 154 843 491 192 844 490 162 845 214 156 846 488 150 847 487 163 848 39 178 849 486 161 850 485 181 851 483 280 852 82 71 853 0 281 854 481 282 855 484 283 856 1 284 857 1 284 858 483 280 859 0 281 860 91 78 861 482 285 862 481 282 863 0 281 864 88 47 865 55 46 866 2 286 867 1 284 868 3 287 869 1 284 870 55 46 871 3 287 872 91 78 873 2 286 874 94 86 875 2 286 876 54 44 877 4 43 878 3 287 879 67 45 880 54 44 881 94 86 882 4 43 883 256 63 884 10 288 885 7 289 886 11 290 887 9 291 888 6 292 889 10 288 890 7 289 891 16 11 892 11 290 893 13 10 894 8 293 895 9 291 896 10 288 897 18 6 898 17 5 899 12 4 900 10 288 901 17 5 902 11 290 903 28 7 904 18 6 905 13 10 906 12 4 907 20 9 908 14 1 909 13 10 910 21 2 911 15 0 912 21 2 913 16 11 914 17 5 915 18 6 916 22 15 917 19 3 918 17 5 919 23 13 920 18 6 921 25 8 922 22 15 923 20 9 924 19 3 925 26 16 926 21 2 927 20 9 928 27 17 929 28 7 930 21 2 931 27 17 932 23 13 933 22 15 934 29 14 935 30 12 936 23 13 937 24 19 938 29 14 939 25 8 940 50 20 941 26 16 942 30 12 943 33 23 944 27 17 945 26 16 946 31 24 947 28 7 948 27 17 949 31 24 950 61 18 951 29 14 952 48 34 953 30 12 954 61 18 955 62 185 956 29 14 957 51 21 958 48 34 959 40 22 960 30 12 961 62 185 962 31 24 963 33 23 964 32 32 965 50 20 966 31 24 967 32 32 968 52 25 969 37 27 970 47 39 971 43 28 972 53 30 973 66 41 974 37 27 975 41 189 976 45 177 977 49 31 978 33 23 979 40 22 980 42 29 981 34 26 982 53 30 983 38 33 984 41 189 985 37 27 986 51 21 987 49 31 988 38 33 989 38 33 990 40 22 991 41 189 992 48 34 993 43 28 994 72 40 995 45 177 996 62 185 997 39 178 998 41 189 999 40 22 1000 62 185 1001 48 34 1002 42 29 1003 43 28 1004 47 39 1005 44 167 1006 56 50 1007 68 35 1008 273 37 1009 72 40 1010 239 294 1011 389 295 1012 240 296 1013 387 297 1014 248 298 1015 250 299 1016 65 38 1017 47 39 1018 64 42 1019 72 40 1020 66 41 1021 68 35 1022 47 39 1023 45 177 1024 46 176 1025 63 54 1026 61 18 1027 48 34 1028 240 296 1029 384 300 1030 238 301 1031 329 302 1032 244 303 1033 333 304 1034 332 305 1035 241 306 1036 243 307 1037 331 308 1038 245 309 1039 330 310 1040 334 311 1041 244 303 1042 241 306 1043 243 307 1044 245 309 1045 242 312 1046 241 306 1047 246 313 1048 243 307 1049 378 314 1050 380 315 1051 249 316 1052 238 301 1053 377 317 1054 235 318 1055 380 315 1056 250 299 1057 249 316 1058 331 308 1059 243 307 1060 242 312 1061 249 316 1062 251 319 1063 247 320 1064 330 310 1065 246 313 1066 329 302 1067 236 321 1068 381 322 1069 378 314 1070 236 321 1071 248 298 1072 239 294 1073 251 319 1074 254 323 1075 252 324 1076 250 299 1077 252 324 1078 254 323 1079 249 316 1080 254 323 1081 253 325 1082 247 320 1083 252 324 1084 248 298 1085 50 20 1086 49 31 1087 51 21 1088 53 30 1089 52 25 1090 66 41 1091 64 42 1092 54 44 1093 65 38 1094 54 44 1095 68 35 1096 65 38 1097 55 46 1098 226 48 1099 67 45 1100 257 49 1101 56 50 1102 57 193 1103 69 52 1104 60 55 1105 58 53 1106 60 55 1107 230 56 1108 59 141 1109 277 57 1110 71 59 1111 271 67 1112 62 185 1113 61 18 1114 63 54 1115 71 59 1116 63 54 1117 73 188 1118 71 59 1119 74 60 1120 70 51 1121 81 58 1122 280 62 1123 74 60 1124 256 63 1125 64 42 1126 257 49 1127 66 41 1128 65 38 1129 68 35 1130 67 45 1131 265 36 1132 68 35 1133 69 52 1134 267 65 1135 230 56 1136 70 51 1137 80 64 1138 69 52 1139 272 66 1140 71 59 1141 73 188 1142 72 40 1143 272 66 1144 73 188 1145 80 64 1146 442 69 1147 267 65 1148 74 60 1149 353 68 1150 80 64 1151 448 70 1152 81 58 1153 277 57 1154 82 71 1155 83 73 1156 87 77 1157 89 74 1158 84 76 1159 85 79 1160 90 75 1161 83 73 1162 84 76 1163 91 78 1164 85 79 1165 86 326 1166 88 47 1167 87 77 1168 225 82 1169 92 80 1170 90 75 1171 89 74 1172 225 82 1173 90 75 1174 93 81 1175 92 80 1176 91 78 1177 94 86 1178 224 83 1179 92 80 1180 223 85 1181 264 84 1182 93 81 1183 224 83 1184 223 85 1185 94 86 1186 256 63 1187 178 87 1188 96 89 1189 95 91 1190 179 90 1191 95 91 1192 176 95 1193 189 92 1194 96 89 1195 180 88 1196 182 94 1197 176 95 1198 177 100 1199 186 96 1200 178 87 1201 184 98 1202 185 97 1203 178 87 1204 179 90 1205 195 99 1206 180 88 1207 186 96 1208 185 97 1209 182 94 1210 187 106 1211 182 94 1212 181 101 1213 188 102 1214 188 102 1215 183 93 1216 189 92 1217 192 184 1218 186 96 1219 184 98 1220 191 103 1221 184 98 1222 185 97 1223 201 105 1224 186 96 1225 192 184 1226 191 103 1227 187 106 1228 193 112 1229 187 106 1230 188 102 1231 194 107 1232 195 99 1233 188 102 1234 189 92 1235 198 110 1236 192 184 1237 190 104 1238 199 108 1239 190 104 1240 191 103 1241 198 110 1242 201 105 1243 192 184 1244 199 108 1245 193 112 1246 202 118 1247 193 112 1248 194 107 1249 200 119 1250 200 119 1251 194 107 1252 195 99 1253 197 113 1254 198 110 1255 196 109 1256 197 113 1257 199 108 1258 211 117 1259 220 115 1260 198 110 1261 217 114 1262 206 116 1263 199 108 1264 202 118 1265 202 118 1266 200 119 1267 203 120 1268 218 111 1269 200 119 1270 201 105 1271 222 121 1272 205 123 1273 204 128 1274 215 124 1275 221 126 1276 212 130 1277 210 174 1278 209 131 1279 205 123 1280 219 127 1281 202 118 1282 203 120 1283 204 128 1284 212 130 1285 221 126 1286 205 123 1287 209 131 1288 207 129 1289 207 129 1290 219 127 1291 220 115 1292 207 129 1293 206 116 1294 219 127 1295 274 133 1296 215 124 1297 217 114 1298 210 174 1299 228 180 1300 208 175 1301 211 117 1302 209 131 1303 210 174 1304 217 114 1305 212 130 1306 220 115 1307 257 49 1308 213 155 1309 214 156 1310 266 132 1311 273 37 1312 265 36 1313 338 327 1314 409 328 1315 406 329 1316 342 330 1317 401 331 1318 344 332 1319 260 134 1320 229 122 1321 222 121 1322 274 133 1323 259 125 1324 215 124 1325 227 165 1326 229 122 1327 216 169 1328 234 140 1329 255 147 1330 217 114 1331 340 333 1332 407 334 1333 409 328 1334 402 335 1335 327 336 1336 328 337 1337 408 338 1338 337 339 1339 404 340 1340 396 341 1341 323 342 1342 325 343 1343 339 344 1344 408 338 1345 407 334 1346 405 345 1347 338 327 1348 406 329 1349 339 344 1350 337 339 1351 336 346 1352 340 333 1353 335 347 1354 337 339 1355 343 348 1356 394 349 1357 393 350 1358 324 351 1359 396 341 1360 325 343 1361 394 349 1362 344 332 1363 400 352 1364 390 353 1365 326 354 1366 323 342 1367 345 355 1368 343 348 1369 341 356 1370 388 357 1371 333 304 1372 383 358 1373 397 359 1374 328 337 1375 326 354 1376 342 330 1377 324 351 1378 327 336 1379 348 360 1380 345 355 1381 346 361 1382 344 332 1383 346 361 1384 342 330 1385 343 348 1386 348 360 1387 344 332 1388 346 361 1389 341 356 1390 342 330 1391 219 127 1392 218 111 1393 220 115 1394 222 121 1395 221 126 1396 259 125 1397 258 135 1398 224 83 1399 223 85 1400 266 132 1401 224 83 1402 260 134 1403 226 48 1404 225 82 1405 264 84 1406 229 122 1407 227 165 1408 228 180 1409 231 136 1410 268 138 1411 269 139 1412 233 137 1413 230 56 1414 268 138 1415 270 142 1416 277 57 1417 271 67 1418 233 137 1419 231 136 1420 232 187 1421 234 140 1422 270 142 1423 255 147 1424 378 314 1425 379 362 1426 380 315 1427 385 363 1428 386 364 1429 387 297 1430 377 317 1431 382 365 1432 381 322 1433 382 365 1434 378 314 1435 381 322 1436 376 366 1437 384 300 1438 383 358 1439 386 364 1440 380 315 1441 379 362 1442 388 357 1443 384 300 1444 389 295 1445 387 297 1446 388 357 1447 389 295 1448 235 318 1449 381 322 1450 237 367 1451 392 368 1452 393 350 1453 394 349 1454 399 369 1455 400 352 1456 401 331 1457 395 370 1458 390 353 1459 396 341 1460 393 350 1461 395 370 1462 396 341 1463 397 359 1464 391 371 1465 398 372 1466 394 349 1467 399 369 1468 392 368 1469 397 359 1470 403 373 1471 402 335 1472 403 373 1473 401 331 1474 402 335 1475 404 340 1476 335 347 1477 405 345 1478 382 365 1479 334 311 1480 332 305 1481 379 362 1482 330 310 1483 386 364 1484 383 358 1485 334 311 1486 376 366 1487 379 362 1488 332 305 1489 331 308 1490 388 357 1491 330 310 1492 329 302 1493 406 329 1494 403 373 1495 398 372 1496 403 373 1497 407 334 1498 399 369 1499 392 368 1500 404 340 1501 395 370 1502 407 334 1503 392 368 1504 399 369 1505 405 345 1506 398 372 1507 391 371 1508 395 370 1509 405 345 1510 391 371 1511 270 142 1512 276 144 1513 278 143 1514 278 143 1515 281 145 1516 282 149 1517 258 135 1518 256 63 1519 257 49 1520 260 134 1521 259 125 1522 266 132 1523 265 36 1524 264 84 1525 266 132 1526 268 138 1527 267 65 1528 275 146 1529 269 139 1530 275 146 1531 276 144 1532 272 66 1533 270 142 1534 271 67 1535 274 133 1536 272 66 1537 273 37 1538 275 146 1539 442 69 1540 443 148 1541 276 144 1542 443 148 1543 281 145 1544 278 143 1545 448 70 1546 277 57 1547 280 62 1548 313 374 1549 283 375 1550 359 61 1551 317 376 1552 313 374 1553 358 377 1554 318 378 1555 317 376 1556 281 145 1557 443 148 1558 360 379 1559 282 149 1560 281 145 1561 361 380 1562 446 381 1563 282 149 1564 427 382 1565 316 383 1566 308 384 1567 321 385 1568 349 386 1569 307 387 1570 314 388 1571 351 389 1572 352 390 1573 283 375 1574 307 387 1575 308 384 1576 316 383 1577 285 391 1578 293 392 1579 298 393 1580 296 394 1581 290 395 1582 284 396 1583 287 397 1584 284 396 1585 285 391 1586 286 398 1587 279 399 1588 291 400 1589 288 401 1590 298 393 1591 299 402 1592 297 403 1593 296 394 1594 287 397 1595 295 404 1596 287 397 1597 288 401 1598 292 405 1599 291 400 1600 302 406 1601 291 400 1602 279 399 1603 290 395 1604 293 392 1605 286 398 1606 292 405 1607 294 407 1608 289 408 1609 299 402 1610 297 403 1611 295 404 1612 300 409 1613 295 404 1614 289 408 1615 294 407 1616 304 410 1617 302 406 1618 303 411 1619 302 406 1620 291 400 1621 296 394 1622 298 393 1623 292 405 1624 304 410 1625 306 412 1626 294 407 1627 311 413 1628 309 414 1629 300 409 1630 301 415 1631 300 409 1632 294 407 1633 306 412 1634 320 416 1635 305 417 1636 303 411 1637 302 406 1638 297 403 1639 309 414 1640 311 413 1641 299 402 1642 304 410 1643 308 384 1644 306 412 1645 312 418 1646 310 419 1647 301 415 1648 307 387 1649 307 387 1650 301 415 1651 306 412 1652 350 420 1653 320 416 1654 319 421 1655 319 421 1656 303 411 1657 309 414 1658 311 413 1659 305 417 1660 320 416 1661 317 376 1662 316 383 1663 351 389 1664 314 388 1665 318 378 1666 358 377 1667 318 378 1668 314 388 1669 316 383 1670 319 421 1671 310 419 1672 349 386 1673 321 385 1674 312 418 1675 320 416 1676 354 422 1677 315 423 1678 444 424 1679 351 389 1680 321 385 1681 350 420 1682 354 422 1683 437 425 1684 442 69 1685 444 424 1686 315 423 1687 358 377 1688 448 70 1689 447 426 1690 358 377 1691 428 427 1692 439 428 1693 440 429 1694 436 430 1695 445 431 1696 430 432 1697 360 379 1698 431 433 1699 439 428 1700 428 427 1701 419 434 1702 423 435 1703 412 436 1704 369 437 1705 362 438 1706 410 439 1707 366 440 1708 363 441 1709 366 440 1710 365 442 1711 362 438 1712 411 443 1713 368 444 1714 364 445 1715 418 446 1716 412 436 1717 365 442 1718 372 447 1719 373 448 1720 366 440 1721 373 448 1722 371 449 1723 365 442 1724 416 450 1725 411 443 1726 370 451 1727 411 443 1728 410 439 1729 367 452 1730 370 451 1731 364 445 1732 369 437 1733 413 453 1734 426 454 1735 418 446 1736 414 455 1737 373 448 1738 372 447 1739 413 453 1740 371 449 1741 373 448 1742 425 456 1743 416 450 1744 417 457 1745 416 450 1746 372 447 1747 410 439 1748 417 457 1749 370 451 1750 412 436 1751 421 458 1752 435 459 1753 426 454 1754 422 460 1755 414 455 1756 424 461 1757 421 458 1758 413 453 1759 414 455 1760 434 462 1761 432 463 1762 425 456 1763 424 461 1764 372 447 1765 416 450 1766 426 454 1767 415 464 1768 417 457 1769 419 434 1770 440 429 1771 435 459 1772 423 435 1773 422 460 1774 420 465 1775 125 194 1776 126 206 1777 124 195 1778 102 197 1779 118 215 1780 134 198 1781 124 195 1782 119 216 1783 116 200 1784 138 199 1785 134 198 1786 133 202 1787 123 196 1788 124 195 1789 127 201 1790 127 201 1791 138 199 1792 137 203 1793 136 205 1794 135 210 1795 126 206 1796 111 207 1797 108 231 1798 105 208 1799 135 210 1800 103 236 1801 117 211 1802 116 200 1803 102 197 1804 138 199 1805 107 212 1806 109 233 1807 110 213 1808 118 215 1809 102 197 1810 116 200 1811 110 213 1812 109 233 1813 106 217 1814 79 219 1815 110 213 1816 113 218 1817 78 221 1818 112 214 1819 110 213 1820 104 222 1821 108 231 1822 111 207 1823 115 223 1824 111 207 1825 98 224 1826 111 207 1827 114 209 1828 76 226 1829 120 227 1830 104 222 1831 115 223 1832 106 217 1833 109 233 1834 132 229 1835 104 222 1836 120 227 1837 132 229 1838 120 227 1839 121 230 1840 132 229 1841 122 232 1842 132 229 1843 109 233 1844 122 232 1845 133 202 1846 136 205 1847 113 218 1848 106 217 1849 121 230 1850 121 230 1851 120 227 1852 130 228 1853 130 228 1854 75 225 1855 77 220 1856 105 208 1857 108 231 1858 132 229 1859 134 198 1860 118 215 1861 103 236 1862 114 209 1863 125 194 1864 123 196 1865 105 208 1866 136 205 1867 125 194 1868 128 204 1869 137 203 1870 107 212 1871 129 235 1872 123 196 1873 128 204 1874 137 203 1875 133 202 1876 122 232 1877 118 215 1878 119 216 1879 117 211 1880 162 237 1881 160 247 1882 161 238 1883 161 238 1884 156 256 1885 154 240 1886 171 241 1887 172 251 1888 140 242 1889 170 244 1890 171 241 1891 175 245 1892 160 247 1893 165 249 1894 164 248 1895 174 246 1896 175 245 1897 164 248 1898 173 250 1899 162 237 1900 163 239 1901 148 252 1902 151 262 1903 142 253 1904 172 251 1905 163 239 1906 154 240 1907 175 245 1908 139 279 1909 153 255 1910 161 238 1911 164 248 1912 153 255 1913 147 257 1914 146 264 1915 144 258 1916 153 255 1917 139 279 1918 155 243 1919 36 260 1920 99 267 1921 166 261 1922 147 257 1923 150 266 1924 143 263 1925 97 265 1926 101 278 1927 150 266 1928 99 267 1929 97 265 1930 147 257 1931 148 252 1932 145 254 1933 141 268 1934 100 270 1935 148 252 1936 152 269 1937 36 260 1938 151 262 1939 148 252 1940 152 269 1941 141 268 1942 157 272 1943 169 274 1944 146 264 1945 143 263 1946 141 268 1947 145 254 1948 169 274 1949 169 274 1950 158 275 1951 157 272 1952 146 264 1953 169 274 1954 159 276 1955 159 276 1956 142 253 1957 173 250 1958 150 266 1959 168 277 1960 158 275 1961 167 273 1962 157 272 1963 158 275 1964 101 278 1965 35 271 1966 167 273 1967 171 241 1968 155 243 1969 139 279 1970 151 262 1971 166 261 1972 160 247 1973 172 251 1974 171 241 1975 170 244 1976 142 253 1977 151 262 1978 162 237 1979 144 258 1980 174 246 1981 165 249 1982 166 261 1983 149 259 1984 165 249 1985 159 276 1986 170 244 1987 174 246 1988 154 240 1989 156 256 1990 155 243 1991 135 210 1992 136 205 1993 133 202 1994 76 226 1995 114 209 1996 129 235 1997 169 274 1998 145 254 1999 142 253 2000 117 211 2001 119 216 2002 124 195 2003 423 435 2004 419 434 2005 421 458 2006 438 466 2007 433 467 2008 432 463 2009 432 463 2010 420 465 2011 424 461 2012 434 462 2013 415 464 2014 426 454 2015 427 382 2016 361 380 2017 439 428 2018 446 381 2019 429 468 2020 430 432 2021 429 468 2022 427 382 2023 428 427 2024 436 430 2025 420 465 2026 432 463 2027 440 429 2028 438 466 2029 434 462 2030 444 424 2031 445 431 2032 441 469 2033 439 428 2034 431 433 2035 438 466 2036 442 69 2037 437 425 2038 441 469 2039 444 424 2040 447 426 2041 446 381 2042 448 70 2043 282 149 2044 446 381 2045 433 467 2046 441 469 2047 436 430 2048 315 423 2049 354 422 2050 349 386 2051 441 469 2052 433 467 2053 431 433 2054 354 422 2055 352 390 2056 322 470 2057 353 68 2058 283 375 2059 354 422 2060 443 148 2061 441 469 2062 360 379 2063 280 62 2064 283 375 2065 353 68 2066 359 61 2067 313 374 2068 280 62 2069 358 377 2070 317 376 2071 359 61 2072 281 145 2073 360 379 2074 361 380 2075 282 149 2076 361 380 2077 427 382 2078 446 381 2079 427 382 2080 429 468 2081 283 375 2082 352 390 2083 354 422 2084 316 383 2085 321 385 2086 351 389 2087 349 386 2088 314 388 2089 315 423 2090 351 389 2091 283 375 2092 313 374 2093 307 387 2094 316 383 2095 314 388 2096 285 391 2097 298 393 2098 288 401 2099 296 394 2100 284 396 2101 287 397 2102 287 397 2103 285 391 2104 288 401 2105 286 398 2106 291 400 2107 292 405 2108 288 401 2109 299 402 2110 289 408 2111 297 403 2112 287 397 2113 295 404 2114 295 404 2115 288 401 2116 289 408 2117 292 405 2118 302 406 2119 304 410 2120 291 400 2121 290 395 2122 296 394 2123 293 392 2124 292 405 2125 298 393 2126 294 407 2127 299 402 2128 311 413 2129 297 403 2130 300 409 2131 309 414 2132 295 404 2133 294 407 2134 300 409 2135 304 410 2136 303 411 2137 305 417 2138 302 406 2139 296 394 2140 297 403 2141 298 393 2142 304 410 2143 299 402 2144 306 412 2145 311 413 2146 312 418 2147 309 414 2148 301 415 2149 310 419 2150 300 409 2151 306 412 2152 301 415 2153 320 416 2154 303 411 2155 319 421 2156 302 406 2157 309 414 2158 303 411 2159 311 413 2160 304 410 2161 305 417 2162 239 294 2163 387 297 2164 389 295 2165 250 299 2166 385 363 2167 387 297 2168 387 297 2169 239 294 2170 248 298 2171 308 384 2172 312 418 2173 321 385 2174 310 419 2175 307 387 2176 349 386 2177 307 387 2178 306 412 2179 308 384 2180 350 420 2181 319 421 2182 322 470 2183 240 296 2184 389 295 2185 384 300 2186 329 302 2187 246 313 2188 244 303 2189 332 305 2190 334 311 2191 241 306 2192 331 308 2193 242 312 2194 245 309 2195 334 311 2196 333 304 2197 244 303 2198 243 307 2199 246 313 2200 245 309 2201 241 306 2202 244 303 2203 246 313 2204 247 320 2205 236 321 2206 249 316 2207 236 321 2208 378 314 2209 249 316 2210 238 301 2211 384 300 2212 377 317 2213 380 315 2214 385 363 2215 250 299 2216 331 308 2217 332 305 2218 243 307 2219 249 316 2220 253 325 2221 251 319 2222 330 310 2223 245 309 2224 246 313 2225 236 321 2226 237 367 2227 381 322 2228 236 321 2229 247 320 2230 248 298 2231 251 319 2232 253 325 2233 254 323 2234 250 299 2235 248 298 2236 252 324 2237 249 316 2238 250 299 2239 254 323 2240 247 320 2241 251 319 2242 252 324 2243 319 421 2244 309 414 2245 310 419 2246 311 413 2247 320 416 2248 312 418 2249 317 376 2250 351 389 2251 313 374 2252 314 388 2253 358 377 2254 315 423 2255 318 378 2256 316 383 2257 317 376 2258 352 390 2259 350 420 2260 322 470 2261 319 421 2262 349 386 2263 322 470 2264 321 385 2265 320 416 2266 350 420 2267 354 422 2268 322 470 2269 349 386 2270 354 422 2271 444 424 2272 437 425 2273 351 389 2274 350 420 2275 352 390 2276 354 422 2277 442 69 2278 353 68 2279 444 424 2280 358 377 2281 447 426 2282 448 70 2283 358 377 2284 359 61 2285 441 469 2286 431 433 2287 360 379 2288 428 427 2289 440 429 2290 419 434 2291 436 430 2292 430 432 2293 423 435 2294 360 379 2295 439 428 2296 361 380 2297 428 427 2298 423 435 2299 430 432 2300 412 436 2301 362 438 2302 365 442 2303 410 439 2304 363 441 2305 367 452 2306 366 440 2307 362 438 2308 363 441 2309 411 443 2310 364 445 2311 370 451 2312 418 446 2313 365 442 2314 371 449 2315 372 447 2316 366 440 2317 410 439 2318 373 448 2319 365 442 2320 366 440 2321 416 450 2322 370 451 2323 417 457 2324 411 443 2325 367 452 2326 368 444 2327 370 451 2328 369 437 2329 412 436 2330 413 453 2331 418 446 2332 371 449 2333 414 455 2334 372 447 2335 424 461 2336 413 453 2337 373 448 2338 414 455 2339 425 456 2340 417 457 2341 415 464 2342 416 450 2343 410 439 2344 411 443 2345 417 457 2346 412 436 2347 418 446 2348 421 458 2349 426 454 2350 413 453 2351 422 460 2352 424 461 2353 420 465 2354 421 458 2355 414 455 2356 422 460 2357 434 462 2358 425 456 2359 415 464 2360 424 461 2361 416 450 2362 425 456 2363 426 454 2364 417 457 2365 418 446 2366 419 434 2367 435 459 2368 421 458 2369 423 435 2370 420 465 2371 436 430 2372 423 435 2373 421 458 2374 422 460 2375 438 466 2376 432 463 2377 434 462 2378 432 463 2379 424 461 2380 425 456 2381 434 462 2382 426 454 2383 435 459 2384 427 382 2385 439 428 2386 428 427 2387 446 381 2388 430 432 2389 445 431 2390 429 468 2391 428 427 2392 430 432 2393 433 467 2394 438 466 2395 431 433 2396 436 430 2397 432 463 2398 433 467 2399 440 429 2400 434 462 2401 435 459 2402 441 469 2403 445 431 2404 436 430 2405 444 424 2406 441 469 2407 437 425 2408 439 428 2409 438 466 2410 440 429 2411 442 69 2412 441 469 2413 443 148 2414 444 424 2415 446 381 2416 445 431 2417 448 70 2418 446 381 2419 447 426 2420 326 354 2421 474 471 2422 323 342 2423 261 471 2424 480 471 2425 374 471 2426 78 221 2427 457 471 2428 76 226 2429 100 270 2430 452 471 2431 36 260 2432 99 267 2433 451 471 2434 97 265 2435 338 327 2436 340 333 2437 409 328 2438 327 336 2439 401 331 2440 342 330 2441 401 331 2442 400 352 2443 344 332 2444 79 219 2445 460 471 2446 78 221 2447 327 336 2448 472 471 2449 328 337 2450 324 351 2451 476 471 2452 327 336 2453 239 294 2454 464 471 2455 236 321 2456 340 333 2457 339 344 2458 407 334 2459 402 335 2460 401 331 2461 327 336 2462 408 338 2463 336 346 2464 337 339 2465 396 341 2466 390 353 2467 323 342 2468 339 344 2469 336 346 2470 408 338 2471 405 345 2472 335 347 2473 338 327 2474 339 344 2475 340 333 2476 337 339 2477 340 333 2478 338 327 2479 335 347 2480 393 350 2481 324 351 2482 343 348 2483 324 351 2484 341 356 2485 343 348 2486 324 351 2487 393 350 2488 396 341 2489 394 349 2490 343 348 2491 344 332 2492 390 353 2493 397 359 2494 326 354 2495 345 355 2496 347 472 2497 343 348 2498 388 357 2499 329 302 2500 333 304 2501 397 359 2502 402 335 2503 328 337 2504 342 330 2505 341 356 2506 324 351 2507 348 360 2508 347 472 2509 345 355 2510 344 332 2511 348 360 2512 346 361 2513 343 348 2514 347 472 2515 348 360 2516 346 361 2517 345 355 2518 341 356 2519 76 226 2520 455 471 2521 98 224 2522 328 337 2523 471 471 2524 326 354 2525 238 301 2526 462 471 2527 240 296 2528 262 471 2529 469 471 2530 263 471 2531 237 367 2532 465 471 2533 235 318 2534 325 343 2535 473 471 2536 324 351 2537 97 265 2538 453 471 2539 101 278 2540 374 471 2541 478 471 2542 355 471 2543 263 471 2544 470 471 2545 261 471 2546 323 342 2547 475 471 2548 325 343 2549 235 318 2550 461 471 2551 238 301 2552 377 317 2553 376 366 2554 382 365 2555 382 365 2556 379 362 2557 378 314 2558 376 366 2559 377 317 2560 384 300 2561 386 364 2562 385 363 2563 380 315 2564 388 357 2565 383 358 2566 384 300 2567 387 297 2568 386 364 2569 388 357 2570 235 318 2571 377 317 2572 381 322 2573 395 370 2574 391 371 2575 390 353 2576 393 350 2577 392 368 2578 395 370 2579 397 359 2580 390 353 2581 391 371 2582 394 349 2583 400 352 2584 399 369 2585 397 359 2586 398 372 2587 403 373 2588 403 373 2589 399 369 2590 401 331 2591 404 340 2592 337 339 2593 335 347 2594 382 365 2595 376 366 2596 334 311 2597 379 362 2598 331 308 2599 330 310 2600 383 358 2601 333 304 2602 334 311 2603 379 362 2604 382 365 2605 332 305 2606 388 357 2607 386 364 2608 330 310 2609 406 329 2610 409 328 2611 403 373 2612 403 373 2613 409 328 2614 407 334 2615 392 368 2616 408 338 2617 404 340 2618 407 334 2619 408 338 2620 392 368 2621 405 345 2622 406 329 2623 398 372 2624 395 370 2625 404 340 2626 405 345 2627 236 321 2628 466 471 2629 237 367 2630 357 471 2631 477 471 2632 356 471 2633 240 296 2634 463 471 2635 239 294 2636 355 471 2637 479 471 2638 357 471 2639 98 224 2640 458 471 2641 75 225 2642 101 278 2643 454 471 2644 35 271 2645 356 471 2646 467 471 2647 375 471 2648 77 220 2649 456 471 2650 79 219 2651 375 471 2652 468 471 2653 262 471 2654 35 271 2655 449 471 2656 100 270 2657 75 225 2658 459 471 2659 77 220 2660 36 260 2661 450 471 2662 99 267 2663 471 471 2664 7 289 2665 474 471 2666 466 471 2667 96 89 2668 465 471 2669 455 471 2670 285 391 2671 458 471 2672 475 471 2673 8 293 2674 473 471 2675 480 471 2676 483 471 2677 478 471 2678 453 471 2679 362 438 2680 454 471 2681 459 471 2682 290 395 2683 456 471 2684 474 471 2685 6 292 2686 475 471 2687 479 471 2688 482 471 2689 477 471 2690 467 471 2691 85 471 2692 468 471 2693 454 471 2694 369 437 2695 449 471 2696 476 471 2697 14 1 2698 472 471 2699 458 471 2700 284 396 2701 459 471 2702 478 471 2703 484 471 2704 479 471 2705 464 471 2706 95 91 2707 466 471 2708 452 471 2709 368 444 2710 450 471 2711 460 471 2712 286 398 2713 457 471 2714 477 471 2715 86 471 2716 467 471 2717 449 471 2718 364 445 2719 452 471 2720 450 471 2721 367 452 2722 451 471 2723 456 471 2724 279 399 2725 460 471 2726 457 471 2727 293 392 2728 455 471 2729 470 471 2730 512 471 2731 480 471 2732 463 471 2733 176 95 2734 464 471 2735 468 471 2736 84 471 2737 469 471 2738 473 471 2739 5 473 2740 476 471 2741 451 471 2742 363 441 2743 453 471 2744 465 471 2745 183 93 2746 461 471 2747 472 471 2748 15 0 2749 471 471 2750 462 471 2751 177 100 2752 463 471 2753 469 471 2754 83 471 2755 470 471 2756 461 471 2757 181 101 2758 462 471 2759 14 1 2760 5 473 2761 13 10 2762 13 10 2763 9 291 2764 12 4 2765 11 290 2766 16 11 2767 28 7 2768 12 4 2769 9 291 2770 10 288 2771 10 288 2772 11 290 2773 18 6 2774 13 10 2775 5 473 2776 8 293 2777 7 289 2778 15 0 2779 16 11 2780 9 291 2781 8 293 2782 6 292 2783 10 288 2784 6 292 2785 7 289 2786 94 86 2787 2 286 2788 4 43 2789 3 287 2790 55 46 2791 67 45 2792 2 286 2793 3 287 2794 54 44 2795 91 78 2796 481 282 2797 2 286 2798 1 284 2799 0 281 2800 55 46 2801 2 286 2802 481 282 2803 1 284 2804 0 281 2805 82 71 2806 88 47 2807 91 78 2808 86 326 2809 482 285 2810 1 284 2811 484 283 2812 483 280 2813 481 282 2814 482 285 2815 484 283 2816 483 280 2817 512 72 2818 82 71 2819 257 49 2820 510 157 2821 216 169 2822 233 137 2823 232 187 2824 494 191 2825 503 171 2826 505 182 2827 487 163 2828 506 172 2829 507 160 2830 490 162 2831 57 193 2832 56 50 2833 509 168 2834 214 156 2835 505 182 2836 504 170 2837 489 154 2838 57 193 2839 508 173 2840 510 157 2841 504 170 2842 511 166 2843 232 187 2844 211 117 2845 208 175 2846 60 55 2847 500 152 2848 499 190 2849 231 136 2850 234 140 2851 211 117 2852 62 185 2853 63 54 2854 58 53 2855 326 354 2856 471 471 2857 474 471 2858 261 471 2859 470 471 2860 480 471 2861 78 221 2862 460 471 2863 457 471 2864 100 270 2865 449 471 2866 452 471 2867 99 267 2868 450 471 2869 451 471 2870 79 219 2871 456 471 2872 460 471 2873 327 336 2874 476 471 2875 472 471 2876 324 351 2877 473 471 2878 476 471 2879 239 294 2880 463 471 2881 464 471 2882 76 226 2883 457 471 2884 455 471 2885 328 337 2886 472 471 2887 471 471 2888 238 301 2889 461 471 2890 462 471 2891 262 471 2892 468 471 2893 469 471 2894 237 367 2895 466 471 2896 465 471 2897 325 343 2898 475 471 2899 473 471 2900 97 265 2901 451 471 2902 453 471 2903 374 471 2904 480 471 2905 478 471 2906 263 471 2907 469 471 2908 470 471 2909 323 342 2910 474 471 2911 475 471 2912 235 318 2913 465 471 2914 461 471 2915 236 321 2916 464 471 2917 466 471 2918 357 471 2919 479 471 2920 477 471 2921 240 296 2922 462 471 2923 463 471 2924 355 471 2925 478 471 2926 479 471 2927 98 224 2928 455 471 2929 458 471 2930 101 278 2931 453 471 2932 454 471 2933 356 471 2934 477 471 2935 467 471 2936 77 220 2937 459 471 2938 456 471 2939 375 471 2940 467 471 2941 468 471 2942 35 271 2943 454 471 2944 449 471 2945 75 225 2946 458 471 2947 459 471 2948 36 260 2949 452 471 2950 450 471 2951 471 471 2952 15 0 2953 7 289 2954 466 471 2955 95 91 2956 96 89 2957 455 471 2958 293 392 2959 285 391 2960 475 471 2961 6 292 2962 8 293 2963 480 471 2964 512 471 2965 483 471 2966 453 471 2967 363 441 2968 362 438 2969 459 471 2970 284 396 2971 290 395 2972 474 471 2973 7 289 2974 6 292 2975 479 471 2976 484 471 2977 482 471 2978 467 471 2979 86 471 2980 85 471 2981 454 471 2982 362 438 2983 369 437 2984 476 471 2985 5 473 2986 14 1 2987 458 471 2988 285 391 2989 284 396 2990 478 471 2991 483 471 2992 484 471 2993 464 471 2994 176 95 2995 95 91 2996 452 471 2997 364 445 2998 368 444 2999 460 471 3000 279 399 3001 286 398 3002 477 471 3003 482 471 3004 86 471 3005 449 471 3006 369 437 3007 364 445 3008 450 471 3009 368 444 3010 367 452 3011 456 471 3012 290 395 3013 279 399 3014 457 471 3015 286 398 3016 293 392 3017 470 471 3018 83 471 3019 512 471 3020 463 471 3021 177 100 3022 176 95 3023 468 471 3024 85 471 3025 84 471 3026 473 471 3027 8 293 3028 5 473 3029 451 471 3030 367 452 3031 363 441 3032 465 471 3033 96 89 3034 183 93 3035 472 471 3036 14 1 3037 15 0 3038 462 471 3039 181 101 3040 177 100 3041 469 471 3042 84 471 3043 83 471 3044 461 471 3045 183 93 3046 181 101 3047</p>
        </triangles>
      </mesh>
    </geometry>
  </library_geometries>
  <library_controllers>
    <controller id="Biped_f_naked-skin" name="Biped">
      <skin source="#Cube_033-mesh">
        <bind_shape_matrix>1 0 0 0 0 1 0 0 0 0 1 0 0 0 0 1</bind_shape_matrix>
        <source id="Biped_f_naked-skin-joints">
          <Name_array id="Biped_f_naked-skin-joints-array" count="48">spine chest neck knee_R hip spine1 shoulder_L arm_L forearm_L hand_L head shoulder_R arm_R forearm_R hand_R thigh_L leg_L foot_L thigh_R leg_R foot_R knee_L handIK_L handIK_R footIK_L footIK_R finger_L fingertip_L finger_R fingertip_R helmet neck_guard weapon_R projectile shield_arm shield weapon_L weapon_bow ammo cape1 cape2 cape3 sheath_02_L sheath_01_L sheath_02_R sheath_01_R quiver_L quiver_R</Name_array>
          <technique_common>
            <accessor source="#Biped_f_naked-skin-joints-array" count="48" stride="1">
              <param name="JOINT" type="name"/>
            </accessor>
          </technique_common>
        </source>
        <source id="Biped_f_naked-skin-bind_poses">
          <float_array id="Biped_f_naked-skin-bind_poses-array" count="768">1 1.19954e-6 1.58777e-6 -3.95274e-6 -9.84602e-7 -0.3951249 0.9186275 -2.194502 1.7293e-6 -0.9186275 -0.395125 0.9092923 0 0 0 1 1 -3.92878e-7 -6.44655e-7 2.03612e-6 7.28237e-7 0.2769027 0.9608982 -2.667034 -1.99009e-7 -0.9608981 0.2769027 -0.892785 0 0 0 1 1 1.28799e-6 1.89247e-6 -7.30377e-6 -1.10575e-6 -0.4520871 0.8919739 -3.168247 2.00441e-6 -0.8919738 -0.4520873 1.729796 0 0 0 1 -1 0 0 -0.6688504 0 -1 0 -2.524968 0 0 1 -1.247289 0 0 0 1 1 4.42032e-7 0 -2.6309e-7 0 -0.1304007 0.9914615 -2.172789 4.45839e-7 -0.9914615 -0.1304007 0.3040181 0 0 0 1 1 1.4728e-6 1.2395e-6 -3.03559e-6 -1.16719e-6 -0.04812425 0.9988415 -2.55182 1.53075e-6 -0.9988414 -0.04812431 0.01599919 0 0 0 1 0.2876399 -4.7458e-6 0.9577386 -3.380862 0.9577384 0 -0.2876397 0.9444063 1.3131e-6 1 4.70889e-6 -0.06120216 0 0 0 1 0.9393754 0.00367558 0.3428702 -1.570533 0.3428727 -1.86538e-4 -0.9393817 3.047092 -0.003388822 0.9999932 -0.001435339 -0.05484539 0 0 0 1 0.878418 0.4009559 0.2600305 -1.320568 0.4107514 -0.3553435 -0.8396512 2.14959 -0.2442629 0.8443727 -0.4768334 1.459375 0 0 0 1 0.9909687 0.0285871 0.1310096 -1.178839 0.1340474 -0.1860008 -0.9733628 2.116942 -0.003457844 0.9821336 -0.1881527 0.5958486 0 0 0 1 1 2.35974e-7 0 -2.6336e-7 0 -0.1428489 0.9897446 -3.730645 2.38419e-7 -0.9897445 -0.142849 0.5656128 0 0 0 1 0.2876418 2.74341e-6 -0.9577382 3.380861 -0.9577379 0 -0.2876417 0.9444133 -6.80236e-7 1 2.78297e-6 -0.06119531 0 0 0 1 0.9393751 -0.003674745 -0.342871 1.570535 -0.3428736 -1.8688e-4 -0.9393813 3.04709 0.003387928 0.9999933 -0.001435399 -0.05484557 0 0 0 1 0.8784179 -0.4009559 -0.2600305 1.320568 -0.4107516 -0.3553434 -0.8396512 2.149589 0.2442631 0.8443728 -0.4768333 1.459375 0 0 0 1 0.9909685 -0.02858608 -0.1310108 1.178842 -0.1340485 -0.186001 -0.9733627 2.11694 0.003456652 0.9821337 -0.1881529 0.5958478 0 0 0 1 0.9973414 0.03589755 0.0632739 -0.3706422 0.06125271 0.05490612 -0.9966109 2.291105 -0.03927159 0.997832 0.05255812 -0.09078532 0 0 0 1 0.9966382 0.0168398 0.08007162 -0.3906905 0.0766586 0.1499812 -0.9857122 1.201733 -0.02863007 0.9885311 0.1481849 -0.2128255 0 0 0 1 0.999992 -8.52536e-5 -1.19436e-5 -0.378131 -6.4574e-5 -0.9832137 -0.1823784 0.226985 3.3273e-6 0.1823803 -0.9832279 0.08903336 0 0 0 1 0.9973417 -0.03589767 -0.06327396 0.3706421 -0.06125271 0.05490612 -0.996611 2.29111 0.03927147 0.9978321 0.05255812 -0.09078532 0 0 0 1 0.9966385 -0.0168398 -0.08007168 0.3906905 -0.07665866 0.1499812 -0.9857125 1.201734 0.02862983 0.9885314 0.148185 -0.2128258 0 0 0 1 0.9999921 8.52534e-5 1.19345e-5 0.378131 6.47697e-5 -0.9832139 -0.1823784 0.2269852 -3.32429e-6 0.1823803 -0.983228 0.08903372 0 0 0 1 -1 0 0 0.6688504 0 -1 0 -2.524968 0 0 1 -1.247289 0 0 0 1 0.991427 0.02793836 0.1276388 -1.171504 0.1306154 -0.1861851 -0.9737939 2.120958 -0.003441751 0.9821172 -0.188238 0.5960302 0 0 0 1 0.9913951 -0.03428161 -0.1263344 1.167439 -0.130548 -0.1879006 -0.9734735 2.120001 0.009633958 0.9815897 -0.1907591 0.6073032 0 0 0 1 1 0 4.22042e-7 -0.3781533 0 -0.9832279 -0.1823813 0.2269643 4.29243e-7 0.1823813 -0.9832319 0.08903551 0 0 0 1 1 0 -4.22042e-7 0.3781533 0 -0.9832279 -0.1823813 0.2269643 -4.29243e-7 0.1823813 -0.9832319 0.08903551 0 0 0 1 0.4344652 -0.04533952 -0.8995466 1.503293 -0.900663 -0.01438403 -0.43428 1.74283 0.006750822 0.9988681 -0.04708468 0.2903414 0 0 0 1 -0.7041498 -0.06248402 -0.707297 2.034327 -0.7100499 0.06357938 0.7012746 -0.861805 0.001150965 0.9960187 -0.08913594 0.38172 0 0 0 1 0.434463 0.04533702 0.899548 -1.503298 0.9006642 -0.01438492 -0.4342776 1.742826 -0.006748735 0.9988682 -0.0470829 0.2903395 0 0 0 1 -0.6842688 0.08835846 0.7238572 -2.047291 0.7287082 0.04532486 0.6833226 -0.8128319 0.02756875 0.9950571 -0.0954017 0.4180985 0 0 0 1 1 0 -2.6412e-7 9.63864e-7 0 0.9897449 0.1428471 -0.588781 2.66857e-7 -0.1428469 0.989745 -3.626774 0 0 0 1 -1 -4.34261e-6 1.36766e-5 -4.6381e-5 1.32258e-6 -0.9769437 -0.2134972 0.7948859 1.42884e-5 -0.2134971 0.9769439 -3.319635 0 0 0 1 0.9982998 0.04592663 -0.03600728 0.9227946 0.03248941 0.07518446 0.9966406 -2.113735 0.04848927 -0.9961165 0.07356512 -0.3040204 0 0 0 1 -0.9677574 -0.2135989 0.1334901 -1.12567 0.1191101 0.07889258 0.9897418 -2.016457 -0.2219232 0.9736984 -0.05091011 0.1428794 0 0 0 1 -0.06771051 0.4756762 0.8770105 -2.150466 -0.9192489 -0.3714233 0.130482 0.5644087 0.3878093 -0.7973561 0.4624142 -1.513896 0 0 0 1 0.001625061 0.9971757 -0.07508432 0.339294 -0.9960316 -0.005067169 -0.08885335 1.192893 -0.08898258 0.07493108 0.9932108 -2.079282 0 0 0 1 0.9976043 -0.05374425 0.04352819 -0.9408522 -0.03958922 0.07229077 0.9965975 -2.109638 -0.05670559 -0.9959331 0.06998938 -0.2883797 0 0 0 1 -0.9910588 0.03321492 -0.1292247 1.102803 -0.1263867 0.07670307 0.9890115 -2.008425 0.04276311 0.9965095 -0.07181853 0.4128798 0 0 0 1 -0.9924281 -0.01265847 -0.1221712 1.04787 0.1218021 0.0266726 -0.9921957 2.038832 0.01581835 -0.999564 -0.02492916 -0.3513702 0 0 0 1 1 5.83119e-7 -2.62493e-7 5.61694e-7 -3.47414e-7 0.1507793 -0.9885675 3.314852 -5.36874e-7 0.9885677 0.1507793 -0.8706198 0 0 0 1 1 0 2.16053e-7 -4.93322e-7 2.16743e-7 -0.04023563 -0.9991905 2.762927 0 0.9991905 -0.04023557 -0.3508891 0 0 0 1 1 2.37876e-7 0 -1.70545e-7 0 0.06743216 -0.997724 2.050828 -2.38419e-7 0.9977241 0.06743228 -0.5747294 0 0 0 1 0.9288079 -0.3167572 0.1923047 -0.9264094 0.2294102 0.8990688 0.3728894 -0.8265517 -0.2910105 -0.3022258 0.9077293 -1.987978 0 0 0 1 0.8207214 -0.5652879 0.0828613 -0.6940037 0.4961014 0.7770559 0.3873854 -0.7892574 -0.2833722 -0.2768279 0.9181864 -2.099417 0 0 0 1 0.9288078 0.316757 -0.1923047 0.9264094 -0.2294102 0.8990688 0.3728894 -0.8265513 0.2910105 -0.3022257 0.9077293 -1.987978 0 0 0 1 0.8207214 0.5652879 -0.08286124 0.6940037 -0.4961014 0.7770558 0.3873855 -0.7892577 0.2833722 -0.2768279 0.9181866 -2.099418 0 0 0 1 0.927992 -0.2254983 0.2966167 -1.152167 0.03269356 0.842281 0.5380465 -1.242819 -0.3711631 -0.4896053 0.7890022 -1.615907 0 0 0 1 0.9279918 0.2254983 -0.2966168 1.152167 -0.03269356 0.842281 0.5380465 -1.24282 0.3711632 -0.4896052 0.7890022 -1.615907 0 0 0 1</float_array>
          <technique_common>
            <accessor source="#Biped_f_naked-skin-bind_poses-array" count="48" stride="16">
              <param name="TRANSFORM" type="float4x4"/>
            </accessor>
          </technique_common>
        </source>
        <source id="Biped_f_naked-skin-weights">
          <float_array id="Biped_f_naked-skin-weights-array" count="1001">0.853514 0.1203886 0.02609735 0.821395 0.136432 0.04217296 0.8427804 0.01235282 0.1448668 0.8037688 0.02665275 0.1695785 0.09006947 0.02143257 0.8884979 0.354825 0.645175 0.4903419 0.509658 0.4883024 0.5116976 0.4500192 0.5499808 1 1 1 1 1 0.4778879 0.5221121 0.4802999 0.5197001 1 0.08629095 0.9137091 0.06562203 0.934378 0.1954483 0.8045517 1 1 0.4891078 0.5108922 0.840294 0.1597061 1 0.4942919 0.5057082 0.3228123 0.6771877 0.1149489 0.8850511 0.07192051 0.9280796 0.9553095 0.04469048 0.9299244 0.07007563 0.8160509 0.1839491 0.9700883 0.02991181 0.8957177 0.1042823 0.6718233 0.3281767 1 0.9384436 0.06155639 0.6525421 0.3474579 0.1351438 0.8648562 1 1 0.01276659 0.2875257 0.6997077 0.2720499 0.72795 0.04823935 0.6080949 0.3436657 0.3563274 0.6436727 0.1171293 0.5661948 0.3166758 1 0.005791366 0.8762177 0.1179909 0.05183851 0.183387 0.7647745 1 0.9797371 0.02026283 0.07950317 0.9204968 0.8777211 0.1222789 0.6612807 0.3387193 0.2218028 0.7781972 0.008360564 0.8637354 0.03330588 0.09459817 0.7694611 0.2305389 1 0.1549893 0.6255667 0.08544403 0.134 0.07284438 0.8689498 0.05820584 0.115524 0.8055024 0.07897365 0.02184289 0.07220047 0.01077699 0.8951796 0.09141778 0.1233516 0.7852306 0.2667177 0.5100595 0.1215125 0.1017102 0.03738129 0.9557565 0.006862223 0.005684435 0.9555878 0.03872776 0.002230525 0.8874053 0.1103641 0.08524399 0.6040431 0.3107129 0.09905332 0.1326943 0.7682524 0.2624613 0.5596969 0.1778419 0.6261762 0.1354576 0.2383662 0.5412401 0.0477814 0.4109784 0.003454566 0.1456138 0.7015935 0.1493381 0.1984857 0.3552743 0.1523143 0.2939257 0.5512066 0.05265927 0.3961342 1 0.9384435 0.06155645 1 0.9399299 0.06007021 1 0.4837719 0.09708219 0.4191459 0.6956682 5.74933e-4 0.0568729 0.2468839 0.8609347 0.1390653 1 1 1 0.003928542 0.9960715 0.8535122 0.02609759 0.1203902 0.05623644 0.9040632 0.03970038 0.8539896 0.01888525 0.1271252 0.8213919 0.0421729 0.1364352 0.8906114 0.1093887 0.8427817 0.1448671 0.01235121 0.8037654 0.1695778 0.02665668 0.8713301 0.06377977 0.001110494 0.06377971 0.2 0.8 0.2 0.8 1 0.9939426 0.0060575 0.9399298 0.06007015 0.9939427 0.006057322 1 1 1 0.4691257 0.5308743 1 0.476497 0.523503 0.02554357 0.9744564 0.06483519 0.9351648 0.1551304 0.8448696 0.8635128 0.1364872 0.08910244 0.9108976 0.117316 0.882684 0.914986 0.08501398 0.08768004 0.91232 0.8548356 0.1451644 1 1 1 1 0.4715816 0.5284185 0.4740387 0.5259613 0.01706838 0.9829316 0.07045048 0.9295495 0.03471922 0.9652808 0.05799371 0.9420063 0.02877062 0.9712293 0.03772264 0.9622773 0.07680314 0.9231969 0.1072386 0.8927614 0.8748815 0.1251184 0.8949316 0.1050684 0.124992 0.8750081 0.01109802 0.9889019 0.00541538 0.9945846 1 1 0.01662212 0.9833779 0.008117139 0.9918829 1 1 0.4691257 0.5308743 1 0.476497 0.523503 0.02554357 0.9744564 0.06483519 0.9351648 0.1551304 0.8448696 0.8635128 0.1364872 0.08910244 0.9108976 0.117316 0.882684 0.914986 0.08501398 0.08768004 0.91232 0.8548356 0.1451644 1 1 1 1 0.4715816 0.5284185 0.4740387 0.5259613 0.01706838 0.9829316 0.07045048 0.9295495 0.03471922 0.9652808 0.05799371 0.9420063 0.02877062 0.9712293 0.03772264 0.9622773 0.07680314 0.9231969 0.1072386 0.8927614 0.8748815 0.1251184 0.8949316 0.1050684 0.124992 0.8750081 0.01109802 0.9889019 0.00541538 0.9945846 1 1 0.01662212 0.9833779 0.008117139 0.9918829 0.2 0.8 0.2 0.8 0.7995518 0.2004482 0.797523 0.202477 0.7984135 0.2015866 0.2 0.8 0.7977335 0.2022665 0.2 0.8 0.08629095 0.9137091 1 0.06562209 0.9343779 1 0.7984673 0.2015327 0.7975048 0.2024952 1 0.1954482 0.8045518 1 0.3228123 0.6771877 0.1149489 0.8850511 0.07192057 0.9280794 1 0.02184301 0.07220053 0.01077646 0.8951801 1 1 1 1 1 1 0.6718233 0.3281767 0.6525421 0.347458 1 0.1351435 0.8648566 1 0.01276654 0.2875257 0.6997078 0.1171293 0.5661949 0.3166758 0.09141767 0.1233516 0.7852307 0.2720495 0.7279505 2.97771e-4 0.9997022 2.97771e-4 0.9997022 0.04823929 0.6080955 0.3436652 0.7694609 0.2305392 0.05183863 0.1833865 0.7647749 1 1 0.07950288 0.9204971 0.6612805 0.3387195 0.8777211 0.1222789 0.09006947 0.8884981 0.02143239 0.2218032 0.7781968 0.008360505 0.8637327 0.09459787 0.03330892 0.2663949 0.7336051 0.3563247 0.6436753 1 0.005791366 0.8762178 0.1179909 0.1316131 0.7597529 0.108634 0.1571329 0.6233193 0.08613461 0.1334133 0.1075879 0.8188638 0.07354837 0.1155241 0.8055022 0.07897365 0.266719 0.510061 0.1215128 0.1017072 0.2 0.8 0.2 0.8 0.2 0.8 0.2 0.8 0.2 0.8 0.2 0.8 1 1 1 1 1 1 0.008444309 0.9915558 0.0594657 0.9405344 1 1 1 1 1 1 0.1984868 0.3552758 0.1523148 0.2939226 0.1313731 0.177807 0.3454101 0.3454098 0.6451991 0.1774005 0.1774004 0.03738123 0.9557566 0.006862163 0.002230525 0.8874058 0.1103638 0.005684912 0.9555875 0.0387277 1 1 1 0.08524394 0.6040436 0.3107126 0.6876949 0.2531658 0.02956962 0.02956962 0.0990532 0.132695 0.7682518 0.4693 0.08740442 0.4432955 0.2624614 0.5596967 0.1778419 0.6261765 0.1354576 0.238366 0.5412402 0.0477814 0.4109783 0.5242658 0.05228382 0.01786708 0.4055832 0.1263389 0.6239262 0.09489297 0.03621816 0.04120099 0.03621947 0.04120332 0.7413496 0.03813064 0.1102597 0.11026 0.003454566 0.145614 0.7015947 0.1493368 0.4837719 0.09708219 0.4191459 0.5512067 0.05265927 0.396134 0.6693255 0.1427949 0.1878796 0.6956683 5.74924e-4 0.05687278 0.2468839 0.9399299 0.06007021 0.1879752 0.5875971 0.1069083 0.1175194 0.1879752 0.5875971 0.1069082 0.1175194 0.4134129 0.001426458 0.5363924 0.04876816 0.309959 0.174181 0.02849453 0.02128767 0.4660776 1 1 0.9384435 0.06155645 0.02396064 0.9760394 0.03326094 0.9667391 0.2757019 0.7242981 1 1 1 0.9939426 0.0060575 0.7332533 0.2667468 0.2641683 0.7358317 1 0.1547092 0.8452908 1 0.1710659 0.8289341 0.7518084 0.2481916 0.9359521 0.06404793 1 0.8985308 0.1014692 0.07520222 0.9247978 0.8457552 0.1542448 0.9346998 0.06530016 0.06655329 0.9334467 1 0.8461078 0.1538922 1 0.8354309 0.1645691 1 0.1503304 0.4755795 0.01681292 0.3572772 0.09725064 0.9027494 0.277091 0.722909 0.003442764 0.05196785 0.9445893 0.129361 0.5070486 6.50786e-4 0.3629396 0.6361539 0.06186193 0.3019841 1 1 1 0.07133585 0.9286642 0.4883024 0.5116976 0.4500192 0.5499808 0.4903419 0.509658 0.4802999 0.5197001 0.354825 0.645175 0.4778879 0.5221121 1 1 1 1 0.02000051 0.9799996 1 1 1 1 1 1 1 0.008444309 0.9915558 0.0594657 0.9405344 1 1 1 1 1 1 0.006451845 0.05605912 0.9374891 1 0.007622838 0.04988056 0.9424967 0.0620988 0.04911285 0.01823085 0.8705576 0.2706009 0.5933161 0.07675141 0.05933153 0.1007865 0.2866635 0.61255 1 1 1 0.7099731 0.0847432 0.2052837 0.4134129 0.001426458 0.5363925 0.04876816 0.3099592 0.174181 0.02849447 0.4660778 0.02128744 0.1503306 0.4755793 0.01681292 0.3572771 1 1 0.9384436 0.06155639 0.03326117 0.9667388 0.023961 0.9760391 1 0.9399298 0.06007015 0.9939427 0.006057322 1 0.2757021 0.7242979 0.1547093 0.8452907 0.2641686 0.7358314 1 0.003928542 0.9960715 1 1 1 1 1 1 1 1 1 1 1 1 1 1 1 1 1 1 1 1 1 1 1 1 1 1 1 1 1 1 0.02000051 0.9799996 1 1 1 1 1 1 0.7332533 0.2667467 0.7518084 0.2481916 0.8457552 0.1542448 1 0.07520222 0.9247978 0.171066 0.828934 1 1 0.9346998 0.06530016 0.935952 0.06404799 0.06655186 0.9334481 0.8461078 0.1538922 0.8985307 0.1014693 0.835431 0.164569 0.1293611 0.5070487 6.50801e-4 0.3629394 0.003442764 0.05196791 0.9445893 0.6318494 0.3055565 0.06259411 0.9027493 0.09725069 0.06209892 0.04911291 0.8705576 0.01823043 1 0.008748531 0.9205403 0.07071119 1 1 0.00645107 0.9374905 0.05605834 0.1170509 0.441475 0.4414741 1 0.007622957 0.04988056 0.9424965 1 0.1007866 0.6125507 0.2866627 0.8446556 5.04847e-4 0.07091027 0.04196465 0.04196459 0.4374583 0.01171308 0.4143562 0.05360108 0.08287119 0.5000004 0.4999996 0.7229099 0.2770901 0.7099736 0.2052828 0.08474361 0.5684443 0.2157773 0.2157784 0.3281258 0.5369611 0.04652255 0.04419499 0.04419541 0.9939427 0.006057322 0.9399298 0.06007015 1 0.9384436 0.06155639 1 1 0.9939426 0.0060575 1 0.9384435 0.06155645 1 1 0.9399299 0.06007021 0.2 0.8 0.2 0.8 0.2 0.8 0.2 0.8 0.2 0.8 0.2 0.8 0.003928542 0.9960715 1 1 1 0.4802999 0.5197001 0.4778879 0.5221121 0.4500192 0.5499808 0.4883024 0.5116976 0.4903419 0.509658 0.354825 0.645175 1 1 1 1 0.8539868 0.1271281 0.01888513 1 1 1 0.8522006 0.1477994 1 0.07284438 0.8689498 0.05820584 0.07284438 0.8689498 0.05820584 2.97771e-4 0.9997022 0.07284438 0.8689498 0.05820584 2.97771e-4 0.9997022 1 0.1155241 0.8055022 0.07897365 0.1078127 0.8184853 0.07370191 0.9202033 0.07979673 1 1 0.1087861 0.8168465 0.07436746 0.1065788 0.8205626 0.07285857 0.115524 0.8055024 0.07897365 0.07284438 0.8689498 0.05820584 0.1155241 0.8055022 0.07897365 1 1 2.97771e-4 0.9997022 1 0.115524 0.8055024 0.07897365 1 1 1 1 1</float_array>
          <technique_common>
            <accessor source="#Biped_f_naked-skin-weights-array" count="1001" stride="1">
              <param name="WEIGHT" type="float"/>
            </accessor>
          </technique_common>
        </source>
        <joints>
          <input semantic="JOINT" source="#Biped_f_naked-skin-joints"/>
          <input semantic="INV_BIND_MATRIX" source="#Biped_f_naked-skin-bind_poses"/>
        </joints>
        <vertex_weights count="513">
          <input semantic="JOINT" source="#Biped_f_naked-skin-joints" offset="0"/>
          <input semantic="WEIGHT" source="#Biped_f_naked-skin-weights" offset="1"/>
          <vcount>3 3 3 3 3 2 2 2 2 1 1 1 1 1 2 2 1 2 2 2 1 1 2 2 1 2 2 2 2 2 2 2 2 2 2 1 2 2 2 1 1 3 2 3 2 3 1 3 3 1 2 2 2 2 2 4 2 1 4 3 3 4 3 4 3 3 3 3 3 3 3 3 4 4 3 1 2 1 2 1 3 4 2 1 1 1 2 3 3 3 3 2 3 3 4 2 2 1 2 2 2 1 1 1 2 1 2 2 2 2 2 2 2 2 2 2 1 1 1 1 2 2 2 2 2 2 2 2 2 2 2 2 2 2 2 1 1 2 2 1 1 2 1 2 2 2 2 2 2 2 2 2 2 1 1 1 1 2 2 2 2 2 2 2 2 2 2 2 2 2 2 2 1 1 2 2 2 2 2 2 2 2 2 2 2 1 2 1 2 2 1 2 1 2 2 2 1 4 1 1 1 1 1 1 2 2 1 2 1 3 3 3 2 2 2 3 2 3 1 1 2 2 2 3 2 4 2 2 1 3 3 4 3 3 4 2 2 2 2 2 2 1 1 1 1 1 1 2 2 1 1 1 1 1 1 4 4 3 3 3 3 1 1 1 3 4 3 3 3 3 3 4 7 4 4 3 3 3 4 2 4 4 4 5 1 1 2 2 2 2 1 1 1 2 2 2 1 2 1 2 2 2 1 2 2 2 2 2 1 2 1 2 1 4 2 2 3 4 3 1 1 1 2 2 2 2 2 2 2 1 1 1 1 2 1 1 1 1 1 1 1 2 2 1 1 1 1 1 1 3 1 3 4 4 3 1 1 1 3 4 5 4 1 1 2 2 2 1 2 2 1 2 2 2 1 2 1 1 1 1 1 1 1 1 1 1 1 1 1 1 1 1 1 1 1 1 1 1 1 1 1 1 1 1 1 1 2 1 1 1 1 1 1 2 2 2 1 2 2 1 1 2 2 2 2 2 2 4 3 3 2 4 1 3 1 1 3 3 1 3 1 3 5 5 2 2 3 3 5 2 2 1 2 1 1 2 1 2 1 1 2 2 2 2 2 2 2 2 1 1 1 2 2 2 2 2 2 1 1 1 1 3 1 1 1 2 1 3 3 2 3 2 1 3 3 2 1 1 3 3 3 3 3 1 1 2 1 3 1 1 1 1 1 </vcount>
          <v>2 0 10 1 11 2 2 3 10 4 11 5 2 6 10 7 11 8 2 9 10 10 11 11 2 12 6 13 11 14 13 15 14 16 13 17 14 18 13 19 14 20 13 21 14 22 13 23 13 24 13 25 13 26 13 27 13 28 14 29 13 30 14 31 13 32 12 33 13 34 12 35 13 36 12 37 13 38 13 39 13 40 12 41 13 42 12 43 13 44 12 45 12 46 13 47 12 48 13 49 12 50 13 51 12 52 13 53 12 54 13 55 12 56 13 57 12 58 13 59 12 60 13 61 12 62 13 63 11 64 12 65 16 66 16 67 17 68 11 69 12 70 11 71 12 72 1 73 12 74 1 75 11 76 12 77 11 78 12 79 1 80 11 81 12 82 1 83 11 84 1 85 11 86 12 87 1 88 1 89 11 90 12 91 1 92 11 93 12 94 12 95 12 96 13 97 11 98 12 99 11 100 12 101 11 102 12 103 2 104 11 105 1 106 2 107 10 108 11 109 1 110 11 111 1 112 0 113 1 114 5 115 12 116 0 117 1 118 5 119 0 120 1 121 5 122 0 123 1 124 11 125 12 126 1 127 11 128 12 129 0 130 1 131 5 132 11 133 1 134 11 135 12 136 2 137 11 138 12 139 1 140 11 141 12 142 1 143 2 144 11 145 1 146 2 147 11 148 0 149 1 150 5 151 0 152 1 153 5 154 0 155 1 156 5 157 0 158 1 159 11 160 12 161 0 162 1 163 5 164 11 165 0 166 1 167 5 168 19 169 19 170 20 171 19 172 19 173 20 174 19 175 0 176 1 177 5 178 0 179 1 180 4 181 5 182 2 183 10 184 10 185 10 186 10 187 2 188 10 189 2 190 6 191 10 192 1 193 2 194 10 195 2 196 6 197 10 198 2 199 6 200 10 201 2 202 10 203 2 204 6 205 10 206 2 207 6 208 10 209 2 210 6 211 10 212 11 213 8 214 9 215 8 216 9 217 16 218 19 219 20 220 16 221 17 222 16 223 17 224 16 225 20 226 20 227 19 228 20 229 20 230 19 231 20 232 19 233 20 234 19 235 20 236 19 237 20 238 19 239 20 240 19 241 20 242 19 243 20 244 19 245 20 246 19 247 20 248 19 249 20 250 20 251 20 252 20 253 20 254 19 255 20 256 19 257 20 258 19 259 20 260 19 261 20 262 19 263 20 264 19 265 20 266 19 267 20 268 19 269 20 270 19 271 20 272 19 273 20 274 19 275 20 276 19 277 20 278 19 279 20 280 19 281 20 282 19 283 20 284 20 285 20 286 19 287 20 288 19 289 20 290 17 291 17 292 16 293 17 294 17 295 16 296 17 297 16 298 17 299 16 300 17 301 16 302 17 303 16 304 17 305 16 306 17 307 16 308 17 309 16 310 17 311 16 312 17 313 16 314 17 315 17 316 17 317 17 318 17 319 16 320 17 321 16 322 17 323 16 324 17 325 16 326 17 327 16 328 17 329 16 330 17 331 16 332 17 333 16 334 17 335 16 336 17 337 16 338 17 339 16 340 17 341 16 342 17 343 16 344 17 345 16 346 17 347 16 348 17 349 17 350 17 351 16 352 17 353 16 354 17 355 8 356 9 357 8 358 9 359 8 360 9 361 8 362 9 363 8 364 9 365 8 366 9 367 8 368 9 369 8 370 9 371 7 372 8 373 8 374 7 375 8 376 8 377 8 378 9 379 8 380 9 381 7 382 7 383 8 384 7 385 7 386 8 387 7 388 8 389 7 390 8 391 7 392 0 393 1 394 6 395 7 396 7 397 7 398 7 399 7 400 7 401 7 402 6 403 7 404 6 405 7 406 7 407 6 408 7 409 1 410 1 411 6 412 7 413 1 414 6 415 7 416 1 417 6 418 7 419 6 420 7 421 0 422 1 423 0 424 1 425 1 426 6 427 7 428 1 429 6 430 1 431 6 432 7 433 7 434 7 435 6 436 7 437 6 438 7 439 6 440 7 441 2 442 6 443 11 444 2 445 6 446 1 447 2 448 6 449 10 450 1 451 2 452 1 453 6 454 1 455 1 456 6 457 7 458 0 459 1 460 5 461 0 462 1 463 5 464 7 465 0 466 1 467 5 468 0 469 1 470 5 471 0 472 1 473 5 474 6 475 8 476 9 477 8 478 9 479 8 480 9 481 8 482 9 483 8 484 9 485 8 486 9 487 27 488 27 489 27 490 27 491 27 492 27 493 8 494 9 495 8 496 9 497 9 498 9 499 9 500 9 501 9 502 9 503 0 504 1 505 5 506 6 507 1 508 2 509 6 510 11 511 1 512 6 513 11 514 1 515 6 516 7 517 1 518 6 519 7 520 2 521 6 522 7 523 10 524 10 525 10 526 1 527 2 528 6 529 1 530 2 531 6 532 11 533 1 534 2 535 6 536 0 537 1 538 5 539 0 540 1 541 5 542 0 543 1 544 5 545 0 546 1 547 5 548 0 549 1 550 4 551 5 552 0 553 1 554 5 555 6 556 7 557 11 558 12 559 1 560 2 561 6 562 11 563 0 564 1 565 6 566 7 567 0 568 1 569 5 570 0 571 1 572 5 573 0 574 4 575 5 576 0 577 1 578 4 579 5 580 19 581 20 582 0 583 4 584 5 585 18 586 0 587 4 588 5 589 15 590 0 591 1 592 4 593 5 594 0 595 4 596 5 597 15 598 18 599 19 600 19 601 19 602 20 603 18 604 19 605 18 606 19 607 18 608 19 609 19 610 19 611 19 612 19 613 20 614 18 615 19 616 18 617 19 618 19 619 18 620 19 621 19 622 18 623 19 624 18 625 19 626 18 627 19 628 19 629 18 630 19 631 18 632 19 633 18 634 19 635 18 636 19 637 4 638 18 639 18 640 18 641 19 642 18 643 18 644 19 645 18 646 0 647 4 648 5 649 18 650 15 651 18 652 15 653 18 654 0 655 4 656 18 657 0 658 4 659 5 660 18 661 4 662 15 663 18 664 18 665 18 666 18 667 15 668 18 669 13 670 14 671 13 672 14 673 13 674 14 675 13 676 14 677 13 678 14 679 13 680 14 681 26 682 26 683 26 684 26 685 8 686 26 687 26 688 29 689 29 690 29 691 29 692 29 693 29 694 13 695 14 696 13 697 14 698 14 699 14 700 14 701 14 702 14 703 14 704 4 705 15 706 18 707 18 708 0 709 4 710 18 711 0 712 4 713 15 714 18 715 0 716 4 717 5 718 18 719 0 720 15 721 18 722 10 723 10 724 10 725 4 726 15 727 18 728 0 729 1 730 4 731 5 732 0 733 4 734 5 735 15 736 18 737 0 738 4 739 5 740 15 741 16 742 16 743 16 744 17 745 15 746 16 747 15 748 16 749 16 750 16 751 17 752 16 753 17 754 16 755 15 756 16 757 15 758 16 759 15 760 16 761 10 762 2 763 10 764 26 765 9 766 9 767 26 768 9 769 9 770 26 771 26 772 9 773 9 774 26 775 9 776 26 777 9 778 14 779 28 780 28 781 14 782 14 783 28 784 14 785 14 786 28 787 28 788 14 789 14 790 14 791 28 792 28 793 28 794 13 795 28 796 28 797 28 798 28 799 16 800 16 801 16 802 15 803 16 804 15 805 16 806 15 807 16 808 16 809 15 810 16 811 15 812 16 813 15 814 15 815 15 816 16 817 15 818 16 819 4 820 15 821 15 822 16 823 15 824 16 825 15 826 16 827 0 828 4 829 5 830 15 831 0 832 4 833 15 834 4 835 15 836 18 837 15 838 18 839 0 840 4 841 15 842 18 843 15 844 4 845 15 846 18 847 15 848 15 849 4 850 15 851 18 852 0 853 15 854 18 855 15 856 0 857 4 858 15 859 15 860 0 861 15 862 18 863 0 864 1 865 5 866 15 867 18 868 0 869 1 870 4 871 5 872 15 873 15 874 18 875 15 876 18 877 4 878 15 879 18 880 4 881 15 882 18 883 0 884 4 885 5 886 15 887 18 888 16 889 17 890 16 891 17 892 16 893 16 894 17 895 16 896 16 897 19 898 20 899 19 900 19 901 20 902 19 903 19 904 19 905 20 906 8 907 9 908 8 909 9 910 8 911 9 912 8 913 9 914 8 915 9 916 8 917 9 918 2 919 10 920 10 921 10 922 10 923 13 924 14 925 13 926 14 927 13 928 14 929 13 930 14 931 13 932 14 933 13 934 14 935 10 936 10 937 10 938 10 939 2 940 10 941 11 942 10 943 10 944 10 945 1 946 11 947 1 948 0 949 1 950 5 951 0 952 1 953 5 954 0 955 1 956 0 957 1 958 5 959 0 960 1 961 1 962 0 963 1 964 5 965 0 966 1 967 5 968 1 969 6 970 1 971 1 972 0 973 1 974 5 975 0 976 1 977 5 978 0 979 1 980 5 981 0 982 1 983 5 984 0 985 1 986 5 987 1 988 1 989 0 990 1 991 1 992 0 993 1 994 5 995 1 996 1 997 1 998 1 999 10 1000</v>
        </vertex_weights>
      </skin>
    </controller>
  </library_controllers>
  <library_visual_scenes>
    <visual_scene id="Scene" name="Scene">
      <node id="Biped" name="Biped" type="NODE">
        <matrix sid="transform">1 0 0 0 0 1 0 0 0 0 1 0 0 0 0 1</matrix>
        <node id="Biped_hip" name="hip" sid="hip" type="JOINT">
          <matrix sid="transform">1 0 4.45839e-7 1.27547e-7 4.42032e-7 -0.1304008 -0.9914613 0.0180889 5.81377e-8 0.9914613 -0.1304007 2.193881 0 0 0 1</matrix>
          <node id="Biped_spine" name="spine" sid="spine" type="JOINT">
            <matrix sid="transform">1 -1.10585e-6 1.30027e-6 8.05354e-8 1.41779e-6 0.9623082 -0.2719614 0.1862907 -9.50509e-7 0.2719614 0.9623082 0.02581863 0 0 0 1</matrix>
            <node id="Biped_spine1" name="spine1" sid="spine1" type="JOINT">
              <matrix sid="transform">1 3.61019e-7 2.56184e-7 8.52651e-14 -4.27904e-7 0.9365782 0.3504588 0.18987 -1.13414e-7 -0.3504588 0.9365782 -7.45058e-9 0 0 0 1</matrix>
              <node id="Biped_chest" name="chest" sid="chest" type="JOINT">
                <matrix sid="transform">1 2.32709e-6 -1.271e-6 -2.27374e-13 -1.79219e-6 0.9464588 0.3228244 0.2606301 1.95419e-6 -0.3228244 0.9464589 0 0 0 0 1</matrix>
                <node id="Biped_shoulder_L" name="shoulder_L" sid="shoulder_L" type="JOINT">
                  <matrix sid="transform">0.2876391 0.9577391 9.23872e-7 0.06797552 0.9202882 -0.276392 0.2769071 0.7223074 0.265205 -0.07964856 -0.9608968 0.02024824 0 0 0 1</matrix>
                  <node id="Biped_arm_L" name="arm_L" sid="arm_L" type="JOINT">
                    <matrix sid="transform">0.5985817 -0.8010582 -0.002354352 -2.23517e-8 0.8010533 0.5985864 -0.002832682 0.3783839 0.003678426 -1.9037e-4 0.9999933 3.72529e-9 0 0 0 1</matrix>
                    <node id="Biped_forearm_L" name="forearm_L" sid="forearm_L" type="JOINT">
                      <matrix sid="transform">0.9157951 0.09665272 -0.3898431 0 0.05684349 0.9296549 0.36402 0.5925392 0.3976031 -0.3555278 0.8458794 0 0 0 0 1</matrix>
                      <node id="Biped_hand_L" name="hand_L" sid="hand_L" type="JOINT">
                        <matrix sid="transform">0.9160138 -0.209932 0.3418294 5.96046e-8 0.2868816 0.9384395 -0.1924323 0.615816 -0.2803885 0.2743352 0.9198492 1.19209e-7 0 0 0 1</matrix>
                        <node id="Biped_finger_L" name="finger_L" sid="finger_L" type="JOINT">
                          <matrix sid="transform">0.3113966 -0.9498352 0.02907615 0 0.9422573 0.3046554 -0.1390545 0.2098636 0.1232207 0.07069831 0.9898578 4.47035e-8 0 0 0 1</matrix>
                          <node id="Biped_fingertip_L" name="fingertip_L" sid="fingertip_L" type="JOINT">
                            <matrix sid="transform">0.3331504 -0.9422044 0.03552324 1.19209e-7 0.9422654 0.3340524 0.02334658 0.1049311 -0.03386387 0.0256944 0.9990962 2.98023e-8 0 0 0 1</matrix>
                            <extra>
                              <technique profile="blender">
                                <connect sid="connect" type="bool">1</connect>
                                <roll sid="roll" type="float">2.412628</roll>
                                <tip_x sid="tip_x" type="float">-0.0745064</tip_x>
                                <tip_y sid="tip_y" type="float">0.006671428</tip_y>
                                <tip_z sid="tip_z" type="float">0.07358551</tip_z>
                              </technique>
                            </extra>
                          </node>
                          <node id="Biped_prop_glove_finger_L" name="prop_glove_finger_L" sid="prop_glove_finger_L" type="JOINT">
                            <matrix sid="transform">0.06020225 0.02864 0.9977752 0.005854666 -0.001729626 -0.9995837 0.02879632 0.01412231 0.9981848 -0.003459377 -0.06012768 0.03082278 0 0 0 1</matrix>
                            <extra>
                              <technique profile="blender">
                                <roll sid="roll" type="float">2.614848</roll>
                                <tip_x sid="tip_x" type="float">0.09692126</tip_x>
                                <tip_y sid="tip_y" type="float">0.001021981</tip_y>
                                <tip_z sid="tip_z" type="float">0.04337882</tip_z>
                              </technique>
                            </extra>
                          </node>
                          <extra>
                            <technique profile="blender">
                              <connect sid="connect" type="bool">1</connect>
                              <roll sid="roll" type="float">1.166868</roll>
                            </technique>
                          </extra>
                        </node>
                        <node id="Biped_shield" name="shield" sid="shield" type="JOINT">
                          <matrix sid="transform">0.02028002 -0.998822 0.04408292 0.09742814 -0.1121731 -0.04608673 -0.9926193 0.1460419 0.9934819 0.01518547 -0.1129756 0.005743355 0 0 0 1</matrix>
                          <node id="Biped_prop-shield" name="prop-shield" sid="prop-shield" type="JOINT">
                            <matrix sid="transform">1 -2.43075e-7 2.77907e-6 2.98023e-8 2.4261e-7 1 -2.6077e-7 -2.98023e-7 -2.77907e-6 2.5332e-7 1 -6.10948e-7 0 0 0 1</matrix>
                            <extra>
                              <technique profile="blender">
                                <roll sid="roll" type="float">-0.01396644</roll>
                                <tip_x sid="tip_x" type="float">-0.1115778</tip_x>
                                <tip_y sid="tip_y" type="float">-5.6766e-4</tip_y>
                                <tip_z sid="tip_z" type="float">-0.009953498</tip_z>
                              </technique>
                            </extra>
                          </node>
                          <extra>
                            <technique profile="blender">
                              <roll sid="roll" type="float">-0.01396924</roll>
                              <tip_x sid="tip_x" type="float">-0.2090299</tip_x>
                              <tip_y sid="tip_y" type="float">-0.001063406</tip_y>
                              <tip_z sid="tip_z" type="float">-0.01864695</tip_z>
                            </technique>
                          </extra>
                        </node>
                        <node id="Biped_weapon_bow" name="weapon_bow" sid="weapon_bow" type="JOINT">
                          <matrix sid="transform">-0.9980885 0.006517075 0.06145323 -0.09042805 -0.01324488 -0.9938749 -0.1097106 0.1807224 0.06036342 -0.1103167 0.9920531 -0.101882 0 0 0 1</matrix>
                          <node id="Biped_prop-weapon_bow" name="prop-weapon_bow" sid="prop-weapon_bow" type="JOINT">
                            <matrix sid="transform">1 -2.38419e-7 -3.01749e-7 5.96046e-8 2.68221e-7 1 4.39584e-7 3.27826e-7 3.0268e-7 -4.54485e-7 0.9999999 2.98023e-8 0 0 0 1</matrix>
                            <extra>
                              <technique profile="blender">
                                <roll sid="roll" type="float">2.981171</roll>
                                <tip_x sid="tip_x" type="float">-0.01439148</tip_x>
                                <tip_y sid="tip_y" type="float">0.008733868</tip_y>
                                <tip_z sid="tip_z" type="float">0.1126172</tip_z>
                              </technique>
                            </extra>
                          </node>
                          <extra>
                            <technique profile="blender">
                              <roll sid="roll" type="float">2.981171</roll>
                              <tip_x sid="tip_x" type="float">-0.02652388</tip_x>
                              <tip_y sid="tip_y" type="float">0.01609683</tip_y>
                              <tip_z sid="tip_z" type="float">0.2075562</tip_z>
                            </technique>
                          </extra>
                        </node>
                        <node id="Biped_ammo" name="ammo" sid="ammo" type="JOINT">
                          <matrix sid="transform">-0.999833 -0.008522294 -0.01616513 -0.119449 -0.01176132 0.9771329 0.2123049 0.2116541 0.01398615 0.2124597 -0.9770699 -0.1952899 0 0 0 1</matrix>
                          <node id="Biped_prop-ammo" name="prop-ammo" sid="prop-ammo" type="JOINT">
                            <matrix sid="transform">1 -3.57628e-7 -6.72182e-7 4.17233e-7 3.42727e-7 0.9999999 -1.45286e-7 2.01166e-7 6.72648e-7 1.47149e-7 0.9999999 0 0 0 0 1</matrix>
                            <extra>
                              <technique profile="blender">
                                <roll sid="roll" type="float">3.006779</roll>
                                <tip_x sid="tip_x" type="float">0.01291775</tip_x>
                                <tip_y sid="tip_y" type="float">0.002828776</tip_y>
                                <tip_z sid="tip_z" type="float">-0.1052269</tip_z>
                              </technique>
                            </extra>
                          </node>
                          <extra>
                            <technique profile="blender">
                              <roll sid="roll" type="float">3.00678</roll>
                              <tip_x sid="tip_x" type="float">0.0255618</tip_x>
                              <tip_y sid="tip_y" type="float">0.005597651</tip_y>
                              <tip_z sid="tip_z" type="float">-0.208225</tip_z>
                            </technique>
                          </extra>
                        </node>
                        <node id="Biped_weapon_L" name="weapon_L" sid="weapon_L" type="JOINT">
                          <matrix sid="transform">0.9927635 0.09339821 -0.07549769 -0.06953132 0.1013545 -0.988804 0.1095175 0.1578654 -0.06442125 -0.116377 -0.9911151 0.003906727 0 0 0 1</matrix>
                          <node id="Biped_prop-weapon_L" name="prop-weapon_L" sid="prop-weapon_L" type="JOINT">
                            <matrix sid="transform">1 -1.04308e-7 3.0268e-9 -1.19209e-7 9.68575e-8 0.9999999 -5.21541e-8 -5.96046e-8 -2.79397e-9 4.47035e-8 0.9999999 1.49012e-8 0 0 0 1</matrix>
                            <extra>
                              <technique profile="blender">
                                <roll sid="roll" type="float">-0.09361559</roll>
                                <tip_x sid="tip_x" type="float">-0.004417657</tip_x>
                                <tip_y sid="tip_y" type="float">0.008066534</tip_y>
                                <tip_z sid="tip_z" type="float">0.1112058</tip_z>
                              </technique>
                            </extra>
                          </node>
                          <extra>
                            <technique profile="blender">
                              <roll sid="roll" type="float">-0.09361547</roll>
                              <tip_x sid="tip_x" type="float">-0.00830841</tip_x>
                              <tip_y sid="tip_y" type="float">0.01517099</tip_y>
                              <tip_z sid="tip_z" type="float">0.2091481</tip_z>
                            </technique>
                          </extra>
                        </node>
                        <node id="Biped_prop_glove_hand_L" name="prop_glove_hand_L" sid="prop_glove_hand_L" type="JOINT">
                          <matrix sid="transform">-0.03481216 0.4233732 0.9052864 0.001941204 -0.01425834 -0.9059539 0.4231368 0.09790301 0.9992943 0.001821578 0.03757474 0.005178392 0 0 0 1</matrix>
                          <extra>
                            <technique profile="blender">
                              <roll sid="roll" type="float">1.86264</roll>
                              <tip_x sid="tip_x" type="float">0.06185138</tip_x>
                              <tip_y sid="tip_y" type="float">0.03784501</tip_y>
                              <tip_z sid="tip_z" type="float">0.1944007</tip_z>
                            </technique>
                          </extra>
                        </node>
                        <extra>
                          <technique profile="blender">
                            <connect sid="connect" type="bool">1</connect>
                            <roll sid="roll" type="float">-0.1659543</roll>
                          </technique>
                        </extra>
                      </node>
                      <node id="Biped_prop_glove_wrist_L" name="prop_glove_wrist_L" sid="prop_glove_wrist_L" type="JOINT">
                        <matrix sid="transform">0.9181917 -0.210588 0.3355247 -1.78814e-7 0.2857079 0.938749 -0.1926694 0.6158157 -0.2743995 0.2727695 0.9221181 1.19209e-7 0 0 0 1</matrix>
                        <extra>
                          <technique profile="blender">
                            <roll sid="roll" type="float">-0.172406</roll>
                            <tip_x sid="tip_x" type="float">0.02811759</tip_x>
                            <tip_y sid="tip_y" type="float">-0.0393902</tip_y>
                            <tip_z sid="tip_z" type="float">-0.2042059</tip_z>
                          </technique>
                        </extra>
                      </node>
                      <node id="Biped_shield_arm" name="shield_arm" sid="shield_arm" type="JOINT">
                        <matrix sid="transform">0.3592962 -0.9224803 0.1411959 0.186498 -0.9332235 -0.3551597 0.054362 0.4254778 -8.34465e-7 -0.1512994 -0.9884879 0.0483001 0 0 0 1</matrix>
                        <node id="Biped_prop-shield_arm" name="prop-shield_arm" sid="prop-shield_arm" type="JOINT">
                          <matrix sid="transform">0.9999999 3.72529e-8 -2.98023e-7 -5.7742e-7 -5.96046e-8 1 -3.72529e-7 2.98023e-7 2.68221e-7 3.39001e-7 1 -1.49012e-7 0 0 0 1</matrix>
                          <extra>
                            <technique profile="blender">
                              <roll sid="roll" type="float">-0.8919026</roll>
                              <tip_x sid="tip_x" type="float">-0.3255901</tip_x>
                              <tip_y sid="tip_y" type="float">-0.131555</tip_y>
                              <tip_z sid="tip_z" type="float">0.04621577</tip_z>
                            </technique>
                          </extra>
                        </node>
                        <extra>
                          <technique profile="blender">
                            <roll sid="roll" type="float">-0.8919027</roll>
                            <tip_x sid="tip_x" type="float">-0.566088</tip_x>
                            <tip_y sid="tip_y" type="float">-0.2287282</tip_y>
                            <tip_z sid="tip_z" type="float">0.08035302</tip_z>
                          </technique>
                        </extra>
                      </node>
                      <node id="Biped_prop_brace_L" name="prop_brace_L" sid="prop_brace_L" type="JOINT">
                        <matrix sid="transform">0.8805111 0.3949443 0.2621435 -0.03081042 0.4096321 -0.3556683 -0.8400605 0.3028051 -0.2385409 0.8470649 -0.4749515 -0.05929142 0 0 0 1</matrix>
                        <extra>
                          <technique profile="blender">
                            <roll sid="roll" type="float">0.0012362</roll>
                            <tip_x sid="tip_x" type="float">-0.001397907</tip_x>
                            <tip_y sid="tip_y" type="float">0.2302293</tip_y>
                            <tip_z sid="tip_z" type="float">-5.92709e-4</tip_z>
                          </technique>
                        </extra>
                      </node>
                      <extra>
                        <technique profile="blender">
                          <connect sid="connect" type="bool">1</connect>
                          <roll sid="roll" type="float">-0.8982964</roll>
                        </technique>
                      </extra>
                    </node>
                    <node id="Biped_prop_couter_L" name="prop_couter_L" sid="prop_couter_L" type="JOINT">
                      <matrix sid="transform">0.004193528 -0.9393733 0.3428709 0.1207138 -9.65637e-7 -0.3428739 -0.9393814 0.6310942 0.9999913 0.003939036 -0.001438776 0.005679771 0 0 0 1</matrix>
                      <extra>
                        <technique profile="blender">
                          <roll sid="roll" type="float">-2.2893e-6</roll>
                          <tip_x sid="tip_x" type="float">-0.2302064</tip_x>
                          <tip_y sid="tip_y" type="float">1.26652e-4</tip_y>
                          <tip_z sid="tip_z" type="float">2.38419e-7</tip_z>
                        </technique>
                      </extra>
                    </node>
                    <node id="Biped_prop-armpad_L" name="prop-armpad_L" sid="prop-armpad_L" type="JOINT">
                      <matrix sid="transform">0.9996554 -0.02600296 -0.003580958 -7.98702e-5 -0.001142085 0.09320732 -0.9956461 0.08836076 0.02622352 0.9953073 0.0931455 1.70283e-5 0 0 0 1</matrix>
                      <extra>
                        <technique profile="blender">
                          <roll sid="roll" type="float">-0.3525098</roll>
                          <tip_x sid="tip_x" type="float">0.001663506</tip_x>
                          <tip_y sid="tip_y" type="float">0.3980758</tip_y>
                          <tip_z sid="tip_z" type="float">-0.03916072</tip_z>
                        </technique>
                      </extra>
                    </node>
                    <node id="Biped_prop_rerebrace_L" name="prop_rerebrace_L" sid="prop_rerebrace_L" type="JOINT">
                      <matrix sid="transform">0.9393749 0.003673665 0.3428723 -3.73125e-5 0.3428753 -1.89375e-4 -0.9393809 0.2962708 -0.00338604 0.9999932 -0.00143746 -0.01040978 0 0 0 1</matrix>
                      <extra>
                        <technique profile="blender">
                          <roll sid="roll" type="float">2.15788e-6</roll>
                          <tip_x sid="tip_x" type="float">-6.55651e-7</tip_x>
                          <tip_y sid="tip_y" type="float">0.2302346</tip_y>
                          <tip_z sid="tip_z" type="float">4.76837e-7</tip_z>
                        </technique>
                      </extra>
                    </node>
                    <extra>
                      <technique profile="blender">
                        <connect sid="connect" type="bool">1</connect>
                        <roll sid="roll" type="float">-0.3536494</roll>
                      </technique>
                    </extra>
                  </node>
                  <node id="Biped_prop-shoulderpad_L" name="prop-shoulderpad_L" sid="prop-shoulderpad_L" type="JOINT">
                    <matrix sid="transform">0.2692915 0.02581807 0.9627125 0.05685043 0.9630584 -0.007756276 -0.2691803 0.1974268 5.17346e-4 0.9996364 -0.02695289 2.68221e-7 0 0 0 1</matrix>
                    <extra>
                      <technique profile="blender">
                        <roll sid="roll" type="float">0.01911133</roll>
                        <tip_x sid="tip_x" type="float">-3.27826e-7</tip_x>
                        <tip_y sid="tip_y" type="float">0.3782455</tip_y>
                        <tip_z sid="tip_z" type="float">0.01020216</tip_z>
                      </technique>
                    </extra>
                  </node>
                  <extra>
                    <technique profile="blender">
                      <roll sid="roll" type="float">-1.27903</roll>
                    </technique>
                  </extra>
                </node>
                <node id="Biped_neck" name="neck" sid="neck" type="JOINT">
                  <matrix sid="transform">1 -1.50315e-6 2.64629e-6 -1.13687e-13 2.90335e-6 0.7319117 -0.6813996 0.8305258 -9.12608e-7 0.6813996 0.7319117 -1.49012e-8 0 0 0 1</matrix>
                  <node id="Biped_head" name="head" sid="head" type="JOINT">
                    <matrix sid="transform">1 1.68907e-6 -1.3067e-6 -4.9738e-13 -1.18205e-6 0.9474063 0.3200333 0.1851747 1.77853e-6 -0.3200333 0.9474063 5.96046e-8 0 0 0 1</matrix>
                    <node id="Biped_helmet" name="helmet" sid="helmet" type="JOINT">
                      <matrix sid="transform">1 2.38419e-7 2.66857e-7 -1.19015e-7 -2.66857e-7 -2.01166e-6 1 -0.1038736 2.3842e-7 -1 -2.02656e-6 -0.02317555 0 0 0 1</matrix>
                      <node id="Biped_prop-helmet" name="prop-helmet" sid="prop-helmet" type="JOINT">
                        <matrix sid="transform">1 1.03029e-13 7.97294e-9 -4.40165e-9 -1.10134e-13 1 5.81145e-7 0.01122504 -7.973e-9 -5.81145e-7 1 0.01795342 0 0 0 1</matrix>
                        <extra>
                          <technique profile="blender">
                            <roll sid="roll" type="float">2.7483e-7</roll>
                            <tip_x sid="tip_x" type="float">0</tip_x>
                            <tip_y sid="tip_y" type="float">0.04702574</tip_y>
                            <tip_z sid="tip_z" type="float">0.006787061</tip_z>
                          </technique>
                        </extra>
                      </node>
                      <extra>
                        <technique profile="blender">
                          <roll sid="roll" type="float">2.66857e-7</roll>
                          <tip_x sid="tip_x" type="float">0</tip_x>
                          <tip_y sid="tip_y" type="float">0.08745503</tip_y>
                          <tip_z sid="tip_z" type="float">0.01262211</tip_z>
                        </technique>
                      </extra>
                    </node>
                    <node id="Biped_prop-head" name="prop-head" sid="prop-head" type="JOINT">
                      <matrix sid="transform">1 2.38419e-7 2.66857e-7 -3.53903e-8 -2.66857e-7 -1.07288e-6 1 -2.20723e-7 2.38419e-7 -1 -1.07288e-6 7.63685e-8 0 0 0 1</matrix>
                      <extra>
                        <technique profile="blender">
                          <roll sid="roll" type="float">2.66857e-7</roll>
                          <tip_x sid="tip_x" type="float">0</tip_x>
                          <tip_y sid="tip_y" type="float">0.221906</tip_y>
                          <tip_z sid="tip_z" type="float">0.03202724</tip_z>
                        </technique>
                      </extra>
                    </node>
                    <extra>
                      <technique profile="blender">
                        <connect sid="connect" type="bool">1</connect>
                        <roll sid="roll" type="float">2.38419e-7</roll>
                        <tip_x sid="tip_x" type="float">0</tip_x>
                        <tip_y sid="tip_y" type="float">-0.06014364</tip_y>
                        <tip_z sid="tip_z" type="float">0.4167118</tip_z>
                      </technique>
                    </extra>
                  </node>
                  <node id="Biped_neck_guard" name="neck_guard" sid="neck_guard" type="JOINT">
                    <matrix sid="transform">-1 -3.39753e-7 1.58622e-5 -7.57963e-7 1.52681e-5 0.2512299 0.9679275 -0.1547809 -4.31392e-6 0.9679275 -0.2512299 0.1264123 0 0 0 1</matrix>
                    <node id="Biped_prop-neck_guard" name="prop-neck_guard" sid="prop-neck_guard" type="JOINT">
                      <matrix sid="transform">1 -7.95808e-12 -8.03229e-8 -7.45064e-9 7.27596e-12 1 7.45058e-7 -1.78814e-7 8.0322e-8 -7.45058e-7 1 -3.92087e-7 0 0 0 1</matrix>
                      <extra>
                        <technique profile="blender">
                          <roll sid="roll" type="float">3.141566</roll>
                          <tip_x sid="tip_x" type="float">1.21357e-7</tip_x>
                          <tip_y sid="tip_y" type="float">-0.08964246</tip_y>
                          <tip_z sid="tip_z" type="float">-0.01959013</tip_z>
                        </technique>
                      </extra>
                    </node>
                    <extra>
                      <technique profile="blender">
                        <roll sid="roll" type="float">3.141566</roll>
                        <tip_x sid="tip_x" type="float">2.44907e-7</tip_x>
                        <tip_y sid="tip_y" type="float">-0.1809046</tip_y>
                        <tip_z sid="tip_z" type="float">-0.03953409</tip_z>
                      </technique>
                    </extra>
                  </node>
                  <extra>
                    <technique profile="blender">
                      <connect sid="connect" type="bool">1</connect>
                      <roll sid="roll" type="float">2.04315e-7</roll>
                    </technique>
                  </extra>
                </node>
                <node id="Biped_prop_bevor" name="prop_bevor" sid="prop_bevor" type="JOINT">
                  <matrix sid="transform">1 -4.80936e-7 -3.1453e-7 -5.9058e-7 4.84512e-7 0.411325 0.911489 0.7661318 -3.08994e-7 -0.9114889 0.4113249 0.2234569 0 0 0 1</matrix>
                  <extra>
                    <technique profile="blender">
                      <roll sid="roll" type="float">2.67392e-7</roll>
                      <tip_x sid="tip_x" type="float">0</tip_x>
                      <tip_y sid="tip_y" type="float">0.2288495</tip_y>
                      <tip_z sid="tip_z" type="float">0.03302931</tip_z>
                    </technique>
                  </extra>
                </node>
                <node id="Biped_shoulder_R" name="shoulder_R" sid="shoulder_R" type="JOINT">
                  <matrix sid="transform">0.2876423 -0.9577381 -1.09896e-6 -0.06797595 -0.9202877 -0.2763952 0.2769053 0.7223076 -0.265203 -0.07964876 -0.9608972 0.02024837 0 0 0 1</matrix>
                  <node id="Biped_arm_R" name="arm_R" sid="arm_R" type="JOINT">
                    <matrix sid="transform">0.5985842 0.8010566 0.002352113 -1.2666e-7 -0.8010516 0.5985887 -0.002831739 0.3783839 -0.003676332 -1.8913e-4 0.9999933 3.72529e-9 0 0 0 1</matrix>
                    <node id="Biped_forearm_R" name="forearm_R" sid="forearm_R" type="JOINT">
                      <matrix sid="transform">0.9157946 -0.0966523 0.3898442 5.96046e-8 -0.05684404 0.929655 0.3640192 0.5925395 -0.397604 -0.3555272 0.8458791 3.72529e-9 0 0 0 1</matrix>
                      <node id="Biped_hand_R" name="hand_R" sid="hand_R" type="JOINT">
                        <matrix sid="transform">0.9160135 0.2099312 -0.3418305 -1.19209e-7 -0.2868809 0.9384398 -0.1924315 0.6158159 0.28039 0.2743345 0.9198489 -5.96046e-8 0 0 0 1</matrix>
                        <node id="Biped_finger_R" name="finger_R" sid="finger_R" type="JOINT">
                          <matrix sid="transform">0.311393 0.9498364 -0.02907333 -5.96046e-8 -0.942258 0.3046521 -0.1390568 0.2098631 -0.123224 0.07069588 0.9898576 4.47035e-8 0 0 0 1</matrix>
                          <node id="Biped_fingertip_R" name="fingertip_R" sid="fingertip_R" type="JOINT">
                            <matrix sid="transform">0.3578601 0.9333332 -0.02872813 -1.49012e-7 -0.9319223 0.3589182 0.05194716 0.1049311 0.05879504 0.00818257 0.9982365 2.98023e-8 0 0 0 1</matrix>
                            <extra>
                              <technique profile="blender">
                                <connect sid="connect" type="bool">1</connect>
                                <roll sid="roll" type="float">-2.412628</roll>
                                <tip_x sid="tip_x" type="float">0.07517844</tip_x>
                                <tip_y sid="tip_y" type="float">0.004675984</tip_y>
                                <tip_z sid="tip_z" type="float">0.07049608</tip_z>
                              </technique>
                            </extra>
                          </node>
                          <node id="Biped_prop_glove_finger_R" name="prop_glove_finger_R" sid="prop_glove_finger_R" type="JOINT">
                            <matrix sid="transform">0.06011701 -0.02557471 -0.9978637 -0.005886555 0.001459088 -0.9996685 0.02570888 0.01412427 -0.9981905 -0.003001517 -0.06005979 0.03081903 0 0 0 1</matrix>
                            <extra>
                              <technique profile="blender">
                                <roll sid="roll" type="float">-2.611919</roll>
                                <tip_x sid="tip_x" type="float">-0.0968762</tip_x>
                                <tip_y sid="tip_y" type="float">0.001086533</tip_y>
                                <tip_z sid="tip_z" type="float">0.04371261</tip_z>
                              </technique>
                            </extra>
                          </node>
                          <extra>
                            <technique profile="blender">
                              <connect sid="connect" type="bool">1</connect>
                              <roll sid="roll" type="float">-1.166868</roll>
                            </technique>
                          </extra>
                        </node>
                        <node id="Biped_weapon_R" name="weapon_R" sid="weapon_R" type="JOINT">
                          <matrix sid="transform">0.9926794 -0.1005248 0.06687839 0.07065266 -0.1073142 -0.9884317 0.1071739 0.1592694 0.05534103 -0.1135664 -0.9919828 0.003147081 0 0 0 1</matrix>
                          <node id="Biped_prop-weapon_R" name="prop-weapon_R" sid="prop-weapon_R" type="JOINT">
                            <matrix sid="transform">1 4.80562e-7 2.46568e-7 -1.19209e-7 -4.80562e-7 1 -8.9407e-8 3.72529e-8 -2.41911e-7 9.68575e-8 1 -2.08616e-7 0 0 0 1</matrix>
                            <extra>
                              <technique profile="blender">
                                <roll sid="roll" type="float">0.07866036</roll>
                                <tip_x sid="tip_x" type="float">0.003634452</tip_x>
                                <tip_y sid="tip_y" type="float">0.008410751</tip_y>
                                <tip_z sid="tip_z" type="float">0.1114912</tip_z>
                              </technique>
                            </extra>
                          </node>
                          <extra>
                            <technique profile="blender">
                              <roll sid="roll" type="float">0.07865947</roll>
                              <tip_x sid="tip_x" type="float">0.006835341</tip_x>
                              <tip_y sid="tip_y" type="float">0.01581835</tip_y>
                              <tip_z sid="tip_z" type="float">0.2096853</tip_z>
                            </technique>
                          </extra>
                        </node>
                        <node id="Biped_projectile" name="projectile" sid="projectile" type="JOINT">
                          <matrix sid="transform">-0.9704034 -0.01388898 -0.2411091 0.09293145 0.03952059 -0.9940186 -0.1018167 0.1715784 -0.2382361 -0.1083246 0.9651785 -0.02866341 0 0 0 1</matrix>
                          <node id="Biped_prop-projectile" name="prop-projectile" sid="prop-projectile" type="JOINT">
                            <matrix sid="transform">0.9999999 1.04308e-7 -4.47035e-8 1.19209e-7 -8.9407e-8 0.9999999 1.37836e-7 -5.06639e-7 1.86265e-9 -1.15484e-7 1 -2.30968e-7 0 0 0 1</matrix>
                            <extra>
                              <technique profile="blender">
                                <roll sid="roll" type="float">-2.805884</roll>
                                <tip_x sid="tip_x" type="float">0.01395153</tip_x>
                                <tip_y sid="tip_y" type="float">0.009241282</tip_y>
                                <tip_z sid="tip_z" type="float">0.115931</tip_z>
                              </technique>
                            </extra>
                          </node>
                          <extra>
                            <technique profile="blender">
                              <roll sid="roll" type="float">-2.805884</roll>
                              <tip_x sid="tip_x" type="float">0.02500212</tip_x>
                              <tip_y sid="tip_y" type="float">0.01656103</tip_y>
                              <tip_z sid="tip_z" type="float">0.2077562</tip_z>
                            </technique>
                          </extra>
                        </node>
                        <node id="Biped_prop_glove_hand_R" name="prop_glove_hand_R" sid="prop_glove_hand_R" type="JOINT">
                          <matrix sid="transform">-0.03432831 -0.4223147 -0.9057992 -0.001944482 0.01398583 -0.9064474 0.422087 0.09788495 -0.9993126 0.001821235 0.03702322 0.00517872 0 0 0 1</matrix>
                          <extra>
                            <technique profile="blender">
                              <roll sid="roll" type="float">-1.861114</roll>
                              <tip_x sid="tip_x" type="float">-0.06177771</tip_x>
                              <tip_y sid="tip_y" type="float">0.03795468</tip_y>
                              <tip_z sid="tip_z" type="float">0.1949701</tip_z>
                            </technique>
                          </extra>
                        </node>
                        <extra>
                          <technique profile="blender">
                            <connect sid="connect" type="bool">1</connect>
                            <roll sid="roll" type="float">0.1659543</roll>
                          </technique>
                        </extra>
                      </node>
                      <node id="Biped_prop_glove_wrist_R" name="prop_glove_wrist_R" sid="prop_glove_wrist_R" type="JOINT">
                        <matrix sid="transform">0.9181916 0.2105875 -0.3355246 4.76837e-7 -0.2857079 0.9387485 -0.1926711 0.6158168 0.2743992 0.2727711 0.9221178 -2.98023e-7 0 0 0 1</matrix>
                        <extra>
                          <technique profile="blender">
                            <roll sid="roll" type="float">0.1724063</roll>
                            <tip_x sid="tip_x" type="float">-0.02811759</tip_x>
                            <tip_y sid="tip_y" type="float">-0.0393899</tip_y>
                            <tip_z sid="tip_z" type="float">-0.2042062</tip_z>
                          </technique>
                        </extra>
                      </node>
                      <node id="Biped_prop_brace_R" name="prop_brace_R" sid="prop_brace_R" type="JOINT">
                        <matrix sid="transform">0.8805112 -0.3949441 -0.2621428 0.03081059 -0.4096319 -0.35567 -0.8400598 0.3028054 0.2385404 0.8470642 -0.474953 -0.05929253 0 0 0 1</matrix>
                        <extra>
                          <technique profile="blender">
                            <roll sid="roll" type="float">-0.0012362</roll>
                            <tip_x sid="tip_x" type="float">0.001398086</tip_x>
                            <tip_y sid="tip_y" type="float">0.2302293</tip_y>
                            <tip_z sid="tip_z" type="float">-5.92232e-4</tip_z>
                          </technique>
                        </extra>
                      </node>
                      <extra>
                        <technique profile="blender">
                          <connect sid="connect" type="bool">1</connect>
                          <roll sid="roll" type="float">0.8982964</roll>
                        </technique>
                      </extra>
                    </node>
                    <node id="Biped_prop_couter_R" name="prop_couter_R" sid="prop_couter_R" type="JOINT">
                      <matrix sid="transform">-0.002391913 0.9389549 -0.344032 -0.1198932 -3.38893e-4 -0.3440337 -0.9389573 0.631246 -0.9999973 -0.002129081 0.001141125 0.006258026 0 0 0 1</matrix>
                      <extra>
                        <technique profile="blender">
                          <roll sid="roll" type="float">-0.003822684</roll>
                          <tip_x sid="tip_x" type="float">0.2302029</tip_x>
                          <tip_y sid="tip_y" type="float">-0.001269638</tip_y>
                          <tip_z sid="tip_z" type="float">2.85864e-4</tip_z>
                        </technique>
                      </extra>
                    </node>
                    <node id="Biped_prop-armpad_R" name="prop-armpad_R" sid="prop-armpad_R" type="JOINT">
                      <matrix sid="transform">0.9994615 0.03267227 0.002966017 1.89364e-4 -1.02133e-4 0.09350881 -0.9956184 0.08836062 -0.03280647 0.9950823 0.09346171 -1.36904e-5 0 0 0 1</matrix>
                      <extra>
                        <technique profile="blender">
                          <roll sid="roll" type="float">0.351579</roll>
                          <tip_x sid="tip_x" type="float">8.00431e-4</tip_x>
                          <tip_y sid="tip_y" type="float">0.3979758</tip_y>
                          <tip_z sid="tip_z" type="float">-0.04018855</tip_z>
                        </technique>
                      </extra>
                    </node>
                    <node id="Biped_prop_rerebrace_R" name="prop_rerebrace_R" sid="prop_rerebrace_R" type="JOINT">
                      <matrix sid="transform">0.9389531 0.002912315 -0.3440326 3.35813e-4 -0.3440345 1.51708e-4 -0.9389567 0.2962679 -0.002682346 0.9999956 0.001144532 -0.01051146 0 0 0 1</matrix>
                      <extra>
                        <technique profile="blender">
                          <roll sid="roll" type="float">-0.001235783</roll>
                          <tip_x sid="tip_x" type="float">0.001397907</tip_x>
                          <tip_y sid="tip_y" type="float">0.2302293</tip_y>
                          <tip_z sid="tip_z" type="float">-5.93185e-4</tip_z>
                        </technique>
                      </extra>
                    </node>
                    <extra>
                      <technique profile="blender">
                        <connect sid="connect" type="bool">1</connect>
                        <roll sid="roll" type="float">0.3536494</roll>
                      </technique>
                    </extra>
                  </node>
                  <node id="Biped_prop-shoulderpad_R" name="prop-shoulderpad_R" sid="prop-shoulderpad_R" type="JOINT">
                    <matrix sid="transform">0.269294 -0.02582003 -0.9627119 -0.05685142 -0.9630579 -0.007756392 -0.2691828 0.1974262 -5.16862e-4 0.9996365 -0.02695492 1.56462e-7 0 0 0 1</matrix>
                    <extra>
                      <technique profile="blender">
                        <roll sid="roll" type="float">-0.01911067</roll>
                        <tip_x sid="tip_x" type="float">3.57628e-7</tip_x>
                        <tip_y sid="tip_y" type="float">0.3782455</tip_y>
                        <tip_z sid="tip_z" type="float">0.01020216</tip_z>
                      </technique>
                    </extra>
                  </node>
                  <extra>
                    <technique profile="blender">
                      <roll sid="roll" type="float">1.27903</roll>
                    </technique>
                  </extra>
                </node>
                <node id="Biped_prop-back" name="prop-back" sid="prop-back" type="JOINT">
                  <matrix sid="transform">1 -2.86509e-7 -2.9487e-7 -3.68489e-7 3.27672e-7 0.1222009 0.9925054 0.3811204 -2.48328e-7 -0.9925055 0.1222009 -0.333319 0 0 0 1</matrix>
                  <extra>
                    <technique profile="blender">
                      <roll sid="roll" type="float">4.0359e-7</roll>
                      <tip_x sid="tip_x" type="float">0</tip_x>
                      <tip_y sid="tip_y" type="float">0.2152653</tip_y>
                      <tip_z sid="tip_z" type="float">-0.03431153</tip_z>
                    </technique>
                  </extra>
                </node>
                <node id="Biped_prop-quiver_back" name="prop-quiver_back" sid="prop-quiver_back" type="JOINT">
                  <matrix sid="transform">1 -4.09782e-7 -6.44655e-7 -0.1699782 7.32917e-7 0.2769027 0.9608979 0.6582766 -2.15252e-7 -0.9608979 0.2769029 -0.2972229 0 0 0 1</matrix>
                  <extra>
                    <technique profile="blender">
                      <tip_x sid="tip_x" type="float">0</tip_x>
                      <tip_y sid="tip_y" type="float">0.4000002</tip_y>
                      <tip_z sid="tip_z" type="float">0</tip_z>
                    </technique>
                  </extra>
                </node>
                <node id="Biped_cape1" name="cape1" sid="cape1" type="JOINT">
                  <matrix sid="transform">1 2.30633e-7 -1.02246e-6 -1.80267e-7 6.37475e-7 -0.9081614 0.4186204 0.7078469 -8.32012e-7 -0.4186205 -0.9081611 -0.2957827 0 0 0 1</matrix>
                  <node id="Biped_cape2" name="cape2" sid="cape2" type="JOINT">
                    <matrix sid="transform">1 4.55561e-7 5.8043e-7 0 -5.57758e-7 0.9817001 0.1904328 0.6693076 -4.83055e-7 -0.1904328 0.9817002 5.96046e-8 0 0 0 1</matrix>
                    <node id="Biped_cape3" name="cape3" sid="cape3" type="JOINT">
                      <matrix sid="transform">1 -2.14113e-7 -2.02411e-7 -1.42109e-14 1.91108e-7 0.9942029 -0.1075217 0.6621922 2.2426e-7 0.1075217 0.9942029 0 0 0 0 1</matrix>
                      <extra>
                        <technique profile="blender">
                          <connect sid="connect" type="bool">1</connect>
                          <roll sid="roll" type="float">-2.38419e-7</roll>
                          <tip_x sid="tip_x" type="float">0</tip_x>
                          <tip_y sid="tip_y" type="float">0.09024715</tip_y>
                          <tip_z sid="tip_z" type="float">-1.335291</tip_z>
                        </technique>
                      </extra>
                    </node>
                    <extra>
                      <technique profile="blender">
                        <connect sid="connect" type="bool">1</connect>
                        <roll sid="roll" type="float">-2.38424e-7</roll>
                      </technique>
                    </extra>
                  </node>
                  <extra>
                    <technique profile="blender">
                      <roll sid="roll" type="float">-2.3843e-7</roll>
                    </technique>
                  </extra>
                </node>
                <node id="Biped_prop_breastplate" name="prop_breastplate" sid="prop_breastplate" type="JOINT">
                  <matrix sid="transform">1 -3.92878e-7 -6.44655e-7 -1.5144e-7 7.28237e-7 0.2769027 0.9608981 0.2636864 -1.99009e-7 -0.960898 0.2769027 0.3777829 0 0 0 1</matrix>
                  <extra>
                    <technique profile="blender">
                      <tip_x sid="tip_x" type="float">0</tip_x>
                      <tip_y sid="tip_y" type="float">0.2299742</tip_y>
                      <tip_z sid="tip_z" type="float">0</tip_z>
                    </technique>
                  </extra>
                </node>
                <node id="Biped_prop_backplate" name="prop_backplate" sid="prop_backplate" type="JOINT">
                  <matrix sid="transform">-1 3.92878e-7 -5.82589e-7 -5.23814e-7 -6.68597e-7 -0.2769027 0.9608981 0.4831436 2.16195e-7 0.9608982 0.2769027 -0.3837738 0 0 0 1</matrix>
                  <extra>
                    <technique profile="blender">
                      <tip_x sid="tip_x" type="float">0</tip_x>
                      <tip_y sid="tip_y" type="float">-0.2299742</tip_y>
                      <tip_z sid="tip_z" type="float">0</tip_z>
                    </technique>
                  </extra>
                </node>
                <node id="Biped_prop_quiver_B" name="prop_quiver_B" sid="prop_quiver_B" type="JOINT">
                  <matrix sid="transform">0.0779467 0.1131076 0.9905202 0.07023598 0.7900279 -0.6130208 0.007831333 0.7691002 0.6080956 0.7819284 -0.137141 -0.445461 0 0 0 1</matrix>
                  <extra>
                    <technique profile="blender">
                      <roll sid="roll" type="float">0.9247987</roll>
                      <tip_x sid="tip_x" type="float">0.02601164</tip_x>
                      <tip_y sid="tip_y" type="float">-0.2118294</tip_y>
                      <tip_z sid="tip_z" type="float">-0.08567285</tip_z>
                    </technique>
                  </extra>
                </node>
                <extra>
                  <technique profile="blender">
                    <connect sid="connect" type="bool">1</connect>
                    <roll sid="roll" type="float">3.49006e-7</roll>
                  </technique>
                </extra>
              </node>
              <extra>
                <technique profile="blender">
                  <connect sid="connect" type="bool">1</connect>
                  <roll sid="roll" type="float">3.05973e-7</roll>
                </technique>
              </extra>
            </node>
            <extra>
              <technique profile="blender">
                <roll sid="roll" type="float">2.33982e-7</roll>
              </technique>
            </extra>
          </node>
          <node id="Biped_thigh_L" name="thigh_L" sid="thigh_L" type="JOINT">
            <matrix sid="transform">0.9973584 0.06125139 -0.03925049 0.225766 0.0580533 -0.9952612 -0.0780078 0.1218944 -0.04386429 0.07552317 -0.9961933 0.02428889 0 0 0 1</matrix>
            <node id="Biped_leg_L" name="leg_L" sid="leg_L" type="JOINT">
              <matrix sid="transform">0.9996771 0.01946996 0.01633034 0 -0.01783023 0.9953022 -0.09516156 1.067799 -0.0181064 0.09483965 0.9953279 3.72529e-9 0 0 0 1</matrix>
              <node id="Biped_foot_L" name="foot_L" sid="foot_L" type="JOINT">
                <matrix sid="transform">0.9966444 -0.03124708 -0.07565365 0 0.07665803 0.03230269 0.9965339 1.134663 -0.02869497 -0.9989896 0.03458966 2.98023e-8 0 0 0 1</matrix>
                <node id="Biped_prop_foot_L" name="prop_foot_L" sid="prop_foot_L" type="JOINT">
                  <matrix sid="transform">1 -4.13894e-5 -6.15578e-6 9.56655e-6 -4.18293e-5 -0.9848077 -0.173649 0.2297627 1.12798e-6 0.1736489 -0.984814 0.09435543 0 0 0 1</matrix>
                  <extra>
                    <technique profile="blender">
                      <roll sid="roll" type="float">5.2296e-6</roll>
                      <tip_x sid="tip_x" type="float">2.11e-5</tip_x>
                      <tip_y sid="tip_y" type="float">0.4798796</tip_y>
                      <tip_z sid="tip_z" type="float">0.004259288</tip_z>
                    </technique>
                  </extra>
                </node>
                <extra>
                  <technique profile="blender">
                    <connect sid="connect" type="bool">1</connect>
                    <roll sid="roll" type="float">9.39534e-4</roll>
                    <tip_x sid="tip_x" type="float">-4.12762e-5</tip_x>
                    <tip_y sid="tip_y" type="float">-0.4718912</tip_y>
                    <tip_z sid="tip_z" type="float">-0.08753174</tip_z>
                  </technique>
                </extra>
              </node>
              <node id="Biped_prop_leg_L" name="prop_leg_L" sid="prop_leg_L" type="JOINT">
                <matrix sid="transform">0.9964967 0.02232541 0.08059566 0.002030581 0.07636549 0.1499704 -0.9857368 0.4698776 -0.03409395 0.9884383 0.1477402 0.08841004 0 0 0 1</matrix>
                <extra>
                  <technique profile="blender">
                    <roll sid="roll" type="float">5.33509e-4</roll>
                    <tip_x sid="tip_x" type="float">0.002271711</tip_x>
                    <tip_y sid="tip_y" type="float">0.4153767</tip_y>
                    <tip_z sid="tip_z" type="float">1.81139e-4</tip_z>
                  </technique>
                </extra>
              </node>
              <extra>
                <technique profile="blender">
                  <connect sid="connect" type="bool">1</connect>
                  <roll sid="roll" type="float">-0.094648</roll>
                </technique>
              </extra>
            </node>
            <node id="Biped_prop_cuisse_L" name="prop_cuisse_L" sid="prop_cuisse_L" type="JOINT">
              <matrix sid="transform">0.9971039 0.04137858 0.06380926 -0.002395108 0.06149856 0.05489816 -0.9965963 0.4146938 -0.04474074 0.9976344 0.05219426 8.05875e-4 0 0 0 1</matrix>
              <extra>
                <technique profile="blender">
                  <roll sid="roll" type="float">5.49188e-4</roll>
                  <tip_x sid="tip_x" type="float">0.002273678</tip_x>
                  <tip_y sid="tip_y" type="float">0.4153765</tip_y>
                  <tip_z sid="tip_z" type="float">1.43051e-4</tip_z>
                </technique>
              </extra>
            </node>
            <node id="Biped_prop_chaff_L" name="prop_chaff_L" sid="prop_chaff_L" type="JOINT">
              <matrix sid="transform">0.9971039 0.04137864 0.06380932 -0.02362029 0.06149858 0.05489931 -0.9965963 0.2017179 -0.04474089 0.9976342 0.05219556 -0.2837922 0 0 0 1</matrix>
              <extra>
                <technique profile="blender">
                  <roll sid="roll" type="float">5.49217e-4</roll>
                  <tip_x sid="tip_x" type="float">0.002273738</tip_x>
                  <tip_y sid="tip_y" type="float">0.4153765</tip_y>
                  <tip_z sid="tip_z" type="float">1.42574e-4</tip_z>
                </technique>
              </extra>
            </node>
            <extra>
              <technique profile="blender">
                <roll sid="roll" type="float">-0.09734243</roll>
              </technique>
            </extra>
          </node>
          <node id="Biped_thigh_R" name="thigh_R" sid="thigh_R" type="JOINT">
            <matrix sid="transform">0.9973581 -0.06125145 0.03925148 -0.2257659 -0.05805328 -0.9952611 -0.07800784 0.1218985 0.04386507 0.07552315 -0.9961932 0.0242884 0 0 0 1</matrix>
            <node id="Biped_leg_R" name="leg_R" sid="leg_R" type="JOINT">
              <matrix sid="transform">0.9996771 -0.01947001 -0.01633048 0 0.01783027 0.9953021 -0.09516163 1.067803 0.01810656 0.09483972 0.9953279 -7.45058e-9 0 0 0 1</matrix>
              <node id="Biped_foot_R" name="foot_R" sid="foot_R" type="JOINT">
                <matrix sid="transform">0.9966446 0.03124705 0.0756537 -2.98023e-8 -0.07665808 0.03230271 0.996534 1.134663 0.02869492 -0.9989896 0.03458968 -1.49012e-8 0 0 0 1</matrix>
                <node id="Biped_prop_foot_R" name="prop_foot_R" sid="prop_foot_R" type="JOINT">
                  <matrix sid="transform">0.9999999 8.15689e-5 1.12014e-5 -1.88649e-5 8.22752e-5 -0.9848077 -0.1736477 0.2297596 -3.12866e-6 0.1736477 -0.984803 0.09435626 0 0 0 1</matrix>
                  <extra>
                    <technique profile="blender">
                      <tip_x sid="tip_x" type="float">-1.81794e-6</tip_x>
                      <tip_y sid="tip_y" type="float">0.4798746</tip_y>
                      <tip_z sid="tip_z" type="float">0.004259884</tip_z>
                    </technique>
                  </extra>
                </node>
                <extra>
                  <technique profile="blender">
                    <connect sid="connect" type="bool">1</connect>
                    <roll sid="roll" type="float">-9.39534e-4</roll>
                    <tip_x sid="tip_x" type="float">4.12762e-5</tip_x>
                    <tip_y sid="tip_y" type="float">-0.4718912</tip_y>
                    <tip_z sid="tip_z" type="float">-0.08753174</tip_z>
                  </technique>
                </extra>
              </node>
              <node id="Biped_prop_leg_R" name="prop_leg_R" sid="prop_leg_R" type="JOINT">
                <matrix sid="transform">0.9964967 -0.02232759 -0.08059766 -0.002034217 -0.07636612 0.1500004 -0.9857323 0.4698803 0.03409871 0.9884338 0.1477699 0.08842915 0 0 0 1</matrix>
                <extra>
                  <technique profile="blender">
                    <roll sid="roll" type="float">-5.34866e-4</roll>
                    <tip_x sid="tip_x" type="float">-0.002273619</tip_x>
                    <tip_y sid="tip_y" type="float">0.4153735</tip_y>
                    <tip_z sid="tip_z" type="float">1.68741e-4</tip_z>
                  </technique>
                </extra>
              </node>
              <extra>
                <technique profile="blender">
                  <connect sid="connect" type="bool">1</connect>
                  <roll sid="roll" type="float">0.094648</roll>
                </technique>
              </extra>
            </node>
            <node id="Biped_prop_cuisse_R" name="prop_cuisse_R" sid="prop_cuisse_R" type="JOINT">
              <matrix sid="transform">0.9971043 -0.04138171 -0.06379952 0.002392754 -0.06148996 0.05486936 -0.9965983 0.4146954 0.04474158 0.9976357 0.05216581 8.18782e-4 0 0 0 1</matrix>
              <extra>
                <technique profile="blender">
                  <roll sid="roll" type="float">-5.40541e-4</roll>
                  <tip_x sid="tip_x" type="float">-0.002274155</tip_x>
                  <tip_y sid="tip_y" type="float">0.4153729</tip_y>
                  <tip_z sid="tip_z" type="float">1.55091e-4</tip_z>
                </technique>
              </extra>
            </node>
            <node id="Biped_prop_chaff_R" name="prop_chaff_R" sid="prop_chaff_R" type="JOINT">
              <matrix sid="transform">0.9971043 -0.04138169 -0.06379955 0.02361982 -0.06148998 0.05486964 -0.9965983 0.2017267 0.04474157 0.9976357 0.05216617 -0.2837833 0 0 0 1</matrix>
              <extra>
                <technique profile="blender">
                  <roll sid="roll" type="float">-5.40567e-4</roll>
                  <tip_x sid="tip_x" type="float">-0.002274155</tip_x>
                  <tip_y sid="tip_y" type="float">0.4153729</tip_y>
                  <tip_z sid="tip_z" type="float">1.54972e-4</tip_z>
                </technique>
              </extra>
            </node>
            <extra>
              <technique profile="blender">
                <roll sid="roll" type="float">0.09734243</roll>
              </technique>
            </extra>
          </node>
          <node id="Biped_prop-sheath_L" name="prop-sheath_L" sid="prop-sheath_L" type="JOINT">
            <matrix sid="transform">1 4.70887e-7 4.50545e-7 0.4458506 -4.50545e-7 -1.2666e-6 1 0.04214893 4.70888e-7 -1 -1.20699e-6 -0.005543416 0 0 0 1</matrix>
            <extra>
              <technique profile="blender">
                <roll sid="roll" type="float">4.50545e-7</roll>
                <tip_x sid="tip_x" type="float">0</tip_x>
                <tip_y sid="tip_y" type="float">0.1882479</tip_y>
                <tip_z sid="tip_z" type="float">0.02475881</tip_z>
              </technique>
            </extra>
          </node>
          <node id="Biped_prop-quiver_R" name="prop-quiver_R" sid="prop-quiver_R" type="JOINT">
            <matrix sid="transform">1 4.70887e-7 4.50793e-7 -0.4458506 -4.50792e-7 -1.2517e-6 1 0.04214894 4.70888e-7 -1 -1.2964e-6 -0.005543765 0 0 0 1</matrix>
            <extra>
              <technique profile="blender">
                <roll sid="roll" type="float">4.50792e-7</roll>
                <tip_x sid="tip_x" type="float">0</tip_x>
                <tip_y sid="tip_y" type="float">0.1882479</tip_y>
                <tip_z sid="tip_z" type="float">0.02475881</tip_z>
              </technique>
            </extra>
          </node>
          <node id="Biped_prop_fauld" name="prop_fauld" sid="prop_fauld" type="JOINT">
            <matrix sid="transform">1 4.42032e-7 5.03976e-7 -9.50216e-9 -4.42031e-7 -0.1304007 0.9914614 0.09935199 5.03977e-7 -0.9914615 -0.1304007 0.03358676 0 0 0 1</matrix>
            <extra>
              <technique profile="blender">
                <roll sid="roll" type="float">4.45838e-7</roll>
                <tip_x sid="tip_x" type="float">0</tip_x>
                <tip_y sid="tip_y" type="float">0.1896892</tip_y>
                <tip_z sid="tip_z" type="float">0</tip_z>
              </technique>
            </extra>
          </node>
          <node id="Biped_sheath_01_R" name="sheath_01_R" sid="sheath_01_R" type="JOINT">
            <matrix sid="transform">0.8207216 -0.4961011 0.2833721 -0.366219 -0.1558677 0.2827491 0.946445 0.1455296 -0.5496557 -0.8209366 0.1547321 0.3623982 0 0 0 1</matrix>
            <node id="Biped_prop_sheath_01_R" name="prop_sheath_01_R" sid="prop_sheath_01_R" type="JOINT">
              <matrix sid="transform">1 -4.39584e-7 2.98023e-7 4.17233e-7 3.42727e-7 0.9999999 -1.19209e-7 2.38419e-7 -2.75671e-7 1.78814e-7 1 -1.49012e-8 0 0 0 1</matrix>
              <extra>
                <technique profile="blender">
                  <roll sid="roll" type="float">0.2075778</roll>
                  <tip_x sid="tip_x" type="float">-0.2060842</tip_x>
                  <tip_y sid="tip_y" type="float">0.3227945</tip_y>
                  <tip_z sid="tip_z" type="float">0.1609227</tip_z>
                </technique>
              </extra>
            </node>
            <extra>
              <technique profile="blender">
                <roll sid="roll" type="float">0.2075775</roll>
                <tip_x sid="tip_x" type="float">-0.2060841</tip_x>
                <tip_y sid="tip_y" type="float">0.3227947</tip_y>
                <tip_z sid="tip_z" type="float">0.1609227</tip_z>
              </technique>
            </extra>
          </node>
          <node id="Biped_sheath_01_L" name="sheath_01_L" sid="sheath_01_L" type="JOINT">
            <matrix sid="transform">0.8207211 0.4961019 -0.2833723 0.3662186 0.1558678 0.2827492 0.9464452 0.1455292 0.5496564 -0.8209361 0.1547318 0.3623986 0 0 0 1</matrix>
            <node id="Biped_prop_sheath_01_L" name="prop_sheath_01_L" sid="prop_sheath_01_L" type="JOINT">
              <matrix sid="transform">1 2.64496e-7 -4.02331e-7 -2.98023e-7 -2.57045e-7 1 -4.17233e-7 7.15256e-7 4.02331e-7 3.8743e-7 1 2.98023e-8 0 0 0 1</matrix>
              <extra>
                <technique profile="blender">
                  <roll sid="roll" type="float">-0.207578</roll>
                  <tip_x sid="tip_x" type="float">0.206084</tip_x>
                  <tip_y sid="tip_y" type="float">0.3227943</tip_y>
                  <tip_z sid="tip_z" type="float">0.1609227</tip_z>
                </technique>
              </extra>
            </node>
            <extra>
              <technique profile="blender">
                <roll sid="roll" type="float">-0.2075775</roll>
                <tip_x sid="tip_x" type="float">0.2060841</tip_x>
                <tip_y sid="tip_y" type="float">0.3227947</tip_y>
                <tip_z sid="tip_z" type="float">0.1609227</tip_z>
              </technique>
            </extra>
          </node>
          <node id="Biped_prop_seax_front" name="prop_seax_front" sid="prop_seax_front" type="JOINT">
            <matrix sid="transform">8.1933e-7 1.78814e-7 -1 -6.6439e-8 0.3522561 0.9359039 4.17233e-7 0.2003376 0.9359038 -0.3522562 7.07805e-7 0.4261086 0 0 0 1</matrix>
            <extra>
              <technique profile="blender">
                <roll sid="roll" type="float">-1.570795</roll>
                <tip_x sid="tip_x" type="float">0</tip_x>
                <tip_y sid="tip_y" type="float">0.0348941</tip_y>
                <tip_z sid="tip_z" type="float">0.1495628</tip_z>
              </technique>
            </extra>
          </node>
          <node id="Biped_prop_seax_back" name="prop_seax_back" sid="prop_seax_back" type="JOINT">
            <matrix sid="transform">7.94575e-7 -5.96046e-8 -1 1.67968e-7 -0.130653 0.9914283 -1.78814e-7 0.02690966 0.9914282 0.130653 7.80448e-7 -0.3670246 0 0 0 1</matrix>
            <extra>
              <technique profile="blender">
                <roll sid="roll" type="float">-1.570795</roll>
                <tip_x sid="tip_x" type="float">0</tip_x>
                <tip_y sid="tip_y" type="float">-0.0397495</tip_y>
                <tip_z sid="tip_z" type="float">0.1483464</tip_z>
              </technique>
            </extra>
          </node>
          <node id="Biped_sheath_02_R" name="sheath_02_R" sid="sheath_02_R" type="JOINT">
            <matrix sid="transform">0.9288079 -0.2294098 0.2910105 -0.4715531 -0.2319681 0.2524661 0.9393891 0.1182689 -0.2889753 -0.9400171 0.1812768 0.1551297 0 0 0 1</matrix>
            <node id="Biped_prop_sheath_02_R" name="prop_sheath_02_R" sid="prop_sheath_02_R" type="JOINT">
              <matrix sid="transform">1 -1.49012e-7 4.32134e-7 2.68221e-7 1.86265e-7 1 -2.68221e-7 3.72529e-7 -4.02331e-7 2.38419e-7 1 -5.96046e-8 0 0 0 1</matrix>
              <extra>
                <technique profile="blender">
                  <roll sid="roll" type="float">0.2573323</roll>
                  <tip_x sid="tip_x" type="float">-0.09900343</tip_x>
                  <tip_y sid="tip_y" type="float">0.3879986</tip_y>
                  <tip_z sid="tip_z" type="float">0.1609227</tip_z>
                </technique>
              </extra>
            </node>
            <extra>
              <technique profile="blender">
                <roll sid="roll" type="float">0.2573319</roll>
                <tip_x sid="tip_x" type="float">-0.09900343</tip_x>
                <tip_y sid="tip_y" type="float">0.3879989</tip_y>
                <tip_z sid="tip_z" type="float">0.1609227</tip_z>
              </technique>
            </extra>
          </node>
          <node id="Biped_sheath_02_L" name="sheath_02_L" sid="sheath_02_L" type="JOINT">
            <matrix sid="transform">0.9288076 0.2294106 -0.2910105 0.4715529 0.2319681 0.2524661 0.939389 0.1182694 0.2889761 -0.9400167 0.1812766 0.1551297 0 0 0 1</matrix>
            <node id="Biped_prop_sheath_02_L" name="prop_sheath_02_L" sid="prop_sheath_02_L" type="JOINT">
              <matrix sid="transform">1 5.88596e-7 -5.06639e-7 -2.98023e-7 -5.43892e-7 1 -2.38419e-7 3.65078e-7 4.91738e-7 1.78814e-7 1 -3.8743e-7 0 0 0 1</matrix>
              <extra>
                <technique profile="blender">
                  <roll sid="roll" type="float">-0.2573323</roll>
                  <tip_x sid="tip_x" type="float">0.09900355</tip_x>
                  <tip_y sid="tip_y" type="float">0.3879984</tip_y>
                  <tip_z sid="tip_z" type="float">0.1609227</tip_z>
                </technique>
              </extra>
            </node>
            <extra>
              <technique profile="blender">
                <roll sid="roll" type="float">-0.2573319</roll>
                <tip_x sid="tip_x" type="float">0.09900349</tip_x>
                <tip_y sid="tip_y" type="float">0.3879989</tip_y>
                <tip_z sid="tip_z" type="float">0.1609227</tip_z>
              </technique>
            </extra>
          </node>
          <node id="Biped_quiver_R" name="quiver_R" sid="quiver_R" type="JOINT">
            <matrix sid="transform">0.9279921 -0.03269313 0.3711631 -0.5100688 -0.3234892 0.4236182 0.8461102 0.09364106 -0.1848934 -0.9052507 0.3825384 0.01012942 0 0 0 1</matrix>
            <node id="Biped_prop_quiver_R" name="prop_quiver_R" sid="prop_quiver_R" type="JOINT">
              <matrix sid="transform">0.9999999 7.45058e-8 -5.06639e-7 2.98023e-8 -1.19209e-7 0.9999999 1.49012e-7 1.546e-7 5.21541e-7 -1.19209e-7 1 -4.47035e-8 0 0 0 1</matrix>
              <extra>
                <technique profile="blender">
                  <roll sid="roll" type="float">0.3709212</roll>
                  <tip_x sid="tip_x" type="float">-0.01411879</tip_x>
                  <tip_y sid="tip_y" type="float">0.3637422</tip_y>
                  <tip_z sid="tip_z" type="float">0.2323572</tip_z>
                </technique>
              </extra>
            </node>
            <extra>
              <technique profile="blender">
                <roll sid="roll" type="float">0.3709216</roll>
                <tip_x sid="tip_x" type="float">-0.01411885</tip_x>
                <tip_y sid="tip_y" type="float">0.3637424</tip_y>
                <tip_z sid="tip_z" type="float">0.2323575</tip_z>
              </technique>
            </extra>
          </node>
          <node id="Biped_quiver_L" name="quiver_L" sid="quiver_L" type="JOINT">
            <matrix sid="transform">0.9279918 0.03269398 -0.3711633 0.5100684 0.3234892 0.4236183 0.8461102 0.09364045 0.1848943 -0.9052507 0.3825381 0.01013082 0 0 0 1</matrix>
            <node id="Biped_prop_quiver_L" name="prop_quiver_L" sid="prop_quiver_L" type="JOINT">
              <matrix sid="transform">1 -2.08616e-7 4.61936e-7 1.19209e-7 2.38419e-7 1 1.49012e-7 3.63216e-7 -4.76837e-7 -1.49012e-7 1 1.49012e-8 0 0 0 1</matrix>
              <extra>
                <technique profile="blender">
                  <roll sid="roll" type="float">-0.3709211</roll>
                  <tip_x sid="tip_x" type="float">0.01411879</tip_x>
                  <tip_y sid="tip_y" type="float">0.3637421</tip_y>
                  <tip_z sid="tip_z" type="float">0.2323572</tip_z>
                </technique>
              </extra>
            </node>
            <extra>
              <technique profile="blender">
                <roll sid="roll" type="float">-0.3709216</roll>
                <tip_x sid="tip_x" type="float">0.01411885</tip_x>
                <tip_y sid="tip_y" type="float">0.3637424</tip_y>
                <tip_z sid="tip_z" type="float">0.2323575</tip_z>
              </technique>
            </extra>
          </node>
          <node id="Biped_prop-sheath_R" name="prop-sheath_R" sid="prop-sheath_R" type="JOINT">
            <matrix sid="transform">1 4.70887e-7 -4.50544e-7 -0.4458506 4.50545e-7 -1.2517e-6 1 0.04214894 4.70887e-7 -1 -1.2964e-6 -0.005543761 0 0 0 1</matrix>
            <extra>
              <technique profile="blender">
                <roll sid="roll" type="float">-4.50545e-7</roll>
                <tip_x sid="tip_x" type="float">0</tip_x>
                <tip_y sid="tip_y" type="float">0.1882479</tip_y>
                <tip_z sid="tip_z" type="float">0.02475881</tip_z>
              </technique>
            </extra>
          </node>
          <extra>
            <technique profile="blender">
              <roll sid="roll" type="float">4.45839e-7</roll>
              <tip_x sid="tip_x" type="float">0</tip_x>
              <tip_y sid="tip_y" type="float">-0.02475905</tip_y>
              <tip_z sid="tip_z" type="float">0.1882476</tip_z>
            </technique>
          </extra>
        </node>
        <node id="Biped_knee_L" name="knee_L" sid="knee_L" type="JOINT">
          <matrix sid="transform">-1 0 0 0.6688504 0 -1 0 -2.524968 0 0 1 1.247289 0 0 0 1</matrix>
          <extra>
            <technique profile="blender">
              <tip_x sid="tip_x" type="float">0</tip_x>
              <tip_y sid="tip_y" type="float">-0.5</tip_y>
              <tip_z sid="tip_z" type="float">0</tip_z>
            </technique>
          </extra>
        </node>
        <node id="Biped_knee_R" name="knee_R" sid="knee_R" type="JOINT">
          <matrix sid="transform">-1 0 0 -0.6688504 0 -1 0 -2.524968 0 0 1 1.247289 0 0 0 1</matrix>
          <extra>
            <technique profile="blender">
              <tip_x sid="tip_x" type="float">0</tip_x>
              <tip_y sid="tip_y" type="float">-0.5</tip_y>
              <tip_z sid="tip_z" type="float">0</tip_z>
            </technique>
          </extra>
        </node>
        <node id="Biped_handIK_L" name="handIK_L" sid="handIK_L" type="JOINT">
          <matrix sid="transform">0.9914272 0.1306154 -0.003441763 0.8864825 0.02793835 -0.186185 0.9821175 -0.1577512 0.1276388 -0.973794 -0.1882382 2.327101 0 0 0 1</matrix>
          <extra>
            <technique profile="blender">
              <roll sid="roll" type="float">-0.161774</roll>
              <tip_x sid="tip_x" type="float">0.05482321</tip_x>
              <tip_y sid="tip_y" type="float">-0.07814747</tip_y>
              <tip_z sid="tip_z" type="float">-0.4087308</tip_z>
            </technique>
          </extra>
        </node>
        <node id="Biped_handIK_R" name="handIK_R" sid="handIK_R" type="JOINT">
          <matrix sid="transform">0.9913952 -0.1305481 0.009633966 -0.8864824 -0.03428164 -0.1879006 0.9815895 -0.1577512 -0.1263344 -0.9734734 -0.1907591 2.327101 0 0 0 1</matrix>
          <extra>
            <technique profile="blender">
              <roll sid="roll" type="float">0.1682205</roll>
              <tip_x sid="tip_x" type="float">-0.05479496</tip_x>
              <tip_y sid="tip_y" type="float">-0.07886755</tip_y>
              <tip_z sid="tip_z" type="float">-0.4085962</tip_z>
            </technique>
          </extra>
        </node>
        <node id="Biped_footIK_L" name="footIK_L" sid="footIK_L" type="JOINT">
          <matrix sid="transform">1 0 4.2924e-7 0.3781533 -7.82853e-8 -0.983228 0.1823806 0.2069193 4.22042e-7 -0.1823806 -0.983224 0.1289359 0 0 0 1</matrix>
          <extra>
            <technique profile="blender">
              <roll sid="roll" type="float">4.29243e-7</roll>
              <tip_x sid="tip_x" type="float">0</tip_x>
              <tip_y sid="tip_y" type="float">-0.4718444</tip_y>
              <tip_z sid="tip_z" type="float">-0.08752322</tip_z>
            </technique>
          </extra>
        </node>
        <node id="Biped_footIK_R" name="footIK_R" sid="footIK_R" type="JOINT">
          <matrix sid="transform">1 0 -4.2924e-7 -0.3781533 7.82853e-8 -0.983228 0.1823806 0.2069193 -4.22042e-7 -0.1823806 -0.983224 0.1289359 0 0 0 1</matrix>
          <extra>
            <technique profile="blender">
              <roll sid="roll" type="float">-4.29243e-7</roll>
              <tip_x sid="tip_x" type="float">0</tip_x>
              <tip_y sid="tip_y" type="float">-0.4718444</tip_y>
              <tip_z sid="tip_z" type="float">-0.08752322</tip_z>
            </technique>
          </extra>
        </node>
        <node id="Biped_elbow_L" name="elbow_L" sid="elbow_L" type="JOINT">
          <matrix sid="transform">1 0 0 0.6339188 0 1 0 1.381869 0 0 1 2.844311 0 0 0 1</matrix>
          <extra>
            <technique profile="blender">
              <tip_x sid="tip_x" type="float">0</tip_x>
              <tip_y sid="tip_y" type="float">0.4999999</tip_y>
              <tip_z sid="tip_z" type="float">0</tip_z>
            </technique>
          </extra>
        </node>
        <node id="Biped_elbow_R" name="elbow_R" sid="elbow_R" type="JOINT">
          <matrix sid="transform">1 0 0 -0.6339188 0 1 0 1.381869 0 0 1 2.844311 0 0 0 1</matrix>
          <extra>
            <technique profile="blender">
              <tip_x sid="tip_x" type="float">0</tip_x>
              <tip_y sid="tip_y" type="float">0.4999999</tip_y>
              <tip_z sid="tip_z" type="float">0</tip_z>
            </technique>
          </extra>
        </node>
        <node id="f_naked" name="f_naked" type="NODE">
          <matrix sid="transform">1 0 0 0 0 1 0 0 0 0 1 0 0 0 0 1</matrix>
          <instance_controller url="#Biped_f_naked-skin">
            <skeleton>#Biped_hip</skeleton>
            <skeleton>#Biped_knee_L</skeleton>
            <skeleton>#Biped_knee_R</skeleton>
            <skeleton>#Biped_handIK_L</skeleton>
            <skeleton>#Biped_handIK_R</skeleton>
            <skeleton>#Biped_footIK_L</skeleton>
            <skeleton>#Biped_footIK_R</skeleton>
            <skeleton>#Biped_elbow_L</skeleton>
            <skeleton>#Biped_elbow_R</skeleton>
            <bind_material>
              <technique_common>
                <instance_material symbol="Material_010-material" target="#Material_010-material">
                  <bind_vertex_input semantic="Cube_033-mesh-map-0" input_semantic="TEXCOORD" input_set="0"/>
                </instance_material>
              </technique_common>
            </bind_material>
          </instance_controller>
        </node>
      </node>
    </visual_scene>
  </library_visual_scenes>
  <scene>
    <instance_visual_scene url="#Scene"/>
  </scene>
</COLLADA>