<?xml version="1.0" encoding="utf-8"?>
<COLLADA xmlns="http://www.collada.org/2005/11/COLLADASchema" version="1.4.1" xmlns:xsi="http://www.w3.org/2001/XMLSchema-instance">
  <asset>
    <contributor>
      <author>Blender User</author>
      <authoring_tool>Blender 4.3.1 commit date:2024-12-10, commit time:07:46, hash:33d812126174</authoring_tool>
    </contributor>
    <created>2026-05-04T21:22:29</created>
    <modified>2026-05-04T21:22:29</modified>
    <unit name="meter" meter="1"/>
    <up_axis>Z_UP</up_axis>
  </asset>
  <library_effects>
    <effect id="Skin_001-effect">
      <profile_COMMON>
        <newparam sid="suit_armo_02_01_png-surface">
          <surface type="2D">
            <init_from>suit_armo_02_01_png</init_from>
          </surface>
        </newparam>
        <newparam sid="suit_armo_02_01_png-sampler">
          <sampler2D>
            <source>suit_armo_02_01_png-surface</source>
          </sampler2D>
        </newparam>
        <technique sid="common">
          <lambert>
            <emission>
              <color sid="emission">0 0 0 1</color>
            </emission>
            <diffuse>
              <texture texture="suit_armo_02_01_png-sampler" texcoord="Cube_027-mesh-map-0"/>
            </diffuse>
            <reflectivity>
              <float sid="specular">0.5</float>
            </reflectivity>
            <index_of_refraction>
              <float sid="ior">1.5</float>
            </index_of_refraction>
          </lambert>
        </technique>
      </profile_COMMON>
    </effect>
  </library_effects>
  <library_images>
    <image id="suit_armo_02_01_png" name="suit_armo_02_01_png">
      <init_from>/home/welton/Downloads/skins/units/mcc/suit_armo_02_01.png</init_from>
    </image>
  </library_images>
  <library_materials>
    <material id="Skin_001-material" name="Skin.001">
      <instance_effect url="#Skin_001-effect"/>
    </material>
  </library_materials>
  <library_geometries>
    <geometry id="Cube_004-mesh" name="Cube.004">
      <mesh>
        <source id="Cube_004-mesh-positions">
          <float_array id="Cube_004-mesh-positions-array" count="1329">0.2981428 0.1978017 2.434589 0.2714526 -0.2756595 2.431839 0.2319403 0.233684 3.611131 0.2340427 -0.08808475 3.550232 0.2972191 0.1169577 2.564865 0.2589668 -0.3033832 2.697449 0.366254 0.3040346 3.151119 0.3346831 -0.3432486 3.125351 0.3350226 0.07321399 3.626322 0.3834454 -0.1006806 2.489922 0.3741438 -0.1117122 2.639582 0.4852545 0.07006067 3.114905 0.3724294 -0.08431106 2.801155 0.2691507 0.1274929 2.7437 0.2925019 -0.3212518 2.898529 0.1442943 0.195025 3.703617 0.1082573 -0.03285646 3.610503 0.1842091 0.06237089 3.646372 0.4801141 0.207428 3.540529 0.500177 -0.09784632 3.524863 0.4458598 0.2757817 3.295567 0.4498358 -0.2047845 3.271327 0.534411 0.07263696 3.584517 0.4027706 0.07437247 3.187545 0.3028847 0.3096635 3.372141 0.2751108 -0.2461811 3.359406 0.4399198 0.2729974 3.384158 0.4970784 -0.1853259 3.388964 0.5135347 0.1819328 3.476676 0.5180611 -0.09152221 3.455003 0.5848229 0.2238132 3.254433 0.5807547 -0.0911616 3.221354 0.5508193 0.06407815 3.514841 0.6744511 0.07240974 3.145564 0.5305688 0.2292593 3.372714 0.5359734 -0.1172432 3.347401 0.6386417 0.06824392 3.324948 0.4733862 0.2336127 2.986593 0.5072709 -0.1307212 2.983906 0.4491957 0.02066862 2.974715 0.6146403 0.2430825 3.077172 0.6299989 -0.1055369 3.047348 0.6969733 0.1157053 3.062693 0.6583124 0.1699953 2.824008 0.6296363 -0.07646477 2.753759 0.5222879 0.02514308 2.846001 0.6928939 0.1724891 2.850032 0.6791531 -0.05956184 2.84742 0.7090608 0.1023157 2.982134 0.6534314 0.1364816 2.715488 0.6778352 -0.1119959 2.647247 0.5462871 -0.01599395 2.707507 0.7949146 0.1740255 2.753477 0.7812741 -0.07038486 2.773412 0.8004416 0.07715934 2.843171 0.8181799 -0.03789538 2.366173 0.8056691 -0.1968777 2.41786 0.791723 -0.1232963 2.402209 0.9090751 -0.03998237 2.36009 0.8791925 -0.1773838 2.428442 0.9305188 -0.1094642 2.399413 0.8322173 -0.05361199 2.333383 0.8197066 -0.230042 2.356023 0.8057606 -0.1529328 2.35131 0.9231126 -0.05481112 2.327064 0.9236693 -0.2149439 2.359928 0.9445564 -0.1408919 2.350218 0.8279132 -0.07334506 2.135823 0.7519092 -0.3232603 2.146109 0.744172 -0.1943187 2.174419 0.8015623 -0.05949813 2.120001 0.73334 -0.3141989 2.125924 0.7250277 -0.1776427 2.140832 0.8193171 -0.2716968 2.312343 0.9070622 -0.2865469 2.321146 0.8544405 -0.292989 2.190808 0.9086607 -0.3037399 2.200634 0.717117 -0.3292919 2.216624 0.7324344 -0.3425027 2.222368 0.7398133 -0.310268 2.185926 0.7565897 -0.3299385 2.193854 0.1047446 0.1307275 3.763386 0.08063822 -0.006826162 3.709904 0.1307675 0.05211305 3.73536 0.08516234 0.1115201 3.820777 0.0714491 -0.02888834 3.777979 0.09996575 0.03127408 3.798349 0.004760444 0.01773929 3.850259 0.003993928 0.009890556 3.847867 0.005587995 0.01325356 3.849005 0.4349606 -0.07318532 2.047032 -0.2981428 0.1978017 2.434589 -0.2714526 -0.2756595 2.431839 -0.2319403 0.233684 3.611131 -0.2340427 -0.08808475 3.550232 -0.2972191 0.1169577 2.564865 -0.2589668 -0.3033832 2.697449 -0.366254 0.3040346 3.151119 -0.3346831 -0.3432486 3.125351 -0.1660184 -0.2930893 2.01062 -0.3350226 0.07321399 3.626322 -0.3834454 -0.1006806 2.489922 -0.3741438 -0.1117122 2.639582 -0.4852545 0.07006067 3.114905 -0.3724294 -0.08431106 2.801155 -0.2691507 0.1274929 2.7437 -0.2925019 -0.3212518 2.898529 -0.1442943 0.195025 3.703617 -0.1082573 -0.03285646 3.610503 -0.1842091 0.06237089 3.646372 -0.4801141 0.207428 3.540529 -0.500177 -0.09784632 3.524863 -0.4458598 0.2757817 3.295567 -0.4498358 -0.2047845 3.271327 -0.534411 0.07263696 3.584517 -0.4027706 0.07437247 3.187545 -0.3028847 0.3096635 3.372141 -0.2751108 -0.2461811 3.359406 -0.4399198 0.2729974 3.384158 -0.4970784 -0.1853259 3.388964 -0.5135347 0.1819328 3.476676 -0.5180611 -0.09152221 3.455003 -0.5848229 0.2238132 3.254433 -0.5807547 -0.0911616 3.221354 -0.5508193 0.06407815 3.514841 -0.6744511 0.07240974 3.145564 -0.5305688 0.2292593 3.372714 -0.5359734 -0.1172432 3.347401 -0.6386417 0.06824392 3.324948 -0.4733862 0.2336127 2.986593 -0.5072709 -0.1307212 2.983906 -0.4491957 0.02066862 2.974715 -0.6146403 0.2430825 3.077172 -0.6299989 -0.1055369 3.047348 -0.6969733 0.1157053 3.062693 -0.6583124 0.1699953 2.824008 -0.6296363 -0.07646477 2.753759 -0.5222879 0.02514308 2.846001 -0.6928939 0.1724891 2.850032 -0.6791531 -0.05956184 2.84742 -0.7090608 0.1023157 2.982134 -0.6534314 0.1364816 2.715488 -0.6778352 -0.1119959 2.647247 -0.5462871 -0.01599395 2.707507 -0.7949146 0.1740255 2.753477 -0.7812741 -0.07038486 2.773412 -0.8004416 0.07715934 2.843171 -0.8181799 -0.03789538 2.366173 -0.8056691 -0.1968777 2.41786 -0.791723 -0.1232963 2.402209 -0.9090751 -0.03998237 2.36009 -0.8791925 -0.1773838 2.428442 -0.9305188 -0.1094642 2.399413 -0.8322173 -0.05361199 2.333383 -0.8197066 -0.230042 2.356023 -0.8057606 -0.1529328 2.35131 -0.9231126 -0.05481112 2.327064 -0.9236693 -0.2149439 2.359928 -0.9445564 -0.1408919 2.350218 0.8223198 -0.1926947 2.043708 0.8115481 -0.3125336 2.081042 0.7880429 -0.3061217 2.116827 0.7954246 -0.1878917 2.099909 0.8583701 -0.06869256 2.060721 0.8505681 -0.06987595 2.101956 -0.8279132 -0.07334506 2.135823 -0.7519092 -0.3232603 2.146109 -0.744172 -0.1943187 2.174419 -0.8015623 -0.05949813 2.120001 -0.73334 -0.3141989 2.125924 -0.7250277 -0.1776427 2.140832 -0.8193171 -0.2716968 2.312343 -0.9070622 -0.2865469 2.321146 -0.8544405 -0.292989 2.190808 -0.9086607 -0.3037399 2.200634 -0.717117 -0.3292919 2.216624 -0.7324344 -0.3425027 2.222368 -0.7398133 -0.310268 2.185926 -0.7565897 -0.3299385 2.193854 -0.1047446 0.1307275 3.763386 -0.08063822 -0.006826162 3.709904 -0.1307675 0.05211305 3.73536 -0.08516234 0.1115201 3.820777 -0.0714491 -0.02888834 3.777979 -0.09996575 0.03127408 3.798349 -0.004760444 0.01773929 3.850259 -0.003993928 0.009890556 3.847867 -0.005587995 0.01325356 3.849005 0 0.2758021 3.637898 0 0.2496693 2.416794 0 -0.1963303 3.515754 0 -0.3701905 2.416794 0 0.187929 2.57983 0 -0.3935739 2.716219 0 0.3515486 3.102288 0 -0.4319178 3.171932 0 0.3004714 2.213966 0 -0.3111125 2.213966 0 0.2107997 2.73486 0 -0.396004 3.035996 0 0.2347726 3.71084 0 -0.0798037 3.602186 0 -0.3297372 3.341812 0 0.3608548 3.408226 0 0.1573995 3.773176 0 -0.04494398 3.689996 0 0.1387457 3.828611 0 -0.0677973 3.762047 0 0.01926118 3.850697 0 0.007715523 3.846976 -0.3502531 0.2208498 2.03698 -0.3369598 -0.2565314 2.038022 -0.4349606 -0.07318532 2.047032 0.4387944 -0.08646863 2.268539 0.3324981 0.2316665 2.23566 0.3272561 -0.2659223 2.234988 -0.4387944 -0.08646863 2.268539 -0.3324981 0.2316665 2.23566 -0.3272561 -0.2659223 2.234988 0.9100739 -0.07468551 2.131712 0.8946418 -0.07476645 2.133891 0.8704858 -0.2941321 2.146946 0.8596671 -0.2967095 2.15559 0.8692121 -0.3039826 2.145685 0.8712175 -0.1877611 2.144527 0.8856346 -0.1879774 2.154115 0.9204886 -0.07646828 2.082292 0.9509739 -0.07562738 2.127086 0.9249299 -0.3055276 2.166318 0.894984 -0.3096656 2.110432 0.9326676 -0.2984737 2.166685 0.9148773 -0.2016821 2.075673 0.9642843 -0.1950029 2.148457 -0.8946418 -0.07476645 2.133891 -0.9100739 -0.07468551 2.131712 -0.8596671 -0.2967095 2.15559 -0.8704858 -0.2941321 2.146946 -0.8692121 -0.3039826 2.145685 -0.8856346 -0.1879774 2.154115 -0.8712175 -0.1877611 2.144527 -0.9509739 -0.07562738 2.127086 -0.9204886 -0.07646828 2.082292 -0.894984 -0.3096656 2.110432 -0.9249299 -0.3055276 2.166318 -0.9326676 -0.2984737 2.166685 -0.9642843 -0.1950029 2.148457 -0.9148773 -0.2016821 2.075673 -0.7954246 -0.1878917 2.099909 -0.8505681 -0.06987595 2.101956 -0.8583701 -0.06869256 2.060721 -0.8115481 -0.3125336 2.081042 -0.7880429 -0.3061217 2.116827 -0.8223198 -0.1926947 2.043708 0.4351164 0.07263696 3.584517 0.4008823 -0.09784632 3.524863 0.404164 0.2729974 3.384158 0.3808194 0.207428 3.540529 0.3977838 -0.1853259 3.388964 -0.4351164 0.07263696 3.584517 -0.4008823 -0.09784632 3.524863 -0.404164 0.2729974 3.384158 -0.3808194 0.207428 3.540529 -0.3977838 -0.1853259 3.388964 -0.4099689 -0.1365939 3.120128 0.4099689 -0.1365939 3.120128 0.1660184 -0.2930893 2.01062 0.08025091 0.3085539 2.012652 0.3369598 -0.2565314 2.038022 0 -0.3014664 2.009116 -0.08025091 0.3085539 2.012652 0 0.3210121 2.011269 0.290646 0.2823764 0.2465245 -0.4454008 0.1946835 0.2521101 -0.2738182 0.1823239 0.2398021 -0.4240475 0.08654189 0.264625 -0.2873069 -0.3423319 0.001226127 -0.486517 -0.2987722 0.00105077 -0.4250491 0.2697485 0.002708554 -0.4892241 9.53823e-4 0.00111413 -0.2794553 0.2572242 0.001115918 -0.3015146 -0.001478195 0.001433908 -0.4754757 0.1803153 0.001156806 -0.2951567 0.1689119 0.001115918 -0.2652807 0.1689119 0.1737205 -0.4368632 0.181673 0.1356298 -0.2817585 -0.01226276 0.183784 -0.2970466 0.2943921 0.1786922 -0.4563935 0.002322793 0.1857265 -0.3834319 0.2660425 0.1626077 -0.287236 -0.3422865 0.08565562 -0.4902133 -0.298628 0.08290278 -0.35966 -0.3751544 0.001313447 -0.3598821 -0.3750689 0.09534704 -0.3651548 0.3031175 0.001731038 -0.3168749 0.2893801 0.001758456 -0.3344347 -0.00104022 0.001235902 -0.3450246 -0.1115378 0.1576804 -0.3520775 -0.2232333 0.1288281 -0.4720345 -0.0758081 0.1445087 -0.5087639 -0.1867843 0.1131789 -0.2737222 -0.2035423 0.1270713 -0.2841672 -0.1047611 0.1542025 -0.3329752 -0.02082848 0.1972117 -0.3556924 0.2910403 0.1718225 -0.3195981 0.2988184 0.1775068 -0.3491603 0.1726893 0.001115918 -0.3424517 -0.1022694 0.001181781 -0.3510559 -0.2387118 0.001247644 -0.5110226 -0.1866201 0.001134753 -0.4892148 -0.07545173 0.001035988 -0.2795337 -0.07842034 0.001190721 -0.258242 -0.1907398 0.001064956 0.2873069 -0.3423319 0.001226127 0.486517 -0.2987722 0.00105077 0.4250491 0.2697485 0.002708554 0.4892241 9.53823e-4 0.00111413 0.2794553 0.2572242 0.001115918 0.3015146 -0.001478195 0.001433908 0.4754757 0.1803153 0.001156806 0.2951567 0.1689119 0.001115918 0.2652807 0.1689119 0.1737205 0.4368632 0.181673 0.1356298 0.2817585 -0.01226276 0.183784 0.2970466 0.2943921 0.1786922 0.4563935 0.002322793 0.1857265 0.3834319 0.2660425 0.1626077 0.287236 -0.3422865 0.08565562 0.4902133 -0.298628 0.08290278 0.35966 -0.3751544 0.001313447 0.3598821 -0.3750689 0.09534704 0.3651548 0.3031175 0.001731038 0.3168749 0.2893801 0.001758456 0.3344347 -0.00104022 0.001235902 0.3450246 -0.1115378 0.1576804 0.3520775 -0.2232333 0.1288281 0.4720345 -0.0758081 0.1445087 0.5087639 -0.1867843 0.1131789 0.2737222 -0.2035423 0.1270713 0.2841672 -0.1047611 0.1542025 0.3329752 -0.02082848 0.1972117 0.3556924 0.2910403 0.1718225 0.3195981 0.2988184 0.1775068 0.3491603 0.1726893 0.001115918 0.3424517 -0.1022694 0.001181781 0.3510559 -0.2387118 0.001247644 0.5110226 -0.1866201 0.001134753 0.4892148 -0.07545173 0.001035988 0.2795337 -0.07842034 0.001190721 0.258242 -0.1907398 0.001064956 0.2738182 0.1823239 0.2398021 0.3387385 0.22345 1.796708 0.3665665 -0.2210729 1.790693 0.1206153 0.2284449 1.794028 0.1671914 -0.2613691 1.788681 0.4546392 -0.04245311 1.795672 0.3201213 0.2228379 1.409275 0.3424965 -0.09296345 1.376482 0.1649412 0.2190806 1.393778 0.2171496 -0.1266874 1.364737 0.4040136 0.05025202 1.404277 0.116568 0.04225844 1.375468 0.3134067 0.2523084 1.332467 0.3785821 -0.05771565 1.226555 0.1817511 0.2375107 1.313362 0.2472831 -0.0724287 1.220543 0.41759 0.07692754 1.288112 0.1461074 0.06986534 1.257637 0.3310465 0.2958585 1.240557 0.3694378 0.007107913 1.116642 0.1935179 0.2830207 1.210976 0.2768556 0.01062738 1.073046 0.4372007 0.1422626 1.175426 0.1680441 0.1362457 1.127813 0.3723689 0.4037405 0.9958177 0.413519 0.02191251 0.8427876 0.2109051 0.3889556 0.9640612 0.2986576 0.03402209 0.8241004 0.4969185 0.2060252 0.936183 0.1809156 0.1991167 0.8850709 0.379115 0.2947378 0.2543153 0.4235006 0.08626639 0.264559 0.291118 0.2827808 0.2466026 0.3612126 0.08385902 0.259272 0.445415 0.1943073 0.2520738 0.2737609 0.1828131 0.2398511 0.3502531 0.2208498 2.03698 -0.3387385 0.22345 1.796708 -0.3665665 -0.2210729 1.790693 -0.1206153 0.2284449 1.794028 -0.1671914 -0.2613691 1.788681 -0.4546392 -0.04245311 1.795672 -0.3201213 0.2228379 1.409275 -0.3424965 -0.09296345 1.376482 -0.1649412 0.2190806 1.393778 -0.2171496 -0.1266874 1.364737 -0.4040136 0.05025202 1.404277 -0.116568 0.04225844 1.375468 -0.3134067 0.2523084 1.332467 -0.3785821 -0.05771565 1.226555 -0.1817511 0.2375107 1.313362 -0.2472831 -0.0724287 1.220543 -0.41759 0.07692754 1.288112 -0.1461074 0.06986534 1.257637 -0.3310465 0.2958585 1.240557 -0.3694378 0.007107913 1.116642 -0.1935179 0.2830207 1.210976 -0.2768556 0.01062738 1.073046 -0.4372007 0.1422626 1.175426 -0.1680441 0.1362457 1.127813 -0.3723689 0.4037405 0.9958177 -0.413519 0.02191251 0.8427876 -0.2109051 0.3889556 0.9640612 -0.2986576 0.03402209 0.8241004 -0.4969185 0.2060252 0.936183 -0.1809156 0.1991167 0.8850709 -0.379115 0.2947378 0.2543153 -0.4235006 0.08626639 0.264559 -0.291118 0.2827808 0.2466026 -0.3612126 0.08385902 0.259272 -0.445415 0.1943073 0.2520738 -0.2737609 0.1828131 0.2398511 0.08321654 -0.006050646 1.585597 0.4288427 0.004736185 1.596303 0.3547354 -0.1581072 1.587057 0.1423864 0.2238437 1.597259 0.329453 0.2231212 1.60394 -0.1922147 -0.1939219 1.576394 -0.08321654 -0.006050646 1.585597 -0.4288427 0.004736185 1.596303 -0.3547354 -0.1581072 1.587057 -0.1423864 0.2238437 1.597259 -0.329453 0.2231212 1.60394 0.1922147 -0.1939219 1.576394 0 -0.2303858 1.888758 0.01092368 -0.008101761 1.798277 -0.01092368 -0.008101761 1.798277 0 0.2095661 1.898711 0 -0.006743431 1.950921 0.4454008 0.1946835 0.2521101 -0.3785737 0.2947773 0.2542786 -0.290646 0.2823764 0.2465245 0.3785737 0.2947773 0.2542786 0.4240475 0.08654189 0.264625</float_array>
          <technique_common>
            <accessor source="#Cube_004-mesh-positions-array" count="443" stride="3">
              <param name="X" type="float"/>
              <param name="Y" type="float"/>
              <param name="Z" type="float"/>
            </accessor>
          </technique_common>
        </source>
        <source id="Cube_004-mesh-normals">
          <float_array id="Cube_004-mesh-normals-array" count="1329">0 0.9875106 0.1575533 0.5877096 0.7425473 0.3212802 0 0.9580107 0.2867324 0.9926622 -0.1122776 0.04489433 0.5750098 -0.8181439 -0.002132236 0.9808123 -0.1325757 0.1429376 0.6335564 -0.7684715 -0.08976465 0 -0.9833933 -0.1814876 0.1974456 0.96511 0.1719826 0 0.9740806 -0.2262013 0 0.9847015 0.1742502 0.6308069 0.7421721 -0.2264141 0 0.9665584 -0.2564467 0.9803106 -0.05980867 -0.188187 0.6449913 -0.7482132 -0.1554453 0 -0.9977263 -0.06739735 0 0.9011229 0.4335639 0.5290034 0.4706025 0.706179 0.3260881 0.6614244 0.6754142 0.1820402 -0.09042996 0.9791241 0.2405418 0.6490926 0.7216775 0 -0.7064964 0.7077167 0.3287739 -0.6788078 0.6566032 0 -0.7571231 0.6532723 0.7196422 0.6562394 0.2268589 0.9771711 0.09131163 0.1918308 0.5623741 0.7923406 -0.2364993 0.958639 -0.23352 -0.1627261 -0.4544048 0.1965799 0.8688341 0.5445789 -0.8380151 0.03412425 0.6553111 0.7425045 0.1387608 0.9932139 -0.1097465 0.03849452 0.6999415 0.7140462 -0.01482939 0.6047464 -0.7962661 0.01556003 0 -0.9899721 -0.1412634 0.2377559 -0.8300511 0.5044673 0 -0.9893071 0.1458483 1.74194e-7 0.7702638 0.6377254 0.6431245 0.4298223 0.6337535 0.5174725 -0.3141517 0.7959467 0.1365076 -0.6127819 0.7783727 0.5085136 0.06328713 0.8587251 0.6174506 0.5854839 0.5253222 0.4259983 0.6553269 0.6237565 0.9721015 -0.02325737 0.2334048 0.521975 0.8527127 0.02057421 0.6926796 0.6851319 0.2253646 0.1990992 -0.9067514 0.3717008 0.2357603 0.9492924 0.2079926 0.1166489 -0.6215417 0.7746478 0.2051191 -0.01831787 0.9785657 0.2934456 0.9555734 -0.02773678 0.5892347 0.7377024 0.3295417 0.7143199 -0.6594614 0.2342172 0.446893 -0.8077157 0.3845542 0.953003 0.003834724 0.3029366 0.7649459 -0.6304076 0.1320762 0.6339101 -0.5907014 0.4992293 0.7416235 0.01543939 0.6706387 0.6272072 -0.7707359 0.1121488 0.9563602 0.1909935 0.2211261 0.430994 -0.5836017 0.6882247 0.3438122 0.8791857 0.3298876 0.960645 0.1082712 0.2558098 0.3760579 0.9261044 0.03018611 -0.4348126 -0.8579386 -0.2736412 -0.5783241 0.7109811 -0.4000589 -0.9322921 -0.1377894 -0.3344333 0.8470197 0.06403553 0.5276902 0.5114694 0.8591533 0.01595497 0.5061973 -0.8221572 0.2604261 -0.1940782 0.9014359 -0.3869718 -0.8684294 0.01653563 -0.4955372 -0.3233947 -0.9455443 0.03690487 0.9568961 -0.03318005 0.288529 0.5642549 0.8026157 -0.1934541 0.5144402 -0.7052174 0.4878726 -0.4835949 0.7687101 -0.4185938 -0.9264101 -0.1687583 -0.3365783 -0.3698628 -0.9280044 0.04482758 0.6573246 0.7519463 -0.05001109 0.5057562 -0.7005063 0.5034894 0.9685887 -0.02858841 0.24702 -0.5629356 0.6052486 -0.5628301 -0.9209411 -0.04756623 -0.3867882 -0.5428376 -0.821531 0.1743967 0.6934151 -0.4703651 0.5458317 0.9700741 -0.1233216 -0.20916 0.5203987 -0.6980485 0.4918471 0.3604735 -0.9225333 0.1378086 -0.7229251 -0.6147773 0.3153225 -0.6036783 0.6732901 -0.426911 -0.9647994 -0.02680617 -0.2616173 0.7329508 0.6371707 -0.2383207 -0.2427141 -0.03229397 -0.9695602 -0.514513 0.8504804 0.1093604 -0.05047535 0.688068 -0.7238886 0.2832272 -0.04351568 0.9580652 0.4555237 0.3571504 0.8154396 -0.1430321 0.05475527 0.9882023 0.2358164 -0.7415351 0.6281055 -0.7871661 -0.5584303 -0.2617729 -0.1506658 -0.7649828 -0.6261798 0.1917105 0.8455474 0.4982938 -0.01841866 -0.8266988 0.5623432 -0.9552048 0.2931158 -0.04083007 -0.5836091 -0.07713997 0.8083625 -0.6220696 -0.7670255 -0.1571664 -0.663538 0.03561204 -0.7472945 -0.4494404 0.5606721 -0.6954495 -0.9983595 0.01326447 -0.0557003 -0.8688322 -0.2153587 0.4458155 -0.3946851 -0.0296114 -0.9183392 -0.01182627 -0.7218416 -0.6919572 -0.4001023 -0.9008933 0.1682547 -0.5422287 0.5265714 -0.6547601 -2.06135e-7 -0.9963895 0.08490061 0.8523329 -0.3164507 0.4163984 0.6165373 -0.7749121 0.1392585 5.34024e-7 -0.9892866 0.1459867 0.7817751 -0.3022001 0.5454383 0.6328611 -0.7183496 0.2888958 3.75318e-7 0.803098 0.5958471 0.5825673 0.402186 0.7063015 -5.34716e-6 -0.747337 0.6644452 0.3345816 0.009343743 0.9423205 0.4945912 -0.3302836 0.8039231 0.3733257 -0.61012 0.698843 0 0.6917745 0.7221137 0.5716234 -0.8189316 0.05097061 0.9863227 -0.1202043 0.1127772 -0.5716235 -0.8189315 0.05097055 -0.0924794 -0.9880796 -0.1230708 0 -0.9961831 -0.08728945 -0.5877096 0.7425473 0.3212802 -0.7196422 0.6562394 0.226859 -0.9926622 -0.1122776 0.04489433 -0.5750098 -0.8181438 -0.002132236 -0.6335564 -0.7684717 -0.08976465 -0.1974457 0.96511 0.1719827 -0.5623741 0.7923405 -0.2364994 -0.6308069 0.7421721 -0.2264141 -0.9803104 -0.05980861 -0.1881871 -0.6449914 -0.7482132 -0.1554453 -0.5290036 0.4706025 0.7061788 -0.3260882 0.6614245 0.6754142 -0.2405423 0.6490926 0.7216774 -0.1820403 -0.09043002 0.979124 -0.3287739 -0.6788079 0.6566032 -0.1365077 -0.6127819 0.7783727 -0.9808123 -0.1325757 0.1429376 -0.977171 0.09131151 0.1918309 0.454405 0.1965792 0.8688341 -0.958639 -0.23352 -0.1627261 -0.544579 -0.8380151 0.03412419 -0.6553112 0.7425044 0.1387608 -0.9932139 -0.1097465 0.03849452 -0.9863227 -0.1202043 0.1127772 -0.6047464 -0.7962661 0.01556009 -0.237756 -0.8300511 0.5044673 0 -0.8308033 0.5565662 -0.6431247 0.4298225 0.6337533 -0.5174723 -0.3141517 0.7959467 -0.6174507 0.5854839 0.5253223 -0.5085138 0.06328713 0.8587251 -0.4259983 0.6553269 0.6237565 -0.5219751 0.8527126 0.02057421 -0.9721016 -0.02325737 0.2334046 -0.6926796 0.6851319 0.2253646 -0.116649 -0.6215416 0.7746477 -0.2934457 0.9555734 -0.02773684 -0.5892345 0.7377024 0.3295418 -0.3438121 0.8791858 0.3298875 -0.7143203 -0.6594612 0.2342171 -0.4468936 -0.8077155 0.3845542 -0.9530031 0.003834784 0.3029367 -0.7649461 -0.6304075 0.1320762 -0.6339098 -0.5907015 0.4992295 -0.7416233 0.01543933 0.6706389 -0.6272071 -0.7707361 0.1121488 -0.430994 -0.5836016 0.6882249 -0.960645 0.1082711 0.2558099 -0.9563603 0.1909932 0.2211259 0.4348126 -0.8579386 -0.2736412 0.5783242 0.7109811 -0.4000588 -0.376058 0.9261044 0.03018617 -0.8470197 0.06403547 0.5276904 -0.5061972 -0.8221573 0.2604262 0.8684295 0.01653552 -0.4955371 0.9322922 -0.1377895 -0.334433 -0.5114694 0.8591533 0.01595497 -0.9568962 -0.03318011 0.2885288 -0.5144402 -0.7052175 0.4878726 0.3233947 -0.9455443 0.03690493 0.4835949 0.7687101 -0.4185937 0.1940777 0.9014359 -0.3869717 0.9264101 -0.1687583 -0.3365784 -0.6573248 0.7519462 -0.05001115 -0.564255 0.8026157 -0.1934542 -0.9685887 -0.02858847 0.2470198 -0.5057564 -0.7005062 0.5034893 0.3698629 -0.9280043 0.04482764 0.5629358 0.6052485 -0.56283 0.9209411 -0.04756623 -0.3867881 0.5145145 0.8504796 0.1093601 0.2427138 -0.03229409 -0.9695603 0.05047458 0.6880682 -0.7238885 -0.3604745 -0.9225329 0.1378089 -0.5203987 -0.6980485 0.491847 -0.6934157 -0.4703648 0.5458313 0.7229251 -0.6147772 0.3153225 0.5428376 -0.8215311 0.1743968 0.6036782 0.6732901 -0.4269111 0.9647994 -0.02680629 -0.2616174 0.9552049 0.2931151 -0.04083055 0.1506651 -0.7649827 -0.6261801 -0.9700742 -0.1233214 -0.2091601 -0.2358169 -0.7415352 0.6281051 0.143033 0.05475491 0.9882022 -0.2832272 -0.04351562 0.9580652 0.3946875 -0.02961158 -0.9183381 0.7871654 -0.5584313 -0.2617734 -0.1917107 0.8455474 0.4982938 0.01841646 -0.8266986 0.5623438 -0.4555229 0.3571504 0.8154401 0.6635375 0.03561389 -0.747295 0.6220704 -0.7670258 -0.1571622 0.5836077 -0.07712858 0.8083646 -0.4316113 -0.9016783 0.02623444 0.4494431 0.5606712 -0.6954486 0.9983595 0.01326513 -0.05569928 0.8688324 -0.2153584 0.4458151 0.5956839 -0.1690239 -0.7852335 0.5069968 0.6158757 -0.6030352 0.01182621 -0.7218418 -0.6919571 0.4001021 -0.9008931 0.1682555 -0.8523331 -0.3164504 0.4163981 -0.6165379 -0.7749117 0.1392585 -0.7817749 -0.3022001 0.5454385 -0.5825672 0.402186 0.7063016 -0.632861 -0.7183496 0.288896 -0.3345816 0.009343743 0.9423205 -0.4945912 -0.3302836 0.8039231 0.09247946 -0.9880796 -0.1230708 0.5918392 -0.8054933 -0.0301153 0 -0.9584192 -0.2853643 -0.001603782 -0.4771664 0.8788115 0.4316083 -0.9016796 0.02623367 0.3901794 -0.8099286 -0.4379222 0.8389655 -0.5406498 -0.06192481 0.6376582 0.7007304 0.3199515 -0.07076758 0.9128941 0.4020153 0.001602768 -0.477166 0.8788118 -0.3901792 -0.8099287 -0.437922 -0.8389668 -0.5406479 -0.06192439 -0.6376365 0.7007585 0.3199334 -0.7329506 0.6371708 -0.2383209 0.07076674 0.9128955 0.4020125 -0.5069972 0.6158757 -0.603035 -0.5956841 -0.1690238 -0.7852334 0.1462506 0.9666461 -0.2102529 0 0.9845496 0.1751059 -0.1462507 0.9666461 -0.2102529 0 0.9458031 -0.324741 -0.7855946 -0.1007606 0.6104822 -0.04575937 -0.3119903 0.9489827 -0.7335792 -0.09284943 0.6732314 0.6177368 -0.4874086 -0.6171177 -2.36399e-4 -3.80669e-4 -1 0.770735 0.004829525 -0.6371376 -0.02966648 -0.2537403 0.9668174 0.6871035 -0.5497808 0.4750052 0.7127312 -0.1814163 0.677571 1.30024e-4 1.59984e-4 -1 0.7200105 0.1748638 -0.6715709 0.7449994 -0.1517744 0.6495695 -0.7113066 0.08718818 -0.6974534 -0.947492 0.290667 0.1333108 -0.7715382 0.06042939 -0.6333066 -0.7454704 -0.2065515 0.6337275 -0.750317 0.002306282 -0.6610743 -0.7032776 -0.5277652 0.4763031 0.6443764 0.03498518 -0.7639078 0.9912543 -0.04497325 0.1240656 0.8295916 -0.2037775 0.5198583 -0.04218798 -0.7864041 -0.6162703 -0.03600221 -0.8184226 0.5734878 0.7113314 0.2738835 -0.6472986 0.6610566 0.7491629 0.04194176 0.9708111 -0.1964016 0.1376675 0.7287502 0.6824145 0.0568639 0.4252694 -0.7871054 0.4467785 -0.599584 0.5680797 -0.5637238 -0.7569122 0.6535143 -0.001764237 -0.9743069 0.2036683 -0.09615355 -0.4891262 0.870343 -0.05708378 -0.7433337 -0.396866 0.5384724 -0.1183438 0.7977879 -0.59121 -0.4029435 0.9122843 -0.07330781 -0.001944243 0.00317347 -0.9999931 0.3178784 0.6705896 -0.6702709 -0.79431 0.2342886 -0.560518 0.00261414 3.10265e-4 -0.9999966 0.6235313 -0.06662607 -0.7789544 0.02871358 0.9994948 0.01363229 0.0652197 -0.4277699 0.9015316 -0.6199054 -0.4513314 -0.6418859 0.04575937 -0.3119902 0.9489827 0.7855946 -0.1007605 0.6104822 0.7335792 -0.09284943 0.6732315 0.02966648 -0.2537403 0.9668174 0.7032775 -0.5277652 0.4763031 2.36399e-4 -3.80669e-4 -1 0.6199054 -0.4513314 -0.6418859 0.04218798 -0.7864041 -0.61627 -1.30024e-4 1.59984e-4 -1 -0.7707349 0.004829585 -0.6371377 -0.7200106 0.1748637 -0.671571 -0.7127311 -0.1814163 0.6775711 -0.7449994 -0.1517744 0.6495695 0.7113066 0.08718824 -0.6974534 0.7503169 0.002306282 -0.6610744 0.947492 0.290667 0.1333108 0.7715381 0.06042939 -0.6333066 0.79431 0.2342886 -0.560518 -0.6871035 -0.5497807 0.4750053 0.03600221 -0.8184226 0.5734879 -0.9912543 -0.04497325 0.1240656 -0.6443764 0.03498512 -0.7639079 -0.8295916 -0.2037774 0.5198583 0.7454704 -0.2065515 0.6337275 -0.4252694 -0.7871054 0.4467785 -0.0652197 -0.42777 0.9015317 -0.7113314 0.2738835 -0.6472986 -0.6235313 -0.06662607 -0.7789544 -0.9708111 -0.1964016 0.1376675 -0.6610566 0.749163 0.04194176 0.5995841 0.5680796 -0.5637238 0.7569124 0.653514 -0.001764237 0.9743069 0.2036682 -0.09615355 0.4891263 0.870343 -0.05708378 0.7433336 -0.396866 0.5384724 0.1183438 0.7977879 -0.59121 0.4029436 0.9122842 -0.07330775 0.001944243 0.00317347 -0.9999931 -0.3178784 0.6705896 -0.6702709 -0.00261414 3.10266e-4 -0.9999966 -0.02871358 0.9994948 0.01363229 -0.6177368 -0.4874086 -0.6171177 -0.7287502 0.6824145 0.0568639 0.6121447 -0.77631 -0.1504054 0.9976563 -0.0494306 -0.04731416 0.9924187 0.01180028 -0.1223356 0.6343366 -0.7484585 -0.1934609 0.9995432 0.02860283 -0.009761333 -0.2987979 -0.8942328 -0.333268 0.9922577 0.005607187 0.1240698 -0.9665743 -0.1148365 -0.2292307 -0.3643847 -0.8260568 -0.4299465 -0.3618052 -0.8601902 -0.3594022 -0.6036539 0.7936573 -0.07556653 0.5394185 0.8330128 0.1229524 -0.6621846 0.7489691 -0.0235989 -0.9636659 -0.1292585 -0.2337529 0.5393764 0.8417347 -0.02357834 0.6078061 -0.7702233 -0.1932045 0.9760365 0.02085071 0.2166058 -0.9509692 -0.159022 -0.2652731 -0.4388185 -0.8506512 -0.2895355 0.6581435 -0.7143586 -0.2377793 0.4060391 0.8390472 0.3621217 -0.6933684 0.7109336 0.1175318 0.9933927 0.07676029 0.08531761 -0.9792749 -0.166213 -0.1157333 -0.5031564 -0.855498 -0.1222983 -0.7015307 0.6747064 0.2294037 -0.9704568 -0.1746649 -0.1664503 0.4015564 0.8032172 0.4399938 0.5263107 -0.8486698 -0.05250346 0.9820829 0.1817055 -0.0499646 -0.9522653 -0.2640018 -0.1532771 0.4238071 0.8885793 0.1755408 -0.6394778 0.7679268 0.03683322 0.6722086 -0.7382369 -0.0560531 0.4298093 0.8930202 -0.1333376 -0.7009861 0.6886643 -0.1853648 -0.4082926 0.8573292 -0.3135026 0.5522629 0.8333654 -0.02253276 -0.6121447 -0.77631 -0.1504054 -0.5918392 -0.8054933 -0.03011536 -0.9924187 0.01180028 -0.1223356 -0.6343364 -0.7484586 -0.1934608 -0.6219369 -0.7371501 -0.2642049 0.3618051 -0.8601903 -0.3594022 0.9636659 -0.1292585 -0.2337529 0.3835597 -0.8643711 -0.3251839 0.2987979 -0.8942329 -0.3332679 -0.9922577 0.005607128 0.1240698 -0.9995432 0.02860283 -0.009761333 0.3643845 -0.8260569 -0.4299465 0.9665743 -0.1148365 -0.2292307 0.6036539 0.7936573 -0.07556647 -0.5394185 0.8330128 0.1229524 -0.5393764 0.8417347 -0.0235784 -0.6078062 -0.7702232 -0.1932045 -0.6581435 -0.7143586 -0.2377793 0.4388185 -0.8506513 -0.2895355 0.9509692 -0.159022 -0.2652731 0.6621845 0.7489692 -0.0235989 -0.4060391 0.8390471 0.3621217 -0.9933927 0.07676035 0.08531767 -0.9760366 0.02085065 0.2166059 0.9792749 -0.1662129 -0.1157332 0.9704568 -0.1746649 -0.1664503 0.7015306 0.6747063 0.2294038 0.6933684 0.7109336 0.1175318 -0.9820829 0.1817053 -0.0499646 -0.5263108 -0.8486698 -0.05250346 0.5031564 -0.8554981 -0.1222982 0.9522654 -0.2640018 -0.1532771 -0.423807 0.8885793 0.1755408 -0.4015566 0.8032172 0.439994 0.6394777 0.7679268 0.03683322 -0.6722085 -0.738237 -0.0560531 -0.4298094 0.8930202 -0.1333376 0.7009861 0.6886643 -0.1853648 0.4082926 0.8573292 -0.3135026 -0.6999415 0.7140462 -0.01482939 -0.9976563 -0.0494306 -0.04731416 0.6219369 -0.7371501 -0.2642049 -0.5522629 0.8333654 -0.02253276 -0.3835597 -0.8643711 -0.3251839 1.59924e-7 -0.5415442 -0.8406723 0.9551743 -0.1464605 -0.2572767 -0.9551743 -0.1464605 -0.2572767 0 0.7175193 -0.6965387 1.53624e-7 -0.5504336 -0.834879 0 0.181766 0.9833418 -0.2051193 -0.01831787 0.9785656 -0.1990991 -0.9067514 0.3717008 -0.2357606 0.9492924 0.2079927 0.5422288 0.5265712 -0.6547602 -0.3733347 -0.6101172 0.6988406</float_array>
          <technique_common>
            <accessor source="#Cube_004-mesh-normals-array" count="443" stride="3">
              <param name="X" type="float"/>
              <param name="Y" type="float"/>
              <param name="Z" type="float"/>
            </accessor>
          </technique_common>
        </source>
        <source id="Cube_004-mesh-map-0">
          <float_array id="Cube_004-mesh-map-0-array" count="5016">0.6533612 0.7016334 0.6004387 0.6716842 0.6533611 0.6666016 0.3712232 0.6623982 0.3083949 0.6237148 0.3719468 0.6430063 0.3056246 0.6704415 0.25007 0.6199903 0.3083949 0.6237148 0.5721209 0.8439735 0.6536068 0.7900559 0.6536869 0.8513131 0.6536068 0.7900559 0.5902602 0.7367901 0.6536068 0.7331236 0.3712232 0.7014496 0.3056246 0.6704415 0.3712232 0.6623982 0.3112711 0.7060434 0.25007 0.6720125 0.3056246 0.6704415 0.6534354 0.8996561 0.6253369 0.9162829 0.6007043 0.8933306 0.5771866 0.9369944 0.5347264 0.8903192 0.6007043 0.8933306 0.25007 0.8446139 0.2771835 0.8853744 0.25007 0.8756281 0.5973214 0.7042957 0.5524663 0.6782357 0.6004387 0.6716842 0.5902602 0.7367901 0.5524663 0.7139669 0.5973213 0.7042957 0.5273811 0.7938484 0.5902602 0.7367901 0.5598974 0.8006384 0.3377426 0.7457404 0.3712232 0.7606759 0.3454151 0.7785802 0.5972654 0.6403709 0.5351239 0.6185004 0.5913886 0.6156029 0.5902602 0.7367901 0.6533612 0.7016334 0.6536068 0.7331236 0.304262 0.7433135 0.25007 0.7288036 0.3112711 0.7060434 0.3377426 0.7457404 0.3112711 0.7060434 0.3712232 0.7014496 0.3180358 0.7971159 0.25007 0.7522521 0.304262 0.7433135 0.6533611 0.9169533 0.6297765 0.9265237 0.6253369 0.9162829 0.6007043 0.8933306 0.6053229 0.940762 0.5771866 0.9369944 0.3050348 0.8617995 0.3025006 0.9042926 0.2771835 0.8853744 0.05012094 0.969021 0.05685114 0.9435111 0.06217789 0.9672864 0.04876571 0.8818784 0.0620805 0.8758272 0.06006008 0.9057794 0.5598974 0.8006384 0.5273811 0.8054985 0.5273811 0.7938484 0.3180358 0.7971159 0.3454151 0.7785802 0.3648476 0.8084064 0.5721209 0.8439735 0.5347264 0.8903192 0.5325119 0.8467254 0.3247038 0.9029804 0.362811 0.8585969 0.370328 0.9029804 0.6007043 0.8933306 0.6536869 0.8513131 0.6534354 0.8996561 0.25007 0.8446139 0.3180358 0.7971159 0.3050348 0.8617995 0.06910878 0.9228212 0.06050592 0.9274253 0.06006008 0.9057794 0.02626025 0.9207295 0.03530538 0.9252934 0.02806502 0.9466527 0.3180358 0.7971159 0.362811 0.8585969 0.3050348 0.8617995 0.5721209 0.8439735 0.5259889 0.8280271 0.5598974 0.8006384 0.04869818 0.9137787 0.0355224 0.9010218 0.04876571 0.8818784 0.04869818 0.9137787 0.06006008 0.9057794 0.06050592 0.9274253 0.0386967 0.9411699 0.04869818 0.9137787 0.0490368 0.945944 0.0490368 0.945944 0.06050592 0.9274253 0.05685114 0.9435111 0.04876571 0.8818784 0.03384685 0.8663906 0.05203831 0.8651355 0.02806502 0.9466527 0.0386967 0.9411699 0.0354557 0.9679866 0.06862926 0.9412115 0.05685114 0.9435111 0.06050592 0.9274253 0.0354557 0.9679866 0.0490368 0.945944 0.05012094 0.969021 0.0620805 0.8758272 0.05172175 0.8477602 0.06333547 0.8261607 0.03384685 0.8663906 0.05172175 0.8477602 0.05203831 0.8651355 0.0355224 0.9010218 0.02406036 0.8625579 0.03384685 0.8663906 0.06910878 0.9228212 0.0620805 0.8758272 0.07342684 0.8703597 0.009032964 0.9096055 0.02406036 0.8625579 0.02626025 0.9207295 0.0841934 0.9086056 0.07342684 0.8703597 0.08521097 0.8662658 0.0566585 0.5605357 0.0492888 0.5470098 0.05485737 0.5309394 0.03417664 0.8231718 0.05042135 0.8126348 0.05172175 0.8477602 0.02406036 0.8625579 0.03417664 0.8231718 0.03384685 0.8663906 0.07342684 0.8703597 0.06333547 0.8261607 0.06903862 0.8231909 0.02406036 0.8625579 0.01543724 0.8318893 0.02557599 0.808217 0.07342684 0.8703597 0.08521097 0.834079 0.08521097 0.8662658 0.05485737 0.5309394 0.05245882 0.4389581 0.05930072 0.4389581 0.04221159 0.5318208 0.05245882 0.4389581 0.0492888 0.5470098 0.03511023 0.542592 0.04221159 0.5318208 0.04001837 0.5575468 0.0566585 0.5605357 0.06244122 0.5331762 0.05991315 0.5575659 0.03511023 0.542592 0.0287413 0.5382346 0.03542423 0.5143947 0.06914228 0.568454 0.06244122 0.5331762 0.06914228 0.5321667 0.05245882 0.4389581 0.0612657 0.3979418 0.05930072 0.4389581 0.04254406 0.4389581 0.05344581 0.3979418 0.05245882 0.4389581 0.03542423 0.5143947 0.04254406 0.4389581 0.04221159 0.5318208 0.05485737 0.5309394 0.06322878 0.4389581 0.06244122 0.5331762 0.03542423 0.5143947 0.02739733 0.4389581 0.03427791 0.4389581 0.06244122 0.5331762 0.06914228 0.4389581 0.06914228 0.5321667 0.03965783 0.651169 0.05514907 0.6290855 0.0577057 0.6635668 0.03965783 0.651169 0.035537 0.6366056 0.03845298 0.623129 0.04254406 0.4389581 0.03380274 0.385544 0.04314637 0.385544 0.05930072 0.4389581 0.06247472 0.3979418 0.06322878 0.4389581 0.03427791 0.4389581 0.02633911 0.397942 0.03380274 0.385544 0.06914228 0.4389581 0.06247472 0.3979418 0.06922769 0.3979418 0.07140868 0.6635668 0.05514907 0.6290855 0.07140868 0.6291767 0.05490827 0.6071296 0.07140868 0.5915569 0.07140868 0.6064658 0.08536058 0.6071845 0.07352727 0.5915569 0.08536058 0.5915569 0.02328479 0.6067495 0.03965783 0.5915569 0.03965783 0.6068957 0.07352727 0.6064314 0.07140868 0.5915569 0.07352727 0.5915569 0.05490827 0.5945706 0.03965783 0.6059859 0.03965783 0.5945706 0.07139843 0.5945706 0.05490827 0.6059861 0.05490827 0.5945706 0.02328479 0.6280452 0.02408474 0.6251402 0.02601474 0.6234569 0.07140868 0.6635668 0.07352727 0.62925 0.07352727 0.6635668 0.02464795 0.6299503 0.03345841 0.6393454 0.02793711 0.6398747 0.02328479 0.6067495 0.01020622 0.5915569 0.02328479 0.5915569 0.02601474 0.6234569 0.03064233 0.6059466 0.02819341 0.6369625 0.03965795 0.6068956 0.05490827 0.5915569 0.05490827 0.6071296 0.02328479 0.651169 0.01020622 0.6291106 0.02328479 0.6280452 0.02328479 0.651169 0.035537 0.6366056 0.03965783 0.651169 0.03064233 0.6059466 0.03560316 0.5957049 0.03473007 0.6059466 0.03845298 0.623129 0.03473007 0.6059466 0.03727936 0.6118718 0.02793711 0.6398747 0.03002762 0.640084 0.02994632 0.6396762 0.02819341 0.6369625 0.03473007 0.6059466 0.035537 0.6366056 0.2771835 0.8853744 0.25007 0.8879365 0.25007 0.8756281 0.6253369 0.9162829 0.6179361 0.940762 0.6053229 0.940762 0.3025006 0.9042926 0.2654592 0.8957644 0.2771835 0.8853744 0.2654592 0.8957644 0.25007 0.8961452 0.25007 0.8879365 0.6297765 0.9265237 0.6246262 0.940762 0.6179361 0.940762 0.2654592 0.8957644 0.2647385 0.904039 0.2625187 0.8995673 0.6533611 0.9265237 0.634484 0.9336907 0.6297765 0.9265237 0.2625187 0.8995673 0.25007 0.9043079 0.25007 0.8961452 0.6246262 0.940762 0.6533611 0.940762 0.6533611 0.940762 0.2625187 0.8995673 0.25007 0.9043079 0.25007 0.9043079 0.6533611 0.9343486 0.6533611 0.940762 0.634484 0.9336907 0.3275337 0.5788616 0.3786277 0.5476198 0.3832943 0.5923145 0.1726062 0.5788616 0.2119207 0.5285645 0.25007 0.570578 0.6514045 0.7016334 0.7043269 0.6716842 0.7074441 0.7042957 0.1289169 0.6623982 0.1917452 0.6237148 0.1945155 0.6704415 0.1945155 0.6704415 0.25007 0.6199903 0.25007 0.6720125 0.7326447 0.8439735 0.6511588 0.7900559 0.7448681 0.8006384 0.6511588 0.7900559 0.7145053 0.7367901 0.7448681 0.8006384 0.1289169 0.7014496 0.1945155 0.6704415 0.188869 0.7060434 0.188869 0.7060434 0.25007 0.6720125 0.25007 0.7288036 0.6794286 0.9162829 0.6513302 0.8996561 0.7040613 0.8933306 0.7700392 0.8903192 0.7275789 0.9369944 0.7040613 0.8933306 0.25007 0.8446139 0.2229566 0.8853744 0.1951052 0.8617995 0.3083949 0.6237148 0.25007 0.570578 0.3275337 0.5788616 0.7074436 0.7042957 0.7522993 0.6782357 0.7522993 0.7139666 0.7145053 0.7367901 0.7522993 0.7139667 0.7773845 0.7503377 0.7145053 0.7367901 0.7773845 0.7938484 0.7448681 0.8006384 0.1289169 0.7606759 0.1623975 0.7457404 0.154725 0.7785802 0.1917452 0.6237148 0.25007 0.570578 0.25007 0.6199903 0.7075001 0.6403709 0.7696416 0.6185004 0.7651881 0.6464903 0.6514045 0.7016334 0.7145053 0.7367901 0.6511588 0.7331236 0.1958781 0.7433135 0.25007 0.7288036 0.25007 0.7522521 0.188869 0.7060434 0.1623975 0.7457404 0.1289169 0.7014496 0.1821041 0.7971159 0.25007 0.7522521 0.25007 0.792743 0.674989 0.9265237 0.6514045 0.9169533 0.6794286 0.9162829 0.6994426 0.940762 0.7040613 0.8933306 0.7275789 0.9369944 0.1951052 0.8617995 0.1976394 0.9042926 0.1754362 0.9029804 0.05685114 0.9435111 0.05012094 0.969021 0.06217789 0.9672864 0.0620805 0.8758272 0.04876571 0.8818784 0.06006008 0.9057794 0.7773845 0.8054985 0.7448681 0.8006384 0.7773845 0.7938484 0.1821041 0.7971159 0.154725 0.7785802 0.1958781 0.7433135 0.7326447 0.8439735 0.7700392 0.8903192 0.7040613 0.8933306 0.1754362 0.9029804 0.1373291 0.8585969 0.1951052 0.8617995 0.7040613 0.8933306 0.6510787 0.8513131 0.7326447 0.8439735 0.1821041 0.7971159 0.25007 0.8446139 0.1951052 0.8617995 0.06910878 0.9228212 0.06050592 0.9274253 0.06862926 0.9412115 0.03530538 0.9252934 0.02626025 0.9207295 0.02806502 0.9466527 0.1373291 0.8585969 0.1821041 0.7971159 0.1951052 0.8617995 0.7787765 0.8280271 0.7326447 0.8439735 0.7448681 0.8006384 0.04869818 0.9137787 0.0355224 0.9010218 0.03530538 0.9252934 0.06006008 0.9057794 0.04869818 0.9137787 0.06050592 0.9274253 0.04869818 0.9137787 0.0386967 0.9411699 0.0490368 0.945944 0.06050592 0.9274253 0.0490368 0.945944 0.05685114 0.9435111 0.04876571 0.8818784 0.03384685 0.8663906 0.0355224 0.9010218 0.0386967 0.9411699 0.02806502 0.9466527 0.0354557 0.9679866 0.06862926 0.9412115 0.05685114 0.9435111 0.06217789 0.9672864 0.0490368 0.945944 0.0354557 0.9679866 0.05012094 0.969021 0.0620805 0.8758272 0.05172175 0.8477602 0.05203831 0.8651355 0.05172175 0.8477602 0.03384685 0.8663906 0.05203831 0.8651355 0.0355224 0.9010218 0.02406036 0.8625579 0.02626025 0.9207295 0.06910878 0.9228212 0.0620805 0.8758272 0.06006008 0.9057794 0.02406036 0.8625579 0.009032964 0.9096055 0.02626025 0.9207295 0.0841934 0.9086056 0.07342684 0.8703597 0.06910878 0.9228212 0.06333547 0.8261607 0.05042135 0.8126348 0.05172175 0.8477602 0.05042135 0.8126348 0.03417664 0.8231718 0.05172175 0.8477602 0.03417664 0.8231718 0.02406036 0.8625579 0.03384685 0.8663906 0.07342684 0.8703597 0.06333547 0.8261607 0.0620805 0.8758272 0.02406036 0.8625579 0.01543724 0.8318893 0.01160001 0.8627624 0.08521097 0.834079 0.07342684 0.8703597 0.08521097 0.8662658 0.05485737 0.5309394 0.05245882 0.4389581 0.0492888 0.5470098 0.05245882 0.4389581 0.04221159 0.5318208 0.0492888 0.5470098 0.04221159 0.5318208 0.03511023 0.542592 0.04001837 0.5575468 0.06244122 0.5331762 0.0566585 0.5605357 0.05991315 0.5575659 0.03511023 0.542592 0.0287413 0.5382346 0.02932435 0.5662643 0.06914228 0.568454 0.06244122 0.5331762 0.05991315 0.5575659 0.0612657 0.3979418 0.05245882 0.4389581 0.05930072 0.4389581 0.05344581 0.3979418 0.04254406 0.4389581 0.05245882 0.4389581 0.04254406 0.4389581 0.03542423 0.5143947 0.04221159 0.5318208 0.06322878 0.4389581 0.05485737 0.5309394 0.06244122 0.5331762 0.03542423 0.5143947 0.02739733 0.4389581 0.0287413 0.5382346 0.06914228 0.4389581 0.06244122 0.5331762 0.06914228 0.5321667 0.07140868 0.5915569 0.05490827 0.6071296 0.07140868 0.6064658 0.03845298 0.623129 0.035537 0.6366056 0.03965783 0.651169 0.04254406 0.4389581 0.03380274 0.385544 0.03427791 0.4389581 0.06247472 0.3979418 0.05930072 0.4389581 0.06322878 0.4389581 0.03427791 0.4389581 0.02633911 0.397942 0.02739733 0.4389581 0.06914228 0.4389581 0.06247472 0.3979418 0.06322878 0.4389581 0.05490827 0.5915569 0.03965795 0.6068956 0.05490827 0.6071296 0.05514907 0.6290855 0.03965783 0.651169 0.0577057 0.6635668 0.02328479 0.6067495 0.01020622 0.5915569 0.01020622 0.6071845 0.08536058 0.6291108 0.07352727 0.6635668 0.08536058 0.6635668 0.03965783 0.5915569 0.02328479 0.6067495 0.03965783 0.6068957 0.07352727 0.6064314 0.07140868 0.5915569 0.07140868 0.6064658 0.03965783 0.6059859 0.05490827 0.5945706 0.03965783 0.5945706 0.05490827 0.6059861 0.07139843 0.5945706 0.05490827 0.5945706 0.02601474 0.6234569 0.02408474 0.6251402 0.02328479 0.6280452 0.02328479 0.651169 0.01020622 0.6291106 0.01020622 0.663567 0.02464795 0.6299503 0.03345841 0.6393454 0.03751409 0.6305086 0.07352727 0.62925 0.07140868 0.6635668 0.07352727 0.6635668 0.03064233 0.6059466 0.02601474 0.6234569 0.02819341 0.6369625 0.05490815 0.6227021 0.07140868 0.6064658 0.07140868 0.6213747 0.07140868 0.6635668 0.05514907 0.6290855 0.0577057 0.6635668 0.035537 0.6366056 0.02328479 0.651169 0.03965783 0.651169 0.03560316 0.5957049 0.03064233 0.6059466 0.03473007 0.6059466 0.03845298 0.623129 0.03473007 0.6059466 0.035537 0.6366056 0.02793711 0.6398747 0.03002762 0.640084 0.03345841 0.6393454 0.03473007 0.6059466 0.02819341 0.6369625 0.035537 0.6366056 0.25007 0.8879365 0.2229566 0.8853744 0.25007 0.8756281 0.6868295 0.940762 0.6794286 0.9162829 0.6994426 0.940762 0.2346808 0.8957644 0.1976394 0.9042926 0.2229566 0.8853744 0.25007 0.8961452 0.2346808 0.8957644 0.25007 0.8879365 0.6801393 0.940762 0.674989 0.9265237 0.6868295 0.940762 0.2346808 0.8957644 0.2354016 0.904039 0.231949 0.9036632 0.6702815 0.9336907 0.6514045 0.9265237 0.674989 0.9265237 0.25007 0.9043079 0.2376214 0.8995673 0.25007 0.8961452 0.6801393 0.940762 0.6514045 0.940762 0.6702815 0.9336907 0.2376214 0.8995673 0.25007 0.9043079 0.2354016 0.904039 0.6514045 0.940762 0.6514045 0.9343486 0.6702815 0.9336907 0.1215123 0.5476198 0.1726062 0.5788616 0.1168457 0.5923145 0.3275337 0.5788616 0.2882194 0.5285645 0.3319211 0.5413414 0.6004387 0.6716842 0.5395774 0.6464903 0.5972654 0.6403709 0.3083949 0.6237148 0.3832943 0.5923145 0.3719468 0.6430063 0.7043269 0.6716842 0.7651881 0.6464903 0.7522993 0.6782357 0.1168457 0.5923145 0.1917452 0.6237148 0.1281933 0.6430063 0.25007 0.527177 0.25007 0.570578 0.2119207 0.5285645 0.25007 0.527177 0.2882194 0.5285645 0.25007 0.570578 0.02328479 0.6280452 0.02365958 0.6228478 0.02448385 0.6276917 0.03751409 0.6305086 0.03793019 0.6218054 0.03926253 0.6299198 0.07352727 0.62925 0.08536058 0.6228123 0.08536058 0.6291106 0.01020622 0.6228122 0.02328479 0.6280452 0.01020622 0.6291106 0.07352739 0.6213058 0.07140868 0.6291767 0.07140868 0.6213747 0.03965783 0.6222345 0.02464795 0.6299503 0.02328479 0.6219421 0.05490815 0.6227021 0.07140868 0.6291767 0.05514907 0.6290855 0.03965783 0.6280515 0.05490815 0.6227021 0.05514907 0.6290855 0.07352727 0.6635668 0.08536058 0.6291106 0.08536058 0.6635668 0.02328479 0.6219421 0.02207469 0.6297122 0.02196758 0.6290201 0.03965795 0.6222344 0.0391041 0.6287555 0.04021918 0.6290482 0.08536058 0.6228123 0.07352727 0.62925 0.08536058 0.6291108 0.02328479 0.6280452 0.01020622 0.6228122 0.01020622 0.6291106 0.07140868 0.6291767 0.07352739 0.6213058 0.07140868 0.6213747 0.02464795 0.6299503 0.03965783 0.6222345 0.02328479 0.6219421 0.07140868 0.6291767 0.05490815 0.6227021 0.05514907 0.6290855 0.05490815 0.6227021 0.03965783 0.6280515 0.05514907 0.6290855 0.08536058 0.6071845 0.07352727 0.5915569 0.07352727 0.6064314 0.08536058 0.6228123 0.07352727 0.6064314 0.08536058 0.6071845 0.02328479 0.6219421 0.03965783 0.6068957 0.03965783 0.6222345 0.07140868 0.6213747 0.07352727 0.6064314 0.07352739 0.6213058 0.02328479 0.6219421 0.01020622 0.6071845 0.02328479 0.6067495 0.05490815 0.6227021 0.03965795 0.6068956 0.05490827 0.6071296 0.07140868 0.6064658 0.05490815 0.6227021 0.07140868 0.6213747 0.05490815 0.6227021 0.03965795 0.6068956 0.03965795 0.6222344 0.02328479 0.6219421 0.01020622 0.6071845 0.01020622 0.6228122 0.03965783 0.6068957 0.02328479 0.6219421 0.03965783 0.6222345 0.07352727 0.6064314 0.07140868 0.6213747 0.07352739 0.6213058 0.08536058 0.6228123 0.07352727 0.6064314 0.07352727 0.6213058 0.5972654 0.6403709 0.6411731 0.6081416 0.6533611 0.641425 0.6635923 0.6081416 0.7075001 0.6403709 0.6514045 0.641425 0.5972654 0.6403709 0.6533611 0.6666016 0.6004387 0.6716842 0.6514045 0.6666016 0.7075001 0.6403709 0.7043269 0.6716842 0.6635923 0.6081416 0.6514045 0.641425 0.6514045 0.6053963 0.6533611 0.6053963 0.6533611 0.641425 0.6411731 0.6081416 0.1958781 0.7433135 0.154725 0.7785802 0.1623975 0.7457404 0.1289169 0.7481672 0.1289169 0.7014496 0.1623975 0.7457404 0.304262 0.7433135 0.3377426 0.7457404 0.3454151 0.7785802 0.3712232 0.7481672 0.3377426 0.7457404 0.3712232 0.7014496 0.1682611 0.1242939 0.1624178 0.1129584 0.1611195 0.1233363 0.3644847 0.08674085 0.3540884 0.1014187 0.366395 0.1004235 0.1698334 0.1128941 0.1781722 0.1066191 0.1706196 0.1071943 0.366395 0.1004235 0.3571721 0.1163346 0.3683053 0.1141061 0.1624178 0.1129584 0.1706196 0.1071943 0.163067 0.1077695 0.163067 0.1077695 0.1752842 0.1046206 0.1696226 0.102514 0.1658641 0.1343119 0.1682611 0.1242939 0.1611195 0.1233363 0.1507905 0.1337189 0.1624712 0.1353614 0.156109 0.1226644 0.1733354 0.131743 0.1773068 0.12449 0.1682611 0.1242939 0.1781722 0.1066191 0.1752842 0.1046206 0.1706196 0.1071943 0.1639609 0.1004074 0.1476361 0.101818 0.1544523 0.1090211 0.1851651 0.1128174 0.1781722 0.1066191 0.177249 0.1128299 0.1499665 0.1636919 0.1588471 0.1508803 0.1478235 0.1505892 0.3327551 1 0.3505961 0.9477504 0.3327551 0.9578564 0.1432217 0.1123944 0.1476361 0.101818 0.1432217 0.09987491 0.1569073 0.1418952 0.1507905 0.1337189 0.1489269 0.1410883 0.1489269 0.1410883 0.1432217 0.1311895 0.1432217 0.1437171 0.1507905 0.1337189 0.1432217 0.1189395 0.1432217 0.1311895 0.1571169 0.14375 0.1489269 0.1410883 0.1482916 0.1444942 0.3757693 0.1453524 0.3641444 0.1415597 0.3638775 0.14878 0.3641444 0.1415597 0.3477395 0.146065 0.3555151 0.149725 0.3602557 0.1312506 0.3723469 0.139307 0.3702157 0.1277887 0.3602557 0.1312506 0.3384208 0.1295346 0.3407866 0.1371828 0.1478235 0.1505892 0.1573266 0.1456049 0.1479025 0.1483731 0.1573266 0.1456049 0.1482916 0.1444942 0.1479025 0.1483731 0.1479025 0.1483731 0.1432217 0.1437171 0.1432217 0.1531959 0.1432217 0.1437171 0.1482916 0.1444942 0.1489269 0.1410883 0.3407866 0.1371828 0.3641444 0.1415597 0.3602557 0.1312506 0.1432217 0.1123944 0.1558527 0.1129108 0.1544523 0.1090211 0.3540884 0.1014187 0.3179125 0.08602613 0.3326299 0.1126926 0.1611195 0.1233363 0.1558527 0.1129108 0.156109 0.1226644 0.1624712 0.1353614 0.1611195 0.1233363 0.156109 0.1226644 0.163067 0.1077695 0.1639609 0.1004074 0.1544523 0.1090211 0.1558527 0.1129108 0.163067 0.1077695 0.1544523 0.1090211 0.3683053 0.1141061 0.3602557 0.1312506 0.3702157 0.1277887 0.1851651 0.1128174 0.1773068 0.12449 0.1851651 0.1252142 0.1432217 0.1531959 0.1478235 0.1505892 0.1479025 0.1483731 0.1624178 0.1129584 0.1682611 0.1242939 0.1611195 0.1233363 0.1698334 0.1128941 0.1773068 0.12449 0.1682611 0.1242939 0.3540884 0.1014187 0.3179125 0.08602613 0.3510047 0.08650261 0.3571721 0.1163346 0.366395 0.1004235 0.3683053 0.1141061 0.1624178 0.1129584 0.1706196 0.1071943 0.1698334 0.1128941 0.163067 0.1077695 0.1752842 0.1046206 0.1706196 0.1071943 0.1658641 0.1343119 0.1682611 0.1242939 0.1733354 0.131743 0.1507905 0.1337189 0.1624712 0.1353614 0.158531 0.1384459 0.1733354 0.131743 0.1773068 0.12449 0.1851651 0.1252142 0.1752842 0.1046206 0.1781722 0.1066191 0.1706196 0.1071943 0.1698334 0.1128941 0.1781722 0.1066191 0.177249 0.1128299 0.1476361 0.101818 0.1639609 0.1004074 0.1544523 0.1090211 0.1781722 0.1066191 0.1851651 0.1128174 0.177249 0.1128299 0.156109 0.1226644 0.1432217 0.1123944 0.1558527 0.1129108 0.1499665 0.1636919 0.1588471 0.1508803 0.1613295 0.1636919 0.1432217 0.1640661 0.1478235 0.1505892 0.1499665 0.1636919 0.1432217 0.1123944 0.1476361 0.101818 0.1544523 0.1090211 0.1507905 0.1337189 0.1569073 0.1418952 0.1489269 0.1410883 0.1432217 0.1311895 0.1489269 0.1410883 0.1432217 0.1437171 0.1432217 0.1189395 0.1507905 0.1337189 0.1432217 0.1311895 0.1489269 0.1410883 0.1571169 0.14375 0.1482916 0.1444942 0.3641444 0.1415597 0.3757693 0.1453524 0.3638775 0.14878 0.3641444 0.1415597 0.3596962 0.1492526 0.3555151 0.149725 0.3723469 0.139307 0.3602557 0.1312506 0.3702157 0.1277887 0.3602557 0.1312506 0.3384208 0.1295346 0.3571721 0.1163346 0.1478235 0.1505892 0.1573266 0.1456049 0.1588471 0.1508803 0.1482916 0.1444942 0.1573266 0.1456049 0.1479025 0.1483731 0.3509024 0.9391585 0.3327551 0.9211075 0.352411 0.9241201 0.1432217 0.1437171 0.1489269 0.1410883 0.1482916 0.1444942 0.1432217 0.1123944 0.1544523 0.1090211 0.1558527 0.1129108 0.3540884 0.1014187 0.3644847 0.08674085 0.366395 0.1004235 0.1558527 0.1129108 0.1611195 0.1233363 0.156109 0.1226644 0.3326299 0.1126926 0.3571721 0.1163346 0.3384208 0.1295346 0.1624712 0.1353614 0.1611195 0.1233363 0.1658641 0.1343119 0.1639609 0.1004074 0.163067 0.1077695 0.1544523 0.1090211 0.1558527 0.1129108 0.163067 0.1077695 0.1624178 0.1129584 0.3602557 0.1312506 0.3683053 0.1141061 0.3702157 0.1277887 0.1773068 0.12449 0.1851651 0.1128174 0.1851651 0.1252142 0.1432217 0.1531959 0.1479025 0.1483731 0.1478235 0.1505892 0.3326299 0.1126926 0.3571721 0.1163346 0.3540884 0.1014187 0.156109 0.1226644 0.1432217 0.1123944 0.1432217 0.1189395 0.3641444 0.1415597 0.3407866 0.1371828 0.3602557 0.1312506 0.1773068 0.12449 0.1698334 0.1128941 0.1682611 0.1242939 0.3255475 0.5571191 0.2971197 0.4649761 0.3244123 0.4659407 0.1636422 0.3763325 0.1549149 0.3416934 0.1641188 0.3404722 0.2642313 0.4605172 0.2979125 0.5558134 0.2720556 0.5521703 0.1549149 0.3416934 0.1638817 0.3233844 0.1641188 0.3404722 0.135377 0.344255 0.1450846 0.3208135 0.1460424 0.3447101 0.1852436 0.3763325 0.1759041 0.3379957 0.1862135 0.3415511 0.1852436 0.3763325 0.1973781 0.3457538 0.1973781 0.3763325 0.1747912 0.3763325 0.1641188 0.3404722 0.1759041 0.3379957 0.1638817 0.3233844 0.154171 0.2918763 0.1654669 0.3059797 0.135377 0.3260328 0.1450665 0.2933683 0.1450846 0.3208135 0.1549149 0.3416934 0.1450846 0.3208135 0.154633 0.3168816 0.1862135 0.3415511 0.1764336 0.325894 0.1866592 0.3284311 0.1862135 0.3415511 0.1973781 0.327882 0.1973781 0.3457538 0.1759041 0.3379957 0.1638817 0.3233844 0.1764336 0.325894 0.154171 0.2918763 0.1664808 0.2717684 0.1654669 0.3059797 0.1450665 0.2933683 0.135377 0.2664156 0.1456573 0.2566671 0.1450846 0.3208135 0.154171 0.2918763 0.154633 0.3168816 0.1764336 0.325894 0.1870317 0.3154376 0.1866592 0.3284311 0.1866592 0.3284311 0.1973781 0.3057818 0.1973781 0.327882 0.1764336 0.325894 0.1654669 0.3059797 0.1771986 0.3171029 0.153611 0.2588738 0.1656232 0.1233816 0.1664808 0.2717684 0.1456573 0.2566671 0.135377 0.1233816 0.1474693 0.1233816 0.1450665 0.2933683 0.153611 0.2588738 0.154171 0.2918763 0.1870317 0.3154376 0.1779747 0.2656683 0.1880969 0.2627917 0.1973781 0.3057818 0.1880969 0.2627917 0.1973781 0.2675758 0.1654669 0.3059797 0.1779747 0.2656683 0.1771986 0.3171029 0.1456573 0.2566671 0.1537911 0.1233816 0.153611 0.2588738 0.1880969 0.2627917 0.1777234 0.1233816 0.1868787 0.1233816 0.1973781 0.2675758 0.1868787 0.1233816 0.1973781 0.1233816 0.1664808 0.2717684 0.1777234 0.1233816 0.1779747 0.2656683 0.3604297 0.5505769 0.3884969 0.4707511 0.3912945 0.5522406 0.3604297 0.5505769 0.3244123 0.4659407 0.3626886 0.4695737 0.1734204 0.5571191 0.201848 0.4649757 0.2010552 0.5558134 0.1636422 0.3763325 0.1549149 0.3416934 0.1554327 0.3763325 0.1460424 0.3447101 0.135377 0.3763325 0.1460375 0.3763325 0.2010552 0.5558134 0.2347367 0.4605166 0.2269122 0.5521703 0.1638817 0.3233844 0.1549149 0.3416934 0.1641188 0.3404722 0.1450846 0.3208135 0.135377 0.344255 0.1460424 0.3447101 0.1554327 0.3763325 0.1460424 0.3447101 0.1460375 0.3763325 0.1852436 0.3763325 0.1759041 0.3379957 0.1747912 0.3763325 0.1973781 0.3457538 0.1852436 0.3763325 0.1973781 0.3763325 0.1747912 0.3763325 0.1641188 0.3404722 0.1636422 0.3763325 0.1638817 0.3233844 0.154171 0.2918763 0.154633 0.3168816 0.1450665 0.2933683 0.135377 0.3260328 0.1450846 0.3208135 0.1549149 0.3416934 0.1450846 0.3208135 0.1460424 0.3447101 0.1862135 0.3415511 0.1764336 0.325894 0.1759041 0.3379957 0.1973781 0.327882 0.1862135 0.3415511 0.1973781 0.3457538 0.1759041 0.3379957 0.1638817 0.3233844 0.1641188 0.3404722 0.1664808 0.2717684 0.154171 0.2918763 0.1654669 0.3059797 0.1450665 0.2933683 0.135377 0.2664156 0.135377 0.3038045 0.154171 0.2918763 0.1450846 0.3208135 0.154633 0.3168816 0.1870317 0.3154376 0.1764336 0.325894 0.1866592 0.3284311 0.1973781 0.3057818 0.1866592 0.3284311 0.1973781 0.327882 0.1764336 0.325894 0.1654669 0.3059797 0.1638817 0.3233844 0.1656232 0.1233816 0.153611 0.2588738 0.1664808 0.2717684 0.1456573 0.2566671 0.135377 0.1233816 0.135377 0.2664156 0.153611 0.2588738 0.1450665 0.2933683 0.154171 0.2918763 0.1870317 0.3154376 0.1779747 0.2656683 0.1771986 0.3171029 0.1973781 0.3057818 0.1880969 0.2627917 0.1870317 0.3154376 0.1779747 0.2656683 0.1654669 0.3059797 0.1771986 0.3171029 0.1537911 0.1233816 0.1456573 0.2566671 0.153611 0.2588738 0.1880969 0.2627917 0.1777234 0.1233816 0.1779747 0.2656683 0.1973781 0.2675758 0.1868787 0.1233816 0.1880969 0.2627917 0.1777234 0.1233816 0.1664808 0.2717684 0.1779747 0.2656683 0.1104708 0.4707515 0.1385381 0.5505769 0.1076733 0.5522406 0.1385381 0.5505769 0.1745553 0.4659406 0.1734204 0.5571191 0.3244123 0.4659407 0.2969382 0.3777086 0.3210291 0.3777086 0.3626886 0.4695737 0.3884963 0.3777086 0.3884969 0.4707511 0.3626886 0.4695737 0.3210291 0.3777086 0.3558735 0.3777086 0.1745553 0.4659406 0.2020294 0.3777086 0.201848 0.4649757 0.201848 0.4649757 0.2279612 0.3777086 0.2347367 0.4605166 0.1104709 0.3777086 0.136279 0.469574 0.1104708 0.4707515 0.136279 0.469574 0.1779384 0.3777086 0.1745553 0.4659406 0.135377 0.3763325 0.1460424 0.3447101 0.1460375 0.3763325 0.1554327 0.3763325 0.1460424 0.3447101 0.1549149 0.3416934 0.2971197 0.4649761 0.2710067 0.3777086 0.2969382 0.3777086 0.2720556 0.5521703 0.249484 0.5059767 0.2642313 0.4605172 0.2642313 0.4605172 0.2468855 0.3777086 0.2710067 0.3777086 0.2347367 0.4605166 0.2520827 0.3777086 0.252083 0.4514682 0.2720556 0.5521703 0.2494839 0.5559419 0.249484 0.5059767 0.2269122 0.5521703 0.249484 0.5059767 0.2494839 0.5559419 0.2269122 0.5521703 0.2347367 0.4605166 0.249484 0.5059767 0.1104708 0.4707515 0.1413468 0.3777086 0.1104707 0.3777086 0.3884966 0.4707511 0.3576207 0.3777086 0.3592506 0.4636527 0.3993868 0.5410493 0.3912945 0.5522406 0.3993869 0.5081879 0.09958112 0.5410493 0.09958112 0.5081888 0.1076733 0.5522406 0.3884969 0.4707511 0.3993869 0.5081879 0.3912945 0.5522406 0.1104708 0.4707515 0.1076733 0.5522406 0.09958112 0.5081888 0.3592506 0.4636527 0.3776066 0.5081879 0.3884966 0.4707511 0.1397165 0.4636541 0.1213606 0.5081888 0.1410664 0.4855682 0.244451 0.4855656 0.2468855 0.451469 0.2642313 0.4605172 0.2545176 0.4855642 0.249484 0.5059767 0.2347367 0.4605166 0.252083 0.4514682 0.2545176 0.4855642 0.2347367 0.4605166 0.249484 0.5059767 0.244451 0.4855656 0.2642313 0.4605172 0.3255475 0.5571191 0.2979125 0.5558134 0.2971197 0.4649761 0.1636422 0.3763325 0.1554327 0.3763325 0.1549149 0.3416934 0.2642313 0.4605172 0.2971197 0.4649761 0.2979125 0.5558134 0.1549149 0.3416934 0.154633 0.3168816 0.1638817 0.3233844 0.135377 0.344255 0.135377 0.3260328 0.1450846 0.3208135 0.1852436 0.3763325 0.1747912 0.3763325 0.1759041 0.3379957 0.1852436 0.3763325 0.1862135 0.3415511 0.1973781 0.3457538 0.1747912 0.3763325 0.1636422 0.3763325 0.1641188 0.3404722 0.1638817 0.3233844 0.154633 0.3168816 0.154171 0.2918763 0.135377 0.3260328 0.135377 0.3038045 0.1450665 0.2933683 0.1549149 0.3416934 0.1460424 0.3447101 0.1450846 0.3208135 0.1862135 0.3415511 0.1759041 0.3379957 0.1764336 0.325894 0.1862135 0.3415511 0.1866592 0.3284311 0.1973781 0.327882 0.1759041 0.3379957 0.1641188 0.3404722 0.1638817 0.3233844 0.154171 0.2918763 0.153611 0.2588738 0.1664808 0.2717684 0.1450665 0.2933683 0.135377 0.3038045 0.135377 0.2664156 0.1450846 0.3208135 0.1450665 0.2933683 0.154171 0.2918763 0.1764336 0.325894 0.1771986 0.3171029 0.1870317 0.3154376 0.1866592 0.3284311 0.1870317 0.3154376 0.1973781 0.3057818 0.1764336 0.325894 0.1638817 0.3233844 0.1654669 0.3059797 0.153611 0.2588738 0.1537911 0.1233816 0.1656232 0.1233816 0.1456573 0.2566671 0.135377 0.2664156 0.135377 0.1233816 0.1450665 0.2933683 0.1456573 0.2566671 0.153611 0.2588738 0.1870317 0.3154376 0.1771986 0.3171029 0.1779747 0.2656683 0.1973781 0.3057818 0.1870317 0.3154376 0.1880969 0.2627917 0.1654669 0.3059797 0.1664808 0.2717684 0.1779747 0.2656683 0.1456573 0.2566671 0.1474693 0.1233816 0.1537911 0.1233816 0.1880969 0.2627917 0.1779747 0.2656683 0.1777234 0.1233816 0.1973781 0.2675758 0.1880969 0.2627917 0.1868787 0.1233816 0.1664808 0.2717684 0.1656232 0.1233816 0.1777234 0.1233816 0.3604297 0.5505769 0.3626886 0.4695737 0.3884969 0.4707511 0.3604297 0.5505769 0.3255475 0.5571191 0.3244123 0.4659407 0.1734204 0.5571191 0.1745553 0.4659406 0.201848 0.4649757 0.1636422 0.3763325 0.1641188 0.3404722 0.1549149 0.3416934 0.1460424 0.3447101 0.135377 0.344255 0.135377 0.3763325 0.2010552 0.5558134 0.201848 0.4649757 0.2347367 0.4605166 0.1638817 0.3233844 0.154633 0.3168816 0.1549149 0.3416934 0.1450846 0.3208135 0.135377 0.3260328 0.135377 0.344255 0.1554327 0.3763325 0.1549149 0.3416934 0.1460424 0.3447101 0.1852436 0.3763325 0.1862135 0.3415511 0.1759041 0.3379957 0.1973781 0.3457538 0.1862135 0.3415511 0.1852436 0.3763325 0.1747912 0.3763325 0.1759041 0.3379957 0.1641188 0.3404722 0.1638817 0.3233844 0.1654669 0.3059797 0.154171 0.2918763 0.1450665 0.2933683 0.135377 0.3038045 0.135377 0.3260328 0.1549149 0.3416934 0.154633 0.3168816 0.1450846 0.3208135 0.1862135 0.3415511 0.1866592 0.3284311 0.1764336 0.325894 0.1973781 0.327882 0.1866592 0.3284311 0.1862135 0.3415511 0.1759041 0.3379957 0.1764336 0.325894 0.1638817 0.3233844 0.1664808 0.2717684 0.153611 0.2588738 0.154171 0.2918763 0.1450665 0.2933683 0.1456573 0.2566671 0.135377 0.2664156 0.154171 0.2918763 0.1450665 0.2933683 0.1450846 0.3208135 0.1870317 0.3154376 0.1771986 0.3171029 0.1764336 0.325894 0.1973781 0.3057818 0.1870317 0.3154376 0.1866592 0.3284311 0.1764336 0.325894 0.1771986 0.3171029 0.1654669 0.3059797 0.1656232 0.1233816 0.1537911 0.1233816 0.153611 0.2588738 0.1456573 0.2566671 0.1474693 0.1233816 0.135377 0.1233816 0.153611 0.2588738 0.1456573 0.2566671 0.1450665 0.2933683 0.1870317 0.3154376 0.1880969 0.2627917 0.1779747 0.2656683 0.1973781 0.3057818 0.1973781 0.2675758 0.1880969 0.2627917 0.1779747 0.2656683 0.1664808 0.2717684 0.1654669 0.3059797 0.1537911 0.1233816 0.1474693 0.1233816 0.1456573 0.2566671 0.1880969 0.2627917 0.1868787 0.1233816 0.1777234 0.1233816 0.1973781 0.2675758 0.1973781 0.1233816 0.1868787 0.1233816 0.1777234 0.1233816 0.1656232 0.1233816 0.1664808 0.2717684 0.1104708 0.4707515 0.136279 0.469574 0.1385381 0.5505769 0.1385381 0.5505769 0.136279 0.469574 0.1745553 0.4659406 0.3244123 0.4659407 0.2971197 0.4649761 0.2969382 0.3777086 0.3626886 0.4695737 0.3558735 0.3777086 0.3884963 0.3777086 0.3626886 0.4695737 0.3244123 0.4659407 0.3210291 0.3777086 0.1745553 0.4659406 0.1779384 0.3777086 0.2020294 0.3777086 0.201848 0.4649757 0.2020294 0.3777086 0.2279612 0.3777086 0.1104709 0.3777086 0.1430938 0.3777086 0.136279 0.469574 0.136279 0.469574 0.1430938 0.3777086 0.1779384 0.3777086 0.135377 0.3763325 0.135377 0.344255 0.1460424 0.3447101 0.1554327 0.3763325 0.1460375 0.3763325 0.1460424 0.3447101 0.2971197 0.4649761 0.2642313 0.4605172 0.2710067 0.3777086 0.2642313 0.4605172 0.2468855 0.451469 0.2468855 0.3777086 0.2347367 0.4605166 0.2279612 0.3777086 0.2520827 0.3777086 0.1104708 0.4707515 0.1397165 0.4636541 0.1413468 0.3777086 0.3884966 0.4707511 0.3884971 0.3777086 0.3576207 0.3777086 0.3592506 0.4636527 0.3579006 0.4855656 0.3776066 0.5081879 0.1397165 0.4636541 0.1104708 0.4707515 0.1213606 0.5081888 0.6533612 0.7016334 0.5973214 0.7042957 0.6004387 0.6716842 0.3712232 0.6623982 0.3056246 0.6704415 0.3083949 0.6237148 0.3056246 0.6704415 0.25007 0.6720125 0.25007 0.6199903 0.5721209 0.8439735 0.5598974 0.8006384 0.6536068 0.7900559 0.6536068 0.7900559 0.5598974 0.8006384 0.5902602 0.7367901 0.3712232 0.7014496 0.3112711 0.7060434 0.3056246 0.6704415 0.3112711 0.7060434 0.25007 0.7288036 0.25007 0.6720125 0.6534354 0.8996561 0.6533611 0.9169533 0.6253369 0.9162829 0.5771866 0.9369944 0.5394964 0.9369944 0.5347264 0.8903192 0.25007 0.8446139 0.3050348 0.8617995 0.2771835 0.8853744 0.5973214 0.7042957 0.5524663 0.7139669 0.5524663 0.6782357 0.5902602 0.7367901 0.5273811 0.7503377 0.5524663 0.7139669 0.5273811 0.7938484 0.5273811 0.7503377 0.5902602 0.7367901 0.3377426 0.7457404 0.3712232 0.7481672 0.3712232 0.7606759 0.5972654 0.6403709 0.5395774 0.6464903 0.5351239 0.6185004 0.5902602 0.7367901 0.5973213 0.7042957 0.6533612 0.7016334 0.304262 0.7433135 0.25007 0.7522521 0.25007 0.7288036 0.3377426 0.7457404 0.304262 0.7433135 0.3112711 0.7060434 0.3180358 0.7971159 0.25007 0.792743 0.25007 0.7522521 0.6533611 0.9169533 0.6533611 0.9265237 0.6297765 0.9265237 0.6007043 0.8933306 0.6253369 0.9162829 0.6053229 0.940762 0.3050348 0.8617995 0.3247038 0.9029804 0.3025006 0.9042926 0.05012094 0.969021 0.0490368 0.945944 0.05685114 0.9435111 0.04876571 0.8818784 0.05203831 0.8651355 0.0620805 0.8758272 0.5598974 0.8006384 0.5259889 0.8280271 0.5273811 0.8054985 0.3180358 0.7971159 0.304262 0.7433135 0.3454151 0.7785802 0.5721209 0.8439735 0.6007043 0.8933306 0.5347264 0.8903192 0.3247038 0.9029804 0.3050348 0.8617995 0.362811 0.8585969 0.6007043 0.8933306 0.5721209 0.8439735 0.6536869 0.8513131 0.25007 0.8446139 0.25007 0.792743 0.3180358 0.7971159 0.06910878 0.9228212 0.06862926 0.9412115 0.06050592 0.9274253 0.02626025 0.9207295 0.0355224 0.9010218 0.03530538 0.9252934 0.3180358 0.7971159 0.3648476 0.8084064 0.362811 0.8585969 0.5721209 0.8439735 0.5325119 0.8467254 0.5259889 0.8280271 0.04869818 0.9137787 0.03530538 0.9252934 0.0355224 0.9010218 0.04869818 0.9137787 0.04876571 0.8818784 0.06006008 0.9057794 0.0386967 0.9411699 0.03530538 0.9252934 0.04869818 0.9137787 0.0490368 0.945944 0.04869818 0.9137787 0.06050592 0.9274253 0.04876571 0.8818784 0.0355224 0.9010218 0.03384685 0.8663906 0.02806502 0.9466527 0.03530538 0.9252934 0.0386967 0.9411699 0.06862926 0.9412115 0.06217789 0.9672864 0.05685114 0.9435111 0.0354557 0.9679866 0.0386967 0.9411699 0.0490368 0.945944 0.0620805 0.8758272 0.05203831 0.8651355 0.05172175 0.8477602 0.03384685 0.8663906 0.03417664 0.8231718 0.05172175 0.8477602 0.0355224 0.9010218 0.02626025 0.9207295 0.02406036 0.8625579 0.06910878 0.9228212 0.06006008 0.9057794 0.0620805 0.8758272 0.009032964 0.9096055 0.01160001 0.8627624 0.02406036 0.8625579 0.0841934 0.9086056 0.06910878 0.9228212 0.07342684 0.8703597 0.06333547 0.8261607 0.05172175 0.8477602 0.05042135 0.8126348 0.04001837 0.5575468 0.04221159 0.5318208 0.0492888 0.5470098 0.02406036 0.8625579 0.02557599 0.808217 0.03417664 0.8231718 0.07342684 0.8703597 0.0620805 0.8758272 0.06333547 0.8261607 0.02406036 0.8625579 0.01160001 0.8627624 0.01543724 0.8318893 0.07342684 0.8703597 0.06903862 0.8231909 0.08521097 0.834079 0.05485737 0.5309394 0.0492888 0.5470098 0.05245882 0.4389581 0.04221159 0.5318208 0.04254406 0.4389581 0.05245882 0.4389581 0.03511023 0.542592 0.03542423 0.5143947 0.04221159 0.5318208 0.0566585 0.5605357 0.05485737 0.5309394 0.06244122 0.5331762 0.03511023 0.542592 0.02932435 0.5662643 0.0287413 0.5382346 0.06914228 0.568454 0.05991315 0.5575659 0.06244122 0.5331762 0.05245882 0.4389581 0.05344581 0.3979418 0.0612657 0.3979418 0.04254406 0.4389581 0.04314637 0.385544 0.05344581 0.3979418 0.03542423 0.5143947 0.03427791 0.4389581 0.04254406 0.4389581 0.05485737 0.5309394 0.05930072 0.4389581 0.06322878 0.4389581 0.03542423 0.5143947 0.0287413 0.5382346 0.02739733 0.4389581 0.06244122 0.5331762 0.06322878 0.4389581 0.06914228 0.4389581 0.03965783 0.651169 0.03965783 0.6280515 0.05514907 0.6290855 0.03845298 0.623129 0.03924119 0.6249011 0.03965783 0.6280515 0.03965783 0.6280515 0.03965783 0.651169 0.03845298 0.623129 0.04254406 0.4389581 0.03427791 0.4389581 0.03380274 0.385544 0.05930072 0.4389581 0.0612657 0.3979418 0.06247472 0.3979418 0.03427791 0.4389581 0.02739733 0.4389581 0.02633911 0.397942 0.06914228 0.4389581 0.06322878 0.4389581 0.06247472 0.3979418 0.07140868 0.6635668 0.0577057 0.6635668 0.05514907 0.6290855 0.05490827 0.6071296 0.05490827 0.5915569 0.07140868 0.5915569 0.08536058 0.6071845 0.07352727 0.6064314 0.07352727 0.5915569 0.02328479 0.6067495 0.02328479 0.5915569 0.03965783 0.5915569 0.07352727 0.6064314 0.07140868 0.6064658 0.07140868 0.5915569 0.05490827 0.5945706 0.05490827 0.6059861 0.03965783 0.6059859 0.07139843 0.5945706 0.07140868 0.6059861 0.05490827 0.6059861 0.02819341 0.6369625 0.02328479 0.651169 0.02601474 0.6234569 0.02328479 0.651169 0.02328479 0.6280452 0.02601474 0.6234569 0.07140868 0.6635668 0.07140868 0.6291767 0.07352727 0.62925 0.02464795 0.6299503 0.03751409 0.6305086 0.03345841 0.6393454 0.02328479 0.6067495 0.01020622 0.6071845 0.01020622 0.5915569 0.02601474 0.6234569 0.02667409 0.6107717 0.03064233 0.6059466 0.03965795 0.6068956 0.03965783 0.5915569 0.05490827 0.5915569 0.02328479 0.651169 0.01020622 0.663567 0.01020622 0.6291106 0.02328479 0.651169 0.02819341 0.6369625 0.035537 0.6366056 0.03064233 0.6059466 0.0287649 0.5963104 0.03560316 0.5957049 0.03845298 0.623129 0.035537 0.6366056 0.03473007 0.6059466 0.02793711 0.6398747 0.03345841 0.6393454 0.03002762 0.640084 0.02819341 0.6369625 0.03064233 0.6059466 0.03473007 0.6059466 0.2771835 0.8853744 0.2654592 0.8957644 0.25007 0.8879365 0.6253369 0.9162829 0.6297765 0.9265237 0.6179361 0.940762 0.3025006 0.9042926 0.268191 0.9036632 0.2654592 0.8957644 0.2654592 0.8957644 0.2625187 0.8995673 0.25007 0.8961452 0.6297765 0.9265237 0.634484 0.9336907 0.6246262 0.940762 0.2654592 0.8957644 0.268191 0.9036632 0.2647385 0.904039 0.6533611 0.9265237 0.6533611 0.9343486 0.634484 0.9336907 0.2625187 0.8995673 0.25007 0.9043079 0.25007 0.9043079 0.6246262 0.940762 0.634484 0.9336907 0.6533611 0.940762 0.2625187 0.8995673 0.2647385 0.904039 0.25007 0.9043079 0.6533611 0.9343486 0.6533611 0.940762 0.6533611 0.940762 0.3275337 0.5788616 0.3319211 0.5413414 0.3786277 0.5476198 0.1726062 0.5788616 0.168219 0.5413414 0.2119207 0.5285645 0.6514045 0.7016334 0.6514045 0.6666016 0.7043269 0.6716842 0.1289169 0.6623982 0.1281933 0.6430063 0.1917452 0.6237148 0.1945155 0.6704415 0.1917452 0.6237148 0.25007 0.6199903 0.7326447 0.8439735 0.6510787 0.8513131 0.6511588 0.7900559 0.6511588 0.7900559 0.6511588 0.7331236 0.7145053 0.7367901 0.1289169 0.7014496 0.1289169 0.6623982 0.1945155 0.6704415 0.188869 0.7060434 0.1945155 0.6704415 0.25007 0.6720125 0.6794286 0.9162829 0.6514045 0.9169533 0.6513302 0.8996561 0.7700392 0.8903192 0.7652691 0.9369944 0.7275789 0.9369944 0.25007 0.8446139 0.25007 0.8756281 0.2229566 0.8853744 0.3083949 0.6237148 0.25007 0.6199903 0.25007 0.570578 0.7074436 0.7042957 0.7043269 0.6716842 0.7522993 0.6782357 0.7145053 0.7367901 0.7074437 0.7042957 0.7522993 0.7139667 0.7145053 0.7367901 0.7773845 0.7503377 0.7773845 0.7938484 0.1289169 0.7606759 0.1289169 0.7481672 0.1623975 0.7457404 0.1917452 0.6237148 0.1726062 0.5788616 0.25007 0.570578 0.7075001 0.6403709 0.7133769 0.6156029 0.7696416 0.6185004 0.6514045 0.7016334 0.7074442 0.7042957 0.7145053 0.7367901 0.1958781 0.7433135 0.188869 0.7060434 0.25007 0.7288036 0.188869 0.7060434 0.1958781 0.7433135 0.1623975 0.7457404 0.1821041 0.7971159 0.1958781 0.7433135 0.25007 0.7522521 0.674989 0.9265237 0.6514045 0.9265237 0.6514045 0.9169533 0.6994426 0.940762 0.6794286 0.9162829 0.7040613 0.8933306 0.1951052 0.8617995 0.2229566 0.8853744 0.1976394 0.9042926 0.05685114 0.9435111 0.0490368 0.945944 0.05012094 0.969021 0.0620805 0.8758272 0.05203831 0.8651355 0.04876571 0.8818784 0.7773845 0.8054985 0.7787765 0.8280271 0.7448681 0.8006384 0.1821041 0.7971159 0.1352924 0.8084064 0.154725 0.7785802 0.7326447 0.8439735 0.7722537 0.8467254 0.7700392 0.8903192 0.1754362 0.9029804 0.1298121 0.9029804 0.1373291 0.8585969 0.7040613 0.8933306 0.6513302 0.8996561 0.6510787 0.8513131 0.1821041 0.7971159 0.25007 0.792743 0.25007 0.8446139 0.06910878 0.9228212 0.06006008 0.9057794 0.06050592 0.9274253 0.03530538 0.9252934 0.0355224 0.9010218 0.02626025 0.9207295 0.1373291 0.8585969 0.1352924 0.8084064 0.1821041 0.7971159 0.7787765 0.8280271 0.7722537 0.8467254 0.7326447 0.8439735 0.04869818 0.9137787 0.04876571 0.8818784 0.0355224 0.9010218 0.06006008 0.9057794 0.04876571 0.8818784 0.04869818 0.9137787 0.04869818 0.9137787 0.03530538 0.9252934 0.0386967 0.9411699 0.06050592 0.9274253 0.04869818 0.9137787 0.0490368 0.945944 0.04876571 0.8818784 0.05203831 0.8651355 0.03384685 0.8663906 0.0386967 0.9411699 0.03530538 0.9252934 0.02806502 0.9466527 0.06862926 0.9412115 0.06050592 0.9274253 0.05685114 0.9435111 0.0490368 0.945944 0.0386967 0.9411699 0.0354557 0.9679866 0.0620805 0.8758272 0.06333547 0.8261607 0.05172175 0.8477602 0.05172175 0.8477602 0.03417664 0.8231718 0.03384685 0.8663906 0.0355224 0.9010218 0.03384685 0.8663906 0.02406036 0.8625579 0.06910878 0.9228212 0.07342684 0.8703597 0.0620805 0.8758272 0.02406036 0.8625579 0.01160001 0.8627624 0.009032964 0.9096055 0.0841934 0.9086056 0.08521097 0.8662658 0.07342684 0.8703597 0.0566585 0.5605357 0.05485737 0.5309394 0.0492888 0.5470098 0.0492888 0.5470098 0.04221159 0.5318208 0.04001837 0.5575468 0.03417664 0.8231718 0.02557599 0.808217 0.02406036 0.8625579 0.07342684 0.8703597 0.06903862 0.8231909 0.06333547 0.8261607 0.02406036 0.8625579 0.02557599 0.808217 0.01543724 0.8318893 0.08521097 0.834079 0.06903862 0.8231909 0.07342684 0.8703597 0.05485737 0.5309394 0.05930072 0.4389581 0.05245882 0.4389581 0.05245882 0.4389581 0.04254406 0.4389581 0.04221159 0.5318208 0.04221159 0.5318208 0.03542423 0.5143947 0.03511023 0.542592 0.06244122 0.5331762 0.05485737 0.5309394 0.0566585 0.5605357 0.03511023 0.542592 0.03542423 0.5143947 0.0287413 0.5382346 0.06914228 0.568454 0.06914228 0.5321667 0.06244122 0.5331762 0.0612657 0.3979418 0.05344581 0.3979418 0.05245882 0.4389581 0.05344581 0.3979418 0.04314637 0.385544 0.04254406 0.4389581 0.04254406 0.4389581 0.03427791 0.4389581 0.03542423 0.5143947 0.06322878 0.4389581 0.05930072 0.4389581 0.05485737 0.5309394 0.03542423 0.5143947 0.03427791 0.4389581 0.02739733 0.4389581 0.06914228 0.4389581 0.06322878 0.4389581 0.06244122 0.5331762 0.07140868 0.5915569 0.05490827 0.5915569 0.05490827 0.6071296 0.03965783 0.651169 0.03965783 0.6280515 0.03845298 0.623129 0.03965783 0.6280515 0.03924119 0.6249011 0.03845298 0.623129 0.04254406 0.4389581 0.04314637 0.385544 0.03380274 0.385544 0.06247472 0.3979418 0.0612657 0.3979418 0.05930072 0.4389581 0.03427791 0.4389581 0.03380274 0.385544 0.02633911 0.397942 0.06914228 0.4389581 0.06922769 0.3979418 0.06247472 0.3979418 0.05490827 0.5915569 0.03965783 0.5915569 0.03965795 0.6068956 0.05514907 0.6290855 0.03965783 0.6280515 0.03965783 0.651169 0.02328479 0.6067495 0.02328479 0.5915569 0.01020622 0.5915569 0.08536058 0.6291108 0.07352727 0.62925 0.07352727 0.6635668 0.03965783 0.5915569 0.02328479 0.5915569 0.02328479 0.6067495 0.07352727 0.6064314 0.07352727 0.5915569 0.07140868 0.5915569 0.03965783 0.6059859 0.05490827 0.6059861 0.05490827 0.5945706 0.05490827 0.6059861 0.07140868 0.6059861 0.07139843 0.5945706 0.02328479 0.6280452 0.02328479 0.651169 0.02601474 0.6234569 0.02328479 0.651169 0.02819341 0.6369625 0.02601474 0.6234569 0.02328479 0.651169 0.02328479 0.6280452 0.01020622 0.6291106 0.02464795 0.6299503 0.02793711 0.6398747 0.03345841 0.6393454 0.07352727 0.62925 0.07140868 0.6291767 0.07140868 0.6635668 0.03064233 0.6059466 0.02667409 0.6107717 0.02601474 0.6234569 0.05490815 0.6227021 0.05490827 0.6071296 0.07140868 0.6064658 0.07140868 0.6635668 0.07140868 0.6291767 0.05514907 0.6290855 0.035537 0.6366056 0.02819341 0.6369625 0.02328479 0.651169 0.03560316 0.5957049 0.0287649 0.5963104 0.03064233 0.6059466 0.03845298 0.623129 0.03727936 0.6118718 0.03473007 0.6059466 0.02793711 0.6398747 0.02994632 0.6396762 0.03002762 0.640084 0.03473007 0.6059466 0.03064233 0.6059466 0.02819341 0.6369625 0.25007 0.8879365 0.2346808 0.8957644 0.2229566 0.8853744 0.6868295 0.940762 0.674989 0.9265237 0.6794286 0.9162829 0.2346808 0.8957644 0.231949 0.9036632 0.1976394 0.9042926 0.25007 0.8961452 0.2376214 0.8995673 0.2346808 0.8957644 0.6801393 0.940762 0.6702815 0.9336907 0.674989 0.9265237 0.2346808 0.8957644 0.2376214 0.8995673 0.2354016 0.904039 0.6702815 0.9336907 0.6514045 0.9343486 0.6514045 0.9265237 0.25007 0.9043079 0.25007 0.9043079 0.2376214 0.8995673 0.6801393 0.940762 0.6514045 0.940762 0.6514045 0.940762 0.2376214 0.8995673 0.25007 0.9043079 0.25007 0.9043079 0.6514045 0.940762 0.6514045 0.940762 0.6514045 0.9343486 0.1215123 0.5476198 0.168219 0.5413414 0.1726062 0.5788616 0.3275337 0.5788616 0.25007 0.570578 0.2882194 0.5285645 0.6004387 0.6716842 0.5524663 0.6782357 0.5395774 0.6464903 0.3083949 0.6237148 0.3275337 0.5788616 0.3832943 0.5923145 0.7043269 0.6716842 0.7075001 0.6403709 0.7651881 0.6464903 0.1168457 0.5923145 0.1726062 0.5788616 0.1917452 0.6237148 0.07352727 0.62925 0.07352727 0.6213058 0.08536058 0.6228123 0.01020622 0.6228122 0.02328479 0.6219421 0.02328479 0.6280452 0.07352739 0.6213058 0.07352727 0.62925 0.07140868 0.6291767 0.03965783 0.6222345 0.03751409 0.6305086 0.02464795 0.6299503 0.05490815 0.6227021 0.07140868 0.6213747 0.07140868 0.6291767 0.03965783 0.6280515 0.03965795 0.6222344 0.05490815 0.6227021 0.07352727 0.6635668 0.07352727 0.62925 0.08536058 0.6291106 0.08536058 0.6228123 0.07352727 0.6213058 0.07352727 0.62925 0.02328479 0.6280452 0.02328479 0.6219421 0.01020622 0.6228122 0.07140868 0.6291767 0.07352727 0.62925 0.07352739 0.6213058 0.02464795 0.6299503 0.03751409 0.6305086 0.03965783 0.6222345 0.07140868 0.6291767 0.07140868 0.6213747 0.05490815 0.6227021 0.05490815 0.6227021 0.03965795 0.6222344 0.03965783 0.6280515 0.08536058 0.6071845 0.08536058 0.5915569 0.07352727 0.5915569 0.08536058 0.6228123 0.07352727 0.6213058 0.07352727 0.6064314 0.02328479 0.6219421 0.02328479 0.6067495 0.03965783 0.6068957 0.07140868 0.6213747 0.07140868 0.6064658 0.07352727 0.6064314 0.02328479 0.6219421 0.01020622 0.6228122 0.01020622 0.6071845 0.05490815 0.6227021 0.03965795 0.6222344 0.03965795 0.6068956 0.07140868 0.6064658 0.05490827 0.6071296 0.05490815 0.6227021 0.05490815 0.6227021 0.05490827 0.6071296 0.03965795 0.6068956 0.02328479 0.6219421 0.02328479 0.6067495 0.01020622 0.6071845 0.03965783 0.6068957 0.02328479 0.6067495 0.02328479 0.6219421 0.07352727 0.6064314 0.07140868 0.6064658 0.07140868 0.6213747 0.08536058 0.6228123 0.08536058 0.6071845 0.07352727 0.6064314 0.5972654 0.6403709 0.5913886 0.6156029 0.6411731 0.6081416 0.6635923 0.6081416 0.7133769 0.6156029 0.7075001 0.6403709 0.5972654 0.6403709 0.6533611 0.641425 0.6533611 0.6666016 0.6514045 0.6666016 0.6514045 0.641425 0.7075001 0.6403709 0.1682611 0.1242939 0.1698334 0.1128941 0.1624178 0.1129584 0.3644847 0.08674085 0.3510047 0.08650261 0.3540884 0.1014187 0.1698334 0.1128941 0.177249 0.1128299 0.1781722 0.1066191 0.366395 0.1004235 0.3540884 0.1014187 0.3571721 0.1163346 0.1624178 0.1129584 0.1698334 0.1128941 0.1706196 0.1071943 0.163067 0.1077695 0.1706196 0.1071943 0.1752842 0.1046206 0.1658641 0.1343119 0.1733354 0.131743 0.1682611 0.1242939 0.1507905 0.1337189 0.158531 0.1384459 0.1624712 0.1353614 0.1733354 0.131743 0.1851651 0.1252142 0.1773068 0.12449 0.1781722 0.1066191 0.1809458 0.1067273 0.1752842 0.1046206 0.1639609 0.1004074 0.1542263 0.1006048 0.1476361 0.101818 0.1851651 0.1128174 0.1851651 0.1066191 0.1781722 0.1066191 0.1499665 0.1636919 0.1613295 0.1636919 0.1588471 0.1508803 0.1432217 0.1640661 0.1499665 0.1636919 0.1478235 0.1505892 0.1432217 0.1123944 0.1544523 0.1090211 0.1476361 0.101818 0.1569073 0.1418952 0.158531 0.1384459 0.1507905 0.1337189 0.1489269 0.1410883 0.1507905 0.1337189 0.1432217 0.1311895 0.1507905 0.1337189 0.156109 0.1226644 0.1432217 0.1189395 0.1571169 0.14375 0.1569073 0.1418952 0.1489269 0.1410883 0.3757693 0.1453524 0.3723469 0.139307 0.3641444 0.1415597 0.3555151 0.149725 0.3596962 0.1492526 0.3641444 0.1415597 0.3596962 0.1492526 0.3638775 0.14878 0.3641444 0.1415597 0.3602557 0.1312506 0.3641444 0.1415597 0.3723469 0.139307 0.3602557 0.1312506 0.3571721 0.1163346 0.3384208 0.1295346 0.1478235 0.1505892 0.1588471 0.1508803 0.1573266 0.1456049 0.1573266 0.1456049 0.1571169 0.14375 0.1482916 0.1444942 0.1479025 0.1483731 0.1482916 0.1444942 0.1432217 0.1437171 0.3407866 0.1371828 0.3477395 0.146065 0.3641444 0.1415597 0.3540884 0.1014187 0.3510047 0.08650261 0.3179125 0.08602613 0.1611195 0.1233363 0.1624178 0.1129584 0.1558527 0.1129108 0.1624712 0.1353614 0.1658641 0.1343119 0.1611195 0.1233363 0.163067 0.1077695 0.1696226 0.102514 0.1639609 0.1004074 0.1558527 0.1129108 0.1624178 0.1129584 0.163067 0.1077695 0.3683053 0.1141061 0.3571721 0.1163346 0.3602557 0.1312506 0.1851651 0.1128174 0.177249 0.1128299 0.1773068 0.12449 0.1624178 0.1129584 0.1698334 0.1128941 0.1682611 0.1242939 0.1698334 0.1128941 0.177249 0.1128299 0.1773068 0.12449 0.3540884 0.1014187 0.3326299 0.1126926 0.3179125 0.08602613 0.3571721 0.1163346 0.3540884 0.1014187 0.366395 0.1004235 0.1624178 0.1129584 0.163067 0.1077695 0.1706196 0.1071943 0.163067 0.1077695 0.1696226 0.102514 0.1752842 0.1046206 0.1658641 0.1343119 0.1611195 0.1233363 0.1682611 0.1242939 0.1507905 0.1337189 0.156109 0.1226644 0.1624712 0.1353614 0.1733354 0.131743 0.1682611 0.1242939 0.1773068 0.12449 0.1752842 0.1046206 0.1809458 0.1067273 0.1781722 0.1066191 0.1698334 0.1128941 0.1706196 0.1071943 0.1781722 0.1066191 0.1476361 0.101818 0.1542263 0.1006048 0.1639609 0.1004074 0.1781722 0.1066191 0.1851651 0.1066191 0.1851651 0.1128174 0.156109 0.1226644 0.1432217 0.1189395 0.1432217 0.1123944 0.1499665 0.1636919 0.1478235 0.1505892 0.1588471 0.1508803 0.1432217 0.1640661 0.1432217 0.1531959 0.1478235 0.1505892 0.3327551 0.7996702 0.3327551 0.7511326 0.3498697 0.7586659 0.1507905 0.1337189 0.158531 0.1384459 0.1569073 0.1418952 0.1432217 0.1311895 0.1507905 0.1337189 0.1489269 0.1410883 0.1432217 0.1189395 0.156109 0.1226644 0.1507905 0.1337189 0.1489269 0.1410883 0.1569073 0.1418952 0.1571169 0.14375 0.3641444 0.1415597 0.3723469 0.139307 0.3757693 0.1453524 0.3555151 0.149725 0.3477395 0.146065 0.3641444 0.1415597 0.3641444 0.1415597 0.3638775 0.14878 0.3596962 0.1492526 0.3723469 0.139307 0.3641444 0.1415597 0.3602557 0.1312506 0.3602557 0.1312506 0.3407866 0.1371828 0.3384208 0.1295346 0.1478235 0.1505892 0.1479025 0.1483731 0.1573266 0.1456049 0.1482916 0.1444942 0.1571169 0.14375 0.1573266 0.1456049 0.1479025 0.1483731 0.1432217 0.1531959 0.1432217 0.1437171 0.3540884 0.1014187 0.3510047 0.08650261 0.3644847 0.08674085 0.1558527 0.1129108 0.1624178 0.1129584 0.1611195 0.1233363 0.3326299 0.1126926 0.3540884 0.1014187 0.3571721 0.1163346 0.1624712 0.1353614 0.156109 0.1226644 0.1611195 0.1233363 0.1639609 0.1004074 0.1696226 0.102514 0.163067 0.1077695 0.1558527 0.1129108 0.1544523 0.1090211 0.163067 0.1077695 0.3602557 0.1312506 0.3571721 0.1163346 0.3683053 0.1141061 0.1773068 0.12449 0.177249 0.1128299 0.1851651 0.1128174 0.3326299 0.1126926 0.3384208 0.1295346 0.3571721 0.1163346 0.156109 0.1226644 0.1558527 0.1129108 0.1432217 0.1123944 0.3641444 0.1415597 0.3477395 0.146065 0.3407866 0.1371828 0.1773068 0.12449 0.177249 0.1128299 0.1698334 0.1128941</float_array>
          <technique_common>
            <accessor source="#Cube_004-mesh-map-0-array" count="2508" stride="2">
              <param name="S" type="float"/>
              <param name="T" type="float"/>
            </accessor>
          </technique_common>
        </source>
        <vertices id="Cube_004-mesh-vertices">
          <input semantic="POSITION" source="#Cube_004-mesh-positions"/>
        </vertices>
        <triangles material="Skin_001-material" count="836">
          <input semantic="VERTEX" source="#Cube_004-mesh-vertices" offset="0"/>
          <input semantic="NORMAL" source="#Cube_004-mesh-normals" offset="1"/>
          <input semantic="TEXCOORD" source="#Cube_004-mesh-map-0" offset="2" set="0"/>
          <p>192 0 0 0 1 1 189 2 2 10 3 3 1 4 4 9 5 5 5 6 6 191 7 7 1 4 8 24 8 9 194 9 10 203 10 11 194 9 12 13 11 13 198 12 14 12 13 15 5 6 16 10 3 17 14 14 18 193 15 19 5 6 20 188 16 21 15 17 22 2 18 23 8 19 24 18 20 25 2 18 26 190 21 27 16 22 28 201 23 29 4 24 30 9 5 31 0 1 32 13 11 33 10 3 34 4 24 35 11 25 36 13 11 37 6 26 38 264 27 39 23 28 40 21 29 41 214 30 42 90 31 43 385 32 44 13 11 45 192 0 46 198 12 47 7 33 48 199 34 49 14 14 50 264 27 51 14 14 52 12 13 53 25 35 54 195 36 55 7 33 56 200 37 57 81 38 58 15 17 59 2 18 60 17 39 61 8 19 62 3 40 63 17 39 64 16 22 65 253 41 66 28 42 67 256 43 68 33 44 69 40 45 70 30 46 71 6 26 72 23 28 73 11 25 74 25 35 75 21 29 76 27 47 77 24 8 78 18 20 79 26 48 80 8 19 81 19 49 82 22 50 83 2 18 84 203 10 85 188 16 86 190 21 87 25 35 88 3 40 89 20 51 90 34 52 91 30 46 92 21 29 93 35 53 94 257 54 95 25 35 96 19 49 97 3 40 98 24 8 99 20 51 100 6 26 101 36 55 102 31 56 103 33 44 104 36 55 105 30 46 106 34 52 107 29 57 108 36 55 109 32 58 110 32 58 111 34 52 112 28 42 113 33 44 114 41 59 115 42 60 116 257 54 117 29 57 118 254 61 119 255 62 120 28 42 121 34 52 122 254 61 123 32 58 124 253 41 125 40 45 126 48 63 127 46 64 128 41 59 129 48 63 130 42 60 131 31 56 132 38 65 133 41 59 134 20 51 135 40 45 136 37 66 137 23 28 138 38 65 139 21 29 140 23 28 141 37 66 142 39 67 143 46 64 144 54 68 145 52 69 146 47 70 147 54 68 148 48 63 149 38 65 150 47 70 151 41 59 152 37 66 153 46 64 154 43 71 155 38 65 156 45 72 157 44 73 158 37 66 159 45 72 160 39 67 161 52 69 162 60 74 163 58 75 164 53 76 165 60 74 166 54 68 167 44 73 168 53 76 169 47 70 170 46 64 171 49 77 172 43 71 173 44 73 174 51 78 175 50 79 176 45 72 177 49 77 178 51 78 179 60 74 180 64 80 181 58 75 182 59 81 183 66 82 184 60 74 185 50 79 186 59 81 187 53 76 188 52 69 189 55 83 190 49 77 191 50 79 192 57 84 193 56 85 194 49 77 195 57 84 196 51 78 197 65 86 198 232 87 199 66 82 200 65 86 201 74 88 202 76 89 203 59 81 204 62 90 205 65 86 206 58 75 207 61 91 208 55 83 209 56 85 210 63 92 211 62 90 212 57 84 213 61 91 214 63 92 215 64 80 216 232 87 217 227 93 218 159 94 219 70 95 220 163 96 221 162 97 222 67 98 223 69 99 224 161 100 225 71 101 226 160 102 227 164 103 228 70 95 229 67 98 230 69 99 231 71 101 232 68 104 233 67 98 234 72 105 235 69 99 236 221 106 237 223 107 238 75 108 239 64 80 240 220 109 241 61 91 242 223 107 243 76 89 244 75 108 245 161 100 246 69 99 247 68 104 248 75 108 249 77 110 250 73 111 251 160 102 252 72 105 253 159 94 254 62 90 255 224 112 256 221 106 257 62 90 258 74 88 259 65 86 260 77 110 261 80 113 262 78 114 263 76 89 264 78 114 265 80 113 266 75 108 267 80 113 268 79 115 269 73 111 270 78 114 271 74 88 272 16 22 273 205 116 274 201 23 275 15 17 276 83 117 277 17 39 278 17 39 279 82 118 280 16 22 281 82 118 282 207 119 283 205 116 284 81 38 285 86 120 286 83 117 287 82 118 288 86 120 289 85 121 290 204 122 291 84 123 292 81 38 293 85 121 294 209 124 295 207 119 296 86 120 297 87 125 298 89 126 299 85 121 300 89 126 301 88 127 302 206 128 303 87 125 304 84 123 305 215 129 306 90 31 307 213 130 308 218 131 309 99 132 310 197 133 311 192 0 312 91 134 313 95 135 314 102 136 315 92 137 316 96 138 317 96 138 318 191 7 319 193 15 320 116 139 321 194 9 322 97 140 323 194 9 324 105 141 325 97 140 326 104 142 327 96 138 328 106 143 329 106 143 330 193 15 331 199 34 332 107 144 333 188 16 334 93 145 335 110 146 336 100 147 337 93 145 338 190 21 339 108 148 340 94 149 341 1 4 342 197 133 343 215 129 344 95 135 345 101 150 346 102 136 347 105 141 348 102 136 349 104 142 350 105 141 351 103 151 352 97 140 353 115 152 354 263 153 355 113 154 356 92 137 357 197 133 358 191 7 359 217 155 360 212 156 361 216 157 362 192 0 363 105 141 364 198 12 365 98 158 366 199 34 367 195 36 368 106 143 369 263 153 370 104 142 371 117 159 372 195 36 373 202 160 374 179 161 375 200 37 376 107 144 377 109 162 378 93 145 379 100 147 380 94 149 381 109 162 382 100 147 383 120 163 384 258 164 385 261 165 386 132 166 387 125 167 388 122 168 389 115 152 390 97 140 391 103 151 392 117 159 393 113 154 394 98 158 395 116 139 396 110 146 397 93 145 398 100 147 399 111 169 400 94 149 401 93 145 402 203 10 403 116 139 404 117 159 405 190 21 406 94 149 407 112 170 408 126 171 409 260 172 410 127 173 411 113 154 412 262 174 413 111 169 414 117 159 415 94 149 416 112 170 417 116 139 418 97 140 419 128 175 420 123 176 421 127 173 422 122 168 423 128 175 424 126 171 425 128 175 426 121 177 427 124 178 428 126 171 429 124 178 430 120 163 431 125 167 432 133 179 433 123 176 434 121 177 435 262 174 436 259 180 437 260 172 438 120 163 439 261 165 440 124 178 441 259 180 442 258 164 443 132 166 444 140 181 445 134 182 446 140 181 447 133 179 448 134 182 449 123 176 450 130 183 451 113 154 452 112 170 453 132 166 454 122 168 455 130 183 456 115 152 457 113 154 458 115 152 459 129 184 460 112 170 461 138 185 462 146 186 463 140 181 464 146 186 465 139 187 466 140 181 467 139 187 468 130 183 469 133 179 470 129 184 471 138 185 472 132 166 473 130 183 474 137 188 475 131 189 476 137 188 477 129 184 478 131 189 479 144 190 480 152 191 481 146 186 482 152 191 483 145 192 484 146 186 485 145 192 486 136 193 487 139 187 488 141 194 489 138 185 490 135 195 491 136 193 492 143 196 493 137 188 494 137 188 495 141 194 496 135 195 497 156 197 498 152 191 499 150 198 500 158 199 501 151 200 502 152 191 503 151 200 504 142 201 505 145 192 506 147 202 507 144 190 508 141 194 509 142 201 510 149 203 511 143 196 512 149 203 513 141 194 514 143 196 515 168 204 516 252 205 517 249 206 518 174 207 519 172 208 520 157 209 521 151 200 522 154 210 523 148 211 524 153 212 525 150 198 526 147 202 527 148 211 528 155 213 529 149 203 530 149 203 531 153 212 532 147 202 533 170 214 534 250 215 535 252 205 536 245 216 537 157 209 538 158 199 539 251 217 540 167 218 541 247 219 542 239 220 543 153 212 544 155 213 545 169 221 546 251 217 547 250 215 548 248 222 549 168 204 550 249 206 551 169 221 552 167 218 553 166 223 554 170 214 555 165 224 556 167 218 557 173 225 558 237 226 559 236 227 560 154 210 561 239 220 562 155 213 563 237 226 564 174 207 565 243 228 566 233 229 567 156 197 568 153 212 569 175 230 570 173 225 571 171 231 572 231 232 573 163 96 574 226 233 575 156 197 576 245 216 577 158 199 578 172 208 579 154 210 580 157 209 581 178 234 582 175 230 583 176 235 584 174 207 585 176 235 586 172 208 587 173 225 588 178 234 589 174 207 590 176 235 591 171 231 592 172 208 593 205 116 594 108 148 595 201 23 596 181 236 597 107 144 598 109 162 599 180 237 600 109 162 601 108 148 602 207 119 603 180 237 604 205 116 605 184 238 606 179 161 607 181 236 608 180 237 609 184 238 610 181 236 611 182 239 612 204 122 613 179 161 614 209 124 615 183 240 616 207 119 617 184 238 618 185 241 619 182 239 620 183 240 621 187 242 622 184 238 623 185 241 624 206 128 625 182 239 626 212 156 627 218 131 628 216 157 629 215 129 630 265 243 631 267 244 632 0 1 633 213 130 634 214 30 635 1 4 636 213 130 637 9 5 638 91 134 639 216 157 640 101 150 641 216 157 642 92 137 643 101 150 644 268 245 645 197 133 646 99 132 647 268 245 648 265 243 649 197 133 650 221 106 651 222 246 652 223 107 653 228 247 654 229 248 655 230 249 656 220 109 657 225 250 658 224 112 659 225 250 660 221 106 661 224 112 662 219 251 663 227 93 664 226 233 665 229 248 666 223 107 667 222 246 668 231 232 669 227 93 670 232 87 671 230 249 672 231 232 673 232 87 674 61 91 675 224 112 676 63 92 677 235 252 678 236 227 679 237 226 680 242 253 681 243 228 682 244 254 683 238 255 684 233 229 685 239 220 686 236 227 687 238 255 688 239 220 689 240 256 690 234 257 691 241 258 692 237 226 693 242 253 694 235 252 695 240 256 696 246 259 697 245 216 698 246 259 699 244 254 700 245 216 701 247 219 702 165 224 703 248 222 704 225 250 705 164 103 706 162 97 707 222 246 708 160 102 709 229 248 710 226 233 711 164 103 712 219 251 713 222 246 714 162 97 715 161 100 716 231 232 717 160 102 718 159 94 719 249 206 720 246 259 721 241 258 722 246 259 723 250 215 724 242 253 725 235 252 726 247 219 727 238 255 728 250 215 729 235 252 730 242 253 731 248 222 732 241 258 733 234 257 734 238 255 735 248 222 736 234 257 737 214 30 738 266 260 739 196 261 740 269 262 741 217 155 742 196 261 743 214 30 744 189 2 745 0 1 746 189 2 747 217 155 748 91 134 749 269 262 750 196 261 751 270 263 752 270 263 753 196 261 754 266 260 755 98 158 756 113 154 757 263 153 758 103 151 759 104 142 760 263 153 761 7 33 762 264 27 763 21 29 764 11 25 765 264 27 766 12 13 767 299 264 768 296 265 769 298 266 770 275 267 771 307 268 772 311 269 773 297 270 774 289 271 775 300 272 776 311 269 777 306 273 778 310 274 779 296 265 780 300 272 781 301 275 782 301 275 783 311 269 784 310 274 785 309 276 786 299 264 787 298 266 788 284 277 789 278 278 790 287 279 791 308 280 792 290 281 793 299 264 794 289 271 795 311 269 796 300 272 797 280 282 798 283 283 799 285 284 800 291 285 801 289 271 802 292 286 803 283 283 804 279 287 805 286 288 806 273 289 807 286 288 808 440 290 809 418 291 810 283 283 811 273 289 812 277 292 813 284 277 814 288 293 815 288 293 816 272 294 817 439 295 818 284 277 819 274 296 820 272 294 821 293 297 822 288 293 823 303 298 824 279 287 825 305 299 826 294 300 827 305 299 828 281 301 829 277 292 830 295 302 831 282 303 832 280 282 833 295 302 834 309 276 835 278 278 836 286 288 837 294 300 838 304 304 839 294 300 840 303 298 841 304 304 842 304 304 843 439 295 844 440 290 845 439 295 846 303 298 847 288 293 848 278 278 849 305 299 850 295 302 851 418 291 852 302 305 853 285 284 854 307 268 855 276 306 856 308 280 857 298 266 858 302 305 859 287 279 860 278 278 861 298 266 862 287 279 863 301 275 864 280 282 865 285 284 866 302 305 867 301 275 868 285 284 869 310 274 870 295 302 871 280 282 872 291 285 873 290 281 874 276 306 875 440 290 876 286 288 877 304 304 878 333 307 879 336 308 880 335 309 881 334 310 882 327 311 883 336 308 884 344 312 885 313 313 886 328 314 887 343 315 888 348 316 889 347 317 890 333 307 891 337 318 892 334 310 893 338 319 894 348 316 895 337 318 896 346 320 897 336 308 898 345 321 899 321 322 900 315 323 901 318 324 902 345 321 903 327 311 904 313 313 905 348 316 906 326 325 907 337 318 908 334 310 909 326 325 910 329 326 911 320 327 912 317 328 913 322 329 914 326 325 915 328 314 916 329 326 917 324 330 918 382 331 919 339 332 920 320 327 921 316 333 922 319 334 923 349 335 924 323 336 925 320 327 926 382 331 927 320 327 928 322 329 929 321 322 930 314 337 931 325 338 932 438 339 933 325 338 934 441 340 935 442 341 936 321 322 937 438 339 938 325 338 939 330 342 940 340 343 941 342 344 942 316 333 943 331 345 944 342 344 945 330 342 946 314 337 947 319 334 948 332 346 949 317 328 950 332 346 951 346 320 952 343 315 953 323 336 954 331 345 955 316 333 956 340 343 957 331 345 958 341 347 959 341 347 960 441 340 961 340 343 962 441 340 963 325 338 964 340 343 965 382 331 966 322 329 967 339 332 968 344 312 969 312 348 970 348 316 971 339 332 972 335 309 973 324 330 974 345 321 975 343 315 976 346 320 977 315 323 978 335 309 979 346 320 980 317 328 981 338 319 982 322 329 983 339 332 984 338 319 985 333 307 986 332 346 987 347 317 988 317 328 989 327 311 990 328 314 991 313 313 992 271 349 993 341 347 994 323 336 995 308 280 996 306 273 997 307 268 998 287 279 999 418 291 1000 274 296 1001 342 344 1002 315 323 1003 332 346 1004 290 281 1005 297 270 1006 299 264 1007 90 31 1008 351 350 1009 354 351 1010 422 352 1011 356 353 1012 359 354 1013 353 355 1014 267 244 1015 265 243 1016 356 353 1017 365 356 1018 359 354 1019 360 357 1020 364 358 1021 358 359 1022 424 360 1023 355 361 1024 357 362 1025 424 360 1026 360 357 1027 421 363 1028 425 364 1029 359 354 1030 355 361 1031 365 356 1032 368 365 1033 371 366 1034 366 367 1035 370 368 1036 364 358 1037 356 353 1038 364 358 1039 362 369 1040 357 362 1041 361 370 1042 363 371 1043 357 362 1044 366 367 1045 360 357 1046 355 361 1047 365 356 1048 361 370 1049 368 365 1050 377 372 1051 371 366 1052 370 368 1053 378 373 1054 376 374 1055 364 358 1056 368 365 1057 362 369 1058 361 370 1059 369 375 1060 363 371 1061 363 371 1062 372 376 1063 366 367 1064 361 370 1065 371 366 1066 367 377 1067 374 378 1068 383 379 1069 377 372 1070 376 374 1071 384 380 1072 382 331 1073 370 368 1074 374 378 1075 368 365 1076 369 375 1077 373 381 1078 375 382 1079 372 376 1080 375 382 1081 378 373 1082 371 366 1083 373 381 1084 367 377 1085 376 374 1086 380 383 1087 374 378 1088 375 382 1089 379 384 1090 381 385 1091 378 373 1092 381 385 1093 384 380 1094 377 372 1095 379 384 1096 373 381 1097 385 32 1098 352 386 1099 266 260 1100 385 32 1101 354 351 1102 350 387 1103 212 156 1104 387 388 1105 211 389 1106 428 390 1107 392 391 1108 429 392 1109 394 393 1110 427 394 1111 426 395 1112 211 389 1113 389 396 1114 99 132 1115 401 397 1116 392 391 1117 395 398 1118 400 399 1119 396 400 1120 394 393 1121 429 392 1122 394 393 1123 426 395 1124 430 401 1125 391 402 1126 431 403 1127 396 400 1128 430 401 1129 427 394 1130 431 403 1131 395 398 1132 428 390 1133 401 397 1134 404 404 1135 398 405 1136 406 406 1137 402 407 1138 400 399 1139 392 391 1140 400 399 1141 394 393 1142 393 408 1143 397 409 1144 391 402 1145 402 407 1146 393 408 1147 396 400 1148 391 402 1149 401 397 1150 395 398 1151 413 410 1152 404 404 1153 407 411 1154 406 406 1155 414 412 1156 408 413 1157 404 404 1158 400 399 1159 398 405 1160 405 414 1161 397 409 1162 399 415 1163 408 413 1164 399 415 1165 402 407 1166 397 409 1167 407 411 1168 401 397 1169 419 416 1170 410 417 1171 413 410 1172 412 418 1173 420 419 1174 414 412 1175 410 417 1176 406 406 1177 404 404 1178 405 414 1179 409 420 1180 403 421 1181 408 413 1182 411 422 1183 405 414 1184 409 420 1185 407 411 1186 403 421 1187 416 423 1188 412 418 1189 410 417 1190 411 422 1191 415 424 1192 409 420 1193 414 412 1194 417 425 1195 411 422 1196 415 424 1197 413 410 1198 409 420 1199 388 426 1200 210 427 1201 269 262 1202 210 427 1203 390 428 1204 212 156 1205 354 351 1206 423 429 1207 422 352 1208 350 387 1209 424 360 1210 352 386 1211 350 387 1212 422 352 1213 425 364 1214 390 428 1215 429 392 1216 387 388 1217 387 388 1218 426 395 1219 389 396 1220 430 401 1221 386 430 1222 388 426 1223 386 430 1224 428 390 1225 390 428 1226 421 363 1227 358 359 1228 432 431 1229 423 429 1230 358 359 1231 356 353 1232 351 350 1233 432 431 1234 423 429 1235 265 243 1236 433 432 1237 353 355 1238 353 355 1239 421 363 1240 432 431 1241 389 396 1242 427 394 1243 435 433 1244 265 243 1245 268 245 1246 433 432 1247 99 132 1248 433 432 1249 268 245 1250 99 132 1251 389 396 1252 433 432 1253 388 426 1254 427 394 1255 430 401 1256 352 386 1257 421 363 1258 434 434 1259 270 263 1260 266 260 1261 436 435 1262 270 263 1263 436 435 1264 269 262 1265 352 386 1266 436 435 1267 266 260 1268 388 426 1269 269 262 1270 436 435 1271 434 434 1272 436 435 1273 352 386 1274 435 433 1275 436 435 1276 437 436 1277 437 436 1278 434 434 1279 353 355 1280 437 436 1281 433 432 1282 389 396 1283 435 433 1284 437 436 1285 389 396 1286 433 432 1287 437 436 1288 353 355 1289 90 31 1290 267 244 1291 351 350 1292 422 352 1293 423 429 1294 356 353 1295 353 355 1296 351 350 1297 267 244 1298 356 353 1299 362 369 1300 365 356 1301 360 357 1302 366 367 1303 364 358 1304 424 360 1305 425 364 1306 355 361 1307 424 360 1308 357 362 1309 360 357 1310 425 364 1311 422 352 1312 359 354 1313 365 356 1314 362 369 1315 368 365 1316 366 367 1317 372 376 1318 370 368 1319 356 353 1320 358 359 1321 364 358 1322 357 362 1323 355 361 1324 361 370 1325 357 362 1326 363 371 1327 366 367 1328 355 361 1329 359 354 1330 365 356 1331 368 365 1332 374 378 1333 377 372 1334 370 368 1335 372 376 1336 378 373 1337 364 358 1338 370 368 1339 368 365 1340 361 370 1341 367 377 1342 369 375 1343 363 371 1344 369 375 1345 372 376 1346 361 370 1347 365 356 1348 371 366 1349 374 378 1350 380 383 1351 383 379 1352 376 374 1353 378 373 1354 384 380 1355 370 368 1356 376 374 1357 374 378 1358 369 375 1359 367 377 1360 373 381 1361 372 376 1362 369 375 1363 375 382 1364 371 366 1365 377 372 1366 373 381 1367 376 374 1368 382 331 1369 380 383 1370 375 382 1371 373 381 1372 379 384 1373 378 373 1374 375 382 1375 381 385 1376 377 372 1377 383 379 1378 379 384 1379 385 32 1380 350 387 1381 352 386 1382 385 32 1383 90 31 1384 354 351 1385 212 156 1386 390 428 1387 387 388 1388 428 390 1389 395 398 1390 392 391 1391 394 393 1392 396 400 1393 427 394 1394 211 389 1395 387 388 1396 389 396 1397 401 397 1398 398 405 1399 392 391 1400 400 399 1401 402 407 1402 396 400 1403 429 392 1404 392 391 1405 394 393 1406 430 401 1407 393 408 1408 391 402 1409 396 400 1410 393 408 1411 430 401 1412 431 403 1413 391 402 1414 395 398 1415 401 397 1416 407 411 1417 404 404 1418 406 406 1419 408 413 1420 402 407 1421 392 391 1422 398 405 1423 400 399 1424 393 408 1425 399 415 1426 397 409 1427 402 407 1428 399 415 1429 393 408 1430 391 402 1431 397 409 1432 401 397 1433 413 410 1434 410 417 1435 404 404 1436 406 406 1437 412 418 1438 414 412 1439 404 404 1440 406 406 1441 400 399 1442 405 414 1443 403 421 1444 397 409 1445 408 413 1446 405 414 1447 399 415 1448 397 409 1449 403 421 1450 407 411 1451 419 416 1452 416 423 1453 410 417 1454 412 418 1455 418 291 1456 420 419 1457 410 417 1458 412 418 1459 406 406 1460 405 414 1461 411 422 1462 409 420 1463 408 413 1464 414 412 1465 411 422 1466 409 420 1467 413 410 1468 407 411 1469 416 423 1470 418 291 1471 412 418 1472 411 422 1473 417 425 1474 415 424 1475 414 412 1476 420 419 1477 417 425 1478 415 424 1479 419 416 1480 413 410 1481 388 426 1482 386 430 1483 210 427 1484 210 427 1485 386 430 1486 390 428 1487 354 351 1488 351 350 1489 423 429 1490 350 387 1491 425 364 1492 424 360 1493 350 387 1494 354 351 1495 422 352 1496 390 428 1497 428 390 1498 429 392 1499 387 388 1500 429 392 1501 426 395 1502 430 401 1503 431 403 1504 386 430 1505 386 430 1506 431 403 1507 428 390 1508 421 363 1509 360 357 1510 358 359 1511 423 429 1512 432 431 1513 358 359 1514 351 350 1515 353 355 1516 432 431 1517 353 355 1518 434 434 1519 421 363 1520 389 396 1521 426 395 1522 427 394 1523 388 426 1524 435 433 1525 427 394 1526 352 386 1527 424 360 1528 421 363 1529 434 434 1530 437 436 1531 436 435 1532 435 433 1533 388 426 1534 436 435 1535 192 0 1536 4 24 1537 0 1 1538 10 3 1539 5 6 1540 1 4 1541 5 6 1542 193 15 1543 191 7 1544 24 8 1545 6 26 1546 194 9 1547 194 9 1548 6 26 1549 13 11 1550 12 13 1551 14 14 1552 5 6 1553 14 14 1554 199 34 1555 193 15 1556 188 16 1557 200 37 1558 15 17 1559 8 19 1560 22 50 1561 18 20 1562 190 21 1563 3 40 1564 16 22 1565 4 24 1566 10 3 1567 9 5 1568 13 11 1569 12 13 1570 10 3 1571 11 25 1572 12 13 1573 13 11 1574 264 27 1575 11 25 1576 23 28 1577 214 30 1578 213 130 1579 90 31 1580 13 11 1581 4 24 1582 192 0 1583 7 33 1584 195 36 1585 199 34 1586 264 27 1587 7 33 1588 14 14 1589 25 35 1590 202 160 1591 195 36 1592 200 37 1593 204 122 1594 81 38 1595 2 18 1596 15 17 1597 17 39 1598 3 40 1599 8 19 1600 17 39 1601 253 41 1602 32 58 1603 28 42 1604 33 44 1605 42 60 1606 40 45 1607 6 26 1608 20 51 1609 23 28 1610 25 35 1611 7 33 1612 21 29 1613 24 8 1614 2 18 1615 18 20 1616 8 19 1617 3 40 1618 19 49 1619 2 18 1620 24 8 1621 203 10 1622 190 21 1623 202 160 1624 25 35 1625 20 51 1626 255 62 1627 34 52 1628 21 29 1629 31 56 1630 35 53 1631 25 35 1632 27 47 1633 19 49 1634 24 8 1635 26 48 1636 20 51 1637 36 55 1638 35 53 1639 31 56 1640 36 55 1641 33 44 1642 30 46 1643 29 57 1644 35 53 1645 36 55 1646 32 58 1647 36 55 1648 34 52 1649 33 44 1650 31 56 1651 41 59 1652 257 54 1653 35 53 1654 29 57 1655 255 62 1656 256 43 1657 28 42 1658 254 61 1659 29 57 1660 32 58 1661 40 45 1662 42 60 1663 48 63 1664 41 59 1665 47 70 1666 48 63 1667 31 56 1668 21 29 1669 38 65 1670 20 51 1671 30 46 1672 40 45 1673 23 28 1674 39 67 1675 38 65 1676 23 28 1677 20 51 1678 37 66 1679 46 64 1680 48 63 1681 54 68 1682 47 70 1683 53 76 1684 54 68 1685 38 65 1686 44 73 1687 47 70 1688 37 66 1689 40 45 1690 46 64 1691 38 65 1692 39 67 1693 45 72 1694 37 66 1695 43 71 1696 45 72 1697 52 69 1698 54 68 1699 60 74 1700 53 76 1701 59 81 1702 60 74 1703 44 73 1704 50 79 1705 53 76 1706 46 64 1707 52 69 1708 49 77 1709 44 73 1710 45 72 1711 51 78 1712 45 72 1713 43 71 1714 49 77 1715 60 74 1716 66 82 1717 64 80 1718 59 81 1719 65 86 1720 66 82 1721 50 79 1722 56 85 1723 59 81 1724 52 69 1725 58 75 1726 55 83 1727 50 79 1728 51 78 1729 57 84 1730 49 77 1731 55 83 1732 57 84 1733 65 86 1734 230 249 1735 232 87 1736 76 89 1737 228 247 1738 230 249 1739 230 249 1740 65 86 1741 76 89 1742 59 81 1743 56 85 1744 62 90 1745 58 75 1746 64 80 1747 61 91 1748 56 85 1749 57 84 1750 63 92 1751 57 84 1752 55 83 1753 61 91 1754 64 80 1755 66 82 1756 232 87 1757 159 94 1758 72 105 1759 70 95 1760 162 97 1761 164 103 1762 67 98 1763 161 100 1764 68 104 1765 71 101 1766 164 103 1767 163 96 1768 70 95 1769 69 99 1770 72 105 1771 71 101 1772 67 98 1773 70 95 1774 72 105 1775 73 111 1776 62 90 1777 75 108 1778 62 90 1779 221 106 1780 75 108 1781 64 80 1782 227 93 1783 220 109 1784 223 107 1785 228 247 1786 76 89 1787 161 100 1788 162 97 1789 69 99 1790 75 108 1791 79 115 1792 77 110 1793 160 102 1794 71 101 1795 72 105 1796 62 90 1797 63 92 1798 224 112 1799 62 90 1800 73 111 1801 74 88 1802 77 110 1803 79 115 1804 80 113 1805 76 89 1806 74 88 1807 78 114 1808 75 108 1809 76 89 1810 80 113 1811 73 111 1812 77 110 1813 78 114 1814 16 22 1815 82 118 1816 205 116 1817 15 17 1818 81 38 1819 83 117 1820 17 39 1821 83 117 1822 82 118 1823 82 118 1824 85 121 1825 207 119 1826 81 38 1827 84 123 1828 86 120 1829 82 118 1830 83 117 1831 86 120 1832 204 122 1833 206 128 1834 84 123 1835 85 121 1836 88 127 1837 209 124 1838 86 120 1839 84 123 1840 87 125 1841 85 121 1842 86 120 1843 89 126 1844 206 128 1845 208 437 1846 87 125 1847 215 129 1848 267 244 1849 90 31 1850 218 131 1851 211 389 1852 99 132 1853 192 0 1854 189 2 1855 91 134 1856 102 136 1857 101 150 1858 92 137 1859 96 138 1860 92 137 1861 191 7 1862 116 139 1863 203 10 1864 194 9 1865 194 9 1866 198 12 1867 105 141 1868 104 142 1869 102 136 1870 96 138 1871 106 143 1872 96 138 1873 193 15 1874 107 144 1875 200 37 1876 188 16 1877 110 146 1878 114 438 1879 100 147 1880 190 21 1881 201 23 1882 108 148 1883 1 4 1884 191 7 1885 197 133 1886 95 135 1887 91 134 1888 101 150 1889 105 141 1890 95 135 1891 102 136 1892 105 141 1893 104 142 1894 103 151 1895 115 152 1896 103 151 1897 263 153 1898 92 137 1899 218 131 1900 197 133 1901 217 155 1902 210 427 1903 212 156 1904 192 0 1905 95 135 1906 105 141 1907 98 158 1908 106 143 1909 199 34 1910 106 143 1911 98 158 1912 263 153 1913 117 159 1914 98 158 1915 195 36 1916 179 161 1917 204 122 1918 200 37 1919 109 162 1920 107 144 1921 93 145 1922 94 149 1923 108 148 1924 109 162 1925 120 163 1926 124 178 1927 258 164 1928 132 166 1929 134 182 1930 125 167 1931 115 152 1932 112 170 1933 97 140 1934 117 159 1935 119 439 1936 113 154 1937 116 139 1938 118 440 1939 110 146 1940 100 147 1941 114 438 1942 111 169 1943 93 145 1944 188 16 1945 203 10 1946 117 159 1947 202 160 1948 190 21 1949 112 170 1950 122 168 1951 126 171 1952 127 173 1953 123 176 1954 113 154 1955 111 169 1956 119 439 1957 117 159 1958 112 170 1959 118 440 1960 116 139 1961 128 175 1962 125 167 1963 123 176 1964 122 168 1965 125 167 1966 128 175 1967 128 175 1968 127 173 1969 121 177 1970 126 171 1971 128 175 1972 124 178 1973 125 167 1974 134 182 1975 133 179 1976 121 177 1977 127 173 1978 262 174 1979 260 172 1980 126 171 1981 120 163 1982 124 178 1983 121 177 1984 259 180 1985 132 166 1986 138 185 1987 140 181 1988 140 181 1989 139 187 1990 133 179 1991 123 176 1992 133 179 1993 130 183 1994 112 170 1995 129 184 1996 132 166 1997 130 183 1998 131 189 1999 115 152 2000 115 152 2001 131 189 2002 129 184 2003 138 185 2004 144 190 2005 146 186 2006 146 186 2007 145 192 2008 139 187 2009 139 187 2010 136 193 2011 130 183 2012 129 184 2013 135 195 2014 138 185 2015 130 183 2016 136 193 2017 137 188 2018 137 188 2019 135 195 2020 129 184 2021 144 190 2022 150 198 2023 152 191 2024 152 191 2025 151 200 2026 145 192 2027 145 192 2028 142 201 2029 136 193 2030 141 194 2031 144 190 2032 138 185 2033 136 193 2034 142 201 2035 143 196 2036 137 188 2037 143 196 2038 141 194 2039 156 197 2040 158 199 2041 152 191 2042 158 199 2043 157 209 2044 151 200 2045 151 200 2046 148 211 2047 142 201 2048 147 202 2049 150 198 2050 144 190 2051 142 201 2052 148 211 2053 149 203 2054 149 203 2055 147 202 2056 141 194 2057 168 204 2058 170 214 2059 252 205 2060 157 209 2061 244 254 2062 174 207 2063 244 254 2064 243 228 2065 174 207 2066 151 200 2067 157 209 2068 154 210 2069 153 212 2070 156 197 2071 150 198 2072 148 211 2073 154 210 2074 155 213 2075 149 203 2076 155 213 2077 153 212 2078 170 214 2079 169 221 2080 250 215 2081 245 216 2082 244 254 2083 157 209 2084 251 217 2085 166 223 2086 167 218 2087 239 220 2088 233 229 2089 153 212 2090 169 221 2091 166 223 2092 251 217 2093 248 222 2094 165 224 2095 168 204 2096 169 221 2097 170 214 2098 167 218 2099 170 214 2100 168 204 2101 165 224 2102 236 227 2103 154 210 2104 173 225 2105 154 210 2106 171 231 2107 173 225 2108 154 210 2109 236 227 2110 239 220 2111 237 226 2112 173 225 2113 174 207 2114 233 229 2115 240 256 2116 156 197 2117 175 230 2118 177 441 2119 173 225 2120 231 232 2121 159 94 2122 163 96 2123 156 197 2124 240 256 2125 245 216 2126 172 208 2127 171 231 2128 154 210 2129 178 234 2130 177 441 2131 175 230 2132 174 207 2133 178 234 2134 176 235 2135 173 225 2136 177 441 2137 178 234 2138 176 235 2139 175 230 2140 171 231 2141 205 116 2142 180 237 2143 108 148 2144 181 236 2145 179 161 2146 107 144 2147 180 237 2148 181 236 2149 109 162 2150 207 119 2151 183 240 2152 180 237 2153 184 238 2154 182 239 2155 179 161 2156 180 237 2157 183 240 2158 184 238 2159 182 239 2160 206 128 2161 204 122 2162 209 124 2163 186 442 2164 183 240 2165 184 238 2166 187 242 2167 185 241 2168 183 240 2169 186 442 2170 187 242 2171 185 241 2172 208 437 2173 206 128 2174 212 156 2175 211 389 2176 218 131 2177 215 129 2178 197 133 2179 265 243 2180 0 1 2181 9 5 2182 213 130 2183 1 4 2184 215 129 2185 213 130 2186 91 134 2187 217 155 2188 216 157 2189 216 157 2190 218 131 2191 92 137 2192 220 109 2193 219 251 2194 225 250 2195 225 250 2196 222 246 2197 221 106 2198 219 251 2199 220 109 2200 227 93 2201 229 248 2202 228 247 2203 223 107 2204 231 232 2205 226 233 2206 227 93 2207 230 249 2208 229 248 2209 231 232 2210 61 91 2211 220 109 2212 224 112 2213 238 255 2214 234 257 2215 233 229 2216 236 227 2217 235 252 2218 238 255 2219 240 256 2220 233 229 2221 234 257 2222 237 226 2223 243 228 2224 242 253 2225 240 256 2226 241 258 2227 246 259 2228 246 259 2229 242 253 2230 244 254 2231 247 219 2232 167 218 2233 165 224 2234 225 250 2235 219 251 2236 164 103 2237 222 246 2238 161 100 2239 160 102 2240 226 233 2241 163 96 2242 164 103 2243 222 246 2244 225 250 2245 162 97 2246 231 232 2247 229 248 2248 160 102 2249 249 206 2250 252 205 2251 246 259 2252 246 259 2253 252 205 2254 250 215 2255 235 252 2256 251 217 2257 247 219 2258 250 215 2259 251 217 2260 235 252 2261 248 222 2262 249 206 2263 241 258 2264 238 255 2265 247 219 2266 248 222 2267 214 30 2268 385 32 2269 266 260 2270 269 262 2271 210 427 2272 217 155 2273 214 30 2274 196 261 2275 189 2 2276 189 2 2277 196 261 2278 217 155 2279 299 264 2280 297 270 2281 296 265 2282 275 267 2283 291 285 2284 307 268 2285 297 270 2286 292 286 2287 289 271 2288 311 269 2289 307 268 2290 306 273 2291 296 265 2292 297 270 2293 300 272 2294 301 275 2295 300 272 2296 311 269 2297 309 276 2298 308 280 2299 299 264 2300 284 277 2301 281 301 2302 278 278 2303 308 280 2304 276 306 2305 290 281 2306 289 271 2307 275 267 2308 311 269 2309 280 282 2310 282 303 2311 283 283 2312 291 285 2313 275 267 2314 289 271 2315 283 283 2316 282 303 2317 279 287 2318 273 289 2319 283 283 2320 286 288 2321 418 291 2322 285 284 2323 283 283 2324 277 292 2325 281 301 2326 284 277 2327 288 293 2328 284 277 2329 272 294 2330 284 277 2331 287 279 2332 274 296 2333 293 297 2334 277 292 2335 288 293 2336 279 287 2337 282 303 2338 305 299 2339 277 292 2340 293 297 2341 305 299 2342 293 297 2343 294 300 2344 305 299 2345 295 302 2346 305 299 2347 282 303 2348 295 302 2349 306 273 2350 309 276 2351 286 288 2352 279 287 2353 294 300 2354 294 300 2355 293 297 2356 303 298 2357 304 304 2358 303 298 2359 439 295 2360 278 278 2361 281 301 2362 305 299 2363 307 268 2364 291 285 2365 276 306 2366 298 266 2367 296 265 2368 302 305 2369 278 278 2370 309 276 2371 298 266 2372 301 275 2373 310 274 2374 280 282 2375 302 305 2376 296 265 2377 301 275 2378 310 274 2379 306 273 2380 295 302 2381 291 285 2382 292 286 2383 290 281 2384 333 307 2385 334 310 2386 336 308 2387 334 310 2388 329 326 2389 327 311 2390 344 312 2391 345 321 2392 313 313 2393 343 315 2394 344 312 2395 348 316 2396 333 307 2397 338 319 2398 337 318 2399 338 319 2400 347 317 2401 348 316 2402 346 320 2403 335 309 2404 336 308 2405 321 322 2406 324 330 2407 315 323 2408 345 321 2409 336 308 2410 327 311 2411 348 316 2412 312 348 2413 326 325 2414 334 310 2415 337 318 2416 326 325 2417 320 327 2418 319 334 2419 317 328 2420 326 325 2421 312 348 2422 328 314 2423 324 330 2424 442 341 2425 382 331 2426 320 327 2427 323 336 2428 316 333 2429 349 335 2430 271 349 2431 323 336 2432 382 331 2433 349 335 2434 320 327 2435 321 322 2436 318 324 2437 314 337 2438 438 339 2439 321 322 2440 325 338 2441 442 341 2442 324 330 2443 321 322 2444 325 338 2445 314 337 2446 330 342 2447 342 344 2448 319 334 2449 316 333 2450 314 337 2451 318 324 2452 342 344 2453 342 344 2454 331 345 2455 330 342 2456 319 334 2457 342 344 2458 332 346 2459 332 346 2460 315 323 2461 346 320 2462 323 336 2463 341 347 2464 331 345 2465 340 343 2466 330 342 2467 331 345 2468 341 347 2469 271 349 2470 441 340 2471 344 312 2472 328 314 2473 312 348 2474 339 332 2475 333 307 2476 335 309 2477 345 321 2478 344 312 2479 343 315 2480 315 323 2481 324 330 2482 335 309 2483 317 328 2484 347 317 2485 338 319 2486 339 332 2487 322 329 2488 338 319 2489 332 346 2490 343 315 2491 347 317 2492 327 311 2493 329 326 2494 328 314 2495 308 280 2496 309 276 2497 306 273 2498 287 279 2499 302 305 2500 418 291 2501 342 344 2502 318 324 2503 315 323 2504 290 281 2505 292 286 2506 297 270 2507</p>
        </triangles>
      </mesh>
    </geometry>
  </library_geometries>
  <library_controllers>
    <controller id="Biped_m_armor_naked-skin" name="Biped">
      <skin source="#Cube_004-mesh">
        <bind_shape_matrix>1 0 0 0 0 1 0 0 0 0 1 0 0 0 0 1</bind_shape_matrix>
        <source id="Biped_m_armor_naked-skin-joints">
          <Name_array id="Biped_m_armor_naked-skin-joints-array" count="48">spine chest neck knee_R hip spine1 shoulder_L arm_L forearm_L hand_L head shoulder_R arm_R forearm_R hand_R thigh_L leg_L foot_L thigh_R leg_R foot_R knee_L handIK_L handIK_R footIK_L footIK_R finger_L fingertip_L finger_R fingertip_R helmet neck_guard weapon_R projectile shield_arm shield weapon_L weapon_bow ammo cape1 cape2 cape3 sheath_01_L sheath_02_L sheath_01_R sheath_02_R quiver_L quiver_R</Name_array>
          <technique_common>
            <accessor source="#Biped_m_armor_naked-skin-joints-array" count="48" stride="1">
              <param name="JOINT" type="name"/>
            </accessor>
          </technique_common>
        </source>
        <source id="Biped_m_armor_naked-skin-bind_poses">
          <float_array id="Biped_m_armor_naked-skin-bind_poses-array" count="768">1 1.19954e-6 1.58777e-6 -3.95274e-6 -9.84602e-7 -0.3951249 0.9186275 -2.194502 1.7293e-6 -0.9186275 -0.395125 0.9092923 0 0 0 1 1 -3.92878e-7 -6.44655e-7 2.03612e-6 7.28237e-7 0.2769027 0.9608982 -2.667034 -1.99009e-7 -0.9608981 0.2769027 -0.892785 0 0 0 1 1 1.28799e-6 1.89247e-6 -7.30377e-6 -1.10575e-6 -0.4520871 0.8919739 -3.168247 2.00441e-6 -0.8919738 -0.4520873 1.729796 0 0 0 1 -1 0 0 -0.6688504 0 -1 0 -2.524968 0 0 1 -1.247289 0 0 0 1 1 4.42032e-7 0 -2.6309e-7 0 -0.1304007 0.9914615 -2.172789 4.45839e-7 -0.9914615 -0.1304007 0.3040181 0 0 0 1 1 1.4728e-6 1.2395e-6 -3.03559e-6 -1.16719e-6 -0.04812425 0.9988415 -2.55182 1.53075e-6 -0.9988414 -0.04812431 0.01599919 0 0 0 1 0.2876399 -4.7458e-6 0.9577386 -3.380862 0.9577384 0 -0.2876397 0.9444063 1.3131e-6 1 4.70889e-6 -0.06120216 0 0 0 1 0.9393754 0.00367558 0.3428702 -1.570533 0.3428727 -1.86538e-4 -0.9393817 3.047092 -0.003388822 0.9999932 -0.001435339 -0.05484539 0 0 0 1 0.878418 0.4009559 0.2600305 -1.320568 0.4107514 -0.3553435 -0.8396512 2.14959 -0.2442629 0.8443727 -0.4768334 1.459375 0 0 0 1 0.9909687 0.0285871 0.1310096 -1.178839 0.1340474 -0.1860008 -0.9733628 2.116942 -0.003457844 0.9821336 -0.1881527 0.5958486 0 0 0 1 1 2.35974e-7 0 -2.6336e-7 0 -0.1428489 0.9897446 -3.730645 2.38419e-7 -0.9897445 -0.142849 0.5656128 0 0 0 1 0.2876398 3.79316e-6 -0.9577391 3.380863 -0.9577389 0 -0.28764 0.9444074 -9.71689e-7 1 3.75343e-6 -0.06119883 0 0 0 1 0.9391125 -0.03855603 -0.3414403 1.567691 -0.3417136 -5.34387e-4 -0.9398043 3.04905 0.0360527 0.9992563 -0.01367688 8.88087e-4 0 0 0 1 0.8783334 -0.3999426 -0.2618715 1.324937 -0.4118686 -0.3550098 -0.8392454 2.147707 0.242683 0.8449935 -0.4765408 1.457392 0 0 0 1 0.9918304 -0.03364378 -0.1230486 1.160279 -0.1272019 -0.1880938 -0.9738795 2.123883 0.009620249 0.9815747 -0.1908365 0.6074687 0 0 0 1 0.9973414 0.03589755 0.0632739 -0.3706422 0.06125271 0.05490612 -0.9966109 2.291105 -0.03927159 0.997832 0.05255812 -0.09078532 0 0 0 1 0.9966382 0.0168398 0.08007162 -0.3906905 0.0766586 0.1499812 -0.9857122 1.201733 -0.02863007 0.9885311 0.1481849 -0.2128255 0 0 0 1 0.999992 -8.52536e-5 -1.19436e-5 -0.378131 -6.4574e-5 -0.9832137 -0.1823784 0.226985 3.3273e-6 0.1823803 -0.9832279 0.08903336 0 0 0 1 0.997888 -0.01850962 -0.06212407 0.3684882 -0.0610277 0.05493444 -0.9966232 2.29119 0.02188116 0.9983047 0.05368566 -0.09730756 0 0 0 1 0.9966258 -0.01666659 -0.08025914 0.3906744 -0.07687056 0.1499547 -0.9857 1.201658 0.02848488 0.9885385 0.1481665 -0.2128801 0 0 0 1 0.9999917 4.51604e-5 6.13573e-6 0.3781401 2.42538e-5 -0.9832136 -0.1823815 0.2269707 -1.77675e-6 0.1823834 -0.9832274 0.08903408 0 0 0 1 -1 0 0 0.6688504 0 -1 0 -2.524968 0 0 1 -1.247289 0 0 0 1 0.991427 0.02793836 0.1276388 -1.171504 0.1306154 -0.1861851 -0.9737939 2.120958 -0.003441751 0.9821172 -0.188238 0.5960302 0 0 0 1 0.9913951 -0.03428161 -0.1263344 1.167439 -0.130548 -0.1879006 -0.9734735 2.120001 0.009633958 0.9815897 -0.1907591 0.6073032 0 0 0 1 1 0 4.22042e-7 -0.3781533 0 -0.9832279 -0.1823813 0.2269643 4.29243e-7 0.1823813 -0.9832319 0.08903551 0 0 0 1 1 0 -4.22042e-7 0.3781533 0 -0.9832279 -0.1823813 0.2269643 -4.29243e-7 0.1823813 -0.9832319 0.08903551 0 0 0 1 0.4344652 -0.04533952 -0.8995466 1.503293 -0.900663 -0.01438403 -0.43428 1.74283 0.006750822 0.9988681 -0.04708468 0.2903414 0 0 0 1 -0.7041498 -0.06248402 -0.707297 2.034327 -0.7100499 0.06357938 0.7012746 -0.861805 0.001150965 0.9960187 -0.08913594 0.38172 0 0 0 1 0.4491273 0.04399305 0.8923845 -1.475468 0.8934656 -0.02450889 -0.4484632 1.763018 0.002142012 0.9987311 -0.05031365 0.3057335 0 0 0 1 -0.7021988 0.0705232 0.70848 -2.031075 0.7119475 0.05984836 0.6996783 -0.8572165 0.006942093 0.9957131 -0.09223401 0.3960567 0 0 0 1 1 0 -2.6412e-7 9.63864e-7 0 0.9897449 0.1428471 -0.588781 2.66857e-7 -0.1428469 0.989745 -3.626774 0 0 0 1 -1 -4.34261e-6 1.36766e-5 -4.6381e-5 1.32258e-6 -0.9769437 -0.2134972 0.7948859 1.42884e-5 -0.2134971 0.9769439 -3.319635 0 0 0 1 0.9983003 0.04592633 -0.03600734 0.922795 0.03248977 0.07518434 0.9966407 -2.113734 0.04849028 -0.9961175 0.07356524 -0.3040201 0 0 0 1 -0.9677583 -0.2135987 0.1334902 -1.12567 0.1191084 0.07889837 0.9897422 -2.016458 -0.2219462 0.9737498 -0.05091136 0.1428747 0 0 0 1 -0.06771051 0.4756762 0.8770105 -2.150466 -0.9192489 -0.3714233 0.130482 0.5644087 0.3878093 -0.7973561 0.4624142 -1.513896 0 0 0 1 0.001625061 0.9971757 -0.07508432 0.339294 -0.9960316 -0.005067169 -0.08885335 1.192893 -0.08898258 0.07493108 0.9932108 -2.079282 0 0 0 1 0.9976043 -0.05374425 0.04352819 -0.9408522 -0.03958922 0.07229077 0.9965975 -2.109638 -0.05670559 -0.9959331 0.06998938 -0.2883797 0 0 0 1 -0.9910588 0.03321492 -0.1292247 1.102803 -0.1263867 0.07670307 0.9890115 -2.008425 0.04276311 0.9965095 -0.07181853 0.4128798 0 0 0 1 -0.9924281 -0.01265847 -0.1221712 1.04787 0.1218021 0.0266726 -0.9921957 2.038832 0.01581835 -0.999564 -0.02492916 -0.3513702 0 0 0 1 1 5.83119e-7 -2.62493e-7 5.61694e-7 -3.47414e-7 0.1507793 -0.9885675 3.314852 -5.36874e-7 0.9885677 0.1507793 -0.8706198 0 0 0 1 1 0 2.16053e-7 -4.93322e-7 2.16743e-7 -0.04023563 -0.9991905 2.762927 0 0.9991905 -0.04023557 -0.3508891 0 0 0 1 1 2.37876e-7 0 -1.70545e-7 0 0.06743216 -0.997724 2.050828 -2.38419e-7 0.9977241 0.06743228 -0.5747294 0 0 0 1 0.8207212 -0.5652882 0.08286154 -0.6940043 0.4961016 0.7770559 0.3873857 -0.7892586 -0.2833725 -0.2768277 0.9181866 -2.099418 0 0 0 1 0.9288076 -0.3167572 0.1923052 -0.9264101 0.2294101 0.8990688 0.3728892 -0.8265513 -0.2910109 -0.3022255 0.9077293 -1.987977 0 0 0 1 0.8207214 0.5652879 -0.08286124 0.6940037 -0.4961014 0.7770558 0.3873855 -0.7892577 0.2833722 -0.2768279 0.9181866 -2.099418 0 0 0 1 0.9288078 0.316757 -0.1923047 0.9264094 -0.2294102 0.8990688 0.3728894 -0.8265513 0.2910105 -0.3022257 0.9077293 -1.987978 0 0 0 1 0.927992 -0.2254983 0.2966166 -1.152167 0.03269356 0.842281 0.5380465 -1.242819 -0.3711631 -0.4896053 0.7890023 -1.615907 0 0 0 1 0.9279918 0.2254983 -0.2966168 1.152167 -0.03269356 0.842281 0.5380465 -1.24282 0.3711632 -0.4896052 0.7890022 -1.615907 0 0 0 1</float_array>
          <technique_common>
            <accessor source="#Biped_m_armor_naked-skin-bind_poses-array" count="48" stride="16">
              <param name="TRANSFORM" type="float4x4"/>
            </accessor>
          </technique_common>
        </source>
        <source id="Biped_m_armor_naked-skin-weights">
          <float_array id="Biped_m_armor_naked-skin-weights-array" count="957">0.4134129 0.001426517 0.5363923 0.04876816 0.4374583 0.01171314 0.4143562 0.05360114 0.08287119 0.1970391 0.1746947 0.6282662 0.1175476 0.8761618 0.006290733 0.7782706 0.04198038 0.03365463 0.1460943 0.4712145 0.1833887 0.3453968 0.09810823 0.3551576 0.07528626 0.1452803 0.3261675 0.060386 0.8572738 0.04128056 0.04105973 0.007006168 0.008582592 0.9460694 0.03834187 0.3665275 0.02703213 0.4388322 0.07984173 0.0877664 0.5572077 0.1442596 0.2956544 0.002878308 0.1546645 0.6557123 0.07046264 0.05897778 0.06018275 0.4265913 0.3783591 0.145232 0.04981756 0.5138065 0.1260073 0.3320936 0.02809262 0.1732254 0.6971936 0.1044847 0.02509635 0.2776434 0.5418589 0.1804977 0.09013319 0.1831831 0.7095675 0.01711618 0.06969761 0.3103452 0.6199572 0.0195716 0.8719827 0.1084457 0.03392297 0.8514248 0.1146522 0.0968672 0.1746774 0.7284554 0.3548591 0.2338258 0.4113151 0.8777211 0.1222789 0.02025526 0.1396393 0.009993135 0.8301122 0.003049552 0.2457877 0.6193351 0.1318275 0.7303994 0.1714683 0.09813225 0.08532226 0.5844026 0.3302751 0.2113495 0.5057705 0.28288 0.493667 0.5063331 0.4785411 0.5214589 0.07950288 0.9204971 1 0.5136903 0.4863098 1 0.1909664 0.8090336 0.0187602 0.2092801 0.7719597 0.07886195 0.9211381 1 1 1 1 1 1 1 0.1986508 0.8013492 1 1 0.3313941 0.6686059 1 0.06351971 0.9364804 1 0.08629095 0.9137091 0.07192057 0.9280794 1 0.1149489 0.8850511 0.7984135 0.2015866 0.797523 0.202477 0.7995518 0.2004482 0.7975048 0.2024952 0.7977335 0.2022665 0.7984673 0.2015327 0.2 0.8 0.2 0.8 0.2 0.8 0.2 0.8 0.2 0.8 0.2 0.8 1 1 1 1 1 1 1 1 1 1 1 1 1 1 0.06141251 0.8714939 0.04962134 0.01747214 0.001677989 0.9130827 0.07854282 0.006696403 0.01864606 0.873196 0.09346574 0.0146923 0.01309365 0.604747 0.009389102 0.3727703 0.6174092 0.006769776 0.3758211 0.6062583 0.01559829 0.3781433 1 1 1 0.007224738 0.047275 0.9455003 0.4134129 0.001426458 0.5363924 0.04876816 0.456368 0.01221936 0.4322677 0.05591815 0.04322671 0.1970396 0.1746932 0.6282672 0.1175477 0.8761616 0.006290674 0.7782706 0.04198038 0.03365463 0.1460943 0.4712145 0.1833887 0.3453968 0.09810745 0.355156 0.07528585 0.1452814 0.3261692 0.06038594 0.8572739 0.04128056 0.04105961 0.07760071 0.08385443 0.8385449 0.007006227 0.008581459 0.9460703 0.03834211 0.3665275 0.02703213 0.4388322 0.07984173 0.0877664 0.5572075 0.1442595 0.2956544 0.002878606 0.154664 0.6557113 0.07046252 0.05897957 0.06018263 0.426591 0.378359 0.1452322 0.0498178 0.5138059 0.1260072 0.3320935 0.02809339 0.1732253 0.6971935 0.1044847 0.02509653 0.2776438 0.5418581 0.180498 0.09013319 0.183183 0.01711642 0.7095674 0.06969773 0.3103445 0.6199578 0.01957178 0.8719822 0.108446 0.03392302 0.8514248 0.1146522 0.09686738 0.1746779 0.7284547 0.3548592 0.2338258 0.411315 0.8777211 0.1222789 0.02025514 0.1396393 0.009993672 0.8301118 0.003049492 0.2457876 0.6193342 0.1318287 0.7303998 0.171468 0.09813219 0.08532249 0.584402 0.3302755 0.2113496 0.5057704 0.28288 0.493667 0.506333 0.4785412 0.5214588 0.07950317 0.9204968 1 0.5136904 0.4863096 1 0.1909666 0.8090334 0.01876032 0.2092802 0.7719595 0.07886207 0.9211379 0.9553095 0.04469048 0.9299244 0.07007563 1 0.9797371 0.02026283 0.8957177 0.1042823 0.9700883 0.02991181 0.4891078 0.5108922 0.198651 0.801349 0.840294 0.1597061 0.4942919 0.5057082 0.3313942 0.6686058 0.8160509 0.1839491 0.06351971 0.9364804 1 0.08629095 0.9137091 0.07192051 0.9280796 1 0.1149489 0.8850511 1 1 1 1 1 1 0.4883024 0.5116976 0.4500192 0.5499808 0.4903419 0.509658 0.4802999 0.5197001 0.354825 0.645175 0.4778879 0.5221121 1 1 1 1 1 1 1 1 1 1 1 1 0.2656436 0.7343564 0.2063808 0.7936192 0.1483508 0.8516492 0.09825325 0.9017468 0.1694161 0.8305839 0.1668763 0.8331237 0.169834 0.830166 0.1682193 0.8317807 0.06141269 0.8714953 0.01747059 0.04962146 0.001678049 0.913082 0.006697356 0.0785427 0.01864612 0.8731979 0.0146901 0.09346598 0.01309365 0.6047464 0.3727708 0.009389042 0.6174091 0.3758211 0.006769776 0.606258 0.3781437 0.01559823 1 1 1 0.5808125 0.3901998 0.01449382 0.01449388 0.2488159 0.6488803 0.03527784 0.03351283 0.03351312 0.7781277 0.02069503 0.1005887 0.1005886 0.8446556 5.04847e-4 0.07091027 0.04196465 0.04196459 0.7644835 0.02064388 0.09278821 0.1220843 0.4617463 0.1536306 0.3846231 0.07719516 0.7702128 0.05798113 0.02212989 0.02517449 0.02213066 0.02517586 0.03868281 0.9304078 0.03090924 1 0.2233111 1.23164e-4 0.08436286 0.01729947 0.3374517 0.3374517 0.5301261 0.1097896 0.01519346 0.3448908 0.07411986 0.8647013 0.06117886 0.2625873 0.7374128 0.447421 0.2229575 0.1648108 0.1648107 1.37128e-4 0.9314404 0.02920025 0.005011141 0.02919995 0.005011022 0.8152421 0.06301128 0.06087321 0.06087344 0.0647841 0.9150901 0.02012586 0.04848265 0.8862667 0.0323438 5.6317e-4 0.0323438 0.005004167 0.6186943 0.3763015 0.6243019 0.3756982 1 0.003928542 0.9960715 0.001653432 0.4991732 0.4991732 0.0558592 0.04417812 0.01639902 0.8835636 0.007224619 0.04727494 0.9455003 0.1344275 0.4252691 0.01503425 0.4252691 0.113067 0.4431821 5.68828e-4 0.4431821 0.2206386 0.2479749 0.02028328 0.4959501 0.01515305 0.1344274 0.4252691 0.01503425 0.4252691 0.113067 0.4431821 5.68814e-4 0.4431821 0.2206385 0.2479749 0.02028328 0.01515322 0.4959499 1 0.02211022 0.9778898 0.02132177 0.9786782 1 1 0.02122646 0.9787735 1 1 0.02164614 0.9783539 1 1 0.02138108 0.9786189 1 0.02106761 0.9789323 0.1341459 0.8658541 0.06144887 0.9385511 1 0.06656038 0.9334396 0.04855793 0.9514421 1 0.07703053 0.9229694 0.1128415 0.8871585 0.0415275 0.9584724 1 0.03630924 0.9636908 0.04585921 0.9541408 0.07303798 0.926962 1 1 0.03169834 0.9683017 0.02120405 0.978796 1 1 1 0.8777211 0.1222789 0.03392297 0.8514248 0.1146522 0.08532226 0.5844026 0.3302751 0.0195716 0.8719827 0.1084457 0.2113495 0.5057705 0.28288 0.8777211 0.1222789 0.03392302 0.8514248 0.1146522 0.08532249 0.584402 0.3302755 0.01957178 0.8719822 0.108446 0.2113496 0.5057704 0.28288 0.09277987 0.7880171 0.05130749 0.04721689 0.02067863 0.09277999 0.7880175 0.05130749 0.04721635 0.02067863 0.07760071 0.08385437 0.8385448 0.5 0.5 0.05679059 0.04491472 0.8982946 0.0393635 0.1904218 0.3851072 0.3851072 0.5 0.5 0.3298299 0.3298299 0.005255043 0.3298299 0.005254983 1 0.9939426 0.0060575 1 0.9384436 0.06155651 1 1 0.4691257 0.5308743 1 0.476497 0.523503 0.02554357 0.9744564 0.06483519 0.9351648 0.1551304 0.8448696 0.8635128 0.1364872 0.08910244 0.9108976 0.117316 0.882684 0.914986 0.08501398 0.08768004 0.91232 0.8548356 0.1451644 1 1 1 1 0.4715816 0.5284185 0.4740387 0.5259613 0.01706838 0.9829316 0.07045048 0.9295495 0.03471922 0.9652808 0.05799371 0.9420063 0.02877062 0.9712293 0.03772264 0.9622773 0.07680314 0.9231969 0.1072386 0.8927614 0.8748815 0.1251184 0.8949316 0.1050684 0.124992 0.8750081 0.01109802 0.9889019 0.00541538 0.9945846 1 1 0.01662212 0.9833779 0.008117139 0.9918829 1 1 0.4691257 0.5308743 1 0.476497 0.523503 0.02554357 0.9744564 0.06483519 0.9351648 0.1551304 0.8448696 0.8635128 0.1364872 0.08910244 0.9108976 0.117316 0.882684 0.914986 0.08501398 0.08768004 0.91232 0.8548356 0.1451644 1 1 1 1 0.4715816 0.5284185 0.4740387 0.5259613 0.01706838 0.9829316 0.07045048 0.9295495 0.03471922 0.9652808 0.05799371 0.9420063 0.02877062 0.9712293 0.03772264 0.9622773 0.07680314 0.9231969 0.1072386 0.8927614 0.8748815 0.1251184 0.8949316 0.1050684 0.124992 0.8750081 0.01109802 0.9889019 0.00541538 0.9945846 1 1 0.01662212 0.9833779 0.008117139 0.9918829 1 0.1719274 0.8280726 1 0.208405 0.791595 0.008328855 0.9916712 0.001731216 0.9982687 0.9346998 0.06530016 1 0.935952 0.06404799 1 1 1 0.7332533 0.2667467 0.8457552 0.1542448 0.7518084 0.2481916 0.8985307 0.1014693 0.835431 0.164569 0.8461078 0.1538922 0.2757021 0.7242979 0.07520222 0.9247978 0.2641686 0.7358314 1 0.171066 0.828934 0.1547093 0.8452907 0.03326117 0.9667388 1 0.023961 0.9760391 1 1 1 1 0.9384436 0.06155639 1 0.9399298 0.06007015 0.9939427 0.006057322 1 0.001653373 0.4991733 0.4991733 0.1719274 0.8280726 1 0.208405 0.791595 1 0.001731216 0.9982687 0.9346998 0.06530016 1 0.9359521 0.06404793 1 1 1 0.7332533 0.2667468 0.8457552 0.1542448 0.7518084 0.2481916 0.8985308 0.1014692 0.8354309 0.1645691 0.8461078 0.1538922 0.2757019 0.7242981 0.07520222 0.9247978 0.2641683 0.7358317 1 0.1710659 0.8289341 0.1547092 0.8452908 0.03326094 0.9667391 1 0.02396064 0.9760394 1 1 1 1 0.9384435 0.06155645 1 0.9399299 0.06007021 0.9939425 0.006057441 1 0.003124833 0.9968752 1 1 0.03023874 0.9398136 0.02994757 0.9684538 0.03154623 1 0.00312525 0.9968748 1 1 0.03023952 0.9398129 0.02994751 0.9684538 0.03154623 1 0.03936612 0.1903696 0.3851321 0.3851321 0.00643754 0.9935625 0.00643754 0.9935625 0.3298299 0.3298299 0.005255043 0.3298299 0.005254983 0.00156486 0.4992176 0.4992176 0.9939426 0.006057322 1 1 1 0.9384436 0.06155651</float_array>
          <technique_common>
            <accessor source="#Biped_m_armor_naked-skin-weights-array" count="957" stride="1">
              <param name="WEIGHT" type="float"/>
            </accessor>
          </technique_common>
        </source>
        <joints>
          <input semantic="JOINT" source="#Biped_m_armor_naked-skin-joints"/>
          <input semantic="INV_BIND_MATRIX" source="#Biped_m_armor_naked-skin-bind_poses"/>
        </joints>
        <vertex_weights count="443">
          <input semantic="JOINT" source="#Biped_m_armor_naked-skin-joints" offset="0"/>
          <input semantic="WEIGHT" source="#Biped_m_armor_naked-skin-weights" offset="1"/>
          <vcount>4 5 3 3 4 3 5 4 4 5 4 5 4 4 4 3 4 3 3 3 3 3 2 4 4 3 3 3 2 2 2 1 2 1 2 3 2 1 1 1 1 1 1 1 2 1 1 2 1 2 1 2 2 1 2 2 2 2 2 2 2 2 2 2 2 2 2 1 1 1 1 1 1 1 1 1 1 1 1 1 1 4 4 4 4 3 3 1 1 1 3 4 5 3 3 4 3 5 4 3 4 5 4 5 4 4 4 3 4 3 3 3 3 3 2 4 4 3 3 3 2 2 2 1 2 1 2 3 2 2 2 1 2 2 2 2 2 2 2 2 2 2 1 2 2 1 2 1 1 1 1 1 1 2 2 2 2 2 2 1 1 1 1 1 1 1 1 1 1 1 1 2 2 2 2 2 2 2 2 4 4 4 4 3 3 1 1 1 4 5 4 5 4 3 7 3 1 6 4 3 2 4 6 4 3 5 3 2 1 2 3 4 3 4 4 5 4 4 5 1 2 2 1 1 2 1 1 2 1 1 2 1 2 2 2 1 2 2 1 2 2 2 1 2 2 2 1 1 2 2 1 1 1 2 3 3 3 3 2 3 3 3 3 5 5 3 2 3 4 2 5 1 2 1 2 1 1 2 1 2 2 2 2 2 2 2 2 2 2 1 1 1 1 2 2 2 2 2 2 2 2 2 2 2 2 2 2 2 1 1 2 2 1 1 2 1 2 2 2 2 2 2 2 2 2 2 1 1 1 1 2 2 2 2 2 2 2 2 2 2 2 2 2 2 2 1 1 2 2 1 2 1 2 2 2 2 1 2 1 1 1 2 2 2 2 2 2 2 2 2 1 2 2 2 1 2 1 1 1 1 2 1 2 2 1 3 2 1 2 1 2 2 1 2 1 1 1 2 2 2 2 2 2 2 2 2 1 2 2 2 1 2 1 1 1 1 2 1 2 2 1 2 1 1 3 2 1 2 1 1 3 2 1 4 2 2 5 3 2 1 1 1 2 </vcount>
          <v>0 0 1 1 4 2 5 3 0 4 1 5 4 6 5 7 15 8 1 9 2 10 6 11 1 12 6 13 7 14 0 15 1 16 4 17 5 18 0 19 1 20 5 21 0 22 1 23 5 24 6 25 7 26 0 27 1 28 5 29 6 30 1 31 2 32 6 33 7 34 0 35 1 36 4 37 5 38 15 39 0 40 1 41 5 42 7 43 0 44 1 45 5 46 6 47 7 48 0 49 1 50 5 51 7 52 0 53 1 54 5 55 7 56 0 57 1 58 5 59 7 60 1 61 2 62 6 63 1 64 2 65 6 66 11 67 1 68 2 69 6 70 1 71 6 72 7 73 1 74 6 75 7 76 1 77 6 78 7 79 1 80 6 81 7 82 6 83 7 84 0 85 1 86 6 87 7 88 0 89 1 90 6 91 7 92 1 93 6 94 7 95 1 96 6 97 7 98 1 99 6 100 7 101 6 102 7 103 6 104 7 105 6 106 7 107 7 108 6 109 7 110 7 111 6 112 7 113 1 114 6 115 7 116 6 117 7 118 7 119 7 120 7 121 7 122 7 123 7 124 7 125 7 126 8 127 7 128 7 129 7 130 8 131 7 132 7 133 8 134 8 135 7 136 8 137 7 138 8 139 8 140 7 141 8 142 8 143 9 144 8 145 9 146 8 147 9 148 8 149 9 150 8 151 9 152 8 153 9 154 8 155 9 156 8 157 9 158 8 159 9 160 8 161 9 162 8 163 9 164 8 165 9 166 27 167 27 168 27 169 27 170 27 171 27 172 9 173 9 174 9 175 9 176 9 177 9 178 9 179 9 180 1 181 2 182 6 183 10 184 1 185 2 186 6 187 10 188 1 189 2 190 6 191 10 192 1 193 2 194 6 195 10 196 2 197 6 198 10 199 2 200 6 201 10 202 10 203 10 204 10 205 0 206 4 207 15 208 0 209 1 210 4 211 5 212 0 213 1 214 4 215 5 216 18 217 1 218 2 219 11 220 1 221 11 222 12 223 0 224 1 225 4 226 5 227 0 228 1 229 5 230 0 231 1 232 5 233 11 234 12 235 0 236 1 237 5 238 11 239 0 240 4 241 18 242 1 243 2 244 11 245 12 246 0 247 1 248 4 249 5 250 18 251 0 252 1 253 5 254 12 255 0 256 1 257 5 258 11 259 12 260 0 261 1 262 5 263 12 264 0 265 1 266 5 267 12 268 0 269 1 270 5 271 12 272 1 273 2 274 11 275 1 276 2 277 6 278 11 279 1 280 2 281 11 282 1 283 11 284 12 285 1 286 11 287 12 288 1 289 11 290 12 291 1 292 11 293 12 294 11 295 12 296 0 297 1 298 11 299 12 300 0 301 1 302 11 303 12 304 1 305 11 306 12 307 1 308 11 309 12 310 1 311 11 312 12 313 11 314 12 315 11 316 12 317 11 318 12 319 12 320 11 321 12 322 12 323 11 324 12 325 1 326 11 327 12 328 11 329 12 330 12 331 13 332 12 333 13 334 12 335 12 336 13 337 12 338 13 339 12 340 13 341 12 342 13 343 12 344 13 345 12 346 13 347 12 348 13 349 12 350 13 351 12 352 13 353 12 354 13 355 13 356 12 357 13 358 12 359 13 360 13 361 12 362 13 363 13 364 13 365 13 366 13 367 13 368 13 369 13 370 14 371 13 372 14 373 13 374 14 375 13 376 14 377 13 378 14 379 13 380 14 381 26 382 26 383 26 384 26 385 26 386 26 387 29 388 29 389 29 390 29 391 29 392 29 393 13 394 14 395 13 396 14 397 13 398 14 399 13 400 14 401 13 402 14 403 13 404 14 405 13 406 14 407 13 408 14 409 1 410 2 411 10 412 11 413 1 414 2 415 10 416 11 417 1 418 2 419 10 420 11 421 1 422 2 423 10 424 11 425 2 426 10 427 11 428 2 429 10 430 11 431 10 432 10 433 10 434 1 435 2 436 6 437 11 438 0 439 4 440 5 441 15 442 18 443 1 444 2 445 6 446 11 447 0 448 1 449 5 450 15 451 18 452 0 453 1 454 4 455 5 456 0 457 1 458 5 459 0 460 1 461 5 462 6 463 7 464 11 465 12 466 0 467 1 468 5 469 4 470 0 471 1 472 4 473 5 474 15 475 18 476 0 477 1 478 4 479 5 480 0 481 1 482 5 483 1 484 2 485 1 486 2 487 6 488 11 489 0 490 1 491 6 492 7 493 11 494 12 495 1 496 2 497 6 498 11 499 1 500 2 501 10 502 1 503 2 504 6 505 10 506 11 507 1 508 2 509 10 510 2 511 10 512 10 513 2 514 10 515 0 516 4 517 18 518 0 519 4 520 15 521 18 522 0 523 4 524 18 525 0 526 4 527 5 528 15 529 0 530 4 531 5 532 15 533 0 534 4 535 5 536 15 537 18 538 0 539 4 540 5 541 18 542 0 543 4 544 5 545 18 546 0 547 4 548 5 549 15 550 18 551 26 552 8 553 9 554 8 555 9 556 26 557 9 558 8 559 9 560 26 561 26 562 8 563 9 564 9 565 26 566 8 567 9 568 26 569 8 570 9 571 13 572 14 573 13 574 28 575 28 576 13 577 14 578 13 579 14 580 28 581 13 582 14 583 13 584 14 585 13 586 28 587 28 588 13 589 14 590 13 591 14 592 13 593 14 594 28 595 28 596 13 597 28 598 13 599 28 600 28 601 28 602 28 603 6 604 7 605 1 606 6 607 7 608 1 609 6 610 7 611 1 612 6 613 7 614 1 615 6 616 7 617 11 618 12 619 1 620 11 621 12 622 1 623 11 624 12 625 1 626 11 627 12 628 1 629 11 630 12 631 0 632 1 633 5 634 11 635 12 636 0 637 1 638 5 639 6 640 7 641 0 642 4 643 15 644 4 645 15 646 0 647 4 648 15 649 0 650 4 651 15 652 18 653 4 654 18 655 4 656 15 657 16 658 18 659 19 660 16 661 19 662 20 663 19 664 19 665 20 666 20 667 20 668 19 669 20 670 20 671 19 672 20 673 19 674 20 675 19 676 20 677 19 678 20 679 19 680 20 681 19 682 20 683 19 684 20 685 19 686 20 687 19 688 20 689 19 690 20 691 20 692 20 693 20 694 20 695 19 696 20 697 19 698 20 699 19 700 20 701 19 702 20 703 19 704 20 705 19 706 20 707 19 708 20 709 19 710 20 711 19 712 20 713 19 714 20 715 19 716 20 717 19 718 20 719 19 720 20 721 19 722 20 723 19 724 20 725 20 726 20 727 19 728 20 729 19 730 20 731 17 732 17 733 16 734 17 735 17 736 16 737 17 738 16 739 17 740 16 741 17 742 16 743 17 744 16 745 17 746 16 747 17 748 16 749 17 750 16 751 17 752 16 753 17 754 16 755 17 756 17 757 17 758 17 759 17 760 16 761 17 762 16 763 17 764 16 765 17 766 16 767 17 768 16 769 17 770 16 771 17 772 16 773 17 774 16 775 17 776 16 777 17 778 16 779 17 780 16 781 17 782 16 783 17 784 16 785 17 786 16 787 17 788 16 789 17 790 17 791 17 792 16 793 17 794 16 795 17 796 16 797 4 798 15 799 15 800 4 801 15 802 4 803 15 804 4 805 15 806 15 807 16 808 15 809 15 810 16 811 15 812 15 813 15 814 15 815 16 816 15 817 16 818 15 819 16 820 15 821 16 822 15 823 16 824 15 825 16 826 15 827 16 828 15 829 16 830 15 831 16 832 16 833 15 834 16 835 15 836 16 837 15 838 16 839 16 840 15 841 16 842 16 843 16 844 16 845 16 846 16 847 17 848 16 849 16 850 17 851 16 852 17 853 16 854 0 855 4 856 15 857 4 858 18 859 18 860 4 861 18 862 18 863 4 864 18 865 18 866 19 867 18 868 18 869 19 870 18 871 18 872 18 873 18 874 19 875 18 876 19 877 18 878 19 879 18 880 19 881 18 882 19 883 18 884 19 885 18 886 19 887 18 888 19 889 18 890 19 891 19 892 18 893 19 894 18 895 19 896 18 897 19 898 19 899 18 900 19 901 19 902 19 903 19 904 19 905 19 906 20 907 19 908 19 909 20 910 19 911 20 912 19 913 4 914 15 915 15 916 15 917 4 918 15 919 16 920 15 921 16 922 18 923 4 924 18 925 18 926 18 927 4 928 18 929 19 930 18 931 19 932 15 933 0 934 4 935 15 936 18 937 4 938 15 939 4 940 18 941 4 942 15 943 16 944 18 945 19 946 4 947 15 948 18 949 16 950 17 951 19 952 19 953 16 954 16 955 17 956</v>
        </vertex_weights>
      </skin>
    </controller>
  </library_controllers>
  <library_visual_scenes>
    <visual_scene id="Scene" name="Scene">
      <node id="Biped" name="Biped" type="NODE">
        <matrix sid="transform">1 0 0 0 0 1 0 0 0 0 1 0 0 0 0 1</matrix>
        <node id="Biped_hip" name="hip" sid="hip" type="JOINT">
          <matrix sid="transform">1 0 4.45839e-7 1.27547e-7 4.42032e-7 -0.1304008 -0.9914613 0.0180889 5.81377e-8 0.9914613 -0.1304007 2.193881 0 0 0 1</matrix>
          <node id="Biped_spine" name="spine" sid="spine" type="JOINT">
            <matrix sid="transform">1 -1.10585e-6 1.30027e-6 8.05354e-8 1.41779e-6 0.9623082 -0.2719614 0.1862907 -9.50509e-7 0.2719614 0.9623082 0.02581863 0 0 0 1</matrix>
            <node id="Biped_spine1" name="spine1" sid="spine1" type="JOINT">
              <matrix sid="transform">1 3.61019e-7 2.56184e-7 8.52651e-14 -4.27904e-7 0.9365782 0.3504588 0.18987 -1.13414e-7 -0.3504588 0.9365782 -7.45058e-9 0 0 0 1</matrix>
              <node id="Biped_chest" name="chest" sid="chest" type="JOINT">
                <matrix sid="transform">1 2.32709e-6 -1.271e-6 -2.27374e-13 -1.79219e-6 0.9464588 0.3228244 0.2606301 1.95419e-6 -0.3228244 0.9464589 0 0 0 0 1</matrix>
                <node id="Biped_shoulder_L" name="shoulder_L" sid="shoulder_L" type="JOINT">
                  <matrix sid="transform">0.2876391 0.9577391 9.23872e-7 0.06797552 0.9202882 -0.276392 0.2769071 0.7223074 0.265205 -0.07964856 -0.9608968 0.02024824 0 0 0 1</matrix>
                  <node id="Biped_arm_L" name="arm_L" sid="arm_L" type="JOINT">
                    <matrix sid="transform">0.5985817 -0.8010582 -0.002354352 -2.23517e-8 0.8010533 0.5985864 -0.002832682 0.3783839 0.003678426 -1.9037e-4 0.9999933 3.72529e-9 0 0 0 1</matrix>
                    <node id="Biped_forearm_L" name="forearm_L" sid="forearm_L" type="JOINT">
                      <matrix sid="transform">0.9157951 0.09665272 -0.3898431 0 0.05684349 0.9296549 0.36402 0.5925392 0.3976031 -0.3555278 0.8458794 0 0 0 0 1</matrix>
                      <node id="Biped_hand_L" name="hand_L" sid="hand_L" type="JOINT">
                        <matrix sid="transform">0.9160138 -0.209932 0.3418294 5.96046e-8 0.2868816 0.9384395 -0.1924323 0.615816 -0.2803885 0.2743352 0.9198492 1.19209e-7 0 0 0 1</matrix>
                        <node id="Biped_finger_L" name="finger_L" sid="finger_L" type="JOINT">
                          <matrix sid="transform">0.3113966 -0.9498352 0.02907615 0 0.9422573 0.3046554 -0.1390545 0.2098636 0.1232207 0.07069831 0.9898578 4.47035e-8 0 0 0 1</matrix>
                          <node id="Biped_fingertip_L" name="fingertip_L" sid="fingertip_L" type="JOINT">
                            <matrix sid="transform">0.3331504 -0.9422044 0.03552324 1.19209e-7 0.9422654 0.3340524 0.02334658 0.1049311 -0.03386387 0.0256944 0.9990962 2.98023e-8 0 0 0 1</matrix>
                            <extra>
                              <technique profile="blender">
                                <connect sid="connect" type="bool">1</connect>
                                <roll sid="roll" type="float">2.412628</roll>
                                <tip_x sid="tip_x" type="float">-0.0745064</tip_x>
                                <tip_y sid="tip_y" type="float">0.006671428</tip_y>
                                <tip_z sid="tip_z" type="float">0.07358551</tip_z>
                              </technique>
                            </extra>
                          </node>
                          <node id="Biped_prop_glove_finger_L" name="prop_glove_finger_L" sid="prop_glove_finger_L" type="JOINT">
                            <matrix sid="transform">0.06020225 0.02864 0.9977752 0.005854666 -0.001729626 -0.9995837 0.02879632 0.01412231 0.9981848 -0.003459377 -0.06012768 0.03082278 0 0 0 1</matrix>
                            <extra>
                              <technique profile="blender">
                                <roll sid="roll" type="float">2.614848</roll>
                                <tip_x sid="tip_x" type="float">0.09692126</tip_x>
                                <tip_y sid="tip_y" type="float">0.001021981</tip_y>
                                <tip_z sid="tip_z" type="float">0.04337882</tip_z>
                              </technique>
                            </extra>
                          </node>
                          <extra>
                            <technique profile="blender">
                              <connect sid="connect" type="bool">1</connect>
                              <roll sid="roll" type="float">1.166868</roll>
                            </technique>
                          </extra>
                        </node>
                        <node id="Biped_shield" name="shield" sid="shield" type="JOINT">
                          <matrix sid="transform">0.02028002 -0.998822 0.04408292 0.09742814 -0.1121731 -0.04608673 -0.9926193 0.1460419 0.9934819 0.01518547 -0.1129756 0.005743355 0 0 0 1</matrix>
                          <node id="Biped_prop-shield" name="prop-shield" sid="prop-shield" type="JOINT">
                            <matrix sid="transform">1 -2.43075e-7 2.77907e-6 2.98023e-8 2.4261e-7 1 -2.6077e-7 -2.98023e-7 -2.77907e-6 2.5332e-7 1 -6.10948e-7 0 0 0 1</matrix>
                            <extra>
                              <technique profile="blender">
                                <roll sid="roll" type="float">-0.01396644</roll>
                                <tip_x sid="tip_x" type="float">-0.1115778</tip_x>
                                <tip_y sid="tip_y" type="float">-5.6766e-4</tip_y>
                                <tip_z sid="tip_z" type="float">-0.009953498</tip_z>
                              </technique>
                            </extra>
                          </node>
                          <extra>
                            <technique profile="blender">
                              <roll sid="roll" type="float">-0.01396924</roll>
                              <tip_x sid="tip_x" type="float">-0.2090299</tip_x>
                              <tip_y sid="tip_y" type="float">-0.001063406</tip_y>
                              <tip_z sid="tip_z" type="float">-0.01864695</tip_z>
                            </technique>
                          </extra>
                        </node>
                        <node id="Biped_weapon_bow" name="weapon_bow" sid="weapon_bow" type="JOINT">
                          <matrix sid="transform">-0.9980885 0.006517075 0.06145323 -0.09042805 -0.01324488 -0.9938749 -0.1097106 0.1807224 0.06036342 -0.1103167 0.9920531 -0.101882 0 0 0 1</matrix>
                          <node id="Biped_prop-weapon_bow" name="prop-weapon_bow" sid="prop-weapon_bow" type="JOINT">
                            <matrix sid="transform">1 -2.38419e-7 -3.01749e-7 5.96046e-8 2.68221e-7 1 4.39584e-7 3.27826e-7 3.0268e-7 -4.54485e-7 0.9999999 2.98023e-8 0 0 0 1</matrix>
                            <extra>
                              <technique profile="blender">
                                <roll sid="roll" type="float">2.981171</roll>
                                <tip_x sid="tip_x" type="float">-0.01439148</tip_x>
                                <tip_y sid="tip_y" type="float">0.008733868</tip_y>
                                <tip_z sid="tip_z" type="float">0.1126172</tip_z>
                              </technique>
                            </extra>
                          </node>
                          <extra>
                            <technique profile="blender">
                              <roll sid="roll" type="float">2.981171</roll>
                              <tip_x sid="tip_x" type="float">-0.02652388</tip_x>
                              <tip_y sid="tip_y" type="float">0.01609683</tip_y>
                              <tip_z sid="tip_z" type="float">0.2075562</tip_z>
                            </technique>
                          </extra>
                        </node>
                        <node id="Biped_ammo" name="ammo" sid="ammo" type="JOINT">
                          <matrix sid="transform">-0.999833 -0.008522294 -0.01616513 -0.119449 -0.01176132 0.9771329 0.2123049 0.2116541 0.01398615 0.2124597 -0.9770699 -0.1952899 0 0 0 1</matrix>
                          <node id="Biped_prop-ammo" name="prop-ammo" sid="prop-ammo" type="JOINT">
                            <matrix sid="transform">1 -3.57628e-7 -6.72182e-7 4.17233e-7 3.42727e-7 0.9999999 -1.45286e-7 2.01166e-7 6.72648e-7 1.47149e-7 0.9999999 0 0 0 0 1</matrix>
                            <extra>
                              <technique profile="blender">
                                <roll sid="roll" type="float">3.006779</roll>
                                <tip_x sid="tip_x" type="float">0.01291775</tip_x>
                                <tip_y sid="tip_y" type="float">0.002828776</tip_y>
                                <tip_z sid="tip_z" type="float">-0.1052269</tip_z>
                              </technique>
                            </extra>
                          </node>
                          <extra>
                            <technique profile="blender">
                              <roll sid="roll" type="float">3.00678</roll>
                              <tip_x sid="tip_x" type="float">0.0255618</tip_x>
                              <tip_y sid="tip_y" type="float">0.005597651</tip_y>
                              <tip_z sid="tip_z" type="float">-0.208225</tip_z>
                            </technique>
                          </extra>
                        </node>
                        <node id="Biped_weapon_L" name="weapon_L" sid="weapon_L" type="JOINT">
                          <matrix sid="transform">0.9927635 0.09339821 -0.07549769 -0.06953132 0.1013545 -0.988804 0.1095175 0.1578654 -0.06442125 -0.116377 -0.9911151 0.003906727 0 0 0 1</matrix>
                          <node id="Biped_prop-weapon_L" name="prop-weapon_L" sid="prop-weapon_L" type="JOINT">
                            <matrix sid="transform">1 -1.04308e-7 3.0268e-9 -1.19209e-7 9.68575e-8 0.9999999 -5.21541e-8 -5.96046e-8 -2.79397e-9 4.47035e-8 0.9999999 1.49012e-8 0 0 0 1</matrix>
                            <extra>
                              <technique profile="blender">
                                <roll sid="roll" type="float">-0.09361559</roll>
                                <tip_x sid="tip_x" type="float">-0.004417657</tip_x>
                                <tip_y sid="tip_y" type="float">0.008066534</tip_y>
                                <tip_z sid="tip_z" type="float">0.1112058</tip_z>
                              </technique>
                            </extra>
                          </node>
                          <extra>
                            <technique profile="blender">
                              <roll sid="roll" type="float">-0.09361547</roll>
                              <tip_x sid="tip_x" type="float">-0.00830841</tip_x>
                              <tip_y sid="tip_y" type="float">0.01517099</tip_y>
                              <tip_z sid="tip_z" type="float">0.2091481</tip_z>
                            </technique>
                          </extra>
                        </node>
                        <node id="Biped_prop_glove_hand_L" name="prop_glove_hand_L" sid="prop_glove_hand_L" type="JOINT">
                          <matrix sid="transform">-0.03481216 0.4233732 0.9052864 0.001941204 -0.01425834 -0.9059539 0.4231368 0.09790301 0.9992943 0.001821578 0.03757474 0.005178392 0 0 0 1</matrix>
                          <extra>
                            <technique profile="blender">
                              <roll sid="roll" type="float">1.86264</roll>
                              <tip_x sid="tip_x" type="float">0.06185138</tip_x>
                              <tip_y sid="tip_y" type="float">0.03784501</tip_y>
                              <tip_z sid="tip_z" type="float">0.1944007</tip_z>
                            </technique>
                          </extra>
                        </node>
                        <extra>
                          <technique profile="blender">
                            <connect sid="connect" type="bool">1</connect>
                            <roll sid="roll" type="float">-0.1659543</roll>
                          </technique>
                        </extra>
                      </node>
                      <node id="Biped_prop_glove_wrist_L" name="prop_glove_wrist_L" sid="prop_glove_wrist_L" type="JOINT">
                        <matrix sid="transform">0.9181917 -0.210588 0.3355247 -1.78814e-7 0.2857079 0.938749 -0.1926694 0.6158157 -0.2743995 0.2727695 0.9221181 1.19209e-7 0 0 0 1</matrix>
                        <extra>
                          <technique profile="blender">
                            <roll sid="roll" type="float">-0.172406</roll>
                            <tip_x sid="tip_x" type="float">0.02811759</tip_x>
                            <tip_y sid="tip_y" type="float">-0.0393902</tip_y>
                            <tip_z sid="tip_z" type="float">-0.2042059</tip_z>
                          </technique>
                        </extra>
                      </node>
                      <node id="Biped_shield_arm" name="shield_arm" sid="shield_arm" type="JOINT">
                        <matrix sid="transform">0.3592962 -0.9224803 0.1411959 0.186498 -0.9332235 -0.3551597 0.054362 0.4254778 -8.34465e-7 -0.1512994 -0.9884879 0.0483001 0 0 0 1</matrix>
                        <node id="Biped_prop-shield_arm" name="prop-shield_arm" sid="prop-shield_arm" type="JOINT">
                          <matrix sid="transform">0.9999999 3.72529e-8 -2.98023e-7 -5.7742e-7 -5.96046e-8 1 -3.72529e-7 2.98023e-7 2.68221e-7 3.39001e-7 1 -1.49012e-7 0 0 0 1</matrix>
                          <extra>
                            <technique profile="blender">
                              <roll sid="roll" type="float">-0.8919026</roll>
                              <tip_x sid="tip_x" type="float">-0.3255901</tip_x>
                              <tip_y sid="tip_y" type="float">-0.131555</tip_y>
                              <tip_z sid="tip_z" type="float">0.04621577</tip_z>
                            </technique>
                          </extra>
                        </node>
                        <extra>
                          <technique profile="blender">
                            <roll sid="roll" type="float">-0.8919027</roll>
                            <tip_x sid="tip_x" type="float">-0.566088</tip_x>
                            <tip_y sid="tip_y" type="float">-0.2287282</tip_y>
                            <tip_z sid="tip_z" type="float">0.08035302</tip_z>
                          </technique>
                        </extra>
                      </node>
                      <node id="Biped_prop_brace_L" name="prop_brace_L" sid="prop_brace_L" type="JOINT">
                        <matrix sid="transform">0.8805111 0.3949443 0.2621435 -0.03081042 0.4096321 -0.3556683 -0.8400605 0.3028051 -0.2385409 0.8470649 -0.4749515 -0.05929142 0 0 0 1</matrix>
                        <extra>
                          <technique profile="blender">
                            <roll sid="roll" type="float">0.0012362</roll>
                            <tip_x sid="tip_x" type="float">-0.001397907</tip_x>
                            <tip_y sid="tip_y" type="float">0.2302293</tip_y>
                            <tip_z sid="tip_z" type="float">-5.92709e-4</tip_z>
                          </technique>
                        </extra>
                      </node>
                      <extra>
                        <technique profile="blender">
                          <connect sid="connect" type="bool">1</connect>
                          <roll sid="roll" type="float">-0.8982964</roll>
                        </technique>
                      </extra>
                    </node>
                    <node id="Biped_prop_couter_L" name="prop_couter_L" sid="prop_couter_L" type="JOINT">
                      <matrix sid="transform">0.004193528 -0.9393733 0.3428709 0.1207138 -9.65637e-7 -0.3428739 -0.9393814 0.6310942 0.9999913 0.003939036 -0.001438776 0.005679771 0 0 0 1</matrix>
                      <extra>
                        <technique profile="blender">
                          <roll sid="roll" type="float">-2.2893e-6</roll>
                          <tip_x sid="tip_x" type="float">-0.2302064</tip_x>
                          <tip_y sid="tip_y" type="float">1.26652e-4</tip_y>
                          <tip_z sid="tip_z" type="float">2.38419e-7</tip_z>
                        </technique>
                      </extra>
                    </node>
                    <node id="Biped_prop-armpad_L" name="prop-armpad_L" sid="prop-armpad_L" type="JOINT">
                      <matrix sid="transform">0.9996554 -0.02600296 -0.003580958 -7.98702e-5 -0.001142085 0.09320732 -0.9956461 0.08836076 0.02622352 0.9953073 0.0931455 1.70283e-5 0 0 0 1</matrix>
                      <extra>
                        <technique profile="blender">
                          <roll sid="roll" type="float">-0.3525098</roll>
                          <tip_x sid="tip_x" type="float">0.001663506</tip_x>
                          <tip_y sid="tip_y" type="float">0.3980758</tip_y>
                          <tip_z sid="tip_z" type="float">-0.03916072</tip_z>
                        </technique>
                      </extra>
                    </node>
                    <node id="Biped_prop_rerebrace_L" name="prop_rerebrace_L" sid="prop_rerebrace_L" type="JOINT">
                      <matrix sid="transform">0.9393749 0.003673665 0.3428723 -3.73125e-5 0.3428753 -1.89375e-4 -0.9393809 0.2962708 -0.00338604 0.9999932 -0.00143746 -0.01040978 0 0 0 1</matrix>
                      <extra>
                        <technique profile="blender">
                          <roll sid="roll" type="float">2.15788e-6</roll>
                          <tip_x sid="tip_x" type="float">-6.55651e-7</tip_x>
                          <tip_y sid="tip_y" type="float">0.2302346</tip_y>
                          <tip_z sid="tip_z" type="float">4.76837e-7</tip_z>
                        </technique>
                      </extra>
                    </node>
                    <extra>
                      <technique profile="blender">
                        <connect sid="connect" type="bool">1</connect>
                        <roll sid="roll" type="float">-0.3536494</roll>
                      </technique>
                    </extra>
                  </node>
                  <node id="Biped_prop-shoulderpad_L" name="prop-shoulderpad_L" sid="prop-shoulderpad_L" type="JOINT">
                    <matrix sid="transform">0.2692915 0.02581807 0.9627125 0.05685043 0.9630584 -0.007756276 -0.2691803 0.1974268 5.17346e-4 0.9996364 -0.02695289 2.68221e-7 0 0 0 1</matrix>
                    <extra>
                      <technique profile="blender">
                        <roll sid="roll" type="float">0.01911133</roll>
                        <tip_x sid="tip_x" type="float">-3.27826e-7</tip_x>
                        <tip_y sid="tip_y" type="float">0.3782455</tip_y>
                        <tip_z sid="tip_z" type="float">0.01020216</tip_z>
                      </technique>
                    </extra>
                  </node>
                  <extra>
                    <technique profile="blender">
                      <roll sid="roll" type="float">-1.27903</roll>
                    </technique>
                  </extra>
                </node>
                <node id="Biped_neck" name="neck" sid="neck" type="JOINT">
                  <matrix sid="transform">1 -1.50315e-6 2.64629e-6 -1.13687e-13 2.90335e-6 0.7319117 -0.6813996 0.8305258 -9.12608e-7 0.6813996 0.7319117 -1.49012e-8 0 0 0 1</matrix>
                  <node id="Biped_head" name="head" sid="head" type="JOINT">
                    <matrix sid="transform">1 1.68907e-6 -1.3067e-6 -4.9738e-13 -1.18205e-6 0.9474063 0.3200333 0.1851747 1.77853e-6 -0.3200333 0.9474063 5.96046e-8 0 0 0 1</matrix>
                    <node id="Biped_helmet" name="helmet" sid="helmet" type="JOINT">
                      <matrix sid="transform">1 2.38419e-7 2.66857e-7 -1.19015e-7 -2.66857e-7 -2.01166e-6 1 -0.1038736 2.3842e-7 -1 -2.02656e-6 -0.02317555 0 0 0 1</matrix>
                      <node id="Biped_prop-helmet" name="prop-helmet" sid="prop-helmet" type="JOINT">
                        <matrix sid="transform">1 1.03029e-13 7.97294e-9 -4.40165e-9 -1.10134e-13 1 5.81145e-7 0.01122504 -7.973e-9 -5.81145e-7 1 0.01795342 0 0 0 1</matrix>
                        <extra>
                          <technique profile="blender">
                            <roll sid="roll" type="float">2.7483e-7</roll>
                            <tip_x sid="tip_x" type="float">0</tip_x>
                            <tip_y sid="tip_y" type="float">0.04702574</tip_y>
                            <tip_z sid="tip_z" type="float">0.006787061</tip_z>
                          </technique>
                        </extra>
                      </node>
                      <extra>
                        <technique profile="blender">
                          <roll sid="roll" type="float">2.66857e-7</roll>
                          <tip_x sid="tip_x" type="float">0</tip_x>
                          <tip_y sid="tip_y" type="float">0.08745503</tip_y>
                          <tip_z sid="tip_z" type="float">0.01262211</tip_z>
                        </technique>
                      </extra>
                    </node>
                    <node id="Biped_prop-head" name="prop-head" sid="prop-head" type="JOINT">
                      <matrix sid="transform">1 2.38419e-7 2.66857e-7 -3.53903e-8 -2.66857e-7 -1.07288e-6 1 -2.20723e-7 2.38419e-7 -1 -1.07288e-6 7.63685e-8 0 0 0 1</matrix>
                      <extra>
                        <technique profile="blender">
                          <roll sid="roll" type="float">2.66857e-7</roll>
                          <tip_x sid="tip_x" type="float">0</tip_x>
                          <tip_y sid="tip_y" type="float">0.221906</tip_y>
                          <tip_z sid="tip_z" type="float">0.03202724</tip_z>
                        </technique>
                      </extra>
                    </node>
                    <extra>
                      <technique profile="blender">
                        <connect sid="connect" type="bool">1</connect>
                        <roll sid="roll" type="float">2.38419e-7</roll>
                        <tip_x sid="tip_x" type="float">0</tip_x>
                        <tip_y sid="tip_y" type="float">-0.06014364</tip_y>
                        <tip_z sid="tip_z" type="float">0.4167118</tip_z>
                      </technique>
                    </extra>
                  </node>
                  <node id="Biped_neck_guard" name="neck_guard" sid="neck_guard" type="JOINT">
                    <matrix sid="transform">-1 -3.39753e-7 1.58622e-5 -7.57963e-7 1.52681e-5 0.2512299 0.9679275 -0.1547809 -4.31392e-6 0.9679275 -0.2512299 0.1264123 0 0 0 1</matrix>
                    <node id="Biped_prop-neck_guard" name="prop-neck_guard" sid="prop-neck_guard" type="JOINT">
                      <matrix sid="transform">1 -7.95808e-12 -8.03229e-8 -7.45064e-9 7.27596e-12 1 7.45058e-7 -1.78814e-7 8.0322e-8 -7.45058e-7 1 -3.92087e-7 0 0 0 1</matrix>
                      <extra>
                        <technique profile="blender">
                          <roll sid="roll" type="float">3.141566</roll>
                          <tip_x sid="tip_x" type="float">1.21357e-7</tip_x>
                          <tip_y sid="tip_y" type="float">-0.08964246</tip_y>
                          <tip_z sid="tip_z" type="float">-0.01959013</tip_z>
                        </technique>
                      </extra>
                    </node>
                    <extra>
                      <technique profile="blender">
                        <roll sid="roll" type="float">3.141566</roll>
                        <tip_x sid="tip_x" type="float">2.44907e-7</tip_x>
                        <tip_y sid="tip_y" type="float">-0.1809046</tip_y>
                        <tip_z sid="tip_z" type="float">-0.03953409</tip_z>
                      </technique>
                    </extra>
                  </node>
                  <extra>
                    <technique profile="blender">
                      <connect sid="connect" type="bool">1</connect>
                      <roll sid="roll" type="float">2.04315e-7</roll>
                    </technique>
                  </extra>
                </node>
                <node id="Biped_prop_bevor" name="prop_bevor" sid="prop_bevor" type="JOINT">
                  <matrix sid="transform">1 -4.80936e-7 -3.1453e-7 -5.9058e-7 4.84512e-7 0.411325 0.911489 0.7661318 -3.08994e-7 -0.9114889 0.4113249 0.2234569 0 0 0 1</matrix>
                  <extra>
                    <technique profile="blender">
                      <roll sid="roll" type="float">2.67392e-7</roll>
                      <tip_x sid="tip_x" type="float">0</tip_x>
                      <tip_y sid="tip_y" type="float">0.2288495</tip_y>
                      <tip_z sid="tip_z" type="float">0.03302931</tip_z>
                    </technique>
                  </extra>
                </node>
                <node id="Biped_shoulder_R" name="shoulder_R" sid="shoulder_R" type="JOINT">
                  <matrix sid="transform">0.2876405 -0.9577383 -1.37463e-6 -0.06797595 -0.9202877 -0.2763931 0.2769063 0.7223071 -0.2652041 -0.07964814 -0.960897 0.02024821 0 0 0 1</matrix>
                  <node id="Biped_arm_R" name="arm_R" sid="arm_R" type="JOINT">
                    <matrix sid="transform">0.5971365 0.8017963 0.02347296 -2.45869e-7 -0.8012126 0.5975975 -0.0305949 0.3783833 -0.03855825 -5.37493e-4 0.9992562 -7.45058e-9 0 0 0 1</matrix>
                    <node id="Biped_forearm_R" name="forearm_R" sid="forearm_R" type="JOINT">
                      <matrix sid="transform">0.9296872 -0.08655104 0.3580371 -5.96046e-8 -0.05381685 0.9296567 0.3644753 0.5925411 -0.3643973 -0.3581164 0.8596321 0 0 0 0 1</matrix>
                      <node id="Biped_hand_R" name="hand_R" sid="hand_R" type="JOINT">
                        <matrix sid="transform">0.916836 0.2185321 -0.3341491 5.96046e-8 -0.2932918 0.9364888 -0.1922722 0.6158146 0.2709092 0.2742853 0.9227004 1.19209e-7 0 0 0 1</matrix>
                        <node id="Biped_finger_R" name="finger_R" sid="finger_R" type="JOINT">
                          <matrix sid="transform">0.3341711 0.9421732 -0.0252855 0 -0.934479 0.3277082 -0.139128 0.2098692 -0.1227964 0.07012132 0.9899516 0 0 0 0 1</matrix>
                          <node id="Biped_fingertip_R" name="fingertip_R" sid="fingertip_R" type="JOINT">
                            <matrix sid="transform">0.3199622 0.9467694 -0.03538598 2.98023e-8 -0.9468457 0.3208537 0.0231624 0.1057718 0.03328318 0.02609398 0.9991052 1.49012e-8 0 0 0 1</matrix>
                            <extra>
                              <technique profile="blender">
                                <connect sid="connect" type="bool">1</connect>
                                <roll sid="roll" type="float">-2.418212</roll>
                                <tip_x sid="tip_x" type="float">0.07374608</tip_x>
                                <tip_y sid="tip_y" type="float">0.0061993</tip_y>
                                <tip_z sid="tip_z" type="float">0.07247519</tip_z>
                              </technique>
                            </extra>
                          </node>
                          <node id="Biped_prop_glove_finger_R" name="prop_glove_finger_R" sid="prop_glove_finger_R" type="JOINT">
                            <matrix sid="transform">0.06123456 -0.0419004 -0.9972436 -0.006213784 0.009854887 -0.9990444 0.04258126 0.01258296 -0.9980756 -0.0124352 -0.0607636 0.03137614 0 0 0 1</matrix>
                            <extra>
                              <technique profile="blender">
                                <roll sid="roll" type="float">-2.611919</roll>
                                <tip_x sid="tip_x" type="float">-0.0968762</tip_x>
                                <tip_y sid="tip_y" type="float">0.001086533</tip_y>
                                <tip_z sid="tip_z" type="float">0.04371261</tip_z>
                              </technique>
                            </extra>
                          </node>
                          <extra>
                            <technique profile="blender">
                              <connect sid="connect" type="bool">1</connect>
                              <roll sid="roll" type="float">-1.149621</roll>
                            </technique>
                          </extra>
                        </node>
                        <node id="Biped_weapon_R" name="weapon_R" sid="weapon_R" type="JOINT">
                          <matrix sid="transform">0.9930203 -0.09294152 0.07254355 0.06952596 -0.1005566 -0.9888815 0.1095526 0.1597491 0.061566 -0.1160827 -0.9913235 0.003905684 0 0 0 1</matrix>
                          <node id="Biped_prop-weapon_R" name="prop-weapon_R" sid="prop-weapon_R" type="JOINT">
                            <matrix sid="transform">1 4.09782e-7 5.36442e-7 -2.98023e-7 -4.09782e-7 1 -1.56462e-7 -2.30968e-7 -5.30854e-7 1.49012e-7 0.9999999 -2.5332e-7 0 0 0 1</matrix>
                            <extra>
                              <technique profile="blender">
                                <roll sid="roll" type="float">0.07866036</roll>
                                <tip_x sid="tip_x" type="float">0.003634452</tip_x>
                                <tip_y sid="tip_y" type="float">0.008410751</tip_y>
                                <tip_z sid="tip_z" type="float">0.1114912</tip_z>
                              </technique>
                            </extra>
                          </node>
                          <extra>
                            <technique profile="blender">
                              <roll sid="roll" type="float">0.07865947</roll>
                              <tip_x sid="tip_x" type="float">0.006835341</tip_x>
                              <tip_y sid="tip_y" type="float">0.01581841</tip_y>
                              <tip_z sid="tip_z" type="float">0.2096853</tip_z>
                            </technique>
                          </extra>
                        </node>
                        <node id="Biped_projectile" name="projectile" sid="projectile" type="JOINT">
                          <matrix sid="transform">-0.9690909 -0.006304815 -0.2466167 0.09192455 0.03327434 -0.9938791 -0.1053361 0.172273 -0.2444503 -0.1102906 0.9633502 -0.02773641 0 0 0 1</matrix>
                          <node id="Biped_prop-projectile" name="prop-projectile" sid="prop-projectile" type="JOINT">
                            <matrix sid="transform">1 1.04308e-7 3.67407e-7 2.38419e-7 -1.19209e-7 1 6.33299e-8 1.49012e-7 -3.78117e-7 -6.70552e-8 1 -2.45869e-7 0 0 0 1</matrix>
                            <extra>
                              <technique profile="blender">
                                <roll sid="roll" type="float">-2.805884</roll>
                                <tip_x sid="tip_x" type="float">0.01395153</tip_x>
                                <tip_y sid="tip_y" type="float">0.009241282</tip_y>
                                <tip_z sid="tip_z" type="float">0.115931</tip_z>
                              </technique>
                            </extra>
                          </node>
                          <extra>
                            <technique profile="blender">
                              <roll sid="roll" type="float">-2.805884</roll>
                              <tip_x sid="tip_x" type="float">0.02500212</tip_x>
                              <tip_y sid="tip_y" type="float">0.01656103</tip_y>
                              <tip_z sid="tip_z" type="float">0.2077562</tip_z>
                            </technique>
                          </extra>
                        </node>
                        <node id="Biped_prop_glove_hand_R" name="prop_glove_hand_R" sid="prop_glove_hand_R" type="JOINT">
                          <matrix sid="transform">-0.02796527 -0.4160304 -0.9089205 -0.002655864 0.01568186 -0.9093468 0.4157432 0.09785891 -0.9994846 -0.002626687 0.03195431 0.005350903 0 0 0 1</matrix>
                          <extra>
                            <technique profile="blender">
                              <roll sid="roll" type="float">-1.861114</roll>
                              <tip_x sid="tip_x" type="float">-0.06177771</tip_x>
                              <tip_y sid="tip_y" type="float">0.03795468</tip_y>
                              <tip_z sid="tip_z" type="float">0.1949701</tip_z>
                            </technique>
                          </extra>
                        </node>
                        <extra>
                          <technique profile="blender">
                            <connect sid="connect" type="bool">1</connect>
                            <roll sid="roll" type="float">0.1641404</roll>
                          </technique>
                        </extra>
                      </node>
                      <node id="Biped_prop_glove_wrist_R" name="prop_glove_wrist_R" sid="prop_glove_wrist_R" type="JOINT">
                        <matrix sid="transform">0.918311 0.2122 -0.3341798 5.96046e-8 -0.2868788 0.9384404 -0.1924321 0.6158156 0.2727737 0.2725816 0.922656 1.49012e-7 0 0 0 1</matrix>
                        <extra>
                          <technique profile="blender">
                            <roll sid="roll" type="float">0.1724063</roll>
                            <tip_x sid="tip_x" type="float">-0.02811759</tip_x>
                            <tip_y sid="tip_y" type="float">-0.03938984</tip_y>
                            <tip_z sid="tip_z" type="float">-0.2042062</tip_z>
                          </technique>
                        </extra>
                      </node>
                      <node id="Biped_prop_brace_R" name="prop_brace_R" sid="prop_brace_R" type="JOINT">
                        <matrix sid="transform">0.8804179 -0.3939267 -0.263981 0.03032655 -0.4107501 -0.3553443 -0.8396516 0.3027779 0.236957 0.8476745 -0.474657 -0.05940181 0 0 0 1</matrix>
                        <extra>
                          <technique profile="blender">
                            <roll sid="roll" type="float">-0.0012362</roll>
                            <tip_x sid="tip_x" type="float">0.001398086</tip_x>
                            <tip_y sid="tip_y" type="float">0.2302293</tip_y>
                            <tip_z sid="tip_z" type="float">-5.92232e-4</tip_z>
                          </technique>
                        </extra>
                      </node>
                      <extra>
                        <technique profile="blender">
                          <connect sid="connect" type="bool">1</connect>
                          <roll sid="roll" type="float">0.8982964</roll>
                        </technique>
                      </extra>
                    </node>
                    <node id="Biped_prop_couter_R" name="prop_couter_R" sid="prop_couter_R" type="JOINT">
                      <matrix sid="transform">0.03249425 0.9388859 -0.3426911 -0.1208261 8.89879e-7 -0.3428722 -0.939382 0.6310955 -0.9994717 0.03052404 -0.01114221 0.00226099 0 0 0 1</matrix>
                      <extra>
                        <technique profile="blender">
                          <roll sid="roll" type="float">-0.003822684</roll>
                          <tip_x sid="tip_x" type="float">0.230203</tip_x>
                          <tip_y sid="tip_y" type="float">-0.001269638</tip_y>
                          <tip_z sid="tip_z" type="float">2.85864e-4</tip_z>
                        </technique>
                      </extra>
                    </node>
                    <node id="Biped_prop-armpad_R" name="prop-armpad_R" sid="prop-armpad_R" type="JOINT">
                      <matrix sid="transform">0.9999973 -0.002176803 9.45866e-4 7.9602e-5 0.001144677 0.09320781 -0.995646 0.08836125 0.002079153 0.9956443 0.09321015 1.94274e-5 0 0 0 1</matrix>
                      <extra>
                        <technique profile="blender">
                          <roll sid="roll" type="float">0.351579</roll>
                          <tip_x sid="tip_x" type="float">8.00431e-4</tip_x>
                          <tip_y sid="tip_y" type="float">0.3979758</tip_y>
                          <tip_z sid="tip_z" type="float">-0.04018855</tip_z>
                        </technique>
                      </extra>
                    </node>
                    <node id="Biped_prop_rerebrace_R" name="prop_rerebrace_R" sid="prop_rerebrace_R" type="JOINT">
                      <matrix sid="transform">0.9389037 -0.03197357 -0.3426917 3.32415e-4 -0.3428725 -1.87823e-4 -0.939382 0.2962719 0.02997102 0.9994887 -0.01113918 -0.01040456 0 0 0 1</matrix>
                      <extra>
                        <technique profile="blender">
                          <roll sid="roll" type="float">-0.001235783</roll>
                          <tip_x sid="tip_x" type="float">0.001397907</tip_x>
                          <tip_y sid="tip_y" type="float">0.2302293</tip_y>
                          <tip_z sid="tip_z" type="float">-5.93185e-4</tip_z>
                        </technique>
                      </extra>
                    </node>
                    <extra>
                      <technique profile="blender">
                        <connect sid="connect" type="bool">1</connect>
                        <roll sid="roll" type="float">0.3873054</roll>
                      </technique>
                    </extra>
                  </node>
                  <node id="Biped_prop-shoulderpad_R" name="prop-shoulderpad_R" sid="prop-shoulderpad_R" type="JOINT">
                    <matrix sid="transform">0.269292 -0.025819 -0.9627126 -0.05685079 -0.9630587 -0.007756313 -0.2691808 0.1974263 -5.17121e-4 0.9996367 -0.02695393 2.16067e-7 0 0 0 1</matrix>
                    <extra>
                      <technique profile="blender">
                        <roll sid="roll" type="float">-0.01911067</roll>
                        <tip_x sid="tip_x" type="float">3.57628e-7</tip_x>
                        <tip_y sid="tip_y" type="float">0.3782455</tip_y>
                        <tip_z sid="tip_z" type="float">0.01020216</tip_z>
                      </technique>
                    </extra>
                  </node>
                  <extra>
                    <technique profile="blender">
                      <roll sid="roll" type="float">1.279031</roll>
                    </technique>
                  </extra>
                </node>
                <node id="Biped_prop-back" name="prop-back" sid="prop-back" type="JOINT">
                  <matrix sid="transform">1 -2.86509e-7 -2.9487e-7 -3.68489e-7 3.27672e-7 0.1222009 0.9925054 0.3811204 -2.48328e-7 -0.9925055 0.1222009 -0.333319 0 0 0 1</matrix>
                  <extra>
                    <technique profile="blender">
                      <roll sid="roll" type="float">4.0359e-7</roll>
                      <tip_x sid="tip_x" type="float">0</tip_x>
                      <tip_y sid="tip_y" type="float">0.2152653</tip_y>
                      <tip_z sid="tip_z" type="float">-0.03431153</tip_z>
                    </technique>
                  </extra>
                </node>
                <node id="Biped_prop-quiver_back" name="prop-quiver_back" sid="prop-quiver_back" type="JOINT">
                  <matrix sid="transform">1 -4.09782e-7 -6.44655e-7 -0.1699782 7.32917e-7 0.2769027 0.9608979 0.6582766 -2.15252e-7 -0.9608979 0.2769029 -0.2972229 0 0 0 1</matrix>
                  <extra>
                    <technique profile="blender">
                      <tip_x sid="tip_x" type="float">0</tip_x>
                      <tip_y sid="tip_y" type="float">0.4000002</tip_y>
                      <tip_z sid="tip_z" type="float">0</tip_z>
                    </technique>
                  </extra>
                </node>
                <node id="Biped_cape1" name="cape1" sid="cape1" type="JOINT">
                  <matrix sid="transform">1 2.30633e-7 -1.02246e-6 -1.80267e-7 6.37475e-7 -0.9081614 0.4186204 0.7078469 -8.32012e-7 -0.4186205 -0.9081611 -0.2957827 0 0 0 1</matrix>
                  <node id="Biped_cape2" name="cape2" sid="cape2" type="JOINT">
                    <matrix sid="transform">1 4.55561e-7 5.8043e-7 0 -5.57758e-7 0.9817001 0.1904328 0.6693076 -4.83055e-7 -0.1904328 0.9817002 5.96046e-8 0 0 0 1</matrix>
                    <node id="Biped_cape3" name="cape3" sid="cape3" type="JOINT">
                      <matrix sid="transform">1 -2.14113e-7 -2.02411e-7 -1.42109e-14 1.91108e-7 0.9942029 -0.1075217 0.6621922 2.2426e-7 0.1075217 0.9942029 0 0 0 0 1</matrix>
                      <extra>
                        <technique profile="blender">
                          <connect sid="connect" type="bool">1</connect>
                          <roll sid="roll" type="float">-2.38419e-7</roll>
                          <tip_x sid="tip_x" type="float">0</tip_x>
                          <tip_y sid="tip_y" type="float">0.09024715</tip_y>
                          <tip_z sid="tip_z" type="float">-1.335291</tip_z>
                        </technique>
                      </extra>
                    </node>
                    <extra>
                      <technique profile="blender">
                        <connect sid="connect" type="bool">1</connect>
                        <roll sid="roll" type="float">-2.38424e-7</roll>
                      </technique>
                    </extra>
                  </node>
                  <extra>
                    <technique profile="blender">
                      <roll sid="roll" type="float">-2.3843e-7</roll>
                    </technique>
                  </extra>
                </node>
                <node id="Biped_prop_breastplate" name="prop_breastplate" sid="prop_breastplate" type="JOINT">
                  <matrix sid="transform">1 -3.92878e-7 -6.44655e-7 -1.5144e-7 7.28237e-7 0.2769027 0.9608981 0.2636864 -1.99009e-7 -0.960898 0.2769027 0.3777829 0 0 0 1</matrix>
                  <extra>
                    <technique profile="blender">
                      <tip_x sid="tip_x" type="float">0</tip_x>
                      <tip_y sid="tip_y" type="float">0.2299742</tip_y>
                      <tip_z sid="tip_z" type="float">0</tip_z>
                    </technique>
                  </extra>
                </node>
                <node id="Biped_prop_backplate" name="prop_backplate" sid="prop_backplate" type="JOINT">
                  <matrix sid="transform">-1 3.92878e-7 -5.82589e-7 -5.23814e-7 -6.68597e-7 -0.2769027 0.9608981 0.4831436 2.16195e-7 0.9608982 0.2769027 -0.3837738 0 0 0 1</matrix>
                  <extra>
                    <technique profile="blender">
                      <tip_x sid="tip_x" type="float">0</tip_x>
                      <tip_y sid="tip_y" type="float">-0.2299742</tip_y>
                      <tip_z sid="tip_z" type="float">0</tip_z>
                    </technique>
                  </extra>
                </node>
                <node id="Biped_prop_quiver_B" name="prop_quiver_B" sid="prop_quiver_B" type="JOINT">
                  <matrix sid="transform">0.0779467 0.1131076 0.9905202 0.07023598 0.7900279 -0.6130208 0.007831333 0.7691002 0.6080956 0.7819284 -0.137141 -0.445461 0 0 0 1</matrix>
                  <extra>
                    <technique profile="blender">
                      <roll sid="roll" type="float">0.9247987</roll>
                      <tip_x sid="tip_x" type="float">0.02601164</tip_x>
                      <tip_y sid="tip_y" type="float">-0.2118294</tip_y>
                      <tip_z sid="tip_z" type="float">-0.08567285</tip_z>
                    </technique>
                  </extra>
                </node>
                <extra>
                  <technique profile="blender">
                    <connect sid="connect" type="bool">1</connect>
                    <roll sid="roll" type="float">3.49006e-7</roll>
                  </technique>
                </extra>
              </node>
              <extra>
                <technique profile="blender">
                  <connect sid="connect" type="bool">1</connect>
                  <roll sid="roll" type="float">3.05973e-7</roll>
                </technique>
              </extra>
            </node>
            <extra>
              <technique profile="blender">
                <roll sid="roll" type="float">2.33982e-7</roll>
              </technique>
            </extra>
          </node>
          <node id="Biped_thigh_L" name="thigh_L" sid="thigh_L" type="JOINT">
            <matrix sid="transform">0.9973584 0.06125139 -0.03925049 0.225766 0.0580533 -0.9952612 -0.0780078 0.1218944 -0.04386429 0.07552317 -0.9961933 0.02428889 0 0 0 1</matrix>
            <node id="Biped_leg_L" name="leg_L" sid="leg_L" type="JOINT">
              <matrix sid="transform">0.9996771 0.01946996 0.01633034 0 -0.01783023 0.9953022 -0.09516156 1.067799 -0.0181064 0.09483965 0.9953279 3.72529e-9 0 0 0 1</matrix>
              <node id="Biped_foot_L" name="foot_L" sid="foot_L" type="JOINT">
                <matrix sid="transform">0.9966444 -0.03124708 -0.07565365 0 0.07665803 0.03230269 0.9965339 1.134663 -0.02869497 -0.9989896 0.03458966 2.98023e-8 0 0 0 1</matrix>
                <node id="Biped_prop_foot_L" name="prop_foot_L" sid="prop_foot_L" type="JOINT">
                  <matrix sid="transform">1 -4.13894e-5 -6.15578e-6 9.56655e-6 -4.18293e-5 -0.9848077 -0.173649 0.2297627 1.12798e-6 0.1736489 -0.984814 0.09435543 0 0 0 1</matrix>
                  <extra>
                    <technique profile="blender">
                      <roll sid="roll" type="float">5.2296e-6</roll>
                      <tip_x sid="tip_x" type="float">2.11e-5</tip_x>
                      <tip_y sid="tip_y" type="float">0.4798796</tip_y>
                      <tip_z sid="tip_z" type="float">0.004259288</tip_z>
                    </technique>
                  </extra>
                </node>
                <extra>
                  <technique profile="blender">
                    <connect sid="connect" type="bool">1</connect>
                    <roll sid="roll" type="float">9.39534e-4</roll>
                    <tip_x sid="tip_x" type="float">-4.12762e-5</tip_x>
                    <tip_y sid="tip_y" type="float">-0.4718912</tip_y>
                    <tip_z sid="tip_z" type="float">-0.08753174</tip_z>
                  </technique>
                </extra>
              </node>
              <node id="Biped_prop_leg_L" name="prop_leg_L" sid="prop_leg_L" type="JOINT">
                <matrix sid="transform">0.9964967 0.02232541 0.08059566 0.002030581 0.07636549 0.1499704 -0.9857368 0.4698776 -0.03409395 0.9884383 0.1477402 0.08841004 0 0 0 1</matrix>
                <extra>
                  <technique profile="blender">
                    <roll sid="roll" type="float">5.33509e-4</roll>
                    <tip_x sid="tip_x" type="float">0.002271711</tip_x>
                    <tip_y sid="tip_y" type="float">0.4153767</tip_y>
                    <tip_z sid="tip_z" type="float">1.81139e-4</tip_z>
                  </technique>
                </extra>
              </node>
              <extra>
                <technique profile="blender">
                  <connect sid="connect" type="bool">1</connect>
                  <roll sid="roll" type="float">-0.094648</roll>
                </technique>
              </extra>
            </node>
            <node id="Biped_prop_cuisse_L" name="prop_cuisse_L" sid="prop_cuisse_L" type="JOINT">
              <matrix sid="transform">0.9971039 0.04137858 0.06380926 -0.002395108 0.06149856 0.05489816 -0.9965963 0.4146938 -0.04474074 0.9976344 0.05219426 8.05875e-4 0 0 0 1</matrix>
              <extra>
                <technique profile="blender">
                  <roll sid="roll" type="float">5.49188e-4</roll>
                  <tip_x sid="tip_x" type="float">0.002273678</tip_x>
                  <tip_y sid="tip_y" type="float">0.4153765</tip_y>
                  <tip_z sid="tip_z" type="float">1.43051e-4</tip_z>
                </technique>
              </extra>
            </node>
            <node id="Biped_prop_chaff_L" name="prop_chaff_L" sid="prop_chaff_L" type="JOINT">
              <matrix sid="transform">0.9971039 0.04137864 0.06380932 -0.02362029 0.06149858 0.05489931 -0.9965963 0.2017179 -0.04474089 0.9976342 0.05219556 -0.2837922 0 0 0 1</matrix>
              <extra>
                <technique profile="blender">
                  <roll sid="roll" type="float">5.49217e-4</roll>
                  <tip_x sid="tip_x" type="float">0.002273738</tip_x>
                  <tip_y sid="tip_y" type="float">0.4153765</tip_y>
                  <tip_z sid="tip_z" type="float">1.42574e-4</tip_z>
                </technique>
              </extra>
            </node>
            <extra>
              <technique profile="blender">
                <roll sid="roll" type="float">-0.09734243</roll>
              </technique>
            </extra>
          </node>
          <node id="Biped_thigh_R" name="thigh_R" sid="thigh_R" type="JOINT">
            <matrix sid="transform">0.997905 -0.06102647 0.02186084 -0.225766 -0.0591807 -0.995277 -0.07695154 0.1218987 0.02647509 0.07549662 -0.9968087 0.02428831 0 0 0 1</matrix>
            <node id="Biped_leg_R" name="leg_R" sid="leg_R" type="JOINT">
              <matrix sid="transform">0.9998331 -0.01824914 9.01033e-4 0 0.01825208 0.9953002 -0.09510136 1.067803 8.38718e-4 0.09510191 0.9954672 0 0 0 0 1</matrix>
              <node id="Biped_foot_R" name="foot_R" sid="foot_R" type="JOINT">
                <matrix sid="transform">0.9966335 0.03107081 0.07587109 5.96046e-8 -0.07687021 0.03233263 0.9965167 1.134663 0.02850946 -0.998994 0.03461218 -1.49012e-8 0 0 0 1</matrix>
                <node id="Biped_prop_foot_R" name="prop_foot_R" sid="prop_foot_R" type="JOINT">
                  <matrix sid="transform">1 4.14255e-5 5.75546e-6 -9.59635e-6 4.17955e-5 -0.9848073 -0.1736508 0.2297602 -1.52676e-6 0.1736508 -0.9848098 0.09435546 0 0 0 1</matrix>
                  <extra>
                    <technique profile="blender">
                      <tip_x sid="tip_x" type="float">-1.81794e-6</tip_x>
                      <tip_y sid="tip_y" type="float">0.4798746</tip_y>
                      <tip_z sid="tip_z" type="float">0.004259884</tip_z>
                    </technique>
                  </extra>
                </node>
                <extra>
                  <technique profile="blender">
                    <connect sid="connect" type="bool">1</connect>
                    <roll sid="roll" type="float">-4.97563e-4</roll>
                    <tip_x sid="tip_x" type="float">2.18451e-5</tip_x>
                    <tip_y sid="tip_y" type="float">-0.4718858</tip_y>
                    <tip_z sid="tip_z" type="float">-0.08753228</tip_z>
                  </technique>
                </extra>
              </node>
              <node id="Biped_prop_leg_R" name="prop_leg_R" sid="prop_leg_R" type="JOINT">
                <matrix sid="transform">0.9964852 -0.02215438 -0.08078519 -0.002162099 -0.07657811 0.1499749 -0.9857197 0.469878 0.03395376 0.9884415 0.1477514 0.08840887 0 0 0 1</matrix>
                <extra>
                  <technique profile="blender">
                    <roll sid="roll" type="float">-5.34866e-4</roll>
                    <tip_x sid="tip_x" type="float">-0.002273619</tip_x>
                    <tip_y sid="tip_y" type="float">0.4153735</tip_y>
                    <tip_z sid="tip_z" type="float">1.68741e-4</tip_z>
                  </technique>
                </extra>
              </node>
              <extra>
                <technique profile="blender">
                  <connect sid="connect" type="bool">1</connect>
                  <roll sid="roll" type="float">0.0946874</roll>
                </technique>
              </extra>
            </node>
            <node id="Biped_prop_cuisse_R" name="prop_cuisse_R" sid="prop_cuisse_R" type="JOINT">
              <matrix sid="transform">0.9977465 -0.02399623 -0.06265629 0.002313465 -0.06126469 0.05489631 -0.9966108 0.4146965 0.0273545 0.9982035 0.05330272 7.634e-4 0 0 0 1</matrix>
              <extra>
                <technique profile="blender">
                  <roll sid="roll" type="float">-5.40541e-4</roll>
                  <tip_x sid="tip_x" type="float">-0.002274155</tip_x>
                  <tip_y sid="tip_y" type="float">0.4153729</tip_y>
                  <tip_z sid="tip_z" type="float">1.55091e-4</tip_z>
                </technique>
              </extra>
            </node>
            <node id="Biped_prop_chaff_R" name="prop_chaff_R" sid="prop_chaff_R" type="JOINT">
              <matrix sid="transform">0.9977465 -0.02399622 -0.06265633 0.0186238 -0.06126472 0.05489674 -0.9966107 0.201722 0.02735452 0.9982036 0.05330301 -0.2841584 0 0 0 1</matrix>
              <extra>
                <technique profile="blender">
                  <roll sid="roll" type="float">-5.40567e-4</roll>
                  <tip_x sid="tip_x" type="float">-0.002274155</tip_x>
                  <tip_y sid="tip_y" type="float">0.4153729</tip_y>
                  <tip_z sid="tip_z" type="float">1.54972e-4</tip_z>
                </technique>
              </extra>
            </node>
            <extra>
              <technique profile="blender">
                <roll sid="roll" type="float">0.07969576</roll>
              </technique>
            </extra>
          </node>
          <node id="Biped_prop-sheath_L" name="prop-sheath_L" sid="prop-sheath_L" type="JOINT">
            <matrix sid="transform">1 4.70887e-7 4.50545e-7 0.4458506 -4.50545e-7 -1.2666e-6 1 0.04214893 4.70888e-7 -1 -1.20699e-6 -0.005543416 0 0 0 1</matrix>
            <extra>
              <technique profile="blender">
                <roll sid="roll" type="float">4.50545e-7</roll>
                <tip_x sid="tip_x" type="float">0</tip_x>
                <tip_y sid="tip_y" type="float">0.1882479</tip_y>
                <tip_z sid="tip_z" type="float">0.02475881</tip_z>
              </technique>
            </extra>
          </node>
          <node id="Biped_prop-quiver_R" name="prop-quiver_R" sid="prop-quiver_R" type="JOINT">
            <matrix sid="transform">1 4.70887e-7 4.50793e-7 -0.4458506 -4.50792e-7 -1.2517e-6 1 0.04214894 4.70888e-7 -1 -1.2964e-6 -0.005543765 0 0 0 1</matrix>
            <extra>
              <technique profile="blender">
                <roll sid="roll" type="float">4.50792e-7</roll>
                <tip_x sid="tip_x" type="float">0</tip_x>
                <tip_y sid="tip_y" type="float">0.1882479</tip_y>
                <tip_z sid="tip_z" type="float">0.02475881</tip_z>
              </technique>
            </extra>
          </node>
          <node id="Biped_prop_fauld" name="prop_fauld" sid="prop_fauld" type="JOINT">
            <matrix sid="transform">1 4.42032e-7 5.03976e-7 -9.50216e-9 -4.42031e-7 -0.1304007 0.9914614 0.09935199 5.03977e-7 -0.9914615 -0.1304007 0.03358676 0 0 0 1</matrix>
            <extra>
              <technique profile="blender">
                <roll sid="roll" type="float">4.45838e-7</roll>
                <tip_x sid="tip_x" type="float">0</tip_x>
                <tip_y sid="tip_y" type="float">0.1896892</tip_y>
                <tip_z sid="tip_z" type="float">0</tip_z>
              </technique>
            </extra>
          </node>
          <node id="Biped_sheath_01_R" name="sheath_01_R" sid="sheath_01_R" type="JOINT">
            <matrix sid="transform">0.8207216 -0.4961011 0.2833721 -0.366219 -0.1558677 0.2827491 0.946445 0.1455296 -0.5496557 -0.8209366 0.1547321 0.3623982 0 0 0 1</matrix>
            <node id="Biped_prop_sheath_01_R" name="prop_sheath_01_R" sid="prop_sheath_01_R" type="JOINT">
              <matrix sid="transform">1 -4.39584e-7 2.98023e-7 4.17233e-7 3.42727e-7 0.9999999 -1.19209e-7 2.38419e-7 -2.75671e-7 1.78814e-7 1 -1.49012e-8 0 0 0 1</matrix>
              <extra>
                <technique profile="blender">
                  <roll sid="roll" type="float">0.2075778</roll>
                  <tip_x sid="tip_x" type="float">-0.2060842</tip_x>
                  <tip_y sid="tip_y" type="float">0.3227945</tip_y>
                  <tip_z sid="tip_z" type="float">0.1609227</tip_z>
                </technique>
              </extra>
            </node>
            <extra>
              <technique profile="blender">
                <roll sid="roll" type="float">0.2075775</roll>
                <tip_x sid="tip_x" type="float">-0.2060841</tip_x>
                <tip_y sid="tip_y" type="float">0.3227947</tip_y>
                <tip_z sid="tip_z" type="float">0.1609227</tip_z>
              </technique>
            </extra>
          </node>
          <node id="Biped_sheath_01_L" name="sheath_01_L" sid="sheath_01_L" type="JOINT">
            <matrix sid="transform">0.8207209 0.4961019 -0.2833726 0.3662185 0.1558681 0.2827491 0.9464449 0.1455301 0.5496565 -0.8209358 0.1547318 0.3623982 0 0 0 1</matrix>
            <node id="Biped_prop_sheath_01_L" name="prop_sheath_01_L" sid="prop_sheath_01_L" type="JOINT">
              <matrix sid="transform">0.9999999 8.9407e-8 -8.19564e-8 -1.19209e-7 -2.6077e-8 1 -4.47035e-7 6.10948e-7 9.68575e-8 4.76837e-7 1 1.2666e-7 0 0 0 1</matrix>
              <extra>
                <technique profile="blender">
                  <roll sid="roll" type="float">-0.207578</roll>
                  <tip_x sid="tip_x" type="float">0.206084</tip_x>
                  <tip_y sid="tip_y" type="float">0.3227943</tip_y>
                  <tip_z sid="tip_z" type="float">0.1609227</tip_z>
                </technique>
              </extra>
            </node>
            <extra>
              <technique profile="blender">
                <roll sid="roll" type="float">-0.2075777</roll>
                <tip_x sid="tip_x" type="float">0.2060843</tip_x>
                <tip_y sid="tip_y" type="float">0.3227947</tip_y>
                <tip_z sid="tip_z" type="float">0.1609227</tip_z>
              </technique>
            </extra>
          </node>
          <node id="Biped_prop_seax_front" name="prop_seax_front" sid="prop_seax_front" type="JOINT">
            <matrix sid="transform">8.1933e-7 1.78814e-7 -1 -6.6439e-8 0.3522561 0.9359039 4.17233e-7 0.2003376 0.9359038 -0.3522562 7.07805e-7 0.4261086 0 0 0 1</matrix>
            <extra>
              <technique profile="blender">
                <roll sid="roll" type="float">-1.570795</roll>
                <tip_x sid="tip_x" type="float">0</tip_x>
                <tip_y sid="tip_y" type="float">0.0348941</tip_y>
                <tip_z sid="tip_z" type="float">0.1495628</tip_z>
              </technique>
            </extra>
          </node>
          <node id="Biped_prop_seax_back" name="prop_seax_back" sid="prop_seax_back" type="JOINT">
            <matrix sid="transform">7.94575e-7 -5.96046e-8 -1 1.67968e-7 -0.130653 0.9914283 -1.78814e-7 0.02690966 0.9914282 0.130653 7.80448e-7 -0.3670246 0 0 0 1</matrix>
            <extra>
              <technique profile="blender">
                <roll sid="roll" type="float">-1.570795</roll>
                <tip_x sid="tip_x" type="float">0</tip_x>
                <tip_y sid="tip_y" type="float">-0.0397495</tip_y>
                <tip_z sid="tip_z" type="float">0.1483464</tip_z>
              </technique>
            </extra>
          </node>
          <node id="Biped_sheath_02_R" name="sheath_02_R" sid="sheath_02_R" type="JOINT">
            <matrix sid="transform">0.9288079 -0.2294098 0.2910105 -0.4715531 -0.2319681 0.2524661 0.9393891 0.1182689 -0.2889753 -0.9400171 0.1812768 0.1551297 0 0 0 1</matrix>
            <node id="Biped_prop_sheath_02_R" name="prop_sheath_02_R" sid="prop_sheath_02_R" type="JOINT">
              <matrix sid="transform">1 -1.49012e-7 4.32134e-7 2.68221e-7 1.86265e-7 1 -2.68221e-7 3.72529e-7 -4.02331e-7 2.38419e-7 1 -5.96046e-8 0 0 0 1</matrix>
              <extra>
                <technique profile="blender">
                  <roll sid="roll" type="float">0.2573323</roll>
                  <tip_x sid="tip_x" type="float">-0.09900343</tip_x>
                  <tip_y sid="tip_y" type="float">0.3879986</tip_y>
                  <tip_z sid="tip_z" type="float">0.1609227</tip_z>
                </technique>
              </extra>
            </node>
            <extra>
              <technique profile="blender">
                <roll sid="roll" type="float">0.2573319</roll>
                <tip_x sid="tip_x" type="float">-0.09900343</tip_x>
                <tip_y sid="tip_y" type="float">0.3879989</tip_y>
                <tip_z sid="tip_z" type="float">0.1609227</tip_z>
              </technique>
            </extra>
          </node>
          <node id="Biped_sheath_02_L" name="sheath_02_L" sid="sheath_02_L" type="JOINT">
            <matrix sid="transform">0.9288076 0.2294106 -0.291011 0.4715528 0.2319686 0.2524661 0.9393889 0.1182686 0.2889762 -0.940017 0.1812764 0.1551295 0 0 0 1</matrix>
            <node id="Biped_prop_sheath_02_L" name="prop_sheath_02_L" sid="prop_sheath_02_L" type="JOINT">
              <matrix sid="transform">1 5.28991e-7 -1.49012e-8 -3.27826e-7 -5.43892e-7 1 -3.8743e-7 1.78814e-7 1.49012e-8 3.8743e-7 1 -3.27826e-7 0 0 0 1</matrix>
              <extra>
                <technique profile="blender">
                  <roll sid="roll" type="float">-0.2573323</roll>
                  <tip_x sid="tip_x" type="float">0.09900349</tip_x>
                  <tip_y sid="tip_y" type="float">0.3879984</tip_y>
                  <tip_z sid="tip_z" type="float">0.1609227</tip_z>
                </technique>
              </extra>
            </node>
            <extra>
              <technique profile="blender">
                <roll sid="roll" type="float">-0.2573323</roll>
                <tip_x sid="tip_x" type="float">0.09900343</tip_x>
                <tip_y sid="tip_y" type="float">0.387999</tip_y>
                <tip_z sid="tip_z" type="float">0.1609227</tip_z>
              </technique>
            </extra>
          </node>
          <node id="Biped_quiver_R" name="quiver_R" sid="quiver_R" type="JOINT">
            <matrix sid="transform">0.9279921 -0.03269313 0.3711631 -0.5100688 -0.3234892 0.4236182 0.8461102 0.09364106 -0.1848934 -0.9052507 0.3825384 0.01012942 0 0 0 1</matrix>
            <node id="Biped_prop_quiver_R" name="prop_quiver_R" sid="prop_quiver_R" type="JOINT">
              <matrix sid="transform">0.9999999 7.45058e-8 -5.06639e-7 2.98023e-8 -1.19209e-7 0.9999999 1.49012e-7 1.546e-7 5.21541e-7 -1.19209e-7 1 -4.47035e-8 0 0 0 1</matrix>
              <extra>
                <technique profile="blender">
                  <roll sid="roll" type="float">0.3709212</roll>
                  <tip_x sid="tip_x" type="float">-0.01411879</tip_x>
                  <tip_y sid="tip_y" type="float">0.3637422</tip_y>
                  <tip_z sid="tip_z" type="float">0.2323572</tip_z>
                </technique>
              </extra>
            </node>
            <extra>
              <technique profile="blender">
                <roll sid="roll" type="float">0.3709216</roll>
                <tip_x sid="tip_x" type="float">-0.01411885</tip_x>
                <tip_y sid="tip_y" type="float">0.3637424</tip_y>
                <tip_z sid="tip_z" type="float">0.2323575</tip_z>
              </technique>
            </extra>
          </node>
          <node id="Biped_quiver_L" name="quiver_L" sid="quiver_L" type="JOINT">
            <matrix sid="transform">0.9279918 0.032694 -0.3711632 0.5100686 0.3234891 0.4236183 0.8461102 0.09364066 0.1848942 -0.9052507 0.3825381 0.01013054 0 0 0 1</matrix>
            <node id="Biped_prop_quiver_L" name="prop_quiver_L" sid="prop_quiver_L" type="JOINT">
              <matrix sid="transform">0.9999999 -1.93715e-7 3.8743e-7 -5.96046e-8 2.38419e-7 1 8.9407e-8 2.75671e-7 -3.57628e-7 -5.96046e-8 1 1.49012e-7 0 0 0 1</matrix>
              <extra>
                <technique profile="blender">
                  <roll sid="roll" type="float">-0.3709211</roll>
                  <tip_x sid="tip_x" type="float">0.01411879</tip_x>
                  <tip_y sid="tip_y" type="float">0.3637421</tip_y>
                  <tip_z sid="tip_z" type="float">0.2323572</tip_z>
                </technique>
              </extra>
            </node>
            <extra>
              <technique profile="blender">
                <roll sid="roll" type="float">-0.3709215</roll>
                <tip_x sid="tip_x" type="float">0.01411885</tip_x>
                <tip_y sid="tip_y" type="float">0.3637424</tip_y>
                <tip_z sid="tip_z" type="float">0.2323575</tip_z>
              </technique>
            </extra>
          </node>
          <node id="Biped_prop-sheath_R" name="prop-sheath_R" sid="prop-sheath_R" type="JOINT">
            <matrix sid="transform">1 4.70887e-7 -4.50544e-7 -0.4458506 4.50545e-7 -1.2517e-6 1 0.04214894 4.70887e-7 -1 -1.2964e-6 -0.005543761 0 0 0 1</matrix>
            <extra>
              <technique profile="blender">
                <roll sid="roll" type="float">-4.50545e-7</roll>
                <tip_x sid="tip_x" type="float">0</tip_x>
                <tip_y sid="tip_y" type="float">0.1882479</tip_y>
                <tip_z sid="tip_z" type="float">0.02475881</tip_z>
              </technique>
            </extra>
          </node>
          <extra>
            <technique profile="blender">
              <roll sid="roll" type="float">4.45839e-7</roll>
              <tip_x sid="tip_x" type="float">0</tip_x>
              <tip_y sid="tip_y" type="float">-0.02475905</tip_y>
              <tip_z sid="tip_z" type="float">0.1882476</tip_z>
            </technique>
          </extra>
        </node>
        <node id="Biped_knee_L" name="knee_L" sid="knee_L" type="JOINT">
          <matrix sid="transform">-1 0 0 0.6688504 0 -1 0 -2.524968 0 0 1 1.247289 0 0 0 1</matrix>
          <extra>
            <technique profile="blender">
              <tip_x sid="tip_x" type="float">0</tip_x>
              <tip_y sid="tip_y" type="float">-0.5</tip_y>
              <tip_z sid="tip_z" type="float">0</tip_z>
            </technique>
          </extra>
        </node>
        <node id="Biped_knee_R" name="knee_R" sid="knee_R" type="JOINT">
          <matrix sid="transform">-1 0 0 -0.6688504 0 -1 0 -2.524968 0 0 1 1.247289 0 0 0 1</matrix>
          <extra>
            <technique profile="blender">
              <tip_x sid="tip_x" type="float">0</tip_x>
              <tip_y sid="tip_y" type="float">-0.5</tip_y>
              <tip_z sid="tip_z" type="float">0</tip_z>
            </technique>
          </extra>
        </node>
        <node id="Biped_handIK_L" name="handIK_L" sid="handIK_L" type="JOINT">
          <matrix sid="transform">0.9914272 0.1306154 -0.003441763 0.8864825 0.02793835 -0.186185 0.9821175 -0.1577512 0.1276388 -0.973794 -0.1882382 2.327101 0 0 0 1</matrix>
          <extra>
            <technique profile="blender">
              <roll sid="roll" type="float">-0.161774</roll>
              <tip_x sid="tip_x" type="float">0.05482321</tip_x>
              <tip_y sid="tip_y" type="float">-0.07814747</tip_y>
              <tip_z sid="tip_z" type="float">-0.4087308</tip_z>
            </technique>
          </extra>
        </node>
        <node id="Biped_handIK_R" name="handIK_R" sid="handIK_R" type="JOINT">
          <matrix sid="transform">0.9913952 -0.1305481 0.009633966 -0.8864824 -0.03428164 -0.1879006 0.9815895 -0.1577512 -0.1263344 -0.9734734 -0.1907591 2.327101 0 0 0 1</matrix>
          <extra>
            <technique profile="blender">
              <roll sid="roll" type="float">0.1682205</roll>
              <tip_x sid="tip_x" type="float">-0.05479496</tip_x>
              <tip_y sid="tip_y" type="float">-0.07886755</tip_y>
              <tip_z sid="tip_z" type="float">-0.4085962</tip_z>
            </technique>
          </extra>
        </node>
        <node id="Biped_footIK_L" name="footIK_L" sid="footIK_L" type="JOINT">
          <matrix sid="transform">1 0 4.2924e-7 0.3781533 -7.82853e-8 -0.983228 0.1823806 0.2069193 4.22042e-7 -0.1823806 -0.983224 0.1289359 0 0 0 1</matrix>
          <extra>
            <technique profile="blender">
              <roll sid="roll" type="float">4.29243e-7</roll>
              <tip_x sid="tip_x" type="float">0</tip_x>
              <tip_y sid="tip_y" type="float">-0.4718444</tip_y>
              <tip_z sid="tip_z" type="float">-0.08752322</tip_z>
            </technique>
          </extra>
        </node>
        <node id="Biped_footIK_R" name="footIK_R" sid="footIK_R" type="JOINT">
          <matrix sid="transform">1 0 -4.2924e-7 -0.3781533 7.82853e-8 -0.983228 0.1823806 0.2069193 -4.22042e-7 -0.1823806 -0.983224 0.1289359 0 0 0 1</matrix>
          <extra>
            <technique profile="blender">
              <roll sid="roll" type="float">-4.29243e-7</roll>
              <tip_x sid="tip_x" type="float">0</tip_x>
              <tip_y sid="tip_y" type="float">-0.4718444</tip_y>
              <tip_z sid="tip_z" type="float">-0.08752322</tip_z>
            </technique>
          </extra>
        </node>
        <node id="Biped_elbow_L" name="elbow_L" sid="elbow_L" type="JOINT">
          <matrix sid="transform">1 0 0 0.6339188 0 1 0 1.381869 0 0 1 2.844311 0 0 0 1</matrix>
          <extra>
            <technique profile="blender">
              <tip_x sid="tip_x" type="float">0</tip_x>
              <tip_y sid="tip_y" type="float">0.4999999</tip_y>
              <tip_z sid="tip_z" type="float">0</tip_z>
            </technique>
          </extra>
        </node>
        <node id="Biped_elbow_R" name="elbow_R" sid="elbow_R" type="JOINT">
          <matrix sid="transform">1 0 0 -0.6339188 0 1 0 1.381869 0 0 1 2.844311 0 0 0 1</matrix>
          <extra>
            <technique profile="blender">
              <tip_x sid="tip_x" type="float">0</tip_x>
              <tip_y sid="tip_y" type="float">0.4999999</tip_y>
              <tip_z sid="tip_z" type="float">0</tip_z>
            </technique>
          </extra>
        </node>
        <node id="m_armor_naked" name="m_armor_naked" type="NODE">
          <matrix sid="transform">1 0 0 0 0 1 0 0 0 0 1 0 0 0 0 1</matrix>
          <instance_controller url="#Biped_m_armor_naked-skin">
            <skeleton>#Biped_hip</skeleton>
            <skeleton>#Biped_knee_L</skeleton>
            <skeleton>#Biped_knee_R</skeleton>
            <skeleton>#Biped_handIK_L</skeleton>
            <skeleton>#Biped_handIK_R</skeleton>
            <skeleton>#Biped_footIK_L</skeleton>
            <skeleton>#Biped_footIK_R</skeleton>
            <skeleton>#Biped_elbow_L</skeleton>
            <skeleton>#Biped_elbow_R</skeleton>
            <bind_material>
              <technique_common>
                <instance_material symbol="Skin_001-material" target="#Skin_001-material">
                  <bind_vertex_input semantic="Cube_027-mesh-map-0" input_semantic="TEXCOORD" input_set="0"/>
                </instance_material>
              </technique_common>
            </bind_material>
          </instance_controller>
        </node>
      </node>
    </visual_scene>
  </library_visual_scenes>
  <scene>
    <instance_visual_scene url="#Scene"/>
  </scene>
</COLLADA>