{
 "type": "FeatureCollection",
 "name": "provinces",
 "crs": {
  "type": "name",
  "properties": {
   "name": "urn:ogc:def:crs:EPSG::3857"
  }
 },
 "features": [
  {
   "type": "Feature",
   "properties": {
    "code": "north_polar_ice_cap",
    "name": "North Polar Ice Cap",
    "number": 1,
    "capital": null,
    "culture": null,
    "civs": [
     "mcc",
     "mla"
    ],
    "provinceType": "land",
    "terrain": "polar_ice",
    "mapTypes": [
     "mars"
    ],
    "resources": null,
    "religion": null,
    "population": "low",
    "centerpoint": [
     2083,
     177
    ],
    "position": {
     "x": 1088,
     "y": 0
    },
    "bbox": {
     "w": 2007,
     "h": 360
    },
    "maskSize": [
     2048,
     512
    ],
    "links": [
     "acidalia_planitia",
     "acidalia_terra",
     "utopia_planitia",
     "vastitas_borealis"
    ]
   },
   "geometry": {
    "type": "Polygon",
    "coordinates": [
     [
      [
       1088.0,
       -12.0
      ],
      [
       1090.0,
       -13.0
      ],
      [
       1089.0,
       -21.0
      ],
      [
       1091.0,
       -22.0
      ],
      [
       1089.0,
       -29.0
      ],
      [
       1091.0,
       -31.0
      ],
      [
       1090.0,
       -39.0
      ],
      [
       1092.0,
       -40.0
      ],
      [
       1092.0,
       -54.0
      ],
      [
       1094.0,
       -55.0
      ],
      [
       1092.0,
       -63.0
      ],
      [
       1095.0,
       -64.0
      ],
      [
       1091.0,
       -79.0
      ],
      [
       1094.0,
       -80.0
      ],
      [
       1091.0,
       -93.0
      ],
      [
       1093.0,
       -94.0
      ],
      [
       1092.0,
       -99.0
      ],
      [
       1094.0,
       -100.0
      ],
      [
       1092.0,
       -113.0
      ],
      [
       1094.0,
       -114.0
      ],
      [
       1093.0,
       -119.0
      ],
      [
       1099.0,
       -126.0
      ],
      [
       1103.0,
       -127.0
      ],
      [
       1102.0,
       -131.0
      ],
      [
       1123.0,
       -131.0
      ],
      [
       1126.0,
       -134.0
      ],
      [
       1126.0,
       -136.0
      ],
      [
       1122.0,
       -139.0
      ],
      [
       1122.0,
       -142.0
      ],
      [
       1130.0,
       -142.0
      ],
      [
       1131.0,
       -144.0
      ],
      [
       1135.0,
       -144.0
      ],
      [
       1135.0,
       -146.0
      ],
      [
       1137.0,
       -146.0
      ],
      [
       1138.0,
       -144.0
      ],
      [
       1140.0,
       -144.0
      ],
      [
       1141.0,
       -140.0
      ],
      [
       1150.0,
       -140.0
      ],
      [
       1151.0,
       -142.0
      ],
      [
       1154.0,
       -140.0
      ],
      [
       1158.0,
       -140.0
      ],
      [
       1162.0,
       -147.0
      ],
      [
       1168.0,
       -142.0
      ],
      [
       1170.0,
       -144.0
      ],
      [
       1176.0,
       -144.0
      ],
      [
       1178.0,
       -142.0
      ],
      [
       1180.0,
       -144.0
      ],
      [
       1196.0,
       -144.0
      ],
      [
       1198.0,
       -142.0
      ],
      [
       1209.0,
       -142.0
      ],
      [
       1210.0,
       -144.0
      ],
      [
       1226.0,
       -144.0
      ],
      [
       1227.0,
       -142.0
      ],
      [
       1234.0,
       -142.0
      ],
      [
       1235.0,
       -145.0
      ],
      [
       1233.0,
       -148.0
      ],
      [
       1231.0,
       -148.0
      ],
      [
       1228.0,
       -162.0
      ],
      [
       1229.0,
       -163.0
      ],
      [
       1229.0,
       -161.0
      ],
      [
       1232.0,
       -160.0
      ],
      [
       1232.0,
       -163.0
      ],
      [
       1244.0,
       -163.0
      ],
      [
       1244.0,
       -165.0
      ],
      [
       1253.0,
       -165.0
      ],
      [
       1255.0,
       -163.0
      ],
      [
       1259.0,
       -163.0
      ],
      [
       1262.0,
       -160.0
      ],
      [
       1262.0,
       -163.0
      ],
      [
       1264.0,
       -163.0
      ],
      [
       1264.0,
       -165.0
      ],
      [
       1267.0,
       -166.0
      ],
      [
       1266.0,
       -169.0
      ],
      [
       1268.0,
       -170.0
      ],
      [
       1268.0,
       -172.0
      ],
      [
       1274.0,
       -172.0
      ],
      [
       1277.0,
       -176.0
      ],
      [
       1280.0,
       -176.0
      ],
      [
       1281.0,
       -179.0
      ],
      [
       1284.0,
       -176.0
      ],
      [
       1291.0,
       -176.0
      ],
      [
       1292.0,
       -177.0
      ],
      [
       1290.0,
       -184.0
      ],
      [
       1285.0,
       -189.0
      ],
      [
       1283.0,
       -189.0
      ],
      [
       1282.0,
       -192.0
      ],
      [
       1284.0,
       -194.0
      ],
      [
       1293.0,
       -194.0
      ],
      [
       1294.0,
       -197.0
      ],
      [
       1300.0,
       -197.0
      ],
      [
       1301.0,
       -199.0
      ],
      [
       1305.0,
       -199.0
      ],
      [
       1306.0,
       -197.0
      ],
      [
       1308.0,
       -197.0
      ],
      [
       1308.0,
       -199.0
      ],
      [
       1315.0,
       -199.0
      ],
      [
       1316.0,
       -197.0
      ],
      [
       1318.0,
       -197.0
      ],
      [
       1319.0,
       -199.0
      ],
      [
       1338.0,
       -199.0
      ],
      [
       1346.0,
       -193.0
      ],
      [
       1348.0,
       -193.0
      ],
      [
       1350.0,
       -190.0
      ],
      [
       1354.0,
       -191.0
      ],
      [
       1356.0,
       -188.0
      ],
      [
       1358.0,
       -189.0
      ],
      [
       1358.0,
       -191.0
      ],
      [
       1364.0,
       -191.0
      ],
      [
       1365.0,
       -193.0
      ],
      [
       1374.0,
       -193.0
      ],
      [
       1375.0,
       -195.0
      ],
      [
       1380.0,
       -196.0
      ],
      [
       1379.0,
       -198.0
      ],
      [
       1381.0,
       -199.0
      ],
      [
       1381.0,
       -201.0
      ],
      [
       1377.0,
       -203.0
      ],
      [
       1376.0,
       -207.0
      ],
      [
       1382.0,
       -213.0
      ],
      [
       1385.0,
       -214.0
      ],
      [
       1384.0,
       -216.0
      ],
      [
       1387.0,
       -214.0
      ],
      [
       1391.0,
       -214.0
      ],
      [
       1393.0,
       -211.0
      ],
      [
       1395.0,
       -211.0
      ],
      [
       1395.0,
       -214.0
      ],
      [
       1397.0,
       -214.0
      ],
      [
       1397.0,
       -216.0
      ],
      [
       1400.0,
       -217.0
      ],
      [
       1398.0,
       -220.0
      ],
      [
       1400.0,
       -221.0
      ],
      [
       1403.0,
       -218.0
      ],
      [
       1404.0,
       -221.0
      ],
      [
       1408.0,
       -221.0
      ],
      [
       1408.0,
       -223.0
      ],
      [
       1412.0,
       -223.0
      ],
      [
       1413.0,
       -225.0
      ],
      [
       1436.0,
       -226.0
      ],
      [
       1436.0,
       -228.0
      ],
      [
       1439.0,
       -229.0
      ],
      [
       1435.0,
       -231.0
      ],
      [
       1431.0,
       -242.0
      ],
      [
       1423.0,
       -242.0
      ],
      [
       1419.0,
       -245.0
      ],
      [
       1417.0,
       -251.0
      ],
      [
       1419.0,
       -255.0
      ],
      [
       1431.0,
       -255.0
      ],
      [
       1432.0,
       -253.0
      ],
      [
       1434.0,
       -253.0
      ],
      [
       1435.0,
       -255.0
      ],
      [
       1439.0,
       -255.0
      ],
      [
       1446.0,
       -251.0
      ],
      [
       1446.0,
       -253.0
      ],
      [
       1449.0,
       -254.0
      ],
      [
       1448.0,
       -255.0
      ],
      [
       1455.0,
       -255.0
      ],
      [
       1456.0,
       -258.0
      ],
      [
       1460.0,
       -258.0
      ],
      [
       1460.0,
       -260.0
      ],
      [
       1463.0,
       -261.0
      ],
      [
       1462.0,
       -262.0
      ],
      [
       1480.0,
       -263.0
      ],
      [
       1481.0,
       -265.0
      ],
      [
       1485.0,
       -265.0
      ],
      [
       1485.0,
       -267.0
      ],
      [
       1509.0,
       -268.0
      ],
      [
       1509.0,
       -270.0
      ],
      [
       1511.0,
       -270.0
      ],
      [
       1512.0,
       -272.0
      ],
      [
       1517.0,
       -270.0
      ],
      [
       1517.0,
       -273.0
      ],
      [
       1519.0,
       -273.0
      ],
      [
       1519.0,
       -271.0
      ],
      [
       1522.0,
       -270.0
      ],
      [
       1527.0,
       -277.0
      ],
      [
       1531.0,
       -278.0
      ],
      [
       1536.0,
       -273.0
      ],
      [
       1542.0,
       -273.0
      ],
      [
       1543.0,
       -271.0
      ],
      [
       1551.0,
       -271.0
      ],
      [
       1553.0,
       -269.0
      ],
      [
       1557.0,
       -269.0
      ],
      [
       1558.0,
       -272.0
      ],
      [
       1565.0,
       -272.0
      ],
      [
       1566.0,
       -274.0
      ],
      [
       1570.0,
       -274.0
      ],
      [
       1572.0,
       -277.0
      ],
      [
       1583.0,
       -277.0
      ],
      [
       1584.0,
       -279.0
      ],
      [
       1586.0,
       -279.0
      ],
      [
       1587.0,
       -277.0
      ],
      [
       1596.0,
       -277.0
      ],
      [
       1597.0,
       -275.0
      ],
      [
       1602.0,
       -275.0
      ],
      [
       1602.0,
       -278.0
      ],
      [
       1607.0,
       -278.0
      ],
      [
       1611.0,
       -276.0
      ],
      [
       1611.0,
       -278.0
      ],
      [
       1613.0,
       -278.0
      ],
      [
       1614.0,
       -280.0
      ],
      [
       1607.0,
       -286.0
      ],
      [
       1605.0,
       -285.0
      ],
      [
       1605.0,
       -293.0
      ],
      [
       1601.0,
       -294.0
      ],
      [
       1600.0,
       -296.0
      ],
      [
       1592.0,
       -296.0
      ],
      [
       1587.0,
       -306.0
      ],
      [
       1590.0,
       -307.0
      ],
      [
       1589.0,
       -309.0
      ],
      [
       1591.0,
       -311.0
      ],
      [
       1601.0,
       -313.0
      ],
      [
       1601.0,
       -316.0
      ],
      [
       1603.0,
       -318.0
      ],
      [
       1616.0,
       -318.0
      ],
      [
       1619.0,
       -319.0
      ],
      [
       1619.0,
       -321.0
      ],
      [
       1621.0,
       -321.0
      ],
      [
       1627.0,
       -317.0
      ],
      [
       1635.0,
       -317.0
      ],
      [
       1645.0,
       -311.0
      ],
      [
       1651.0,
       -311.0
      ],
      [
       1652.0,
       -309.0
      ],
      [
       1667.0,
       -309.0
      ],
      [
       1667.0,
       -312.0
      ],
      [
       1671.0,
       -314.0
      ],
      [
       1671.0,
       -316.0
      ],
      [
       1679.0,
       -312.0
      ],
      [
       1684.0,
       -312.0
      ],
      [
       1684.0,
       -315.0
      ],
      [
       1699.0,
       -315.0
      ],
      [
       1699.0,
       -318.0
      ],
      [
       1701.0,
       -319.0
      ],
      [
       1700.0,
       -322.0
      ],
      [
       1709.0,
       -322.0
      ],
      [
       1712.0,
       -324.0
      ],
      [
       1711.0,
       -325.0
      ],
      [
       1714.0,
       -326.0
      ],
      [
       1713.0,
       -327.0
      ],
      [
       1721.0,
       -327.0
      ],
      [
       1722.0,
       -330.0
      ],
      [
       1727.0,
       -330.0
      ],
      [
       1728.0,
       -331.0
      ],
      [
       1725.0,
       -335.0
      ],
      [
       1719.0,
       -335.0
      ],
      [
       1718.0,
       -337.0
      ],
      [
       1715.0,
       -337.0
      ],
      [
       1715.0,
       -335.0
      ],
      [
       1713.0,
       -335.0
      ],
      [
       1710.0,
       -340.0
      ],
      [
       1724.0,
       -341.0
      ],
      [
       1725.0,
       -343.0
      ],
      [
       1752.0,
       -345.0
      ],
      [
       1754.0,
       -342.0
      ],
      [
       1757.0,
       -343.0
      ],
      [
       1759.0,
       -340.0
      ],
      [
       1765.0,
       -341.0
      ],
      [
       1770.0,
       -337.0
      ],
      [
       1773.0,
       -337.0
      ],
      [
       1773.0,
       -339.0
      ],
      [
       1779.0,
       -339.0
      ],
      [
       1781.0,
       -337.0
      ],
      [
       1784.0,
       -337.0
      ],
      [
       1785.0,
       -335.0
      ],
      [
       1804.0,
       -336.0
      ],
      [
       1807.0,
       -339.0
      ],
      [
       1804.0,
       -345.0
      ],
      [
       1806.0,
       -345.0
      ],
      [
       1806.0,
       -347.0
      ],
      [
       1809.0,
       -348.0
      ],
      [
       1808.0,
       -350.0
      ],
      [
       1814.0,
       -350.0
      ],
      [
       1814.0,
       -352.0
      ],
      [
       1817.0,
       -353.0
      ],
      [
       1816.0,
       -354.0
      ],
      [
       1822.0,
       -355.0
      ],
      [
       1823.0,
       -353.0
      ],
      [
       1826.0,
       -353.0
      ],
      [
       1826.0,
       -355.0
      ],
      [
       1856.0,
       -356.0
      ],
      [
       1857.0,
       -359.0
      ],
      [
       1865.0,
       -359.0
      ],
      [
       1872.0,
       -355.0
      ],
      [
       1885.0,
       -356.0
      ],
      [
       1887.0,
       -353.0
      ],
      [
       1890.0,
       -354.0
      ],
      [
       1892.0,
       -351.0
      ],
      [
       1895.0,
       -352.0
      ],
      [
       1897.0,
       -349.0
      ],
      [
       1899.0,
       -350.0
      ],
      [
       1901.0,
       -348.0
      ],
      [
       1904.0,
       -348.0
      ],
      [
       1909.0,
       -341.0
      ],
      [
       1930.0,
       -342.0
      ],
      [
       1931.0,
       -340.0
      ],
      [
       1955.0,
       -341.0
      ],
      [
       1959.0,
       -344.0
      ],
      [
       1958.0,
       -345.0
      ],
      [
       1967.0,
       -346.0
      ],
      [
       1971.0,
       -349.0
      ],
      [
       1970.0,
       -350.0
      ],
      [
       1984.0,
       -350.0
      ],
      [
       1986.0,
       -348.0
      ],
      [
       1991.0,
       -348.0
      ],
      [
       1993.0,
       -350.0
      ],
      [
       1992.0,
       -351.0
      ],
      [
       2009.0,
       -351.0
      ],
      [
       2009.0,
       -353.0
      ],
      [
       2013.0,
       -354.0
      ],
      [
       2012.0,
       -355.0
      ],
      [
       2015.0,
       -355.0
      ],
      [
       2016.0,
       -353.0
      ],
      [
       2027.0,
       -353.0
      ],
      [
       2034.0,
       -349.0
      ],
      [
       2051.0,
       -349.0
      ],
      [
       2055.0,
       -352.0
      ],
      [
       2054.0,
       -353.0
      ],
      [
       2061.0,
       -353.0
      ],
      [
       2062.0,
       -351.0
      ],
      [
       2072.0,
       -351.0
      ],
      [
       2073.0,
       -353.0
      ],
      [
       2079.0,
       -353.0
      ],
      [
       2079.0,
       -355.0
      ],
      [
       2104.0,
       -355.0
      ],
      [
       2116.0,
       -348.0
      ],
      [
       2134.0,
       -348.0
      ],
      [
       2136.0,
       -345.0
      ],
      [
       2144.0,
       -343.0
      ],
      [
       2145.0,
       -341.0
      ],
      [
       2151.0,
       -341.0
      ],
      [
       2152.0,
       -343.0
      ],
      [
       2162.0,
       -342.0
      ],
      [
       2162.0,
       -344.0
      ],
      [
       2165.0,
       -344.0
      ],
      [
       2167.0,
       -342.0
      ],
      [
       2188.0,
       -341.0
      ],
      [
       2190.0,
       -339.0
      ],
      [
       2192.0,
       -339.0
      ],
      [
       2193.0,
       -341.0
      ],
      [
       2199.0,
       -341.0
      ],
      [
       2199.0,
       -343.0
      ],
      [
       2201.0,
       -343.0
      ],
      [
       2202.0,
       -345.0
      ],
      [
       2212.0,
       -344.0
      ],
      [
       2212.0,
       -346.0
      ],
      [
       2215.0,
       -347.0
      ],
      [
       2214.0,
       -349.0
      ],
      [
       2221.0,
       -348.0
      ],
      [
       2223.0,
       -346.0
      ],
      [
       2225.0,
       -346.0
      ],
      [
       2226.0,
       -348.0
      ],
      [
       2239.0,
       -347.0
      ],
      [
       2241.0,
       -345.0
      ],
      [
       2247.0,
       -345.0
      ],
      [
       2249.0,
       -342.0
      ],
      [
       2256.0,
       -342.0
      ],
      [
       2257.0,
       -340.0
      ],
      [
       2261.0,
       -339.0
      ],
      [
       2262.0,
       -337.0
      ],
      [
       2265.0,
       -337.0
      ],
      [
       2268.0,
       -334.0
      ],
      [
       2277.0,
       -334.0
      ],
      [
       2278.0,
       -332.0
      ],
      [
       2285.0,
       -331.0
      ],
      [
       2286.0,
       -329.0
      ],
      [
       2292.0,
       -329.0
      ],
      [
       2293.0,
       -331.0
      ],
      [
       2298.0,
       -333.0
      ],
      [
       2300.0,
       -330.0
      ],
      [
       2306.0,
       -330.0
      ],
      [
       2312.0,
       -325.0
      ],
      [
       2318.0,
       -325.0
      ],
      [
       2320.0,
       -321.0
      ],
      [
       2307.0,
       -322.0
      ],
      [
       2306.0,
       -320.0
      ],
      [
       2308.0,
       -316.0
      ],
      [
       2335.0,
       -315.0
      ],
      [
       2337.0,
       -312.0
      ],
      [
       2339.0,
       -312.0
      ],
      [
       2340.0,
       -314.0
      ],
      [
       2353.0,
       -314.0
      ],
      [
       2354.0,
       -311.0
      ],
      [
       2361.0,
       -309.0
      ],
      [
       2362.0,
       -305.0
      ],
      [
       2366.0,
       -304.0
      ],
      [
       2368.0,
       -299.0
      ],
      [
       2373.0,
       -301.0
      ],
      [
       2377.0,
       -299.0
      ],
      [
       2378.0,
       -295.0
      ],
      [
       2382.0,
       -294.0
      ],
      [
       2383.0,
       -291.0
      ],
      [
       2386.0,
       -291.0
      ],
      [
       2387.0,
       -289.0
      ],
      [
       2392.0,
       -291.0
      ],
      [
       2396.0,
       -288.0
      ],
      [
       2400.0,
       -288.0
      ],
      [
       2405.0,
       -283.0
      ],
      [
       2407.0,
       -283.0
      ],
      [
       2408.0,
       -286.0
      ],
      [
       2416.0,
       -285.0
      ],
      [
       2417.0,
       -287.0
      ],
      [
       2422.0,
       -287.0
      ],
      [
       2423.0,
       -289.0
      ],
      [
       2437.0,
       -289.0
      ],
      [
       2439.0,
       -286.0
      ],
      [
       2446.0,
       -283.0
      ],
      [
       2466.0,
       -283.0
      ],
      [
       2468.0,
       -280.0
      ],
      [
       2486.0,
       -282.0
      ],
      [
       2487.0,
       -279.0
      ],
      [
       2489.0,
       -279.0
      ],
      [
       2490.0,
       -277.0
      ],
      [
       2496.0,
       -277.0
      ],
      [
       2497.0,
       -274.0
      ],
      [
       2502.0,
       -272.0
      ],
      [
       2507.0,
       -267.0
      ],
      [
       2512.0,
       -267.0
      ],
      [
       2513.0,
       -264.0
      ],
      [
       2525.0,
       -262.0
      ],
      [
       2525.0,
       -260.0
      ],
      [
       2529.0,
       -257.0
      ],
      [
       2537.0,
       -257.0
      ],
      [
       2537.0,
       -259.0
      ],
      [
       2542.0,
       -261.0
      ],
      [
       2543.0,
       -259.0
      ],
      [
       2545.0,
       -259.0
      ],
      [
       2546.0,
       -251.0
      ],
      [
       2550.0,
       -247.0
      ],
      [
       2552.0,
       -247.0
      ],
      [
       2554.0,
       -242.0
      ],
      [
       2556.0,
       -242.0
      ],
      [
       2556.0,
       -245.0
      ],
      [
       2558.0,
       -245.0
      ],
      [
       2558.0,
       -243.0
      ],
      [
       2562.0,
       -240.0
      ],
      [
       2575.0,
       -240.0
      ],
      [
       2576.0,
       -237.0
      ],
      [
       2584.0,
       -237.0
      ],
      [
       2584.0,
       -239.0
      ],
      [
       2586.0,
       -239.0
      ],
      [
       2587.0,
       -237.0
      ],
      [
       2605.0,
       -236.0
      ],
      [
       2606.0,
       -239.0
      ],
      [
       2608.0,
       -239.0
      ],
      [
       2608.0,
       -237.0
      ],
      [
       2613.0,
       -234.0
      ],
      [
       2611.0,
       -232.0
      ],
      [
       2612.0,
       -227.0
      ],
      [
       2624.0,
       -227.0
      ],
      [
       2625.0,
       -229.0
      ],
      [
       2627.0,
       -229.0
      ],
      [
       2630.0,
       -225.0
      ],
      [
       2637.0,
       -224.0
      ],
      [
       2638.0,
       -227.0
      ],
      [
       2642.0,
       -229.0
      ],
      [
       2643.0,
       -227.0
      ],
      [
       2645.0,
       -227.0
      ],
      [
       2646.0,
       -224.0
      ],
      [
       2650.0,
       -224.0
      ],
      [
       2651.0,
       -222.0
      ],
      [
       2660.0,
       -220.0
      ],
      [
       2661.0,
       -217.0
      ],
      [
       2673.0,
       -217.0
      ],
      [
       2674.0,
       -215.0
      ],
      [
       2676.0,
       -217.0
      ],
      [
       2680.0,
       -217.0
      ],
      [
       2681.0,
       -215.0
      ],
      [
       2683.0,
       -217.0
      ],
      [
       2685.0,
       -217.0
      ],
      [
       2686.0,
       -215.0
      ],
      [
       2697.0,
       -215.0
      ],
      [
       2698.0,
       -217.0
      ],
      [
       2704.0,
       -219.0
      ],
      [
       2705.0,
       -217.0
      ],
      [
       2715.0,
       -217.0
      ],
      [
       2716.0,
       -215.0
      ],
      [
       2720.0,
       -215.0
      ],
      [
       2721.0,
       -213.0
      ],
      [
       2741.0,
       -213.0
      ],
      [
       2744.0,
       -216.0
      ],
      [
       2744.0,
       -219.0
      ],
      [
       2752.0,
       -217.0
      ],
      [
       2752.0,
       -219.0
      ],
      [
       2754.0,
       -219.0
      ],
      [
       2755.0,
       -222.0
      ],
      [
       2758.0,
       -219.0
      ],
      [
       2761.0,
       -223.0
      ],
      [
       2761.0,
       -231.0
      ],
      [
       2781.0,
       -231.0
      ],
      [
       2782.0,
       -229.0
      ],
      [
       2784.0,
       -229.0
      ],
      [
       2785.0,
       -231.0
      ],
      [
       2792.0,
       -231.0
      ],
      [
       2793.0,
       -229.0
      ],
      [
       2803.0,
       -229.0
      ],
      [
       2807.0,
       -225.0
      ],
      [
       2807.0,
       -223.0
      ],
      [
       2810.0,
       -220.0
      ],
      [
       2812.0,
       -220.0
      ],
      [
       2815.0,
       -216.0
      ],
      [
       2820.0,
       -216.0
      ],
      [
       2821.0,
       -214.0
      ],
      [
       2823.0,
       -216.0
      ],
      [
       2826.0,
       -216.0
      ],
      [
       2827.0,
       -214.0
      ],
      [
       2833.0,
       -212.0
      ],
      [
       2833.0,
       -210.0
      ],
      [
       2836.0,
       -207.0
      ],
      [
       2839.0,
       -209.0
      ],
      [
       2844.0,
       -203.0
      ],
      [
       2847.0,
       -203.0
      ],
      [
       2848.0,
       -201.0
      ],
      [
       2857.0,
       -201.0
      ],
      [
       2862.0,
       -206.0
      ],
      [
       2862.0,
       -210.0
      ],
      [
       2858.0,
       -211.0
      ],
      [
       2858.0,
       -214.0
      ],
      [
       2860.0,
       -215.0
      ],
      [
       2859.0,
       -217.0
      ],
      [
       2861.0,
       -218.0
      ],
      [
       2861.0,
       -230.0
      ],
      [
       2866.0,
       -230.0
      ],
      [
       2876.0,
       -219.0
      ],
      [
       2875.0,
       -202.0
      ],
      [
       2882.0,
       -199.0
      ],
      [
       2884.0,
       -191.0
      ],
      [
       2887.0,
       -188.0
      ],
      [
       2892.0,
       -188.0
      ],
      [
       2893.0,
       -186.0
      ],
      [
       2898.0,
       -186.0
      ],
      [
       2899.0,
       -188.0
      ],
      [
       2902.0,
       -188.0
      ],
      [
       2903.0,
       -186.0
      ],
      [
       2914.0,
       -187.0
      ],
      [
       2915.0,
       -184.0
      ],
      [
       2924.0,
       -185.0
      ],
      [
       2930.0,
       -169.0
      ],
      [
       2932.0,
       -171.0
      ],
      [
       2934.0,
       -169.0
      ],
      [
       2944.0,
       -169.0
      ],
      [
       2946.0,
       -172.0
      ],
      [
       2948.0,
       -170.0
      ],
      [
       2949.0,
       -165.0
      ],
      [
       2947.0,
       -163.0
      ],
      [
       2948.0,
       -150.0
      ],
      [
       2951.0,
       -147.0
      ],
      [
       2957.0,
       -145.0
      ],
      [
       2958.0,
       -143.0
      ],
      [
       2964.0,
       -143.0
      ],
      [
       2966.0,
       -141.0
      ],
      [
       2976.0,
       -141.0
      ],
      [
       2977.0,
       -139.0
      ],
      [
       2986.0,
       -139.0
      ],
      [
       2987.0,
       -137.0
      ],
      [
       2996.0,
       -137.0
      ],
      [
       2997.0,
       -135.0
      ],
      [
       3004.0,
       -133.0
      ],
      [
       3005.0,
       -127.0
      ],
      [
       3009.0,
       -126.0
      ],
      [
       3011.0,
       -124.0
      ],
      [
       3011.0,
       -121.0
      ],
      [
       3015.0,
       -120.0
      ],
      [
       3017.0,
       -117.0
      ],
      [
       3022.0,
       -118.0
      ],
      [
       3022.0,
       -116.0
      ],
      [
       3026.0,
       -113.0
      ],
      [
       3027.0,
       -116.0
      ],
      [
       3035.0,
       -116.0
      ],
      [
       3037.0,
       -118.0
      ],
      [
       3040.0,
       -114.0
      ],
      [
       3045.0,
       -114.0
      ],
      [
       3046.0,
       -108.0
      ],
      [
       3054.0,
       -103.0
      ],
      [
       3055.0,
       -105.0
      ],
      [
       3060.0,
       -105.0
      ],
      [
       3061.0,
       -108.0
      ],
      [
       3071.0,
       -110.0
      ],
      [
       3071.0,
       -113.0
      ],
      [
       3074.0,
       -113.0
      ],
      [
       3074.0,
       -111.0
      ],
      [
       3077.0,
       -110.0
      ],
      [
       3082.0,
       -115.0
      ],
      [
       3089.0,
       -115.0
      ],
      [
       3090.0,
       -113.0
      ],
      [
       3093.0,
       -113.0
      ],
      [
       3094.0,
       -110.0
      ],
      [
       3089.0,
       -110.0
      ],
      [
       3085.0,
       -103.0
      ],
      [
       3071.0,
       -102.0
      ],
      [
       3071.0,
       -100.0
      ],
      [
       3066.0,
       -100.0
      ],
      [
       3064.0,
       -95.0
      ],
      [
       3051.0,
       -95.0
      ],
      [
       3051.0,
       -92.0
      ],
      [
       3046.0,
       -92.0
      ],
      [
       3045.0,
       -94.0
      ],
      [
       3043.0,
       -92.0
      ],
      [
       3040.0,
       -92.0
      ],
      [
       3039.0,
       -94.0
      ],
      [
       3028.0,
       -94.0
      ],
      [
       3025.0,
       -91.0
      ],
      [
       3023.0,
       -94.0
      ],
      [
       3019.0,
       -94.0
      ],
      [
       3018.0,
       -91.0
      ],
      [
       2999.0,
       -91.0
      ],
      [
       2998.0,
       -81.0
      ],
      [
       2995.0,
       -81.0
      ],
      [
       2994.0,
       -79.0
      ],
      [
       2991.0,
       -79.0
      ],
      [
       2983.0,
       -88.0
      ],
      [
       2981.0,
       -87.0
      ],
      [
       2982.0,
       -85.0
      ],
      [
       2980.0,
       -83.0
      ],
      [
       2969.0,
       -83.0
      ],
      [
       2968.0,
       -80.0
      ],
      [
       2962.0,
       -80.0
      ],
      [
       2957.0,
       -75.0
      ],
      [
       2956.0,
       -71.0
      ],
      [
       2952.0,
       -68.0
      ],
      [
       2952.0,
       -66.0
      ],
      [
       2950.0,
       -65.0
      ],
      [
       2951.0,
       -64.0
      ],
      [
       2945.0,
       -58.0
      ],
      [
       2946.0,
       -55.0
      ],
      [
       2944.0,
       -54.0
      ],
      [
       2944.0,
       -50.0
      ],
      [
       2942.0,
       -49.0
      ],
      [
       2941.0,
       -43.0
      ],
      [
       2939.0,
       -42.0
      ],
      [
       2940.0,
       -39.0
      ],
      [
       2938.0,
       -38.0
      ],
      [
       2938.0,
       -34.0
      ],
      [
       2936.0,
       -33.0
      ],
      [
       2937.0,
       -27.0
      ],
      [
       2935.0,
       -26.0
      ],
      [
       2936.0,
       -20.0
      ],
      [
       2934.0,
       -19.0
      ],
      [
       2935.0,
       -13.0
      ],
      [
       2933.0,
       -12.0
      ],
      [
       2933.0,
       0.0
      ],
      [
       1089.0,
       0.0
      ],
      [
       1088.0,
       -12.0
      ]
     ]
    ]
   }
  },
  {
   "type": "Feature",
   "properties": {
    "code": "arcadia_planitia",
    "name": "Arcadia Planitia",
    "number": 2,
    "capital": null,
    "culture": null,
    "civs": [
     "mcc",
     "mla"
    ],
    "provinceType": "land",
    "terrain": "plains",
    "mapTypes": [
     "mars"
    ],
    "resources": null,
    "religion": null,
    "population": "high",
    "centerpoint": [
     301,
     187
    ],
    "position": {
     "x": 0,
     "y": 0
    },
    "bbox": {
     "w": 662,
     "h": 386
    },
    "maskSize": [
     1024,
     512
    ],
    "links": [
     "acidalia_planitia",
     "olympus_mons",
     "tharsis_montes"
    ]
   },
   "geometry": {
    "type": "Polygon",
    "coordinates": [
     [
      [
       0.0,
       0.0
      ],
      [
       0.0,
       -342.0
      ],
      [
       15.0,
       -342.0
      ],
      [
       16.0,
       -345.0
      ],
      [
       18.0,
       -345.0
      ],
      [
       19.0,
       -347.0
      ],
      [
       21.0,
       -347.0
      ],
      [
       22.0,
       -345.0
      ],
      [
       30.0,
       -346.0
      ],
      [
       39.0,
       -354.0
      ],
      [
       39.0,
       -357.0
      ],
      [
       46.0,
       -357.0
      ],
      [
       48.0,
       -360.0
      ],
      [
       53.0,
       -360.0
      ],
      [
       54.0,
       -362.0
      ],
      [
       60.0,
       -365.0
      ],
      [
       81.0,
       -367.0
      ],
      [
       82.0,
       -365.0
      ],
      [
       90.0,
       -365.0
      ],
      [
       90.0,
       -363.0
      ],
      [
       92.0,
       -364.0
      ],
      [
       92.0,
       -362.0
      ],
      [
       89.0,
       -361.0
      ],
      [
       90.0,
       -357.0
      ],
      [
       92.0,
       -357.0
      ],
      [
       93.0,
       -355.0
      ],
      [
       103.0,
       -356.0
      ],
      [
       107.0,
       -352.0
      ],
      [
       109.0,
       -353.0
      ],
      [
       110.0,
       -351.0
      ],
      [
       114.0,
       -351.0
      ],
      [
       122.0,
       -345.0
      ],
      [
       122.0,
       -342.0
      ],
      [
       125.0,
       -341.0
      ],
      [
       125.0,
       -338.0
      ],
      [
       131.0,
       -333.0
      ],
      [
       155.0,
       -335.0
      ],
      [
       157.0,
       -338.0
      ],
      [
       172.0,
       -339.0
      ],
      [
       173.0,
       -341.0
      ],
      [
       179.0,
       -344.0
      ],
      [
       179.0,
       -348.0
      ],
      [
       181.0,
       -348.0
      ],
      [
       182.0,
       -350.0
      ],
      [
       186.0,
       -350.0
      ],
      [
       187.0,
       -353.0
      ],
      [
       197.0,
       -355.0
      ],
      [
       198.0,
       -358.0
      ],
      [
       200.0,
       -358.0
      ],
      [
       204.0,
       -354.0
      ],
      [
       211.0,
       -354.0
      ],
      [
       212.0,
       -357.0
      ],
      [
       214.0,
       -357.0
      ],
      [
       218.0,
       -361.0
      ],
      [
       230.0,
       -362.0
      ],
      [
       234.0,
       -367.0
      ],
      [
       243.0,
       -367.0
      ],
      [
       245.0,
       -370.0
      ],
      [
       251.0,
       -373.0
      ],
      [
       254.0,
       -379.0
      ],
      [
       259.0,
       -382.0
      ],
      [
       259.0,
       -384.0
      ],
      [
       282.0,
       -385.0
      ],
      [
       286.0,
       -381.0
      ],
      [
       290.0,
       -382.0
      ],
      [
       291.0,
       -380.0
      ],
      [
       295.0,
       -380.0
      ],
      [
       296.0,
       -378.0
      ],
      [
       300.0,
       -378.0
      ],
      [
       301.0,
       -376.0
      ],
      [
       305.0,
       -376.0
      ],
      [
       306.0,
       -374.0
      ],
      [
       316.0,
       -375.0
      ],
      [
       317.0,
       -377.0
      ],
      [
       321.0,
       -377.0
      ],
      [
       322.0,
       -375.0
      ],
      [
       340.0,
       -376.0
      ],
      [
       343.0,
       -379.0
      ],
      [
       345.0,
       -377.0
      ],
      [
       352.0,
       -377.0
      ],
      [
       353.0,
       -375.0
      ],
      [
       357.0,
       -375.0
      ],
      [
       358.0,
       -373.0
      ],
      [
       362.0,
       -374.0
      ],
      [
       363.0,
       -371.0
      ],
      [
       369.0,
       -372.0
      ],
      [
       373.0,
       -376.0
      ],
      [
       375.0,
       -376.0
      ],
      [
       376.0,
       -374.0
      ],
      [
       380.0,
       -375.0
      ],
      [
       381.0,
       -372.0
      ],
      [
       385.0,
       -373.0
      ],
      [
       384.0,
       -372.0
      ],
      [
       387.0,
       -371.0
      ],
      [
       387.0,
       -369.0
      ],
      [
       384.0,
       -368.0
      ],
      [
       384.0,
       -365.0
      ],
      [
       389.0,
       -364.0
      ],
      [
       391.0,
       -362.0
      ],
      [
       391.0,
       -357.0
      ],
      [
       394.0,
       -356.0
      ],
      [
       395.0,
       -352.0
      ],
      [
       403.0,
       -350.0
      ],
      [
       404.0,
       -348.0
      ],
      [
       406.0,
       -348.0
      ],
      [
       407.0,
       -346.0
      ],
      [
       411.0,
       -346.0
      ],
      [
       412.0,
       -344.0
      ],
      [
       423.0,
       -344.0
      ],
      [
       424.0,
       -342.0
      ],
      [
       428.0,
       -342.0
      ],
      [
       429.0,
       -340.0
      ],
      [
       437.0,
       -338.0
      ],
      [
       438.0,
       -336.0
      ],
      [
       449.0,
       -337.0
      ],
      [
       450.0,
       -335.0
      ],
      [
       454.0,
       -335.0
      ],
      [
       455.0,
       -337.0
      ],
      [
       457.0,
       -337.0
      ],
      [
       460.0,
       -342.0
      ],
      [
       471.0,
       -342.0
      ],
      [
       472.0,
       -340.0
      ],
      [
       478.0,
       -340.0
      ],
      [
       482.0,
       -336.0
      ],
      [
       485.0,
       -336.0
      ],
      [
       486.0,
       -339.0
      ],
      [
       488.0,
       -339.0
      ],
      [
       489.0,
       -341.0
      ],
      [
       493.0,
       -341.0
      ],
      [
       496.0,
       -344.0
      ],
      [
       496.0,
       -346.0
      ],
      [
       514.0,
       -346.0
      ],
      [
       515.0,
       -344.0
      ],
      [
       521.0,
       -344.0
      ],
      [
       522.0,
       -347.0
      ],
      [
       526.0,
       -347.0
      ],
      [
       531.0,
       -352.0
      ],
      [
       531.0,
       -354.0
      ],
      [
       533.0,
       -354.0
      ],
      [
       538.0,
       -359.0
      ],
      [
       538.0,
       -361.0
      ],
      [
       542.0,
       -361.0
      ],
      [
       543.0,
       -363.0
      ],
      [
       551.0,
       -363.0
      ],
      [
       552.0,
       -366.0
      ],
      [
       558.0,
       -366.0
      ],
      [
       559.0,
       -364.0
      ],
      [
       581.0,
       -364.0
      ],
      [
       582.0,
       -362.0
      ],
      [
       590.0,
       -360.0
      ],
      [
       591.0,
       -358.0
      ],
      [
       596.0,
       -358.0
      ],
      [
       597.0,
       -356.0
      ],
      [
       601.0,
       -356.0
      ],
      [
       603.0,
       -359.0
      ],
      [
       603.0,
       -357.0
      ],
      [
       608.0,
       -352.0
      ],
      [
       610.0,
       -352.0
      ],
      [
       612.0,
       -344.0
      ],
      [
       616.0,
       -341.0
      ],
      [
       616.0,
       -338.0
      ],
      [
       612.0,
       -334.0
      ],
      [
       612.0,
       -320.0
      ],
      [
       614.0,
       -319.0
      ],
      [
       615.0,
       -315.0
      ],
      [
       623.0,
       -313.0
      ],
      [
       623.0,
       -311.0
      ],
      [
       625.0,
       -310.0
      ],
      [
       625.0,
       -303.0
      ],
      [
       628.0,
       -302.0
      ],
      [
       628.0,
       -298.0
      ],
      [
       631.0,
       -295.0
      ],
      [
       635.0,
       -295.0
      ],
      [
       639.0,
       -291.0
      ],
      [
       639.0,
       -281.0
      ],
      [
       642.0,
       -280.0
      ],
      [
       642.0,
       -277.0
      ],
      [
       645.0,
       -273.0
      ],
      [
       649.0,
       -274.0
      ],
      [
       649.0,
       -272.0
      ],
      [
       651.0,
       -271.0
      ],
      [
       651.0,
       -266.0
      ],
      [
       653.0,
       -265.0
      ],
      [
       653.0,
       -261.0
      ],
      [
       656.0,
       -260.0
      ],
      [
       658.0,
       -250.0
      ],
      [
       661.0,
       -249.0
      ],
      [
       661.0,
       -244.0
      ],
      [
       658.0,
       -243.0
      ],
      [
       659.0,
       -239.0
      ],
      [
       657.0,
       -239.0
      ],
      [
       654.0,
       -236.0
      ],
      [
       654.0,
       -230.0
      ],
      [
       652.0,
       -229.0
      ],
      [
       652.0,
       -219.0
      ],
      [
       644.0,
       -212.0
      ],
      [
       644.0,
       -210.0
      ],
      [
       635.0,
       -210.0
      ],
      [
       628.0,
       -201.0
      ],
      [
       624.0,
       -201.0
      ],
      [
       622.0,
       -203.0
      ],
      [
       618.0,
       -199.0
      ],
      [
       608.0,
       -199.0
      ],
      [
       605.0,
       -195.0
      ],
      [
       605.0,
       -192.0
      ],
      [
       602.0,
       -191.0
      ],
      [
       602.0,
       -185.0
      ],
      [
       598.0,
       -181.0
      ],
      [
       594.0,
       -181.0
      ],
      [
       593.0,
       -178.0
      ],
      [
       588.0,
       -175.0
      ],
      [
       589.0,
       -170.0
      ],
      [
       587.0,
       -170.0
      ],
      [
       586.0,
       -167.0
      ],
      [
       580.0,
       -167.0
      ],
      [
       577.0,
       -164.0
      ],
      [
       577.0,
       -152.0
      ],
      [
       575.0,
       -151.0
      ],
      [
       575.0,
       -147.0
      ],
      [
       573.0,
       -147.0
      ],
      [
       572.0,
       -145.0
      ],
      [
       566.0,
       -145.0
      ],
      [
       563.0,
       -142.0
      ],
      [
       563.0,
       -130.0
      ],
      [
       561.0,
       -129.0
      ],
      [
       561.0,
       -125.0
      ],
      [
       559.0,
       -124.0
      ],
      [
       559.0,
       -119.0
      ],
      [
       561.0,
       -118.0
      ],
      [
       561.0,
       -116.0
      ],
      [
       559.0,
       -115.0
      ],
      [
       561.0,
       -113.0
      ],
      [
       559.0,
       -111.0
      ],
      [
       559.0,
       -105.0
      ],
      [
       561.0,
       -104.0
      ],
      [
       562.0,
       -99.0
      ],
      [
       564.0,
       -98.0
      ],
      [
       564.0,
       -92.0
      ],
      [
       567.0,
       -91.0
      ],
      [
       567.0,
       -88.0
      ],
      [
       569.0,
       -87.0
      ],
      [
       569.0,
       -81.0
      ],
      [
       572.0,
       -78.0
      ],
      [
       572.0,
       -73.0
      ],
      [
       575.0,
       -72.0
      ],
      [
       575.0,
       -62.0
      ],
      [
       578.0,
       -61.0
      ],
      [
       578.0,
       -58.0
      ],
      [
       580.0,
       -57.0
      ],
      [
       580.0,
       -51.0
      ],
      [
       583.0,
       -50.0
      ],
      [
       583.0,
       -44.0
      ],
      [
       586.0,
       -43.0
      ],
      [
       586.0,
       -33.0
      ],
      [
       589.0,
       -33.0
      ],
      [
       589.0,
       -27.0
      ],
      [
       591.0,
       -26.0
      ],
      [
       592.0,
       -16.0
      ],
      [
       595.0,
       -12.0
      ],
      [
       595.0,
       0.0
      ],
      [
       0.0,
       0.0
      ]
     ]
    ]
   }
  },
  {
   "type": "Feature",
   "properties": {
    "code": "acidalia_planitia",
    "name": "Acidalia Planitia",
    "number": 3,
    "capital": null,
    "culture": null,
    "civs": [
     "mcc",
     "mla"
    ],
    "provinceType": "land",
    "terrain": "plains",
    "mapTypes": [
     "mars"
    ],
    "resources": null,
    "religion": null,
    "population": "high",
    "centerpoint": [
     899,
     211
    ],
    "position": {
     "x": 560,
     "y": 0
    },
    "bbox": {
     "w": 761,
     "h": 478
    },
    "maskSize": [
     1024,
     512
    ],
    "links": [
     "acidalia_terra",
     "arcadia_planitia",
     "north_polar_ice_cap",
     "tempe_terra",
     "tharsis_montes"
    ]
   },
   "geometry": {
    "type": "Polygon",
    "coordinates": [
     [
      [
       560.0,
       -105.0
      ],
      [
       560.0,
       -111.0
      ],
      [
       562.0,
       -112.0
      ],
      [
       560.0,
       -114.0
      ],
      [
       562.0,
       -116.0
      ],
      [
       562.0,
       -118.0
      ],
      [
       560.0,
       -119.0
      ],
      [
       560.0,
       -124.0
      ],
      [
       562.0,
       -125.0
      ],
      [
       562.0,
       -129.0
      ],
      [
       564.0,
       -130.0
      ],
      [
       564.0,
       -142.0
      ],
      [
       566.0,
       -144.0
      ],
      [
       572.0,
       -144.0
      ],
      [
       576.0,
       -147.0
      ],
      [
       576.0,
       -151.0
      ],
      [
       578.0,
       -152.0
      ],
      [
       578.0,
       -164.0
      ],
      [
       580.0,
       -166.0
      ],
      [
       586.0,
       -166.0
      ],
      [
       587.0,
       -169.0
      ],
      [
       590.0,
       -170.0
      ],
      [
       589.0,
       -175.0
      ],
      [
       591.0,
       -175.0
      ],
      [
       594.0,
       -178.0
      ],
      [
       594.0,
       -180.0
      ],
      [
       598.0,
       -180.0
      ],
      [
       603.0,
       -185.0
      ],
      [
       603.0,
       -191.0
      ],
      [
       606.0,
       -192.0
      ],
      [
       608.0,
       -198.0
      ],
      [
       618.0,
       -198.0
      ],
      [
       622.0,
       -202.0
      ],
      [
       624.0,
       -200.0
      ],
      [
       628.0,
       -200.0
      ],
      [
       635.0,
       -209.0
      ],
      [
       644.0,
       -209.0
      ],
      [
       645.0,
       -212.0
      ],
      [
       653.0,
       -219.0
      ],
      [
       653.0,
       -229.0
      ],
      [
       655.0,
       -230.0
      ],
      [
       655.0,
       -236.0
      ],
      [
       660.0,
       -239.0
      ],
      [
       659.0,
       -243.0
      ],
      [
       662.0,
       -244.0
      ],
      [
       662.0,
       -249.0
      ],
      [
       659.0,
       -250.0
      ],
      [
       657.0,
       -260.0
      ],
      [
       654.0,
       -261.0
      ],
      [
       654.0,
       -265.0
      ],
      [
       652.0,
       -266.0
      ],
      [
       652.0,
       -269.0
      ],
      [
       656.0,
       -272.0
      ],
      [
       656.0,
       -274.0
      ],
      [
       654.0,
       -275.0
      ],
      [
       654.0,
       -278.0
      ],
      [
       651.0,
       -281.0
      ],
      [
       649.0,
       -281.0
      ],
      [
       649.0,
       -291.0
      ],
      [
       653.0,
       -296.0
      ],
      [
       655.0,
       -296.0
      ],
      [
       656.0,
       -294.0
      ],
      [
       658.0,
       -296.0
      ],
      [
       664.0,
       -296.0
      ],
      [
       667.0,
       -299.0
      ],
      [
       667.0,
       -301.0
      ],
      [
       673.0,
       -306.0
      ],
      [
       673.0,
       -312.0
      ],
      [
       679.0,
       -317.0
      ],
      [
       679.0,
       -325.0
      ],
      [
       683.0,
       -328.0
      ],
      [
       683.0,
       -330.0
      ],
      [
       685.0,
       -330.0
      ],
      [
       685.0,
       -332.0
      ],
      [
       691.0,
       -330.0
      ],
      [
       694.0,
       -333.0
      ],
      [
       694.0,
       -337.0
      ],
      [
       696.0,
       -338.0
      ],
      [
       694.0,
       -340.0
      ],
      [
       694.0,
       -343.0
      ],
      [
       696.0,
       -344.0
      ],
      [
       696.0,
       -346.0
      ],
      [
       694.0,
       -347.0
      ],
      [
       693.0,
       -354.0
      ],
      [
       696.0,
       -355.0
      ],
      [
       695.0,
       -361.0
      ],
      [
       697.0,
       -362.0
      ],
      [
       697.0,
       -368.0
      ],
      [
       703.0,
       -368.0
      ],
      [
       706.0,
       -371.0
      ],
      [
       706.0,
       -373.0
      ],
      [
       709.0,
       -373.0
      ],
      [
       709.0,
       -371.0
      ],
      [
       711.0,
       -370.0
      ],
      [
       712.0,
       -373.0
      ],
      [
       716.0,
       -376.0
      ],
      [
       718.0,
       -384.0
      ],
      [
       721.0,
       -384.0
      ],
      [
       723.0,
       -382.0
      ],
      [
       726.0,
       -386.0
      ],
      [
       730.0,
       -387.0
      ],
      [
       734.0,
       -398.0
      ],
      [
       737.0,
       -398.0
      ],
      [
       741.0,
       -393.0
      ],
      [
       744.0,
       -393.0
      ],
      [
       745.0,
       -391.0
      ],
      [
       752.0,
       -391.0
      ],
      [
       753.0,
       -389.0
      ],
      [
       757.0,
       -389.0
      ],
      [
       758.0,
       -387.0
      ],
      [
       761.0,
       -387.0
      ],
      [
       766.0,
       -383.0
      ],
      [
       771.0,
       -383.0
      ],
      [
       774.0,
       -386.0
      ],
      [
       774.0,
       -392.0
      ],
      [
       776.0,
       -394.0
      ],
      [
       779.0,
       -394.0
      ],
      [
       780.0,
       -392.0
      ],
      [
       783.0,
       -394.0
      ],
      [
       785.0,
       -392.0
      ],
      [
       786.0,
       -394.0
      ],
      [
       789.0,
       -394.0
      ],
      [
       792.0,
       -397.0
      ],
      [
       792.0,
       -399.0
      ],
      [
       797.0,
       -399.0
      ],
      [
       802.0,
       -405.0
      ],
      [
       805.0,
       -405.0
      ],
      [
       810.0,
       -409.0
      ],
      [
       810.0,
       -412.0
      ],
      [
       805.0,
       -416.0
      ],
      [
       805.0,
       -419.0
      ],
      [
       809.0,
       -422.0
      ],
      [
       807.0,
       -424.0
      ],
      [
       806.0,
       -432.0
      ],
      [
       808.0,
       -433.0
      ],
      [
       808.0,
       -435.0
      ],
      [
       811.0,
       -435.0
      ],
      [
       812.0,
       -437.0
      ],
      [
       819.0,
       -437.0
      ],
      [
       824.0,
       -442.0
      ],
      [
       824.0,
       -444.0
      ],
      [
       826.0,
       -445.0
      ],
      [
       825.0,
       -446.0
      ],
      [
       831.0,
       -451.0
      ],
      [
       831.0,
       -455.0
      ],
      [
       834.0,
       -455.0
      ],
      [
       835.0,
       -457.0
      ],
      [
       840.0,
       -457.0
      ],
      [
       840.0,
       -459.0
      ],
      [
       845.0,
       -459.0
      ],
      [
       847.0,
       -457.0
      ],
      [
       852.0,
       -457.0
      ],
      [
       853.0,
       -455.0
      ],
      [
       858.0,
       -455.0
      ],
      [
       863.0,
       -451.0
      ],
      [
       868.0,
       -451.0
      ],
      [
       869.0,
       -453.0
      ],
      [
       872.0,
       -453.0
      ],
      [
       873.0,
       -455.0
      ],
      [
       877.0,
       -456.0
      ],
      [
       876.0,
       -462.0
      ],
      [
       878.0,
       -463.0
      ],
      [
       878.0,
       -466.0
      ],
      [
       880.0,
       -468.0
      ],
      [
       884.0,
       -469.0
      ],
      [
       883.0,
       -471.0
      ],
      [
       892.0,
       -471.0
      ],
      [
       893.0,
       -473.0
      ],
      [
       906.0,
       -473.0
      ],
      [
       907.0,
       -471.0
      ],
      [
       911.0,
       -471.0
      ],
      [
       911.0,
       -469.0
      ],
      [
       915.0,
       -468.0
      ],
      [
       916.0,
       -466.0
      ],
      [
       925.0,
       -466.0
      ],
      [
       927.0,
       -464.0
      ],
      [
       936.0,
       -464.0
      ],
      [
       937.0,
       -466.0
      ],
      [
       942.0,
       -466.0
      ],
      [
       944.0,
       -471.0
      ],
      [
       953.0,
       -470.0
      ],
      [
       956.0,
       -475.0
      ],
      [
       960.0,
       -476.0
      ],
      [
       959.0,
       -477.0
      ],
      [
       961.0,
       -477.0
      ],
      [
       962.0,
       -475.0
      ],
      [
       965.0,
       -477.0
      ],
      [
       968.0,
       -473.0
      ],
      [
       971.0,
       -473.0
      ],
      [
       972.0,
       -475.0
      ],
      [
       979.0,
       -475.0
      ],
      [
       985.0,
       -468.0
      ],
      [
       995.0,
       -468.0
      ],
      [
       995.0,
       -470.0
      ],
      [
       998.0,
       -470.0
      ],
      [
       999.0,
       -472.0
      ],
      [
       1021.0,
       -470.0
      ],
      [
       1023.0,
       -468.0
      ],
      [
       1028.0,
       -468.0
      ],
      [
       1029.0,
       -466.0
      ],
      [
       1032.0,
       -466.0
      ],
      [
       1034.0,
       -463.0
      ],
      [
       1037.0,
       -463.0
      ],
      [
       1038.0,
       -461.0
      ],
      [
       1046.0,
       -459.0
      ],
      [
       1050.0,
       -455.0
      ],
      [
       1052.0,
       -457.0
      ],
      [
       1062.0,
       -457.0
      ],
      [
       1064.0,
       -453.0
      ],
      [
       1068.0,
       -450.0
      ],
      [
       1076.0,
       -450.0
      ],
      [
       1079.0,
       -446.0
      ],
      [
       1089.0,
       -446.0
      ],
      [
       1090.0,
       -448.0
      ],
      [
       1098.0,
       -446.0
      ],
      [
       1099.0,
       -440.0
      ],
      [
       1103.0,
       -437.0
      ],
      [
       1117.0,
       -437.0
      ],
      [
       1120.0,
       -441.0
      ],
      [
       1124.0,
       -442.0
      ],
      [
       1123.0,
       -444.0
      ],
      [
       1126.0,
       -444.0
      ],
      [
       1127.0,
       -446.0
      ],
      [
       1131.0,
       -446.0
      ],
      [
       1135.0,
       -441.0
      ],
      [
       1140.0,
       -441.0
      ],
      [
       1141.0,
       -444.0
      ],
      [
       1145.0,
       -447.0
      ],
      [
       1144.0,
       -448.0
      ],
      [
       1148.0,
       -448.0
      ],
      [
       1150.0,
       -452.0
      ],
      [
       1153.0,
       -450.0
      ],
      [
       1160.0,
       -450.0
      ],
      [
       1161.0,
       -452.0
      ],
      [
       1169.0,
       -452.0
      ],
      [
       1169.0,
       -455.0
      ],
      [
       1175.0,
       -455.0
      ],
      [
       1176.0,
       -452.0
      ],
      [
       1181.0,
       -450.0
      ],
      [
       1181.0,
       -447.0
      ],
      [
       1179.0,
       -446.0
      ],
      [
       1182.0,
       -434.0
      ],
      [
       1186.0,
       -431.0
      ],
      [
       1189.0,
       -433.0
      ],
      [
       1196.0,
       -426.0
      ],
      [
       1201.0,
       -424.0
      ],
      [
       1201.0,
       -421.0
      ],
      [
       1204.0,
       -420.0
      ],
      [
       1205.0,
       -416.0
      ],
      [
       1211.0,
       -412.0
      ],
      [
       1211.0,
       -409.0
      ],
      [
       1215.0,
       -405.0
      ],
      [
       1215.0,
       -403.0
      ],
      [
       1213.0,
       -402.0
      ],
      [
       1214.0,
       -399.0
      ],
      [
       1212.0,
       -398.0
      ],
      [
       1213.0,
       -395.0
      ],
      [
       1211.0,
       -393.0
      ],
      [
       1212.0,
       -388.0
      ],
      [
       1215.0,
       -387.0
      ],
      [
       1216.0,
       -384.0
      ],
      [
       1214.0,
       -383.0
      ],
      [
       1215.0,
       -379.0
      ],
      [
       1213.0,
       -378.0
      ],
      [
       1215.0,
       -370.0
      ],
      [
       1211.0,
       -367.0
      ],
      [
       1214.0,
       -355.0
      ],
      [
       1217.0,
       -354.0
      ],
      [
       1219.0,
       -343.0
      ],
      [
       1227.0,
       -336.0
      ],
      [
       1231.0,
       -336.0
      ],
      [
       1235.0,
       -332.0
      ],
      [
       1239.0,
       -332.0
      ],
      [
       1240.0,
       -330.0
      ],
      [
       1245.0,
       -328.0
      ],
      [
       1246.0,
       -324.0
      ],
      [
       1249.0,
       -323.0
      ],
      [
       1249.0,
       -321.0
      ],
      [
       1253.0,
       -318.0
      ],
      [
       1251.0,
       -314.0
      ],
      [
       1252.0,
       -311.0
      ],
      [
       1255.0,
       -310.0
      ],
      [
       1257.0,
       -302.0
      ],
      [
       1255.0,
       -301.0
      ],
      [
       1256.0,
       -296.0
      ],
      [
       1260.0,
       -293.0
      ],
      [
       1258.0,
       -292.0
      ],
      [
       1260.0,
       -285.0
      ],
      [
       1257.0,
       -284.0
      ],
      [
       1260.0,
       -276.0
      ],
      [
       1257.0,
       -275.0
      ],
      [
       1259.0,
       -271.0
      ],
      [
       1257.0,
       -271.0
      ],
      [
       1255.0,
       -267.0
      ],
      [
       1249.0,
       -267.0
      ],
      [
       1248.0,
       -264.0
      ],
      [
       1245.0,
       -267.0
      ],
      [
       1243.0,
       -266.0
      ],
      [
       1245.0,
       -258.0
      ],
      [
       1248.0,
       -257.0
      ],
      [
       1250.0,
       -252.0
      ],
      [
       1254.0,
       -252.0
      ],
      [
       1254.0,
       -255.0
      ],
      [
       1256.0,
       -255.0
      ],
      [
       1256.0,
       -253.0
      ],
      [
       1260.0,
       -250.0
      ],
      [
       1265.0,
       -250.0
      ],
      [
       1266.0,
       -248.0
      ],
      [
       1271.0,
       -246.0
      ],
      [
       1272.0,
       -242.0
      ],
      [
       1275.0,
       -241.0
      ],
      [
       1277.0,
       -237.0
      ],
      [
       1283.0,
       -237.0
      ],
      [
       1286.0,
       -230.0
      ],
      [
       1288.0,
       -230.0
      ],
      [
       1289.0,
       -228.0
      ],
      [
       1298.0,
       -223.0
      ],
      [
       1301.0,
       -213.0
      ],
      [
       1303.0,
       -213.0
      ],
      [
       1305.0,
       -210.0
      ],
      [
       1309.0,
       -210.0
      ],
      [
       1314.0,
       -206.0
      ],
      [
       1318.0,
       -206.0
      ],
      [
       1320.0,
       -201.0
      ],
      [
       1318.0,
       -198.0
      ],
      [
       1316.0,
       -198.0
      ],
      [
       1315.0,
       -200.0
      ],
      [
       1308.0,
       -200.0
      ],
      [
       1308.0,
       -198.0
      ],
      [
       1306.0,
       -198.0
      ],
      [
       1305.0,
       -200.0
      ],
      [
       1301.0,
       -200.0
      ],
      [
       1300.0,
       -198.0
      ],
      [
       1294.0,
       -198.0
      ],
      [
       1293.0,
       -195.0
      ],
      [
       1284.0,
       -195.0
      ],
      [
       1281.0,
       -192.0
      ],
      [
       1282.0,
       -189.0
      ],
      [
       1289.0,
       -184.0
      ],
      [
       1291.0,
       -177.0
      ],
      [
       1284.0,
       -177.0
      ],
      [
       1281.0,
       -180.0
      ],
      [
       1280.0,
       -177.0
      ],
      [
       1277.0,
       -177.0
      ],
      [
       1274.0,
       -173.0
      ],
      [
       1268.0,
       -173.0
      ],
      [
       1265.0,
       -169.0
      ],
      [
       1266.0,
       -166.0
      ],
      [
       1264.0,
       -166.0
      ],
      [
       1264.0,
       -164.0
      ],
      [
       1261.0,
       -163.0
      ],
      [
       1262.0,
       -161.0
      ],
      [
       1259.0,
       -164.0
      ],
      [
       1255.0,
       -164.0
      ],
      [
       1253.0,
       -166.0
      ],
      [
       1244.0,
       -166.0
      ],
      [
       1244.0,
       -164.0
      ],
      [
       1232.0,
       -164.0
      ],
      [
       1232.0,
       -161.0
      ],
      [
       1230.0,
       -161.0
      ],
      [
       1229.0,
       -164.0
      ],
      [
       1227.0,
       -162.0
      ],
      [
       1230.0,
       -148.0
      ],
      [
       1233.0,
       -147.0
      ],
      [
       1234.0,
       -143.0
      ],
      [
       1227.0,
       -143.0
      ],
      [
       1226.0,
       -145.0
      ],
      [
       1210.0,
       -145.0
      ],
      [
       1209.0,
       -143.0
      ],
      [
       1198.0,
       -143.0
      ],
      [
       1196.0,
       -145.0
      ],
      [
       1180.0,
       -145.0
      ],
      [
       1178.0,
       -143.0
      ],
      [
       1176.0,
       -145.0
      ],
      [
       1170.0,
       -145.0
      ],
      [
       1168.0,
       -143.0
      ],
      [
       1162.0,
       -148.0
      ],
      [
       1161.0,
       -145.0
      ],
      [
       1157.0,
       -142.0
      ],
      [
       1158.0,
       -141.0
      ],
      [
       1154.0,
       -141.0
      ],
      [
       1152.0,
       -143.0
      ],
      [
       1150.0,
       -141.0
      ],
      [
       1141.0,
       -141.0
      ],
      [
       1141.0,
       -144.0
      ],
      [
       1135.0,
       -147.0
      ],
      [
       1135.0,
       -145.0
      ],
      [
       1131.0,
       -145.0
      ],
      [
       1130.0,
       -143.0
      ],
      [
       1121.0,
       -142.0
      ],
      [
       1121.0,
       -139.0
      ],
      [
       1125.0,
       -136.0
      ],
      [
       1123.0,
       -132.0
      ],
      [
       1102.0,
       -132.0
      ],
      [
       1102.0,
       -127.0
      ],
      [
       1099.0,
       -127.0
      ],
      [
       1094.0,
       -122.0
      ],
      [
       1094.0,
       -120.0
      ],
      [
       1092.0,
       -119.0
      ],
      [
       1093.0,
       -114.0
      ],
      [
       1091.0,
       -113.0
      ],
      [
       1093.0,
       -100.0
      ],
      [
       1091.0,
       -99.0
      ],
      [
       1092.0,
       -94.0
      ],
      [
       1090.0,
       -93.0
      ],
      [
       1093.0,
       -80.0
      ],
      [
       1090.0,
       -79.0
      ],
      [
       1094.0,
       -64.0
      ],
      [
       1091.0,
       -63.0
      ],
      [
       1093.0,
       -55.0
      ],
      [
       1091.0,
       -54.0
      ],
      [
       1092.0,
       -46.0
      ],
      [
       1090.0,
       -45.0
      ],
      [
       1090.0,
       -31.0
      ],
      [
       1088.0,
       -30.0
      ],
      [
       1090.0,
       -23.0
      ],
      [
       1088.0,
       -21.0
      ],
      [
       1089.0,
       -13.0
      ],
      [
       1087.0,
       -12.0
      ],
      [
       1088.0,
       0.0
      ],
      [
       596.0,
       0.0
      ],
      [
       596.0,
       -12.0
      ],
      [
       593.0,
       -16.0
      ],
      [
       592.0,
       -26.0
      ],
      [
       590.0,
       -27.0
      ],
      [
       590.0,
       -33.0
      ],
      [
       587.0,
       -33.0
      ],
      [
       587.0,
       -43.0
      ],
      [
       584.0,
       -44.0
      ],
      [
       584.0,
       -50.0
      ],
      [
       581.0,
       -51.0
      ],
      [
       581.0,
       -57.0
      ],
      [
       579.0,
       -58.0
      ],
      [
       579.0,
       -61.0
      ],
      [
       576.0,
       -62.0
      ],
      [
       576.0,
       -72.0
      ],
      [
       573.0,
       -73.0
      ],
      [
       573.0,
       -78.0
      ],
      [
       570.0,
       -81.0
      ],
      [
       570.0,
       -87.0
      ],
      [
       568.0,
       -88.0
      ],
      [
       568.0,
       -91.0
      ],
      [
       565.0,
       -92.0
      ],
      [
       565.0,
       -98.0
      ],
      [
       563.0,
       -99.0
      ],
      [
       563.0,
       -102.0
      ],
      [
       560.0,
       -105.0
      ]
     ]
    ]
   }
  },
  {
   "type": "Feature",
   "properties": {
    "code": "acidalia_terra",
    "name": "Acidalia Terra",
    "number": 4,
    "capital": null,
    "culture": null,
    "civs": [
     "mcc",
     "mla"
    ],
    "provinceType": "land",
    "terrain": "highlands",
    "mapTypes": [
     "mars"
    ],
    "resources": null,
    "religion": null,
    "population": "medium",
    "centerpoint": [
     1376,
     384
    ],
    "position": {
     "x": 1178,
     "y": 189
    },
    "bbox": {
     "w": 848,
     "h": 345
    },
    "maskSize": [
     1024,
     512
    ],
    "links": [
     "acidalia_planitia",
     "arabia_terra",
     "lunae_planum",
     "north_polar_ice_cap",
     "tempe_terra",
     "utopia_planitia"
    ]
   },
   "geometry": {
    "type": "Polygon",
    "coordinates": [
     [
      [
       1178.0,
       -455.0
      ],
      [
       1180.0,
       -456.0
      ],
      [
       1179.0,
       -459.0
      ],
      [
       1183.0,
       -459.0
      ],
      [
       1185.0,
       -463.0
      ],
      [
       1192.0,
       -465.0
      ],
      [
       1193.0,
       -468.0
      ],
      [
       1199.0,
       -468.0
      ],
      [
       1199.0,
       -466.0
      ],
      [
       1202.0,
       -465.0
      ],
      [
       1203.0,
       -461.0
      ],
      [
       1212.0,
       -461.0
      ],
      [
       1213.0,
       -459.0
      ],
      [
       1219.0,
       -459.0
      ],
      [
       1220.0,
       -457.0
      ],
      [
       1228.0,
       -457.0
      ],
      [
       1230.0,
       -459.0
      ],
      [
       1237.0,
       -453.0
      ],
      [
       1243.0,
       -453.0
      ],
      [
       1244.0,
       -455.0
      ],
      [
       1248.0,
       -455.0
      ],
      [
       1250.0,
       -453.0
      ],
      [
       1253.0,
       -457.0
      ],
      [
       1260.0,
       -459.0
      ],
      [
       1263.0,
       -462.0
      ],
      [
       1262.0,
       -464.0
      ],
      [
       1264.0,
       -465.0
      ],
      [
       1264.0,
       -468.0
      ],
      [
       1266.0,
       -469.0
      ],
      [
       1263.0,
       -477.0
      ],
      [
       1267.0,
       -481.0
      ],
      [
       1264.0,
       -482.0
      ],
      [
       1264.0,
       -485.0
      ],
      [
       1266.0,
       -486.0
      ],
      [
       1263.0,
       -494.0
      ],
      [
       1267.0,
       -498.0
      ],
      [
       1270.0,
       -498.0
      ],
      [
       1271.0,
       -500.0
      ],
      [
       1275.0,
       -501.0
      ],
      [
       1275.0,
       -503.0
      ],
      [
       1277.0,
       -504.0
      ],
      [
       1276.0,
       -505.0
      ],
      [
       1279.0,
       -506.0
      ],
      [
       1279.0,
       -513.0
      ],
      [
       1299.0,
       -513.0
      ],
      [
       1304.0,
       -509.0
      ],
      [
       1309.0,
       -514.0
      ],
      [
       1308.0,
       -516.0
      ],
      [
       1312.0,
       -520.0
      ],
      [
       1316.0,
       -521.0
      ],
      [
       1314.0,
       -529.0
      ],
      [
       1316.0,
       -530.0
      ],
      [
       1315.0,
       -533.0
      ],
      [
       1321.0,
       -533.0
      ],
      [
       1322.0,
       -531.0
      ],
      [
       1341.0,
       -531.0
      ],
      [
       1345.0,
       -527.0
      ],
      [
       1349.0,
       -527.0
      ],
      [
       1350.0,
       -525.0
      ],
      [
       1352.0,
       -525.0
      ],
      [
       1357.0,
       -520.0
      ],
      [
       1363.0,
       -520.0
      ],
      [
       1363.0,
       -523.0
      ],
      [
       1365.0,
       -524.0
      ],
      [
       1364.0,
       -527.0
      ],
      [
       1368.0,
       -527.0
      ],
      [
       1372.0,
       -523.0
      ],
      [
       1377.0,
       -523.0
      ],
      [
       1378.0,
       -521.0
      ],
      [
       1387.0,
       -521.0
      ],
      [
       1387.0,
       -523.0
      ],
      [
       1389.0,
       -523.0
      ],
      [
       1390.0,
       -521.0
      ],
      [
       1399.0,
       -521.0
      ],
      [
       1401.0,
       -519.0
      ],
      [
       1407.0,
       -519.0
      ],
      [
       1409.0,
       -517.0
      ],
      [
       1418.0,
       -517.0
      ],
      [
       1419.0,
       -515.0
      ],
      [
       1424.0,
       -515.0
      ],
      [
       1425.0,
       -513.0
      ],
      [
       1429.0,
       -513.0
      ],
      [
       1431.0,
       -511.0
      ],
      [
       1440.0,
       -511.0
      ],
      [
       1441.0,
       -513.0
      ],
      [
       1452.0,
       -513.0
      ],
      [
       1454.0,
       -511.0
      ],
      [
       1458.0,
       -511.0
      ],
      [
       1459.0,
       -509.0
      ],
      [
       1464.0,
       -509.0
      ],
      [
       1464.0,
       -511.0
      ],
      [
       1474.0,
       -511.0
      ],
      [
       1478.0,
       -507.0
      ],
      [
       1488.0,
       -507.0
      ],
      [
       1488.0,
       -510.0
      ],
      [
       1490.0,
       -510.0
      ],
      [
       1491.0,
       -508.0
      ],
      [
       1498.0,
       -508.0
      ],
      [
       1503.0,
       -504.0
      ],
      [
       1510.0,
       -504.0
      ],
      [
       1511.0,
       -506.0
      ],
      [
       1515.0,
       -506.0
      ],
      [
       1515.0,
       -508.0
      ],
      [
       1518.0,
       -509.0
      ],
      [
       1517.0,
       -510.0
      ],
      [
       1519.0,
       -510.0
      ],
      [
       1520.0,
       -508.0
      ],
      [
       1525.0,
       -508.0
      ],
      [
       1525.0,
       -510.0
      ],
      [
       1529.0,
       -514.0
      ],
      [
       1527.0,
       -519.0
      ],
      [
       1531.0,
       -519.0
      ],
      [
       1531.0,
       -521.0
      ],
      [
       1544.0,
       -521.0
      ],
      [
       1545.0,
       -519.0
      ],
      [
       1558.0,
       -520.0
      ],
      [
       1558.0,
       -522.0
      ],
      [
       1565.0,
       -522.0
      ],
      [
       1567.0,
       -520.0
      ],
      [
       1580.0,
       -520.0
      ],
      [
       1580.0,
       -522.0
      ],
      [
       1587.0,
       -523.0
      ],
      [
       1589.0,
       -521.0
      ],
      [
       1594.0,
       -521.0
      ],
      [
       1595.0,
       -519.0
      ],
      [
       1598.0,
       -519.0
      ],
      [
       1603.0,
       -515.0
      ],
      [
       1608.0,
       -515.0
      ],
      [
       1608.0,
       -517.0
      ],
      [
       1612.0,
       -517.0
      ],
      [
       1613.0,
       -519.0
      ],
      [
       1617.0,
       -519.0
      ],
      [
       1618.0,
       -521.0
      ],
      [
       1631.0,
       -522.0
      ],
      [
       1632.0,
       -520.0
      ],
      [
       1644.0,
       -518.0
      ],
      [
       1656.0,
       -512.0
      ],
      [
       1659.0,
       -508.0
      ],
      [
       1667.0,
       -504.0
      ],
      [
       1672.0,
       -504.0
      ],
      [
       1678.0,
       -500.0
      ],
      [
       1683.0,
       -500.0
      ],
      [
       1685.0,
       -498.0
      ],
      [
       1688.0,
       -499.0
      ],
      [
       1687.0,
       -501.0
      ],
      [
       1691.0,
       -501.0
      ],
      [
       1694.0,
       -505.0
      ],
      [
       1696.0,
       -505.0
      ],
      [
       1696.0,
       -507.0
      ],
      [
       1709.0,
       -508.0
      ],
      [
       1710.0,
       -510.0
      ],
      [
       1726.0,
       -508.0
      ],
      [
       1729.0,
       -502.0
      ],
      [
       1732.0,
       -502.0
      ],
      [
       1747.0,
       -494.0
      ],
      [
       1752.0,
       -495.0
      ],
      [
       1754.0,
       -493.0
      ],
      [
       1757.0,
       -493.0
      ],
      [
       1758.0,
       -491.0
      ],
      [
       1761.0,
       -491.0
      ],
      [
       1766.0,
       -483.0
      ],
      [
       1769.0,
       -483.0
      ],
      [
       1771.0,
       -479.0
      ],
      [
       1775.0,
       -478.0
      ],
      [
       1772.0,
       -477.0
      ],
      [
       1774.0,
       -474.0
      ],
      [
       1772.0,
       -471.0
      ],
      [
       1780.0,
       -457.0
      ],
      [
       1787.0,
       -456.0
      ],
      [
       1788.0,
       -458.0
      ],
      [
       1790.0,
       -458.0
      ],
      [
       1791.0,
       -456.0
      ],
      [
       1800.0,
       -453.0
      ],
      [
       1798.0,
       -453.0
      ],
      [
       1797.0,
       -451.0
      ],
      [
       1800.0,
       -448.0
      ],
      [
       1809.0,
       -449.0
      ],
      [
       1811.0,
       -446.0
      ],
      [
       1847.0,
       -448.0
      ],
      [
       1847.0,
       -450.0
      ],
      [
       1852.0,
       -452.0
      ],
      [
       1852.0,
       -454.0
      ],
      [
       1854.0,
       -455.0
      ],
      [
       1868.0,
       -455.0
      ],
      [
       1875.0,
       -451.0
      ],
      [
       1888.0,
       -452.0
      ],
      [
       1890.0,
       -450.0
      ],
      [
       1896.0,
       -450.0
      ],
      [
       1898.0,
       -448.0
      ],
      [
       1905.0,
       -448.0
      ],
      [
       1917.0,
       -442.0
      ],
      [
       1923.0,
       -442.0
      ],
      [
       1923.0,
       -444.0
      ],
      [
       1926.0,
       -444.0
      ],
      [
       1928.0,
       -442.0
      ],
      [
       1931.0,
       -442.0
      ],
      [
       1936.0,
       -434.0
      ],
      [
       1940.0,
       -434.0
      ],
      [
       1941.0,
       -432.0
      ],
      [
       1949.0,
       -432.0
      ],
      [
       1950.0,
       -430.0
      ],
      [
       1954.0,
       -430.0
      ],
      [
       1955.0,
       -428.0
      ],
      [
       1959.0,
       -428.0
      ],
      [
       1960.0,
       -426.0
      ],
      [
       1963.0,
       -427.0
      ],
      [
       1965.0,
       -424.0
      ],
      [
       1968.0,
       -425.0
      ],
      [
       1969.0,
       -423.0
      ],
      [
       1966.0,
       -422.0
      ],
      [
       1968.0,
       -419.0
      ],
      [
       1965.0,
       -418.0
      ],
      [
       1970.0,
       -410.0
      ],
      [
       1974.0,
       -410.0
      ],
      [
       1975.0,
       -408.0
      ],
      [
       1979.0,
       -408.0
      ],
      [
       1980.0,
       -406.0
      ],
      [
       1989.0,
       -404.0
      ],
      [
       1992.0,
       -400.0
      ],
      [
       1995.0,
       -400.0
      ],
      [
       2004.0,
       -392.0
      ],
      [
       2008.0,
       -392.0
      ],
      [
       2011.0,
       -387.0
      ],
      [
       2014.0,
       -387.0
      ],
      [
       2016.0,
       -385.0
      ],
      [
       2013.0,
       -383.0
      ],
      [
       2014.0,
       -382.0
      ],
      [
       2010.0,
       -381.0
      ],
      [
       2013.0,
       -376.0
      ],
      [
       2018.0,
       -375.0
      ],
      [
       2019.0,
       -373.0
      ],
      [
       2023.0,
       -373.0
      ],
      [
       2025.0,
       -369.0
      ],
      [
       2019.0,
       -366.0
      ],
      [
       2021.0,
       -363.0
      ],
      [
       2014.0,
       -359.0
      ],
      [
       2014.0,
       -356.0
      ],
      [
       2012.0,
       -356.0
      ],
      [
       2012.0,
       -354.0
      ],
      [
       2009.0,
       -354.0
      ],
      [
       2009.0,
       -352.0
      ],
      [
       1992.0,
       -352.0
      ],
      [
       1991.0,
       -349.0
      ],
      [
       1986.0,
       -349.0
      ],
      [
       1984.0,
       -351.0
      ],
      [
       1970.0,
       -351.0
      ],
      [
       1970.0,
       -349.0
      ],
      [
       1968.0,
       -349.0
      ],
      [
       1967.0,
       -347.0
      ],
      [
       1958.0,
       -346.0
      ],
      [
       1958.0,
       -344.0
      ],
      [
       1956.0,
       -344.0
      ],
      [
       1955.0,
       -342.0
      ],
      [
       1909.0,
       -342.0
      ],
      [
       1904.0,
       -349.0
      ],
      [
       1901.0,
       -349.0
      ],
      [
       1899.0,
       -351.0
      ],
      [
       1897.0,
       -350.0
      ],
      [
       1895.0,
       -353.0
      ],
      [
       1892.0,
       -352.0
      ],
      [
       1890.0,
       -355.0
      ],
      [
       1887.0,
       -354.0
      ],
      [
       1885.0,
       -357.0
      ],
      [
       1872.0,
       -356.0
      ],
      [
       1865.0,
       -360.0
      ],
      [
       1857.0,
       -360.0
      ],
      [
       1855.0,
       -358.0
      ],
      [
       1856.0,
       -357.0
      ],
      [
       1826.0,
       -356.0
      ],
      [
       1826.0,
       -354.0
      ],
      [
       1823.0,
       -354.0
      ],
      [
       1822.0,
       -356.0
      ],
      [
       1816.0,
       -355.0
      ],
      [
       1816.0,
       -353.0
      ],
      [
       1813.0,
       -352.0
      ],
      [
       1814.0,
       -351.0
      ],
      [
       1808.0,
       -351.0
      ],
      [
       1808.0,
       -348.0
      ],
      [
       1806.0,
       -348.0
      ],
      [
       1806.0,
       -346.0
      ],
      [
       1803.0,
       -345.0
      ],
      [
       1806.0,
       -340.0
      ],
      [
       1804.0,
       -337.0
      ],
      [
       1785.0,
       -336.0
      ],
      [
       1784.0,
       -338.0
      ],
      [
       1781.0,
       -338.0
      ],
      [
       1779.0,
       -340.0
      ],
      [
       1773.0,
       -340.0
      ],
      [
       1773.0,
       -338.0
      ],
      [
       1770.0,
       -338.0
      ],
      [
       1765.0,
       -342.0
      ],
      [
       1759.0,
       -341.0
      ],
      [
       1757.0,
       -344.0
      ],
      [
       1754.0,
       -343.0
      ],
      [
       1752.0,
       -346.0
      ],
      [
       1725.0,
       -344.0
      ],
      [
       1724.0,
       -342.0
      ],
      [
       1710.0,
       -341.0
      ],
      [
       1709.0,
       -340.0
      ],
      [
       1713.0,
       -334.0
      ],
      [
       1715.0,
       -334.0
      ],
      [
       1715.0,
       -336.0
      ],
      [
       1718.0,
       -336.0
      ],
      [
       1719.0,
       -334.0
      ],
      [
       1725.0,
       -334.0
      ],
      [
       1727.0,
       -331.0
      ],
      [
       1722.0,
       -331.0
      ],
      [
       1721.0,
       -328.0
      ],
      [
       1713.0,
       -328.0
      ],
      [
       1713.0,
       -326.0
      ],
      [
       1711.0,
       -326.0
      ],
      [
       1711.0,
       -324.0
      ],
      [
       1709.0,
       -323.0
      ],
      [
       1700.0,
       -323.0
      ],
      [
       1700.0,
       -319.0
      ],
      [
       1698.0,
       -318.0
      ],
      [
       1699.0,
       -316.0
      ],
      [
       1684.0,
       -316.0
      ],
      [
       1684.0,
       -313.0
      ],
      [
       1679.0,
       -313.0
      ],
      [
       1671.0,
       -317.0
      ],
      [
       1671.0,
       -315.0
      ],
      [
       1669.0,
       -315.0
      ],
      [
       1666.0,
       -312.0
      ],
      [
       1667.0,
       -310.0
      ],
      [
       1652.0,
       -310.0
      ],
      [
       1651.0,
       -312.0
      ],
      [
       1645.0,
       -312.0
      ],
      [
       1635.0,
       -318.0
      ],
      [
       1627.0,
       -318.0
      ],
      [
       1621.0,
       -322.0
      ],
      [
       1619.0,
       -322.0
      ],
      [
       1619.0,
       -320.0
      ],
      [
       1616.0,
       -319.0
      ],
      [
       1603.0,
       -319.0
      ],
      [
       1600.0,
       -316.0
      ],
      [
       1601.0,
       -314.0
      ],
      [
       1591.0,
       -312.0
      ],
      [
       1588.0,
       -309.0
      ],
      [
       1589.0,
       -307.0
      ],
      [
       1586.0,
       -306.0
      ],
      [
       1592.0,
       -295.0
      ],
      [
       1600.0,
       -295.0
      ],
      [
       1601.0,
       -293.0
      ],
      [
       1604.0,
       -293.0
      ],
      [
       1605.0,
       -290.0
      ],
      [
       1603.0,
       -289.0
      ],
      [
       1603.0,
       -287.0
      ],
      [
       1605.0,
       -284.0
      ],
      [
       1607.0,
       -285.0
      ],
      [
       1609.0,
       -282.0
      ],
      [
       1612.0,
       -282.0
      ],
      [
       1613.0,
       -279.0
      ],
      [
       1611.0,
       -279.0
      ],
      [
       1611.0,
       -277.0
      ],
      [
       1607.0,
       -279.0
      ],
      [
       1602.0,
       -279.0
      ],
      [
       1602.0,
       -276.0
      ],
      [
       1597.0,
       -276.0
      ],
      [
       1596.0,
       -278.0
      ],
      [
       1587.0,
       -278.0
      ],
      [
       1586.0,
       -280.0
      ],
      [
       1584.0,
       -280.0
      ],
      [
       1583.0,
       -278.0
      ],
      [
       1572.0,
       -278.0
      ],
      [
       1570.0,
       -275.0
      ],
      [
       1566.0,
       -275.0
      ],
      [
       1565.0,
       -273.0
      ],
      [
       1558.0,
       -273.0
      ],
      [
       1557.0,
       -270.0
      ],
      [
       1553.0,
       -270.0
      ],
      [
       1551.0,
       -272.0
      ],
      [
       1543.0,
       -272.0
      ],
      [
       1542.0,
       -274.0
      ],
      [
       1536.0,
       -274.0
      ],
      [
       1531.0,
       -279.0
      ],
      [
       1527.0,
       -278.0
      ],
      [
       1522.0,
       -273.0
      ],
      [
       1522.0,
       -271.0
      ],
      [
       1520.0,
       -271.0
      ],
      [
       1520.0,
       -273.0
      ],
      [
       1517.0,
       -274.0
      ],
      [
       1517.0,
       -271.0
      ],
      [
       1512.0,
       -273.0
      ],
      [
       1508.0,
       -270.0
      ],
      [
       1509.0,
       -269.0
      ],
      [
       1485.0,
       -268.0
      ],
      [
       1485.0,
       -266.0
      ],
      [
       1481.0,
       -266.0
      ],
      [
       1480.0,
       -264.0
      ],
      [
       1462.0,
       -263.0
      ],
      [
       1462.0,
       -261.0
      ],
      [
       1459.0,
       -260.0
      ],
      [
       1460.0,
       -259.0
      ],
      [
       1456.0,
       -259.0
      ],
      [
       1455.0,
       -256.0
      ],
      [
       1448.0,
       -256.0
      ],
      [
       1448.0,
       -254.0
      ],
      [
       1445.0,
       -253.0
      ],
      [
       1446.0,
       -252.0
      ],
      [
       1439.0,
       -256.0
      ],
      [
       1435.0,
       -256.0
      ],
      [
       1434.0,
       -254.0
      ],
      [
       1432.0,
       -254.0
      ],
      [
       1431.0,
       -256.0
      ],
      [
       1419.0,
       -256.0
      ],
      [
       1416.0,
       -252.0
      ],
      [
       1418.0,
       -245.0
      ],
      [
       1423.0,
       -241.0
      ],
      [
       1431.0,
       -241.0
      ],
      [
       1434.0,
       -231.0
      ],
      [
       1438.0,
       -229.0
      ],
      [
       1436.0,
       -229.0
      ],
      [
       1436.0,
       -227.0
      ],
      [
       1413.0,
       -226.0
      ],
      [
       1412.0,
       -224.0
      ],
      [
       1408.0,
       -224.0
      ],
      [
       1408.0,
       -222.0
      ],
      [
       1404.0,
       -222.0
      ],
      [
       1403.0,
       -219.0
      ],
      [
       1400.0,
       -222.0
      ],
      [
       1397.0,
       -220.0
      ],
      [
       1399.0,
       -217.0
      ],
      [
       1397.0,
       -217.0
      ],
      [
       1397.0,
       -215.0
      ],
      [
       1394.0,
       -214.0
      ],
      [
       1395.0,
       -212.0
      ],
      [
       1393.0,
       -212.0
      ],
      [
       1391.0,
       -215.0
      ],
      [
       1387.0,
       -215.0
      ],
      [
       1384.0,
       -217.0
      ],
      [
       1384.0,
       -214.0
      ],
      [
       1382.0,
       -214.0
      ],
      [
       1375.0,
       -207.0
      ],
      [
       1376.0,
       -203.0
      ],
      [
       1380.0,
       -201.0
      ],
      [
       1380.0,
       -199.0
      ],
      [
       1378.0,
       -198.0
      ],
      [
       1379.0,
       -196.0
      ],
      [
       1375.0,
       -196.0
      ],
      [
       1374.0,
       -194.0
      ],
      [
       1365.0,
       -194.0
      ],
      [
       1364.0,
       -192.0
      ],
      [
       1358.0,
       -192.0
      ],
      [
       1356.0,
       -189.0
      ],
      [
       1354.0,
       -192.0
      ],
      [
       1350.0,
       -191.0
      ],
      [
       1348.0,
       -194.0
      ],
      [
       1346.0,
       -194.0
      ],
      [
       1338.0,
       -200.0
      ],
      [
       1321.0,
       -200.0
      ],
      [
       1318.0,
       -207.0
      ],
      [
       1314.0,
       -207.0
      ],
      [
       1309.0,
       -211.0
      ],
      [
       1305.0,
       -211.0
      ],
      [
       1303.0,
       -214.0
      ],
      [
       1301.0,
       -214.0
      ],
      [
       1299.0,
       -223.0
      ],
      [
       1291.0,
       -229.0
      ],
      [
       1289.0,
       -229.0
      ],
      [
       1288.0,
       -231.0
      ],
      [
       1286.0,
       -231.0
      ],
      [
       1285.0,
       -236.0
      ],
      [
       1283.0,
       -238.0
      ],
      [
       1277.0,
       -238.0
      ],
      [
       1276.0,
       -241.0
      ],
      [
       1273.0,
       -242.0
      ],
      [
       1271.0,
       -247.0
      ],
      [
       1269.0,
       -247.0
      ],
      [
       1265.0,
       -251.0
      ],
      [
       1260.0,
       -251.0
      ],
      [
       1259.0,
       -253.0
      ],
      [
       1257.0,
       -253.0
      ],
      [
       1256.0,
       -256.0
      ],
      [
       1253.0,
       -255.0
      ],
      [
       1254.0,
       -253.0
      ],
      [
       1250.0,
       -253.0
      ],
      [
       1249.0,
       -257.0
      ],
      [
       1246.0,
       -258.0
      ],
      [
       1244.0,
       -266.0
      ],
      [
       1247.0,
       -263.0
      ],
      [
       1249.0,
       -264.0
      ],
      [
       1249.0,
       -266.0
      ],
      [
       1255.0,
       -266.0
      ],
      [
       1258.0,
       -269.0
      ],
      [
       1257.0,
       -270.0
      ],
      [
       1260.0,
       -271.0
      ],
      [
       1258.0,
       -275.0
      ],
      [
       1261.0,
       -276.0
      ],
      [
       1258.0,
       -284.0
      ],
      [
       1261.0,
       -285.0
      ],
      [
       1259.0,
       -289.0
      ],
      [
       1259.0,
       -292.0
      ],
      [
       1261.0,
       -293.0
      ],
      [
       1259.0,
       -296.0
      ],
      [
       1257.0,
       -296.0
      ],
      [
       1256.0,
       -301.0
      ],
      [
       1258.0,
       -302.0
      ],
      [
       1256.0,
       -310.0
      ],
      [
       1253.0,
       -311.0
      ],
      [
       1252.0,
       -314.0
      ],
      [
       1254.0,
       -318.0
      ],
      [
       1250.0,
       -321.0
      ],
      [
       1249.0,
       -324.0
      ],
      [
       1247.0,
       -324.0
      ],
      [
       1245.0,
       -329.0
      ],
      [
       1243.0,
       -329.0
      ],
      [
       1239.0,
       -333.0
      ],
      [
       1235.0,
       -333.0
      ],
      [
       1231.0,
       -337.0
      ],
      [
       1227.0,
       -337.0
      ],
      [
       1220.0,
       -343.0
      ],
      [
       1218.0,
       -354.0
      ],
      [
       1215.0,
       -355.0
      ],
      [
       1212.0,
       -367.0
      ],
      [
       1216.0,
       -370.0
      ],
      [
       1214.0,
       -378.0
      ],
      [
       1216.0,
       -379.0
      ],
      [
       1215.0,
       -383.0
      ],
      [
       1217.0,
       -384.0
      ],
      [
       1212.0,
       -391.0
      ],
      [
       1214.0,
       -395.0
      ],
      [
       1213.0,
       -398.0
      ],
      [
       1215.0,
       -399.0
      ],
      [
       1214.0,
       -402.0
      ],
      [
       1216.0,
       -403.0
      ],
      [
       1216.0,
       -405.0
      ],
      [
       1212.0,
       -409.0
      ],
      [
       1212.0,
       -412.0
      ],
      [
       1208.0,
       -416.0
      ],
      [
       1206.0,
       -416.0
      ],
      [
       1204.0,
       -421.0
      ],
      [
       1202.0,
       -421.0
      ],
      [
       1201.0,
       -425.0
      ],
      [
       1196.0,
       -427.0
      ],
      [
       1189.0,
       -434.0
      ],
      [
       1187.0,
       -432.0
      ],
      [
       1183.0,
       -434.0
      ],
      [
       1180.0,
       -446.0
      ],
      [
       1182.0,
       -447.0
      ],
      [
       1182.0,
       -450.0
      ],
      [
       1179.0,
       -451.0
      ],
      [
       1178.0,
       -455.0
      ]
     ]
    ]
   }
  },
  {
   "type": "Feature",
   "properties": {
    "code": "utopia_planitia",
    "name": "Utopia Planitia",
    "number": 5,
    "capital": null,
    "culture": null,
    "civs": [
     "mcc",
     "mla"
    ],
    "provinceType": "land",
    "terrain": "plains",
    "mapTypes": [
     "mars"
    ],
    "resources": null,
    "religion": null,
    "population": "high",
    "centerpoint": [
     2693,
     384
    ],
    "position": {
     "x": 1924,
     "y": 202
    },
    "bbox": {
     "w": 1002,
     "h": 388
    },
    "maskSize": [
     1024,
     512
    ],
    "links": [
     "acidalia_terra",
     "arabia_terra",
     "isidis_planitia",
     "north_polar_ice_cap",
     "syrtis_major",
     "vastitas_borealis"
    ]
   },
   "geometry": {
    "type": "Polygon",
    "coordinates": [
     [
      [
       2924.0,
       -418.0
      ],
      [
       2922.0,
       -420.0
      ],
      [
       2919.0,
       -420.0
      ],
      [
       2919.0,
       -418.0
      ],
      [
       2917.0,
       -417.0
      ],
      [
       2916.0,
       -409.0
      ],
      [
       2914.0,
       -408.0
      ],
      [
       2915.0,
       -397.0
      ],
      [
       2913.0,
       -396.0
      ],
      [
       2912.0,
       -390.0
      ],
      [
       2907.0,
       -385.0
      ],
      [
       2907.0,
       -383.0
      ],
      [
       2899.0,
       -383.0
      ],
      [
       2898.0,
       -381.0
      ],
      [
       2896.0,
       -381.0
      ],
      [
       2893.0,
       -385.0
      ],
      [
       2890.0,
       -385.0
      ],
      [
       2887.0,
       -382.0
      ],
      [
       2888.0,
       -380.0
      ],
      [
       2885.0,
       -380.0
      ],
      [
       2882.0,
       -377.0
      ],
      [
       2883.0,
       -371.0
      ],
      [
       2881.0,
       -369.0
      ],
      [
       2878.0,
       -369.0
      ],
      [
       2876.0,
       -364.0
      ],
      [
       2874.0,
       -363.0
      ],
      [
       2874.0,
       -360.0
      ],
      [
       2877.0,
       -356.0
      ],
      [
       2878.0,
       -357.0
      ],
      [
       2877.0,
       -353.0
      ],
      [
       2872.0,
       -353.0
      ],
      [
       2871.0,
       -355.0
      ],
      [
       2869.0,
       -353.0
      ],
      [
       2866.0,
       -353.0
      ],
      [
       2865.0,
       -355.0
      ],
      [
       2856.0,
       -354.0
      ],
      [
       2856.0,
       -350.0
      ],
      [
       2858.0,
       -349.0
      ],
      [
       2858.0,
       -341.0
      ],
      [
       2861.0,
       -338.0
      ],
      [
       2861.0,
       -330.0
      ],
      [
       2867.0,
       -325.0
      ],
      [
       2868.0,
       -317.0
      ],
      [
       2866.0,
       -316.0
      ],
      [
       2866.0,
       -314.0
      ],
      [
       2859.0,
       -314.0
      ],
      [
       2853.0,
       -305.0
      ],
      [
       2851.0,
       -307.0
      ],
      [
       2849.0,
       -306.0
      ],
      [
       2847.0,
       -300.0
      ],
      [
       2845.0,
       -300.0
      ],
      [
       2842.0,
       -297.0
      ],
      [
       2842.0,
       -287.0
      ],
      [
       2844.0,
       -286.0
      ],
      [
       2845.0,
       -280.0
      ],
      [
       2847.0,
       -279.0
      ],
      [
       2847.0,
       -274.0
      ],
      [
       2849.0,
       -273.0
      ],
      [
       2851.0,
       -265.0
      ],
      [
       2856.0,
       -262.0
      ],
      [
       2856.0,
       -256.0
      ],
      [
       2858.0,
       -254.0
      ],
      [
       2854.0,
       -250.0
      ],
      [
       2855.0,
       -245.0
      ],
      [
       2859.0,
       -244.0
      ],
      [
       2859.0,
       -242.0
      ],
      [
       2862.0,
       -239.0
      ],
      [
       2865.0,
       -239.0
      ],
      [
       2869.0,
       -231.0
      ],
      [
       2872.0,
       -228.0
      ],
      [
       2874.0,
       -228.0
      ],
      [
       2880.0,
       -222.0
      ],
      [
       2880.0,
       -220.0
      ],
      [
       2882.0,
       -220.0
      ],
      [
       2884.0,
       -216.0
      ],
      [
       2880.0,
       -213.0
      ],
      [
       2881.0,
       -205.0
      ],
      [
       2879.0,
       -204.0
      ],
      [
       2879.0,
       -202.0
      ],
      [
       2876.0,
       -202.0
      ],
      [
       2877.0,
       -219.0
      ],
      [
       2866.0,
       -231.0
      ],
      [
       2861.0,
       -231.0
      ],
      [
       2860.0,
       -218.0
      ],
      [
       2857.0,
       -214.0
      ],
      [
       2857.0,
       -211.0
      ],
      [
       2861.0,
       -210.0
      ],
      [
       2861.0,
       -206.0
      ],
      [
       2857.0,
       -202.0
      ],
      [
       2848.0,
       -202.0
      ],
      [
       2847.0,
       -204.0
      ],
      [
       2844.0,
       -204.0
      ],
      [
       2839.0,
       -210.0
      ],
      [
       2836.0,
       -208.0
      ],
      [
       2833.0,
       -213.0
      ],
      [
       2827.0,
       -215.0
      ],
      [
       2826.0,
       -217.0
      ],
      [
       2823.0,
       -217.0
      ],
      [
       2822.0,
       -215.0
      ],
      [
       2820.0,
       -217.0
      ],
      [
       2815.0,
       -217.0
      ],
      [
       2812.0,
       -221.0
      ],
      [
       2808.0,
       -223.0
      ],
      [
       2808.0,
       -225.0
      ],
      [
       2803.0,
       -230.0
      ],
      [
       2793.0,
       -230.0
      ],
      [
       2792.0,
       -232.0
      ],
      [
       2785.0,
       -232.0
      ],
      [
       2784.0,
       -230.0
      ],
      [
       2782.0,
       -230.0
      ],
      [
       2781.0,
       -232.0
      ],
      [
       2761.0,
       -232.0
      ],
      [
       2760.0,
       -223.0
      ],
      [
       2758.0,
       -222.0
      ],
      [
       2758.0,
       -220.0
      ],
      [
       2756.0,
       -223.0
      ],
      [
       2754.0,
       -222.0
      ],
      [
       2754.0,
       -220.0
      ],
      [
       2751.0,
       -219.0
      ],
      [
       2752.0,
       -218.0
      ],
      [
       2744.0,
       -220.0
      ],
      [
       2741.0,
       -214.0
      ],
      [
       2721.0,
       -214.0
      ],
      [
       2720.0,
       -216.0
      ],
      [
       2716.0,
       -216.0
      ],
      [
       2715.0,
       -218.0
      ],
      [
       2705.0,
       -218.0
      ],
      [
       2704.0,
       -220.0
      ],
      [
       2698.0,
       -218.0
      ],
      [
       2697.0,
       -216.0
      ],
      [
       2686.0,
       -216.0
      ],
      [
       2685.0,
       -218.0
      ],
      [
       2683.0,
       -218.0
      ],
      [
       2682.0,
       -216.0
      ],
      [
       2680.0,
       -218.0
      ],
      [
       2676.0,
       -218.0
      ],
      [
       2674.0,
       -216.0
      ],
      [
       2673.0,
       -218.0
      ],
      [
       2661.0,
       -218.0
      ],
      [
       2660.0,
       -221.0
      ],
      [
       2656.0,
       -221.0
      ],
      [
       2655.0,
       -223.0
      ],
      [
       2646.0,
       -225.0
      ],
      [
       2646.0,
       -227.0
      ],
      [
       2642.0,
       -230.0
      ],
      [
       2640.0,
       -230.0
      ],
      [
       2640.0,
       -228.0
      ],
      [
       2638.0,
       -228.0
      ],
      [
       2637.0,
       -225.0
      ],
      [
       2630.0,
       -226.0
      ],
      [
       2627.0,
       -230.0
      ],
      [
       2625.0,
       -230.0
      ],
      [
       2624.0,
       -228.0
      ],
      [
       2612.0,
       -228.0
      ],
      [
       2612.0,
       -232.0
      ],
      [
       2614.0,
       -234.0
      ],
      [
       2609.0,
       -237.0
      ],
      [
       2608.0,
       -240.0
      ],
      [
       2606.0,
       -240.0
      ],
      [
       2605.0,
       -237.0
      ],
      [
       2587.0,
       -238.0
      ],
      [
       2586.0,
       -240.0
      ],
      [
       2584.0,
       -240.0
      ],
      [
       2584.0,
       -238.0
      ],
      [
       2576.0,
       -238.0
      ],
      [
       2575.0,
       -241.0
      ],
      [
       2562.0,
       -241.0
      ],
      [
       2561.0,
       -243.0
      ],
      [
       2559.0,
       -243.0
      ],
      [
       2558.0,
       -246.0
      ],
      [
       2556.0,
       -246.0
      ],
      [
       2556.0,
       -243.0
      ],
      [
       2554.0,
       -243.0
      ],
      [
       2553.0,
       -247.0
      ],
      [
       2547.0,
       -251.0
      ],
      [
       2546.0,
       -259.0
      ],
      [
       2542.0,
       -262.0
      ],
      [
       2537.0,
       -260.0
      ],
      [
       2537.0,
       -258.0
      ],
      [
       2529.0,
       -258.0
      ],
      [
       2528.0,
       -260.0
      ],
      [
       2526.0,
       -260.0
      ],
      [
       2525.0,
       -263.0
      ],
      [
       2520.0,
       -263.0
      ],
      [
       2518.0,
       -265.0
      ],
      [
       2513.0,
       -265.0
      ],
      [
       2512.0,
       -268.0
      ],
      [
       2507.0,
       -268.0
      ],
      [
       2502.0,
       -273.0
      ],
      [
       2497.0,
       -275.0
      ],
      [
       2496.0,
       -278.0
      ],
      [
       2490.0,
       -278.0
      ],
      [
       2489.0,
       -280.0
      ],
      [
       2487.0,
       -280.0
      ],
      [
       2486.0,
       -283.0
      ],
      [
       2468.0,
       -281.0
      ],
      [
       2466.0,
       -284.0
      ],
      [
       2446.0,
       -284.0
      ],
      [
       2439.0,
       -287.0
      ],
      [
       2437.0,
       -290.0
      ],
      [
       2423.0,
       -290.0
      ],
      [
       2422.0,
       -288.0
      ],
      [
       2417.0,
       -288.0
      ],
      [
       2416.0,
       -286.0
      ],
      [
       2408.0,
       -287.0
      ],
      [
       2407.0,
       -284.0
      ],
      [
       2405.0,
       -284.0
      ],
      [
       2400.0,
       -289.0
      ],
      [
       2396.0,
       -289.0
      ],
      [
       2392.0,
       -292.0
      ],
      [
       2390.0,
       -292.0
      ],
      [
       2389.0,
       -290.0
      ],
      [
       2383.0,
       -292.0
      ],
      [
       2383.0,
       -294.0
      ],
      [
       2379.0,
       -295.0
      ],
      [
       2378.0,
       -299.0
      ],
      [
       2373.0,
       -302.0
      ],
      [
       2368.0,
       -300.0
      ],
      [
       2367.0,
       -304.0
      ],
      [
       2363.0,
       -305.0
      ],
      [
       2361.0,
       -310.0
      ],
      [
       2354.0,
       -312.0
      ],
      [
       2353.0,
       -315.0
      ],
      [
       2340.0,
       -315.0
      ],
      [
       2339.0,
       -313.0
      ],
      [
       2337.0,
       -313.0
      ],
      [
       2335.0,
       -316.0
      ],
      [
       2308.0,
       -317.0
      ],
      [
       2307.0,
       -321.0
      ],
      [
       2320.0,
       -320.0
      ],
      [
       2321.0,
       -321.0
      ],
      [
       2318.0,
       -326.0
      ],
      [
       2312.0,
       -326.0
      ],
      [
       2306.0,
       -331.0
      ],
      [
       2300.0,
       -331.0
      ],
      [
       2298.0,
       -334.0
      ],
      [
       2296.0,
       -334.0
      ],
      [
       2292.0,
       -330.0
      ],
      [
       2286.0,
       -330.0
      ],
      [
       2285.0,
       -332.0
      ],
      [
       2278.0,
       -333.0
      ],
      [
       2277.0,
       -335.0
      ],
      [
       2268.0,
       -335.0
      ],
      [
       2265.0,
       -338.0
      ],
      [
       2262.0,
       -338.0
      ],
      [
       2261.0,
       -340.0
      ],
      [
       2257.0,
       -341.0
      ],
      [
       2256.0,
       -343.0
      ],
      [
       2249.0,
       -343.0
      ],
      [
       2247.0,
       -346.0
      ],
      [
       2241.0,
       -346.0
      ],
      [
       2239.0,
       -348.0
      ],
      [
       2226.0,
       -349.0
      ],
      [
       2225.0,
       -347.0
      ],
      [
       2223.0,
       -347.0
      ],
      [
       2221.0,
       -349.0
      ],
      [
       2215.0,
       -349.0
      ],
      [
       2211.0,
       -346.0
      ],
      [
       2212.0,
       -345.0
      ],
      [
       2202.0,
       -346.0
      ],
      [
       2198.0,
       -343.0
      ],
      [
       2199.0,
       -342.0
      ],
      [
       2193.0,
       -342.0
      ],
      [
       2192.0,
       -340.0
      ],
      [
       2188.0,
       -342.0
      ],
      [
       2167.0,
       -343.0
      ],
      [
       2165.0,
       -345.0
      ],
      [
       2162.0,
       -345.0
      ],
      [
       2162.0,
       -343.0
      ],
      [
       2152.0,
       -344.0
      ],
      [
       2152.0,
       -341.0
      ],
      [
       2140.0,
       -344.0
      ],
      [
       2139.0,
       -346.0
      ],
      [
       2136.0,
       -346.0
      ],
      [
       2134.0,
       -349.0
      ],
      [
       2116.0,
       -349.0
      ],
      [
       2104.0,
       -356.0
      ],
      [
       2079.0,
       -356.0
      ],
      [
       2079.0,
       -354.0
      ],
      [
       2073.0,
       -354.0
      ],
      [
       2072.0,
       -352.0
      ],
      [
       2062.0,
       -352.0
      ],
      [
       2061.0,
       -354.0
      ],
      [
       2054.0,
       -354.0
      ],
      [
       2054.0,
       -352.0
      ],
      [
       2052.0,
       -352.0
      ],
      [
       2051.0,
       -350.0
      ],
      [
       2034.0,
       -350.0
      ],
      [
       2027.0,
       -354.0
      ],
      [
       2016.0,
       -354.0
      ],
      [
       2014.0,
       -358.0
      ],
      [
       2019.0,
       -360.0
      ],
      [
       2019.0,
       -362.0
      ],
      [
       2022.0,
       -363.0
      ],
      [
       2020.0,
       -366.0
      ],
      [
       2023.0,
       -366.0
      ],
      [
       2023.0,
       -368.0
      ],
      [
       2026.0,
       -369.0
      ],
      [
       2023.0,
       -374.0
      ],
      [
       2014.0,
       -376.0
      ],
      [
       2011.0,
       -381.0
      ],
      [
       2014.0,
       -381.0
      ],
      [
       2014.0,
       -383.0
      ],
      [
       2016.0,
       -383.0
      ],
      [
       2017.0,
       -385.0
      ],
      [
       2014.0,
       -388.0
      ],
      [
       2011.0,
       -388.0
      ],
      [
       2008.0,
       -393.0
      ],
      [
       2004.0,
       -393.0
      ],
      [
       2001.0,
       -397.0
      ],
      [
       1998.0,
       -397.0
      ],
      [
       1995.0,
       -401.0
      ],
      [
       1992.0,
       -401.0
      ],
      [
       1989.0,
       -405.0
      ],
      [
       1985.0,
       -405.0
      ],
      [
       1984.0,
       -407.0
      ],
      [
       1980.0,
       -407.0
      ],
      [
       1979.0,
       -409.0
      ],
      [
       1970.0,
       -411.0
      ],
      [
       1966.0,
       -418.0
      ],
      [
       1969.0,
       -419.0
      ],
      [
       1967.0,
       -422.0
      ],
      [
       1969.0,
       -422.0
      ],
      [
       1970.0,
       -424.0
      ],
      [
       1968.0,
       -426.0
      ],
      [
       1965.0,
       -425.0
      ],
      [
       1963.0,
       -428.0
      ],
      [
       1960.0,
       -427.0
      ],
      [
       1959.0,
       -429.0
      ],
      [
       1955.0,
       -429.0
      ],
      [
       1954.0,
       -431.0
      ],
      [
       1950.0,
       -431.0
      ],
      [
       1949.0,
       -433.0
      ],
      [
       1941.0,
       -433.0
      ],
      [
       1940.0,
       -435.0
      ],
      [
       1936.0,
       -435.0
      ],
      [
       1931.0,
       -443.0
      ],
      [
       1928.0,
       -443.0
      ],
      [
       1924.0,
       -449.0
      ],
      [
       1926.0,
       -449.0
      ],
      [
       1926.0,
       -451.0
      ],
      [
       1932.0,
       -451.0
      ],
      [
       1932.0,
       -453.0
      ],
      [
       1938.0,
       -456.0
      ],
      [
       1937.0,
       -457.0
      ],
      [
       1950.0,
       -458.0
      ],
      [
       1952.0,
       -456.0
      ],
      [
       1955.0,
       -456.0
      ],
      [
       1955.0,
       -458.0
      ],
      [
       1961.0,
       -458.0
      ],
      [
       1961.0,
       -460.0
      ],
      [
       1971.0,
       -460.0
      ],
      [
       1977.0,
       -466.0
      ],
      [
       1986.0,
       -467.0
      ],
      [
       1986.0,
       -469.0
      ],
      [
       1989.0,
       -470.0
      ],
      [
       1988.0,
       -471.0
      ],
      [
       1992.0,
       -472.0
      ],
      [
       1991.0,
       -473.0
      ],
      [
       2005.0,
       -473.0
      ],
      [
       2005.0,
       -475.0
      ],
      [
       2011.0,
       -475.0
      ],
      [
       2011.0,
       -477.0
      ],
      [
       2030.0,
       -477.0
      ],
      [
       2037.0,
       -473.0
      ],
      [
       2052.0,
       -473.0
      ],
      [
       2059.0,
       -469.0
      ],
      [
       2070.0,
       -469.0
      ],
      [
       2072.0,
       -467.0
      ],
      [
       2079.0,
       -467.0
      ],
      [
       2081.0,
       -465.0
      ],
      [
       2088.0,
       -465.0
      ],
      [
       2090.0,
       -463.0
      ],
      [
       2096.0,
       -465.0
      ],
      [
       2098.0,
       -463.0
      ],
      [
       2109.0,
       -463.0
      ],
      [
       2115.0,
       -460.0
      ],
      [
       2126.0,
       -460.0
      ],
      [
       2127.0,
       -462.0
      ],
      [
       2133.0,
       -462.0
      ],
      [
       2133.0,
       -464.0
      ],
      [
       2136.0,
       -464.0
      ],
      [
       2136.0,
       -466.0
      ],
      [
       2139.0,
       -467.0
      ],
      [
       2138.0,
       -469.0
      ],
      [
       2135.0,
       -469.0
      ],
      [
       2132.0,
       -472.0
      ],
      [
       2135.0,
       -474.0
      ],
      [
       2134.0,
       -475.0
      ],
      [
       2137.0,
       -475.0
      ],
      [
       2137.0,
       -477.0
      ],
      [
       2139.0,
       -477.0
      ],
      [
       2143.0,
       -481.0
      ],
      [
       2149.0,
       -481.0
      ],
      [
       2149.0,
       -483.0
      ],
      [
       2157.0,
       -481.0
      ],
      [
       2157.0,
       -483.0
      ],
      [
       2160.0,
       -483.0
      ],
      [
       2160.0,
       -485.0
      ],
      [
       2163.0,
       -486.0
      ],
      [
       2161.0,
       -489.0
      ],
      [
       2164.0,
       -489.0
      ],
      [
       2164.0,
       -491.0
      ],
      [
       2171.0,
       -491.0
      ],
      [
       2171.0,
       -493.0
      ],
      [
       2174.0,
       -494.0
      ],
      [
       2173.0,
       -497.0
      ],
      [
       2187.0,
       -497.0
      ],
      [
       2187.0,
       -499.0
      ],
      [
       2198.0,
       -498.0
      ],
      [
       2199.0,
       -500.0
      ],
      [
       2206.0,
       -500.0
      ],
      [
       2207.0,
       -498.0
      ],
      [
       2210.0,
       -498.0
      ],
      [
       2211.0,
       -500.0
      ],
      [
       2225.0,
       -500.0
      ],
      [
       2226.0,
       -502.0
      ],
      [
       2223.0,
       -506.0
      ],
      [
       2226.0,
       -506.0
      ],
      [
       2226.0,
       -508.0
      ],
      [
       2243.0,
       -508.0
      ],
      [
       2247.0,
       -505.0
      ],
      [
       2262.0,
       -505.0
      ],
      [
       2266.0,
       -508.0
      ],
      [
       2265.0,
       -509.0
      ],
      [
       2268.0,
       -509.0
      ],
      [
       2268.0,
       -511.0
      ],
      [
       2274.0,
       -513.0
      ],
      [
       2274.0,
       -515.0
      ],
      [
       2282.0,
       -513.0
      ],
      [
       2282.0,
       -515.0
      ],
      [
       2284.0,
       -515.0
      ],
      [
       2285.0,
       -517.0
      ],
      [
       2291.0,
       -517.0
      ],
      [
       2292.0,
       -519.0
      ],
      [
       2304.0,
       -516.0
      ],
      [
       2307.0,
       -512.0
      ],
      [
       2314.0,
       -512.0
      ],
      [
       2314.0,
       -514.0
      ],
      [
       2320.0,
       -514.0
      ],
      [
       2321.0,
       -516.0
      ],
      [
       2330.0,
       -521.0
      ],
      [
       2328.0,
       -524.0
      ],
      [
       2331.0,
       -524.0
      ],
      [
       2331.0,
       -526.0
      ],
      [
       2338.0,
       -526.0
      ],
      [
       2338.0,
       -528.0
      ],
      [
       2341.0,
       -528.0
      ],
      [
       2343.0,
       -525.0
      ],
      [
       2346.0,
       -525.0
      ],
      [
       2346.0,
       -528.0
      ],
      [
       2350.0,
       -528.0
      ],
      [
       2349.0,
       -530.0
      ],
      [
       2354.0,
       -527.0
      ],
      [
       2364.0,
       -527.0
      ],
      [
       2365.0,
       -529.0
      ],
      [
       2371.0,
       -529.0
      ],
      [
       2371.0,
       -531.0
      ],
      [
       2378.0,
       -531.0
      ],
      [
       2380.0,
       -529.0
      ],
      [
       2386.0,
       -531.0
      ],
      [
       2388.0,
       -528.0
      ],
      [
       2391.0,
       -528.0
      ],
      [
       2392.0,
       -526.0
      ],
      [
       2399.0,
       -526.0
      ],
      [
       2401.0,
       -524.0
      ],
      [
       2411.0,
       -523.0
      ],
      [
       2412.0,
       -525.0
      ],
      [
       2421.0,
       -525.0
      ],
      [
       2422.0,
       -527.0
      ],
      [
       2432.0,
       -527.0
      ],
      [
       2432.0,
       -529.0
      ],
      [
       2438.0,
       -529.0
      ],
      [
       2442.0,
       -532.0
      ],
      [
       2441.0,
       -533.0
      ],
      [
       2445.0,
       -534.0
      ],
      [
       2442.0,
       -540.0
      ],
      [
       2452.0,
       -539.0
      ],
      [
       2454.0,
       -537.0
      ],
      [
       2460.0,
       -537.0
      ],
      [
       2462.0,
       -535.0
      ],
      [
       2464.0,
       -535.0
      ],
      [
       2465.0,
       -537.0
      ],
      [
       2471.0,
       -537.0
      ],
      [
       2471.0,
       -539.0
      ],
      [
       2484.0,
       -538.0
      ],
      [
       2485.0,
       -541.0
      ],
      [
       2501.0,
       -540.0
      ],
      [
       2502.0,
       -542.0
      ],
      [
       2504.0,
       -542.0
      ],
      [
       2505.0,
       -540.0
      ],
      [
       2508.0,
       -540.0
      ],
      [
       2508.0,
       -542.0
      ],
      [
       2510.0,
       -542.0
      ],
      [
       2511.0,
       -544.0
      ],
      [
       2520.0,
       -544.0
      ],
      [
       2521.0,
       -546.0
      ],
      [
       2523.0,
       -546.0
      ],
      [
       2523.0,
       -548.0
      ],
      [
       2526.0,
       -549.0
      ],
      [
       2524.0,
       -555.0
      ],
      [
       2530.0,
       -558.0
      ],
      [
       2529.0,
       -561.0
      ],
      [
       2531.0,
       -561.0
      ],
      [
       2531.0,
       -563.0
      ],
      [
       2537.0,
       -563.0
      ],
      [
       2538.0,
       -561.0
      ],
      [
       2541.0,
       -561.0
      ],
      [
       2541.0,
       -563.0
      ],
      [
       2547.0,
       -566.0
      ],
      [
       2545.0,
       -570.0
      ],
      [
       2548.0,
       -571.0
      ],
      [
       2546.0,
       -576.0
      ],
      [
       2549.0,
       -577.0
      ],
      [
       2547.0,
       -583.0
      ],
      [
       2559.0,
       -583.0
      ],
      [
       2562.0,
       -587.0
      ],
      [
       2567.0,
       -589.0
      ],
      [
       2568.0,
       -587.0
      ],
      [
       2583.0,
       -587.0
      ],
      [
       2585.0,
       -585.0
      ],
      [
       2593.0,
       -584.0
      ],
      [
       2594.0,
       -587.0
      ],
      [
       2599.0,
       -587.0
      ],
      [
       2600.0,
       -584.0
      ],
      [
       2613.0,
       -582.0
      ],
      [
       2614.0,
       -580.0
      ],
      [
       2620.0,
       -578.0
      ],
      [
       2621.0,
       -575.0
      ],
      [
       2624.0,
       -575.0
      ],
      [
       2628.0,
       -571.0
      ],
      [
       2631.0,
       -571.0
      ],
      [
       2632.0,
       -569.0
      ],
      [
       2637.0,
       -569.0
      ],
      [
       2639.0,
       -566.0
      ],
      [
       2641.0,
       -566.0
      ],
      [
       2643.0,
       -562.0
      ],
      [
       2654.0,
       -560.0
      ],
      [
       2654.0,
       -558.0
      ],
      [
       2659.0,
       -555.0
      ],
      [
       2671.0,
       -555.0
      ],
      [
       2672.0,
       -557.0
      ],
      [
       2674.0,
       -557.0
      ],
      [
       2675.0,
       -555.0
      ],
      [
       2682.0,
       -555.0
      ],
      [
       2686.0,
       -553.0
      ],
      [
       2687.0,
       -551.0
      ],
      [
       2689.0,
       -551.0
      ],
      [
       2690.0,
       -548.0
      ],
      [
       2707.0,
       -549.0
      ],
      [
       2708.0,
       -551.0
      ],
      [
       2712.0,
       -551.0
      ],
      [
       2712.0,
       -553.0
      ],
      [
       2716.0,
       -553.0
      ],
      [
       2719.0,
       -556.0
      ],
      [
       2719.0,
       -558.0
      ],
      [
       2725.0,
       -558.0
      ],
      [
       2725.0,
       -560.0
      ],
      [
       2728.0,
       -561.0
      ],
      [
       2727.0,
       -562.0
      ],
      [
       2734.0,
       -562.0
      ],
      [
       2738.0,
       -558.0
      ],
      [
       2747.0,
       -558.0
      ],
      [
       2748.0,
       -556.0
      ],
      [
       2754.0,
       -556.0
      ],
      [
       2754.0,
       -558.0
      ],
      [
       2756.0,
       -558.0
      ],
      [
       2757.0,
       -556.0
      ],
      [
       2761.0,
       -556.0
      ],
      [
       2761.0,
       -558.0
      ],
      [
       2769.0,
       -558.0
      ],
      [
       2772.0,
       -562.0
      ],
      [
       2771.0,
       -563.0
      ],
      [
       2779.0,
       -563.0
      ],
      [
       2781.0,
       -561.0
      ],
      [
       2795.0,
       -561.0
      ],
      [
       2804.0,
       -553.0
      ],
      [
       2807.0,
       -553.0
      ],
      [
       2808.0,
       -555.0
      ],
      [
       2811.0,
       -555.0
      ],
      [
       2812.0,
       -553.0
      ],
      [
       2819.0,
       -553.0
      ],
      [
       2820.0,
       -551.0
      ],
      [
       2822.0,
       -551.0
      ],
      [
       2823.0,
       -545.0
      ],
      [
       2827.0,
       -542.0
      ],
      [
       2828.0,
       -535.0
      ],
      [
       2830.0,
       -533.0
      ],
      [
       2832.0,
       -534.0
      ],
      [
       2831.0,
       -535.0
      ],
      [
       2833.0,
       -536.0
      ],
      [
       2833.0,
       -538.0
      ],
      [
       2835.0,
       -535.0
      ],
      [
       2844.0,
       -536.0
      ],
      [
       2845.0,
       -534.0
      ],
      [
       2852.0,
       -534.0
      ],
      [
       2853.0,
       -536.0
      ],
      [
       2865.0,
       -537.0
      ],
      [
       2866.0,
       -534.0
      ],
      [
       2869.0,
       -535.0
      ],
      [
       2870.0,
       -532.0
      ],
      [
       2873.0,
       -532.0
      ],
      [
       2884.0,
       -522.0
      ],
      [
       2884.0,
       -518.0
      ],
      [
       2887.0,
       -515.0
      ],
      [
       2887.0,
       -511.0
      ],
      [
       2894.0,
       -504.0
      ],
      [
       2899.0,
       -504.0
      ],
      [
       2907.0,
       -498.0
      ],
      [
       2909.0,
       -476.0
      ],
      [
       2915.0,
       -471.0
      ],
      [
       2915.0,
       -468.0
      ],
      [
       2918.0,
       -465.0
      ],
      [
       2918.0,
       -463.0
      ],
      [
       2924.0,
       -458.0
      ],
      [
       2924.0,
       -454.0
      ],
      [
       2922.0,
       -453.0
      ],
      [
       2923.0,
       -450.0
      ],
      [
       2919.0,
       -446.0
      ],
      [
       2921.0,
       -429.0
      ],
      [
       2925.0,
       -424.0
      ],
      [
       2924.0,
       -418.0
      ]
     ]
    ]
   }
  },
  {
   "type": "Feature",
   "properties": {
    "code": "vastitas_borealis",
    "name": "Vastitas Borealis",
    "number": 6,
    "capital": null,
    "culture": null,
    "civs": [
     "mcc",
     "mla"
    ],
    "provinceType": "land",
    "terrain": "plains",
    "mapTypes": [
     "mars"
    ],
    "resources": null,
    "religion": null,
    "population": "low",
    "centerpoint": [
     3111,
     301
    ],
    "position": {
     "x": 2843,
     "y": 0
    },
    "bbox": {
     "w": 510,
     "h": 515
    },
    "maskSize": [
     512,
     1024
    ],
    "links": [
     "elysium_nordis",
     "elysium_planitia",
     "isidis_planitia",
     "north_polar_ice_cap",
     "utopia_planitia"
    ]
   },
   "geometry": {
    "type": "Polygon",
    "coordinates": [
     [
      [
       2934.0,
       0.0
      ],
      [
       2934.0,
       -12.0
      ],
      [
       2936.0,
       -13.0
      ],
      [
       2935.0,
       -19.0
      ],
      [
       2937.0,
       -20.0
      ],
      [
       2936.0,
       -26.0
      ],
      [
       2938.0,
       -27.0
      ],
      [
       2937.0,
       -33.0
      ],
      [
       2939.0,
       -34.0
      ],
      [
       2939.0,
       -38.0
      ],
      [
       2941.0,
       -39.0
      ],
      [
       2940.0,
       -42.0
      ],
      [
       2942.0,
       -43.0
      ],
      [
       2942.0,
       -47.0
      ],
      [
       2945.0,
       -50.0
      ],
      [
       2945.0,
       -54.0
      ],
      [
       2947.0,
       -55.0
      ],
      [
       2946.0,
       -58.0
      ],
      [
       2952.0,
       -64.0
      ],
      [
       2951.0,
       -65.0
      ],
      [
       2957.0,
       -71.0
      ],
      [
       2958.0,
       -75.0
      ],
      [
       2962.0,
       -79.0
      ],
      [
       2968.0,
       -79.0
      ],
      [
       2969.0,
       -82.0
      ],
      [
       2980.0,
       -82.0
      ],
      [
       2983.0,
       -85.0
      ],
      [
       2983.0,
       -87.0
      ],
      [
       2991.0,
       -78.0
      ],
      [
       2994.0,
       -78.0
      ],
      [
       2995.0,
       -80.0
      ],
      [
       2999.0,
       -81.0
      ],
      [
       2999.0,
       -90.0
      ],
      [
       3018.0,
       -90.0
      ],
      [
       3019.0,
       -93.0
      ],
      [
       3023.0,
       -93.0
      ],
      [
       3025.0,
       -90.0
      ],
      [
       3028.0,
       -93.0
      ],
      [
       3039.0,
       -93.0
      ],
      [
       3040.0,
       -91.0
      ],
      [
       3043.0,
       -91.0
      ],
      [
       3045.0,
       -93.0
      ],
      [
       3046.0,
       -91.0
      ],
      [
       3051.0,
       -91.0
      ],
      [
       3051.0,
       -94.0
      ],
      [
       3064.0,
       -94.0
      ],
      [
       3066.0,
       -99.0
      ],
      [
       3071.0,
       -99.0
      ],
      [
       3071.0,
       -101.0
      ],
      [
       3085.0,
       -102.0
      ],
      [
       3088.0,
       -105.0
      ],
      [
       3089.0,
       -109.0
      ],
      [
       3095.0,
       -110.0
      ],
      [
       3094.0,
       -113.0
      ],
      [
       3090.0,
       -114.0
      ],
      [
       3089.0,
       -116.0
      ],
      [
       3082.0,
       -116.0
      ],
      [
       3077.0,
       -111.0
      ],
      [
       3075.0,
       -111.0
      ],
      [
       3074.0,
       -114.0
      ],
      [
       3071.0,
       -114.0
      ],
      [
       3071.0,
       -111.0
      ],
      [
       3061.0,
       -109.0
      ],
      [
       3060.0,
       -106.0
      ],
      [
       3055.0,
       -106.0
      ],
      [
       3054.0,
       -104.0
      ],
      [
       3047.0,
       -108.0
      ],
      [
       3045.0,
       -115.0
      ],
      [
       3040.0,
       -115.0
      ],
      [
       3037.0,
       -119.0
      ],
      [
       3035.0,
       -117.0
      ],
      [
       3027.0,
       -117.0
      ],
      [
       3026.0,
       -114.0
      ],
      [
       3023.0,
       -116.0
      ],
      [
       3022.0,
       -119.0
      ],
      [
       3017.0,
       -118.0
      ],
      [
       3015.0,
       -121.0
      ],
      [
       3012.0,
       -121.0
      ],
      [
       3012.0,
       -124.0
      ],
      [
       3009.0,
       -127.0
      ],
      [
       3006.0,
       -127.0
      ],
      [
       3004.0,
       -134.0
      ],
      [
       3001.0,
       -134.0
      ],
      [
       2996.0,
       -138.0
      ],
      [
       2987.0,
       -138.0
      ],
      [
       2986.0,
       -140.0
      ],
      [
       2977.0,
       -140.0
      ],
      [
       2976.0,
       -142.0
      ],
      [
       2966.0,
       -142.0
      ],
      [
       2964.0,
       -144.0
      ],
      [
       2958.0,
       -144.0
      ],
      [
       2957.0,
       -146.0
      ],
      [
       2949.0,
       -150.0
      ],
      [
       2948.0,
       -163.0
      ],
      [
       2950.0,
       -165.0
      ],
      [
       2949.0,
       -170.0
      ],
      [
       2946.0,
       -173.0
      ],
      [
       2944.0,
       -172.0
      ],
      [
       2944.0,
       -170.0
      ],
      [
       2934.0,
       -170.0
      ],
      [
       2933.0,
       -172.0
      ],
      [
       2930.0,
       -170.0
      ],
      [
       2929.0,
       -176.0
      ],
      [
       2927.0,
       -177.0
      ],
      [
       2927.0,
       -182.0
      ],
      [
       2924.0,
       -186.0
      ],
      [
       2915.0,
       -185.0
      ],
      [
       2914.0,
       -188.0
      ],
      [
       2903.0,
       -187.0
      ],
      [
       2902.0,
       -189.0
      ],
      [
       2899.0,
       -189.0
      ],
      [
       2898.0,
       -187.0
      ],
      [
       2893.0,
       -187.0
      ],
      [
       2892.0,
       -189.0
      ],
      [
       2887.0,
       -189.0
      ],
      [
       2885.0,
       -191.0
      ],
      [
       2883.0,
       -199.0
      ],
      [
       2880.0,
       -200.0
      ],
      [
       2880.0,
       -204.0
      ],
      [
       2882.0,
       -205.0
      ],
      [
       2881.0,
       -213.0
      ],
      [
       2885.0,
       -217.0
      ],
      [
       2874.0,
       -229.0
      ],
      [
       2870.0,
       -231.0
      ],
      [
       2868.0,
       -237.0
      ],
      [
       2865.0,
       -240.0
      ],
      [
       2862.0,
       -240.0
      ],
      [
       2859.0,
       -245.0
      ],
      [
       2856.0,
       -245.0
      ],
      [
       2855.0,
       -250.0
      ],
      [
       2859.0,
       -255.0
      ],
      [
       2857.0,
       -256.0
      ],
      [
       2857.0,
       -262.0
      ],
      [
       2852.0,
       -265.0
      ],
      [
       2850.0,
       -273.0
      ],
      [
       2848.0,
       -274.0
      ],
      [
       2848.0,
       -279.0
      ],
      [
       2846.0,
       -280.0
      ],
      [
       2845.0,
       -286.0
      ],
      [
       2843.0,
       -287.0
      ],
      [
       2843.0,
       -297.0
      ],
      [
       2848.0,
       -300.0
      ],
      [
       2850.0,
       -306.0
      ],
      [
       2853.0,
       -304.0
      ],
      [
       2859.0,
       -313.0
      ],
      [
       2866.0,
       -313.0
      ],
      [
       2869.0,
       -317.0
      ],
      [
       2868.0,
       -325.0
      ],
      [
       2862.0,
       -330.0
      ],
      [
       2862.0,
       -338.0
      ],
      [
       2859.0,
       -341.0
      ],
      [
       2859.0,
       -349.0
      ],
      [
       2857.0,
       -350.0
      ],
      [
       2857.0,
       -354.0
      ],
      [
       2865.0,
       -354.0
      ],
      [
       2866.0,
       -352.0
      ],
      [
       2869.0,
       -352.0
      ],
      [
       2871.0,
       -354.0
      ],
      [
       2872.0,
       -352.0
      ],
      [
       2877.0,
       -352.0
      ],
      [
       2879.0,
       -357.0
      ],
      [
       2877.0,
       -357.0
      ],
      [
       2875.0,
       -363.0
      ],
      [
       2877.0,
       -364.0
      ],
      [
       2878.0,
       -368.0
      ],
      [
       2881.0,
       -368.0
      ],
      [
       2884.0,
       -371.0
      ],
      [
       2883.0,
       -377.0
      ],
      [
       2885.0,
       -379.0
      ],
      [
       2888.0,
       -379.0
      ],
      [
       2888.0,
       -382.0
      ],
      [
       2890.0,
       -384.0
      ],
      [
       2893.0,
       -384.0
      ],
      [
       2896.0,
       -380.0
      ],
      [
       2898.0,
       -380.0
      ],
      [
       2899.0,
       -382.0
      ],
      [
       2907.0,
       -382.0
      ],
      [
       2908.0,
       -385.0
      ],
      [
       2912.0,
       -388.0
      ],
      [
       2911.0,
       -389.0
      ],
      [
       2913.0,
       -390.0
      ],
      [
       2913.0,
       -394.0
      ],
      [
       2916.0,
       -397.0
      ],
      [
       2915.0,
       -408.0
      ],
      [
       2917.0,
       -409.0
      ],
      [
       2918.0,
       -417.0
      ],
      [
       2920.0,
       -418.0
      ],
      [
       2919.0,
       -419.0
      ],
      [
       2922.0,
       -419.0
      ],
      [
       2924.0,
       -417.0
      ],
      [
       2926.0,
       -420.0
      ],
      [
       2926.0,
       -424.0
      ],
      [
       2922.0,
       -429.0
      ],
      [
       2920.0,
       -446.0
      ],
      [
       2924.0,
       -450.0
      ],
      [
       2923.0,
       -453.0
      ],
      [
       2925.0,
       -454.0
      ],
      [
       2925.0,
       -458.0
      ],
      [
       2919.0,
       -463.0
      ],
      [
       2919.0,
       -465.0
      ],
      [
       2916.0,
       -468.0
      ],
      [
       2916.0,
       -471.0
      ],
      [
       2910.0,
       -476.0
      ],
      [
       2908.0,
       -500.0
      ],
      [
       2910.0,
       -500.0
      ],
      [
       2912.0,
       -503.0
      ],
      [
       2919.0,
       -503.0
      ],
      [
       2919.0,
       -505.0
      ],
      [
       2922.0,
       -505.0
      ],
      [
       2923.0,
       -503.0
      ],
      [
       2929.0,
       -503.0
      ],
      [
       2934.0,
       -499.0
      ],
      [
       2939.0,
       -499.0
      ],
      [
       2942.0,
       -495.0
      ],
      [
       2946.0,
       -495.0
      ],
      [
       2949.0,
       -491.0
      ],
      [
       2951.0,
       -493.0
      ],
      [
       2952.0,
       -491.0
      ],
      [
       2959.0,
       -491.0
      ],
      [
       2963.0,
       -485.0
      ],
      [
       2969.0,
       -485.0
      ],
      [
       2972.0,
       -481.0
      ],
      [
       2976.0,
       -485.0
      ],
      [
       2980.0,
       -485.0
      ],
      [
       2982.0,
       -488.0
      ],
      [
       2996.0,
       -489.0
      ],
      [
       3000.0,
       -480.0
      ],
      [
       3007.0,
       -480.0
      ],
      [
       3013.0,
       -488.0
      ],
      [
       3012.0,
       -492.0
      ],
      [
       3017.0,
       -497.0
      ],
      [
       3017.0,
       -499.0
      ],
      [
       3024.0,
       -499.0
      ],
      [
       3026.0,
       -504.0
      ],
      [
       3030.0,
       -505.0
      ],
      [
       3029.0,
       -506.0
      ],
      [
       3038.0,
       -507.0
      ],
      [
       3041.0,
       -510.0
      ],
      [
       3042.0,
       -514.0
      ],
      [
       3048.0,
       -512.0
      ],
      [
       3048.0,
       -510.0
      ],
      [
       3051.0,
       -507.0
      ],
      [
       3055.0,
       -507.0
      ],
      [
       3055.0,
       -503.0
      ],
      [
       3057.0,
       -501.0
      ],
      [
       3061.0,
       -501.0
      ],
      [
       3062.0,
       -499.0
      ],
      [
       3067.0,
       -499.0
      ],
      [
       3071.0,
       -497.0
      ],
      [
       3074.0,
       -492.0
      ],
      [
       3085.0,
       -493.0
      ],
      [
       3087.0,
       -498.0
      ],
      [
       3094.0,
       -489.0
      ],
      [
       3105.0,
       -489.0
      ],
      [
       3106.0,
       -492.0
      ],
      [
       3116.0,
       -494.0
      ],
      [
       3118.0,
       -499.0
      ],
      [
       3122.0,
       -499.0
      ],
      [
       3124.0,
       -504.0
      ],
      [
       3128.0,
       -504.0
      ],
      [
       3132.0,
       -507.0
      ],
      [
       3132.0,
       -509.0
      ],
      [
       3134.0,
       -509.0
      ],
      [
       3135.0,
       -507.0
      ],
      [
       3137.0,
       -509.0
      ],
      [
       3143.0,
       -509.0
      ],
      [
       3143.0,
       -511.0
      ],
      [
       3147.0,
       -512.0
      ],
      [
       3146.0,
       -514.0
      ],
      [
       3154.0,
       -512.0
      ],
      [
       3155.0,
       -510.0
      ],
      [
       3159.0,
       -510.0
      ],
      [
       3162.0,
       -514.0
      ],
      [
       3164.0,
       -512.0
      ],
      [
       3165.0,
       -502.0
      ],
      [
       3171.0,
       -501.0
      ],
      [
       3176.0,
       -494.0
      ],
      [
       3183.0,
       -495.0
      ],
      [
       3187.0,
       -490.0
      ],
      [
       3191.0,
       -490.0
      ],
      [
       3192.0,
       -488.0
      ],
      [
       3194.0,
       -488.0
      ],
      [
       3199.0,
       -482.0
      ],
      [
       3215.0,
       -482.0
      ],
      [
       3218.0,
       -478.0
      ],
      [
       3220.0,
       -478.0
      ],
      [
       3221.0,
       -475.0
      ],
      [
       3222.0,
       -476.0
      ],
      [
       3223.0,
       -473.0
      ],
      [
       3237.0,
       -474.0
      ],
      [
       3239.0,
       -471.0
      ],
      [
       3241.0,
       -472.0
      ],
      [
       3242.0,
       -469.0
      ],
      [
       3245.0,
       -469.0
      ],
      [
       3258.0,
       -454.0
      ],
      [
       3269.0,
       -454.0
      ],
      [
       3270.0,
       -452.0
      ],
      [
       3273.0,
       -452.0
      ],
      [
       3277.0,
       -447.0
      ],
      [
       3278.0,
       -443.0
      ],
      [
       3284.0,
       -445.0
      ],
      [
       3288.0,
       -439.0
      ],
      [
       3295.0,
       -439.0
      ],
      [
       3297.0,
       -436.0
      ],
      [
       3308.0,
       -437.0
      ],
      [
       3308.0,
       -435.0
      ],
      [
       3313.0,
       -432.0
      ],
      [
       3318.0,
       -425.0
      ],
      [
       3326.0,
       -425.0
      ],
      [
       3328.0,
       -423.0
      ],
      [
       3330.0,
       -426.0
      ],
      [
       3330.0,
       -424.0
      ],
      [
       3333.0,
       -421.0
      ],
      [
       3332.0,
       -413.0
      ],
      [
       3335.0,
       -410.0
      ],
      [
       3336.0,
       -406.0
      ],
      [
       3340.0,
       -403.0
      ],
      [
       3341.0,
       -397.0
      ],
      [
       3344.0,
       -396.0
      ],
      [
       3345.0,
       -390.0
      ],
      [
       3343.0,
       -389.0
      ],
      [
       3345.0,
       -381.0
      ],
      [
       3342.0,
       -378.0
      ],
      [
       3343.0,
       -377.0
      ],
      [
       3339.0,
       -376.0
      ],
      [
       3340.0,
       -374.0
      ],
      [
       3337.0,
       -371.0
      ],
      [
       3338.0,
       -367.0
      ],
      [
       3336.0,
       -365.0
      ],
      [
       3332.0,
       -365.0
      ],
      [
       3329.0,
       -362.0
      ],
      [
       3329.0,
       -356.0
      ],
      [
       3327.0,
       -356.0
      ],
      [
       3326.0,
       -354.0
      ],
      [
       3323.0,
       -356.0
      ],
      [
       3321.0,
       -353.0
      ],
      [
       3321.0,
       -342.0
      ],
      [
       3322.0,
       -339.0
      ],
      [
       3325.0,
       -337.0
      ],
      [
       3330.0,
       -319.0
      ],
      [
       3328.0,
       -318.0
      ],
      [
       3328.0,
       -310.0
      ],
      [
       3324.0,
       -310.0
      ],
      [
       3322.0,
       -308.0
      ],
      [
       3321.0,
       -310.0
      ],
      [
       3316.0,
       -310.0
      ],
      [
       3314.0,
       -312.0
      ],
      [
       3313.0,
       -303.0
      ],
      [
       3308.0,
       -308.0
      ],
      [
       3305.0,
       -308.0
      ],
      [
       3305.0,
       -305.0
      ],
      [
       3303.0,
       -304.0
      ],
      [
       3304.0,
       -303.0
      ],
      [
       3300.0,
       -298.0
      ],
      [
       3300.0,
       -294.0
      ],
      [
       3304.0,
       -289.0
      ],
      [
       3302.0,
       -288.0
      ],
      [
       3301.0,
       -284.0
      ],
      [
       3302.0,
       -280.0
      ],
      [
       3305.0,
       -279.0
      ],
      [
       3303.0,
       -277.0
      ],
      [
       3305.0,
       -269.0
      ],
      [
       3311.0,
       -263.0
      ],
      [
       3312.0,
       -260.0
      ],
      [
       3315.0,
       -257.0
      ],
      [
       3317.0,
       -257.0
      ],
      [
       3317.0,
       -255.0
      ],
      [
       3320.0,
       -253.0
      ],
      [
       3323.0,
       -241.0
      ],
      [
       3328.0,
       -234.0
      ],
      [
       3326.0,
       -232.0
      ],
      [
       3327.0,
       -230.0
      ],
      [
       3324.0,
       -227.0
      ],
      [
       3324.0,
       -221.0
      ],
      [
       3320.0,
       -219.0
      ],
      [
       3318.0,
       -215.0
      ],
      [
       3320.0,
       -207.0
      ],
      [
       3323.0,
       -205.0
      ],
      [
       3324.0,
       -202.0
      ],
      [
       3326.0,
       -202.0
      ],
      [
       3327.0,
       -198.0
      ],
      [
       3330.0,
       -196.0
      ],
      [
       3331.0,
       -193.0
      ],
      [
       3333.0,
       -193.0
      ],
      [
       3334.0,
       -189.0
      ],
      [
       3337.0,
       -187.0
      ],
      [
       3335.0,
       -186.0
      ],
      [
       3334.0,
       -182.0
      ],
      [
       3327.0,
       -181.0
      ],
      [
       3329.0,
       -173.0
      ],
      [
       3332.0,
       -172.0
      ],
      [
       3330.0,
       -168.0
      ],
      [
       3318.0,
       -168.0
      ],
      [
       3317.0,
       -166.0
      ],
      [
       3312.0,
       -166.0
      ],
      [
       3310.0,
       -168.0
      ],
      [
       3306.0,
       -163.0
      ],
      [
       3307.0,
       -161.0
      ],
      [
       3303.0,
       -160.0
      ],
      [
       3305.0,
       -154.0
      ],
      [
       3302.0,
       -150.0
      ],
      [
       3298.0,
       -149.0
      ],
      [
       3299.0,
       -147.0
      ],
      [
       3297.0,
       -146.0
      ],
      [
       3297.0,
       -141.0
      ],
      [
       3295.0,
       -140.0
      ],
      [
       3295.0,
       -132.0
      ],
      [
       3297.0,
       -130.0
      ],
      [
       3300.0,
       -130.0
      ],
      [
       3303.0,
       -124.0
      ],
      [
       3306.0,
       -124.0
      ],
      [
       3313.0,
       -117.0
      ],
      [
       3318.0,
       -115.0
      ],
      [
       3318.0,
       -113.0
      ],
      [
       3321.0,
       -112.0
      ],
      [
       3321.0,
       -110.0
      ],
      [
       3325.0,
       -107.0
      ],
      [
       3328.0,
       -98.0
      ],
      [
       3325.0,
       -94.0
      ],
      [
       3326.0,
       -91.0
      ],
      [
       3324.0,
       -90.0
      ],
      [
       3327.0,
       -82.0
      ],
      [
       3325.0,
       -80.0
      ],
      [
       3352.0,
       -8.0
      ],
      [
       3352.0,
       0.0
      ],
      [
       2934.0,
       0.0
      ]
     ]
    ]
   }
  },
  {
   "type": "Feature",
   "properties": {
    "code": "elysium_nordis",
    "name": "Elysium Nordis",
    "number": 7,
    "capital": null,
    "culture": null,
    "civs": [
     "mcc",
     "mla"
    ],
    "provinceType": "land",
    "terrain": "plains",
    "mapTypes": [
     "mars"
    ],
    "resources": null,
    "religion": null,
    "population": "low",
    "centerpoint": [
     3556,
     225
    ],
    "position": {
     "x": 3296,
     "y": 0
    },
    "bbox": {
     "w": 800,
     "h": 472
    },
    "maskSize": [
     1024,
     512
    ],
    "links": [
     "elysium_mons",
     "elysium_planitia",
     "vastitas_borealis"
    ]
   },
   "geometry": {
    "type": "Polygon",
    "coordinates": [
     [
      [
       3296.0,
       -132.0
      ],
      [
       3296.0,
       -140.0
      ],
      [
       3298.0,
       -141.0
      ],
      [
       3297.0,
       -144.0
      ],
      [
       3300.0,
       -147.0
      ],
      [
       3299.0,
       -149.0
      ],
      [
       3302.0,
       -149.0
      ],
      [
       3306.0,
       -154.0
      ],
      [
       3304.0,
       -160.0
      ],
      [
       3308.0,
       -161.0
      ],
      [
       3307.0,
       -163.0
      ],
      [
       3310.0,
       -167.0
      ],
      [
       3312.0,
       -165.0
      ],
      [
       3317.0,
       -165.0
      ],
      [
       3318.0,
       -167.0
      ],
      [
       3330.0,
       -167.0
      ],
      [
       3333.0,
       -172.0
      ],
      [
       3330.0,
       -173.0
      ],
      [
       3328.0,
       -181.0
      ],
      [
       3334.0,
       -181.0
      ],
      [
       3336.0,
       -186.0
      ],
      [
       3338.0,
       -187.0
      ],
      [
       3335.0,
       -189.0
      ],
      [
       3334.0,
       -193.0
      ],
      [
       3331.0,
       -194.0
      ],
      [
       3331.0,
       -196.0
      ],
      [
       3328.0,
       -198.0
      ],
      [
       3327.0,
       -202.0
      ],
      [
       3324.0,
       -203.0
      ],
      [
       3324.0,
       -205.0
      ],
      [
       3321.0,
       -207.0
      ],
      [
       3319.0,
       -215.0
      ],
      [
       3320.0,
       -218.0
      ],
      [
       3322.0,
       -218.0
      ],
      [
       3325.0,
       -221.0
      ],
      [
       3325.0,
       -227.0
      ],
      [
       3328.0,
       -230.0
      ],
      [
       3327.0,
       -232.0
      ],
      [
       3329.0,
       -234.0
      ],
      [
       3324.0,
       -241.0
      ],
      [
       3321.0,
       -253.0
      ],
      [
       3318.0,
       -255.0
      ],
      [
       3317.0,
       -258.0
      ],
      [
       3313.0,
       -260.0
      ],
      [
       3312.0,
       -263.0
      ],
      [
       3306.0,
       -269.0
      ],
      [
       3304.0,
       -276.0
      ],
      [
       3306.0,
       -279.0
      ],
      [
       3303.0,
       -280.0
      ],
      [
       3302.0,
       -284.0
      ],
      [
       3303.0,
       -288.0
      ],
      [
       3305.0,
       -289.0
      ],
      [
       3301.0,
       -294.0
      ],
      [
       3301.0,
       -298.0
      ],
      [
       3305.0,
       -303.0
      ],
      [
       3304.0,
       -304.0
      ],
      [
       3306.0,
       -305.0
      ],
      [
       3305.0,
       -307.0
      ],
      [
       3308.0,
       -307.0
      ],
      [
       3313.0,
       -302.0
      ],
      [
       3315.0,
       -306.0
      ],
      [
       3314.0,
       -311.0
      ],
      [
       3316.0,
       -309.0
      ],
      [
       3321.0,
       -309.0
      ],
      [
       3322.0,
       -307.0
      ],
      [
       3324.0,
       -309.0
      ],
      [
       3329.0,
       -310.0
      ],
      [
       3329.0,
       -318.0
      ],
      [
       3331.0,
       -319.0
      ],
      [
       3326.0,
       -337.0
      ],
      [
       3323.0,
       -339.0
      ],
      [
       3322.0,
       -342.0
      ],
      [
       3322.0,
       -353.0
      ],
      [
       3323.0,
       -355.0
      ],
      [
       3325.0,
       -353.0
      ],
      [
       3329.0,
       -355.0
      ],
      [
       3331.0,
       -358.0
      ],
      [
       3330.0,
       -362.0
      ],
      [
       3332.0,
       -364.0
      ],
      [
       3336.0,
       -364.0
      ],
      [
       3339.0,
       -367.0
      ],
      [
       3338.0,
       -371.0
      ],
      [
       3341.0,
       -374.0
      ],
      [
       3340.0,
       -376.0
      ],
      [
       3343.0,
       -376.0
      ],
      [
       3343.0,
       -378.0
      ],
      [
       3346.0,
       -381.0
      ],
      [
       3344.0,
       -389.0
      ],
      [
       3346.0,
       -391.0
      ],
      [
       3345.0,
       -396.0
      ],
      [
       3342.0,
       -397.0
      ],
      [
       3341.0,
       -403.0
      ],
      [
       3337.0,
       -406.0
      ],
      [
       3336.0,
       -410.0
      ],
      [
       3333.0,
       -413.0
      ],
      [
       3334.0,
       -421.0
      ],
      [
       3331.0,
       -424.0
      ],
      [
       3331.0,
       -426.0
      ],
      [
       3329.0,
       -427.0
      ],
      [
       3328.0,
       -424.0
      ],
      [
       3326.0,
       -426.0
      ],
      [
       3318.0,
       -426.0
      ],
      [
       3318.0,
       -428.0
      ],
      [
       3311.0,
       -434.0
      ],
      [
       3311.0,
       -437.0
      ],
      [
       3313.0,
       -437.0
      ],
      [
       3317.0,
       -432.0
      ],
      [
       3320.0,
       -432.0
      ],
      [
       3321.0,
       -430.0
      ],
      [
       3331.0,
       -430.0
      ],
      [
       3331.0,
       -432.0
      ],
      [
       3337.0,
       -432.0
      ],
      [
       3343.0,
       -442.0
      ],
      [
       3347.0,
       -442.0
      ],
      [
       3351.0,
       -435.0
      ],
      [
       3374.0,
       -435.0
      ],
      [
       3374.0,
       -437.0
      ],
      [
       3380.0,
       -438.0
      ],
      [
       3379.0,
       -444.0
      ],
      [
       3382.0,
       -447.0
      ],
      [
       3381.0,
       -448.0
      ],
      [
       3390.0,
       -448.0
      ],
      [
       3390.0,
       -451.0
      ],
      [
       3392.0,
       -453.0
      ],
      [
       3398.0,
       -453.0
      ],
      [
       3401.0,
       -456.0
      ],
      [
       3400.0,
       -457.0
      ],
      [
       3402.0,
       -458.0
      ],
      [
       3402.0,
       -461.0
      ],
      [
       3399.0,
       -463.0
      ],
      [
       3398.0,
       -471.0
      ],
      [
       3401.0,
       -469.0
      ],
      [
       3401.0,
       -466.0
      ],
      [
       3404.0,
       -464.0
      ],
      [
       3405.0,
       -460.0
      ],
      [
       3418.0,
       -459.0
      ],
      [
       3422.0,
       -455.0
      ],
      [
       3427.0,
       -455.0
      ],
      [
       3429.0,
       -452.0
      ],
      [
       3457.0,
       -452.0
      ],
      [
       3457.0,
       -454.0
      ],
      [
       3461.0,
       -457.0
      ],
      [
       3460.0,
       -459.0
      ],
      [
       3464.0,
       -462.0
      ],
      [
       3463.0,
       -465.0
      ],
      [
       3470.0,
       -465.0
      ],
      [
       3473.0,
       -463.0
      ],
      [
       3476.0,
       -466.0
      ],
      [
       3475.0,
       -469.0
      ],
      [
       3482.0,
       -469.0
      ],
      [
       3488.0,
       -464.0
      ],
      [
       3493.0,
       -464.0
      ],
      [
       3493.0,
       -467.0
      ],
      [
       3496.0,
       -466.0
      ],
      [
       3497.0,
       -469.0
      ],
      [
       3508.0,
       -468.0
      ],
      [
       3509.0,
       -466.0
      ],
      [
       3516.0,
       -466.0
      ],
      [
       3517.0,
       -463.0
      ],
      [
       3527.0,
       -463.0
      ],
      [
       3530.0,
       -460.0
      ],
      [
       3537.0,
       -460.0
      ],
      [
       3538.0,
       -462.0
      ],
      [
       3548.0,
       -462.0
      ],
      [
       3549.0,
       -459.0
      ],
      [
       3553.0,
       -457.0
      ],
      [
       3558.0,
       -457.0
      ],
      [
       3559.0,
       -454.0
      ],
      [
       3573.0,
       -454.0
      ],
      [
       3578.0,
       -451.0
      ],
      [
       3583.0,
       -451.0
      ],
      [
       3585.0,
       -448.0
      ],
      [
       3592.0,
       -446.0
      ],
      [
       3594.0,
       -443.0
      ],
      [
       3613.0,
       -442.0
      ],
      [
       3615.0,
       -439.0
      ],
      [
       3624.0,
       -439.0
      ],
      [
       3628.0,
       -443.0
      ],
      [
       3650.0,
       -441.0
      ],
      [
       3654.0,
       -438.0
      ],
      [
       3663.0,
       -438.0
      ],
      [
       3663.0,
       -440.0
      ],
      [
       3685.0,
       -438.0
      ],
      [
       3687.0,
       -435.0
      ],
      [
       3695.0,
       -435.0
      ],
      [
       3698.0,
       -432.0
      ],
      [
       3706.0,
       -431.0
      ],
      [
       3706.0,
       -434.0
      ],
      [
       3715.0,
       -433.0
      ],
      [
       3715.0,
       -435.0
      ],
      [
       3719.0,
       -435.0
      ],
      [
       3719.0,
       -437.0
      ],
      [
       3728.0,
       -436.0
      ],
      [
       3729.0,
       -438.0
      ],
      [
       3749.0,
       -436.0
      ],
      [
       3750.0,
       -438.0
      ],
      [
       3779.0,
       -435.0
      ],
      [
       3781.0,
       -432.0
      ],
      [
       3793.0,
       -431.0
      ],
      [
       3796.0,
       -428.0
      ],
      [
       3813.0,
       -427.0
      ],
      [
       3817.0,
       -424.0
      ],
      [
       3837.0,
       -422.0
      ],
      [
       3840.0,
       -419.0
      ],
      [
       3854.0,
       -418.0
      ],
      [
       3856.0,
       -415.0
      ],
      [
       3870.0,
       -414.0
      ],
      [
       3872.0,
       -411.0
      ],
      [
       4085.0,
       -386.0
      ],
      [
       4095.0,
       -386.0
      ],
      [
       4095.0,
       0.0
      ],
      [
       3353.0,
       0.0
      ],
      [
       3353.0,
       -8.0
      ],
      [
       3326.0,
       -80.0
      ],
      [
       3328.0,
       -82.0
      ],
      [
       3325.0,
       -90.0
      ],
      [
       3327.0,
       -91.0
      ],
      [
       3326.0,
       -94.0
      ],
      [
       3329.0,
       -97.0
      ],
      [
       3326.0,
       -107.0
      ],
      [
       3322.0,
       -110.0
      ],
      [
       3321.0,
       -113.0
      ],
      [
       3319.0,
       -113.0
      ],
      [
       3318.0,
       -116.0
      ],
      [
       3313.0,
       -118.0
      ],
      [
       3306.0,
       -125.0
      ],
      [
       3303.0,
       -125.0
      ],
      [
       3302.0,
       -129.0
      ],
      [
       3296.0,
       -132.0
      ]
     ]
    ]
   }
  },
  {
   "type": "Feature",
   "properties": {
    "code": "olympus_mons",
    "name": "Olympus Mons",
    "number": 8,
    "capital": null,
    "culture": null,
    "civs": [
     "mcc",
     "mla"
    ],
    "provinceType": "land",
    "terrain": "volcano",
    "mapTypes": [
     "mars"
    ],
    "resources": null,
    "religion": null,
    "population": "low",
    "centerpoint": [
     202,
     533
    ],
    "position": {
     "x": 0,
     "y": 334
    },
    "bbox": {
     "w": 604,
     "h": 400
    },
    "maskSize": [
     1024,
     512
    ],
    "links": [
     "arcadia_planitia",
     "pavonis_mons",
     "tharsis_montes"
    ]
   },
   "geometry": {
    "type": "Polygon",
    "coordinates": [
     [
      [
       0.0,
       -625.0
      ],
      [
       24.0,
       -627.0
      ],
      [
       27.0,
       -630.0
      ],
      [
       32.0,
       -630.0
      ],
      [
       36.0,
       -633.0
      ],
      [
       46.0,
       -634.0
      ],
      [
       53.0,
       -640.0
      ],
      [
       56.0,
       -640.0
      ],
      [
       57.0,
       -634.0
      ],
      [
       61.0,
       -634.0
      ],
      [
       69.0,
       -642.0
      ],
      [
       74.0,
       -644.0
      ],
      [
       75.0,
       -647.0
      ],
      [
       80.0,
       -649.0
      ],
      [
       81.0,
       -652.0
      ],
      [
       92.0,
       -653.0
      ],
      [
       93.0,
       -656.0
      ],
      [
       98.0,
       -656.0
      ],
      [
       100.0,
       -659.0
      ],
      [
       104.0,
       -659.0
      ],
      [
       108.0,
       -664.0
      ],
      [
       111.0,
       -665.0
      ],
      [
       111.0,
       -667.0
      ],
      [
       114.0,
       -668.0
      ],
      [
       114.0,
       -671.0
      ],
      [
       116.0,
       -671.0
      ],
      [
       117.0,
       -674.0
      ],
      [
       120.0,
       -675.0
      ],
      [
       120.0,
       -678.0
      ],
      [
       129.0,
       -685.0
      ],
      [
       129.0,
       -688.0
      ],
      [
       131.0,
       -688.0
      ],
      [
       132.0,
       -691.0
      ],
      [
       135.0,
       -692.0
      ],
      [
       135.0,
       -695.0
      ],
      [
       138.0,
       -698.0
      ],
      [
       147.0,
       -699.0
      ],
      [
       150.0,
       -702.0
      ],
      [
       158.0,
       -703.0
      ],
      [
       159.0,
       -706.0
      ],
      [
       173.0,
       -708.0
      ],
      [
       177.0,
       -704.0
      ],
      [
       181.0,
       -705.0
      ],
      [
       182.0,
       -703.0
      ],
      [
       184.0,
       -703.0
      ],
      [
       185.0,
       -701.0
      ],
      [
       187.0,
       -702.0
      ],
      [
       188.0,
       -700.0
      ],
      [
       196.0,
       -701.0
      ],
      [
       200.0,
       -697.0
      ],
      [
       204.0,
       -698.0
      ],
      [
       205.0,
       -696.0
      ],
      [
       207.0,
       -696.0
      ],
      [
       207.0,
       -693.0
      ],
      [
       211.0,
       -690.0
      ],
      [
       231.0,
       -694.0
      ],
      [
       237.0,
       -692.0
      ],
      [
       241.0,
       -693.0
      ],
      [
       245.0,
       -698.0
      ],
      [
       250.0,
       -699.0
      ],
      [
       251.0,
       -701.0
      ],
      [
       258.0,
       -702.0
      ],
      [
       263.0,
       -708.0
      ],
      [
       268.0,
       -711.0
      ],
      [
       268.0,
       -713.0
      ],
      [
       276.0,
       -714.0
      ],
      [
       280.0,
       -719.0
      ],
      [
       283.0,
       -720.0
      ],
      [
       283.0,
       -722.0
      ],
      [
       286.0,
       -723.0
      ],
      [
       286.0,
       -725.0
      ],
      [
       290.0,
       -725.0
      ],
      [
       292.0,
       -728.0
      ],
      [
       299.0,
       -729.0
      ],
      [
       302.0,
       -732.0
      ],
      [
       303.0,
       -730.0
      ],
      [
       307.0,
       -730.0
      ],
      [
       308.0,
       -733.0
      ],
      [
       310.0,
       -733.0
      ],
      [
       315.0,
       -729.0
      ],
      [
       316.0,
       -732.0
      ],
      [
       321.0,
       -733.0
      ],
      [
       321.0,
       -731.0
      ],
      [
       323.0,
       -731.0
      ],
      [
       324.0,
       -729.0
      ],
      [
       337.0,
       -731.0
      ],
      [
       343.0,
       -725.0
      ],
      [
       350.0,
       -726.0
      ],
      [
       349.0,
       -725.0
      ],
      [
       352.0,
       -724.0
      ],
      [
       352.0,
       -718.0
      ],
      [
       355.0,
       -715.0
      ],
      [
       359.0,
       -716.0
      ],
      [
       364.0,
       -712.0
      ],
      [
       363.0,
       -704.0
      ],
      [
       366.0,
       -702.0
      ],
      [
       363.0,
       -701.0
      ],
      [
       362.0,
       -685.0
      ],
      [
       365.0,
       -685.0
      ],
      [
       367.0,
       -683.0
      ],
      [
       366.0,
       -675.0
      ],
      [
       369.0,
       -674.0
      ],
      [
       369.0,
       -670.0
      ],
      [
       379.0,
       -668.0
      ],
      [
       383.0,
       -664.0
      ],
      [
       383.0,
       -661.0
      ],
      [
       388.0,
       -658.0
      ],
      [
       389.0,
       -654.0
      ],
      [
       398.0,
       -652.0
      ],
      [
       398.0,
       -645.0
      ],
      [
       402.0,
       -646.0
      ],
      [
       403.0,
       -644.0
      ],
      [
       407.0,
       -644.0
      ],
      [
       410.0,
       -640.0
      ],
      [
       429.0,
       -640.0
      ],
      [
       428.0,
       -638.0
      ],
      [
       431.0,
       -637.0
      ],
      [
       434.0,
       -633.0
      ],
      [
       438.0,
       -634.0
      ],
      [
       438.0,
       -632.0
      ],
      [
       442.0,
       -629.0
      ],
      [
       442.0,
       -623.0
      ],
      [
       444.0,
       -623.0
      ],
      [
       444.0,
       -621.0
      ],
      [
       447.0,
       -618.0
      ],
      [
       449.0,
       -618.0
      ],
      [
       452.0,
       -614.0
      ],
      [
       454.0,
       -615.0
      ],
      [
       454.0,
       -617.0
      ],
      [
       458.0,
       -615.0
      ],
      [
       458.0,
       -611.0
      ],
      [
       460.0,
       -610.0
      ],
      [
       460.0,
       -604.0
      ],
      [
       457.0,
       -603.0
      ],
      [
       457.0,
       -597.0
      ],
      [
       454.0,
       -596.0
      ],
      [
       454.0,
       -592.0
      ],
      [
       461.0,
       -592.0
      ],
      [
       463.0,
       -590.0
      ],
      [
       463.0,
       -577.0
      ],
      [
       460.0,
       -576.0
      ],
      [
       457.0,
       -570.0
      ],
      [
       462.0,
       -569.0
      ],
      [
       463.0,
       -571.0
      ],
      [
       467.0,
       -572.0
      ],
      [
       469.0,
       -566.0
      ],
      [
       471.0,
       -565.0
      ],
      [
       470.0,
       -550.0
      ],
      [
       473.0,
       -548.0
      ],
      [
       470.0,
       -547.0
      ],
      [
       470.0,
       -543.0
      ],
      [
       475.0,
       -538.0
      ],
      [
       479.0,
       -538.0
      ],
      [
       480.0,
       -536.0
      ],
      [
       486.0,
       -536.0
      ],
      [
       493.0,
       -528.0
      ],
      [
       495.0,
       -528.0
      ],
      [
       495.0,
       -526.0
      ],
      [
       497.0,
       -526.0
      ],
      [
       496.0,
       -520.0
      ],
      [
       499.0,
       -519.0
      ],
      [
       498.0,
       -516.0
      ],
      [
       503.0,
       -513.0
      ],
      [
       503.0,
       -511.0
      ],
      [
       500.0,
       -510.0
      ],
      [
       500.0,
       -507.0
      ],
      [
       503.0,
       -504.0
      ],
      [
       505.0,
       -504.0
      ],
      [
       504.0,
       -496.0
      ],
      [
       502.0,
       -495.0
      ],
      [
       502.0,
       -489.0
      ],
      [
       505.0,
       -486.0
      ],
      [
       508.0,
       -488.0
      ],
      [
       511.0,
       -484.0
      ],
      [
       515.0,
       -484.0
      ],
      [
       517.0,
       -482.0
      ],
      [
       518.0,
       -477.0
      ],
      [
       521.0,
       -478.0
      ],
      [
       522.0,
       -475.0
      ],
      [
       524.0,
       -476.0
      ],
      [
       523.0,
       -474.0
      ],
      [
       526.0,
       -473.0
      ],
      [
       525.0,
       -468.0
      ],
      [
       528.0,
       -467.0
      ],
      [
       533.0,
       -460.0
      ],
      [
       536.0,
       -460.0
      ],
      [
       536.0,
       -453.0
      ],
      [
       538.0,
       -452.0
      ],
      [
       538.0,
       -450.0
      ],
      [
       541.0,
       -447.0
      ],
      [
       547.0,
       -448.0
      ],
      [
       547.0,
       -446.0
      ],
      [
       553.0,
       -441.0
      ],
      [
       553.0,
       -438.0
      ],
      [
       556.0,
       -437.0
      ],
      [
       556.0,
       -435.0
      ],
      [
       558.0,
       -435.0
      ],
      [
       559.0,
       -437.0
      ],
      [
       562.0,
       -435.0
      ],
      [
       568.0,
       -442.0
      ],
      [
       571.0,
       -440.0
      ],
      [
       571.0,
       -436.0
      ],
      [
       575.0,
       -431.0
      ],
      [
       575.0,
       -425.0
      ],
      [
       579.0,
       -422.0
      ],
      [
       579.0,
       -417.0
      ],
      [
       582.0,
       -416.0
      ],
      [
       581.0,
       -410.0
      ],
      [
       579.0,
       -409.0
      ],
      [
       579.0,
       -405.0
      ],
      [
       577.0,
       -404.0
      ],
      [
       577.0,
       -399.0
      ],
      [
       579.0,
       -398.0
      ],
      [
       579.0,
       -392.0
      ],
      [
       581.0,
       -391.0
      ],
      [
       583.0,
       -383.0
      ],
      [
       585.0,
       -382.0
      ],
      [
       585.0,
       -374.0
      ],
      [
       587.0,
       -374.0
      ],
      [
       587.0,
       -370.0
      ],
      [
       591.0,
       -367.0
      ],
      [
       594.0,
       -367.0
      ],
      [
       595.0,
       -365.0
      ],
      [
       601.0,
       -365.0
      ],
      [
       603.0,
       -363.0
      ],
      [
       603.0,
       -360.0
      ],
      [
       601.0,
       -359.0
      ],
      [
       601.0,
       -357.0
      ],
      [
       597.0,
       -357.0
      ],
      [
       596.0,
       -359.0
      ],
      [
       591.0,
       -359.0
      ],
      [
       590.0,
       -361.0
      ],
      [
       586.0,
       -361.0
      ],
      [
       581.0,
       -365.0
      ],
      [
       559.0,
       -365.0
      ],
      [
       558.0,
       -367.0
      ],
      [
       552.0,
       -367.0
      ],
      [
       551.0,
       -364.0
      ],
      [
       543.0,
       -364.0
      ],
      [
       542.0,
       -362.0
      ],
      [
       538.0,
       -362.0
      ],
      [
       537.0,
       -359.0
      ],
      [
       533.0,
       -355.0
      ],
      [
       531.0,
       -355.0
      ],
      [
       526.0,
       -348.0
      ],
      [
       522.0,
       -348.0
      ],
      [
       521.0,
       -345.0
      ],
      [
       515.0,
       -345.0
      ],
      [
       514.0,
       -347.0
      ],
      [
       496.0,
       -347.0
      ],
      [
       493.0,
       -342.0
      ],
      [
       489.0,
       -342.0
      ],
      [
       485.0,
       -339.0
      ],
      [
       485.0,
       -337.0
      ],
      [
       482.0,
       -337.0
      ],
      [
       478.0,
       -341.0
      ],
      [
       472.0,
       -341.0
      ],
      [
       471.0,
       -343.0
      ],
      [
       460.0,
       -343.0
      ],
      [
       457.0,
       -338.0
      ],
      [
       455.0,
       -338.0
      ],
      [
       454.0,
       -336.0
      ],
      [
       450.0,
       -336.0
      ],
      [
       449.0,
       -338.0
      ],
      [
       438.0,
       -337.0
      ],
      [
       437.0,
       -339.0
      ],
      [
       433.0,
       -339.0
      ],
      [
       432.0,
       -341.0
      ],
      [
       424.0,
       -343.0
      ],
      [
       423.0,
       -345.0
      ],
      [
       412.0,
       -345.0
      ],
      [
       411.0,
       -347.0
      ],
      [
       407.0,
       -347.0
      ],
      [
       406.0,
       -349.0
      ],
      [
       404.0,
       -349.0
      ],
      [
       403.0,
       -351.0
      ],
      [
       399.0,
       -351.0
      ],
      [
       398.0,
       -353.0
      ],
      [
       394.0,
       -352.0
      ],
      [
       395.0,
       -356.0
      ],
      [
       392.0,
       -357.0
      ],
      [
       392.0,
       -362.0
      ],
      [
       389.0,
       -365.0
      ],
      [
       385.0,
       -365.0
      ],
      [
       385.0,
       -368.0
      ],
      [
       387.0,
       -368.0
      ],
      [
       388.0,
       -371.0
      ],
      [
       385.0,
       -372.0
      ],
      [
       385.0,
       -374.0
      ],
      [
       381.0,
       -373.0
      ],
      [
       380.0,
       -376.0
      ],
      [
       376.0,
       -375.0
      ],
      [
       375.0,
       -377.0
      ],
      [
       373.0,
       -377.0
      ],
      [
       369.0,
       -373.0
      ],
      [
       363.0,
       -372.0
      ],
      [
       362.0,
       -375.0
      ],
      [
       358.0,
       -374.0
      ],
      [
       357.0,
       -376.0
      ],
      [
       353.0,
       -376.0
      ],
      [
       352.0,
       -378.0
      ],
      [
       345.0,
       -378.0
      ],
      [
       343.0,
       -380.0
      ],
      [
       340.0,
       -377.0
      ],
      [
       322.0,
       -376.0
      ],
      [
       321.0,
       -378.0
      ],
      [
       317.0,
       -378.0
      ],
      [
       316.0,
       -376.0
      ],
      [
       306.0,
       -375.0
      ],
      [
       305.0,
       -377.0
      ],
      [
       301.0,
       -377.0
      ],
      [
       300.0,
       -379.0
      ],
      [
       296.0,
       -379.0
      ],
      [
       295.0,
       -381.0
      ],
      [
       291.0,
       -381.0
      ],
      [
       290.0,
       -383.0
      ],
      [
       286.0,
       -382.0
      ],
      [
       282.0,
       -386.0
      ],
      [
       259.0,
       -385.0
      ],
      [
       258.0,
       -382.0
      ],
      [
       256.0,
       -382.0
      ],
      [
       253.0,
       -379.0
      ],
      [
       250.0,
       -373.0
      ],
      [
       245.0,
       -371.0
      ],
      [
       243.0,
       -368.0
      ],
      [
       234.0,
       -368.0
      ],
      [
       230.0,
       -363.0
      ],
      [
       218.0,
       -362.0
      ],
      [
       217.0,
       -360.0
      ],
      [
       212.0,
       -358.0
      ],
      [
       211.0,
       -355.0
      ],
      [
       204.0,
       -355.0
      ],
      [
       203.0,
       -357.0
      ],
      [
       198.0,
       -359.0
      ],
      [
       197.0,
       -356.0
      ],
      [
       187.0,
       -354.0
      ],
      [
       186.0,
       -351.0
      ],
      [
       182.0,
       -351.0
      ],
      [
       181.0,
       -349.0
      ],
      [
       179.0,
       -349.0
      ],
      [
       178.0,
       -344.0
      ],
      [
       176.0,
       -344.0
      ],
      [
       172.0,
       -340.0
      ],
      [
       157.0,
       -339.0
      ],
      [
       155.0,
       -336.0
      ],
      [
       131.0,
       -334.0
      ],
      [
       126.0,
       -338.0
      ],
      [
       126.0,
       -341.0
      ],
      [
       123.0,
       -342.0
      ],
      [
       123.0,
       -345.0
      ],
      [
       120.0,
       -348.0
      ],
      [
       118.0,
       -348.0
      ],
      [
       114.0,
       -352.0
      ],
      [
       110.0,
       -352.0
      ],
      [
       109.0,
       -354.0
      ],
      [
       107.0,
       -353.0
      ],
      [
       103.0,
       -357.0
      ],
      [
       93.0,
       -356.0
      ],
      [
       92.0,
       -358.0
      ],
      [
       90.0,
       -358.0
      ],
      [
       90.0,
       -361.0
      ],
      [
       92.0,
       -361.0
      ],
      [
       93.0,
       -364.0
      ],
      [
       90.0,
       -364.0
      ],
      [
       90.0,
       -366.0
      ],
      [
       82.0,
       -366.0
      ],
      [
       81.0,
       -368.0
      ],
      [
       60.0,
       -366.0
      ],
      [
       54.0,
       -363.0
      ],
      [
       53.0,
       -361.0
      ],
      [
       48.0,
       -361.0
      ],
      [
       46.0,
       -358.0
      ],
      [
       39.0,
       -358.0
      ],
      [
       38.0,
       -354.0
      ],
      [
       27.0,
       -346.0
      ],
      [
       22.0,
       -346.0
      ],
      [
       21.0,
       -348.0
      ],
      [
       19.0,
       -348.0
      ],
      [
       15.0,
       -345.0
      ],
      [
       15.0,
       -343.0
      ],
      [
       0.0,
       -343.0
      ],
      [
       0.0,
       -625.0
      ]
     ]
    ]
   }
  },
  {
   "type": "Feature",
   "properties": {
    "code": "tharsis_montes",
    "name": "Tharsis Montes",
    "number": 9,
    "capital": null,
    "culture": null,
    "civs": [
     "mcc",
     "mla"
    ],
    "provinceType": "land",
    "terrain": "volcano",
    "mapTypes": [
     "mars"
    ],
    "resources": null,
    "religion": null,
    "population": "medium",
    "centerpoint": [
     654,
     635
    ],
    "position": {
     "x": 363,
     "y": 270
    },
    "bbox": {
     "w": 589,
     "h": 645
    },
    "maskSize": [
     1024,
     1024
    ],
    "links": [
     "acidalia_planitia",
     "arcadia_planitia",
     "arsia_mons",
     "olympus_mons",
     "pavonis_mons",
     "tempe_terra",
     "valles_marineris"
    ]
   },
   "geometry": {
    "type": "Polygon",
    "coordinates": [
     [
      [
       652.0,
       -270.0
      ],
      [
       649.0,
       -275.0
      ],
      [
       645.0,
       -274.0
      ],
      [
       643.0,
       -280.0
      ],
      [
       640.0,
       -281.0
      ],
      [
       640.0,
       -291.0
      ],
      [
       635.0,
       -296.0
      ],
      [
       631.0,
       -296.0
      ],
      [
       629.0,
       -298.0
      ],
      [
       629.0,
       -302.0
      ],
      [
       626.0,
       -303.0
      ],
      [
       626.0,
       -310.0
      ],
      [
       624.0,
       -311.0
      ],
      [
       624.0,
       -313.0
      ],
      [
       620.0,
       -314.0
      ],
      [
       619.0,
       -316.0
      ],
      [
       615.0,
       -316.0
      ],
      [
       615.0,
       -319.0
      ],
      [
       613.0,
       -320.0
      ],
      [
       613.0,
       -334.0
      ],
      [
       617.0,
       -338.0
      ],
      [
       617.0,
       -341.0
      ],
      [
       613.0,
       -344.0
      ],
      [
       611.0,
       -352.0
      ],
      [
       604.0,
       -357.0
      ],
      [
       604.0,
       -363.0
      ],
      [
       601.0,
       -366.0
      ],
      [
       595.0,
       -366.0
      ],
      [
       594.0,
       -368.0
      ],
      [
       591.0,
       -368.0
      ],
      [
       590.0,
       -370.0
      ],
      [
       588.0,
       -370.0
      ],
      [
       588.0,
       -374.0
      ],
      [
       586.0,
       -374.0
      ],
      [
       586.0,
       -382.0
      ],
      [
       584.0,
       -383.0
      ],
      [
       584.0,
       -387.0
      ],
      [
       580.0,
       -392.0
      ],
      [
       580.0,
       -398.0
      ],
      [
       578.0,
       -399.0
      ],
      [
       578.0,
       -404.0
      ],
      [
       580.0,
       -405.0
      ],
      [
       580.0,
       -409.0
      ],
      [
       582.0,
       -410.0
      ],
      [
       583.0,
       -416.0
      ],
      [
       580.0,
       -417.0
      ],
      [
       580.0,
       -422.0
      ],
      [
       576.0,
       -425.0
      ],
      [
       576.0,
       -431.0
      ],
      [
       572.0,
       -436.0
      ],
      [
       572.0,
       -440.0
      ],
      [
       568.0,
       -443.0
      ],
      [
       562.0,
       -436.0
      ],
      [
       560.0,
       -438.0
      ],
      [
       556.0,
       -436.0
      ],
      [
       557.0,
       -437.0
      ],
      [
       554.0,
       -438.0
      ],
      [
       554.0,
       -441.0
      ],
      [
       548.0,
       -446.0
      ],
      [
       547.0,
       -449.0
      ],
      [
       541.0,
       -448.0
      ],
      [
       539.0,
       -450.0
      ],
      [
       539.0,
       -452.0
      ],
      [
       537.0,
       -453.0
      ],
      [
       537.0,
       -460.0
      ],
      [
       533.0,
       -461.0
      ],
      [
       528.0,
       -468.0
      ],
      [
       526.0,
       -468.0
      ],
      [
       527.0,
       -473.0
      ],
      [
       524.0,
       -474.0
      ],
      [
       525.0,
       -476.0
      ],
      [
       522.0,
       -476.0
      ],
      [
       521.0,
       -479.0
      ],
      [
       518.0,
       -478.0
      ],
      [
       518.0,
       -482.0
      ],
      [
       515.0,
       -485.0
      ],
      [
       511.0,
       -485.0
      ],
      [
       508.0,
       -489.0
      ],
      [
       506.0,
       -487.0
      ],
      [
       503.0,
       -489.0
      ],
      [
       503.0,
       -495.0
      ],
      [
       505.0,
       -496.0
      ],
      [
       506.0,
       -504.0
      ],
      [
       501.0,
       -507.0
      ],
      [
       501.0,
       -510.0
      ],
      [
       503.0,
       -510.0
      ],
      [
       504.0,
       -513.0
      ],
      [
       501.0,
       -516.0
      ],
      [
       499.0,
       -516.0
      ],
      [
       500.0,
       -519.0
      ],
      [
       497.0,
       -520.0
      ],
      [
       498.0,
       -526.0
      ],
      [
       495.0,
       -527.0
      ],
      [
       496.0,
       -528.0
      ],
      [
       493.0,
       -529.0
      ],
      [
       486.0,
       -537.0
      ],
      [
       480.0,
       -537.0
      ],
      [
       479.0,
       -539.0
      ],
      [
       475.0,
       -539.0
      ],
      [
       471.0,
       -543.0
      ],
      [
       471.0,
       -547.0
      ],
      [
       474.0,
       -548.0
      ],
      [
       473.0,
       -550.0
      ],
      [
       471.0,
       -550.0
      ],
      [
       472.0,
       -565.0
      ],
      [
       470.0,
       -566.0
      ],
      [
       470.0,
       -569.0
      ],
      [
       467.0,
       -573.0
      ],
      [
       463.0,
       -572.0
      ],
      [
       462.0,
       -570.0
      ],
      [
       458.0,
       -570.0
      ],
      [
       461.0,
       -576.0
      ],
      [
       464.0,
       -577.0
      ],
      [
       464.0,
       -590.0
      ],
      [
       461.0,
       -593.0
      ],
      [
       455.0,
       -592.0
      ],
      [
       455.0,
       -596.0
      ],
      [
       458.0,
       -597.0
      ],
      [
       458.0,
       -603.0
      ],
      [
       461.0,
       -604.0
      ],
      [
       461.0,
       -610.0
      ],
      [
       459.0,
       -611.0
      ],
      [
       459.0,
       -615.0
      ],
      [
       456.0,
       -618.0
      ],
      [
       454.0,
       -618.0
      ],
      [
       452.0,
       -615.0
      ],
      [
       449.0,
       -619.0
      ],
      [
       447.0,
       -619.0
      ],
      [
       445.0,
       -623.0
      ],
      [
       443.0,
       -623.0
      ],
      [
       443.0,
       -629.0
      ],
      [
       439.0,
       -632.0
      ],
      [
       438.0,
       -635.0
      ],
      [
       434.0,
       -634.0
      ],
      [
       428.0,
       -640.0
      ],
      [
       422.0,
       -640.0
      ],
      [
       421.0,
       -642.0
      ],
      [
       410.0,
       -641.0
      ],
      [
       407.0,
       -645.0
      ],
      [
       403.0,
       -645.0
      ],
      [
       402.0,
       -647.0
      ],
      [
       398.0,
       -646.0
      ],
      [
       398.0,
       -653.0
      ],
      [
       389.0,
       -655.0
      ],
      [
       389.0,
       -658.0
      ],
      [
       386.0,
       -661.0
      ],
      [
       384.0,
       -661.0
      ],
      [
       384.0,
       -664.0
      ],
      [
       379.0,
       -669.0
      ],
      [
       375.0,
       -669.0
      ],
      [
       374.0,
       -671.0
      ],
      [
       370.0,
       -670.0
      ],
      [
       370.0,
       -674.0
      ],
      [
       367.0,
       -675.0
      ],
      [
       368.0,
       -683.0
      ],
      [
       365.0,
       -683.0
      ],
      [
       365.0,
       -686.0
      ],
      [
       363.0,
       -685.0
      ],
      [
       364.0,
       -701.0
      ],
      [
       367.0,
       -702.0
      ],
      [
       366.0,
       -704.0
      ],
      [
       364.0,
       -704.0
      ],
      [
       365.0,
       -710.0
      ],
      [
       371.0,
       -706.0
      ],
      [
       378.0,
       -714.0
      ],
      [
       385.0,
       -715.0
      ],
      [
       391.0,
       -721.0
      ],
      [
       391.0,
       -723.0
      ],
      [
       401.0,
       -724.0
      ],
      [
       402.0,
       -727.0
      ],
      [
       406.0,
       -727.0
      ],
      [
       407.0,
       -730.0
      ],
      [
       411.0,
       -730.0
      ],
      [
       412.0,
       -733.0
      ],
      [
       415.0,
       -734.0
      ],
      [
       415.0,
       -738.0
      ],
      [
       417.0,
       -738.0
      ],
      [
       418.0,
       -741.0
      ],
      [
       423.0,
       -744.0
      ],
      [
       423.0,
       -748.0
      ],
      [
       426.0,
       -750.0
      ],
      [
       426.0,
       -756.0
      ],
      [
       428.0,
       -756.0
      ],
      [
       429.0,
       -759.0
      ],
      [
       432.0,
       -761.0
      ],
      [
       435.0,
       -759.0
      ],
      [
       436.0,
       -762.0
      ],
      [
       438.0,
       -762.0
      ],
      [
       439.0,
       -765.0
      ],
      [
       441.0,
       -765.0
      ],
      [
       444.0,
       -770.0
      ],
      [
       447.0,
       -771.0
      ],
      [
       447.0,
       -773.0
      ],
      [
       450.0,
       -775.0
      ],
      [
       450.0,
       -778.0
      ],
      [
       456.0,
       -779.0
      ],
      [
       465.0,
       -786.0
      ],
      [
       465.0,
       -790.0
      ],
      [
       474.0,
       -791.0
      ],
      [
       480.0,
       -796.0
      ],
      [
       482.0,
       -794.0
      ],
      [
       488.0,
       -795.0
      ],
      [
       491.0,
       -800.0
      ],
      [
       494.0,
       -801.0
      ],
      [
       494.0,
       -805.0
      ],
      [
       499.0,
       -809.0
      ],
      [
       499.0,
       -811.0
      ],
      [
       518.0,
       -813.0
      ],
      [
       519.0,
       -811.0
      ],
      [
       522.0,
       -811.0
      ],
      [
       525.0,
       -806.0
      ],
      [
       531.0,
       -807.0
      ],
      [
       532.0,
       -810.0
      ],
      [
       544.0,
       -811.0
      ],
      [
       547.0,
       -814.0
      ],
      [
       547.0,
       -816.0
      ],
      [
       551.0,
       -816.0
      ],
      [
       552.0,
       -819.0
      ],
      [
       561.0,
       -820.0
      ],
      [
       562.0,
       -817.0
      ],
      [
       569.0,
       -818.0
      ],
      [
       569.0,
       -816.0
      ],
      [
       571.0,
       -815.0
      ],
      [
       573.0,
       -818.0
      ],
      [
       576.0,
       -813.0
      ],
      [
       585.0,
       -814.0
      ],
      [
       586.0,
       -811.0
      ],
      [
       594.0,
       -812.0
      ],
      [
       598.0,
       -817.0
      ],
      [
       606.0,
       -815.0
      ],
      [
       614.0,
       -823.0
      ],
      [
       624.0,
       -823.0
      ],
      [
       625.0,
       -825.0
      ],
      [
       638.0,
       -825.0
      ],
      [
       641.0,
       -830.0
      ],
      [
       643.0,
       -828.0
      ],
      [
       646.0,
       -831.0
      ],
      [
       646.0,
       -833.0
      ],
      [
       655.0,
       -833.0
      ],
      [
       660.0,
       -839.0
      ],
      [
       660.0,
       -845.0
      ],
      [
       662.0,
       -846.0
      ],
      [
       662.0,
       -850.0
      ],
      [
       666.0,
       -853.0
      ],
      [
       666.0,
       -855.0
      ],
      [
       668.0,
       -857.0
      ],
      [
       676.0,
       -857.0
      ],
      [
       681.0,
       -862.0
      ],
      [
       682.0,
       -873.0
      ],
      [
       690.0,
       -881.0
      ],
      [
       690.0,
       -883.0
      ],
      [
       692.0,
       -885.0
      ],
      [
       698.0,
       -885.0
      ],
      [
       699.0,
       -887.0
      ],
      [
       703.0,
       -887.0
      ],
      [
       704.0,
       -889.0
      ],
      [
       710.0,
       -889.0
      ],
      [
       711.0,
       -886.0
      ],
      [
       718.0,
       -886.0
      ],
      [
       724.0,
       -892.0
      ],
      [
       728.0,
       -892.0
      ],
      [
       728.0,
       -890.0
      ],
      [
       732.0,
       -887.0
      ],
      [
       738.0,
       -886.0
      ],
      [
       741.0,
       -876.0
      ],
      [
       747.0,
       -876.0
      ],
      [
       749.0,
       -878.0
      ],
      [
       754.0,
       -870.0
      ],
      [
       758.0,
       -870.0
      ],
      [
       761.0,
       -867.0
      ],
      [
       762.0,
       -870.0
      ],
      [
       768.0,
       -869.0
      ],
      [
       769.0,
       -871.0
      ],
      [
       774.0,
       -871.0
      ],
      [
       775.0,
       -873.0
      ],
      [
       778.0,
       -870.0
      ],
      [
       780.0,
       -875.0
      ],
      [
       783.0,
       -870.0
      ],
      [
       787.0,
       -869.0
      ],
      [
       788.0,
       -872.0
      ],
      [
       790.0,
       -869.0
      ],
      [
       795.0,
       -875.0
      ],
      [
       802.0,
       -875.0
      ],
      [
       805.0,
       -878.0
      ],
      [
       806.0,
       -881.0
      ],
      [
       810.0,
       -884.0
      ],
      [
       810.0,
       -890.0
      ],
      [
       812.0,
       -889.0
      ],
      [
       813.0,
       -892.0
      ],
      [
       815.0,
       -892.0
      ],
      [
       815.0,
       -898.0
      ],
      [
       817.0,
       -900.0
      ],
      [
       818.0,
       -905.0
      ],
      [
       820.0,
       -904.0
      ],
      [
       827.0,
       -913.0
      ],
      [
       829.0,
       -912.0
      ],
      [
       830.0,
       -914.0
      ],
      [
       832.0,
       -912.0
      ],
      [
       833.0,
       -914.0
      ],
      [
       835.0,
       -914.0
      ],
      [
       836.0,
       -911.0
      ],
      [
       838.0,
       -911.0
      ],
      [
       839.0,
       -913.0
      ],
      [
       844.0,
       -913.0
      ],
      [
       848.0,
       -910.0
      ],
      [
       848.0,
       -906.0
      ],
      [
       851.0,
       -903.0
      ],
      [
       852.0,
       -899.0
      ],
      [
       859.0,
       -897.0
      ],
      [
       861.0,
       -895.0
      ],
      [
       861.0,
       -882.0
      ],
      [
       864.0,
       -879.0
      ],
      [
       864.0,
       -877.0
      ],
      [
       871.0,
       -871.0
      ],
      [
       871.0,
       -866.0
      ],
      [
       869.0,
       -865.0
      ],
      [
       869.0,
       -852.0
      ],
      [
       878.0,
       -846.0
      ],
      [
       878.0,
       -840.0
      ],
      [
       880.0,
       -839.0
      ],
      [
       880.0,
       -836.0
      ],
      [
       883.0,
       -832.0
      ],
      [
       892.0,
       -829.0
      ],
      [
       893.0,
       -827.0
      ],
      [
       896.0,
       -827.0
      ],
      [
       896.0,
       -825.0
      ],
      [
       899.0,
       -822.0
      ],
      [
       903.0,
       -822.0
      ],
      [
       904.0,
       -819.0
      ],
      [
       907.0,
       -819.0
      ],
      [
       909.0,
       -817.0
      ],
      [
       909.0,
       -809.0
      ],
      [
       911.0,
       -808.0
      ],
      [
       911.0,
       -804.0
      ],
      [
       915.0,
       -799.0
      ],
      [
       915.0,
       -795.0
      ],
      [
       923.0,
       -790.0
      ],
      [
       924.0,
       -777.0
      ],
      [
       934.0,
       -773.0
      ],
      [
       936.0,
       -774.0
      ],
      [
       936.0,
       -776.0
      ],
      [
       939.0,
       -773.0
      ],
      [
       939.0,
       -770.0
      ],
      [
       943.0,
       -766.0
      ],
      [
       942.0,
       -756.0
      ],
      [
       946.0,
       -751.0
      ],
      [
       947.0,
       -745.0
      ],
      [
       951.0,
       -742.0
      ],
      [
       947.0,
       -738.0
      ],
      [
       948.0,
       -736.0
      ],
      [
       945.0,
       -737.0
      ],
      [
       942.0,
       -733.0
      ],
      [
       945.0,
       -728.0
      ],
      [
       943.0,
       -726.0
      ],
      [
       938.0,
       -725.0
      ],
      [
       938.0,
       -721.0
      ],
      [
       937.0,
       -722.0
      ],
      [
       935.0,
       -717.0
      ],
      [
       931.0,
       -714.0
      ],
      [
       932.0,
       -711.0
      ],
      [
       928.0,
       -707.0
      ],
      [
       924.0,
       -707.0
      ],
      [
       923.0,
       -705.0
      ],
      [
       919.0,
       -704.0
      ],
      [
       920.0,
       -700.0
      ],
      [
       916.0,
       -697.0
      ],
      [
       917.0,
       -694.0
      ],
      [
       915.0,
       -693.0
      ],
      [
       915.0,
       -689.0
      ],
      [
       913.0,
       -688.0
      ],
      [
       915.0,
       -668.0
      ],
      [
       918.0,
       -664.0
      ],
      [
       918.0,
       -660.0
      ],
      [
       924.0,
       -655.0
      ],
      [
       925.0,
       -649.0
      ],
      [
       920.0,
       -645.0
      ],
      [
       914.0,
       -644.0
      ],
      [
       915.0,
       -636.0
      ],
      [
       910.0,
       -633.0
      ],
      [
       910.0,
       -630.0
      ],
      [
       908.0,
       -629.0
      ],
      [
       907.0,
       -625.0
      ],
      [
       903.0,
       -624.0
      ],
      [
       904.0,
       -619.0
      ],
      [
       902.0,
       -618.0
      ],
      [
       902.0,
       -616.0
      ],
      [
       900.0,
       -619.0
      ],
      [
       895.0,
       -619.0
      ],
      [
       894.0,
       -617.0
      ],
      [
       884.0,
       -617.0
      ],
      [
       883.0,
       -619.0
      ],
      [
       876.0,
       -619.0
      ],
      [
       876.0,
       -617.0
      ],
      [
       873.0,
       -617.0
      ],
      [
       872.0,
       -615.0
      ],
      [
       864.0,
       -615.0
      ],
      [
       861.0,
       -608.0
      ],
      [
       854.0,
       -615.0
      ],
      [
       853.0,
       -613.0
      ],
      [
       845.0,
       -613.0
      ],
      [
       844.0,
       -611.0
      ],
      [
       841.0,
       -611.0
      ],
      [
       841.0,
       -609.0
      ],
      [
       837.0,
       -606.0
      ],
      [
       838.0,
       -586.0
      ],
      [
       841.0,
       -584.0
      ],
      [
       839.0,
       -583.0
      ],
      [
       839.0,
       -579.0
      ],
      [
       841.0,
       -578.0
      ],
      [
       841.0,
       -575.0
      ],
      [
       844.0,
       -572.0
      ],
      [
       847.0,
       -572.0
      ],
      [
       849.0,
       -574.0
      ],
      [
       856.0,
       -564.0
      ],
      [
       850.0,
       -558.0
      ],
      [
       851.0,
       -555.0
      ],
      [
       849.0,
       -554.0
      ],
      [
       849.0,
       -548.0
      ],
      [
       851.0,
       -547.0
      ],
      [
       852.0,
       -543.0
      ],
      [
       856.0,
       -540.0
      ],
      [
       859.0,
       -531.0
      ],
      [
       857.0,
       -528.0
      ],
      [
       854.0,
       -528.0
      ],
      [
       851.0,
       -524.0
      ],
      [
       852.0,
       -516.0
      ],
      [
       848.0,
       -515.0
      ],
      [
       847.0,
       -507.0
      ],
      [
       843.0,
       -504.0
      ],
      [
       844.0,
       -496.0
      ],
      [
       846.0,
       -495.0
      ],
      [
       846.0,
       -492.0
      ],
      [
       849.0,
       -491.0
      ],
      [
       847.0,
       -489.0
      ],
      [
       846.0,
       -478.0
      ],
      [
       842.0,
       -473.0
      ],
      [
       845.0,
       -460.0
      ],
      [
       840.0,
       -460.0
      ],
      [
       840.0,
       -458.0
      ],
      [
       835.0,
       -458.0
      ],
      [
       834.0,
       -456.0
      ],
      [
       831.0,
       -456.0
      ],
      [
       830.0,
       -451.0
      ],
      [
       824.0,
       -446.0
      ],
      [
       825.0,
       -445.0
      ],
      [
       819.0,
       -438.0
      ],
      [
       812.0,
       -438.0
      ],
      [
       811.0,
       -436.0
      ],
      [
       807.0,
       -435.0
      ],
      [
       805.0,
       -429.0
      ],
      [
       806.0,
       -424.0
      ],
      [
       808.0,
       -422.0
      ],
      [
       804.0,
       -419.0
      ],
      [
       804.0,
       -416.0
      ],
      [
       809.0,
       -412.0
      ],
      [
       809.0,
       -409.0
      ],
      [
       805.0,
       -406.0
      ],
      [
       802.0,
       -406.0
      ],
      [
       797.0,
       -400.0
      ],
      [
       792.0,
       -400.0
      ],
      [
       789.0,
       -395.0
      ],
      [
       786.0,
       -395.0
      ],
      [
       785.0,
       -393.0
      ],
      [
       783.0,
       -395.0
      ],
      [
       781.0,
       -393.0
      ],
      [
       779.0,
       -395.0
      ],
      [
       776.0,
       -395.0
      ],
      [
       773.0,
       -392.0
      ],
      [
       773.0,
       -386.0
      ],
      [
       771.0,
       -384.0
      ],
      [
       766.0,
       -384.0
      ],
      [
       765.0,
       -386.0
      ],
      [
       762.0,
       -386.0
      ],
      [
       757.0,
       -390.0
      ],
      [
       753.0,
       -390.0
      ],
      [
       752.0,
       -392.0
      ],
      [
       745.0,
       -392.0
      ],
      [
       744.0,
       -394.0
      ],
      [
       741.0,
       -394.0
      ],
      [
       737.0,
       -399.0
      ],
      [
       734.0,
       -399.0
      ],
      [
       731.0,
       -395.0
      ],
      [
       731.0,
       -390.0
      ],
      [
       729.0,
       -389.0
      ],
      [
       729.0,
       -387.0
      ],
      [
       726.0,
       -387.0
      ],
      [
       723.0,
       -383.0
      ],
      [
       721.0,
       -385.0
      ],
      [
       718.0,
       -385.0
      ],
      [
       715.0,
       -376.0
      ],
      [
       711.0,
       -373.0
      ],
      [
       711.0,
       -371.0
      ],
      [
       709.0,
       -374.0
      ],
      [
       706.0,
       -374.0
      ],
      [
       703.0,
       -369.0
      ],
      [
       697.0,
       -369.0
      ],
      [
       696.0,
       -362.0
      ],
      [
       694.0,
       -361.0
      ],
      [
       695.0,
       -355.0
      ],
      [
       692.0,
       -354.0
      ],
      [
       693.0,
       -347.0
      ],
      [
       695.0,
       -346.0
      ],
      [
       695.0,
       -344.0
      ],
      [
       693.0,
       -343.0
      ],
      [
       693.0,
       -340.0
      ],
      [
       695.0,
       -339.0
      ],
      [
       693.0,
       -337.0
      ],
      [
       693.0,
       -333.0
      ],
      [
       691.0,
       -331.0
      ],
      [
       685.0,
       -333.0
      ],
      [
       685.0,
       -331.0
      ],
      [
       682.0,
       -330.0
      ],
      [
       682.0,
       -328.0
      ],
      [
       678.0,
       -325.0
      ],
      [
       678.0,
       -317.0
      ],
      [
       672.0,
       -312.0
      ],
      [
       672.0,
       -306.0
      ],
      [
       666.0,
       -301.0
      ],
      [
       664.0,
       -297.0
      ],
      [
       658.0,
       -297.0
      ],
      [
       657.0,
       -295.0
      ],
      [
       653.0,
       -297.0
      ],
      [
       648.0,
       -291.0
      ],
      [
       648.0,
       -281.0
      ],
      [
       653.0,
       -278.0
      ],
      [
       653.0,
       -275.0
      ],
      [
       655.0,
       -274.0
      ],
      [
       655.0,
       -272.0
      ],
      [
       652.0,
       -270.0
      ]
     ]
    ]
   }
  },
  {
   "type": "Feature",
   "properties": {
    "code": "tempe_terra",
    "name": "Tempe Terra",
    "number": 10,
    "capital": null,
    "culture": null,
    "civs": [
     "mcc",
     "mla"
    ],
    "provinceType": "land",
    "terrain": "highlands",
    "mapTypes": [
     "mars"
    ],
    "resources": null,
    "religion": null,
    "population": "medium",
    "centerpoint": [
     1101,
     613
    ],
    "position": {
     "x": 838,
     "y": 438
    },
    "bbox": {
     "w": 506,
     "h": 381
    },
    "maskSize": [
     512,
     512
    ],
    "links": [
     "acidalia_planitia",
     "acidalia_terra",
     "lunae_planum",
     "tharsis_montes",
     "valles_marineris"
    ]
   },
   "geometry": {
    "type": "Polygon",
    "coordinates": [
     [
      [
       847.0,
       -458.0
      ],
      [
       846.0,
       -464.0
      ],
      [
       844.0,
       -465.0
      ],
      [
       843.0,
       -473.0
      ],
      [
       847.0,
       -478.0
      ],
      [
       848.0,
       -489.0
      ],
      [
       850.0,
       -491.0
      ],
      [
       847.0,
       -492.0
      ],
      [
       847.0,
       -495.0
      ],
      [
       845.0,
       -496.0
      ],
      [
       844.0,
       -504.0
      ],
      [
       848.0,
       -507.0
      ],
      [
       849.0,
       -515.0
      ],
      [
       853.0,
       -516.0
      ],
      [
       852.0,
       -524.0
      ],
      [
       854.0,
       -525.0
      ],
      [
       854.0,
       -527.0
      ],
      [
       857.0,
       -527.0
      ],
      [
       860.0,
       -531.0
      ],
      [
       857.0,
       -540.0
      ],
      [
       853.0,
       -543.0
      ],
      [
       852.0,
       -547.0
      ],
      [
       850.0,
       -548.0
      ],
      [
       850.0,
       -554.0
      ],
      [
       852.0,
       -555.0
      ],
      [
       851.0,
       -558.0
      ],
      [
       857.0,
       -564.0
      ],
      [
       849.0,
       -575.0
      ],
      [
       847.0,
       -573.0
      ],
      [
       844.0,
       -573.0
      ],
      [
       842.0,
       -575.0
      ],
      [
       842.0,
       -578.0
      ],
      [
       840.0,
       -579.0
      ],
      [
       840.0,
       -583.0
      ],
      [
       842.0,
       -584.0
      ],
      [
       839.0,
       -586.0
      ],
      [
       838.0,
       -606.0
      ],
      [
       842.0,
       -609.0
      ],
      [
       841.0,
       -610.0
      ],
      [
       844.0,
       -610.0
      ],
      [
       845.0,
       -612.0
      ],
      [
       853.0,
       -612.0
      ],
      [
       854.0,
       -614.0
      ],
      [
       861.0,
       -607.0
      ],
      [
       864.0,
       -611.0
      ],
      [
       864.0,
       -614.0
      ],
      [
       872.0,
       -614.0
      ],
      [
       873.0,
       -616.0
      ],
      [
       876.0,
       -616.0
      ],
      [
       876.0,
       -618.0
      ],
      [
       883.0,
       -618.0
      ],
      [
       884.0,
       -616.0
      ],
      [
       894.0,
       -616.0
      ],
      [
       895.0,
       -618.0
      ],
      [
       900.0,
       -618.0
      ],
      [
       900.0,
       -616.0
      ],
      [
       902.0,
       -615.0
      ],
      [
       905.0,
       -619.0
      ],
      [
       904.0,
       -624.0
      ],
      [
       907.0,
       -624.0
      ],
      [
       909.0,
       -629.0
      ],
      [
       911.0,
       -630.0
      ],
      [
       911.0,
       -633.0
      ],
      [
       913.0,
       -633.0
      ],
      [
       916.0,
       -636.0
      ],
      [
       915.0,
       -644.0
      ],
      [
       920.0,
       -644.0
      ],
      [
       926.0,
       -649.0
      ],
      [
       925.0,
       -655.0
      ],
      [
       919.0,
       -660.0
      ],
      [
       919.0,
       -664.0
      ],
      [
       916.0,
       -668.0
      ],
      [
       914.0,
       -688.0
      ],
      [
       916.0,
       -689.0
      ],
      [
       916.0,
       -693.0
      ],
      [
       918.0,
       -694.0
      ],
      [
       917.0,
       -697.0
      ],
      [
       921.0,
       -700.0
      ],
      [
       920.0,
       -704.0
      ],
      [
       928.0,
       -706.0
      ],
      [
       933.0,
       -711.0
      ],
      [
       932.0,
       -714.0
      ],
      [
       936.0,
       -717.0
      ],
      [
       937.0,
       -721.0
      ],
      [
       939.0,
       -721.0
      ],
      [
       939.0,
       -725.0
      ],
      [
       943.0,
       -725.0
      ],
      [
       946.0,
       -729.0
      ],
      [
       952.0,
       -731.0
      ],
      [
       956.0,
       -735.0
      ],
      [
       958.0,
       -733.0
      ],
      [
       963.0,
       -732.0
      ],
      [
       966.0,
       -733.0
      ],
      [
       965.0,
       -735.0
      ],
      [
       970.0,
       -734.0
      ],
      [
       973.0,
       -730.0
      ],
      [
       976.0,
       -730.0
      ],
      [
       977.0,
       -727.0
      ],
      [
       980.0,
       -727.0
      ],
      [
       981.0,
       -729.0
      ],
      [
       986.0,
       -729.0
      ],
      [
       990.0,
       -733.0
      ],
      [
       994.0,
       -734.0
      ],
      [
       998.0,
       -744.0
      ],
      [
       1001.0,
       -744.0
      ],
      [
       1005.0,
       -741.0
      ],
      [
       1007.0,
       -741.0
      ],
      [
       1008.0,
       -744.0
      ],
      [
       1010.0,
       -744.0
      ],
      [
       1009.0,
       -748.0
      ],
      [
       1015.0,
       -753.0
      ],
      [
       1014.0,
       -758.0
      ],
      [
       1022.0,
       -760.0
      ],
      [
       1023.0,
       -762.0
      ],
      [
       1032.0,
       -762.0
      ],
      [
       1033.0,
       -760.0
      ],
      [
       1038.0,
       -760.0
      ],
      [
       1040.0,
       -764.0
      ],
      [
       1042.0,
       -761.0
      ],
      [
       1047.0,
       -761.0
      ],
      [
       1052.0,
       -765.0
      ],
      [
       1062.0,
       -767.0
      ],
      [
       1070.0,
       -776.0
      ],
      [
       1069.0,
       -790.0
      ],
      [
       1070.0,
       -792.0
      ],
      [
       1076.0,
       -793.0
      ],
      [
       1077.0,
       -805.0
      ],
      [
       1081.0,
       -808.0
      ],
      [
       1082.0,
       -813.0
      ],
      [
       1089.0,
       -813.0
      ],
      [
       1092.0,
       -817.0
      ],
      [
       1095.0,
       -817.0
      ],
      [
       1096.0,
       -815.0
      ],
      [
       1103.0,
       -815.0
      ],
      [
       1106.0,
       -812.0
      ],
      [
       1109.0,
       -812.0
      ],
      [
       1110.0,
       -810.0
      ],
      [
       1113.0,
       -812.0
      ],
      [
       1114.0,
       -810.0
      ],
      [
       1127.0,
       -809.0
      ],
      [
       1132.0,
       -814.0
      ],
      [
       1131.0,
       -815.0
      ],
      [
       1133.0,
       -816.0
      ],
      [
       1133.0,
       -818.0
      ],
      [
       1138.0,
       -817.0
      ],
      [
       1139.0,
       -815.0
      ],
      [
       1151.0,
       -815.0
      ],
      [
       1153.0,
       -812.0
      ],
      [
       1163.0,
       -812.0
      ],
      [
       1168.0,
       -808.0
      ],
      [
       1172.0,
       -808.0
      ],
      [
       1176.0,
       -801.0
      ],
      [
       1181.0,
       -797.0
      ],
      [
       1184.0,
       -787.0
      ],
      [
       1189.0,
       -784.0
      ],
      [
       1193.0,
       -779.0
      ],
      [
       1198.0,
       -779.0
      ],
      [
       1199.0,
       -777.0
      ],
      [
       1203.0,
       -781.0
      ],
      [
       1206.0,
       -781.0
      ],
      [
       1207.0,
       -779.0
      ],
      [
       1216.0,
       -779.0
      ],
      [
       1219.0,
       -777.0
      ],
      [
       1220.0,
       -774.0
      ],
      [
       1228.0,
       -772.0
      ],
      [
       1231.0,
       -768.0
      ],
      [
       1235.0,
       -766.0
      ],
      [
       1238.0,
       -748.0
      ],
      [
       1251.0,
       -737.0
      ],
      [
       1252.0,
       -729.0
      ],
      [
       1263.0,
       -719.0
      ],
      [
       1265.0,
       -719.0
      ],
      [
       1265.0,
       -716.0
      ],
      [
       1268.0,
       -714.0
      ],
      [
       1269.0,
       -709.0
      ],
      [
       1267.0,
       -707.0
      ],
      [
       1262.0,
       -707.0
      ],
      [
       1262.0,
       -701.0
      ],
      [
       1256.0,
       -695.0
      ],
      [
       1253.0,
       -695.0
      ],
      [
       1249.0,
       -690.0
      ],
      [
       1249.0,
       -687.0
      ],
      [
       1252.0,
       -686.0
      ],
      [
       1253.0,
       -680.0
      ],
      [
       1249.0,
       -677.0
      ],
      [
       1250.0,
       -674.0
      ],
      [
       1248.0,
       -673.0
      ],
      [
       1248.0,
       -670.0
      ],
      [
       1251.0,
       -667.0
      ],
      [
       1252.0,
       -663.0
      ],
      [
       1261.0,
       -654.0
      ],
      [
       1259.0,
       -652.0
      ],
      [
       1261.0,
       -642.0
      ],
      [
       1266.0,
       -639.0
      ],
      [
       1263.0,
       -635.0
      ],
      [
       1264.0,
       -629.0
      ],
      [
       1267.0,
       -627.0
      ],
      [
       1268.0,
       -624.0
      ],
      [
       1270.0,
       -624.0
      ],
      [
       1273.0,
       -621.0
      ],
      [
       1273.0,
       -618.0
      ],
      [
       1276.0,
       -616.0
      ],
      [
       1277.0,
       -611.0
      ],
      [
       1281.0,
       -607.0
      ],
      [
       1283.0,
       -607.0
      ],
      [
       1290.0,
       -601.0
      ],
      [
       1296.0,
       -601.0
      ],
      [
       1305.0,
       -592.0
      ],
      [
       1307.0,
       -592.0
      ],
      [
       1308.0,
       -589.0
      ],
      [
       1311.0,
       -587.0
      ],
      [
       1311.0,
       -584.0
      ],
      [
       1315.0,
       -581.0
      ],
      [
       1315.0,
       -579.0
      ],
      [
       1313.0,
       -578.0
      ],
      [
       1315.0,
       -570.0
      ],
      [
       1313.0,
       -568.0
      ],
      [
       1316.0,
       -559.0
      ],
      [
       1325.0,
       -553.0
      ],
      [
       1326.0,
       -549.0
      ],
      [
       1324.0,
       -548.0
      ],
      [
       1324.0,
       -546.0
      ],
      [
       1328.0,
       -543.0
      ],
      [
       1328.0,
       -540.0
      ],
      [
       1331.0,
       -539.0
      ],
      [
       1333.0,
       -535.0
      ],
      [
       1342.0,
       -535.0
      ],
      [
       1343.0,
       -532.0
      ],
      [
       1342.0,
       -530.0
      ],
      [
       1341.0,
       -532.0
      ],
      [
       1322.0,
       -532.0
      ],
      [
       1321.0,
       -534.0
      ],
      [
       1315.0,
       -534.0
      ],
      [
       1315.0,
       -530.0
      ],
      [
       1313.0,
       -529.0
      ],
      [
       1315.0,
       -521.0
      ],
      [
       1312.0,
       -521.0
      ],
      [
       1307.0,
       -516.0
      ],
      [
       1308.0,
       -514.0
      ],
      [
       1304.0,
       -510.0
      ],
      [
       1299.0,
       -514.0
      ],
      [
       1279.0,
       -514.0
      ],
      [
       1279.0,
       -510.0
      ],
      [
       1277.0,
       -509.0
      ],
      [
       1278.0,
       -506.0
      ],
      [
       1275.0,
       -505.0
      ],
      [
       1276.0,
       -504.0
      ],
      [
       1274.0,
       -503.0
      ],
      [
       1274.0,
       -501.0
      ],
      [
       1267.0,
       -499.0
      ],
      [
       1262.0,
       -494.0
      ],
      [
       1265.0,
       -486.0
      ],
      [
       1263.0,
       -485.0
      ],
      [
       1263.0,
       -482.0
      ],
      [
       1266.0,
       -481.0
      ],
      [
       1262.0,
       -477.0
      ],
      [
       1265.0,
       -469.0
      ],
      [
       1261.0,
       -464.0
      ],
      [
       1262.0,
       -462.0
      ],
      [
       1260.0,
       -460.0
      ],
      [
       1257.0,
       -460.0
      ],
      [
       1256.0,
       -458.0
      ],
      [
       1253.0,
       -458.0
      ],
      [
       1250.0,
       -454.0
      ],
      [
       1248.0,
       -456.0
      ],
      [
       1244.0,
       -456.0
      ],
      [
       1243.0,
       -454.0
      ],
      [
       1237.0,
       -454.0
      ],
      [
       1230.0,
       -460.0
      ],
      [
       1228.0,
       -458.0
      ],
      [
       1220.0,
       -458.0
      ],
      [
       1219.0,
       -460.0
      ],
      [
       1213.0,
       -460.0
      ],
      [
       1212.0,
       -462.0
      ],
      [
       1203.0,
       -462.0
      ],
      [
       1203.0,
       -465.0
      ],
      [
       1200.0,
       -466.0
      ],
      [
       1199.0,
       -469.0
      ],
      [
       1193.0,
       -469.0
      ],
      [
       1192.0,
       -466.0
      ],
      [
       1189.0,
       -466.0
      ],
      [
       1188.0,
       -464.0
      ],
      [
       1185.0,
       -464.0
      ],
      [
       1182.0,
       -461.0
      ],
      [
       1183.0,
       -460.0
      ],
      [
       1178.0,
       -459.0
      ],
      [
       1178.0,
       -453.0
      ],
      [
       1176.0,
       -453.0
      ],
      [
       1175.0,
       -456.0
      ],
      [
       1169.0,
       -456.0
      ],
      [
       1169.0,
       -453.0
      ],
      [
       1161.0,
       -453.0
      ],
      [
       1160.0,
       -451.0
      ],
      [
       1153.0,
       -451.0
      ],
      [
       1150.0,
       -453.0
      ],
      [
       1147.0,
       -450.0
      ],
      [
       1148.0,
       -449.0
      ],
      [
       1143.0,
       -448.0
      ],
      [
       1144.0,
       -447.0
      ],
      [
       1140.0,
       -444.0
      ],
      [
       1140.0,
       -442.0
      ],
      [
       1135.0,
       -442.0
      ],
      [
       1131.0,
       -447.0
      ],
      [
       1127.0,
       -447.0
      ],
      [
       1126.0,
       -445.0
      ],
      [
       1123.0,
       -445.0
      ],
      [
       1123.0,
       -442.0
      ],
      [
       1120.0,
       -442.0
      ],
      [
       1117.0,
       -438.0
      ],
      [
       1103.0,
       -438.0
      ],
      [
       1102.0,
       -440.0
      ],
      [
       1100.0,
       -440.0
      ],
      [
       1098.0,
       -447.0
      ],
      [
       1094.0,
       -447.0
      ],
      [
       1093.0,
       -449.0
      ],
      [
       1090.0,
       -449.0
      ],
      [
       1089.0,
       -447.0
      ],
      [
       1079.0,
       -447.0
      ],
      [
       1076.0,
       -451.0
      ],
      [
       1068.0,
       -451.0
      ],
      [
       1062.0,
       -458.0
      ],
      [
       1052.0,
       -458.0
      ],
      [
       1050.0,
       -456.0
      ],
      [
       1046.0,
       -460.0
      ],
      [
       1038.0,
       -462.0
      ],
      [
       1037.0,
       -464.0
      ],
      [
       1034.0,
       -464.0
      ],
      [
       1032.0,
       -467.0
      ],
      [
       1029.0,
       -467.0
      ],
      [
       1028.0,
       -469.0
      ],
      [
       1023.0,
       -469.0
      ],
      [
       1021.0,
       -471.0
      ],
      [
       1010.0,
       -471.0
      ],
      [
       1009.0,
       -473.0
      ],
      [
       999.0,
       -473.0
      ],
      [
       998.0,
       -471.0
      ],
      [
       995.0,
       -471.0
      ],
      [
       995.0,
       -469.0
      ],
      [
       985.0,
       -469.0
      ],
      [
       983.0,
       -473.0
      ],
      [
       979.0,
       -476.0
      ],
      [
       972.0,
       -476.0
      ],
      [
       971.0,
       -474.0
      ],
      [
       968.0,
       -474.0
      ],
      [
       965.0,
       -478.0
      ],
      [
       963.0,
       -476.0
      ],
      [
       959.0,
       -478.0
      ],
      [
       959.0,
       -476.0
      ],
      [
       956.0,
       -476.0
      ],
      [
       953.0,
       -473.0
      ],
      [
       953.0,
       -471.0
      ],
      [
       944.0,
       -472.0
      ],
      [
       941.0,
       -468.0
      ],
      [
       942.0,
       -467.0
      ],
      [
       937.0,
       -467.0
      ],
      [
       936.0,
       -465.0
      ],
      [
       916.0,
       -467.0
      ],
      [
       915.0,
       -469.0
      ],
      [
       912.0,
       -469.0
      ],
      [
       911.0,
       -472.0
      ],
      [
       907.0,
       -472.0
      ],
      [
       906.0,
       -474.0
      ],
      [
       893.0,
       -474.0
      ],
      [
       892.0,
       -472.0
      ],
      [
       883.0,
       -472.0
      ],
      [
       883.0,
       -469.0
      ],
      [
       880.0,
       -469.0
      ],
      [
       877.0,
       -466.0
      ],
      [
       877.0,
       -463.0
      ],
      [
       875.0,
       -462.0
      ],
      [
       876.0,
       -456.0
      ],
      [
       873.0,
       -456.0
      ],
      [
       868.0,
       -452.0
      ],
      [
       863.0,
       -452.0
      ],
      [
       858.0,
       -456.0
      ],
      [
       847.0,
       -458.0
      ]
     ]
    ]
   }
  },
  {
   "type": "Feature",
   "properties": {
    "code": "lunae_planum",
    "name": "Lunae Planum",
    "number": 11,
    "capital": null,
    "culture": null,
    "civs": [
     "mcc",
     "mla"
    ],
    "provinceType": "land",
    "terrain": "plateau",
    "mapTypes": [
     "mars"
    ],
    "resources": null,
    "religion": null,
    "population": "medium",
    "centerpoint": [
     1460,
     695
    ],
    "position": {
     "x": 1178,
     "y": 499
    },
    "bbox": {
     "w": 619,
     "h": 397
    },
    "maskSize": [
     1024,
     512
    ],
    "links": [
     "acidalia_terra",
     "arabia_terra",
     "sinai_planum",
     "tempe_terra",
     "valles_marineris"
    ]
   },
   "geometry": {
    "type": "Polygon",
    "coordinates": [
     [
      [
       1762.0,
       -529.0
      ],
      [
       1760.0,
       -527.0
      ],
      [
       1755.0,
       -527.0
      ],
      [
       1755.0,
       -525.0
      ],
      [
       1753.0,
       -525.0
      ],
      [
       1753.0,
       -523.0
      ],
      [
       1750.0,
       -522.0
      ],
      [
       1751.0,
       -520.0
      ],
      [
       1743.0,
       -520.0
      ],
      [
       1742.0,
       -519.0
      ],
      [
       1744.0,
       -516.0
      ],
      [
       1742.0,
       -516.0
      ],
      [
       1742.0,
       -514.0
      ],
      [
       1740.0,
       -514.0
      ],
      [
       1739.0,
       -512.0
      ],
      [
       1735.0,
       -512.0
      ],
      [
       1733.0,
       -509.0
      ],
      [
       1730.0,
       -509.0
      ],
      [
       1729.0,
       -507.0
      ],
      [
       1727.0,
       -507.0
      ],
      [
       1726.0,
       -509.0
      ],
      [
       1720.0,
       -509.0
      ],
      [
       1718.0,
       -511.0
      ],
      [
       1710.0,
       -511.0
      ],
      [
       1709.0,
       -509.0
      ],
      [
       1696.0,
       -508.0
      ],
      [
       1696.0,
       -506.0
      ],
      [
       1694.0,
       -506.0
      ],
      [
       1691.0,
       -502.0
      ],
      [
       1687.0,
       -502.0
      ],
      [
       1687.0,
       -499.0
      ],
      [
       1683.0,
       -501.0
      ],
      [
       1678.0,
       -501.0
      ],
      [
       1672.0,
       -505.0
      ],
      [
       1667.0,
       -505.0
      ],
      [
       1659.0,
       -509.0
      ],
      [
       1656.0,
       -513.0
      ],
      [
       1644.0,
       -519.0
      ],
      [
       1632.0,
       -521.0
      ],
      [
       1631.0,
       -523.0
      ],
      [
       1618.0,
       -522.0
      ],
      [
       1617.0,
       -520.0
      ],
      [
       1608.0,
       -518.0
      ],
      [
       1608.0,
       -516.0
      ],
      [
       1603.0,
       -516.0
      ],
      [
       1598.0,
       -520.0
      ],
      [
       1595.0,
       -520.0
      ],
      [
       1594.0,
       -522.0
      ],
      [
       1589.0,
       -522.0
      ],
      [
       1587.0,
       -524.0
      ],
      [
       1580.0,
       -523.0
      ],
      [
       1580.0,
       -521.0
      ],
      [
       1567.0,
       -521.0
      ],
      [
       1565.0,
       -523.0
      ],
      [
       1558.0,
       -523.0
      ],
      [
       1558.0,
       -521.0
      ],
      [
       1545.0,
       -520.0
      ],
      [
       1544.0,
       -522.0
      ],
      [
       1531.0,
       -522.0
      ],
      [
       1531.0,
       -520.0
      ],
      [
       1526.0,
       -519.0
      ],
      [
       1528.0,
       -514.0
      ],
      [
       1524.0,
       -510.0
      ],
      [
       1525.0,
       -509.0
      ],
      [
       1520.0,
       -509.0
      ],
      [
       1519.0,
       -511.0
      ],
      [
       1517.0,
       -511.0
      ],
      [
       1517.0,
       -509.0
      ],
      [
       1514.0,
       -508.0
      ],
      [
       1515.0,
       -507.0
      ],
      [
       1511.0,
       -507.0
      ],
      [
       1510.0,
       -505.0
      ],
      [
       1503.0,
       -505.0
      ],
      [
       1498.0,
       -509.0
      ],
      [
       1491.0,
       -509.0
      ],
      [
       1490.0,
       -511.0
      ],
      [
       1487.0,
       -510.0
      ],
      [
       1488.0,
       -508.0
      ],
      [
       1478.0,
       -508.0
      ],
      [
       1474.0,
       -512.0
      ],
      [
       1464.0,
       -512.0
      ],
      [
       1464.0,
       -510.0
      ],
      [
       1459.0,
       -510.0
      ],
      [
       1458.0,
       -512.0
      ],
      [
       1454.0,
       -512.0
      ],
      [
       1452.0,
       -514.0
      ],
      [
       1441.0,
       -514.0
      ],
      [
       1440.0,
       -512.0
      ],
      [
       1431.0,
       -512.0
      ],
      [
       1429.0,
       -514.0
      ],
      [
       1425.0,
       -514.0
      ],
      [
       1424.0,
       -516.0
      ],
      [
       1419.0,
       -516.0
      ],
      [
       1418.0,
       -518.0
      ],
      [
       1409.0,
       -518.0
      ],
      [
       1407.0,
       -520.0
      ],
      [
       1401.0,
       -520.0
      ],
      [
       1399.0,
       -522.0
      ],
      [
       1390.0,
       -522.0
      ],
      [
       1389.0,
       -524.0
      ],
      [
       1387.0,
       -524.0
      ],
      [
       1387.0,
       -522.0
      ],
      [
       1378.0,
       -522.0
      ],
      [
       1377.0,
       -524.0
      ],
      [
       1372.0,
       -524.0
      ],
      [
       1368.0,
       -528.0
      ],
      [
       1363.0,
       -527.0
      ],
      [
       1363.0,
       -521.0
      ],
      [
       1357.0,
       -521.0
      ],
      [
       1349.0,
       -528.0
      ],
      [
       1345.0,
       -528.0
      ],
      [
       1342.0,
       -536.0
      ],
      [
       1333.0,
       -536.0
      ],
      [
       1332.0,
       -539.0
      ],
      [
       1329.0,
       -540.0
      ],
      [
       1329.0,
       -543.0
      ],
      [
       1325.0,
       -546.0
      ],
      [
       1325.0,
       -548.0
      ],
      [
       1327.0,
       -549.0
      ],
      [
       1326.0,
       -553.0
      ],
      [
       1316.0,
       -561.0
      ],
      [
       1314.0,
       -568.0
      ],
      [
       1316.0,
       -570.0
      ],
      [
       1314.0,
       -577.0
      ],
      [
       1316.0,
       -581.0
      ],
      [
       1312.0,
       -584.0
      ],
      [
       1312.0,
       -587.0
      ],
      [
       1296.0,
       -602.0
      ],
      [
       1290.0,
       -602.0
      ],
      [
       1283.0,
       -608.0
      ],
      [
       1281.0,
       -608.0
      ],
      [
       1278.0,
       -611.0
      ],
      [
       1277.0,
       -616.0
      ],
      [
       1274.0,
       -618.0
      ],
      [
       1274.0,
       -621.0
      ],
      [
       1265.0,
       -629.0
      ],
      [
       1264.0,
       -635.0
      ],
      [
       1267.0,
       -639.0
      ],
      [
       1262.0,
       -642.0
      ],
      [
       1260.0,
       -652.0
      ],
      [
       1262.0,
       -654.0
      ],
      [
       1253.0,
       -663.0
      ],
      [
       1252.0,
       -667.0
      ],
      [
       1249.0,
       -670.0
      ],
      [
       1249.0,
       -673.0
      ],
      [
       1251.0,
       -674.0
      ],
      [
       1250.0,
       -677.0
      ],
      [
       1254.0,
       -680.0
      ],
      [
       1253.0,
       -686.0
      ],
      [
       1250.0,
       -687.0
      ],
      [
       1250.0,
       -690.0
      ],
      [
       1252.0,
       -691.0
      ],
      [
       1251.0,
       -692.0
      ],
      [
       1253.0,
       -694.0
      ],
      [
       1256.0,
       -694.0
      ],
      [
       1263.0,
       -701.0
      ],
      [
       1261.0,
       -707.0
      ],
      [
       1267.0,
       -706.0
      ],
      [
       1267.0,
       -709.0
      ],
      [
       1270.0,
       -709.0
      ],
      [
       1269.0,
       -714.0
      ],
      [
       1266.0,
       -716.0
      ],
      [
       1266.0,
       -719.0
      ],
      [
       1263.0,
       -720.0
      ],
      [
       1253.0,
       -729.0
      ],
      [
       1252.0,
       -737.0
      ],
      [
       1244.0,
       -743.0
      ],
      [
       1243.0,
       -746.0
      ],
      [
       1239.0,
       -748.0
      ],
      [
       1237.0,
       -763.0
      ],
      [
       1233.0,
       -769.0
      ],
      [
       1231.0,
       -769.0
      ],
      [
       1228.0,
       -773.0
      ],
      [
       1220.0,
       -775.0
      ],
      [
       1220.0,
       -777.0
      ],
      [
       1216.0,
       -780.0
      ],
      [
       1207.0,
       -780.0
      ],
      [
       1206.0,
       -782.0
      ],
      [
       1203.0,
       -782.0
      ],
      [
       1199.0,
       -778.0
      ],
      [
       1198.0,
       -780.0
      ],
      [
       1193.0,
       -780.0
      ],
      [
       1189.0,
       -785.0
      ],
      [
       1185.0,
       -787.0
      ],
      [
       1182.0,
       -797.0
      ],
      [
       1180.0,
       -798.0
      ],
      [
       1180.0,
       -801.0
      ],
      [
       1183.0,
       -805.0
      ],
      [
       1179.0,
       -808.0
      ],
      [
       1178.0,
       -814.0
      ],
      [
       1181.0,
       -814.0
      ],
      [
       1184.0,
       -817.0
      ],
      [
       1183.0,
       -822.0
      ],
      [
       1185.0,
       -824.0
      ],
      [
       1188.0,
       -824.0
      ],
      [
       1189.0,
       -822.0
      ],
      [
       1193.0,
       -821.0
      ],
      [
       1193.0,
       -824.0
      ],
      [
       1201.0,
       -830.0
      ],
      [
       1225.0,
       -829.0
      ],
      [
       1228.0,
       -832.0
      ],
      [
       1227.0,
       -833.0
      ],
      [
       1231.0,
       -836.0
      ],
      [
       1231.0,
       -841.0
      ],
      [
       1233.0,
       -842.0
      ],
      [
       1232.0,
       -845.0
      ],
      [
       1234.0,
       -847.0
      ],
      [
       1237.0,
       -847.0
      ],
      [
       1238.0,
       -849.0
      ],
      [
       1241.0,
       -849.0
      ],
      [
       1242.0,
       -851.0
      ],
      [
       1245.0,
       -851.0
      ],
      [
       1246.0,
       -853.0
      ],
      [
       1254.0,
       -853.0
      ],
      [
       1257.0,
       -846.0
      ],
      [
       1269.0,
       -846.0
      ],
      [
       1270.0,
       -844.0
      ],
      [
       1273.0,
       -844.0
      ],
      [
       1279.0,
       -837.0
      ],
      [
       1282.0,
       -837.0
      ],
      [
       1283.0,
       -839.0
      ],
      [
       1297.0,
       -839.0
      ],
      [
       1300.0,
       -842.0
      ],
      [
       1299.0,
       -845.0
      ],
      [
       1305.0,
       -851.0
      ],
      [
       1308.0,
       -851.0
      ],
      [
       1311.0,
       -855.0
      ],
      [
       1318.0,
       -857.0
      ],
      [
       1321.0,
       -861.0
      ],
      [
       1327.0,
       -860.0
      ],
      [
       1328.0,
       -858.0
      ],
      [
       1335.0,
       -858.0
      ],
      [
       1336.0,
       -856.0
      ],
      [
       1350.0,
       -858.0
      ],
      [
       1357.0,
       -866.0
      ],
      [
       1362.0,
       -865.0
      ],
      [
       1367.0,
       -869.0
      ],
      [
       1373.0,
       -869.0
      ],
      [
       1376.0,
       -872.0
      ],
      [
       1373.0,
       -874.0
      ],
      [
       1375.0,
       -881.0
      ],
      [
       1382.0,
       -881.0
      ],
      [
       1383.0,
       -883.0
      ],
      [
       1388.0,
       -883.0
      ],
      [
       1389.0,
       -885.0
      ],
      [
       1395.0,
       -885.0
      ],
      [
       1396.0,
       -883.0
      ],
      [
       1400.0,
       -882.0
      ],
      [
       1415.0,
       -882.0
      ],
      [
       1420.0,
       -887.0
      ],
      [
       1419.0,
       -888.0
      ],
      [
       1422.0,
       -889.0
      ],
      [
       1421.0,
       -890.0
      ],
      [
       1427.0,
       -890.0
      ],
      [
       1428.0,
       -888.0
      ],
      [
       1445.0,
       -887.0
      ],
      [
       1446.0,
       -889.0
      ],
      [
       1449.0,
       -889.0
      ],
      [
       1452.0,
       -893.0
      ],
      [
       1460.0,
       -893.0
      ],
      [
       1462.0,
       -895.0
      ],
      [
       1463.0,
       -893.0
      ],
      [
       1467.0,
       -893.0
      ],
      [
       1468.0,
       -891.0
      ],
      [
       1474.0,
       -891.0
      ],
      [
       1476.0,
       -888.0
      ],
      [
       1479.0,
       -888.0
      ],
      [
       1482.0,
       -884.0
      ],
      [
       1484.0,
       -884.0
      ],
      [
       1487.0,
       -880.0
      ],
      [
       1491.0,
       -880.0
      ],
      [
       1492.0,
       -878.0
      ],
      [
       1501.0,
       -878.0
      ],
      [
       1504.0,
       -874.0
      ],
      [
       1509.0,
       -872.0
      ],
      [
       1512.0,
       -868.0
      ],
      [
       1516.0,
       -868.0
      ],
      [
       1517.0,
       -866.0
      ],
      [
       1531.0,
       -866.0
      ],
      [
       1531.0,
       -868.0
      ],
      [
       1536.0,
       -870.0
      ],
      [
       1535.0,
       -871.0
      ],
      [
       1546.0,
       -871.0
      ],
      [
       1547.0,
       -869.0
      ],
      [
       1551.0,
       -869.0
      ],
      [
       1558.0,
       -876.0
      ],
      [
       1557.0,
       -879.0
      ],
      [
       1561.0,
       -877.0
      ],
      [
       1562.0,
       -879.0
      ],
      [
       1568.0,
       -879.0
      ],
      [
       1569.0,
       -881.0
      ],
      [
       1573.0,
       -881.0
      ],
      [
       1574.0,
       -879.0
      ],
      [
       1580.0,
       -879.0
      ],
      [
       1582.0,
       -881.0
      ],
      [
       1595.0,
       -871.0
      ],
      [
       1599.0,
       -871.0
      ],
      [
       1600.0,
       -869.0
      ],
      [
       1608.0,
       -865.0
      ],
      [
       1611.0,
       -857.0
      ],
      [
       1615.0,
       -857.0
      ],
      [
       1625.0,
       -849.0
      ],
      [
       1632.0,
       -849.0
      ],
      [
       1640.0,
       -843.0
      ],
      [
       1644.0,
       -843.0
      ],
      [
       1647.0,
       -841.0
      ],
      [
       1649.0,
       -837.0
      ],
      [
       1654.0,
       -837.0
      ],
      [
       1658.0,
       -833.0
      ],
      [
       1664.0,
       -831.0
      ],
      [
       1666.0,
       -827.0
      ],
      [
       1678.0,
       -821.0
      ],
      [
       1680.0,
       -814.0
      ],
      [
       1688.0,
       -808.0
      ],
      [
       1696.0,
       -808.0
      ],
      [
       1697.0,
       -806.0
      ],
      [
       1710.0,
       -800.0
      ],
      [
       1713.0,
       -793.0
      ],
      [
       1717.0,
       -791.0
      ],
      [
       1714.0,
       -790.0
      ],
      [
       1718.0,
       -780.0
      ],
      [
       1722.0,
       -778.0
      ],
      [
       1724.0,
       -774.0
      ],
      [
       1730.0,
       -773.0
      ],
      [
       1731.0,
       -771.0
      ],
      [
       1737.0,
       -771.0
      ],
      [
       1738.0,
       -769.0
      ],
      [
       1743.0,
       -769.0
      ],
      [
       1753.0,
       -762.0
      ],
      [
       1754.0,
       -760.0
      ],
      [
       1752.0,
       -760.0
      ],
      [
       1751.0,
       -758.0
      ],
      [
       1761.0,
       -738.0
      ],
      [
       1759.0,
       -736.0
      ],
      [
       1761.0,
       -731.0
      ],
      [
       1757.0,
       -727.0
      ],
      [
       1751.0,
       -726.0
      ],
      [
       1754.0,
       -721.0
      ],
      [
       1751.0,
       -720.0
      ],
      [
       1754.0,
       -715.0
      ],
      [
       1751.0,
       -714.0
      ],
      [
       1755.0,
       -706.0
      ],
      [
       1760.0,
       -703.0
      ],
      [
       1762.0,
       -699.0
      ],
      [
       1759.0,
       -698.0
      ],
      [
       1762.0,
       -692.0
      ],
      [
       1766.0,
       -690.0
      ],
      [
       1769.0,
       -686.0
      ],
      [
       1772.0,
       -686.0
      ],
      [
       1770.0,
       -684.0
      ],
      [
       1772.0,
       -679.0
      ],
      [
       1776.0,
       -678.0
      ],
      [
       1777.0,
       -676.0
      ],
      [
       1785.0,
       -674.0
      ],
      [
       1788.0,
       -668.0
      ],
      [
       1785.0,
       -667.0
      ],
      [
       1788.0,
       -662.0
      ],
      [
       1785.0,
       -661.0
      ],
      [
       1787.0,
       -658.0
      ],
      [
       1785.0,
       -658.0
      ],
      [
       1785.0,
       -656.0
      ],
      [
       1782.0,
       -655.0
      ],
      [
       1785.0,
       -651.0
      ],
      [
       1788.0,
       -651.0
      ],
      [
       1789.0,
       -648.0
      ],
      [
       1787.0,
       -646.0
      ],
      [
       1781.0,
       -645.0
      ],
      [
       1787.0,
       -634.0
      ],
      [
       1791.0,
       -633.0
      ],
      [
       1796.0,
       -625.0
      ],
      [
       1794.0,
       -623.0
      ],
      [
       1796.0,
       -618.0
      ],
      [
       1794.0,
       -616.0
      ],
      [
       1789.0,
       -616.0
      ],
      [
       1789.0,
       -614.0
      ],
      [
       1783.0,
       -612.0
      ],
      [
       1790.0,
       -601.0
      ],
      [
       1787.0,
       -600.0
      ],
      [
       1789.0,
       -597.0
      ],
      [
       1787.0,
       -597.0
      ],
      [
       1787.0,
       -595.0
      ],
      [
       1784.0,
       -594.0
      ],
      [
       1786.0,
       -591.0
      ],
      [
       1784.0,
       -591.0
      ],
      [
       1781.0,
       -588.0
      ],
      [
       1783.0,
       -585.0
      ],
      [
       1781.0,
       -585.0
      ],
      [
       1776.0,
       -579.0
      ],
      [
       1773.0,
       -578.0
      ],
      [
       1775.0,
       -576.0
      ],
      [
       1772.0,
       -574.0
      ],
      [
       1775.0,
       -570.0
      ],
      [
       1773.0,
       -568.0
      ],
      [
       1774.0,
       -566.0
      ],
      [
       1772.0,
       -566.0
      ],
      [
       1772.0,
       -564.0
      ],
      [
       1769.0,
       -563.0
      ],
      [
       1770.0,
       -562.0
      ],
      [
       1765.0,
       -562.0
      ],
      [
       1764.0,
       -560.0
      ],
      [
       1762.0,
       -560.0
      ],
      [
       1762.0,
       -558.0
      ],
      [
       1760.0,
       -558.0
      ],
      [
       1760.0,
       -556.0
      ],
      [
       1758.0,
       -556.0
      ],
      [
       1758.0,
       -554.0
      ],
      [
       1755.0,
       -553.0
      ],
      [
       1757.0,
       -550.0
      ],
      [
       1754.0,
       -549.0
      ],
      [
       1758.0,
       -543.0
      ],
      [
       1756.0,
       -543.0
      ],
      [
       1755.0,
       -541.0
      ],
      [
       1762.0,
       -536.0
      ],
      [
       1762.0,
       -529.0
      ]
     ]
    ]
   }
  },
  {
   "type": "Feature",
   "properties": {
    "code": "arabia_terra",
    "name": "Arabia Terra",
    "number": 12,
    "capital": null,
    "culture": null,
    "civs": [
     "mcc",
     "mla"
    ],
    "provinceType": "land",
    "terrain": "highlands",
    "mapTypes": [
     "mars"
    ],
    "resources": null,
    "religion": null,
    "population": "medium",
    "centerpoint": [
     2072,
     660
    ],
    "position": {
     "x": 1703,
     "y": 443
    },
    "bbox": {
     "w": 865,
     "h": 412
    },
    "maskSize": [
     1024,
     512
    ],
    "links": [
     "acidalia_terra",
     "lunae_planum",
     "sinai_planum",
     "syrtis_major",
     "utopia_planitia"
    ]
   },
   "geometry": {
    "type": "Polygon",
    "coordinates": [
     [
      [
       1703.0,
       -808.0
      ],
      [
       1707.0,
       -808.0
      ],
      [
       1709.0,
       -806.0
      ],
      [
       1716.0,
       -806.0
      ],
      [
       1717.0,
       -808.0
      ],
      [
       1721.0,
       -808.0
      ],
      [
       1723.0,
       -810.0
      ],
      [
       1728.0,
       -806.0
      ],
      [
       1733.0,
       -806.0
      ],
      [
       1734.0,
       -808.0
      ],
      [
       1741.0,
       -808.0
      ],
      [
       1748.0,
       -816.0
      ],
      [
       1751.0,
       -817.0
      ],
      [
       1750.0,
       -818.0
      ],
      [
       1753.0,
       -819.0
      ],
      [
       1752.0,
       -822.0
      ],
      [
       1759.0,
       -822.0
      ],
      [
       1760.0,
       -824.0
      ],
      [
       1768.0,
       -824.0
      ],
      [
       1769.0,
       -822.0
      ],
      [
       1774.0,
       -824.0
      ],
      [
       1775.0,
       -822.0
      ],
      [
       1777.0,
       -822.0
      ],
      [
       1780.0,
       -826.0
      ],
      [
       1786.0,
       -824.0
      ],
      [
       1787.0,
       -822.0
      ],
      [
       1790.0,
       -822.0
      ],
      [
       1791.0,
       -820.0
      ],
      [
       1800.0,
       -820.0
      ],
      [
       1800.0,
       -822.0
      ],
      [
       1805.0,
       -822.0
      ],
      [
       1807.0,
       -820.0
      ],
      [
       1810.0,
       -820.0
      ],
      [
       1810.0,
       -818.0
      ],
      [
       1812.0,
       -816.0
      ],
      [
       1815.0,
       -816.0
      ],
      [
       1816.0,
       -814.0
      ],
      [
       1825.0,
       -814.0
      ],
      [
       1825.0,
       -816.0
      ],
      [
       1838.0,
       -816.0
      ],
      [
       1843.0,
       -813.0
      ],
      [
       1856.0,
       -813.0
      ],
      [
       1858.0,
       -811.0
      ],
      [
       1864.0,
       -811.0
      ],
      [
       1866.0,
       -809.0
      ],
      [
       1875.0,
       -809.0
      ],
      [
       1876.0,
       -811.0
      ],
      [
       1881.0,
       -811.0
      ],
      [
       1885.0,
       -814.0
      ],
      [
       1884.0,
       -815.0
      ],
      [
       1890.0,
       -815.0
      ],
      [
       1890.0,
       -817.0
      ],
      [
       1900.0,
       -817.0
      ],
      [
       1900.0,
       -819.0
      ],
      [
       1902.0,
       -819.0
      ],
      [
       1903.0,
       -821.0
      ],
      [
       1913.0,
       -821.0
      ],
      [
       1913.0,
       -823.0
      ],
      [
       1920.0,
       -821.0
      ],
      [
       1924.0,
       -824.0
      ],
      [
       1923.0,
       -825.0
      ],
      [
       1933.0,
       -825.0
      ],
      [
       1937.0,
       -828.0
      ],
      [
       1936.0,
       -829.0
      ],
      [
       1940.0,
       -830.0
      ],
      [
       1937.0,
       -835.0
      ],
      [
       1939.0,
       -835.0
      ],
      [
       1940.0,
       -837.0
      ],
      [
       1955.0,
       -837.0
      ],
      [
       1956.0,
       -835.0
      ],
      [
       1980.0,
       -836.0
      ],
      [
       1980.0,
       -838.0
      ],
      [
       1984.0,
       -839.0
      ],
      [
       1983.0,
       -840.0
      ],
      [
       1990.0,
       -840.0
      ],
      [
       1990.0,
       -842.0
      ],
      [
       2007.0,
       -842.0
      ],
      [
       2008.0,
       -840.0
      ],
      [
       2021.0,
       -840.0
      ],
      [
       2021.0,
       -842.0
      ],
      [
       2025.0,
       -843.0
      ],
      [
       2024.0,
       -844.0
      ],
      [
       2049.0,
       -845.0
      ],
      [
       2050.0,
       -847.0
      ],
      [
       2062.0,
       -847.0
      ],
      [
       2063.0,
       -849.0
      ],
      [
       2080.0,
       -849.0
      ],
      [
       2080.0,
       -851.0
      ],
      [
       2103.0,
       -852.0
      ],
      [
       2105.0,
       -850.0
      ],
      [
       2139.0,
       -850.0
      ],
      [
       2140.0,
       -848.0
      ],
      [
       2154.0,
       -849.0
      ],
      [
       2156.0,
       -847.0
      ],
      [
       2165.0,
       -847.0
      ],
      [
       2165.0,
       -849.0
      ],
      [
       2182.0,
       -849.0
      ],
      [
       2188.0,
       -850.0
      ],
      [
       2189.0,
       -852.0
      ],
      [
       2197.0,
       -852.0
      ],
      [
       2198.0,
       -854.0
      ],
      [
       2217.0,
       -854.0
      ],
      [
       2218.0,
       -852.0
      ],
      [
       2228.0,
       -851.0
      ],
      [
       2230.0,
       -849.0
      ],
      [
       2244.0,
       -849.0
      ],
      [
       2245.0,
       -847.0
      ],
      [
       2258.0,
       -850.0
      ],
      [
       2266.0,
       -846.0
      ],
      [
       2274.0,
       -848.0
      ],
      [
       2275.0,
       -846.0
      ],
      [
       2285.0,
       -846.0
      ],
      [
       2286.0,
       -844.0
      ],
      [
       2288.0,
       -844.0
      ],
      [
       2290.0,
       -847.0
      ],
      [
       2294.0,
       -847.0
      ],
      [
       2295.0,
       -845.0
      ],
      [
       2314.0,
       -845.0
      ],
      [
       2315.0,
       -842.0
      ],
      [
       2312.0,
       -842.0
      ],
      [
       2312.0,
       -838.0
      ],
      [
       2308.0,
       -837.0
      ],
      [
       2311.0,
       -830.0
      ],
      [
       2325.0,
       -830.0
      ],
      [
       2328.0,
       -824.0
      ],
      [
       2324.0,
       -822.0
      ],
      [
       2327.0,
       -815.0
      ],
      [
       2324.0,
       -815.0
      ],
      [
       2324.0,
       -813.0
      ],
      [
       2322.0,
       -813.0
      ],
      [
       2320.0,
       -810.0
      ],
      [
       2314.0,
       -808.0
      ],
      [
       2313.0,
       -806.0
      ],
      [
       2315.0,
       -802.0
      ],
      [
       2311.0,
       -801.0
      ],
      [
       2317.0,
       -788.0
      ],
      [
       2323.0,
       -786.0
      ],
      [
       2319.0,
       -785.0
      ],
      [
       2320.0,
       -782.0
      ],
      [
       2329.0,
       -782.0
      ],
      [
       2331.0,
       -780.0
      ],
      [
       2334.0,
       -780.0
      ],
      [
       2335.0,
       -782.0
      ],
      [
       2338.0,
       -782.0
      ],
      [
       2340.0,
       -780.0
      ],
      [
       2353.0,
       -780.0
      ],
      [
       2354.0,
       -778.0
      ],
      [
       2358.0,
       -778.0
      ],
      [
       2361.0,
       -772.0
      ],
      [
       2365.0,
       -772.0
      ],
      [
       2367.0,
       -770.0
      ],
      [
       2370.0,
       -770.0
      ],
      [
       2370.0,
       -772.0
      ],
      [
       2374.0,
       -772.0
      ],
      [
       2375.0,
       -770.0
      ],
      [
       2384.0,
       -768.0
      ],
      [
       2387.0,
       -764.0
      ],
      [
       2395.0,
       -762.0
      ],
      [
       2400.0,
       -752.0
      ],
      [
       2408.0,
       -752.0
      ],
      [
       2409.0,
       -750.0
      ],
      [
       2421.0,
       -750.0
      ],
      [
       2423.0,
       -748.0
      ],
      [
       2430.0,
       -749.0
      ],
      [
       2432.0,
       -743.0
      ],
      [
       2437.0,
       -742.0
      ],
      [
       2438.0,
       -740.0
      ],
      [
       2445.0,
       -740.0
      ],
      [
       2447.0,
       -738.0
      ],
      [
       2450.0,
       -738.0
      ],
      [
       2450.0,
       -741.0
      ],
      [
       2456.0,
       -741.0
      ],
      [
       2457.0,
       -743.0
      ],
      [
       2464.0,
       -741.0
      ],
      [
       2465.0,
       -738.0
      ],
      [
       2462.0,
       -737.0
      ],
      [
       2465.0,
       -732.0
      ],
      [
       2468.0,
       -732.0
      ],
      [
       2472.0,
       -721.0
      ],
      [
       2477.0,
       -719.0
      ],
      [
       2480.0,
       -710.0
      ],
      [
       2482.0,
       -709.0
      ],
      [
       2485.0,
       -711.0
      ],
      [
       2484.0,
       -712.0
      ],
      [
       2487.0,
       -712.0
      ],
      [
       2488.0,
       -710.0
      ],
      [
       2492.0,
       -709.0
      ],
      [
       2495.0,
       -703.0
      ],
      [
       2498.0,
       -703.0
      ],
      [
       2492.0,
       -698.0
      ],
      [
       2486.0,
       -700.0
      ],
      [
       2485.0,
       -698.0
      ],
      [
       2477.0,
       -694.0
      ],
      [
       2477.0,
       -691.0
      ],
      [
       2474.0,
       -690.0
      ],
      [
       2480.0,
       -673.0
      ],
      [
       2482.0,
       -671.0
      ],
      [
       2485.0,
       -671.0
      ],
      [
       2487.0,
       -667.0
      ],
      [
       2490.0,
       -667.0
      ],
      [
       2493.0,
       -661.0
      ],
      [
       2490.0,
       -659.0
      ],
      [
       2491.0,
       -655.0
      ],
      [
       2489.0,
       -655.0
      ],
      [
       2489.0,
       -653.0
      ],
      [
       2486.0,
       -653.0
      ],
      [
       2486.0,
       -651.0
      ],
      [
       2483.0,
       -651.0
      ],
      [
       2482.0,
       -653.0
      ],
      [
       2475.0,
       -650.0
      ],
      [
       2477.0,
       -645.0
      ],
      [
       2486.0,
       -642.0
      ],
      [
       2488.0,
       -639.0
      ],
      [
       2491.0,
       -639.0
      ],
      [
       2495.0,
       -628.0
      ],
      [
       2499.0,
       -627.0
      ],
      [
       2501.0,
       -624.0
      ],
      [
       2511.0,
       -624.0
      ],
      [
       2512.0,
       -620.0
      ],
      [
       2518.0,
       -616.0
      ],
      [
       2533.0,
       -616.0
      ],
      [
       2536.0,
       -613.0
      ],
      [
       2539.0,
       -613.0
      ],
      [
       2540.0,
       -611.0
      ],
      [
       2546.0,
       -611.0
      ],
      [
       2547.0,
       -609.0
      ],
      [
       2550.0,
       -609.0
      ],
      [
       2551.0,
       -606.0
      ],
      [
       2555.0,
       -604.0
      ],
      [
       2557.0,
       -600.0
      ],
      [
       2560.0,
       -600.0
      ],
      [
       2561.0,
       -596.0
      ],
      [
       2567.0,
       -590.0
      ],
      [
       2562.0,
       -588.0
      ],
      [
       2559.0,
       -584.0
      ],
      [
       2547.0,
       -584.0
      ],
      [
       2546.0,
       -583.0
      ],
      [
       2548.0,
       -577.0
      ],
      [
       2545.0,
       -576.0
      ],
      [
       2547.0,
       -571.0
      ],
      [
       2544.0,
       -570.0
      ],
      [
       2546.0,
       -566.0
      ],
      [
       2541.0,
       -564.0
      ],
      [
       2541.0,
       -562.0
      ],
      [
       2538.0,
       -562.0
      ],
      [
       2537.0,
       -564.0
      ],
      [
       2531.0,
       -564.0
      ],
      [
       2531.0,
       -562.0
      ],
      [
       2528.0,
       -561.0
      ],
      [
       2529.0,
       -558.0
      ],
      [
       2523.0,
       -555.0
      ],
      [
       2525.0,
       -549.0
      ],
      [
       2523.0,
       -549.0
      ],
      [
       2523.0,
       -547.0
      ],
      [
       2521.0,
       -547.0
      ],
      [
       2520.0,
       -545.0
      ],
      [
       2511.0,
       -545.0
      ],
      [
       2507.0,
       -542.0
      ],
      [
       2508.0,
       -541.0
      ],
      [
       2505.0,
       -541.0
      ],
      [
       2504.0,
       -543.0
      ],
      [
       2502.0,
       -543.0
      ],
      [
       2501.0,
       -541.0
      ],
      [
       2485.0,
       -542.0
      ],
      [
       2484.0,
       -539.0
      ],
      [
       2471.0,
       -540.0
      ],
      [
       2471.0,
       -538.0
      ],
      [
       2465.0,
       -538.0
      ],
      [
       2464.0,
       -536.0
      ],
      [
       2460.0,
       -538.0
      ],
      [
       2454.0,
       -538.0
      ],
      [
       2452.0,
       -540.0
      ],
      [
       2442.0,
       -541.0
      ],
      [
       2441.0,
       -540.0
      ],
      [
       2444.0,
       -534.0
      ],
      [
       2441.0,
       -534.0
      ],
      [
       2441.0,
       -532.0
      ],
      [
       2439.0,
       -532.0
      ],
      [
       2438.0,
       -530.0
      ],
      [
       2432.0,
       -530.0
      ],
      [
       2432.0,
       -528.0
      ],
      [
       2422.0,
       -528.0
      ],
      [
       2421.0,
       -526.0
      ],
      [
       2412.0,
       -526.0
      ],
      [
       2411.0,
       -524.0
      ],
      [
       2401.0,
       -525.0
      ],
      [
       2399.0,
       -527.0
      ],
      [
       2392.0,
       -527.0
      ],
      [
       2391.0,
       -529.0
      ],
      [
       2388.0,
       -529.0
      ],
      [
       2386.0,
       -532.0
      ],
      [
       2383.0,
       -532.0
      ],
      [
       2383.0,
       -529.0
      ],
      [
       2378.0,
       -532.0
      ],
      [
       2371.0,
       -532.0
      ],
      [
       2371.0,
       -530.0
      ],
      [
       2365.0,
       -530.0
      ],
      [
       2364.0,
       -528.0
      ],
      [
       2354.0,
       -528.0
      ],
      [
       2349.0,
       -531.0
      ],
      [
       2349.0,
       -528.0
      ],
      [
       2345.0,
       -528.0
      ],
      [
       2346.0,
       -526.0
      ],
      [
       2343.0,
       -526.0
      ],
      [
       2341.0,
       -529.0
      ],
      [
       2338.0,
       -529.0
      ],
      [
       2338.0,
       -527.0
      ],
      [
       2331.0,
       -527.0
      ],
      [
       2331.0,
       -525.0
      ],
      [
       2327.0,
       -524.0
      ],
      [
       2329.0,
       -521.0
      ],
      [
       2327.0,
       -521.0
      ],
      [
       2320.0,
       -515.0
      ],
      [
       2314.0,
       -515.0
      ],
      [
       2314.0,
       -513.0
      ],
      [
       2307.0,
       -513.0
      ],
      [
       2304.0,
       -517.0
      ],
      [
       2292.0,
       -520.0
      ],
      [
       2291.0,
       -518.0
      ],
      [
       2285.0,
       -518.0
      ],
      [
       2281.0,
       -515.0
      ],
      [
       2282.0,
       -514.0
      ],
      [
       2274.0,
       -516.0
      ],
      [
       2274.0,
       -514.0
      ],
      [
       2271.0,
       -514.0
      ],
      [
       2271.0,
       -512.0
      ],
      [
       2268.0,
       -512.0
      ],
      [
       2268.0,
       -510.0
      ],
      [
       2265.0,
       -510.0
      ],
      [
       2265.0,
       -508.0
      ],
      [
       2263.0,
       -508.0
      ],
      [
       2262.0,
       -506.0
      ],
      [
       2247.0,
       -506.0
      ],
      [
       2243.0,
       -509.0
      ],
      [
       2226.0,
       -509.0
      ],
      [
       2226.0,
       -507.0
      ],
      [
       2222.0,
       -506.0
      ],
      [
       2225.0,
       -501.0
      ],
      [
       2211.0,
       -501.0
      ],
      [
       2210.0,
       -499.0
      ],
      [
       2207.0,
       -499.0
      ],
      [
       2206.0,
       -501.0
      ],
      [
       2199.0,
       -501.0
      ],
      [
       2198.0,
       -499.0
      ],
      [
       2187.0,
       -500.0
      ],
      [
       2186.0,
       -499.0
      ],
      [
       2188.0,
       -497.0
      ],
      [
       2173.0,
       -498.0
      ],
      [
       2173.0,
       -494.0
      ],
      [
       2171.0,
       -494.0
      ],
      [
       2171.0,
       -492.0
      ],
      [
       2164.0,
       -492.0
      ],
      [
       2164.0,
       -490.0
      ],
      [
       2161.0,
       -490.0
      ],
      [
       2160.0,
       -489.0
      ],
      [
       2162.0,
       -486.0
      ],
      [
       2160.0,
       -486.0
      ],
      [
       2160.0,
       -484.0
      ],
      [
       2157.0,
       -484.0
      ],
      [
       2157.0,
       -482.0
      ],
      [
       2149.0,
       -484.0
      ],
      [
       2149.0,
       -482.0
      ],
      [
       2143.0,
       -482.0
      ],
      [
       2142.0,
       -480.0
      ],
      [
       2137.0,
       -478.0
      ],
      [
       2137.0,
       -476.0
      ],
      [
       2134.0,
       -476.0
      ],
      [
       2134.0,
       -474.0
      ],
      [
       2132.0,
       -474.0
      ],
      [
       2131.0,
       -472.0
      ],
      [
       2138.0,
       -467.0
      ],
      [
       2136.0,
       -467.0
      ],
      [
       2136.0,
       -465.0
      ],
      [
       2133.0,
       -465.0
      ],
      [
       2133.0,
       -463.0
      ],
      [
       2127.0,
       -463.0
      ],
      [
       2126.0,
       -461.0
      ],
      [
       2115.0,
       -461.0
      ],
      [
       2109.0,
       -464.0
      ],
      [
       2098.0,
       -464.0
      ],
      [
       2096.0,
       -466.0
      ],
      [
       2090.0,
       -464.0
      ],
      [
       2088.0,
       -466.0
      ],
      [
       2081.0,
       -466.0
      ],
      [
       2079.0,
       -468.0
      ],
      [
       2072.0,
       -468.0
      ],
      [
       2070.0,
       -470.0
      ],
      [
       2059.0,
       -470.0
      ],
      [
       2052.0,
       -474.0
      ],
      [
       2037.0,
       -474.0
      ],
      [
       2030.0,
       -478.0
      ],
      [
       2011.0,
       -478.0
      ],
      [
       2011.0,
       -476.0
      ],
      [
       2005.0,
       -476.0
      ],
      [
       2005.0,
       -474.0
      ],
      [
       1991.0,
       -474.0
      ],
      [
       1991.0,
       -472.0
      ],
      [
       1988.0,
       -472.0
      ],
      [
       1988.0,
       -470.0
      ],
      [
       1985.0,
       -469.0
      ],
      [
       1986.0,
       -468.0
      ],
      [
       1977.0,
       -467.0
      ],
      [
       1971.0,
       -461.0
      ],
      [
       1961.0,
       -461.0
      ],
      [
       1961.0,
       -459.0
      ],
      [
       1955.0,
       -459.0
      ],
      [
       1955.0,
       -457.0
      ],
      [
       1952.0,
       -457.0
      ],
      [
       1950.0,
       -459.0
      ],
      [
       1937.0,
       -458.0
      ],
      [
       1937.0,
       -456.0
      ],
      [
       1931.0,
       -453.0
      ],
      [
       1932.0,
       -452.0
      ],
      [
       1926.0,
       -452.0
      ],
      [
       1926.0,
       -450.0
      ],
      [
       1923.0,
       -449.0
      ],
      [
       1925.0,
       -446.0
      ],
      [
       1922.0,
       -444.0
      ],
      [
       1923.0,
       -443.0
      ],
      [
       1917.0,
       -443.0
      ],
      [
       1905.0,
       -449.0
      ],
      [
       1898.0,
       -449.0
      ],
      [
       1896.0,
       -451.0
      ],
      [
       1890.0,
       -451.0
      ],
      [
       1888.0,
       -453.0
      ],
      [
       1875.0,
       -452.0
      ],
      [
       1868.0,
       -456.0
      ],
      [
       1854.0,
       -456.0
      ],
      [
       1851.0,
       -454.0
      ],
      [
       1852.0,
       -453.0
      ],
      [
       1847.0,
       -451.0
      ],
      [
       1847.0,
       -449.0
      ],
      [
       1811.0,
       -447.0
      ],
      [
       1809.0,
       -450.0
      ],
      [
       1800.0,
       -449.0
      ],
      [
       1798.0,
       -452.0
      ],
      [
       1801.0,
       -453.0
      ],
      [
       1799.0,
       -455.0
      ],
      [
       1791.0,
       -457.0
      ],
      [
       1790.0,
       -459.0
      ],
      [
       1788.0,
       -459.0
      ],
      [
       1787.0,
       -457.0
      ],
      [
       1781.0,
       -457.0
      ],
      [
       1773.0,
       -471.0
      ],
      [
       1775.0,
       -473.0
      ],
      [
       1773.0,
       -477.0
      ],
      [
       1776.0,
       -478.0
      ],
      [
       1774.0,
       -480.0
      ],
      [
       1771.0,
       -480.0
      ],
      [
       1769.0,
       -484.0
      ],
      [
       1766.0,
       -484.0
      ],
      [
       1761.0,
       -492.0
      ],
      [
       1758.0,
       -492.0
      ],
      [
       1757.0,
       -494.0
      ],
      [
       1754.0,
       -494.0
      ],
      [
       1752.0,
       -496.0
      ],
      [
       1747.0,
       -495.0
      ],
      [
       1745.0,
       -497.0
      ],
      [
       1742.0,
       -497.0
      ],
      [
       1741.0,
       -499.0
      ],
      [
       1729.0,
       -503.0
      ],
      [
       1728.0,
       -505.0
      ],
      [
       1735.0,
       -511.0
      ],
      [
       1739.0,
       -511.0
      ],
      [
       1740.0,
       -513.0
      ],
      [
       1742.0,
       -513.0
      ],
      [
       1742.0,
       -515.0
      ],
      [
       1745.0,
       -516.0
      ],
      [
       1743.0,
       -519.0
      ],
      [
       1751.0,
       -519.0
      ],
      [
       1751.0,
       -522.0
      ],
      [
       1753.0,
       -522.0
      ],
      [
       1753.0,
       -524.0
      ],
      [
       1756.0,
       -525.0
      ],
      [
       1755.0,
       -526.0
      ],
      [
       1760.0,
       -526.0
      ],
      [
       1763.0,
       -529.0
      ],
      [
       1763.0,
       -536.0
      ],
      [
       1756.0,
       -541.0
      ],
      [
       1759.0,
       -543.0
      ],
      [
       1755.0,
       -549.0
      ],
      [
       1758.0,
       -550.0
      ],
      [
       1756.0,
       -553.0
      ],
      [
       1758.0,
       -553.0
      ],
      [
       1758.0,
       -555.0
      ],
      [
       1760.0,
       -555.0
      ],
      [
       1760.0,
       -557.0
      ],
      [
       1763.0,
       -558.0
      ],
      [
       1762.0,
       -559.0
      ],
      [
       1764.0,
       -559.0
      ],
      [
       1765.0,
       -561.0
      ],
      [
       1770.0,
       -561.0
      ],
      [
       1770.0,
       -563.0
      ],
      [
       1772.0,
       -563.0
      ],
      [
       1772.0,
       -565.0
      ],
      [
       1775.0,
       -566.0
      ],
      [
       1774.0,
       -568.0
      ],
      [
       1776.0,
       -570.0
      ],
      [
       1773.0,
       -574.0
      ],
      [
       1775.0,
       -574.0
      ],
      [
       1776.0,
       -576.0
      ],
      [
       1774.0,
       -578.0
      ],
      [
       1776.0,
       -578.0
      ],
      [
       1781.0,
       -584.0
      ],
      [
       1784.0,
       -585.0
      ],
      [
       1782.0,
       -588.0
      ],
      [
       1787.0,
       -591.0
      ],
      [
       1785.0,
       -594.0
      ],
      [
       1787.0,
       -594.0
      ],
      [
       1787.0,
       -596.0
      ],
      [
       1790.0,
       -597.0
      ],
      [
       1788.0,
       -600.0
      ],
      [
       1791.0,
       -601.0
      ],
      [
       1784.0,
       -612.0
      ],
      [
       1789.0,
       -613.0
      ],
      [
       1789.0,
       -615.0
      ],
      [
       1794.0,
       -615.0
      ],
      [
       1797.0,
       -618.0
      ],
      [
       1795.0,
       -622.0
      ],
      [
       1797.0,
       -625.0
      ],
      [
       1791.0,
       -634.0
      ],
      [
       1788.0,
       -634.0
      ],
      [
       1782.0,
       -645.0
      ],
      [
       1787.0,
       -645.0
      ],
      [
       1790.0,
       -648.0
      ],
      [
       1789.0,
       -651.0
      ],
      [
       1785.0,
       -652.0
      ],
      [
       1783.0,
       -655.0
      ],
      [
       1785.0,
       -655.0
      ],
      [
       1785.0,
       -657.0
      ],
      [
       1788.0,
       -658.0
      ],
      [
       1786.0,
       -661.0
      ],
      [
       1789.0,
       -662.0
      ],
      [
       1786.0,
       -667.0
      ],
      [
       1789.0,
       -668.0
      ],
      [
       1784.0,
       -676.0
      ],
      [
       1773.0,
       -679.0
      ],
      [
       1771.0,
       -683.0
      ],
      [
       1773.0,
       -686.0
      ],
      [
       1769.0,
       -687.0
      ],
      [
       1766.0,
       -691.0
      ],
      [
       1763.0,
       -692.0
      ],
      [
       1760.0,
       -698.0
      ],
      [
       1763.0,
       -699.0
      ],
      [
       1761.0,
       -703.0
      ],
      [
       1756.0,
       -706.0
      ],
      [
       1752.0,
       -714.0
      ],
      [
       1755.0,
       -715.0
      ],
      [
       1752.0,
       -720.0
      ],
      [
       1755.0,
       -721.0
      ],
      [
       1752.0,
       -726.0
      ],
      [
       1757.0,
       -726.0
      ],
      [
       1762.0,
       -731.0
      ],
      [
       1760.0,
       -735.0
      ],
      [
       1762.0,
       -738.0
      ],
      [
       1752.0,
       -758.0
      ],
      [
       1755.0,
       -760.0
      ],
      [
       1754.0,
       -762.0
      ],
      [
       1743.0,
       -770.0
      ],
      [
       1738.0,
       -770.0
      ],
      [
       1737.0,
       -772.0
      ],
      [
       1731.0,
       -772.0
      ],
      [
       1730.0,
       -774.0
      ],
      [
       1724.0,
       -775.0
      ],
      [
       1723.0,
       -778.0
      ],
      [
       1719.0,
       -780.0
      ],
      [
       1715.0,
       -790.0
      ],
      [
       1718.0,
       -791.0
      ],
      [
       1714.0,
       -793.0
      ],
      [
       1710.0,
       -801.0
      ],
      [
       1704.0,
       -803.0
      ],
      [
       1703.0,
       -808.0
      ]
     ]
    ]
   }
  },
  {
   "type": "Feature",
   "properties": {
    "code": "syrtis_major",
    "name": "Syrtis Major",
    "number": 13,
    "capital": null,
    "culture": null,
    "civs": [
     "mcc",
     "mla"
    ],
    "provinceType": "land",
    "terrain": "highlands",
    "mapTypes": [
     "mars"
    ],
    "resources": null,
    "religion": null,
    "population": "medium",
    "centerpoint": [
     2657,
     766
    ],
    "position": {
     "x": 2309,
     "y": 549
    },
    "bbox": {
     "w": 638,
     "h": 398
    },
    "maskSize": [
     1024,
     512
    ],
    "links": [
     "arabia_terra",
     "hesperia_planum",
     "isidis_planitia",
     "sinai_planum",
     "tyrrhena_terra",
     "utopia_planitia"
    ]
   },
   "geometry": {
    "type": "Polygon",
    "coordinates": [
     [
      [
       2946.0,
       -908.0
      ],
      [
       2945.0,
       -900.0
      ],
      [
       2941.0,
       -897.0
      ],
      [
       2941.0,
       -895.0
      ],
      [
       2938.0,
       -894.0
      ],
      [
       2938.0,
       -891.0
      ],
      [
       2936.0,
       -890.0
      ],
      [
       2936.0,
       -884.0
      ],
      [
       2933.0,
       -883.0
      ],
      [
       2933.0,
       -877.0
      ],
      [
       2935.0,
       -876.0
      ],
      [
       2935.0,
       -871.0
      ],
      [
       2933.0,
       -870.0
      ],
      [
       2933.0,
       -868.0
      ],
      [
       2931.0,
       -866.0
      ],
      [
       2927.0,
       -866.0
      ],
      [
       2925.0,
       -863.0
      ],
      [
       2922.0,
       -862.0
      ],
      [
       2922.0,
       -859.0
      ],
      [
       2920.0,
       -858.0
      ],
      [
       2920.0,
       -854.0
      ],
      [
       2912.0,
       -849.0
      ],
      [
       2908.0,
       -849.0
      ],
      [
       2907.0,
       -847.0
      ],
      [
       2903.0,
       -847.0
      ],
      [
       2900.0,
       -842.0
      ],
      [
       2897.0,
       -842.0
      ],
      [
       2892.0,
       -836.0
      ],
      [
       2892.0,
       -817.0
      ],
      [
       2887.0,
       -817.0
      ],
      [
       2884.0,
       -814.0
      ],
      [
       2884.0,
       -806.0
      ],
      [
       2886.0,
       -805.0
      ],
      [
       2886.0,
       -801.0
      ],
      [
       2882.0,
       -797.0
      ],
      [
       2879.0,
       -799.0
      ],
      [
       2876.0,
       -795.0
      ],
      [
       2874.0,
       -787.0
      ],
      [
       2872.0,
       -786.0
      ],
      [
       2873.0,
       -776.0
      ],
      [
       2863.0,
       -768.0
      ],
      [
       2861.0,
       -762.0
      ],
      [
       2857.0,
       -759.0
      ],
      [
       2858.0,
       -751.0
      ],
      [
       2854.0,
       -748.0
      ],
      [
       2846.0,
       -748.0
      ],
      [
       2844.0,
       -750.0
      ],
      [
       2840.0,
       -747.0
      ],
      [
       2839.0,
       -743.0
      ],
      [
       2835.0,
       -739.0
      ],
      [
       2836.0,
       -734.0
      ],
      [
       2834.0,
       -733.0
      ],
      [
       2834.0,
       -731.0
      ],
      [
       2830.0,
       -727.0
      ],
      [
       2827.0,
       -727.0
      ],
      [
       2826.0,
       -724.0
      ],
      [
       2823.0,
       -724.0
      ],
      [
       2820.0,
       -721.0
      ],
      [
       2821.0,
       -717.0
      ],
      [
       2824.0,
       -714.0
      ],
      [
       2826.0,
       -714.0
      ],
      [
       2824.0,
       -712.0
      ],
      [
       2824.0,
       -709.0
      ],
      [
       2827.0,
       -707.0
      ],
      [
       2827.0,
       -704.0
      ],
      [
       2823.0,
       -701.0
      ],
      [
       2821.0,
       -697.0
      ],
      [
       2818.0,
       -697.0
      ],
      [
       2815.0,
       -694.0
      ],
      [
       2816.0,
       -690.0
      ],
      [
       2810.0,
       -684.0
      ],
      [
       2811.0,
       -681.0
      ],
      [
       2807.0,
       -677.0
      ],
      [
       2808.0,
       -674.0
      ],
      [
       2806.0,
       -673.0
      ],
      [
       2806.0,
       -669.0
      ],
      [
       2804.0,
       -668.0
      ],
      [
       2806.0,
       -658.0
      ],
      [
       2810.0,
       -655.0
      ],
      [
       2813.0,
       -655.0
      ],
      [
       2816.0,
       -652.0
      ],
      [
       2812.0,
       -647.0
      ],
      [
       2809.0,
       -647.0
      ],
      [
       2808.0,
       -649.0
      ],
      [
       2804.0,
       -648.0
      ],
      [
       2806.0,
       -633.0
      ],
      [
       2804.0,
       -632.0
      ],
      [
       2805.0,
       -631.0
      ],
      [
       2799.0,
       -625.0
      ],
      [
       2798.0,
       -622.0
      ],
      [
       2794.0,
       -620.0
      ],
      [
       2795.0,
       -615.0
      ],
      [
       2793.0,
       -614.0
      ],
      [
       2794.0,
       -606.0
      ],
      [
       2797.0,
       -605.0
      ],
      [
       2798.0,
       -597.0
      ],
      [
       2796.0,
       -596.0
      ],
      [
       2797.0,
       -594.0
      ],
      [
       2791.0,
       -589.0
      ],
      [
       2792.0,
       -587.0
      ],
      [
       2788.0,
       -584.0
      ],
      [
       2789.0,
       -580.0
      ],
      [
       2795.0,
       -573.0
      ],
      [
       2795.0,
       -562.0
      ],
      [
       2781.0,
       -562.0
      ],
      [
       2779.0,
       -564.0
      ],
      [
       2771.0,
       -564.0
      ],
      [
       2769.0,
       -559.0
      ],
      [
       2761.0,
       -559.0
      ],
      [
       2761.0,
       -557.0
      ],
      [
       2757.0,
       -557.0
      ],
      [
       2756.0,
       -559.0
      ],
      [
       2754.0,
       -559.0
      ],
      [
       2754.0,
       -557.0
      ],
      [
       2748.0,
       -557.0
      ],
      [
       2747.0,
       -559.0
      ],
      [
       2738.0,
       -559.0
      ],
      [
       2734.0,
       -563.0
      ],
      [
       2727.0,
       -563.0
      ],
      [
       2727.0,
       -561.0
      ],
      [
       2724.0,
       -560.0
      ],
      [
       2725.0,
       -559.0
      ],
      [
       2719.0,
       -559.0
      ],
      [
       2716.0,
       -554.0
      ],
      [
       2712.0,
       -554.0
      ],
      [
       2712.0,
       -552.0
      ],
      [
       2708.0,
       -552.0
      ],
      [
       2707.0,
       -550.0
      ],
      [
       2690.0,
       -549.0
      ],
      [
       2690.0,
       -551.0
      ],
      [
       2682.0,
       -556.0
      ],
      [
       2675.0,
       -556.0
      ],
      [
       2674.0,
       -558.0
      ],
      [
       2672.0,
       -558.0
      ],
      [
       2671.0,
       -556.0
      ],
      [
       2659.0,
       -556.0
      ],
      [
       2655.0,
       -558.0
      ],
      [
       2654.0,
       -561.0
      ],
      [
       2643.0,
       -563.0
      ],
      [
       2642.0,
       -566.0
      ],
      [
       2639.0,
       -567.0
      ],
      [
       2637.0,
       -570.0
      ],
      [
       2632.0,
       -570.0
      ],
      [
       2631.0,
       -572.0
      ],
      [
       2628.0,
       -572.0
      ],
      [
       2627.0,
       -574.0
      ],
      [
       2621.0,
       -576.0
      ],
      [
       2620.0,
       -579.0
      ],
      [
       2617.0,
       -579.0
      ],
      [
       2613.0,
       -583.0
      ],
      [
       2600.0,
       -585.0
      ],
      [
       2599.0,
       -588.0
      ],
      [
       2594.0,
       -588.0
      ],
      [
       2593.0,
       -585.0
      ],
      [
       2585.0,
       -586.0
      ],
      [
       2583.0,
       -588.0
      ],
      [
       2568.0,
       -588.0
      ],
      [
       2567.0,
       -592.0
      ],
      [
       2562.0,
       -596.0
      ],
      [
       2561.0,
       -600.0
      ],
      [
       2557.0,
       -601.0
      ],
      [
       2557.0,
       -603.0
      ],
      [
       2553.0,
       -605.0
      ],
      [
       2550.0,
       -610.0
      ],
      [
       2547.0,
       -610.0
      ],
      [
       2546.0,
       -612.0
      ],
      [
       2540.0,
       -612.0
      ],
      [
       2539.0,
       -614.0
      ],
      [
       2536.0,
       -614.0
      ],
      [
       2533.0,
       -617.0
      ],
      [
       2518.0,
       -617.0
      ],
      [
       2513.0,
       -620.0
      ],
      [
       2511.0,
       -625.0
      ],
      [
       2501.0,
       -625.0
      ],
      [
       2499.0,
       -628.0
      ],
      [
       2496.0,
       -628.0
      ],
      [
       2491.0,
       -640.0
      ],
      [
       2488.0,
       -640.0
      ],
      [
       2486.0,
       -643.0
      ],
      [
       2478.0,
       -645.0
      ],
      [
       2476.0,
       -650.0
      ],
      [
       2479.0,
       -650.0
      ],
      [
       2479.0,
       -652.0
      ],
      [
       2486.0,
       -650.0
      ],
      [
       2486.0,
       -652.0
      ],
      [
       2489.0,
       -652.0
      ],
      [
       2489.0,
       -654.0
      ],
      [
       2492.0,
       -655.0
      ],
      [
       2491.0,
       -659.0
      ],
      [
       2493.0,
       -659.0
      ],
      [
       2494.0,
       -661.0
      ],
      [
       2490.0,
       -668.0
      ],
      [
       2487.0,
       -668.0
      ],
      [
       2485.0,
       -672.0
      ],
      [
       2481.0,
       -673.0
      ],
      [
       2475.0,
       -690.0
      ],
      [
       2477.0,
       -690.0
      ],
      [
       2477.0,
       -693.0
      ],
      [
       2479.0,
       -693.0
      ],
      [
       2486.0,
       -699.0
      ],
      [
       2492.0,
       -697.0
      ],
      [
       2499.0,
       -703.0
      ],
      [
       2495.0,
       -704.0
      ],
      [
       2493.0,
       -709.0
      ],
      [
       2491.0,
       -711.0
      ],
      [
       2488.0,
       -711.0
      ],
      [
       2487.0,
       -713.0
      ],
      [
       2484.0,
       -713.0
      ],
      [
       2484.0,
       -711.0
      ],
      [
       2481.0,
       -710.0
      ],
      [
       2478.0,
       -719.0
      ],
      [
       2476.0,
       -721.0
      ],
      [
       2473.0,
       -721.0
      ],
      [
       2469.0,
       -732.0
      ],
      [
       2464.0,
       -734.0
      ],
      [
       2463.0,
       -737.0
      ],
      [
       2466.0,
       -738.0
      ],
      [
       2464.0,
       -742.0
      ],
      [
       2457.0,
       -744.0
      ],
      [
       2456.0,
       -742.0
      ],
      [
       2450.0,
       -742.0
      ],
      [
       2450.0,
       -739.0
      ],
      [
       2447.0,
       -739.0
      ],
      [
       2445.0,
       -741.0
      ],
      [
       2438.0,
       -741.0
      ],
      [
       2437.0,
       -743.0
      ],
      [
       2433.0,
       -743.0
      ],
      [
       2430.0,
       -750.0
      ],
      [
       2423.0,
       -749.0
      ],
      [
       2421.0,
       -751.0
      ],
      [
       2409.0,
       -751.0
      ],
      [
       2408.0,
       -753.0
      ],
      [
       2400.0,
       -753.0
      ],
      [
       2395.0,
       -763.0
      ],
      [
       2387.0,
       -765.0
      ],
      [
       2384.0,
       -769.0
      ],
      [
       2380.0,
       -769.0
      ],
      [
       2379.0,
       -771.0
      ],
      [
       2375.0,
       -771.0
      ],
      [
       2374.0,
       -773.0
      ],
      [
       2370.0,
       -773.0
      ],
      [
       2370.0,
       -771.0
      ],
      [
       2361.0,
       -773.0
      ],
      [
       2359.0,
       -778.0
      ],
      [
       2354.0,
       -779.0
      ],
      [
       2353.0,
       -781.0
      ],
      [
       2340.0,
       -781.0
      ],
      [
       2338.0,
       -783.0
      ],
      [
       2335.0,
       -783.0
      ],
      [
       2334.0,
       -781.0
      ],
      [
       2331.0,
       -781.0
      ],
      [
       2329.0,
       -783.0
      ],
      [
       2321.0,
       -782.0
      ],
      [
       2320.0,
       -785.0
      ],
      [
       2324.0,
       -786.0
      ],
      [
       2322.0,
       -788.0
      ],
      [
       2318.0,
       -788.0
      ],
      [
       2312.0,
       -800.0
      ],
      [
       2316.0,
       -802.0
      ],
      [
       2314.0,
       -807.0
      ],
      [
       2317.0,
       -807.0
      ],
      [
       2317.0,
       -809.0
      ],
      [
       2320.0,
       -809.0
      ],
      [
       2322.0,
       -812.0
      ],
      [
       2325.0,
       -813.0
      ],
      [
       2324.0,
       -814.0
      ],
      [
       2328.0,
       -815.0
      ],
      [
       2325.0,
       -822.0
      ],
      [
       2329.0,
       -823.0
      ],
      [
       2325.0,
       -831.0
      ],
      [
       2316.0,
       -832.0
      ],
      [
       2316.0,
       -830.0
      ],
      [
       2312.0,
       -830.0
      ],
      [
       2309.0,
       -836.0
      ],
      [
       2313.0,
       -838.0
      ],
      [
       2312.0,
       -841.0
      ],
      [
       2316.0,
       -842.0
      ],
      [
       2314.0,
       -847.0
      ],
      [
       2317.0,
       -847.0
      ],
      [
       2318.0,
       -849.0
      ],
      [
       2330.0,
       -850.0
      ],
      [
       2330.0,
       -852.0
      ],
      [
       2343.0,
       -852.0
      ],
      [
       2344.0,
       -854.0
      ],
      [
       2360.0,
       -855.0
      ],
      [
       2361.0,
       -857.0
      ],
      [
       2368.0,
       -859.0
      ],
      [
       2368.0,
       -863.0
      ],
      [
       2372.0,
       -864.0
      ],
      [
       2371.0,
       -867.0
      ],
      [
       2374.0,
       -867.0
      ],
      [
       2374.0,
       -869.0
      ],
      [
       2377.0,
       -869.0
      ],
      [
       2378.0,
       -872.0
      ],
      [
       2381.0,
       -872.0
      ],
      [
       2382.0,
       -874.0
      ],
      [
       2398.0,
       -874.0
      ],
      [
       2402.0,
       -877.0
      ],
      [
       2419.0,
       -877.0
      ],
      [
       2420.0,
       -879.0
      ],
      [
       2431.0,
       -880.0
      ],
      [
       2432.0,
       -882.0
      ],
      [
       2435.0,
       -882.0
      ],
      [
       2436.0,
       -880.0
      ],
      [
       2466.0,
       -881.0
      ],
      [
       2471.0,
       -882.0
      ],
      [
       2476.0,
       -886.0
      ],
      [
       2490.0,
       -887.0
      ],
      [
       2494.0,
       -890.0
      ],
      [
       2493.0,
       -895.0
      ],
      [
       2499.0,
       -895.0
      ],
      [
       2500.0,
       -898.0
      ],
      [
       2503.0,
       -898.0
      ],
      [
       2504.0,
       -900.0
      ],
      [
       2507.0,
       -900.0
      ],
      [
       2508.0,
       -898.0
      ],
      [
       2514.0,
       -898.0
      ],
      [
       2516.0,
       -901.0
      ],
      [
       2521.0,
       -901.0
      ],
      [
       2522.0,
       -903.0
      ],
      [
       2532.0,
       -903.0
      ],
      [
       2543.0,
       -906.0
      ],
      [
       2543.0,
       -908.0
      ],
      [
       2547.0,
       -909.0
      ],
      [
       2545.0,
       -917.0
      ],
      [
       2549.0,
       -918.0
      ],
      [
       2548.0,
       -925.0
      ],
      [
       2553.0,
       -925.0
      ],
      [
       2555.0,
       -928.0
      ],
      [
       2564.0,
       -928.0
      ],
      [
       2567.0,
       -931.0
      ],
      [
       2578.0,
       -931.0
      ],
      [
       2579.0,
       -929.0
      ],
      [
       2588.0,
       -930.0
      ],
      [
       2589.0,
       -932.0
      ],
      [
       2592.0,
       -932.0
      ],
      [
       2592.0,
       -934.0
      ],
      [
       2598.0,
       -935.0
      ],
      [
       2599.0,
       -937.0
      ],
      [
       2608.0,
       -933.0
      ],
      [
       2610.0,
       -936.0
      ],
      [
       2615.0,
       -936.0
      ],
      [
       2616.0,
       -938.0
      ],
      [
       2621.0,
       -938.0
      ],
      [
       2622.0,
       -936.0
      ],
      [
       2638.0,
       -938.0
      ],
      [
       2642.0,
       -936.0
      ],
      [
       2653.0,
       -936.0
      ],
      [
       2654.0,
       -939.0
      ],
      [
       2672.0,
       -940.0
      ],
      [
       2679.0,
       -934.0
      ],
      [
       2684.0,
       -934.0
      ],
      [
       2688.0,
       -937.0
      ],
      [
       2693.0,
       -937.0
      ],
      [
       2695.0,
       -940.0
      ],
      [
       2721.0,
       -941.0
      ],
      [
       2726.0,
       -937.0
      ],
      [
       2730.0,
       -938.0
      ],
      [
       2731.0,
       -940.0
      ],
      [
       2751.0,
       -941.0
      ],
      [
       2753.0,
       -944.0
      ],
      [
       2757.0,
       -944.0
      ],
      [
       2758.0,
       -946.0
      ],
      [
       2760.0,
       -946.0
      ],
      [
       2761.0,
       -944.0
      ],
      [
       2768.0,
       -945.0
      ],
      [
       2769.0,
       -943.0
      ],
      [
       2779.0,
       -943.0
      ],
      [
       2780.0,
       -941.0
      ],
      [
       2797.0,
       -943.0
      ],
      [
       2798.0,
       -941.0
      ],
      [
       2802.0,
       -941.0
      ],
      [
       2812.0,
       -933.0
      ],
      [
       2813.0,
       -926.0
      ],
      [
       2825.0,
       -927.0
      ],
      [
       2828.0,
       -923.0
      ],
      [
       2832.0,
       -923.0
      ],
      [
       2834.0,
       -926.0
      ],
      [
       2837.0,
       -926.0
      ],
      [
       2839.0,
       -924.0
      ],
      [
       2839.0,
       -918.0
      ],
      [
       2843.0,
       -915.0
      ],
      [
       2846.0,
       -915.0
      ],
      [
       2850.0,
       -911.0
      ],
      [
       2853.0,
       -911.0
      ],
      [
       2854.0,
       -914.0
      ],
      [
       2856.0,
       -914.0
      ],
      [
       2861.0,
       -919.0
      ],
      [
       2870.0,
       -919.0
      ],
      [
       2873.0,
       -915.0
      ],
      [
       2879.0,
       -915.0
      ],
      [
       2880.0,
       -913.0
      ],
      [
       2884.0,
       -913.0
      ],
      [
       2891.0,
       -905.0
      ],
      [
       2897.0,
       -905.0
      ],
      [
       2898.0,
       -908.0
      ],
      [
       2906.0,
       -908.0
      ],
      [
       2910.0,
       -911.0
      ],
      [
       2909.0,
       -914.0
      ],
      [
       2907.0,
       -913.0
      ],
      [
       2910.0,
       -919.0
      ],
      [
       2914.0,
       -919.0
      ],
      [
       2914.0,
       -911.0
      ],
      [
       2922.0,
       -911.0
      ],
      [
       2926.0,
       -914.0
      ],
      [
       2933.0,
       -914.0
      ],
      [
       2938.0,
       -919.0
      ],
      [
       2938.0,
       -917.0
      ],
      [
       2942.0,
       -914.0
      ],
      [
       2942.0,
       -909.0
      ],
      [
       2946.0,
       -908.0
      ]
     ]
    ]
   }
  },
  {
   "type": "Feature",
   "properties": {
    "code": "isidis_planitia",
    "name": "Isidis Planitia",
    "number": 14,
    "capital": null,
    "culture": null,
    "civs": [
     "mcc",
     "mla"
    ],
    "provinceType": "land",
    "terrain": "plains",
    "mapTypes": [
     "mars"
    ],
    "resources": null,
    "religion": null,
    "population": "high",
    "centerpoint": [
     2969,
     648
    ],
    "position": {
     "x": 2789,
     "y": 481
    },
    "bbox": {
     "w": 410,
     "h": 422
    },
    "maskSize": [
     512,
     512
    ],
    "links": [
     "elysium_planitia",
     "hesperia_planum",
     "syrtis_major",
     "utopia_planitia",
     "vastitas_borealis"
    ]
   },
   "geometry": {
    "type": "Polygon",
    "coordinates": [
     [
      [
       3159.0,
       -511.0
      ],
      [
       3155.0,
       -511.0
      ],
      [
       3154.0,
       -513.0
      ],
      [
       3146.0,
       -515.0
      ],
      [
       3146.0,
       -512.0
      ],
      [
       3143.0,
       -512.0
      ],
      [
       3143.0,
       -510.0
      ],
      [
       3137.0,
       -510.0
      ],
      [
       3136.0,
       -508.0
      ],
      [
       3132.0,
       -510.0
      ],
      [
       3131.0,
       -507.0
      ],
      [
       3129.0,
       -507.0
      ],
      [
       3128.0,
       -505.0
      ],
      [
       3124.0,
       -505.0
      ],
      [
       3122.0,
       -500.0
      ],
      [
       3117.0,
       -499.0
      ],
      [
       3116.0,
       -495.0
      ],
      [
       3106.0,
       -493.0
      ],
      [
       3105.0,
       -490.0
      ],
      [
       3094.0,
       -490.0
      ],
      [
       3087.0,
       -499.0
      ],
      [
       3084.0,
       -495.0
      ],
      [
       3085.0,
       -494.0
      ],
      [
       3074.0,
       -493.0
      ],
      [
       3074.0,
       -495.0
      ],
      [
       3067.0,
       -500.0
      ],
      [
       3062.0,
       -500.0
      ],
      [
       3061.0,
       -502.0
      ],
      [
       3057.0,
       -502.0
      ],
      [
       3055.0,
       -508.0
      ],
      [
       3051.0,
       -508.0
      ],
      [
       3048.0,
       -513.0
      ],
      [
       3042.0,
       -515.0
      ],
      [
       3038.0,
       -508.0
      ],
      [
       3029.0,
       -507.0
      ],
      [
       3029.0,
       -505.0
      ],
      [
       3025.0,
       -504.0
      ],
      [
       3024.0,
       -500.0
      ],
      [
       3017.0,
       -500.0
      ],
      [
       3011.0,
       -492.0
      ],
      [
       3012.0,
       -488.0
      ],
      [
       3010.0,
       -487.0
      ],
      [
       3007.0,
       -481.0
      ],
      [
       3000.0,
       -481.0
      ],
      [
       3000.0,
       -484.0
      ],
      [
       2996.0,
       -490.0
      ],
      [
       2982.0,
       -489.0
      ],
      [
       2980.0,
       -486.0
      ],
      [
       2976.0,
       -486.0
      ],
      [
       2972.0,
       -482.0
      ],
      [
       2969.0,
       -486.0
      ],
      [
       2963.0,
       -486.0
      ],
      [
       2959.0,
       -492.0
      ],
      [
       2952.0,
       -492.0
      ],
      [
       2951.0,
       -494.0
      ],
      [
       2949.0,
       -492.0
      ],
      [
       2946.0,
       -496.0
      ],
      [
       2942.0,
       -496.0
      ],
      [
       2939.0,
       -500.0
      ],
      [
       2934.0,
       -500.0
      ],
      [
       2933.0,
       -502.0
      ],
      [
       2930.0,
       -502.0
      ],
      [
       2929.0,
       -504.0
      ],
      [
       2923.0,
       -504.0
      ],
      [
       2922.0,
       -506.0
      ],
      [
       2919.0,
       -506.0
      ],
      [
       2919.0,
       -504.0
      ],
      [
       2912.0,
       -504.0
      ],
      [
       2910.0,
       -501.0
      ],
      [
       2906.0,
       -499.0
      ],
      [
       2903.0,
       -503.0
      ],
      [
       2900.0,
       -503.0
      ],
      [
       2899.0,
       -505.0
      ],
      [
       2894.0,
       -505.0
      ],
      [
       2888.0,
       -511.0
      ],
      [
       2888.0,
       -515.0
      ],
      [
       2885.0,
       -518.0
      ],
      [
       2885.0,
       -522.0
      ],
      [
       2873.0,
       -533.0
      ],
      [
       2870.0,
       -533.0
      ],
      [
       2869.0,
       -536.0
      ],
      [
       2866.0,
       -535.0
      ],
      [
       2865.0,
       -538.0
      ],
      [
       2853.0,
       -537.0
      ],
      [
       2852.0,
       -535.0
      ],
      [
       2845.0,
       -535.0
      ],
      [
       2844.0,
       -537.0
      ],
      [
       2835.0,
       -536.0
      ],
      [
       2835.0,
       -538.0
      ],
      [
       2833.0,
       -539.0
      ],
      [
       2830.0,
       -534.0
      ],
      [
       2829.0,
       -540.0
      ],
      [
       2824.0,
       -545.0
      ],
      [
       2822.0,
       -552.0
      ],
      [
       2820.0,
       -552.0
      ],
      [
       2819.0,
       -554.0
      ],
      [
       2812.0,
       -554.0
      ],
      [
       2811.0,
       -556.0
      ],
      [
       2804.0,
       -554.0
      ],
      [
       2796.0,
       -560.0
      ],
      [
       2796.0,
       -573.0
      ],
      [
       2790.0,
       -580.0
      ],
      [
       2789.0,
       -584.0
      ],
      [
       2793.0,
       -587.0
      ],
      [
       2792.0,
       -589.0
      ],
      [
       2798.0,
       -594.0
      ],
      [
       2797.0,
       -596.0
      ],
      [
       2799.0,
       -597.0
      ],
      [
       2798.0,
       -605.0
      ],
      [
       2795.0,
       -606.0
      ],
      [
       2794.0,
       -614.0
      ],
      [
       2796.0,
       -615.0
      ],
      [
       2795.0,
       -620.0
      ],
      [
       2799.0,
       -622.0
      ],
      [
       2800.0,
       -625.0
      ],
      [
       2806.0,
       -631.0
      ],
      [
       2805.0,
       -632.0
      ],
      [
       2807.0,
       -633.0
      ],
      [
       2805.0,
       -648.0
      ],
      [
       2812.0,
       -646.0
      ],
      [
       2817.0,
       -652.0
      ],
      [
       2813.0,
       -656.0
      ],
      [
       2807.0,
       -658.0
      ],
      [
       2805.0,
       -668.0
      ],
      [
       2807.0,
       -669.0
      ],
      [
       2807.0,
       -673.0
      ],
      [
       2809.0,
       -674.0
      ],
      [
       2808.0,
       -677.0
      ],
      [
       2812.0,
       -681.0
      ],
      [
       2811.0,
       -684.0
      ],
      [
       2817.0,
       -690.0
      ],
      [
       2816.0,
       -694.0
      ],
      [
       2818.0,
       -696.0
      ],
      [
       2821.0,
       -696.0
      ],
      [
       2824.0,
       -699.0
      ],
      [
       2824.0,
       -701.0
      ],
      [
       2828.0,
       -704.0
      ],
      [
       2828.0,
       -707.0
      ],
      [
       2825.0,
       -709.0
      ],
      [
       2825.0,
       -712.0
      ],
      [
       2827.0,
       -714.0
      ],
      [
       2822.0,
       -717.0
      ],
      [
       2821.0,
       -721.0
      ],
      [
       2823.0,
       -723.0
      ],
      [
       2826.0,
       -723.0
      ],
      [
       2827.0,
       -726.0
      ],
      [
       2830.0,
       -726.0
      ],
      [
       2835.0,
       -731.0
      ],
      [
       2835.0,
       -733.0
      ],
      [
       2837.0,
       -734.0
      ],
      [
       2836.0,
       -739.0
      ],
      [
       2840.0,
       -743.0
      ],
      [
       2840.0,
       -746.0
      ],
      [
       2844.0,
       -749.0
      ],
      [
       2846.0,
       -747.0
      ],
      [
       2854.0,
       -747.0
      ],
      [
       2859.0,
       -751.0
      ],
      [
       2858.0,
       -759.0
      ],
      [
       2862.0,
       -762.0
      ],
      [
       2864.0,
       -768.0
      ],
      [
       2874.0,
       -776.0
      ],
      [
       2873.0,
       -786.0
      ],
      [
       2875.0,
       -787.0
      ],
      [
       2877.0,
       -795.0
      ],
      [
       2879.0,
       -796.0
      ],
      [
       2879.0,
       -798.0
      ],
      [
       2882.0,
       -796.0
      ],
      [
       2887.0,
       -801.0
      ],
      [
       2887.0,
       -805.0
      ],
      [
       2885.0,
       -806.0
      ],
      [
       2885.0,
       -814.0
      ],
      [
       2887.0,
       -816.0
      ],
      [
       2892.0,
       -816.0
      ],
      [
       2897.0,
       -822.0
      ],
      [
       2897.0,
       -834.0
      ],
      [
       2900.0,
       -834.0
      ],
      [
       2901.0,
       -837.0
      ],
      [
       2905.0,
       -837.0
      ],
      [
       2908.0,
       -840.0
      ],
      [
       2908.0,
       -842.0
      ],
      [
       2917.0,
       -842.0
      ],
      [
       2918.0,
       -844.0
      ],
      [
       2920.0,
       -844.0
      ],
      [
       2921.0,
       -847.0
      ],
      [
       2925.0,
       -850.0
      ],
      [
       2927.0,
       -858.0
      ],
      [
       2933.0,
       -858.0
      ],
      [
       2934.0,
       -861.0
      ],
      [
       2940.0,
       -866.0
      ],
      [
       2940.0,
       -870.0
      ],
      [
       2943.0,
       -872.0
      ],
      [
       2943.0,
       -877.0
      ],
      [
       2941.0,
       -878.0
      ],
      [
       2941.0,
       -886.0
      ],
      [
       2948.0,
       -891.0
      ],
      [
       2950.0,
       -899.0
      ],
      [
       2954.0,
       -899.0
      ],
      [
       2955.0,
       -902.0
      ],
      [
       2958.0,
       -902.0
      ],
      [
       2959.0,
       -900.0
      ],
      [
       2966.0,
       -898.0
      ],
      [
       2970.0,
       -894.0
      ],
      [
       2970.0,
       -892.0
      ],
      [
       2974.0,
       -892.0
      ],
      [
       2975.0,
       -889.0
      ],
      [
       2980.0,
       -890.0
      ],
      [
       2980.0,
       -888.0
      ],
      [
       2986.0,
       -883.0
      ],
      [
       2986.0,
       -878.0
      ],
      [
       2988.0,
       -877.0
      ],
      [
       2987.0,
       -873.0
      ],
      [
       2991.0,
       -872.0
      ],
      [
       2998.0,
       -864.0
      ],
      [
       3001.0,
       -864.0
      ],
      [
       3004.0,
       -859.0
      ],
      [
       3009.0,
       -860.0
      ],
      [
       3008.0,
       -858.0
      ],
      [
       3012.0,
       -858.0
      ],
      [
       3012.0,
       -856.0
      ],
      [
       3019.0,
       -849.0
      ],
      [
       3021.0,
       -851.0
      ],
      [
       3023.0,
       -849.0
      ],
      [
       3025.0,
       -851.0
      ],
      [
       3027.0,
       -849.0
      ],
      [
       3033.0,
       -849.0
      ],
      [
       3036.0,
       -845.0
      ],
      [
       3043.0,
       -845.0
      ],
      [
       3045.0,
       -843.0
      ],
      [
       3044.0,
       -842.0
      ],
      [
       3048.0,
       -841.0
      ],
      [
       3049.0,
       -839.0
      ],
      [
       3056.0,
       -839.0
      ],
      [
       3057.0,
       -841.0
      ],
      [
       3059.0,
       -839.0
      ],
      [
       3065.0,
       -839.0
      ],
      [
       3068.0,
       -842.0
      ],
      [
       3068.0,
       -839.0
      ],
      [
       3073.0,
       -840.0
      ],
      [
       3073.0,
       -838.0
      ],
      [
       3075.0,
       -837.0
      ],
      [
       3076.0,
       -840.0
      ],
      [
       3079.0,
       -840.0
      ],
      [
       3082.0,
       -844.0
      ],
      [
       3085.0,
       -844.0
      ],
      [
       3086.0,
       -847.0
      ],
      [
       3088.0,
       -844.0
      ],
      [
       3091.0,
       -844.0
      ],
      [
       3092.0,
       -847.0
      ],
      [
       3096.0,
       -850.0
      ],
      [
       3097.0,
       -854.0
      ],
      [
       3117.0,
       -854.0
      ],
      [
       3119.0,
       -850.0
      ],
      [
       3131.0,
       -850.0
      ],
      [
       3134.0,
       -844.0
      ],
      [
       3141.0,
       -837.0
      ],
      [
       3141.0,
       -832.0
      ],
      [
       3155.0,
       -832.0
      ],
      [
       3159.0,
       -826.0
      ],
      [
       3177.0,
       -826.0
      ],
      [
       3178.0,
       -828.0
      ],
      [
       3183.0,
       -828.0
      ],
      [
       3185.0,
       -830.0
      ],
      [
       3185.0,
       -828.0
      ],
      [
       3188.0,
       -828.0
      ],
      [
       3193.0,
       -824.0
      ],
      [
       3192.0,
       -816.0
      ],
      [
       3195.0,
       -815.0
      ],
      [
       3198.0,
       -811.0
      ],
      [
       3197.0,
       -801.0
      ],
      [
       3194.0,
       -798.0
      ],
      [
       3194.0,
       -794.0
      ],
      [
       3192.0,
       -793.0
      ],
      [
       3191.0,
       -787.0
      ],
      [
       3189.0,
       -786.0
      ],
      [
       3189.0,
       -783.0
      ],
      [
       3186.0,
       -780.0
      ],
      [
       3186.0,
       -773.0
      ],
      [
       3183.0,
       -771.0
      ],
      [
       3183.0,
       -769.0
      ],
      [
       3174.0,
       -764.0
      ],
      [
       3173.0,
       -760.0
      ],
      [
       3171.0,
       -759.0
      ],
      [
       3171.0,
       -751.0
      ],
      [
       3161.0,
       -744.0
      ],
      [
       3160.0,
       -731.0
      ],
      [
       3158.0,
       -730.0
      ],
      [
       3158.0,
       -727.0
      ],
      [
       3160.0,
       -726.0
      ],
      [
       3159.0,
       -722.0
      ],
      [
       3163.0,
       -721.0
      ],
      [
       3164.0,
       -716.0
      ],
      [
       3162.0,
       -715.0
      ],
      [
       3162.0,
       -707.0
      ],
      [
       3164.0,
       -706.0
      ],
      [
       3163.0,
       -702.0
      ],
      [
       3165.0,
       -701.0
      ],
      [
       3165.0,
       -691.0
      ],
      [
       3163.0,
       -690.0
      ],
      [
       3163.0,
       -687.0
      ],
      [
       3154.0,
       -676.0
      ],
      [
       3154.0,
       -668.0
      ],
      [
       3152.0,
       -667.0
      ],
      [
       3152.0,
       -664.0
      ],
      [
       3148.0,
       -661.0
      ],
      [
       3148.0,
       -659.0
      ],
      [
       3142.0,
       -658.0
      ],
      [
       3142.0,
       -655.0
      ],
      [
       3140.0,
       -654.0
      ],
      [
       3140.0,
       -648.0
      ],
      [
       3138.0,
       -647.0
      ],
      [
       3138.0,
       -645.0
      ],
      [
       3136.0,
       -643.0
      ],
      [
       3130.0,
       -642.0
      ],
      [
       3130.0,
       -629.0
      ],
      [
       3126.0,
       -626.0
      ],
      [
       3127.0,
       -625.0
      ],
      [
       3124.0,
       -625.0
      ],
      [
       3122.0,
       -627.0
      ],
      [
       3120.0,
       -622.0
      ],
      [
       3117.0,
       -621.0
      ],
      [
       3118.0,
       -611.0
      ],
      [
       3110.0,
       -603.0
      ],
      [
       3111.0,
       -595.0
      ],
      [
       3112.0,
       -594.0
      ],
      [
       3113.0,
       -596.0
      ],
      [
       3116.0,
       -596.0
      ],
      [
       3121.0,
       -592.0
      ],
      [
       3121.0,
       -588.0
      ],
      [
       3119.0,
       -587.0
      ],
      [
       3121.0,
       -579.0
      ],
      [
       3130.0,
       -570.0
      ],
      [
       3132.0,
       -562.0
      ],
      [
       3141.0,
       -561.0
      ],
      [
       3142.0,
       -559.0
      ],
      [
       3146.0,
       -559.0
      ],
      [
       3147.0,
       -557.0
      ],
      [
       3149.0,
       -557.0
      ],
      [
       3151.0,
       -555.0
      ],
      [
       3151.0,
       -551.0
      ],
      [
       3158.0,
       -544.0
      ],
      [
       3159.0,
       -538.0
      ],
      [
       3157.0,
       -537.0
      ],
      [
       3157.0,
       -529.0
      ],
      [
       3161.0,
       -526.0
      ],
      [
       3161.0,
       -520.0
      ],
      [
       3163.0,
       -519.0
      ],
      [
       3159.0,
       -511.0
      ]
     ]
    ]
   }
  },
  {
   "type": "Feature",
   "properties": {
    "code": "elysium_planitia",
    "name": "Elysium Planitia",
    "number": 15,
    "capital": null,
    "culture": null,
    "civs": [
     "mcc",
     "mla"
    ],
    "provinceType": "land",
    "terrain": "plains",
    "mapTypes": [
     "mars"
    ],
    "resources": null,
    "religion": null,
    "population": "high",
    "centerpoint": [
     3306,
     684
    ],
    "position": {
     "x": 3111,
     "y": 431
    },
    "bbox": {
     "w": 371,
     "h": 436
    },
    "maskSize": [
     512,
     512
    ],
    "links": [
     "elysium_mons",
     "elysium_nordis",
     "hesperia_planum",
     "isidis_planitia",
     "terra_cimmeria",
     "vastitas_borealis"
    ]
   },
   "geometry": {
    "type": "Polygon",
    "coordinates": [
     [
      [
       3374.0,
       -436.0
      ],
      [
       3351.0,
       -436.0
      ],
      [
       3347.0,
       -443.0
      ],
      [
       3343.0,
       -443.0
      ],
      [
       3338.0,
       -437.0
      ],
      [
       3339.0,
       -436.0
      ],
      [
       3337.0,
       -435.0
      ],
      [
       3337.0,
       -433.0
      ],
      [
       3331.0,
       -433.0
      ],
      [
       3331.0,
       -431.0
      ],
      [
       3321.0,
       -431.0
      ],
      [
       3320.0,
       -433.0
      ],
      [
       3317.0,
       -433.0
      ],
      [
       3313.0,
       -438.0
      ],
      [
       3311.0,
       -438.0
      ],
      [
       3310.0,
       -435.0
      ],
      [
       3308.0,
       -438.0
      ],
      [
       3297.0,
       -437.0
      ],
      [
       3295.0,
       -440.0
      ],
      [
       3288.0,
       -440.0
      ],
      [
       3284.0,
       -446.0
      ],
      [
       3278.0,
       -444.0
      ],
      [
       3276.0,
       -450.0
      ],
      [
       3273.0,
       -453.0
      ],
      [
       3270.0,
       -453.0
      ],
      [
       3269.0,
       -455.0
      ],
      [
       3258.0,
       -455.0
      ],
      [
       3245.0,
       -470.0
      ],
      [
       3242.0,
       -470.0
      ],
      [
       3242.0,
       -472.0
      ],
      [
       3239.0,
       -472.0
      ],
      [
       3237.0,
       -475.0
      ],
      [
       3223.0,
       -474.0
      ],
      [
       3223.0,
       -476.0
      ],
      [
       3221.0,
       -476.0
      ],
      [
       3221.0,
       -478.0
      ],
      [
       3218.0,
       -479.0
      ],
      [
       3215.0,
       -483.0
      ],
      [
       3199.0,
       -483.0
      ],
      [
       3194.0,
       -489.0
      ],
      [
       3192.0,
       -489.0
      ],
      [
       3191.0,
       -491.0
      ],
      [
       3187.0,
       -491.0
      ],
      [
       3183.0,
       -496.0
      ],
      [
       3176.0,
       -495.0
      ],
      [
       3176.0,
       -497.0
      ],
      [
       3171.0,
       -502.0
      ],
      [
       3166.0,
       -502.0
      ],
      [
       3165.0,
       -504.0
      ],
      [
       3165.0,
       -512.0
      ],
      [
       3163.0,
       -513.0
      ],
      [
       3164.0,
       -519.0
      ],
      [
       3162.0,
       -520.0
      ],
      [
       3162.0,
       -526.0
      ],
      [
       3158.0,
       -529.0
      ],
      [
       3158.0,
       -537.0
      ],
      [
       3160.0,
       -538.0
      ],
      [
       3159.0,
       -544.0
      ],
      [
       3152.0,
       -551.0
      ],
      [
       3152.0,
       -555.0
      ],
      [
       3146.0,
       -560.0
      ],
      [
       3142.0,
       -560.0
      ],
      [
       3141.0,
       -562.0
      ],
      [
       3133.0,
       -562.0
      ],
      [
       3131.0,
       -570.0
      ],
      [
       3122.0,
       -579.0
      ],
      [
       3120.0,
       -587.0
      ],
      [
       3122.0,
       -588.0
      ],
      [
       3122.0,
       -592.0
      ],
      [
       3116.0,
       -597.0
      ],
      [
       3113.0,
       -597.0
      ],
      [
       3112.0,
       -595.0
      ],
      [
       3111.0,
       -603.0
      ],
      [
       3119.0,
       -611.0
      ],
      [
       3118.0,
       -621.0
      ],
      [
       3121.0,
       -622.0
      ],
      [
       3122.0,
       -626.0
      ],
      [
       3124.0,
       -624.0
      ],
      [
       3127.0,
       -624.0
      ],
      [
       3127.0,
       -626.0
      ],
      [
       3131.0,
       -629.0
      ],
      [
       3131.0,
       -642.0
      ],
      [
       3136.0,
       -642.0
      ],
      [
       3141.0,
       -648.0
      ],
      [
       3141.0,
       -654.0
      ],
      [
       3143.0,
       -655.0
      ],
      [
       3143.0,
       -658.0
      ],
      [
       3148.0,
       -658.0
      ],
      [
       3149.0,
       -661.0
      ],
      [
       3153.0,
       -664.0
      ],
      [
       3153.0,
       -667.0
      ],
      [
       3155.0,
       -668.0
      ],
      [
       3155.0,
       -676.0
      ],
      [
       3157.0,
       -677.0
      ],
      [
       3158.0,
       -681.0
      ],
      [
       3162.0,
       -684.0
      ],
      [
       3164.0,
       -690.0
      ],
      [
       3166.0,
       -691.0
      ],
      [
       3166.0,
       -701.0
      ],
      [
       3164.0,
       -702.0
      ],
      [
       3165.0,
       -706.0
      ],
      [
       3163.0,
       -707.0
      ],
      [
       3163.0,
       -715.0
      ],
      [
       3165.0,
       -716.0
      ],
      [
       3165.0,
       -719.0
      ],
      [
       3163.0,
       -722.0
      ],
      [
       3160.0,
       -722.0
      ],
      [
       3161.0,
       -726.0
      ],
      [
       3159.0,
       -727.0
      ],
      [
       3159.0,
       -730.0
      ],
      [
       3161.0,
       -731.0
      ],
      [
       3162.0,
       -744.0
      ],
      [
       3164.0,
       -746.0
      ],
      [
       3167.0,
       -746.0
      ],
      [
       3172.0,
       -751.0
      ],
      [
       3172.0,
       -759.0
      ],
      [
       3174.0,
       -760.0
      ],
      [
       3175.0,
       -764.0
      ],
      [
       3183.0,
       -768.0
      ],
      [
       3184.0,
       -771.0
      ],
      [
       3187.0,
       -773.0
      ],
      [
       3187.0,
       -780.0
      ],
      [
       3190.0,
       -783.0
      ],
      [
       3193.0,
       -793.0
      ],
      [
       3195.0,
       -794.0
      ],
      [
       3195.0,
       -798.0
      ],
      [
       3198.0,
       -801.0
      ],
      [
       3199.0,
       -811.0
      ],
      [
       3196.0,
       -814.0
      ],
      [
       3196.0,
       -817.0
      ],
      [
       3202.0,
       -825.0
      ],
      [
       3202.0,
       -830.0
      ],
      [
       3205.0,
       -830.0
      ],
      [
       3209.0,
       -835.0
      ],
      [
       3223.0,
       -835.0
      ],
      [
       3224.0,
       -837.0
      ],
      [
       3232.0,
       -839.0
      ],
      [
       3237.0,
       -845.0
      ],
      [
       3239.0,
       -845.0
      ],
      [
       3240.0,
       -850.0
      ],
      [
       3247.0,
       -850.0
      ],
      [
       3247.0,
       -848.0
      ],
      [
       3249.0,
       -847.0
      ],
      [
       3250.0,
       -850.0
      ],
      [
       3253.0,
       -850.0
      ],
      [
       3259.0,
       -856.0
      ],
      [
       3262.0,
       -856.0
      ],
      [
       3266.0,
       -860.0
      ],
      [
       3271.0,
       -860.0
      ],
      [
       3272.0,
       -862.0
      ],
      [
       3284.0,
       -864.0
      ],
      [
       3285.0,
       -866.0
      ],
      [
       3290.0,
       -866.0
      ],
      [
       3292.0,
       -862.0
      ],
      [
       3299.0,
       -862.0
      ],
      [
       3298.0,
       -860.0
      ],
      [
       3302.0,
       -859.0
      ],
      [
       3303.0,
       -856.0
      ],
      [
       3306.0,
       -853.0
      ],
      [
       3308.0,
       -853.0
      ],
      [
       3309.0,
       -850.0
      ],
      [
       3313.0,
       -850.0
      ],
      [
       3315.0,
       -848.0
      ],
      [
       3314.0,
       -845.0
      ],
      [
       3316.0,
       -844.0
      ],
      [
       3314.0,
       -840.0
      ],
      [
       3318.0,
       -837.0
      ],
      [
       3318.0,
       -835.0
      ],
      [
       3323.0,
       -835.0
      ],
      [
       3324.0,
       -831.0
      ],
      [
       3328.0,
       -830.0
      ],
      [
       3327.0,
       -829.0
      ],
      [
       3330.0,
       -826.0
      ],
      [
       3337.0,
       -826.0
      ],
      [
       3339.0,
       -828.0
      ],
      [
       3342.0,
       -825.0
      ],
      [
       3350.0,
       -823.0
      ],
      [
       3351.0,
       -825.0
      ],
      [
       3358.0,
       -825.0
      ],
      [
       3360.0,
       -827.0
      ],
      [
       3369.0,
       -826.0
      ],
      [
       3371.0,
       -829.0
      ],
      [
       3374.0,
       -828.0
      ],
      [
       3378.0,
       -832.0
      ],
      [
       3381.0,
       -832.0
      ],
      [
       3383.0,
       -830.0
      ],
      [
       3384.0,
       -832.0
      ],
      [
       3396.0,
       -834.0
      ],
      [
       3397.0,
       -831.0
      ],
      [
       3409.0,
       -827.0
      ],
      [
       3408.0,
       -825.0
      ],
      [
       3412.0,
       -824.0
      ],
      [
       3413.0,
       -822.0
      ],
      [
       3415.0,
       -824.0
      ],
      [
       3423.0,
       -824.0
      ],
      [
       3422.0,
       -822.0
      ],
      [
       3428.0,
       -819.0
      ],
      [
       3427.0,
       -812.0
      ],
      [
       3429.0,
       -810.0
      ],
      [
       3428.0,
       -809.0
      ],
      [
       3432.0,
       -806.0
      ],
      [
       3429.0,
       -799.0
      ],
      [
       3435.0,
       -791.0
      ],
      [
       3434.0,
       -788.0
      ],
      [
       3436.0,
       -787.0
      ],
      [
       3436.0,
       -783.0
      ],
      [
       3441.0,
       -782.0
      ],
      [
       3441.0,
       -780.0
      ],
      [
       3446.0,
       -780.0
      ],
      [
       3448.0,
       -777.0
      ],
      [
       3450.0,
       -777.0
      ],
      [
       3450.0,
       -775.0
      ],
      [
       3458.0,
       -775.0
      ],
      [
       3462.0,
       -777.0
      ],
      [
       3464.0,
       -774.0
      ],
      [
       3471.0,
       -774.0
      ],
      [
       3481.0,
       -763.0
      ],
      [
       3478.0,
       -761.0
      ],
      [
       3475.0,
       -754.0
      ],
      [
       3477.0,
       -752.0
      ],
      [
       3476.0,
       -749.0
      ],
      [
       3478.0,
       -748.0
      ],
      [
       3476.0,
       -744.0
      ],
      [
       3478.0,
       -742.0
      ],
      [
       3476.0,
       -736.0
      ],
      [
       3469.0,
       -733.0
      ],
      [
       3467.0,
       -729.0
      ],
      [
       3464.0,
       -728.0
      ],
      [
       3462.0,
       -720.0
      ],
      [
       3464.0,
       -719.0
      ],
      [
       3462.0,
       -715.0
      ],
      [
       3464.0,
       -713.0
      ],
      [
       3462.0,
       -707.0
      ],
      [
       3464.0,
       -706.0
      ],
      [
       3464.0,
       -704.0
      ],
      [
       3457.0,
       -696.0
      ],
      [
       3454.0,
       -684.0
      ],
      [
       3456.0,
       -680.0
      ],
      [
       3452.0,
       -675.0
      ],
      [
       3451.0,
       -669.0
      ],
      [
       3455.0,
       -666.0
      ],
      [
       3454.0,
       -663.0
      ],
      [
       3456.0,
       -661.0
      ],
      [
       3453.0,
       -658.0
      ],
      [
       3451.0,
       -658.0
      ],
      [
       3451.0,
       -654.0
      ],
      [
       3446.0,
       -649.0
      ],
      [
       3446.0,
       -646.0
      ],
      [
       3444.0,
       -646.0
      ],
      [
       3439.0,
       -641.0
      ],
      [
       3438.0,
       -635.0
      ],
      [
       3440.0,
       -634.0
      ],
      [
       3441.0,
       -622.0
      ],
      [
       3435.0,
       -617.0
      ],
      [
       3434.0,
       -607.0
      ],
      [
       3426.0,
       -600.0
      ],
      [
       3426.0,
       -598.0
      ],
      [
       3422.0,
       -594.0
      ],
      [
       3418.0,
       -594.0
      ],
      [
       3413.0,
       -589.0
      ],
      [
       3413.0,
       -583.0
      ],
      [
       3411.0,
       -582.0
      ],
      [
       3411.0,
       -579.0
      ],
      [
       3413.0,
       -577.0
      ],
      [
       3411.0,
       -576.0
      ],
      [
       3411.0,
       -574.0
      ],
      [
       3406.0,
       -574.0
      ],
      [
       3406.0,
       -563.0
      ],
      [
       3410.0,
       -560.0
      ],
      [
       3410.0,
       -557.0
      ],
      [
       3408.0,
       -556.0
      ],
      [
       3409.0,
       -550.0
      ],
      [
       3407.0,
       -548.0
      ],
      [
       3397.0,
       -546.0
      ],
      [
       3394.0,
       -543.0
      ],
      [
       3393.0,
       -539.0
      ],
      [
       3388.0,
       -539.0
      ],
      [
       3386.0,
       -536.0
      ],
      [
       3386.0,
       -530.0
      ],
      [
       3384.0,
       -529.0
      ],
      [
       3385.0,
       -528.0
      ],
      [
       3381.0,
       -525.0
      ],
      [
       3380.0,
       -521.0
      ],
      [
       3375.0,
       -518.0
      ],
      [
       3377.0,
       -499.0
      ],
      [
       3385.0,
       -491.0
      ],
      [
       3388.0,
       -491.0
      ],
      [
       3390.0,
       -489.0
      ],
      [
       3391.0,
       -481.0
      ],
      [
       3393.0,
       -480.0
      ],
      [
       3394.0,
       -474.0
      ],
      [
       3397.0,
       -471.0
      ],
      [
       3398.0,
       -463.0
      ],
      [
       3401.0,
       -461.0
      ],
      [
       3401.0,
       -458.0
      ],
      [
       3398.0,
       -454.0
      ],
      [
       3392.0,
       -454.0
      ],
      [
       3389.0,
       -451.0
      ],
      [
       3390.0,
       -449.0
      ],
      [
       3381.0,
       -449.0
      ],
      [
       3381.0,
       -447.0
      ],
      [
       3378.0,
       -444.0
      ],
      [
       3379.0,
       -438.0
      ],
      [
       3374.0,
       -438.0
      ],
      [
       3374.0,
       -436.0
      ]
     ]
    ]
   }
  },
  {
   "type": "Feature",
   "properties": {
    "code": "elysium_mons",
    "name": "Elysium Mons",
    "number": 16,
    "capital": null,
    "culture": null,
    "civs": [
     "mcc",
     "mla"
    ],
    "provinceType": "land",
    "terrain": "volcano",
    "mapTypes": [
     "mars"
    ],
    "resources": null,
    "religion": null,
    "population": "low",
    "centerpoint": [
     3703,
     654
    ],
    "position": {
     "x": 3376,
     "y": 387
    },
    "bbox": {
     "w": 720,
     "h": 500
    },
    "maskSize": [
     1024,
     512
    ],
    "links": [
     "elysium_nordis",
     "elysium_planitia",
     "terra_cimmeria"
    ]
   },
   "geometry": {
    "type": "Polygon",
    "coordinates": [
     [
      [
       4095.0,
       -387.0
      ],
      [
       4085.0,
       -387.0
      ],
      [
       3872.0,
       -412.0
      ],
      [
       3870.0,
       -415.0
      ],
      [
       3856.0,
       -416.0
      ],
      [
       3854.0,
       -419.0
      ],
      [
       3840.0,
       -420.0
      ],
      [
       3837.0,
       -423.0
      ],
      [
       3817.0,
       -425.0
      ],
      [
       3813.0,
       -428.0
      ],
      [
       3796.0,
       -429.0
      ],
      [
       3793.0,
       -432.0
      ],
      [
       3781.0,
       -433.0
      ],
      [
       3779.0,
       -436.0
      ],
      [
       3750.0,
       -439.0
      ],
      [
       3749.0,
       -437.0
      ],
      [
       3729.0,
       -439.0
      ],
      [
       3728.0,
       -437.0
      ],
      [
       3719.0,
       -438.0
      ],
      [
       3719.0,
       -436.0
      ],
      [
       3715.0,
       -436.0
      ],
      [
       3715.0,
       -434.0
      ],
      [
       3706.0,
       -435.0
      ],
      [
       3706.0,
       -432.0
      ],
      [
       3698.0,
       -433.0
      ],
      [
       3695.0,
       -436.0
      ],
      [
       3687.0,
       -436.0
      ],
      [
       3685.0,
       -439.0
      ],
      [
       3663.0,
       -441.0
      ],
      [
       3663.0,
       -439.0
      ],
      [
       3654.0,
       -439.0
      ],
      [
       3650.0,
       -442.0
      ],
      [
       3628.0,
       -444.0
      ],
      [
       3624.0,
       -440.0
      ],
      [
       3615.0,
       -440.0
      ],
      [
       3613.0,
       -443.0
      ],
      [
       3594.0,
       -444.0
      ],
      [
       3592.0,
       -447.0
      ],
      [
       3585.0,
       -449.0
      ],
      [
       3583.0,
       -452.0
      ],
      [
       3578.0,
       -452.0
      ],
      [
       3573.0,
       -455.0
      ],
      [
       3559.0,
       -455.0
      ],
      [
       3558.0,
       -458.0
      ],
      [
       3553.0,
       -458.0
      ],
      [
       3549.0,
       -460.0
      ],
      [
       3548.0,
       -463.0
      ],
      [
       3538.0,
       -463.0
      ],
      [
       3537.0,
       -461.0
      ],
      [
       3530.0,
       -461.0
      ],
      [
       3527.0,
       -464.0
      ],
      [
       3517.0,
       -464.0
      ],
      [
       3516.0,
       -467.0
      ],
      [
       3509.0,
       -467.0
      ],
      [
       3508.0,
       -469.0
      ],
      [
       3497.0,
       -470.0
      ],
      [
       3496.0,
       -467.0
      ],
      [
       3493.0,
       -468.0
      ],
      [
       3493.0,
       -465.0
      ],
      [
       3488.0,
       -465.0
      ],
      [
       3482.0,
       -470.0
      ],
      [
       3475.0,
       -470.0
      ],
      [
       3475.0,
       -466.0
      ],
      [
       3473.0,
       -464.0
      ],
      [
       3470.0,
       -466.0
      ],
      [
       3463.0,
       -466.0
      ],
      [
       3463.0,
       -462.0
      ],
      [
       3459.0,
       -459.0
      ],
      [
       3460.0,
       -457.0
      ],
      [
       3456.0,
       -454.0
      ],
      [
       3457.0,
       -453.0
      ],
      [
       3429.0,
       -453.0
      ],
      [
       3427.0,
       -456.0
      ],
      [
       3422.0,
       -456.0
      ],
      [
       3418.0,
       -460.0
      ],
      [
       3405.0,
       -461.0
      ],
      [
       3405.0,
       -464.0
      ],
      [
       3402.0,
       -466.0
      ],
      [
       3402.0,
       -469.0
      ],
      [
       3395.0,
       -474.0
      ],
      [
       3394.0,
       -480.0
      ],
      [
       3392.0,
       -481.0
      ],
      [
       3391.0,
       -489.0
      ],
      [
       3388.0,
       -492.0
      ],
      [
       3385.0,
       -492.0
      ],
      [
       3378.0,
       -499.0
      ],
      [
       3376.0,
       -518.0
      ],
      [
       3378.0,
       -518.0
      ],
      [
       3381.0,
       -521.0
      ],
      [
       3382.0,
       -525.0
      ],
      [
       3386.0,
       -528.0
      ],
      [
       3385.0,
       -529.0
      ],
      [
       3387.0,
       -530.0
      ],
      [
       3388.0,
       -538.0
      ],
      [
       3393.0,
       -538.0
      ],
      [
       3397.0,
       -545.0
      ],
      [
       3407.0,
       -547.0
      ],
      [
       3410.0,
       -550.0
      ],
      [
       3409.0,
       -556.0
      ],
      [
       3411.0,
       -557.0
      ],
      [
       3411.0,
       -560.0
      ],
      [
       3407.0,
       -563.0
      ],
      [
       3407.0,
       -574.0
      ],
      [
       3411.0,
       -573.0
      ],
      [
       3414.0,
       -577.0
      ],
      [
       3412.0,
       -579.0
      ],
      [
       3412.0,
       -582.0
      ],
      [
       3414.0,
       -583.0
      ],
      [
       3414.0,
       -589.0
      ],
      [
       3418.0,
       -593.0
      ],
      [
       3422.0,
       -593.0
      ],
      [
       3427.0,
       -598.0
      ],
      [
       3427.0,
       -600.0
      ],
      [
       3435.0,
       -607.0
      ],
      [
       3436.0,
       -617.0
      ],
      [
       3442.0,
       -622.0
      ],
      [
       3441.0,
       -634.0
      ],
      [
       3439.0,
       -635.0
      ],
      [
       3440.0,
       -641.0
      ],
      [
       3447.0,
       -646.0
      ],
      [
       3447.0,
       -649.0
      ],
      [
       3452.0,
       -654.0
      ],
      [
       3452.0,
       -658.0
      ],
      [
       3453.0,
       -657.0
      ],
      [
       3457.0,
       -661.0
      ],
      [
       3455.0,
       -663.0
      ],
      [
       3456.0,
       -666.0
      ],
      [
       3452.0,
       -669.0
      ],
      [
       3453.0,
       -675.0
      ],
      [
       3457.0,
       -680.0
      ],
      [
       3455.0,
       -684.0
      ],
      [
       3458.0,
       -696.0
      ],
      [
       3465.0,
       -704.0
      ],
      [
       3465.0,
       -706.0
      ],
      [
       3463.0,
       -707.0
      ],
      [
       3465.0,
       -712.0
      ],
      [
       3463.0,
       -714.0
      ],
      [
       3465.0,
       -719.0
      ],
      [
       3463.0,
       -720.0
      ],
      [
       3465.0,
       -728.0
      ],
      [
       3467.0,
       -728.0
      ],
      [
       3468.0,
       -731.0
      ],
      [
       3472.0,
       -734.0
      ],
      [
       3473.0,
       -733.0
      ],
      [
       3474.0,
       -735.0
      ],
      [
       3476.0,
       -735.0
      ],
      [
       3479.0,
       -741.0
      ],
      [
       3477.0,
       -743.0
      ],
      [
       3479.0,
       -748.0
      ],
      [
       3477.0,
       -749.0
      ],
      [
       3478.0,
       -752.0
      ],
      [
       3476.0,
       -754.0
      ],
      [
       3479.0,
       -761.0
      ],
      [
       3482.0,
       -762.0
      ],
      [
       3484.0,
       -769.0
      ],
      [
       3482.0,
       -770.0
      ],
      [
       3485.0,
       -777.0
      ],
      [
       3489.0,
       -779.0
      ],
      [
       3485.0,
       -783.0
      ],
      [
       3497.0,
       -793.0
      ],
      [
       3504.0,
       -792.0
      ],
      [
       3509.0,
       -796.0
      ],
      [
       3510.0,
       -800.0
      ],
      [
       3508.0,
       -801.0
      ],
      [
       3510.0,
       -805.0
      ],
      [
       3507.0,
       -809.0
      ],
      [
       3509.0,
       -813.0
      ],
      [
       3513.0,
       -815.0
      ],
      [
       3510.0,
       -816.0
      ],
      [
       3515.0,
       -825.0
      ],
      [
       3513.0,
       -827.0
      ],
      [
       3516.0,
       -833.0
      ],
      [
       3528.0,
       -836.0
      ],
      [
       3534.0,
       -840.0
      ],
      [
       3544.0,
       -839.0
      ],
      [
       3546.0,
       -841.0
      ],
      [
       3552.0,
       -842.0
      ],
      [
       3554.0,
       -846.0
      ],
      [
       3557.0,
       -846.0
      ],
      [
       3558.0,
       -848.0
      ],
      [
       3563.0,
       -847.0
      ],
      [
       3565.0,
       -849.0
      ],
      [
       3568.0,
       -849.0
      ],
      [
       3569.0,
       -851.0
      ],
      [
       3572.0,
       -851.0
      ],
      [
       3573.0,
       -853.0
      ],
      [
       3571.0,
       -854.0
      ],
      [
       3573.0,
       -857.0
      ],
      [
       3575.0,
       -856.0
      ],
      [
       3577.0,
       -858.0
      ],
      [
       3580.0,
       -858.0
      ],
      [
       3581.0,
       -860.0
      ],
      [
       3588.0,
       -861.0
      ],
      [
       3594.0,
       -865.0
      ],
      [
       3607.0,
       -865.0
      ],
      [
       3617.0,
       -879.0
      ],
      [
       3623.0,
       -882.0
      ],
      [
       3625.0,
       -881.0
      ],
      [
       3627.0,
       -883.0
      ],
      [
       3631.0,
       -883.0
      ],
      [
       3632.0,
       -885.0
      ],
      [
       3639.0,
       -884.0
      ],
      [
       3640.0,
       -886.0
      ],
      [
       3656.0,
       -883.0
      ],
      [
       3662.0,
       -885.0
      ],
      [
       3672.0,
       -883.0
      ],
      [
       3672.0,
       -881.0
      ],
      [
       3677.0,
       -881.0
      ],
      [
       3678.0,
       -878.0
      ],
      [
       3683.0,
       -878.0
      ],
      [
       3684.0,
       -875.0
      ],
      [
       3718.0,
       -875.0
      ],
      [
       3717.0,
       -874.0
      ],
      [
       3720.0,
       -872.0
      ],
      [
       3720.0,
       -870.0
      ],
      [
       3745.0,
       -867.0
      ],
      [
       3744.0,
       -866.0
      ],
      [
       3746.0,
       -864.0
      ],
      [
       3772.0,
       -860.0
      ],
      [
       3788.0,
       -860.0
      ],
      [
       3790.0,
       -862.0
      ],
      [
       3795.0,
       -861.0
      ],
      [
       3798.0,
       -863.0
      ],
      [
       3810.0,
       -861.0
      ],
      [
       3811.0,
       -858.0
      ],
      [
       3820.0,
       -857.0
      ],
      [
       3820.0,
       -855.0
      ],
      [
       3836.0,
       -852.0
      ],
      [
       3861.0,
       -853.0
      ],
      [
       3880.0,
       -850.0
      ],
      [
       3879.0,
       -849.0
      ],
      [
       3881.0,
       -847.0
      ],
      [
       3884.0,
       -847.0
      ],
      [
       3875.0,
       -839.0
      ],
      [
       3869.0,
       -840.0
      ],
      [
       3865.0,
       -837.0
      ],
      [
       3867.0,
       -835.0
      ],
      [
       3870.0,
       -835.0
      ],
      [
       3870.0,
       -833.0
      ],
      [
       3885.0,
       -831.0
      ],
      [
       3887.0,
       -830.0
      ],
      [
       3887.0,
       -828.0
      ],
      [
       3898.0,
       -827.0
      ],
      [
       3897.0,
       -826.0
      ],
      [
       3899.0,
       -824.0
      ],
      [
       3909.0,
       -823.0
      ],
      [
       3908.0,
       -822.0
      ],
      [
       3912.0,
       -820.0
      ],
      [
       3926.0,
       -818.0
      ],
      [
       3926.0,
       -816.0
      ],
      [
       3943.0,
       -814.0
      ],
      [
       3944.0,
       -811.0
      ],
      [
       3956.0,
       -810.0
      ],
      [
       3955.0,
       -809.0
      ],
      [
       3957.0,
       -807.0
      ],
      [
       3968.0,
       -806.0
      ],
      [
       3967.0,
       -805.0
      ],
      [
       3970.0,
       -803.0
      ],
      [
       3979.0,
       -802.0
      ],
      [
       3979.0,
       -800.0
      ],
      [
       4081.0,
       -785.0
      ],
      [
       4095.0,
       -785.0
      ],
      [
       4095.0,
       -387.0
      ]
     ]
    ]
   }
  },
  {
   "type": "Feature",
   "properties": {
    "code": "pavonis_mons",
    "name": "Pavonis Mons",
    "number": 17,
    "capital": null,
    "culture": null,
    "civs": [
     "mcc",
     "mla"
    ],
    "provinceType": "land",
    "terrain": "volcano",
    "mapTypes": [
     "mars"
    ],
    "resources": null,
    "religion": null,
    "population": "low",
    "centerpoint": [
     406,
     945
    ],
    "position": {
     "x": 0,
     "y": 626
    },
    "bbox": {
     "w": 663,
     "h": 505
    },
    "maskSize": [
     1024,
     512
    ],
    "links": [
     "amazonis_planitia",
     "arsia_mons",
     "olympus_mons",
     "tharsis_montes"
    ]
   },
   "geometry": {
    "type": "Polygon",
    "coordinates": [
     [
      [
       0.0,
       -626.0
      ],
      [
       0.0,
       -856.0
      ],
      [
       8.0,
       -856.0
      ],
      [
       12.0,
       -861.0
      ],
      [
       15.0,
       -862.0
      ],
      [
       15.0,
       -864.0
      ],
      [
       20.0,
       -866.0
      ],
      [
       21.0,
       -869.0
      ],
      [
       23.0,
       -869.0
      ],
      [
       27.0,
       -874.0
      ],
      [
       30.0,
       -875.0
      ],
      [
       30.0,
       -878.0
      ],
      [
       33.0,
       -880.0
      ],
      [
       33.0,
       -883.0
      ],
      [
       35.0,
       -883.0
      ],
      [
       36.0,
       -886.0
      ],
      [
       38.0,
       -886.0
      ],
      [
       46.0,
       -892.0
      ],
      [
       46.0,
       -896.0
      ],
      [
       49.0,
       -897.0
      ],
      [
       49.0,
       -902.0
      ],
      [
       44.0,
       -905.0
      ],
      [
       42.0,
       -904.0
      ],
      [
       42.0,
       -913.0
      ],
      [
       45.0,
       -916.0
      ],
      [
       47.0,
       -916.0
      ],
      [
       48.0,
       -919.0
      ],
      [
       51.0,
       -919.0
      ],
      [
       53.0,
       -922.0
      ],
      [
       62.0,
       -923.0
      ],
      [
       64.0,
       -926.0
      ],
      [
       67.0,
       -927.0
      ],
      [
       67.0,
       -929.0
      ],
      [
       70.0,
       -930.0
      ],
      [
       70.0,
       -944.0
      ],
      [
       73.0,
       -945.0
      ],
      [
       73.0,
       -951.0
      ],
      [
       85.0,
       -951.0
      ],
      [
       89.0,
       -955.0
      ],
      [
       89.0,
       -962.0
      ],
      [
       92.0,
       -964.0
      ],
      [
       92.0,
       -967.0
      ],
      [
       98.0,
       -971.0
      ],
      [
       101.0,
       -971.0
      ],
      [
       102.0,
       -974.0
      ],
      [
       119.0,
       -978.0
      ],
      [
       123.0,
       -976.0
      ],
      [
       124.0,
       -979.0
      ],
      [
       127.0,
       -979.0
      ],
      [
       128.0,
       -982.0
      ],
      [
       131.0,
       -983.0
      ],
      [
       131.0,
       -987.0
      ],
      [
       146.0,
       -990.0
      ],
      [
       147.0,
       -988.0
      ],
      [
       152.0,
       -990.0
      ],
      [
       153.0,
       -988.0
      ],
      [
       156.0,
       -988.0
      ],
      [
       165.0,
       -991.0
      ],
      [
       166.0,
       -989.0
      ],
      [
       172.0,
       -990.0
      ],
      [
       172.0,
       -988.0
      ],
      [
       178.0,
       -990.0
      ],
      [
       184.0,
       -989.0
      ],
      [
       188.0,
       -993.0
      ],
      [
       189.0,
       -997.0
      ],
      [
       200.0,
       -999.0
      ],
      [
       201.0,
       -997.0
      ],
      [
       203.0,
       -998.0
      ],
      [
       204.0,
       -996.0
      ],
      [
       209.0,
       -997.0
      ],
      [
       211.0,
       -1000.0
      ],
      [
       214.0,
       -1001.0
      ],
      [
       214.0,
       -1003.0
      ],
      [
       217.0,
       -1004.0
      ],
      [
       217.0,
       -1006.0
      ],
      [
       238.0,
       -1011.0
      ],
      [
       245.0,
       -1017.0
      ],
      [
       250.0,
       -1018.0
      ],
      [
       251.0,
       -1021.0
      ],
      [
       257.0,
       -1022.0
      ],
      [
       258.0,
       -1025.0
      ],
      [
       263.0,
       -1026.0
      ],
      [
       267.0,
       -1030.0
      ],
      [
       267.0,
       -1035.0
      ],
      [
       270.0,
       -1037.0
      ],
      [
       270.0,
       -1045.0
      ],
      [
       273.0,
       -1046.0
      ],
      [
       274.0,
       -1058.0
      ],
      [
       286.0,
       -1069.0
      ],
      [
       286.0,
       -1076.0
      ],
      [
       292.0,
       -1082.0
      ],
      [
       297.0,
       -1083.0
      ],
      [
       298.0,
       -1086.0
      ],
      [
       300.0,
       -1086.0
      ],
      [
       304.0,
       -1091.0
      ],
      [
       309.0,
       -1092.0
      ],
      [
       310.0,
       -1095.0
      ],
      [
       315.0,
       -1096.0
      ],
      [
       322.0,
       -1104.0
      ],
      [
       332.0,
       -1106.0
      ],
      [
       333.0,
       -1109.0
      ],
      [
       335.0,
       -1109.0
      ],
      [
       342.0,
       -1117.0
      ],
      [
       347.0,
       -1118.0
      ],
      [
       348.0,
       -1121.0
      ],
      [
       364.0,
       -1124.0
      ],
      [
       365.0,
       -1122.0
      ],
      [
       378.0,
       -1125.0
      ],
      [
       380.0,
       -1128.0
      ],
      [
       381.0,
       -1126.0
      ],
      [
       391.0,
       -1128.0
      ],
      [
       392.0,
       -1126.0
      ],
      [
       394.0,
       -1127.0
      ],
      [
       395.0,
       -1125.0
      ],
      [
       408.0,
       -1128.0
      ],
      [
       409.0,
       -1126.0
      ],
      [
       412.0,
       -1126.0
      ],
      [
       414.0,
       -1129.0
      ],
      [
       418.0,
       -1130.0
      ],
      [
       422.0,
       -1126.0
      ],
      [
       442.0,
       -1130.0
      ],
      [
       443.0,
       -1128.0
      ],
      [
       445.0,
       -1129.0
      ],
      [
       451.0,
       -1124.0
      ],
      [
       458.0,
       -1125.0
      ],
      [
       460.0,
       -1128.0
      ],
      [
       470.0,
       -1129.0
      ],
      [
       474.0,
       -1126.0
      ],
      [
       481.0,
       -1125.0
      ],
      [
       482.0,
       -1123.0
      ],
      [
       491.0,
       -1123.0
      ],
      [
       491.0,
       -1118.0
      ],
      [
       496.0,
       -1118.0
      ],
      [
       496.0,
       -1113.0
      ],
      [
       502.0,
       -1108.0
      ],
      [
       503.0,
       -1109.0
      ],
      [
       503.0,
       -1101.0
      ],
      [
       508.0,
       -1101.0
      ],
      [
       509.0,
       -1099.0
      ],
      [
       511.0,
       -1100.0
      ],
      [
       512.0,
       -1096.0
      ],
      [
       518.0,
       -1094.0
      ],
      [
       521.0,
       -1087.0
      ],
      [
       525.0,
       -1087.0
      ],
      [
       526.0,
       -1085.0
      ],
      [
       527.0,
       -1086.0
      ],
      [
       527.0,
       -1072.0
      ],
      [
       530.0,
       -1071.0
      ],
      [
       530.0,
       -1062.0
      ],
      [
       537.0,
       -1055.0
      ],
      [
       539.0,
       -1056.0
      ],
      [
       538.0,
       -1048.0
      ],
      [
       543.0,
       -1048.0
      ],
      [
       547.0,
       -1044.0
      ],
      [
       547.0,
       -1034.0
      ],
      [
       552.0,
       -1029.0
      ],
      [
       553.0,
       -1030.0
      ],
      [
       551.0,
       -1024.0
      ],
      [
       565.0,
       -1011.0
      ],
      [
       565.0,
       -1008.0
      ],
      [
       570.0,
       -1003.0
      ],
      [
       573.0,
       -1003.0
      ],
      [
       577.0,
       -999.0
      ],
      [
       576.0,
       -995.0
      ],
      [
       580.0,
       -992.0
      ],
      [
       580.0,
       -989.0
      ],
      [
       582.0,
       -988.0
      ],
      [
       581.0,
       -986.0
      ],
      [
       586.0,
       -986.0
      ],
      [
       585.0,
       -984.0
      ],
      [
       589.0,
       -981.0
      ],
      [
       589.0,
       -978.0
      ],
      [
       591.0,
       -977.0
      ],
      [
       591.0,
       -968.0
      ],
      [
       595.0,
       -965.0
      ],
      [
       595.0,
       -962.0
      ],
      [
       597.0,
       -961.0
      ],
      [
       594.0,
       -945.0
      ],
      [
       598.0,
       -940.0
      ],
      [
       595.0,
       -937.0
      ],
      [
       591.0,
       -936.0
      ],
      [
       590.0,
       -930.0
      ],
      [
       594.0,
       -927.0
      ],
      [
       596.0,
       -922.0
      ],
      [
       605.0,
       -922.0
      ],
      [
       607.0,
       -920.0
      ],
      [
       608.0,
       -916.0
      ],
      [
       612.0,
       -913.0
      ],
      [
       612.0,
       -904.0
      ],
      [
       619.0,
       -901.0
      ],
      [
       621.0,
       -899.0
      ],
      [
       622.0,
       -894.0
      ],
      [
       624.0,
       -894.0
      ],
      [
       625.0,
       -896.0
      ],
      [
       632.0,
       -896.0
      ],
      [
       636.0,
       -892.0
      ],
      [
       639.0,
       -892.0
      ],
      [
       640.0,
       -885.0
      ],
      [
       642.0,
       -884.0
      ],
      [
       641.0,
       -883.0
      ],
      [
       643.0,
       -882.0
      ],
      [
       643.0,
       -880.0
      ],
      [
       649.0,
       -872.0
      ],
      [
       650.0,
       -863.0
      ],
      [
       657.0,
       -862.0
      ],
      [
       659.0,
       -860.0
      ],
      [
       660.0,
       -853.0
      ],
      [
       662.0,
       -851.0
      ],
      [
       661.0,
       -846.0
      ],
      [
       659.0,
       -845.0
      ],
      [
       659.0,
       -839.0
      ],
      [
       655.0,
       -834.0
      ],
      [
       646.0,
       -834.0
      ],
      [
       643.0,
       -829.0
      ],
      [
       641.0,
       -831.0
      ],
      [
       638.0,
       -828.0
      ],
      [
       638.0,
       -826.0
      ],
      [
       625.0,
       -826.0
      ],
      [
       624.0,
       -824.0
      ],
      [
       614.0,
       -824.0
      ],
      [
       606.0,
       -816.0
      ],
      [
       598.0,
       -818.0
      ],
      [
       594.0,
       -813.0
      ],
      [
       586.0,
       -812.0
      ],
      [
       585.0,
       -815.0
      ],
      [
       576.0,
       -814.0
      ],
      [
       576.0,
       -816.0
      ],
      [
       573.0,
       -819.0
      ],
      [
       570.0,
       -816.0
      ],
      [
       569.0,
       -819.0
      ],
      [
       562.0,
       -818.0
      ],
      [
       561.0,
       -821.0
      ],
      [
       552.0,
       -820.0
      ],
      [
       551.0,
       -817.0
      ],
      [
       547.0,
       -817.0
      ],
      [
       544.0,
       -812.0
      ],
      [
       532.0,
       -811.0
      ],
      [
       531.0,
       -808.0
      ],
      [
       525.0,
       -807.0
      ],
      [
       525.0,
       -809.0
      ],
      [
       522.0,
       -812.0
      ],
      [
       519.0,
       -812.0
      ],
      [
       518.0,
       -814.0
      ],
      [
       499.0,
       -812.0
      ],
      [
       498.0,
       -809.0
      ],
      [
       493.0,
       -805.0
      ],
      [
       493.0,
       -801.0
      ],
      [
       491.0,
       -801.0
      ],
      [
       488.0,
       -796.0
      ],
      [
       482.0,
       -795.0
      ],
      [
       480.0,
       -797.0
      ],
      [
       474.0,
       -792.0
      ],
      [
       465.0,
       -791.0
      ],
      [
       464.0,
       -786.0
      ],
      [
       456.0,
       -780.0
      ],
      [
       450.0,
       -779.0
      ],
      [
       446.0,
       -771.0
      ],
      [
       444.0,
       -771.0
      ],
      [
       441.0,
       -766.0
      ],
      [
       439.0,
       -766.0
      ],
      [
       438.0,
       -763.0
      ],
      [
       435.0,
       -762.0
      ],
      [
       435.0,
       -760.0
      ],
      [
       433.0,
       -762.0
      ],
      [
       429.0,
       -760.0
      ],
      [
       428.0,
       -757.0
      ],
      [
       425.0,
       -756.0
      ],
      [
       425.0,
       -750.0
      ],
      [
       422.0,
       -748.0
      ],
      [
       422.0,
       -744.0
      ],
      [
       420.0,
       -744.0
      ],
      [
       417.0,
       -741.0
      ],
      [
       417.0,
       -739.0
      ],
      [
       414.0,
       -738.0
      ],
      [
       414.0,
       -734.0
      ],
      [
       412.0,
       -734.0
      ],
      [
       411.0,
       -731.0
      ],
      [
       407.0,
       -731.0
      ],
      [
       406.0,
       -728.0
      ],
      [
       402.0,
       -728.0
      ],
      [
       401.0,
       -725.0
      ],
      [
       391.0,
       -724.0
      ],
      [
       385.0,
       -716.0
      ],
      [
       378.0,
       -715.0
      ],
      [
       371.0,
       -707.0
      ],
      [
       367.0,
       -709.0
      ],
      [
       359.0,
       -717.0
      ],
      [
       355.0,
       -716.0
      ],
      [
       353.0,
       -718.0
      ],
      [
       353.0,
       -724.0
      ],
      [
       350.0,
       -725.0
      ],
      [
       350.0,
       -727.0
      ],
      [
       343.0,
       -726.0
      ],
      [
       337.0,
       -732.0
      ],
      [
       324.0,
       -730.0
      ],
      [
       321.0,
       -734.0
      ],
      [
       316.0,
       -733.0
      ],
      [
       315.0,
       -730.0
      ],
      [
       308.0,
       -734.0
      ],
      [
       307.0,
       -731.0
      ],
      [
       303.0,
       -731.0
      ],
      [
       302.0,
       -733.0
      ],
      [
       299.0,
       -730.0
      ],
      [
       292.0,
       -729.0
      ],
      [
       290.0,
       -726.0
      ],
      [
       286.0,
       -726.0
      ],
      [
       285.0,
       -723.0
      ],
      [
       283.0,
       -723.0
      ],
      [
       282.0,
       -720.0
      ],
      [
       280.0,
       -720.0
      ],
      [
       276.0,
       -715.0
      ],
      [
       268.0,
       -714.0
      ],
      [
       267.0,
       -711.0
      ],
      [
       263.0,
       -709.0
      ],
      [
       258.0,
       -703.0
      ],
      [
       251.0,
       -702.0
      ],
      [
       250.0,
       -700.0
      ],
      [
       245.0,
       -699.0
      ],
      [
       241.0,
       -694.0
      ],
      [
       237.0,
       -693.0
      ],
      [
       231.0,
       -695.0
      ],
      [
       211.0,
       -691.0
      ],
      [
       210.0,
       -693.0
      ],
      [
       208.0,
       -693.0
      ],
      [
       207.0,
       -697.0
      ],
      [
       205.0,
       -697.0
      ],
      [
       204.0,
       -699.0
      ],
      [
       200.0,
       -698.0
      ],
      [
       196.0,
       -702.0
      ],
      [
       188.0,
       -701.0
      ],
      [
       187.0,
       -703.0
      ],
      [
       185.0,
       -702.0
      ],
      [
       181.0,
       -706.0
      ],
      [
       177.0,
       -705.0
      ],
      [
       173.0,
       -709.0
      ],
      [
       159.0,
       -707.0
      ],
      [
       158.0,
       -704.0
      ],
      [
       153.0,
       -704.0
      ],
      [
       147.0,
       -700.0
      ],
      [
       138.0,
       -699.0
      ],
      [
       134.0,
       -695.0
      ],
      [
       134.0,
       -692.0
      ],
      [
       132.0,
       -692.0
      ],
      [
       131.0,
       -689.0
      ],
      [
       128.0,
       -688.0
      ],
      [
       128.0,
       -685.0
      ],
      [
       119.0,
       -678.0
      ],
      [
       119.0,
       -675.0
      ],
      [
       117.0,
       -675.0
      ],
      [
       116.0,
       -672.0
      ],
      [
       113.0,
       -671.0
      ],
      [
       113.0,
       -668.0
      ],
      [
       111.0,
       -668.0
      ],
      [
       110.0,
       -665.0
      ],
      [
       108.0,
       -665.0
      ],
      [
       104.0,
       -660.0
      ],
      [
       100.0,
       -660.0
      ],
      [
       98.0,
       -657.0
      ],
      [
       93.0,
       -657.0
      ],
      [
       92.0,
       -654.0
      ],
      [
       81.0,
       -653.0
      ],
      [
       80.0,
       -650.0
      ],
      [
       75.0,
       -648.0
      ],
      [
       74.0,
       -645.0
      ],
      [
       69.0,
       -643.0
      ],
      [
       61.0,
       -635.0
      ],
      [
       57.0,
       -635.0
      ],
      [
       57.0,
       -640.0
      ],
      [
       53.0,
       -641.0
      ],
      [
       46.0,
       -635.0
      ],
      [
       36.0,
       -634.0
      ],
      [
       35.0,
       -632.0
      ],
      [
       27.0,
       -631.0
      ],
      [
       24.0,
       -628.0
      ],
      [
       0.0,
       -626.0
      ]
     ]
    ]
   }
  },
  {
   "type": "Feature",
   "properties": {
    "code": "arsia_mons",
    "name": "Arsia Mons",
    "number": 18,
    "capital": null,
    "culture": null,
    "civs": [
     "mcc",
     "mla"
    ],
    "provinceType": "land",
    "terrain": "volcano",
    "mapTypes": [
     "mars"
    ],
    "resources": null,
    "religion": null,
    "population": "low",
    "centerpoint": [
     740,
     1045
    ],
    "position": {
     "x": 492,
     "y": 851
    },
    "bbox": {
     "w": 443,
     "h": 368
    },
    "maskSize": [
     512,
     512
    ],
    "links": [
     "amazonis_planitia",
     "daedalia_planum",
     "pavonis_mons",
     "tharsis_montes",
     "valles_marineris"
    ]
   },
   "geometry": {
    "type": "Polygon",
    "coordinates": [
     [
      [
       663.0,
       -851.0
      ],
      [
       661.0,
       -853.0
      ],
      [
       660.0,
       -860.0
      ],
      [
       657.0,
       -863.0
      ],
      [
       651.0,
       -863.0
      ],
      [
       650.0,
       -872.0
      ],
      [
       647.0,
       -875.0
      ],
      [
       644.0,
       -882.0
      ],
      [
       642.0,
       -883.0
      ],
      [
       643.0,
       -884.0
      ],
      [
       641.0,
       -885.0
      ],
      [
       640.0,
       -892.0
      ],
      [
       636.0,
       -893.0
      ],
      [
       632.0,
       -897.0
      ],
      [
       625.0,
       -897.0
      ],
      [
       624.0,
       -895.0
      ],
      [
       622.0,
       -895.0
      ],
      [
       622.0,
       -899.0
      ],
      [
       616.0,
       -904.0
      ],
      [
       613.0,
       -904.0
      ],
      [
       613.0,
       -913.0
      ],
      [
       609.0,
       -916.0
      ],
      [
       608.0,
       -920.0
      ],
      [
       605.0,
       -923.0
      ],
      [
       596.0,
       -923.0
      ],
      [
       597.0,
       -924.0
      ],
      [
       595.0,
       -925.0
      ],
      [
       595.0,
       -927.0
      ],
      [
       591.0,
       -930.0
      ],
      [
       592.0,
       -936.0
      ],
      [
       595.0,
       -936.0
      ],
      [
       599.0,
       -941.0
      ],
      [
       595.0,
       -945.0
      ],
      [
       598.0,
       -961.0
      ],
      [
       596.0,
       -962.0
      ],
      [
       596.0,
       -965.0
      ],
      [
       592.0,
       -968.0
      ],
      [
       593.0,
       -974.0
      ],
      [
       591.0,
       -975.0
      ],
      [
       592.0,
       -977.0
      ],
      [
       590.0,
       -978.0
      ],
      [
       590.0,
       -981.0
      ],
      [
       586.0,
       -984.0
      ],
      [
       586.0,
       -987.0
      ],
      [
       582.0,
       -986.0
      ],
      [
       583.0,
       -988.0
      ],
      [
       581.0,
       -989.0
      ],
      [
       581.0,
       -992.0
      ],
      [
       577.0,
       -995.0
      ],
      [
       578.0,
       -999.0
      ],
      [
       573.0,
       -1004.0
      ],
      [
       570.0,
       -1004.0
      ],
      [
       566.0,
       -1008.0
      ],
      [
       566.0,
       -1011.0
      ],
      [
       552.0,
       -1024.0
      ],
      [
       554.0,
       -1030.0
      ],
      [
       552.0,
       -1030.0
      ],
      [
       548.0,
       -1034.0
      ],
      [
       548.0,
       -1044.0
      ],
      [
       543.0,
       -1049.0
      ],
      [
       539.0,
       -1048.0
      ],
      [
       540.0,
       -1056.0
      ],
      [
       537.0,
       -1056.0
      ],
      [
       531.0,
       -1062.0
      ],
      [
       531.0,
       -1071.0
      ],
      [
       528.0,
       -1072.0
      ],
      [
       528.0,
       -1086.0
      ],
      [
       526.0,
       -1086.0
      ],
      [
       525.0,
       -1088.0
      ],
      [
       521.0,
       -1088.0
      ],
      [
       519.0,
       -1094.0
      ],
      [
       515.0,
       -1097.0
      ],
      [
       512.0,
       -1097.0
      ],
      [
       511.0,
       -1101.0
      ],
      [
       504.0,
       -1101.0
      ],
      [
       504.0,
       -1109.0
      ],
      [
       499.0,
       -1111.0
      ],
      [
       497.0,
       -1113.0
      ],
      [
       497.0,
       -1118.0
      ],
      [
       492.0,
       -1118.0
      ],
      [
       492.0,
       -1121.0
      ],
      [
       500.0,
       -1122.0
      ],
      [
       502.0,
       -1125.0
      ],
      [
       514.0,
       -1124.0
      ],
      [
       516.0,
       -1127.0
      ],
      [
       531.0,
       -1129.0
      ],
      [
       537.0,
       -1136.0
      ],
      [
       544.0,
       -1138.0
      ],
      [
       545.0,
       -1141.0
      ],
      [
       553.0,
       -1141.0
      ],
      [
       558.0,
       -1146.0
      ],
      [
       564.0,
       -1146.0
      ],
      [
       565.0,
       -1149.0
      ],
      [
       570.0,
       -1149.0
      ],
      [
       571.0,
       -1151.0
      ],
      [
       574.0,
       -1151.0
      ],
      [
       578.0,
       -1156.0
      ],
      [
       584.0,
       -1158.0
      ],
      [
       595.0,
       -1170.0
      ],
      [
       602.0,
       -1171.0
      ],
      [
       605.0,
       -1175.0
      ],
      [
       608.0,
       -1175.0
      ],
      [
       611.0,
       -1178.0
      ],
      [
       611.0,
       -1181.0
      ],
      [
       614.0,
       -1181.0
      ],
      [
       619.0,
       -1185.0
      ],
      [
       629.0,
       -1185.0
      ],
      [
       634.0,
       -1191.0
      ],
      [
       643.0,
       -1191.0
      ],
      [
       644.0,
       -1193.0
      ],
      [
       650.0,
       -1193.0
      ],
      [
       651.0,
       -1191.0
      ],
      [
       658.0,
       -1189.0
      ],
      [
       661.0,
       -1185.0
      ],
      [
       673.0,
       -1185.0
      ],
      [
       674.0,
       -1187.0
      ],
      [
       680.0,
       -1187.0
      ],
      [
       685.0,
       -1192.0
      ],
      [
       685.0,
       -1194.0
      ],
      [
       679.0,
       -1199.0
      ],
      [
       679.0,
       -1202.0
      ],
      [
       682.0,
       -1202.0
      ],
      [
       689.0,
       -1192.0
      ],
      [
       706.0,
       -1192.0
      ],
      [
       712.0,
       -1198.0
      ],
      [
       712.0,
       -1201.0
      ],
      [
       720.0,
       -1201.0
      ],
      [
       721.0,
       -1206.0
      ],
      [
       723.0,
       -1206.0
      ],
      [
       724.0,
       -1208.0
      ],
      [
       727.0,
       -1208.0
      ],
      [
       730.0,
       -1204.0
      ],
      [
       735.0,
       -1204.0
      ],
      [
       737.0,
       -1201.0
      ],
      [
       744.0,
       -1201.0
      ],
      [
       745.0,
       -1203.0
      ],
      [
       757.0,
       -1204.0
      ],
      [
       761.0,
       -1211.0
      ],
      [
       767.0,
       -1211.0
      ],
      [
       768.0,
       -1213.0
      ],
      [
       774.0,
       -1212.0
      ],
      [
       779.0,
       -1218.0
      ],
      [
       783.0,
       -1217.0
      ],
      [
       784.0,
       -1212.0
      ],
      [
       790.0,
       -1207.0
      ],
      [
       805.0,
       -1207.0
      ],
      [
       806.0,
       -1209.0
      ],
      [
       808.0,
       -1209.0
      ],
      [
       813.0,
       -1201.0
      ],
      [
       816.0,
       -1200.0
      ],
      [
       819.0,
       -1196.0
      ],
      [
       822.0,
       -1196.0
      ],
      [
       825.0,
       -1191.0
      ],
      [
       833.0,
       -1190.0
      ],
      [
       840.0,
       -1176.0
      ],
      [
       843.0,
       -1175.0
      ],
      [
       845.0,
       -1177.0
      ],
      [
       845.0,
       -1175.0
      ],
      [
       850.0,
       -1170.0
      ],
      [
       848.0,
       -1168.0
      ],
      [
       848.0,
       -1165.0
      ],
      [
       852.0,
       -1164.0
      ],
      [
       852.0,
       -1162.0
      ],
      [
       854.0,
       -1161.0
      ],
      [
       852.0,
       -1159.0
      ],
      [
       852.0,
       -1156.0
      ],
      [
       857.0,
       -1155.0
      ],
      [
       857.0,
       -1153.0
      ],
      [
       860.0,
       -1152.0
      ],
      [
       862.0,
       -1148.0
      ],
      [
       864.0,
       -1150.0
      ],
      [
       868.0,
       -1141.0
      ],
      [
       874.0,
       -1140.0
      ],
      [
       881.0,
       -1129.0
      ],
      [
       882.0,
       -1123.0
      ],
      [
       890.0,
       -1117.0
      ],
      [
       891.0,
       -1113.0
      ],
      [
       893.0,
       -1112.0
      ],
      [
       892.0,
       -1109.0
      ],
      [
       900.0,
       -1101.0
      ],
      [
       900.0,
       -1091.0
      ],
      [
       902.0,
       -1090.0
      ],
      [
       903.0,
       -1092.0
      ],
      [
       907.0,
       -1087.0
      ],
      [
       909.0,
       -1081.0
      ],
      [
       911.0,
       -1080.0
      ],
      [
       910.0,
       -1070.0
      ],
      [
       913.0,
       -1069.0
      ],
      [
       914.0,
       -1066.0
      ],
      [
       916.0,
       -1066.0
      ],
      [
       917.0,
       -1060.0
      ],
      [
       920.0,
       -1057.0
      ],
      [
       922.0,
       -1057.0
      ],
      [
       922.0,
       -1046.0
      ],
      [
       927.0,
       -1045.0
      ],
      [
       929.0,
       -1042.0
      ],
      [
       928.0,
       -1041.0
      ],
      [
       930.0,
       -1040.0
      ],
      [
       931.0,
       -1034.0
      ],
      [
       934.0,
       -1033.0
      ],
      [
       934.0,
       -1030.0
      ],
      [
       925.0,
       -1031.0
      ],
      [
       924.0,
       -1029.0
      ],
      [
       908.0,
       -1031.0
      ],
      [
       905.0,
       -1027.0
      ],
      [
       903.0,
       -1029.0
      ],
      [
       901.0,
       -1023.0
      ],
      [
       899.0,
       -1021.0
      ],
      [
       896.0,
       -1024.0
      ],
      [
       894.0,
       -1023.0
      ],
      [
       893.0,
       -1008.0
      ],
      [
       891.0,
       -1008.0
      ],
      [
       893.0,
       -995.0
      ],
      [
       891.0,
       -994.0
      ],
      [
       891.0,
       -987.0
      ],
      [
       888.0,
       -983.0
      ],
      [
       888.0,
       -978.0
      ],
      [
       877.0,
       -971.0
      ],
      [
       876.0,
       -957.0
      ],
      [
       874.0,
       -956.0
      ],
      [
       873.0,
       -952.0
      ],
      [
       869.0,
       -952.0
      ],
      [
       868.0,
       -939.0
      ],
      [
       872.0,
       -938.0
      ],
      [
       876.0,
       -933.0
      ],
      [
       878.0,
       -933.0
      ],
      [
       879.0,
       -930.0
      ],
      [
       883.0,
       -930.0
      ],
      [
       883.0,
       -928.0
      ],
      [
       886.0,
       -927.0
      ],
      [
       887.0,
       -921.0
      ],
      [
       882.0,
       -922.0
      ],
      [
       881.0,
       -920.0
      ],
      [
       878.0,
       -920.0
      ],
      [
       878.0,
       -922.0
      ],
      [
       875.0,
       -923.0
      ],
      [
       872.0,
       -919.0
      ],
      [
       867.0,
       -917.0
      ],
      [
       867.0,
       -919.0
      ],
      [
       865.0,
       -920.0
      ],
      [
       865.0,
       -926.0
      ],
      [
       861.0,
       -929.0
      ],
      [
       860.0,
       -925.0
      ],
      [
       858.0,
       -924.0
      ],
      [
       858.0,
       -918.0
      ],
      [
       857.0,
       -919.0
      ],
      [
       856.0,
       -916.0
      ],
      [
       852.0,
       -919.0
      ],
      [
       848.0,
       -914.0
      ],
      [
       848.0,
       -911.0
      ],
      [
       844.0,
       -914.0
      ],
      [
       839.0,
       -914.0
      ],
      [
       838.0,
       -912.0
      ],
      [
       836.0,
       -912.0
      ],
      [
       835.0,
       -915.0
      ],
      [
       833.0,
       -915.0
      ],
      [
       832.0,
       -913.0
      ],
      [
       830.0,
       -915.0
      ],
      [
       829.0,
       -913.0
      ],
      [
       827.0,
       -914.0
      ],
      [
       820.0,
       -905.0
      ],
      [
       817.0,
       -905.0
      ],
      [
       816.0,
       -900.0
      ],
      [
       814.0,
       -898.0
      ],
      [
       814.0,
       -892.0
      ],
      [
       813.0,
       -893.0
      ],
      [
       812.0,
       -890.0
      ],
      [
       809.0,
       -890.0
      ],
      [
       809.0,
       -884.0
      ],
      [
       805.0,
       -881.0
      ],
      [
       802.0,
       -876.0
      ],
      [
       795.0,
       -876.0
      ],
      [
       790.0,
       -870.0
      ],
      [
       788.0,
       -873.0
      ],
      [
       787.0,
       -870.0
      ],
      [
       783.0,
       -871.0
      ],
      [
       782.0,
       -875.0
      ],
      [
       780.0,
       -876.0
      ],
      [
       778.0,
       -871.0
      ],
      [
       775.0,
       -874.0
      ],
      [
       774.0,
       -872.0
      ],
      [
       769.0,
       -872.0
      ],
      [
       768.0,
       -870.0
      ],
      [
       762.0,
       -871.0
      ],
      [
       761.0,
       -868.0
      ],
      [
       758.0,
       -871.0
      ],
      [
       754.0,
       -871.0
      ],
      [
       753.0,
       -875.0
      ],
      [
       749.0,
       -879.0
      ],
      [
       747.0,
       -877.0
      ],
      [
       741.0,
       -877.0
      ],
      [
       739.0,
       -886.0
      ],
      [
       732.0,
       -888.0
      ],
      [
       731.0,
       -890.0
      ],
      [
       729.0,
       -890.0
      ],
      [
       728.0,
       -893.0
      ],
      [
       724.0,
       -893.0
      ],
      [
       718.0,
       -887.0
      ],
      [
       711.0,
       -887.0
      ],
      [
       710.0,
       -890.0
      ],
      [
       704.0,
       -890.0
      ],
      [
       703.0,
       -888.0
      ],
      [
       699.0,
       -888.0
      ],
      [
       698.0,
       -886.0
      ],
      [
       692.0,
       -886.0
      ],
      [
       681.0,
       -873.0
      ],
      [
       680.0,
       -862.0
      ],
      [
       676.0,
       -858.0
      ],
      [
       668.0,
       -858.0
      ],
      [
       663.0,
       -851.0
      ]
     ]
    ]
   }
  },
  {
   "type": "Feature",
   "properties": {
    "code": "valles_marineris",
    "name": "Valles Marineris",
    "number": 19,
    "capital": null,
    "culture": null,
    "civs": [
     "mcc",
     "mla"
    ],
    "provinceType": "land",
    "terrain": "canyon",
    "mapTypes": [
     "mars"
    ],
    "resources": null,
    "religion": null,
    "population": "high",
    "centerpoint": [
     1379,
     1027
    ],
    "position": {
     "x": 849,
     "y": 728
    },
    "bbox": {
     "w": 1121,
     "h": 458
    },
    "maskSize": [
     2048,
     512
    ],
    "links": [
     "argyre_planitia",
     "arsia_mons",
     "daedalia_planum",
     "lunae_planum",
     "noachis_terra",
     "sinai_planum",
     "tempe_terra",
     "terra_sabaea",
     "tharsis_montes"
    ]
   },
   "geometry": {
    "type": "Polygon",
    "coordinates": [
     [
      [
       849.0,
       -906.0
      ],
      [
       849.0,
       -914.0
      ],
      [
       852.0,
       -918.0
      ],
      [
       856.0,
       -915.0
      ],
      [
       857.0,
       -918.0
      ],
      [
       859.0,
       -918.0
      ],
      [
       859.0,
       -924.0
      ],
      [
       861.0,
       -925.0
      ],
      [
       861.0,
       -928.0
      ],
      [
       862.0,
       -926.0
      ],
      [
       864.0,
       -926.0
      ],
      [
       864.0,
       -920.0
      ],
      [
       867.0,
       -916.0
      ],
      [
       872.0,
       -918.0
      ],
      [
       875.0,
       -922.0
      ],
      [
       877.0,
       -922.0
      ],
      [
       878.0,
       -919.0
      ],
      [
       881.0,
       -919.0
      ],
      [
       882.0,
       -921.0
      ],
      [
       888.0,
       -921.0
      ],
      [
       888.0,
       -925.0
      ],
      [
       886.0,
       -928.0
      ],
      [
       884.0,
       -928.0
      ],
      [
       883.0,
       -931.0
      ],
      [
       879.0,
       -931.0
      ],
      [
       879.0,
       -933.0
      ],
      [
       876.0,
       -934.0
      ],
      [
       872.0,
       -939.0
      ],
      [
       869.0,
       -939.0
      ],
      [
       870.0,
       -952.0
      ],
      [
       873.0,
       -951.0
      ],
      [
       875.0,
       -956.0
      ],
      [
       877.0,
       -957.0
      ],
      [
       878.0,
       -971.0
      ],
      [
       889.0,
       -978.0
      ],
      [
       889.0,
       -983.0
      ],
      [
       892.0,
       -987.0
      ],
      [
       892.0,
       -994.0
      ],
      [
       894.0,
       -995.0
      ],
      [
       892.0,
       -1008.0
      ],
      [
       894.0,
       -1008.0
      ],
      [
       895.0,
       -1023.0
      ],
      [
       899.0,
       -1020.0
      ],
      [
       902.0,
       -1023.0
      ],
      [
       903.0,
       -1028.0
      ],
      [
       905.0,
       -1026.0
      ],
      [
       908.0,
       -1030.0
      ],
      [
       924.0,
       -1028.0
      ],
      [
       925.0,
       -1030.0
      ],
      [
       934.0,
       -1029.0
      ],
      [
       935.0,
       -1031.0
      ],
      [
       943.0,
       -1030.0
      ],
      [
       943.0,
       -1028.0
      ],
      [
       947.0,
       -1025.0
      ],
      [
       950.0,
       -1025.0
      ],
      [
       953.0,
       -1020.0
      ],
      [
       955.0,
       -1022.0
      ],
      [
       958.0,
       -1021.0
      ],
      [
       959.0,
       -1024.0
      ],
      [
       963.0,
       -1023.0
      ],
      [
       974.0,
       -1032.0
      ],
      [
       974.0,
       -1037.0
      ],
      [
       976.0,
       -1038.0
      ],
      [
       975.0,
       -1046.0
      ],
      [
       977.0,
       -1046.0
      ],
      [
       977.0,
       -1048.0
      ],
      [
       975.0,
       -1049.0
      ],
      [
       978.0,
       -1053.0
      ],
      [
       979.0,
       -1067.0
      ],
      [
       981.0,
       -1069.0
      ],
      [
       982.0,
       -1068.0
      ],
      [
       983.0,
       -1071.0
      ],
      [
       991.0,
       -1067.0
      ],
      [
       1005.0,
       -1066.0
      ],
      [
       1012.0,
       -1073.0
      ],
      [
       1012.0,
       -1076.0
      ],
      [
       1016.0,
       -1080.0
      ],
      [
       1017.0,
       -1079.0
      ],
      [
       1020.0,
       -1083.0
      ],
      [
       1023.0,
       -1083.0
      ],
      [
       1026.0,
       -1087.0
      ],
      [
       1029.0,
       -1087.0
      ],
      [
       1030.0,
       -1089.0
      ],
      [
       1036.0,
       -1088.0
      ],
      [
       1040.0,
       -1083.0
      ],
      [
       1046.0,
       -1083.0
      ],
      [
       1056.0,
       -1079.0
      ],
      [
       1062.0,
       -1079.0
      ],
      [
       1066.0,
       -1083.0
      ],
      [
       1066.0,
       -1085.0
      ],
      [
       1068.0,
       -1085.0
      ],
      [
       1069.0,
       -1082.0
      ],
      [
       1076.0,
       -1082.0
      ],
      [
       1078.0,
       -1079.0
      ],
      [
       1085.0,
       -1079.0
      ],
      [
       1090.0,
       -1074.0
      ],
      [
       1089.0,
       -1071.0
      ],
      [
       1097.0,
       -1069.0
      ],
      [
       1096.0,
       -1068.0
      ],
      [
       1100.0,
       -1065.0
      ],
      [
       1101.0,
       -1062.0
      ],
      [
       1109.0,
       -1062.0
      ],
      [
       1111.0,
       -1064.0
      ],
      [
       1117.0,
       -1063.0
      ],
      [
       1118.0,
       -1061.0
      ],
      [
       1124.0,
       -1064.0
      ],
      [
       1132.0,
       -1074.0
      ],
      [
       1137.0,
       -1074.0
      ],
      [
       1140.0,
       -1078.0
      ],
      [
       1146.0,
       -1077.0
      ],
      [
       1152.0,
       -1070.0
      ],
      [
       1157.0,
       -1075.0
      ],
      [
       1158.0,
       -1084.0
      ],
      [
       1162.0,
       -1084.0
      ],
      [
       1171.0,
       -1089.0
      ],
      [
       1172.0,
       -1091.0
      ],
      [
       1176.0,
       -1091.0
      ],
      [
       1181.0,
       -1084.0
      ],
      [
       1186.0,
       -1084.0
      ],
      [
       1187.0,
       -1086.0
      ],
      [
       1190.0,
       -1085.0
      ],
      [
       1191.0,
       -1087.0
      ],
      [
       1194.0,
       -1087.0
      ],
      [
       1197.0,
       -1091.0
      ],
      [
       1200.0,
       -1087.0
      ],
      [
       1202.0,
       -1089.0
      ],
      [
       1205.0,
       -1088.0
      ],
      [
       1206.0,
       -1090.0
      ],
      [
       1209.0,
       -1090.0
      ],
      [
       1215.0,
       -1096.0
      ],
      [
       1217.0,
       -1096.0
      ],
      [
       1217.0,
       -1099.0
      ],
      [
       1219.0,
       -1100.0
      ],
      [
       1217.0,
       -1102.0
      ],
      [
       1219.0,
       -1118.0
      ],
      [
       1221.0,
       -1118.0
      ],
      [
       1221.0,
       -1121.0
      ],
      [
       1225.0,
       -1125.0
      ],
      [
       1228.0,
       -1125.0
      ],
      [
       1230.0,
       -1123.0
      ],
      [
       1240.0,
       -1132.0
      ],
      [
       1245.0,
       -1131.0
      ],
      [
       1246.0,
       -1133.0
      ],
      [
       1251.0,
       -1133.0
      ],
      [
       1254.0,
       -1136.0
      ],
      [
       1254.0,
       -1139.0
      ],
      [
       1259.0,
       -1138.0
      ],
      [
       1262.0,
       -1134.0
      ],
      [
       1265.0,
       -1134.0
      ],
      [
       1268.0,
       -1131.0
      ],
      [
       1272.0,
       -1131.0
      ],
      [
       1274.0,
       -1137.0
      ],
      [
       1277.0,
       -1137.0
      ],
      [
       1281.0,
       -1134.0
      ],
      [
       1286.0,
       -1139.0
      ],
      [
       1286.0,
       -1142.0
      ],
      [
       1292.0,
       -1142.0
      ],
      [
       1297.0,
       -1146.0
      ],
      [
       1297.0,
       -1149.0
      ],
      [
       1302.0,
       -1152.0
      ],
      [
       1302.0,
       -1157.0
      ],
      [
       1305.0,
       -1156.0
      ],
      [
       1306.0,
       -1158.0
      ],
      [
       1316.0,
       -1159.0
      ],
      [
       1319.0,
       -1163.0
      ],
      [
       1322.0,
       -1163.0
      ],
      [
       1323.0,
       -1165.0
      ],
      [
       1328.0,
       -1167.0
      ],
      [
       1328.0,
       -1172.0
      ],
      [
       1340.0,
       -1175.0
      ],
      [
       1341.0,
       -1177.0
      ],
      [
       1346.0,
       -1177.0
      ],
      [
       1348.0,
       -1180.0
      ],
      [
       1348.0,
       -1184.0
      ],
      [
       1354.0,
       -1178.0
      ],
      [
       1357.0,
       -1178.0
      ],
      [
       1357.0,
       -1176.0
      ],
      [
       1364.0,
       -1175.0
      ],
      [
       1369.0,
       -1171.0
      ],
      [
       1372.0,
       -1173.0
      ],
      [
       1380.0,
       -1172.0
      ],
      [
       1381.0,
       -1170.0
      ],
      [
       1389.0,
       -1171.0
      ],
      [
       1392.0,
       -1175.0
      ],
      [
       1395.0,
       -1175.0
      ],
      [
       1396.0,
       -1177.0
      ],
      [
       1400.0,
       -1176.0
      ],
      [
       1401.0,
       -1178.0
      ],
      [
       1404.0,
       -1178.0
      ],
      [
       1408.0,
       -1182.0
      ],
      [
       1409.0,
       -1181.0
      ],
      [
       1410.0,
       -1183.0
      ],
      [
       1413.0,
       -1183.0
      ],
      [
       1414.0,
       -1185.0
      ],
      [
       1416.0,
       -1183.0
      ],
      [
       1421.0,
       -1182.0
      ],
      [
       1434.0,
       -1182.0
      ],
      [
       1436.0,
       -1177.0
      ],
      [
       1446.0,
       -1177.0
      ],
      [
       1448.0,
       -1175.0
      ],
      [
       1447.0,
       -1174.0
      ],
      [
       1454.0,
       -1168.0
      ],
      [
       1457.0,
       -1168.0
      ],
      [
       1467.0,
       -1156.0
      ],
      [
       1469.0,
       -1158.0
      ],
      [
       1473.0,
       -1157.0
      ],
      [
       1474.0,
       -1159.0
      ],
      [
       1488.0,
       -1158.0
      ],
      [
       1491.0,
       -1162.0
      ],
      [
       1495.0,
       -1164.0
      ],
      [
       1498.0,
       -1160.0
      ],
      [
       1502.0,
       -1160.0
      ],
      [
       1504.0,
       -1157.0
      ],
      [
       1512.0,
       -1157.0
      ],
      [
       1514.0,
       -1159.0
      ],
      [
       1515.0,
       -1157.0
      ],
      [
       1526.0,
       -1156.0
      ],
      [
       1530.0,
       -1152.0
      ],
      [
       1530.0,
       -1147.0
      ],
      [
       1533.0,
       -1144.0
      ],
      [
       1540.0,
       -1142.0
      ],
      [
       1544.0,
       -1146.0
      ],
      [
       1553.0,
       -1137.0
      ],
      [
       1552.0,
       -1135.0
      ],
      [
       1555.0,
       -1133.0
      ],
      [
       1559.0,
       -1133.0
      ],
      [
       1560.0,
       -1135.0
      ],
      [
       1566.0,
       -1135.0
      ],
      [
       1567.0,
       -1133.0
      ],
      [
       1570.0,
       -1133.0
      ],
      [
       1575.0,
       -1127.0
      ],
      [
       1577.0,
       -1129.0
      ],
      [
       1579.0,
       -1128.0
      ],
      [
       1580.0,
       -1130.0
      ],
      [
       1590.0,
       -1130.0
      ],
      [
       1591.0,
       -1132.0
      ],
      [
       1599.0,
       -1131.0
      ],
      [
       1600.0,
       -1133.0
      ],
      [
       1602.0,
       -1133.0
      ],
      [
       1601.0,
       -1132.0
      ],
      [
       1604.0,
       -1131.0
      ],
      [
       1604.0,
       -1129.0
      ],
      [
       1612.0,
       -1125.0
      ],
      [
       1613.0,
       -1119.0
      ],
      [
       1616.0,
       -1119.0
      ],
      [
       1619.0,
       -1115.0
      ],
      [
       1623.0,
       -1115.0
      ],
      [
       1623.0,
       -1113.0
      ],
      [
       1648.0,
       -1114.0
      ],
      [
       1649.0,
       -1112.0
      ],
      [
       1653.0,
       -1112.0
      ],
      [
       1655.0,
       -1114.0
      ],
      [
       1658.0,
       -1110.0
      ],
      [
       1683.0,
       -1109.0
      ],
      [
       1690.0,
       -1115.0
      ],
      [
       1703.0,
       -1114.0
      ],
      [
       1704.0,
       -1116.0
      ],
      [
       1710.0,
       -1119.0
      ],
      [
       1710.0,
       -1122.0
      ],
      [
       1715.0,
       -1124.0
      ],
      [
       1715.0,
       -1127.0
      ],
      [
       1721.0,
       -1130.0
      ],
      [
       1721.0,
       -1133.0
      ],
      [
       1728.0,
       -1132.0
      ],
      [
       1729.0,
       -1134.0
      ],
      [
       1733.0,
       -1134.0
      ],
      [
       1734.0,
       -1136.0
      ],
      [
       1740.0,
       -1139.0
      ],
      [
       1740.0,
       -1142.0
      ],
      [
       1745.0,
       -1143.0
      ],
      [
       1752.0,
       -1149.0
      ],
      [
       1756.0,
       -1149.0
      ],
      [
       1757.0,
       -1147.0
      ],
      [
       1759.0,
       -1149.0
      ],
      [
       1763.0,
       -1149.0
      ],
      [
       1769.0,
       -1147.0
      ],
      [
       1769.0,
       -1145.0
      ],
      [
       1774.0,
       -1146.0
      ],
      [
       1775.0,
       -1148.0
      ],
      [
       1779.0,
       -1148.0
      ],
      [
       1780.0,
       -1146.0
      ],
      [
       1782.0,
       -1146.0
      ],
      [
       1783.0,
       -1148.0
      ],
      [
       1785.0,
       -1148.0
      ],
      [
       1786.0,
       -1146.0
      ],
      [
       1790.0,
       -1146.0
      ],
      [
       1791.0,
       -1148.0
      ],
      [
       1793.0,
       -1148.0
      ],
      [
       1794.0,
       -1146.0
      ],
      [
       1798.0,
       -1146.0
      ],
      [
       1799.0,
       -1144.0
      ],
      [
       1803.0,
       -1144.0
      ],
      [
       1804.0,
       -1142.0
      ],
      [
       1806.0,
       -1142.0
      ],
      [
       1808.0,
       -1138.0
      ],
      [
       1811.0,
       -1137.0
      ],
      [
       1810.0,
       -1134.0
      ],
      [
       1820.0,
       -1127.0
      ],
      [
       1819.0,
       -1119.0
      ],
      [
       1822.0,
       -1118.0
      ],
      [
       1823.0,
       -1114.0
      ],
      [
       1825.0,
       -1114.0
      ],
      [
       1824.0,
       -1104.0
      ],
      [
       1827.0,
       -1103.0
      ],
      [
       1826.0,
       -1102.0
      ],
      [
       1830.0,
       -1099.0
      ],
      [
       1832.0,
       -1099.0
      ],
      [
       1832.0,
       -1095.0
      ],
      [
       1827.0,
       -1093.0
      ],
      [
       1826.0,
       -1089.0
      ],
      [
       1832.0,
       -1086.0
      ],
      [
       1832.0,
       -1081.0
      ],
      [
       1838.0,
       -1079.0
      ],
      [
       1839.0,
       -1075.0
      ],
      [
       1845.0,
       -1073.0
      ],
      [
       1846.0,
       -1071.0
      ],
      [
       1864.0,
       -1071.0
      ],
      [
       1876.0,
       -1064.0
      ],
      [
       1883.0,
       -1065.0
      ],
      [
       1883.0,
       -1067.0
      ],
      [
       1890.0,
       -1066.0
      ],
      [
       1891.0,
       -1064.0
      ],
      [
       1894.0,
       -1064.0
      ],
      [
       1895.0,
       -1062.0
      ],
      [
       1906.0,
       -1062.0
      ],
      [
       1907.0,
       -1060.0
      ],
      [
       1918.0,
       -1060.0
      ],
      [
       1919.0,
       -1058.0
      ],
      [
       1926.0,
       -1060.0
      ],
      [
       1927.0,
       -1058.0
      ],
      [
       1935.0,
       -1057.0
      ],
      [
       1931.0,
       -1055.0
      ],
      [
       1933.0,
       -1049.0
      ],
      [
       1941.0,
       -1047.0
      ],
      [
       1942.0,
       -1045.0
      ],
      [
       1950.0,
       -1044.0
      ],
      [
       1951.0,
       -1040.0
      ],
      [
       1964.0,
       -1040.0
      ],
      [
       1965.0,
       -1038.0
      ],
      [
       1969.0,
       -1038.0
      ],
      [
       1961.0,
       -1036.0
      ],
      [
       1961.0,
       -1030.0
      ],
      [
       1954.0,
       -1028.0
      ],
      [
       1954.0,
       -1024.0
      ],
      [
       1950.0,
       -1024.0
      ],
      [
       1950.0,
       -1020.0
      ],
      [
       1947.0,
       -1020.0
      ],
      [
       1942.0,
       -1016.0
      ],
      [
       1936.0,
       -1015.0
      ],
      [
       1935.0,
       -1013.0
      ],
      [
       1928.0,
       -1013.0
      ],
      [
       1927.0,
       -1011.0
      ],
      [
       1924.0,
       -1011.0
      ],
      [
       1924.0,
       -1009.0
      ],
      [
       1917.0,
       -1009.0
      ],
      [
       1916.0,
       -1007.0
      ],
      [
       1906.0,
       -1007.0
      ],
      [
       1905.0,
       -1005.0
      ],
      [
       1902.0,
       -1005.0
      ],
      [
       1902.0,
       -1003.0
      ],
      [
       1899.0,
       -1003.0
      ],
      [
       1899.0,
       -1001.0
      ],
      [
       1896.0,
       -1001.0
      ],
      [
       1892.0,
       -998.0
      ],
      [
       1893.0,
       -993.0
      ],
      [
       1890.0,
       -992.0
      ],
      [
       1892.0,
       -984.0
      ],
      [
       1890.0,
       -984.0
      ],
      [
       1883.0,
       -978.0
      ],
      [
       1878.0,
       -978.0
      ],
      [
       1877.0,
       -976.0
      ],
      [
       1868.0,
       -976.0
      ],
      [
       1864.0,
       -972.0
      ],
      [
       1849.0,
       -972.0
      ],
      [
       1839.0,
       -970.0
      ],
      [
       1838.0,
       -972.0
      ],
      [
       1829.0,
       -972.0
      ],
      [
       1824.0,
       -976.0
      ],
      [
       1822.0,
       -976.0
      ],
      [
       1821.0,
       -974.0
      ],
      [
       1819.0,
       -974.0
      ],
      [
       1818.0,
       -976.0
      ],
      [
       1812.0,
       -976.0
      ],
      [
       1808.0,
       -980.0
      ],
      [
       1788.0,
       -980.0
      ],
      [
       1787.0,
       -982.0
      ],
      [
       1782.0,
       -982.0
      ],
      [
       1781.0,
       -980.0
      ],
      [
       1776.0,
       -979.0
      ],
      [
       1777.0,
       -971.0
      ],
      [
       1781.0,
       -969.0
      ],
      [
       1774.0,
       -965.0
      ],
      [
       1774.0,
       -963.0
      ],
      [
       1766.0,
       -963.0
      ],
      [
       1766.0,
       -959.0
      ],
      [
       1769.0,
       -958.0
      ],
      [
       1767.0,
       -955.0
      ],
      [
       1760.0,
       -955.0
      ],
      [
       1759.0,
       -953.0
      ],
      [
       1752.0,
       -952.0
      ],
      [
       1749.0,
       -948.0
      ],
      [
       1728.0,
       -948.0
      ],
      [
       1721.0,
       -954.0
      ],
      [
       1719.0,
       -954.0
      ],
      [
       1716.0,
       -950.0
      ],
      [
       1713.0,
       -952.0
      ],
      [
       1696.0,
       -952.0
      ],
      [
       1695.0,
       -954.0
      ],
      [
       1688.0,
       -954.0
      ],
      [
       1685.0,
       -951.0
      ],
      [
       1685.0,
       -948.0
      ],
      [
       1683.0,
       -947.0
      ],
      [
       1684.0,
       -944.0
      ],
      [
       1681.0,
       -943.0
      ],
      [
       1682.0,
       -941.0
      ],
      [
       1680.0,
       -941.0
      ],
      [
       1680.0,
       -939.0
      ],
      [
       1677.0,
       -938.0
      ],
      [
       1678.0,
       -933.0
      ],
      [
       1676.0,
       -931.0
      ],
      [
       1672.0,
       -933.0
      ],
      [
       1671.0,
       -931.0
      ],
      [
       1665.0,
       -931.0
      ],
      [
       1664.0,
       -929.0
      ],
      [
       1660.0,
       -929.0
      ],
      [
       1657.0,
       -926.0
      ],
      [
       1658.0,
       -922.0
      ],
      [
       1654.0,
       -922.0
      ],
      [
       1653.0,
       -920.0
      ],
      [
       1649.0,
       -920.0
      ],
      [
       1648.0,
       -918.0
      ],
      [
       1642.0,
       -918.0
      ],
      [
       1641.0,
       -916.0
      ],
      [
       1635.0,
       -916.0
      ],
      [
       1634.0,
       -918.0
      ],
      [
       1620.0,
       -918.0
      ],
      [
       1619.0,
       -916.0
      ],
      [
       1615.0,
       -916.0
      ],
      [
       1615.0,
       -914.0
      ],
      [
       1612.0,
       -913.0
      ],
      [
       1613.0,
       -912.0
      ],
      [
       1609.0,
       -913.0
      ],
      [
       1606.0,
       -909.0
      ],
      [
       1602.0,
       -909.0
      ],
      [
       1601.0,
       -907.0
      ],
      [
       1597.0,
       -909.0
      ],
      [
       1597.0,
       -907.0
      ],
      [
       1595.0,
       -907.0
      ],
      [
       1595.0,
       -905.0
      ],
      [
       1592.0,
       -904.0
      ],
      [
       1595.0,
       -891.0
      ],
      [
       1589.0,
       -886.0
      ],
      [
       1589.0,
       -882.0
      ],
      [
       1594.0,
       -877.0
      ],
      [
       1601.0,
       -874.0
      ],
      [
       1599.0,
       -872.0
      ],
      [
       1595.0,
       -872.0
      ],
      [
       1582.0,
       -882.0
      ],
      [
       1580.0,
       -880.0
      ],
      [
       1574.0,
       -880.0
      ],
      [
       1573.0,
       -882.0
      ],
      [
       1569.0,
       -882.0
      ],
      [
       1568.0,
       -880.0
      ],
      [
       1562.0,
       -880.0
      ],
      [
       1561.0,
       -878.0
      ],
      [
       1557.0,
       -880.0
      ],
      [
       1557.0,
       -876.0
      ],
      [
       1551.0,
       -870.0
      ],
      [
       1547.0,
       -870.0
      ],
      [
       1546.0,
       -872.0
      ],
      [
       1535.0,
       -872.0
      ],
      [
       1535.0,
       -870.0
      ],
      [
       1530.0,
       -868.0
      ],
      [
       1531.0,
       -867.0
      ],
      [
       1517.0,
       -867.0
      ],
      [
       1516.0,
       -869.0
      ],
      [
       1512.0,
       -869.0
      ],
      [
       1501.0,
       -879.0
      ],
      [
       1492.0,
       -879.0
      ],
      [
       1491.0,
       -881.0
      ],
      [
       1487.0,
       -881.0
      ],
      [
       1484.0,
       -885.0
      ],
      [
       1482.0,
       -885.0
      ],
      [
       1479.0,
       -889.0
      ],
      [
       1476.0,
       -889.0
      ],
      [
       1474.0,
       -892.0
      ],
      [
       1468.0,
       -892.0
      ],
      [
       1467.0,
       -894.0
      ],
      [
       1463.0,
       -894.0
      ],
      [
       1461.0,
       -896.0
      ],
      [
       1460.0,
       -894.0
      ],
      [
       1452.0,
       -894.0
      ],
      [
       1449.0,
       -890.0
      ],
      [
       1446.0,
       -890.0
      ],
      [
       1445.0,
       -888.0
      ],
      [
       1428.0,
       -889.0
      ],
      [
       1427.0,
       -891.0
      ],
      [
       1421.0,
       -891.0
      ],
      [
       1421.0,
       -889.0
      ],
      [
       1419.0,
       -889.0
      ],
      [
       1419.0,
       -887.0
      ],
      [
       1415.0,
       -883.0
      ],
      [
       1400.0,
       -883.0
      ],
      [
       1396.0,
       -884.0
      ],
      [
       1395.0,
       -886.0
      ],
      [
       1389.0,
       -886.0
      ],
      [
       1388.0,
       -884.0
      ],
      [
       1383.0,
       -884.0
      ],
      [
       1382.0,
       -882.0
      ],
      [
       1375.0,
       -882.0
      ],
      [
       1374.0,
       -878.0
      ],
      [
       1372.0,
       -877.0
      ],
      [
       1372.0,
       -874.0
      ],
      [
       1375.0,
       -872.0
      ],
      [
       1373.0,
       -870.0
      ],
      [
       1367.0,
       -870.0
      ],
      [
       1362.0,
       -866.0
      ],
      [
       1357.0,
       -867.0
      ],
      [
       1350.0,
       -859.0
      ],
      [
       1343.0,
       -859.0
      ],
      [
       1342.0,
       -857.0
      ],
      [
       1336.0,
       -857.0
      ],
      [
       1335.0,
       -859.0
      ],
      [
       1328.0,
       -859.0
      ],
      [
       1327.0,
       -861.0
      ],
      [
       1321.0,
       -862.0
      ],
      [
       1318.0,
       -858.0
      ],
      [
       1315.0,
       -858.0
      ],
      [
       1314.0,
       -856.0
      ],
      [
       1311.0,
       -856.0
      ],
      [
       1308.0,
       -852.0
      ],
      [
       1305.0,
       -852.0
      ],
      [
       1298.0,
       -845.0
      ],
      [
       1299.0,
       -842.0
      ],
      [
       1297.0,
       -840.0
      ],
      [
       1283.0,
       -840.0
      ],
      [
       1282.0,
       -838.0
      ],
      [
       1279.0,
       -838.0
      ],
      [
       1273.0,
       -845.0
      ],
      [
       1270.0,
       -845.0
      ],
      [
       1269.0,
       -847.0
      ],
      [
       1257.0,
       -847.0
      ],
      [
       1257.0,
       -850.0
      ],
      [
       1254.0,
       -854.0
      ],
      [
       1246.0,
       -854.0
      ],
      [
       1245.0,
       -852.0
      ],
      [
       1242.0,
       -852.0
      ],
      [
       1241.0,
       -850.0
      ],
      [
       1238.0,
       -850.0
      ],
      [
       1237.0,
       -848.0
      ],
      [
       1234.0,
       -848.0
      ],
      [
       1231.0,
       -845.0
      ],
      [
       1232.0,
       -842.0
      ],
      [
       1230.0,
       -841.0
      ],
      [
       1230.0,
       -836.0
      ],
      [
       1226.0,
       -833.0
      ],
      [
       1227.0,
       -832.0
      ],
      [
       1225.0,
       -830.0
      ],
      [
       1201.0,
       -831.0
      ],
      [
       1192.0,
       -824.0
      ],
      [
       1193.0,
       -822.0
      ],
      [
       1189.0,
       -823.0
      ],
      [
       1188.0,
       -825.0
      ],
      [
       1185.0,
       -825.0
      ],
      [
       1182.0,
       -822.0
      ],
      [
       1183.0,
       -817.0
      ],
      [
       1177.0,
       -814.0
      ],
      [
       1178.0,
       -808.0
      ],
      [
       1182.0,
       -805.0
      ],
      [
       1179.0,
       -800.0
      ],
      [
       1173.0,
       -806.0
      ],
      [
       1172.0,
       -809.0
      ],
      [
       1168.0,
       -809.0
      ],
      [
       1163.0,
       -813.0
      ],
      [
       1153.0,
       -813.0
      ],
      [
       1151.0,
       -816.0
      ],
      [
       1139.0,
       -816.0
      ],
      [
       1138.0,
       -818.0
      ],
      [
       1133.0,
       -819.0
      ],
      [
       1130.0,
       -815.0
      ],
      [
       1131.0,
       -814.0
      ],
      [
       1127.0,
       -810.0
      ],
      [
       1114.0,
       -811.0
      ],
      [
       1113.0,
       -813.0
      ],
      [
       1110.0,
       -811.0
      ],
      [
       1109.0,
       -813.0
      ],
      [
       1106.0,
       -813.0
      ],
      [
       1103.0,
       -816.0
      ],
      [
       1096.0,
       -816.0
      ],
      [
       1095.0,
       -818.0
      ],
      [
       1092.0,
       -818.0
      ],
      [
       1089.0,
       -814.0
      ],
      [
       1082.0,
       -814.0
      ],
      [
       1080.0,
       -808.0
      ],
      [
       1076.0,
       -805.0
      ],
      [
       1075.0,
       -793.0
      ],
      [
       1070.0,
       -793.0
      ],
      [
       1068.0,
       -790.0
      ],
      [
       1069.0,
       -776.0
      ],
      [
       1065.0,
       -773.0
      ],
      [
       1066.0,
       -772.0
      ],
      [
       1062.0,
       -768.0
      ],
      [
       1057.0,
       -768.0
      ],
      [
       1056.0,
       -766.0
      ],
      [
       1052.0,
       -766.0
      ],
      [
       1047.0,
       -762.0
      ],
      [
       1042.0,
       -762.0
      ],
      [
       1042.0,
       -764.0
      ],
      [
       1040.0,
       -765.0
      ],
      [
       1038.0,
       -761.0
      ],
      [
       1033.0,
       -761.0
      ],
      [
       1032.0,
       -763.0
      ],
      [
       1023.0,
       -763.0
      ],
      [
       1022.0,
       -761.0
      ],
      [
       1018.0,
       -761.0
      ],
      [
       1017.0,
       -759.0
      ],
      [
       1013.0,
       -758.0
      ],
      [
       1014.0,
       -753.0
      ],
      [
       1008.0,
       -748.0
      ],
      [
       1009.0,
       -744.0
      ],
      [
       1008.0,
       -745.0
      ],
      [
       1007.0,
       -742.0
      ],
      [
       998.0,
       -745.0
      ],
      [
       993.0,
       -734.0
      ],
      [
       990.0,
       -734.0
      ],
      [
       986.0,
       -730.0
      ],
      [
       981.0,
       -730.0
      ],
      [
       980.0,
       -728.0
      ],
      [
       977.0,
       -728.0
      ],
      [
       976.0,
       -731.0
      ],
      [
       973.0,
       -731.0
      ],
      [
       970.0,
       -735.0
      ],
      [
       966.0,
       -736.0
      ],
      [
       964.0,
       -735.0
      ],
      [
       965.0,
       -733.0
      ],
      [
       958.0,
       -734.0
      ],
      [
       956.0,
       -736.0
      ],
      [
       952.0,
       -732.0
      ],
      [
       944.0,
       -730.0
      ],
      [
       943.0,
       -733.0
      ],
      [
       945.0,
       -734.0
      ],
      [
       945.0,
       -736.0
      ],
      [
       948.0,
       -735.0
      ],
      [
       948.0,
       -738.0
      ],
      [
       952.0,
       -741.0
      ],
      [
       948.0,
       -745.0
      ],
      [
       947.0,
       -751.0
      ],
      [
       943.0,
       -756.0
      ],
      [
       944.0,
       -766.0
      ],
      [
       942.0,
       -767.0
      ],
      [
       940.0,
       -773.0
      ],
      [
       936.0,
       -777.0
      ],
      [
       935.0,
       -774.0
      ],
      [
       925.0,
       -777.0
      ],
      [
       924.0,
       -790.0
      ],
      [
       916.0,
       -795.0
      ],
      [
       916.0,
       -799.0
      ],
      [
       914.0,
       -800.0
      ],
      [
       912.0,
       -808.0
      ],
      [
       910.0,
       -809.0
      ],
      [
       910.0,
       -817.0
      ],
      [
       907.0,
       -820.0
      ],
      [
       904.0,
       -820.0
      ],
      [
       903.0,
       -823.0
      ],
      [
       899.0,
       -823.0
      ],
      [
       896.0,
       -828.0
      ],
      [
       893.0,
       -828.0
      ],
      [
       892.0,
       -830.0
      ],
      [
       883.0,
       -833.0
      ],
      [
       881.0,
       -839.0
      ],
      [
       879.0,
       -840.0
      ],
      [
       879.0,
       -846.0
      ],
      [
       875.0,
       -850.0
      ],
      [
       872.0,
       -850.0
      ],
      [
       870.0,
       -852.0
      ],
      [
       870.0,
       -865.0
      ],
      [
       872.0,
       -866.0
      ],
      [
       872.0,
       -871.0
      ],
      [
       869.0,
       -875.0
      ],
      [
       865.0,
       -877.0
      ],
      [
       865.0,
       -879.0
      ],
      [
       862.0,
       -882.0
      ],
      [
       862.0,
       -895.0
      ],
      [
       859.0,
       -898.0
      ],
      [
       853.0,
       -899.0
      ],
      [
       852.0,
       -903.0
      ],
      [
       849.0,
       -906.0
      ]
     ]
    ]
   }
  },
  {
   "type": "Feature",
   "properties": {
    "code": "sinai_planum",
    "name": "Sinai Planum",
    "number": 20,
    "capital": null,
    "culture": null,
    "civs": [
     "mcc",
     "mla"
    ],
    "provinceType": "land",
    "terrain": "plateau",
    "mapTypes": [
     "mars"
    ],
    "resources": null,
    "religion": null,
    "population": "medium",
    "centerpoint": [
     2300,
     976
    ],
    "position": {
     "x": 1590,
     "y": 805
    },
    "bbox": {
     "w": 1111,
     "h": 389
    },
    "maskSize": [
     2048,
     512
    ],
    "links": [
     "arabia_terra",
     "lunae_planum",
     "noachis_terra",
     "syrtis_major",
     "tyrrhena_terra",
     "valles_marineris"
    ]
   },
   "geometry": {
    "type": "Polygon",
    "coordinates": [
     [
      [
       1590.0,
       -882.0
      ],
      [
       1590.0,
       -886.0
      ],
      [
       1596.0,
       -891.0
      ],
      [
       1593.0,
       -904.0
      ],
      [
       1595.0,
       -904.0
      ],
      [
       1595.0,
       -906.0
      ],
      [
       1598.0,
       -907.0
      ],
      [
       1597.0,
       -908.0
      ],
      [
       1601.0,
       -906.0
      ],
      [
       1602.0,
       -908.0
      ],
      [
       1606.0,
       -908.0
      ],
      [
       1609.0,
       -912.0
      ],
      [
       1613.0,
       -911.0
      ],
      [
       1613.0,
       -913.0
      ],
      [
       1616.0,
       -914.0
      ],
      [
       1615.0,
       -915.0
      ],
      [
       1619.0,
       -915.0
      ],
      [
       1620.0,
       -917.0
      ],
      [
       1634.0,
       -917.0
      ],
      [
       1635.0,
       -915.0
      ],
      [
       1641.0,
       -915.0
      ],
      [
       1642.0,
       -917.0
      ],
      [
       1648.0,
       -917.0
      ],
      [
       1649.0,
       -919.0
      ],
      [
       1658.0,
       -921.0
      ],
      [
       1658.0,
       -926.0
      ],
      [
       1660.0,
       -928.0
      ],
      [
       1664.0,
       -928.0
      ],
      [
       1665.0,
       -930.0
      ],
      [
       1671.0,
       -930.0
      ],
      [
       1672.0,
       -932.0
      ],
      [
       1676.0,
       -930.0
      ],
      [
       1679.0,
       -933.0
      ],
      [
       1678.0,
       -938.0
      ],
      [
       1680.0,
       -938.0
      ],
      [
       1680.0,
       -940.0
      ],
      [
       1683.0,
       -941.0
      ],
      [
       1682.0,
       -943.0
      ],
      [
       1685.0,
       -944.0
      ],
      [
       1684.0,
       -947.0
      ],
      [
       1686.0,
       -948.0
      ],
      [
       1686.0,
       -951.0
      ],
      [
       1688.0,
       -953.0
      ],
      [
       1695.0,
       -953.0
      ],
      [
       1696.0,
       -951.0
      ],
      [
       1713.0,
       -951.0
      ],
      [
       1715.0,
       -949.0
      ],
      [
       1719.0,
       -953.0
      ],
      [
       1721.0,
       -953.0
      ],
      [
       1728.0,
       -947.0
      ],
      [
       1749.0,
       -947.0
      ],
      [
       1752.0,
       -951.0
      ],
      [
       1759.0,
       -952.0
      ],
      [
       1760.0,
       -954.0
      ],
      [
       1767.0,
       -954.0
      ],
      [
       1770.0,
       -958.0
      ],
      [
       1767.0,
       -959.0
      ],
      [
       1766.0,
       -962.0
      ],
      [
       1774.0,
       -962.0
      ],
      [
       1774.0,
       -964.0
      ],
      [
       1776.0,
       -964.0
      ],
      [
       1779.0,
       -968.0
      ],
      [
       1782.0,
       -969.0
      ],
      [
       1781.0,
       -971.0
      ],
      [
       1778.0,
       -971.0
      ],
      [
       1777.0,
       -979.0
      ],
      [
       1781.0,
       -979.0
      ],
      [
       1782.0,
       -981.0
      ],
      [
       1787.0,
       -981.0
      ],
      [
       1788.0,
       -979.0
      ],
      [
       1808.0,
       -979.0
      ],
      [
       1812.0,
       -975.0
      ],
      [
       1818.0,
       -975.0
      ],
      [
       1819.0,
       -973.0
      ],
      [
       1824.0,
       -975.0
      ],
      [
       1829.0,
       -971.0
      ],
      [
       1838.0,
       -971.0
      ],
      [
       1839.0,
       -969.0
      ],
      [
       1849.0,
       -971.0
      ],
      [
       1864.0,
       -971.0
      ],
      [
       1868.0,
       -975.0
      ],
      [
       1877.0,
       -975.0
      ],
      [
       1878.0,
       -977.0
      ],
      [
       1883.0,
       -977.0
      ],
      [
       1884.0,
       -979.0
      ],
      [
       1893.0,
       -984.0
      ],
      [
       1891.0,
       -991.0
      ],
      [
       1894.0,
       -993.0
      ],
      [
       1893.0,
       -998.0
      ],
      [
       1899.0,
       -1000.0
      ],
      [
       1899.0,
       -1002.0
      ],
      [
       1902.0,
       -1002.0
      ],
      [
       1902.0,
       -1004.0
      ],
      [
       1905.0,
       -1004.0
      ],
      [
       1906.0,
       -1006.0
      ],
      [
       1916.0,
       -1006.0
      ],
      [
       1917.0,
       -1008.0
      ],
      [
       1924.0,
       -1008.0
      ],
      [
       1924.0,
       -1010.0
      ],
      [
       1927.0,
       -1010.0
      ],
      [
       1928.0,
       -1012.0
      ],
      [
       1935.0,
       -1012.0
      ],
      [
       1936.0,
       -1014.0
      ],
      [
       1942.0,
       -1015.0
      ],
      [
       1943.0,
       -1017.0
      ],
      [
       1950.0,
       -1019.0
      ],
      [
       1950.0,
       -1023.0
      ],
      [
       1955.0,
       -1024.0
      ],
      [
       1954.0,
       -1027.0
      ],
      [
       1957.0,
       -1027.0
      ],
      [
       1958.0,
       -1029.0
      ],
      [
       1962.0,
       -1030.0
      ],
      [
       1961.0,
       -1035.0
      ],
      [
       1965.0,
       -1035.0
      ],
      [
       1970.0,
       -1038.0
      ],
      [
       1965.0,
       -1039.0
      ],
      [
       1964.0,
       -1041.0
      ],
      [
       1951.0,
       -1041.0
      ],
      [
       1950.0,
       -1045.0
      ],
      [
       1942.0,
       -1046.0
      ],
      [
       1941.0,
       -1048.0
      ],
      [
       1933.0,
       -1050.0
      ],
      [
       1932.0,
       -1055.0
      ],
      [
       1935.0,
       -1055.0
      ],
      [
       1936.0,
       -1057.0
      ],
      [
       1932.0,
       -1058.0
      ],
      [
       1931.0,
       -1060.0
      ],
      [
       1935.0,
       -1060.0
      ],
      [
       1935.0,
       -1062.0
      ],
      [
       1939.0,
       -1062.0
      ],
      [
       1940.0,
       -1064.0
      ],
      [
       1943.0,
       -1064.0
      ],
      [
       1944.0,
       -1066.0
      ],
      [
       1947.0,
       -1066.0
      ],
      [
       1952.0,
       -1070.0
      ],
      [
       1965.0,
       -1070.0
      ],
      [
       1966.0,
       -1072.0
      ],
      [
       1984.0,
       -1072.0
      ],
      [
       1985.0,
       -1074.0
      ],
      [
       1994.0,
       -1076.0
      ],
      [
       1995.0,
       -1086.0
      ],
      [
       2029.0,
       -1086.0
      ],
      [
       2030.0,
       -1088.0
      ],
      [
       2045.0,
       -1089.0
      ],
      [
       2046.0,
       -1087.0
      ],
      [
       2051.0,
       -1087.0
      ],
      [
       2052.0,
       -1085.0
      ],
      [
       2056.0,
       -1085.0
      ],
      [
       2058.0,
       -1083.0
      ],
      [
       2063.0,
       -1086.0
      ],
      [
       2067.0,
       -1086.0
      ],
      [
       2068.0,
       -1084.0
      ],
      [
       2078.0,
       -1084.0
      ],
      [
       2079.0,
       -1086.0
      ],
      [
       2100.0,
       -1087.0
      ],
      [
       2101.0,
       -1089.0
      ],
      [
       2105.0,
       -1089.0
      ],
      [
       2106.0,
       -1091.0
      ],
      [
       2117.0,
       -1091.0
      ],
      [
       2117.0,
       -1089.0
      ],
      [
       2122.0,
       -1090.0
      ],
      [
       2123.0,
       -1088.0
      ],
      [
       2139.0,
       -1089.0
      ],
      [
       2140.0,
       -1087.0
      ],
      [
       2161.0,
       -1086.0
      ],
      [
       2162.0,
       -1084.0
      ],
      [
       2167.0,
       -1084.0
      ],
      [
       2169.0,
       -1082.0
      ],
      [
       2194.0,
       -1084.0
      ],
      [
       2195.0,
       -1086.0
      ],
      [
       2222.0,
       -1087.0
      ],
      [
       2223.0,
       -1089.0
      ],
      [
       2227.0,
       -1089.0
      ],
      [
       2230.0,
       -1092.0
      ],
      [
       2234.0,
       -1092.0
      ],
      [
       2235.0,
       -1094.0
      ],
      [
       2245.0,
       -1094.0
      ],
      [
       2246.0,
       -1096.0
      ],
      [
       2256.0,
       -1097.0
      ],
      [
       2257.0,
       -1099.0
      ],
      [
       2261.0,
       -1099.0
      ],
      [
       2262.0,
       -1101.0
      ],
      [
       2288.0,
       -1103.0
      ],
      [
       2289.0,
       -1105.0
      ],
      [
       2293.0,
       -1105.0
      ],
      [
       2294.0,
       -1107.0
      ],
      [
       2298.0,
       -1108.0
      ],
      [
       2314.0,
       -1107.0
      ],
      [
       2315.0,
       -1105.0
      ],
      [
       2329.0,
       -1106.0
      ],
      [
       2330.0,
       -1104.0
      ],
      [
       2334.0,
       -1105.0
      ],
      [
       2335.0,
       -1103.0
      ],
      [
       2344.0,
       -1101.0
      ],
      [
       2346.0,
       -1104.0
      ],
      [
       2354.0,
       -1104.0
      ],
      [
       2355.0,
       -1106.0
      ],
      [
       2359.0,
       -1107.0
      ],
      [
       2369.0,
       -1107.0
      ],
      [
       2375.0,
       -1112.0
      ],
      [
       2389.0,
       -1113.0
      ],
      [
       2390.0,
       -1115.0
      ],
      [
       2395.0,
       -1115.0
      ],
      [
       2399.0,
       -1118.0
      ],
      [
       2403.0,
       -1118.0
      ],
      [
       2404.0,
       -1122.0
      ],
      [
       2408.0,
       -1122.0
      ],
      [
       2410.0,
       -1125.0
      ],
      [
       2418.0,
       -1127.0
      ],
      [
       2419.0,
       -1131.0
      ],
      [
       2423.0,
       -1132.0
      ],
      [
       2424.0,
       -1134.0
      ],
      [
       2428.0,
       -1134.0
      ],
      [
       2429.0,
       -1136.0
      ],
      [
       2432.0,
       -1136.0
      ],
      [
       2434.0,
       -1139.0
      ],
      [
       2451.0,
       -1140.0
      ],
      [
       2450.0,
       -1139.0
      ],
      [
       2453.0,
       -1138.0
      ],
      [
       2464.0,
       -1140.0
      ],
      [
       2465.0,
       -1138.0
      ],
      [
       2477.0,
       -1139.0
      ],
      [
       2478.0,
       -1141.0
      ],
      [
       2481.0,
       -1141.0
      ],
      [
       2482.0,
       -1139.0
      ],
      [
       2485.0,
       -1140.0
      ],
      [
       2490.0,
       -1136.0
      ],
      [
       2493.0,
       -1137.0
      ],
      [
       2494.0,
       -1135.0
      ],
      [
       2505.0,
       -1134.0
      ],
      [
       2510.0,
       -1130.0
      ],
      [
       2529.0,
       -1132.0
      ],
      [
       2530.0,
       -1135.0
      ],
      [
       2548.0,
       -1136.0
      ],
      [
       2551.0,
       -1139.0
      ],
      [
       2557.0,
       -1141.0
      ],
      [
       2559.0,
       -1144.0
      ],
      [
       2562.0,
       -1144.0
      ],
      [
       2563.0,
       -1146.0
      ],
      [
       2576.0,
       -1147.0
      ],
      [
       2579.0,
       -1150.0
      ],
      [
       2582.0,
       -1150.0
      ],
      [
       2586.0,
       -1153.0
      ],
      [
       2586.0,
       -1151.0
      ],
      [
       2593.0,
       -1151.0
      ],
      [
       2594.0,
       -1154.0
      ],
      [
       2597.0,
       -1154.0
      ],
      [
       2598.0,
       -1156.0
      ],
      [
       2605.0,
       -1157.0
      ],
      [
       2606.0,
       -1159.0
      ],
      [
       2611.0,
       -1159.0
      ],
      [
       2614.0,
       -1162.0
      ],
      [
       2614.0,
       -1166.0
      ],
      [
       2617.0,
       -1166.0
      ],
      [
       2620.0,
       -1169.0
      ],
      [
       2625.0,
       -1169.0
      ],
      [
       2626.0,
       -1171.0
      ],
      [
       2632.0,
       -1170.0
      ],
      [
       2633.0,
       -1172.0
      ],
      [
       2636.0,
       -1172.0
      ],
      [
       2637.0,
       -1175.0
      ],
      [
       2640.0,
       -1175.0
      ],
      [
       2645.0,
       -1179.0
      ],
      [
       2645.0,
       -1184.0
      ],
      [
       2648.0,
       -1184.0
      ],
      [
       2649.0,
       -1186.0
      ],
      [
       2663.0,
       -1188.0
      ],
      [
       2669.0,
       -1193.0
      ],
      [
       2677.0,
       -1193.0
      ],
      [
       2681.0,
       -1190.0
      ],
      [
       2697.0,
       -1190.0
      ],
      [
       2697.0,
       -1188.0
      ],
      [
       2700.0,
       -1188.0
      ],
      [
       2699.0,
       -1183.0
      ],
      [
       2697.0,
       -1183.0
      ],
      [
       2695.0,
       -1179.0
      ],
      [
       2691.0,
       -1177.0
      ],
      [
       2689.0,
       -1171.0
      ],
      [
       2681.0,
       -1166.0
      ],
      [
       2673.0,
       -1164.0
      ],
      [
       2672.0,
       -1161.0
      ],
      [
       2666.0,
       -1161.0
      ],
      [
       2661.0,
       -1156.0
      ],
      [
       2657.0,
       -1156.0
      ],
      [
       2654.0,
       -1153.0
      ],
      [
       2651.0,
       -1153.0
      ],
      [
       2650.0,
       -1150.0
      ],
      [
       2642.0,
       -1144.0
      ],
      [
       2632.0,
       -1143.0
      ],
      [
       2631.0,
       -1140.0
      ],
      [
       2628.0,
       -1140.0
      ],
      [
       2627.0,
       -1138.0
      ],
      [
       2610.0,
       -1136.0
      ],
      [
       2609.0,
       -1132.0
      ],
      [
       2605.0,
       -1131.0
      ],
      [
       2604.0,
       -1121.0
      ],
      [
       2601.0,
       -1121.0
      ],
      [
       2600.0,
       -1119.0
      ],
      [
       2597.0,
       -1119.0
      ],
      [
       2596.0,
       -1116.0
      ],
      [
       2593.0,
       -1116.0
      ],
      [
       2592.0,
       -1114.0
      ],
      [
       2588.0,
       -1113.0
      ],
      [
       2587.0,
       -1101.0
      ],
      [
       2595.0,
       -1099.0
      ],
      [
       2594.0,
       -1096.0
      ],
      [
       2598.0,
       -1095.0
      ],
      [
       2599.0,
       -1093.0
      ],
      [
       2601.0,
       -1094.0
      ],
      [
       2601.0,
       -1091.0
      ],
      [
       2605.0,
       -1090.0
      ],
      [
       2605.0,
       -1087.0
      ],
      [
       2608.0,
       -1086.0
      ],
      [
       2608.0,
       -1083.0
      ],
      [
       2605.0,
       -1083.0
      ],
      [
       2597.0,
       -1077.0
      ],
      [
       2596.0,
       -1062.0
      ],
      [
       2600.0,
       -1061.0
      ],
      [
       2604.0,
       -1057.0
      ],
      [
       2607.0,
       -1058.0
      ],
      [
       2607.0,
       -1055.0
      ],
      [
       2610.0,
       -1054.0
      ],
      [
       2606.0,
       -1050.0
      ],
      [
       2606.0,
       -1044.0
      ],
      [
       2603.0,
       -1043.0
      ],
      [
       2603.0,
       -1040.0
      ],
      [
       2606.0,
       -1039.0
      ],
      [
       2607.0,
       -1035.0
      ],
      [
       2610.0,
       -1035.0
      ],
      [
       2611.0,
       -1033.0
      ],
      [
       2617.0,
       -1034.0
      ],
      [
       2618.0,
       -1032.0
      ],
      [
       2623.0,
       -1030.0
      ],
      [
       2623.0,
       -1027.0
      ],
      [
       2620.0,
       -1026.0
      ],
      [
       2620.0,
       -1014.0
      ],
      [
       2624.0,
       -1014.0
      ],
      [
       2625.0,
       -1010.0
      ],
      [
       2627.0,
       -1010.0
      ],
      [
       2631.0,
       -1006.0
      ],
      [
       2634.0,
       -1006.0
      ],
      [
       2627.0,
       -1002.0
      ],
      [
       2627.0,
       -998.0
      ],
      [
       2625.0,
       -998.0
      ],
      [
       2617.0,
       -991.0
      ],
      [
       2609.0,
       -987.0
      ],
      [
       2608.0,
       -984.0
      ],
      [
       2605.0,
       -984.0
      ],
      [
       2601.0,
       -981.0
      ],
      [
       2602.0,
       -971.0
      ],
      [
       2598.0,
       -970.0
      ],
      [
       2598.0,
       -967.0
      ],
      [
       2602.0,
       -966.0
      ],
      [
       2602.0,
       -959.0
      ],
      [
       2599.0,
       -958.0
      ],
      [
       2600.0,
       -951.0
      ],
      [
       2610.0,
       -946.0
      ],
      [
       2611.0,
       -943.0
      ],
      [
       2608.0,
       -943.0
      ],
      [
       2608.0,
       -941.0
      ],
      [
       2604.0,
       -939.0
      ],
      [
       2605.0,
       -936.0
      ],
      [
       2599.0,
       -938.0
      ],
      [
       2598.0,
       -936.0
      ],
      [
       2592.0,
       -935.0
      ],
      [
       2592.0,
       -933.0
      ],
      [
       2589.0,
       -933.0
      ],
      [
       2588.0,
       -931.0
      ],
      [
       2579.0,
       -930.0
      ],
      [
       2578.0,
       -932.0
      ],
      [
       2567.0,
       -932.0
      ],
      [
       2564.0,
       -929.0
      ],
      [
       2555.0,
       -929.0
      ],
      [
       2553.0,
       -926.0
      ],
      [
       2548.0,
       -926.0
      ],
      [
       2548.0,
       -918.0
      ],
      [
       2544.0,
       -917.0
      ],
      [
       2546.0,
       -909.0
      ],
      [
       2543.0,
       -909.0
      ],
      [
       2543.0,
       -907.0
      ],
      [
       2540.0,
       -907.0
      ],
      [
       2539.0,
       -905.0
      ],
      [
       2522.0,
       -904.0
      ],
      [
       2521.0,
       -902.0
      ],
      [
       2516.0,
       -902.0
      ],
      [
       2514.0,
       -899.0
      ],
      [
       2508.0,
       -899.0
      ],
      [
       2507.0,
       -901.0
      ],
      [
       2504.0,
       -901.0
      ],
      [
       2503.0,
       -899.0
      ],
      [
       2500.0,
       -899.0
      ],
      [
       2499.0,
       -896.0
      ],
      [
       2493.0,
       -896.0
      ],
      [
       2493.0,
       -890.0
      ],
      [
       2491.0,
       -890.0
      ],
      [
       2490.0,
       -888.0
      ],
      [
       2476.0,
       -887.0
      ],
      [
       2475.0,
       -885.0
      ],
      [
       2466.0,
       -882.0
      ],
      [
       2436.0,
       -881.0
      ],
      [
       2435.0,
       -883.0
      ],
      [
       2432.0,
       -883.0
      ],
      [
       2431.0,
       -881.0
      ],
      [
       2420.0,
       -880.0
      ],
      [
       2419.0,
       -878.0
      ],
      [
       2402.0,
       -878.0
      ],
      [
       2398.0,
       -875.0
      ],
      [
       2382.0,
       -875.0
      ],
      [
       2381.0,
       -873.0
      ],
      [
       2378.0,
       -873.0
      ],
      [
       2377.0,
       -870.0
      ],
      [
       2374.0,
       -870.0
      ],
      [
       2374.0,
       -868.0
      ],
      [
       2370.0,
       -867.0
      ],
      [
       2371.0,
       -864.0
      ],
      [
       2367.0,
       -863.0
      ],
      [
       2368.0,
       -860.0
      ],
      [
       2365.0,
       -860.0
      ],
      [
       2360.0,
       -856.0
      ],
      [
       2344.0,
       -855.0
      ],
      [
       2343.0,
       -853.0
      ],
      [
       2330.0,
       -853.0
      ],
      [
       2330.0,
       -851.0
      ],
      [
       2318.0,
       -850.0
      ],
      [
       2313.0,
       -846.0
      ],
      [
       2295.0,
       -846.0
      ],
      [
       2294.0,
       -848.0
      ],
      [
       2290.0,
       -848.0
      ],
      [
       2288.0,
       -845.0
      ],
      [
       2286.0,
       -845.0
      ],
      [
       2285.0,
       -847.0
      ],
      [
       2275.0,
       -847.0
      ],
      [
       2274.0,
       -849.0
      ],
      [
       2266.0,
       -847.0
      ],
      [
       2258.0,
       -851.0
      ],
      [
       2245.0,
       -848.0
      ],
      [
       2244.0,
       -850.0
      ],
      [
       2230.0,
       -850.0
      ],
      [
       2228.0,
       -852.0
      ],
      [
       2218.0,
       -853.0
      ],
      [
       2217.0,
       -855.0
      ],
      [
       2198.0,
       -855.0
      ],
      [
       2197.0,
       -853.0
      ],
      [
       2189.0,
       -853.0
      ],
      [
       2188.0,
       -851.0
      ],
      [
       2182.0,
       -850.0
      ],
      [
       2165.0,
       -850.0
      ],
      [
       2165.0,
       -848.0
      ],
      [
       2156.0,
       -848.0
      ],
      [
       2154.0,
       -850.0
      ],
      [
       2140.0,
       -849.0
      ],
      [
       2139.0,
       -851.0
      ],
      [
       2105.0,
       -851.0
      ],
      [
       2103.0,
       -853.0
      ],
      [
       2080.0,
       -852.0
      ],
      [
       2080.0,
       -850.0
      ],
      [
       2063.0,
       -850.0
      ],
      [
       2062.0,
       -848.0
      ],
      [
       2050.0,
       -848.0
      ],
      [
       2049.0,
       -846.0
      ],
      [
       2024.0,
       -845.0
      ],
      [
       2024.0,
       -843.0
      ],
      [
       2020.0,
       -842.0
      ],
      [
       2021.0,
       -841.0
      ],
      [
       2008.0,
       -841.0
      ],
      [
       2007.0,
       -843.0
      ],
      [
       1990.0,
       -843.0
      ],
      [
       1990.0,
       -841.0
      ],
      [
       1983.0,
       -841.0
      ],
      [
       1983.0,
       -839.0
      ],
      [
       1979.0,
       -838.0
      ],
      [
       1980.0,
       -837.0
      ],
      [
       1956.0,
       -836.0
      ],
      [
       1955.0,
       -838.0
      ],
      [
       1940.0,
       -838.0
      ],
      [
       1936.0,
       -835.0
      ],
      [
       1939.0,
       -830.0
      ],
      [
       1936.0,
       -830.0
      ],
      [
       1936.0,
       -828.0
      ],
      [
       1934.0,
       -828.0
      ],
      [
       1933.0,
       -826.0
      ],
      [
       1923.0,
       -826.0
      ],
      [
       1923.0,
       -824.0
      ],
      [
       1921.0,
       -824.0
      ],
      [
       1920.0,
       -822.0
      ],
      [
       1917.0,
       -822.0
      ],
      [
       1916.0,
       -824.0
      ],
      [
       1913.0,
       -824.0
      ],
      [
       1913.0,
       -822.0
      ],
      [
       1903.0,
       -822.0
      ],
      [
       1899.0,
       -819.0
      ],
      [
       1900.0,
       -818.0
      ],
      [
       1890.0,
       -818.0
      ],
      [
       1890.0,
       -816.0
      ],
      [
       1884.0,
       -816.0
      ],
      [
       1884.0,
       -814.0
      ],
      [
       1882.0,
       -814.0
      ],
      [
       1881.0,
       -812.0
      ],
      [
       1876.0,
       -812.0
      ],
      [
       1875.0,
       -810.0
      ],
      [
       1866.0,
       -810.0
      ],
      [
       1864.0,
       -812.0
      ],
      [
       1858.0,
       -812.0
      ],
      [
       1856.0,
       -814.0
      ],
      [
       1843.0,
       -814.0
      ],
      [
       1838.0,
       -817.0
      ],
      [
       1825.0,
       -817.0
      ],
      [
       1825.0,
       -815.0
      ],
      [
       1816.0,
       -815.0
      ],
      [
       1815.0,
       -817.0
      ],
      [
       1812.0,
       -817.0
      ],
      [
       1810.0,
       -821.0
      ],
      [
       1807.0,
       -821.0
      ],
      [
       1805.0,
       -823.0
      ],
      [
       1800.0,
       -823.0
      ],
      [
       1800.0,
       -821.0
      ],
      [
       1791.0,
       -821.0
      ],
      [
       1790.0,
       -823.0
      ],
      [
       1787.0,
       -823.0
      ],
      [
       1786.0,
       -825.0
      ],
      [
       1780.0,
       -827.0
      ],
      [
       1777.0,
       -823.0
      ],
      [
       1775.0,
       -823.0
      ],
      [
       1774.0,
       -825.0
      ],
      [
       1772.0,
       -825.0
      ],
      [
       1771.0,
       -823.0
      ],
      [
       1769.0,
       -823.0
      ],
      [
       1768.0,
       -825.0
      ],
      [
       1752.0,
       -823.0
      ],
      [
       1752.0,
       -819.0
      ],
      [
       1750.0,
       -819.0
      ],
      [
       1750.0,
       -817.0
      ],
      [
       1748.0,
       -817.0
      ],
      [
       1741.0,
       -809.0
      ],
      [
       1734.0,
       -809.0
      ],
      [
       1733.0,
       -807.0
      ],
      [
       1728.0,
       -807.0
      ],
      [
       1727.0,
       -809.0
      ],
      [
       1722.0,
       -811.0
      ],
      [
       1721.0,
       -809.0
      ],
      [
       1717.0,
       -809.0
      ],
      [
       1716.0,
       -807.0
      ],
      [
       1709.0,
       -807.0
      ],
      [
       1707.0,
       -809.0
      ],
      [
       1703.0,
       -809.0
      ],
      [
       1703.0,
       -805.0
      ],
      [
       1697.0,
       -807.0
      ],
      [
       1696.0,
       -809.0
      ],
      [
       1688.0,
       -809.0
      ],
      [
       1683.0,
       -814.0
      ],
      [
       1681.0,
       -814.0
      ],
      [
       1678.0,
       -822.0
      ],
      [
       1672.0,
       -824.0
      ],
      [
       1671.0,
       -826.0
      ],
      [
       1666.0,
       -828.0
      ],
      [
       1664.0,
       -832.0
      ],
      [
       1658.0,
       -834.0
      ],
      [
       1654.0,
       -838.0
      ],
      [
       1649.0,
       -838.0
      ],
      [
       1649.0,
       -840.0
      ],
      [
       1644.0,
       -844.0
      ],
      [
       1640.0,
       -844.0
      ],
      [
       1632.0,
       -850.0
      ],
      [
       1625.0,
       -850.0
      ],
      [
       1615.0,
       -858.0
      ],
      [
       1611.0,
       -858.0
      ],
      [
       1609.0,
       -865.0
      ],
      [
       1600.0,
       -870.0
      ],
      [
       1600.0,
       -873.0
      ],
      [
       1602.0,
       -874.0
      ],
      [
       1594.0,
       -878.0
      ],
      [
       1590.0,
       -882.0
      ]
     ]
    ]
   }
  },
  {
   "type": "Feature",
   "properties": {
    "code": "tyrrhena_terra",
    "name": "Tyrrhena Terra",
    "number": 21,
    "capital": null,
    "culture": null,
    "civs": [
     "mcc",
     "mla"
    ],
    "provinceType": "land",
    "terrain": "highlands",
    "mapTypes": [
     "mars"
    ],
    "resources": null,
    "religion": null,
    "population": "medium",
    "centerpoint": [
     2844,
     1083
    ],
    "position": {
     "x": 2588,
     "y": 906
    },
    "bbox": {
     "w": 583,
     "h": 359
    },
    "maskSize": [
     1024,
     512
    ],
    "links": [
     "hellas_planitia",
     "hesperia_planum",
     "noachis_terra",
     "sinai_planum",
     "syrtis_major"
    ]
   },
   "geometry": {
    "type": "Polygon",
    "coordinates": [
     [
      [
       2606.0,
       -934.0
      ],
      [
       2605.0,
       -939.0
      ],
      [
       2608.0,
       -940.0
      ],
      [
       2608.0,
       -942.0
      ],
      [
       2611.0,
       -942.0
      ],
      [
       2612.0,
       -944.0
      ],
      [
       2607.0,
       -949.0
      ],
      [
       2601.0,
       -951.0
      ],
      [
       2600.0,
       -958.0
      ],
      [
       2603.0,
       -959.0
      ],
      [
       2603.0,
       -966.0
      ],
      [
       2599.0,
       -967.0
      ],
      [
       2599.0,
       -970.0
      ],
      [
       2603.0,
       -971.0
      ],
      [
       2602.0,
       -981.0
      ],
      [
       2608.0,
       -983.0
      ],
      [
       2609.0,
       -986.0
      ],
      [
       2611.0,
       -986.0
      ],
      [
       2619.0,
       -993.0
      ],
      [
       2627.0,
       -997.0
      ],
      [
       2628.0,
       -1002.0
      ],
      [
       2634.0,
       -1004.0
      ],
      [
       2635.0,
       -1006.0
      ],
      [
       2625.0,
       -1011.0
      ],
      [
       2624.0,
       -1015.0
      ],
      [
       2621.0,
       -1014.0
      ],
      [
       2621.0,
       -1026.0
      ],
      [
       2624.0,
       -1027.0
      ],
      [
       2624.0,
       -1030.0
      ],
      [
       2618.0,
       -1033.0
      ],
      [
       2617.0,
       -1035.0
      ],
      [
       2611.0,
       -1034.0
      ],
      [
       2610.0,
       -1036.0
      ],
      [
       2607.0,
       -1036.0
      ],
      [
       2606.0,
       -1040.0
      ],
      [
       2604.0,
       -1040.0
      ],
      [
       2604.0,
       -1043.0
      ],
      [
       2607.0,
       -1044.0
      ],
      [
       2607.0,
       -1050.0
      ],
      [
       2611.0,
       -1054.0
      ],
      [
       2608.0,
       -1055.0
      ],
      [
       2607.0,
       -1059.0
      ],
      [
       2604.0,
       -1058.0
      ],
      [
       2600.0,
       -1062.0
      ],
      [
       2597.0,
       -1062.0
      ],
      [
       2598.0,
       -1077.0
      ],
      [
       2600.0,
       -1077.0
      ],
      [
       2605.0,
       -1082.0
      ],
      [
       2608.0,
       -1082.0
      ],
      [
       2609.0,
       -1086.0
      ],
      [
       2606.0,
       -1087.0
      ],
      [
       2605.0,
       -1091.0
      ],
      [
       2602.0,
       -1091.0
      ],
      [
       2601.0,
       -1095.0
      ],
      [
       2599.0,
       -1094.0
      ],
      [
       2598.0,
       -1096.0
      ],
      [
       2595.0,
       -1096.0
      ],
      [
       2595.0,
       -1100.0
      ],
      [
       2592.0,
       -1100.0
      ],
      [
       2591.0,
       -1102.0
      ],
      [
       2588.0,
       -1101.0
      ],
      [
       2589.0,
       -1113.0
      ],
      [
       2592.0,
       -1113.0
      ],
      [
       2593.0,
       -1115.0
      ],
      [
       2596.0,
       -1115.0
      ],
      [
       2597.0,
       -1118.0
      ],
      [
       2600.0,
       -1118.0
      ],
      [
       2601.0,
       -1120.0
      ],
      [
       2605.0,
       -1121.0
      ],
      [
       2606.0,
       -1131.0
      ],
      [
       2609.0,
       -1131.0
      ],
      [
       2610.0,
       -1135.0
      ],
      [
       2627.0,
       -1137.0
      ],
      [
       2628.0,
       -1139.0
      ],
      [
       2631.0,
       -1139.0
      ],
      [
       2632.0,
       -1142.0
      ],
      [
       2639.0,
       -1142.0
      ],
      [
       2643.0,
       -1145.0
      ],
      [
       2646.0,
       -1145.0
      ],
      [
       2651.0,
       -1150.0
      ],
      [
       2651.0,
       -1152.0
      ],
      [
       2654.0,
       -1152.0
      ],
      [
       2657.0,
       -1155.0
      ],
      [
       2661.0,
       -1155.0
      ],
      [
       2666.0,
       -1160.0
      ],
      [
       2672.0,
       -1160.0
      ],
      [
       2673.0,
       -1163.0
      ],
      [
       2681.0,
       -1165.0
      ],
      [
       2691.0,
       -1172.0
      ],
      [
       2692.0,
       -1177.0
      ],
      [
       2694.0,
       -1177.0
      ],
      [
       2696.0,
       -1181.0
      ],
      [
       2700.0,
       -1183.0
      ],
      [
       2701.0,
       -1190.0
      ],
      [
       2707.0,
       -1191.0
      ],
      [
       2715.0,
       -1198.0
      ],
      [
       2727.0,
       -1199.0
      ],
      [
       2729.0,
       -1202.0
      ],
      [
       2733.0,
       -1203.0
      ],
      [
       2733.0,
       -1206.0
      ],
      [
       2743.0,
       -1209.0
      ],
      [
       2744.0,
       -1214.0
      ],
      [
       2747.0,
       -1214.0
      ],
      [
       2748.0,
       -1218.0
      ],
      [
       2750.0,
       -1218.0
      ],
      [
       2753.0,
       -1223.0
      ],
      [
       2752.0,
       -1226.0
      ],
      [
       2750.0,
       -1226.0
      ],
      [
       2749.0,
       -1228.0
      ],
      [
       2747.0,
       -1227.0
      ],
      [
       2749.0,
       -1234.0
      ],
      [
       2748.0,
       -1236.0
      ],
      [
       2746.0,
       -1235.0
      ],
      [
       2747.0,
       -1243.0
      ],
      [
       2750.0,
       -1243.0
      ],
      [
       2751.0,
       -1247.0
      ],
      [
       2764.0,
       -1249.0
      ],
      [
       2772.0,
       -1256.0
      ],
      [
       2775.0,
       -1256.0
      ],
      [
       2779.0,
       -1259.0
      ],
      [
       2780.0,
       -1263.0
      ],
      [
       2798.0,
       -1263.0
      ],
      [
       2799.0,
       -1261.0
      ],
      [
       2801.0,
       -1261.0
      ],
      [
       2801.0,
       -1259.0
      ],
      [
       2816.0,
       -1261.0
      ],
      [
       2819.0,
       -1257.0
      ],
      [
       2821.0,
       -1258.0
      ],
      [
       2822.0,
       -1256.0
      ],
      [
       2833.0,
       -1257.0
      ],
      [
       2834.0,
       -1255.0
      ],
      [
       2838.0,
       -1255.0
      ],
      [
       2839.0,
       -1253.0
      ],
      [
       2841.0,
       -1254.0
      ],
      [
       2840.0,
       -1250.0
      ],
      [
       2843.0,
       -1250.0
      ],
      [
       2846.0,
       -1244.0
      ],
      [
       2850.0,
       -1244.0
      ],
      [
       2851.0,
       -1242.0
      ],
      [
       2853.0,
       -1243.0
      ],
      [
       2852.0,
       -1237.0
      ],
      [
       2855.0,
       -1234.0
      ],
      [
       2863.0,
       -1235.0
      ],
      [
       2863.0,
       -1233.0
      ],
      [
       2865.0,
       -1233.0
      ],
      [
       2866.0,
       -1231.0
      ],
      [
       2868.0,
       -1232.0
      ],
      [
       2867.0,
       -1231.0
      ],
      [
       2871.0,
       -1228.0
      ],
      [
       2878.0,
       -1228.0
      ],
      [
       2879.0,
       -1226.0
      ],
      [
       2883.0,
       -1227.0
      ],
      [
       2884.0,
       -1225.0
      ],
      [
       2886.0,
       -1225.0
      ],
      [
       2886.0,
       -1223.0
      ],
      [
       2897.0,
       -1224.0
      ],
      [
       2898.0,
       -1226.0
      ],
      [
       2901.0,
       -1226.0
      ],
      [
       2904.0,
       -1229.0
      ],
      [
       2917.0,
       -1230.0
      ],
      [
       2918.0,
       -1228.0
      ],
      [
       2946.0,
       -1228.0
      ],
      [
       2950.0,
       -1224.0
      ],
      [
       2949.0,
       -1219.0
      ],
      [
       2952.0,
       -1216.0
      ],
      [
       2956.0,
       -1216.0
      ],
      [
       2960.0,
       -1212.0
      ],
      [
       2959.0,
       -1209.0
      ],
      [
       2962.0,
       -1208.0
      ],
      [
       2961.0,
       -1205.0
      ],
      [
       2966.0,
       -1200.0
      ],
      [
       2972.0,
       -1200.0
      ],
      [
       2979.0,
       -1190.0
      ],
      [
       3000.0,
       -1191.0
      ],
      [
       3002.0,
       -1193.0
      ],
      [
       3016.0,
       -1194.0
      ],
      [
       3017.0,
       -1196.0
      ],
      [
       3024.0,
       -1196.0
      ],
      [
       3025.0,
       -1199.0
      ],
      [
       3027.0,
       -1199.0
      ],
      [
       3028.0,
       -1201.0
      ],
      [
       3035.0,
       -1201.0
      ],
      [
       3036.0,
       -1199.0
      ],
      [
       3049.0,
       -1199.0
      ],
      [
       3049.0,
       -1197.0
      ],
      [
       3057.0,
       -1195.0
      ],
      [
       3059.0,
       -1193.0
      ],
      [
       3058.0,
       -1190.0
      ],
      [
       3061.0,
       -1187.0
      ],
      [
       3071.0,
       -1187.0
      ],
      [
       3072.0,
       -1185.0
      ],
      [
       3076.0,
       -1185.0
      ],
      [
       3077.0,
       -1187.0
      ],
      [
       3088.0,
       -1187.0
      ],
      [
       3089.0,
       -1185.0
      ],
      [
       3095.0,
       -1185.0
      ],
      [
       3096.0,
       -1187.0
      ],
      [
       3102.0,
       -1191.0
      ],
      [
       3106.0,
       -1191.0
      ],
      [
       3107.0,
       -1193.0
      ],
      [
       3118.0,
       -1193.0
      ],
      [
       3118.0,
       -1191.0
      ],
      [
       3127.0,
       -1191.0
      ],
      [
       3128.0,
       -1193.0
      ],
      [
       3132.0,
       -1193.0
      ],
      [
       3133.0,
       -1195.0
      ],
      [
       3139.0,
       -1195.0
      ],
      [
       3140.0,
       -1193.0
      ],
      [
       3145.0,
       -1193.0
      ],
      [
       3149.0,
       -1189.0
      ],
      [
       3150.0,
       -1191.0
      ],
      [
       3161.0,
       -1191.0
      ],
      [
       3165.0,
       -1195.0
      ],
      [
       3169.0,
       -1195.0
      ],
      [
       3168.0,
       -1193.0
      ],
      [
       3170.0,
       -1191.0
      ],
      [
       3168.0,
       -1191.0
      ],
      [
       3167.0,
       -1189.0
      ],
      [
       3158.0,
       -1184.0
      ],
      [
       3156.0,
       -1177.0
      ],
      [
       3160.0,
       -1174.0
      ],
      [
       3159.0,
       -1172.0
      ],
      [
       3157.0,
       -1172.0
      ],
      [
       3155.0,
       -1165.0
      ],
      [
       3151.0,
       -1162.0
      ],
      [
       3150.0,
       -1158.0
      ],
      [
       3144.0,
       -1154.0
      ],
      [
       3141.0,
       -1154.0
      ],
      [
       3136.0,
       -1149.0
      ],
      [
       3133.0,
       -1152.0
      ],
      [
       3133.0,
       -1154.0
      ],
      [
       3127.0,
       -1150.0
      ],
      [
       3123.0,
       -1150.0
      ],
      [
       3122.0,
       -1147.0
      ],
      [
       3116.0,
       -1144.0
      ],
      [
       3116.0,
       -1141.0
      ],
      [
       3118.0,
       -1140.0
      ],
      [
       3116.0,
       -1136.0
      ],
      [
       3118.0,
       -1134.0
      ],
      [
       3116.0,
       -1128.0
      ],
      [
       3113.0,
       -1126.0
      ],
      [
       3110.0,
       -1128.0
      ],
      [
       3097.0,
       -1117.0
      ],
      [
       3089.0,
       -1117.0
      ],
      [
       3082.0,
       -1111.0
      ],
      [
       3078.0,
       -1111.0
      ],
      [
       3077.0,
       -1108.0
      ],
      [
       3075.0,
       -1108.0
      ],
      [
       3065.0,
       -1100.0
      ],
      [
       3063.0,
       -1092.0
      ],
      [
       3065.0,
       -1090.0
      ],
      [
       3065.0,
       -1079.0
      ],
      [
       3064.0,
       -1076.0
      ],
      [
       3061.0,
       -1075.0
      ],
      [
       3061.0,
       -1072.0
      ],
      [
       3055.0,
       -1068.0
      ],
      [
       3052.0,
       -1054.0
      ],
      [
       3054.0,
       -1053.0
      ],
      [
       3053.0,
       -1049.0
      ],
      [
       3055.0,
       -1048.0
      ],
      [
       3054.0,
       -1045.0
      ],
      [
       3058.0,
       -1042.0
      ],
      [
       3057.0,
       -1039.0
      ],
      [
       3059.0,
       -1038.0
      ],
      [
       3059.0,
       -1036.0
      ],
      [
       3056.0,
       -1035.0
      ],
      [
       3052.0,
       -1017.0
      ],
      [
       3058.0,
       -1011.0
      ],
      [
       3057.0,
       -1007.0
      ],
      [
       3049.0,
       -999.0
      ],
      [
       3041.0,
       -995.0
      ],
      [
       3041.0,
       -991.0
      ],
      [
       3038.0,
       -989.0
      ],
      [
       3038.0,
       -986.0
      ],
      [
       3027.0,
       -974.0
      ],
      [
       3021.0,
       -974.0
      ],
      [
       3020.0,
       -972.0
      ],
      [
       3018.0,
       -974.0
      ],
      [
       2989.0,
       -973.0
      ],
      [
       2985.0,
       -968.0
      ],
      [
       2979.0,
       -968.0
      ],
      [
       2975.0,
       -963.0
      ],
      [
       2972.0,
       -963.0
      ],
      [
       2971.0,
       -961.0
      ],
      [
       2959.0,
       -963.0
      ],
      [
       2950.0,
       -952.0
      ],
      [
       2949.0,
       -947.0
      ],
      [
       2951.0,
       -946.0
      ],
      [
       2951.0,
       -942.0
      ],
      [
       2949.0,
       -940.0
      ],
      [
       2943.0,
       -940.0
      ],
      [
       2942.0,
       -937.0
      ],
      [
       2937.0,
       -936.0
      ],
      [
       2936.0,
       -924.0
      ],
      [
       2934.0,
       -923.0
      ],
      [
       2933.0,
       -915.0
      ],
      [
       2926.0,
       -915.0
      ],
      [
       2922.0,
       -912.0
      ],
      [
       2914.0,
       -912.0
      ],
      [
       2915.0,
       -919.0
      ],
      [
       2910.0,
       -920.0
      ],
      [
       2907.0,
       -917.0
      ],
      [
       2909.0,
       -911.0
      ],
      [
       2907.0,
       -911.0
      ],
      [
       2906.0,
       -909.0
      ],
      [
       2898.0,
       -909.0
      ],
      [
       2897.0,
       -906.0
      ],
      [
       2891.0,
       -906.0
      ],
      [
       2884.0,
       -914.0
      ],
      [
       2880.0,
       -914.0
      ],
      [
       2879.0,
       -916.0
      ],
      [
       2873.0,
       -916.0
      ],
      [
       2870.0,
       -920.0
      ],
      [
       2861.0,
       -920.0
      ],
      [
       2856.0,
       -915.0
      ],
      [
       2854.0,
       -915.0
      ],
      [
       2853.0,
       -912.0
      ],
      [
       2850.0,
       -912.0
      ],
      [
       2846.0,
       -916.0
      ],
      [
       2840.0,
       -918.0
      ],
      [
       2840.0,
       -924.0
      ],
      [
       2837.0,
       -927.0
      ],
      [
       2834.0,
       -927.0
      ],
      [
       2832.0,
       -924.0
      ],
      [
       2828.0,
       -924.0
      ],
      [
       2825.0,
       -928.0
      ],
      [
       2813.0,
       -927.0
      ],
      [
       2813.0,
       -933.0
      ],
      [
       2810.0,
       -936.0
      ],
      [
       2808.0,
       -936.0
      ],
      [
       2805.0,
       -940.0
      ],
      [
       2803.0,
       -940.0
      ],
      [
       2802.0,
       -942.0
      ],
      [
       2798.0,
       -942.0
      ],
      [
       2797.0,
       -944.0
      ],
      [
       2780.0,
       -942.0
      ],
      [
       2779.0,
       -944.0
      ],
      [
       2769.0,
       -944.0
      ],
      [
       2768.0,
       -946.0
      ],
      [
       2761.0,
       -945.0
      ],
      [
       2760.0,
       -947.0
      ],
      [
       2758.0,
       -947.0
      ],
      [
       2757.0,
       -945.0
      ],
      [
       2753.0,
       -945.0
      ],
      [
       2751.0,
       -942.0
      ],
      [
       2731.0,
       -941.0
      ],
      [
       2730.0,
       -939.0
      ],
      [
       2726.0,
       -938.0
      ],
      [
       2721.0,
       -942.0
      ],
      [
       2695.0,
       -941.0
      ],
      [
       2693.0,
       -938.0
      ],
      [
       2688.0,
       -938.0
      ],
      [
       2687.0,
       -936.0
      ],
      [
       2679.0,
       -935.0
      ],
      [
       2672.0,
       -941.0
      ],
      [
       2654.0,
       -940.0
      ],
      [
       2653.0,
       -937.0
      ],
      [
       2642.0,
       -937.0
      ],
      [
       2640.0,
       -939.0
      ],
      [
       2622.0,
       -937.0
      ],
      [
       2621.0,
       -939.0
      ],
      [
       2616.0,
       -939.0
      ],
      [
       2615.0,
       -937.0
      ],
      [
       2610.0,
       -937.0
      ],
      [
       2608.0,
       -934.0
      ],
      [
       2606.0,
       -934.0
      ]
     ]
    ]
   }
  },
  {
   "type": "Feature",
   "properties": {
    "code": "hesperia_planum",
    "name": "Hesperia Planum",
    "number": 22,
    "capital": null,
    "culture": null,
    "civs": [
     "mcc",
     "mla"
    ],
    "provinceType": "land",
    "terrain": "plateau",
    "mapTypes": [
     "mars"
    ],
    "resources": null,
    "religion": null,
    "population": "medium",
    "centerpoint": [
     3197,
     1014
    ],
    "position": {
     "x": 2893,
     "y": 816
    },
    "bbox": {
     "w": 577,
     "h": 432
    },
    "maskSize": [
     1024,
     512
    ],
    "links": [
     "elysium_planitia",
     "hellas_planitia",
     "isidis_planitia",
     "syrtis_major",
     "terra_cimmeria",
     "terra_sirenum",
     "tyrrhena_terra"
    ]
   },
   "geometry": {
    "type": "Polygon",
    "coordinates": [
     [
      [
       2893.0,
       -819.0
      ],
      [
       2893.0,
       -836.0
      ],
      [
       2895.0,
       -837.0
      ],
      [
       2895.0,
       -839.0
      ],
      [
       2897.0,
       -841.0
      ],
      [
       2900.0,
       -841.0
      ],
      [
       2903.0,
       -844.0
      ],
      [
       2903.0,
       -846.0
      ],
      [
       2907.0,
       -846.0
      ],
      [
       2908.0,
       -848.0
      ],
      [
       2912.0,
       -848.0
      ],
      [
       2918.0,
       -851.0
      ],
      [
       2921.0,
       -854.0
      ],
      [
       2923.0,
       -862.0
      ],
      [
       2925.0,
       -862.0
      ],
      [
       2927.0,
       -865.0
      ],
      [
       2931.0,
       -865.0
      ],
      [
       2936.0,
       -871.0
      ],
      [
       2934.0,
       -883.0
      ],
      [
       2937.0,
       -884.0
      ],
      [
       2937.0,
       -890.0
      ],
      [
       2939.0,
       -891.0
      ],
      [
       2939.0,
       -894.0
      ],
      [
       2941.0,
       -894.0
      ],
      [
       2942.0,
       -897.0
      ],
      [
       2946.0,
       -900.0
      ],
      [
       2947.0,
       -908.0
      ],
      [
       2943.0,
       -909.0
      ],
      [
       2943.0,
       -914.0
      ],
      [
       2939.0,
       -917.0
      ],
      [
       2938.0,
       -920.0
      ],
      [
       2936.0,
       -919.0
      ],
      [
       2936.0,
       -917.0
      ],
      [
       2934.0,
       -917.0
      ],
      [
       2935.0,
       -923.0
      ],
      [
       2937.0,
       -924.0
      ],
      [
       2938.0,
       -936.0
      ],
      [
       2942.0,
       -936.0
      ],
      [
       2943.0,
       -939.0
      ],
      [
       2949.0,
       -939.0
      ],
      [
       2952.0,
       -942.0
      ],
      [
       2952.0,
       -946.0
      ],
      [
       2950.0,
       -947.0
      ],
      [
       2951.0,
       -952.0
      ],
      [
       2959.0,
       -962.0
      ],
      [
       2971.0,
       -960.0
      ],
      [
       2972.0,
       -962.0
      ],
      [
       2975.0,
       -962.0
      ],
      [
       2979.0,
       -967.0
      ],
      [
       2985.0,
       -967.0
      ],
      [
       2989.0,
       -972.0
      ],
      [
       3018.0,
       -973.0
      ],
      [
       3020.0,
       -971.0
      ],
      [
       3021.0,
       -973.0
      ],
      [
       3027.0,
       -973.0
      ],
      [
       3036.0,
       -982.0
      ],
      [
       3036.0,
       -984.0
      ],
      [
       3039.0,
       -986.0
      ],
      [
       3039.0,
       -989.0
      ],
      [
       3042.0,
       -991.0
      ],
      [
       3042.0,
       -995.0
      ],
      [
       3049.0,
       -998.0
      ],
      [
       3058.0,
       -1007.0
      ],
      [
       3059.0,
       -1011.0
      ],
      [
       3053.0,
       -1017.0
      ],
      [
       3057.0,
       -1035.0
      ],
      [
       3059.0,
       -1035.0
      ],
      [
       3060.0,
       -1038.0
      ],
      [
       3058.0,
       -1039.0
      ],
      [
       3059.0,
       -1042.0
      ],
      [
       3055.0,
       -1045.0
      ],
      [
       3056.0,
       -1048.0
      ],
      [
       3054.0,
       -1049.0
      ],
      [
       3055.0,
       -1053.0
      ],
      [
       3053.0,
       -1054.0
      ],
      [
       3056.0,
       -1068.0
      ],
      [
       3058.0,
       -1068.0
      ],
      [
       3062.0,
       -1072.0
      ],
      [
       3062.0,
       -1075.0
      ],
      [
       3064.0,
       -1075.0
      ],
      [
       3066.0,
       -1079.0
      ],
      [
       3066.0,
       -1090.0
      ],
      [
       3064.0,
       -1091.0
      ],
      [
       3066.0,
       -1100.0
      ],
      [
       3075.0,
       -1107.0
      ],
      [
       3077.0,
       -1107.0
      ],
      [
       3078.0,
       -1110.0
      ],
      [
       3082.0,
       -1110.0
      ],
      [
       3089.0,
       -1116.0
      ],
      [
       3097.0,
       -1116.0
      ],
      [
       3110.0,
       -1127.0
      ],
      [
       3112.0,
       -1125.0
      ],
      [
       3116.0,
       -1127.0
      ],
      [
       3119.0,
       -1133.0
      ],
      [
       3117.0,
       -1135.0
      ],
      [
       3119.0,
       -1140.0
      ],
      [
       3117.0,
       -1141.0
      ],
      [
       3117.0,
       -1144.0
      ],
      [
       3122.0,
       -1146.0
      ],
      [
       3123.0,
       -1149.0
      ],
      [
       3127.0,
       -1149.0
      ],
      [
       3133.0,
       -1153.0
      ],
      [
       3132.0,
       -1152.0
      ],
      [
       3136.0,
       -1148.0
      ],
      [
       3141.0,
       -1153.0
      ],
      [
       3144.0,
       -1153.0
      ],
      [
       3152.0,
       -1159.0
      ],
      [
       3152.0,
       -1162.0
      ],
      [
       3156.0,
       -1165.0
      ],
      [
       3158.0,
       -1172.0
      ],
      [
       3159.0,
       -1171.0
      ],
      [
       3161.0,
       -1174.0
      ],
      [
       3157.0,
       -1177.0
      ],
      [
       3159.0,
       -1184.0
      ],
      [
       3170.0,
       -1190.0
      ],
      [
       3175.0,
       -1197.0
      ],
      [
       3185.0,
       -1196.0
      ],
      [
       3187.0,
       -1198.0
      ],
      [
       3191.0,
       -1198.0
      ],
      [
       3192.0,
       -1200.0
      ],
      [
       3198.0,
       -1203.0
      ],
      [
       3199.0,
       -1208.0
      ],
      [
       3202.0,
       -1209.0
      ],
      [
       3203.0,
       -1214.0
      ],
      [
       3205.0,
       -1214.0
      ],
      [
       3206.0,
       -1216.0
      ],
      [
       3210.0,
       -1216.0
      ],
      [
       3216.0,
       -1220.0
      ],
      [
       3218.0,
       -1224.0
      ],
      [
       3222.0,
       -1224.0
      ],
      [
       3229.0,
       -1228.0
      ],
      [
       3232.0,
       -1228.0
      ],
      [
       3233.0,
       -1225.0
      ],
      [
       3241.0,
       -1225.0
      ],
      [
       3242.0,
       -1227.0
      ],
      [
       3251.0,
       -1229.0
      ],
      [
       3253.0,
       -1224.0
      ],
      [
       3259.0,
       -1224.0
      ],
      [
       3261.0,
       -1226.0
      ],
      [
       3265.0,
       -1226.0
      ],
      [
       3266.0,
       -1228.0
      ],
      [
       3270.0,
       -1227.0
      ],
      [
       3271.0,
       -1229.0
      ],
      [
       3276.0,
       -1231.0
      ],
      [
       3277.0,
       -1234.0
      ],
      [
       3281.0,
       -1237.0
      ],
      [
       3285.0,
       -1237.0
      ],
      [
       3286.0,
       -1239.0
      ],
      [
       3290.0,
       -1238.0
      ],
      [
       3294.0,
       -1242.0
      ],
      [
       3301.0,
       -1242.0
      ],
      [
       3302.0,
       -1244.0
      ],
      [
       3303.0,
       -1243.0
      ],
      [
       3308.0,
       -1247.0
      ],
      [
       3314.0,
       -1247.0
      ],
      [
       3314.0,
       -1245.0
      ],
      [
       3320.0,
       -1244.0
      ],
      [
       3320.0,
       -1242.0
      ],
      [
       3328.0,
       -1241.0
      ],
      [
       3332.0,
       -1237.0
      ],
      [
       3331.0,
       -1236.0
      ],
      [
       3339.0,
       -1230.0
      ],
      [
       3338.0,
       -1229.0
      ],
      [
       3344.0,
       -1223.0
      ],
      [
       3346.0,
       -1223.0
      ],
      [
       3345.0,
       -1222.0
      ],
      [
       3347.0,
       -1221.0
      ],
      [
       3347.0,
       -1219.0
      ],
      [
       3345.0,
       -1216.0
      ],
      [
       3349.0,
       -1213.0
      ],
      [
       3350.0,
       -1209.0
      ],
      [
       3359.0,
       -1208.0
      ],
      [
       3358.0,
       -1206.0
      ],
      [
       3361.0,
       -1205.0
      ],
      [
       3361.0,
       -1203.0
      ],
      [
       3365.0,
       -1203.0
      ],
      [
       3365.0,
       -1198.0
      ],
      [
       3367.0,
       -1196.0
      ],
      [
       3365.0,
       -1193.0
      ],
      [
       3368.0,
       -1192.0
      ],
      [
       3368.0,
       -1190.0
      ],
      [
       3374.0,
       -1190.0
      ],
      [
       3373.0,
       -1188.0
      ],
      [
       3376.0,
       -1185.0
      ],
      [
       3384.0,
       -1184.0
      ],
      [
       3386.0,
       -1186.0
      ],
      [
       3390.0,
       -1186.0
      ],
      [
       3391.0,
       -1188.0
      ],
      [
       3400.0,
       -1187.0
      ],
      [
       3402.0,
       -1189.0
      ],
      [
       3405.0,
       -1189.0
      ],
      [
       3406.0,
       -1186.0
      ],
      [
       3409.0,
       -1188.0
      ],
      [
       3414.0,
       -1188.0
      ],
      [
       3421.0,
       -1183.0
      ],
      [
       3421.0,
       -1177.0
      ],
      [
       3425.0,
       -1172.0
      ],
      [
       3441.0,
       -1170.0
      ],
      [
       3440.0,
       -1169.0
      ],
      [
       3444.0,
       -1166.0
      ],
      [
       3443.0,
       -1158.0
      ],
      [
       3445.0,
       -1156.0
      ],
      [
       3442.0,
       -1151.0
      ],
      [
       3444.0,
       -1149.0
      ],
      [
       3443.0,
       -1146.0
      ],
      [
       3448.0,
       -1145.0
      ],
      [
       3453.0,
       -1140.0
      ],
      [
       3452.0,
       -1139.0
      ],
      [
       3457.0,
       -1137.0
      ],
      [
       3456.0,
       -1136.0
      ],
      [
       3460.0,
       -1133.0
      ],
      [
       3459.0,
       -1132.0
      ],
      [
       3462.0,
       -1131.0
      ],
      [
       3460.0,
       -1128.0
      ],
      [
       3462.0,
       -1126.0
      ],
      [
       3461.0,
       -1124.0
      ],
      [
       3456.0,
       -1124.0
      ],
      [
       3452.0,
       -1117.0
      ],
      [
       3454.0,
       -1115.0
      ],
      [
       3453.0,
       -1112.0
      ],
      [
       3455.0,
       -1111.0
      ],
      [
       3454.0,
       -1110.0
      ],
      [
       3456.0,
       -1106.0
      ],
      [
       3460.0,
       -1106.0
      ],
      [
       3463.0,
       -1103.0
      ],
      [
       3468.0,
       -1105.0
      ],
      [
       3467.0,
       -1104.0
      ],
      [
       3469.0,
       -1102.0
      ],
      [
       3466.0,
       -1097.0
      ],
      [
       3468.0,
       -1095.0
      ],
      [
       3467.0,
       -1093.0
      ],
      [
       3457.0,
       -1088.0
      ],
      [
       3455.0,
       -1084.0
      ],
      [
       3451.0,
       -1082.0
      ],
      [
       3449.0,
       -1077.0
      ],
      [
       3443.0,
       -1075.0
      ],
      [
       3437.0,
       -1078.0
      ],
      [
       3433.0,
       -1070.0
      ],
      [
       3429.0,
       -1068.0
      ],
      [
       3428.0,
       -1069.0
      ],
      [
       3423.0,
       -1065.0
      ],
      [
       3413.0,
       -1064.0
      ],
      [
       3409.0,
       -1061.0
      ],
      [
       3407.0,
       -1057.0
      ],
      [
       3409.0,
       -1055.0
      ],
      [
       3405.0,
       -1053.0
      ],
      [
       3400.0,
       -1042.0
      ],
      [
       3402.0,
       -1041.0
      ],
      [
       3403.0,
       -1037.0
      ],
      [
       3395.0,
       -1034.0
      ],
      [
       3391.0,
       -1025.0
      ],
      [
       3387.0,
       -1023.0
      ],
      [
       3385.0,
       -1018.0
      ],
      [
       3387.0,
       -1017.0
      ],
      [
       3391.0,
       -1009.0
      ],
      [
       3387.0,
       -1006.0
      ],
      [
       3384.0,
       -998.0
      ],
      [
       3380.0,
       -996.0
      ],
      [
       3378.0,
       -991.0
      ],
      [
       3379.0,
       -986.0
      ],
      [
       3375.0,
       -977.0
      ],
      [
       3366.0,
       -975.0
      ],
      [
       3358.0,
       -969.0
      ],
      [
       3352.0,
       -969.0
      ],
      [
       3351.0,
       -967.0
      ],
      [
       3347.0,
       -968.0
      ],
      [
       3346.0,
       -965.0
      ],
      [
       3344.0,
       -966.0
      ],
      [
       3343.0,
       -964.0
      ],
      [
       3341.0,
       -964.0
      ],
      [
       3340.0,
       -961.0
      ],
      [
       3336.0,
       -958.0
      ],
      [
       3334.0,
       -951.0
      ],
      [
       3331.0,
       -950.0
      ],
      [
       3330.0,
       -945.0
      ],
      [
       3328.0,
       -945.0
      ],
      [
       3320.0,
       -935.0
      ],
      [
       3318.0,
       -935.0
      ],
      [
       3317.0,
       -933.0
      ],
      [
       3313.0,
       -933.0
      ],
      [
       3311.0,
       -929.0
      ],
      [
       3313.0,
       -927.0
      ],
      [
       3311.0,
       -927.0
      ],
      [
       3304.0,
       -921.0
      ],
      [
       3301.0,
       -921.0
      ],
      [
       3299.0,
       -916.0
      ],
      [
       3298.0,
       -917.0
      ],
      [
       3296.0,
       -915.0
      ],
      [
       3293.0,
       -904.0
      ],
      [
       3295.0,
       -903.0
      ],
      [
       3294.0,
       -899.0
      ],
      [
       3297.0,
       -896.0
      ],
      [
       3296.0,
       -893.0
      ],
      [
       3294.0,
       -893.0
      ],
      [
       3291.0,
       -889.0
      ],
      [
       3288.0,
       -888.0
      ],
      [
       3285.0,
       -878.0
      ],
      [
       3288.0,
       -875.0
      ],
      [
       3290.0,
       -877.0
      ],
      [
       3293.0,
       -875.0
      ],
      [
       3291.0,
       -871.0
      ],
      [
       3293.0,
       -870.0
      ],
      [
       3292.0,
       -865.0
      ],
      [
       3290.0,
       -867.0
      ],
      [
       3285.0,
       -867.0
      ],
      [
       3284.0,
       -865.0
      ],
      [
       3279.0,
       -865.0
      ],
      [
       3277.0,
       -863.0
      ],
      [
       3272.0,
       -863.0
      ],
      [
       3271.0,
       -861.0
      ],
      [
       3266.0,
       -861.0
      ],
      [
       3262.0,
       -857.0
      ],
      [
       3259.0,
       -857.0
      ],
      [
       3253.0,
       -851.0
      ],
      [
       3250.0,
       -851.0
      ],
      [
       3249.0,
       -848.0
      ],
      [
       3247.0,
       -851.0
      ],
      [
       3240.0,
       -851.0
      ],
      [
       3239.0,
       -846.0
      ],
      [
       3237.0,
       -846.0
      ],
      [
       3232.0,
       -840.0
      ],
      [
       3224.0,
       -838.0
      ],
      [
       3223.0,
       -836.0
      ],
      [
       3209.0,
       -836.0
      ],
      [
       3205.0,
       -831.0
      ],
      [
       3201.0,
       -830.0
      ],
      [
       3200.0,
       -823.0
      ],
      [
       3198.0,
       -822.0
      ],
      [
       3195.0,
       -816.0
      ],
      [
       3193.0,
       -816.0
      ],
      [
       3194.0,
       -824.0
      ],
      [
       3188.0,
       -829.0
      ],
      [
       3185.0,
       -829.0
      ],
      [
       3185.0,
       -831.0
      ],
      [
       3183.0,
       -829.0
      ],
      [
       3178.0,
       -829.0
      ],
      [
       3177.0,
       -827.0
      ],
      [
       3159.0,
       -827.0
      ],
      [
       3155.0,
       -833.0
      ],
      [
       3141.0,
       -833.0
      ],
      [
       3142.0,
       -837.0
      ],
      [
       3135.0,
       -844.0
      ],
      [
       3134.0,
       -848.0
      ],
      [
       3131.0,
       -851.0
      ],
      [
       3119.0,
       -851.0
      ],
      [
       3117.0,
       -855.0
      ],
      [
       3097.0,
       -855.0
      ],
      [
       3095.0,
       -850.0
      ],
      [
       3091.0,
       -847.0
      ],
      [
       3091.0,
       -845.0
      ],
      [
       3088.0,
       -845.0
      ],
      [
       3088.0,
       -847.0
      ],
      [
       3086.0,
       -848.0
      ],
      [
       3085.0,
       -845.0
      ],
      [
       3082.0,
       -845.0
      ],
      [
       3079.0,
       -841.0
      ],
      [
       3076.0,
       -841.0
      ],
      [
       3075.0,
       -838.0
      ],
      [
       3073.0,
       -841.0
      ],
      [
       3068.0,
       -840.0
      ],
      [
       3068.0,
       -843.0
      ],
      [
       3065.0,
       -840.0
      ],
      [
       3059.0,
       -840.0
      ],
      [
       3058.0,
       -842.0
      ],
      [
       3056.0,
       -840.0
      ],
      [
       3049.0,
       -840.0
      ],
      [
       3048.0,
       -842.0
      ],
      [
       3045.0,
       -842.0
      ],
      [
       3046.0,
       -843.0
      ],
      [
       3043.0,
       -846.0
      ],
      [
       3036.0,
       -846.0
      ],
      [
       3033.0,
       -850.0
      ],
      [
       3027.0,
       -850.0
      ],
      [
       3026.0,
       -852.0
      ],
      [
       3024.0,
       -850.0
      ],
      [
       3022.0,
       -852.0
      ],
      [
       3019.0,
       -850.0
      ],
      [
       3013.0,
       -856.0
      ],
      [
       3012.0,
       -859.0
      ],
      [
       3009.0,
       -858.0
      ],
      [
       3009.0,
       -861.0
      ],
      [
       3004.0,
       -860.0
      ],
      [
       3004.0,
       -862.0
      ],
      [
       3001.0,
       -865.0
      ],
      [
       2998.0,
       -865.0
      ],
      [
       2991.0,
       -873.0
      ],
      [
       2988.0,
       -873.0
      ],
      [
       2989.0,
       -877.0
      ],
      [
       2987.0,
       -878.0
      ],
      [
       2987.0,
       -883.0
      ],
      [
       2981.0,
       -888.0
      ],
      [
       2980.0,
       -891.0
      ],
      [
       2975.0,
       -890.0
      ],
      [
       2975.0,
       -892.0
      ],
      [
       2971.0,
       -892.0
      ],
      [
       2971.0,
       -894.0
      ],
      [
       2966.0,
       -899.0
      ],
      [
       2963.0,
       -899.0
      ],
      [
       2962.0,
       -901.0
      ],
      [
       2955.0,
       -903.0
      ],
      [
       2954.0,
       -900.0
      ],
      [
       2949.0,
       -899.0
      ],
      [
       2947.0,
       -891.0
      ],
      [
       2940.0,
       -886.0
      ],
      [
       2940.0,
       -878.0
      ],
      [
       2942.0,
       -877.0
      ],
      [
       2942.0,
       -872.0
      ],
      [
       2939.0,
       -870.0
      ],
      [
       2939.0,
       -866.0
      ],
      [
       2933.0,
       -861.0
      ],
      [
       2933.0,
       -859.0
      ],
      [
       2926.0,
       -858.0
      ],
      [
       2924.0,
       -850.0
      ],
      [
       2920.0,
       -847.0
      ],
      [
       2920.0,
       -845.0
      ],
      [
       2918.0,
       -845.0
      ],
      [
       2917.0,
       -843.0
      ],
      [
       2908.0,
       -843.0
      ],
      [
       2905.0,
       -838.0
      ],
      [
       2901.0,
       -838.0
      ],
      [
       2900.0,
       -835.0
      ],
      [
       2896.0,
       -834.0
      ],
      [
       2896.0,
       -822.0
      ],
      [
       2893.0,
       -819.0
      ]
     ]
    ]
   }
  },
  {
   "type": "Feature",
   "properties": {
    "code": "terra_cimmeria",
    "name": "Terra Cimmeria",
    "number": 23,
    "capital": null,
    "culture": null,
    "civs": [
     "mcc",
     "mla"
    ],
    "provinceType": "land",
    "terrain": "highlands",
    "mapTypes": [
     "mars"
    ],
    "resources": null,
    "religion": null,
    "population": "medium",
    "centerpoint": [
     3763,
     1014
    ],
    "position": {
     "x": 3286,
     "y": 764
    },
    "bbox": {
     "w": 810,
     "h": 422
    },
    "maskSize": [
     1024,
     512
    ],
    "links": [
     "elysium_mons",
     "elysium_planitia",
     "hesperia_planum",
     "terra_sirenum"
    ]
   },
   "geometry": {
    "type": "Polygon",
    "coordinates": [
     [
      [
       3286.0,
       -878.0
      ],
      [
       3289.0,
       -888.0
      ],
      [
       3291.0,
       -888.0
      ],
      [
       3294.0,
       -892.0
      ],
      [
       3297.0,
       -893.0
      ],
      [
       3298.0,
       -896.0
      ],
      [
       3295.0,
       -899.0
      ],
      [
       3296.0,
       -903.0
      ],
      [
       3294.0,
       -905.0
      ],
      [
       3297.0,
       -915.0
      ],
      [
       3300.0,
       -916.0
      ],
      [
       3301.0,
       -920.0
      ],
      [
       3304.0,
       -920.0
      ],
      [
       3311.0,
       -926.0
      ],
      [
       3313.0,
       -926.0
      ],
      [
       3313.0,
       -932.0
      ],
      [
       3317.0,
       -932.0
      ],
      [
       3318.0,
       -934.0
      ],
      [
       3320.0,
       -934.0
      ],
      [
       3324.0,
       -938.0
      ],
      [
       3324.0,
       -940.0
      ],
      [
       3326.0,
       -940.0
      ],
      [
       3328.0,
       -944.0
      ],
      [
       3331.0,
       -945.0
      ],
      [
       3332.0,
       -950.0
      ],
      [
       3335.0,
       -951.0
      ],
      [
       3337.0,
       -958.0
      ],
      [
       3341.0,
       -961.0
      ],
      [
       3341.0,
       -963.0
      ],
      [
       3343.0,
       -963.0
      ],
      [
       3344.0,
       -965.0
      ],
      [
       3346.0,
       -964.0
      ],
      [
       3347.0,
       -967.0
      ],
      [
       3351.0,
       -966.0
      ],
      [
       3352.0,
       -968.0
      ],
      [
       3358.0,
       -968.0
      ],
      [
       3366.0,
       -974.0
      ],
      [
       3369.0,
       -974.0
      ],
      [
       3371.0,
       -976.0
      ],
      [
       3374.0,
       -975.0
      ],
      [
       3376.0,
       -977.0
      ],
      [
       3380.0,
       -986.0
      ],
      [
       3379.0,
       -991.0
      ],
      [
       3381.0,
       -996.0
      ],
      [
       3385.0,
       -998.0
      ],
      [
       3388.0,
       -1006.0
      ],
      [
       3390.0,
       -1006.0
      ],
      [
       3392.0,
       -1009.0
      ],
      [
       3388.0,
       -1017.0
      ],
      [
       3386.0,
       -1018.0
      ],
      [
       3388.0,
       -1023.0
      ],
      [
       3392.0,
       -1025.0
      ],
      [
       3395.0,
       -1033.0
      ],
      [
       3404.0,
       -1037.0
      ],
      [
       3403.0,
       -1041.0
      ],
      [
       3401.0,
       -1042.0
      ],
      [
       3406.0,
       -1053.0
      ],
      [
       3410.0,
       -1055.0
      ],
      [
       3408.0,
       -1056.0
      ],
      [
       3410.0,
       -1061.0
      ],
      [
       3416.0,
       -1064.0
      ],
      [
       3423.0,
       -1064.0
      ],
      [
       3428.0,
       -1068.0
      ],
      [
       3429.0,
       -1067.0
      ],
      [
       3433.0,
       -1069.0
      ],
      [
       3437.0,
       -1077.0
      ],
      [
       3443.0,
       -1074.0
      ],
      [
       3449.0,
       -1076.0
      ],
      [
       3452.0,
       -1082.0
      ],
      [
       3454.0,
       -1082.0
      ],
      [
       3457.0,
       -1087.0
      ],
      [
       3463.0,
       -1089.0
      ],
      [
       3469.0,
       -1095.0
      ],
      [
       3467.0,
       -1097.0
      ],
      [
       3470.0,
       -1102.0
      ],
      [
       3468.0,
       -1104.0
      ],
      [
       3469.0,
       -1105.0
      ],
      [
       3466.0,
       -1106.0
      ],
      [
       3463.0,
       -1104.0
      ],
      [
       3460.0,
       -1107.0
      ],
      [
       3456.0,
       -1107.0
      ],
      [
       3456.0,
       -1111.0
      ],
      [
       3454.0,
       -1112.0
      ],
      [
       3455.0,
       -1115.0
      ],
      [
       3453.0,
       -1116.0
      ],
      [
       3456.0,
       -1123.0
      ],
      [
       3460.0,
       -1122.0
      ],
      [
       3463.0,
       -1126.0
      ],
      [
       3461.0,
       -1128.0
      ],
      [
       3463.0,
       -1131.0
      ],
      [
       3460.0,
       -1132.0
      ],
      [
       3461.0,
       -1133.0
      ],
      [
       3457.0,
       -1136.0
      ],
      [
       3458.0,
       -1137.0
      ],
      [
       3453.0,
       -1139.0
      ],
      [
       3454.0,
       -1140.0
      ],
      [
       3448.0,
       -1146.0
      ],
      [
       3444.0,
       -1146.0
      ],
      [
       3445.0,
       -1149.0
      ],
      [
       3443.0,
       -1151.0
      ],
      [
       3446.0,
       -1156.0
      ],
      [
       3444.0,
       -1159.0
      ],
      [
       3449.0,
       -1163.0
      ],
      [
       3452.0,
       -1171.0
      ],
      [
       3467.0,
       -1171.0
      ],
      [
       3472.0,
       -1175.0
      ],
      [
       3475.0,
       -1175.0
      ],
      [
       3476.0,
       -1178.0
      ],
      [
       3481.0,
       -1178.0
      ],
      [
       3483.0,
       -1180.0
      ],
      [
       3488.0,
       -1181.0
      ],
      [
       3489.0,
       -1183.0
      ],
      [
       3499.0,
       -1182.0
      ],
      [
       3499.0,
       -1180.0
      ],
      [
       3512.0,
       -1180.0
      ],
      [
       3514.0,
       -1182.0
      ],
      [
       3525.0,
       -1183.0
      ],
      [
       3526.0,
       -1185.0
      ],
      [
       3534.0,
       -1181.0
      ],
      [
       3537.0,
       -1183.0
      ],
      [
       3544.0,
       -1182.0
      ],
      [
       3544.0,
       -1180.0
      ],
      [
       3548.0,
       -1180.0
      ],
      [
       3549.0,
       -1177.0
      ],
      [
       3563.0,
       -1176.0
      ],
      [
       3563.0,
       -1174.0
      ],
      [
       3566.0,
       -1173.0
      ],
      [
       3566.0,
       -1171.0
      ],
      [
       3570.0,
       -1173.0
      ],
      [
       3572.0,
       -1170.0
      ],
      [
       3576.0,
       -1170.0
      ],
      [
       3577.0,
       -1167.0
      ],
      [
       3583.0,
       -1167.0
      ],
      [
       3584.0,
       -1164.0
      ],
      [
       3594.0,
       -1163.0
      ],
      [
       3594.0,
       -1161.0
      ],
      [
       3602.0,
       -1160.0
      ],
      [
       3604.0,
       -1162.0
      ],
      [
       3618.0,
       -1160.0
      ],
      [
       3622.0,
       -1161.0
      ],
      [
       3626.0,
       -1167.0
      ],
      [
       3637.0,
       -1165.0
      ],
      [
       3639.0,
       -1167.0
      ],
      [
       3647.0,
       -1165.0
      ],
      [
       3664.0,
       -1165.0
      ],
      [
       3667.0,
       -1167.0
      ],
      [
       3667.0,
       -1165.0
      ],
      [
       3670.0,
       -1164.0
      ],
      [
       3670.0,
       -1162.0
      ],
      [
       3676.0,
       -1163.0
      ],
      [
       3680.0,
       -1160.0
      ],
      [
       3712.0,
       -1155.0
      ],
      [
       3723.0,
       -1160.0
      ],
      [
       3731.0,
       -1158.0
      ],
      [
       3744.0,
       -1158.0
      ],
      [
       3746.0,
       -1160.0
      ],
      [
       3749.0,
       -1160.0
      ],
      [
       3751.0,
       -1163.0
      ],
      [
       3770.0,
       -1162.0
      ],
      [
       3778.0,
       -1167.0
      ],
      [
       3805.0,
       -1163.0
      ],
      [
       3807.0,
       -1162.0
      ],
      [
       3807.0,
       -1160.0
      ],
      [
       3814.0,
       -1159.0
      ],
      [
       3814.0,
       -1157.0
      ],
      [
       3817.0,
       -1157.0
      ],
      [
       3816.0,
       -1155.0
      ],
      [
       3820.0,
       -1154.0
      ],
      [
       3819.0,
       -1153.0
      ],
      [
       3822.0,
       -1152.0
      ],
      [
       3823.0,
       -1149.0
      ],
      [
       3834.0,
       -1148.0
      ],
      [
       3834.0,
       -1145.0
      ],
      [
       3849.0,
       -1143.0
      ],
      [
       3852.0,
       -1140.0
      ],
      [
       3857.0,
       -1140.0
      ],
      [
       3857.0,
       -1137.0
      ],
      [
       3860.0,
       -1137.0
      ],
      [
       3862.0,
       -1139.0
      ],
      [
       3887.0,
       -1134.0
      ],
      [
       3889.0,
       -1136.0
      ],
      [
       3898.0,
       -1137.0
      ],
      [
       3902.0,
       -1136.0
      ],
      [
       3906.0,
       -1131.0
      ],
      [
       3914.0,
       -1130.0
      ],
      [
       3913.0,
       -1129.0
      ],
      [
       3916.0,
       -1127.0
      ],
      [
       3921.0,
       -1129.0
      ],
      [
       3937.0,
       -1126.0
      ],
      [
       3938.0,
       -1128.0
      ],
      [
       3946.0,
       -1126.0
      ],
      [
       3948.0,
       -1128.0
      ],
      [
       3962.0,
       -1126.0
      ],
      [
       3964.0,
       -1128.0
      ],
      [
       3972.0,
       -1126.0
      ],
      [
       3972.0,
       -1124.0
      ],
      [
       3981.0,
       -1123.0
      ],
      [
       3982.0,
       -1125.0
      ],
      [
       3992.0,
       -1125.0
      ],
      [
       3993.0,
       -1127.0
      ],
      [
       4002.0,
       -1125.0
      ],
      [
       4003.0,
       -1127.0
      ],
      [
       4012.0,
       -1126.0
      ],
      [
       4013.0,
       -1128.0
      ],
      [
       4027.0,
       -1128.0
      ],
      [
       4028.0,
       -1130.0
      ],
      [
       4055.0,
       -1125.0
      ],
      [
       4056.0,
       -1127.0
      ],
      [
       4069.0,
       -1125.0
      ],
      [
       4070.0,
       -1127.0
      ],
      [
       4074.0,
       -1127.0
      ],
      [
       4075.0,
       -1129.0
      ],
      [
       4079.0,
       -1128.0
      ],
      [
       4080.0,
       -1130.0
      ],
      [
       4084.0,
       -1129.0
      ],
      [
       4085.0,
       -1131.0
      ],
      [
       4095.0,
       -1131.0
      ],
      [
       4095.0,
       -786.0
      ],
      [
       4081.0,
       -786.0
      ],
      [
       3979.0,
       -801.0
      ],
      [
       3980.0,
       -802.0
      ],
      [
       3976.0,
       -804.0
      ],
      [
       3970.0,
       -804.0
      ],
      [
       3968.0,
       -805.0
      ],
      [
       3968.0,
       -807.0
      ],
      [
       3957.0,
       -808.0
      ],
      [
       3956.0,
       -811.0
      ],
      [
       3944.0,
       -812.0
      ],
      [
       3945.0,
       -813.0
      ],
      [
       3943.0,
       -815.0
      ],
      [
       3926.0,
       -817.0
      ],
      [
       3927.0,
       -818.0
      ],
      [
       3923.0,
       -820.0
      ],
      [
       3909.0,
       -822.0
      ],
      [
       3909.0,
       -824.0
      ],
      [
       3899.0,
       -825.0
      ],
      [
       3898.0,
       -828.0
      ],
      [
       3887.0,
       -829.0
      ],
      [
       3888.0,
       -830.0
      ],
      [
       3885.0,
       -832.0
      ],
      [
       3870.0,
       -834.0
      ],
      [
       3870.0,
       -836.0
      ],
      [
       3867.0,
       -836.0
      ],
      [
       3866.0,
       -837.0
      ],
      [
       3869.0,
       -839.0
      ],
      [
       3875.0,
       -838.0
      ],
      [
       3885.0,
       -847.0
      ],
      [
       3881.0,
       -848.0
      ],
      [
       3880.0,
       -851.0
      ],
      [
       3861.0,
       -854.0
      ],
      [
       3836.0,
       -853.0
      ],
      [
       3820.0,
       -856.0
      ],
      [
       3820.0,
       -858.0
      ],
      [
       3811.0,
       -859.0
      ],
      [
       3812.0,
       -860.0
      ],
      [
       3810.0,
       -862.0
      ],
      [
       3798.0,
       -864.0
      ],
      [
       3795.0,
       -862.0
      ],
      [
       3790.0,
       -863.0
      ],
      [
       3788.0,
       -861.0
      ],
      [
       3772.0,
       -861.0
      ],
      [
       3746.0,
       -865.0
      ],
      [
       3745.0,
       -868.0
      ],
      [
       3720.0,
       -871.0
      ],
      [
       3721.0,
       -872.0
      ],
      [
       3718.0,
       -874.0
      ],
      [
       3718.0,
       -876.0
      ],
      [
       3697.0,
       -877.0
      ],
      [
       3695.0,
       -875.0
      ],
      [
       3684.0,
       -876.0
      ],
      [
       3685.0,
       -877.0
      ],
      [
       3683.0,
       -879.0
      ],
      [
       3678.0,
       -879.0
      ],
      [
       3679.0,
       -880.0
      ],
      [
       3677.0,
       -882.0
      ],
      [
       3672.0,
       -882.0
      ],
      [
       3673.0,
       -883.0
      ],
      [
       3670.0,
       -885.0
      ],
      [
       3659.0,
       -886.0
      ],
      [
       3656.0,
       -884.0
      ],
      [
       3640.0,
       -887.0
      ],
      [
       3639.0,
       -885.0
      ],
      [
       3632.0,
       -886.0
      ],
      [
       3631.0,
       -884.0
      ],
      [
       3618.0,
       -881.0
      ],
      [
       3607.0,
       -866.0
      ],
      [
       3594.0,
       -866.0
      ],
      [
       3588.0,
       -862.0
      ],
      [
       3581.0,
       -861.0
      ],
      [
       3580.0,
       -859.0
      ],
      [
       3577.0,
       -859.0
      ],
      [
       3575.0,
       -857.0
      ],
      [
       3573.0,
       -858.0
      ],
      [
       3570.0,
       -854.0
      ],
      [
       3572.0,
       -852.0
      ],
      [
       3569.0,
       -852.0
      ],
      [
       3568.0,
       -850.0
      ],
      [
       3565.0,
       -850.0
      ],
      [
       3563.0,
       -848.0
      ],
      [
       3558.0,
       -849.0
      ],
      [
       3557.0,
       -847.0
      ],
      [
       3554.0,
       -847.0
      ],
      [
       3552.0,
       -843.0
      ],
      [
       3546.0,
       -842.0
      ],
      [
       3544.0,
       -840.0
      ],
      [
       3534.0,
       -841.0
      ],
      [
       3528.0,
       -837.0
      ],
      [
       3516.0,
       -834.0
      ],
      [
       3512.0,
       -827.0
      ],
      [
       3514.0,
       -825.0
      ],
      [
       3509.0,
       -816.0
      ],
      [
       3512.0,
       -815.0
      ],
      [
       3509.0,
       -814.0
      ],
      [
       3506.0,
       -809.0
      ],
      [
       3509.0,
       -805.0
      ],
      [
       3507.0,
       -801.0
      ],
      [
       3509.0,
       -800.0
      ],
      [
       3508.0,
       -796.0
      ],
      [
       3504.0,
       -793.0
      ],
      [
       3497.0,
       -794.0
      ],
      [
       3491.0,
       -788.0
      ],
      [
       3485.0,
       -785.0
      ],
      [
       3484.0,
       -782.0
      ],
      [
       3488.0,
       -779.0
      ],
      [
       3484.0,
       -777.0
      ],
      [
       3481.0,
       -770.0
      ],
      [
       3483.0,
       -769.0
      ],
      [
       3483.0,
       -767.0
      ],
      [
       3480.0,
       -764.0
      ],
      [
       3479.0,
       -767.0
      ],
      [
       3475.0,
       -770.0
      ],
      [
       3476.0,
       -771.0
      ],
      [
       3471.0,
       -775.0
      ],
      [
       3464.0,
       -775.0
      ],
      [
       3462.0,
       -778.0
      ],
      [
       3458.0,
       -776.0
      ],
      [
       3450.0,
       -776.0
      ],
      [
       3451.0,
       -777.0
      ],
      [
       3448.0,
       -778.0
      ],
      [
       3446.0,
       -781.0
      ],
      [
       3441.0,
       -781.0
      ],
      [
       3441.0,
       -783.0
      ],
      [
       3437.0,
       -783.0
      ],
      [
       3437.0,
       -787.0
      ],
      [
       3435.0,
       -788.0
      ],
      [
       3436.0,
       -791.0
      ],
      [
       3430.0,
       -799.0
      ],
      [
       3433.0,
       -806.0
      ],
      [
       3429.0,
       -809.0
      ],
      [
       3430.0,
       -810.0
      ],
      [
       3428.0,
       -812.0
      ],
      [
       3429.0,
       -819.0
      ],
      [
       3426.0,
       -822.0
      ],
      [
       3423.0,
       -822.0
      ],
      [
       3423.0,
       -825.0
      ],
      [
       3415.0,
       -825.0
      ],
      [
       3413.0,
       -823.0
      ],
      [
       3412.0,
       -825.0
      ],
      [
       3409.0,
       -825.0
      ],
      [
       3409.0,
       -828.0
      ],
      [
       3397.0,
       -832.0
      ],
      [
       3396.0,
       -835.0
      ],
      [
       3384.0,
       -833.0
      ],
      [
       3383.0,
       -831.0
      ],
      [
       3381.0,
       -833.0
      ],
      [
       3378.0,
       -833.0
      ],
      [
       3374.0,
       -829.0
      ],
      [
       3371.0,
       -830.0
      ],
      [
       3369.0,
       -827.0
      ],
      [
       3360.0,
       -828.0
      ],
      [
       3358.0,
       -826.0
      ],
      [
       3351.0,
       -826.0
      ],
      [
       3350.0,
       -824.0
      ],
      [
       3342.0,
       -826.0
      ],
      [
       3339.0,
       -829.0
      ],
      [
       3337.0,
       -827.0
      ],
      [
       3330.0,
       -827.0
      ],
      [
       3328.0,
       -831.0
      ],
      [
       3325.0,
       -831.0
      ],
      [
       3323.0,
       -836.0
      ],
      [
       3318.0,
       -836.0
      ],
      [
       3319.0,
       -837.0
      ],
      [
       3315.0,
       -840.0
      ],
      [
       3317.0,
       -844.0
      ],
      [
       3315.0,
       -845.0
      ],
      [
       3316.0,
       -848.0
      ],
      [
       3313.0,
       -851.0
      ],
      [
       3309.0,
       -851.0
      ],
      [
       3309.0,
       -853.0
      ],
      [
       3306.0,
       -854.0
      ],
      [
       3302.0,
       -860.0
      ],
      [
       3299.0,
       -860.0
      ],
      [
       3299.0,
       -863.0
      ],
      [
       3292.0,
       -863.0
      ],
      [
       3294.0,
       -870.0
      ],
      [
       3292.0,
       -871.0
      ],
      [
       3294.0,
       -875.0
      ],
      [
       3291.0,
       -878.0
      ],
      [
       3289.0,
       -876.0
      ],
      [
       3286.0,
       -878.0
      ]
     ]
    ]
   }
  },
  {
   "type": "Feature",
   "properties": {
    "code": "amazonis_planitia",
    "name": "Amazonis Planitia",
    "number": 24,
    "capital": null,
    "culture": null,
    "civs": [
     "mcc",
     "mla"
    ],
    "provinceType": "land",
    "terrain": "plains",
    "mapTypes": [
     "mars"
    ],
    "resources": null,
    "religion": null,
    "population": "high",
    "centerpoint": [
     158,
     1170
    ],
    "position": {
     "x": 0,
     "y": 857
    },
    "bbox": {
     "w": 685,
     "h": 607
    },
    "maskSize": [
     1024,
     1024
    ],
    "links": [
     "arsia_mons",
     "daedalia_planum",
     "eridania_planitia",
     "pavonis_mons"
    ]
   },
   "geometry": {
    "type": "Polygon",
    "coordinates": [
     [
      [
       0.0,
       -857.0
      ],
      [
       0.0,
       -1271.0
      ],
      [
       9.0,
       -1271.0
      ],
      [
       10.0,
       -1274.0
      ],
      [
       14.0,
       -1274.0
      ],
      [
       16.0,
       -1277.0
      ],
      [
       24.0,
       -1278.0
      ],
      [
       25.0,
       -1281.0
      ],
      [
       29.0,
       -1281.0
      ],
      [
       32.0,
       -1284.0
      ],
      [
       37.0,
       -1285.0
      ],
      [
       39.0,
       -1288.0
      ],
      [
       43.0,
       -1288.0
      ],
      [
       44.0,
       -1293.0
      ],
      [
       47.0,
       -1294.0
      ],
      [
       47.0,
       -1300.0
      ],
      [
       51.0,
       -1300.0
      ],
      [
       53.0,
       -1303.0
      ],
      [
       58.0,
       -1304.0
      ],
      [
       62.0,
       -1309.0
      ],
      [
       95.0,
       -1315.0
      ],
      [
       96.0,
       -1318.0
      ],
      [
       99.0,
       -1319.0
      ],
      [
       99.0,
       -1322.0
      ],
      [
       104.0,
       -1326.0
      ],
      [
       122.0,
       -1329.0
      ],
      [
       124.0,
       -1327.0
      ],
      [
       126.0,
       -1330.0
      ],
      [
       129.0,
       -1331.0
      ],
      [
       129.0,
       -1333.0
      ],
      [
       131.0,
       -1333.0
      ],
      [
       132.0,
       -1331.0
      ],
      [
       137.0,
       -1332.0
      ],
      [
       138.0,
       -1330.0
      ],
      [
       152.0,
       -1333.0
      ],
      [
       153.0,
       -1331.0
      ],
      [
       155.0,
       -1332.0
      ],
      [
       156.0,
       -1330.0
      ],
      [
       159.0,
       -1330.0
      ],
      [
       165.0,
       -1334.0
      ],
      [
       178.0,
       -1336.0
      ],
      [
       184.0,
       -1342.0
      ],
      [
       191.0,
       -1343.0
      ],
      [
       194.0,
       -1346.0
      ],
      [
       202.0,
       -1347.0
      ],
      [
       206.0,
       -1352.0
      ],
      [
       209.0,
       -1353.0
      ],
      [
       209.0,
       -1363.0
      ],
      [
       222.0,
       -1365.0
      ],
      [
       223.0,
       -1363.0
      ],
      [
       225.0,
       -1364.0
      ],
      [
       226.0,
       -1362.0
      ],
      [
       228.0,
       -1362.0
      ],
      [
       230.0,
       -1365.0
      ],
      [
       239.0,
       -1366.0
      ],
      [
       243.0,
       -1371.0
      ],
      [
       246.0,
       -1372.0
      ],
      [
       248.0,
       -1384.0
      ],
      [
       250.0,
       -1384.0
      ],
      [
       254.0,
       -1388.0
      ],
      [
       252.0,
       -1390.0
      ],
      [
       251.0,
       -1389.0
      ],
      [
       250.0,
       -1392.0
      ],
      [
       261.0,
       -1394.0
      ],
      [
       264.0,
       -1397.0
      ],
      [
       264.0,
       -1399.0
      ],
      [
       267.0,
       -1400.0
      ],
      [
       267.0,
       -1403.0
      ],
      [
       270.0,
       -1404.0
      ],
      [
       270.0,
       -1408.0
      ],
      [
       274.0,
       -1408.0
      ],
      [
       277.0,
       -1413.0
      ],
      [
       280.0,
       -1414.0
      ],
      [
       280.0,
       -1417.0
      ],
      [
       282.0,
       -1417.0
      ],
      [
       283.0,
       -1420.0
      ],
      [
       287.0,
       -1420.0
      ],
      [
       291.0,
       -1424.0
      ],
      [
       290.0,
       -1425.0
      ],
      [
       298.0,
       -1428.0
      ],
      [
       299.0,
       -1426.0
      ],
      [
       307.0,
       -1427.0
      ],
      [
       314.0,
       -1430.0
      ],
      [
       315.0,
       -1433.0
      ],
      [
       327.0,
       -1434.0
      ],
      [
       330.0,
       -1433.0
      ],
      [
       330.0,
       -1430.0
      ],
      [
       334.0,
       -1428.0
      ],
      [
       345.0,
       -1427.0
      ],
      [
       354.0,
       -1429.0
      ],
      [
       355.0,
       -1427.0
      ],
      [
       370.0,
       -1429.0
      ],
      [
       374.0,
       -1432.0
      ],
      [
       374.0,
       -1434.0
      ],
      [
       395.0,
       -1434.0
      ],
      [
       399.0,
       -1437.0
      ],
      [
       403.0,
       -1437.0
      ],
      [
       405.0,
       -1440.0
      ],
      [
       411.0,
       -1440.0
      ],
      [
       416.0,
       -1445.0
      ],
      [
       420.0,
       -1445.0
      ],
      [
       426.0,
       -1442.0
      ],
      [
       427.0,
       -1440.0
      ],
      [
       431.0,
       -1441.0
      ],
      [
       437.0,
       -1432.0
      ],
      [
       439.0,
       -1432.0
      ],
      [
       440.0,
       -1434.0
      ],
      [
       444.0,
       -1433.0
      ],
      [
       445.0,
       -1431.0
      ],
      [
       449.0,
       -1432.0
      ],
      [
       458.0,
       -1425.0
      ],
      [
       472.0,
       -1426.0
      ],
      [
       475.0,
       -1423.0
      ],
      [
       486.0,
       -1424.0
      ],
      [
       486.0,
       -1420.0
      ],
      [
       488.0,
       -1417.0
      ],
      [
       510.0,
       -1419.0
      ],
      [
       513.0,
       -1423.0
      ],
      [
       535.0,
       -1424.0
      ],
      [
       537.0,
       -1427.0
      ],
      [
       547.0,
       -1427.0
      ],
      [
       550.0,
       -1424.0
      ],
      [
       562.0,
       -1424.0
      ],
      [
       563.0,
       -1426.0
      ],
      [
       571.0,
       -1429.0
      ],
      [
       572.0,
       -1427.0
      ],
      [
       576.0,
       -1427.0
      ],
      [
       589.0,
       -1441.0
      ],
      [
       597.0,
       -1441.0
      ],
      [
       598.0,
       -1443.0
      ],
      [
       601.0,
       -1443.0
      ],
      [
       606.0,
       -1449.0
      ],
      [
       609.0,
       -1449.0
      ],
      [
       610.0,
       -1451.0
      ],
      [
       614.0,
       -1451.0
      ],
      [
       615.0,
       -1453.0
      ],
      [
       618.0,
       -1453.0
      ],
      [
       619.0,
       -1455.0
      ],
      [
       626.0,
       -1457.0
      ],
      [
       632.0,
       -1463.0
      ],
      [
       637.0,
       -1463.0
      ],
      [
       638.0,
       -1461.0
      ],
      [
       641.0,
       -1461.0
      ],
      [
       645.0,
       -1455.0
      ],
      [
       650.0,
       -1454.0
      ],
      [
       650.0,
       -1443.0
      ],
      [
       655.0,
       -1443.0
      ],
      [
       663.0,
       -1435.0
      ],
      [
       661.0,
       -1427.0
      ],
      [
       664.0,
       -1425.0
      ],
      [
       661.0,
       -1424.0
      ],
      [
       662.0,
       -1418.0
      ],
      [
       664.0,
       -1416.0
      ],
      [
       662.0,
       -1415.0
      ],
      [
       662.0,
       -1412.0
      ],
      [
       664.0,
       -1411.0
      ],
      [
       664.0,
       -1408.0
      ],
      [
       667.0,
       -1405.0
      ],
      [
       668.0,
       -1406.0
      ],
      [
       668.0,
       -1403.0
      ],
      [
       675.0,
       -1398.0
      ],
      [
       675.0,
       -1394.0
      ],
      [
       679.0,
       -1389.0
      ],
      [
       679.0,
       -1382.0
      ],
      [
       681.0,
       -1381.0
      ],
      [
       681.0,
       -1377.0
      ],
      [
       679.0,
       -1375.0
      ],
      [
       676.0,
       -1377.0
      ],
      [
       673.0,
       -1374.0
      ],
      [
       674.0,
       -1369.0
      ],
      [
       669.0,
       -1366.0
      ],
      [
       664.0,
       -1360.0
      ],
      [
       659.0,
       -1360.0
      ],
      [
       656.0,
       -1364.0
      ],
      [
       653.0,
       -1364.0
      ],
      [
       644.0,
       -1355.0
      ],
      [
       646.0,
       -1347.0
      ],
      [
       640.0,
       -1342.0
      ],
      [
       641.0,
       -1337.0
      ],
      [
       636.0,
       -1337.0
      ],
      [
       633.0,
       -1334.0
      ],
      [
       633.0,
       -1328.0
      ],
      [
       627.0,
       -1322.0
      ],
      [
       622.0,
       -1326.0
      ],
      [
       617.0,
       -1321.0
      ],
      [
       617.0,
       -1313.0
      ],
      [
       620.0,
       -1312.0
      ],
      [
       620.0,
       -1309.0
      ],
      [
       622.0,
       -1308.0
      ],
      [
       622.0,
       -1303.0
      ],
      [
       625.0,
       -1299.0
      ],
      [
       627.0,
       -1299.0
      ],
      [
       627.0,
       -1296.0
      ],
      [
       631.0,
       -1293.0
      ],
      [
       631.0,
       -1290.0
      ],
      [
       633.0,
       -1289.0
      ],
      [
       633.0,
       -1287.0
      ],
      [
       631.0,
       -1286.0
      ],
      [
       632.0,
       -1283.0
      ],
      [
       630.0,
       -1282.0
      ],
      [
       630.0,
       -1274.0
      ],
      [
       632.0,
       -1273.0
      ],
      [
       632.0,
       -1268.0
      ],
      [
       635.0,
       -1267.0
      ],
      [
       635.0,
       -1262.0
      ],
      [
       639.0,
       -1259.0
      ],
      [
       640.0,
       -1256.0
      ],
      [
       647.0,
       -1254.0
      ],
      [
       652.0,
       -1248.0
      ],
      [
       655.0,
       -1248.0
      ],
      [
       657.0,
       -1244.0
      ],
      [
       668.0,
       -1233.0
      ],
      [
       668.0,
       -1228.0
      ],
      [
       664.0,
       -1225.0
      ],
      [
       664.0,
       -1216.0
      ],
      [
       672.0,
       -1203.0
      ],
      [
       675.0,
       -1200.0
      ],
      [
       678.0,
       -1200.0
      ],
      [
       684.0,
       -1194.0
      ],
      [
       684.0,
       -1192.0
      ],
      [
       680.0,
       -1188.0
      ],
      [
       674.0,
       -1188.0
      ],
      [
       673.0,
       -1186.0
      ],
      [
       661.0,
       -1186.0
      ],
      [
       658.0,
       -1190.0
      ],
      [
       655.0,
       -1190.0
      ],
      [
       650.0,
       -1194.0
      ],
      [
       644.0,
       -1194.0
      ],
      [
       643.0,
       -1192.0
      ],
      [
       634.0,
       -1192.0
      ],
      [
       629.0,
       -1186.0
      ],
      [
       619.0,
       -1186.0
      ],
      [
       618.0,
       -1184.0
      ],
      [
       611.0,
       -1182.0
      ],
      [
       608.0,
       -1176.0
      ],
      [
       605.0,
       -1176.0
      ],
      [
       602.0,
       -1172.0
      ],
      [
       595.0,
       -1171.0
      ],
      [
       584.0,
       -1159.0
      ],
      [
       578.0,
       -1157.0
      ],
      [
       574.0,
       -1152.0
      ],
      [
       571.0,
       -1152.0
      ],
      [
       570.0,
       -1150.0
      ],
      [
       565.0,
       -1150.0
      ],
      [
       564.0,
       -1147.0
      ],
      [
       558.0,
       -1147.0
      ],
      [
       553.0,
       -1142.0
      ],
      [
       545.0,
       -1142.0
      ],
      [
       544.0,
       -1139.0
      ],
      [
       537.0,
       -1137.0
      ],
      [
       531.0,
       -1130.0
      ],
      [
       516.0,
       -1128.0
      ],
      [
       514.0,
       -1125.0
      ],
      [
       502.0,
       -1126.0
      ],
      [
       500.0,
       -1123.0
      ],
      [
       492.0,
       -1122.0
      ],
      [
       491.0,
       -1124.0
      ],
      [
       482.0,
       -1124.0
      ],
      [
       481.0,
       -1126.0
      ],
      [
       474.0,
       -1127.0
      ],
      [
       470.0,
       -1130.0
      ],
      [
       460.0,
       -1129.0
      ],
      [
       458.0,
       -1126.0
      ],
      [
       451.0,
       -1125.0
      ],
      [
       450.0,
       -1127.0
      ],
      [
       446.0,
       -1128.0
      ],
      [
       445.0,
       -1130.0
      ],
      [
       443.0,
       -1129.0
      ],
      [
       442.0,
       -1131.0
      ],
      [
       422.0,
       -1127.0
      ],
      [
       418.0,
       -1131.0
      ],
      [
       414.0,
       -1130.0
      ],
      [
       412.0,
       -1127.0
      ],
      [
       409.0,
       -1127.0
      ],
      [
       408.0,
       -1129.0
      ],
      [
       395.0,
       -1126.0
      ],
      [
       391.0,
       -1129.0
      ],
      [
       381.0,
       -1127.0
      ],
      [
       380.0,
       -1129.0
      ],
      [
       378.0,
       -1126.0
      ],
      [
       365.0,
       -1123.0
      ],
      [
       364.0,
       -1125.0
      ],
      [
       348.0,
       -1122.0
      ],
      [
       347.0,
       -1119.0
      ],
      [
       342.0,
       -1118.0
      ],
      [
       335.0,
       -1110.0
      ],
      [
       332.0,
       -1109.0
      ],
      [
       332.0,
       -1107.0
      ],
      [
       322.0,
       -1105.0
      ],
      [
       315.0,
       -1097.0
      ],
      [
       310.0,
       -1096.0
      ],
      [
       309.0,
       -1093.0
      ],
      [
       304.0,
       -1092.0
      ],
      [
       300.0,
       -1087.0
      ],
      [
       297.0,
       -1086.0
      ],
      [
       297.0,
       -1084.0
      ],
      [
       292.0,
       -1083.0
      ],
      [
       285.0,
       -1076.0
      ],
      [
       285.0,
       -1069.0
      ],
      [
       273.0,
       -1058.0
      ],
      [
       272.0,
       -1046.0
      ],
      [
       269.0,
       -1045.0
      ],
      [
       269.0,
       -1037.0
      ],
      [
       266.0,
       -1035.0
      ],
      [
       266.0,
       -1030.0
      ],
      [
       263.0,
       -1027.0
      ],
      [
       258.0,
       -1026.0
      ],
      [
       257.0,
       -1023.0
      ],
      [
       251.0,
       -1022.0
      ],
      [
       250.0,
       -1019.0
      ],
      [
       245.0,
       -1018.0
      ],
      [
       238.0,
       -1012.0
      ],
      [
       217.0,
       -1007.0
      ],
      [
       216.0,
       -1004.0
      ],
      [
       214.0,
       -1004.0
      ],
      [
       213.0,
       -1001.0
      ],
      [
       211.0,
       -1001.0
      ],
      [
       209.0,
       -998.0
      ],
      [
       204.0,
       -997.0
      ],
      [
       200.0,
       -1000.0
      ],
      [
       189.0,
       -998.0
      ],
      [
       184.0,
       -990.0
      ],
      [
       178.0,
       -991.0
      ],
      [
       172.0,
       -989.0
      ],
      [
       172.0,
       -991.0
      ],
      [
       166.0,
       -990.0
      ],
      [
       165.0,
       -992.0
      ],
      [
       156.0,
       -989.0
      ],
      [
       153.0,
       -989.0
      ],
      [
       152.0,
       -991.0
      ],
      [
       147.0,
       -989.0
      ],
      [
       146.0,
       -991.0
      ],
      [
       131.0,
       -988.0
      ],
      [
       130.0,
       -983.0
      ],
      [
       128.0,
       -983.0
      ],
      [
       127.0,
       -980.0
      ],
      [
       124.0,
       -980.0
      ],
      [
       123.0,
       -977.0
      ],
      [
       119.0,
       -979.0
      ],
      [
       102.0,
       -975.0
      ],
      [
       101.0,
       -972.0
      ],
      [
       98.0,
       -972.0
      ],
      [
       92.0,
       -968.0
      ],
      [
       91.0,
       -964.0
      ],
      [
       88.0,
       -962.0
      ],
      [
       88.0,
       -955.0
      ],
      [
       85.0,
       -952.0
      ],
      [
       78.0,
       -953.0
      ],
      [
       72.0,
       -951.0
      ],
      [
       72.0,
       -945.0
      ],
      [
       69.0,
       -944.0
      ],
      [
       69.0,
       -930.0
      ],
      [
       67.0,
       -930.0
      ],
      [
       66.0,
       -927.0
      ],
      [
       64.0,
       -927.0
      ],
      [
       62.0,
       -924.0
      ],
      [
       53.0,
       -923.0
      ],
      [
       51.0,
       -920.0
      ],
      [
       48.0,
       -920.0
      ],
      [
       47.0,
       -917.0
      ],
      [
       45.0,
       -917.0
      ],
      [
       41.0,
       -913.0
      ],
      [
       41.0,
       -904.0
      ],
      [
       48.0,
       -902.0
      ],
      [
       48.0,
       -897.0
      ],
      [
       45.0,
       -896.0
      ],
      [
       45.0,
       -892.0
      ],
      [
       36.0,
       -887.0
      ],
      [
       35.0,
       -884.0
      ],
      [
       32.0,
       -883.0
      ],
      [
       32.0,
       -880.0
      ],
      [
       29.0,
       -878.0
      ],
      [
       29.0,
       -875.0
      ],
      [
       27.0,
       -875.0
      ],
      [
       23.0,
       -870.0
      ],
      [
       21.0,
       -870.0
      ],
      [
       20.0,
       -867.0
      ],
      [
       15.0,
       -865.0
      ],
      [
       14.0,
       -862.0
      ],
      [
       12.0,
       -862.0
      ],
      [
       8.0,
       -857.0
      ],
      [
       0.0,
       -857.0
      ]
     ]
    ]
   }
  },
  {
   "type": "Feature",
   "properties": {
    "code": "daedalia_planum",
    "name": "Daedalia Planum",
    "number": 25,
    "capital": null,
    "culture": null,
    "civs": [
     "mcc",
     "mla"
    ],
    "provinceType": "land",
    "terrain": "plateau",
    "mapTypes": [
     "mars"
    ],
    "resources": null,
    "religion": null,
    "population": "medium",
    "centerpoint": [
     871,
     1322
    ],
    "position": {
     "x": 618,
     "y": 1021
    },
    "bbox": {
     "w": 412,
     "h": 456
    },
    "maskSize": [
     512,
     512
    ],
    "links": [
     "amazonis_planitia",
     "argyre_planitia",
     "arsia_mons",
     "eridania_planitia",
     "promethei_terra",
     "valles_marineris"
    ]
   },
   "geometry": {
    "type": "Polygon",
    "coordinates": [
     [
      [
       967.0,
       -1026.0
      ],
      [
       964.0,
       -1026.0
      ],
      [
       963.0,
       -1024.0
      ],
      [
       959.0,
       -1025.0
      ],
      [
       958.0,
       -1022.0
      ],
      [
       955.0,
       -1023.0
      ],
      [
       953.0,
       -1021.0
      ],
      [
       952.0,
       -1024.0
      ],
      [
       944.0,
       -1028.0
      ],
      [
       943.0,
       -1031.0
      ],
      [
       938.0,
       -1031.0
      ],
      [
       932.0,
       -1034.0
      ],
      [
       931.0,
       -1040.0
      ],
      [
       929.0,
       -1041.0
      ],
      [
       930.0,
       -1042.0
      ],
      [
       928.0,
       -1045.0
      ],
      [
       923.0,
       -1046.0
      ],
      [
       923.0,
       -1057.0
      ],
      [
       918.0,
       -1060.0
      ],
      [
       917.0,
       -1066.0
      ],
      [
       914.0,
       -1067.0
      ],
      [
       913.0,
       -1070.0
      ],
      [
       911.0,
       -1070.0
      ],
      [
       912.0,
       -1080.0
      ],
      [
       910.0,
       -1081.0
      ],
      [
       905.0,
       -1091.0
      ],
      [
       903.0,
       -1093.0
      ],
      [
       901.0,
       -1091.0
      ],
      [
       902.0,
       -1092.0
      ],
      [
       900.0,
       -1093.0
      ],
      [
       901.0,
       -1101.0
      ],
      [
       893.0,
       -1109.0
      ],
      [
       894.0,
       -1112.0
      ],
      [
       892.0,
       -1113.0
      ],
      [
       891.0,
       -1117.0
      ],
      [
       888.0,
       -1120.0
      ],
      [
       886.0,
       -1120.0
      ],
      [
       885.0,
       -1123.0
      ],
      [
       883.0,
       -1123.0
      ],
      [
       882.0,
       -1129.0
      ],
      [
       875.0,
       -1140.0
      ],
      [
       868.0,
       -1142.0
      ],
      [
       867.0,
       -1147.0
      ],
      [
       864.0,
       -1151.0
      ],
      [
       862.0,
       -1149.0
      ],
      [
       857.0,
       -1156.0
      ],
      [
       853.0,
       -1156.0
      ],
      [
       853.0,
       -1159.0
      ],
      [
       855.0,
       -1161.0
      ],
      [
       852.0,
       -1165.0
      ],
      [
       849.0,
       -1165.0
      ],
      [
       849.0,
       -1168.0
      ],
      [
       851.0,
       -1170.0
      ],
      [
       845.0,
       -1178.0
      ],
      [
       841.0,
       -1176.0
      ],
      [
       834.0,
       -1190.0
      ],
      [
       830.0,
       -1192.0
      ],
      [
       825.0,
       -1192.0
      ],
      [
       822.0,
       -1197.0
      ],
      [
       819.0,
       -1197.0
      ],
      [
       816.0,
       -1201.0
      ],
      [
       814.0,
       -1201.0
      ],
      [
       808.0,
       -1210.0
      ],
      [
       806.0,
       -1210.0
      ],
      [
       805.0,
       -1208.0
      ],
      [
       790.0,
       -1208.0
      ],
      [
       785.0,
       -1212.0
      ],
      [
       784.0,
       -1217.0
      ],
      [
       779.0,
       -1219.0
      ],
      [
       774.0,
       -1213.0
      ],
      [
       768.0,
       -1214.0
      ],
      [
       767.0,
       -1212.0
      ],
      [
       761.0,
       -1212.0
      ],
      [
       757.0,
       -1205.0
      ],
      [
       745.0,
       -1204.0
      ],
      [
       744.0,
       -1202.0
      ],
      [
       737.0,
       -1202.0
      ],
      [
       735.0,
       -1205.0
      ],
      [
       730.0,
       -1205.0
      ],
      [
       727.0,
       -1209.0
      ],
      [
       724.0,
       -1209.0
      ],
      [
       720.0,
       -1206.0
      ],
      [
       720.0,
       -1202.0
      ],
      [
       712.0,
       -1202.0
      ],
      [
       711.0,
       -1198.0
      ],
      [
       706.0,
       -1193.0
      ],
      [
       689.0,
       -1193.0
      ],
      [
       687.0,
       -1198.0
      ],
      [
       682.0,
       -1203.0
      ],
      [
       679.0,
       -1203.0
      ],
      [
       678.0,
       -1201.0
      ],
      [
       675.0,
       -1201.0
      ],
      [
       665.0,
       -1216.0
      ],
      [
       665.0,
       -1225.0
      ],
      [
       669.0,
       -1228.0
      ],
      [
       669.0,
       -1233.0
      ],
      [
       658.0,
       -1244.0
      ],
      [
       658.0,
       -1246.0
      ],
      [
       655.0,
       -1249.0
      ],
      [
       652.0,
       -1249.0
      ],
      [
       647.0,
       -1255.0
      ],
      [
       640.0,
       -1257.0
      ],
      [
       640.0,
       -1259.0
      ],
      [
       636.0,
       -1262.0
      ],
      [
       636.0,
       -1267.0
      ],
      [
       633.0,
       -1268.0
      ],
      [
       633.0,
       -1273.0
      ],
      [
       631.0,
       -1274.0
      ],
      [
       631.0,
       -1282.0
      ],
      [
       633.0,
       -1283.0
      ],
      [
       632.0,
       -1286.0
      ],
      [
       634.0,
       -1287.0
      ],
      [
       634.0,
       -1289.0
      ],
      [
       632.0,
       -1290.0
      ],
      [
       632.0,
       -1293.0
      ],
      [
       628.0,
       -1296.0
      ],
      [
       628.0,
       -1299.0
      ],
      [
       625.0,
       -1300.0
      ],
      [
       625.0,
       -1302.0
      ],
      [
       623.0,
       -1303.0
      ],
      [
       623.0,
       -1308.0
      ],
      [
       621.0,
       -1309.0
      ],
      [
       621.0,
       -1312.0
      ],
      [
       618.0,
       -1313.0
      ],
      [
       618.0,
       -1321.0
      ],
      [
       622.0,
       -1325.0
      ],
      [
       627.0,
       -1321.0
      ],
      [
       634.0,
       -1328.0
      ],
      [
       634.0,
       -1334.0
      ],
      [
       636.0,
       -1336.0
      ],
      [
       642.0,
       -1337.0
      ],
      [
       641.0,
       -1342.0
      ],
      [
       647.0,
       -1347.0
      ],
      [
       645.0,
       -1355.0
      ],
      [
       653.0,
       -1363.0
      ],
      [
       656.0,
       -1363.0
      ],
      [
       659.0,
       -1359.0
      ],
      [
       664.0,
       -1359.0
      ],
      [
       669.0,
       -1365.0
      ],
      [
       675.0,
       -1369.0
      ],
      [
       674.0,
       -1374.0
      ],
      [
       676.0,
       -1376.0
      ],
      [
       679.0,
       -1374.0
      ],
      [
       682.0,
       -1377.0
      ],
      [
       682.0,
       -1381.0
      ],
      [
       680.0,
       -1382.0
      ],
      [
       680.0,
       -1389.0
      ],
      [
       676.0,
       -1394.0
      ],
      [
       676.0,
       -1398.0
      ],
      [
       669.0,
       -1403.0
      ],
      [
       669.0,
       -1406.0
      ],
      [
       667.0,
       -1406.0
      ],
      [
       665.0,
       -1408.0
      ],
      [
       665.0,
       -1411.0
      ],
      [
       663.0,
       -1412.0
      ],
      [
       663.0,
       -1415.0
      ],
      [
       665.0,
       -1416.0
      ],
      [
       663.0,
       -1418.0
      ],
      [
       662.0,
       -1424.0
      ],
      [
       665.0,
       -1425.0
      ],
      [
       662.0,
       -1427.0
      ],
      [
       664.0,
       -1435.0
      ],
      [
       655.0,
       -1444.0
      ],
      [
       651.0,
       -1443.0
      ],
      [
       651.0,
       -1454.0
      ],
      [
       645.0,
       -1456.0
      ],
      [
       644.0,
       -1461.0
      ],
      [
       650.0,
       -1461.0
      ],
      [
       651.0,
       -1459.0
      ],
      [
       656.0,
       -1459.0
      ],
      [
       658.0,
       -1457.0
      ],
      [
       659.0,
       -1459.0
      ],
      [
       664.0,
       -1459.0
      ],
      [
       665.0,
       -1461.0
      ],
      [
       673.0,
       -1461.0
      ],
      [
       676.0,
       -1465.0
      ],
      [
       681.0,
       -1465.0
      ],
      [
       682.0,
       -1467.0
      ],
      [
       687.0,
       -1467.0
      ],
      [
       692.0,
       -1463.0
      ],
      [
       694.0,
       -1465.0
      ],
      [
       698.0,
       -1463.0
      ],
      [
       701.0,
       -1466.0
      ],
      [
       701.0,
       -1469.0
      ],
      [
       716.0,
       -1467.0
      ],
      [
       719.0,
       -1469.0
      ],
      [
       719.0,
       -1472.0
      ],
      [
       722.0,
       -1472.0
      ],
      [
       723.0,
       -1474.0
      ],
      [
       730.0,
       -1476.0
      ],
      [
       731.0,
       -1474.0
      ],
      [
       734.0,
       -1474.0
      ],
      [
       739.0,
       -1470.0
      ],
      [
       744.0,
       -1470.0
      ],
      [
       747.0,
       -1466.0
      ],
      [
       750.0,
       -1466.0
      ],
      [
       761.0,
       -1454.0
      ],
      [
       770.0,
       -1454.0
      ],
      [
       771.0,
       -1456.0
      ],
      [
       778.0,
       -1457.0
      ],
      [
       779.0,
       -1455.0
      ],
      [
       792.0,
       -1455.0
      ],
      [
       793.0,
       -1457.0
      ],
      [
       800.0,
       -1456.0
      ],
      [
       803.0,
       -1452.0
      ],
      [
       813.0,
       -1452.0
      ],
      [
       816.0,
       -1448.0
      ],
      [
       819.0,
       -1448.0
      ],
      [
       820.0,
       -1446.0
      ],
      [
       825.0,
       -1446.0
      ],
      [
       828.0,
       -1442.0
      ],
      [
       832.0,
       -1441.0
      ],
      [
       833.0,
       -1443.0
      ],
      [
       836.0,
       -1443.0
      ],
      [
       839.0,
       -1446.0
      ],
      [
       839.0,
       -1448.0
      ],
      [
       850.0,
       -1448.0
      ],
      [
       851.0,
       -1450.0
      ],
      [
       854.0,
       -1449.0
      ],
      [
       855.0,
       -1451.0
      ],
      [
       864.0,
       -1451.0
      ],
      [
       869.0,
       -1456.0
      ],
      [
       871.0,
       -1454.0
      ],
      [
       873.0,
       -1456.0
      ],
      [
       877.0,
       -1455.0
      ],
      [
       879.0,
       -1457.0
      ],
      [
       893.0,
       -1456.0
      ],
      [
       894.0,
       -1454.0
      ],
      [
       897.0,
       -1454.0
      ],
      [
       898.0,
       -1456.0
      ],
      [
       901.0,
       -1455.0
      ],
      [
       901.0,
       -1453.0
      ],
      [
       906.0,
       -1453.0
      ],
      [
       909.0,
       -1457.0
      ],
      [
       912.0,
       -1456.0
      ],
      [
       913.0,
       -1458.0
      ],
      [
       916.0,
       -1458.0
      ],
      [
       924.0,
       -1465.0
      ],
      [
       925.0,
       -1463.0
      ],
      [
       932.0,
       -1464.0
      ],
      [
       933.0,
       -1466.0
      ],
      [
       936.0,
       -1466.0
      ],
      [
       937.0,
       -1468.0
      ],
      [
       938.0,
       -1467.0
      ],
      [
       945.0,
       -1473.0
      ],
      [
       946.0,
       -1471.0
      ],
      [
       948.0,
       -1472.0
      ],
      [
       951.0,
       -1468.0
      ],
      [
       958.0,
       -1468.0
      ],
      [
       960.0,
       -1465.0
      ],
      [
       965.0,
       -1465.0
      ],
      [
       966.0,
       -1463.0
      ],
      [
       969.0,
       -1463.0
      ],
      [
       970.0,
       -1460.0
      ],
      [
       974.0,
       -1457.0
      ],
      [
       974.0,
       -1451.0
      ],
      [
       988.0,
       -1448.0
      ],
      [
       990.0,
       -1444.0
      ],
      [
       989.0,
       -1445.0
      ],
      [
       987.0,
       -1441.0
      ],
      [
       998.0,
       -1433.0
      ],
      [
       998.0,
       -1422.0
      ],
      [
       1000.0,
       -1421.0
      ],
      [
       1000.0,
       -1417.0
      ],
      [
       993.0,
       -1411.0
      ],
      [
       991.0,
       -1412.0
      ],
      [
       987.0,
       -1407.0
      ],
      [
       987.0,
       -1402.0
      ],
      [
       986.0,
       -1403.0
      ],
      [
       985.0,
       -1401.0
      ],
      [
       982.0,
       -1401.0
      ],
      [
       980.0,
       -1398.0
      ],
      [
       985.0,
       -1392.0
      ],
      [
       984.0,
       -1383.0
      ],
      [
       990.0,
       -1380.0
      ],
      [
       990.0,
       -1371.0
      ],
      [
       993.0,
       -1368.0
      ],
      [
       996.0,
       -1368.0
      ],
      [
       995.0,
       -1367.0
      ],
      [
       997.0,
       -1365.0
      ],
      [
       1001.0,
       -1365.0
      ],
      [
       1002.0,
       -1362.0
      ],
      [
       1006.0,
       -1359.0
      ],
      [
       1007.0,
       -1354.0
      ],
      [
       1012.0,
       -1348.0
      ],
      [
       1009.0,
       -1344.0
      ],
      [
       1012.0,
       -1337.0
      ],
      [
       1016.0,
       -1334.0
      ],
      [
       1016.0,
       -1332.0
      ],
      [
       1018.0,
       -1334.0
      ],
      [
       1023.0,
       -1333.0
      ],
      [
       1024.0,
       -1328.0
      ],
      [
       1026.0,
       -1327.0
      ],
      [
       1023.0,
       -1321.0
      ],
      [
       1021.0,
       -1320.0
      ],
      [
       1020.0,
       -1315.0
      ],
      [
       1025.0,
       -1304.0
      ],
      [
       1022.0,
       -1300.0
      ],
      [
       1022.0,
       -1297.0
      ],
      [
       1020.0,
       -1296.0
      ],
      [
       1019.0,
       -1291.0
      ],
      [
       1024.0,
       -1286.0
      ],
      [
       1022.0,
       -1284.0
      ],
      [
       1022.0,
       -1281.0
      ],
      [
       1025.0,
       -1278.0
      ],
      [
       1024.0,
       -1275.0
      ],
      [
       1026.0,
       -1274.0
      ],
      [
       1027.0,
       -1266.0
      ],
      [
       1029.0,
       -1264.0
      ],
      [
       1020.0,
       -1256.0
      ],
      [
       1020.0,
       -1253.0
      ],
      [
       1018.0,
       -1252.0
      ],
      [
       1016.0,
       -1240.0
      ],
      [
       1018.0,
       -1239.0
      ],
      [
       1018.0,
       -1235.0
      ],
      [
       1017.0,
       -1236.0
      ],
      [
       1013.0,
       -1231.0
      ],
      [
       1014.0,
       -1220.0
      ],
      [
       1016.0,
       -1219.0
      ],
      [
       1013.0,
       -1216.0
      ],
      [
       1013.0,
       -1212.0
      ],
      [
       1015.0,
       -1211.0
      ],
      [
       1014.0,
       -1210.0
      ],
      [
       1016.0,
       -1208.0
      ],
      [
       1016.0,
       -1204.0
      ],
      [
       1011.0,
       -1200.0
      ],
      [
       1010.0,
       -1190.0
      ],
      [
       1012.0,
       -1188.0
      ],
      [
       1011.0,
       -1185.0
      ],
      [
       1013.0,
       -1184.0
      ],
      [
       1013.0,
       -1180.0
      ],
      [
       1010.0,
       -1176.0
      ],
      [
       1009.0,
       -1169.0
      ],
      [
       1010.0,
       -1166.0
      ],
      [
       1013.0,
       -1166.0
      ],
      [
       1014.0,
       -1160.0
      ],
      [
       1020.0,
       -1153.0
      ],
      [
       1021.0,
       -1147.0
      ],
      [
       1019.0,
       -1146.0
      ],
      [
       1019.0,
       -1143.0
      ],
      [
       1017.0,
       -1141.0
      ],
      [
       1015.0,
       -1144.0
      ],
      [
       1013.0,
       -1144.0
      ],
      [
       1010.0,
       -1141.0
      ],
      [
       1008.0,
       -1128.0
      ],
      [
       1010.0,
       -1127.0
      ],
      [
       1009.0,
       -1123.0
      ],
      [
       1015.0,
       -1116.0
      ],
      [
       1015.0,
       -1112.0
      ],
      [
       1020.0,
       -1107.0
      ],
      [
       1021.0,
       -1097.0
      ],
      [
       1027.0,
       -1088.0
      ],
      [
       1023.0,
       -1084.0
      ],
      [
       1020.0,
       -1084.0
      ],
      [
       1017.0,
       -1080.0
      ],
      [
       1016.0,
       -1081.0
      ],
      [
       1011.0,
       -1076.0
      ],
      [
       1011.0,
       -1073.0
      ],
      [
       1005.0,
       -1067.0
      ],
      [
       991.0,
       -1068.0
      ],
      [
       983.0,
       -1072.0
      ],
      [
       982.0,
       -1069.0
      ],
      [
       981.0,
       -1070.0
      ],
      [
       978.0,
       -1067.0
      ],
      [
       977.0,
       -1053.0
      ],
      [
       974.0,
       -1049.0
      ],
      [
       976.0,
       -1048.0
      ],
      [
       976.0,
       -1046.0
      ],
      [
       974.0,
       -1046.0
      ],
      [
       975.0,
       -1038.0
      ],
      [
       973.0,
       -1037.0
      ],
      [
       973.0,
       -1032.0
      ],
      [
       967.0,
       -1026.0
      ]
     ]
    ]
   }
  },
  {
   "type": "Feature",
   "properties": {
    "code": "argyre_planitia",
    "name": "Argyre Planitia",
    "number": 26,
    "capital": null,
    "culture": null,
    "civs": [
     "mcc",
     "mla"
    ],
    "provinceType": "land",
    "terrain": "plains",
    "mapTypes": [
     "mars"
    ],
    "resources": null,
    "religion": null,
    "population": "high",
    "centerpoint": [
     1165,
     1251
    ],
    "position": {
     "x": 981,
     "y": 1062
    },
    "bbox": {
     "w": 525,
     "h": 402
    },
    "maskSize": [
     1024,
     512
    ],
    "links": [
     "aonia_terra",
     "daedalia_planum",
     "promethei_terra",
     "terra_sabaea",
     "valles_marineris"
    ]
   },
   "geometry": {
    "type": "Polygon",
    "coordinates": [
     [
      [
       1022.0,
       -1097.0
      ],
      [
       1021.0,
       -1107.0
      ],
      [
       1016.0,
       -1112.0
      ],
      [
       1015.0,
       -1118.0
      ],
      [
       1010.0,
       -1123.0
      ],
      [
       1011.0,
       -1127.0
      ],
      [
       1009.0,
       -1128.0
      ],
      [
       1011.0,
       -1141.0
      ],
      [
       1015.0,
       -1143.0
      ],
      [
       1017.0,
       -1140.0
      ],
      [
       1020.0,
       -1143.0
      ],
      [
       1020.0,
       -1146.0
      ],
      [
       1022.0,
       -1147.0
      ],
      [
       1021.0,
       -1153.0
      ],
      [
       1016.0,
       -1158.0
      ],
      [
       1014.0,
       -1166.0
      ],
      [
       1010.0,
       -1167.0
      ],
      [
       1011.0,
       -1176.0
      ],
      [
       1014.0,
       -1180.0
      ],
      [
       1014.0,
       -1184.0
      ],
      [
       1012.0,
       -1185.0
      ],
      [
       1013.0,
       -1188.0
      ],
      [
       1011.0,
       -1190.0
      ],
      [
       1012.0,
       -1200.0
      ],
      [
       1017.0,
       -1204.0
      ],
      [
       1017.0,
       -1208.0
      ],
      [
       1015.0,
       -1210.0
      ],
      [
       1016.0,
       -1211.0
      ],
      [
       1014.0,
       -1212.0
      ],
      [
       1014.0,
       -1216.0
      ],
      [
       1017.0,
       -1219.0
      ],
      [
       1015.0,
       -1220.0
      ],
      [
       1014.0,
       -1231.0
      ],
      [
       1017.0,
       -1235.0
      ],
      [
       1019.0,
       -1235.0
      ],
      [
       1019.0,
       -1239.0
      ],
      [
       1017.0,
       -1240.0
      ],
      [
       1019.0,
       -1252.0
      ],
      [
       1021.0,
       -1253.0
      ],
      [
       1021.0,
       -1256.0
      ],
      [
       1030.0,
       -1264.0
      ],
      [
       1028.0,
       -1266.0
      ],
      [
       1027.0,
       -1274.0
      ],
      [
       1025.0,
       -1275.0
      ],
      [
       1026.0,
       -1278.0
      ],
      [
       1023.0,
       -1281.0
      ],
      [
       1023.0,
       -1284.0
      ],
      [
       1025.0,
       -1286.0
      ],
      [
       1020.0,
       -1291.0
      ],
      [
       1021.0,
       -1296.0
      ],
      [
       1023.0,
       -1297.0
      ],
      [
       1023.0,
       -1300.0
      ],
      [
       1026.0,
       -1304.0
      ],
      [
       1021.0,
       -1315.0
      ],
      [
       1022.0,
       -1320.0
      ],
      [
       1024.0,
       -1321.0
      ],
      [
       1027.0,
       -1327.0
      ],
      [
       1025.0,
       -1328.0
      ],
      [
       1023.0,
       -1334.0
      ],
      [
       1018.0,
       -1335.0
      ],
      [
       1016.0,
       -1333.0
      ],
      [
       1017.0,
       -1334.0
      ],
      [
       1013.0,
       -1337.0
      ],
      [
       1012.0,
       -1341.0
      ],
      [
       1010.0,
       -1342.0
      ],
      [
       1013.0,
       -1348.0
      ],
      [
       1011.0,
       -1349.0
      ],
      [
       1007.0,
       -1359.0
      ],
      [
       1003.0,
       -1362.0
      ],
      [
       1002.0,
       -1365.0
      ],
      [
       997.0,
       -1366.0
      ],
      [
       996.0,
       -1369.0
      ],
      [
       993.0,
       -1369.0
      ],
      [
       991.0,
       -1371.0
      ],
      [
       991.0,
       -1380.0
      ],
      [
       988.0,
       -1383.0
      ],
      [
       985.0,
       -1383.0
      ],
      [
       986.0,
       -1392.0
      ],
      [
       981.0,
       -1397.0
      ],
      [
       982.0,
       -1400.0
      ],
      [
       988.0,
       -1402.0
      ],
      [
       988.0,
       -1407.0
      ],
      [
       990.0,
       -1408.0
      ],
      [
       990.0,
       -1410.0
      ],
      [
       993.0,
       -1410.0
      ],
      [
       1001.0,
       -1417.0
      ],
      [
       1001.0,
       -1421.0
      ],
      [
       999.0,
       -1422.0
      ],
      [
       999.0,
       -1437.0
      ],
      [
       1011.0,
       -1441.0
      ],
      [
       1014.0,
       -1441.0
      ],
      [
       1016.0,
       -1439.0
      ],
      [
       1019.0,
       -1443.0
      ],
      [
       1022.0,
       -1442.0
      ],
      [
       1030.0,
       -1449.0
      ],
      [
       1041.0,
       -1448.0
      ],
      [
       1050.0,
       -1457.0
      ],
      [
       1061.0,
       -1457.0
      ],
      [
       1067.0,
       -1463.0
      ],
      [
       1076.0,
       -1462.0
      ],
      [
       1075.0,
       -1457.0
      ],
      [
       1088.0,
       -1453.0
      ],
      [
       1095.0,
       -1442.0
      ],
      [
       1100.0,
       -1442.0
      ],
      [
       1103.0,
       -1445.0
      ],
      [
       1106.0,
       -1445.0
      ],
      [
       1110.0,
       -1441.0
      ],
      [
       1110.0,
       -1432.0
      ],
      [
       1115.0,
       -1426.0
      ],
      [
       1113.0,
       -1418.0
      ],
      [
       1119.0,
       -1418.0
      ],
      [
       1123.0,
       -1414.0
      ],
      [
       1123.0,
       -1412.0
      ],
      [
       1126.0,
       -1412.0
      ],
      [
       1128.0,
       -1409.0
      ],
      [
       1127.0,
       -1405.0
      ],
      [
       1130.0,
       -1401.0
      ],
      [
       1136.0,
       -1401.0
      ],
      [
       1139.0,
       -1398.0
      ],
      [
       1143.0,
       -1398.0
      ],
      [
       1147.0,
       -1401.0
      ],
      [
       1154.0,
       -1401.0
      ],
      [
       1153.0,
       -1400.0
      ],
      [
       1157.0,
       -1396.0
      ],
      [
       1165.0,
       -1396.0
      ],
      [
       1167.0,
       -1393.0
      ],
      [
       1180.0,
       -1392.0
      ],
      [
       1181.0,
       -1394.0
      ],
      [
       1186.0,
       -1393.0
      ],
      [
       1189.0,
       -1397.0
      ],
      [
       1191.0,
       -1397.0
      ],
      [
       1193.0,
       -1394.0
      ],
      [
       1200.0,
       -1394.0
      ],
      [
       1202.0,
       -1391.0
      ],
      [
       1205.0,
       -1391.0
      ],
      [
       1206.0,
       -1389.0
      ],
      [
       1218.0,
       -1386.0
      ],
      [
       1221.0,
       -1380.0
      ],
      [
       1223.0,
       -1379.0
      ],
      [
       1222.0,
       -1378.0
      ],
      [
       1228.0,
       -1377.0
      ],
      [
       1232.0,
       -1372.0
      ],
      [
       1237.0,
       -1372.0
      ],
      [
       1239.0,
       -1374.0
      ],
      [
       1243.0,
       -1373.0
      ],
      [
       1244.0,
       -1371.0
      ],
      [
       1246.0,
       -1373.0
      ],
      [
       1264.0,
       -1373.0
      ],
      [
       1263.0,
       -1372.0
      ],
      [
       1267.0,
       -1371.0
      ],
      [
       1269.0,
       -1368.0
      ],
      [
       1268.0,
       -1367.0
      ],
      [
       1271.0,
       -1364.0
      ],
      [
       1274.0,
       -1364.0
      ],
      [
       1275.0,
       -1362.0
      ],
      [
       1282.0,
       -1361.0
      ],
      [
       1287.0,
       -1365.0
      ],
      [
       1291.0,
       -1362.0
      ],
      [
       1294.0,
       -1362.0
      ],
      [
       1295.0,
       -1359.0
      ],
      [
       1301.0,
       -1353.0
      ],
      [
       1318.0,
       -1352.0
      ],
      [
       1319.0,
       -1349.0
      ],
      [
       1328.0,
       -1349.0
      ],
      [
       1332.0,
       -1352.0
      ],
      [
       1343.0,
       -1351.0
      ],
      [
       1344.0,
       -1353.0
      ],
      [
       1348.0,
       -1354.0
      ],
      [
       1349.0,
       -1356.0
      ],
      [
       1356.0,
       -1359.0
      ],
      [
       1362.0,
       -1364.0
      ],
      [
       1374.0,
       -1363.0
      ],
      [
       1377.0,
       -1367.0
      ],
      [
       1380.0,
       -1368.0
      ],
      [
       1380.0,
       -1370.0
      ],
      [
       1382.0,
       -1370.0
      ],
      [
       1383.0,
       -1372.0
      ],
      [
       1387.0,
       -1372.0
      ],
      [
       1390.0,
       -1375.0
      ],
      [
       1416.0,
       -1375.0
      ],
      [
       1419.0,
       -1372.0
      ],
      [
       1419.0,
       -1370.0
      ],
      [
       1432.0,
       -1371.0
      ],
      [
       1431.0,
       -1370.0
      ],
      [
       1434.0,
       -1367.0
      ],
      [
       1444.0,
       -1368.0
      ],
      [
       1445.0,
       -1370.0
      ],
      [
       1449.0,
       -1371.0
      ],
      [
       1454.0,
       -1375.0
      ],
      [
       1454.0,
       -1377.0
      ],
      [
       1457.0,
       -1378.0
      ],
      [
       1457.0,
       -1380.0
      ],
      [
       1466.0,
       -1381.0
      ],
      [
       1468.0,
       -1385.0
      ],
      [
       1478.0,
       -1390.0
      ],
      [
       1479.0,
       -1393.0
      ],
      [
       1483.0,
       -1393.0
      ],
      [
       1485.0,
       -1391.0
      ],
      [
       1489.0,
       -1394.0
      ],
      [
       1499.0,
       -1394.0
      ],
      [
       1505.0,
       -1391.0
      ],
      [
       1501.0,
       -1387.0
      ],
      [
       1501.0,
       -1385.0
      ],
      [
       1505.0,
       -1383.0
      ],
      [
       1504.0,
       -1380.0
      ],
      [
       1494.0,
       -1372.0
      ],
      [
       1492.0,
       -1365.0
      ],
      [
       1489.0,
       -1364.0
      ],
      [
       1487.0,
       -1355.0
      ],
      [
       1489.0,
       -1354.0
      ],
      [
       1488.0,
       -1351.0
      ],
      [
       1479.0,
       -1345.0
      ],
      [
       1476.0,
       -1336.0
      ],
      [
       1476.0,
       -1333.0
      ],
      [
       1478.0,
       -1332.0
      ],
      [
       1476.0,
       -1326.0
      ],
      [
       1473.0,
       -1325.0
      ],
      [
       1472.0,
       -1320.0
      ],
      [
       1468.0,
       -1319.0
      ],
      [
       1464.0,
       -1315.0
      ],
      [
       1462.0,
       -1315.0
      ],
      [
       1460.0,
       -1318.0
      ],
      [
       1458.0,
       -1316.0
      ],
      [
       1454.0,
       -1316.0
      ],
      [
       1454.0,
       -1318.0
      ],
      [
       1446.0,
       -1317.0
      ],
      [
       1441.0,
       -1321.0
      ],
      [
       1432.0,
       -1322.0
      ],
      [
       1428.0,
       -1328.0
      ],
      [
       1426.0,
       -1326.0
      ],
      [
       1416.0,
       -1327.0
      ],
      [
       1417.0,
       -1330.0
      ],
      [
       1413.0,
       -1333.0
      ],
      [
       1414.0,
       -1334.0
      ],
      [
       1410.0,
       -1338.0
      ],
      [
       1399.0,
       -1339.0
      ],
      [
       1393.0,
       -1337.0
      ],
      [
       1386.0,
       -1330.0
      ],
      [
       1377.0,
       -1331.0
      ],
      [
       1369.0,
       -1318.0
      ],
      [
       1364.0,
       -1318.0
      ],
      [
       1363.0,
       -1313.0
      ],
      [
       1365.0,
       -1312.0
      ],
      [
       1364.0,
       -1307.0
      ],
      [
       1366.0,
       -1306.0
      ],
      [
       1365.0,
       -1303.0
      ],
      [
       1367.0,
       -1302.0
      ],
      [
       1367.0,
       -1291.0
      ],
      [
       1371.0,
       -1286.0
      ],
      [
       1374.0,
       -1286.0
      ],
      [
       1376.0,
       -1284.0
      ],
      [
       1374.0,
       -1279.0
      ],
      [
       1377.0,
       -1276.0
      ],
      [
       1379.0,
       -1276.0
      ],
      [
       1382.0,
       -1273.0
      ],
      [
       1381.0,
       -1272.0
      ],
      [
       1385.0,
       -1269.0
      ],
      [
       1385.0,
       -1258.0
      ],
      [
       1384.0,
       -1259.0
      ],
      [
       1382.0,
       -1257.0
      ],
      [
       1382.0,
       -1253.0
      ],
      [
       1385.0,
       -1249.0
      ],
      [
       1382.0,
       -1247.0
      ],
      [
       1379.0,
       -1241.0
      ],
      [
       1378.0,
       -1242.0
      ],
      [
       1370.0,
       -1234.0
      ],
      [
       1369.0,
       -1235.0
      ],
      [
       1367.0,
       -1233.0
      ],
      [
       1364.0,
       -1233.0
      ],
      [
       1361.0,
       -1229.0
      ],
      [
       1355.0,
       -1230.0
      ],
      [
       1350.0,
       -1226.0
      ],
      [
       1347.0,
       -1227.0
      ],
      [
       1341.0,
       -1222.0
      ],
      [
       1340.0,
       -1219.0
      ],
      [
       1338.0,
       -1219.0
      ],
      [
       1338.0,
       -1206.0
      ],
      [
       1340.0,
       -1205.0
      ],
      [
       1340.0,
       -1202.0
      ],
      [
       1342.0,
       -1201.0
      ],
      [
       1341.0,
       -1200.0
      ],
      [
       1343.0,
       -1199.0
      ],
      [
       1343.0,
       -1197.0
      ],
      [
       1347.0,
       -1194.0
      ],
      [
       1345.0,
       -1186.0
      ],
      [
       1347.0,
       -1182.0
      ],
      [
       1346.0,
       -1178.0
      ],
      [
       1341.0,
       -1178.0
      ],
      [
       1340.0,
       -1176.0
      ],
      [
       1328.0,
       -1173.0
      ],
      [
       1327.0,
       -1167.0
      ],
      [
       1323.0,
       -1166.0
      ],
      [
       1322.0,
       -1164.0
      ],
      [
       1319.0,
       -1164.0
      ],
      [
       1316.0,
       -1160.0
      ],
      [
       1306.0,
       -1159.0
      ],
      [
       1305.0,
       -1157.0
      ],
      [
       1302.0,
       -1158.0
      ],
      [
       1301.0,
       -1152.0
      ],
      [
       1299.0,
       -1152.0
      ],
      [
       1296.0,
       -1149.0
      ],
      [
       1296.0,
       -1146.0
      ],
      [
       1292.0,
       -1143.0
      ],
      [
       1286.0,
       -1143.0
      ],
      [
       1285.0,
       -1139.0
      ],
      [
       1281.0,
       -1135.0
      ],
      [
       1277.0,
       -1138.0
      ],
      [
       1274.0,
       -1138.0
      ],
      [
       1272.0,
       -1132.0
      ],
      [
       1268.0,
       -1132.0
      ],
      [
       1265.0,
       -1135.0
      ],
      [
       1262.0,
       -1135.0
      ],
      [
       1259.0,
       -1139.0
      ],
      [
       1254.0,
       -1140.0
      ],
      [
       1251.0,
       -1134.0
      ],
      [
       1246.0,
       -1134.0
      ],
      [
       1245.0,
       -1132.0
      ],
      [
       1240.0,
       -1133.0
      ],
      [
       1230.0,
       -1124.0
      ],
      [
       1228.0,
       -1126.0
      ],
      [
       1225.0,
       -1126.0
      ],
      [
       1220.0,
       -1121.0
      ],
      [
       1220.0,
       -1118.0
      ],
      [
       1218.0,
       -1118.0
      ],
      [
       1216.0,
       -1104.0
      ],
      [
       1218.0,
       -1100.0
      ],
      [
       1216.0,
       -1099.0
      ],
      [
       1216.0,
       -1096.0
      ],
      [
       1215.0,
       -1097.0
      ],
      [
       1209.0,
       -1091.0
      ],
      [
       1206.0,
       -1091.0
      ],
      [
       1205.0,
       -1089.0
      ],
      [
       1202.0,
       -1090.0
      ],
      [
       1200.0,
       -1088.0
      ],
      [
       1197.0,
       -1092.0
      ],
      [
       1194.0,
       -1088.0
      ],
      [
       1191.0,
       -1088.0
      ],
      [
       1190.0,
       -1086.0
      ],
      [
       1187.0,
       -1087.0
      ],
      [
       1186.0,
       -1085.0
      ],
      [
       1181.0,
       -1085.0
      ],
      [
       1176.0,
       -1092.0
      ],
      [
       1172.0,
       -1092.0
      ],
      [
       1168.0,
       -1088.0
      ],
      [
       1157.0,
       -1084.0
      ],
      [
       1156.0,
       -1075.0
      ],
      [
       1152.0,
       -1071.0
      ],
      [
       1146.0,
       -1078.0
      ],
      [
       1140.0,
       -1079.0
      ],
      [
       1137.0,
       -1075.0
      ],
      [
       1132.0,
       -1075.0
      ],
      [
       1120.0,
       -1062.0
      ],
      [
       1111.0,
       -1065.0
      ],
      [
       1109.0,
       -1063.0
      ],
      [
       1101.0,
       -1063.0
      ],
      [
       1097.0,
       -1070.0
      ],
      [
       1090.0,
       -1071.0
      ],
      [
       1091.0,
       -1074.0
      ],
      [
       1085.0,
       -1080.0
      ],
      [
       1078.0,
       -1080.0
      ],
      [
       1076.0,
       -1083.0
      ],
      [
       1069.0,
       -1083.0
      ],
      [
       1068.0,
       -1086.0
      ],
      [
       1066.0,
       -1086.0
      ],
      [
       1062.0,
       -1080.0
      ],
      [
       1051.0,
       -1081.0
      ],
      [
       1050.0,
       -1083.0
      ],
      [
       1040.0,
       -1084.0
      ],
      [
       1036.0,
       -1089.0
      ],
      [
       1030.0,
       -1090.0
      ],
      [
       1028.0,
       -1088.0
      ],
      [
       1022.0,
       -1097.0
      ]
     ]
    ]
   }
  },
  {
   "type": "Feature",
   "properties": {
    "code": "terra_sabaea",
    "name": "Terra Sabaea",
    "number": 27,
    "capital": null,
    "culture": null,
    "civs": [
     "mcc",
     "mla"
    ],
    "provinceType": "land",
    "terrain": "highlands",
    "mapTypes": [
     "mars"
    ],
    "resources": null,
    "religion": null,
    "population": "medium",
    "centerpoint": [
     1628,
     1268
    ],
    "position": {
     "x": 1338,
     "y": 1110
    },
    "bbox": {
     "w": 628,
     "h": 331
    },
    "maskSize": [
     1024,
     512
    ],
    "links": [
     "aonia_terra",
     "argyre_planitia",
     "noachis_terra",
     "solis_planum",
     "valles_marineris"
    ]
   },
   "geometry": {
    "type": "Polygon",
    "coordinates": [
     [
      [
       1965.0,
       -1295.0
      ],
      [
       1962.0,
       -1290.0
      ],
      [
       1958.0,
       -1290.0
      ],
      [
       1954.0,
       -1285.0
      ],
      [
       1945.0,
       -1283.0
      ],
      [
       1941.0,
       -1277.0
      ],
      [
       1944.0,
       -1275.0
      ],
      [
       1938.0,
       -1272.0
      ],
      [
       1934.0,
       -1272.0
      ],
      [
       1930.0,
       -1266.0
      ],
      [
       1917.0,
       -1262.0
      ],
      [
       1890.0,
       -1261.0
      ],
      [
       1887.0,
       -1255.0
      ],
      [
       1875.0,
       -1252.0
      ],
      [
       1874.0,
       -1250.0
      ],
      [
       1864.0,
       -1250.0
      ],
      [
       1862.0,
       -1248.0
      ],
      [
       1859.0,
       -1248.0
      ],
      [
       1858.0,
       -1246.0
      ],
      [
       1855.0,
       -1246.0
      ],
      [
       1854.0,
       -1244.0
      ],
      [
       1851.0,
       -1244.0
      ],
      [
       1845.0,
       -1233.0
      ],
      [
       1848.0,
       -1232.0
      ],
      [
       1846.0,
       -1228.0
      ],
      [
       1849.0,
       -1227.0
      ],
      [
       1840.0,
       -1222.0
      ],
      [
       1838.0,
       -1222.0
      ],
      [
       1838.0,
       -1224.0
      ],
      [
       1829.0,
       -1223.0
      ],
      [
       1823.0,
       -1219.0
      ],
      [
       1822.0,
       -1215.0
      ],
      [
       1814.0,
       -1215.0
      ],
      [
       1813.0,
       -1217.0
      ],
      [
       1811.0,
       -1217.0
      ],
      [
       1807.0,
       -1214.0
      ],
      [
       1793.0,
       -1214.0
      ],
      [
       1788.0,
       -1210.0
      ],
      [
       1780.0,
       -1209.0
      ],
      [
       1778.0,
       -1205.0
      ],
      [
       1771.0,
       -1201.0
      ],
      [
       1764.0,
       -1202.0
      ],
      [
       1763.0,
       -1200.0
      ],
      [
       1758.0,
       -1200.0
      ],
      [
       1757.0,
       -1198.0
      ],
      [
       1750.0,
       -1198.0
      ],
      [
       1748.0,
       -1196.0
      ],
      [
       1747.0,
       -1189.0
      ],
      [
       1740.0,
       -1185.0
      ],
      [
       1738.0,
       -1176.0
      ],
      [
       1740.0,
       -1175.0
      ],
      [
       1742.0,
       -1169.0
      ],
      [
       1746.0,
       -1166.0
      ],
      [
       1744.0,
       -1157.0
      ],
      [
       1749.0,
       -1154.0
      ],
      [
       1751.0,
       -1149.0
      ],
      [
       1745.0,
       -1144.0
      ],
      [
       1740.0,
       -1143.0
      ],
      [
       1739.0,
       -1139.0
      ],
      [
       1737.0,
       -1139.0
      ],
      [
       1733.0,
       -1135.0
      ],
      [
       1729.0,
       -1135.0
      ],
      [
       1728.0,
       -1133.0
      ],
      [
       1721.0,
       -1134.0
      ],
      [
       1720.0,
       -1130.0
      ],
      [
       1715.0,
       -1128.0
      ],
      [
       1714.0,
       -1124.0
      ],
      [
       1710.0,
       -1123.0
      ],
      [
       1709.0,
       -1119.0
      ],
      [
       1707.0,
       -1119.0
      ],
      [
       1703.0,
       -1115.0
      ],
      [
       1690.0,
       -1116.0
      ],
      [
       1683.0,
       -1110.0
      ],
      [
       1658.0,
       -1111.0
      ],
      [
       1655.0,
       -1115.0
      ],
      [
       1653.0,
       -1113.0
      ],
      [
       1649.0,
       -1113.0
      ],
      [
       1648.0,
       -1115.0
      ],
      [
       1623.0,
       -1114.0
      ],
      [
       1623.0,
       -1116.0
      ],
      [
       1619.0,
       -1116.0
      ],
      [
       1616.0,
       -1120.0
      ],
      [
       1613.0,
       -1120.0
      ],
      [
       1613.0,
       -1125.0
      ],
      [
       1610.0,
       -1128.0
      ],
      [
       1604.0,
       -1130.0
      ],
      [
       1605.0,
       -1131.0
      ],
      [
       1602.0,
       -1132.0
      ],
      [
       1602.0,
       -1134.0
      ],
      [
       1600.0,
       -1134.0
      ],
      [
       1599.0,
       -1132.0
      ],
      [
       1591.0,
       -1133.0
      ],
      [
       1590.0,
       -1131.0
      ],
      [
       1580.0,
       -1131.0
      ],
      [
       1579.0,
       -1129.0
      ],
      [
       1577.0,
       -1130.0
      ],
      [
       1575.0,
       -1128.0
      ],
      [
       1570.0,
       -1134.0
      ],
      [
       1567.0,
       -1134.0
      ],
      [
       1566.0,
       -1136.0
      ],
      [
       1560.0,
       -1136.0
      ],
      [
       1559.0,
       -1134.0
      ],
      [
       1553.0,
       -1135.0
      ],
      [
       1554.0,
       -1137.0
      ],
      [
       1544.0,
       -1147.0
      ],
      [
       1540.0,
       -1143.0
      ],
      [
       1533.0,
       -1145.0
      ],
      [
       1531.0,
       -1147.0
      ],
      [
       1531.0,
       -1152.0
      ],
      [
       1526.0,
       -1157.0
      ],
      [
       1515.0,
       -1158.0
      ],
      [
       1514.0,
       -1160.0
      ],
      [
       1512.0,
       -1158.0
      ],
      [
       1504.0,
       -1158.0
      ],
      [
       1502.0,
       -1161.0
      ],
      [
       1498.0,
       -1161.0
      ],
      [
       1495.0,
       -1165.0
      ],
      [
       1491.0,
       -1163.0
      ],
      [
       1488.0,
       -1159.0
      ],
      [
       1474.0,
       -1160.0
      ],
      [
       1473.0,
       -1158.0
      ],
      [
       1469.0,
       -1159.0
      ],
      [
       1467.0,
       -1157.0
      ],
      [
       1463.0,
       -1161.0
      ],
      [
       1464.0,
       -1162.0
      ],
      [
       1457.0,
       -1169.0
      ],
      [
       1454.0,
       -1169.0
      ],
      [
       1452.0,
       -1172.0
      ],
      [
       1450.0,
       -1172.0
      ],
      [
       1446.0,
       -1178.0
      ],
      [
       1436.0,
       -1178.0
      ],
      [
       1434.0,
       -1183.0
      ],
      [
       1421.0,
       -1183.0
      ],
      [
       1416.0,
       -1184.0
      ],
      [
       1414.0,
       -1186.0
      ],
      [
       1413.0,
       -1184.0
      ],
      [
       1410.0,
       -1184.0
      ],
      [
       1409.0,
       -1182.0
      ],
      [
       1408.0,
       -1183.0
      ],
      [
       1400.0,
       -1177.0
      ],
      [
       1396.0,
       -1178.0
      ],
      [
       1395.0,
       -1176.0
      ],
      [
       1392.0,
       -1176.0
      ],
      [
       1389.0,
       -1172.0
      ],
      [
       1381.0,
       -1171.0
      ],
      [
       1380.0,
       -1173.0
      ],
      [
       1372.0,
       -1174.0
      ],
      [
       1369.0,
       -1172.0
      ],
      [
       1364.0,
       -1176.0
      ],
      [
       1357.0,
       -1177.0
      ],
      [
       1358.0,
       -1178.0
      ],
      [
       1354.0,
       -1179.0
      ],
      [
       1349.0,
       -1185.0
      ],
      [
       1347.0,
       -1183.0
      ],
      [
       1346.0,
       -1184.0
      ],
      [
       1348.0,
       -1194.0
      ],
      [
       1342.0,
       -1200.0
      ],
      [
       1343.0,
       -1201.0
      ],
      [
       1339.0,
       -1206.0
      ],
      [
       1340.0,
       -1209.0
      ],
      [
       1338.0,
       -1210.0
      ],
      [
       1339.0,
       -1219.0
      ],
      [
       1340.0,
       -1218.0
      ],
      [
       1344.0,
       -1224.0
      ],
      [
       1346.0,
       -1224.0
      ],
      [
       1347.0,
       -1226.0
      ],
      [
       1350.0,
       -1225.0
      ],
      [
       1355.0,
       -1229.0
      ],
      [
       1361.0,
       -1228.0
      ],
      [
       1364.0,
       -1232.0
      ],
      [
       1367.0,
       -1232.0
      ],
      [
       1369.0,
       -1234.0
      ],
      [
       1370.0,
       -1233.0
      ],
      [
       1378.0,
       -1241.0
      ],
      [
       1379.0,
       -1240.0
      ],
      [
       1383.0,
       -1247.0
      ],
      [
       1386.0,
       -1249.0
      ],
      [
       1383.0,
       -1253.0
      ],
      [
       1383.0,
       -1257.0
      ],
      [
       1386.0,
       -1258.0
      ],
      [
       1387.0,
       -1265.0
      ],
      [
       1385.0,
       -1266.0
      ],
      [
       1386.0,
       -1269.0
      ],
      [
       1382.0,
       -1272.0
      ],
      [
       1383.0,
       -1273.0
      ],
      [
       1379.0,
       -1277.0
      ],
      [
       1375.0,
       -1279.0
      ],
      [
       1377.0,
       -1284.0
      ],
      [
       1369.0,
       -1289.0
      ],
      [
       1369.0,
       -1296.0
      ],
      [
       1367.0,
       -1297.0
      ],
      [
       1368.0,
       -1302.0
      ],
      [
       1366.0,
       -1303.0
      ],
      [
       1367.0,
       -1306.0
      ],
      [
       1365.0,
       -1307.0
      ],
      [
       1366.0,
       -1312.0
      ],
      [
       1364.0,
       -1313.0
      ],
      [
       1365.0,
       -1318.0
      ],
      [
       1369.0,
       -1317.0
      ],
      [
       1375.0,
       -1324.0
      ],
      [
       1377.0,
       -1330.0
      ],
      [
       1386.0,
       -1329.0
      ],
      [
       1396.0,
       -1338.0
      ],
      [
       1410.0,
       -1337.0
      ],
      [
       1413.0,
       -1334.0
      ],
      [
       1412.0,
       -1333.0
      ],
      [
       1416.0,
       -1330.0
      ],
      [
       1416.0,
       -1326.0
      ],
      [
       1426.0,
       -1325.0
      ],
      [
       1428.0,
       -1327.0
      ],
      [
       1432.0,
       -1321.0
      ],
      [
       1441.0,
       -1320.0
      ],
      [
       1446.0,
       -1316.0
      ],
      [
       1454.0,
       -1317.0
      ],
      [
       1454.0,
       -1315.0
      ],
      [
       1458.0,
       -1315.0
      ],
      [
       1460.0,
       -1317.0
      ],
      [
       1462.0,
       -1314.0
      ],
      [
       1464.0,
       -1314.0
      ],
      [
       1468.0,
       -1318.0
      ],
      [
       1472.0,
       -1319.0
      ],
      [
       1474.0,
       -1325.0
      ],
      [
       1477.0,
       -1326.0
      ],
      [
       1479.0,
       -1332.0
      ],
      [
       1477.0,
       -1333.0
      ],
      [
       1477.0,
       -1336.0
      ],
      [
       1480.0,
       -1345.0
      ],
      [
       1482.0,
       -1345.0
      ],
      [
       1489.0,
       -1351.0
      ],
      [
       1490.0,
       -1354.0
      ],
      [
       1488.0,
       -1355.0
      ],
      [
       1490.0,
       -1364.0
      ],
      [
       1493.0,
       -1365.0
      ],
      [
       1495.0,
       -1372.0
      ],
      [
       1505.0,
       -1380.0
      ],
      [
       1506.0,
       -1385.0
      ],
      [
       1508.0,
       -1385.0
      ],
      [
       1510.0,
       -1390.0
      ],
      [
       1513.0,
       -1391.0
      ],
      [
       1515.0,
       -1398.0
      ],
      [
       1519.0,
       -1397.0
      ],
      [
       1520.0,
       -1399.0
      ],
      [
       1522.0,
       -1399.0
      ],
      [
       1522.0,
       -1397.0
      ],
      [
       1533.0,
       -1396.0
      ],
      [
       1536.0,
       -1404.0
      ],
      [
       1538.0,
       -1403.0
      ],
      [
       1539.0,
       -1405.0
      ],
      [
       1541.0,
       -1405.0
      ],
      [
       1543.0,
       -1409.0
      ],
      [
       1546.0,
       -1410.0
      ],
      [
       1546.0,
       -1412.0
      ],
      [
       1558.0,
       -1413.0
      ],
      [
       1566.0,
       -1418.0
      ],
      [
       1564.0,
       -1419.0
      ],
      [
       1566.0,
       -1426.0
      ],
      [
       1574.0,
       -1429.0
      ],
      [
       1576.0,
       -1431.0
      ],
      [
       1576.0,
       -1438.0
      ],
      [
       1580.0,
       -1440.0
      ],
      [
       1583.0,
       -1438.0
      ],
      [
       1580.0,
       -1432.0
      ],
      [
       1582.0,
       -1430.0
      ],
      [
       1580.0,
       -1425.0
      ],
      [
       1578.0,
       -1426.0
      ],
      [
       1577.0,
       -1424.0
      ],
      [
       1573.0,
       -1424.0
      ],
      [
       1568.0,
       -1415.0
      ],
      [
       1571.0,
       -1412.0
      ],
      [
       1584.0,
       -1411.0
      ],
      [
       1582.0,
       -1406.0
      ],
      [
       1586.0,
       -1405.0
      ],
      [
       1587.0,
       -1403.0
      ],
      [
       1593.0,
       -1406.0
      ],
      [
       1596.0,
       -1406.0
      ],
      [
       1599.0,
       -1402.0
      ],
      [
       1602.0,
       -1404.0
      ],
      [
       1606.0,
       -1403.0
      ],
      [
       1607.0,
       -1405.0
      ],
      [
       1627.0,
       -1406.0
      ],
      [
       1630.0,
       -1407.0
      ],
      [
       1632.0,
       -1411.0
      ],
      [
       1644.0,
       -1410.0
      ],
      [
       1646.0,
       -1412.0
      ],
      [
       1651.0,
       -1413.0
      ],
      [
       1652.0,
       -1415.0
      ],
      [
       1656.0,
       -1413.0
      ],
      [
       1661.0,
       -1417.0
      ],
      [
       1662.0,
       -1420.0
      ],
      [
       1666.0,
       -1422.0
      ],
      [
       1670.0,
       -1421.0
      ],
      [
       1672.0,
       -1423.0
      ],
      [
       1679.0,
       -1423.0
      ],
      [
       1684.0,
       -1426.0
      ],
      [
       1693.0,
       -1427.0
      ],
      [
       1695.0,
       -1425.0
      ],
      [
       1704.0,
       -1427.0
      ],
      [
       1709.0,
       -1421.0
      ],
      [
       1713.0,
       -1420.0
      ],
      [
       1713.0,
       -1418.0
      ],
      [
       1721.0,
       -1418.0
      ],
      [
       1725.0,
       -1421.0
      ],
      [
       1727.0,
       -1421.0
      ],
      [
       1728.0,
       -1419.0
      ],
      [
       1738.0,
       -1419.0
      ],
      [
       1738.0,
       -1414.0
      ],
      [
       1743.0,
       -1413.0
      ],
      [
       1742.0,
       -1412.0
      ],
      [
       1748.0,
       -1407.0
      ],
      [
       1748.0,
       -1401.0
      ],
      [
       1750.0,
       -1400.0
      ],
      [
       1747.0,
       -1395.0
      ],
      [
       1749.0,
       -1394.0
      ],
      [
       1747.0,
       -1390.0
      ],
      [
       1753.0,
       -1390.0
      ],
      [
       1752.0,
       -1389.0
      ],
      [
       1755.0,
       -1388.0
      ],
      [
       1753.0,
       -1385.0
      ],
      [
       1755.0,
       -1383.0
      ],
      [
       1753.0,
       -1380.0
      ],
      [
       1756.0,
       -1379.0
      ],
      [
       1753.0,
       -1375.0
      ],
      [
       1757.0,
       -1372.0
      ],
      [
       1756.0,
       -1369.0
      ],
      [
       1758.0,
       -1368.0
      ],
      [
       1757.0,
       -1365.0
      ],
      [
       1759.0,
       -1364.0
      ],
      [
       1759.0,
       -1362.0
      ],
      [
       1774.0,
       -1362.0
      ],
      [
       1778.0,
       -1361.0
      ],
      [
       1779.0,
       -1359.0
      ],
      [
       1785.0,
       -1359.0
      ],
      [
       1786.0,
       -1357.0
      ],
      [
       1788.0,
       -1357.0
      ],
      [
       1789.0,
       -1359.0
      ],
      [
       1791.0,
       -1359.0
      ],
      [
       1792.0,
       -1357.0
      ],
      [
       1802.0,
       -1357.0
      ],
      [
       1804.0,
       -1355.0
      ],
      [
       1802.0,
       -1352.0
      ],
      [
       1803.0,
       -1351.0
      ],
      [
       1814.0,
       -1351.0
      ],
      [
       1813.0,
       -1350.0
      ],
      [
       1816.0,
       -1349.0
      ],
      [
       1816.0,
       -1347.0
      ],
      [
       1821.0,
       -1347.0
      ],
      [
       1821.0,
       -1345.0
      ],
      [
       1830.0,
       -1345.0
      ],
      [
       1831.0,
       -1347.0
      ],
      [
       1834.0,
       -1347.0
      ],
      [
       1834.0,
       -1345.0
      ],
      [
       1842.0,
       -1345.0
      ],
      [
       1842.0,
       -1343.0
      ],
      [
       1860.0,
       -1343.0
      ],
      [
       1861.0,
       -1341.0
      ],
      [
       1863.0,
       -1341.0
      ],
      [
       1863.0,
       -1339.0
      ],
      [
       1865.0,
       -1339.0
      ],
      [
       1865.0,
       -1337.0
      ],
      [
       1873.0,
       -1337.0
      ],
      [
       1874.0,
       -1335.0
      ],
      [
       1876.0,
       -1335.0
      ],
      [
       1871.0,
       -1327.0
      ],
      [
       1875.0,
       -1324.0
      ],
      [
       1874.0,
       -1321.0
      ],
      [
       1880.0,
       -1320.0
      ],
      [
       1879.0,
       -1319.0
      ],
      [
       1882.0,
       -1318.0
      ],
      [
       1881.0,
       -1316.0
      ],
      [
       1884.0,
       -1315.0
      ],
      [
       1883.0,
       -1314.0
      ],
      [
       1886.0,
       -1313.0
      ],
      [
       1885.0,
       -1312.0
      ],
      [
       1888.0,
       -1311.0
      ],
      [
       1888.0,
       -1309.0
      ],
      [
       1898.0,
       -1309.0
      ],
      [
       1900.0,
       -1311.0
      ],
      [
       1920.0,
       -1309.0
      ],
      [
       1922.0,
       -1311.0
      ],
      [
       1928.0,
       -1311.0
      ],
      [
       1929.0,
       -1309.0
      ],
      [
       1935.0,
       -1309.0
      ],
      [
       1935.0,
       -1307.0
      ],
      [
       1938.0,
       -1307.0
      ],
      [
       1939.0,
       -1309.0
      ],
      [
       1943.0,
       -1309.0
      ],
      [
       1945.0,
       -1311.0
      ],
      [
       1952.0,
       -1311.0
      ],
      [
       1951.0,
       -1310.0
      ],
      [
       1954.0,
       -1309.0
      ],
      [
       1954.0,
       -1306.0
      ],
      [
       1959.0,
       -1304.0
      ],
      [
       1959.0,
       -1302.0
      ],
      [
       1962.0,
       -1302.0
      ],
      [
       1960.0,
       -1299.0
      ],
      [
       1963.0,
       -1298.0
      ],
      [
       1963.0,
       -1295.0
      ],
      [
       1965.0,
       -1295.0
      ]
     ]
    ]
   }
  },
  {
   "type": "Feature",
   "properties": {
    "code": "noachis_terra",
    "name": "Noachis Terra",
    "number": 28,
    "capital": null,
    "culture": null,
    "civs": [
     "mcc",
     "mla"
    ],
    "provinceType": "land",
    "terrain": "highlands",
    "mapTypes": [
     "mars"
    ],
    "resources": null,
    "religion": null,
    "population": "medium",
    "centerpoint": [
     2178,
     1241
    ],
    "position": {
     "x": 1739,
     "y": 1059
    },
    "bbox": {
     "w": 1041,
     "h": 396
    },
    "maskSize": [
     2048,
     512
    ],
    "links": [
     "hellas_planitia",
     "sinai_planum",
     "solis_planum",
     "terra_sabaea",
     "thaumasia_planum",
     "tyrrhena_terra",
     "valles_marineris"
    ]
   },
   "geometry": {
    "type": "Polygon",
    "coordinates": [
     [
      [
       1739.0,
       -1176.0
      ],
      [
       1741.0,
       -1185.0
      ],
      [
       1748.0,
       -1189.0
      ],
      [
       1750.0,
       -1197.0
      ],
      [
       1757.0,
       -1197.0
      ],
      [
       1758.0,
       -1199.0
      ],
      [
       1763.0,
       -1199.0
      ],
      [
       1764.0,
       -1201.0
      ],
      [
       1771.0,
       -1200.0
      ],
      [
       1778.0,
       -1204.0
      ],
      [
       1780.0,
       -1208.0
      ],
      [
       1788.0,
       -1209.0
      ],
      [
       1793.0,
       -1213.0
      ],
      [
       1807.0,
       -1213.0
      ],
      [
       1811.0,
       -1216.0
      ],
      [
       1813.0,
       -1216.0
      ],
      [
       1814.0,
       -1214.0
      ],
      [
       1822.0,
       -1214.0
      ],
      [
       1824.0,
       -1219.0
      ],
      [
       1829.0,
       -1222.0
      ],
      [
       1838.0,
       -1223.0
      ],
      [
       1837.0,
       -1222.0
      ],
      [
       1840.0,
       -1221.0
      ],
      [
       1850.0,
       -1227.0
      ],
      [
       1847.0,
       -1228.0
      ],
      [
       1849.0,
       -1232.0
      ],
      [
       1846.0,
       -1233.0
      ],
      [
       1851.0,
       -1243.0
      ],
      [
       1854.0,
       -1243.0
      ],
      [
       1855.0,
       -1245.0
      ],
      [
       1858.0,
       -1245.0
      ],
      [
       1859.0,
       -1247.0
      ],
      [
       1862.0,
       -1247.0
      ],
      [
       1864.0,
       -1249.0
      ],
      [
       1874.0,
       -1249.0
      ],
      [
       1875.0,
       -1251.0
      ],
      [
       1887.0,
       -1254.0
      ],
      [
       1890.0,
       -1260.0
      ],
      [
       1917.0,
       -1261.0
      ],
      [
       1930.0,
       -1265.0
      ],
      [
       1934.0,
       -1271.0
      ],
      [
       1943.0,
       -1273.0
      ],
      [
       1945.0,
       -1276.0
      ],
      [
       1942.0,
       -1277.0
      ],
      [
       1945.0,
       -1282.0
      ],
      [
       1954.0,
       -1284.0
      ],
      [
       1958.0,
       -1289.0
      ],
      [
       1962.0,
       -1289.0
      ],
      [
       1966.0,
       -1295.0
      ],
      [
       1963.0,
       -1296.0
      ],
      [
       1963.0,
       -1299.0
      ],
      [
       1961.0,
       -1299.0
      ],
      [
       1963.0,
       -1302.0
      ],
      [
       1959.0,
       -1303.0
      ],
      [
       1959.0,
       -1305.0
      ],
      [
       1954.0,
       -1307.0
      ],
      [
       1955.0,
       -1309.0
      ],
      [
       1952.0,
       -1310.0
      ],
      [
       1952.0,
       -1312.0
      ],
      [
       1942.0,
       -1312.0
      ],
      [
       1941.0,
       -1314.0
      ],
      [
       1939.0,
       -1314.0
      ],
      [
       1939.0,
       -1316.0
      ],
      [
       1936.0,
       -1316.0
      ],
      [
       1938.0,
       -1318.0
      ],
      [
       1941.0,
       -1318.0
      ],
      [
       1945.0,
       -1322.0
      ],
      [
       1953.0,
       -1324.0
      ],
      [
       1957.0,
       -1328.0
      ],
      [
       1952.0,
       -1330.0
      ],
      [
       1946.0,
       -1330.0
      ],
      [
       1946.0,
       -1332.0
      ],
      [
       1941.0,
       -1334.0
      ],
      [
       1948.0,
       -1344.0
      ],
      [
       1952.0,
       -1344.0
      ],
      [
       1959.0,
       -1348.0
      ],
      [
       1963.0,
       -1348.0
      ],
      [
       1964.0,
       -1350.0
      ],
      [
       1968.0,
       -1350.0
      ],
      [
       1970.0,
       -1352.0
      ],
      [
       1982.0,
       -1352.0
      ],
      [
       1983.0,
       -1354.0
      ],
      [
       2012.0,
       -1354.0
      ],
      [
       2014.0,
       -1356.0
      ],
      [
       2018.0,
       -1356.0
      ],
      [
       2019.0,
       -1358.0
      ],
      [
       2023.0,
       -1358.0
      ],
      [
       2025.0,
       -1360.0
      ],
      [
       2041.0,
       -1364.0
      ],
      [
       2042.0,
       -1366.0
      ],
      [
       2046.0,
       -1366.0
      ],
      [
       2048.0,
       -1368.0
      ],
      [
       2054.0,
       -1368.0
      ],
      [
       2059.0,
       -1371.0
      ],
      [
       2068.0,
       -1371.0
      ],
      [
       2069.0,
       -1373.0
      ],
      [
       2078.0,
       -1373.0
      ],
      [
       2080.0,
       -1375.0
      ],
      [
       2084.0,
       -1375.0
      ],
      [
       2085.0,
       -1377.0
      ],
      [
       2090.0,
       -1377.0
      ],
      [
       2091.0,
       -1379.0
      ],
      [
       2096.0,
       -1380.0
      ],
      [
       2098.0,
       -1382.0
      ],
      [
       2114.0,
       -1386.0
      ],
      [
       2117.0,
       -1390.0
      ],
      [
       2141.0,
       -1393.0
      ],
      [
       2144.0,
       -1396.0
      ],
      [
       2148.0,
       -1396.0
      ],
      [
       2149.0,
       -1398.0
      ],
      [
       2176.0,
       -1400.0
      ],
      [
       2177.0,
       -1398.0
      ],
      [
       2189.0,
       -1399.0
      ],
      [
       2188.0,
       -1398.0
      ],
      [
       2191.0,
       -1397.0
      ],
      [
       2202.0,
       -1398.0
      ],
      [
       2205.0,
       -1401.0
      ],
      [
       2218.0,
       -1402.0
      ],
      [
       2218.0,
       -1400.0
      ],
      [
       2221.0,
       -1400.0
      ],
      [
       2219.0,
       -1398.0
      ],
      [
       2220.0,
       -1396.0
      ],
      [
       2251.0,
       -1400.0
      ],
      [
       2252.0,
       -1398.0
      ],
      [
       2260.0,
       -1399.0
      ],
      [
       2260.0,
       -1397.0
      ],
      [
       2277.0,
       -1399.0
      ],
      [
       2278.0,
       -1397.0
      ],
      [
       2281.0,
       -1397.0
      ],
      [
       2289.0,
       -1402.0
      ],
      [
       2297.0,
       -1403.0
      ],
      [
       2297.0,
       -1401.0
      ],
      [
       2300.0,
       -1401.0
      ],
      [
       2300.0,
       -1397.0
      ],
      [
       2311.0,
       -1397.0
      ],
      [
       2312.0,
       -1395.0
      ],
      [
       2320.0,
       -1396.0
      ],
      [
       2321.0,
       -1398.0
      ],
      [
       2324.0,
       -1398.0
      ],
      [
       2327.0,
       -1401.0
      ],
      [
       2334.0,
       -1402.0
      ],
      [
       2336.0,
       -1400.0
      ],
      [
       2343.0,
       -1401.0
      ],
      [
       2344.0,
       -1399.0
      ],
      [
       2363.0,
       -1401.0
      ],
      [
       2367.0,
       -1404.0
      ],
      [
       2393.0,
       -1407.0
      ],
      [
       2394.0,
       -1409.0
      ],
      [
       2404.0,
       -1413.0
      ],
      [
       2421.0,
       -1415.0
      ],
      [
       2422.0,
       -1417.0
      ],
      [
       2426.0,
       -1417.0
      ],
      [
       2428.0,
       -1420.0
      ],
      [
       2431.0,
       -1420.0
      ],
      [
       2434.0,
       -1426.0
      ],
      [
       2438.0,
       -1427.0
      ],
      [
       2439.0,
       -1429.0
      ],
      [
       2443.0,
       -1429.0
      ],
      [
       2445.0,
       -1432.0
      ],
      [
       2448.0,
       -1432.0
      ],
      [
       2449.0,
       -1434.0
      ],
      [
       2460.0,
       -1436.0
      ],
      [
       2477.0,
       -1436.0
      ],
      [
       2480.0,
       -1442.0
      ],
      [
       2487.0,
       -1443.0
      ],
      [
       2489.0,
       -1446.0
      ],
      [
       2495.0,
       -1446.0
      ],
      [
       2498.0,
       -1449.0
      ],
      [
       2501.0,
       -1449.0
      ],
      [
       2504.0,
       -1454.0
      ],
      [
       2506.0,
       -1454.0
      ],
      [
       2507.0,
       -1452.0
      ],
      [
       2510.0,
       -1453.0
      ],
      [
       2507.0,
       -1446.0
      ],
      [
       2508.0,
       -1445.0
      ],
      [
       2519.0,
       -1446.0
      ],
      [
       2518.0,
       -1445.0
      ],
      [
       2520.0,
       -1444.0
      ],
      [
       2530.0,
       -1446.0
      ],
      [
       2529.0,
       -1445.0
      ],
      [
       2532.0,
       -1444.0
      ],
      [
       2541.0,
       -1446.0
      ],
      [
       2540.0,
       -1443.0
      ],
      [
       2533.0,
       -1442.0
      ],
      [
       2531.0,
       -1438.0
      ],
      [
       2537.0,
       -1437.0
      ],
      [
       2546.0,
       -1439.0
      ],
      [
       2544.0,
       -1432.0
      ],
      [
       2547.0,
       -1431.0
      ],
      [
       2546.0,
       -1428.0
      ],
      [
       2550.0,
       -1428.0
      ],
      [
       2550.0,
       -1426.0
      ],
      [
       2554.0,
       -1425.0
      ],
      [
       2564.0,
       -1426.0
      ],
      [
       2570.0,
       -1431.0
      ],
      [
       2575.0,
       -1432.0
      ],
      [
       2581.0,
       -1429.0
      ],
      [
       2599.0,
       -1431.0
      ],
      [
       2601.0,
       -1434.0
      ],
      [
       2610.0,
       -1435.0
      ],
      [
       2611.0,
       -1433.0
      ],
      [
       2613.0,
       -1433.0
      ],
      [
       2615.0,
       -1436.0
      ],
      [
       2618.0,
       -1436.0
      ],
      [
       2620.0,
       -1434.0
      ],
      [
       2623.0,
       -1437.0
      ],
      [
       2625.0,
       -1437.0
      ],
      [
       2626.0,
       -1435.0
      ],
      [
       2629.0,
       -1436.0
      ],
      [
       2629.0,
       -1434.0
      ],
      [
       2631.0,
       -1434.0
      ],
      [
       2632.0,
       -1432.0
      ],
      [
       2635.0,
       -1433.0
      ],
      [
       2635.0,
       -1431.0
      ],
      [
       2638.0,
       -1431.0
      ],
      [
       2640.0,
       -1434.0
      ],
      [
       2649.0,
       -1433.0
      ],
      [
       2649.0,
       -1431.0
      ],
      [
       2653.0,
       -1430.0
      ],
      [
       2662.0,
       -1431.0
      ],
      [
       2664.0,
       -1429.0
      ],
      [
       2672.0,
       -1431.0
      ],
      [
       2673.0,
       -1429.0
      ],
      [
       2676.0,
       -1429.0
      ],
      [
       2680.0,
       -1432.0
      ],
      [
       2679.0,
       -1431.0
      ],
      [
       2682.0,
       -1430.0
      ],
      [
       2680.0,
       -1421.0
      ],
      [
       2684.0,
       -1421.0
      ],
      [
       2683.0,
       -1420.0
      ],
      [
       2687.0,
       -1417.0
      ],
      [
       2690.0,
       -1418.0
      ],
      [
       2689.0,
       -1415.0
      ],
      [
       2695.0,
       -1412.0
      ],
      [
       2693.0,
       -1406.0
      ],
      [
       2696.0,
       -1405.0
      ],
      [
       2696.0,
       -1402.0
      ],
      [
       2694.0,
       -1402.0
      ],
      [
       2691.0,
       -1399.0
      ],
      [
       2691.0,
       -1397.0
      ],
      [
       2688.0,
       -1397.0
      ],
      [
       2686.0,
       -1391.0
      ],
      [
       2682.0,
       -1389.0
      ],
      [
       2680.0,
       -1382.0
      ],
      [
       2692.0,
       -1377.0
      ],
      [
       2690.0,
       -1368.0
      ],
      [
       2694.0,
       -1365.0
      ],
      [
       2703.0,
       -1367.0
      ],
      [
       2707.0,
       -1363.0
      ],
      [
       2715.0,
       -1360.0
      ],
      [
       2707.0,
       -1355.0
      ],
      [
       2706.0,
       -1350.0
      ],
      [
       2709.0,
       -1350.0
      ],
      [
       2708.0,
       -1347.0
      ],
      [
       2712.0,
       -1346.0
      ],
      [
       2712.0,
       -1344.0
      ],
      [
       2715.0,
       -1345.0
      ],
      [
       2714.0,
       -1341.0
      ],
      [
       2711.0,
       -1341.0
      ],
      [
       2710.0,
       -1338.0
      ],
      [
       2705.0,
       -1335.0
      ],
      [
       2705.0,
       -1332.0
      ],
      [
       2711.0,
       -1330.0
      ],
      [
       2710.0,
       -1325.0
      ],
      [
       2713.0,
       -1325.0
      ],
      [
       2712.0,
       -1322.0
      ],
      [
       2718.0,
       -1319.0
      ],
      [
       2716.0,
       -1310.0
      ],
      [
       2722.0,
       -1308.0
      ],
      [
       2720.0,
       -1299.0
      ],
      [
       2726.0,
       -1296.0
      ],
      [
       2727.0,
       -1294.0
      ],
      [
       2729.0,
       -1295.0
      ],
      [
       2733.0,
       -1291.0
      ],
      [
       2742.0,
       -1294.0
      ],
      [
       2748.0,
       -1291.0
      ],
      [
       2748.0,
       -1289.0
      ],
      [
       2751.0,
       -1290.0
      ],
      [
       2750.0,
       -1289.0
      ],
      [
       2756.0,
       -1286.0
      ],
      [
       2757.0,
       -1284.0
      ],
      [
       2759.0,
       -1285.0
      ],
      [
       2760.0,
       -1283.0
      ],
      [
       2765.0,
       -1281.0
      ],
      [
       2765.0,
       -1277.0
      ],
      [
       2773.0,
       -1274.0
      ],
      [
       2770.0,
       -1263.0
      ],
      [
       2776.0,
       -1262.0
      ],
      [
       2777.0,
       -1260.0
      ],
      [
       2779.0,
       -1261.0
      ],
      [
       2775.0,
       -1257.0
      ],
      [
       2772.0,
       -1257.0
      ],
      [
       2767.0,
       -1252.0
      ],
      [
       2765.0,
       -1252.0
      ],
      [
       2764.0,
       -1250.0
      ],
      [
       2751.0,
       -1248.0
      ],
      [
       2750.0,
       -1244.0
      ],
      [
       2746.0,
       -1243.0
      ],
      [
       2745.0,
       -1235.0
      ],
      [
       2748.0,
       -1235.0
      ],
      [
       2746.0,
       -1227.0
      ],
      [
       2752.0,
       -1225.0
      ],
      [
       2751.0,
       -1220.0
      ],
      [
       2747.0,
       -1218.0
      ],
      [
       2747.0,
       -1215.0
      ],
      [
       2743.0,
       -1214.0
      ],
      [
       2743.0,
       -1210.0
      ],
      [
       2733.0,
       -1207.0
      ],
      [
       2732.0,
       -1203.0
      ],
      [
       2729.0,
       -1203.0
      ],
      [
       2727.0,
       -1200.0
      ],
      [
       2715.0,
       -1199.0
      ],
      [
       2710.0,
       -1194.0
      ],
      [
       2701.0,
       -1191.0
      ],
      [
       2700.0,
       -1189.0
      ],
      [
       2697.0,
       -1189.0
      ],
      [
       2697.0,
       -1191.0
      ],
      [
       2681.0,
       -1191.0
      ],
      [
       2677.0,
       -1194.0
      ],
      [
       2669.0,
       -1194.0
      ],
      [
       2663.0,
       -1189.0
      ],
      [
       2649.0,
       -1187.0
      ],
      [
       2648.0,
       -1185.0
      ],
      [
       2644.0,
       -1184.0
      ],
      [
       2644.0,
       -1179.0
      ],
      [
       2640.0,
       -1176.0
      ],
      [
       2637.0,
       -1176.0
      ],
      [
       2636.0,
       -1173.0
      ],
      [
       2633.0,
       -1173.0
      ],
      [
       2632.0,
       -1171.0
      ],
      [
       2626.0,
       -1172.0
      ],
      [
       2625.0,
       -1170.0
      ],
      [
       2620.0,
       -1170.0
      ],
      [
       2617.0,
       -1167.0
      ],
      [
       2614.0,
       -1167.0
      ],
      [
       2613.0,
       -1162.0
      ],
      [
       2611.0,
       -1160.0
      ],
      [
       2606.0,
       -1160.0
      ],
      [
       2605.0,
       -1158.0
      ],
      [
       2598.0,
       -1157.0
      ],
      [
       2597.0,
       -1155.0
      ],
      [
       2594.0,
       -1155.0
      ],
      [
       2593.0,
       -1152.0
      ],
      [
       2583.0,
       -1153.0
      ],
      [
       2582.0,
       -1151.0
      ],
      [
       2579.0,
       -1151.0
      ],
      [
       2576.0,
       -1148.0
      ],
      [
       2563.0,
       -1147.0
      ],
      [
       2562.0,
       -1145.0
      ],
      [
       2559.0,
       -1145.0
      ],
      [
       2557.0,
       -1142.0
      ],
      [
       2551.0,
       -1140.0
      ],
      [
       2548.0,
       -1137.0
      ],
      [
       2530.0,
       -1136.0
      ],
      [
       2529.0,
       -1133.0
      ],
      [
       2510.0,
       -1131.0
      ],
      [
       2505.0,
       -1135.0
      ],
      [
       2494.0,
       -1136.0
      ],
      [
       2493.0,
       -1138.0
      ],
      [
       2490.0,
       -1137.0
      ],
      [
       2489.0,
       -1139.0
      ],
      [
       2486.0,
       -1139.0
      ],
      [
       2485.0,
       -1141.0
      ],
      [
       2482.0,
       -1140.0
      ],
      [
       2481.0,
       -1142.0
      ],
      [
       2478.0,
       -1142.0
      ],
      [
       2477.0,
       -1140.0
      ],
      [
       2465.0,
       -1139.0
      ],
      [
       2464.0,
       -1141.0
      ],
      [
       2451.0,
       -1139.0
      ],
      [
       2451.0,
       -1141.0
      ],
      [
       2434.0,
       -1140.0
      ],
      [
       2432.0,
       -1137.0
      ],
      [
       2429.0,
       -1137.0
      ],
      [
       2428.0,
       -1135.0
      ],
      [
       2424.0,
       -1135.0
      ],
      [
       2423.0,
       -1133.0
      ],
      [
       2419.0,
       -1132.0
      ],
      [
       2418.0,
       -1128.0
      ],
      [
       2414.0,
       -1128.0
      ],
      [
       2413.0,
       -1126.0
      ],
      [
       2410.0,
       -1126.0
      ],
      [
       2408.0,
       -1123.0
      ],
      [
       2404.0,
       -1123.0
      ],
      [
       2403.0,
       -1119.0
      ],
      [
       2399.0,
       -1119.0
      ],
      [
       2395.0,
       -1116.0
      ],
      [
       2390.0,
       -1116.0
      ],
      [
       2389.0,
       -1114.0
      ],
      [
       2375.0,
       -1113.0
      ],
      [
       2369.0,
       -1108.0
      ],
      [
       2359.0,
       -1108.0
      ],
      [
       2355.0,
       -1107.0
      ],
      [
       2354.0,
       -1105.0
      ],
      [
       2346.0,
       -1105.0
      ],
      [
       2344.0,
       -1102.0
      ],
      [
       2340.0,
       -1102.0
      ],
      [
       2339.0,
       -1104.0
      ],
      [
       2335.0,
       -1104.0
      ],
      [
       2334.0,
       -1106.0
      ],
      [
       2330.0,
       -1105.0
      ],
      [
       2329.0,
       -1107.0
      ],
      [
       2315.0,
       -1106.0
      ],
      [
       2314.0,
       -1108.0
      ],
      [
       2298.0,
       -1109.0
      ],
      [
       2294.0,
       -1108.0
      ],
      [
       2293.0,
       -1106.0
      ],
      [
       2289.0,
       -1106.0
      ],
      [
       2288.0,
       -1104.0
      ],
      [
       2262.0,
       -1102.0
      ],
      [
       2261.0,
       -1100.0
      ],
      [
       2257.0,
       -1100.0
      ],
      [
       2256.0,
       -1098.0
      ],
      [
       2246.0,
       -1097.0
      ],
      [
       2245.0,
       -1095.0
      ],
      [
       2235.0,
       -1095.0
      ],
      [
       2234.0,
       -1093.0
      ],
      [
       2230.0,
       -1093.0
      ],
      [
       2227.0,
       -1090.0
      ],
      [
       2223.0,
       -1090.0
      ],
      [
       2222.0,
       -1088.0
      ],
      [
       2195.0,
       -1087.0
      ],
      [
       2194.0,
       -1085.0
      ],
      [
       2168.0,
       -1083.0
      ],
      [
       2167.0,
       -1085.0
      ],
      [
       2162.0,
       -1085.0
      ],
      [
       2161.0,
       -1087.0
      ],
      [
       2140.0,
       -1088.0
      ],
      [
       2139.0,
       -1090.0
      ],
      [
       2123.0,
       -1089.0
      ],
      [
       2122.0,
       -1091.0
      ],
      [
       2117.0,
       -1090.0
      ],
      [
       2117.0,
       -1092.0
      ],
      [
       2106.0,
       -1092.0
      ],
      [
       2105.0,
       -1090.0
      ],
      [
       2101.0,
       -1090.0
      ],
      [
       2100.0,
       -1088.0
      ],
      [
       2079.0,
       -1087.0
      ],
      [
       2078.0,
       -1085.0
      ],
      [
       2068.0,
       -1085.0
      ],
      [
       2067.0,
       -1087.0
      ],
      [
       2063.0,
       -1087.0
      ],
      [
       2058.0,
       -1084.0
      ],
      [
       2056.0,
       -1086.0
      ],
      [
       2052.0,
       -1086.0
      ],
      [
       2051.0,
       -1088.0
      ],
      [
       2046.0,
       -1088.0
      ],
      [
       2045.0,
       -1090.0
      ],
      [
       2030.0,
       -1089.0
      ],
      [
       2029.0,
       -1087.0
      ],
      [
       1995.0,
       -1087.0
      ],
      [
       1994.0,
       -1077.0
      ],
      [
       1990.0,
       -1077.0
      ],
      [
       1989.0,
       -1075.0
      ],
      [
       1985.0,
       -1075.0
      ],
      [
       1984.0,
       -1073.0
      ],
      [
       1966.0,
       -1073.0
      ],
      [
       1965.0,
       -1071.0
      ],
      [
       1952.0,
       -1071.0
      ],
      [
       1951.0,
       -1069.0
      ],
      [
       1948.0,
       -1069.0
      ],
      [
       1947.0,
       -1067.0
      ],
      [
       1944.0,
       -1067.0
      ],
      [
       1939.0,
       -1063.0
      ],
      [
       1935.0,
       -1063.0
      ],
      [
       1935.0,
       -1061.0
      ],
      [
       1931.0,
       -1061.0
      ],
      [
       1931.0,
       -1059.0
      ],
      [
       1927.0,
       -1059.0
      ],
      [
       1926.0,
       -1061.0
      ],
      [
       1919.0,
       -1059.0
      ],
      [
       1918.0,
       -1061.0
      ],
      [
       1895.0,
       -1063.0
      ],
      [
       1894.0,
       -1065.0
      ],
      [
       1891.0,
       -1065.0
      ],
      [
       1890.0,
       -1067.0
      ],
      [
       1883.0,
       -1068.0
      ],
      [
       1883.0,
       -1066.0
      ],
      [
       1876.0,
       -1065.0
      ],
      [
       1864.0,
       -1072.0
      ],
      [
       1846.0,
       -1072.0
      ],
      [
       1845.0,
       -1074.0
      ],
      [
       1839.0,
       -1076.0
      ],
      [
       1838.0,
       -1080.0
      ],
      [
       1833.0,
       -1081.0
      ],
      [
       1833.0,
       -1086.0
      ],
      [
       1827.0,
       -1089.0
      ],
      [
       1827.0,
       -1092.0
      ],
      [
       1833.0,
       -1095.0
      ],
      [
       1833.0,
       -1099.0
      ],
      [
       1827.0,
       -1102.0
      ],
      [
       1827.0,
       -1104.0
      ],
      [
       1825.0,
       -1104.0
      ],
      [
       1826.0,
       -1114.0
      ],
      [
       1823.0,
       -1115.0
      ],
      [
       1822.0,
       -1119.0
      ],
      [
       1820.0,
       -1119.0
      ],
      [
       1821.0,
       -1127.0
      ],
      [
       1818.0,
       -1130.0
      ],
      [
       1816.0,
       -1130.0
      ],
      [
       1813.0,
       -1134.0
      ],
      [
       1811.0,
       -1134.0
      ],
      [
       1812.0,
       -1137.0
      ],
      [
       1809.0,
       -1138.0
      ],
      [
       1809.0,
       -1140.0
      ],
      [
       1803.0,
       -1145.0
      ],
      [
       1799.0,
       -1145.0
      ],
      [
       1798.0,
       -1147.0
      ],
      [
       1794.0,
       -1147.0
      ],
      [
       1793.0,
       -1149.0
      ],
      [
       1791.0,
       -1149.0
      ],
      [
       1790.0,
       -1147.0
      ],
      [
       1786.0,
       -1147.0
      ],
      [
       1785.0,
       -1149.0
      ],
      [
       1783.0,
       -1149.0
      ],
      [
       1782.0,
       -1147.0
      ],
      [
       1780.0,
       -1147.0
      ],
      [
       1779.0,
       -1149.0
      ],
      [
       1775.0,
       -1149.0
      ],
      [
       1774.0,
       -1147.0
      ],
      [
       1769.0,
       -1146.0
      ],
      [
       1769.0,
       -1148.0
      ],
      [
       1763.0,
       -1150.0
      ],
      [
       1759.0,
       -1150.0
      ],
      [
       1758.0,
       -1148.0
      ],
      [
       1756.0,
       -1150.0
      ],
      [
       1752.0,
       -1150.0
      ],
      [
       1747.0,
       -1157.0
      ],
      [
       1745.0,
       -1157.0
      ],
      [
       1747.0,
       -1166.0
      ],
      [
       1743.0,
       -1169.0
      ],
      [
       1741.0,
       -1175.0
      ],
      [
       1739.0,
       -1176.0
      ]
     ]
    ]
   }
  },
  {
   "type": "Feature",
   "properties": {
    "code": "hellas_planitia",
    "name": "Hellas Planitia",
    "number": 29,
    "capital": null,
    "culture": null,
    "civs": [
     "mcc",
     "mla"
    ],
    "provinceType": "land",
    "terrain": "plains",
    "mapTypes": [
     "mars"
    ],
    "resources": null,
    "religion": null,
    "population": "high",
    "centerpoint": [
     3096,
     1383
    ],
    "position": {
     "x": 2681,
     "y": 1186
    },
    "bbox": {
     "w": 754,
     "h": 409
    },
    "maskSize": [
     1024,
     512
    ],
    "links": [
     "hesperia_planum",
     "noachis_terra",
     "terra_australis",
     "terra_sirenum",
     "thaumasia_planum",
     "tyrrhena_terra"
    ]
   },
   "geometry": {
    "type": "Polygon",
    "coordinates": [
     [
      [
       3433.0,
       -1418.0
      ],
      [
       3430.0,
       -1417.0
      ],
      [
       3430.0,
       -1415.0
      ],
      [
       3423.0,
       -1411.0
      ],
      [
       3422.0,
       -1407.0
      ],
      [
       3418.0,
       -1406.0
      ],
      [
       3416.0,
       -1408.0
      ],
      [
       3414.0,
       -1406.0
      ],
      [
       3411.0,
       -1396.0
      ],
      [
       3414.0,
       -1395.0
      ],
      [
       3413.0,
       -1392.0
      ],
      [
       3415.0,
       -1390.0
      ],
      [
       3412.0,
       -1389.0
      ],
      [
       3411.0,
       -1385.0
      ],
      [
       3409.0,
       -1385.0
      ],
      [
       3403.0,
       -1377.0
      ],
      [
       3402.0,
       -1378.0
      ],
      [
       3399.0,
       -1376.0
      ],
      [
       3397.0,
       -1378.0
      ],
      [
       3394.0,
       -1372.0
      ],
      [
       3379.0,
       -1364.0
      ],
      [
       3378.0,
       -1358.0
      ],
      [
       3380.0,
       -1357.0
      ],
      [
       3378.0,
       -1352.0
      ],
      [
       3380.0,
       -1351.0
      ],
      [
       3377.0,
       -1342.0
      ],
      [
       3380.0,
       -1341.0
      ],
      [
       3379.0,
       -1340.0
      ],
      [
       3382.0,
       -1336.0
      ],
      [
       3385.0,
       -1336.0
      ],
      [
       3387.0,
       -1334.0
      ],
      [
       3386.0,
       -1329.0
      ],
      [
       3388.0,
       -1328.0
      ],
      [
       3384.0,
       -1325.0
      ],
      [
       3382.0,
       -1319.0
      ],
      [
       3386.0,
       -1316.0
      ],
      [
       3385.0,
       -1313.0
      ],
      [
       3391.0,
       -1307.0
      ],
      [
       3390.0,
       -1304.0
      ],
      [
       3386.0,
       -1302.0
      ],
      [
       3386.0,
       -1300.0
      ],
      [
       3384.0,
       -1301.0
      ],
      [
       3380.0,
       -1297.0
      ],
      [
       3371.0,
       -1298.0
      ],
      [
       3365.0,
       -1290.0
      ],
      [
       3359.0,
       -1288.0
      ],
      [
       3358.0,
       -1285.0
      ],
      [
       3361.0,
       -1284.0
      ],
      [
       3361.0,
       -1278.0
      ],
      [
       3363.0,
       -1277.0
      ],
      [
       3362.0,
       -1274.0
      ],
      [
       3364.0,
       -1273.0
      ],
      [
       3363.0,
       -1270.0
      ],
      [
       3365.0,
       -1269.0
      ],
      [
       3363.0,
       -1264.0
      ],
      [
       3367.0,
       -1260.0
      ],
      [
       3366.0,
       -1257.0
      ],
      [
       3363.0,
       -1257.0
      ],
      [
       3361.0,
       -1250.0
      ],
      [
       3357.0,
       -1248.0
      ],
      [
       3356.0,
       -1244.0
      ],
      [
       3350.0,
       -1241.0
      ],
      [
       3348.0,
       -1236.0
      ],
      [
       3347.0,
       -1237.0
      ],
      [
       3338.0,
       -1231.0
      ],
      [
       3332.0,
       -1236.0
      ],
      [
       3333.0,
       -1237.0
      ],
      [
       3328.0,
       -1242.0
      ],
      [
       3320.0,
       -1243.0
      ],
      [
       3320.0,
       -1245.0
      ],
      [
       3314.0,
       -1246.0
      ],
      [
       3314.0,
       -1248.0
      ],
      [
       3308.0,
       -1248.0
      ],
      [
       3303.0,
       -1244.0
      ],
      [
       3302.0,
       -1245.0
      ],
      [
       3301.0,
       -1243.0
      ],
      [
       3294.0,
       -1243.0
      ],
      [
       3290.0,
       -1239.0
      ],
      [
       3286.0,
       -1240.0
      ],
      [
       3285.0,
       -1238.0
      ],
      [
       3281.0,
       -1238.0
      ],
      [
       3276.0,
       -1234.0
      ],
      [
       3276.0,
       -1232.0
      ],
      [
       3274.0,
       -1232.0
      ],
      [
       3270.0,
       -1228.0
      ],
      [
       3266.0,
       -1229.0
      ],
      [
       3265.0,
       -1227.0
      ],
      [
       3261.0,
       -1227.0
      ],
      [
       3259.0,
       -1225.0
      ],
      [
       3253.0,
       -1225.0
      ],
      [
       3254.0,
       -1226.0
      ],
      [
       3251.0,
       -1230.0
      ],
      [
       3242.0,
       -1228.0
      ],
      [
       3241.0,
       -1226.0
      ],
      [
       3233.0,
       -1226.0
      ],
      [
       3232.0,
       -1229.0
      ],
      [
       3229.0,
       -1229.0
      ],
      [
       3222.0,
       -1225.0
      ],
      [
       3218.0,
       -1225.0
      ],
      [
       3216.0,
       -1221.0
      ],
      [
       3202.0,
       -1214.0
      ],
      [
       3201.0,
       -1209.0
      ],
      [
       3198.0,
       -1208.0
      ],
      [
       3197.0,
       -1203.0
      ],
      [
       3185.0,
       -1197.0
      ],
      [
       3175.0,
       -1198.0
      ],
      [
       3170.0,
       -1193.0
      ],
      [
       3169.0,
       -1196.0
      ],
      [
       3165.0,
       -1196.0
      ],
      [
       3161.0,
       -1192.0
      ],
      [
       3150.0,
       -1192.0
      ],
      [
       3149.0,
       -1190.0
      ],
      [
       3145.0,
       -1194.0
      ],
      [
       3140.0,
       -1194.0
      ],
      [
       3139.0,
       -1196.0
      ],
      [
       3133.0,
       -1196.0
      ],
      [
       3132.0,
       -1194.0
      ],
      [
       3128.0,
       -1194.0
      ],
      [
       3127.0,
       -1192.0
      ],
      [
       3118.0,
       -1192.0
      ],
      [
       3118.0,
       -1194.0
      ],
      [
       3107.0,
       -1194.0
      ],
      [
       3106.0,
       -1192.0
      ],
      [
       3102.0,
       -1192.0
      ],
      [
       3095.0,
       -1186.0
      ],
      [
       3089.0,
       -1186.0
      ],
      [
       3088.0,
       -1188.0
      ],
      [
       3077.0,
       -1188.0
      ],
      [
       3076.0,
       -1186.0
      ],
      [
       3072.0,
       -1186.0
      ],
      [
       3071.0,
       -1188.0
      ],
      [
       3061.0,
       -1188.0
      ],
      [
       3059.0,
       -1190.0
      ],
      [
       3060.0,
       -1193.0
      ],
      [
       3057.0,
       -1196.0
      ],
      [
       3049.0,
       -1198.0
      ],
      [
       3049.0,
       -1200.0
      ],
      [
       3036.0,
       -1200.0
      ],
      [
       3035.0,
       -1202.0
      ],
      [
       3028.0,
       -1202.0
      ],
      [
       3024.0,
       -1199.0
      ],
      [
       3024.0,
       -1197.0
      ],
      [
       3017.0,
       -1197.0
      ],
      [
       3016.0,
       -1195.0
      ],
      [
       3002.0,
       -1194.0
      ],
      [
       3000.0,
       -1192.0
      ],
      [
       2979.0,
       -1191.0
      ],
      [
       2977.0,
       -1193.0
      ],
      [
       2977.0,
       -1196.0
      ],
      [
       2972.0,
       -1201.0
      ],
      [
       2966.0,
       -1201.0
      ],
      [
       2962.0,
       -1205.0
      ],
      [
       2963.0,
       -1208.0
      ],
      [
       2960.0,
       -1209.0
      ],
      [
       2961.0,
       -1212.0
      ],
      [
       2956.0,
       -1217.0
      ],
      [
       2952.0,
       -1217.0
      ],
      [
       2950.0,
       -1219.0
      ],
      [
       2951.0,
       -1224.0
      ],
      [
       2946.0,
       -1229.0
      ],
      [
       2918.0,
       -1229.0
      ],
      [
       2917.0,
       -1231.0
      ],
      [
       2904.0,
       -1230.0
      ],
      [
       2903.0,
       -1228.0
      ],
      [
       2898.0,
       -1227.0
      ],
      [
       2897.0,
       -1225.0
      ],
      [
       2886.0,
       -1224.0
      ],
      [
       2887.0,
       -1225.0
      ],
      [
       2883.0,
       -1228.0
      ],
      [
       2879.0,
       -1227.0
      ],
      [
       2878.0,
       -1229.0
      ],
      [
       2871.0,
       -1229.0
      ],
      [
       2870.0,
       -1231.0
      ],
      [
       2868.0,
       -1231.0
      ],
      [
       2868.0,
       -1233.0
      ],
      [
       2866.0,
       -1232.0
      ],
      [
       2865.0,
       -1234.0
      ],
      [
       2863.0,
       -1234.0
      ],
      [
       2863.0,
       -1236.0
      ],
      [
       2855.0,
       -1235.0
      ],
      [
       2853.0,
       -1237.0
      ],
      [
       2854.0,
       -1243.0
      ],
      [
       2846.0,
       -1245.0
      ],
      [
       2846.0,
       -1248.0
      ],
      [
       2843.0,
       -1251.0
      ],
      [
       2841.0,
       -1250.0
      ],
      [
       2842.0,
       -1254.0
      ],
      [
       2834.0,
       -1256.0
      ],
      [
       2833.0,
       -1258.0
      ],
      [
       2822.0,
       -1257.0
      ],
      [
       2821.0,
       -1259.0
      ],
      [
       2819.0,
       -1258.0
      ],
      [
       2816.0,
       -1262.0
      ],
      [
       2801.0,
       -1260.0
      ],
      [
       2802.0,
       -1261.0
      ],
      [
       2798.0,
       -1264.0
      ],
      [
       2790.0,
       -1263.0
      ],
      [
       2789.0,
       -1265.0
      ],
      [
       2780.0,
       -1264.0
      ],
      [
       2777.0,
       -1261.0
      ],
      [
       2776.0,
       -1263.0
      ],
      [
       2771.0,
       -1263.0
      ],
      [
       2774.0,
       -1274.0
      ],
      [
       2770.0,
       -1277.0
      ],
      [
       2765.0,
       -1278.0
      ],
      [
       2765.0,
       -1282.0
      ],
      [
       2763.0,
       -1282.0
      ],
      [
       2759.0,
       -1286.0
      ],
      [
       2757.0,
       -1285.0
      ],
      [
       2753.0,
       -1289.0
      ],
      [
       2748.0,
       -1290.0
      ],
      [
       2749.0,
       -1291.0
      ],
      [
       2745.0,
       -1294.0
      ],
      [
       2740.0,
       -1295.0
      ],
      [
       2738.0,
       -1293.0
      ],
      [
       2733.0,
       -1292.0
      ],
      [
       2729.0,
       -1296.0
      ],
      [
       2727.0,
       -1295.0
      ],
      [
       2726.0,
       -1297.0
      ],
      [
       2721.0,
       -1299.0
      ],
      [
       2723.0,
       -1308.0
      ],
      [
       2717.0,
       -1310.0
      ],
      [
       2719.0,
       -1319.0
      ],
      [
       2713.0,
       -1322.0
      ],
      [
       2713.0,
       -1326.0
      ],
      [
       2711.0,
       -1325.0
      ],
      [
       2712.0,
       -1330.0
      ],
      [
       2708.0,
       -1333.0
      ],
      [
       2706.0,
       -1332.0
      ],
      [
       2706.0,
       -1335.0
      ],
      [
       2709.0,
       -1336.0
      ],
      [
       2711.0,
       -1340.0
      ],
      [
       2715.0,
       -1341.0
      ],
      [
       2715.0,
       -1344.0
      ],
      [
       2712.0,
       -1345.0
      ],
      [
       2712.0,
       -1347.0
      ],
      [
       2709.0,
       -1347.0
      ],
      [
       2710.0,
       -1350.0
      ],
      [
       2707.0,
       -1350.0
      ],
      [
       2708.0,
       -1355.0
      ],
      [
       2712.0,
       -1358.0
      ],
      [
       2715.0,
       -1358.0
      ],
      [
       2716.0,
       -1360.0
      ],
      [
       2712.0,
       -1363.0
      ],
      [
       2707.0,
       -1364.0
      ],
      [
       2703.0,
       -1368.0
      ],
      [
       2694.0,
       -1366.0
      ],
      [
       2693.0,
       -1368.0
      ],
      [
       2691.0,
       -1368.0
      ],
      [
       2693.0,
       -1377.0
      ],
      [
       2681.0,
       -1382.0
      ],
      [
       2682.0,
       -1387.0
      ],
      [
       2687.0,
       -1391.0
      ],
      [
       2688.0,
       -1396.0
      ],
      [
       2691.0,
       -1396.0
      ],
      [
       2692.0,
       -1399.0
      ],
      [
       2697.0,
       -1402.0
      ],
      [
       2697.0,
       -1405.0
      ],
      [
       2694.0,
       -1406.0
      ],
      [
       2696.0,
       -1412.0
      ],
      [
       2690.0,
       -1415.0
      ],
      [
       2690.0,
       -1417.0
      ],
      [
       2686.0,
       -1420.0
      ],
      [
       2681.0,
       -1421.0
      ],
      [
       2684.0,
       -1432.0
      ],
      [
       2687.0,
       -1433.0
      ],
      [
       2689.0,
       -1437.0
      ],
      [
       2693.0,
       -1437.0
      ],
      [
       2696.0,
       -1440.0
      ],
      [
       2706.0,
       -1441.0
      ],
      [
       2708.0,
       -1444.0
      ],
      [
       2720.0,
       -1445.0
      ],
      [
       2731.0,
       -1453.0
      ],
      [
       2737.0,
       -1453.0
      ],
      [
       2740.0,
       -1456.0
      ],
      [
       2743.0,
       -1456.0
      ],
      [
       2744.0,
       -1458.0
      ],
      [
       2741.0,
       -1459.0
      ],
      [
       2742.0,
       -1464.0
      ],
      [
       2745.0,
       -1464.0
      ],
      [
       2748.0,
       -1469.0
      ],
      [
       2757.0,
       -1474.0
      ],
      [
       2759.0,
       -1480.0
      ],
      [
       2762.0,
       -1480.0
      ],
      [
       2763.0,
       -1482.0
      ],
      [
       2772.0,
       -1483.0
      ],
      [
       2777.0,
       -1488.0
      ],
      [
       2783.0,
       -1489.0
      ],
      [
       2784.0,
       -1487.0
      ],
      [
       2786.0,
       -1487.0
      ],
      [
       2789.0,
       -1490.0
      ],
      [
       2793.0,
       -1490.0
      ],
      [
       2798.0,
       -1495.0
      ],
      [
       2803.0,
       -1493.0
      ],
      [
       2804.0,
       -1495.0
      ],
      [
       2810.0,
       -1496.0
      ],
      [
       2814.0,
       -1499.0
      ],
      [
       2819.0,
       -1497.0
      ],
      [
       2820.0,
       -1499.0
      ],
      [
       2826.0,
       -1500.0
      ],
      [
       2827.0,
       -1498.0
      ],
      [
       2834.0,
       -1497.0
      ],
      [
       2835.0,
       -1495.0
      ],
      [
       2843.0,
       -1494.0
      ],
      [
       2845.0,
       -1500.0
      ],
      [
       2854.0,
       -1501.0
      ],
      [
       2857.0,
       -1504.0
      ],
      [
       2865.0,
       -1504.0
      ],
      [
       2871.0,
       -1509.0
      ],
      [
       2873.0,
       -1509.0
      ],
      [
       2875.0,
       -1511.0
      ],
      [
       2876.0,
       -1517.0
      ],
      [
       2878.0,
       -1517.0
      ],
      [
       2883.0,
       -1522.0
      ],
      [
       2883.0,
       -1524.0
      ],
      [
       2891.0,
       -1524.0
      ],
      [
       2893.0,
       -1527.0
      ],
      [
       2897.0,
       -1527.0
      ],
      [
       2905.0,
       -1532.0
      ],
      [
       2913.0,
       -1532.0
      ],
      [
       2917.0,
       -1535.0
      ],
      [
       2925.0,
       -1535.0
      ],
      [
       2933.0,
       -1542.0
      ],
      [
       2943.0,
       -1540.0
      ],
      [
       2947.0,
       -1543.0
      ],
      [
       2955.0,
       -1543.0
      ],
      [
       2956.0,
       -1545.0
      ],
      [
       2960.0,
       -1546.0
      ],
      [
       2972.0,
       -1546.0
      ],
      [
       2982.0,
       -1555.0
      ],
      [
       2998.0,
       -1555.0
      ],
      [
       3002.0,
       -1558.0
      ],
      [
       3009.0,
       -1558.0
      ],
      [
       3017.0,
       -1566.0
      ],
      [
       3019.0,
       -1564.0
      ],
      [
       3026.0,
       -1564.0
      ],
      [
       3027.0,
       -1566.0
      ],
      [
       3032.0,
       -1566.0
      ],
      [
       3039.0,
       -1572.0
      ],
      [
       3044.0,
       -1572.0
      ],
      [
       3048.0,
       -1575.0
      ],
      [
       3057.0,
       -1575.0
      ],
      [
       3058.0,
       -1573.0
      ],
      [
       3072.0,
       -1575.0
      ],
      [
       3073.0,
       -1573.0
      ],
      [
       3077.0,
       -1573.0
      ],
      [
       3078.0,
       -1571.0
      ],
      [
       3080.0,
       -1571.0
      ],
      [
       3087.0,
       -1577.0
      ],
      [
       3087.0,
       -1579.0
      ],
      [
       3094.0,
       -1579.0
      ],
      [
       3093.0,
       -1578.0
      ],
      [
       3096.0,
       -1577.0
      ],
      [
       3097.0,
       -1579.0
      ],
      [
       3101.0,
       -1579.0
      ],
      [
       3108.0,
       -1585.0
      ],
      [
       3115.0,
       -1585.0
      ],
      [
       3124.0,
       -1592.0
      ],
      [
       3139.0,
       -1592.0
      ],
      [
       3140.0,
       -1594.0
      ],
      [
       3144.0,
       -1594.0
      ],
      [
       3149.0,
       -1588.0
      ],
      [
       3161.0,
       -1590.0
      ],
      [
       3162.0,
       -1588.0
      ],
      [
       3171.0,
       -1586.0
      ],
      [
       3171.0,
       -1584.0
      ],
      [
       3180.0,
       -1584.0
      ],
      [
       3181.0,
       -1582.0
      ],
      [
       3190.0,
       -1580.0
      ],
      [
       3189.0,
       -1579.0
      ],
      [
       3192.0,
       -1578.0
      ],
      [
       3191.0,
       -1575.0
      ],
      [
       3195.0,
       -1572.0
      ],
      [
       3198.0,
       -1572.0
      ],
      [
       3199.0,
       -1570.0
      ],
      [
       3210.0,
       -1570.0
      ],
      [
       3211.0,
       -1568.0
      ],
      [
       3223.0,
       -1569.0
      ],
      [
       3224.0,
       -1571.0
      ],
      [
       3231.0,
       -1571.0
      ],
      [
       3232.0,
       -1573.0
      ],
      [
       3236.0,
       -1572.0
      ],
      [
       3237.0,
       -1574.0
      ],
      [
       3241.0,
       -1574.0
      ],
      [
       3242.0,
       -1576.0
      ],
      [
       3248.0,
       -1576.0
      ],
      [
       3251.0,
       -1573.0
      ],
      [
       3253.0,
       -1573.0
      ],
      [
       3254.0,
       -1575.0
      ],
      [
       3267.0,
       -1575.0
      ],
      [
       3277.0,
       -1564.0
      ],
      [
       3281.0,
       -1564.0
      ],
      [
       3282.0,
       -1562.0
      ],
      [
       3291.0,
       -1562.0
      ],
      [
       3290.0,
       -1561.0
      ],
      [
       3295.0,
       -1559.0
      ],
      [
       3298.0,
       -1555.0
      ],
      [
       3302.0,
       -1557.0
      ],
      [
       3305.0,
       -1553.0
      ],
      [
       3309.0,
       -1553.0
      ],
      [
       3311.0,
       -1550.0
      ],
      [
       3316.0,
       -1550.0
      ],
      [
       3315.0,
       -1549.0
      ],
      [
       3318.0,
       -1548.0
      ],
      [
       3321.0,
       -1544.0
      ],
      [
       3329.0,
       -1543.0
      ],
      [
       3332.0,
       -1539.0
      ],
      [
       3336.0,
       -1539.0
      ],
      [
       3339.0,
       -1535.0
      ],
      [
       3345.0,
       -1534.0
      ],
      [
       3350.0,
       -1530.0
      ],
      [
       3354.0,
       -1530.0
      ],
      [
       3361.0,
       -1521.0
      ],
      [
       3365.0,
       -1521.0
      ],
      [
       3364.0,
       -1520.0
      ],
      [
       3367.0,
       -1519.0
      ],
      [
       3367.0,
       -1517.0
      ],
      [
       3369.0,
       -1517.0
      ],
      [
       3368.0,
       -1516.0
      ],
      [
       3371.0,
       -1514.0
      ],
      [
       3370.0,
       -1513.0
      ],
      [
       3373.0,
       -1512.0
      ],
      [
       3372.0,
       -1509.0
      ],
      [
       3374.0,
       -1508.0
      ],
      [
       3372.0,
       -1498.0
      ],
      [
       3374.0,
       -1494.0
      ],
      [
       3372.0,
       -1486.0
      ],
      [
       3376.0,
       -1483.0
      ],
      [
       3373.0,
       -1470.0
      ],
      [
       3376.0,
       -1467.0
      ],
      [
       3380.0,
       -1466.0
      ],
      [
       3390.0,
       -1455.0
      ],
      [
       3390.0,
       -1448.0
      ],
      [
       3393.0,
       -1447.0
      ],
      [
       3393.0,
       -1445.0
      ],
      [
       3395.0,
       -1445.0
      ],
      [
       3395.0,
       -1438.0
      ],
      [
       3398.0,
       -1437.0
      ],
      [
       3398.0,
       -1435.0
      ],
      [
       3407.0,
       -1434.0
      ],
      [
       3408.0,
       -1436.0
      ],
      [
       3410.0,
       -1436.0
      ],
      [
       3415.0,
       -1431.0
      ],
      [
       3426.0,
       -1430.0
      ],
      [
       3434.0,
       -1423.0
      ],
      [
       3433.0,
       -1418.0
      ]
     ]
    ]
   }
  },
  {
   "type": "Feature",
   "properties": {
    "code": "terra_sirenum",
    "name": "Terra Sirenum",
    "number": 30,
    "capital": null,
    "culture": null,
    "civs": [
     "mcc",
     "mla"
    ],
    "provinceType": "land",
    "terrain": "highlands",
    "mapTypes": [
     "mars"
    ],
    "resources": null,
    "religion": null,
    "population": "medium",
    "centerpoint": [
     3936,
     1287
    ],
    "position": {
     "x": 3339,
     "y": 1124
    },
    "bbox": {
     "w": 757,
     "h": 353
    },
    "maskSize": [
     1024,
     512
    ],
    "links": [
     "hellas_planitia",
     "hesperia_planum",
     "terra_australis",
     "terra_cimmeria"
    ]
   },
   "geometry": {
    "type": "Polygon",
    "coordinates": [
     [
      [
       4095.0,
       -1427.0
      ],
      [
       4095.0,
       -1132.0
      ],
      [
       4085.0,
       -1132.0
      ],
      [
       4084.0,
       -1130.0
      ],
      [
       4080.0,
       -1131.0
      ],
      [
       4079.0,
       -1129.0
      ],
      [
       4075.0,
       -1130.0
      ],
      [
       4074.0,
       -1128.0
      ],
      [
       4070.0,
       -1128.0
      ],
      [
       4069.0,
       -1126.0
      ],
      [
       4061.0,
       -1128.0
      ],
      [
       4056.0,
       -1128.0
      ],
      [
       4055.0,
       -1126.0
      ],
      [
       4028.0,
       -1131.0
      ],
      [
       4027.0,
       -1129.0
      ],
      [
       4018.0,
       -1130.0
      ],
      [
       4017.0,
       -1128.0
      ],
      [
       4003.0,
       -1128.0
      ],
      [
       4002.0,
       -1126.0
      ],
      [
       3993.0,
       -1128.0
      ],
      [
       3992.0,
       -1126.0
      ],
      [
       3982.0,
       -1126.0
      ],
      [
       3981.0,
       -1124.0
      ],
      [
       3972.0,
       -1125.0
      ],
      [
       3972.0,
       -1127.0
      ],
      [
       3964.0,
       -1129.0
      ],
      [
       3962.0,
       -1127.0
      ],
      [
       3948.0,
       -1129.0
      ],
      [
       3947.0,
       -1127.0
      ],
      [
       3938.0,
       -1129.0
      ],
      [
       3937.0,
       -1127.0
      ],
      [
       3921.0,
       -1130.0
      ],
      [
       3916.0,
       -1128.0
      ],
      [
       3914.0,
       -1129.0
      ],
      [
       3914.0,
       -1131.0
      ],
      [
       3906.0,
       -1132.0
      ],
      [
       3902.0,
       -1137.0
      ],
      [
       3898.0,
       -1138.0
      ],
      [
       3889.0,
       -1137.0
      ],
      [
       3887.0,
       -1135.0
      ],
      [
       3862.0,
       -1140.0
      ],
      [
       3860.0,
       -1138.0
      ],
      [
       3857.0,
       -1138.0
      ],
      [
       3857.0,
       -1141.0
      ],
      [
       3852.0,
       -1141.0
      ],
      [
       3849.0,
       -1144.0
      ],
      [
       3834.0,
       -1146.0
      ],
      [
       3834.0,
       -1149.0
      ],
      [
       3823.0,
       -1150.0
      ],
      [
       3823.0,
       -1152.0
      ],
      [
       3820.0,
       -1153.0
      ],
      [
       3820.0,
       -1155.0
      ],
      [
       3817.0,
       -1155.0
      ],
      [
       3817.0,
       -1158.0
      ],
      [
       3814.0,
       -1158.0
      ],
      [
       3815.0,
       -1159.0
      ],
      [
       3811.0,
       -1161.0
      ],
      [
       3807.0,
       -1161.0
      ],
      [
       3808.0,
       -1162.0
      ],
      [
       3805.0,
       -1164.0
      ],
      [
       3778.0,
       -1168.0
      ],
      [
       3770.0,
       -1163.0
      ],
      [
       3751.0,
       -1164.0
      ],
      [
       3749.0,
       -1161.0
      ],
      [
       3746.0,
       -1161.0
      ],
      [
       3744.0,
       -1159.0
      ],
      [
       3731.0,
       -1159.0
      ],
      [
       3723.0,
       -1161.0
      ],
      [
       3712.0,
       -1156.0
      ],
      [
       3680.0,
       -1161.0
      ],
      [
       3676.0,
       -1164.0
      ],
      [
       3670.0,
       -1163.0
      ],
      [
       3671.0,
       -1164.0
      ],
      [
       3668.0,
       -1165.0
      ],
      [
       3669.0,
       -1166.0
      ],
      [
       3667.0,
       -1168.0
      ],
      [
       3664.0,
       -1166.0
      ],
      [
       3647.0,
       -1166.0
      ],
      [
       3640.0,
       -1168.0
      ],
      [
       3634.0,
       -1166.0
      ],
      [
       3626.0,
       -1168.0
      ],
      [
       3622.0,
       -1162.0
      ],
      [
       3612.0,
       -1161.0
      ],
      [
       3604.0,
       -1163.0
      ],
      [
       3602.0,
       -1161.0
      ],
      [
       3594.0,
       -1162.0
      ],
      [
       3594.0,
       -1164.0
      ],
      [
       3584.0,
       -1165.0
      ],
      [
       3583.0,
       -1168.0
      ],
      [
       3577.0,
       -1168.0
      ],
      [
       3576.0,
       -1171.0
      ],
      [
       3572.0,
       -1171.0
      ],
      [
       3570.0,
       -1174.0
      ],
      [
       3566.0,
       -1172.0
      ],
      [
       3567.0,
       -1173.0
      ],
      [
       3564.0,
       -1174.0
      ],
      [
       3565.0,
       -1175.0
      ],
      [
       3563.0,
       -1177.0
      ],
      [
       3549.0,
       -1178.0
      ],
      [
       3549.0,
       -1180.0
      ],
      [
       3544.0,
       -1181.0
      ],
      [
       3544.0,
       -1183.0
      ],
      [
       3537.0,
       -1184.0
      ],
      [
       3534.0,
       -1182.0
      ],
      [
       3526.0,
       -1186.0
      ],
      [
       3525.0,
       -1184.0
      ],
      [
       3514.0,
       -1183.0
      ],
      [
       3512.0,
       -1181.0
      ],
      [
       3499.0,
       -1181.0
      ],
      [
       3499.0,
       -1183.0
      ],
      [
       3489.0,
       -1184.0
      ],
      [
       3488.0,
       -1182.0
      ],
      [
       3483.0,
       -1181.0
      ],
      [
       3481.0,
       -1179.0
      ],
      [
       3476.0,
       -1179.0
      ],
      [
       3475.0,
       -1176.0
      ],
      [
       3472.0,
       -1176.0
      ],
      [
       3467.0,
       -1172.0
      ],
      [
       3452.0,
       -1172.0
      ],
      [
       3448.0,
       -1163.0
      ],
      [
       3445.0,
       -1162.0
      ],
      [
       3445.0,
       -1166.0
      ],
      [
       3441.0,
       -1169.0
      ],
      [
       3441.0,
       -1171.0
      ],
      [
       3425.0,
       -1173.0
      ],
      [
       3422.0,
       -1177.0
      ],
      [
       3422.0,
       -1183.0
      ],
      [
       3417.0,
       -1188.0
      ],
      [
       3409.0,
       -1189.0
      ],
      [
       3406.0,
       -1187.0
      ],
      [
       3405.0,
       -1190.0
      ],
      [
       3402.0,
       -1190.0
      ],
      [
       3400.0,
       -1188.0
      ],
      [
       3391.0,
       -1189.0
      ],
      [
       3390.0,
       -1187.0
      ],
      [
       3386.0,
       -1187.0
      ],
      [
       3384.0,
       -1185.0
      ],
      [
       3376.0,
       -1186.0
      ],
      [
       3374.0,
       -1188.0
      ],
      [
       3374.0,
       -1191.0
      ],
      [
       3368.0,
       -1191.0
      ],
      [
       3369.0,
       -1192.0
      ],
      [
       3366.0,
       -1193.0
      ],
      [
       3368.0,
       -1196.0
      ],
      [
       3366.0,
       -1198.0
      ],
      [
       3366.0,
       -1203.0
      ],
      [
       3361.0,
       -1204.0
      ],
      [
       3362.0,
       -1205.0
      ],
      [
       3359.0,
       -1206.0
      ],
      [
       3359.0,
       -1209.0
      ],
      [
       3351.0,
       -1209.0
      ],
      [
       3350.0,
       -1213.0
      ],
      [
       3346.0,
       -1216.0
      ],
      [
       3348.0,
       -1219.0
      ],
      [
       3348.0,
       -1221.0
      ],
      [
       3346.0,
       -1222.0
      ],
      [
       3347.0,
       -1223.0
      ],
      [
       3339.0,
       -1229.0
      ],
      [
       3340.0,
       -1232.0
      ],
      [
       3347.0,
       -1236.0
      ],
      [
       3348.0,
       -1235.0
      ],
      [
       3351.0,
       -1241.0
      ],
      [
       3356.0,
       -1243.0
      ],
      [
       3358.0,
       -1248.0
      ],
      [
       3362.0,
       -1250.0
      ],
      [
       3364.0,
       -1257.0
      ],
      [
       3367.0,
       -1257.0
      ],
      [
       3368.0,
       -1260.0
      ],
      [
       3364.0,
       -1264.0
      ],
      [
       3366.0,
       -1269.0
      ],
      [
       3364.0,
       -1270.0
      ],
      [
       3365.0,
       -1273.0
      ],
      [
       3363.0,
       -1274.0
      ],
      [
       3364.0,
       -1277.0
      ],
      [
       3362.0,
       -1278.0
      ],
      [
       3362.0,
       -1284.0
      ],
      [
       3359.0,
       -1285.0
      ],
      [
       3360.0,
       -1288.0
      ],
      [
       3365.0,
       -1289.0
      ],
      [
       3371.0,
       -1297.0
      ],
      [
       3380.0,
       -1296.0
      ],
      [
       3384.0,
       -1300.0
      ],
      [
       3386.0,
       -1299.0
      ],
      [
       3392.0,
       -1307.0
      ],
      [
       3386.0,
       -1313.0
      ],
      [
       3387.0,
       -1316.0
      ],
      [
       3383.0,
       -1319.0
      ],
      [
       3385.0,
       -1325.0
      ],
      [
       3389.0,
       -1328.0
      ],
      [
       3387.0,
       -1329.0
      ],
      [
       3388.0,
       -1334.0
      ],
      [
       3385.0,
       -1337.0
      ],
      [
       3382.0,
       -1337.0
      ],
      [
       3380.0,
       -1340.0
      ],
      [
       3381.0,
       -1341.0
      ],
      [
       3378.0,
       -1342.0
      ],
      [
       3381.0,
       -1351.0
      ],
      [
       3379.0,
       -1352.0
      ],
      [
       3381.0,
       -1357.0
      ],
      [
       3379.0,
       -1358.0
      ],
      [
       3380.0,
       -1364.0
      ],
      [
       3394.0,
       -1371.0
      ],
      [
       3397.0,
       -1377.0
      ],
      [
       3399.0,
       -1375.0
      ],
      [
       3402.0,
       -1377.0
      ],
      [
       3403.0,
       -1376.0
      ],
      [
       3405.0,
       -1380.0
      ],
      [
       3407.0,
       -1380.0
      ],
      [
       3409.0,
       -1384.0
      ],
      [
       3412.0,
       -1385.0
      ],
      [
       3413.0,
       -1389.0
      ],
      [
       3416.0,
       -1390.0
      ],
      [
       3414.0,
       -1392.0
      ],
      [
       3415.0,
       -1395.0
      ],
      [
       3412.0,
       -1396.0
      ],
      [
       3415.0,
       -1406.0
      ],
      [
       3422.0,
       -1406.0
      ],
      [
       3424.0,
       -1411.0
      ],
      [
       3434.0,
       -1418.0
      ],
      [
       3434.0,
       -1429.0
      ],
      [
       3441.0,
       -1428.0
      ],
      [
       3442.0,
       -1430.0
      ],
      [
       3447.0,
       -1430.0
      ],
      [
       3451.0,
       -1433.0
      ],
      [
       3457.0,
       -1430.0
      ],
      [
       3458.0,
       -1432.0
      ],
      [
       3465.0,
       -1431.0
      ],
      [
       3466.0,
       -1433.0
      ],
      [
       3471.0,
       -1433.0
      ],
      [
       3472.0,
       -1435.0
      ],
      [
       3485.0,
       -1435.0
      ],
      [
       3486.0,
       -1437.0
      ],
      [
       3483.0,
       -1438.0
      ],
      [
       3484.0,
       -1441.0
      ],
      [
       3486.0,
       -1441.0
      ],
      [
       3488.0,
       -1445.0
      ],
      [
       3490.0,
       -1444.0
      ],
      [
       3491.0,
       -1446.0
      ],
      [
       3497.0,
       -1449.0
      ],
      [
       3495.0,
       -1451.0
      ],
      [
       3496.0,
       -1454.0
      ],
      [
       3503.0,
       -1455.0
      ],
      [
       3504.0,
       -1457.0
      ],
      [
       3506.0,
       -1456.0
      ],
      [
       3510.0,
       -1459.0
      ],
      [
       3511.0,
       -1462.0
      ],
      [
       3514.0,
       -1463.0
      ],
      [
       3529.0,
       -1461.0
      ],
      [
       3530.0,
       -1463.0
      ],
      [
       3535.0,
       -1465.0
      ],
      [
       3536.0,
       -1468.0
      ],
      [
       3549.0,
       -1467.0
      ],
      [
       3550.0,
       -1469.0
      ],
      [
       3568.0,
       -1466.0
      ],
      [
       3569.0,
       -1468.0
      ],
      [
       3574.0,
       -1468.0
      ],
      [
       3575.0,
       -1470.0
      ],
      [
       3580.0,
       -1469.0
      ],
      [
       3582.0,
       -1471.0
      ],
      [
       3591.0,
       -1469.0
      ],
      [
       3592.0,
       -1471.0
      ],
      [
       3604.0,
       -1472.0
      ],
      [
       3606.0,
       -1469.0
      ],
      [
       3612.0,
       -1469.0
      ],
      [
       3614.0,
       -1466.0
      ],
      [
       3621.0,
       -1467.0
      ],
      [
       3626.0,
       -1471.0
      ],
      [
       3628.0,
       -1470.0
      ],
      [
       3629.0,
       -1472.0
      ],
      [
       3631.0,
       -1472.0
      ],
      [
       3635.0,
       -1467.0
      ],
      [
       3639.0,
       -1467.0
      ],
      [
       3640.0,
       -1471.0
      ],
      [
       3638.0,
       -1472.0
      ],
      [
       3638.0,
       -1475.0
      ],
      [
       3643.0,
       -1474.0
      ],
      [
       3644.0,
       -1476.0
      ],
      [
       3655.0,
       -1475.0
      ],
      [
       3658.0,
       -1472.0
      ],
      [
       3663.0,
       -1471.0
      ],
      [
       3676.0,
       -1472.0
      ],
      [
       3678.0,
       -1469.0
      ],
      [
       3680.0,
       -1469.0
      ],
      [
       3681.0,
       -1471.0
      ],
      [
       3686.0,
       -1470.0
      ],
      [
       3687.0,
       -1472.0
      ],
      [
       3692.0,
       -1471.0
      ],
      [
       3693.0,
       -1473.0
      ],
      [
       3704.0,
       -1472.0
      ],
      [
       3705.0,
       -1469.0
      ],
      [
       3711.0,
       -1469.0
      ],
      [
       3713.0,
       -1466.0
      ],
      [
       3732.0,
       -1464.0
      ],
      [
       3733.0,
       -1461.0
      ],
      [
       3738.0,
       -1461.0
      ],
      [
       3742.0,
       -1458.0
      ],
      [
       3765.0,
       -1455.0
      ],
      [
       3766.0,
       -1452.0
      ],
      [
       3777.0,
       -1451.0
      ],
      [
       3781.0,
       -1452.0
      ],
      [
       3782.0,
       -1454.0
      ],
      [
       3787.0,
       -1453.0
      ],
      [
       3789.0,
       -1455.0
      ],
      [
       3797.0,
       -1454.0
      ],
      [
       3799.0,
       -1451.0
      ],
      [
       3825.0,
       -1448.0
      ],
      [
       3825.0,
       -1446.0
      ],
      [
       3831.0,
       -1443.0
      ],
      [
       3832.0,
       -1440.0
      ],
      [
       3847.0,
       -1438.0
      ],
      [
       3847.0,
       -1436.0
      ],
      [
       3851.0,
       -1435.0
      ],
      [
       3860.0,
       -1438.0
      ],
      [
       3861.0,
       -1440.0
      ],
      [
       3870.0,
       -1437.0
      ],
      [
       3871.0,
       -1439.0
      ],
      [
       3874.0,
       -1438.0
      ],
      [
       3875.0,
       -1440.0
      ],
      [
       3891.0,
       -1440.0
      ],
      [
       3895.0,
       -1443.0
      ],
      [
       3901.0,
       -1442.0
      ],
      [
       3902.0,
       -1444.0
      ],
      [
       3908.0,
       -1445.0
      ],
      [
       3910.0,
       -1449.0
      ],
      [
       3916.0,
       -1448.0
      ],
      [
       3917.0,
       -1450.0
      ],
      [
       3920.0,
       -1450.0
      ],
      [
       3923.0,
       -1447.0
      ],
      [
       3929.0,
       -1446.0
      ],
      [
       3930.0,
       -1448.0
      ],
      [
       3934.0,
       -1449.0
      ],
      [
       3946.0,
       -1448.0
      ],
      [
       3947.0,
       -1450.0
      ],
      [
       3967.0,
       -1447.0
      ],
      [
       3968.0,
       -1444.0
      ],
      [
       3974.0,
       -1444.0
      ],
      [
       3975.0,
       -1441.0
      ],
      [
       3987.0,
       -1440.0
      ],
      [
       3988.0,
       -1437.0
      ],
      [
       3991.0,
       -1437.0
      ],
      [
       3990.0,
       -1434.0
      ],
      [
       3994.0,
       -1432.0
      ],
      [
       3995.0,
       -1434.0
      ],
      [
       3997.0,
       -1434.0
      ],
      [
       3998.0,
       -1432.0
      ],
      [
       4007.0,
       -1430.0
      ],
      [
       4009.0,
       -1432.0
      ],
      [
       4014.0,
       -1432.0
      ],
      [
       4033.0,
       -1429.0
      ],
      [
       4034.0,
       -1431.0
      ],
      [
       4043.0,
       -1429.0
      ],
      [
       4044.0,
       -1431.0
      ],
      [
       4057.0,
       -1430.0
      ],
      [
       4057.0,
       -1428.0
      ],
      [
       4061.0,
       -1427.0
      ],
      [
       4065.0,
       -1422.0
      ],
      [
       4075.0,
       -1425.0
      ],
      [
       4076.0,
       -1429.0
      ],
      [
       4095.0,
       -1427.0
      ]
     ]
    ]
   }
  },
  {
   "type": "Feature",
   "properties": {
    "code": "eridania_planitia",
    "name": "Eridania Planitia",
    "number": 31,
    "capital": null,
    "culture": null,
    "civs": [
     "mcc",
     "mla"
    ],
    "provinceType": "land",
    "terrain": "plains",
    "mapTypes": [
     "mars"
    ],
    "resources": null,
    "religion": null,
    "population": "high",
    "centerpoint": [
     150,
     1505
    ],
    "position": {
     "x": 0,
     "y": 1272
    },
    "bbox": {
     "w": 744,
     "h": 491
    },
    "maskSize": [
     1024,
     512
    ],
    "links": [
     "amazonis_planitia",
     "australe_terra",
     "daedalia_planum",
     "promethei_terra",
     "sirenum_planitia"
    ]
   },
   "geometry": {
    "type": "Polygon",
    "coordinates": [
     [
      [
       0.0,
       -1272.0
      ],
      [
       0.0,
       -1623.0
      ],
      [
       7.0,
       -1623.0
      ],
      [
       9.0,
       -1626.0
      ],
      [
       16.0,
       -1626.0
      ],
      [
       17.0,
       -1629.0
      ],
      [
       23.0,
       -1629.0
      ],
      [
       25.0,
       -1632.0
      ],
      [
       33.0,
       -1633.0
      ],
      [
       37.0,
       -1636.0
      ],
      [
       38.0,
       -1640.0
      ],
      [
       44.0,
       -1638.0
      ],
      [
       45.0,
       -1641.0
      ],
      [
       50.0,
       -1643.0
      ],
      [
       52.0,
       -1646.0
      ],
      [
       58.0,
       -1646.0
      ],
      [
       62.0,
       -1649.0
      ],
      [
       73.0,
       -1650.0
      ],
      [
       74.0,
       -1653.0
      ],
      [
       78.0,
       -1653.0
      ],
      [
       81.0,
       -1656.0
      ],
      [
       93.0,
       -1657.0
      ],
      [
       94.0,
       -1649.0
      ],
      [
       99.0,
       -1650.0
      ],
      [
       103.0,
       -1653.0
      ],
      [
       108.0,
       -1649.0
      ],
      [
       124.0,
       -1649.0
      ],
      [
       125.0,
       -1652.0
      ],
      [
       128.0,
       -1653.0
      ],
      [
       127.0,
       -1655.0
      ],
      [
       125.0,
       -1655.0
      ],
      [
       125.0,
       -1658.0
      ],
      [
       135.0,
       -1661.0
      ],
      [
       136.0,
       -1659.0
      ],
      [
       144.0,
       -1660.0
      ],
      [
       144.0,
       -1666.0
      ],
      [
       146.0,
       -1666.0
      ],
      [
       149.0,
       -1669.0
      ],
      [
       163.0,
       -1668.0
      ],
      [
       169.0,
       -1669.0
      ],
      [
       172.0,
       -1672.0
      ],
      [
       174.0,
       -1672.0
      ],
      [
       175.0,
       -1670.0
      ],
      [
       187.0,
       -1672.0
      ],
      [
       189.0,
       -1670.0
      ],
      [
       202.0,
       -1672.0
      ],
      [
       203.0,
       -1670.0
      ],
      [
       227.0,
       -1671.0
      ],
      [
       228.0,
       -1669.0
      ],
      [
       235.0,
       -1670.0
      ],
      [
       236.0,
       -1668.0
      ],
      [
       238.0,
       -1668.0
      ],
      [
       242.0,
       -1673.0
      ],
      [
       254.0,
       -1674.0
      ],
      [
       255.0,
       -1672.0
      ],
      [
       257.0,
       -1672.0
      ],
      [
       261.0,
       -1675.0
      ],
      [
       266.0,
       -1675.0
      ],
      [
       269.0,
       -1678.0
      ],
      [
       276.0,
       -1679.0
      ],
      [
       277.0,
       -1677.0
      ],
      [
       284.0,
       -1678.0
      ],
      [
       285.0,
       -1676.0
      ],
      [
       289.0,
       -1676.0
      ],
      [
       295.0,
       -1681.0
      ],
      [
       308.0,
       -1682.0
      ],
      [
       311.0,
       -1679.0
      ],
      [
       319.0,
       -1679.0
      ],
      [
       322.0,
       -1682.0
      ],
      [
       330.0,
       -1684.0
      ],
      [
       332.0,
       -1687.0
      ],
      [
       335.0,
       -1688.0
      ],
      [
       335.0,
       -1691.0
      ],
      [
       337.0,
       -1693.0
      ],
      [
       343.0,
       -1693.0
      ],
      [
       345.0,
       -1696.0
      ],
      [
       348.0,
       -1697.0
      ],
      [
       347.0,
       -1698.0
      ],
      [
       352.0,
       -1700.0
      ],
      [
       352.0,
       -1702.0
      ],
      [
       362.0,
       -1707.0
      ],
      [
       363.0,
       -1709.0
      ],
      [
       369.0,
       -1709.0
      ],
      [
       373.0,
       -1712.0
      ],
      [
       375.0,
       -1710.0
      ],
      [
       380.0,
       -1710.0
      ],
      [
       381.0,
       -1708.0
      ],
      [
       390.0,
       -1709.0
      ],
      [
       391.0,
       -1711.0
      ],
      [
       403.0,
       -1710.0
      ],
      [
       406.0,
       -1713.0
      ],
      [
       413.0,
       -1713.0
      ],
      [
       416.0,
       -1717.0
      ],
      [
       418.0,
       -1717.0
      ],
      [
       421.0,
       -1721.0
      ],
      [
       425.0,
       -1722.0
      ],
      [
       426.0,
       -1724.0
      ],
      [
       435.0,
       -1724.0
      ],
      [
       441.0,
       -1729.0
      ],
      [
       441.0,
       -1732.0
      ],
      [
       438.0,
       -1733.0
      ],
      [
       438.0,
       -1736.0
      ],
      [
       442.0,
       -1736.0
      ],
      [
       446.0,
       -1739.0
      ],
      [
       446.0,
       -1742.0
      ],
      [
       450.0,
       -1742.0
      ],
      [
       453.0,
       -1746.0
      ],
      [
       467.0,
       -1747.0
      ],
      [
       468.0,
       -1749.0
      ],
      [
       472.0,
       -1749.0
      ],
      [
       475.0,
       -1755.0
      ],
      [
       478.0,
       -1756.0
      ],
      [
       478.0,
       -1759.0
      ],
      [
       486.0,
       -1762.0
      ],
      [
       487.0,
       -1759.0
      ],
      [
       485.0,
       -1759.0
      ],
      [
       482.0,
       -1755.0
      ],
      [
       479.0,
       -1754.0
      ],
      [
       479.0,
       -1747.0
      ],
      [
       490.0,
       -1741.0
      ],
      [
       487.0,
       -1739.0
      ],
      [
       488.0,
       -1735.0
      ],
      [
       495.0,
       -1736.0
      ],
      [
       497.0,
       -1734.0
      ],
      [
       495.0,
       -1732.0
      ],
      [
       495.0,
       -1727.0
      ],
      [
       493.0,
       -1726.0
      ],
      [
       495.0,
       -1718.0
      ],
      [
       503.0,
       -1716.0
      ],
      [
       504.0,
       -1714.0
      ],
      [
       508.0,
       -1714.0
      ],
      [
       509.0,
       -1712.0
      ],
      [
       517.0,
       -1711.0
      ],
      [
       518.0,
       -1713.0
      ],
      [
       533.0,
       -1713.0
      ],
      [
       536.0,
       -1716.0
      ],
      [
       542.0,
       -1716.0
      ],
      [
       542.0,
       -1718.0
      ],
      [
       545.0,
       -1719.0
      ],
      [
       545.0,
       -1722.0
      ],
      [
       549.0,
       -1722.0
      ],
      [
       552.0,
       -1726.0
      ],
      [
       558.0,
       -1726.0
      ],
      [
       560.0,
       -1724.0
      ],
      [
       564.0,
       -1728.0
      ],
      [
       572.0,
       -1728.0
      ],
      [
       573.0,
       -1726.0
      ],
      [
       577.0,
       -1727.0
      ],
      [
       578.0,
       -1725.0
      ],
      [
       582.0,
       -1727.0
      ],
      [
       585.0,
       -1723.0
      ],
      [
       608.0,
       -1724.0
      ],
      [
       613.0,
       -1728.0
      ],
      [
       615.0,
       -1728.0
      ],
      [
       616.0,
       -1726.0
      ],
      [
       622.0,
       -1726.0
      ],
      [
       623.0,
       -1724.0
      ],
      [
       631.0,
       -1726.0
      ],
      [
       631.0,
       -1722.0
      ],
      [
       634.0,
       -1719.0
      ],
      [
       636.0,
       -1719.0
      ],
      [
       636.0,
       -1716.0
      ],
      [
       639.0,
       -1713.0
      ],
      [
       643.0,
       -1712.0
      ],
      [
       648.0,
       -1706.0
      ],
      [
       652.0,
       -1704.0
      ],
      [
       653.0,
       -1699.0
      ],
      [
       661.0,
       -1699.0
      ],
      [
       662.0,
       -1697.0
      ],
      [
       675.0,
       -1697.0
      ],
      [
       676.0,
       -1695.0
      ],
      [
       681.0,
       -1695.0
      ],
      [
       682.0,
       -1697.0
      ],
      [
       691.0,
       -1699.0
      ],
      [
       692.0,
       -1697.0
      ],
      [
       695.0,
       -1697.0
      ],
      [
       698.0,
       -1693.0
      ],
      [
       704.0,
       -1693.0
      ],
      [
       705.0,
       -1695.0
      ],
      [
       708.0,
       -1695.0
      ],
      [
       713.0,
       -1691.0
      ],
      [
       714.0,
       -1688.0
      ],
      [
       719.0,
       -1688.0
      ],
      [
       724.0,
       -1684.0
      ],
      [
       724.0,
       -1676.0
      ],
      [
       726.0,
       -1675.0
      ],
      [
       727.0,
       -1671.0
      ],
      [
       730.0,
       -1671.0
      ],
      [
       731.0,
       -1669.0
      ],
      [
       739.0,
       -1669.0
      ],
      [
       743.0,
       -1665.0
      ],
      [
       743.0,
       -1662.0
      ],
      [
       741.0,
       -1660.0
      ],
      [
       737.0,
       -1661.0
      ],
      [
       736.0,
       -1659.0
      ],
      [
       733.0,
       -1659.0
      ],
      [
       730.0,
       -1656.0
      ],
      [
       730.0,
       -1653.0
      ],
      [
       728.0,
       -1652.0
      ],
      [
       727.0,
       -1646.0
      ],
      [
       730.0,
       -1645.0
      ],
      [
       730.0,
       -1639.0
      ],
      [
       721.0,
       -1631.0
      ],
      [
       713.0,
       -1629.0
      ],
      [
       712.0,
       -1625.0
      ],
      [
       706.0,
       -1624.0
      ],
      [
       705.0,
       -1622.0
      ],
      [
       695.0,
       -1625.0
      ],
      [
       691.0,
       -1624.0
      ],
      [
       686.0,
       -1618.0
      ],
      [
       680.0,
       -1618.0
      ],
      [
       679.0,
       -1616.0
      ],
      [
       675.0,
       -1615.0
      ],
      [
       675.0,
       -1609.0
      ],
      [
       677.0,
       -1608.0
      ],
      [
       677.0,
       -1603.0
      ],
      [
       679.0,
       -1602.0
      ],
      [
       679.0,
       -1598.0
      ],
      [
       675.0,
       -1595.0
      ],
      [
       675.0,
       -1586.0
      ],
      [
       684.0,
       -1582.0
      ],
      [
       684.0,
       -1579.0
      ],
      [
       686.0,
       -1578.0
      ],
      [
       686.0,
       -1573.0
      ],
      [
       692.0,
       -1569.0
      ],
      [
       692.0,
       -1566.0
      ],
      [
       694.0,
       -1565.0
      ],
      [
       694.0,
       -1560.0
      ],
      [
       690.0,
       -1556.0
      ],
      [
       690.0,
       -1548.0
      ],
      [
       695.0,
       -1547.0
      ],
      [
       700.0,
       -1543.0
      ],
      [
       702.0,
       -1545.0
      ],
      [
       705.0,
       -1543.0
      ],
      [
       705.0,
       -1534.0
      ],
      [
       703.0,
       -1533.0
      ],
      [
       703.0,
       -1529.0
      ],
      [
       710.0,
       -1522.0
      ],
      [
       712.0,
       -1522.0
      ],
      [
       712.0,
       -1520.0
      ],
      [
       714.0,
       -1519.0
      ],
      [
       714.0,
       -1514.0
      ],
      [
       705.0,
       -1507.0
      ],
      [
       700.0,
       -1507.0
      ],
      [
       699.0,
       -1509.0
      ],
      [
       696.0,
       -1509.0
      ],
      [
       689.0,
       -1499.0
      ],
      [
       682.0,
       -1498.0
      ],
      [
       682.0,
       -1496.0
      ],
      [
       680.0,
       -1495.0
      ],
      [
       681.0,
       -1477.0
      ],
      [
       683.0,
       -1476.0
      ],
      [
       683.0,
       -1473.0
      ],
      [
       675.0,
       -1469.0
      ],
      [
       675.0,
       -1464.0
      ],
      [
       673.0,
       -1462.0
      ],
      [
       665.0,
       -1462.0
      ],
      [
       664.0,
       -1460.0
      ],
      [
       659.0,
       -1460.0
      ],
      [
       657.0,
       -1458.0
      ],
      [
       656.0,
       -1460.0
      ],
      [
       651.0,
       -1460.0
      ],
      [
       650.0,
       -1462.0
      ],
      [
       644.0,
       -1462.0
      ],
      [
       642.0,
       -1460.0
      ],
      [
       637.0,
       -1464.0
      ],
      [
       632.0,
       -1464.0
      ],
      [
       626.0,
       -1458.0
      ],
      [
       623.0,
       -1458.0
      ],
      [
       622.0,
       -1456.0
      ],
      [
       619.0,
       -1456.0
      ],
      [
       614.0,
       -1452.0
      ],
      [
       606.0,
       -1450.0
      ],
      [
       601.0,
       -1444.0
      ],
      [
       598.0,
       -1444.0
      ],
      [
       597.0,
       -1442.0
      ],
      [
       589.0,
       -1442.0
      ],
      [
       576.0,
       -1428.0
      ],
      [
       572.0,
       -1428.0
      ],
      [
       571.0,
       -1430.0
      ],
      [
       563.0,
       -1427.0
      ],
      [
       562.0,
       -1425.0
      ],
      [
       550.0,
       -1425.0
      ],
      [
       547.0,
       -1428.0
      ],
      [
       537.0,
       -1428.0
      ],
      [
       535.0,
       -1425.0
      ],
      [
       513.0,
       -1424.0
      ],
      [
       510.0,
       -1420.0
      ],
      [
       488.0,
       -1418.0
      ],
      [
       486.0,
       -1425.0
      ],
      [
       475.0,
       -1424.0
      ],
      [
       472.0,
       -1427.0
      ],
      [
       458.0,
       -1426.0
      ],
      [
       449.0,
       -1433.0
      ],
      [
       445.0,
       -1432.0
      ],
      [
       441.0,
       -1435.0
      ],
      [
       437.0,
       -1433.0
      ],
      [
       435.0,
       -1435.0
      ],
      [
       435.0,
       -1438.0
      ],
      [
       431.0,
       -1442.0
      ],
      [
       427.0,
       -1441.0
      ],
      [
       426.0,
       -1443.0
      ],
      [
       420.0,
       -1446.0
      ],
      [
       416.0,
       -1446.0
      ],
      [
       411.0,
       -1441.0
      ],
      [
       405.0,
       -1441.0
      ],
      [
       403.0,
       -1438.0
      ],
      [
       399.0,
       -1438.0
      ],
      [
       395.0,
       -1435.0
      ],
      [
       374.0,
       -1435.0
      ],
      [
       373.0,
       -1432.0
      ],
      [
       371.0,
       -1432.0
      ],
      [
       370.0,
       -1430.0
      ],
      [
       355.0,
       -1428.0
      ],
      [
       354.0,
       -1430.0
      ],
      [
       345.0,
       -1428.0
      ],
      [
       331.0,
       -1430.0
      ],
      [
       331.0,
       -1433.0
      ],
      [
       327.0,
       -1435.0
      ],
      [
       315.0,
       -1434.0
      ],
      [
       314.0,
       -1431.0
      ],
      [
       307.0,
       -1428.0
      ],
      [
       299.0,
       -1427.0
      ],
      [
       298.0,
       -1429.0
      ],
      [
       290.0,
       -1426.0
      ],
      [
       290.0,
       -1424.0
      ],
      [
       287.0,
       -1421.0
      ],
      [
       283.0,
       -1421.0
      ],
      [
       274.0,
       -1409.0
      ],
      [
       270.0,
       -1409.0
      ],
      [
       268.0,
       -1407.0
      ],
      [
       269.0,
       -1404.0
      ],
      [
       266.0,
       -1403.0
      ],
      [
       266.0,
       -1400.0
      ],
      [
       264.0,
       -1400.0
      ],
      [
       261.0,
       -1395.0
      ],
      [
       252.0,
       -1394.0
      ],
      [
       249.0,
       -1392.0
      ],
      [
       250.0,
       -1389.0
      ],
      [
       253.0,
       -1388.0
      ],
      [
       247.0,
       -1384.0
      ],
      [
       245.0,
       -1372.0
      ],
      [
       243.0,
       -1372.0
      ],
      [
       239.0,
       -1367.0
      ],
      [
       230.0,
       -1366.0
      ],
      [
       228.0,
       -1363.0
      ],
      [
       226.0,
       -1363.0
      ],
      [
       225.0,
       -1365.0
      ],
      [
       223.0,
       -1364.0
      ],
      [
       222.0,
       -1366.0
      ],
      [
       209.0,
       -1364.0
      ],
      [
       208.0,
       -1353.0
      ],
      [
       206.0,
       -1353.0
      ],
      [
       202.0,
       -1348.0
      ],
      [
       194.0,
       -1347.0
      ],
      [
       191.0,
       -1344.0
      ],
      [
       184.0,
       -1343.0
      ],
      [
       178.0,
       -1337.0
      ],
      [
       165.0,
       -1335.0
      ],
      [
       159.0,
       -1331.0
      ],
      [
       156.0,
       -1331.0
      ],
      [
       155.0,
       -1333.0
      ],
      [
       153.0,
       -1332.0
      ],
      [
       152.0,
       -1334.0
      ],
      [
       138.0,
       -1331.0
      ],
      [
       137.0,
       -1333.0
      ],
      [
       132.0,
       -1332.0
      ],
      [
       131.0,
       -1334.0
      ],
      [
       129.0,
       -1334.0
      ],
      [
       128.0,
       -1331.0
      ],
      [
       126.0,
       -1331.0
      ],
      [
       124.0,
       -1328.0
      ],
      [
       122.0,
       -1330.0
      ],
      [
       104.0,
       -1327.0
      ],
      [
       98.0,
       -1322.0
      ],
      [
       98.0,
       -1319.0
      ],
      [
       96.0,
       -1319.0
      ],
      [
       95.0,
       -1316.0
      ],
      [
       62.0,
       -1310.0
      ],
      [
       58.0,
       -1305.0
      ],
      [
       46.0,
       -1300.0
      ],
      [
       46.0,
       -1294.0
      ],
      [
       43.0,
       -1293.0
      ],
      [
       43.0,
       -1289.0
      ],
      [
       39.0,
       -1289.0
      ],
      [
       37.0,
       -1286.0
      ],
      [
       34.0,
       -1286.0
      ],
      [
       29.0,
       -1282.0
      ],
      [
       25.0,
       -1282.0
      ],
      [
       24.0,
       -1279.0
      ],
      [
       16.0,
       -1278.0
      ],
      [
       14.0,
       -1275.0
      ],
      [
       10.0,
       -1275.0
      ],
      [
       9.0,
       -1272.0
      ],
      [
       0.0,
       -1272.0
      ]
     ]
    ]
   }
  },
  {
   "type": "Feature",
   "properties": {
    "code": "promethei_terra",
    "name": "Promethei Terra",
    "number": 32,
    "capital": null,
    "culture": null,
    "civs": [
     "mcc",
     "mla"
    ],
    "provinceType": "land",
    "terrain": "highlands",
    "mapTypes": [
     "mars"
    ],
    "resources": null,
    "religion": null,
    "population": "medium",
    "centerpoint": [
     1016,
     1574
    ],
    "position": {
     "x": 676,
     "y": 1434
    },
    "bbox": {
     "w": 543,
     "h": 276
    },
    "maskSize": [
     1024,
     512
    ],
    "links": [
     "aonia_terra",
     "argyre_planitia",
     "australe_terra",
     "daedalia_planum",
     "eridania_planitia"
    ]
   },
   "geometry": {
    "type": "Polygon",
    "coordinates": [
     [
      [
       1218.0,
       -1586.0
      ],
      [
       1213.0,
       -1566.0
      ],
      [
       1210.0,
       -1565.0
      ],
      [
       1208.0,
       -1555.0
      ],
      [
       1210.0,
       -1553.0
      ],
      [
       1209.0,
       -1551.0
      ],
      [
       1211.0,
       -1548.0
      ],
      [
       1208.0,
       -1545.0
      ],
      [
       1202.0,
       -1545.0
      ],
      [
       1196.0,
       -1540.0
      ],
      [
       1185.0,
       -1542.0
      ],
      [
       1184.0,
       -1540.0
      ],
      [
       1180.0,
       -1540.0
      ],
      [
       1177.0,
       -1537.0
      ],
      [
       1175.0,
       -1539.0
      ],
      [
       1163.0,
       -1538.0
      ],
      [
       1162.0,
       -1536.0
      ],
      [
       1161.0,
       -1537.0
      ],
      [
       1160.0,
       -1535.0
      ],
      [
       1158.0,
       -1535.0
      ],
      [
       1152.0,
       -1529.0
      ],
      [
       1152.0,
       -1526.0
      ],
      [
       1150.0,
       -1526.0
      ],
      [
       1149.0,
       -1524.0
      ],
      [
       1138.0,
       -1524.0
      ],
      [
       1136.0,
       -1522.0
      ],
      [
       1133.0,
       -1522.0
      ],
      [
       1131.0,
       -1515.0
      ],
      [
       1126.0,
       -1512.0
      ],
      [
       1125.0,
       -1506.0
      ],
      [
       1127.0,
       -1504.0
      ],
      [
       1125.0,
       -1503.0
      ],
      [
       1124.0,
       -1498.0
      ],
      [
       1119.0,
       -1499.0
      ],
      [
       1113.0,
       -1493.0
      ],
      [
       1109.0,
       -1496.0
      ],
      [
       1107.0,
       -1494.0
      ],
      [
       1104.0,
       -1494.0
      ],
      [
       1100.0,
       -1490.0
      ],
      [
       1099.0,
       -1485.0
      ],
      [
       1101.0,
       -1483.0
      ],
      [
       1099.0,
       -1481.0
      ],
      [
       1096.0,
       -1482.0
      ],
      [
       1092.0,
       -1477.0
      ],
      [
       1092.0,
       -1474.0
      ],
      [
       1091.0,
       -1475.0
      ],
      [
       1087.0,
       -1472.0
      ],
      [
       1086.0,
       -1462.0
      ],
      [
       1084.0,
       -1462.0
      ],
      [
       1083.0,
       -1460.0
      ],
      [
       1078.0,
       -1460.0
      ],
      [
       1076.0,
       -1463.0
      ],
      [
       1067.0,
       -1464.0
      ],
      [
       1061.0,
       -1458.0
      ],
      [
       1050.0,
       -1458.0
      ],
      [
       1041.0,
       -1449.0
      ],
      [
       1030.0,
       -1450.0
      ],
      [
       1022.0,
       -1443.0
      ],
      [
       1019.0,
       -1444.0
      ],
      [
       1016.0,
       -1440.0
      ],
      [
       1014.0,
       -1442.0
      ],
      [
       1001.0,
       -1439.0
      ],
      [
       998.0,
       -1437.0
      ],
      [
       998.0,
       -1434.0
      ],
      [
       988.0,
       -1441.0
      ],
      [
       989.0,
       -1444.0
      ],
      [
       991.0,
       -1444.0
      ],
      [
       988.0,
       -1449.0
      ],
      [
       974.0,
       -1452.0
      ],
      [
       975.0,
       -1457.0
      ],
      [
       971.0,
       -1460.0
      ],
      [
       969.0,
       -1464.0
      ],
      [
       966.0,
       -1464.0
      ],
      [
       965.0,
       -1466.0
      ],
      [
       960.0,
       -1466.0
      ],
      [
       958.0,
       -1469.0
      ],
      [
       951.0,
       -1469.0
      ],
      [
       948.0,
       -1473.0
      ],
      [
       946.0,
       -1472.0
      ],
      [
       945.0,
       -1474.0
      ],
      [
       938.0,
       -1468.0
      ],
      [
       937.0,
       -1469.0
      ],
      [
       936.0,
       -1467.0
      ],
      [
       933.0,
       -1467.0
      ],
      [
       932.0,
       -1465.0
      ],
      [
       925.0,
       -1464.0
      ],
      [
       926.0,
       -1465.0
      ],
      [
       924.0,
       -1466.0
      ],
      [
       916.0,
       -1459.0
      ],
      [
       913.0,
       -1459.0
      ],
      [
       912.0,
       -1457.0
      ],
      [
       909.0,
       -1458.0
      ],
      [
       906.0,
       -1454.0
      ],
      [
       901.0,
       -1454.0
      ],
      [
       902.0,
       -1455.0
      ],
      [
       898.0,
       -1457.0
      ],
      [
       897.0,
       -1455.0
      ],
      [
       885.0,
       -1458.0
      ],
      [
       879.0,
       -1458.0
      ],
      [
       877.0,
       -1456.0
      ],
      [
       873.0,
       -1457.0
      ],
      [
       872.0,
       -1455.0
      ],
      [
       869.0,
       -1457.0
      ],
      [
       864.0,
       -1452.0
      ],
      [
       855.0,
       -1452.0
      ],
      [
       854.0,
       -1450.0
      ],
      [
       851.0,
       -1451.0
      ],
      [
       850.0,
       -1449.0
      ],
      [
       839.0,
       -1449.0
      ],
      [
       836.0,
       -1444.0
      ],
      [
       833.0,
       -1444.0
      ],
      [
       832.0,
       -1442.0
      ],
      [
       828.0,
       -1443.0
      ],
      [
       825.0,
       -1447.0
      ],
      [
       820.0,
       -1447.0
      ],
      [
       819.0,
       -1449.0
      ],
      [
       816.0,
       -1449.0
      ],
      [
       813.0,
       -1453.0
      ],
      [
       803.0,
       -1453.0
      ],
      [
       800.0,
       -1457.0
      ],
      [
       793.0,
       -1458.0
      ],
      [
       792.0,
       -1456.0
      ],
      [
       779.0,
       -1456.0
      ],
      [
       778.0,
       -1458.0
      ],
      [
       771.0,
       -1457.0
      ],
      [
       770.0,
       -1455.0
      ],
      [
       761.0,
       -1455.0
      ],
      [
       750.0,
       -1467.0
      ],
      [
       747.0,
       -1467.0
      ],
      [
       744.0,
       -1471.0
      ],
      [
       739.0,
       -1471.0
      ],
      [
       738.0,
       -1473.0
      ],
      [
       735.0,
       -1473.0
      ],
      [
       730.0,
       -1477.0
      ],
      [
       727.0,
       -1477.0
      ],
      [
       726.0,
       -1475.0
      ],
      [
       719.0,
       -1473.0
      ],
      [
       718.0,
       -1469.0
      ],
      [
       716.0,
       -1468.0
      ],
      [
       701.0,
       -1470.0
      ],
      [
       698.0,
       -1464.0
      ],
      [
       696.0,
       -1466.0
      ],
      [
       692.0,
       -1464.0
      ],
      [
       687.0,
       -1468.0
      ],
      [
       676.0,
       -1466.0
      ],
      [
       676.0,
       -1469.0
      ],
      [
       681.0,
       -1470.0
      ],
      [
       684.0,
       -1473.0
      ],
      [
       684.0,
       -1476.0
      ],
      [
       682.0,
       -1477.0
      ],
      [
       681.0,
       -1495.0
      ],
      [
       683.0,
       -1496.0
      ],
      [
       683.0,
       -1498.0
      ],
      [
       689.0,
       -1498.0
      ],
      [
       694.0,
       -1503.0
      ],
      [
       694.0,
       -1506.0
      ],
      [
       696.0,
       -1508.0
      ],
      [
       699.0,
       -1508.0
      ],
      [
       700.0,
       -1506.0
      ],
      [
       705.0,
       -1506.0
      ],
      [
       715.0,
       -1514.0
      ],
      [
       715.0,
       -1519.0
      ],
      [
       713.0,
       -1520.0
      ],
      [
       713.0,
       -1522.0
      ],
      [
       710.0,
       -1523.0
      ],
      [
       704.0,
       -1529.0
      ],
      [
       704.0,
       -1533.0
      ],
      [
       706.0,
       -1534.0
      ],
      [
       706.0,
       -1543.0
      ],
      [
       703.0,
       -1546.0
      ],
      [
       700.0,
       -1544.0
      ],
      [
       695.0,
       -1548.0
      ],
      [
       691.0,
       -1548.0
      ],
      [
       691.0,
       -1556.0
      ],
      [
       695.0,
       -1560.0
      ],
      [
       695.0,
       -1565.0
      ],
      [
       693.0,
       -1566.0
      ],
      [
       693.0,
       -1569.0
      ],
      [
       687.0,
       -1573.0
      ],
      [
       687.0,
       -1578.0
      ],
      [
       685.0,
       -1579.0
      ],
      [
       685.0,
       -1582.0
      ],
      [
       679.0,
       -1586.0
      ],
      [
       676.0,
       -1586.0
      ],
      [
       676.0,
       -1595.0
      ],
      [
       680.0,
       -1598.0
      ],
      [
       678.0,
       -1608.0
      ],
      [
       676.0,
       -1609.0
      ],
      [
       676.0,
       -1615.0
      ],
      [
       679.0,
       -1615.0
      ],
      [
       680.0,
       -1617.0
      ],
      [
       686.0,
       -1617.0
      ],
      [
       691.0,
       -1623.0
      ],
      [
       695.0,
       -1624.0
      ],
      [
       705.0,
       -1621.0
      ],
      [
       706.0,
       -1623.0
      ],
      [
       712.0,
       -1624.0
      ],
      [
       713.0,
       -1628.0
      ],
      [
       721.0,
       -1630.0
      ],
      [
       731.0,
       -1639.0
      ],
      [
       731.0,
       -1645.0
      ],
      [
       728.0,
       -1646.0
      ],
      [
       729.0,
       -1652.0
      ],
      [
       731.0,
       -1653.0
      ],
      [
       731.0,
       -1656.0
      ],
      [
       733.0,
       -1658.0
      ],
      [
       736.0,
       -1658.0
      ],
      [
       737.0,
       -1660.0
      ],
      [
       741.0,
       -1659.0
      ],
      [
       742.0,
       -1661.0
      ],
      [
       752.0,
       -1663.0
      ],
      [
       757.0,
       -1659.0
      ],
      [
       765.0,
       -1659.0
      ],
      [
       766.0,
       -1661.0
      ],
      [
       769.0,
       -1661.0
      ],
      [
       770.0,
       -1659.0
      ],
      [
       780.0,
       -1659.0
      ],
      [
       781.0,
       -1661.0
      ],
      [
       784.0,
       -1660.0
      ],
      [
       785.0,
       -1662.0
      ],
      [
       789.0,
       -1662.0
      ],
      [
       792.0,
       -1666.0
      ],
      [
       794.0,
       -1664.0
      ],
      [
       800.0,
       -1664.0
      ],
      [
       801.0,
       -1666.0
      ],
      [
       819.0,
       -1665.0
      ],
      [
       820.0,
       -1663.0
      ],
      [
       829.0,
       -1666.0
      ],
      [
       836.0,
       -1666.0
      ],
      [
       837.0,
       -1668.0
      ],
      [
       843.0,
       -1668.0
      ],
      [
       844.0,
       -1670.0
      ],
      [
       847.0,
       -1669.0
      ],
      [
       848.0,
       -1671.0
      ],
      [
       852.0,
       -1671.0
      ],
      [
       857.0,
       -1676.0
      ],
      [
       857.0,
       -1678.0
      ],
      [
       863.0,
       -1680.0
      ],
      [
       864.0,
       -1682.0
      ],
      [
       870.0,
       -1683.0
      ],
      [
       873.0,
       -1687.0
      ],
      [
       877.0,
       -1687.0
      ],
      [
       878.0,
       -1689.0
      ],
      [
       885.0,
       -1688.0
      ],
      [
       893.0,
       -1695.0
      ],
      [
       893.0,
       -1697.0
      ],
      [
       896.0,
       -1698.0
      ],
      [
       896.0,
       -1701.0
      ],
      [
       898.0,
       -1703.0
      ],
      [
       908.0,
       -1704.0
      ],
      [
       909.0,
       -1706.0
      ],
      [
       917.0,
       -1705.0
      ],
      [
       918.0,
       -1707.0
      ],
      [
       931.0,
       -1707.0
      ],
      [
       936.0,
       -1706.0
      ],
      [
       937.0,
       -1704.0
      ],
      [
       941.0,
       -1704.0
      ],
      [
       945.0,
       -1708.0
      ],
      [
       946.0,
       -1706.0
      ],
      [
       951.0,
       -1705.0
      ],
      [
       952.0,
       -1703.0
      ],
      [
       958.0,
       -1703.0
      ],
      [
       959.0,
       -1701.0
      ],
      [
       968.0,
       -1702.0
      ],
      [
       977.0,
       -1692.0
      ],
      [
       982.0,
       -1692.0
      ],
      [
       983.0,
       -1690.0
      ],
      [
       991.0,
       -1689.0
      ],
      [
       996.0,
       -1693.0
      ],
      [
       1000.0,
       -1690.0
      ],
      [
       1010.0,
       -1690.0
      ],
      [
       1014.0,
       -1693.0
      ],
      [
       1022.0,
       -1693.0
      ],
      [
       1024.0,
       -1690.0
      ],
      [
       1029.0,
       -1690.0
      ],
      [
       1031.0,
       -1692.0
      ],
      [
       1039.0,
       -1693.0
      ],
      [
       1040.0,
       -1695.0
      ],
      [
       1047.0,
       -1694.0
      ],
      [
       1054.0,
       -1700.0
      ],
      [
       1055.0,
       -1699.0
      ],
      [
       1056.0,
       -1703.0
      ],
      [
       1079.0,
       -1703.0
      ],
      [
       1081.0,
       -1705.0
      ],
      [
       1087.0,
       -1706.0
      ],
      [
       1088.0,
       -1708.0
      ],
      [
       1098.0,
       -1709.0
      ],
      [
       1097.0,
       -1703.0
      ],
      [
       1099.0,
       -1701.0
      ],
      [
       1107.0,
       -1699.0
      ],
      [
       1109.0,
       -1697.0
      ],
      [
       1108.0,
       -1694.0
      ],
      [
       1112.0,
       -1693.0
      ],
      [
       1114.0,
       -1690.0
      ],
      [
       1118.0,
       -1692.0
      ],
      [
       1121.0,
       -1692.0
      ],
      [
       1125.0,
       -1689.0
      ],
      [
       1126.0,
       -1691.0
      ],
      [
       1134.0,
       -1691.0
      ],
      [
       1140.0,
       -1686.0
      ],
      [
       1139.0,
       -1685.0
      ],
      [
       1144.0,
       -1680.0
      ],
      [
       1152.0,
       -1679.0
      ],
      [
       1153.0,
       -1681.0
      ],
      [
       1156.0,
       -1681.0
      ],
      [
       1159.0,
       -1678.0
      ],
      [
       1165.0,
       -1678.0
      ],
      [
       1166.0,
       -1680.0
      ],
      [
       1171.0,
       -1679.0
      ],
      [
       1176.0,
       -1673.0
      ],
      [
       1179.0,
       -1673.0
      ],
      [
       1181.0,
       -1670.0
      ],
      [
       1185.0,
       -1670.0
      ],
      [
       1185.0,
       -1668.0
      ],
      [
       1189.0,
       -1668.0
      ],
      [
       1188.0,
       -1667.0
      ],
      [
       1198.0,
       -1659.0
      ],
      [
       1196.0,
       -1654.0
      ],
      [
       1198.0,
       -1649.0
      ],
      [
       1193.0,
       -1647.0
      ],
      [
       1186.0,
       -1639.0
      ],
      [
       1186.0,
       -1636.0
      ],
      [
       1193.0,
       -1629.0
      ],
      [
       1190.0,
       -1627.0
      ],
      [
       1189.0,
       -1620.0
      ],
      [
       1191.0,
       -1619.0
      ],
      [
       1190.0,
       -1616.0
      ],
      [
       1194.0,
       -1613.0
      ],
      [
       1194.0,
       -1611.0
      ],
      [
       1197.0,
       -1611.0
      ],
      [
       1203.0,
       -1606.0
      ],
      [
       1204.0,
       -1603.0
      ],
      [
       1208.0,
       -1600.0
      ],
      [
       1207.0,
       -1597.0
      ],
      [
       1210.0,
       -1594.0
      ],
      [
       1213.0,
       -1594.0
      ],
      [
       1218.0,
       -1586.0
      ]
     ]
    ]
   }
  },
  {
   "type": "Feature",
   "properties": {
    "code": "aonia_terra",
    "name": "Aonia Terra",
    "number": 33,
    "capital": null,
    "culture": null,
    "civs": [
     "mcc",
     "mla"
    ],
    "provinceType": "land",
    "terrain": "highlands",
    "mapTypes": [
     "mars"
    ],
    "resources": null,
    "religion": null,
    "population": "medium",
    "centerpoint": [
     1380,
     1528
    ],
    "position": {
     "x": 1076,
     "y": 1350
    },
    "bbox": {
     "w": 729,
     "h": 342
    },
    "maskSize": [
     1024,
     512
    ],
    "links": [
     "argyre_planitia",
     "australe_terra",
     "promethei_terra",
     "solis_planum",
     "south_polar_ice_cap",
     "terra_sabaea"
    ]
   },
   "geometry": {
    "type": "Polygon",
    "coordinates": [
     [
      [
       1076.0,
       -1457.0
      ],
      [
       1076.0,
       -1460.0
      ],
      [
       1083.0,
       -1459.0
      ],
      [
       1087.0,
       -1462.0
      ],
      [
       1088.0,
       -1472.0
      ],
      [
       1093.0,
       -1474.0
      ],
      [
       1093.0,
       -1477.0
      ],
      [
       1096.0,
       -1481.0
      ],
      [
       1099.0,
       -1480.0
      ],
      [
       1102.0,
       -1483.0
      ],
      [
       1100.0,
       -1485.0
      ],
      [
       1101.0,
       -1490.0
      ],
      [
       1104.0,
       -1493.0
      ],
      [
       1107.0,
       -1493.0
      ],
      [
       1109.0,
       -1495.0
      ],
      [
       1113.0,
       -1492.0
      ],
      [
       1119.0,
       -1498.0
      ],
      [
       1125.0,
       -1498.0
      ],
      [
       1125.0,
       -1501.0
      ],
      [
       1128.0,
       -1504.0
      ],
      [
       1126.0,
       -1506.0
      ],
      [
       1127.0,
       -1512.0
      ],
      [
       1129.0,
       -1512.0
      ],
      [
       1132.0,
       -1515.0
      ],
      [
       1133.0,
       -1521.0
      ],
      [
       1136.0,
       -1521.0
      ],
      [
       1138.0,
       -1523.0
      ],
      [
       1149.0,
       -1523.0
      ],
      [
       1153.0,
       -1526.0
      ],
      [
       1153.0,
       -1529.0
      ],
      [
       1163.0,
       -1537.0
      ],
      [
       1175.0,
       -1538.0
      ],
      [
       1177.0,
       -1536.0
      ],
      [
       1178.0,
       -1538.0
      ],
      [
       1179.0,
       -1537.0
      ],
      [
       1180.0,
       -1539.0
      ],
      [
       1184.0,
       -1539.0
      ],
      [
       1185.0,
       -1541.0
      ],
      [
       1196.0,
       -1539.0
      ],
      [
       1200.0,
       -1543.0
      ],
      [
       1208.0,
       -1544.0
      ],
      [
       1212.0,
       -1548.0
      ],
      [
       1209.0,
       -1556.0
      ],
      [
       1211.0,
       -1565.0
      ],
      [
       1214.0,
       -1566.0
      ],
      [
       1219.0,
       -1587.0
      ],
      [
       1213.0,
       -1595.0
      ],
      [
       1210.0,
       -1595.0
      ],
      [
       1208.0,
       -1597.0
      ],
      [
       1209.0,
       -1600.0
      ],
      [
       1205.0,
       -1603.0
      ],
      [
       1204.0,
       -1606.0
      ],
      [
       1197.0,
       -1612.0
      ],
      [
       1194.0,
       -1612.0
      ],
      [
       1195.0,
       -1613.0
      ],
      [
       1191.0,
       -1616.0
      ],
      [
       1192.0,
       -1619.0
      ],
      [
       1190.0,
       -1620.0
      ],
      [
       1191.0,
       -1627.0
      ],
      [
       1193.0,
       -1627.0
      ],
      [
       1194.0,
       -1629.0
      ],
      [
       1187.0,
       -1636.0
      ],
      [
       1188.0,
       -1641.0
      ],
      [
       1193.0,
       -1638.0
      ],
      [
       1202.0,
       -1647.0
      ],
      [
       1205.0,
       -1648.0
      ],
      [
       1206.0,
       -1651.0
      ],
      [
       1202.0,
       -1656.0
      ],
      [
       1203.0,
       -1659.0
      ],
      [
       1213.0,
       -1658.0
      ],
      [
       1217.0,
       -1661.0
      ],
      [
       1234.0,
       -1659.0
      ],
      [
       1235.0,
       -1661.0
      ],
      [
       1240.0,
       -1661.0
      ],
      [
       1241.0,
       -1658.0
      ],
      [
       1257.0,
       -1657.0
      ],
      [
       1261.0,
       -1654.0
      ],
      [
       1263.0,
       -1656.0
      ],
      [
       1267.0,
       -1656.0
      ],
      [
       1268.0,
       -1658.0
      ],
      [
       1269.0,
       -1657.0
      ],
      [
       1270.0,
       -1659.0
      ],
      [
       1272.0,
       -1659.0
      ],
      [
       1271.0,
       -1658.0
      ],
      [
       1274.0,
       -1655.0
      ],
      [
       1277.0,
       -1657.0
      ],
      [
       1280.0,
       -1656.0
      ],
      [
       1284.0,
       -1660.0
      ],
      [
       1297.0,
       -1660.0
      ],
      [
       1302.0,
       -1664.0
      ],
      [
       1306.0,
       -1665.0
      ],
      [
       1311.0,
       -1672.0
      ],
      [
       1314.0,
       -1674.0
      ],
      [
       1323.0,
       -1675.0
      ],
      [
       1327.0,
       -1678.0
      ],
      [
       1327.0,
       -1680.0
      ],
      [
       1335.0,
       -1684.0
      ],
      [
       1336.0,
       -1687.0
      ],
      [
       1338.0,
       -1687.0
      ],
      [
       1339.0,
       -1689.0
      ],
      [
       1346.0,
       -1688.0
      ],
      [
       1347.0,
       -1690.0
      ],
      [
       1353.0,
       -1691.0
      ],
      [
       1356.0,
       -1687.0
      ],
      [
       1361.0,
       -1687.0
      ],
      [
       1363.0,
       -1684.0
      ],
      [
       1368.0,
       -1684.0
      ],
      [
       1370.0,
       -1686.0
      ],
      [
       1372.0,
       -1683.0
      ],
      [
       1375.0,
       -1683.0
      ],
      [
       1376.0,
       -1685.0
      ],
      [
       1389.0,
       -1684.0
      ],
      [
       1389.0,
       -1682.0
      ],
      [
       1393.0,
       -1681.0
      ],
      [
       1394.0,
       -1679.0
      ],
      [
       1422.0,
       -1676.0
      ],
      [
       1423.0,
       -1678.0
      ],
      [
       1428.0,
       -1679.0
      ],
      [
       1430.0,
       -1683.0
      ],
      [
       1441.0,
       -1682.0
      ],
      [
       1444.0,
       -1687.0
      ],
      [
       1450.0,
       -1687.0
      ],
      [
       1455.0,
       -1682.0
      ],
      [
       1461.0,
       -1682.0
      ],
      [
       1462.0,
       -1679.0
      ],
      [
       1465.0,
       -1679.0
      ],
      [
       1467.0,
       -1681.0
      ],
      [
       1478.0,
       -1680.0
      ],
      [
       1481.0,
       -1681.0
      ],
      [
       1484.0,
       -1685.0
      ],
      [
       1490.0,
       -1684.0
      ],
      [
       1495.0,
       -1688.0
      ],
      [
       1497.0,
       -1687.0
      ],
      [
       1498.0,
       -1689.0
      ],
      [
       1505.0,
       -1691.0
      ],
      [
       1506.0,
       -1688.0
      ],
      [
       1512.0,
       -1688.0
      ],
      [
       1519.0,
       -1681.0
      ],
      [
       1525.0,
       -1681.0
      ],
      [
       1525.0,
       -1679.0
      ],
      [
       1527.0,
       -1678.0
      ],
      [
       1526.0,
       -1677.0
      ],
      [
       1531.0,
       -1676.0
      ],
      [
       1532.0,
       -1674.0
      ],
      [
       1543.0,
       -1673.0
      ],
      [
       1546.0,
       -1670.0
      ],
      [
       1554.0,
       -1672.0
      ],
      [
       1558.0,
       -1671.0
      ],
      [
       1559.0,
       -1669.0
      ],
      [
       1564.0,
       -1669.0
      ],
      [
       1567.0,
       -1666.0
      ],
      [
       1566.0,
       -1665.0
      ],
      [
       1569.0,
       -1664.0
      ],
      [
       1569.0,
       -1662.0
      ],
      [
       1571.0,
       -1662.0
      ],
      [
       1568.0,
       -1657.0
      ],
      [
       1569.0,
       -1656.0
      ],
      [
       1575.0,
       -1656.0
      ],
      [
       1577.0,
       -1653.0
      ],
      [
       1584.0,
       -1655.0
      ],
      [
       1583.0,
       -1654.0
      ],
      [
       1588.0,
       -1652.0
      ],
      [
       1588.0,
       -1650.0
      ],
      [
       1590.0,
       -1650.0
      ],
      [
       1591.0,
       -1652.0
      ],
      [
       1596.0,
       -1651.0
      ],
      [
       1597.0,
       -1653.0
      ],
      [
       1599.0,
       -1653.0
      ],
      [
       1600.0,
       -1651.0
      ],
      [
       1620.0,
       -1649.0
      ],
      [
       1619.0,
       -1648.0
      ],
      [
       1622.0,
       -1645.0
      ],
      [
       1641.0,
       -1641.0
      ],
      [
       1641.0,
       -1639.0
      ],
      [
       1646.0,
       -1639.0
      ],
      [
       1645.0,
       -1638.0
      ],
      [
       1649.0,
       -1636.0
      ],
      [
       1667.0,
       -1635.0
      ],
      [
       1666.0,
       -1634.0
      ],
      [
       1671.0,
       -1630.0
      ],
      [
       1676.0,
       -1630.0
      ],
      [
       1680.0,
       -1632.0
      ],
      [
       1679.0,
       -1631.0
      ],
      [
       1682.0,
       -1629.0
      ],
      [
       1687.0,
       -1629.0
      ],
      [
       1689.0,
       -1631.0
      ],
      [
       1692.0,
       -1631.0
      ],
      [
       1694.0,
       -1628.0
      ],
      [
       1696.0,
       -1628.0
      ],
      [
       1697.0,
       -1630.0
      ],
      [
       1699.0,
       -1630.0
      ],
      [
       1700.0,
       -1628.0
      ],
      [
       1714.0,
       -1629.0
      ],
      [
       1713.0,
       -1628.0
      ],
      [
       1716.0,
       -1626.0
      ],
      [
       1721.0,
       -1626.0
      ],
      [
       1720.0,
       -1625.0
      ],
      [
       1723.0,
       -1624.0
      ],
      [
       1723.0,
       -1622.0
      ],
      [
       1728.0,
       -1622.0
      ],
      [
       1727.0,
       -1621.0
      ],
      [
       1731.0,
       -1619.0
      ],
      [
       1742.0,
       -1619.0
      ],
      [
       1744.0,
       -1618.0
      ],
      [
       1744.0,
       -1616.0
      ],
      [
       1753.0,
       -1616.0
      ],
      [
       1754.0,
       -1618.0
      ],
      [
       1756.0,
       -1617.0
      ],
      [
       1759.0,
       -1621.0
      ],
      [
       1770.0,
       -1620.0
      ],
      [
       1771.0,
       -1618.0
      ],
      [
       1781.0,
       -1618.0
      ],
      [
       1783.0,
       -1615.0
      ],
      [
       1796.0,
       -1615.0
      ],
      [
       1795.0,
       -1614.0
      ],
      [
       1798.0,
       -1613.0
      ],
      [
       1797.0,
       -1612.0
      ],
      [
       1799.0,
       -1610.0
      ],
      [
       1792.0,
       -1599.0
      ],
      [
       1798.0,
       -1599.0
      ],
      [
       1800.0,
       -1597.0
      ],
      [
       1799.0,
       -1596.0
      ],
      [
       1802.0,
       -1595.0
      ],
      [
       1802.0,
       -1593.0
      ],
      [
       1804.0,
       -1593.0
      ],
      [
       1799.0,
       -1585.0
      ],
      [
       1796.0,
       -1585.0
      ],
      [
       1794.0,
       -1583.0
      ],
      [
       1789.0,
       -1584.0
      ],
      [
       1782.0,
       -1580.0
      ],
      [
       1771.0,
       -1577.0
      ],
      [
       1770.0,
       -1575.0
      ],
      [
       1768.0,
       -1576.0
      ],
      [
       1766.0,
       -1574.0
      ],
      [
       1763.0,
       -1574.0
      ],
      [
       1762.0,
       -1572.0
      ],
      [
       1759.0,
       -1572.0
      ],
      [
       1760.0,
       -1573.0
      ],
      [
       1757.0,
       -1576.0
      ],
      [
       1747.0,
       -1573.0
      ],
      [
       1746.0,
       -1571.0
      ],
      [
       1744.0,
       -1572.0
      ],
      [
       1741.0,
       -1568.0
      ],
      [
       1738.0,
       -1568.0
      ],
      [
       1732.0,
       -1559.0
      ],
      [
       1735.0,
       -1558.0
      ],
      [
       1733.0,
       -1556.0
      ],
      [
       1735.0,
       -1553.0
      ],
      [
       1724.0,
       -1550.0
      ],
      [
       1721.0,
       -1546.0
      ],
      [
       1723.0,
       -1544.0
      ],
      [
       1721.0,
       -1541.0
      ],
      [
       1717.0,
       -1539.0
      ],
      [
       1715.0,
       -1540.0
      ],
      [
       1714.0,
       -1538.0
      ],
      [
       1705.0,
       -1538.0
      ],
      [
       1700.0,
       -1529.0
      ],
      [
       1686.0,
       -1529.0
      ],
      [
       1680.0,
       -1525.0
      ],
      [
       1673.0,
       -1526.0
      ],
      [
       1669.0,
       -1519.0
      ],
      [
       1667.0,
       -1519.0
      ],
      [
       1664.0,
       -1515.0
      ],
      [
       1658.0,
       -1514.0
      ],
      [
       1657.0,
       -1512.0
      ],
      [
       1647.0,
       -1513.0
      ],
      [
       1640.0,
       -1506.0
      ],
      [
       1631.0,
       -1503.0
      ],
      [
       1630.0,
       -1501.0
      ],
      [
       1619.0,
       -1500.0
      ],
      [
       1618.0,
       -1498.0
      ],
      [
       1613.0,
       -1499.0
      ],
      [
       1610.0,
       -1494.0
      ],
      [
       1614.0,
       -1490.0
      ],
      [
       1613.0,
       -1488.0
      ],
      [
       1606.0,
       -1484.0
      ],
      [
       1604.0,
       -1480.0
      ],
      [
       1602.0,
       -1481.0
      ],
      [
       1599.0,
       -1476.0
      ],
      [
       1600.0,
       -1474.0
      ],
      [
       1606.0,
       -1474.0
      ],
      [
       1607.0,
       -1469.0
      ],
      [
       1611.0,
       -1467.0
      ],
      [
       1610.0,
       -1466.0
      ],
      [
       1614.0,
       -1463.0
      ],
      [
       1607.0,
       -1459.0
      ],
      [
       1607.0,
       -1453.0
      ],
      [
       1601.0,
       -1450.0
      ],
      [
       1600.0,
       -1448.0
      ],
      [
       1598.0,
       -1449.0
      ],
      [
       1596.0,
       -1445.0
      ],
      [
       1592.0,
       -1443.0
      ],
      [
       1592.0,
       -1441.0
      ],
      [
       1594.0,
       -1440.0
      ],
      [
       1590.0,
       -1438.0
      ],
      [
       1583.0,
       -1437.0
      ],
      [
       1584.0,
       -1438.0
      ],
      [
       1581.0,
       -1441.0
      ],
      [
       1576.0,
       -1439.0
      ],
      [
       1574.0,
       -1436.0
      ],
      [
       1575.0,
       -1431.0
      ],
      [
       1565.0,
       -1426.0
      ],
      [
       1563.0,
       -1419.0
      ],
      [
       1565.0,
       -1418.0
      ],
      [
       1558.0,
       -1414.0
      ],
      [
       1546.0,
       -1413.0
      ],
      [
       1541.0,
       -1406.0
      ],
      [
       1535.0,
       -1404.0
      ],
      [
       1533.0,
       -1397.0
      ],
      [
       1522.0,
       -1398.0
      ],
      [
       1522.0,
       -1400.0
      ],
      [
       1520.0,
       -1400.0
      ],
      [
       1519.0,
       -1398.0
      ],
      [
       1515.0,
       -1399.0
      ],
      [
       1512.0,
       -1391.0
      ],
      [
       1511.0,
       -1392.0
      ],
      [
       1508.0,
       -1386.0
      ],
      [
       1506.0,
       -1386.0
      ],
      [
       1505.0,
       -1384.0
      ],
      [
       1502.0,
       -1385.0
      ],
      [
       1503.0,
       -1389.0
      ],
      [
       1506.0,
       -1390.0
      ],
      [
       1503.0,
       -1394.0
      ],
      [
       1489.0,
       -1395.0
      ],
      [
       1485.0,
       -1392.0
      ],
      [
       1483.0,
       -1394.0
      ],
      [
       1479.0,
       -1394.0
      ],
      [
       1478.0,
       -1391.0
      ],
      [
       1468.0,
       -1386.0
      ],
      [
       1466.0,
       -1382.0
      ],
      [
       1457.0,
       -1381.0
      ],
      [
       1452.0,
       -1374.0
      ],
      [
       1445.0,
       -1371.0
      ],
      [
       1444.0,
       -1369.0
      ],
      [
       1434.0,
       -1368.0
      ],
      [
       1432.0,
       -1372.0
      ],
      [
       1419.0,
       -1371.0
      ],
      [
       1420.0,
       -1372.0
      ],
      [
       1416.0,
       -1376.0
      ],
      [
       1390.0,
       -1376.0
      ],
      [
       1389.0,
       -1374.0
      ],
      [
       1380.0,
       -1371.0
      ],
      [
       1379.0,
       -1368.0
      ],
      [
       1377.0,
       -1368.0
      ],
      [
       1374.0,
       -1364.0
      ],
      [
       1362.0,
       -1365.0
      ],
      [
       1356.0,
       -1360.0
      ],
      [
       1349.0,
       -1357.0
      ],
      [
       1348.0,
       -1355.0
      ],
      [
       1344.0,
       -1354.0
      ],
      [
       1343.0,
       -1352.0
      ],
      [
       1332.0,
       -1353.0
      ],
      [
       1328.0,
       -1350.0
      ],
      [
       1319.0,
       -1350.0
      ],
      [
       1318.0,
       -1353.0
      ],
      [
       1301.0,
       -1354.0
      ],
      [
       1294.0,
       -1363.0
      ],
      [
       1291.0,
       -1363.0
      ],
      [
       1287.0,
       -1366.0
      ],
      [
       1282.0,
       -1362.0
      ],
      [
       1275.0,
       -1363.0
      ],
      [
       1274.0,
       -1365.0
      ],
      [
       1271.0,
       -1365.0
      ],
      [
       1268.0,
       -1371.0
      ],
      [
       1264.0,
       -1372.0
      ],
      [
       1264.0,
       -1374.0
      ],
      [
       1246.0,
       -1374.0
      ],
      [
       1244.0,
       -1372.0
      ],
      [
       1243.0,
       -1374.0
      ],
      [
       1239.0,
       -1375.0
      ],
      [
       1237.0,
       -1373.0
      ],
      [
       1232.0,
       -1373.0
      ],
      [
       1228.0,
       -1378.0
      ],
      [
       1223.0,
       -1378.0
      ],
      [
       1224.0,
       -1379.0
      ],
      [
       1218.0,
       -1387.0
      ],
      [
       1206.0,
       -1390.0
      ],
      [
       1205.0,
       -1392.0
      ],
      [
       1202.0,
       -1392.0
      ],
      [
       1200.0,
       -1395.0
      ],
      [
       1193.0,
       -1395.0
      ],
      [
       1191.0,
       -1398.0
      ],
      [
       1189.0,
       -1398.0
      ],
      [
       1186.0,
       -1394.0
      ],
      [
       1181.0,
       -1395.0
      ],
      [
       1180.0,
       -1393.0
      ],
      [
       1167.0,
       -1394.0
      ],
      [
       1165.0,
       -1397.0
      ],
      [
       1157.0,
       -1397.0
      ],
      [
       1154.0,
       -1400.0
      ],
      [
       1154.0,
       -1402.0
      ],
      [
       1147.0,
       -1402.0
      ],
      [
       1143.0,
       -1399.0
      ],
      [
       1139.0,
       -1399.0
      ],
      [
       1136.0,
       -1402.0
      ],
      [
       1130.0,
       -1402.0
      ],
      [
       1128.0,
       -1405.0
      ],
      [
       1129.0,
       -1409.0
      ],
      [
       1127.0,
       -1412.0
      ],
      [
       1123.0,
       -1413.0
      ],
      [
       1124.0,
       -1414.0
      ],
      [
       1119.0,
       -1419.0
      ],
      [
       1114.0,
       -1418.0
      ],
      [
       1116.0,
       -1426.0
      ],
      [
       1111.0,
       -1432.0
      ],
      [
       1111.0,
       -1441.0
      ],
      [
       1106.0,
       -1446.0
      ],
      [
       1103.0,
       -1446.0
      ],
      [
       1100.0,
       -1443.0
      ],
      [
       1095.0,
       -1443.0
      ],
      [
       1088.0,
       -1454.0
      ],
      [
       1076.0,
       -1457.0
      ]
     ]
    ]
   }
  },
  {
   "type": "Feature",
   "properties": {
    "code": "solis_planum",
    "name": "Solis Planum",
    "number": 34,
    "capital": null,
    "culture": null,
    "civs": [
     "mcc",
     "mla"
    ],
    "provinceType": "land",
    "terrain": "plateau",
    "mapTypes": [
     "mars"
    ],
    "resources": null,
    "religion": null,
    "population": "medium",
    "centerpoint": [
     1896,
     1478
    ],
    "position": {
     "x": 1569,
     "y": 1308
    },
    "bbox": {
     "w": 1029,
     "h": 423
    },
    "maskSize": [
     2048,
     512
    ],
    "links": [
     "aonia_terra",
     "argyre_terra_australis",
     "noachis_terra",
     "south_polar_ice_cap",
     "terra_sabaea",
     "thaumasia_planum"
    ]
   },
   "geometry": {
    "type": "Polygon",
    "coordinates": [
     [
      [
       1569.0,
       -1415.0
      ],
      [
       1573.0,
       -1423.0
      ],
      [
       1581.0,
       -1425.0
      ],
      [
       1583.0,
       -1430.0
      ],
      [
       1581.0,
       -1431.0
      ],
      [
       1582.0,
       -1435.0
      ],
      [
       1595.0,
       -1440.0
      ],
      [
       1593.0,
       -1441.0
      ],
      [
       1593.0,
       -1443.0
      ],
      [
       1596.0,
       -1444.0
      ],
      [
       1598.0,
       -1448.0
      ],
      [
       1600.0,
       -1447.0
      ],
      [
       1601.0,
       -1449.0
      ],
      [
       1606.0,
       -1451.0
      ],
      [
       1608.0,
       -1453.0
      ],
      [
       1608.0,
       -1459.0
      ],
      [
       1612.0,
       -1462.0
      ],
      [
       1615.0,
       -1462.0
      ],
      [
       1611.0,
       -1466.0
      ],
      [
       1612.0,
       -1467.0
      ],
      [
       1608.0,
       -1469.0
      ],
      [
       1606.0,
       -1475.0
      ],
      [
       1600.0,
       -1475.0
      ],
      [
       1602.0,
       -1480.0
      ],
      [
       1604.0,
       -1479.0
      ],
      [
       1606.0,
       -1483.0
      ],
      [
       1608.0,
       -1483.0
      ],
      [
       1610.0,
       -1486.0
      ],
      [
       1614.0,
       -1488.0
      ],
      [
       1615.0,
       -1490.0
      ],
      [
       1611.0,
       -1493.0
      ],
      [
       1613.0,
       -1498.0
      ],
      [
       1618.0,
       -1497.0
      ],
      [
       1619.0,
       -1499.0
      ],
      [
       1630.0,
       -1500.0
      ],
      [
       1631.0,
       -1502.0
      ],
      [
       1640.0,
       -1505.0
      ],
      [
       1647.0,
       -1512.0
      ],
      [
       1657.0,
       -1511.0
      ],
      [
       1658.0,
       -1513.0
      ],
      [
       1664.0,
       -1514.0
      ],
      [
       1667.0,
       -1518.0
      ],
      [
       1670.0,
       -1519.0
      ],
      [
       1673.0,
       -1525.0
      ],
      [
       1680.0,
       -1524.0
      ],
      [
       1686.0,
       -1528.0
      ],
      [
       1700.0,
       -1528.0
      ],
      [
       1705.0,
       -1537.0
      ],
      [
       1714.0,
       -1537.0
      ],
      [
       1715.0,
       -1539.0
      ],
      [
       1717.0,
       -1538.0
      ],
      [
       1724.0,
       -1543.0
      ],
      [
       1722.0,
       -1545.0
      ],
      [
       1724.0,
       -1549.0
      ],
      [
       1735.0,
       -1552.0
      ],
      [
       1736.0,
       -1554.0
      ],
      [
       1734.0,
       -1556.0
      ],
      [
       1736.0,
       -1558.0
      ],
      [
       1733.0,
       -1559.0
      ],
      [
       1737.0,
       -1566.0
      ],
      [
       1741.0,
       -1567.0
      ],
      [
       1744.0,
       -1571.0
      ],
      [
       1746.0,
       -1570.0
      ],
      [
       1747.0,
       -1572.0
      ],
      [
       1750.0,
       -1572.0
      ],
      [
       1755.0,
       -1575.0
      ],
      [
       1757.0,
       -1575.0
      ],
      [
       1759.0,
       -1571.0
      ],
      [
       1762.0,
       -1571.0
      ],
      [
       1763.0,
       -1573.0
      ],
      [
       1766.0,
       -1573.0
      ],
      [
       1768.0,
       -1575.0
      ],
      [
       1770.0,
       -1574.0
      ],
      [
       1771.0,
       -1576.0
      ],
      [
       1782.0,
       -1579.0
      ],
      [
       1789.0,
       -1583.0
      ],
      [
       1794.0,
       -1582.0
      ],
      [
       1796.0,
       -1584.0
      ],
      [
       1799.0,
       -1584.0
      ],
      [
       1805.0,
       -1593.0
      ],
      [
       1802.0,
       -1594.0
      ],
      [
       1803.0,
       -1595.0
      ],
      [
       1800.0,
       -1596.0
      ],
      [
       1801.0,
       -1597.0
      ],
      [
       1799.0,
       -1599.0
      ],
      [
       1804.0,
       -1606.0
      ],
      [
       1807.0,
       -1606.0
      ],
      [
       1810.0,
       -1610.0
      ],
      [
       1807.0,
       -1611.0
      ],
      [
       1809.0,
       -1614.0
      ],
      [
       1829.0,
       -1614.0
      ],
      [
       1830.0,
       -1616.0
      ],
      [
       1834.0,
       -1616.0
      ],
      [
       1835.0,
       -1618.0
      ],
      [
       1854.0,
       -1617.0
      ],
      [
       1856.0,
       -1619.0
      ],
      [
       1862.0,
       -1618.0
      ],
      [
       1864.0,
       -1620.0
      ],
      [
       1895.0,
       -1621.0
      ],
      [
       1895.0,
       -1619.0
      ],
      [
       1918.0,
       -1618.0
      ],
      [
       1922.0,
       -1620.0
      ],
      [
       1922.0,
       -1618.0
      ],
      [
       1935.0,
       -1618.0
      ],
      [
       1934.0,
       -1617.0
      ],
      [
       1937.0,
       -1616.0
      ],
      [
       1936.0,
       -1615.0
      ],
      [
       1939.0,
       -1614.0
      ],
      [
       1939.0,
       -1612.0
      ],
      [
       1960.0,
       -1612.0
      ],
      [
       1961.0,
       -1614.0
      ],
      [
       1968.0,
       -1614.0
      ],
      [
       1970.0,
       -1616.0
      ],
      [
       1981.0,
       -1616.0
      ],
      [
       1983.0,
       -1618.0
      ],
      [
       1990.0,
       -1618.0
      ],
      [
       1991.0,
       -1620.0
      ],
      [
       1994.0,
       -1620.0
      ],
      [
       1993.0,
       -1619.0
      ],
      [
       1996.0,
       -1618.0
      ],
      [
       1996.0,
       -1616.0
      ],
      [
       1998.0,
       -1616.0
      ],
      [
       1994.0,
       -1611.0
      ],
      [
       1995.0,
       -1610.0
      ],
      [
       2017.0,
       -1611.0
      ],
      [
       2024.0,
       -1615.0
      ],
      [
       2027.0,
       -1615.0
      ],
      [
       2027.0,
       -1613.0
      ],
      [
       2033.0,
       -1613.0
      ],
      [
       2035.0,
       -1615.0
      ],
      [
       2051.0,
       -1614.0
      ],
      [
       2052.0,
       -1612.0
      ],
      [
       2066.0,
       -1613.0
      ],
      [
       2070.0,
       -1615.0
      ],
      [
       2071.0,
       -1613.0
      ],
      [
       2098.0,
       -1613.0
      ],
      [
       2097.0,
       -1612.0
      ],
      [
       2101.0,
       -1610.0
      ],
      [
       2111.0,
       -1610.0
      ],
      [
       2131.0,
       -1620.0
      ],
      [
       2139.0,
       -1620.0
      ],
      [
       2139.0,
       -1618.0
      ],
      [
       2143.0,
       -1619.0
      ],
      [
       2144.0,
       -1621.0
      ],
      [
       2150.0,
       -1619.0
      ],
      [
       2152.0,
       -1622.0
      ],
      [
       2155.0,
       -1622.0
      ],
      [
       2155.0,
       -1620.0
      ],
      [
       2160.0,
       -1620.0
      ],
      [
       2170.0,
       -1623.0
      ],
      [
       2173.0,
       -1626.0
      ],
      [
       2176.0,
       -1626.0
      ],
      [
       2177.0,
       -1628.0
      ],
      [
       2180.0,
       -1628.0
      ],
      [
       2180.0,
       -1626.0
      ],
      [
       2198.0,
       -1628.0
      ],
      [
       2200.0,
       -1631.0
      ],
      [
       2204.0,
       -1631.0
      ],
      [
       2205.0,
       -1633.0
      ],
      [
       2216.0,
       -1634.0
      ],
      [
       2218.0,
       -1637.0
      ],
      [
       2224.0,
       -1637.0
      ],
      [
       2227.0,
       -1640.0
      ],
      [
       2247.0,
       -1640.0
      ],
      [
       2256.0,
       -1644.0
      ],
      [
       2260.0,
       -1644.0
      ],
      [
       2261.0,
       -1646.0
      ],
      [
       2271.0,
       -1650.0
      ],
      [
       2289.0,
       -1648.0
      ],
      [
       2292.0,
       -1651.0
      ],
      [
       2302.0,
       -1652.0
      ],
      [
       2305.0,
       -1655.0
      ],
      [
       2309.0,
       -1653.0
      ],
      [
       2311.0,
       -1656.0
      ],
      [
       2317.0,
       -1656.0
      ],
      [
       2320.0,
       -1659.0
      ],
      [
       2321.0,
       -1663.0
      ],
      [
       2328.0,
       -1664.0
      ],
      [
       2327.0,
       -1663.0
      ],
      [
       2330.0,
       -1662.0
      ],
      [
       2333.0,
       -1665.0
      ],
      [
       2337.0,
       -1665.0
      ],
      [
       2341.0,
       -1668.0
      ],
      [
       2380.0,
       -1674.0
      ],
      [
       2383.0,
       -1677.0
      ],
      [
       2391.0,
       -1678.0
      ],
      [
       2389.0,
       -1673.0
      ],
      [
       2385.0,
       -1671.0
      ],
      [
       2385.0,
       -1667.0
      ],
      [
       2420.0,
       -1673.0
      ],
      [
       2421.0,
       -1675.0
      ],
      [
       2424.0,
       -1675.0
      ],
      [
       2425.0,
       -1678.0
      ],
      [
       2428.0,
       -1678.0
      ],
      [
       2432.0,
       -1685.0
      ],
      [
       2440.0,
       -1684.0
      ],
      [
       2444.0,
       -1687.0
      ],
      [
       2448.0,
       -1687.0
      ],
      [
       2454.0,
       -1692.0
      ],
      [
       2450.0,
       -1692.0
      ],
      [
       2452.0,
       -1696.0
      ],
      [
       2464.0,
       -1702.0
      ],
      [
       2466.0,
       -1710.0
      ],
      [
       2463.0,
       -1711.0
      ],
      [
       2468.0,
       -1716.0
      ],
      [
       2465.0,
       -1716.0
      ],
      [
       2464.0,
       -1718.0
      ],
      [
       2462.0,
       -1718.0
      ],
      [
       2462.0,
       -1720.0
      ],
      [
       2459.0,
       -1719.0
      ],
      [
       2461.0,
       -1724.0
      ],
      [
       2458.0,
       -1726.0
      ],
      [
       2461.0,
       -1729.0
      ],
      [
       2467.0,
       -1730.0
      ],
      [
       2469.0,
       -1728.0
      ],
      [
       2474.0,
       -1729.0
      ],
      [
       2475.0,
       -1727.0
      ],
      [
       2477.0,
       -1727.0
      ],
      [
       2476.0,
       -1724.0
      ],
      [
       2479.0,
       -1724.0
      ],
      [
       2475.0,
       -1710.0
      ],
      [
       2478.0,
       -1710.0
      ],
      [
       2479.0,
       -1708.0
      ],
      [
       2484.0,
       -1709.0
      ],
      [
       2488.0,
       -1705.0
      ],
      [
       2495.0,
       -1709.0
      ],
      [
       2504.0,
       -1708.0
      ],
      [
       2502.0,
       -1703.0
      ],
      [
       2505.0,
       -1702.0
      ],
      [
       2507.0,
       -1705.0
      ],
      [
       2513.0,
       -1707.0
      ],
      [
       2515.0,
       -1709.0
      ],
      [
       2515.0,
       -1712.0
      ],
      [
       2526.0,
       -1713.0
      ],
      [
       2529.0,
       -1716.0
      ],
      [
       2535.0,
       -1717.0
      ],
      [
       2537.0,
       -1719.0
      ],
      [
       2549.0,
       -1721.0
      ],
      [
       2550.0,
       -1719.0
      ],
      [
       2555.0,
       -1720.0
      ],
      [
       2556.0,
       -1718.0
      ],
      [
       2561.0,
       -1717.0
      ],
      [
       2560.0,
       -1716.0
      ],
      [
       2563.0,
       -1715.0
      ],
      [
       2562.0,
       -1710.0
      ],
      [
       2571.0,
       -1707.0
      ],
      [
       2569.0,
       -1700.0
      ],
      [
       2573.0,
       -1697.0
      ],
      [
       2575.0,
       -1698.0
      ],
      [
       2575.0,
       -1694.0
      ],
      [
       2586.0,
       -1695.0
      ],
      [
       2589.0,
       -1698.0
      ],
      [
       2597.0,
       -1695.0
      ],
      [
       2596.0,
       -1691.0
      ],
      [
       2593.0,
       -1690.0
      ],
      [
       2591.0,
       -1687.0
      ],
      [
       2591.0,
       -1684.0
      ],
      [
       2594.0,
       -1683.0
      ],
      [
       2593.0,
       -1680.0
      ],
      [
       2588.0,
       -1676.0
      ],
      [
       2588.0,
       -1674.0
      ],
      [
       2591.0,
       -1673.0
      ],
      [
       2590.0,
       -1670.0
      ],
      [
       2593.0,
       -1669.0
      ],
      [
       2594.0,
       -1666.0
      ],
      [
       2596.0,
       -1666.0
      ],
      [
       2593.0,
       -1665.0
      ],
      [
       2591.0,
       -1662.0
      ],
      [
       2592.0,
       -1660.0
      ],
      [
       2594.0,
       -1660.0
      ],
      [
       2592.0,
       -1651.0
      ],
      [
       2590.0,
       -1651.0
      ],
      [
       2582.0,
       -1645.0
      ],
      [
       2578.0,
       -1647.0
      ],
      [
       2577.0,
       -1645.0
      ],
      [
       2571.0,
       -1644.0
      ],
      [
       2569.0,
       -1641.0
      ],
      [
       2566.0,
       -1641.0
      ],
      [
       2565.0,
       -1639.0
      ],
      [
       2559.0,
       -1638.0
      ],
      [
       2557.0,
       -1633.0
      ],
      [
       2552.0,
       -1630.0
      ],
      [
       2552.0,
       -1627.0
      ],
      [
       2549.0,
       -1627.0
      ],
      [
       2547.0,
       -1624.0
      ],
      [
       2543.0,
       -1622.0
      ],
      [
       2541.0,
       -1616.0
      ],
      [
       2542.0,
       -1613.0
      ],
      [
       2550.0,
       -1610.0
      ],
      [
       2548.0,
       -1605.0
      ],
      [
       2544.0,
       -1604.0
      ],
      [
       2543.0,
       -1599.0
      ],
      [
       2547.0,
       -1596.0
      ],
      [
       2549.0,
       -1597.0
      ],
      [
       2550.0,
       -1595.0
      ],
      [
       2555.0,
       -1594.0
      ],
      [
       2553.0,
       -1589.0
      ],
      [
       2556.0,
       -1588.0
      ],
      [
       2554.0,
       -1581.0
      ],
      [
       2558.0,
       -1581.0
      ],
      [
       2558.0,
       -1577.0
      ],
      [
       2569.0,
       -1573.0
      ],
      [
       2567.0,
       -1566.0
      ],
      [
       2564.0,
       -1566.0
      ],
      [
       2562.0,
       -1564.0
      ],
      [
       2562.0,
       -1562.0
      ],
      [
       2568.0,
       -1558.0
      ],
      [
       2567.0,
       -1556.0
      ],
      [
       2563.0,
       -1555.0
      ],
      [
       2561.0,
       -1550.0
      ],
      [
       2568.0,
       -1548.0
      ],
      [
       2568.0,
       -1546.0
      ],
      [
       2574.0,
       -1545.0
      ],
      [
       2573.0,
       -1542.0
      ],
      [
       2571.0,
       -1542.0
      ],
      [
       2568.0,
       -1539.0
      ],
      [
       2565.0,
       -1529.0
      ],
      [
       2569.0,
       -1529.0
      ],
      [
       2569.0,
       -1527.0
      ],
      [
       2575.0,
       -1526.0
      ],
      [
       2574.0,
       -1523.0
      ],
      [
       2572.0,
       -1523.0
      ],
      [
       2569.0,
       -1520.0
      ],
      [
       2565.0,
       -1520.0
      ],
      [
       2561.0,
       -1517.0
      ],
      [
       2555.0,
       -1516.0
      ],
      [
       2551.0,
       -1514.0
      ],
      [
       2549.0,
       -1511.0
      ],
      [
       2546.0,
       -1511.0
      ],
      [
       2543.0,
       -1508.0
      ],
      [
       2541.0,
       -1508.0
      ],
      [
       2540.0,
       -1506.0
      ],
      [
       2531.0,
       -1507.0
      ],
      [
       2528.0,
       -1504.0
      ],
      [
       2527.0,
       -1500.0
      ],
      [
       2524.0,
       -1500.0
      ],
      [
       2522.0,
       -1498.0
      ],
      [
       2520.0,
       -1492.0
      ],
      [
       2524.0,
       -1491.0
      ],
      [
       2522.0,
       -1486.0
      ],
      [
       2525.0,
       -1485.0
      ],
      [
       2524.0,
       -1483.0
      ],
      [
       2528.0,
       -1482.0
      ],
      [
       2528.0,
       -1480.0
      ],
      [
       2531.0,
       -1481.0
      ],
      [
       2527.0,
       -1470.0
      ],
      [
       2530.0,
       -1468.0
      ],
      [
       2527.0,
       -1468.0
      ],
      [
       2525.0,
       -1465.0
      ],
      [
       2522.0,
       -1465.0
      ],
      [
       2521.0,
       -1463.0
      ],
      [
       2512.0,
       -1462.0
      ],
      [
       2508.0,
       -1459.0
      ],
      [
       2505.0,
       -1459.0
      ],
      [
       2501.0,
       -1450.0
      ],
      [
       2498.0,
       -1450.0
      ],
      [
       2495.0,
       -1447.0
      ],
      [
       2489.0,
       -1447.0
      ],
      [
       2487.0,
       -1444.0
      ],
      [
       2480.0,
       -1443.0
      ],
      [
       2477.0,
       -1437.0
      ],
      [
       2460.0,
       -1437.0
      ],
      [
       2449.0,
       -1435.0
      ],
      [
       2448.0,
       -1433.0
      ],
      [
       2445.0,
       -1433.0
      ],
      [
       2443.0,
       -1430.0
      ],
      [
       2439.0,
       -1430.0
      ],
      [
       2438.0,
       -1428.0
      ],
      [
       2434.0,
       -1427.0
      ],
      [
       2432.0,
       -1422.0
      ],
      [
       2428.0,
       -1421.0
      ],
      [
       2426.0,
       -1418.0
      ],
      [
       2422.0,
       -1418.0
      ],
      [
       2418.0,
       -1415.0
      ],
      [
       2400.0,
       -1413.0
      ],
      [
       2394.0,
       -1410.0
      ],
      [
       2393.0,
       -1408.0
      ],
      [
       2367.0,
       -1405.0
      ],
      [
       2363.0,
       -1402.0
      ],
      [
       2344.0,
       -1400.0
      ],
      [
       2343.0,
       -1402.0
      ],
      [
       2336.0,
       -1401.0
      ],
      [
       2335.0,
       -1403.0
      ],
      [
       2327.0,
       -1402.0
      ],
      [
       2326.0,
       -1400.0
      ],
      [
       2315.0,
       -1396.0
      ],
      [
       2312.0,
       -1396.0
      ],
      [
       2311.0,
       -1398.0
      ],
      [
       2300.0,
       -1398.0
      ],
      [
       2301.0,
       -1401.0
      ],
      [
       2297.0,
       -1402.0
      ],
      [
       2297.0,
       -1404.0
      ],
      [
       2289.0,
       -1403.0
      ],
      [
       2281.0,
       -1398.0
      ],
      [
       2278.0,
       -1398.0
      ],
      [
       2277.0,
       -1400.0
      ],
      [
       2260.0,
       -1398.0
      ],
      [
       2260.0,
       -1400.0
      ],
      [
       2252.0,
       -1399.0
      ],
      [
       2253.0,
       -1400.0
      ],
      [
       2251.0,
       -1401.0
      ],
      [
       2220.0,
       -1397.0
      ],
      [
       2222.0,
       -1400.0
      ],
      [
       2218.0,
       -1401.0
      ],
      [
       2218.0,
       -1403.0
      ],
      [
       2205.0,
       -1402.0
      ],
      [
       2202.0,
       -1399.0
      ],
      [
       2189.0,
       -1398.0
      ],
      [
       2189.0,
       -1400.0
      ],
      [
       2177.0,
       -1399.0
      ],
      [
       2176.0,
       -1401.0
      ],
      [
       2149.0,
       -1399.0
      ],
      [
       2148.0,
       -1397.0
      ],
      [
       2144.0,
       -1397.0
      ],
      [
       2141.0,
       -1394.0
      ],
      [
       2117.0,
       -1391.0
      ],
      [
       2114.0,
       -1387.0
      ],
      [
       2098.0,
       -1383.0
      ],
      [
       2096.0,
       -1381.0
      ],
      [
       2091.0,
       -1380.0
      ],
      [
       2090.0,
       -1378.0
      ],
      [
       2085.0,
       -1378.0
      ],
      [
       2084.0,
       -1376.0
      ],
      [
       2080.0,
       -1376.0
      ],
      [
       2078.0,
       -1374.0
      ],
      [
       2069.0,
       -1374.0
      ],
      [
       2068.0,
       -1372.0
      ],
      [
       2059.0,
       -1372.0
      ],
      [
       2054.0,
       -1369.0
      ],
      [
       2048.0,
       -1369.0
      ],
      [
       2046.0,
       -1367.0
      ],
      [
       2042.0,
       -1367.0
      ],
      [
       2041.0,
       -1365.0
      ],
      [
       2037.0,
       -1365.0
      ],
      [
       2035.0,
       -1363.0
      ],
      [
       2019.0,
       -1359.0
      ],
      [
       2018.0,
       -1357.0
      ],
      [
       2014.0,
       -1357.0
      ],
      [
       2012.0,
       -1355.0
      ],
      [
       1983.0,
       -1355.0
      ],
      [
       1982.0,
       -1353.0
      ],
      [
       1970.0,
       -1353.0
      ],
      [
       1968.0,
       -1351.0
      ],
      [
       1964.0,
       -1351.0
      ],
      [
       1963.0,
       -1349.0
      ],
      [
       1959.0,
       -1349.0
      ],
      [
       1952.0,
       -1345.0
      ],
      [
       1948.0,
       -1345.0
      ],
      [
       1940.0,
       -1334.0
      ],
      [
       1946.0,
       -1331.0
      ],
      [
       1946.0,
       -1329.0
      ],
      [
       1956.0,
       -1328.0
      ],
      [
       1953.0,
       -1325.0
      ],
      [
       1950.0,
       -1325.0
      ],
      [
       1948.0,
       -1323.0
      ],
      [
       1945.0,
       -1323.0
      ],
      [
       1941.0,
       -1319.0
      ],
      [
       1938.0,
       -1319.0
      ],
      [
       1935.0,
       -1316.0
      ],
      [
       1939.0,
       -1315.0
      ],
      [
       1939.0,
       -1313.0
      ],
      [
       1944.0,
       -1311.0
      ],
      [
       1935.0,
       -1308.0
      ],
      [
       1935.0,
       -1310.0
      ],
      [
       1929.0,
       -1310.0
      ],
      [
       1928.0,
       -1312.0
      ],
      [
       1922.0,
       -1312.0
      ],
      [
       1920.0,
       -1310.0
      ],
      [
       1910.0,
       -1310.0
      ],
      [
       1910.0,
       -1312.0
      ],
      [
       1888.0,
       -1310.0
      ],
      [
       1889.0,
       -1311.0
      ],
      [
       1886.0,
       -1312.0
      ],
      [
       1887.0,
       -1313.0
      ],
      [
       1884.0,
       -1314.0
      ],
      [
       1884.0,
       -1316.0
      ],
      [
       1882.0,
       -1316.0
      ],
      [
       1883.0,
       -1318.0
      ],
      [
       1880.0,
       -1319.0
      ],
      [
       1880.0,
       -1321.0
      ],
      [
       1875.0,
       -1321.0
      ],
      [
       1876.0,
       -1324.0
      ],
      [
       1872.0,
       -1327.0
      ],
      [
       1877.0,
       -1335.0
      ],
      [
       1873.0,
       -1338.0
      ],
      [
       1865.0,
       -1338.0
      ],
      [
       1866.0,
       -1339.0
      ],
      [
       1863.0,
       -1340.0
      ],
      [
       1864.0,
       -1341.0
      ],
      [
       1860.0,
       -1344.0
      ],
      [
       1842.0,
       -1344.0
      ],
      [
       1842.0,
       -1346.0
      ],
      [
       1834.0,
       -1346.0
      ],
      [
       1834.0,
       -1348.0
      ],
      [
       1831.0,
       -1348.0
      ],
      [
       1830.0,
       -1346.0
      ],
      [
       1821.0,
       -1346.0
      ],
      [
       1821.0,
       -1348.0
      ],
      [
       1816.0,
       -1348.0
      ],
      [
       1817.0,
       -1349.0
      ],
      [
       1814.0,
       -1350.0
      ],
      [
       1814.0,
       -1352.0
      ],
      [
       1803.0,
       -1352.0
      ],
      [
       1805.0,
       -1355.0
      ],
      [
       1802.0,
       -1358.0
      ],
      [
       1792.0,
       -1358.0
      ],
      [
       1791.0,
       -1360.0
      ],
      [
       1786.0,
       -1358.0
      ],
      [
       1785.0,
       -1360.0
      ],
      [
       1779.0,
       -1360.0
      ],
      [
       1778.0,
       -1362.0
      ],
      [
       1774.0,
       -1363.0
      ],
      [
       1759.0,
       -1363.0
      ],
      [
       1759.0,
       -1368.0
      ],
      [
       1757.0,
       -1369.0
      ],
      [
       1758.0,
       -1372.0
      ],
      [
       1754.0,
       -1375.0
      ],
      [
       1757.0,
       -1379.0
      ],
      [
       1754.0,
       -1380.0
      ],
      [
       1756.0,
       -1383.0
      ],
      [
       1754.0,
       -1384.0
      ],
      [
       1756.0,
       -1388.0
      ],
      [
       1753.0,
       -1389.0
      ],
      [
       1753.0,
       -1391.0
      ],
      [
       1748.0,
       -1390.0
      ],
      [
       1750.0,
       -1393.0
      ],
      [
       1748.0,
       -1395.0
      ],
      [
       1751.0,
       -1400.0
      ],
      [
       1749.0,
       -1401.0
      ],
      [
       1749.0,
       -1407.0
      ],
      [
       1743.0,
       -1412.0
      ],
      [
       1743.0,
       -1414.0
      ],
      [
       1739.0,
       -1414.0
      ],
      [
       1740.0,
       -1417.0
      ],
      [
       1738.0,
       -1418.0
      ],
      [
       1738.0,
       -1420.0
      ],
      [
       1728.0,
       -1420.0
      ],
      [
       1727.0,
       -1422.0
      ],
      [
       1725.0,
       -1422.0
      ],
      [
       1721.0,
       -1419.0
      ],
      [
       1713.0,
       -1419.0
      ],
      [
       1714.0,
       -1420.0
      ],
      [
       1709.0,
       -1422.0
      ],
      [
       1704.0,
       -1428.0
      ],
      [
       1701.0,
       -1428.0
      ],
      [
       1699.0,
       -1426.0
      ],
      [
       1695.0,
       -1426.0
      ],
      [
       1694.0,
       -1428.0
      ],
      [
       1684.0,
       -1427.0
      ],
      [
       1679.0,
       -1424.0
      ],
      [
       1672.0,
       -1424.0
      ],
      [
       1670.0,
       -1422.0
      ],
      [
       1666.0,
       -1423.0
      ],
      [
       1662.0,
       -1421.0
      ],
      [
       1660.0,
       -1417.0
      ],
      [
       1656.0,
       -1414.0
      ],
      [
       1652.0,
       -1416.0
      ],
      [
       1651.0,
       -1414.0
      ],
      [
       1646.0,
       -1413.0
      ],
      [
       1644.0,
       -1411.0
      ],
      [
       1632.0,
       -1412.0
      ],
      [
       1630.0,
       -1408.0
      ],
      [
       1627.0,
       -1407.0
      ],
      [
       1607.0,
       -1406.0
      ],
      [
       1606.0,
       -1404.0
      ],
      [
       1602.0,
       -1405.0
      ],
      [
       1600.0,
       -1403.0
      ],
      [
       1596.0,
       -1407.0
      ],
      [
       1587.0,
       -1404.0
      ],
      [
       1586.0,
       -1406.0
      ],
      [
       1583.0,
       -1406.0
      ],
      [
       1585.0,
       -1411.0
      ],
      [
       1584.0,
       -1412.0
      ],
      [
       1571.0,
       -1413.0
      ],
      [
       1569.0,
       -1415.0
      ]
     ]
    ]
   }
  },
  {
   "type": "Feature",
   "properties": {
    "code": "thaumasia_planum",
    "name": "Thaumasia Planum",
    "number": 35,
    "capital": null,
    "culture": null,
    "civs": [
     "mcc",
     "mla"
    ],
    "provinceType": "land",
    "terrain": "plateau",
    "mapTypes": [
     "mars"
    ],
    "resources": null,
    "religion": null,
    "population": "medium",
    "centerpoint": [
     2713,
     1599
    ],
    "position": {
     "x": 2504,
     "y": 1426
    },
    "bbox": {
     "w": 854,
     "h": 338
    },
    "maskSize": [
     1024,
     512
    ],
    "links": [
     "argyre_terra_australis",
     "hellas_planitia",
     "noachis_terra",
     "solis_planum",
     "terra_australis"
    ]
   },
   "geometry": {
    "type": "Polygon",
    "coordinates": [
     [
      [
       2504.0,
       -1455.0
      ],
      [
       2505.0,
       -1458.0
      ],
      [
       2508.0,
       -1458.0
      ],
      [
       2512.0,
       -1461.0
      ],
      [
       2521.0,
       -1462.0
      ],
      [
       2522.0,
       -1464.0
      ],
      [
       2525.0,
       -1464.0
      ],
      [
       2527.0,
       -1467.0
      ],
      [
       2531.0,
       -1468.0
      ],
      [
       2530.0,
       -1470.0
      ],
      [
       2528.0,
       -1470.0
      ],
      [
       2532.0,
       -1481.0
      ],
      [
       2528.0,
       -1481.0
      ],
      [
       2528.0,
       -1483.0
      ],
      [
       2525.0,
       -1483.0
      ],
      [
       2526.0,
       -1485.0
      ],
      [
       2523.0,
       -1486.0
      ],
      [
       2525.0,
       -1491.0
      ],
      [
       2521.0,
       -1492.0
      ],
      [
       2523.0,
       -1498.0
      ],
      [
       2527.0,
       -1499.0
      ],
      [
       2531.0,
       -1506.0
      ],
      [
       2540.0,
       -1505.0
      ],
      [
       2546.0,
       -1510.0
      ],
      [
       2549.0,
       -1510.0
      ],
      [
       2551.0,
       -1513.0
      ],
      [
       2561.0,
       -1516.0
      ],
      [
       2565.0,
       -1519.0
      ],
      [
       2569.0,
       -1519.0
      ],
      [
       2575.0,
       -1523.0
      ],
      [
       2575.0,
       -1527.0
      ],
      [
       2572.0,
       -1526.0
      ],
      [
       2573.0,
       -1527.0
      ],
      [
       2569.0,
       -1528.0
      ],
      [
       2569.0,
       -1530.0
      ],
      [
       2566.0,
       -1529.0
      ],
      [
       2569.0,
       -1539.0
      ],
      [
       2573.0,
       -1541.0
      ],
      [
       2575.0,
       -1545.0
      ],
      [
       2571.0,
       -1545.0
      ],
      [
       2572.0,
       -1546.0
      ],
      [
       2568.0,
       -1547.0
      ],
      [
       2568.0,
       -1549.0
      ],
      [
       2565.0,
       -1548.0
      ],
      [
       2565.0,
       -1550.0
      ],
      [
       2562.0,
       -1550.0
      ],
      [
       2564.0,
       -1555.0
      ],
      [
       2567.0,
       -1555.0
      ],
      [
       2569.0,
       -1558.0
      ],
      [
       2568.0,
       -1560.0
      ],
      [
       2563.0,
       -1562.0
      ],
      [
       2563.0,
       -1564.0
      ],
      [
       2568.0,
       -1566.0
      ],
      [
       2570.0,
       -1573.0
      ],
      [
       2564.0,
       -1575.0
      ],
      [
       2563.0,
       -1577.0
      ],
      [
       2560.0,
       -1576.0
      ],
      [
       2561.0,
       -1577.0
      ],
      [
       2558.0,
       -1578.0
      ],
      [
       2558.0,
       -1582.0
      ],
      [
       2555.0,
       -1581.0
      ],
      [
       2557.0,
       -1588.0
      ],
      [
       2554.0,
       -1589.0
      ],
      [
       2556.0,
       -1594.0
      ],
      [
       2552.0,
       -1594.0
      ],
      [
       2553.0,
       -1595.0
      ],
      [
       2549.0,
       -1598.0
      ],
      [
       2547.0,
       -1597.0
      ],
      [
       2546.0,
       -1599.0
      ],
      [
       2544.0,
       -1599.0
      ],
      [
       2545.0,
       -1604.0
      ],
      [
       2548.0,
       -1604.0
      ],
      [
       2551.0,
       -1610.0
      ],
      [
       2547.0,
       -1613.0
      ],
      [
       2544.0,
       -1612.0
      ],
      [
       2545.0,
       -1613.0
      ],
      [
       2542.0,
       -1614.0
      ],
      [
       2544.0,
       -1622.0
      ],
      [
       2547.0,
       -1623.0
      ],
      [
       2549.0,
       -1626.0
      ],
      [
       2552.0,
       -1626.0
      ],
      [
       2553.0,
       -1630.0
      ],
      [
       2558.0,
       -1633.0
      ],
      [
       2559.0,
       -1637.0
      ],
      [
       2565.0,
       -1638.0
      ],
      [
       2566.0,
       -1640.0
      ],
      [
       2569.0,
       -1640.0
      ],
      [
       2571.0,
       -1643.0
      ],
      [
       2575.0,
       -1643.0
      ],
      [
       2578.0,
       -1646.0
      ],
      [
       2582.0,
       -1644.0
      ],
      [
       2593.0,
       -1651.0
      ],
      [
       2595.0,
       -1660.0
      ],
      [
       2592.0,
       -1662.0
      ],
      [
       2597.0,
       -1666.0
      ],
      [
       2594.0,
       -1667.0
      ],
      [
       2593.0,
       -1670.0
      ],
      [
       2591.0,
       -1670.0
      ],
      [
       2592.0,
       -1673.0
      ],
      [
       2589.0,
       -1674.0
      ],
      [
       2589.0,
       -1676.0
      ],
      [
       2593.0,
       -1678.0
      ],
      [
       2595.0,
       -1683.0
      ],
      [
       2592.0,
       -1684.0
      ],
      [
       2593.0,
       -1689.0
      ],
      [
       2597.0,
       -1691.0
      ],
      [
       2598.0,
       -1695.0
      ],
      [
       2595.0,
       -1696.0
      ],
      [
       2595.0,
       -1699.0
      ],
      [
       2606.0,
       -1700.0
      ],
      [
       2609.0,
       -1703.0
      ],
      [
       2612.0,
       -1703.0
      ],
      [
       2614.0,
       -1706.0
      ],
      [
       2619.0,
       -1702.0
      ],
      [
       2639.0,
       -1705.0
      ],
      [
       2642.0,
       -1708.0
      ],
      [
       2647.0,
       -1708.0
      ],
      [
       2649.0,
       -1711.0
      ],
      [
       2655.0,
       -1713.0
      ],
      [
       2656.0,
       -1716.0
      ],
      [
       2660.0,
       -1718.0
      ],
      [
       2671.0,
       -1720.0
      ],
      [
       2672.0,
       -1718.0
      ],
      [
       2677.0,
       -1718.0
      ],
      [
       2679.0,
       -1721.0
      ],
      [
       2682.0,
       -1722.0
      ],
      [
       2683.0,
       -1727.0
      ],
      [
       2685.0,
       -1727.0
      ],
      [
       2690.0,
       -1732.0
      ],
      [
       2699.0,
       -1733.0
      ],
      [
       2698.0,
       -1732.0
      ],
      [
       2701.0,
       -1731.0
      ],
      [
       2706.0,
       -1736.0
      ],
      [
       2711.0,
       -1737.0
      ],
      [
       2712.0,
       -1735.0
      ],
      [
       2720.0,
       -1736.0
      ],
      [
       2721.0,
       -1734.0
      ],
      [
       2726.0,
       -1735.0
      ],
      [
       2727.0,
       -1733.0
      ],
      [
       2751.0,
       -1736.0
      ],
      [
       2750.0,
       -1735.0
      ],
      [
       2754.0,
       -1732.0
      ],
      [
       2759.0,
       -1733.0
      ],
      [
       2765.0,
       -1728.0
      ],
      [
       2797.0,
       -1732.0
      ],
      [
       2798.0,
       -1730.0
      ],
      [
       2806.0,
       -1731.0
      ],
      [
       2807.0,
       -1729.0
      ],
      [
       2812.0,
       -1729.0
      ],
      [
       2814.0,
       -1732.0
      ],
      [
       2823.0,
       -1732.0
      ],
      [
       2828.0,
       -1737.0
      ],
      [
       2836.0,
       -1738.0
      ],
      [
       2837.0,
       -1736.0
      ],
      [
       2842.0,
       -1736.0
      ],
      [
       2849.0,
       -1743.0
      ],
      [
       2854.0,
       -1743.0
      ],
      [
       2855.0,
       -1745.0
      ],
      [
       2859.0,
       -1745.0
      ],
      [
       2862.0,
       -1748.0
      ],
      [
       2866.0,
       -1748.0
      ],
      [
       2871.0,
       -1752.0
      ],
      [
       2875.0,
       -1751.0
      ],
      [
       2876.0,
       -1753.0
      ],
      [
       2878.0,
       -1753.0
      ],
      [
       2879.0,
       -1751.0
      ],
      [
       2884.0,
       -1751.0
      ],
      [
       2886.0,
       -1754.0
      ],
      [
       2904.0,
       -1755.0
      ],
      [
       2907.0,
       -1751.0
      ],
      [
       2931.0,
       -1753.0
      ],
      [
       2932.0,
       -1751.0
      ],
      [
       2945.0,
       -1752.0
      ],
      [
       2949.0,
       -1749.0
      ],
      [
       2956.0,
       -1749.0
      ],
      [
       2960.0,
       -1753.0
      ],
      [
       2967.0,
       -1752.0
      ],
      [
       2971.0,
       -1755.0
      ],
      [
       2971.0,
       -1758.0
      ],
      [
       2973.0,
       -1758.0
      ],
      [
       2974.0,
       -1760.0
      ],
      [
       2979.0,
       -1760.0
      ],
      [
       2980.0,
       -1762.0
      ],
      [
       2987.0,
       -1762.0
      ],
      [
       2988.0,
       -1760.0
      ],
      [
       2995.0,
       -1761.0
      ],
      [
       2996.0,
       -1759.0
      ],
      [
       2998.0,
       -1759.0
      ],
      [
       3002.0,
       -1763.0
      ],
      [
       3006.0,
       -1763.0
      ],
      [
       3010.0,
       -1760.0
      ],
      [
       3017.0,
       -1760.0
      ],
      [
       3017.0,
       -1758.0
      ],
      [
       3027.0,
       -1758.0
      ],
      [
       3028.0,
       -1756.0
      ],
      [
       3030.0,
       -1757.0
      ],
      [
       3029.0,
       -1752.0
      ],
      [
       3034.0,
       -1749.0
      ],
      [
       3035.0,
       -1745.0
      ],
      [
       3038.0,
       -1747.0
      ],
      [
       3050.0,
       -1746.0
      ],
      [
       3051.0,
       -1744.0
      ],
      [
       3055.0,
       -1744.0
      ],
      [
       3056.0,
       -1742.0
      ],
      [
       3068.0,
       -1741.0
      ],
      [
       3069.0,
       -1739.0
      ],
      [
       3075.0,
       -1739.0
      ],
      [
       3076.0,
       -1737.0
      ],
      [
       3083.0,
       -1737.0
      ],
      [
       3084.0,
       -1739.0
      ],
      [
       3096.0,
       -1739.0
      ],
      [
       3097.0,
       -1737.0
      ],
      [
       3109.0,
       -1734.0
      ],
      [
       3111.0,
       -1732.0
      ],
      [
       3111.0,
       -1727.0
      ],
      [
       3114.0,
       -1724.0
      ],
      [
       3131.0,
       -1723.0
      ],
      [
       3132.0,
       -1721.0
      ],
      [
       3136.0,
       -1721.0
      ],
      [
       3139.0,
       -1717.0
      ],
      [
       3141.0,
       -1717.0
      ],
      [
       3141.0,
       -1715.0
      ],
      [
       3158.0,
       -1715.0
      ],
      [
       3164.0,
       -1709.0
      ],
      [
       3196.0,
       -1709.0
      ],
      [
       3197.0,
       -1711.0
      ],
      [
       3206.0,
       -1710.0
      ],
      [
       3207.0,
       -1712.0
      ],
      [
       3211.0,
       -1712.0
      ],
      [
       3215.0,
       -1716.0
      ],
      [
       3229.0,
       -1715.0
      ],
      [
       3230.0,
       -1713.0
      ],
      [
       3234.0,
       -1713.0
      ],
      [
       3237.0,
       -1709.0
      ],
      [
       3244.0,
       -1709.0
      ],
      [
       3244.0,
       -1707.0
      ],
      [
       3246.0,
       -1707.0
      ],
      [
       3247.0,
       -1709.0
      ],
      [
       3269.0,
       -1708.0
      ],
      [
       3270.0,
       -1710.0
      ],
      [
       3274.0,
       -1710.0
      ],
      [
       3275.0,
       -1712.0
      ],
      [
       3279.0,
       -1711.0
      ],
      [
       3280.0,
       -1713.0
      ],
      [
       3284.0,
       -1713.0
      ],
      [
       3285.0,
       -1715.0
      ],
      [
       3311.0,
       -1714.0
      ],
      [
       3316.0,
       -1709.0
      ],
      [
       3324.0,
       -1709.0
      ],
      [
       3329.0,
       -1699.0
      ],
      [
       3342.0,
       -1698.0
      ],
      [
       3346.0,
       -1694.0
      ],
      [
       3349.0,
       -1694.0
      ],
      [
       3350.0,
       -1692.0
      ],
      [
       3354.0,
       -1692.0
      ],
      [
       3355.0,
       -1690.0
      ],
      [
       3357.0,
       -1690.0
      ],
      [
       3351.0,
       -1686.0
      ],
      [
       3351.0,
       -1683.0
      ],
      [
       3349.0,
       -1683.0
      ],
      [
       3348.0,
       -1680.0
      ],
      [
       3345.0,
       -1679.0
      ],
      [
       3344.0,
       -1672.0
      ],
      [
       3347.0,
       -1671.0
      ],
      [
       3341.0,
       -1663.0
      ],
      [
       3332.0,
       -1658.0
      ],
      [
       3328.0,
       -1658.0
      ],
      [
       3325.0,
       -1655.0
      ],
      [
       3318.0,
       -1655.0
      ],
      [
       3314.0,
       -1652.0
      ],
      [
       3314.0,
       -1649.0
      ],
      [
       3312.0,
       -1650.0
      ],
      [
       3308.0,
       -1646.0
      ],
      [
       3304.0,
       -1646.0
      ],
      [
       3300.0,
       -1643.0
      ],
      [
       3300.0,
       -1641.0
      ],
      [
       3303.0,
       -1640.0
      ],
      [
       3302.0,
       -1639.0
      ],
      [
       3305.0,
       -1637.0
      ],
      [
       3301.0,
       -1632.0
      ],
      [
       3302.0,
       -1630.0
      ],
      [
       3304.0,
       -1630.0
      ],
      [
       3304.0,
       -1617.0
      ],
      [
       3303.0,
       -1618.0
      ],
      [
       3293.0,
       -1610.0
      ],
      [
       3289.0,
       -1611.0
      ],
      [
       3285.0,
       -1607.0
      ],
      [
       3281.0,
       -1607.0
      ],
      [
       3278.0,
       -1604.0
      ],
      [
       3273.0,
       -1604.0
      ],
      [
       3272.0,
       -1600.0
      ],
      [
       3269.0,
       -1599.0
      ],
      [
       3269.0,
       -1596.0
      ],
      [
       3273.0,
       -1593.0
      ],
      [
       3273.0,
       -1591.0
      ],
      [
       3270.0,
       -1590.0
      ],
      [
       3269.0,
       -1579.0
      ],
      [
       3272.0,
       -1576.0
      ],
      [
       3276.0,
       -1576.0
      ],
      [
       3275.0,
       -1575.0
      ],
      [
       3280.0,
       -1572.0
      ],
      [
       3280.0,
       -1568.0
      ],
      [
       3284.0,
       -1568.0
      ],
      [
       3285.0,
       -1566.0
      ],
      [
       3294.0,
       -1565.0
      ],
      [
       3293.0,
       -1564.0
      ],
      [
       3296.0,
       -1563.0
      ],
      [
       3295.0,
       -1560.0
      ],
      [
       3291.0,
       -1561.0
      ],
      [
       3291.0,
       -1563.0
      ],
      [
       3282.0,
       -1563.0
      ],
      [
       3281.0,
       -1565.0
      ],
      [
       3277.0,
       -1565.0
      ],
      [
       3267.0,
       -1576.0
      ],
      [
       3254.0,
       -1576.0
      ],
      [
       3253.0,
       -1574.0
      ],
      [
       3251.0,
       -1574.0
      ],
      [
       3248.0,
       -1577.0
      ],
      [
       3242.0,
       -1577.0
      ],
      [
       3241.0,
       -1575.0
      ],
      [
       3237.0,
       -1575.0
      ],
      [
       3236.0,
       -1573.0
      ],
      [
       3232.0,
       -1574.0
      ],
      [
       3231.0,
       -1572.0
      ],
      [
       3224.0,
       -1572.0
      ],
      [
       3223.0,
       -1570.0
      ],
      [
       3211.0,
       -1569.0
      ],
      [
       3210.0,
       -1571.0
      ],
      [
       3199.0,
       -1571.0
      ],
      [
       3198.0,
       -1573.0
      ],
      [
       3192.0,
       -1575.0
      ],
      [
       3193.0,
       -1578.0
      ],
      [
       3190.0,
       -1579.0
      ],
      [
       3190.0,
       -1581.0
      ],
      [
       3186.0,
       -1581.0
      ],
      [
       3185.0,
       -1583.0
      ],
      [
       3181.0,
       -1583.0
      ],
      [
       3180.0,
       -1585.0
      ],
      [
       3171.0,
       -1585.0
      ],
      [
       3171.0,
       -1587.0
      ],
      [
       3167.0,
       -1587.0
      ],
      [
       3166.0,
       -1589.0
      ],
      [
       3162.0,
       -1589.0
      ],
      [
       3161.0,
       -1591.0
      ],
      [
       3149.0,
       -1589.0
      ],
      [
       3144.0,
       -1595.0
      ],
      [
       3140.0,
       -1595.0
      ],
      [
       3139.0,
       -1593.0
      ],
      [
       3124.0,
       -1593.0
      ],
      [
       3115.0,
       -1586.0
      ],
      [
       3108.0,
       -1586.0
      ],
      [
       3107.0,
       -1584.0
      ],
      [
       3105.0,
       -1584.0
      ],
      [
       3101.0,
       -1580.0
      ],
      [
       3097.0,
       -1580.0
      ],
      [
       3096.0,
       -1578.0
      ],
      [
       3094.0,
       -1578.0
      ],
      [
       3094.0,
       -1580.0
      ],
      [
       3087.0,
       -1580.0
      ],
      [
       3086.0,
       -1577.0
      ],
      [
       3080.0,
       -1572.0
      ],
      [
       3078.0,
       -1572.0
      ],
      [
       3077.0,
       -1574.0
      ],
      [
       3073.0,
       -1574.0
      ],
      [
       3072.0,
       -1576.0
      ],
      [
       3066.0,
       -1576.0
      ],
      [
       3064.0,
       -1574.0
      ],
      [
       3058.0,
       -1574.0
      ],
      [
       3057.0,
       -1576.0
      ],
      [
       3048.0,
       -1576.0
      ],
      [
       3044.0,
       -1573.0
      ],
      [
       3039.0,
       -1573.0
      ],
      [
       3032.0,
       -1567.0
      ],
      [
       3027.0,
       -1567.0
      ],
      [
       3026.0,
       -1565.0
      ],
      [
       3019.0,
       -1565.0
      ],
      [
       3017.0,
       -1567.0
      ],
      [
       3009.0,
       -1559.0
      ],
      [
       3002.0,
       -1559.0
      ],
      [
       2998.0,
       -1556.0
      ],
      [
       2982.0,
       -1556.0
      ],
      [
       2972.0,
       -1547.0
      ],
      [
       2960.0,
       -1547.0
      ],
      [
       2956.0,
       -1546.0
      ],
      [
       2955.0,
       -1544.0
      ],
      [
       2947.0,
       -1544.0
      ],
      [
       2943.0,
       -1541.0
      ],
      [
       2933.0,
       -1543.0
      ],
      [
       2925.0,
       -1536.0
      ],
      [
       2917.0,
       -1536.0
      ],
      [
       2913.0,
       -1533.0
      ],
      [
       2905.0,
       -1533.0
      ],
      [
       2897.0,
       -1528.0
      ],
      [
       2893.0,
       -1528.0
      ],
      [
       2891.0,
       -1525.0
      ],
      [
       2883.0,
       -1525.0
      ],
      [
       2882.0,
       -1522.0
      ],
      [
       2875.0,
       -1517.0
      ],
      [
       2873.0,
       -1510.0
      ],
      [
       2871.0,
       -1510.0
      ],
      [
       2865.0,
       -1505.0
      ],
      [
       2857.0,
       -1505.0
      ],
      [
       2854.0,
       -1502.0
      ],
      [
       2847.0,
       -1502.0
      ],
      [
       2844.0,
       -1500.0
      ],
      [
       2843.0,
       -1495.0
      ],
      [
       2838.0,
       -1495.0
      ],
      [
       2834.0,
       -1498.0
      ],
      [
       2829.0,
       -1497.0
      ],
      [
       2829.0,
       -1499.0
      ],
      [
       2823.0,
       -1501.0
      ],
      [
       2819.0,
       -1498.0
      ],
      [
       2817.0,
       -1498.0
      ],
      [
       2816.0,
       -1500.0
      ],
      [
       2811.0,
       -1499.0
      ],
      [
       2810.0,
       -1497.0
      ],
      [
       2806.0,
       -1497.0
      ],
      [
       2803.0,
       -1494.0
      ],
      [
       2798.0,
       -1496.0
      ],
      [
       2796.0,
       -1493.0
      ],
      [
       2794.0,
       -1493.0
      ],
      [
       2793.0,
       -1491.0
      ],
      [
       2789.0,
       -1491.0
      ],
      [
       2786.0,
       -1488.0
      ],
      [
       2784.0,
       -1488.0
      ],
      [
       2783.0,
       -1490.0
      ],
      [
       2777.0,
       -1489.0
      ],
      [
       2772.0,
       -1484.0
      ],
      [
       2766.0,
       -1484.0
      ],
      [
       2762.0,
       -1481.0
      ],
      [
       2759.0,
       -1481.0
      ],
      [
       2757.0,
       -1475.0
      ],
      [
       2748.0,
       -1470.0
      ],
      [
       2745.0,
       -1467.0
      ],
      [
       2745.0,
       -1465.0
      ],
      [
       2741.0,
       -1464.0
      ],
      [
       2740.0,
       -1459.0
      ],
      [
       2743.0,
       -1457.0
      ],
      [
       2740.0,
       -1457.0
      ],
      [
       2737.0,
       -1454.0
      ],
      [
       2731.0,
       -1454.0
      ],
      [
       2720.0,
       -1446.0
      ],
      [
       2708.0,
       -1445.0
      ],
      [
       2706.0,
       -1442.0
      ],
      [
       2696.0,
       -1441.0
      ],
      [
       2693.0,
       -1438.0
      ],
      [
       2689.0,
       -1438.0
      ],
      [
       2687.0,
       -1434.0
      ],
      [
       2683.0,
       -1431.0
      ],
      [
       2680.0,
       -1431.0
      ],
      [
       2680.0,
       -1433.0
      ],
      [
       2676.0,
       -1430.0
      ],
      [
       2673.0,
       -1430.0
      ],
      [
       2672.0,
       -1432.0
      ],
      [
       2664.0,
       -1430.0
      ],
      [
       2662.0,
       -1432.0
      ],
      [
       2653.0,
       -1431.0
      ],
      [
       2649.0,
       -1432.0
      ],
      [
       2650.0,
       -1433.0
      ],
      [
       2646.0,
       -1435.0
      ],
      [
       2640.0,
       -1435.0
      ],
      [
       2638.0,
       -1432.0
      ],
      [
       2635.0,
       -1432.0
      ],
      [
       2635.0,
       -1434.0
      ],
      [
       2632.0,
       -1433.0
      ],
      [
       2631.0,
       -1435.0
      ],
      [
       2629.0,
       -1435.0
      ],
      [
       2629.0,
       -1437.0
      ],
      [
       2626.0,
       -1436.0
      ],
      [
       2625.0,
       -1438.0
      ],
      [
       2623.0,
       -1438.0
      ],
      [
       2620.0,
       -1435.0
      ],
      [
       2618.0,
       -1437.0
      ],
      [
       2615.0,
       -1437.0
      ],
      [
       2613.0,
       -1434.0
      ],
      [
       2611.0,
       -1434.0
      ],
      [
       2610.0,
       -1436.0
      ],
      [
       2601.0,
       -1435.0
      ],
      [
       2599.0,
       -1432.0
      ],
      [
       2581.0,
       -1430.0
      ],
      [
       2575.0,
       -1433.0
      ],
      [
       2570.0,
       -1432.0
      ],
      [
       2564.0,
       -1427.0
      ],
      [
       2554.0,
       -1426.0
      ],
      [
       2550.0,
       -1427.0
      ],
      [
       2550.0,
       -1429.0
      ],
      [
       2547.0,
       -1428.0
      ],
      [
       2548.0,
       -1431.0
      ],
      [
       2545.0,
       -1432.0
      ],
      [
       2547.0,
       -1438.0
      ],
      [
       2546.0,
       -1440.0
      ],
      [
       2532.0,
       -1438.0
      ],
      [
       2533.0,
       -1441.0
      ],
      [
       2540.0,
       -1442.0
      ],
      [
       2542.0,
       -1445.0
      ],
      [
       2541.0,
       -1447.0
      ],
      [
       2530.0,
       -1445.0
      ],
      [
       2530.0,
       -1447.0
      ],
      [
       2520.0,
       -1445.0
      ],
      [
       2519.0,
       -1447.0
      ],
      [
       2508.0,
       -1446.0
      ],
      [
       2510.0,
       -1452.0
      ],
      [
       2504.0,
       -1455.0
      ]
     ]
    ]
   }
  },
  {
   "type": "Feature",
   "properties": {
    "code": "terra_australis",
    "name": "Terra Australis",
    "number": 36,
    "capital": null,
    "culture": null,
    "civs": [
     "mcc",
     "mla"
    ],
    "provinceType": "land",
    "terrain": "highlands",
    "mapTypes": [
     "mars"
    ],
    "resources": null,
    "religion": null,
    "population": "medium",
    "centerpoint": [
     3763,
     1608
    ],
    "position": {
     "x": 3270,
     "y": 1423
    },
    "bbox": {
     "w": 826,
     "h": 339
    },
    "maskSize": [
     1024,
     512
    ],
    "links": [
     "argyre_terra_australis",
     "hellas_planitia",
     "terra_sirenum",
     "thaumasia_planum"
    ]
   },
   "geometry": {
    "type": "Polygon",
    "coordinates": [
     [
      [
       4095.0,
       -1428.0
      ],
      [
       4076.0,
       -1430.0
      ],
      [
       4075.0,
       -1426.0
      ],
      [
       4065.0,
       -1423.0
      ],
      [
       4061.0,
       -1428.0
      ],
      [
       4058.0,
       -1428.0
      ],
      [
       4057.0,
       -1431.0
      ],
      [
       4044.0,
       -1432.0
      ],
      [
       4043.0,
       -1430.0
      ],
      [
       4034.0,
       -1432.0
      ],
      [
       4033.0,
       -1430.0
      ],
      [
       4014.0,
       -1433.0
      ],
      [
       4009.0,
       -1433.0
      ],
      [
       4007.0,
       -1431.0
      ],
      [
       3998.0,
       -1433.0
      ],
      [
       3997.0,
       -1435.0
      ],
      [
       3995.0,
       -1435.0
      ],
      [
       3994.0,
       -1433.0
      ],
      [
       3991.0,
       -1434.0
      ],
      [
       3992.0,
       -1437.0
      ],
      [
       3988.0,
       -1438.0
      ],
      [
       3987.0,
       -1441.0
      ],
      [
       3975.0,
       -1442.0
      ],
      [
       3974.0,
       -1445.0
      ],
      [
       3968.0,
       -1445.0
      ],
      [
       3967.0,
       -1448.0
      ],
      [
       3947.0,
       -1451.0
      ],
      [
       3946.0,
       -1449.0
      ],
      [
       3934.0,
       -1450.0
      ],
      [
       3930.0,
       -1449.0
      ],
      [
       3929.0,
       -1447.0
      ],
      [
       3923.0,
       -1448.0
      ],
      [
       3920.0,
       -1451.0
      ],
      [
       3917.0,
       -1451.0
      ],
      [
       3916.0,
       -1449.0
      ],
      [
       3910.0,
       -1450.0
      ],
      [
       3908.0,
       -1446.0
      ],
      [
       3902.0,
       -1445.0
      ],
      [
       3901.0,
       -1443.0
      ],
      [
       3895.0,
       -1444.0
      ],
      [
       3891.0,
       -1441.0
      ],
      [
       3875.0,
       -1441.0
      ],
      [
       3874.0,
       -1439.0
      ],
      [
       3871.0,
       -1440.0
      ],
      [
       3870.0,
       -1438.0
      ],
      [
       3861.0,
       -1441.0
      ],
      [
       3860.0,
       -1439.0
      ],
      [
       3851.0,
       -1436.0
      ],
      [
       3847.0,
       -1437.0
      ],
      [
       3848.0,
       -1438.0
      ],
      [
       3844.0,
       -1440.0
      ],
      [
       3832.0,
       -1441.0
      ],
      [
       3832.0,
       -1443.0
      ],
      [
       3826.0,
       -1446.0
      ],
      [
       3825.0,
       -1449.0
      ],
      [
       3799.0,
       -1452.0
      ],
      [
       3797.0,
       -1455.0
      ],
      [
       3789.0,
       -1456.0
      ],
      [
       3787.0,
       -1454.0
      ],
      [
       3782.0,
       -1455.0
      ],
      [
       3781.0,
       -1453.0
      ],
      [
       3773.0,
       -1452.0
      ],
      [
       3766.0,
       -1453.0
      ],
      [
       3765.0,
       -1456.0
      ],
      [
       3742.0,
       -1459.0
      ],
      [
       3741.0,
       -1461.0
      ],
      [
       3733.0,
       -1462.0
      ],
      [
       3734.0,
       -1463.0
      ],
      [
       3732.0,
       -1465.0
      ],
      [
       3713.0,
       -1467.0
      ],
      [
       3711.0,
       -1470.0
      ],
      [
       3705.0,
       -1470.0
      ],
      [
       3704.0,
       -1473.0
      ],
      [
       3693.0,
       -1474.0
      ],
      [
       3692.0,
       -1472.0
      ],
      [
       3687.0,
       -1473.0
      ],
      [
       3686.0,
       -1471.0
      ],
      [
       3681.0,
       -1472.0
      ],
      [
       3680.0,
       -1470.0
      ],
      [
       3678.0,
       -1470.0
      ],
      [
       3676.0,
       -1473.0
      ],
      [
       3663.0,
       -1472.0
      ],
      [
       3658.0,
       -1473.0
      ],
      [
       3655.0,
       -1476.0
      ],
      [
       3644.0,
       -1477.0
      ],
      [
       3643.0,
       -1475.0
      ],
      [
       3637.0,
       -1475.0
      ],
      [
       3639.0,
       -1468.0
      ],
      [
       3635.0,
       -1468.0
      ],
      [
       3631.0,
       -1473.0
      ],
      [
       3629.0,
       -1473.0
      ],
      [
       3628.0,
       -1471.0
      ],
      [
       3626.0,
       -1472.0
      ],
      [
       3621.0,
       -1468.0
      ],
      [
       3614.0,
       -1467.0
      ],
      [
       3612.0,
       -1470.0
      ],
      [
       3606.0,
       -1470.0
      ],
      [
       3604.0,
       -1473.0
      ],
      [
       3592.0,
       -1472.0
      ],
      [
       3591.0,
       -1470.0
      ],
      [
       3582.0,
       -1472.0
      ],
      [
       3580.0,
       -1470.0
      ],
      [
       3575.0,
       -1471.0
      ],
      [
       3574.0,
       -1469.0
      ],
      [
       3569.0,
       -1469.0
      ],
      [
       3568.0,
       -1467.0
      ],
      [
       3550.0,
       -1470.0
      ],
      [
       3549.0,
       -1468.0
      ],
      [
       3536.0,
       -1469.0
      ],
      [
       3535.0,
       -1466.0
      ],
      [
       3533.0,
       -1466.0
      ],
      [
       3529.0,
       -1462.0
      ],
      [
       3514.0,
       -1464.0
      ],
      [
       3511.0,
       -1463.0
      ],
      [
       3509.0,
       -1459.0
      ],
      [
       3507.0,
       -1459.0
      ],
      [
       3506.0,
       -1457.0
      ],
      [
       3504.0,
       -1458.0
      ],
      [
       3503.0,
       -1456.0
      ],
      [
       3496.0,
       -1455.0
      ],
      [
       3494.0,
       -1453.0
      ],
      [
       3496.0,
       -1449.0
      ],
      [
       3494.0,
       -1449.0
      ],
      [
       3490.0,
       -1445.0
      ],
      [
       3488.0,
       -1446.0
      ],
      [
       3486.0,
       -1442.0
      ],
      [
       3483.0,
       -1441.0
      ],
      [
       3482.0,
       -1438.0
      ],
      [
       3485.0,
       -1436.0
      ],
      [
       3472.0,
       -1436.0
      ],
      [
       3471.0,
       -1434.0
      ],
      [
       3466.0,
       -1434.0
      ],
      [
       3465.0,
       -1432.0
      ],
      [
       3458.0,
       -1433.0
      ],
      [
       3457.0,
       -1431.0
      ],
      [
       3451.0,
       -1434.0
      ],
      [
       3450.0,
       -1432.0
      ],
      [
       3442.0,
       -1431.0
      ],
      [
       3441.0,
       -1429.0
      ],
      [
       3434.0,
       -1430.0
      ],
      [
       3433.0,
       -1426.0
      ],
      [
       3431.0,
       -1426.0
      ],
      [
       3426.0,
       -1431.0
      ],
      [
       3415.0,
       -1432.0
      ],
      [
       3410.0,
       -1437.0
      ],
      [
       3408.0,
       -1437.0
      ],
      [
       3407.0,
       -1435.0
      ],
      [
       3402.0,
       -1435.0
      ],
      [
       3396.0,
       -1438.0
      ],
      [
       3396.0,
       -1445.0
      ],
      [
       3393.0,
       -1446.0
      ],
      [
       3393.0,
       -1448.0
      ],
      [
       3391.0,
       -1448.0
      ],
      [
       3391.0,
       -1455.0
      ],
      [
       3380.0,
       -1467.0
      ],
      [
       3374.0,
       -1470.0
      ],
      [
       3377.0,
       -1483.0
      ],
      [
       3373.0,
       -1486.0
      ],
      [
       3375.0,
       -1494.0
      ],
      [
       3373.0,
       -1498.0
      ],
      [
       3375.0,
       -1508.0
      ],
      [
       3373.0,
       -1509.0
      ],
      [
       3374.0,
       -1512.0
      ],
      [
       3371.0,
       -1513.0
      ],
      [
       3372.0,
       -1514.0
      ],
      [
       3369.0,
       -1516.0
      ],
      [
       3369.0,
       -1518.0
      ],
      [
       3367.0,
       -1518.0
      ],
      [
       3367.0,
       -1520.0
      ],
      [
       3365.0,
       -1520.0
      ],
      [
       3365.0,
       -1522.0
      ],
      [
       3361.0,
       -1522.0
      ],
      [
       3354.0,
       -1531.0
      ],
      [
       3350.0,
       -1531.0
      ],
      [
       3345.0,
       -1535.0
      ],
      [
       3339.0,
       -1536.0
      ],
      [
       3336.0,
       -1540.0
      ],
      [
       3332.0,
       -1540.0
      ],
      [
       3329.0,
       -1544.0
      ],
      [
       3321.0,
       -1545.0
      ],
      [
       3318.0,
       -1549.0
      ],
      [
       3316.0,
       -1549.0
      ],
      [
       3316.0,
       -1551.0
      ],
      [
       3311.0,
       -1551.0
      ],
      [
       3309.0,
       -1554.0
      ],
      [
       3305.0,
       -1554.0
      ],
      [
       3302.0,
       -1558.0
      ],
      [
       3298.0,
       -1556.0
      ],
      [
       3296.0,
       -1558.0
      ],
      [
       3297.0,
       -1563.0
      ],
      [
       3294.0,
       -1564.0
      ],
      [
       3294.0,
       -1566.0
      ],
      [
       3285.0,
       -1567.0
      ],
      [
       3284.0,
       -1569.0
      ],
      [
       3280.0,
       -1569.0
      ],
      [
       3281.0,
       -1572.0
      ],
      [
       3278.0,
       -1575.0
      ],
      [
       3276.0,
       -1575.0
      ],
      [
       3276.0,
       -1577.0
      ],
      [
       3272.0,
       -1577.0
      ],
      [
       3270.0,
       -1579.0
      ],
      [
       3271.0,
       -1590.0
      ],
      [
       3274.0,
       -1591.0
      ],
      [
       3274.0,
       -1593.0
      ],
      [
       3270.0,
       -1596.0
      ],
      [
       3270.0,
       -1599.0
      ],
      [
       3273.0,
       -1600.0
      ],
      [
       3273.0,
       -1603.0
      ],
      [
       3278.0,
       -1603.0
      ],
      [
       3281.0,
       -1606.0
      ],
      [
       3285.0,
       -1606.0
      ],
      [
       3289.0,
       -1610.0
      ],
      [
       3293.0,
       -1609.0
      ],
      [
       3294.0,
       -1611.0
      ],
      [
       3305.0,
       -1617.0
      ],
      [
       3305.0,
       -1630.0
      ],
      [
       3302.0,
       -1632.0
      ],
      [
       3306.0,
       -1637.0
      ],
      [
       3303.0,
       -1639.0
      ],
      [
       3303.0,
       -1641.0
      ],
      [
       3301.0,
       -1641.0
      ],
      [
       3301.0,
       -1643.0
      ],
      [
       3303.0,
       -1643.0
      ],
      [
       3304.0,
       -1645.0
      ],
      [
       3308.0,
       -1645.0
      ],
      [
       3312.0,
       -1649.0
      ],
      [
       3314.0,
       -1648.0
      ],
      [
       3315.0,
       -1652.0
      ],
      [
       3317.0,
       -1652.0
      ],
      [
       3318.0,
       -1654.0
      ],
      [
       3325.0,
       -1654.0
      ],
      [
       3328.0,
       -1657.0
      ],
      [
       3332.0,
       -1657.0
      ],
      [
       3341.0,
       -1662.0
      ],
      [
       3347.0,
       -1668.0
      ],
      [
       3348.0,
       -1671.0
      ],
      [
       3345.0,
       -1672.0
      ],
      [
       3346.0,
       -1679.0
      ],
      [
       3348.0,
       -1679.0
      ],
      [
       3349.0,
       -1682.0
      ],
      [
       3352.0,
       -1683.0
      ],
      [
       3352.0,
       -1686.0
      ],
      [
       3354.0,
       -1686.0
      ],
      [
       3358.0,
       -1691.0
      ],
      [
       3367.0,
       -1691.0
      ],
      [
       3373.0,
       -1696.0
      ],
      [
       3381.0,
       -1696.0
      ],
      [
       3390.0,
       -1693.0
      ],
      [
       3390.0,
       -1689.0
      ],
      [
       3394.0,
       -1689.0
      ],
      [
       3395.0,
       -1691.0
      ],
      [
       3399.0,
       -1690.0
      ],
      [
       3401.0,
       -1693.0
      ],
      [
       3401.0,
       -1698.0
      ],
      [
       3403.0,
       -1698.0
      ],
      [
       3404.0,
       -1701.0
      ],
      [
       3411.0,
       -1705.0
      ],
      [
       3415.0,
       -1712.0
      ],
      [
       3420.0,
       -1712.0
      ],
      [
       3421.0,
       -1714.0
      ],
      [
       3430.0,
       -1713.0
      ],
      [
       3431.0,
       -1715.0
      ],
      [
       3438.0,
       -1714.0
      ],
      [
       3441.0,
       -1718.0
      ],
      [
       3444.0,
       -1718.0
      ],
      [
       3444.0,
       -1721.0
      ],
      [
       3452.0,
       -1721.0
      ],
      [
       3454.0,
       -1718.0
      ],
      [
       3458.0,
       -1716.0
      ],
      [
       3462.0,
       -1719.0
      ],
      [
       3462.0,
       -1724.0
      ],
      [
       3464.0,
       -1723.0
      ],
      [
       3468.0,
       -1726.0
      ],
      [
       3468.0,
       -1733.0
      ],
      [
       3470.0,
       -1732.0
      ],
      [
       3482.0,
       -1741.0
      ],
      [
       3486.0,
       -1741.0
      ],
      [
       3487.0,
       -1743.0
      ],
      [
       3489.0,
       -1742.0
      ],
      [
       3490.0,
       -1748.0
      ],
      [
       3492.0,
       -1748.0
      ],
      [
       3493.0,
       -1750.0
      ],
      [
       3497.0,
       -1749.0
      ],
      [
       3498.0,
       -1751.0
      ],
      [
       3500.0,
       -1751.0
      ],
      [
       3501.0,
       -1749.0
      ],
      [
       3505.0,
       -1749.0
      ],
      [
       3507.0,
       -1746.0
      ],
      [
       3512.0,
       -1746.0
      ],
      [
       3516.0,
       -1748.0
      ],
      [
       3520.0,
       -1747.0
      ],
      [
       3521.0,
       -1745.0
      ],
      [
       3536.0,
       -1744.0
      ],
      [
       3539.0,
       -1741.0
      ],
      [
       3547.0,
       -1741.0
      ],
      [
       3549.0,
       -1738.0
      ],
      [
       3566.0,
       -1737.0
      ],
      [
       3570.0,
       -1740.0
      ],
      [
       3574.0,
       -1740.0
      ],
      [
       3575.0,
       -1742.0
      ],
      [
       3608.0,
       -1738.0
      ],
      [
       3609.0,
       -1736.0
      ],
      [
       3613.0,
       -1735.0
      ],
      [
       3637.0,
       -1735.0
      ],
      [
       3638.0,
       -1737.0
      ],
      [
       3640.0,
       -1736.0
      ],
      [
       3643.0,
       -1740.0
      ],
      [
       3659.0,
       -1740.0
      ],
      [
       3662.0,
       -1744.0
      ],
      [
       3665.0,
       -1744.0
      ],
      [
       3665.0,
       -1747.0
      ],
      [
       3668.0,
       -1748.0
      ],
      [
       3668.0,
       -1751.0
      ],
      [
       3681.0,
       -1751.0
      ],
      [
       3685.0,
       -1754.0
      ],
      [
       3685.0,
       -1757.0
      ],
      [
       3687.0,
       -1756.0
      ],
      [
       3690.0,
       -1760.0
      ],
      [
       3700.0,
       -1759.0
      ],
      [
       3702.0,
       -1761.0
      ],
      [
       3719.0,
       -1759.0
      ],
      [
       3720.0,
       -1756.0
      ],
      [
       3730.0,
       -1755.0
      ],
      [
       3731.0,
       -1757.0
      ],
      [
       3753.0,
       -1754.0
      ],
      [
       3757.0,
       -1754.0
      ],
      [
       3761.0,
       -1757.0
      ],
      [
       3766.0,
       -1757.0
      ],
      [
       3767.0,
       -1759.0
      ],
      [
       3782.0,
       -1757.0
      ],
      [
       3784.0,
       -1759.0
      ],
      [
       3786.0,
       -1756.0
      ],
      [
       3813.0,
       -1753.0
      ],
      [
       3817.0,
       -1750.0
      ],
      [
       3821.0,
       -1750.0
      ],
      [
       3822.0,
       -1748.0
      ],
      [
       3827.0,
       -1747.0
      ],
      [
       3827.0,
       -1745.0
      ],
      [
       3832.0,
       -1743.0
      ],
      [
       3833.0,
       -1740.0
      ],
      [
       3838.0,
       -1740.0
      ],
      [
       3840.0,
       -1738.0
      ],
      [
       3840.0,
       -1734.0
      ],
      [
       3844.0,
       -1731.0
      ],
      [
       3852.0,
       -1730.0
      ],
      [
       3853.0,
       -1728.0
      ],
      [
       3863.0,
       -1727.0
      ],
      [
       3864.0,
       -1724.0
      ],
      [
       3866.0,
       -1724.0
      ],
      [
       3872.0,
       -1719.0
      ],
      [
       3877.0,
       -1719.0
      ],
      [
       3879.0,
       -1721.0
      ],
      [
       3886.0,
       -1720.0
      ],
      [
       3888.0,
       -1717.0
      ],
      [
       3898.0,
       -1716.0
      ],
      [
       3905.0,
       -1709.0
      ],
      [
       3910.0,
       -1708.0
      ],
      [
       3911.0,
       -1710.0
      ],
      [
       3933.0,
       -1708.0
      ],
      [
       3937.0,
       -1710.0
      ],
      [
       3936.0,
       -1712.0
      ],
      [
       3934.0,
       -1712.0
      ],
      [
       3934.0,
       -1715.0
      ],
      [
       3939.0,
       -1715.0
      ],
      [
       3943.0,
       -1710.0
      ],
      [
       3964.0,
       -1708.0
      ],
      [
       3967.0,
       -1705.0
      ],
      [
       3978.0,
       -1704.0
      ],
      [
       3979.0,
       -1706.0
      ],
      [
       3981.0,
       -1705.0
      ],
      [
       3982.0,
       -1707.0
      ],
      [
       4000.0,
       -1705.0
      ],
      [
       4004.0,
       -1702.0
      ],
      [
       4018.0,
       -1701.0
      ],
      [
       4019.0,
       -1703.0
      ],
      [
       4021.0,
       -1702.0
      ],
      [
       4022.0,
       -1704.0
      ],
      [
       4028.0,
       -1707.0
      ],
      [
       4027.0,
       -1709.0
      ],
      [
       4025.0,
       -1709.0
      ],
      [
       4025.0,
       -1712.0
      ],
      [
       4030.0,
       -1711.0
      ],
      [
       4034.0,
       -1715.0
      ],
      [
       4042.0,
       -1714.0
      ],
      [
       4045.0,
       -1711.0
      ],
      [
       4074.0,
       -1708.0
      ],
      [
       4075.0,
       -1710.0
      ],
      [
       4080.0,
       -1709.0
      ],
      [
       4081.0,
       -1711.0
      ],
      [
       4095.0,
       -1710.0
      ],
      [
       4095.0,
       -1428.0
      ]
     ]
    ]
   }
  },
  {
   "type": "Feature",
   "properties": {
    "code": "sirenum_planitia",
    "name": "Sirenum Planitia",
    "number": 37,
    "capital": null,
    "culture": null,
    "civs": [
     "mcc",
     "mla"
    ],
    "provinceType": "land",
    "terrain": "plains",
    "mapTypes": [
     "mars"
    ],
    "resources": null,
    "religion": null,
    "population": "high",
    "centerpoint": [
     220,
     1859
    ],
    "position": {
     "x": 0,
     "y": 1624
    },
    "bbox": {
     "w": 662,
     "h": 424
    },
    "maskSize": [
     1024,
     512
    ],
    "links": [
     "australe_terra",
     "eridania_planitia"
    ]
   },
   "geometry": {
    "type": "Polygon",
    "coordinates": [
     [
      [
       0.0,
       -1624.0
      ],
      [
       0.0,
       -2047.0
      ],
      [
       661.0,
       -2047.0
      ],
      [
       661.0,
       -2039.0
      ],
      [
       658.0,
       -2038.0
      ],
      [
       658.0,
       -2028.0
      ],
      [
       656.0,
       -2027.0
      ],
      [
       655.0,
       -2020.0
      ],
      [
       653.0,
       -2019.0
      ],
      [
       653.0,
       -2012.0
      ],
      [
       650.0,
       -2011.0
      ],
      [
       650.0,
       -2007.0
      ],
      [
       647.0,
       -2006.0
      ],
      [
       647.0,
       -2001.0
      ],
      [
       645.0,
       -2000.0
      ],
      [
       645.0,
       -1997.0
      ],
      [
       642.0,
       -1996.0
      ],
      [
       642.0,
       -1993.0
      ],
      [
       637.0,
       -1988.0
      ],
      [
       637.0,
       -1982.0
      ],
      [
       634.0,
       -1981.0
      ],
      [
       632.0,
       -1970.0
      ],
      [
       630.0,
       -1970.0
      ],
      [
       629.0,
       -1966.0
      ],
      [
       626.0,
       -1965.0
      ],
      [
       626.0,
       -1961.0
      ],
      [
       619.0,
       -1956.0
      ],
      [
       619.0,
       -1941.0
      ],
      [
       616.0,
       -1940.0
      ],
      [
       616.0,
       -1936.0
      ],
      [
       614.0,
       -1936.0
      ],
      [
       611.0,
       -1932.0
      ],
      [
       605.0,
       -1932.0
      ],
      [
       604.0,
       -1928.0
      ],
      [
       602.0,
       -1928.0
      ],
      [
       601.0,
       -1924.0
      ],
      [
       598.0,
       -1922.0
      ],
      [
       598.0,
       -1911.0
      ],
      [
       603.0,
       -1908.0
      ],
      [
       603.0,
       -1898.0
      ],
      [
       606.0,
       -1897.0
      ],
      [
       606.0,
       -1894.0
      ],
      [
       608.0,
       -1893.0
      ],
      [
       603.0,
       -1887.0
      ],
      [
       603.0,
       -1884.0
      ],
      [
       599.0,
       -1882.0
      ],
      [
       596.0,
       -1878.0
      ],
      [
       592.0,
       -1878.0
      ],
      [
       588.0,
       -1874.0
      ],
      [
       582.0,
       -1872.0
      ],
      [
       581.0,
       -1867.0
      ],
      [
       578.0,
       -1866.0
      ],
      [
       578.0,
       -1863.0
      ],
      [
       576.0,
       -1861.0
      ],
      [
       571.0,
       -1860.0
      ],
      [
       571.0,
       -1851.0
      ],
      [
       561.0,
       -1843.0
      ],
      [
       557.0,
       -1843.0
      ],
      [
       556.0,
       -1838.0
      ],
      [
       547.0,
       -1831.0
      ],
      [
       547.0,
       -1818.0
      ],
      [
       544.0,
       -1817.0
      ],
      [
       545.0,
       -1809.0
      ],
      [
       543.0,
       -1809.0
      ],
      [
       542.0,
       -1807.0
      ],
      [
       538.0,
       -1807.0
      ],
      [
       537.0,
       -1801.0
      ],
      [
       535.0,
       -1799.0
      ],
      [
       526.0,
       -1797.0
      ],
      [
       523.0,
       -1794.0
      ],
      [
       523.0,
       -1789.0
      ],
      [
       521.0,
       -1789.0
      ],
      [
       520.0,
       -1787.0
      ],
      [
       516.0,
       -1787.0
      ],
      [
       510.0,
       -1792.0
      ],
      [
       506.0,
       -1792.0
      ],
      [
       501.0,
       -1786.0
      ],
      [
       499.0,
       -1786.0
      ],
      [
       498.0,
       -1784.0
      ],
      [
       494.0,
       -1784.0
      ],
      [
       491.0,
       -1780.0
      ],
      [
       488.0,
       -1779.0
      ],
      [
       489.0,
       -1767.0
      ],
      [
       491.0,
       -1766.0
      ],
      [
       489.0,
       -1764.0
      ],
      [
       489.0,
       -1761.0
      ],
      [
       487.0,
       -1761.0
      ],
      [
       486.0,
       -1763.0
      ],
      [
       480.0,
       -1762.0
      ],
      [
       477.0,
       -1759.0
      ],
      [
       477.0,
       -1756.0
      ],
      [
       474.0,
       -1755.0
      ],
      [
       472.0,
       -1750.0
      ],
      [
       468.0,
       -1750.0
      ],
      [
       467.0,
       -1748.0
      ],
      [
       456.0,
       -1748.0
      ],
      [
       453.0,
       -1747.0
      ],
      [
       450.0,
       -1743.0
      ],
      [
       446.0,
       -1743.0
      ],
      [
       445.0,
       -1739.0
      ],
      [
       437.0,
       -1736.0
      ],
      [
       437.0,
       -1733.0
      ],
      [
       440.0,
       -1732.0
      ],
      [
       440.0,
       -1729.0
      ],
      [
       435.0,
       -1725.0
      ],
      [
       426.0,
       -1725.0
      ],
      [
       425.0,
       -1723.0
      ],
      [
       421.0,
       -1722.0
      ],
      [
       418.0,
       -1718.0
      ],
      [
       416.0,
       -1718.0
      ],
      [
       413.0,
       -1714.0
      ],
      [
       406.0,
       -1714.0
      ],
      [
       403.0,
       -1711.0
      ],
      [
       391.0,
       -1712.0
      ],
      [
       390.0,
       -1710.0
      ],
      [
       381.0,
       -1709.0
      ],
      [
       380.0,
       -1711.0
      ],
      [
       375.0,
       -1711.0
      ],
      [
       373.0,
       -1713.0
      ],
      [
       369.0,
       -1710.0
      ],
      [
       363.0,
       -1710.0
      ],
      [
       362.0,
       -1708.0
      ],
      [
       352.0,
       -1703.0
      ],
      [
       352.0,
       -1701.0
      ],
      [
       347.0,
       -1699.0
      ],
      [
       347.0,
       -1697.0
      ],
      [
       345.0,
       -1697.0
      ],
      [
       343.0,
       -1694.0
      ],
      [
       337.0,
       -1694.0
      ],
      [
       334.0,
       -1691.0
      ],
      [
       334.0,
       -1688.0
      ],
      [
       332.0,
       -1688.0
      ],
      [
       330.0,
       -1685.0
      ],
      [
       322.0,
       -1683.0
      ],
      [
       319.0,
       -1680.0
      ],
      [
       311.0,
       -1680.0
      ],
      [
       308.0,
       -1683.0
      ],
      [
       295.0,
       -1682.0
      ],
      [
       289.0,
       -1677.0
      ],
      [
       285.0,
       -1677.0
      ],
      [
       284.0,
       -1679.0
      ],
      [
       277.0,
       -1678.0
      ],
      [
       276.0,
       -1680.0
      ],
      [
       269.0,
       -1679.0
      ],
      [
       268.0,
       -1677.0
      ],
      [
       261.0,
       -1676.0
      ],
      [
       257.0,
       -1673.0
      ],
      [
       255.0,
       -1673.0
      ],
      [
       254.0,
       -1675.0
      ],
      [
       242.0,
       -1674.0
      ],
      [
       238.0,
       -1669.0
      ],
      [
       236.0,
       -1669.0
      ],
      [
       235.0,
       -1671.0
      ],
      [
       228.0,
       -1670.0
      ],
      [
       227.0,
       -1672.0
      ],
      [
       203.0,
       -1671.0
      ],
      [
       202.0,
       -1673.0
      ],
      [
       189.0,
       -1671.0
      ],
      [
       188.0,
       -1673.0
      ],
      [
       175.0,
       -1671.0
      ],
      [
       174.0,
       -1673.0
      ],
      [
       172.0,
       -1673.0
      ],
      [
       169.0,
       -1670.0
      ],
      [
       163.0,
       -1669.0
      ],
      [
       149.0,
       -1670.0
      ],
      [
       143.0,
       -1666.0
      ],
      [
       144.0,
       -1661.0
      ],
      [
       136.0,
       -1660.0
      ],
      [
       135.0,
       -1662.0
      ],
      [
       125.0,
       -1659.0
      ],
      [
       124.0,
       -1655.0
      ],
      [
       127.0,
       -1653.0
      ],
      [
       125.0,
       -1653.0
      ],
      [
       124.0,
       -1650.0
      ],
      [
       108.0,
       -1650.0
      ],
      [
       104.0,
       -1654.0
      ],
      [
       94.0,
       -1650.0
      ],
      [
       93.0,
       -1658.0
      ],
      [
       81.0,
       -1657.0
      ],
      [
       78.0,
       -1654.0
      ],
      [
       74.0,
       -1654.0
      ],
      [
       73.0,
       -1651.0
      ],
      [
       62.0,
       -1650.0
      ],
      [
       58.0,
       -1647.0
      ],
      [
       52.0,
       -1647.0
      ],
      [
       50.0,
       -1644.0
      ],
      [
       45.0,
       -1642.0
      ],
      [
       44.0,
       -1639.0
      ],
      [
       38.0,
       -1641.0
      ],
      [
       36.0,
       -1639.0
      ],
      [
       36.0,
       -1636.0
      ],
      [
       34.0,
       -1636.0
      ],
      [
       33.0,
       -1634.0
      ],
      [
       25.0,
       -1633.0
      ],
      [
       23.0,
       -1630.0
      ],
      [
       17.0,
       -1630.0
      ],
      [
       16.0,
       -1627.0
      ],
      [
       9.0,
       -1627.0
      ],
      [
       7.0,
       -1624.0
      ],
      [
       0.0,
       -1624.0
      ]
     ]
    ]
   }
  },
  {
   "type": "Feature",
   "properties": {
    "code": "australe_terra",
    "name": "Australe Terra",
    "number": 38,
    "capital": null,
    "culture": null,
    "civs": [
     "mcc",
     "mla"
    ],
    "provinceType": "land",
    "terrain": "highlands",
    "mapTypes": [
     "mars"
    ],
    "resources": null,
    "religion": null,
    "population": "medium",
    "centerpoint": [
     764,
     1849
    ],
    "position": {
     "x": 480,
     "y": 1639
    },
    "bbox": {
     "w": 914,
     "h": 409
    },
    "maskSize": [
     1024,
     512
    ],
    "links": [
     "aonia_terra",
     "eridania_planitia",
     "promethei_terra",
     "sirenum_planitia",
     "south_polar_ice_cap"
    ]
   },
   "geometry": {
    "type": "Polygon",
    "coordinates": [
     [
      [
       1393.0,
       -1686.0
      ],
      [
       1391.0,
       -1686.0
      ],
      [
       1390.0,
       -1684.0
      ],
      [
       1380.0,
       -1686.0
      ],
      [
       1372.0,
       -1684.0
      ],
      [
       1370.0,
       -1687.0
      ],
      [
       1368.0,
       -1685.0
      ],
      [
       1363.0,
       -1685.0
      ],
      [
       1361.0,
       -1688.0
      ],
      [
       1356.0,
       -1688.0
      ],
      [
       1353.0,
       -1692.0
      ],
      [
       1347.0,
       -1691.0
      ],
      [
       1346.0,
       -1689.0
      ],
      [
       1339.0,
       -1690.0
      ],
      [
       1335.0,
       -1687.0
      ],
      [
       1335.0,
       -1685.0
      ],
      [
       1327.0,
       -1681.0
      ],
      [
       1326.0,
       -1678.0
      ],
      [
       1324.0,
       -1678.0
      ],
      [
       1323.0,
       -1676.0
      ],
      [
       1314.0,
       -1675.0
      ],
      [
       1306.0,
       -1668.0
      ],
      [
       1306.0,
       -1666.0
      ],
      [
       1302.0,
       -1665.0
      ],
      [
       1297.0,
       -1661.0
      ],
      [
       1284.0,
       -1661.0
      ],
      [
       1280.0,
       -1657.0
      ],
      [
       1277.0,
       -1658.0
      ],
      [
       1275.0,
       -1656.0
      ],
      [
       1272.0,
       -1658.0
      ],
      [
       1272.0,
       -1660.0
      ],
      [
       1261.0,
       -1655.0
      ],
      [
       1257.0,
       -1658.0
      ],
      [
       1241.0,
       -1659.0
      ],
      [
       1240.0,
       -1662.0
      ],
      [
       1235.0,
       -1662.0
      ],
      [
       1234.0,
       -1660.0
      ],
      [
       1217.0,
       -1662.0
      ],
      [
       1213.0,
       -1659.0
      ],
      [
       1203.0,
       -1660.0
      ],
      [
       1201.0,
       -1656.0
      ],
      [
       1205.0,
       -1651.0
      ],
      [
       1204.0,
       -1648.0
      ],
      [
       1202.0,
       -1648.0
      ],
      [
       1196.0,
       -1641.0
      ],
      [
       1192.0,
       -1639.0
      ],
      [
       1190.0,
       -1640.0
      ],
      [
       1191.0,
       -1644.0
      ],
      [
       1199.0,
       -1649.0
      ],
      [
       1199.0,
       -1651.0
      ],
      [
       1197.0,
       -1652.0
      ],
      [
       1199.0,
       -1659.0
      ],
      [
       1191.0,
       -1665.0
      ],
      [
       1189.0,
       -1669.0
      ],
      [
       1181.0,
       -1671.0
      ],
      [
       1179.0,
       -1674.0
      ],
      [
       1176.0,
       -1674.0
      ],
      [
       1171.0,
       -1680.0
      ],
      [
       1166.0,
       -1681.0
      ],
      [
       1165.0,
       -1679.0
      ],
      [
       1159.0,
       -1679.0
      ],
      [
       1156.0,
       -1682.0
      ],
      [
       1153.0,
       -1682.0
      ],
      [
       1152.0,
       -1680.0
      ],
      [
       1144.0,
       -1681.0
      ],
      [
       1140.0,
       -1685.0
      ],
      [
       1141.0,
       -1686.0
      ],
      [
       1134.0,
       -1692.0
      ],
      [
       1126.0,
       -1692.0
      ],
      [
       1125.0,
       -1690.0
      ],
      [
       1121.0,
       -1693.0
      ],
      [
       1118.0,
       -1693.0
      ],
      [
       1114.0,
       -1691.0
      ],
      [
       1112.0,
       -1694.0
      ],
      [
       1109.0,
       -1694.0
      ],
      [
       1110.0,
       -1697.0
      ],
      [
       1107.0,
       -1700.0
      ],
      [
       1098.0,
       -1703.0
      ],
      [
       1098.0,
       -1710.0
      ],
      [
       1088.0,
       -1709.0
      ],
      [
       1087.0,
       -1707.0
      ],
      [
       1081.0,
       -1706.0
      ],
      [
       1079.0,
       -1704.0
      ],
      [
       1056.0,
       -1704.0
      ],
      [
       1055.0,
       -1700.0
      ],
      [
       1054.0,
       -1701.0
      ],
      [
       1047.0,
       -1695.0
      ],
      [
       1040.0,
       -1696.0
      ],
      [
       1039.0,
       -1694.0
      ],
      [
       1031.0,
       -1693.0
      ],
      [
       1029.0,
       -1691.0
      ],
      [
       1024.0,
       -1691.0
      ],
      [
       1022.0,
       -1694.0
      ],
      [
       1014.0,
       -1694.0
      ],
      [
       1010.0,
       -1691.0
      ],
      [
       1000.0,
       -1691.0
      ],
      [
       996.0,
       -1694.0
      ],
      [
       991.0,
       -1690.0
      ],
      [
       983.0,
       -1691.0
      ],
      [
       982.0,
       -1693.0
      ],
      [
       977.0,
       -1693.0
      ],
      [
       968.0,
       -1703.0
      ],
      [
       959.0,
       -1702.0
      ],
      [
       958.0,
       -1704.0
      ],
      [
       952.0,
       -1704.0
      ],
      [
       951.0,
       -1706.0
      ],
      [
       948.0,
       -1706.0
      ],
      [
       945.0,
       -1709.0
      ],
      [
       941.0,
       -1705.0
      ],
      [
       937.0,
       -1705.0
      ],
      [
       936.0,
       -1707.0
      ],
      [
       931.0,
       -1708.0
      ],
      [
       918.0,
       -1708.0
      ],
      [
       917.0,
       -1706.0
      ],
      [
       909.0,
       -1707.0
      ],
      [
       908.0,
       -1705.0
      ],
      [
       898.0,
       -1704.0
      ],
      [
       895.0,
       -1701.0
      ],
      [
       895.0,
       -1698.0
      ],
      [
       893.0,
       -1698.0
      ],
      [
       888.0,
       -1691.0
      ],
      [
       886.0,
       -1691.0
      ],
      [
       885.0,
       -1689.0
      ],
      [
       878.0,
       -1690.0
      ],
      [
       877.0,
       -1688.0
      ],
      [
       873.0,
       -1688.0
      ],
      [
       870.0,
       -1684.0
      ],
      [
       864.0,
       -1683.0
      ],
      [
       863.0,
       -1681.0
      ],
      [
       857.0,
       -1679.0
      ],
      [
       852.0,
       -1672.0
      ],
      [
       848.0,
       -1672.0
      ],
      [
       847.0,
       -1670.0
      ],
      [
       844.0,
       -1671.0
      ],
      [
       843.0,
       -1669.0
      ],
      [
       824.0,
       -1666.0
      ],
      [
       823.0,
       -1664.0
      ],
      [
       820.0,
       -1664.0
      ],
      [
       819.0,
       -1666.0
      ],
      [
       801.0,
       -1667.0
      ],
      [
       800.0,
       -1665.0
      ],
      [
       794.0,
       -1665.0
      ],
      [
       792.0,
       -1667.0
      ],
      [
       789.0,
       -1663.0
      ],
      [
       785.0,
       -1663.0
      ],
      [
       784.0,
       -1661.0
      ],
      [
       781.0,
       -1662.0
      ],
      [
       780.0,
       -1660.0
      ],
      [
       770.0,
       -1660.0
      ],
      [
       769.0,
       -1662.0
      ],
      [
       766.0,
       -1662.0
      ],
      [
       765.0,
       -1660.0
      ],
      [
       757.0,
       -1660.0
      ],
      [
       752.0,
       -1664.0
      ],
      [
       744.0,
       -1662.0
      ],
      [
       744.0,
       -1665.0
      ],
      [
       739.0,
       -1670.0
      ],
      [
       731.0,
       -1670.0
      ],
      [
       730.0,
       -1672.0
      ],
      [
       727.0,
       -1672.0
      ],
      [
       727.0,
       -1675.0
      ],
      [
       725.0,
       -1676.0
      ],
      [
       725.0,
       -1684.0
      ],
      [
       719.0,
       -1689.0
      ],
      [
       714.0,
       -1689.0
      ],
      [
       714.0,
       -1691.0
      ],
      [
       708.0,
       -1696.0
      ],
      [
       705.0,
       -1696.0
      ],
      [
       704.0,
       -1694.0
      ],
      [
       698.0,
       -1694.0
      ],
      [
       695.0,
       -1698.0
      ],
      [
       692.0,
       -1698.0
      ],
      [
       691.0,
       -1700.0
      ],
      [
       687.0,
       -1700.0
      ],
      [
       686.0,
       -1698.0
      ],
      [
       682.0,
       -1698.0
      ],
      [
       681.0,
       -1696.0
      ],
      [
       676.0,
       -1696.0
      ],
      [
       675.0,
       -1698.0
      ],
      [
       662.0,
       -1698.0
      ],
      [
       661.0,
       -1700.0
      ],
      [
       653.0,
       -1700.0
      ],
      [
       653.0,
       -1704.0
      ],
      [
       650.0,
       -1707.0
      ],
      [
       648.0,
       -1707.0
      ],
      [
       643.0,
       -1713.0
      ],
      [
       637.0,
       -1716.0
      ],
      [
       637.0,
       -1719.0
      ],
      [
       632.0,
       -1722.0
      ],
      [
       631.0,
       -1727.0
      ],
      [
       623.0,
       -1725.0
      ],
      [
       622.0,
       -1727.0
      ],
      [
       616.0,
       -1727.0
      ],
      [
       615.0,
       -1729.0
      ],
      [
       613.0,
       -1729.0
      ],
      [
       608.0,
       -1725.0
      ],
      [
       585.0,
       -1724.0
      ],
      [
       582.0,
       -1728.0
      ],
      [
       578.0,
       -1726.0
      ],
      [
       577.0,
       -1728.0
      ],
      [
       573.0,
       -1727.0
      ],
      [
       572.0,
       -1729.0
      ],
      [
       564.0,
       -1729.0
      ],
      [
       560.0,
       -1725.0
      ],
      [
       558.0,
       -1727.0
      ],
      [
       552.0,
       -1727.0
      ],
      [
       549.0,
       -1723.0
      ],
      [
       545.0,
       -1723.0
      ],
      [
       544.0,
       -1719.0
      ],
      [
       541.0,
       -1718.0
      ],
      [
       542.0,
       -1717.0
      ],
      [
       536.0,
       -1717.0
      ],
      [
       533.0,
       -1714.0
      ],
      [
       518.0,
       -1714.0
      ],
      [
       517.0,
       -1712.0
      ],
      [
       509.0,
       -1713.0
      ],
      [
       508.0,
       -1715.0
      ],
      [
       504.0,
       -1715.0
      ],
      [
       503.0,
       -1717.0
      ],
      [
       496.0,
       -1718.0
      ],
      [
       494.0,
       -1726.0
      ],
      [
       496.0,
       -1727.0
      ],
      [
       496.0,
       -1732.0
      ],
      [
       498.0,
       -1734.0
      ],
      [
       495.0,
       -1737.0
      ],
      [
       488.0,
       -1736.0
      ],
      [
       488.0,
       -1739.0
      ],
      [
       490.0,
       -1739.0
      ],
      [
       491.0,
       -1741.0
      ],
      [
       484.0,
       -1746.0
      ],
      [
       480.0,
       -1747.0
      ],
      [
       480.0,
       -1754.0
      ],
      [
       487.0,
       -1758.0
      ],
      [
       487.0,
       -1760.0
      ],
      [
       489.0,
       -1760.0
      ],
      [
       490.0,
       -1764.0
      ],
      [
       492.0,
       -1765.0
      ],
      [
       490.0,
       -1767.0
      ],
      [
       489.0,
       -1779.0
      ],
      [
       491.0,
       -1779.0
      ],
      [
       494.0,
       -1783.0
      ],
      [
       498.0,
       -1783.0
      ],
      [
       499.0,
       -1785.0
      ],
      [
       501.0,
       -1785.0
      ],
      [
       506.0,
       -1791.0
      ],
      [
       510.0,
       -1791.0
      ],
      [
       516.0,
       -1786.0
      ],
      [
       520.0,
       -1786.0
      ],
      [
       524.0,
       -1789.0
      ],
      [
       524.0,
       -1794.0
      ],
      [
       526.0,
       -1796.0
      ],
      [
       535.0,
       -1798.0
      ],
      [
       538.0,
       -1801.0
      ],
      [
       538.0,
       -1806.0
      ],
      [
       542.0,
       -1806.0
      ],
      [
       546.0,
       -1809.0
      ],
      [
       545.0,
       -1817.0
      ],
      [
       548.0,
       -1818.0
      ],
      [
       548.0,
       -1831.0
      ],
      [
       557.0,
       -1838.0
      ],
      [
       557.0,
       -1842.0
      ],
      [
       561.0,
       -1842.0
      ],
      [
       572.0,
       -1851.0
      ],
      [
       572.0,
       -1860.0
      ],
      [
       576.0,
       -1860.0
      ],
      [
       579.0,
       -1863.0
      ],
      [
       579.0,
       -1866.0
      ],
      [
       582.0,
       -1867.0
      ],
      [
       582.0,
       -1871.0
      ],
      [
       588.0,
       -1873.0
      ],
      [
       592.0,
       -1877.0
      ],
      [
       596.0,
       -1877.0
      ],
      [
       599.0,
       -1881.0
      ],
      [
       601.0,
       -1881.0
      ],
      [
       604.0,
       -1884.0
      ],
      [
       604.0,
       -1887.0
      ],
      [
       609.0,
       -1892.0
      ],
      [
       607.0,
       -1894.0
      ],
      [
       607.0,
       -1897.0
      ],
      [
       604.0,
       -1898.0
      ],
      [
       604.0,
       -1908.0
      ],
      [
       601.0,
       -1911.0
      ],
      [
       599.0,
       -1911.0
      ],
      [
       599.0,
       -1922.0
      ],
      [
       602.0,
       -1924.0
      ],
      [
       602.0,
       -1927.0
      ],
      [
       605.0,
       -1928.0
      ],
      [
       605.0,
       -1931.0
      ],
      [
       611.0,
       -1931.0
      ],
      [
       614.0,
       -1935.0
      ],
      [
       617.0,
       -1936.0
      ],
      [
       617.0,
       -1940.0
      ],
      [
       620.0,
       -1941.0
      ],
      [
       620.0,
       -1956.0
      ],
      [
       627.0,
       -1961.0
      ],
      [
       627.0,
       -1965.0
      ],
      [
       629.0,
       -1965.0
      ],
      [
       630.0,
       -1969.0
      ],
      [
       633.0,
       -1970.0
      ],
      [
       635.0,
       -1981.0
      ],
      [
       638.0,
       -1982.0
      ],
      [
       638.0,
       -1988.0
      ],
      [
       643.0,
       -1993.0
      ],
      [
       643.0,
       -1996.0
      ],
      [
       646.0,
       -1997.0
      ],
      [
       646.0,
       -2000.0
      ],
      [
       648.0,
       -2001.0
      ],
      [
       648.0,
       -2006.0
      ],
      [
       651.0,
       -2007.0
      ],
      [
       651.0,
       -2011.0
      ],
      [
       654.0,
       -2012.0
      ],
      [
       654.0,
       -2019.0
      ],
      [
       656.0,
       -2020.0
      ],
      [
       656.0,
       -2025.0
      ],
      [
       659.0,
       -2028.0
      ],
      [
       659.0,
       -2038.0
      ],
      [
       662.0,
       -2039.0
      ],
      [
       662.0,
       -2047.0
      ],
      [
       856.0,
       -2047.0
      ],
      [
       856.0,
       -2036.0
      ],
      [
       858.0,
       -2035.0
      ],
      [
       860.0,
       -2027.0
      ],
      [
       863.0,
       -2026.0
      ],
      [
       862.0,
       -2021.0
      ],
      [
       864.0,
       -2020.0
      ],
      [
       864.0,
       -2017.0
      ],
      [
       867.0,
       -2016.0
      ],
      [
       866.0,
       -2009.0
      ],
      [
       868.0,
       -2008.0
      ],
      [
       868.0,
       -2000.0
      ],
      [
       870.0,
       -1999.0
      ],
      [
       870.0,
       -1996.0
      ],
      [
       872.0,
       -1995.0
      ],
      [
       872.0,
       -1992.0
      ],
      [
       874.0,
       -1991.0
      ],
      [
       874.0,
       -1988.0
      ],
      [
       876.0,
       -1987.0
      ],
      [
       876.0,
       -1984.0
      ],
      [
       878.0,
       -1983.0
      ],
      [
       878.0,
       -1980.0
      ],
      [
       880.0,
       -1979.0
      ],
      [
       880.0,
       -1976.0
      ],
      [
       882.0,
       -1975.0
      ],
      [
       882.0,
       -1972.0
      ],
      [
       886.0,
       -1967.0
      ],
      [
       886.0,
       -1963.0
      ],
      [
       888.0,
       -1962.0
      ],
      [
       888.0,
       -1957.0
      ],
      [
       890.0,
       -1956.0
      ],
      [
       890.0,
       -1953.0
      ],
      [
       895.0,
       -1948.0
      ],
      [
       899.0,
       -1948.0
      ],
      [
       898.0,
       -1947.0
      ],
      [
       901.0,
       -1946.0
      ],
      [
       907.0,
       -1940.0
      ],
      [
       908.0,
       -1932.0
      ],
      [
       914.0,
       -1932.0
      ],
      [
       914.0,
       -1930.0
      ],
      [
       918.0,
       -1930.0
      ],
      [
       923.0,
       -1934.0
      ],
      [
       930.0,
       -1933.0
      ],
      [
       933.0,
       -1929.0
      ],
      [
       935.0,
       -1929.0
      ],
      [
       935.0,
       -1927.0
      ],
      [
       954.0,
       -1925.0
      ],
      [
       956.0,
       -1922.0
      ],
      [
       959.0,
       -1924.0
      ],
      [
       965.0,
       -1924.0
      ],
      [
       969.0,
       -1920.0
      ],
      [
       966.0,
       -1918.0
      ],
      [
       966.0,
       -1915.0
      ],
      [
       970.0,
       -1914.0
      ],
      [
       971.0,
       -1912.0
      ],
      [
       977.0,
       -1912.0
      ],
      [
       978.0,
       -1910.0
      ],
      [
       982.0,
       -1910.0
      ],
      [
       983.0,
       -1912.0
      ],
      [
       986.0,
       -1909.0
      ],
      [
       991.0,
       -1909.0
      ],
      [
       992.0,
       -1907.0
      ],
      [
       1003.0,
       -1907.0
      ],
      [
       1003.0,
       -1905.0
      ],
      [
       1006.0,
       -1905.0
      ],
      [
       1008.0,
       -1902.0
      ],
      [
       1014.0,
       -1902.0
      ],
      [
       1014.0,
       -1900.0
      ],
      [
       1023.0,
       -1902.0
      ],
      [
       1029.0,
       -1895.0
      ],
      [
       1029.0,
       -1890.0
      ],
      [
       1035.0,
       -1889.0
      ],
      [
       1037.0,
       -1887.0
      ],
      [
       1041.0,
       -1891.0
      ],
      [
       1045.0,
       -1891.0
      ],
      [
       1046.0,
       -1889.0
      ],
      [
       1051.0,
       -1888.0
      ],
      [
       1053.0,
       -1886.0
      ],
      [
       1053.0,
       -1883.0
      ],
      [
       1058.0,
       -1878.0
      ],
      [
       1062.0,
       -1878.0
      ],
      [
       1061.0,
       -1877.0
      ],
      [
       1064.0,
       -1876.0
      ],
      [
       1064.0,
       -1872.0
      ],
      [
       1068.0,
       -1872.0
      ],
      [
       1067.0,
       -1871.0
      ],
      [
       1071.0,
       -1870.0
      ],
      [
       1073.0,
       -1867.0
      ],
      [
       1075.0,
       -1869.0
      ],
      [
       1086.0,
       -1868.0
      ],
      [
       1088.0,
       -1870.0
      ],
      [
       1089.0,
       -1868.0
      ],
      [
       1091.0,
       -1868.0
      ],
      [
       1092.0,
       -1870.0
      ],
      [
       1098.0,
       -1870.0
      ],
      [
       1103.0,
       -1865.0
      ],
      [
       1106.0,
       -1865.0
      ],
      [
       1109.0,
       -1861.0
      ],
      [
       1120.0,
       -1860.0
      ],
      [
       1121.0,
       -1862.0
      ],
      [
       1125.0,
       -1862.0
      ],
      [
       1124.0,
       -1861.0
      ],
      [
       1128.0,
       -1860.0
      ],
      [
       1129.0,
       -1857.0
      ],
      [
       1133.0,
       -1857.0
      ],
      [
       1135.0,
       -1855.0
      ],
      [
       1135.0,
       -1851.0
      ],
      [
       1139.0,
       -1851.0
      ],
      [
       1140.0,
       -1853.0
      ],
      [
       1142.0,
       -1853.0
      ],
      [
       1146.0,
       -1850.0
      ],
      [
       1147.0,
       -1852.0
      ],
      [
       1149.0,
       -1852.0
      ],
      [
       1148.0,
       -1851.0
      ],
      [
       1151.0,
       -1850.0
      ],
      [
       1149.0,
       -1845.0
      ],
      [
       1156.0,
       -1844.0
      ],
      [
       1158.0,
       -1842.0
      ],
      [
       1158.0,
       -1839.0
      ],
      [
       1153.0,
       -1838.0
      ],
      [
       1151.0,
       -1829.0
      ],
      [
       1150.0,
       -1830.0
      ],
      [
       1147.0,
       -1828.0
      ],
      [
       1145.0,
       -1824.0
      ],
      [
       1149.0,
       -1821.0
      ],
      [
       1149.0,
       -1818.0
      ],
      [
       1152.0,
       -1815.0
      ],
      [
       1154.0,
       -1815.0
      ],
      [
       1158.0,
       -1810.0
      ],
      [
       1168.0,
       -1808.0
      ],
      [
       1167.0,
       -1807.0
      ],
      [
       1169.0,
       -1805.0
      ],
      [
       1174.0,
       -1805.0
      ],
      [
       1175.0,
       -1803.0
      ],
      [
       1197.0,
       -1805.0
      ],
      [
       1198.0,
       -1803.0
      ],
      [
       1202.0,
       -1803.0
      ],
      [
       1202.0,
       -1801.0
      ],
      [
       1206.0,
       -1800.0
      ],
      [
       1206.0,
       -1798.0
      ],
      [
       1210.0,
       -1800.0
      ],
      [
       1211.0,
       -1798.0
      ],
      [
       1215.0,
       -1797.0
      ],
      [
       1217.0,
       -1799.0
      ],
      [
       1219.0,
       -1797.0
      ],
      [
       1218.0,
       -1794.0
      ],
      [
       1225.0,
       -1787.0
      ],
      [
       1231.0,
       -1786.0
      ],
      [
       1230.0,
       -1785.0
      ],
      [
       1233.0,
       -1782.0
      ],
      [
       1237.0,
       -1782.0
      ],
      [
       1237.0,
       -1780.0
      ],
      [
       1241.0,
       -1781.0
      ],
      [
       1243.0,
       -1779.0
      ],
      [
       1244.0,
       -1781.0
      ],
      [
       1246.0,
       -1781.0
      ],
      [
       1248.0,
       -1779.0
      ],
      [
       1247.0,
       -1778.0
      ],
      [
       1252.0,
       -1776.0
      ],
      [
       1251.0,
       -1775.0
      ],
      [
       1257.0,
       -1770.0
      ],
      [
       1256.0,
       -1767.0
      ],
      [
       1261.0,
       -1766.0
      ],
      [
       1263.0,
       -1763.0
      ],
      [
       1265.0,
       -1763.0
      ],
      [
       1266.0,
       -1765.0
      ],
      [
       1270.0,
       -1763.0
      ],
      [
       1274.0,
       -1766.0
      ],
      [
       1278.0,
       -1766.0
      ],
      [
       1277.0,
       -1765.0
      ],
      [
       1280.0,
       -1762.0
      ],
      [
       1287.0,
       -1763.0
      ],
      [
       1288.0,
       -1765.0
      ],
      [
       1301.0,
       -1764.0
      ],
      [
       1302.0,
       -1760.0
      ],
      [
       1307.0,
       -1755.0
      ],
      [
       1310.0,
       -1755.0
      ],
      [
       1315.0,
       -1750.0
      ],
      [
       1319.0,
       -1750.0
      ],
      [
       1318.0,
       -1749.0
      ],
      [
       1327.0,
       -1741.0
      ],
      [
       1333.0,
       -1743.0
      ],
      [
       1334.0,
       -1740.0
      ],
      [
       1340.0,
       -1740.0
      ],
      [
       1339.0,
       -1739.0
      ],
      [
       1342.0,
       -1738.0
      ],
      [
       1342.0,
       -1736.0
      ],
      [
       1350.0,
       -1735.0
      ],
      [
       1354.0,
       -1732.0
      ],
      [
       1363.0,
       -1732.0
      ],
      [
       1364.0,
       -1729.0
      ],
      [
       1370.0,
       -1729.0
      ],
      [
       1369.0,
       -1724.0
      ],
      [
       1365.0,
       -1721.0
      ],
      [
       1362.0,
       -1712.0
      ],
      [
       1364.0,
       -1710.0
      ],
      [
       1363.0,
       -1707.0
      ],
      [
       1370.0,
       -1705.0
      ],
      [
       1371.0,
       -1703.0
      ],
      [
       1376.0,
       -1703.0
      ],
      [
       1379.0,
       -1698.0
      ],
      [
       1385.0,
       -1698.0
      ],
      [
       1386.0,
       -1700.0
      ],
      [
       1388.0,
       -1699.0
      ],
      [
       1389.0,
       -1701.0
      ],
      [
       1391.0,
       -1701.0
      ],
      [
       1391.0,
       -1696.0
      ],
      [
       1393.0,
       -1694.0
      ],
      [
       1391.0,
       -1694.0
      ],
      [
       1389.0,
       -1690.0
      ],
      [
       1393.0,
       -1686.0
      ]
     ]
    ]
   }
  },
  {
   "type": "Feature",
   "properties": {
    "code": "south_polar_ice_cap",
    "name": "South Polar Ice Cap",
    "number": 39,
    "capital": null,
    "culture": null,
    "civs": [
     "mcc",
     "mla"
    ],
    "provinceType": "land",
    "terrain": "polar_ice",
    "mapTypes": [
     "mars"
    ],
    "resources": null,
    "religion": null,
    "population": "low",
    "centerpoint": [
     2088,
     1830
    ],
    "position": {
     "x": 857,
     "y": 1599
    },
    "bbox": {
     "w": 2411,
     "h": 449
    },
    "maskSize": [
     4096,
     512
    ],
    "links": [
     "aonia_terra",
     "argyre_terra_australis",
     "australe_terra",
     "solis_planum"
    ]
   },
   "geometry": {
    "type": "Polygon",
    "coordinates": [
     [
      [
       857.0,
       -2036.0
      ],
      [
       857.0,
       -2047.0
      ],
      [
       3267.0,
       -2047.0
      ],
      [
       3267.0,
       -2036.0
      ],
      [
       3260.0,
       -2033.0
      ],
      [
       3259.0,
       -2029.0
      ],
      [
       3257.0,
       -2029.0
      ],
      [
       3254.0,
       -2026.0
      ],
      [
       3254.0,
       -2023.0
      ],
      [
       3248.0,
       -2021.0
      ],
      [
       3246.0,
       -2014.0
      ],
      [
       3241.0,
       -2012.0
      ],
      [
       3238.0,
       -2005.0
      ],
      [
       3235.0,
       -2004.0
      ],
      [
       3235.0,
       -2001.0
      ],
      [
       3233.0,
       -2001.0
      ],
      [
       3230.0,
       -1998.0
      ],
      [
       3229.0,
       -1982.0
      ],
      [
       3226.0,
       -1981.0
      ],
      [
       3226.0,
       -1971.0
      ],
      [
       3223.0,
       -1970.0
      ],
      [
       3223.0,
       -1965.0
      ],
      [
       3221.0,
       -1965.0
      ],
      [
       3212.0,
       -1957.0
      ],
      [
       3211.0,
       -1958.0
      ],
      [
       3210.0,
       -1956.0
      ],
      [
       3205.0,
       -1954.0
      ],
      [
       3202.0,
       -1950.0
      ],
      [
       3197.0,
       -1948.0
      ],
      [
       3194.0,
       -1944.0
      ],
      [
       3190.0,
       -1943.0
      ],
      [
       3183.0,
       -1937.0
      ],
      [
       3179.0,
       -1937.0
      ],
      [
       3178.0,
       -1935.0
      ],
      [
       3171.0,
       -1935.0
      ],
      [
       3167.0,
       -1931.0
      ],
      [
       3163.0,
       -1930.0
      ],
      [
       3157.0,
       -1924.0
      ],
      [
       3153.0,
       -1924.0
      ],
      [
       3152.0,
       -1922.0
      ],
      [
       3150.0,
       -1922.0
      ],
      [
       3149.0,
       -1920.0
      ],
      [
       3145.0,
       -1920.0
      ],
      [
       3144.0,
       -1918.0
      ],
      [
       3139.0,
       -1918.0
      ],
      [
       3136.0,
       -1914.0
      ],
      [
       3119.0,
       -1911.0
      ],
      [
       3117.0,
       -1909.0
      ],
      [
       3079.0,
       -1908.0
      ],
      [
       3076.0,
       -1904.0
      ],
      [
       3071.0,
       -1904.0
      ],
      [
       3070.0,
       -1902.0
      ],
      [
       3058.0,
       -1902.0
      ],
      [
       3057.0,
       -1900.0
      ],
      [
       3050.0,
       -1900.0
      ],
      [
       3049.0,
       -1902.0
      ],
      [
       3029.0,
       -1901.0
      ],
      [
       3028.0,
       -1899.0
      ],
      [
       3026.0,
       -1899.0
      ],
      [
       3025.0,
       -1901.0
      ],
      [
       3021.0,
       -1901.0
      ],
      [
       3020.0,
       -1903.0
      ],
      [
       3013.0,
       -1903.0
      ],
      [
       3009.0,
       -1900.0
      ],
      [
       3005.0,
       -1900.0
      ],
      [
       3004.0,
       -1902.0
      ],
      [
       2997.0,
       -1902.0
      ],
      [
       2993.0,
       -1906.0
      ],
      [
       2989.0,
       -1903.0
      ],
      [
       2981.0,
       -1903.0
      ],
      [
       2980.0,
       -1895.0
      ],
      [
       2965.0,
       -1895.0
      ],
      [
       2964.0,
       -1893.0
      ],
      [
       2959.0,
       -1893.0
      ],
      [
       2955.0,
       -1890.0
      ],
      [
       2951.0,
       -1892.0
      ],
      [
       2944.0,
       -1886.0
      ],
      [
       2936.0,
       -1886.0
      ],
      [
       2933.0,
       -1883.0
      ],
      [
       2890.0,
       -1883.0
      ],
      [
       2888.0,
       -1880.0
      ],
      [
       2882.0,
       -1880.0
      ],
      [
       2865.0,
       -1867.0
      ],
      [
       2861.0,
       -1867.0
      ],
      [
       2860.0,
       -1865.0
      ],
      [
       2858.0,
       -1865.0
      ],
      [
       2856.0,
       -1857.0
      ],
      [
       2851.0,
       -1855.0
      ],
      [
       2849.0,
       -1852.0
      ],
      [
       2845.0,
       -1856.0
      ],
      [
       2840.0,
       -1856.0
      ],
      [
       2836.0,
       -1851.0
      ],
      [
       2834.0,
       -1851.0
      ],
      [
       2827.0,
       -1845.0
      ],
      [
       2822.0,
       -1844.0
      ],
      [
       2821.0,
       -1842.0
      ],
      [
       2810.0,
       -1841.0
      ],
      [
       2809.0,
       -1843.0
      ],
      [
       2805.0,
       -1843.0
      ],
      [
       2804.0,
       -1845.0
      ],
      [
       2801.0,
       -1842.0
      ],
      [
       2787.0,
       -1841.0
      ],
      [
       2781.0,
       -1836.0
      ],
      [
       2778.0,
       -1836.0
      ],
      [
       2777.0,
       -1838.0
      ],
      [
       2772.0,
       -1836.0
      ],
      [
       2769.0,
       -1837.0
      ],
      [
       2769.0,
       -1839.0
      ],
      [
       2763.0,
       -1836.0
      ],
      [
       2749.0,
       -1837.0
      ],
      [
       2748.0,
       -1835.0
      ],
      [
       2745.0,
       -1835.0
      ],
      [
       2742.0,
       -1832.0
      ],
      [
       2736.0,
       -1832.0
      ],
      [
       2730.0,
       -1829.0
      ],
      [
       2725.0,
       -1824.0
      ],
      [
       2721.0,
       -1824.0
      ],
      [
       2720.0,
       -1826.0
      ],
      [
       2718.0,
       -1826.0
      ],
      [
       2717.0,
       -1822.0
      ],
      [
       2711.0,
       -1819.0
      ],
      [
       2710.0,
       -1814.0
      ],
      [
       2707.0,
       -1813.0
      ],
      [
       2705.0,
       -1810.0
      ],
      [
       2701.0,
       -1810.0
      ],
      [
       2697.0,
       -1807.0
      ],
      [
       2692.0,
       -1807.0
      ],
      [
       2691.0,
       -1809.0
      ],
      [
       2686.0,
       -1808.0
      ],
      [
       2685.0,
       -1806.0
      ],
      [
       2682.0,
       -1806.0
      ],
      [
       2681.0,
       -1803.0
      ],
      [
       2679.0,
       -1803.0
      ],
      [
       2678.0,
       -1801.0
      ],
      [
       2660.0,
       -1799.0
      ],
      [
       2659.0,
       -1801.0
      ],
      [
       2636.0,
       -1797.0
      ],
      [
       2617.0,
       -1797.0
      ],
      [
       2618.0,
       -1800.0
      ],
      [
       2612.0,
       -1802.0
      ],
      [
       2607.0,
       -1797.0
      ],
      [
       2608.0,
       -1795.0
      ],
      [
       2610.0,
       -1795.0
      ],
      [
       2609.0,
       -1788.0
      ],
      [
       2607.0,
       -1788.0
      ],
      [
       2605.0,
       -1785.0
      ],
      [
       2600.0,
       -1785.0
      ],
      [
       2598.0,
       -1782.0
      ],
      [
       2593.0,
       -1784.0
      ],
      [
       2592.0,
       -1781.0
      ],
      [
       2588.0,
       -1780.0
      ],
      [
       2587.0,
       -1775.0
      ],
      [
       2591.0,
       -1772.0
      ],
      [
       2593.0,
       -1773.0
      ],
      [
       2593.0,
       -1771.0
      ],
      [
       2589.0,
       -1767.0
      ],
      [
       2585.0,
       -1766.0
      ],
      [
       2584.0,
       -1761.0
      ],
      [
       2588.0,
       -1758.0
      ],
      [
       2590.0,
       -1759.0
      ],
      [
       2586.0,
       -1755.0
      ],
      [
       2584.0,
       -1755.0
      ],
      [
       2583.0,
       -1757.0
      ],
      [
       2579.0,
       -1754.0
      ],
      [
       2576.0,
       -1754.0
      ],
      [
       2568.0,
       -1750.0
      ],
      [
       2564.0,
       -1750.0
      ],
      [
       2563.0,
       -1752.0
      ],
      [
       2544.0,
       -1749.0
      ],
      [
       2542.0,
       -1746.0
      ],
      [
       2531.0,
       -1745.0
      ],
      [
       2529.0,
       -1742.0
      ],
      [
       2523.0,
       -1739.0
      ],
      [
       2517.0,
       -1741.0
      ],
      [
       2515.0,
       -1738.0
      ],
      [
       2503.0,
       -1736.0
      ],
      [
       2501.0,
       -1732.0
      ],
      [
       2497.0,
       -1731.0
      ],
      [
       2497.0,
       -1729.0
      ],
      [
       2494.0,
       -1729.0
      ],
      [
       2490.0,
       -1726.0
      ],
      [
       2485.0,
       -1726.0
      ],
      [
       2482.0,
       -1723.0
      ],
      [
       2480.0,
       -1723.0
      ],
      [
       2479.0,
       -1725.0
      ],
      [
       2477.0,
       -1724.0
      ],
      [
       2478.0,
       -1727.0
      ],
      [
       2474.0,
       -1730.0
      ],
      [
       2461.0,
       -1730.0
      ],
      [
       2457.0,
       -1726.0
      ],
      [
       2458.0,
       -1724.0
      ],
      [
       2460.0,
       -1724.0
      ],
      [
       2459.0,
       -1720.0
      ],
      [
       2462.0,
       -1719.0
      ],
      [
       2461.0,
       -1718.0
      ],
      [
       2465.0,
       -1715.0
      ],
      [
       2467.0,
       -1716.0
      ],
      [
       2462.0,
       -1711.0
      ],
      [
       2463.0,
       -1709.0
      ],
      [
       2465.0,
       -1710.0
      ],
      [
       2463.0,
       -1702.0
      ],
      [
       2460.0,
       -1702.0
      ],
      [
       2459.0,
       -1700.0
      ],
      [
       2452.0,
       -1697.0
      ],
      [
       2450.0,
       -1693.0
      ],
      [
       2453.0,
       -1692.0
      ],
      [
       2448.0,
       -1688.0
      ],
      [
       2444.0,
       -1688.0
      ],
      [
       2440.0,
       -1685.0
      ],
      [
       2432.0,
       -1686.0
      ],
      [
       2428.0,
       -1679.0
      ],
      [
       2425.0,
       -1679.0
      ],
      [
       2424.0,
       -1676.0
      ],
      [
       2421.0,
       -1676.0
      ],
      [
       2417.0,
       -1673.0
      ],
      [
       2385.0,
       -1668.0
      ],
      [
       2386.0,
       -1671.0
      ],
      [
       2390.0,
       -1673.0
      ],
      [
       2392.0,
       -1678.0
      ],
      [
       2383.0,
       -1678.0
      ],
      [
       2380.0,
       -1675.0
      ],
      [
       2341.0,
       -1669.0
      ],
      [
       2337.0,
       -1666.0
      ],
      [
       2333.0,
       -1666.0
      ],
      [
       2330.0,
       -1663.0
      ],
      [
       2328.0,
       -1663.0
      ],
      [
       2328.0,
       -1665.0
      ],
      [
       2321.0,
       -1664.0
      ],
      [
       2317.0,
       -1657.0
      ],
      [
       2311.0,
       -1657.0
      ],
      [
       2309.0,
       -1654.0
      ],
      [
       2305.0,
       -1656.0
      ],
      [
       2302.0,
       -1653.0
      ],
      [
       2292.0,
       -1652.0
      ],
      [
       2289.0,
       -1649.0
      ],
      [
       2283.0,
       -1648.0
      ],
      [
       2283.0,
       -1650.0
      ],
      [
       2271.0,
       -1651.0
      ],
      [
       2261.0,
       -1647.0
      ],
      [
       2260.0,
       -1645.0
      ],
      [
       2256.0,
       -1645.0
      ],
      [
       2247.0,
       -1641.0
      ],
      [
       2227.0,
       -1641.0
      ],
      [
       2224.0,
       -1638.0
      ],
      [
       2218.0,
       -1638.0
      ],
      [
       2216.0,
       -1635.0
      ],
      [
       2205.0,
       -1634.0
      ],
      [
       2204.0,
       -1632.0
      ],
      [
       2200.0,
       -1632.0
      ],
      [
       2198.0,
       -1629.0
      ],
      [
       2181.0,
       -1627.0
      ],
      [
       2180.0,
       -1629.0
      ],
      [
       2177.0,
       -1629.0
      ],
      [
       2176.0,
       -1627.0
      ],
      [
       2173.0,
       -1627.0
      ],
      [
       2170.0,
       -1624.0
      ],
      [
       2160.0,
       -1621.0
      ],
      [
       2155.0,
       -1621.0
      ],
      [
       2155.0,
       -1623.0
      ],
      [
       2152.0,
       -1623.0
      ],
      [
       2150.0,
       -1620.0
      ],
      [
       2144.0,
       -1622.0
      ],
      [
       2140.0,
       -1619.0
      ],
      [
       2139.0,
       -1621.0
      ],
      [
       2131.0,
       -1621.0
      ],
      [
       2111.0,
       -1611.0
      ],
      [
       2101.0,
       -1611.0
      ],
      [
       2098.0,
       -1612.0
      ],
      [
       2098.0,
       -1614.0
      ],
      [
       2071.0,
       -1614.0
      ],
      [
       2070.0,
       -1616.0
      ],
      [
       2058.0,
       -1613.0
      ],
      [
       2052.0,
       -1613.0
      ],
      [
       2051.0,
       -1615.0
      ],
      [
       2041.0,
       -1616.0
      ],
      [
       2027.0,
       -1614.0
      ],
      [
       2027.0,
       -1616.0
      ],
      [
       2024.0,
       -1616.0
      ],
      [
       2017.0,
       -1612.0
      ],
      [
       1995.0,
       -1611.0
      ],
      [
       1999.0,
       -1616.0
      ],
      [
       1996.0,
       -1617.0
      ],
      [
       1997.0,
       -1618.0
      ],
      [
       1994.0,
       -1619.0
      ],
      [
       1994.0,
       -1621.0
      ],
      [
       1991.0,
       -1621.0
      ],
      [
       1990.0,
       -1619.0
      ],
      [
       1983.0,
       -1619.0
      ],
      [
       1981.0,
       -1617.0
      ],
      [
       1970.0,
       -1617.0
      ],
      [
       1968.0,
       -1615.0
      ],
      [
       1961.0,
       -1615.0
      ],
      [
       1960.0,
       -1613.0
      ],
      [
       1939.0,
       -1613.0
      ],
      [
       1940.0,
       -1614.0
      ],
      [
       1937.0,
       -1615.0
      ],
      [
       1938.0,
       -1616.0
      ],
      [
       1935.0,
       -1617.0
      ],
      [
       1935.0,
       -1619.0
      ],
      [
       1922.0,
       -1619.0
      ],
      [
       1922.0,
       -1621.0
      ],
      [
       1918.0,
       -1619.0
      ],
      [
       1895.0,
       -1620.0
      ],
      [
       1895.0,
       -1622.0
      ],
      [
       1864.0,
       -1621.0
      ],
      [
       1862.0,
       -1619.0
      ],
      [
       1856.0,
       -1620.0
      ],
      [
       1854.0,
       -1618.0
      ],
      [
       1835.0,
       -1619.0
      ],
      [
       1834.0,
       -1617.0
      ],
      [
       1830.0,
       -1617.0
      ],
      [
       1829.0,
       -1615.0
      ],
      [
       1809.0,
       -1615.0
      ],
      [
       1806.0,
       -1611.0
      ],
      [
       1809.0,
       -1610.0
      ],
      [
       1808.0,
       -1608.0
      ],
      [
       1804.0,
       -1607.0
      ],
      [
       1799.0,
       -1600.0
      ],
      [
       1795.0,
       -1599.0
      ],
      [
       1793.0,
       -1600.0
      ],
      [
       1800.0,
       -1610.0
      ],
      [
       1798.0,
       -1612.0
      ],
      [
       1799.0,
       -1613.0
      ],
      [
       1796.0,
       -1614.0
      ],
      [
       1796.0,
       -1616.0
      ],
      [
       1783.0,
       -1616.0
      ],
      [
       1781.0,
       -1619.0
      ],
      [
       1771.0,
       -1619.0
      ],
      [
       1770.0,
       -1621.0
      ],
      [
       1759.0,
       -1622.0
      ],
      [
       1756.0,
       -1618.0
      ],
      [
       1754.0,
       -1619.0
      ],
      [
       1753.0,
       -1617.0
      ],
      [
       1744.0,
       -1617.0
      ],
      [
       1745.0,
       -1618.0
      ],
      [
       1742.0,
       -1620.0
      ],
      [
       1731.0,
       -1620.0
      ],
      [
       1728.0,
       -1621.0
      ],
      [
       1728.0,
       -1623.0
      ],
      [
       1723.0,
       -1623.0
      ],
      [
       1724.0,
       -1624.0
      ],
      [
       1721.0,
       -1625.0
      ],
      [
       1721.0,
       -1627.0
      ],
      [
       1714.0,
       -1628.0
      ],
      [
       1714.0,
       -1630.0
      ],
      [
       1700.0,
       -1629.0
      ],
      [
       1699.0,
       -1631.0
      ],
      [
       1697.0,
       -1631.0
      ],
      [
       1696.0,
       -1629.0
      ],
      [
       1694.0,
       -1629.0
      ],
      [
       1692.0,
       -1632.0
      ],
      [
       1682.0,
       -1630.0
      ],
      [
       1680.0,
       -1631.0
      ],
      [
       1680.0,
       -1633.0
      ],
      [
       1676.0,
       -1631.0
      ],
      [
       1671.0,
       -1631.0
      ],
      [
       1667.0,
       -1634.0
      ],
      [
       1667.0,
       -1636.0
      ],
      [
       1649.0,
       -1637.0
      ],
      [
       1646.0,
       -1638.0
      ],
      [
       1646.0,
       -1640.0
      ],
      [
       1641.0,
       -1640.0
      ],
      [
       1641.0,
       -1642.0
      ],
      [
       1622.0,
       -1646.0
      ],
      [
       1620.0,
       -1650.0
      ],
      [
       1600.0,
       -1652.0
      ],
      [
       1599.0,
       -1654.0
      ],
      [
       1597.0,
       -1654.0
      ],
      [
       1596.0,
       -1652.0
      ],
      [
       1591.0,
       -1653.0
      ],
      [
       1590.0,
       -1651.0
      ],
      [
       1588.0,
       -1651.0
      ],
      [
       1589.0,
       -1652.0
      ],
      [
       1584.0,
       -1654.0
      ],
      [
       1584.0,
       -1656.0
      ],
      [
       1577.0,
       -1654.0
      ],
      [
       1575.0,
       -1657.0
      ],
      [
       1569.0,
       -1657.0
      ],
      [
       1572.0,
       -1662.0
      ],
      [
       1569.0,
       -1663.0
      ],
      [
       1570.0,
       -1664.0
      ],
      [
       1567.0,
       -1665.0
      ],
      [
       1568.0,
       -1666.0
      ],
      [
       1564.0,
       -1670.0
      ],
      [
       1559.0,
       -1670.0
      ],
      [
       1558.0,
       -1672.0
      ],
      [
       1554.0,
       -1673.0
      ],
      [
       1546.0,
       -1671.0
      ],
      [
       1543.0,
       -1674.0
      ],
      [
       1532.0,
       -1675.0
      ],
      [
       1531.0,
       -1677.0
      ],
      [
       1527.0,
       -1677.0
      ],
      [
       1528.0,
       -1678.0
      ],
      [
       1525.0,
       -1682.0
      ],
      [
       1519.0,
       -1682.0
      ],
      [
       1512.0,
       -1689.0
      ],
      [
       1506.0,
       -1689.0
      ],
      [
       1505.0,
       -1692.0
      ],
      [
       1502.0,
       -1692.0
      ],
      [
       1497.0,
       -1688.0
      ],
      [
       1495.0,
       -1689.0
      ],
      [
       1490.0,
       -1685.0
      ],
      [
       1484.0,
       -1686.0
      ],
      [
       1481.0,
       -1682.0
      ],
      [
       1478.0,
       -1681.0
      ],
      [
       1467.0,
       -1682.0
      ],
      [
       1465.0,
       -1680.0
      ],
      [
       1462.0,
       -1680.0
      ],
      [
       1461.0,
       -1683.0
      ],
      [
       1455.0,
       -1683.0
      ],
      [
       1450.0,
       -1688.0
      ],
      [
       1444.0,
       -1688.0
      ],
      [
       1441.0,
       -1683.0
      ],
      [
       1430.0,
       -1684.0
      ],
      [
       1428.0,
       -1680.0
      ],
      [
       1423.0,
       -1679.0
      ],
      [
       1422.0,
       -1677.0
      ],
      [
       1394.0,
       -1680.0
      ],
      [
       1393.0,
       -1682.0
      ],
      [
       1390.0,
       -1682.0
      ],
      [
       1391.0,
       -1685.0
      ],
      [
       1394.0,
       -1686.0
      ],
      [
       1390.0,
       -1690.0
      ],
      [
       1391.0,
       -1693.0
      ],
      [
       1394.0,
       -1694.0
      ],
      [
       1392.0,
       -1696.0
      ],
      [
       1393.0,
       -1699.0
      ],
      [
       1391.0,
       -1700.0
      ],
      [
       1391.0,
       -1702.0
      ],
      [
       1389.0,
       -1702.0
      ],
      [
       1388.0,
       -1700.0
      ],
      [
       1386.0,
       -1701.0
      ],
      [
       1385.0,
       -1699.0
      ],
      [
       1379.0,
       -1699.0
      ],
      [
       1376.0,
       -1704.0
      ],
      [
       1371.0,
       -1704.0
      ],
      [
       1370.0,
       -1706.0
      ],
      [
       1364.0,
       -1707.0
      ],
      [
       1365.0,
       -1710.0
      ],
      [
       1363.0,
       -1712.0
      ],
      [
       1366.0,
       -1721.0
      ],
      [
       1368.0,
       -1721.0
      ],
      [
       1370.0,
       -1724.0
      ],
      [
       1370.0,
       -1730.0
      ],
      [
       1364.0,
       -1730.0
      ],
      [
       1365.0,
       -1731.0
      ],
      [
       1363.0,
       -1733.0
      ],
      [
       1354.0,
       -1733.0
      ],
      [
       1350.0,
       -1736.0
      ],
      [
       1342.0,
       -1737.0
      ],
      [
       1343.0,
       -1738.0
      ],
      [
       1340.0,
       -1739.0
      ],
      [
       1340.0,
       -1741.0
      ],
      [
       1334.0,
       -1741.0
      ],
      [
       1333.0,
       -1744.0
      ],
      [
       1327.0,
       -1742.0
      ],
      [
       1319.0,
       -1749.0
      ],
      [
       1319.0,
       -1751.0
      ],
      [
       1315.0,
       -1751.0
      ],
      [
       1310.0,
       -1756.0
      ],
      [
       1307.0,
       -1756.0
      ],
      [
       1303.0,
       -1760.0
      ],
      [
       1301.0,
       -1765.0
      ],
      [
       1288.0,
       -1766.0
      ],
      [
       1287.0,
       -1764.0
      ],
      [
       1280.0,
       -1763.0
      ],
      [
       1278.0,
       -1767.0
      ],
      [
       1274.0,
       -1767.0
      ],
      [
       1270.0,
       -1764.0
      ],
      [
       1268.0,
       -1764.0
      ],
      [
       1268.0,
       -1766.0
      ],
      [
       1263.0,
       -1764.0
      ],
      [
       1261.0,
       -1767.0
      ],
      [
       1257.0,
       -1767.0
      ],
      [
       1258.0,
       -1770.0
      ],
      [
       1252.0,
       -1775.0
      ],
      [
       1252.0,
       -1777.0
      ],
      [
       1248.0,
       -1778.0
      ],
      [
       1249.0,
       -1779.0
      ],
      [
       1246.0,
       -1782.0
      ],
      [
       1244.0,
       -1782.0
      ],
      [
       1243.0,
       -1780.0
      ],
      [
       1241.0,
       -1782.0
      ],
      [
       1237.0,
       -1781.0
      ],
      [
       1238.0,
       -1782.0
      ],
      [
       1233.0,
       -1783.0
      ],
      [
       1231.0,
       -1787.0
      ],
      [
       1225.0,
       -1788.0
      ],
      [
       1219.0,
       -1794.0
      ],
      [
       1220.0,
       -1797.0
      ],
      [
       1217.0,
       -1800.0
      ],
      [
       1215.0,
       -1798.0
      ],
      [
       1211.0,
       -1799.0
      ],
      [
       1210.0,
       -1801.0
      ],
      [
       1206.0,
       -1799.0
      ],
      [
       1206.0,
       -1801.0
      ],
      [
       1202.0,
       -1802.0
      ],
      [
       1202.0,
       -1804.0
      ],
      [
       1198.0,
       -1804.0
      ],
      [
       1197.0,
       -1806.0
      ],
      [
       1175.0,
       -1804.0
      ],
      [
       1174.0,
       -1806.0
      ],
      [
       1169.0,
       -1806.0
      ],
      [
       1168.0,
       -1809.0
      ],
      [
       1158.0,
       -1811.0
      ],
      [
       1154.0,
       -1816.0
      ],
      [
       1150.0,
       -1818.0
      ],
      [
       1150.0,
       -1821.0
      ],
      [
       1146.0,
       -1824.0
      ],
      [
       1147.0,
       -1827.0
      ],
      [
       1152.0,
       -1829.0
      ],
      [
       1154.0,
       -1838.0
      ],
      [
       1159.0,
       -1839.0
      ],
      [
       1159.0,
       -1842.0
      ],
      [
       1156.0,
       -1845.0
      ],
      [
       1150.0,
       -1845.0
      ],
      [
       1152.0,
       -1850.0
      ],
      [
       1149.0,
       -1851.0
      ],
      [
       1149.0,
       -1853.0
      ],
      [
       1147.0,
       -1853.0
      ],
      [
       1146.0,
       -1851.0
      ],
      [
       1142.0,
       -1854.0
      ],
      [
       1140.0,
       -1854.0
      ],
      [
       1139.0,
       -1852.0
      ],
      [
       1135.0,
       -1852.0
      ],
      [
       1136.0,
       -1855.0
      ],
      [
       1133.0,
       -1858.0
      ],
      [
       1129.0,
       -1858.0
      ],
      [
       1130.0,
       -1859.0
      ],
      [
       1128.0,
       -1861.0
      ],
      [
       1125.0,
       -1861.0
      ],
      [
       1125.0,
       -1863.0
      ],
      [
       1121.0,
       -1863.0
      ],
      [
       1120.0,
       -1861.0
      ],
      [
       1109.0,
       -1862.0
      ],
      [
       1106.0,
       -1866.0
      ],
      [
       1103.0,
       -1866.0
      ],
      [
       1098.0,
       -1871.0
      ],
      [
       1092.0,
       -1871.0
      ],
      [
       1091.0,
       -1869.0
      ],
      [
       1089.0,
       -1869.0
      ],
      [
       1088.0,
       -1871.0
      ],
      [
       1086.0,
       -1869.0
      ],
      [
       1075.0,
       -1870.0
      ],
      [
       1073.0,
       -1868.0
      ],
      [
       1071.0,
       -1871.0
      ],
      [
       1068.0,
       -1871.0
      ],
      [
       1068.0,
       -1873.0
      ],
      [
       1064.0,
       -1873.0
      ],
      [
       1065.0,
       -1876.0
      ],
      [
       1062.0,
       -1877.0
      ],
      [
       1062.0,
       -1879.0
      ],
      [
       1058.0,
       -1879.0
      ],
      [
       1051.0,
       -1889.0
      ],
      [
       1048.0,
       -1889.0
      ],
      [
       1045.0,
       -1892.0
      ],
      [
       1041.0,
       -1892.0
      ],
      [
       1037.0,
       -1888.0
      ],
      [
       1035.0,
       -1890.0
      ],
      [
       1029.0,
       -1891.0
      ],
      [
       1030.0,
       -1895.0
      ],
      [
       1023.0,
       -1903.0
      ],
      [
       1014.0,
       -1901.0
      ],
      [
       1014.0,
       -1903.0
      ],
      [
       1008.0,
       -1903.0
      ],
      [
       1006.0,
       -1906.0
      ],
      [
       1003.0,
       -1906.0
      ],
      [
       1003.0,
       -1908.0
      ],
      [
       992.0,
       -1908.0
      ],
      [
       991.0,
       -1910.0
      ],
      [
       986.0,
       -1910.0
      ],
      [
       983.0,
       -1913.0
      ],
      [
       982.0,
       -1911.0
      ],
      [
       978.0,
       -1911.0
      ],
      [
       977.0,
       -1913.0
      ],
      [
       971.0,
       -1913.0
      ],
      [
       970.0,
       -1915.0
      ],
      [
       967.0,
       -1915.0
      ],
      [
       967.0,
       -1918.0
      ],
      [
       969.0,
       -1918.0
      ],
      [
       970.0,
       -1920.0
      ],
      [
       965.0,
       -1925.0
      ],
      [
       959.0,
       -1925.0
      ],
      [
       956.0,
       -1923.0
      ],
      [
       954.0,
       -1926.0
      ],
      [
       935.0,
       -1928.0
      ],
      [
       936.0,
       -1929.0
      ],
      [
       933.0,
       -1930.0
      ],
      [
       930.0,
       -1934.0
      ],
      [
       923.0,
       -1935.0
      ],
      [
       918.0,
       -1931.0
      ],
      [
       914.0,
       -1931.0
      ],
      [
       914.0,
       -1933.0
      ],
      [
       908.0,
       -1933.0
      ],
      [
       908.0,
       -1940.0
      ],
      [
       901.0,
       -1947.0
      ],
      [
       899.0,
       -1947.0
      ],
      [
       899.0,
       -1949.0
      ],
      [
       895.0,
       -1949.0
      ],
      [
       889.0,
       -1957.0
      ],
      [
       887.0,
       -1967.0
      ],
      [
       885.0,
       -1968.0
      ],
      [
       885.0,
       -1971.0
      ],
      [
       883.0,
       -1972.0
      ],
      [
       883.0,
       -1975.0
      ],
      [
       881.0,
       -1976.0
      ],
      [
       881.0,
       -1979.0
      ],
      [
       879.0,
       -1980.0
      ],
      [
       879.0,
       -1983.0
      ],
      [
       877.0,
       -1984.0
      ],
      [
       877.0,
       -1987.0
      ],
      [
       875.0,
       -1988.0
      ],
      [
       875.0,
       -1991.0
      ],
      [
       873.0,
       -1992.0
      ],
      [
       873.0,
       -1995.0
      ],
      [
       869.0,
       -2000.0
      ],
      [
       869.0,
       -2008.0
      ],
      [
       867.0,
       -2009.0
      ],
      [
       868.0,
       -2016.0
      ],
      [
       865.0,
       -2017.0
      ],
      [
       865.0,
       -2020.0
      ],
      [
       863.0,
       -2021.0
      ],
      [
       864.0,
       -2026.0
      ],
      [
       861.0,
       -2027.0
      ],
      [
       859.0,
       -2035.0
      ],
      [
       857.0,
       -2036.0
      ]
     ]
    ]
   }
  },
  {
   "type": "Feature",
   "properties": {
    "code": "argyre_terra_australis",
    "name": "Argyre Terra Australis",
    "number": 40,
    "capital": null,
    "culture": null,
    "civs": [
     "mcc",
     "mla"
    ],
    "provinceType": "land",
    "terrain": "highlands",
    "mapTypes": [
     "mars"
    ],
    "resources": null,
    "religion": null,
    "population": "medium",
    "centerpoint": [
     3371,
     1877
    ],
    "position": {
     "x": 2476,
     "y": 1690
    },
    "bbox": {
     "w": 1620,
     "h": 358
    },
    "maskSize": [
     2048,
     512
    ],
    "links": [
     "solis_planum",
     "south_polar_ice_cap",
     "terra_australis",
     "thaumasia_planum"
    ]
   },
   "geometry": {
    "type": "Polygon",
    "coordinates": [
     [
      [
       4095.0,
       -2047.0
      ],
      [
       4095.0,
       -1711.0
      ],
      [
       4081.0,
       -1712.0
      ],
      [
       4080.0,
       -1710.0
      ],
      [
       4075.0,
       -1711.0
      ],
      [
       4074.0,
       -1709.0
      ],
      [
       4045.0,
       -1712.0
      ],
      [
       4042.0,
       -1715.0
      ],
      [
       4034.0,
       -1716.0
      ],
      [
       4030.0,
       -1712.0
      ],
      [
       4025.0,
       -1713.0
      ],
      [
       4024.0,
       -1709.0
      ],
      [
       4027.0,
       -1707.0
      ],
      [
       4025.0,
       -1707.0
      ],
      [
       4021.0,
       -1703.0
      ],
      [
       4019.0,
       -1704.0
      ],
      [
       4018.0,
       -1702.0
      ],
      [
       4004.0,
       -1703.0
      ],
      [
       4000.0,
       -1706.0
      ],
      [
       3982.0,
       -1708.0
      ],
      [
       3978.0,
       -1705.0
      ],
      [
       3967.0,
       -1706.0
      ],
      [
       3964.0,
       -1709.0
      ],
      [
       3943.0,
       -1711.0
      ],
      [
       3939.0,
       -1716.0
      ],
      [
       3933.0,
       -1715.0
      ],
      [
       3933.0,
       -1712.0
      ],
      [
       3936.0,
       -1711.0
      ],
      [
       3933.0,
       -1709.0
      ],
      [
       3911.0,
       -1711.0
      ],
      [
       3910.0,
       -1709.0
      ],
      [
       3905.0,
       -1710.0
      ],
      [
       3898.0,
       -1717.0
      ],
      [
       3888.0,
       -1718.0
      ],
      [
       3886.0,
       -1721.0
      ],
      [
       3879.0,
       -1722.0
      ],
      [
       3877.0,
       -1720.0
      ],
      [
       3872.0,
       -1720.0
      ],
      [
       3866.0,
       -1725.0
      ],
      [
       3864.0,
       -1725.0
      ],
      [
       3863.0,
       -1728.0
      ],
      [
       3853.0,
       -1729.0
      ],
      [
       3852.0,
       -1731.0
      ],
      [
       3844.0,
       -1732.0
      ],
      [
       3843.0,
       -1734.0
      ],
      [
       3841.0,
       -1734.0
      ],
      [
       3841.0,
       -1738.0
      ],
      [
       3838.0,
       -1741.0
      ],
      [
       3833.0,
       -1741.0
      ],
      [
       3833.0,
       -1743.0
      ],
      [
       3827.0,
       -1746.0
      ],
      [
       3827.0,
       -1748.0
      ],
      [
       3822.0,
       -1749.0
      ],
      [
       3821.0,
       -1751.0
      ],
      [
       3814.0,
       -1752.0
      ],
      [
       3813.0,
       -1754.0
      ],
      [
       3786.0,
       -1757.0
      ],
      [
       3784.0,
       -1760.0
      ],
      [
       3782.0,
       -1758.0
      ],
      [
       3767.0,
       -1760.0
      ],
      [
       3766.0,
       -1758.0
      ],
      [
       3761.0,
       -1758.0
      ],
      [
       3757.0,
       -1755.0
      ],
      [
       3731.0,
       -1758.0
      ],
      [
       3730.0,
       -1756.0
      ],
      [
       3720.0,
       -1757.0
      ],
      [
       3719.0,
       -1760.0
      ],
      [
       3701.0,
       -1762.0
      ],
      [
       3700.0,
       -1760.0
      ],
      [
       3690.0,
       -1761.0
      ],
      [
       3687.0,
       -1757.0
      ],
      [
       3684.0,
       -1757.0
      ],
      [
       3684.0,
       -1754.0
      ],
      [
       3678.0,
       -1751.0
      ],
      [
       3668.0,
       -1752.0
      ],
      [
       3667.0,
       -1748.0
      ],
      [
       3664.0,
       -1747.0
      ],
      [
       3664.0,
       -1744.0
      ],
      [
       3662.0,
       -1745.0
      ],
      [
       3659.0,
       -1741.0
      ],
      [
       3643.0,
       -1741.0
      ],
      [
       3640.0,
       -1737.0
      ],
      [
       3638.0,
       -1738.0
      ],
      [
       3637.0,
       -1736.0
      ],
      [
       3613.0,
       -1736.0
      ],
      [
       3609.0,
       -1737.0
      ],
      [
       3608.0,
       -1739.0
      ],
      [
       3575.0,
       -1743.0
      ],
      [
       3574.0,
       -1741.0
      ],
      [
       3570.0,
       -1741.0
      ],
      [
       3566.0,
       -1738.0
      ],
      [
       3549.0,
       -1739.0
      ],
      [
       3547.0,
       -1742.0
      ],
      [
       3539.0,
       -1742.0
      ],
      [
       3536.0,
       -1745.0
      ],
      [
       3521.0,
       -1746.0
      ],
      [
       3520.0,
       -1748.0
      ],
      [
       3516.0,
       -1749.0
      ],
      [
       3512.0,
       -1747.0
      ],
      [
       3507.0,
       -1747.0
      ],
      [
       3505.0,
       -1750.0
      ],
      [
       3501.0,
       -1750.0
      ],
      [
       3500.0,
       -1752.0
      ],
      [
       3498.0,
       -1752.0
      ],
      [
       3497.0,
       -1750.0
      ],
      [
       3493.0,
       -1751.0
      ],
      [
       3489.0,
       -1748.0
      ],
      [
       3489.0,
       -1743.0
      ],
      [
       3487.0,
       -1744.0
      ],
      [
       3486.0,
       -1742.0
      ],
      [
       3482.0,
       -1742.0
      ],
      [
       3470.0,
       -1733.0
      ],
      [
       3468.0,
       -1734.0
      ],
      [
       3467.0,
       -1726.0
      ],
      [
       3465.0,
       -1726.0
      ],
      [
       3464.0,
       -1724.0
      ],
      [
       3462.0,
       -1725.0
      ],
      [
       3461.0,
       -1719.0
      ],
      [
       3459.0,
       -1719.0
      ],
      [
       3458.0,
       -1717.0
      ],
      [
       3454.0,
       -1719.0
      ],
      [
       3452.0,
       -1722.0
      ],
      [
       3444.0,
       -1722.0
      ],
      [
       3443.0,
       -1718.0
      ],
      [
       3441.0,
       -1719.0
      ],
      [
       3438.0,
       -1715.0
      ],
      [
       3431.0,
       -1716.0
      ],
      [
       3430.0,
       -1714.0
      ],
      [
       3421.0,
       -1715.0
      ],
      [
       3420.0,
       -1713.0
      ],
      [
       3415.0,
       -1713.0
      ],
      [
       3412.0,
       -1710.0
      ],
      [
       3411.0,
       -1706.0
      ],
      [
       3400.0,
       -1698.0
      ],
      [
       3399.0,
       -1691.0
      ],
      [
       3395.0,
       -1692.0
      ],
      [
       3394.0,
       -1690.0
      ],
      [
       3390.0,
       -1690.0
      ],
      [
       3390.0,
       -1694.0
      ],
      [
       3381.0,
       -1697.0
      ],
      [
       3373.0,
       -1697.0
      ],
      [
       3367.0,
       -1692.0
      ],
      [
       3355.0,
       -1691.0
      ],
      [
       3354.0,
       -1693.0
      ],
      [
       3346.0,
       -1695.0
      ],
      [
       3342.0,
       -1699.0
      ],
      [
       3329.0,
       -1700.0
      ],
      [
       3329.0,
       -1703.0
      ],
      [
       3327.0,
       -1704.0
      ],
      [
       3327.0,
       -1707.0
      ],
      [
       3324.0,
       -1710.0
      ],
      [
       3316.0,
       -1710.0
      ],
      [
       3311.0,
       -1715.0
      ],
      [
       3285.0,
       -1716.0
      ],
      [
       3284.0,
       -1714.0
      ],
      [
       3280.0,
       -1714.0
      ],
      [
       3279.0,
       -1712.0
      ],
      [
       3275.0,
       -1713.0
      ],
      [
       3274.0,
       -1711.0
      ],
      [
       3270.0,
       -1711.0
      ],
      [
       3269.0,
       -1709.0
      ],
      [
       3247.0,
       -1710.0
      ],
      [
       3246.0,
       -1708.0
      ],
      [
       3244.0,
       -1708.0
      ],
      [
       3244.0,
       -1710.0
      ],
      [
       3237.0,
       -1710.0
      ],
      [
       3234.0,
       -1714.0
      ],
      [
       3230.0,
       -1714.0
      ],
      [
       3229.0,
       -1716.0
      ],
      [
       3215.0,
       -1717.0
      ],
      [
       3214.0,
       -1715.0
      ],
      [
       3212.0,
       -1715.0
      ],
      [
       3211.0,
       -1713.0
      ],
      [
       3207.0,
       -1713.0
      ],
      [
       3206.0,
       -1711.0
      ],
      [
       3197.0,
       -1712.0
      ],
      [
       3196.0,
       -1710.0
      ],
      [
       3164.0,
       -1710.0
      ],
      [
       3158.0,
       -1716.0
      ],
      [
       3141.0,
       -1716.0
      ],
      [
       3141.0,
       -1718.0
      ],
      [
       3139.0,
       -1718.0
      ],
      [
       3136.0,
       -1722.0
      ],
      [
       3132.0,
       -1722.0
      ],
      [
       3131.0,
       -1724.0
      ],
      [
       3114.0,
       -1725.0
      ],
      [
       3112.0,
       -1727.0
      ],
      [
       3112.0,
       -1732.0
      ],
      [
       3109.0,
       -1735.0
      ],
      [
       3097.0,
       -1738.0
      ],
      [
       3096.0,
       -1740.0
      ],
      [
       3084.0,
       -1740.0
      ],
      [
       3083.0,
       -1738.0
      ],
      [
       3076.0,
       -1738.0
      ],
      [
       3075.0,
       -1740.0
      ],
      [
       3069.0,
       -1740.0
      ],
      [
       3068.0,
       -1742.0
      ],
      [
       3056.0,
       -1743.0
      ],
      [
       3055.0,
       -1745.0
      ],
      [
       3051.0,
       -1745.0
      ],
      [
       3050.0,
       -1747.0
      ],
      [
       3038.0,
       -1748.0
      ],
      [
       3035.0,
       -1746.0
      ],
      [
       3035.0,
       -1749.0
      ],
      [
       3032.0,
       -1752.0
      ],
      [
       3030.0,
       -1752.0
      ],
      [
       3030.0,
       -1758.0
      ],
      [
       3028.0,
       -1757.0
      ],
      [
       3027.0,
       -1759.0
      ],
      [
       3017.0,
       -1759.0
      ],
      [
       3017.0,
       -1761.0
      ],
      [
       3009.0,
       -1760.0
      ],
      [
       3010.0,
       -1761.0
      ],
      [
       3006.0,
       -1764.0
      ],
      [
       3002.0,
       -1764.0
      ],
      [
       2998.0,
       -1760.0
      ],
      [
       2996.0,
       -1760.0
      ],
      [
       2995.0,
       -1762.0
      ],
      [
       2988.0,
       -1761.0
      ],
      [
       2987.0,
       -1763.0
      ],
      [
       2980.0,
       -1763.0
      ],
      [
       2979.0,
       -1761.0
      ],
      [
       2974.0,
       -1761.0
      ],
      [
       2973.0,
       -1759.0
      ],
      [
       2971.0,
       -1759.0
      ],
      [
       2970.0,
       -1755.0
      ],
      [
       2968.0,
       -1755.0
      ],
      [
       2967.0,
       -1753.0
      ],
      [
       2960.0,
       -1754.0
      ],
      [
       2956.0,
       -1750.0
      ],
      [
       2949.0,
       -1750.0
      ],
      [
       2945.0,
       -1753.0
      ],
      [
       2932.0,
       -1752.0
      ],
      [
       2931.0,
       -1754.0
      ],
      [
       2907.0,
       -1752.0
      ],
      [
       2904.0,
       -1756.0
      ],
      [
       2886.0,
       -1755.0
      ],
      [
       2884.0,
       -1752.0
      ],
      [
       2879.0,
       -1752.0
      ],
      [
       2878.0,
       -1754.0
      ],
      [
       2876.0,
       -1754.0
      ],
      [
       2875.0,
       -1752.0
      ],
      [
       2871.0,
       -1753.0
      ],
      [
       2866.0,
       -1749.0
      ],
      [
       2862.0,
       -1749.0
      ],
      [
       2859.0,
       -1746.0
      ],
      [
       2855.0,
       -1746.0
      ],
      [
       2854.0,
       -1744.0
      ],
      [
       2849.0,
       -1744.0
      ],
      [
       2842.0,
       -1737.0
      ],
      [
       2837.0,
       -1737.0
      ],
      [
       2836.0,
       -1739.0
      ],
      [
       2828.0,
       -1738.0
      ],
      [
       2823.0,
       -1733.0
      ],
      [
       2814.0,
       -1733.0
      ],
      [
       2812.0,
       -1730.0
      ],
      [
       2807.0,
       -1730.0
      ],
      [
       2806.0,
       -1732.0
      ],
      [
       2798.0,
       -1731.0
      ],
      [
       2797.0,
       -1733.0
      ],
      [
       2765.0,
       -1729.0
      ],
      [
       2764.0,
       -1731.0
      ],
      [
       2762.0,
       -1730.0
      ],
      [
       2763.0,
       -1731.0
      ],
      [
       2759.0,
       -1734.0
      ],
      [
       2754.0,
       -1733.0
      ],
      [
       2753.0,
       -1735.0
      ],
      [
       2751.0,
       -1735.0
      ],
      [
       2751.0,
       -1737.0
      ],
      [
       2727.0,
       -1734.0
      ],
      [
       2726.0,
       -1736.0
      ],
      [
       2712.0,
       -1736.0
      ],
      [
       2711.0,
       -1738.0
      ],
      [
       2706.0,
       -1737.0
      ],
      [
       2701.0,
       -1732.0
      ],
      [
       2699.0,
       -1732.0
      ],
      [
       2699.0,
       -1734.0
      ],
      [
       2690.0,
       -1733.0
      ],
      [
       2682.0,
       -1727.0
      ],
      [
       2681.0,
       -1722.0
      ],
      [
       2679.0,
       -1722.0
      ],
      [
       2677.0,
       -1719.0
      ],
      [
       2672.0,
       -1719.0
      ],
      [
       2671.0,
       -1721.0
      ],
      [
       2660.0,
       -1719.0
      ],
      [
       2656.0,
       -1717.0
      ],
      [
       2655.0,
       -1714.0
      ],
      [
       2649.0,
       -1712.0
      ],
      [
       2647.0,
       -1709.0
      ],
      [
       2642.0,
       -1709.0
      ],
      [
       2639.0,
       -1706.0
      ],
      [
       2619.0,
       -1703.0
      ],
      [
       2614.0,
       -1707.0
      ],
      [
       2612.0,
       -1704.0
      ],
      [
       2609.0,
       -1704.0
      ],
      [
       2606.0,
       -1701.0
      ],
      [
       2595.0,
       -1700.0
      ],
      [
       2592.0,
       -1697.0
      ],
      [
       2591.0,
       -1699.0
      ],
      [
       2589.0,
       -1699.0
      ],
      [
       2586.0,
       -1696.0
      ],
      [
       2575.0,
       -1695.0
      ],
      [
       2576.0,
       -1698.0
      ],
      [
       2570.0,
       -1700.0
      ],
      [
       2572.0,
       -1707.0
      ],
      [
       2566.0,
       -1709.0
      ],
      [
       2565.0,
       -1711.0
      ],
      [
       2563.0,
       -1710.0
      ],
      [
       2564.0,
       -1715.0
      ],
      [
       2561.0,
       -1716.0
      ],
      [
       2561.0,
       -1718.0
      ],
      [
       2556.0,
       -1719.0
      ],
      [
       2555.0,
       -1721.0
      ],
      [
       2550.0,
       -1720.0
      ],
      [
       2549.0,
       -1722.0
      ],
      [
       2537.0,
       -1720.0
      ],
      [
       2535.0,
       -1718.0
      ],
      [
       2529.0,
       -1717.0
      ],
      [
       2526.0,
       -1714.0
      ],
      [
       2515.0,
       -1713.0
      ],
      [
       2514.0,
       -1709.0
      ],
      [
       2507.0,
       -1706.0
      ],
      [
       2505.0,
       -1703.0
      ],
      [
       2503.0,
       -1703.0
      ],
      [
       2505.0,
       -1708.0
      ],
      [
       2501.0,
       -1710.0
      ],
      [
       2495.0,
       -1710.0
      ],
      [
       2488.0,
       -1706.0
      ],
      [
       2484.0,
       -1710.0
      ],
      [
       2476.0,
       -1710.0
      ],
      [
       2480.0,
       -1722.0
      ],
      [
       2482.0,
       -1722.0
      ],
      [
       2485.0,
       -1725.0
      ],
      [
       2490.0,
       -1725.0
      ],
      [
       2494.0,
       -1728.0
      ],
      [
       2497.0,
       -1728.0
      ],
      [
       2498.0,
       -1731.0
      ],
      [
       2501.0,
       -1731.0
      ],
      [
       2502.0,
       -1734.0
      ],
      [
       2505.0,
       -1736.0
      ],
      [
       2515.0,
       -1737.0
      ],
      [
       2517.0,
       -1740.0
      ],
      [
       2523.0,
       -1738.0
      ],
      [
       2529.0,
       -1741.0
      ],
      [
       2531.0,
       -1744.0
      ],
      [
       2542.0,
       -1745.0
      ],
      [
       2544.0,
       -1748.0
      ],
      [
       2563.0,
       -1751.0
      ],
      [
       2564.0,
       -1749.0
      ],
      [
       2568.0,
       -1749.0
      ],
      [
       2576.0,
       -1753.0
      ],
      [
       2579.0,
       -1753.0
      ],
      [
       2583.0,
       -1756.0
      ],
      [
       2584.0,
       -1754.0
      ],
      [
       2589.0,
       -1756.0
      ],
      [
       2591.0,
       -1759.0
      ],
      [
       2585.0,
       -1761.0
      ],
      [
       2586.0,
       -1766.0
      ],
      [
       2589.0,
       -1766.0
      ],
      [
       2594.0,
       -1771.0
      ],
      [
       2593.0,
       -1774.0
      ],
      [
       2591.0,
       -1773.0
      ],
      [
       2590.0,
       -1775.0
      ],
      [
       2588.0,
       -1775.0
      ],
      [
       2589.0,
       -1780.0
      ],
      [
       2592.0,
       -1780.0
      ],
      [
       2593.0,
       -1783.0
      ],
      [
       2598.0,
       -1781.0
      ],
      [
       2600.0,
       -1784.0
      ],
      [
       2605.0,
       -1784.0
      ],
      [
       2607.0,
       -1787.0
      ],
      [
       2609.0,
       -1787.0
      ],
      [
       2611.0,
       -1795.0
      ],
      [
       2608.0,
       -1797.0
      ],
      [
       2612.0,
       -1801.0
      ],
      [
       2614.0,
       -1801.0
      ],
      [
       2615.0,
       -1799.0
      ],
      [
       2617.0,
       -1800.0
      ],
      [
       2617.0,
       -1796.0
      ],
      [
       2636.0,
       -1796.0
      ],
      [
       2659.0,
       -1800.0
      ],
      [
       2660.0,
       -1798.0
      ],
      [
       2678.0,
       -1800.0
      ],
      [
       2682.0,
       -1803.0
      ],
      [
       2682.0,
       -1805.0
      ],
      [
       2685.0,
       -1805.0
      ],
      [
       2686.0,
       -1807.0
      ],
      [
       2691.0,
       -1808.0
      ],
      [
       2692.0,
       -1806.0
      ],
      [
       2697.0,
       -1806.0
      ],
      [
       2701.0,
       -1809.0
      ],
      [
       2705.0,
       -1809.0
      ],
      [
       2707.0,
       -1812.0
      ],
      [
       2711.0,
       -1814.0
      ],
      [
       2711.0,
       -1818.0
      ],
      [
       2718.0,
       -1822.0
      ],
      [
       2718.0,
       -1825.0
      ],
      [
       2720.0,
       -1825.0
      ],
      [
       2721.0,
       -1823.0
      ],
      [
       2725.0,
       -1823.0
      ],
      [
       2730.0,
       -1828.0
      ],
      [
       2736.0,
       -1831.0
      ],
      [
       2742.0,
       -1831.0
      ],
      [
       2743.0,
       -1833.0
      ],
      [
       2748.0,
       -1834.0
      ],
      [
       2749.0,
       -1836.0
      ],
      [
       2763.0,
       -1835.0
      ],
      [
       2769.0,
       -1838.0
      ],
      [
       2768.0,
       -1837.0
      ],
      [
       2774.0,
       -1835.0
      ],
      [
       2775.0,
       -1837.0
      ],
      [
       2781.0,
       -1835.0
      ],
      [
       2787.0,
       -1840.0
      ],
      [
       2801.0,
       -1841.0
      ],
      [
       2804.0,
       -1844.0
      ],
      [
       2805.0,
       -1842.0
      ],
      [
       2809.0,
       -1842.0
      ],
      [
       2810.0,
       -1840.0
      ],
      [
       2821.0,
       -1841.0
      ],
      [
       2822.0,
       -1843.0
      ],
      [
       2827.0,
       -1844.0
      ],
      [
       2828.0,
       -1846.0
      ],
      [
       2836.0,
       -1850.0
      ],
      [
       2840.0,
       -1855.0
      ],
      [
       2845.0,
       -1855.0
      ],
      [
       2849.0,
       -1851.0
      ],
      [
       2851.0,
       -1854.0
      ],
      [
       2857.0,
       -1857.0
      ],
      [
       2858.0,
       -1864.0
      ],
      [
       2860.0,
       -1864.0
      ],
      [
       2861.0,
       -1866.0
      ],
      [
       2865.0,
       -1866.0
      ],
      [
       2882.0,
       -1879.0
      ],
      [
       2888.0,
       -1879.0
      ],
      [
       2890.0,
       -1882.0
      ],
      [
       2933.0,
       -1882.0
      ],
      [
       2936.0,
       -1885.0
      ],
      [
       2944.0,
       -1885.0
      ],
      [
       2951.0,
       -1891.0
      ],
      [
       2955.0,
       -1889.0
      ],
      [
       2956.0,
       -1891.0
      ],
      [
       2964.0,
       -1892.0
      ],
      [
       2965.0,
       -1894.0
      ],
      [
       2980.0,
       -1894.0
      ],
      [
       2981.0,
       -1902.0
      ],
      [
       2989.0,
       -1902.0
      ],
      [
       2993.0,
       -1905.0
      ],
      [
       2997.0,
       -1901.0
      ],
      [
       3004.0,
       -1901.0
      ],
      [
       3005.0,
       -1899.0
      ],
      [
       3009.0,
       -1899.0
      ],
      [
       3013.0,
       -1902.0
      ],
      [
       3020.0,
       -1902.0
      ],
      [
       3021.0,
       -1900.0
      ],
      [
       3025.0,
       -1900.0
      ],
      [
       3026.0,
       -1898.0
      ],
      [
       3028.0,
       -1898.0
      ],
      [
       3029.0,
       -1900.0
      ],
      [
       3049.0,
       -1901.0
      ],
      [
       3050.0,
       -1899.0
      ],
      [
       3057.0,
       -1899.0
      ],
      [
       3058.0,
       -1901.0
      ],
      [
       3070.0,
       -1901.0
      ],
      [
       3071.0,
       -1903.0
      ],
      [
       3076.0,
       -1903.0
      ],
      [
       3079.0,
       -1907.0
      ],
      [
       3117.0,
       -1908.0
      ],
      [
       3119.0,
       -1910.0
      ],
      [
       3136.0,
       -1913.0
      ],
      [
       3139.0,
       -1917.0
      ],
      [
       3144.0,
       -1917.0
      ],
      [
       3145.0,
       -1919.0
      ],
      [
       3149.0,
       -1919.0
      ],
      [
       3153.0,
       -1923.0
      ],
      [
       3157.0,
       -1923.0
      ],
      [
       3163.0,
       -1929.0
      ],
      [
       3167.0,
       -1930.0
      ],
      [
       3171.0,
       -1934.0
      ],
      [
       3178.0,
       -1934.0
      ],
      [
       3179.0,
       -1936.0
      ],
      [
       3183.0,
       -1936.0
      ],
      [
       3190.0,
       -1942.0
      ],
      [
       3194.0,
       -1943.0
      ],
      [
       3197.0,
       -1947.0
      ],
      [
       3202.0,
       -1949.0
      ],
      [
       3205.0,
       -1953.0
      ],
      [
       3207.0,
       -1953.0
      ],
      [
       3211.0,
       -1957.0
      ],
      [
       3212.0,
       -1956.0
      ],
      [
       3224.0,
       -1965.0
      ],
      [
       3224.0,
       -1970.0
      ],
      [
       3227.0,
       -1971.0
      ],
      [
       3227.0,
       -1981.0
      ],
      [
       3230.0,
       -1982.0
      ],
      [
       3231.0,
       -1998.0
      ],
      [
       3236.0,
       -2001.0
      ],
      [
       3236.0,
       -2004.0
      ],
      [
       3239.0,
       -2005.0
      ],
      [
       3241.0,
       -2011.0
      ],
      [
       3247.0,
       -2014.0
      ],
      [
       3249.0,
       -2021.0
      ],
      [
       3251.0,
       -2020.0
      ],
      [
       3252.0,
       -2022.0
      ],
      [
       3254.0,
       -2022.0
      ],
      [
       3255.0,
       -2026.0
      ],
      [
       3260.0,
       -2029.0
      ],
      [
       3260.0,
       -2032.0
      ],
      [
       3268.0,
       -2036.0
      ],
      [
       3268.0,
       -2047.0
      ],
      [
       4095.0,
       -2047.0
      ]
     ]
    ]
   }
  }
 ]
}