<?xml version="1.0" encoding="utf-8"?>
<COLLADA xmlns="http://www.collada.org/2005/11/COLLADASchema" version="1.4.1" xmlns:xsi="http://www.w3.org/2001/XMLSchema-instance">
  <asset>
    <contributor>
      <author>Blender User</author>
      <authoring_tool>Blender 4.3.1 commit date:2024-12-10, commit time:07:46, hash:33d812126174</authoring_tool>
    </contributor>
    <created>2026-09-28T23:08:18</created>
    <modified>2026-09-28T23:08:18</modified>
    <unit name="meter" meter="1"/>
    <up_axis>Z_UP</up_axis>
  </asset>
  <library_effects>
    <effect id="Material_001-effect">
      <profile_COMMON>
        <newparam sid="mcc_aero_png-surface">
          <surface type="2D">
            <init_from>mcc_aero_png</init_from>
          </surface>
        </newparam>
        <newparam sid="mcc_aero_png-sampler">
          <sampler2D>
            <source>mcc_aero_png-surface</source>
          </sampler2D>
        </newparam>
        <technique sid="common">
          <lambert>
            <emission>
              <color sid="emission">0 0 0 1</color>
            </emission>
            <diffuse>
              <texture texture="mcc_aero_png-sampler" texcoord="Cylinder_001-mesh-map-0"/>
            </diffuse>
            <index_of_refraction>
              <float sid="ior">1.5</float>
            </index_of_refraction>
          </lambert>
        </technique>
      </profile_COMMON>
    </effect>
  </library_effects>
  <library_images>
    <image id="mcc_aero_png" name="mcc_aero_png">
      <init_from>/home/welton/snap/0ad/743/.local/share/0ad/mods/mars_wars/art/textures/skins/mechanical/mcc_aero.png</init_from>
    </image>
  </library_images>
  <library_materials>
    <material id="Material_001-material" name="Material.001">
      <instance_effect url="#Material_001-effect"/>
    </material>
  </library_materials>
  <library_geometries>
    <geometry id="Cylinder_001-mesh" name="Cylinder.001">
      <mesh>
        <source id="Cylinder_001-mesh-positions">
          <float_array id="Cylinder_001-mesh-positions-array" count="2385">-0.01208811 2.957113 1.166573 0.7529172 2.856398 1.166573 1.465789 2.561117 1.166573 2.077945 2.091392 1.166573 2.547669 1.479236 1.166573 2.842951 0.7663649 1.166573 2.943665 0.001359164 1.166573 2.842951 -0.7636461 1.166573 2.547669 -1.476518 1.166573 2.077945 -2.088674 1.166573 1.465789 -2.558398 1.166573 0.7529172 -2.853679 1.166573 -0.01208811 -2.954394 1.166573 -0.7770937 -2.853679 1.166573 -1.489965 -2.558398 1.166573 -2.102121 -2.088674 1.166573 -2.571846 -1.476518 1.166573 -2.867127 -0.7636461 1.166573 -2.967842 0.001359164 1.166573 -2.867127 0.7663649 1.166573 -2.571846 1.479236 1.166573 -2.102121 2.091392 1.166573 -1.489965 2.561117 1.166573 -0.7770937 2.856398 1.166573 0.8047764 3.049939 2.324923 -0.01208811 3.157482 2.324923 1.565973 2.734641 2.324923 2.219627 2.233075 2.324923 2.721194 1.57942 2.324923 3.036491 0.818224 2.324923 3.144034 0.001359164 2.324923 3.036491 -0.8155054 2.324923 2.721194 -1.576702 2.324923 2.219627 -2.230356 2.324923 1.565973 -2.731923 2.324923 0.8047764 -3.04722 2.324923 -0.01208811 -3.154763 2.324923 -0.8289529 -3.04722 2.324923 -1.590149 -2.731923 2.324923 -2.243804 -2.230356 2.324923 -2.745371 -1.576702 2.324923 -3.060668 -0.8155054 2.324923 -3.16821 0.001359164 2.324923 -3.060668 0.818224 2.324923 -2.745371 1.57942 2.324923 -2.243804 2.233075 2.324923 -1.590149 2.734641 2.324923 -0.8289529 3.049939 2.324923 0.4315815 1.657157 6.064212 -0.01208817 1.715567 6.064212 0.8450158 1.485907 6.064212 1.20004 1.213487 6.064212 1.47246 0.8584634 6.064212 1.64371 0.445029 6.064212 1.70212 0.001359164 6.064212 1.64371 -0.4423106 6.064212 1.47246 -0.8557448 6.064212 1.20004 -1.210769 6.064212 0.8450158 -1.483189 6.064212 0.4315815 -1.654439 6.064212 -0.01208817 -1.712849 6.064212 -0.455758 -1.654439 6.064212 -0.8691923 -1.483189 6.064212 -1.224217 -1.210769 6.064212 -1.496636 -0.8557448 6.064212 -1.667886 -0.4423106 6.064212 -1.726296 0.001359164 6.064212 -1.667886 0.445029 6.064212 -1.496636 0.8584634 6.064212 -1.224217 1.213487 6.064212 -0.8691923 1.485907 6.064212 -0.455758 1.657157 6.064212 0.6591725 2.506538 4.636397 -0.01208817 2.594911 4.636397 1.284688 2.247441 4.636397 -0.683349 2.506538 4.636397 1.82183 1.835278 4.636397 2.233994 1.298135 4.636397 2.493091 0.67262 4.636397 2.581464 0.001359164 4.636397 2.493091 -0.6699013 4.636397 2.233994 -1.295417 4.636397 1.82183 -1.832559 4.636397 1.284688 -2.244722 4.636397 0.6591725 -2.503819 4.636397 -0.01208817 -2.592193 4.636397 -0.683349 -2.503819 4.636397 -1.308864 -2.244722 4.636397 -1.846006 -1.832559 4.636397 -2.25817 -1.295417 4.636397 -2.517267 -0.6699013 4.636397 -2.605641 0.001359164 4.636397 -2.517267 0.67262 4.636397 -2.25817 1.298135 4.636397 -1.846006 1.835278 4.636397 -1.308864 2.247441 4.636397 0.123681 0.5080576 7.253206 0.1805816 0.7204132 7.135912 -0.01208817 0.525932 7.253206 -0.01208817 0.745779 7.135912 0.2501983 0.4556524 7.253206 0.3601218 0.646045 7.135912 0.3588405 0.3722882 7.253206 0.5142957 0.5277435 7.135912 0.4422051 0.2636454 7.253206 0.6325981 0.3735689 7.135912 0.4946101 0.1371287 7.253206 0.7069656 0.1940293 7.135912 0.5124844 0.001359164 7.253206 0.7323313 0.001359164 7.135912 0.4946101 -0.1344104 7.253206 0.7069656 -0.1913108 7.135912 0.4422051 -0.2609272 7.253206 0.6325981 -0.3708507 7.135912 0.3588405 -0.3695697 7.253206 0.5142959 -0.5250248 7.135912 0.2501983 -0.452934 7.253206 0.3601218 -0.6433269 7.135912 0.123681 -0.5053392 7.253206 0.1805816 -0.7176946 7.135912 -0.01208817 -0.5232135 7.253206 -0.01208817 -0.7430603 7.135912 -0.1478574 -0.5053392 7.253206 -0.2047581 -0.7176946 7.135912 -0.2743747 -0.4529339 7.253206 -0.3842982 -0.6433269 7.135912 -0.3830173 -0.3695695 7.253206 -0.5384725 -0.5250248 7.135912 -0.4663814 -0.2609273 7.253206 -0.6567745 -0.3708509 7.135912 -0.5187866 -0.1344102 7.253206 -0.7311421 -0.1913106 7.135912 -0.536661 0.001359105 7.253206 -0.7565078 0.001359164 7.135912 -0.5187866 0.1371284 7.253206 -0.7311421 0.194029 7.135912 -0.4663814 0.2636457 7.253206 -0.6567745 0.3735691 7.135912 -0.3830172 0.3722881 7.253206 -0.5384724 0.5277433 7.135912 -0.2743747 0.4556524 7.253206 -0.3842982 0.6460456 7.135912 -0.1478574 0.5080576 7.253206 -0.2047581 0.7204132 7.135912 -0.01150292 -1.503276 1.162208 0.1189314 -1.520448 1.162208 0.2404769 -1.570793 1.162208 0.3448504 -1.650882 1.162208 0.424939 -1.755256 1.162208 0.4752848 -1.876801 1.162208 0.4924569 -2.007236 1.162208 0.4752848 -2.13767 1.162208 0.424939 -2.259216 1.162208 0.3448504 -2.363589 1.162208 0.2404769 -2.443677 1.162208 0.1189314 -2.494023 1.162208 -0.01150292 -2.511195 1.162208 -0.1419374 -2.494023 1.162208 -0.2634828 -2.443677 1.162208 -0.3678563 -2.363589 1.162208 -0.4479449 -2.259216 1.162208 -0.4982907 -2.13767 1.162208 -0.5154625 -2.007236 1.162208 -0.4982907 -1.876801 1.162208 -0.4479449 -1.755256 1.162208 -0.3678563 -1.650882 1.162208 -0.2634828 -1.570793 1.162208 -0.1419374 -1.520448 1.162208 -0.01150292 -1.56457 0.5386137 0.1030673 -1.579654 0.5386137 0.2098299 -1.623876 0.5386137 0.3015087 -1.694224 0.5386137 0.3718565 -1.785903 0.5386137 0.416079 -1.892665 0.5386137 0.4311624 -2.007236 0.5386137 0.416079 -2.121806 0.5386137 0.3718565 -2.228569 0.5386137 0.3015089 -2.320247 0.5386137 0.2098298 -2.390595 0.5386137 0.1030671 -2.434818 0.5386137 -0.01150292 -2.449902 0.5386137 -0.1260731 -2.434818 0.5386137 -0.2328357 -2.390595 0.5386137 -0.3245147 -2.320247 0.5386137 -0.3948624 -2.228569 0.5386137 -0.4390849 -2.121806 0.5386137 -0.4541684 -2.007236 0.5386137 -0.4390849 -1.892665 0.5386137 -0.3948624 -1.785903 0.5386137 -0.3245146 -1.694224 0.5386137 -0.2328357 -1.623876 0.5386137 -0.1260732 -1.579654 0.5386137 -0.01150292 -1.617197 1.479531 0.0894463 -1.630488 1.479531 0.1835162 -1.669453 1.479531 0.2642957 -1.731437 1.479531 0.32628 -1.812216 1.479531 0.365245 -1.906286 1.479531 0.3785353 -2.007236 1.479531 0.365245 -2.108185 1.479531 0.32628 -2.202255 1.479531 0.2642957 -2.283034 1.479531 0.1835162 -2.345018 1.479531 0.0894463 -2.383984 1.479531 -0.01150292 -2.397274 1.479531 -0.1124522 -2.383984 1.479531 -0.206522 -2.345018 1.479531 -0.2873017 -2.283034 1.479531 -0.3492859 -2.202255 1.479531 -0.3882508 -2.108185 1.479531 -0.4015412 -2.007236 1.479531 -0.3882508 -1.906286 1.479531 -0.3492859 -1.812216 1.479531 -0.2873017 -1.731437 1.479531 -0.206522 -1.669453 1.479531 -0.1124522 -1.630488 1.479531 -0.01150292 1.505863 1.162208 0.1189314 1.523034 1.162208 0.2404769 1.57338 1.162208 0.3448504 1.653469 1.162208 0.424939 1.757843 1.162208 0.4752848 1.879388 1.162208 0.4924569 2.009823 1.162208 0.4752848 2.140257 1.162208 0.424939 2.261802 1.162208 0.3448504 2.366176 1.162208 0.2404769 2.446264 1.162208 0.1189314 2.49661 1.162208 -0.01150292 2.513782 1.162208 -0.1419374 2.49661 1.162208 -0.2634828 2.446264 1.162208 -0.3678563 2.366176 1.162208 -0.4479449 2.261802 1.162208 -0.4982907 2.140257 1.162208 -0.5154625 2.009823 1.162208 -0.4982907 1.879388 1.162208 -0.4479449 1.757843 1.162208 -0.3678563 1.653469 1.162208 -0.2634828 1.57338 1.162208 -0.1419374 1.523034 1.162208 -0.01150292 1.567157 0.5386137 0.1030673 1.58224 0.5386137 0.2098299 1.626463 0.5386137 0.3015087 1.69681 0.5386137 0.3718565 1.788489 0.5386137 0.416079 1.895252 0.5386137 0.4311624 2.009823 0.5386137 0.416079 2.124393 0.5386137 0.3718565 2.231155 0.5386137 0.3015089 2.322834 0.5386137 0.2098298 2.393182 0.5386137 0.1030671 2.437405 0.5386137 -0.01150292 2.452488 0.5386137 -0.1260731 2.437405 0.5386137 -0.2328357 2.393182 0.5386137 -0.3245147 2.322834 0.5386137 -0.3948624 2.231155 0.5386137 -0.4390849 2.124393 0.5386137 -0.4541684 2.009823 0.5386137 -0.4390849 1.895252 0.5386137 -0.3948624 1.788489 0.5386137 -0.3245146 1.69681 0.5386137 -0.2328357 1.626463 0.5386137 -0.1260732 1.58224 0.5386137 -0.01150292 1.619784 1.479531 0.0894463 1.633074 1.479531 0.1835162 1.672039 1.479531 0.2642957 1.734024 1.479531 0.32628 1.814803 1.479531 0.365245 1.908873 1.479531 0.3785353 2.009823 1.479531 0.365245 2.110771 1.479531 0.32628 2.204841 1.479531 0.2642957 2.285621 1.479531 0.1835162 2.347605 1.479531 0.0894463 2.38657 1.479531 -0.01150292 2.399861 1.479531 -0.1124522 2.38657 1.479531 -0.206522 2.347605 1.479531 -0.2873017 2.285621 1.479531 -0.3492859 2.204841 1.479531 -0.3882508 2.110771 1.479531 -0.4015412 2.009823 1.479531 -0.3882508 1.908873 1.479531 -0.3492859 1.814803 1.479531 -0.2873017 1.734024 1.479531 -0.206522 1.672039 1.479531 -0.1124522 1.633074 1.479531 1.549962 0.00129342 0.8383607 1.567783 0.1366602 0.8383607 1.620033 0.262802 0.8383607 1.70315 0.3711224 0.8383607 1.81147 0.4542397 0.8383607 1.937612 0.506489 0.8383607 2.072978 0.5243105 0.8383607 2.208345 0.506489 0.8383607 2.334487 0.4542397 0.8383607 2.442807 0.3711224 0.8383607 2.525924 0.2628021 0.8383607 2.578175 0.1366603 0.8383607 2.595996 0.00129348 0.8383607 2.578175 -0.1340732 0.8383607 2.525924 -0.260215 0.8383607 2.442807 -0.3685353 0.8383607 2.334487 -0.4516526 0.8383607 2.208345 -0.503902 0.8383607 2.072978 -0.5217235 0.8383607 1.937612 -0.503902 0.8383607 1.81147 -0.4516526 0.8383607 1.70315 -0.3685355 0.8383607 1.620033 -0.2602151 0.8383607 1.567783 -0.1340733 0.8383607 1.606934 0.00129342 0.1911856 1.622815 0.1219146 0.1911856 1.669372 0.2343159 0.1911856 1.743435 0.330837 0.1911856 1.839956 0.4049 0.1911856 1.952358 0.4514582 0.1911856 2.072978 0.4673383 0.1911856 2.1936 0.4514582 0.1911856 2.306001 0.4049001 0.1911856 2.402522 0.330837 0.1911856 2.476585 0.2343159 0.1911856 2.523144 0.1219146 0.1911856 2.539023 0.00129348 0.1911856 2.523144 -0.1193276 0.1911856 2.476585 -0.2317288 0.1911856 2.402522 -0.3282499 0.1911856 2.306001 -0.4023131 0.1911856 2.1936 -0.4488711 0.1911856 2.072978 -0.4647513 0.1911856 1.952358 -0.4488712 0.1911856 1.839956 -0.4023131 0.1911856 1.743435 -0.3282499 0.1911856 1.669372 -0.2317289 0.1911856 1.622815 -0.1193277 0.1911856 1.668192 0.00129348 1.167683 1.681984 0.1060602 1.167683 1.722422 0.2036872 1.167683 1.786751 0.2875214 1.167683 1.870585 0.3518497 1.167683 1.968212 0.3922882 1.167683 2.072978 0.406081 1.167683 2.177746 0.3922882 1.167683 2.275372 0.3518497 1.167683 2.359206 0.2875215 1.167683 2.423534 0.2036872 1.167683 2.463973 0.1060602 1.167683 2.477766 0.00129348 1.167683 2.463973 -0.1034732 1.167683 2.423534 -0.2011002 1.167683 2.359206 -0.2849345 1.167683 2.275372 -0.3492627 1.167683 2.177746 -0.3897011 1.167683 2.072978 -0.403494 1.167683 1.968212 -0.3897011 1.167683 1.870585 -0.3492627 1.167683 1.786751 -0.2849345 1.167683 1.722422 -0.2011002 1.167683 1.681984 -0.1034732 1.167683 -1.572968 0.001293301 0.8383607 -1.590789 0.13666 0.8383607 -1.643038 0.2628019 0.8383607 -1.726155 0.3711223 0.8383607 -1.834476 0.4542394 0.8383607 -1.960618 0.506489 0.8383607 -2.095984 0.5243105 0.8383607 -2.231351 0.506489 0.8383607 -2.357493 0.4542394 0.8383607 -2.465813 0.3711222 0.8383607 -2.548931 0.2628018 0.8383607 -2.601181 0.13666 0.8383607 -2.619002 0.001293241 0.8383607 -2.601181 -0.1340734 0.8383607 -2.548931 -0.2602152 0.8383607 -2.465813 -0.3685356 0.8383607 -2.357493 -0.4516528 0.8383607 -2.231351 -0.503902 0.8383607 -2.095984 -0.5217235 0.8383607 -1.960618 -0.503902 0.8383607 -1.834476 -0.4516528 0.8383607 -1.726155 -0.3685355 0.8383607 -1.643038 -0.2602152 0.8383607 -1.590789 -0.1340734 0.8383607 -1.629939 0.001293301 0.1911856 -1.64582 0.1219145 0.1911856 -1.692378 0.2343158 0.1911856 -1.766441 0.3308367 0.1911856 -1.862962 0.4048998 0.1911856 -1.975363 0.451458 0.1911856 -2.095984 0.4673382 0.1911856 -2.216606 0.4514579 0.1911856 -2.329007 0.4048998 0.1911856 -2.425528 0.3308368 0.1911856 -2.499592 0.2343156 0.1911856 -2.546149 0.1219144 0.1911856 -2.56203 0.001293241 0.1911856 -2.546149 -0.1193279 0.1911856 -2.499592 -0.231729 0.1911856 -2.425528 -0.3282501 0.1911856 -2.329007 -0.4023132 0.1911856 -2.216606 -0.4488713 0.1911856 -2.095984 -0.4647515 0.1911856 -1.975363 -0.4488713 0.1911856 -1.862962 -0.4023131 0.1911856 -1.766441 -0.3282501 0.1911856 -1.692378 -0.231729 0.1911856 -1.64582 -0.1193279 0.1911856 -1.691197 0.001293301 1.167683 -1.70499 0.10606 1.167683 -1.745428 0.2036871 1.167683 -1.809756 0.2875213 1.167683 -1.893591 0.3518496 1.167683 -1.991218 0.3922879 1.167683 -2.095984 0.4060809 1.167683 -2.200752 0.3922879 1.167683 -2.298378 0.3518496 1.167683 -2.382212 0.2875213 1.167683 -2.446541 0.2036871 1.167683 -2.486979 0.10606 1.167683 -2.500772 0.001293241 1.167683 -2.486979 -0.1034734 1.167683 -2.446541 -0.2011004 1.167683 -2.382212 -0.2849348 1.167683 -2.298378 -0.3492629 1.167683 -2.200752 -0.3897014 1.167683 -2.095984 -0.4034942 1.167683 -1.991218 -0.3897014 1.167683 -1.893591 -0.3492629 1.167683 -1.809756 -0.2849346 1.167683 -1.745428 -0.2011004 1.167683 -1.70499 -0.1034733 1.167683 -0.01150292 -1.388981 0.5386137 0.1485131 -1.410048 0.5386137 0.2976245 -1.471811 0.5386137 0.4256693 -1.570063 0.5386137 0.5239215 -1.698109 0.5386137 0.5856855 -1.847219 0.5386137 0.606752 -2.007236 0.5386137 0.5856855 -2.167252 0.5386137 0.5239215 -2.316364 0.5386137 0.4256693 -2.444408 0.5386137 0.2976245 -2.54266 0.5386137 0.1485131 -2.604424 0.5386137 -0.01150292 -2.62549 0.5386137 -0.1715191 -2.604424 0.5386137 -0.3206304 -2.54266 0.5386137 -0.4486752 -2.444408 0.5386137 -0.5469275 -2.316364 0.5386137 -0.608691 -2.167252 0.5386137 -0.629758 -2.007236 0.5386137 -0.608691 -1.847219 0.5386137 -0.5469275 -1.698109 0.5386137 -0.4486752 -1.570063 0.5386137 -0.3206304 -1.471811 0.5386137 -0.1715191 -1.410048 0.5386137 -0.01150292 1.391567 0.5386137 0.1485131 1.412634 0.5386137 0.2976245 1.474398 0.5386137 0.4256693 1.57265 0.5386137 0.5239215 1.700695 0.5386137 0.5856855 1.849807 0.5386137 0.606752 2.009823 0.5386137 0.5856855 2.169838 0.5386137 0.5239215 2.31895 0.5386137 0.4256693 2.446995 0.5386137 0.2976245 2.545247 0.5386137 0.1485131 2.607011 0.5386137 -0.01150292 2.628077 0.5386137 -0.1715191 2.607011 0.5386137 -0.3206304 2.545247 0.5386137 -0.4486752 2.446995 0.5386137 -0.5469275 2.31895 0.5386137 -0.608691 2.169838 0.5386137 -0.629758 2.009823 0.5386137 -0.608691 1.849807 0.5386137 -0.5469275 1.700695 0.5386137 -0.4486752 1.57265 0.5386137 -0.3206304 1.474398 0.5386137 -0.1715191 1.412634 0.5386137 1.431344 0.00129342 0.1911856 1.453208 0.1673606 0.1911856 1.517307 0.3221106 0.1911856 1.619275 0.4549974 0.1911856 1.752161 0.556965 0.1911856 1.906911 0.6210645 0.1911856 2.072978 0.642928 0.1911856 2.239045 0.6210645 0.1911856 2.393796 0.556965 0.1911856 2.526682 0.4549974 0.1911856 2.62865 0.3221107 0.1911856 2.692749 0.1673606 0.1911856 2.714613 0.00129348 0.1911856 2.692749 -0.1647737 0.1911856 2.62865 -0.3195236 0.1911856 2.526682 -0.4524104 0.1911856 2.393796 -0.554378 0.1911856 2.239045 -0.6184775 0.1911856 2.072978 -0.640341 0.1911856 1.906911 -0.6184775 0.1911856 1.752161 -0.554378 0.1911856 1.619275 -0.4524104 0.1911856 1.517307 -0.3195236 0.1911856 1.453208 -0.1647737 0.1911856 -1.45435 0.001293301 0.1911856 -1.476213 0.1673604 0.1911856 -1.540313 0.3221105 0.1911856 -1.642281 0.4549973 0.1911856 -1.775167 0.556965 0.1911856 -1.929917 0.6210645 0.1911856 -2.095984 0.6429275 0.1911856 -2.262052 0.6210645 0.1911856 -2.416802 0.5569645 0.1911856 -2.549689 0.4549973 0.1911856 -2.651656 0.3221104 0.1911856 -2.715756 0.1673604 0.1911856 -2.737619 0.001293241 0.1911856 -2.715756 -0.1647739 0.1911856 -2.651656 -0.3195238 0.1911856 -2.549689 -0.4524106 0.1911856 -2.416802 -0.554378 0.1911856 -2.262052 -0.6184775 0.1911856 -2.095984 -0.640341 0.1911856 -1.929917 -0.6184775 0.1911856 -1.775167 -0.554378 0.1911856 -1.642281 -0.4524106 0.1911856 -1.540313 -0.3195238 0.1911856 -1.476213 -0.1647738 0.1911856 0.09202373 -1.57621 0.6299301 0.206594 -1.591295 0.6299301 0.3133566 -1.635517 0.6299301 0.4050355 -1.705864 0.6299301 0.4753832 -1.797544 0.6299301 0.5196055 -1.904306 0.6299301 0.534689 -2.018876 0.6299301 0.5196055 -2.133446 0.6299301 0.4753832 -2.240209 0.6299301 0.4050356 -2.331888 0.6299301 0.3133565 -2.402235 0.6299301 0.2065939 -2.446458 0.6299301 0.09202373 -2.461541 0.6299301 -0.02254635 -2.446458 0.6299301 -0.1293089 -2.402235 0.6299301 -0.220988 -2.331888 0.6299301 -0.2913357 -2.240209 0.6299301 -0.3355581 -2.133446 0.6299301 -0.3506417 -2.018876 0.6299301 -0.3355581 -1.904306 0.6299301 -0.2913357 -1.797544 0.6299301 -0.2209879 -1.705864 0.6299301 -0.129309 -1.635517 0.6299301 -0.02254647 -1.591294 0.6299301 0.09202373 1.555516 0.6299301 0.206594 1.5706 0.6299301 0.3133566 1.614822 0.6299301 0.4050355 1.68517 0.6299301 0.4753832 1.776849 0.6299301 0.5196055 1.883612 0.6299301 0.534689 1.998182 0.6299301 0.5196055 2.112752 0.6299301 0.4753832 2.219515 0.6299301 0.4050356 2.311194 0.6299301 0.3133565 2.381541 0.6299301 0.2065939 2.425765 0.6299301 0.09202373 2.440848 0.6299301 -0.02254635 2.425765 0.6299301 -0.1293089 2.381541 0.6299301 -0.220988 2.311194 0.6299301 -0.2913357 2.219515 0.6299301 -0.3355581 2.112752 0.6299301 -0.3506417 1.998182 0.6299301 -0.3355581 1.883612 0.6299301 -0.2913357 1.776849 0.6299301 -0.2209879 1.68517 0.6299301 -0.129309 1.614822 0.6299301 -0.02254647 1.5706 0.6299301 1.710461 -0.01034682 0.2825022 1.726341 0.1102743 0.2825022 1.772899 0.2226755 0.2825022 1.846962 0.3191966 0.2825022 1.943483 0.3932597 0.2825022 2.055885 0.4398179 0.2825022 2.176505 0.455698 0.2825022 2.297127 0.4398178 0.2825022 2.409528 0.3932598 0.2825022 2.506048 0.3191967 0.2825022 2.580112 0.2226755 0.2825022 2.626671 0.1102743 0.2825022 2.64255 -0.01034677 0.2825022 2.626671 -0.1309679 0.2825022 2.580112 -0.2433691 0.2825022 2.506048 -0.3398903 0.2825022 2.409528 -0.4139534 0.2825022 2.297127 -0.4605115 0.2825022 2.176505 -0.4763916 0.2825022 2.055885 -0.4605115 0.2825022 1.943483 -0.4139534 0.2825022 1.846962 -0.3398902 0.2825022 1.772899 -0.2433693 0.2825022 1.726341 -0.1309681 0.2825022 -1.526413 -0.01034694 0.2825022 -1.542293 0.1102742 0.2825022 -1.588851 0.2226755 0.2825022 -1.662914 0.3191964 0.2825022 -1.759436 0.3932595 0.2825022 -1.871837 0.4398177 0.2825022 -1.992457 0.4556978 0.2825022 -2.11308 0.4398177 0.2825022 -2.225481 0.3932595 0.2825022 -2.322001 0.3191965 0.2825022 -2.396064 0.2226753 0.2825022 -2.442623 0.1102741 0.2825022 -2.458503 -0.010347 0.2825022 -2.442623 -0.1309682 0.2825022 -2.396064 -0.2433694 0.2825022 -2.322001 -0.3398905 0.2825022 -2.225481 -0.4139535 0.2825022 -2.11308 -0.4605116 0.2825022 -1.992457 -0.4763917 0.2825022 -1.871837 -0.4605116 0.2825022 -1.759436 -0.4139535 0.2825022 -1.662914 -0.3398904 0.2825022 -1.588851 -0.2433694 0.2825022 -1.542293 -0.1309682 0.2825022 0.9906498 2.381751 0.9148165 0.9906498 2.381751 1.376689 1.283355 2.887114 0.9148165 1.138527 2.637064 1.376689 1.551435 2.056945 0.9148165 1.551435 2.056945 1.376689 1.84414 2.562308 0.9148165 1.699311 2.312258 1.376689 0.9906498 2.381751 0.5762943 1.375519 3.046237 0.5762943 1.551435 2.056945 0.5762943 1.936304 2.721431 0.5762943 1.300056 2.915949 0.004568457 1.513764 3.284921 0.004568457 1.860841 2.591143 0.004568457 2.074549 2.960115 0.004568457 1.513764 3.284921 -0.09322702 1.300056 2.915949 -0.09322702 2.074549 2.960115 -0.09322702 1.860841 2.591143 -0.09322702 2.193046 3.164702 0.004568457 1.632261 3.489508 0.004568457 2.193046 3.164702 -0.09322702 1.632261 3.489508 -0.09322702 1.557423 2.713791 0.9148165 1.370519 2.391097 1.376689 1.17968 2.06161 0.9148165 1.17968 2.06161 1.376689 1.676362 2.919142 0.5762943 1.17968 2.06161 0.5762943 1.85477 3.227169 0.004568457 1.578976 2.751003 0.004568457 1.85477 3.227169 -0.09322702 1.578976 2.751003 -0.09322702 2.007692 3.491192 0.004568457 2.007692 3.491192 -0.09322702 -1.01769 2.381751 0.914816 -1.01769 2.381751 1.376689 -1.310395 2.887114 0.914816 -1.165567 2.637064 1.376689 -1.578475 2.056945 0.914816 -1.578475 2.056945 1.376689 -1.871181 2.562309 0.914816 -1.726352 2.312258 1.376689 -1.01769 2.381751 0.576294 -1.402559 3.046237 0.576294 -1.578475 2.056945 0.576294 -1.963344 2.721431 0.576294 -1.327097 2.915949 0.00456804 -1.540805 3.284921 0.00456804 -1.887882 2.591143 0.00456804 -2.10159 2.960115 0.00456804 -1.540805 3.284921 -0.09322744 -1.327097 2.915949 -0.09322744 -2.10159 2.960115 -0.09322744 -1.887882 2.591143 -0.09322744 -2.220086 3.164702 0.00456804 -1.659301 3.489508 0.00456804 -2.220086 3.164702 -0.09322744 -1.659301 3.489508 -0.09322744 -1.584463 2.713791 0.914816 -1.397559 2.391097 1.376689 -1.206721 2.06161 0.914816 -1.206721 2.06161 1.376689 -1.703402 2.919142 0.576294 -1.206721 2.06161 0.576294 -1.881811 3.227169 0.00456804 -1.606016 2.751003 0.00456804 -1.881811 3.227169 -0.09322744 -1.606016 2.751003 -0.09322744 -2.034733 3.491192 0.00456804 -2.034733 3.491192 -0.09322744 0.9906501 -2.37871 0.914816 0.9906501 -2.37871 1.376689 1.283355 -2.884073 0.914816 1.138527 -2.634023 1.376689 1.551435 -2.053905 0.914816 1.551435 -2.053905 1.376689 1.844141 -2.559267 0.914816 1.699312 -2.309217 1.376689 0.9906501 -2.37871 0.576294 1.375519 -3.043196 0.576294 1.551435 -2.053905 0.576294 1.936304 -2.71839 0.576294 1.300057 -2.912908 0.00456804 1.513765 -3.28188 0.00456804 1.860842 -2.588102 0.00456804 2.07455 -2.957075 0.00456804 1.513765 -3.28188 -0.09322744 1.300057 -2.912908 -0.09322744 2.07455 -2.957075 -0.09322744 1.860842 -2.588102 -0.09322744 2.193046 -3.161661 0.00456804 1.632261 -3.486468 0.00456804 2.193046 -3.161661 -0.09322744 1.632261 -3.486468 -0.09322744 1.557423 -2.710751 0.914816 1.370519 -2.388056 1.376689 1.179681 -2.058569 0.914816 1.179681 -2.058569 1.376689 1.676362 -2.916101 0.576294 1.179681 -2.058569 0.576294 1.854771 -3.224128 0.00456804 1.578976 -2.747962 0.00456804 1.854771 -3.224128 -0.09322744 1.578976 -2.747962 -0.09322744 2.007693 -3.488152 0.00456804 2.007693 -3.488152 -0.09322744 -1.01769 -2.378711 0.9148165 -1.01769 -2.378711 1.376689 -1.310395 -2.884074 0.9148165 -1.165567 -2.634023 1.376689 -1.578475 -2.053905 0.9148165 -1.578475 -2.053905 1.376689 -1.87118 -2.559268 0.9148165 -1.726352 -2.309218 1.376689 -1.01769 -2.378711 0.5762943 -1.402559 -3.043196 0.5762943 -1.578475 -2.053905 0.5762943 -1.963344 -2.718391 0.5762943 -1.327096 -2.912909 0.004568457 -1.540805 -3.281881 0.004568457 -1.887882 -2.588103 0.004568457 -2.101589 -2.957075 0.004568457 -1.540805 -3.281881 -0.09322702 -1.327096 -2.912909 -0.09322702 -2.101589 -2.957075 -0.09322702 -1.887882 -2.588103 -0.09322702 -2.220086 -3.161662 0.004568457 -1.659301 -3.486468 0.004568457 -2.220086 -3.161662 -0.09322702 -1.659301 -3.486468 -0.09322702 -1.584463 -2.710751 0.9148165 -1.397559 -2.388056 1.376689 -1.206721 -2.05857 0.9148165 -1.206721 -2.05857 1.376689 -1.703402 -2.916102 0.5762943 -1.206721 -2.05857 0.5762943 -1.881811 -3.224129 0.004568457 -1.606016 -2.747963 0.004568457 -1.881811 -3.224129 -0.09322702 -1.606016 -2.747963 -0.09322702 -2.034733 -3.488152 0.004568457 -2.034733 -3.488152 -0.09322702 2.705615 1.479236 1.166573 3.000897 0.7663649 1.166573 3.101612 0.001359164 1.166573 3.000897 -0.7636461 1.166573 2.705615 -1.476518 1.166573 2.879141 1.57942 2.324923 3.194437 0.818224 2.324923 3.30198 0.001359164 2.324923 3.194437 -0.8155054 2.324923 2.879141 -1.576702 2.324923 2.39194 1.298135 4.636397 2.651037 0.67262 4.636397 2.73941 0.001359164 4.636397 2.651037 -0.6699013 4.636397 2.39194 -1.295417 4.636397 2.258769 -1.476518 1.11424 2.432295 -1.576702 2.314494 2.258769 1.479236 1.11424 2.432295 1.57942 2.314494 2.554051 0.7663649 1.11424 2.204191 -0.6699013 4.709588 1.945094 -1.295417 4.709588 1.945094 1.298135 4.709588 2.654766 0.001359164 1.11424 2.292564 0.001359164 4.709588 2.204191 0.67262 4.709588 2.554051 -0.7636461 1.11424</float_array>
          <technique_common>
            <accessor source="#Cylinder_001-mesh-positions-array" count="795" stride="3">
              <param name="X" type="float"/>
              <param name="Y" type="float"/>
              <param name="Z" type="float"/>
            </accessor>
          </technique_common>
        </source>
        <source id="Cylinder_001-mesh-normals">
          <float_array id="Cylinder_001-mesh-normals-array" count="4023">0 0 -1 0 0 -1 0 0 -1 0.9247329 0 0.3806169 0.7752083 -0.2077165 0.5965785 0.8932237 -0.239336 0.3806178 0.951791 -0.2550336 -0.1704463 0.8533527 -0.4926837 -0.1704468 0.8533514 -0.4926858 -0.1704469 -0.4926819 0.8533537 -0.1704465 -0.2550317 0.9517914 -0.1704465 -0.2550294 0.951792 -0.1704465 0.2550315 0.9517915 -0.1704466 0 0.985367 -0.1704468 0.2550318 0.9517914 -0.1704465 -0.8533527 -0.4926837 -0.1704468 -0.6967594 -0.6967598 -0.1704468 -0.8533528 -0.4926834 -0.1704466 0.6967596 -0.6967597 -0.1704468 0.6967598 -0.6967595 -0.1704469 0 0.985367 -0.1704468 0.4926836 0.8533528 -0.1704462 0.4926856 0.8533517 -0.1704465 -0.9517915 -0.2550313 -0.1704467 -0.951792 -0.2550293 -0.1704466 0.4926835 -0.8533529 -0.1704467 0.4926832 -0.853353 -0.1704466 0.6967598 0.6967595 -0.1704466 0.6967603 0.696759 -0.1704469 -0.985367 0 -0.1704466 -0.985367 0 -0.1704464 0.2550316 -0.9517914 -0.1704464 0.2550297 -0.951792 -0.1704464 0.8533527 0.4926837 -0.1704466 0.8533531 0.4926829 -0.1704471 -0.951792 0.2550294 -0.1704466 -0.9517915 0.2550314 -0.1704466 -2.71689e-7 -0.985367 -0.1704466 -2.41465e-6 -0.985367 -0.1704465 0.9517915 0.2550315 -0.1704462 0.951792 0.2550301 -0.170446 -0.8533526 0.4926838 -0.1704467 -0.8533529 0.4926834 -0.1704464 -0.2550317 -0.9517914 -0.1704466 -0.2550318 -0.9517914 -0.1704464 0.9853671 -2.95947e-7 -0.1704463 0.985367 -2.4571e-6 -0.1704463 -0.6967594 0.6967598 -0.1704469 -0.6967577 0.6967614 -0.170447 -0.4926835 -0.8533529 -0.1704468 -0.4926832 -0.8533529 -0.1704469 0.9517916 -0.2550312 -0.1704462 -0.4926837 0.8533527 -0.1704466 -0.6967591 -0.6967601 -0.170447 0.2393366 0.8932229 0.3806189 0.4012772 0.6950337 0.5965775 0.4623649 0.8008421 0.3806189 -0.6538853 0.6538833 0.3806189 -0.4012767 0.6950333 0.5965784 -0.4623671 0.8008407 0.3806191 -0.4623644 -0.8008424 0.3806189 -0.5674936 -0.5674926 0.5965763 -0.653883 -0.6538854 0.380619 0.6950329 -0.4012786 0.5965775 0.8008424 -0.4623637 0.38062 -0.2077163 0.77521 0.5965764 -0.2393397 0.8932222 0.380619 -0.6950331 -0.4012767 0.5965787 -0.8008398 -0.4623652 0.3806233 0.5674927 -0.5674929 0.5965769 0.6538835 -0.6538839 0.3806208 0 0.6239684 0.7814497 8.602e-7 0.8025548 0.5965784 -0.893224 -0.2393391 0.3806148 -0.7752101 -0.2077171 0.596576 0.4623636 -0.8008424 0.3806199 0.4012774 -0.6950328 0.5965786 0.5674913 0.5674932 0.5965778 0.6538842 0.6538826 0.3806219 -1.46373e-6 0.924732 0.3806189 -0.8025546 0 0.5965788 -0.9247307 1.17732e-6 0.3806222 0.2393386 -0.8932244 0.3806146 0.2077168 -0.7752101 0.5965761 0.8008422 0.4623638 0.3806199 0.695033 0.4012789 0.5965774 -0.8932234 0.2393402 0.3806158 -0.77521 0.207717 0.5965762 0 -0.8025546 0.5965787 0 -0.9247304 0.3806231 0.8932235 0.2393361 0.3806178 0.7752085 0.2077165 0.5965785 -0.6950343 0.4012764 0.5965774 -0.800842 0.462365 0.3806189 -0.2393387 -0.8932243 0.3806146 -0.2077169 -0.7752102 0.5965761 0.8025565 0 0.5965762 -0.5674933 0.5674917 0.5965774 -0.4012774 -0.6950328 0.5965785 0.2614483 0 0.9652176 0.1307246 0.2264226 0.965217 -0.2614481 0 0.9652176 0.2077178 0.7752096 0.5965765 0.1614946 0.6027096 0.7814478 0.5403733 0.3119852 0.7814487 0.6027073 0.1614949 0.7814496 0.6239718 0 0.7814469 0.6027085 -0.1614947 0.7814488 0.5403734 -0.311985 0.7814487 0.4412139 -0.441214 0.7814477 0.3119841 -0.5403727 0.7814495 0.1614963 -0.6027095 0.7814477 0 -0.6239685 0.7814496 -0.1614955 -0.6027095 0.7814478 -0.3119834 -0.5403728 0.7814498 -0.4412136 -0.4412131 0.7814486 -0.5403736 -0.3119843 0.7814488 -0.6027092 -0.1614954 0.7814481 -0.623969 0 0.7814491 -0.60271 0.1614954 0.7814473 -0.5403735 0.3119846 0.7814489 -0.4412127 0.4412131 0.7814491 -0.3119838 0.5403726 0.7814497 -0.1614958 0.6027095 0.7814477 0.4412144 0.4412141 0.7814474 -4.66804e-6 0.9716368 0.2364786 0.2514736 0.9385302 0.2364786 -0.251478 -0.938529 0.2364786 -0.485814 -0.8414646 0.2364786 -0.8414645 0.4858143 0.2364785 -0.6870542 0.6870477 0.2364785 0.9385291 0.2514781 0.2364784 0.9716368 0 0.2364784 -0.9385304 0.2514729 0.2364786 0.251478 -0.9385291 0.2364785 0 -0.9716367 0.2364786 -0.9716368 -4.6973e-6 0.2364783 0.6870478 0.687054 0.2364786 0.8414623 0.485818 0.2364785 -0.9385291 -0.2514777 0.2364785 -0.2514827 0.9385279 0.2364785 0.4858145 0.8414643 0.2364786 0.687051 -0.6870508 0.2364786 0.4858181 -0.8414621 0.2364788 -0.6870477 -0.6870542 0.2364784 -0.8414621 -0.4858182 0.2364786 -0.4858226 0.8414597 0.2364785 0.9385291 -0.251478 0.2364784 0.8414623 -0.4858181 0.2364786 0 0.2614457 0.9652183 0.067667 0.2525333 0.9652193 0.311984 0.5403729 0.7814495 0.2264189 0.1307234 0.9652181 0.1848636 0.1848644 0.9652206 0.2525243 0.06766694 0.9652216 0.2525356 -0.0676667 0.9652187 0.2264149 -0.1307222 0.9652192 0.1307286 -0.2264242 0.9652161 0.1848753 -0.1848667 0.9652179 -1.76909e-6 -0.2614459 0.9652181 0.06766611 -0.2525334 0.9652193 -0.1307274 -0.2264248 0.9652162 -0.06766217 -0.2525297 0.9652206 -0.1848575 -0.1848661 0.9652214 -0.2264195 -0.1307213 0.9652183 -0.2525523 -0.06766474 0.9652144 -0.2264025 0.1307209 0.9652223 -0.2525319 0.06766617 0.9652196 -0.1848779 0.1848657 0.9652176 -0.130726 0.2264249 0.9652163 -0.0676651 0.2525297 0.9652203 0.06740528 -0.977271 -0.2009925 0.1829044 -0.9276449 -0.3256087 0.2863543 -0.8544178 -0.4335568 -0.9411845 5.2373e-6 0.3378931 -0.9091141 -0.2435982 0.3378931 -0.9411846 -1.69226e-6 0.3378927 -0.5121097 0.5592812 0.6518806 -0.440226 0.6804453 0.5858288 -0.5401314 0.5009873 0.6762173 -0.9836152 1.29117e-6 0.1802811 -0.9500993 -0.2545782 0.1802814 -0.9500995 -0.2545775 0.1802811 0.254578 -0.9500992 0.180282 0.4918072 -0.8518359 0.1802818 0.4918065 -0.8518362 0.1802817 0.6955205 0.6955214 0.1802811 0.8518374 0.4918048 0.1802811 0.6955241 0.6955178 0.1802811 -0.9500992 0.2545787 0.1802812 -0.9836151 -3.21925e-6 0.1802816 0 -0.9836149 0.1802824 0.2545814 -0.9500983 0.1802816 0.8518356 0.4918078 0.1802814 0.9501 0.2545757 0.1802814 -0.8518359 0.4918074 0.1802811 -0.9500999 0.2545762 0.1802812 -0.2545815 -0.9500984 0.1802816 0 -0.9836152 0.180281 0.950099 0.2545794 0.1802812 0.9836151 -2.63172e-6 0.1802814 -0.6955206 0.6955214 0.1802807 -0.8518379 0.4918039 0.1802812 -0.2545781 -0.9500991 0.1802822 -0.4918073 -0.8518359 0.1802818 0.9836152 1.42312e-6 0.1802811 0.9500994 -0.2545778 0.1802814 -0.4918069 0.8518362 0.1802808 -0.6955239 0.6955181 0.1802812 -0.6955201 -0.6955217 0.1802818 -0.4918066 -0.8518362 0.1802818 0.8518348 -0.4918091 0.1802818 0.950099 -0.2545788 0.1802817 -0.2545771 0.9500995 0.1802814 -0.4918068 0.8518361 0.1802816 0.2545785 0.9500993 0.1802809 -3.19497e-6 0.9836151 0.1802812 1.29588e-6 0.9836152 0.1802811 -0.8518375 -0.4918044 0.1802814 -0.69552 -0.6955218 0.1802816 0.6955202 -0.6955216 0.1802816 0.851837 -0.4918053 0.1802814 -0.2545774 0.9500996 0.180281 0.4918067 0.8518363 0.1802808 0.254574 0.9501004 0.1802814 -0.851835 -0.4918087 0.1802816 0.6955202 -0.6955216 0.1802815 0.4918068 0.8518361 0.1802815 0.2435974 -0.9091143 0.3378929 0.4705929 -0.8150894 0.3378934 0.2435985 -0.909114 0.3378931 0.6655178 0.6655176 0.337894 0.8150904 0.4705908 0.3378934 0.8150875 0.4705961 0.3378933 -0.9091135 0.2436005 0.337893 -0.9091146 0.2435958 0.3378932 0 -0.9411845 0.3378933 0 -0.9411846 0.3378928 0.9091148 0.2435953 0.3378933 0.909113 0.2436015 0.3378934 -0.8150879 0.4705956 0.3378931 -0.8150904 0.470591 0.3378933 -0.2435975 -0.9091143 0.3378928 -0.2435985 -0.909114 0.3378927 0.9411846 -1.43191e-6 0.3378928 0.9411843 5.47335e-6 0.3378939 -0.6655178 0.6655176 0.3378941 -0.6655169 0.6655184 0.3378942 -0.4705926 -0.8150897 0.3378929 -0.4705913 -0.8150905 0.3378925 0.909114 -0.2435985 0.3378928 0.9091153 -0.2435919 0.3378943 -0.4705895 0.8150907 0.3378947 -0.4705955 0.8150872 0.3378945 -0.6655209 -0.6655151 0.337893 -0.6655168 -0.6655187 0.3378941 0.8150886 -0.4705941 0.3378933 0.8150916 -0.4705882 0.3378942 -0.2435972 0.9091139 0.337894 -0.2435956 0.9091143 0.3378942 0 0.9411843 0.337894 0.2435972 0.909114 0.3378938 0.2435954 0.9091143 0.3378944 -0.8150917 -0.4705881 0.337894 -0.8150888 -0.4705932 0.3378941 0.665517 -0.6655185 0.3378939 0.6655208 -0.6655148 0.3378936 0 0.9411845 0.337893 0.4705954 0.8150873 0.3378947 0.4705899 0.8150905 0.3378942 -0.9091156 -0.2435913 0.3378938 0.4705911 -0.8150905 0.3378927 0.6655172 0.6655184 0.3378939 -0.9411846 -4.86848e-6 0.3378928 -0.9091135 0.2435976 0.3378946 -0.9091158 0.2435908 0.3378934 -0.1891951 -0.9778203 0.08984827 -0.07067 -0.9963969 -0.04689282 -0.9500992 0.2545784 0.1802814 -0.9836151 -8.90626e-7 0.1802814 -0.9500997 0.2545773 0.1802806 0.4918073 0.8518359 0.1802816 0.2545781 0.9500992 0.1802818 0.4918063 0.8518365 0.1802808 0.69552 -0.6955217 0.1802816 0.8518375 -0.4918043 0.1802812 0.8518354 -0.4918079 0.1802814 -0.9836151 3.52515e-6 0.1802814 -0.9500992 -0.2545782 0.1802815 0.2545815 0.9500983 0.1802818 0 0.9836149 0.1802822 0.9501003 -0.2545749 0.1802813 0.9500991 -0.2545788 0.1802814 -0.9501001 -0.2545754 0.180281 -0.8518357 -0.4918076 0.1802812 -0.2545784 0.9500993 0.1802812 -0.2545792 0.9500989 0.1802821 0.9836152 2.90364e-6 0.1802812 0.9836151 -1.02728e-6 0.1802814 -0.8518381 -0.4918034 0.1802812 -0.69552 -0.6955218 0.1802815 -0.4918077 0.8518355 0.1802816 0.9500993 0.254578 0.1802814 0.9500992 0.2545787 0.1802811 -0.6955228 -0.695519 0.1802812 -0.491808 -0.8518355 0.1802815 -0.4918048 0.8518373 0.1802813 -0.6955207 0.6955212 0.1802811 0.8518351 0.4918087 0.1802811 -0.2545784 -0.9500992 0.1802814 -0.2545772 -0.9500996 0.1802811 -3.36006e-6 -0.9836152 0.1802814 0.2545785 -0.9500992 0.1802815 9.42462e-7 -0.9836151 0.1802812 -0.8518381 0.4918034 0.1802816 -0.8518354 0.4918084 0.1802808 0.8518376 0.4918044 0.1802814 0.6955208 0.6955211 0.1802811 0.2545757 -0.9501001 0.1802809 0.4918078 -0.8518355 0.1802815 0.6955231 -0.6955188 0.1802812 0.2435974 0.9091143 0.3378927 0.4705925 0.8150892 0.337894 0.470591 0.8150901 0.3378939 0.8150898 -0.4705916 0.3378939 0.6655175 -0.6655183 0.3378934 0.8150874 -0.4705961 0.3378933 -0.9091135 -0.2435999 0.337893 -0.9411845 2.13856e-6 0.3378934 0 0.9411845 0.337893 1.77029e-7 0.9411848 0.3378922 0.9091148 -0.2435946 0.3378935 0.9091134 -0.2436009 0.337893 -0.8150899 -0.4705914 0.3378938 -0.9091147 -0.2435952 0.3378934 -0.2435975 0.9091141 0.3378933 0.9411845 1.89216e-6 0.3378933 0.9411845 -5.07011e-6 0.3378933 -0.6655167 -0.6655191 0.3378932 -0.6655209 -0.6655144 0.3378944 -0.4705922 0.8150894 0.3378939 -0.4705911 0.81509 0.337894 0.9091137 0.2435979 0.3378943 0.9091156 0.2435916 0.3378937 -0.4705913 -0.8150901 0.3378934 -0.4705965 -0.8150869 0.337894 -0.6655178 0.6655178 0.3378939 0.8150888 0.4705933 0.3378941 0.8150921 0.4705875 0.337894 -0.2435956 -0.9091144 0.3378939 -0.2435954 -0.9091142 0.3378944 0.2435956 -0.9091144 0.3378939 0 -0.9411841 0.3378942 0.2435953 -0.9091144 0.3378942 -0.8150897 0.4705913 0.3378946 -0.8150897 0.4705919 0.3378937 0.6655176 0.665518 0.3378939 0.6655213 0.665514 0.3378943 0.4705966 -0.8150871 0.3378933 0.4705915 -0.8150897 0.3378942 0.2435964 -0.9091145 0.3378928 -3.16139e-7 -0.9411848 0.3378924 0 -0.9411846 0.3378931 -0.3812913 0.7581921 0.528925 -0.2863542 0.8544167 0.4335593 -1.36658e-7 -0.983615 0.180282 0.2545784 -0.9500992 0.1802815 0.2545783 -0.9500992 0.1802815 0.9500994 0.254578 0.1802811 0.851836 0.4918072 0.1802812 0.8518351 0.4918085 0.1802814 -0.4918063 0.8518365 0.1802812 -0.6955239 0.6955179 0.1802812 -0.6955206 0.6955212 0.1802812 -0.2545821 -0.9500982 0.1802815 1.35953e-7 -0.9836151 0.1802816 0.9836153 0 0.1802808 0.9500981 0.2545829 0.1802809 -0.2545767 0.9500997 0.1802815 -0.4918102 0.8518342 0.1802814 -0.2545769 -0.9500995 0.1802817 -0.4918103 -0.8518341 0.1802813 0.9500981 -0.254583 0.1802809 0.9836151 0 0.1802812 -1.41371e-7 0.983615 0.180282 -0.254582 0.9500982 0.1802817 -0.4918064 -0.8518365 0.1802813 -0.6955214 -0.6955205 0.1802811 0.9500994 -0.2545781 0.1802811 0.851836 -0.4918073 0.1802812 0.2545783 0.9500992 0.1802815 1.31097e-7 0.9836151 0.1802818 -0.8518355 -0.4918081 0.1802811 -0.6955212 -0.6955207 0.1802812 0.6955218 -0.69552 0.1802816 0.8518351 -0.4918085 0.1802814 0.4918088 0.8518348 0.1802817 0.254578 0.9500993 0.1802816 -0.9500991 -0.2545788 0.1802813 -0.851836 -0.4918073 0.1802809 -0.9836152 0 0.1802809 -0.9500992 0.2545788 0.1802813 -0.9836151 0 0.1802819 0.4918039 -0.8518378 0.1802813 0.6955211 -0.6955208 0.1802813 0.6955218 0.69552 0.1802816 0.4918037 0.8518379 0.1802812 -0.9500998 -0.2545769 0.1802809 -0.8518348 0.4918093 0.1802809 -0.9500998 0.2545768 0.1802809 0.491809 -0.8518347 0.1802818 0.695521 0.6955208 0.1802813 -0.8518376 0.4918045 0.180281 0.8150855 0.4705997 0.3378931 0.9091143 0.2435956 0.337894 0.9091123 0.2436043 0.3378931 -0.6655176 0.6655182 0.3378932 -0.4705931 0.8150889 0.3378939 -0.4705919 0.8150898 0.3378937 -0.2435965 -0.9091144 0.3378931 -0.2435965 -0.9091145 0.3378928 0.9411844 0 0.3378934 0.9411846 0 0.3378927 -0.2435963 0.9091145 0.3378931 -0.2435966 0.9091146 0.3378928 -0.4705929 -0.8150891 0.3378938 -0.470592 -0.8150899 0.3378934 0.9091125 -0.2436043 0.337893 0.9091144 -0.2435956 0.3378939 -3.39385e-7 0.9411849 0.3378923 0 0.9411846 0.3378931 -0.6655175 -0.6655184 0.3378931 -0.6655175 -0.6655181 0.3378938 0.8150855 -0.4705996 0.337893 0.8150904 -0.4705904 0.3378939 0.2435963 0.9091145 0.3378929 0.2435968 0.9091145 0.3378927 -0.8150886 -0.470594 0.3378933 -0.8150895 -0.4705924 0.3378934 0.6655139 -0.6655221 0.3378928 0.665521 -0.6655146 0.3378936 0.4705925 0.8150896 0.3378931 0.4705925 0.8150895 0.3378934 -0.9091148 -0.2435951 0.3378933 -0.9091148 -0.243595 0.3378931 -0.9411846 -6.02904e-6 0.337893 -0.9091141 0.2435976 0.3378931 -0.9091164 0.2435894 0.3378933 0.4705875 -0.8150928 0.3378925 0.4705951 -0.815088 0.3378936 0.6655183 0.6655176 0.3378933 0.6655191 0.6655167 0.3378931 -0.9411845 2.73829e-6 0.337893 -0.8150885 0.4705941 0.3378933 -0.8150895 0.4705925 0.3378933 0.2435967 -0.9091145 0.3378929 0.8150905 0.4705904 0.3378939 -0.6655176 0.6655179 0.3378938 4.88156e-7 -0.9411849 0.3378921 -0.243596 -0.9091147 0.3378928 3.2947e-7 -0.9411848 0.3378926 -0.4120311 -0.8368429 0.3604502 -0.3145283 -0.9185386 0.2394966 -0.2545787 -0.9500992 0.1802814 1.93206e-7 -0.983615 0.180282 -0.2545771 -0.9500995 0.1802819 -0.851835 0.4918087 0.1802812 -0.9500995 0.2545772 0.1802812 -0.8518354 0.4918082 0.1802808 0.695523 0.6955189 0.1802811 0.4918069 0.851836 0.1802812 0.6955202 0.6955216 0.1802812 0.2545789 -0.9500992 0.1802812 0.2545773 -0.9500995 0.1802818 -0.950098 0.254583 0.1802812 -0.9836152 -1.21106e-6 0.1802812 0.2545779 0.9500994 0.1802814 0.2545785 0.9500992 0.1802818 0.4918077 -0.8518357 0.1802814 -0.9836152 3.13185e-6 0.1802811 -0.9500994 -0.2545784 0.1802809 1.50795e-7 0.983615 0.1802819 0.4918046 -0.8518375 0.1802809 0.6955218 -0.6955201 0.1802814 -0.8518351 -0.4918086 0.1802813 -0.8518353 -0.4918083 0.1802808 -0.2545789 0.9500991 0.1802812 -0.2545783 0.9500992 0.1802819 0.8518369 -0.4918055 0.1802812 0.8518354 -0.4918079 0.1802815 -0.6955199 -0.695522 0.1802812 -0.4918076 0.8518357 0.1802815 0.9500993 -0.2545781 0.1802814 0.9500991 -0.2545787 0.1802815 0.9836151 0 0.1802815 0.9500993 0.254578 0.1802814 0.9500992 0.2545787 0.1802816 -0.6955239 -0.695518 0.1802815 -0.4918065 -0.8518363 0.1802816 -0.6955238 0.695518 0.1802814 -0.6955199 0.695522 0.1802812 0.8518354 0.4918079 0.1802815 0.8518369 0.4918055 0.1802812 -0.9091148 0.2435943 0.337894 -0.8150868 0.4705971 0.3378933 -0.9091141 0.2435975 0.3378934 0.4705909 0.8150907 0.337893 0.6655186 0.6655169 0.3378939 0.4705925 0.8150893 0.337894 0.2435958 -0.9091148 0.3378927 -0.9411843 0 0.3378937 0.2435965 0.9091144 0.3378933 0.470591 -0.8150907 0.3378927 0.4705917 -0.8150897 0.337894 -0.9091147 -0.2435944 0.337894 -0.9091141 -0.2435974 0.3378933 5.76489e-7 0.9411846 0.3378931 2.80295e-7 0.9411844 0.3378935 0.6655187 -0.6655169 0.3378939 -0.8150868 -0.4705971 0.3378933 -0.2435966 0.9091143 0.3378934 0.8150893 -0.470593 0.3378931 0.8150903 -0.4705908 0.3378936 -0.6655144 -0.6655215 0.3378933 -0.8150897 -0.4705922 0.3378934 -0.4705925 0.8150894 0.3378936 -0.4705929 0.815089 0.3378937 0.9091144 -0.243596 0.3378937 0.9091141 0.243597 0.3378937 0.9411843 -5.50286e-6 0.3378938 0.9091158 0.2435916 0.3378932 -0.4705874 -0.8150923 0.3378936 -0.6655184 -0.6655174 0.3378934 -0.6655178 0.6655181 0.3378932 0.9411843 8.08935e-7 0.3378937 0.8150894 0.4705929 0.3378931 0.8150904 0.4705907 0.3378935 -0.4705933 -0.8150892 0.3378929 -0.8150896 0.4705924 0.3378934 0 0 -1 1.4484e-7 0 -1 0 0 -1 0 0 -1 0 0 -1 0 0 -1 1.2511e-7 0 -1 2.65171e-7 0 -1 -1.65531e-7 0 -1 -1.25113e-7 0 -1 -2.65171e-7 0 -1 0 0 -1 -1.64343e-7 0 -1 0 0 -1 0 0 -1 0 0 -1 1.64342e-7 0 -1 0 0 -1 0 0 -1 2.65171e-7 0 -1 1.25114e-7 0 -1 1.65531e-7 0 -1 -1.65531e-7 0 -1 -1.25114e-7 0 -1 -1.82406e-7 0 -1 0 0 -1 0 0 -1 -1.4484e-7 0 -1 0 0 -1 0 0 -1 1.4484e-7 0 -1 0 0 -1 0 0 -1 0 0 -1 0 0 -1 1.74015e-7 0 -1 0 0 -1 2.65172e-7 0 -1 0 0 -1 1.85178e-7 0 -1 -2.99962e-7 0 -1 -1.19886e-7 0 -1 0 0 -1 1.85179e-7 0 -1 1.64343e-7 0 -1 0 0 -1 0 0 -1 -1.64343e-7 0 -1 0 0 -1 0 0 -1 -1.85173e-7 0 -1 1.19886e-7 0 -1 0 0 -1 0 0 -1 2.99964e-7 0 -1 0 0 -1 0 0 -1 -1.85179e-7 0 -1 0 0 -1 0 0 -1 -1.4484e-7 0 -1 0 0 -1 0 0 -1 0 0 -1 0 0 -1 0 0 -1 0 0 -1 0 0 -1 0 0 -1 0 0 -1 0 0 -1 0 0 -1 0 0 -1 0 0 -1 0 0 -1 0 0 -1 0 0 -1 0 0 -1 0 0 -1 0 0 -1 0 0 -1 0 0 -1 0 0 -1 0 0 -1 0 0 -1 0 0 -1 0 0 -1 0 0 -1 0 0 -1 0 0 -1 0 0 -1 0 0 -1 0 0 -1 0 0 -1 1.33304e-7 0 -1 0 0 -1 0 0 -1 0 0 -1 0 0 -1 0 0 -1 0 0 -1 0 0 -1 0 0 -1 0 0 -1 0 0 -1 0 0 -1 0 0 -1 0 0 -1 0 0 -1 0 0 -1 0 0 -1 0 0 -1 0 0 -1 0 0 -1 0 0 -1 0 0 -1 0 0 -1 0 0 -1 0 0 -1 0 0 -1 0 0 -1 0 0 -1 0 0 -1 0 0 -1 0 0 -1 0 0 -1 0 0 -1 -1.95942e-7 0 -1 1.95927e-7 0 -1 0 0 -1 -2.22536e-7 0 -1 -3.77927e-7 0 -1 0 0 -1 0 0 -1 0 0 -1 0 0 -1 0 0 -1 0 0 -1 0 0 -1 -0.5926072 0.3644847 0.7183088 -0.6033606 0.3297997 0.7260772 0.3812927 -0.7581929 -0.5289231 0.4402263 -0.6804462 -0.5858274 -0.6395224 0.1784307 0.7477791 -0.6417438 0.1660717 0.7487224 0.512111 -0.5592818 -0.651879 0.5401315 -0.500988 -0.6762167 -0.6618106 -0.005092322 0.7496538 -0.6612237 0.004236638 0.7501769 0.5926065 -0.3644862 -0.7183088 0.6033592 -0.3298016 -0.7260776 -0.6629136 -0.1626119 0.7308235 -0.6610246 -0.1952015 0.7245295 0.6395217 -0.1784316 -0.7477795 0.6417441 -0.1660713 -0.7487221 -0.6430574 -0.3413647 0.6855272 -0.6310661 -0.4003946 0.6644093 0.6618109 0.005092322 -0.7496536 0.6612237 -0.00423628 -0.7501769 -0.5914354 -0.5362952 0.6021558 -0.556123 -0.6220245 0.5511922 0.6629133 0.1626115 -0.7308239 0.6610246 0.1952019 -0.7245294 -0.4893161 -0.740726 0.4603204 -0.4120314 -0.8368428 0.3604501 0.6430562 0.3413659 -0.6855276 0.6310659 0.4003946 -0.6644095 -0.3145304 -0.9185378 0.2394971 -0.1891921 -0.9778211 0.08984643 0.5914353 0.5362957 -0.6021555 0.5561228 0.6220253 -0.5511915 -0.07066935 -0.996397 -0.04689311 0.06740587 -0.9772715 -0.20099 0.489314 0.7407288 -0.460318 0.4120308 0.8368436 -0.3604491 0.1829037 -0.9276461 -0.3256056 0.2863538 -0.8544161 -0.4335603 0.3145284 0.9185389 -0.2394956 0.1891947 0.9778205 -0.08984756 0.381292 -0.7581906 -0.5289267 0.4402262 -0.6804431 -0.5858312 0.07066893 0.9963969 0.04689455 -0.06740599 0.9772707 0.2009935 0.5121105 -0.5592803 -0.6518807 0.5401322 -0.5009869 -0.676217 -0.1829044 0.9276444 0.3256102 -0.2863541 0.8544175 0.4335577 0.5926069 -0.3644858 -0.7183086 0.6033594 -0.3298014 -0.7260775 -0.3812927 0.7581917 0.5289245 -0.4402265 0.680446 0.5858276 0.6395214 -0.1784312 -0.7477799 0.641743 -0.166072 -0.748723 -0.5121114 0.5592814 0.6518791 -0.5401315 0.5009884 0.6762164 0.6618099 0.00509274 -0.7496545 0.6612233 -0.00423634 -0.7501773 -0.5926066 0.3644859 0.7183088 -0.6033586 0.3298014 0.7260781 0.6629128 0.1626119 -0.7308242 0.661024 0.1952017 -0.7245299 -0.6395208 0.1784319 0.7477802 -0.6417433 0.1660718 0.7487227 0.6430566 0.3413647 -0.6855278 0.6310663 0.4003934 -0.6644099 -0.6618105 -0.005092382 0.7496539 -0.6612241 0.00423628 0.7501766 0.5914356 0.5362945 -0.6021564 0.5561224 0.6220255 -0.5511917 0.4893144 0.7407283 -0.4603186 0.41203 0.8368446 -0.3604476 0.3145289 0.918539 -0.239495 0.1891936 0.9778212 -0.08984279 0.07067 0.9963968 0.04689627 -0.06740593 0.9772699 0.2009977 0.6417441 -0.1660704 -0.7487224 0.6618103 0.005092322 -0.7496541 0.6612221 -0.0042364 -0.7501784 0.6033596 -0.3298001 -0.726078 0.6395224 -0.17843 -0.7477793 0.5401319 -0.500988 -0.6762164 0.5926066 -0.3644858 -0.7183088 0.4402266 -0.6804455 -0.5858281 0.5121113 -0.5592811 -0.6518794 -0.1891971 -0.97782 0.08984684 -0.07067358 -0.9963968 -0.0468924 0.06740736 -0.9772702 -0.2009958 0.2863537 -0.8544173 -0.4335582 0.3812919 -0.758192 -0.528925 -0.4120297 -0.8368448 0.3604476 -0.3145297 -0.9185385 0.239496 0.06740558 -0.9772708 -0.2009935 0.1829044 -0.9276443 -0.3256105 -0.5561212 -0.6220259 0.5511925 -0.4893134 -0.7407284 0.4603193 -0.1891944 -0.9778206 0.0898475 -0.07066839 -0.9963969 -0.0468952 -0.6310665 -0.4003939 0.6644094 -0.5914354 -0.5362953 0.6021558 -0.4120305 -0.8368426 0.3604516 -0.3145279 -0.9185386 0.2394971 -0.6610254 -0.1952016 0.7245286 -0.6430575 -0.3413644 0.6855272 -0.5561233 -0.6220238 0.5511928 -0.4893147 -0.740727 0.4603203 -0.661811 -0.005092501 0.7496535 -0.662913 -0.1626118 0.7308241 -0.631066 -0.4003949 0.6644092 -0.5914359 -0.5362949 0.6021555 -0.6417443 0.166071 0.7487221 -0.6612233 0.004236578 0.7501772 -0.6610233 -0.1952028 0.7245302 -0.6430554 -0.3413667 0.6855279 -0.6395221 0.1784306 0.7477794 -0.6033601 0.3298006 0.7260773 -0.6618093 -0.005092263 0.749655 -0.6629114 -0.1626127 0.7308253 -0.5926064 0.3644853 0.7183092 -0.5401311 0.5009878 0.6762171 -0.6417422 0.1660727 0.7487235 -0.6612219 0.004236221 0.7501785 -0.5121093 0.5592815 0.6518807 -0.4402256 0.6804452 0.5858292 -0.6395206 0.1784323 0.7477803 -0.6033582 0.3298021 0.7260782 -0.3812922 0.7581906 0.5289265 -0.286355 0.8544162 0.4335594 -0.5926066 0.3644867 0.7183085 -0.5401322 0.5009874 0.6762165 -0.182904 0.9276465 0.3256044 -0.06740635 0.9772715 0.2009896 -0.5121117 0.5592807 0.6518795 -0.440227 0.6804445 0.585829 0.07066988 0.9963971 0.04688841 0.1891936 0.9778208 -0.08984619 -0.3812923 0.7581914 0.5289254 -0.2863538 0.8544173 0.4335582 0.314531 0.9185378 -0.239497 0.4120312 0.8368442 -0.3604472 -0.1829037 0.9276448 0.3256093 -0.06740432 0.9772711 0.2009922 0.4893152 0.740728 -0.4603182 0.5561214 0.6220263 -0.5511918 0.07066965 0.9963969 0.04689317 0.1891952 0.9778202 -0.08984887 0.5914362 0.5362964 -0.6021541 0.6310666 0.4003944 -0.664409 0.3145277 0.9185388 -0.2394973 0.4120301 0.8368431 -0.3604512 0.6430572 0.341365 -0.6855271 0.6610243 0.1952012 -0.7245298 0.4893143 0.7407276 -0.4603198 0.556123 0.6220241 -0.5511927 0.6629119 0.162612 -0.730825 0.6618102 0.005092501 -0.7496542 0.5914356 0.5362957 -0.6021552 0.631066 0.4003945 -0.6644094 0.6417427 -0.166072 -0.7487233 0.6612226 -0.004236578 -0.7501779 0.6430567 0.3413644 -0.6855279 0.6610249 0.1952002 -0.7245295 0.6033592 -0.3298007 -0.7260779 0.6395214 -0.1784314 -0.7477798 0.662913 0.1626107 -0.7308243 0.5401325 -0.500988 -0.676216 0.5926073 -0.3644851 -0.7183086 -0.6629124 -0.162612 0.7308246 -0.6610236 -0.1952021 0.7245301 0.4402258 -0.6804462 -0.5858278 0.5121102 -0.5592824 -0.6518791 -0.6430557 -0.3413659 0.6855281 -0.6310661 -0.4003945 0.6644093 0.2863557 -0.8544158 -0.43356 0.3812915 -0.758192 -0.5289252 -0.5914354 -0.536296 0.6021552 -0.5561234 -0.6220245 0.5511918 0.1829053 -0.9276439 -0.3256109 -0.4893144 -0.7407281 0.4603187 -0.1829025 0.9276445 0.3256111 -0.865332 0.5011991 0 -0.8653321 0.5011991 0 -0.8653321 0.5011991 0 0.420727 0.7263962 0.5434496 0.2519662 0.7673283 0.5896782 0.4036157 0.7639392 0.5034793 0.8653322 -0.501199 0 0.8653322 -0.5011989 0 0.8653321 -0.5011992 0 -0.8610957 -0.5084429 0 -0.8610957 -0.5084429 0 -0.8610958 -0.5084428 0 -0.8610957 -0.5084429 0 0 0 1 0 0 1 0 0 1 0.865332 -0.5011991 0 0.865332 -0.5011991 -1.61956e-7 0.8653318 -0.5011995 -1.28622e-7 0.5037215 0.714534 0.4854956 0.4288556 0.74043 0.5175387 -0.8653321 0.5011991 1.75041e-7 0.8653321 -0.501199 0 0.8653317 -0.5011998 0 -0.8653321 0.5011992 3.42313e-7 -0.8653319 0.5011993 3.10031e-7 -0.5138379 -0.3755595 -0.7713143 -0.3989856 -0.5265929 -0.7506734 -0.5473532 -0.3231902 -0.7719796 0.6361797 0.5992159 0.4860205 0.6669651 0.5488962 0.5038558 0 0 -1 0 0 -1 0 0 -1 -0.8653319 0.5011995 1.28626e-7 -0.865332 0.5011994 0 -0.5090265 -0.8607509 0 -0.5011988 -0.8653322 0 -0.5011994 -0.865332 0 0.8653309 -0.5012013 0 0.8696305 0.4937033 0 0.8696302 0.4937037 0 0.8696302 0.4937038 0 0 0 -1 0 0 -1 -0.865332 0.5011991 0 -0.8653318 0.5011995 0 0 0 1 0 0 1 0 0 1 -0.00448656 0.99999 0 -0.00448656 0.99999 0 -0.00448656 0.9999899 0 -0.4933311 -0.8698418 0 -0.4933311 -0.8698416 0 0 0 -1 0 0 -1 0.2032017 0.849996 0.4860205 0.3691396 0.7924832 0.485496 -0.07007753 -0.6325845 -0.7713146 -0.2582356 -0.608115 -0.7506735 -0.3352183 -0.591058 -0.7336751 0.4618065 0.7302352 0.5034794 0 0 1 -0.01254606 -0.9999213 0 -0.01254606 -0.9999213 0 -0.01254606 -0.9999213 0 -0.01254606 -0.9999213 0 0.5402074 0.6003798 0.589678 0.8653323 0.5011988 0 0.8653322 0.5011989 0 0.8653322 0.501199 0 -0.420727 0.726396 0.5434498 -0.251966 0.7673282 0.5896784 -0.3899596 0.6732751 0.6281976 -0.865332 -0.5011993 -2.11503e-7 -0.865332 -0.5011993 -3.50935e-7 -0.8653321 -0.501199 0 0.8610956 -0.5084433 0 0.8610956 -0.5084432 0 0.8610956 -0.5084432 0 0 0 1 -2.46282e-7 0 1 -0.8653322 -0.5011988 1.62592e-7 -0.8653323 -0.5011989 0 -0.8653321 -0.5011991 1.91454e-7 -0.5037217 0.7145334 0.4854962 -0.4036158 0.7639392 0.5034791 0.8653321 0.501199 0 -0.8653317 -0.5011999 0 -0.8653316 -0.5011999 -1.28622e-7 0.8653318 0.5011996 0 0.8653319 0.5011993 0 0.3989849 -0.5265931 -0.7506735 0.5138375 -0.3755598 -0.7713144 0.547353 -0.3231906 -0.7719797 -0.4288554 0.7404298 0.5175393 -0.6361797 0.5992163 0.4860198 0 0 -1 0 0 -1 0 0 -1 0.8653317 0.5011997 0 0.865332 0.5011994 0 0.5016643 -0.8650624 -2.46783e-4 0.509026 -0.8607512 0 0.5011993 -0.8653319 0 -0.8653317 -0.5011999 0 -0.8696312 0.4937019 0 -0.8696308 0.4937028 0 -0.8696314 0.4937017 0 0 0 -1 0 0 -1 0.8653321 0.5011989 0 0.8653319 0.5011994 0 0 0 1 0 0 1 0 0 1 0 0 1 0 0 1 0 0 -1 0.00448656 0.99999 0 0.00448656 0.99999 0 0.00448656 0.9999899 0 0.4933316 -0.8698413 0 0.4933317 -0.8698412 0 -0.2032013 0.8499957 0.4860211 -0.3691394 0.7924832 0.4854961 0.07007795 -0.6325843 -0.7713147 0.2582362 -0.6081149 -0.7506734 0.00797522 -0.6355967 -0.7719801 -0.4618069 0.7302352 0.503479 0 0 1 -3.11728e-7 0 1 0.01254671 -0.9999213 0 0.01254671 -0.9999213 0 0.01254671 -0.9999213 0 -0.5402075 0.6003794 0.5896784 -0.8653321 -0.5011991 1.41002e-7 -0.865332 -0.5011994 2.33957e-7 -0.8653318 -0.5011995 0 0.4207276 -0.7263959 0.5434497 0.2519667 -0.7673283 0.5896781 0.3899598 -0.6732752 0.6281974 0.8653323 0.5011987 1.41002e-7 0.8653321 0.5011988 2.33957e-7 0.8653321 0.5011991 -3.14323e-7 -0.8610956 0.5084431 0 -0.8610956 0.5084432 0 -0.8610958 0.5084428 0 -0.8610957 0.5084431 0 0 0 1 2.46282e-7 0 1 0.8653321 0.501199 -2.02903e-7 0.8653324 0.5011987 0 0.8653321 0.5011991 -1.20346e-7 0.5037223 -0.7145329 0.4854962 0.4036169 -0.7639383 0.5034798 -0.8653321 -0.5011989 0 -0.8653321 -0.5011991 3.74907e-7 0.8653317 0.5011998 0 0.8653318 0.5011996 0 -0.865332 -0.5011994 0 -0.8653321 -0.5011992 0 -0.3989855 0.5265934 -0.7506731 -0.5138376 0.3755599 -0.7713144 -0.5473529 0.3231906 -0.7719798 0.4288558 -0.7404298 0.5175389 0.6361799 -0.5992156 0.4860205 0 0 -1 0 0 -1 0 0 -1 -0.8653321 -0.5011989 1.28626e-7 -0.5016643 0.8650623 -2.46783e-4 -0.5090255 0.8607515 0 -0.5011992 0.865332 0 0.8653317 0.5011999 0 0.8696309 -0.4937024 0 0.8696311 -0.4937024 0 0.869631 -0.4937024 0 0 0 -1 0 0 -1 -0.8653327 -0.5011981 0 -0.8653321 -0.5011989 0 0 0 1 0 0 1 0 0 1 0 0 1 0 0 1 0 0 -1 -0.00448656 -0.99999 0 -0.00448656 -0.99999 0 -0.00448656 -0.99999 0 -0.4933313 0.8698415 0 -0.4933314 0.8698415 0 0.2032012 -0.8499959 0.4860209 0.3691396 -0.7924834 0.4854957 -0.07007807 0.6325846 -0.7713145 -0.2582363 0.6081147 -0.7506734 -0.00797528 0.6355972 -0.7719798 0.4618068 -0.7302352 0.503479 0 0 1 3.11729e-7 0 1 -0.01254665 0.9999213 0 -0.01254665 0.9999213 0 -0.01254665 0.9999213 0 -0.01254665 0.9999213 0 0.5402075 -0.6003794 0.5896784 0.865332 -0.5011991 0 0.8653321 -0.501199 0 0.865332 -0.5011992 0 -0.4207274 -0.7263959 0.5434496 -0.2519667 -0.7673281 0.5896782 -0.4036166 -0.7639386 0.5034794 -0.8653318 0.5011996 -4.67914e-7 -0.8653319 0.5011994 -2.82004e-7 -0.865332 0.5011994 -2.90328e-7 0.8610956 0.5084432 0 0.8610956 0.5084433 0 0.8610954 0.5084435 0 0.8610957 0.5084432 0 0 0 1 0 0 1 -0.8653319 0.5011993 0 -0.8653321 0.5011989 0 -0.8653323 0.5011989 0 -0.5037221 -0.7145337 0.4854954 -0.4288558 -0.7404299 0.5175387 0.8653321 -0.501199 0 -0.8653319 0.5011994 0 0.8653321 -0.5011991 0 0.8653321 -0.501199 0 0.5138376 0.3755598 -0.7713143 0.3989851 0.5265939 -0.750673 0.547353 0.3231903 -0.7719798 -0.6361801 -0.5992153 0.4860205 -0.6669656 -0.5488956 0.5038557 0 0 -1 0 0 -1 0 0 -1 0.8653321 -0.5011989 0 0.8653323 -0.5011988 0 0.5090253 0.8607516 0 0.5011987 0.8653323 0 0.501199 0.8653322 0 -0.8653311 0.5012008 0 -0.8696313 -0.4937018 0 -0.869631 -0.4937022 0 -0.869631 -0.4937024 0 0 0 -1 0 0 -1 0.8653319 -0.5011995 0 0 0 1 0 0 1 0 0 1 0.00448656 -0.99999 0 0.00448656 -0.99999 0 0.00448656 -0.99999 0 0.4933314 0.8698416 0 0.4933314 0.8698415 0 0 0 -1 0 0 -1 -0.2032014 -0.849996 0.4860206 -0.3691395 -0.7924833 0.4854959 0.07007843 0.6325843 -0.7713147 0.2582364 0.6081147 -0.7506734 0.3352192 0.5910577 -0.733675 -0.461807 -0.7302349 0.5034794 0 0 1 0.01254731 0.9999213 0 0.01254731 0.9999213 0 0.01254731 0.9999213 0 0.01254731 0.9999213 0 -0.5402075 -0.6003795 0.5896784 5.03744e-7 0 -1 0 0 -1 0 0 -1 1.50025e-7 0 -1 -7.73607e-7 0 -1 0 0 -1 7.73613e-7 0 -1 0 0 -1 0 0 -1 -5.03747e-7 0 -1 0 0 -1 7.7361e-7 0 -1 -1.50026e-7 0 -1 2.24359e-7 0 -1 -2.51873e-7 0 -1 0 0.9836152 0.180281 -0.4918071 -0.851836 0.1802811 -0.6955209 0.6955209 0.1802815 0.6955212 0.6955206 0.1802812 0.4918072 -0.851836 0.180281 0.2435985 0.9091137 0.3378937 0.6655174 -0.6655179 0.3378943 -0.8150892 -0.4705933 0.337893 -0.2435987 0.9091139 0.3378929 -0.6655185 0.6655171 0.3378939 1.67364e-7 -0.9411843 0.3378937 -0.243597 -0.9091146 0.3378921 1.45664e-7 -0.9836151 0.1802816 0.4918083 0.8518352 0.1802815 -0.9500988 -0.25458 0.1802814 1.50519e-7 0.9836152 0.1802811 0.69552 -0.6955219 0.1802808 -0.4918087 0.8518351 0.1802809 0.9836151 0 0.1802812 -0.4918077 -0.8518357 0.1802811 0.6655166 0.6655194 0.3378929 0.2435965 -0.9091149 0.3378919 -0.941184 0 0.3378946 0.2435965 0.9091145 0.3378929 0.6655165 -0.6655194 0.337893 -0.2435969 0.9091143 0.3378931 0.9091148 -0.2435951 0.3378933 -0.665517 0.6655187 0.3378934 -5.38909e-7 0 -1 0 0 -1 -4.31131e-6 0 -1 -1.95925e-7 0 -1 4.31135e-6 0 -1 1.95927e-7 0 -1 0 0 -1 -1.0779e-6 0 -1 -1.95928e-7 0 -1 -4.31138e-6 0 -1 0 0 -1 -2.76807e-6 0 -1 3.13016e-7 0 -1 1.95925e-7 0 -1 4.31138e-6 0 -1 0 0 -1 1.94485e-6 0 -1 0 0 -1 0 0 -1 0 0 -1 9.72415e-7 0 -1 0 0 -1 -1.94484e-6 0 -1 0 0 -1 0 0 -1 0 0 -1 5.44821e-7 0 -1 -1.94484e-6 0 -1 1.94485e-6 0 -1 -7.98509e-7 0 -1 9.72407e-7 0 -1 2.57822e-7 0 -1 0 0 -1 9.72426e-7 0 -1 0 0 -1 0 0 -1 1.94484e-6 0 -1 -1.17802e-6 0 -1 1.12807e-6 0 -1 1.75579e-7 0 -1 0 0 -1 0 0 -1 6.33203e-7 0 -1 -0.865332 0.5011992 0 0.3899598 0.6732754 0.6281973 0.8653324 -0.5011987 0 -0.8610957 -0.508443 0 0.865332 -0.5011993 0 -0.3458836 -0.5848805 -0.7336753 0 0 -1 0.8653307 -0.5012015 0 0.8696305 0.4937032 0 -0.00448656 0.9999899 0 0.1442356 0.8516607 0.5038552 -0.007974863 -0.6355969 -0.7719799 -0.01254606 -0.9999214 0 -0.01254606 -0.9999214 0 -0.8653319 -0.5011993 0 0.8610956 -0.5084431 0 0.8610954 -0.5084434 0 0 0 1 -0.8653322 -0.501199 0 0.3458828 -0.5848808 -0.7336754 -0.6669653 0.5488973 0.5038543 0.5012481 -0.8653032 9.40654e-4 0.5090255 -0.8607515 0 -0.865332 -0.5011991 0 -0.8696306 0.4937029 0 0 0 -1 0.8653324 0.5011987 0 0 0 1 0.00448656 0.99999 0 0 0 -1 -0.1442351 0.8516602 0.5038563 0.3352189 -0.5910578 -0.733675 0.01254665 -0.9999214 0 0.01254671 -0.9999214 0 -0.8610954 0.5084434 0 -0.8610954 0.5084434 0 0 0 1 -0.3458836 0.5848811 -0.7336748 0.6669653 -0.5488963 0.5038554 -0.5012485 0.8653029 9.40653e-4 -0.5090259 0.8607512 0 0.865332 0.5011991 0 0.869631 -0.4937024 0 0 0 -1 -0.8653328 -0.5011978 0 0 0 1 -0.00448656 -0.9999899 0 0 0 -1 0.144235 -0.8516605 0.5038558 -0.3352192 0.5910575 -0.7336752 -0.01254665 0.9999214 0 -0.01254671 0.9999214 0 0.8653324 -0.5011985 0 -0.3899599 -0.6732754 0.6281971 -0.8653315 0.5012 0 0.8610959 0.5084428 0 0.8610957 0.5084429 0 -0.8653324 0.5011985 0 0.345883 0.5848819 -0.7336745 0.5090254 0.8607516 0 -0.8653307 0.5012015 0 -0.8696313 -0.4937017 0 0.8653317 -0.5011997 0 0.00448656 -0.9999899 0 -0.1442354 -0.8516607 0.5038554 0.007975637 0.6355968 -0.7719802 0.01254731 0.9999214 0 0.01254731 0.9999213 0 -0.9517909 0.2550337 0.1704463 -0.9105855 0.3771771 0.1690308 -0.910586 0.3771765 0.1690301 -0.9105858 -0.377177 0.16903 -0.951792 -0.2550299 0.170446 -0.9517914 -0.2550321 0.1704462 -0.985367 2.71177e-6 0.1704463 -0.9853671 2.37728e-7 0.1704463 -0.9517915 0.2550317 0.1704461 -0.9385291 -0.2514781 -0.2364784 -0.9716368 0 -0.2364784 -0.9716368 0 -0.2364783 -0.9385291 -0.251478 -0.2364783 -0.8981035 -0.3720062 -0.234567 -0.9385291 0.2514779 -0.2364784 -0.8981037 0.3720055 -0.2345672 -0.8981035 0.3720058 -0.234567 -0.9385291 0.2514778 -0.2364783 -0.9105859 -0.3771762 0.1690307 -0.8981036 -0.3720057 -0.2345672 -0.1612793 -0.06680446 -0.9846452 0.6695056 0.1754506 -0.721789 0.7435995 -0.554981 -0.372902 -0.1615121 0.0399726 -0.9860609 0.6943668 5.94705e-5 -0.7196213 -0.1616414 0 -0.9868496 -0.01755166 -0.9925525 -0.1205471 0.7653323 -0.6389476 0.077542 0.002805829 -0.9927439 -0.1202164 -0.116187 -0.04812633 0.9920607 0.6643424 0.1753181 0.7265761 -0.1162738 -0.02876281 0.9928007 0.6887115 -5.7146e-5 0.7250356 -0.1163221 0 0.9932116 -0.1161869 0.04812628 0.9920607 0.6643335 -0.1753515 0.7265762 0.7408804 0.5509157 0.3841721 -0.01755166 0.9925525 -0.120547 0.7653217 0.6389539 0.07759398 0.6870914 0.2158576 -0.6937658 -0.008269727 0.9963478 0.08498668 0.7739338 0.630674 -0.05724292 -0.002018034 0.9962527 0.08646714 -0.1162738 0.02876281 0.9928007 -0.1615121 -0.0399726 -0.9860609 -0.1612792 0.0668044 -0.9846453 0.6695149 -0.175416 -0.7217888 -0.008269727 -0.9963478 0.08498668 0.7739315 -0.6306754 -0.05725836 0.6835927 -0.2719726 0.6772975 0.6870374 -0.2158496 -0.6938217 0.7408748 -0.550957 0.3841237 0.002805829 0.9927439 -0.1202164 0.6835668 0.2720172 0.6773059 0.7435573 0.5550452 -0.3728907 -0.002018034 -0.9962528 0.08646696</float_array>
          <technique_common>
            <accessor source="#Cylinder_001-mesh-normals-array" count="1341" stride="3">
              <param name="X" type="float"/>
              <param name="Y" type="float"/>
              <param name="Z" type="float"/>
            </accessor>
          </technique_common>
        </source>
        <source id="Cylinder_001-mesh-map-0">
          <float_array id="Cylinder_001-mesh-map-0-array" count="8712">0.6357699 0.9374098 0.6357699 0.9702774 0.6532131 0.9867112 0.1675188 0.4750531 0.1477184 0.6232094 0.1353817 0.4750536 0.1877679 0.6629726 0.1295397 0.6934786 0.1367151 0.6629726 0.1367151 0.6629726 0.184054 0.6934786 0.1877679 0.6629726 0.2973426 0.6629726 0.2425559 0.6934786 0.3010566 0.6934786 0.1367151 0.6629726 0.08272755 0.6934786 0.1295397 0.6934786 0.1367151 0.6629726 0.08272755 0.6934786 0.09287387 0.6629726 0.1877679 0.6629726 0.2425559 0.6934786 0.2425559 0.6629726 0.2973426 0.6629726 0.3555708 0.6934786 0.3483961 0.6629726 0.1367151 0.6629726 0.184054 0.6934786 0.1877679 0.6629726 0.3483961 0.6629726 0.4023836 0.6934786 0.3555708 0.6934786 0.3483961 0.6629726 0.4023836 0.6934786 0.3922367 0.6629726 0.1877679 0.6629726 0.2425559 0.6934786 0.2425559 0.6629726 0.3483961 0.6629726 0.3010566 0.6934786 0.2973426 0.6629726 0.3483961 0.6629726 0.4023836 0.6934786 0.3555708 0.6934786 0.2973426 0.6629726 0.2425559 0.6934786 0.3010566 0.6934786 0.2973426 0.6629726 0.2425559 0.6934786 0.2425559 0.6629726 0.3483961 0.6629726 0.3010566 0.6934786 0.2973426 0.6629726 0.3483961 0.6629726 0.3010566 0.6934786 0.3555708 0.6934786 0.2425559 0.6629726 0.184054 0.6934786 0.1877679 0.6629726 0.2973426 0.6629726 0.2425559 0.6934786 0.2425559 0.6629726 0.3483961 0.6629726 0.4023836 0.6934786 0.3922367 0.6629726 0.1367151 0.6629726 0.184054 0.6934786 0.1295397 0.6934786 0.2425559 0.6629726 0.184054 0.6934786 0.1877679 0.6629726 0.09287387 0.6629726 0.1295397 0.6934786 0.1367151 0.6629726 0.1367151 0.6629726 0.08272755 0.6934786 0.09287387 0.6629726 0.1996552 0.4750531 0.2057701 0.6232094 0.229602 0.4750539 0.07971972 0.4750536 0.1292672 0.6232094 0.1054353 0.4750536 0.1054353 0.4750536 0.1134231 0.6232094 0.07971936 0.4750536 0.1353817 0.4750536 0.1292672 0.6232094 0.1054353 0.4750536 0.1054353 0.4750536 0.1477184 0.6232094 0.1353817 0.4750531 0.07971936 0.4750536 0.1292672 0.6232094 0.1054353 0.4750536 0.1054353 0.4750536 0.1134231 0.6232094 0.07971936 0.4750536 0.2122641 0.5320813 0.1860209 0.689931 0.2057009 0.5320813 0.1353821 0.4750536 0.1292672 0.6232094 0.1477184 0.6232094 0.229602 0.4750539 0.2216141 0.6232094 0.2057701 0.6232094 0.229602 0.4750539 0.2216145 0.6232094 0.2553179 0.4750536 0.1353817 0.4750531 0.1675188 0.6232094 0.1675188 0.4750536 0.1353821 0.4750536 0.1675188 0.6232094 0.1675188 0.4750536 0.1996552 0.4750536 0.2057701 0.6232094 0.1873189 0.6232094 0.229602 0.4750536 0.2216145 0.6232094 0.2057701 0.6232094 0.1996552 0.4750536 0.1675188 0.6232094 0.1873189 0.6232094 0.1996552 0.4750536 0.1675188 0.6232094 0.1675188 0.4750536 0.1996552 0.4750536 0.2057701 0.6232094 0.1873189 0.6232094 0.1996552 0.4750536 0.2057701 0.6232094 0.2296015 0.4750536 0.1353817 0.4750531 0.1675188 0.6232094 0.1477184 0.6232094 0.1675188 0.4750531 0.1873189 0.6232094 0.1675188 0.6232094 0.2296015 0.4750536 0.2216141 0.6232094 0.2553175 0.4750536 0.1353817 0.4750531 0.1292672 0.6232094 0.1054353 0.4750536 0.07340937 0.5857743 0.06376236 0.6191902 0.03482216 0.5857734 0.1991376 0.5320813 0.1860209 0.689931 0.182738 0.689931 0.1860114 0.5320813 0.1728882 0.689931 0.1794483 0.5320813 0.1794483 0.5320813 0.169605 0.689931 0.172885 0.5320813 0.1663216 0.5320813 0.169605 0.689931 0.1663216 0.6899315 0.1663216 0.5320813 0.1630386 0.689931 0.1597586 0.5320818 0.1531952 0.5320818 0.1630386 0.689931 0.1597552 0.689931 0.1466319 0.5320818 0.1597552 0.689931 0.156472 0.689931 0.1466319 0.5320818 0.1531887 0.6899315 0.1400687 0.5320818 0.1335059 0.5320818 0.1531887 0.6899315 0.1499058 0.689931 0.1335059 0.5320818 0.1466222 0.689931 0.1269426 0.5320818 0.1203793 0.5320818 0.1466222 0.689931 0.1433393 0.689931 0.1203793 0.5320818 0.1400556 0.689931 0.1138161 0.5320818 0.1072529 0.5320818 0.1400556 0.689931 0.1367729 0.689931 0.1072529 0.5320818 0.1334891 0.689931 0.1006895 0.5320818 0.09412634 0.5320818 0.1334891 0.689931 0.1302064 0.689931 0.09412634 0.5320818 0.1269227 0.6899315 0.08756351 0.5320818 0.2385166 0.5320818 0.2057204 0.689931 0.2024375 0.689931 0.2385166 0.5320818 0.1991539 0.689931 0.2319538 0.5320818 0.2319538 0.5320818 0.195871 0.6899315 0.2253905 0.5320818 0.2253905 0.5320818 0.1925879 0.689931 0.2188274 0.5320813 0.2122641 0.5320813 0.1925879 0.689931 0.1893045 0.6899315 0.1925743 0.5320813 0.1761715 0.689931 0.1860114 0.5320813 0.1675188 0.4750536 0.1873189 0.6232094 0.1996552 0.4750531 0.3426914 0.4537864 0.314302 0.6521642 0.3040874 0.4537864 0.2773914 0.4537864 0.2611507 0.6521654 0.241418 0.4537864 0.3905736 0.4537864 0.3935577 0.6521654 0.4214648 0.4537864 0.3546002 0.4537864 0.3159962 0.6521642 0.3159962 0.4537864 0.2773914 0.4537864 0.3159962 0.6521654 0.2876064 0.6521642 0.3040874 0.4537864 0.2878471 0.6521654 0.268114 0.4537864 0.3546002 0.4537864 0.3708404 0.6521654 0.3443856 0.6521654 0.3546002 0.4537864 0.3159962 0.6521654 0.3159962 0.4537864 0.3426914 0.4537864 0.314302 0.6521654 0.3040874 0.4537864 0.4214648 0.4537864 0.3708404 0.6521654 0.3905736 0.4537864 0.3546002 0.4537864 0.3708409 0.6521654 0.3443856 0.6521654 0.3812962 0.4537864 0.3426914 0.6521654 0.3426914 0.4537864 0.3812962 0.4537864 0.3426914 0.6521654 0.3426914 0.4537864 0.3905736 0.4537864 0.3935586 0.6521654 0.4214648 0.4537864 0.4214648 0.4537864 0.3708409 0.6521654 0.3905736 0.4537864 0.2773914 0.4537864 0.2611507 0.6521654 0.2876064 0.6521654 0.2105272 0.4537864 0.2611515 0.6521654 0.2384342 0.6521654 0.2105272 0.4537864 0.2611507 0.6521654 0.241418 0.4537864 0.241418 0.4537864 0.2876064 0.6521642 0.2773914 0.4537864 0.2773914 0.4537864 0.2611515 0.6521654 0.241418 0.4537864 0.241418 0.4537864 0.2384342 0.6521654 0.2105272 0.4537864 0.2105272 0.4537864 0.2611515 0.6521654 0.241418 0.4537864 0.3040874 0.4537864 0.2878471 0.6521654 0.268114 0.4537864 0.2773914 0.4537864 0.3159962 0.6521642 0.2876064 0.6521654 0.05411672 0.6243606 0.06019186 0.6311251 0.05411672 0.6327248 0.06376236 0.6191902 0.06019186 0.6311251 0.05910938 0.6230447 0.06376236 0.6191902 0.07071602 0.618973 0.06585407 0.6264346 0.07082509 0.605067 0.07071602 0.618973 0.06775897 0.6130579 0.07275295 0.595761 0.07444661 0.6092495 0.07082509 0.605067 0.07275295 0.595761 0.05702531 0.5487541 0.06314939 0.5487532 0.07275211 0.5757876 0.07759189 0.5857734 0.07340937 0.5857743 0.07275211 0.5757876 0.07444661 0.5622982 0.07679218 0.5736222 0.07082509 0.5664798 0.07071602 0.5525738 0.07444661 0.5622982 0.06376332 0.5523554 0.07071602 0.5525738 0.06775897 0.5584889 0.06376332 0.5523554 0.06019186 0.5404226 0.06585407 0.5451127 0.05411577 0.5471854 0.06019186 0.5404226 0.05910938 0.5485008 0.05411577 0.5471854 0.04804062 0.5404226 0.05411672 0.5388222 0.04446965 0.5523577 0.04804062 0.5404226 0.04912269 0.5485016 0.04446965 0.5523577 0.03751641 0.5525738 0.04237884 0.5451127 0.0404731 0.5584875 0.03378534 0.5622982 0.03751641 0.5525738 0.03740698 0.5664789 0.03144031 0.5736222 0.03378534 0.5622982 0.03482216 0.5857734 0.03144031 0.5736222 0.03547948 0.5757844 0.03482216 0.5857734 0.03144031 0.5979256 0.03064101 0.5857734 0.03740787 0.6050679 0.03144031 0.5979256 0.03548085 0.5957616 0.0404731 0.6130579 0.03378534 0.6092495 0.03740787 0.6050679 0.04446965 0.6191905 0.03751641 0.618973 0.0404731 0.6130579 0.04446965 0.6191905 0.04804062 0.6311251 0.04237884 0.6264342 0.05411672 0.6243606 0.04804062 0.6311251 0.04912269 0.6230447 0.1991376 0.5320813 0.1794544 0.689931 0.1925743 0.5320813 0.780805 0.1779168 0.7802526 0.171635 0.7802526 0.171635 0.1525546 0.1535706 0.1440233 0.2196927 0.1525546 0.2196927 0.7751847 0.1918864 0.7724862 0.1949189 0.7751847 0.1918864 0.1525546 0.1535706 0.13427 0.06814253 0.1387539 0.1535706 0.1663552 0.1535706 0.1878775 0.06814253 0.1792154 0.1535706 0.1902588 0.1535706 0.1878775 0.06814253 0.2025088 0.06814253 0.1663552 0.1535706 0.1525546 0.06814253 0.1525546 0.1535706 0.1525546 0.1535706 0.1708391 0.06814253 0.1663552 0.1535706 0.1792154 0.1535706 0.1708391 0.06814253 0.1878775 0.06814253 0.1792154 0.1535706 0.1708391 0.06814253 0.1663552 0.1535706 0.1525546 0.1535706 0.13427 0.06814253 0.1525546 0.06814253 0.1663552 0.1535706 0.1525546 0.06814253 0.1708391 0.06814253 0.1902588 0.1535706 0.1878775 0.06814253 0.1792154 0.1535706 0.1387539 0.1535706 0.1172316 0.06814253 0.13427 0.06814253 0.1525546 0.1535706 0.13427 0.06814253 0.1525546 0.06814253 0.1258937 0.1535706 0.1026003 0.06814253 0.1148504 0.1535706 0.1148504 0.1535706 0.1172316 0.06814253 0.1258937 0.1535706 0.1258937 0.1535706 0.13427 0.06814253 0.1387539 0.1535706 0.1258937 0.1535706 0.13427 0.06814253 0.1172316 0.06814253 0.1663552 0.1535706 0.1525546 0.06814253 0.1525546 0.1535706 0.1148504 0.1535706 0.1172316 0.06814253 0.1026003 0.06814253 0.1148504 0.1535706 0.1172316 0.06814253 0.1258937 0.1535706 0.1525546 0.1535706 0.13427 0.06814253 0.1387539 0.1535706 0.1792154 0.1535706 0.1708391 0.06814253 0.1663552 0.1535706 0.1258937 0.1535706 0.13427 0.06814253 0.1172316 0.06814253 0.1902588 0.1535706 0.1878775 0.06814253 0.2025088 0.06814253 0.1792154 0.1535706 0.2025088 0.06814253 0.1878775 0.06814253 0.1663552 0.1535706 0.1690355 0.2196927 0.1610858 0.2196927 0.1902588 0.1535706 0.1690355 0.2196927 0.1792154 0.1535706 0.1663552 0.1535706 0.1525546 0.2196927 0.1610858 0.2196927 0.1663552 0.1535706 0.1525546 0.2196927 0.1525546 0.1535706 0.1792154 0.1535706 0.1610858 0.2196927 0.1663552 0.1535706 0.1792154 0.1535706 0.1610858 0.2196927 0.1690355 0.2196927 0.1387539 0.1535706 0.1525546 0.2196927 0.1440233 0.2196927 0.1663552 0.1535706 0.1525546 0.2196927 0.1525546 0.1535706 0.1902588 0.1535706 0.1690355 0.2196927 0.1758621 0.2196927 0.1387539 0.1535706 0.1360736 0.2196927 0.1258937 0.1535706 0.1525546 0.1535706 0.1440233 0.2196927 0.1387539 0.1535706 0.1148504 0.1535706 0.1360736 0.2196927 0.1258937 0.1535706 0.1148504 0.1535706 0.1360736 0.2196927 0.1292468 0.2196927 0.1387539 0.1535706 0.1360736 0.2196927 0.1258937 0.1535706 0.1258937 0.1535706 0.1440233 0.2196927 0.1387539 0.1535706 0.1525546 0.1535706 0.1610858 0.2196927 0.1663552 0.1535706 0.1258937 0.1535706 0.1292468 0.2196927 0.1360736 0.2196927 0.1258937 0.1535706 0.1292468 0.2196927 0.1148504 0.1535706 0.1525546 0.1535706 0.1440233 0.2196927 0.1525546 0.2196927 0.1792154 0.1535706 0.1610858 0.2196927 0.1690355 0.2196927 0.1387539 0.1535706 0.1360736 0.2196927 0.1440233 0.2196927 0.1902588 0.1535706 0.1690355 0.2196927 0.1792154 0.1535706 0.1902588 0.1535706 0.1690355 0.2196927 0.1758621 0.2196927 0.1525546 0.1535706 0.1440233 0.2196927 0.1387539 0.1535706 0.7802526 0.1841984 0.780805 0.1779168 0.780805 0.1779168 0.13427 0.06814253 0.1525546 0.1535706 0.1387539 0.1535706 0.1878775 0.06814253 0.1663552 0.1535706 0.1792154 0.1535706 0.1902588 0.1535706 0.1878775 0.06814253 0.1792154 0.1535706 0.1525546 0.06814253 0.1663552 0.1535706 0.1525546 0.1535706 0.1708391 0.06814253 0.1525546 0.1535706 0.1663552 0.1535706 0.1792154 0.1535706 0.1708391 0.06814253 0.1663552 0.1535706 0.1708391 0.06814253 0.1792154 0.1535706 0.1663552 0.1535706 0.1525546 0.1535706 0.13427 0.06814253 0.1387539 0.1535706 0.1663552 0.1535706 0.1525546 0.06814253 0.1525546 0.1535706 0.1878775 0.06814253 0.1902588 0.1535706 0.1792154 0.1535706 0.13427 0.06814253 0.1258937 0.1535706 0.1387539 0.1535706 0.1525546 0.1535706 0.13427 0.06814253 0.1387539 0.1535706 0.1026003 0.06814253 0.1258937 0.1535706 0.1148504 0.1535706 0.1172316 0.06814253 0.1148504 0.1535706 0.1258937 0.1535706 0.13427 0.06814253 0.1258937 0.1535706 0.1387539 0.1535706 0.1258937 0.1535706 0.13427 0.06814253 0.1387539 0.1535706 0.1525546 0.06814253 0.1663552 0.1535706 0.1525546 0.1535706 0.1148504 0.1535706 0.1172316 0.06814253 0.1258937 0.1535706 0.1172316 0.06814253 0.1148504 0.1535706 0.1258937 0.1535706 0.13427 0.06814253 0.1525546 0.1535706 0.1387539 0.1535706 0.1708391 0.06814253 0.1792154 0.1535706 0.1663552 0.1535706 0.1258937 0.1535706 0.13427 0.06814253 0.1387539 0.1535706 0.1902588 0.1535706 0.1878775 0.06814253 0.1792154 0.1535706 0.1792154 0.1535706 0.2025088 0.06814253 0.1902588 0.1535706 0.1663552 0.1535706 0.1690355 0.2196927 0.1792154 0.1535706 0.1690355 0.2196927 0.1902588 0.1535706 0.1792154 0.1535706 0.1663552 0.1535706 0.1525546 0.2196927 0.1525546 0.1535706 0.1525546 0.2196927 0.1663552 0.1535706 0.1525546 0.1535706 0.1610858 0.2196927 0.1792154 0.1535706 0.1663552 0.1535706 0.1792154 0.1535706 0.1610858 0.2196927 0.1663552 0.1535706 0.1387539 0.1535706 0.1525546 0.2196927 0.1525546 0.1535706 0.1525546 0.2196927 0.1663552 0.1535706 0.1525546 0.1535706 0.1758621 0.2196927 0.1792154 0.1535706 0.1902588 0.1535706 0.1360736 0.2196927 0.1387539 0.1535706 0.1258937 0.1535706 0.1440233 0.2196927 0.1525546 0.1535706 0.1387539 0.1535706 0.1360736 0.2196927 0.1148504 0.1535706 0.1258937 0.1535706 0.1148504 0.1535706 0.1360736 0.2196927 0.1258937 0.1535706 0.1360736 0.2196927 0.1387539 0.1535706 0.1258937 0.1535706 0.1440233 0.2196927 0.1258937 0.1535706 0.1387539 0.1535706 0.1610858 0.2196927 0.1525546 0.1535706 0.1663552 0.1535706 0.1360736 0.2196927 0.1148504 0.1535706 0.1258937 0.1535706 0.1292468 0.2196927 0.1258937 0.1535706 0.1148504 0.1535706 0.1525546 0.1535706 0.1440233 0.2196927 0.1387539 0.1535706 0.1792154 0.1535706 0.1610858 0.2196927 0.1663552 0.1535706 0.1387539 0.1535706 0.1360736 0.2196927 0.1258937 0.1535706 0.1690355 0.2196927 0.1902588 0.1535706 0.1792154 0.1535706 0.1902588 0.1535706 0.1690355 0.2196927 0.1792154 0.1535706 0.1387539 0.1535706 0.1525546 0.2196927 0.1525546 0.1535706 0.7724862 0.1949189 0.7693434 0.1968252 0.7724862 0.1949189 0.1525546 0.1535706 0.13427 0.06814253 0.1387539 0.1535706 0.1663552 0.1535706 0.1878775 0.06814253 0.1792154 0.1535706 0.1792154 0.1535706 0.2025088 0.06814253 0.1902588 0.1535706 0.1525546 0.1535706 0.1708391 0.06814253 0.1525546 0.06814253 0.1525546 0.1535706 0.1708391 0.06814253 0.1663552 0.1535706 0.1663552 0.1535706 0.1878775 0.06814253 0.1792154 0.1535706 0.1663552 0.1535706 0.1878775 0.06814253 0.1708391 0.06814253 0.1525546 0.1535706 0.13427 0.06814253 0.1525546 0.06814253 0.1525546 0.1535706 0.1708391 0.06814253 0.1663552 0.1535706 0.1792154 0.1535706 0.2025088 0.06814253 0.1878775 0.06814253 0.1387539 0.1535706 0.1172316 0.06814253 0.13427 0.06814253 0.1525546 0.1535706 0.13427 0.06814253 0.1525546 0.06814253 0.1258937 0.1535706 0.1026003 0.06814253 0.1148504 0.1535706 0.1148504 0.1535706 0.1172316 0.06814253 0.1258937 0.1535706 0.1258937 0.1535706 0.13427 0.06814253 0.1387539 0.1535706 0.1258937 0.1535706 0.13427 0.06814253 0.1172316 0.06814253 0.1525546 0.1535706 0.1708391 0.06814253 0.1525546 0.06814253 0.1148504 0.1535706 0.1172316 0.06814253 0.1026003 0.06814253 0.1148504 0.1535706 0.1172316 0.06814253 0.1258937 0.1535706 0.1525546 0.1535706 0.13427 0.06814253 0.1387539 0.1535706 0.1792154 0.1535706 0.1708391 0.06814253 0.1663552 0.1535706 0.1258937 0.1535706 0.13427 0.06814253 0.1172316 0.06814253 0.1902588 0.1535706 0.1878775 0.06814253 0.2025088 0.06814253 0.1902588 0.1535706 0.1878775 0.06814253 0.1792154 0.1535706 0.1792154 0.1535706 0.1610858 0.2196927 0.1663552 0.1535706 0.1902588 0.1535706 0.1690355 0.2196927 0.1792154 0.1535706 0.1663552 0.1535706 0.1525546 0.2196927 0.1610858 0.2196927 0.1663552 0.1535706 0.1525546 0.2196927 0.1525546 0.1535706 0.1663552 0.1535706 0.1690355 0.2196927 0.1610858 0.2196927 0.1663552 0.1535706 0.1690355 0.2196927 0.1792154 0.1535706 0.1387539 0.1535706 0.1525546 0.2196927 0.1440233 0.2196927 0.1663552 0.1535706 0.1525546 0.2196927 0.1525546 0.1535706 0.1902588 0.1535706 0.1690355 0.2196927 0.1758621 0.2196927 0.1258937 0.1535706 0.1440233 0.2196927 0.1360736 0.2196927 0.1387539 0.1535706 0.1525546 0.2196927 0.1440233 0.2196927 0.1148504 0.1535706 0.1360736 0.2196927 0.1258937 0.1535706 0.1148504 0.1535706 0.1360736 0.2196927 0.1292468 0.2196927 0.1387539 0.1535706 0.1360736 0.2196927 0.1258937 0.1535706 0.1387539 0.1535706 0.1360736 0.2196927 0.1440233 0.2196927 0.1525546 0.1535706 0.1610858 0.2196927 0.1663552 0.1535706 0.1258937 0.1535706 0.1292468 0.2196927 0.1360736 0.2196927 0.1148504 0.1535706 0.1360736 0.2196927 0.1292468 0.2196927 0.1387539 0.1535706 0.1525546 0.2196927 0.1525546 0.1535706 0.1663552 0.1535706 0.1690355 0.2196927 0.1792154 0.1535706 0.1387539 0.1535706 0.1360736 0.2196927 0.1440233 0.2196927 0.1902588 0.1535706 0.1690355 0.2196927 0.1792154 0.1535706 0.1902588 0.1535706 0.1690355 0.2196927 0.1758621 0.2196927 0.1525546 0.2196927 0.1387539 0.1535706 0.1525546 0.1535706 0.7786332 0.1900522 0.7802526 0.1841984 0.7802526 0.1841984 0.13427 0.06814253 0.1525546 0.1535706 0.1387539 0.1535706 0.1878775 0.06814253 0.1663552 0.1535706 0.1792154 0.1535706 0.2025088 0.06814253 0.1792154 0.1535706 0.1902588 0.1535706 0.1525546 0.1535706 0.1708391 0.06814253 0.1663552 0.1535706 0.1708391 0.06814253 0.1525546 0.1535706 0.1663552 0.1535706 0.1792154 0.1535706 0.1708391 0.06814253 0.1663552 0.1535706 0.1708391 0.06814253 0.1792154 0.1535706 0.1663552 0.1535706 0.1525546 0.06814253 0.1387539 0.1535706 0.1525546 0.1535706 0.1708391 0.06814253 0.1525546 0.1535706 0.1663552 0.1535706 0.1878775 0.06814253 0.1902588 0.1535706 0.1792154 0.1535706 0.1387539 0.1535706 0.1172316 0.06814253 0.1258937 0.1535706 0.1525546 0.1535706 0.13427 0.06814253 0.1387539 0.1535706 0.1148504 0.1535706 0.1172316 0.06814253 0.1258937 0.1535706 0.1172316 0.06814253 0.1148504 0.1535706 0.1258937 0.1535706 0.13427 0.06814253 0.1258937 0.1535706 0.1387539 0.1535706 0.1258937 0.1535706 0.13427 0.06814253 0.1387539 0.1535706 0.1525546 0.1535706 0.1708391 0.06814253 0.1663552 0.1535706 0.1026003 0.06814253 0.1258937 0.1535706 0.1148504 0.1535706 0.1258937 0.1535706 0.1026003 0.06814253 0.1148504 0.1535706 0.13427 0.06814253 0.1525546 0.1535706 0.1387539 0.1535706 0.1708391 0.06814253 0.1792154 0.1535706 0.1663552 0.1535706 0.1258937 0.1535706 0.13427 0.06814253 0.1387539 0.1535706 0.1902588 0.1535706 0.1878775 0.06814253 0.1792154 0.1535706 0.1878775 0.06814253 0.1902588 0.1535706 0.1792154 0.1535706 0.1610858 0.2196927 0.1792154 0.1535706 0.1663552 0.1535706 0.1690355 0.2196927 0.1902588 0.1535706 0.1792154 0.1535706 0.1663552 0.1535706 0.1525546 0.2196927 0.1525546 0.1535706 0.1525546 0.1535706 0.1610858 0.2196927 0.1663552 0.1535706 0.1663552 0.1535706 0.1690355 0.2196927 0.1792154 0.1535706 0.1690355 0.2196927 0.1663552 0.1535706 0.1792154 0.1535706 0.1440233 0.2196927 0.1525546 0.1535706 0.1387539 0.1535706 0.1525546 0.2196927 0.1663552 0.1535706 0.1525546 0.1535706 0.1902588 0.1535706 0.1690355 0.2196927 0.1792154 0.1535706 0.1258937 0.1535706 0.1440233 0.2196927 0.1387539 0.1535706 0.1387539 0.1535706 0.1525546 0.2196927 0.1525546 0.1535706 0.1360736 0.2196927 0.1148504 0.1535706 0.1258937 0.1535706 0.1148504 0.1535706 0.1360736 0.2196927 0.1258937 0.1535706 0.1360736 0.2196927 0.1387539 0.1535706 0.1258937 0.1535706 0.1387539 0.1535706 0.1360736 0.2196927 0.1258937 0.1535706 0.1610858 0.2196927 0.1525546 0.1535706 0.1663552 0.1535706 0.1258937 0.1535706 0.1292468 0.2196927 0.1148504 0.1535706 0.1148504 0.1535706 0.1360736 0.2196927 0.1258937 0.1535706 0.1525546 0.2196927 0.1387539 0.1535706 0.1525546 0.1535706 0.1690355 0.2196927 0.1663552 0.1535706 0.1792154 0.1535706 0.1387539 0.1535706 0.1360736 0.2196927 0.1258937 0.1535706 0.1690355 0.2196927 0.1902588 0.1535706 0.1792154 0.1535706 0.1902588 0.1535706 0.1690355 0.2196927 0.1792154 0.1535706 0.7659709 0.1974754 0.7706813 0.2041364 0.7693436 0.1968252 0.7724863 0.1949189 0.7706813 0.2041364 0.7750705 0.2014739 0.7724863 0.1949189 0.7788396 0.1972386 0.7751849 0.1918865 0.7772555 0.1879345 0.7788396 0.1972386 0.7817317 0.191719 0.7772555 0.1879345 0.7835498 0.1852913 0.7785574 0.1833323 0.7785574 0.1833323 0.7841699 0.1783935 0.7790014 0.1783935 0.7790014 0.1783935 0.7835498 0.1714958 0.7785574 0.1734548 0.7772557 0.1688526 0.7835498 0.1714958 0.7817317 0.1650681 0.7751849 0.1649007 0.7817317 0.1650681 0.7788396 0.1595485 0.7751849 0.1649007 0.7750705 0.1553132 0.7724861 0.1618682 0.7693434 0.1599619 0.7750705 0.1553132 0.7706813 0.1526507 0.7693434 0.1599619 0.7659711 0.1517426 0.7659711 0.1593117 0.7625987 0.1599619 0.7659711 0.1517426 0.7612608 0.1526507 0.7625987 0.1599619 0.7568716 0.1553132 0.759456 0.1618682 0.7567574 0.1649007 0.7568716 0.1553132 0.7531025 0.1595485 0.7567574 0.1649007 0.7502103 0.1650681 0.7546865 0.1688526 0.7546865 0.1688526 0.7483923 0.1714958 0.7533848 0.1734548 0.7529409 0.1783935 0.7483923 0.1714958 0.7477722 0.1783935 0.7533848 0.1833323 0.7477722 0.1783935 0.7483923 0.1852913 0.7546865 0.1879345 0.7483923 0.1852913 0.7502103 0.191719 0.7567573 0.1918864 0.7502103 0.191719 0.7531025 0.1972386 0.759456 0.1949189 0.7531025 0.1972386 0.7568716 0.2014739 0.759456 0.1949189 0.7612608 0.2041364 0.7625986 0.1968252 0.7659709 0.1974754 0.7612608 0.2041364 0.7659711 0.2050445 0.7659711 0.1974754 0.7706813 0.2041364 0.7659711 0.2050445 0.7724862 0.1949189 0.7706813 0.2041364 0.7693434 0.1968252 0.7724862 0.1949189 0.7788396 0.1972386 0.7750705 0.2014739 0.7772555 0.1879345 0.7788396 0.1972386 0.7751847 0.1918864 0.7772555 0.1879345 0.7835498 0.1852913 0.7817317 0.191719 0.7790012 0.1783935 0.7835498 0.1852913 0.7785572 0.1833323 0.7790012 0.1783935 0.7835498 0.1714958 0.7841699 0.1783935 0.7785572 0.1734548 0.7817317 0.1650681 0.7835498 0.1714958 0.7751849 0.1649007 0.7817317 0.1650681 0.7772555 0.1688526 0.7751849 0.1649007 0.7750705 0.1553132 0.7788396 0.1595485 0.7693437 0.1599619 0.7750705 0.1553132 0.7724863 0.1618682 0.7693437 0.1599619 0.7659711 0.1517426 0.7706813 0.1526507 0.7625986 0.1599619 0.7659711 0.1517426 0.7659711 0.1593117 0.7625986 0.1599619 0.7568716 0.1553132 0.7612608 0.1526507 0.7567574 0.1649007 0.7568716 0.1553132 0.7594558 0.1618682 0.7546865 0.1688526 0.7531025 0.1595485 0.7567574 0.1649007 0.7533848 0.1734548 0.7502103 0.1650681 0.7546865 0.1688526 0.7529405 0.1783935 0.7483923 0.1714958 0.7533848 0.1734548 0.7529405 0.1783935 0.7483923 0.1852913 0.7477722 0.1783935 0.7546865 0.1879345 0.7483923 0.1852913 0.7533848 0.1833323 0.7567573 0.1918865 0.7502103 0.191719 0.7546865 0.1879345 0.759456 0.1949189 0.7531025 0.1972386 0.7567573 0.1918865 0.759456 0.1949189 0.7612608 0.2041364 0.7568716 0.2014739 0.7659711 0.1974754 0.7612608 0.2041364 0.7625985 0.1968252 0.7645954 0.2021875 0.7703714 0.2101932 0.7687907 0.2013605 0.7727001 0.1989358 0.7703714 0.2101932 0.7757537 0.2068551 0.7760575 0.1950787 0.7757537 0.2068551 0.7803757 0.2015448 0.7786334 0.1900522 0.7803757 0.2015448 0.7839223 0.1946243 0.7802526 0.1841984 0.7839223 0.1946243 0.7861518 0.1865652 0.780805 0.1779168 0.7861518 0.1865652 0.7869123 0.1779168 0.780805 0.1779168 0.7861518 0.1692683 0.7802528 0.171635 0.7786334 0.1657814 0.7861518 0.1692683 0.7839223 0.1612092 0.7760574 0.1607547 0.7839223 0.1612092 0.7803757 0.1542887 0.7760574 0.1607547 0.7757537 0.1489784 0.7727001 0.1568977 0.7687907 0.154473 0.7757537 0.1489784 0.7703714 0.1456403 0.7687907 0.154473 0.7645954 0.1445017 0.7645953 0.153646 0.7603999 0.154473 0.7645954 0.1445017 0.7588193 0.1456403 0.7603999 0.154473 0.7534369 0.1489784 0.7564905 0.1568977 0.7531334 0.1607548 0.7534369 0.1489784 0.7488149 0.1542887 0.7531334 0.1607548 0.7452683 0.1612092 0.7505574 0.1657814 0.7505574 0.1657814 0.7430389 0.1692683 0.748938 0.171635 0.7483858 0.1779168 0.7430389 0.1692683 0.7422785 0.1779168 0.7483858 0.1779168 0.7430389 0.1865652 0.748938 0.1841984 0.748938 0.1841984 0.7452683 0.1946243 0.7505574 0.1900522 0.7505574 0.1900522 0.7488149 0.2015448 0.7531335 0.1950788 0.7531335 0.1950788 0.7534369 0.2068551 0.7564905 0.1989358 0.7564905 0.1989358 0.7588193 0.2101932 0.7603999 0.2013605 0.7645954 0.2021875 0.7588193 0.2101932 0.7645954 0.2113318 0.7645954 0.2021875 0.7703714 0.2101932 0.7645954 0.2113318 0.7727001 0.1989358 0.7703714 0.2101932 0.7687907 0.2013605 0.7760573 0.1950788 0.7757537 0.2068551 0.7727001 0.1989358 0.7786332 0.1900522 0.7803757 0.2015448 0.7760573 0.1950788 0.7802526 0.1841984 0.7839223 0.1946243 0.7786332 0.1900522 0.780805 0.1779168 0.7861518 0.1865652 0.7802526 0.1841984 0.780805 0.1779168 0.7861518 0.1692683 0.7869123 0.1779168 0.7786334 0.1657814 0.7861518 0.1692683 0.7802526 0.171635 0.7760573 0.1607548 0.7839223 0.1612092 0.7786334 0.1657814 0.7760573 0.1607548 0.7757537 0.1489784 0.7803757 0.1542887 0.7687907 0.1544731 0.7757537 0.1489784 0.7727001 0.1568977 0.7687907 0.1544731 0.7645954 0.1445017 0.7703714 0.1456403 0.7604001 0.154473 0.7645954 0.1445017 0.7645954 0.153646 0.7604001 0.154473 0.7534369 0.1489784 0.7588193 0.1456403 0.7531334 0.1607547 0.7534369 0.1489784 0.7564905 0.1568977 0.7531334 0.1607547 0.7452683 0.1612092 0.7488149 0.1542887 0.7505574 0.1657814 0.7430389 0.1692683 0.7452683 0.1612092 0.7483857 0.1779167 0.7430389 0.1692683 0.7489379 0.171635 0.7483857 0.1779167 0.7430389 0.1865652 0.7422785 0.1779168 0.7489379 0.1841984 0.7452683 0.1946243 0.7430389 0.1865652 0.7505574 0.1900522 0.7488149 0.2015448 0.7452683 0.1946243 0.7531335 0.1950787 0.7534369 0.2068551 0.7488149 0.2015448 0.7564905 0.1989358 0.7588193 0.2101932 0.7534369 0.2068551 0.7645954 0.2021875 0.7588193 0.2101932 0.7603999 0.2013605 0.7785574 0.1734548 0.7567574 0.1649007 0.7625986 0.1968252 0.7533848 0.1734548 0.7751849 0.1649007 0.7693434 0.1968252 0.7802528 0.171635 0.7531334 0.1607548 0.7603999 0.2013605 0.7802526 0.1841984 0.7687907 0.2013605 0.7489379 0.171635 0.7772555 0.1879345 0.7751847 0.1918864 0.7772555 0.1879345 0.7802526 0.171635 0.7786334 0.1657814 0.7786334 0.1657814 0.7785572 0.1833323 0.7772555 0.1879345 0.7785572 0.1833323 0.7786334 0.1657814 0.7760573 0.1607548 0.7760573 0.1607548 0.7790012 0.1783935 0.7785572 0.1833323 0.7790012 0.1783935 0.7760573 0.1607548 0.7727001 0.1568977 0.7727001 0.1568977 0.7790012 0.1783935 0.7785572 0.1734548 0.7785572 0.1734548 0.7727001 0.1568977 0.7687907 0.1544731 0.7687907 0.1544731 0.7785572 0.1734548 0.7772555 0.1688526 0.7772555 0.1688526 0.7687907 0.1544731 0.7645954 0.153646 0.7645954 0.153646 0.7772555 0.1688526 0.7751849 0.1649007 0.7751849 0.1649007 0.7604001 0.154473 0.7645954 0.153646 0.7604001 0.154473 0.7751849 0.1649007 0.7724863 0.1618682 0.7724863 0.1618682 0.7564905 0.1568977 0.7604001 0.154473 0.7564905 0.1568977 0.7724863 0.1618682 0.7693437 0.1599619 0.7693437 0.1599619 0.7531334 0.1607547 0.7564905 0.1568977 0.7531334 0.1607547 0.7693437 0.1599619 0.7659711 0.1593117 0.7659711 0.1593117 0.7505574 0.1657814 0.7531334 0.1607547 0.7505574 0.1657814 0.7659711 0.1593117 0.7625986 0.1599619 0.7625986 0.1599619 0.7489379 0.171635 0.7505574 0.1657814 0.7489379 0.171635 0.7625986 0.1599619 0.7594558 0.1618682 0.7594558 0.1618682 0.7483857 0.1779167 0.7489379 0.171635 0.7483857 0.1779167 0.7594558 0.1618682 0.7567574 0.1649007 0.7567574 0.1649007 0.7489379 0.1841984 0.7483857 0.1779167 0.7489379 0.1841984 0.7567574 0.1649007 0.7546865 0.1688526 0.7546865 0.1688526 0.7505574 0.1900522 0.7489379 0.1841984 0.7505574 0.1900522 0.7546865 0.1688526 0.7533848 0.1734548 0.7533848 0.1734548 0.7531335 0.1950787 0.7505574 0.1900522 0.7531335 0.1950787 0.7533848 0.1734548 0.7529405 0.1783935 0.7529405 0.1783935 0.7564905 0.1989358 0.7531335 0.1950787 0.7564905 0.1989358 0.7533848 0.1833323 0.7529405 0.1783935 0.7533848 0.1833323 0.7603999 0.2013605 0.7564905 0.1989358 0.7603999 0.2013605 0.7546865 0.1879345 0.7533848 0.1833323 0.7546865 0.1879345 0.7645954 0.2021875 0.7603999 0.2013605 0.7645954 0.2021875 0.7567573 0.1918865 0.7546865 0.1879345 0.7567573 0.1918865 0.759456 0.1949189 0.7567573 0.1918865 0.759456 0.1949189 0.7625985 0.1968252 0.759456 0.1949189 0.7625985 0.1968252 0.7659711 0.1974754 0.7625985 0.1968252 0.7659711 0.1974754 0.7687907 0.2013605 0.7645954 0.2021875 0.7645954 0.2021875 0.7727001 0.1989358 0.7687907 0.2013605 0.7687907 0.2013605 0.7760575 0.1950787 0.7727001 0.1989358 0.7727001 0.1989358 0.7786334 0.1900522 0.7760575 0.1950787 0.7760575 0.1950787 0.7693436 0.1968252 0.7659709 0.1974754 0.7659709 0.1974754 0.7802526 0.1841984 0.7786334 0.1900522 0.7786334 0.1900522 0.7724863 0.1949189 0.7693436 0.1968252 0.7693436 0.1968252 0.780805 0.1779168 0.7802526 0.1841984 0.7802526 0.1841984 0.7751849 0.1918865 0.7724863 0.1949189 0.7724863 0.1949189 0.7802528 0.171635 0.780805 0.1779168 0.780805 0.1779168 0.7772555 0.1879345 0.7751849 0.1918865 0.7751849 0.1918865 0.7786334 0.1657814 0.7802528 0.171635 0.7802528 0.171635 0.7785574 0.1833323 0.7772555 0.1879345 0.7772555 0.1879345 0.7760574 0.1607547 0.7786334 0.1657814 0.7786334 0.1657814 0.7790014 0.1783935 0.7785574 0.1833323 0.7785574 0.1833323 0.7727001 0.1568977 0.7760574 0.1607547 0.7760574 0.1607547 0.7790014 0.1783935 0.7785574 0.1734548 0.7790014 0.1783935 0.7687907 0.154473 0.7727001 0.1568977 0.7727001 0.1568977 0.7785574 0.1734548 0.7772557 0.1688526 0.7785574 0.1734548 0.7645953 0.153646 0.7687907 0.154473 0.7687907 0.154473 0.7772557 0.1688526 0.7751849 0.1649007 0.7772557 0.1688526 0.7645953 0.153646 0.7603999 0.154473 0.7645953 0.153646 0.7751849 0.1649007 0.7724861 0.1618682 0.7751849 0.1649007 0.7603999 0.154473 0.7564905 0.1568977 0.7603999 0.154473 0.7724861 0.1618682 0.7693434 0.1599619 0.7724861 0.1618682 0.7564905 0.1568977 0.7531334 0.1607548 0.7564905 0.1568977 0.7693434 0.1599619 0.7659711 0.1593117 0.7693434 0.1599619 0.7531334 0.1607548 0.7505574 0.1657814 0.7531334 0.1607548 0.7659711 0.1593117 0.7625987 0.1599619 0.7659711 0.1593117 0.7505574 0.1657814 0.748938 0.171635 0.7505574 0.1657814 0.7625987 0.1599619 0.759456 0.1618682 0.7625987 0.1599619 0.748938 0.171635 0.7483858 0.1779168 0.748938 0.171635 0.759456 0.1618682 0.7567574 0.1649007 0.759456 0.1618682 0.7483858 0.1779168 0.748938 0.1841984 0.7483858 0.1779168 0.7567574 0.1649007 0.7546865 0.1688526 0.7567574 0.1649007 0.748938 0.1841984 0.7505574 0.1900522 0.748938 0.1841984 0.7546865 0.1688526 0.7533848 0.1734548 0.7546865 0.1688526 0.7505574 0.1900522 0.7531335 0.1950788 0.7505574 0.1900522 0.7533848 0.1734548 0.7529409 0.1783935 0.7533848 0.1734548 0.7531335 0.1950788 0.7564905 0.1989358 0.7531335 0.1950788 0.7533848 0.1833323 0.7529409 0.1783935 0.7529409 0.1783935 0.7564905 0.1989358 0.7603999 0.2013605 0.7564905 0.1989358 0.7546865 0.1879345 0.7533848 0.1833323 0.7533848 0.1833323 0.7603999 0.2013605 0.7645954 0.2021875 0.7603999 0.2013605 0.7567573 0.1918864 0.7546865 0.1879345 0.7546865 0.1879345 0.7645954 0.2021875 0.7687907 0.2013605 0.7687907 0.2013605 0.759456 0.1949189 0.7567573 0.1918864 0.7567573 0.1918864 0.7687907 0.2013605 0.7727001 0.1989358 0.7727001 0.1989358 0.7625986 0.1968252 0.759456 0.1949189 0.759456 0.1949189 0.7727001 0.1989358 0.7760573 0.1950788 0.7760573 0.1950788 0.7659709 0.1974754 0.7625986 0.1968252 0.7625986 0.1968252 0.7760573 0.1950788 0.7786332 0.1900522 0.7786332 0.1900522 0.7693434 0.1968252 0.7659711 0.1974754 0.7693434 0.1968252 0.252469 0.5825287 0.242599 0.6278872 0.2329326 0.5825287 0.2329326 0.5825287 0.242599 0.6278872 0.2329326 0.5825287 0.242599 0.6278872 0.252469 0.5825287 0.2329326 0.5825287 0.252469 0.6278872 0.252469 0.5825287 0.252469 0.5825287 0.252469 0.5825287 0.252469 0.549284 0.252469 0.5825287 0.242599 0.6278872 0.252469 0.6278872 0.252469 0.6278872 0.2267812 0.549284 0.2318179 0.4931375 0.2175541 0.4931375 0.2329326 0.5825287 0.2267812 0.549284 0.2267812 0.549284 0.2329326 0.5825287 0.252469 0.549284 0.252469 0.5825287 0.2329326 0.5825287 0.252469 0.549284 0.2267812 0.549284 0.3060367 0.3700906 0.2917729 0.3604865 0.2917729 0.3700906 0.2267812 0.549284 0.2318179 0.4931375 0.252469 0.549284 0.252469 0.549284 0.2318179 0.4931375 0.252469 0.549284 0.2267812 0.549284 0.2175541 0.4931375 0.2175541 0.4931375 0.2917729 0.3604865 0.3060367 0.3604865 0.2917729 0.3604865 0.2917729 0.3700906 0.3060367 0.3604865 0.3060367 0.3700906 0.3060367 0.3700906 0.3060367 0.3604865 0.3060367 0.3700906 0.2917729 0.3604865 0.283864 0.3700906 0.2917729 0.3700906 0.2803801 0.3624716 0.2870617 0.3681307 0.2870419 0.3619846 0.2917729 0.3604865 0.283864 0.3604865 0.283864 0.3604865 0.2917729 0.3700906 0.283864 0.3604865 0.2917729 0.3604865 0.287022 0.3693329 0.2803404 0.3614975 0.2870419 0.3619846 0.287022 0.3693329 0.2937036 0.3614975 0.2937036 0.3693329 0.2917729 0.3604865 0.283864 0.3604865 0.2917729 0.3604865 0.2870419 0.3619846 0.2937433 0.3681307 0.2937433 0.3624716 0.3060367 0.3700906 0.3060367 0.3604865 0.3060367 0.3700906 0.2917729 0.3604865 0.3060367 0.3604865 0.3060367 0.3604865 0.2267812 0.549284 0.2175541 0.4931375 0.2267812 0.549284 0.252469 0.549284 0.2318179 0.4931375 0.2318179 0.4931375 0.2329326 0.5825287 0.2267812 0.549284 0.2329326 0.5825287 0.242599 0.6278872 0.252469 0.6278872 0.242599 0.6278872 0.252469 0.5825287 0.252469 0.549284 0.252469 0.5825287 0.252469 0.6278872 0.252469 0.5825287 0.252469 0.5825287 0.242599 0.6278872 0.2329326 0.5825287 0.2329326 0.5825287 0.252469 0.5825287 0.242599 0.6278872 0.252469 0.6278872 0.2329326 0.5825287 0.242599 0.6278872 0.242599 0.6278872 0.252469 0.5825287 0.242599 0.6278872 0.2329326 0.5825287 0.252469 0.5825287 0.252469 0.6278872 0.252469 0.5825287 0.252469 0.549284 0.252469 0.5825287 0.252469 0.5825287 0.242599 0.6278872 0.252469 0.6278872 0.242599 0.6278872 0.2267812 0.549284 0.2318179 0.4931375 0.252469 0.549284 0.2329326 0.5825287 0.2267812 0.549284 0.2329326 0.5825287 0.252469 0.549284 0.2329326 0.5825287 0.252469 0.5825287 0.2329326 0.5825287 0.252469 0.549284 0.252469 0.5825287 0.2917729 0.3604865 0.3060367 0.3700906 0.2917729 0.3700906 0.2318179 0.4931375 0.2267812 0.549284 0.252469 0.549284 0.2318179 0.4931375 0.252469 0.549284 0.252469 0.549284 0.2267812 0.549284 0.2175541 0.4931375 0.2267812 0.549284 0.3060367 0.3604865 0.2917729 0.3604865 0.2917729 0.3604865 0.3060367 0.3604865 0.2917729 0.3700906 0.3060367 0.3700906 0.3060367 0.3604865 0.3060367 0.3700906 0.3060367 0.3700906 0.283864 0.3700906 0.2917729 0.3604865 0.2917729 0.3700906 0.2870617 0.3681307 0.2803801 0.3624716 0.2870419 0.3619846 0.2917729 0.3604865 0.283864 0.3604865 0.2917729 0.3604865 0.283864 0.3604865 0.2917729 0.3700906 0.2917729 0.3604865 0.287022 0.3693329 0.2803404 0.3614975 0.2803404 0.3693329 0.2937036 0.3614975 0.287022 0.3693329 0.2937036 0.3693329 0.283864 0.3604865 0.2917729 0.3604865 0.2917729 0.3604865 0.2937433 0.3681307 0.2870419 0.3619846 0.2937433 0.3624716 0.3060367 0.3604865 0.3060367 0.3700906 0.3060367 0.3700906 0.2917729 0.3604865 0.3060367 0.3604865 0.2917729 0.3604865 0.2175541 0.4931375 0.2267812 0.549284 0.2267812 0.549284 0.252469 0.549284 0.2318179 0.4931375 0.252469 0.549284 0.2267812 0.549284 0.2329326 0.5825287 0.2329326 0.5825287 0.252469 0.6278872 0.242599 0.6278872 0.242599 0.6278872 0.252469 0.549284 0.252469 0.5825287 0.252469 0.5825287 0.252469 0.5825287 0.252469 0.6278872 0.252469 0.5825287 0.2329326 0.5825287 0.242599 0.6278872 0.2329326 0.5825287 0.252469 0.5825287 0.242599 0.6278872 0.252469 0.6278872 0.2329326 0.5825287 0.242599 0.6278872 0.242599 0.6278872 0.252469 0.5825287 0.242599 0.6278872 0.2329326 0.5825287 0.252469 0.5825287 0.252469 0.6278872 0.252469 0.5825287 0.252469 0.549284 0.252469 0.5825287 0.252469 0.5825287 0.242599 0.6278872 0.252469 0.6278872 0.242599 0.6278872 0.2267812 0.549284 0.2318179 0.4931375 0.252469 0.549284 0.2329326 0.5825287 0.2267812 0.549284 0.2329326 0.5825287 0.252469 0.549284 0.2329326 0.5825287 0.252469 0.5825287 0.2329326 0.5825287 0.252469 0.549284 0.252469 0.5825287 0.2917729 0.3604865 0.3060367 0.3700906 0.2917729 0.3700906 0.2318179 0.4931375 0.2267812 0.549284 0.252469 0.549284 0.2318179 0.4931375 0.252469 0.549284 0.252469 0.549284 0.2267812 0.549284 0.2175541 0.4931375 0.2267812 0.549284 0.3060367 0.3604865 0.2917729 0.3604865 0.2917729 0.3604865 0.3060367 0.3604865 0.2917729 0.3700906 0.3060367 0.3700906 0.3060367 0.3604865 0.3060367 0.3700906 0.3060367 0.3700906 0.283864 0.3700906 0.2917729 0.3604865 0.2917729 0.3700906 0.2870617 0.3681307 0.2803801 0.3624716 0.2870419 0.3619846 0.2917729 0.3604865 0.283864 0.3604865 0.2917729 0.3604865 0.283864 0.3604865 0.2917729 0.3700906 0.2917729 0.3604865 0.287022 0.3693329 0.2803404 0.3614975 0.2803404 0.3693329 0.2937036 0.3614975 0.287022 0.3693329 0.2937036 0.3693329 0.283864 0.3604865 0.2917729 0.3604865 0.2917729 0.3604865 0.2937433 0.3681307 0.2870419 0.3619846 0.2937433 0.3624716 0.3060367 0.3604865 0.3060367 0.3700906 0.3060367 0.3700906 0.2917729 0.3604865 0.3060367 0.3604865 0.2917729 0.3604865 0.2175541 0.4931375 0.2267812 0.549284 0.2267812 0.549284 0.252469 0.549284 0.2318179 0.4931375 0.252469 0.549284 0.2267812 0.549284 0.2329326 0.5825287 0.2329326 0.5825287 0.252469 0.6278872 0.242599 0.6278872 0.242599 0.6278872 0.252469 0.549284 0.252469 0.5825287 0.252469 0.5825287 0.252469 0.5825287 0.252469 0.6278872 0.252469 0.5825287 0.2329326 0.5825287 0.242599 0.6278872 0.2329326 0.5825287 0.252469 0.5825287 0.242599 0.6278872 0.2329326 0.5825287 0.2329326 0.5825287 0.242599 0.6278872 0.2329326 0.5825287 0.242599 0.6278872 0.252469 0.5825287 0.2329326 0.5825287 0.252469 0.6278872 0.252469 0.5825287 0.252469 0.5825287 0.252469 0.5825287 0.252469 0.549284 0.252469 0.5825287 0.242599 0.6278872 0.252469 0.6278872 0.252469 0.6278872 0.2267812 0.549284 0.2318179 0.4931375 0.2175541 0.4931375 0.2329326 0.5825287 0.2267812 0.549284 0.2267812 0.549284 0.2329326 0.5825287 0.252469 0.549284 0.252469 0.5825287 0.2329326 0.5825287 0.252469 0.549284 0.2267812 0.549284 0.3060367 0.3700906 0.2917729 0.3604865 0.2917729 0.3700906 0.2267812 0.549284 0.2318179 0.4931375 0.252469 0.549284 0.252469 0.549284 0.2318179 0.4931375 0.252469 0.549284 0.2267812 0.549284 0.2175541 0.4931375 0.2175541 0.4931375 0.2917729 0.3604865 0.3060367 0.3604865 0.2917729 0.3604865 0.2917729 0.3700906 0.3060367 0.3604865 0.3060367 0.3700906 0.3060367 0.3700906 0.3060367 0.3604865 0.3060367 0.3700906 0.2917729 0.3604865 0.283864 0.3700906 0.2917729 0.3700906 0.2803801 0.3624716 0.2870617 0.3681307 0.2870419 0.3619846 0.2917729 0.3604865 0.283864 0.3604865 0.283864 0.3604865 0.2917729 0.3700906 0.283864 0.3604865 0.2917729 0.3604865 0.287022 0.3693329 0.2803404 0.3614975 0.2870419 0.3619846 0.287022 0.3693329 0.2937036 0.3614975 0.2937036 0.3693329 0.2917729 0.3604865 0.283864 0.3604865 0.2917729 0.3604865 0.2870419 0.3619846 0.2937433 0.3681307 0.2937433 0.3624716 0.3060367 0.3700906 0.3060367 0.3604865 0.3060367 0.3700906 0.2917729 0.3604865 0.3060367 0.3604865 0.3060367 0.3604865 0.2267812 0.549284 0.2175541 0.4931375 0.2267812 0.549284 0.252469 0.549284 0.2318179 0.4931375 0.2318179 0.4931375 0.2329326 0.5825287 0.2267812 0.549284 0.2329326 0.5825287 0.242599 0.6278872 0.252469 0.6278872 0.242599 0.6278872 0.252469 0.5825287 0.252469 0.549284 0.252469 0.5825287 0.252469 0.6278872 0.252469 0.5825287 0.252469 0.5825287 0.242599 0.6278872 0.2329326 0.5825287 0.2329326 0.5825287 0.6532131 0.9867112 0.6584261 0.9855912 0.6632839 0.9823078 0.6632839 0.9823078 0.6674553 0.9770845 0.6532131 0.9867112 0.6674553 0.9770845 0.6706562 0.9702774 0.6532131 0.9867112 0.6706562 0.9702774 0.6726683 0.9623504 0.6733546 0.9538437 0.6733546 0.9538437 0.6726683 0.9453369 0.6706562 0.9374098 0.6706562 0.9374098 0.6674553 0.9306027 0.6632839 0.9253795 0.6632839 0.9253795 0.6584261 0.922096 0.6532131 0.9209761 0.6532131 0.9209761 0.648 0.922096 0.6431422 0.9253795 0.6431422 0.9253795 0.6389707 0.9306027 0.6532131 0.9209761 0.6389707 0.9306027 0.6357699 0.9374098 0.6532131 0.9209761 0.6357699 0.9374098 0.6337577 0.9453369 0.6330714 0.9538437 0.6330714 0.9538437 0.6337577 0.9623504 0.6357699 0.9702774 0.6357699 0.9702774 0.6389707 0.9770845 0.6532131 0.9867112 0.6389707 0.9770845 0.6431422 0.9823078 0.6532131 0.9867112 0.6431422 0.9823078 0.648 0.9855912 0.6532131 0.9867112 0.6706562 0.9702774 0.6733546 0.9538437 0.6706562 0.9374098 0.6706562 0.9374098 0.6632839 0.9253795 0.6532131 0.9209761 0.6357699 0.9374098 0.6330714 0.9538437 0.6357699 0.9702774 0.6532131 0.9867112 0.6706562 0.9702774 0.6706562 0.9374098 0.6706562 0.9374098 0.6532131 0.9209761 0.6532131 0.9867112 0.6532131 0.9209761 0.6357699 0.9374098 0.6532131 0.9867112 0.1675188 0.4750531 0.1675188 0.6232094 0.1477184 0.6232094 0.1877679 0.6629726 0.184054 0.6934786 0.1295397 0.6934786 0.1367151 0.6629726 0.1295397 0.6934786 0.184054 0.6934786 0.2973426 0.6629726 0.2425559 0.6629726 0.2425559 0.6934786 0.1367151 0.6629726 0.09287387 0.6629726 0.08272755 0.6934786 0.1367151 0.6629726 0.1295397 0.6934786 0.08272755 0.6934786 0.1877679 0.6629726 0.184054 0.6934786 0.2425559 0.6934786 0.2973426 0.6629726 0.3010566 0.6934786 0.3555708 0.6934786 0.1367151 0.6629726 0.1295397 0.6934786 0.184054 0.6934786 0.3483961 0.6629726 0.3922367 0.6629726 0.4023836 0.6934786 0.3483961 0.6629726 0.3555708 0.6934786 0.4023836 0.6934786 0.1877679 0.6629726 0.184054 0.6934786 0.2425559 0.6934786 0.3483961 0.6629726 0.3555708 0.6934786 0.3010566 0.6934786 0.3483961 0.6629726 0.3922367 0.6629726 0.4023836 0.6934786 0.2973426 0.6629726 0.2425559 0.6629726 0.2425559 0.6934786 0.2973426 0.6629726 0.3010566 0.6934786 0.2425559 0.6934786 0.3483961 0.6629726 0.3555708 0.6934786 0.3010566 0.6934786 0.3483961 0.6629726 0.2973426 0.6629726 0.3010566 0.6934786 0.2425559 0.6629726 0.2425559 0.6934786 0.184054 0.6934786 0.2973426 0.6629726 0.3010566 0.6934786 0.2425559 0.6934786 0.3483961 0.6629726 0.3555708 0.6934786 0.4023836 0.6934786 0.1367151 0.6629726 0.1877679 0.6629726 0.184054 0.6934786 0.2425559 0.6629726 0.2425559 0.6934786 0.184054 0.6934786 0.09287387 0.6629726 0.08272755 0.6934786 0.1295397 0.6934786 0.1367151 0.6629726 0.1295397 0.6934786 0.08272755 0.6934786 0.1996552 0.4750531 0.1873189 0.6232094 0.2057701 0.6232094 0.07971972 0.4750536 0.1134231 0.6232094 0.1292672 0.6232094 0.1054353 0.4750536 0.1292672 0.6232094 0.1134231 0.6232094 0.1353817 0.4750536 0.1477184 0.6232094 0.1292672 0.6232094 0.1054353 0.4750536 0.1292672 0.6232094 0.1477184 0.6232094 0.07971936 0.4750536 0.1134231 0.6232094 0.1292672 0.6232094 0.1054353 0.4750536 0.1292672 0.6232094 0.1134231 0.6232094 0.2122641 0.5320813 0.1893045 0.6899315 0.1860209 0.689931 0.1353821 0.4750536 0.1054353 0.4750536 0.1292672 0.6232094 0.229602 0.4750539 0.2553175 0.4750536 0.2216141 0.6232094 0.229602 0.4750539 0.2057701 0.6232094 0.2216145 0.6232094 0.1353817 0.4750531 0.1477184 0.6232094 0.1675188 0.6232094 0.1353821 0.4750536 0.1477184 0.6232094 0.1675188 0.6232094 0.1996552 0.4750536 0.229602 0.4750539 0.2057701 0.6232094 0.229602 0.4750536 0.2553179 0.4750536 0.2216145 0.6232094 0.1996552 0.4750536 0.1675188 0.4750536 0.1675188 0.6232094 0.1996552 0.4750536 0.1873189 0.6232094 0.1675188 0.6232094 0.1996552 0.4750536 0.229602 0.4750536 0.2057701 0.6232094 0.1996552 0.4750536 0.1873189 0.6232094 0.2057701 0.6232094 0.1353817 0.4750531 0.1675188 0.4750536 0.1675188 0.6232094 0.1675188 0.4750531 0.1996552 0.4750536 0.1873189 0.6232094 0.2296015 0.4750536 0.2057701 0.6232094 0.2216141 0.6232094 0.1353817 0.4750531 0.1477184 0.6232094 0.1292672 0.6232094 0.06376236 0.6191902 0.05910938 0.6230447 0.04446965 0.6191905 0.05910938 0.6230447 0.05411672 0.6243606 0.04446965 0.6191905 0.05411672 0.6243606 0.04912269 0.6230447 0.04446965 0.6191905 0.04446965 0.6191905 0.0404731 0.6130579 0.03740787 0.6050679 0.03740787 0.6050679 0.03548085 0.5957616 0.04446965 0.6191905 0.03548085 0.5957616 0.03482216 0.5857734 0.04446965 0.6191905 0.03482216 0.5857734 0.03547948 0.5757844 0.03740698 0.5664789 0.03740698 0.5664789 0.0404731 0.5584875 0.04446965 0.5523577 0.04446965 0.5523577 0.04912269 0.5485016 0.05411577 0.5471854 0.05411577 0.5471854 0.05910938 0.5485008 0.04446965 0.5523577 0.05910938 0.5485008 0.06376332 0.5523554 0.04446965 0.5523577 0.06376332 0.5523554 0.06775897 0.5584889 0.07340937 0.5857743 0.06775897 0.5584889 0.07082509 0.5664798 0.07340937 0.5857743 0.07082509 0.5664798 0.07275211 0.5757876 0.07340937 0.5857743 0.07340937 0.5857743 0.07275295 0.595761 0.07082509 0.605067 0.07082509 0.605067 0.06775897 0.6130579 0.06376236 0.6191902 0.03482216 0.5857734 0.03740698 0.5664789 0.06376332 0.5523554 0.03740698 0.5664789 0.04446965 0.5523577 0.06376332 0.5523554 0.07340937 0.5857743 0.07082509 0.605067 0.06376236 0.6191902 0.06376236 0.6191902 0.04446965 0.6191905 0.03482216 0.5857734 0.06376332 0.5523554 0.07340937 0.5857743 0.03482216 0.5857734 0.1991376 0.5320813 0.2057009 0.5320813 0.1860209 0.689931 0.1860114 0.5320813 0.1761715 0.689931 0.1728882 0.689931 0.1794483 0.5320813 0.1728882 0.689931 0.169605 0.689931 0.1663216 0.5320813 0.172885 0.5320813 0.169605 0.689931 0.1663216 0.5320813 0.1663216 0.6899315 0.1630386 0.689931 0.1531952 0.5320818 0.1597586 0.5320818 0.1630386 0.689931 0.1466319 0.5320818 0.1531952 0.5320818 0.1597552 0.689931 0.1466319 0.5320818 0.156472 0.689931 0.1531887 0.6899315 0.1335059 0.5320818 0.1400687 0.5320818 0.1531887 0.6899315 0.1335059 0.5320818 0.1499058 0.689931 0.1466222 0.689931 0.1203793 0.5320818 0.1269426 0.5320818 0.1466222 0.689931 0.1203793 0.5320818 0.1433393 0.689931 0.1400556 0.689931 0.1072529 0.5320818 0.1138161 0.5320818 0.1400556 0.689931 0.1072529 0.5320818 0.1367729 0.689931 0.1334891 0.689931 0.09412634 0.5320818 0.1006895 0.5320818 0.1334891 0.689931 0.09412634 0.5320818 0.1302064 0.689931 0.1269227 0.6899315 0.2385166 0.5320818 0.24508 0.5320818 0.2057204 0.689931 0.2385166 0.5320818 0.2024375 0.689931 0.1991539 0.689931 0.2319538 0.5320818 0.1991539 0.689931 0.195871 0.6899315 0.2253905 0.5320818 0.195871 0.6899315 0.1925879 0.689931 0.2122641 0.5320813 0.2188274 0.5320813 0.1925879 0.689931 0.1925743 0.5320813 0.1794544 0.689931 0.1761715 0.689931 0.1675188 0.4750536 0.1675188 0.6232094 0.1873189 0.6232094 0.3426914 0.4537864 0.3426914 0.6521654 0.314302 0.6521642 0.2773914 0.4537864 0.2876064 0.6521642 0.2611507 0.6521654 0.3905736 0.4537864 0.3708404 0.6521654 0.3935577 0.6521654 0.3546002 0.4537864 0.3443856 0.6521654 0.3159962 0.6521642 0.2773914 0.4537864 0.3159962 0.4537864 0.3159962 0.6521654 0.3040874 0.4537864 0.314302 0.6521654 0.2878471 0.6521654 0.3546002 0.4537864 0.3905736 0.4537864 0.3708404 0.6521654 0.3546002 0.4537864 0.3443856 0.6521654 0.3159962 0.6521654 0.3426914 0.4537864 0.3426914 0.6521654 0.314302 0.6521654 0.4214648 0.4537864 0.3935586 0.6521654 0.3708404 0.6521654 0.3546002 0.4537864 0.3905736 0.4537864 0.3708409 0.6521654 0.3812962 0.4537864 0.3710812 0.6521654 0.3426914 0.6521654 0.3812962 0.4537864 0.3710812 0.6521642 0.3426914 0.6521654 0.3905736 0.4537864 0.3708404 0.6521654 0.3935586 0.6521654 0.4214648 0.4537864 0.3935577 0.6521654 0.3708409 0.6521654 0.2773914 0.4537864 0.241418 0.4537864 0.2611507 0.6521654 0.2105272 0.4537864 0.241418 0.4537864 0.2611515 0.6521654 0.2105272 0.4537864 0.2384342 0.6521654 0.2611507 0.6521654 0.241418 0.4537864 0.2611515 0.6521654 0.2876064 0.6521642 0.2773914 0.4537864 0.2876064 0.6521654 0.2611515 0.6521654 0.241418 0.4537864 0.2611507 0.6521654 0.2384342 0.6521654 0.2105272 0.4537864 0.2384342 0.6521654 0.2611515 0.6521654 0.3040874 0.4537864 0.314302 0.6521642 0.2878471 0.6521654 0.2773914 0.4537864 0.3159962 0.4537864 0.3159962 0.6521642 0.05411672 0.6243606 0.05910938 0.6230447 0.06019186 0.6311251 0.06376236 0.6191902 0.06585407 0.6264346 0.06019186 0.6311251 0.06376236 0.6191902 0.06775897 0.6130579 0.07071602 0.618973 0.07082509 0.605067 0.07444661 0.6092495 0.07071602 0.618973 0.07275295 0.595761 0.07679218 0.5979256 0.07444661 0.6092495 0.07275295 0.595761 0.07340937 0.5857743 0.05702531 0.5487541 0.07275211 0.5757876 0.07679218 0.5736222 0.07759189 0.5857734 0.07275211 0.5757876 0.07082509 0.5664798 0.07444661 0.5622982 0.07082509 0.5664798 0.06775897 0.5584889 0.07071602 0.5525738 0.06376332 0.5523554 0.06585407 0.5451127 0.07071602 0.5525738 0.06376332 0.5523554 0.05910938 0.5485008 0.06019186 0.5404226 0.05411577 0.5471854 0.05411672 0.5388222 0.06019186 0.5404226 0.05411577 0.5471854 0.04912269 0.5485016 0.04804062 0.5404226 0.04446965 0.5523577 0.04237884 0.5451127 0.04804062 0.5404226 0.04446965 0.5523577 0.0404731 0.5584875 0.03751641 0.5525738 0.0404731 0.5584875 0.03740698 0.5664789 0.03378534 0.5622982 0.03740698 0.5664789 0.03547948 0.5757844 0.03144031 0.5736222 0.03482216 0.5857734 0.03064101 0.5857734 0.03144031 0.5736222 0.03482216 0.5857734 0.03548085 0.5957616 0.03144031 0.5979256 0.03740787 0.6050679 0.03378534 0.6092495 0.03144031 0.5979256 0.0404731 0.6130579 0.03751641 0.618973 0.03378534 0.6092495 0.04446965 0.6191905 0.04237884 0.6264342 0.03751641 0.618973 0.04446965 0.6191905 0.04912269 0.6230447 0.04804062 0.6311251 0.05411672 0.6243606 0.05411672 0.6327248 0.04804062 0.6311251 0.1991376 0.5320813 0.182738 0.689931 0.1794544 0.689931 0.780805 0.1779168 0.780805 0.1779168 0.7802526 0.171635 0.1525546 0.1535706 0.1387539 0.1535706 0.1440233 0.2196927 0.7751847 0.1918864 0.7724862 0.1949189 0.7724862 0.1949189 0.1525546 0.1535706 0.1525546 0.06814253 0.13427 0.06814253 0.1663552 0.1535706 0.1708391 0.06814253 0.1878775 0.06814253 0.1902588 0.1535706 0.1792154 0.1535706 0.1878775 0.06814253 0.1663552 0.1535706 0.1708391 0.06814253 0.1525546 0.06814253 0.1525546 0.1535706 0.1525546 0.06814253 0.1708391 0.06814253 0.1792154 0.1535706 0.1663552 0.1535706 0.1708391 0.06814253 0.1792154 0.1535706 0.1878775 0.06814253 0.1708391 0.06814253 0.1525546 0.1535706 0.1387539 0.1535706 0.13427 0.06814253 0.1663552 0.1535706 0.1525546 0.1535706 0.1525546 0.06814253 0.1902588 0.1535706 0.2025088 0.06814253 0.1878775 0.06814253 0.1387539 0.1535706 0.1258937 0.1535706 0.1172316 0.06814253 0.1525546 0.1535706 0.1387539 0.1535706 0.13427 0.06814253 0.1258937 0.1535706 0.1172316 0.06814253 0.1026003 0.06814253 0.1148504 0.1535706 0.1026003 0.06814253 0.1172316 0.06814253 0.1258937 0.1535706 0.1172316 0.06814253 0.13427 0.06814253 0.1258937 0.1535706 0.1387539 0.1535706 0.13427 0.06814253 0.1663552 0.1535706 0.1708391 0.06814253 0.1525546 0.06814253 0.1148504 0.1535706 0.1258937 0.1535706 0.1172316 0.06814253 0.1148504 0.1535706 0.1026003 0.06814253 0.1172316 0.06814253 0.1525546 0.1535706 0.1525546 0.06814253 0.13427 0.06814253 0.1792154 0.1535706 0.1878775 0.06814253 0.1708391 0.06814253 0.1258937 0.1535706 0.1387539 0.1535706 0.13427 0.06814253 0.1902588 0.1535706 0.1792154 0.1535706 0.1878775 0.06814253 0.1792154 0.1535706 0.1902588 0.1535706 0.2025088 0.06814253 0.1663552 0.1535706 0.1792154 0.1535706 0.1690355 0.2196927 0.1902588 0.1535706 0.1758621 0.2196927 0.1690355 0.2196927 0.1663552 0.1535706 0.1525546 0.1535706 0.1525546 0.2196927 0.1663552 0.1535706 0.1610858 0.2196927 0.1525546 0.2196927 0.1792154 0.1535706 0.1690355 0.2196927 0.1610858 0.2196927 0.1792154 0.1535706 0.1663552 0.1535706 0.1610858 0.2196927 0.1387539 0.1535706 0.1525546 0.1535706 0.1525546 0.2196927 0.1663552 0.1535706 0.1610858 0.2196927 0.1525546 0.2196927 0.1902588 0.1535706 0.1792154 0.1535706 0.1690355 0.2196927 0.1387539 0.1535706 0.1440233 0.2196927 0.1360736 0.2196927 0.1525546 0.1535706 0.1525546 0.2196927 0.1440233 0.2196927 0.1148504 0.1535706 0.1292468 0.2196927 0.1360736 0.2196927 0.1148504 0.1535706 0.1258937 0.1535706 0.1360736 0.2196927 0.1387539 0.1535706 0.1440233 0.2196927 0.1360736 0.2196927 0.1258937 0.1535706 0.1360736 0.2196927 0.1440233 0.2196927 0.1525546 0.1535706 0.1525546 0.2196927 0.1610858 0.2196927 0.1258937 0.1535706 0.1148504 0.1535706 0.1292468 0.2196927 0.1258937 0.1535706 0.1360736 0.2196927 0.1292468 0.2196927 0.1525546 0.1535706 0.1387539 0.1535706 0.1440233 0.2196927 0.1792154 0.1535706 0.1663552 0.1535706 0.1610858 0.2196927 0.1387539 0.1535706 0.1258937 0.1535706 0.1360736 0.2196927 0.1902588 0.1535706 0.1758621 0.2196927 0.1690355 0.2196927 0.1902588 0.1535706 0.1792154 0.1535706 0.1690355 0.2196927 0.1525546 0.1535706 0.1525546 0.2196927 0.1440233 0.2196927 0.7802526 0.1841984 0.7802526 0.1841984 0.780805 0.1779168 0.13427 0.06814253 0.1525546 0.06814253 0.1525546 0.1535706 0.1878775 0.06814253 0.1708391 0.06814253 0.1663552 0.1535706 0.1902588 0.1535706 0.2025088 0.06814253 0.1878775 0.06814253 0.1525546 0.06814253 0.1708391 0.06814253 0.1663552 0.1535706 0.1708391 0.06814253 0.1525546 0.06814253 0.1525546 0.1535706 0.1792154 0.1535706 0.1878775 0.06814253 0.1708391 0.06814253 0.1708391 0.06814253 0.1878775 0.06814253 0.1792154 0.1535706 0.1525546 0.1535706 0.1525546 0.06814253 0.13427 0.06814253 0.1663552 0.1535706 0.1708391 0.06814253 0.1525546 0.06814253 0.1878775 0.06814253 0.2025088 0.06814253 0.1902588 0.1535706 0.13427 0.06814253 0.1172316 0.06814253 0.1258937 0.1535706 0.1525546 0.1535706 0.1525546 0.06814253 0.13427 0.06814253 0.1026003 0.06814253 0.1172316 0.06814253 0.1258937 0.1535706 0.1172316 0.06814253 0.1026003 0.06814253 0.1148504 0.1535706 0.13427 0.06814253 0.1172316 0.06814253 0.1258937 0.1535706 0.1258937 0.1535706 0.1172316 0.06814253 0.13427 0.06814253 0.1525546 0.06814253 0.1708391 0.06814253 0.1663552 0.1535706 0.1148504 0.1535706 0.1026003 0.06814253 0.1172316 0.06814253 0.1172316 0.06814253 0.1026003 0.06814253 0.1148504 0.1535706 0.13427 0.06814253 0.1525546 0.06814253 0.1525546 0.1535706 0.1708391 0.06814253 0.1878775 0.06814253 0.1792154 0.1535706 0.1258937 0.1535706 0.1172316 0.06814253 0.13427 0.06814253 0.1902588 0.1535706 0.2025088 0.06814253 0.1878775 0.06814253 0.1792154 0.1535706 0.1878775 0.06814253 0.2025088 0.06814253 0.1663552 0.1535706 0.1610858 0.2196927 0.1690355 0.2196927 0.1690355 0.2196927 0.1758621 0.2196927 0.1902588 0.1535706 0.1663552 0.1535706 0.1610858 0.2196927 0.1525546 0.2196927 0.1525546 0.2196927 0.1610858 0.2196927 0.1663552 0.1535706 0.1610858 0.2196927 0.1690355 0.2196927 0.1792154 0.1535706 0.1792154 0.1535706 0.1690355 0.2196927 0.1610858 0.2196927 0.1387539 0.1535706 0.1440233 0.2196927 0.1525546 0.2196927 0.1525546 0.2196927 0.1610858 0.2196927 0.1663552 0.1535706 0.1758621 0.2196927 0.1690355 0.2196927 0.1792154 0.1535706 0.1360736 0.2196927 0.1440233 0.2196927 0.1387539 0.1535706 0.1440233 0.2196927 0.1525546 0.2196927 0.1525546 0.1535706 0.1360736 0.2196927 0.1292468 0.2196927 0.1148504 0.1535706 0.1148504 0.1535706 0.1292468 0.2196927 0.1360736 0.2196927 0.1360736 0.2196927 0.1440233 0.2196927 0.1387539 0.1535706 0.1440233 0.2196927 0.1360736 0.2196927 0.1258937 0.1535706 0.1610858 0.2196927 0.1525546 0.2196927 0.1525546 0.1535706 0.1360736 0.2196927 0.1292468 0.2196927 0.1148504 0.1535706 0.1292468 0.2196927 0.1360736 0.2196927 0.1258937 0.1535706 0.1525546 0.1535706 0.1525546 0.2196927 0.1440233 0.2196927 0.1792154 0.1535706 0.1690355 0.2196927 0.1610858 0.2196927 0.1387539 0.1535706 0.1440233 0.2196927 0.1360736 0.2196927 0.1690355 0.2196927 0.1758621 0.2196927 0.1902588 0.1535706 0.1902588 0.1535706 0.1758621 0.2196927 0.1690355 0.2196927 0.1387539 0.1535706 0.1440233 0.2196927 0.1525546 0.2196927 0.7724862 0.1949189 0.7693434 0.1968252 0.7693434 0.1968252 0.1525546 0.1535706 0.1525546 0.06814253 0.13427 0.06814253 0.1663552 0.1535706 0.1708391 0.06814253 0.1878775 0.06814253 0.1792154 0.1535706 0.1878775 0.06814253 0.2025088 0.06814253 0.1525546 0.1535706 0.1663552 0.1535706 0.1708391 0.06814253 0.1525546 0.1535706 0.1525546 0.06814253 0.1708391 0.06814253 0.1663552 0.1535706 0.1708391 0.06814253 0.1878775 0.06814253 0.1663552 0.1535706 0.1792154 0.1535706 0.1878775 0.06814253 0.1525546 0.1535706 0.1387539 0.1535706 0.13427 0.06814253 0.1525546 0.1535706 0.1525546 0.06814253 0.1708391 0.06814253 0.1792154 0.1535706 0.1902588 0.1535706 0.2025088 0.06814253 0.1387539 0.1535706 0.1258937 0.1535706 0.1172316 0.06814253 0.1525546 0.1535706 0.1387539 0.1535706 0.13427 0.06814253 0.1258937 0.1535706 0.1172316 0.06814253 0.1026003 0.06814253 0.1148504 0.1535706 0.1026003 0.06814253 0.1172316 0.06814253 0.1258937 0.1535706 0.1172316 0.06814253 0.13427 0.06814253 0.1258937 0.1535706 0.1387539 0.1535706 0.13427 0.06814253 0.1525546 0.1535706 0.1663552 0.1535706 0.1708391 0.06814253 0.1148504 0.1535706 0.1258937 0.1535706 0.1172316 0.06814253 0.1148504 0.1535706 0.1026003 0.06814253 0.1172316 0.06814253 0.1525546 0.1535706 0.1525546 0.06814253 0.13427 0.06814253 0.1792154 0.1535706 0.1878775 0.06814253 0.1708391 0.06814253 0.1258937 0.1535706 0.1387539 0.1535706 0.13427 0.06814253 0.1902588 0.1535706 0.1792154 0.1535706 0.1878775 0.06814253 0.1902588 0.1535706 0.2025088 0.06814253 0.1878775 0.06814253 0.1792154 0.1535706 0.1690355 0.2196927 0.1610858 0.2196927 0.1902588 0.1535706 0.1758621 0.2196927 0.1690355 0.2196927 0.1663552 0.1535706 0.1525546 0.1535706 0.1525546 0.2196927 0.1663552 0.1535706 0.1610858 0.2196927 0.1525546 0.2196927 0.1663552 0.1535706 0.1792154 0.1535706 0.1690355 0.2196927 0.1663552 0.1535706 0.1610858 0.2196927 0.1690355 0.2196927 0.1387539 0.1535706 0.1525546 0.1535706 0.1525546 0.2196927 0.1663552 0.1535706 0.1610858 0.2196927 0.1525546 0.2196927 0.1902588 0.1535706 0.1792154 0.1535706 0.1690355 0.2196927 0.1258937 0.1535706 0.1387539 0.1535706 0.1440233 0.2196927 0.1387539 0.1535706 0.1525546 0.1535706 0.1525546 0.2196927 0.1148504 0.1535706 0.1292468 0.2196927 0.1360736 0.2196927 0.1148504 0.1535706 0.1258937 0.1535706 0.1360736 0.2196927 0.1387539 0.1535706 0.1440233 0.2196927 0.1360736 0.2196927 0.1387539 0.1535706 0.1258937 0.1535706 0.1360736 0.2196927 0.1525546 0.1535706 0.1525546 0.2196927 0.1610858 0.2196927 0.1258937 0.1535706 0.1148504 0.1535706 0.1292468 0.2196927 0.1148504 0.1535706 0.1258937 0.1535706 0.1360736 0.2196927 0.1387539 0.1535706 0.1440233 0.2196927 0.1525546 0.2196927 0.1663552 0.1535706 0.1610858 0.2196927 0.1690355 0.2196927 0.1387539 0.1535706 0.1258937 0.1535706 0.1360736 0.2196927 0.1902588 0.1535706 0.1758621 0.2196927 0.1690355 0.2196927 0.1902588 0.1535706 0.1792154 0.1535706 0.1690355 0.2196927 0.1525546 0.2196927 0.1440233 0.2196927 0.1387539 0.1535706 0.7786332 0.1900522 0.7786332 0.1900522 0.7802526 0.1841984 0.13427 0.06814253 0.1525546 0.06814253 0.1525546 0.1535706 0.1878775 0.06814253 0.1708391 0.06814253 0.1663552 0.1535706 0.2025088 0.06814253 0.1878775 0.06814253 0.1792154 0.1535706 0.1525546 0.1535706 0.1525546 0.06814253 0.1708391 0.06814253 0.1708391 0.06814253 0.1525546 0.06814253 0.1525546 0.1535706 0.1792154 0.1535706 0.1878775 0.06814253 0.1708391 0.06814253 0.1708391 0.06814253 0.1878775 0.06814253 0.1792154 0.1535706 0.1525546 0.06814253 0.13427 0.06814253 0.1387539 0.1535706 0.1708391 0.06814253 0.1525546 0.06814253 0.1525546 0.1535706 0.1878775 0.06814253 0.2025088 0.06814253 0.1902588 0.1535706 0.1387539 0.1535706 0.13427 0.06814253 0.1172316 0.06814253 0.1525546 0.1535706 0.1525546 0.06814253 0.13427 0.06814253 0.1148504 0.1535706 0.1026003 0.06814253 0.1172316 0.06814253 0.1172316 0.06814253 0.1026003 0.06814253 0.1148504 0.1535706 0.13427 0.06814253 0.1172316 0.06814253 0.1258937 0.1535706 0.1258937 0.1535706 0.1172316 0.06814253 0.13427 0.06814253 0.1525546 0.1535706 0.1525546 0.06814253 0.1708391 0.06814253 0.1026003 0.06814253 0.1172316 0.06814253 0.1258937 0.1535706 0.1258937 0.1535706 0.1172316 0.06814253 0.1026003 0.06814253 0.13427 0.06814253 0.1525546 0.06814253 0.1525546 0.1535706 0.1708391 0.06814253 0.1878775 0.06814253 0.1792154 0.1535706 0.1258937 0.1535706 0.1172316 0.06814253 0.13427 0.06814253 0.1902588 0.1535706 0.2025088 0.06814253 0.1878775 0.06814253 0.1878775 0.06814253 0.2025088 0.06814253 0.1902588 0.1535706 0.1610858 0.2196927 0.1690355 0.2196927 0.1792154 0.1535706 0.1690355 0.2196927 0.1758621 0.2196927 0.1902588 0.1535706 0.1663552 0.1535706 0.1610858 0.2196927 0.1525546 0.2196927 0.1525546 0.1535706 0.1525546 0.2196927 0.1610858 0.2196927 0.1663552 0.1535706 0.1610858 0.2196927 0.1690355 0.2196927 0.1690355 0.2196927 0.1610858 0.2196927 0.1663552 0.1535706 0.1440233 0.2196927 0.1525546 0.2196927 0.1525546 0.1535706 0.1525546 0.2196927 0.1610858 0.2196927 0.1663552 0.1535706 0.1902588 0.1535706 0.1758621 0.2196927 0.1690355 0.2196927 0.1258937 0.1535706 0.1360736 0.2196927 0.1440233 0.2196927 0.1387539 0.1535706 0.1440233 0.2196927 0.1525546 0.2196927 0.1360736 0.2196927 0.1292468 0.2196927 0.1148504 0.1535706 0.1148504 0.1535706 0.1292468 0.2196927 0.1360736 0.2196927 0.1360736 0.2196927 0.1440233 0.2196927 0.1387539 0.1535706 0.1387539 0.1535706 0.1440233 0.2196927 0.1360736 0.2196927 0.1610858 0.2196927 0.1525546 0.2196927 0.1525546 0.1535706 0.1258937 0.1535706 0.1360736 0.2196927 0.1292468 0.2196927 0.1148504 0.1535706 0.1292468 0.2196927 0.1360736 0.2196927 0.1525546 0.2196927 0.1440233 0.2196927 0.1387539 0.1535706 0.1690355 0.2196927 0.1610858 0.2196927 0.1663552 0.1535706 0.1387539 0.1535706 0.1440233 0.2196927 0.1360736 0.2196927 0.1690355 0.2196927 0.1758621 0.2196927 0.1902588 0.1535706 0.1902588 0.1535706 0.1758621 0.2196927 0.1690355 0.2196927 0.7659709 0.1974754 0.7659711 0.2050445 0.7706813 0.2041364 0.7724863 0.1949189 0.7693436 0.1968252 0.7706813 0.2041364 0.7724863 0.1949189 0.7750705 0.2014739 0.7788396 0.1972386 0.7772555 0.1879345 0.7751849 0.1918865 0.7788396 0.1972386 0.7772555 0.1879345 0.7817317 0.191719 0.7835498 0.1852913 0.7785574 0.1833323 0.7835498 0.1852913 0.7841699 0.1783935 0.7790014 0.1783935 0.7841699 0.1783935 0.7835498 0.1714958 0.7772557 0.1688526 0.7785574 0.1734548 0.7835498 0.1714958 0.7751849 0.1649007 0.7772557 0.1688526 0.7817317 0.1650681 0.7751849 0.1649007 0.7788396 0.1595485 0.7750705 0.1553132 0.7693434 0.1599619 0.7724861 0.1618682 0.7750705 0.1553132 0.7693434 0.1599619 0.7706813 0.1526507 0.7659711 0.1517426 0.7625987 0.1599619 0.7659711 0.1593117 0.7659711 0.1517426 0.7625987 0.1599619 0.7612608 0.1526507 0.7568716 0.1553132 0.7567574 0.1649007 0.759456 0.1618682 0.7568716 0.1553132 0.7567574 0.1649007 0.7531025 0.1595485 0.7502103 0.1650681 0.7546865 0.1688526 0.7502103 0.1650681 0.7483923 0.1714958 0.7529409 0.1783935 0.7533848 0.1734548 0.7483923 0.1714958 0.7533848 0.1833323 0.7529409 0.1783935 0.7477722 0.1783935 0.7546865 0.1879345 0.7533848 0.1833323 0.7483923 0.1852913 0.7567573 0.1918864 0.7546865 0.1879345 0.7502103 0.191719 0.759456 0.1949189 0.7567573 0.1918864 0.7531025 0.1972386 0.759456 0.1949189 0.7568716 0.2014739 0.7612608 0.2041364 0.7659709 0.1974754 0.7625986 0.1968252 0.7612608 0.2041364 0.7659711 0.1974754 0.7693434 0.1968252 0.7706813 0.2041364 0.7724862 0.1949189 0.7750705 0.2014739 0.7706813 0.2041364 0.7724862 0.1949189 0.7751847 0.1918864 0.7788396 0.1972386 0.7772555 0.1879345 0.7817317 0.191719 0.7788396 0.1972386 0.7772555 0.1879345 0.7785572 0.1833323 0.7835498 0.1852913 0.7790012 0.1783935 0.7841699 0.1783935 0.7835498 0.1852913 0.7790012 0.1783935 0.7785572 0.1734548 0.7835498 0.1714958 0.7785572 0.1734548 0.7772555 0.1688526 0.7817317 0.1650681 0.7751849 0.1649007 0.7788396 0.1595485 0.7817317 0.1650681 0.7751849 0.1649007 0.7724863 0.1618682 0.7750705 0.1553132 0.7693437 0.1599619 0.7706813 0.1526507 0.7750705 0.1553132 0.7693437 0.1599619 0.7659711 0.1593117 0.7659711 0.1517426 0.7625986 0.1599619 0.7612608 0.1526507 0.7659711 0.1517426 0.7625986 0.1599619 0.7594558 0.1618682 0.7568716 0.1553132 0.7567574 0.1649007 0.7531025 0.1595485 0.7568716 0.1553132 0.7546865 0.1688526 0.7502103 0.1650681 0.7531025 0.1595485 0.7533848 0.1734548 0.7483923 0.1714958 0.7502103 0.1650681 0.7529405 0.1783935 0.7477722 0.1783935 0.7483923 0.1714958 0.7529405 0.1783935 0.7533848 0.1833323 0.7483923 0.1852913 0.7546865 0.1879345 0.7502103 0.191719 0.7483923 0.1852913 0.7567573 0.1918865 0.7531025 0.1972386 0.7502103 0.191719 0.759456 0.1949189 0.7568716 0.2014739 0.7531025 0.1972386 0.759456 0.1949189 0.7625985 0.1968252 0.7612608 0.2041364 0.7659711 0.1974754 0.7659711 0.2050445 0.7612608 0.2041364 0.7645954 0.2021875 0.7645954 0.2113318 0.7703714 0.2101932 0.7727001 0.1989358 0.7687907 0.2013605 0.7703714 0.2101932 0.7760575 0.1950787 0.7727001 0.1989358 0.7757537 0.2068551 0.7786334 0.1900522 0.7760575 0.1950787 0.7803757 0.2015448 0.7802526 0.1841984 0.7786334 0.1900522 0.7839223 0.1946243 0.780805 0.1779168 0.7802526 0.1841984 0.7861518 0.1865652 0.780805 0.1779168 0.7869123 0.1779168 0.7861518 0.1692683 0.7786334 0.1657814 0.7802528 0.171635 0.7861518 0.1692683 0.7760574 0.1607547 0.7786334 0.1657814 0.7839223 0.1612092 0.7760574 0.1607547 0.7803757 0.1542887 0.7757537 0.1489784 0.7687907 0.154473 0.7727001 0.1568977 0.7757537 0.1489784 0.7687907 0.154473 0.7703714 0.1456403 0.7645954 0.1445017 0.7603999 0.154473 0.7645953 0.153646 0.7645954 0.1445017 0.7603999 0.154473 0.7588193 0.1456403 0.7534369 0.1489784 0.7531334 0.1607548 0.7564905 0.1568977 0.7534369 0.1489784 0.7531334 0.1607548 0.7488149 0.1542887 0.7452683 0.1612092 0.7505574 0.1657814 0.7452683 0.1612092 0.7430389 0.1692683 0.7483858 0.1779168 0.748938 0.171635 0.7430389 0.1692683 0.7483858 0.1779168 0.7422785 0.1779168 0.7430389 0.1865652 0.748938 0.1841984 0.7430389 0.1865652 0.7452683 0.1946243 0.7505574 0.1900522 0.7452683 0.1946243 0.7488149 0.2015448 0.7531335 0.1950788 0.7488149 0.2015448 0.7534369 0.2068551 0.7564905 0.1989358 0.7534369 0.2068551 0.7588193 0.2101932 0.7645954 0.2021875 0.7603999 0.2013605 0.7588193 0.2101932 0.7645954 0.2021875 0.7687907 0.2013605 0.7703714 0.2101932 0.7727001 0.1989358 0.7757537 0.2068551 0.7703714 0.2101932 0.7760573 0.1950788 0.7803757 0.2015448 0.7757537 0.2068551 0.7786332 0.1900522 0.7839223 0.1946243 0.7803757 0.2015448 0.7802526 0.1841984 0.7861518 0.1865652 0.7839223 0.1946243 0.780805 0.1779168 0.7869123 0.1779168 0.7861518 0.1865652 0.780805 0.1779168 0.7802526 0.171635 0.7861518 0.1692683 0.7786334 0.1657814 0.7839223 0.1612092 0.7861518 0.1692683 0.7760573 0.1607548 0.7803757 0.1542887 0.7839223 0.1612092 0.7760573 0.1607548 0.7727001 0.1568977 0.7757537 0.1489784 0.7687907 0.1544731 0.7703714 0.1456403 0.7757537 0.1489784 0.7687907 0.1544731 0.7645954 0.153646 0.7645954 0.1445017 0.7604001 0.154473 0.7588193 0.1456403 0.7645954 0.1445017 0.7604001 0.154473 0.7564905 0.1568977 0.7534369 0.1489784 0.7531334 0.1607547 0.7488149 0.1542887 0.7534369 0.1489784 0.7531334 0.1607547 0.7505574 0.1657814 0.7452683 0.1612092 0.7505574 0.1657814 0.7489379 0.171635 0.7430389 0.1692683 0.7483857 0.1779167 0.7422785 0.1779168 0.7430389 0.1692683 0.7483857 0.1779167 0.7489379 0.1841984 0.7430389 0.1865652 0.7489379 0.1841984 0.7505574 0.1900522 0.7452683 0.1946243 0.7505574 0.1900522 0.7531335 0.1950787 0.7488149 0.2015448 0.7531335 0.1950787 0.7564905 0.1989358 0.7534369 0.2068551 0.7564905 0.1989358 0.7603999 0.2013605 0.7588193 0.2101932 0.7645954 0.2021875 0.7645954 0.2113318 0.7588193 0.2101932 0.7625986 0.1968252 0.7659709 0.1974754 0.7693436 0.1968252 0.7693436 0.1968252 0.7724863 0.1949189 0.7751849 0.1918865 0.7751849 0.1918865 0.7772555 0.1879345 0.7785574 0.1734548 0.7772555 0.1879345 0.7785574 0.1833323 0.7785574 0.1734548 0.7785574 0.1833323 0.7790014 0.1783935 0.7785574 0.1734548 0.7785574 0.1734548 0.7772557 0.1688526 0.7751849 0.1649007 0.7751849 0.1649007 0.7724861 0.1618682 0.7785574 0.1734548 0.7724861 0.1618682 0.7693434 0.1599619 0.7785574 0.1734548 0.7693434 0.1599619 0.7659711 0.1593117 0.7625987 0.1599619 0.7625987 0.1599619 0.759456 0.1618682 0.7693434 0.1599619 0.759456 0.1618682 0.7567574 0.1649007 0.7693434 0.1599619 0.7567574 0.1649007 0.7546865 0.1688526 0.7533848 0.1734548 0.7533848 0.1734548 0.7529409 0.1783935 0.7533848 0.1833323 0.7533848 0.1833323 0.7546865 0.1879345 0.7625986 0.1968252 0.7546865 0.1879345 0.7567573 0.1918864 0.7625986 0.1968252 0.7567573 0.1918864 0.759456 0.1949189 0.7625986 0.1968252 0.7625986 0.1968252 0.7693436 0.1968252 0.7785574 0.1734548 0.7693436 0.1968252 0.7751849 0.1918865 0.7785574 0.1734548 0.7567574 0.1649007 0.7533848 0.1734548 0.7625986 0.1968252 0.7533848 0.1734548 0.7533848 0.1833323 0.7625986 0.1968252 0.7785574 0.1734548 0.7693434 0.1599619 0.7567574 0.1649007 0.7693434 0.1968252 0.7659711 0.1974754 0.7625985 0.1968252 0.7625985 0.1968252 0.759456 0.1949189 0.7693434 0.1968252 0.759456 0.1949189 0.7567573 0.1918865 0.7693434 0.1968252 0.7567573 0.1918865 0.7546865 0.1879345 0.7533848 0.1833323 0.7533848 0.1833323 0.7529405 0.1783935 0.7533848 0.1734548 0.7533848 0.1734548 0.7546865 0.1688526 0.7625986 0.1599619 0.7546865 0.1688526 0.7567574 0.1649007 0.7625986 0.1599619 0.7567574 0.1649007 0.7594558 0.1618682 0.7625986 0.1599619 0.7625986 0.1599619 0.7659711 0.1593117 0.7693437 0.1599619 0.7693437 0.1599619 0.7724863 0.1618682 0.7625986 0.1599619 0.7724863 0.1618682 0.7751849 0.1649007 0.7625986 0.1599619 0.7751849 0.1649007 0.7772555 0.1688526 0.7785572 0.1833323 0.7772555 0.1688526 0.7785572 0.1734548 0.7785572 0.1833323 0.7785572 0.1734548 0.7790012 0.1783935 0.7785572 0.1833323 0.7785572 0.1833323 0.7772555 0.1879345 0.7693434 0.1968252 0.7772555 0.1879345 0.7751847 0.1918864 0.7693434 0.1968252 0.7751847 0.1918864 0.7724862 0.1949189 0.7693434 0.1968252 0.7567573 0.1918865 0.7533848 0.1833323 0.7693434 0.1968252 0.7533848 0.1833323 0.7533848 0.1734548 0.7693434 0.1968252 0.7533848 0.1734548 0.7625986 0.1599619 0.7751849 0.1649007 0.7751849 0.1649007 0.7785572 0.1833323 0.7693434 0.1968252 0.7603999 0.2013605 0.7645954 0.2021875 0.7687907 0.2013605 0.7687907 0.2013605 0.7727001 0.1989358 0.7760575 0.1950787 0.7760575 0.1950787 0.7786334 0.1900522 0.7802528 0.171635 0.7786334 0.1900522 0.7802526 0.1841984 0.7802528 0.171635 0.7802526 0.1841984 0.780805 0.1779168 0.7802528 0.171635 0.7802528 0.171635 0.7786334 0.1657814 0.7760574 0.1607547 0.7760574 0.1607547 0.7727001 0.1568977 0.7687907 0.154473 0.7687907 0.154473 0.7645953 0.153646 0.7603999 0.154473 0.7603999 0.154473 0.7564905 0.1568977 0.7687907 0.154473 0.7564905 0.1568977 0.7531334 0.1607548 0.7687907 0.154473 0.7531334 0.1607548 0.7505574 0.1657814 0.748938 0.1841984 0.7505574 0.1657814 0.748938 0.171635 0.748938 0.1841984 0.748938 0.171635 0.7483858 0.1779168 0.748938 0.1841984 0.748938 0.1841984 0.7505574 0.1900522 0.7603999 0.2013605 0.7505574 0.1900522 0.7531335 0.1950788 0.7603999 0.2013605 0.7531335 0.1950788 0.7564905 0.1989358 0.7603999 0.2013605 0.7603999 0.2013605 0.7687907 0.2013605 0.7802528 0.171635 0.7687907 0.2013605 0.7760575 0.1950787 0.7802528 0.171635 0.7802528 0.171635 0.7760574 0.1607547 0.7531334 0.1607548 0.7760574 0.1607547 0.7687907 0.154473 0.7531334 0.1607548 0.7531334 0.1607548 0.748938 0.1841984 0.7603999 0.2013605 0.7687907 0.2013605 0.7645954 0.2021875 0.7603999 0.2013605 0.7603999 0.2013605 0.7564905 0.1989358 0.7531335 0.1950787 0.7531335 0.1950787 0.7505574 0.1900522 0.7489379 0.1841984 0.7489379 0.1841984 0.7483857 0.1779167 0.7489379 0.171635 0.7489379 0.171635 0.7505574 0.1657814 0.7531334 0.1607547 0.7531334 0.1607547 0.7564905 0.1568977 0.7489379 0.171635 0.7564905 0.1568977 0.7604001 0.154473 0.7489379 0.171635 0.7604001 0.154473 0.7645954 0.153646 0.7687907 0.1544731 0.7687907 0.1544731 0.7727001 0.1568977 0.7604001 0.154473 0.7727001 0.1568977 0.7760573 0.1607548 0.7604001 0.154473 0.7760573 0.1607548 0.7786334 0.1657814 0.7802526 0.1841984 0.7786334 0.1657814 0.7802526 0.171635 0.7802526 0.1841984 0.7802526 0.171635 0.780805 0.1779168 0.7802526 0.1841984 0.7802526 0.1841984 0.7786332 0.1900522 0.7687907 0.2013605 0.7786332 0.1900522 0.7760573 0.1950788 0.7687907 0.2013605 0.7760573 0.1950788 0.7727001 0.1989358 0.7687907 0.2013605 0.7687907 0.2013605 0.7603999 0.2013605 0.7531335 0.1950787 0.7531335 0.1950787 0.7489379 0.1841984 0.7687907 0.2013605 0.7489379 0.1841984 0.7489379 0.171635 0.7687907 0.2013605 0.7489379 0.171635 0.7604001 0.154473 0.7760573 0.1607548 0.7760573 0.1607548 0.7802526 0.1841984 0.7489379 0.171635 0.7772555 0.1879345 0.7751847 0.1918864 0.7751847 0.1918864 0.7802526 0.171635 0.7802526 0.171635 0.7786334 0.1657814 0.7785572 0.1833323 0.7772555 0.1879345 0.7772555 0.1879345 0.7786334 0.1657814 0.7786334 0.1657814 0.7760573 0.1607548 0.7790012 0.1783935 0.7785572 0.1833323 0.7785572 0.1833323 0.7760573 0.1607548 0.7760573 0.1607548 0.7727001 0.1568977 0.7790012 0.1783935 0.7790012 0.1783935 0.7785572 0.1734548 0.7727001 0.1568977 0.7727001 0.1568977 0.7687907 0.1544731 0.7785572 0.1734548 0.7785572 0.1734548 0.7772555 0.1688526 0.7687907 0.1544731 0.7687907 0.1544731 0.7645954 0.153646 0.7772555 0.1688526 0.7772555 0.1688526 0.7751849 0.1649007 0.7604001 0.154473 0.7645954 0.153646 0.7645954 0.153646 0.7751849 0.1649007 0.7751849 0.1649007 0.7724863 0.1618682 0.7564905 0.1568977 0.7604001 0.154473 0.7604001 0.154473 0.7724863 0.1618682 0.7724863 0.1618682 0.7693437 0.1599619 0.7531334 0.1607547 0.7564905 0.1568977 0.7564905 0.1568977 0.7693437 0.1599619 0.7693437 0.1599619 0.7659711 0.1593117 0.7505574 0.1657814 0.7531334 0.1607547 0.7531334 0.1607547 0.7659711 0.1593117 0.7659711 0.1593117 0.7625986 0.1599619 0.7489379 0.171635 0.7505574 0.1657814 0.7505574 0.1657814 0.7625986 0.1599619 0.7625986 0.1599619 0.7594558 0.1618682 0.7483857 0.1779167 0.7489379 0.171635 0.7489379 0.171635 0.7594558 0.1618682 0.7594558 0.1618682 0.7567574 0.1649007 0.7489379 0.1841984 0.7483857 0.1779167 0.7483857 0.1779167 0.7567574 0.1649007 0.7567574 0.1649007 0.7546865 0.1688526 0.7505574 0.1900522 0.7489379 0.1841984 0.7489379 0.1841984 0.7546865 0.1688526 0.7546865 0.1688526 0.7533848 0.1734548 0.7531335 0.1950787 0.7505574 0.1900522 0.7505574 0.1900522 0.7533848 0.1734548 0.7533848 0.1734548 0.7529405 0.1783935 0.7564905 0.1989358 0.7531335 0.1950787 0.7531335 0.1950787 0.7533848 0.1833323 0.7529405 0.1783935 0.7529405 0.1783935 0.7603999 0.2013605 0.7564905 0.1989358 0.7564905 0.1989358 0.7546865 0.1879345 0.7533848 0.1833323 0.7533848 0.1833323 0.7645954 0.2021875 0.7603999 0.2013605 0.7603999 0.2013605 0.7567573 0.1918865 0.7546865 0.1879345 0.7546865 0.1879345 0.759456 0.1949189 0.7567573 0.1918865 0.7567573 0.1918865 0.7625985 0.1968252 0.759456 0.1949189 0.759456 0.1949189 0.7659711 0.1974754 0.7625985 0.1968252 0.7625985 0.1968252 0.7687907 0.2013605 0.7687907 0.2013605 0.7645954 0.2021875 0.7727001 0.1989358 0.7727001 0.1989358 0.7687907 0.2013605 0.7760575 0.1950787 0.7760575 0.1950787 0.7727001 0.1989358 0.7786334 0.1900522 0.7786334 0.1900522 0.7760575 0.1950787 0.7693436 0.1968252 0.7693436 0.1968252 0.7659709 0.1974754 0.7802526 0.1841984 0.7802526 0.1841984 0.7786334 0.1900522 0.7724863 0.1949189 0.7724863 0.1949189 0.7693436 0.1968252 0.780805 0.1779168 0.780805 0.1779168 0.7802526 0.1841984 0.7751849 0.1918865 0.7751849 0.1918865 0.7724863 0.1949189 0.7802528 0.171635 0.7802528 0.171635 0.780805 0.1779168 0.7772555 0.1879345 0.7772555 0.1879345 0.7751849 0.1918865 0.7786334 0.1657814 0.7786334 0.1657814 0.7802528 0.171635 0.7785574 0.1833323 0.7785574 0.1833323 0.7772555 0.1879345 0.7760574 0.1607547 0.7760574 0.1607547 0.7786334 0.1657814 0.7790014 0.1783935 0.7790014 0.1783935 0.7785574 0.1833323 0.7727001 0.1568977 0.7727001 0.1568977 0.7760574 0.1607547 0.7790014 0.1783935 0.7785574 0.1734548 0.7785574 0.1734548 0.7687907 0.154473 0.7687907 0.154473 0.7727001 0.1568977 0.7785574 0.1734548 0.7772557 0.1688526 0.7772557 0.1688526 0.7645953 0.153646 0.7645953 0.153646 0.7687907 0.154473 0.7772557 0.1688526 0.7751849 0.1649007 0.7751849 0.1649007 0.7645953 0.153646 0.7603999 0.154473 0.7603999 0.154473 0.7751849 0.1649007 0.7724861 0.1618682 0.7724861 0.1618682 0.7603999 0.154473 0.7564905 0.1568977 0.7564905 0.1568977 0.7724861 0.1618682 0.7693434 0.1599619 0.7693434 0.1599619 0.7564905 0.1568977 0.7531334 0.1607548 0.7531334 0.1607548 0.7693434 0.1599619 0.7659711 0.1593117 0.7659711 0.1593117 0.7531334 0.1607548 0.7505574 0.1657814 0.7505574 0.1657814 0.7659711 0.1593117 0.7625987 0.1599619 0.7625987 0.1599619 0.7505574 0.1657814 0.748938 0.171635 0.748938 0.171635 0.7625987 0.1599619 0.759456 0.1618682 0.759456 0.1618682 0.748938 0.171635 0.7483858 0.1779168 0.7483858 0.1779168 0.759456 0.1618682 0.7567574 0.1649007 0.7567574 0.1649007 0.7483858 0.1779168 0.748938 0.1841984 0.748938 0.1841984 0.7567574 0.1649007 0.7546865 0.1688526 0.7546865 0.1688526 0.748938 0.1841984 0.7505574 0.1900522 0.7505574 0.1900522 0.7546865 0.1688526 0.7533848 0.1734548 0.7533848 0.1734548 0.7505574 0.1900522 0.7531335 0.1950788 0.7531335 0.1950788 0.7533848 0.1734548 0.7529409 0.1783935 0.7529409 0.1783935 0.7531335 0.1950788 0.7564905 0.1989358 0.7564905 0.1989358 0.7533848 0.1833323 0.7533848 0.1833323 0.7529409 0.1783935 0.7564905 0.1989358 0.7603999 0.2013605 0.7603999 0.2013605 0.7546865 0.1879345 0.7546865 0.1879345 0.7533848 0.1833323 0.7603999 0.2013605 0.7645954 0.2021875 0.7645954 0.2021875 0.7567573 0.1918864 0.7567573 0.1918864 0.7546865 0.1879345 0.7645954 0.2021875 0.7645954 0.2021875 0.7687907 0.2013605 0.759456 0.1949189 0.759456 0.1949189 0.7567573 0.1918864 0.7687907 0.2013605 0.7687907 0.2013605 0.7727001 0.1989358 0.7625986 0.1968252 0.7625986 0.1968252 0.759456 0.1949189 0.7727001 0.1989358 0.7727001 0.1989358 0.7760573 0.1950788 0.7659709 0.1974754 0.7659709 0.1974754 0.7625986 0.1968252 0.7760573 0.1950788 0.7760573 0.1950788 0.7786332 0.1900522 0.7693434 0.1968252 0.7659711 0.1974754 0.7659711 0.1974754 0.252469 0.5825287 0.252469 0.6278872 0.242599 0.6278872 0.2329326 0.5825287 0.242599 0.6278872 0.242599 0.6278872 0.242599 0.6278872 0.252469 0.6278872 0.252469 0.5825287 0.252469 0.6278872 0.252469 0.6278872 0.252469 0.5825287 0.252469 0.5825287 0.252469 0.549284 0.252469 0.549284 0.242599 0.6278872 0.242599 0.6278872 0.252469 0.6278872 0.2267812 0.549284 0.252469 0.549284 0.2318179 0.4931375 0.2329326 0.5825287 0.2329326 0.5825287 0.2267812 0.549284 0.2329326 0.5825287 0.2267812 0.549284 0.252469 0.549284 0.2329326 0.5825287 0.252469 0.5825287 0.252469 0.549284 0.3060367 0.3700906 0.3060367 0.3604865 0.2917729 0.3604865 0.2267812 0.549284 0.2175541 0.4931375 0.2318179 0.4931375 0.252469 0.549284 0.2318179 0.4931375 0.2318179 0.4931375 0.2267812 0.549284 0.2267812 0.549284 0.2175541 0.4931375 0.2917729 0.3604865 0.3060367 0.3604865 0.3060367 0.3604865 0.2917729 0.3700906 0.2917729 0.3604865 0.3060367 0.3604865 0.3060367 0.3700906 0.3060367 0.3604865 0.3060367 0.3604865 0.2917729 0.3604865 0.283864 0.3604865 0.283864 0.3700906 0.2803801 0.3624716 0.2803801 0.3681307 0.2870617 0.3681307 0.2917729 0.3604865 0.2917729 0.3604865 0.283864 0.3604865 0.2917729 0.3700906 0.283864 0.3700906 0.283864 0.3604865 0.287022 0.3693329 0.2803404 0.3693329 0.2803404 0.3614975 0.287022 0.3693329 0.2870419 0.3619846 0.2937036 0.3614975 0.2917729 0.3604865 0.283864 0.3604865 0.283864 0.3604865 0.2870419 0.3619846 0.2870617 0.3681307 0.2937433 0.3681307 0.3060367 0.3700906 0.3060367 0.3604865 0.3060367 0.3604865 0.2917729 0.3604865 0.2917729 0.3604865 0.3060367 0.3604865 0.2267812 0.549284 0.2175541 0.4931375 0.2175541 0.4931375 0.252469 0.549284 0.252469 0.549284 0.2318179 0.4931375 0.2329326 0.5825287 0.2267812 0.549284 0.2267812 0.549284 0.242599 0.6278872 0.252469 0.6278872 0.252469 0.6278872 0.252469 0.5825287 0.252469 0.549284 0.252469 0.549284 0.252469 0.6278872 0.252469 0.6278872 0.252469 0.5825287 0.242599 0.6278872 0.242599 0.6278872 0.2329326 0.5825287 0.252469 0.5825287 0.2329326 0.5825287 0.242599 0.6278872 0.2329326 0.5825287 0.2329326 0.5825287 0.242599 0.6278872 0.252469 0.5825287 0.252469 0.6278872 0.242599 0.6278872 0.252469 0.5825287 0.252469 0.6278872 0.252469 0.6278872 0.252469 0.549284 0.252469 0.549284 0.252469 0.5825287 0.242599 0.6278872 0.252469 0.6278872 0.252469 0.6278872 0.2267812 0.549284 0.2175541 0.4931375 0.2318179 0.4931375 0.2329326 0.5825287 0.2267812 0.549284 0.2267812 0.549284 0.252469 0.549284 0.2267812 0.549284 0.2329326 0.5825287 0.2329326 0.5825287 0.2267812 0.549284 0.252469 0.549284 0.2917729 0.3604865 0.3060367 0.3604865 0.3060367 0.3700906 0.2318179 0.4931375 0.2175541 0.4931375 0.2267812 0.549284 0.2318179 0.4931375 0.2318179 0.4931375 0.252469 0.549284 0.2267812 0.549284 0.2175541 0.4931375 0.2175541 0.4931375 0.3060367 0.3604865 0.3060367 0.3604865 0.2917729 0.3604865 0.3060367 0.3604865 0.2917729 0.3604865 0.2917729 0.3700906 0.3060367 0.3604865 0.3060367 0.3604865 0.3060367 0.3700906 0.283864 0.3700906 0.283864 0.3604865 0.2917729 0.3604865 0.2870617 0.3681307 0.2803801 0.3681307 0.2803801 0.3624716 0.2917729 0.3604865 0.283864 0.3604865 0.283864 0.3604865 0.283864 0.3604865 0.283864 0.3700906 0.2917729 0.3700906 0.287022 0.3693329 0.2870419 0.3619846 0.2803404 0.3614975 0.2937036 0.3614975 0.2870419 0.3619846 0.287022 0.3693329 0.283864 0.3604865 0.283864 0.3604865 0.2917729 0.3604865 0.2937433 0.3681307 0.2870617 0.3681307 0.2870419 0.3619846 0.3060367 0.3604865 0.3060367 0.3604865 0.3060367 0.3700906 0.2917729 0.3604865 0.3060367 0.3604865 0.3060367 0.3604865 0.2175541 0.4931375 0.2175541 0.4931375 0.2267812 0.549284 0.252469 0.549284 0.2318179 0.4931375 0.2318179 0.4931375 0.2267812 0.549284 0.2267812 0.549284 0.2329326 0.5825287 0.252469 0.6278872 0.252469 0.6278872 0.242599 0.6278872 0.252469 0.549284 0.252469 0.549284 0.252469 0.5825287 0.252469 0.5825287 0.252469 0.6278872 0.252469 0.6278872 0.2329326 0.5825287 0.242599 0.6278872 0.242599 0.6278872 0.252469 0.5825287 0.2329326 0.5825287 0.242599 0.6278872 0.2329326 0.5825287 0.2329326 0.5825287 0.242599 0.6278872 0.252469 0.5825287 0.252469 0.6278872 0.242599 0.6278872 0.252469 0.5825287 0.252469 0.6278872 0.252469 0.6278872 0.252469 0.549284 0.252469 0.549284 0.252469 0.5825287 0.242599 0.6278872 0.252469 0.6278872 0.252469 0.6278872 0.2267812 0.549284 0.2175541 0.4931375 0.2318179 0.4931375 0.2329326 0.5825287 0.2267812 0.549284 0.2267812 0.549284 0.252469 0.549284 0.2267812 0.549284 0.2329326 0.5825287 0.2329326 0.5825287 0.2267812 0.549284 0.252469 0.549284 0.2917729 0.3604865 0.3060367 0.3604865 0.3060367 0.3700906 0.2318179 0.4931375 0.2175541 0.4931375 0.2267812 0.549284 0.2318179 0.4931375 0.2318179 0.4931375 0.252469 0.549284 0.2267812 0.549284 0.2175541 0.4931375 0.2175541 0.4931375 0.3060367 0.3604865 0.3060367 0.3604865 0.2917729 0.3604865 0.3060367 0.3604865 0.2917729 0.3604865 0.2917729 0.3700906 0.3060367 0.3604865 0.3060367 0.3604865 0.3060367 0.3700906 0.283864 0.3700906 0.283864 0.3604865 0.2917729 0.3604865 0.2870617 0.3681307 0.2803801 0.3681307 0.2803801 0.3624716 0.2917729 0.3604865 0.283864 0.3604865 0.283864 0.3604865 0.283864 0.3604865 0.283864 0.3700906 0.2917729 0.3700906 0.287022 0.3693329 0.2870419 0.3619846 0.2803404 0.3614975 0.2937036 0.3614975 0.2870419 0.3619846 0.287022 0.3693329 0.283864 0.3604865 0.283864 0.3604865 0.2917729 0.3604865 0.2937433 0.3681307 0.2870617 0.3681307 0.2870419 0.3619846 0.3060367 0.3604865 0.3060367 0.3604865 0.3060367 0.3700906 0.2917729 0.3604865 0.3060367 0.3604865 0.3060367 0.3604865 0.2175541 0.4931375 0.2175541 0.4931375 0.2267812 0.549284 0.252469 0.549284 0.2318179 0.4931375 0.2318179 0.4931375 0.2267812 0.549284 0.2267812 0.549284 0.2329326 0.5825287 0.252469 0.6278872 0.252469 0.6278872 0.242599 0.6278872 0.252469 0.549284 0.252469 0.549284 0.252469 0.5825287 0.252469 0.5825287 0.252469 0.6278872 0.252469 0.6278872 0.2329326 0.5825287 0.242599 0.6278872 0.242599 0.6278872 0.252469 0.5825287 0.252469 0.6278872 0.242599 0.6278872 0.2329326 0.5825287 0.242599 0.6278872 0.242599 0.6278872 0.242599 0.6278872 0.252469 0.6278872 0.252469 0.5825287 0.252469 0.6278872 0.252469 0.6278872 0.252469 0.5825287 0.252469 0.5825287 0.252469 0.549284 0.252469 0.549284 0.242599 0.6278872 0.242599 0.6278872 0.252469 0.6278872 0.2267812 0.549284 0.252469 0.549284 0.2318179 0.4931375 0.2329326 0.5825287 0.2329326 0.5825287 0.2267812 0.549284 0.2329326 0.5825287 0.2267812 0.549284 0.252469 0.549284 0.2329326 0.5825287 0.252469 0.5825287 0.252469 0.549284 0.3060367 0.3700906 0.3060367 0.3604865 0.2917729 0.3604865 0.2267812 0.549284 0.2175541 0.4931375 0.2318179 0.4931375 0.252469 0.549284 0.2318179 0.4931375 0.2318179 0.4931375 0.2267812 0.549284 0.2267812 0.549284 0.2175541 0.4931375 0.2917729 0.3604865 0.3060367 0.3604865 0.3060367 0.3604865 0.2917729 0.3700906 0.2917729 0.3604865 0.3060367 0.3604865 0.3060367 0.3700906 0.3060367 0.3604865 0.3060367 0.3604865 0.2917729 0.3604865 0.283864 0.3604865 0.283864 0.3700906 0.2803801 0.3624716 0.2803801 0.3681307 0.2870617 0.3681307 0.2917729 0.3604865 0.2917729 0.3604865 0.283864 0.3604865 0.2917729 0.3700906 0.283864 0.3700906 0.283864 0.3604865 0.287022 0.3693329 0.2803404 0.3693329 0.2803404 0.3614975 0.287022 0.3693329 0.2870419 0.3619846 0.2937036 0.3614975 0.2917729 0.3604865 0.283864 0.3604865 0.283864 0.3604865 0.2870419 0.3619846 0.2870617 0.3681307 0.2937433 0.3681307 0.3060367 0.3700906 0.3060367 0.3604865 0.3060367 0.3604865 0.2917729 0.3604865 0.2917729 0.3604865 0.3060367 0.3604865 0.2267812 0.549284 0.2175541 0.4931375 0.2175541 0.4931375 0.252469 0.549284 0.252469 0.549284 0.2318179 0.4931375 0.2329326 0.5825287 0.2267812 0.549284 0.2267812 0.549284 0.242599 0.6278872 0.252469 0.6278872 0.252469 0.6278872 0.252469 0.5825287 0.252469 0.549284 0.252469 0.549284 0.252469 0.6278872 0.252469 0.6278872 0.252469 0.5825287 0.242599 0.6278872 0.242599 0.6278872 0.2329326 0.5825287 0.1877679 0.6629726 0.1367151 0.6629726 0.1295397 0.6934786 0.3483961 0.6629726 0.2973426 0.6629726 0.3010566 0.6934786 0.2973426 0.6629726 0.2425559 0.6629726 0.2425559 0.6934786 0.2425559 0.6629726 0.1877679 0.6629726 0.184054 0.6934786 0.3546002 0.4850364 0.3159962 0.4850364 0.3159962 0.6834142 0.3546002 0.4850364 0.3443856 0.6834154 0.3708404 0.6834154 0.2773914 0.4850364 0.241418 0.4850364 0.2611515 0.6834154 0.2773914 0.4850364 0.2876064 0.6834154 0.3159962 0.6834142 0.1877679 0.6629726 0.1295397 0.6934786 0.184054 0.6934786 0.3483961 0.6629726 0.3010566 0.6934786 0.3555708 0.6934786 0.2973426 0.6629726 0.2425559 0.6934786 0.3010566 0.6934786 0.2425559 0.6629726 0.184054 0.6934786 0.2425559 0.6934786 0.3546002 0.4850364 0.3159962 0.6834142 0.3443856 0.6834154 0.3546002 0.4850364 0.3708404 0.6834154 0.3905736 0.4850364 0.2773914 0.4850364 0.2611515 0.6834154 0.2876064 0.6834154 0.2773914 0.4850364 0.3159962 0.6834142 0.3159962 0.4850364 0.1595654 0.2352455 0.1542972 0.200142 0.1470271 0.2352455 0.1668356 0.1248005 0.156777 0.1624713 0.1693153 0.1624713 0.1557074 0.2734121 0.1568398 0.1431084 0.1693781 0.1436936 0.3483961 0.6629726 0.2973426 0.6629726 0.2973426 0.6629726 0.2973426 0.6629726 0.2425559 0.6629726 0.2425559 0.6629726 0.1367151 0.6629726 0.1877679 0.6629726 0.1367151 0.6629726 0.1557074 0.2734121 0.1568398 0.1431084 0.1431691 0.2775196 0.1645091 0.07868766 0.1568398 0.1431084 0.1693781 0.1436936 0.1877679 0.6629726 0.2425559 0.6629726 0.1877679 0.6629726 0.1668356 0.200142 0.156777 0.1624713 0.1542972 0.200142 0.1595654 0.08969676 0.1542972 0.1248005 0.1668356 0.1248005 0.1645091 0.07868766 0.1568398 0.1431084 0.1519707 0.07575082 0.1595654 0.2352455 0.1668356 0.200142 0.1542972 0.200142 0.1668356 0.1248005 0.1542972 0.1248005 0.156777 0.1624713 0.1557074 0.2734121 0.1431691 0.2775196 0.1568398 0.1431084 0.3483961 0.6629726 0.3483961 0.6629726 0.2973426 0.6629726 0.2973426 0.6629726 0.2973426 0.6629726 0.2425559 0.6629726 0.1367151 0.6629726 0.1877679 0.6629726 0.1877679 0.6629726 0.1557074 0.2734121 0.1693781 0.1436936 0.1568398 0.1431084 0.1645091 0.07868766 0.1519707 0.07575082 0.1568398 0.1431084 0.1877679 0.6629726 0.2425559 0.6629726 0.2425559 0.6629726 0.1668356 0.200142 0.1693153 0.1624713 0.156777 0.1624713 0.1595654 0.08969676 0.1470271 0.08969676 0.1542972 0.1248005 0.1645091 0.07868766 0.1693781 0.1436936 0.1568398 0.1431084</float_array>
          <technique_common>
            <accessor source="#Cylinder_001-mesh-map-0-array" count="4356" stride="2">
              <param name="S" type="float"/>
              <param name="T" type="float"/>
            </accessor>
          </technique_common>
        </source>
        <vertices id="Cylinder_001-mesh-vertices">
          <input semantic="POSITION" source="#Cylinder_001-mesh-positions"/>
        </vertices>
        <triangles material="Material_001-material" count="1452">
          <input semantic="VERTEX" source="#Cylinder_001-mesh-vertices" offset="0"/>
          <input semantic="NORMAL" source="#Cylinder_001-mesh-normals" offset="1"/>
          <input semantic="TEXCOORD" source="#Cylinder_001-mesh-map-0" offset="2" set="0"/>
          <p>16 0 0 20 1 1 0 2 2 79 3 3 55 4 4 80 5 5 7 6 6 32 7 7 8 8 8 22 9 9 47 10 10 23 11 11 1 12 12 25 13 13 24 14 14 16 15 15 39 16 16 40 17 17 8 8 18 33 18 19 9 19 20 23 11 21 25 13 22 0 20 23 1 12 24 26 21 25 2 22 26 16 15 27 41 23 28 17 24 29 10 25 30 33 18 31 34 26 32 2 22 33 27 27 34 3 28 35 17 24 36 42 29 37 18 30 38 10 25 39 35 31 40 11 32 41 4 33 42 27 27 43 28 34 44 19 35 45 42 29 46 43 36 47 11 32 48 36 37 49 12 38 50 4 33 51 29 39 52 5 40 53 20 41 54 43 36 55 44 42 56 12 38 57 37 43 58 13 44 59 5 40 60 30 45 61 6 46 62 20 41 63 45 47 64 21 48 65 14 49 66 37 43 67 38 50 68 6 46 69 31 51 70 7 6 71 21 48 72 46 52 73 22 9 74 14 49 75 39 16 76 15 53 77 72 54 78 50 55 79 74 56 80 94 57 81 70 58 82 95 59 83 87 60 84 63 61 85 88 62 86 80 5 87 56 63 88 81 64 89 95 59 90 71 65 91 75 66 92 88 62 93 64 67 94 89 68 95 81 64 96 57 69 97 82 70 98 71 65 99 99 71 100 49 72 101 90 73 102 64 67 103 65 74 104 83 75 105 57 69 106 58 76 107 74 56 108 51 77 109 76 78 110 75 66 111 49 72 112 73 79 113 90 73 114 66 80 115 91 81 116 84 82 117 58 76 118 59 83 119 77 84 120 51 77 121 52 85 122 92 86 123 66 80 124 67 87 125 84 82 126 60 88 127 85 89 128 78 90 129 52 85 130 53 91 131 92 86 132 68 92 133 93 93 134 86 94 135 60 88 136 61 95 137 79 3 138 53 91 139 54 96 140 93 93 141 69 97 142 94 57 143 86 94 144 62 98 145 87 60 146 108 99 147 100 100 148 132 101 149 48 102 150 99 71 151 97 103 152 51 77 153 105 104 154 52 85 155 52 85 156 107 105 157 53 91 158 54 96 159 107 105 160 109 106 161 54 96 162 111 107 163 55 4 164 56 63 165 111 107 166 113 108 167 57 69 168 113 108 169 115 109 170 57 69 171 117 110 172 58 76 173 59 83 174 117 110 175 119 111 176 59 83 177 121 112 178 60 88 179 61 95 180 121 112 181 123 113 182 61 95 183 125 114 184 62 98 185 63 61 186 125 114 187 127 115 188 63 61 189 129 116 190 64 67 191 65 74 192 129 116 193 131 117 194 65 74 195 133 118 196 66 80 197 67 87 198 133 118 199 135 119 200 67 87 201 137 120 202 68 92 203 68 92 204 139 121 205 69 97 206 69 97 207 141 122 208 70 58 209 71 65 210 141 122 211 143 123 212 50 55 213 103 124 214 51 77 215 73 79 216 48 102 217 72 54 218 25 125 219 72 54 220 24 126 221 37 127 222 87 60 223 38 128 224 44 129 225 94 57 226 45 130 227 29 131 228 79 3 229 30 132 230 37 127 231 85 89 232 86 94 233 43 133 234 93 93 235 44 129 236 29 131 237 77 84 238 78 90 239 35 134 240 85 89 241 36 135 242 42 136 243 92 86 244 43 133 245 27 137 246 77 84 247 28 138 248 35 134 249 83 75 250 84 82 251 41 139 252 91 81 253 42 136 254 47 140 255 73 79 256 25 125 257 26 141 258 76 78 259 27 137 260 33 142 261 83 75 262 34 143 263 41 139 264 89 68 265 90 73 266 33 142 267 81 64 268 82 70 269 39 144 270 89 68 271 40 145 272 46 146 273 75 66 274 47 140 275 31 147 276 81 64 277 32 148 278 38 128 279 88 62 280 39 144 281 45 130 282 95 59 283 46 146 284 24 126 285 74 56 286 26 141 287 31 147 288 79 3 289 80 5 290 98 149 291 97 103 292 99 71 293 100 100 294 97 103 295 96 150 296 100 100 297 103 124 298 101 151 299 104 152 300 103 124 301 102 153 302 106 154 303 105 104 304 104 152 305 106 154 306 109 106 307 107 105 308 110 155 309 109 106 310 108 99 311 110 155 312 113 108 313 111 107 314 112 156 315 115 109 316 113 108 317 116 157 318 115 109 319 114 158 320 116 157 321 119 111 322 117 110 323 120 159 324 119 111 325 118 160 326 120 159 327 123 113 328 121 112 329 124 161 330 123 113 331 122 162 332 124 161 333 127 115 334 125 114 335 126 163 336 129 116 337 127 115 338 128 164 339 131 117 340 129 116 341 132 101 342 131 117 343 130 165 344 132 101 345 135 119 346 133 118 347 136 166 348 135 119 349 134 167 350 138 168 351 137 120 352 136 166 353 140 169 354 139 121 355 138 168 356 140 169 357 143 123 358 141 122 359 98 149 360 143 123 361 142 170 362 48 102 363 101 151 364 50 55 365 390 171 366 607 172 367 391 173 368 162 174 369 209 175 370 210 176 371 243 177 372 554 178 373 555 179 374 162 180 375 449 181 376 161 182 377 155 183 378 442 184 379 154 185 380 147 186 381 436 187 382 435 188 383 163 189 384 450 190 385 162 180 386 156 191 387 443 192 388 155 183 389 148 193 390 437 194 391 436 187 392 164 195 393 451 196 394 163 189 395 156 191 396 445 197 397 444 198 398 149 199 399 438 200 400 437 194 401 165 201 402 452 202 403 164 195 404 157 203 405 446 204 406 445 197 407 150 205 408 439 206 409 438 200 410 166 207 411 453 208 412 165 201 413 159 209 414 446 204 415 158 210 416 152 211 417 439 206 418 151 212 419 166 207 420 455 213 421 454 214 422 145 215 423 432 216 424 144 217 425 159 209 426 448 218 427 447 219 428 153 220 429 440 221 430 152 211 431 144 217 432 455 213 433 167 222 434 146 223 435 433 224 436 145 215 437 160 225 438 449 181 439 448 218 440 153 220 441 442 184 442 441 226 443 146 223 444 435 188 445 434 227 446 155 228 447 202 229 448 203 230 449 147 231 450 196 232 451 148 233 452 163 234 453 210 176 454 211 235 455 155 228 456 204 236 457 156 237 458 148 233 459 197 238 460 149 239 461 164 240 462 211 235 463 212 241 464 157 242 465 204 236 466 205 243 467 149 239 468 198 244 469 150 245 470 165 246 471 212 241 472 213 247 473 157 242 474 206 248 475 158 249 476 150 245 477 199 250 478 151 251 479 165 246 480 214 252 481 166 253 482 159 254 483 206 248 484 207 255 485 151 251 486 200 256 487 152 257 488 166 253 489 215 258 490 167 259 491 144 260 492 193 261 493 145 262 494 160 263 495 207 255 496 208 264 497 152 257 498 201 265 499 153 266 500 144 260 501 215 258 502 192 267 503 146 268 504 193 261 505 194 269 506 161 270 507 208 264 508 209 175 509 153 266 510 202 229 511 154 271 512 147 231 513 194 269 514 195 272 515 234 273 516 281 274 517 233 275 518 389 276 519 606 277 520 390 171 521 473 278 522 234 279 523 233 280 524 466 281 525 227 282 526 226 283 527 219 284 528 460 285 529 220 286 530 474 287 531 235 288 532 234 279 533 467 289 534 228 290 535 227 282 536 220 286 537 461 291 538 221 292 539 475 293 540 236 294 541 235 288 542 228 290 543 469 295 544 229 296 545 221 292 546 462 297 547 222 298 548 476 299 549 237 300 550 236 294 551 469 295 552 230 301 553 229 296 554 222 298 555 463 302 556 223 303 557 477 304 558 238 305 559 237 300 560 470 306 561 231 307 562 230 301 563 463 302 564 224 308 565 223 303 566 238 305 567 479 309 568 239 310 569 456 311 570 217 312 571 216 313 572 231 307 573 472 314 574 232 315 575 464 316 576 225 317 577 224 308 578 479 309 579 216 313 580 239 310 581 457 318 582 218 319 583 217 312 584 232 315 585 473 278 586 233 280 587 225 317 588 466 281 589 226 283 590 218 319 591 459 320 592 219 284 593 227 321 594 274 322 595 226 323 596 268 324 597 219 325 598 220 326 599 235 327 600 282 328 601 234 273 602 276 329 603 227 321 604 228 330 605 269 331 606 220 326 607 221 332 608 236 333 609 283 334 610 235 327 611 229 335 612 276 329 613 228 330 614 270 336 615 221 332 616 222 337 617 285 338 618 236 333 619 237 339 620 278 340 621 229 335 622 230 341 623 271 342 624 222 337 625 223 343 626 286 344 627 237 339 628 238 345 629 231 346 630 278 340 631 230 341 632 272 347 633 223 343 634 224 348 635 287 349 636 238 345 637 239 350 638 265 351 639 216 352 640 217 353 641 280 354 642 231 346 643 232 355 644 273 356 645 224 348 646 225 357 647 216 352 648 287 349 649 239 350 650 218 358 651 265 351 652 217 353 653 233 275 654 280 354 655 232 355 656 274 322 657 225 357 658 226 323 659 219 325 660 266 359 661 218 358 662 305 360 663 354 361 664 306 362 665 242 363 666 553 364 667 554 178 668 306 365 669 497 366 670 305 367 671 299 368 672 490 369 673 298 370 674 292 371 675 483 372 676 291 373 677 306 365 678 499 374 679 498 375 680 300 376 681 491 377 682 299 368 683 293 378 684 484 379 685 292 371 686 307 380 687 500 381 688 499 374 689 300 376 690 493 382 691 492 383 692 294 384 693 485 385 694 293 378 695 308 386 696 501 387 697 500 381 698 301 388 699 494 389 700 493 382 701 294 384 702 487 390 703 486 391 704 310 392 705 501 387 706 309 393 707 303 394 708 494 389 709 302 395 710 296 396 711 487 390 712 295 397 713 310 392 714 503 398 715 502 399 716 288 400 717 481 401 718 480 402 719 303 394 720 496 403 721 495 404 722 297 405 723 488 406 724 296 396 725 288 400 726 503 398 727 311 407 728 290 408 729 481 401 730 289 409 731 304 410 732 497 366 733 496 403 734 297 405 735 490 369 736 489 411 737 291 373 738 482 412 739 290 408 740 298 413 741 347 414 742 299 415 743 291 416 744 340 417 745 292 418 746 307 419 747 354 361 748 355 420 749 299 415 750 348 421 751 300 422 752 293 423 753 340 417 754 341 424 755 307 419 756 356 425 757 308 426 758 301 427 759 348 421 760 349 428 761 293 423 762 342 429 763 294 430 764 309 431 765 356 425 766 357 432 767 302 433 768 349 428 769 350 434 770 295 435 771 342 429 772 343 436 773 309 431 774 358 437 775 310 438 776 303 439 777 350 434 778 351 440 779 295 435 780 344 441 781 296 442 782 311 443 783 358 437 784 359 444 785 288 445 786 337 446 787 289 447 788 304 448 789 351 440 790 352 449 791 297 450 792 344 441 793 345 451 794 311 443 795 336 452 796 288 445 797 289 447 798 338 453 799 290 454 800 305 360 801 352 449 802 353 455 803 297 450 804 346 456 805 298 413 806 291 416 807 338 453 808 339 457 809 426 458 810 377 459 811 378 460 812 388 461 813 605 462 814 389 276 815 521 463 816 378 464 817 377 465 818 514 466 819 371 467 820 370 468 821 507 469 822 364 470 823 363 471 824 378 464 825 523 472 826 379 473 827 515 474 828 372 475 829 371 467 830 364 470 831 509 476 832 365 477 833 523 472 834 380 478 835 379 473 836 516 479 837 373 480 838 372 475 839 509 476 840 366 481 841 365 477 842 524 482 843 381 483 844 380 478 845 373 480 846 518 484 847 374 485 848 366 481 849 511 486 850 367 487 851 381 483 852 526 488 853 382 489 854 518 484 855 375 490 856 374 485 857 511 486 858 368 491 859 367 487 860 382 489 861 527 492 862 383 493 863 360 494 864 505 495 865 361 496 866 519 497 867 376 498 868 375 490 869 368 491 870 513 499 871 369 500 872 527 492 873 360 494 874 383 493 875 505 495 876 362 501 877 361 496 878 376 498 879 521 463 880 377 465 881 369 500 882 514 466 883 370 468 884 506 502 885 363 471 886 362 501 887 419 503 888 370 504 889 371 505 890 412 506 891 363 507 892 364 508 893 379 509 894 426 458 895 378 460 896 372 510 897 419 503 898 371 505 899 365 511 900 412 506 901 364 508 902 428 512 903 379 509 904 380 513 905 421 514 906 372 510 907 373 515 908 414 516 909 365 511 910 366 517 911 381 518 912 428 512 913 380 513 914 374 519 915 421 514 916 373 515 917 367 520 918 414 516 919 366 517 920 430 521 921 381 518 922 382 522 923 375 523 924 422 524 925 374 519 926 416 525 927 367 520 928 368 526 929 383 527 930 430 521 931 382 522 932 409 528 933 360 529 934 361 530 935 376 531 936 423 532 937 375 523 938 369 533 939 416 525 940 368 526 941 408 534 942 383 527 943 360 529 944 410 535 945 361 530 946 362 536 947 377 459 948 424 537 949 376 531 950 418 538 951 369 533 952 370 504 953 363 507 954 410 535 955 362 536 956 168 539 957 433 540 958 169 541 959 170 542 960 433 540 961 434 543 962 170 542 963 435 544 964 171 541 965 172 545 966 435 544 967 436 546 968 172 545 969 437 541 970 173 541 971 173 541 972 438 541 973 174 541 974 174 541 975 439 547 976 175 541 977 176 548 978 439 547 979 440 549 980 177 541 981 440 549 982 441 541 983 177 541 984 442 550 985 178 541 986 179 551 987 442 550 988 443 552 989 179 551 990 444 553 991 180 554 992 181 555 993 444 553 994 445 556 995 181 555 996 446 557 997 182 541 998 183 541 999 446 557 1000 447 541 1001 183 541 1002 448 558 1003 184 559 1004 184 559 1005 449 560 1006 185 541 1007 186 541 1008 449 560 1009 450 541 1010 187 541 1011 450 541 1012 451 541 1013 188 541 1014 451 541 1015 452 561 1016 189 562 1017 452 561 1018 453 563 1019 190 564 1020 453 563 1021 454 565 1022 190 564 1023 455 566 1024 191 541 1025 168 539 1026 455 566 1027 432 567 1028 240 568 1029 457 569 1030 456 570 1031 242 571 1032 457 569 1033 241 541 1034 242 571 1035 459 572 1036 458 573 1037 244 574 1038 459 572 1039 243 541 1040 244 574 1041 461 575 1042 460 576 1043 246 577 1044 461 575 1045 245 578 1046 246 577 1047 463 579 1048 462 541 1049 247 580 1050 464 581 1051 463 579 1052 249 541 1053 464 581 1054 248 582 1055 249 541 1056 466 541 1057 465 541 1058 251 583 1059 466 541 1060 250 541 1061 251 583 1062 468 584 1063 467 585 1064 253 586 1065 468 584 1066 252 587 1067 253 586 1068 470 541 1069 469 588 1070 255 541 1071 470 541 1072 254 541 1073 256 589 1074 471 541 1075 255 541 1076 257 590 1077 472 591 1078 256 589 1079 258 592 1080 473 593 1081 257 590 1082 258 592 1083 475 594 1084 474 541 1085 260 595 1086 475 594 1087 259 596 1088 261 541 1089 476 541 1090 260 595 1091 262 597 1092 477 598 1093 261 541 1094 262 597 1095 479 599 1096 478 600 1097 240 568 1098 479 599 1099 263 541 1100 312 601 1101 481 541 1102 313 541 1103 314 541 1104 481 541 1105 482 541 1106 315 541 1107 482 541 1108 483 541 1109 316 602 1110 483 541 1111 484 603 1112 317 604 1113 484 603 1114 485 605 1115 318 606 1116 485 605 1117 486 607 1118 318 606 1119 487 608 1120 319 541 1121 320 541 1122 487 608 1123 488 541 1124 321 541 1125 488 541 1126 489 541 1127 321 541 1128 490 609 1129 322 610 1130 323 611 1131 490 609 1132 491 541 1133 323 611 1134 492 541 1135 324 541 1136 325 541 1137 492 541 1138 493 541 1139 325 541 1140 494 541 1141 326 541 1142 327 612 1143 494 541 1144 495 613 1145 327 612 1146 496 614 1147 328 615 1148 328 615 1149 497 616 1150 329 541 1151 330 617 1152 497 616 1153 498 618 1154 330 617 1155 499 619 1156 331 620 1157 331 620 1158 500 621 1159 332 622 1160 332 622 1161 501 623 1162 333 624 1163 333 624 1164 502 625 1165 334 626 1166 334 626 1167 503 627 1168 335 628 1169 312 601 1170 503 627 1171 480 541 1172 384 629 1173 505 630 1174 504 541 1175 386 631 1176 505 630 1177 385 632 1178 387 633 1179 506 634 1180 386 631 1181 388 635 1182 507 636 1183 387 633 1184 389 637 1185 508 638 1186 388 635 1187 390 639 1188 509 640 1189 389 637 1190 390 639 1191 511 641 1192 510 642 1193 392 541 1194 511 641 1195 391 541 1196 393 643 1197 512 644 1198 392 541 1199 393 643 1200 514 645 1201 513 646 1202 395 647 1203 514 645 1204 394 648 1205 395 647 1206 516 541 1207 515 541 1208 397 649 1209 516 541 1210 396 541 1211 397 649 1212 518 650 1213 517 651 1214 399 652 1215 518 650 1216 398 653 1217 399 652 1218 520 654 1219 519 655 1220 400 656 1221 521 657 1222 520 654 1223 402 658 1224 521 657 1225 401 541 1226 402 658 1227 523 659 1228 522 660 1229 403 661 1230 524 662 1231 523 659 1232 404 663 1233 525 541 1234 524 662 1235 405 541 1236 526 541 1237 525 541 1238 406 541 1239 527 664 1240 526 541 1241 384 629 1242 527 664 1243 407 665 1244 535 666 1245 543 667 1246 551 668 1247 569 669 1248 561 670 1249 553 671 1250 583 672 1251 591 673 1252 599 674 1253 605 675 1254 601 676 1255 617 677 1256 244 678 1257 555 179 1258 556 679 1259 391 173 1260 608 680 1261 392 681 1262 245 682 1263 556 679 1264 557 683 1265 392 681 1266 609 684 1267 393 685 1268 246 686 1269 557 683 1270 558 687 1271 393 685 1272 610 688 1273 394 689 1274 246 686 1275 559 690 1276 247 691 1277 394 689 1278 611 692 1279 395 693 1280 247 691 1281 560 694 1282 248 695 1283 395 693 1284 612 696 1285 396 697 1286 248 695 1287 561 698 1288 249 699 1289 397 700 1290 612 696 1291 613 701 1292 249 699 1293 562 702 1294 250 703 1295 398 704 1296 613 701 1297 614 705 1298 250 703 1299 563 706 1300 251 707 1301 399 708 1302 614 705 1303 615 709 1304 251 707 1305 564 710 1306 252 711 1307 400 712 1308 615 709 1309 616 713 1310 252 711 1311 565 714 1312 253 715 1313 401 716 1314 616 713 1315 617 717 1316 253 715 1317 566 718 1318 254 719 1319 402 720 1320 617 717 1321 618 721 1322 254 719 1323 567 722 1324 255 723 1325 403 724 1326 618 721 1327 619 725 1328 255 723 1329 568 726 1330 256 727 1331 404 728 1332 619 725 1333 620 729 1334 256 727 1335 569 730 1336 257 731 1337 405 732 1338 620 729 1339 621 733 1340 257 731 1341 570 734 1342 258 735 1343 406 736 1344 621 733 1345 622 737 1346 259 738 1347 570 734 1348 571 739 1349 407 740 1350 622 737 1351 623 741 1352 260 742 1353 571 739 1354 572 743 1355 384 744 1356 623 741 1357 600 745 1358 261 746 1359 572 743 1360 573 747 1361 262 748 1362 573 747 1363 574 749 1364 263 750 1365 574 749 1366 575 751 1367 240 752 1368 575 751 1369 552 753 1370 313 754 1371 576 755 1372 312 756 1373 314 757 1374 577 758 1375 313 754 1376 315 759 1377 578 760 1378 314 757 1379 316 761 1380 579 762 1381 315 759 1382 169 763 1383 528 764 1384 168 765 1385 317 766 1386 580 767 1387 316 761 1388 170 768 1389 529 769 1390 169 763 1391 318 770 1392 581 771 1393 317 766 1394 171 772 1395 530 773 1396 170 768 1397 319 774 1398 582 775 1399 318 770 1400 172 776 1401 531 777 1402 171 772 1403 320 778 1404 583 779 1405 319 774 1406 173 780 1407 532 781 1408 172 776 1409 321 782 1410 584 783 1411 320 778 1412 174 784 1413 533 785 1414 173 780 1415 322 786 1416 585 787 1417 321 782 1418 174 784 1419 535 788 1420 534 789 1421 323 790 1422 586 791 1423 322 786 1424 175 792 1425 536 793 1426 535 788 1427 324 794 1428 587 795 1429 323 790 1430 176 796 1431 537 797 1432 536 793 1433 324 794 1434 589 798 1435 588 799 1436 177 800 1437 538 801 1438 537 797 1439 325 802 1440 590 803 1441 589 798 1442 178 804 1443 539 805 1444 538 801 1445 326 806 1446 591 807 1447 590 803 1448 179 808 1449 540 809 1450 539 805 1451 327 810 1452 592 811 1453 591 807 1454 180 812 1455 541 813 1456 540 809 1457 328 814 1458 593 815 1459 592 811 1460 181 816 1461 542 817 1462 541 813 1463 329 818 1464 594 819 1465 593 815 1466 182 820 1467 543 821 1468 542 817 1469 330 822 1470 595 823 1471 594 819 1472 183 824 1473 544 825 1474 543 821 1475 331 826 1476 596 827 1477 595 823 1478 184 828 1479 545 829 1480 544 825 1481 332 830 1482 597 831 1483 596 827 1484 185 832 1485 546 833 1486 545 829 1487 333 834 1488 598 835 1489 597 831 1490 187 836 1491 546 833 1492 186 837 1493 334 838 1494 599 839 1495 598 835 1496 188 840 1497 547 841 1498 187 836 1499 335 842 1500 576 755 1501 599 839 1502 189 843 1503 548 844 1504 188 840 1505 384 744 1506 601 845 1507 385 846 1508 190 847 1509 549 848 1510 189 843 1511 385 846 1512 602 849 1513 386 850 1514 191 851 1515 550 852 1516 190 847 1517 386 850 1518 603 853 1519 387 854 1520 168 765 1521 551 855 1522 191 851 1523 387 854 1524 604 856 1525 388 461 1526 241 857 1527 552 753 1528 553 364 1529 624 858 1530 627 859 1531 626 860 1532 648 861 1533 631 862 1534 630 863 1535 631 864 1536 628 865 1537 630 866 1538 651 867 1539 624 868 1540 650 869 1541 624 868 1542 653 870 1543 650 869 1544 649 871 1545 625 872 1546 651 873 1547 635 874 1548 638 875 1549 639 876 1550 648 861 1551 635 877 1552 652 878 1553 626 860 1554 632 879 1555 624 858 1556 630 866 1557 634 880 1558 635 874 1559 638 875 1560 642 881 1561 639 876 1562 633 882 1563 636 883 1564 632 879 1565 632 884 1566 655 885 1567 653 886 1568 652 878 1569 639 887 1570 654 888 1571 642 889 1572 657 890 1573 656 891 1574 637 892 1575 641 893 1576 636 883 1577 636 894 1578 657 895 1579 655 896 1580 642 881 1581 644 897 1582 639 876 1583 644 898 1584 659 899 1585 658 900 1586 656 891 1587 647 901 1588 659 902 1589 637 892 1590 647 903 1591 640 904 1592 654 905 1593 644 872 1594 658 906 1595 654 905 1596 645 907 1597 637 872 1598 656 891 1599 646 541 1600 642 889 1601 658 908 1602 647 909 1603 645 910 1604 655 896 1605 643 911 1606 638 912 1607 640 913 1608 657 890 1609 641 914 1610 652 878 1611 637 915 1612 633 916 1613 634 917 1614 655 918 1615 638 919 1616 648 861 1617 633 916 1618 626 920 1619 649 871 1620 629 921 1621 631 872 1622 650 922 1623 634 923 1624 628 924 1625 629 925 1626 650 922 1627 628 924 1628 627 926 1629 648 861 1630 626 920 1631 660 927 1632 663 928 1633 661 929 1634 684 930 1635 667 931 1636 685 932 1637 664 933 1638 667 934 1639 666 935 1640 660 936 1641 687 937 1642 686 938 1643 689 936 1644 660 936 1645 686 938 1646 685 939 1647 661 940 1648 663 872 1649 671 941 1650 674 942 1651 670 943 1652 684 930 1653 671 944 1654 666 945 1655 668 946 1656 662 946 1657 660 927 1658 666 935 1659 670 943 1660 664 933 1661 678 947 1662 674 942 1663 675 948 1664 672 949 1665 669 950 1666 668 946 1667 691 951 1668 668 952 1669 689 953 1670 688 954 1671 675 955 1672 671 944 1673 693 956 1674 678 957 1675 692 958 1676 677 959 1677 673 960 1678 672 949 1679 693 961 1680 672 962 1681 691 963 1682 680 964 1683 678 947 1684 675 948 1685 695 965 1686 680 966 1687 694 967 1688 692 958 1689 683 968 1690 676 969 1691 683 970 1692 673 960 1693 676 971 1694 690 972 1695 680 973 1696 675 974 1697 681 975 1698 690 972 1699 673 976 1700 682 977 1701 692 958 1702 678 957 1703 683 978 1704 694 979 1705 681 980 1706 679 981 1707 691 963 1708 674 982 1709 676 969 1710 693 956 1711 692 958 1712 673 983 1713 688 954 1714 669 984 1715 670 985 1716 691 986 1717 689 987 1718 669 984 1719 684 930 1720 662 988 1721 665 989 1722 685 939 1723 667 990 1724 670 991 1725 686 992 1726 664 993 1727 686 992 1728 665 992 1729 664 993 1730 684 930 1731 663 994 1732 662 988 1733 696 995 1734 699 996 1735 697 997 1736 720 998 1737 703 999 1738 721 1000 1739 700 1001 1740 703 1002 1741 702 1003 1742 696 1004 1743 723 1005 1744 722 1006 1745 725 1007 1746 696 1004 1747 722 1006 1748 721 1008 1749 697 1009 1750 699 872 1751 707 1010 1752 710 1011 1753 706 1012 1754 720 998 1755 707 1013 1756 702 1014 1757 704 1015 1758 698 1016 1759 696 995 1760 702 1003 1761 706 1012 1762 700 1001 1763 714 1017 1764 710 1011 1765 711 1018 1766 708 1019 1767 705 1020 1768 704 1015 1769 727 1021 1770 704 1022 1771 725 1023 1772 724 1024 1773 711 1025 1774 707 1013 1775 729 1026 1776 714 1027 1777 728 1028 1778 713 997 1779 709 1029 1780 708 1019 1781 729 1030 1782 708 1031 1783 727 1032 1784 716 1033 1785 714 1017 1786 711 1018 1787 731 1034 1788 716 1035 1789 730 1036 1790 728 1028 1791 719 1037 1792 712 1038 1793 719 1039 1794 709 1029 1795 712 1040 1796 726 1041 1797 716 1042 1798 711 1043 1799 717 1044 1800 726 1041 1801 709 1045 1802 718 1046 1803 728 1028 1804 714 1027 1805 719 1047 1806 730 1048 1807 717 1049 1808 715 1050 1809 727 1032 1810 710 1051 1811 712 1038 1812 729 1026 1813 728 1028 1814 709 1052 1815 724 1024 1816 705 1053 1817 706 1054 1818 727 1055 1819 725 1056 1820 705 1053 1821 720 998 1822 698 1057 1823 701 1058 1824 721 1008 1825 703 1059 1826 706 1060 1827 722 1061 1828 700 1062 1829 722 1061 1830 701 1063 1831 700 1062 1832 720 998 1833 699 1064 1834 698 1057 1835 732 1065 1836 735 1066 1837 734 1067 1838 756 1068 1839 739 1069 1840 738 1070 1841 739 1071 1842 736 1072 1843 738 1073 1844 759 1074 1845 732 1075 1846 758 1076 1847 732 1075 1848 761 1077 1849 758 1076 1850 757 1078 1851 733 872 1852 759 1079 1853 743 1080 1854 746 1081 1855 747 1082 1856 756 1068 1857 743 1083 1858 760 1084 1859 734 1067 1860 740 1085 1861 732 1065 1862 738 1073 1863 742 1086 1864 743 1080 1865 746 1081 1866 750 858 1867 747 1082 1868 741 1087 1869 744 1088 1870 740 1085 1871 740 1089 1872 763 1090 1873 761 1091 1874 760 1084 1875 747 1092 1876 762 1093 1877 750 1094 1878 765 1095 1879 764 1096 1880 745 1097 1881 749 1098 1882 744 1088 1883 744 1099 1884 765 1100 1885 763 1101 1886 750 858 1887 752 1102 1888 747 1082 1889 752 1103 1890 767 1104 1891 766 1105 1892 764 1096 1893 755 1106 1894 767 1107 1895 745 1097 1896 755 1108 1897 748 1098 1898 762 1109 1899 752 872 1900 766 1110 1901 762 1109 1902 753 1111 1903 745 872 1904 764 1096 1905 754 541 1906 750 1094 1907 766 1112 1908 755 1113 1909 753 1114 1910 763 1101 1911 751 1115 1912 746 1116 1913 748 1117 1914 765 1095 1915 749 1118 1916 760 1084 1917 745 1119 1918 741 1120 1919 742 1121 1920 763 1122 1921 746 1123 1922 756 1068 1923 741 1120 1924 734 1124 1925 757 1078 1926 737 1125 1927 739 872 1928 758 1126 1929 742 1127 1930 736 1128 1931 737 1129 1932 758 1126 1933 736 1128 1934 735 1130 1935 756 1068 1936 734 1124 1937 0 2 1938 1 541 1939 2 1131 1940 2 1131 1941 3 1132 1942 0 2 1943 3 1132 1944 4 1133 1945 0 2 1946 4 1133 1947 5 541 1948 6 1134 1949 6 1134 1950 7 1135 1951 8 1136 1952 8 1136 1953 9 1137 1954 10 1138 1955 10 1138 1956 11 541 1957 12 1139 1958 12 1139 1959 13 541 1960 14 1140 1961 14 1140 1962 15 1141 1963 12 1139 1964 15 1141 1965 16 0 1966 12 1139 1967 16 0 1968 17 1142 1969 18 1143 1970 18 1143 1971 19 541 1972 20 1 1973 20 1 1974 21 1144 1975 0 2 1976 21 1144 1977 22 1145 1978 0 2 1979 22 1145 1980 23 541 1981 0 2 1982 4 1133 1983 6 1134 1984 8 1136 1985 8 1136 1986 10 1138 1987 12 1139 1988 16 0 1989 18 1143 1990 20 1 1991 0 2 1992 4 1133 1993 8 1136 1994 8 1136 1995 12 1139 1996 0 2 1997 12 1139 1998 16 0 1999 0 2 2000 79 3 2001 54 96 2002 55 4 2003 7 6 2004 31 51 2005 32 7 2006 22 9 2007 46 52 2008 47 10 2009 1 12 2010 0 20 2011 25 13 2012 16 15 2013 15 53 2014 39 16 2015 8 8 2016 32 7 2017 33 18 2018 23 11 2019 47 10 2020 25 13 2021 1 12 2022 24 14 2023 26 21 2024 16 15 2025 40 17 2026 41 23 2027 10 25 2028 9 19 2029 33 18 2030 2 22 2031 26 21 2032 27 27 2033 17 24 2034 41 23 2035 42 29 2036 10 25 2037 34 26 2038 35 31 2039 4 33 2040 3 28 2041 27 27 2042 19 35 2043 18 30 2044 42 29 2045 11 32 2046 35 31 2047 36 37 2048 4 33 2049 28 34 2050 29 39 2051 20 41 2052 19 35 2053 43 36 2054 12 38 2055 36 37 2056 37 43 2057 5 40 2058 29 39 2059 30 45 2060 20 41 2061 44 42 2062 45 47 2063 14 49 2064 13 44 2065 37 43 2066 6 46 2067 30 45 2068 31 51 2069 21 48 2070 45 47 2071 46 52 2072 14 49 2073 38 50 2074 39 16 2075 72 54 2076 48 102 2077 50 55 2078 94 57 2079 69 97 2080 70 58 2081 87 60 2082 62 98 2083 63 61 2084 80 5 2085 55 4 2086 56 63 2087 95 59 2088 70 58 2089 71 65 2090 88 62 2091 63 61 2092 64 67 2093 81 64 2094 56 63 2095 57 69 2096 71 65 2097 143 123 2098 99 71 2099 90 73 2100 89 68 2101 64 67 2102 83 75 2103 82 70 2104 57 69 2105 74 56 2106 50 55 2107 51 77 2108 75 66 2109 71 65 2110 49 72 2111 90 73 2112 65 74 2113 66 80 2114 84 82 2115 83 75 2116 58 76 2117 77 84 2118 76 78 2119 51 77 2120 92 86 2121 91 81 2122 66 80 2123 84 82 2124 59 83 2125 60 88 2126 78 90 2127 77 84 2128 52 85 2129 92 86 2130 67 87 2131 68 92 2132 86 94 2133 85 89 2134 60 88 2135 79 3 2136 78 90 2137 53 91 2138 93 93 2139 68 92 2140 69 97 2141 86 94 2142 61 95 2143 62 98 2144 100 100 2145 96 150 2146 140 169 2147 96 150 2148 98 149 2149 140 169 2150 98 149 2151 142 170 2152 140 169 2153 140 169 2154 138 168 2155 136 166 2156 136 166 2157 134 167 2158 140 169 2159 134 167 2160 132 101 2161 140 169 2162 132 101 2163 130 165 2164 128 164 2165 128 164 2166 126 163 2167 124 161 2168 124 161 2169 122 162 2170 120 159 2171 120 159 2172 118 160 2173 124 161 2174 118 160 2175 116 157 2176 124 161 2177 116 157 2178 114 158 2179 108 99 2180 114 158 2181 112 156 2182 108 99 2183 112 156 2184 110 155 2185 108 99 2186 108 99 2187 106 154 2188 104 152 2189 104 152 2190 102 153 2191 100 100 2192 132 101 2193 128 164 2194 116 157 2195 128 164 2196 124 161 2197 116 157 2198 108 99 2199 104 152 2200 100 100 2201 100 100 2202 140 169 2203 132 101 2204 116 157 2205 108 99 2206 132 101 2207 48 102 2208 49 72 2209 99 71 2210 51 77 2211 103 124 2212 105 104 2213 52 85 2214 105 104 2215 107 105 2216 54 96 2217 53 91 2218 107 105 2219 54 96 2220 109 106 2221 111 107 2222 56 63 2223 55 4 2224 111 107 2225 57 69 2226 56 63 2227 113 108 2228 57 69 2229 115 109 2230 117 110 2231 59 83 2232 58 76 2233 117 110 2234 59 83 2235 119 111 2236 121 112 2237 61 95 2238 60 88 2239 121 112 2240 61 95 2241 123 113 2242 125 114 2243 63 61 2244 62 98 2245 125 114 2246 63 61 2247 127 115 2248 129 116 2249 65 74 2250 64 67 2251 129 116 2252 65 74 2253 131 117 2254 133 118 2255 67 87 2256 66 80 2257 133 118 2258 67 87 2259 135 119 2260 137 120 2261 68 92 2262 137 120 2263 139 121 2264 69 97 2265 139 121 2266 141 122 2267 71 65 2268 70 58 2269 141 122 2270 50 55 2271 101 151 2272 103 124 2273 73 79 2274 49 72 2275 48 102 2276 25 125 2277 73 79 2278 72 54 2279 37 127 2280 86 94 2281 87 60 2282 44 129 2283 93 93 2284 94 57 2285 29 131 2286 78 90 2287 79 3 2288 37 127 2289 36 135 2290 85 89 2291 43 133 2292 92 86 2293 93 93 2294 29 131 2295 28 138 2296 77 84 2297 35 134 2298 84 82 2299 85 89 2300 42 136 2301 91 81 2302 92 86 2303 27 137 2304 76 78 2305 77 84 2306 35 134 2307 34 143 2308 83 75 2309 41 139 2310 90 73 2311 91 81 2312 47 140 2313 75 66 2314 73 79 2315 26 141 2316 74 56 2317 76 78 2318 33 142 2319 82 70 2320 83 75 2321 41 139 2322 40 145 2323 89 68 2324 33 142 2325 32 148 2326 81 64 2327 39 144 2328 88 62 2329 89 68 2330 46 146 2331 95 59 2332 75 66 2333 31 147 2334 80 5 2335 81 64 2336 38 128 2337 87 60 2338 88 62 2339 45 130 2340 94 57 2341 95 59 2342 24 126 2343 72 54 2344 74 56 2345 31 147 2346 30 132 2347 79 3 2348 98 149 2349 96 150 2350 97 103 2351 100 100 2352 101 151 2353 97 103 2354 100 100 2355 102 153 2356 103 124 2357 104 152 2358 105 104 2359 103 124 2360 106 154 2361 107 105 2362 105 104 2363 106 154 2364 108 99 2365 109 106 2366 110 155 2367 111 107 2368 109 106 2369 110 155 2370 112 156 2371 113 108 2372 112 156 2373 114 158 2374 115 109 2375 116 157 2376 117 110 2377 115 109 2378 116 157 2379 118 160 2380 119 111 2381 120 159 2382 121 112 2383 119 111 2384 120 159 2385 122 162 2386 123 113 2387 124 161 2388 125 114 2389 123 113 2390 124 161 2391 126 163 2392 127 115 2393 126 163 2394 128 164 2395 129 116 2396 128 164 2397 130 165 2398 131 117 2399 132 101 2400 133 118 2401 131 117 2402 132 101 2403 134 167 2404 135 119 2405 136 166 2406 137 120 2407 135 119 2408 138 168 2409 139 121 2410 137 120 2411 140 169 2412 141 122 2413 139 121 2414 140 169 2415 142 170 2416 143 123 2417 98 149 2418 99 71 2419 143 123 2420 48 102 2421 97 103 2422 101 151 2423 390 171 2424 606 277 2425 607 172 2426 162 174 2427 161 270 2428 209 175 2429 243 177 2430 242 363 2431 554 178 2432 162 180 2433 450 190 2434 449 181 2435 155 183 2436 443 192 2437 442 184 2438 147 186 2439 148 193 2440 436 187 2441 163 189 2442 451 196 2443 450 190 2444 156 191 2445 444 198 2446 443 192 2447 148 193 2448 149 199 2449 437 194 2450 164 195 2451 452 202 2452 451 196 2453 156 191 2454 157 203 2455 445 197 2456 149 199 2457 150 205 2458 438 200 2459 165 201 2460 453 208 2461 452 202 2462 157 203 2463 158 210 2464 446 204 2465 150 205 2466 151 212 2467 439 206 2468 166 207 2469 454 214 2470 453 208 2471 159 209 2472 447 219 2473 446 204 2474 152 211 2475 440 221 2476 439 206 2477 166 207 2478 167 222 2479 455 213 2480 145 215 2481 433 224 2482 432 216 2483 159 209 2484 160 225 2485 448 218 2486 153 220 2487 441 226 2488 440 221 2489 144 217 2490 432 216 2491 455 213 2492 146 223 2493 434 227 2494 433 224 2495 160 225 2496 161 182 2497 449 181 2498 153 220 2499 154 185 2500 442 184 2501 146 223 2502 147 186 2503 435 188 2504 155 228 2505 154 271 2506 202 229 2507 147 231 2508 195 272 2509 196 232 2510 163 234 2511 162 174 2512 210 176 2513 155 228 2514 203 230 2515 204 236 2516 148 233 2517 196 232 2518 197 238 2519 164 240 2520 163 234 2521 211 235 2522 157 242 2523 156 237 2524 204 236 2525 149 239 2526 197 238 2527 198 244 2528 165 246 2529 164 240 2530 212 241 2531 157 242 2532 205 243 2533 206 248 2534 150 245 2535 198 244 2536 199 250 2537 165 246 2538 213 247 2539 214 252 2540 159 254 2541 158 249 2542 206 248 2543 151 251 2544 199 250 2545 200 256 2546 166 253 2547 214 252 2548 215 258 2549 144 260 2550 192 267 2551 193 261 2552 160 263 2553 159 254 2554 207 255 2555 152 257 2556 200 256 2557 201 265 2558 144 260 2559 167 259 2560 215 258 2561 146 268 2562 145 262 2563 193 261 2564 161 270 2565 160 263 2566 208 264 2567 153 266 2568 201 265 2569 202 229 2570 147 231 2571 146 268 2572 194 269 2573 234 273 2574 282 328 2575 281 274 2576 389 276 2577 605 462 2578 606 277 2579 473 278 2580 474 287 2581 234 279 2582 466 281 2583 467 289 2584 227 282 2585 219 284 2586 459 320 2587 460 285 2588 474 287 2589 475 293 2590 235 288 2591 467 289 2592 468 1146 2593 228 290 2594 220 286 2595 460 285 2596 461 291 2597 475 293 2598 476 299 2599 236 294 2600 228 290 2601 468 1146 2602 469 295 2603 221 292 2604 461 291 2605 462 297 2606 476 299 2607 477 304 2608 237 300 2609 469 295 2610 470 306 2611 230 301 2612 222 298 2613 462 297 2614 463 302 2615 477 304 2616 478 1147 2617 238 305 2618 470 306 2619 471 1148 2620 231 307 2621 463 302 2622 464 316 2623 224 308 2624 238 305 2625 478 1147 2626 479 309 2627 456 311 2628 457 318 2629 217 312 2630 231 307 2631 471 1148 2632 472 314 2633 464 316 2634 465 1149 2635 225 317 2636 479 309 2637 456 311 2638 216 313 2639 457 318 2640 458 1150 2641 218 319 2642 232 315 2643 472 314 2644 473 278 2645 225 317 2646 465 1149 2647 466 281 2648 218 319 2649 458 1150 2650 459 320 2651 227 321 2652 275 1151 2653 274 322 2654 268 324 2655 267 1152 2656 219 325 2657 235 327 2658 283 334 2659 282 328 2660 276 329 2661 275 1151 2662 227 321 2663 269 331 2664 268 324 2665 220 326 2666 236 333 2667 284 1153 2668 283 334 2669 229 335 2670 277 1154 2671 276 329 2672 270 336 2673 269 331 2674 221 332 2675 285 338 2676 284 1153 2677 236 333 2678 278 340 2679 277 1154 2680 229 335 2681 271 342 2682 270 336 2683 222 337 2684 286 344 2685 285 338 2686 237 339 2687 231 346 2688 279 1155 2689 278 340 2690 272 347 2691 271 342 2692 223 343 2693 287 349 2694 286 344 2695 238 345 2696 265 351 2697 264 1156 2698 216 352 2699 280 354 2700 279 1155 2701 231 346 2702 273 356 2703 272 347 2704 224 348 2705 216 352 2706 264 1156 2707 287 349 2708 218 358 2709 266 359 2710 265 351 2711 233 275 2712 281 274 2713 280 354 2714 274 322 2715 273 356 2716 225 357 2717 219 325 2718 267 1152 2719 266 359 2720 305 360 2721 353 455 2722 354 361 2723 242 363 2724 241 857 2725 553 364 2726 306 365 2727 498 375 2728 497 366 2729 299 368 2730 491 377 2731 490 369 2732 292 371 2733 484 379 2734 483 372 2735 306 365 2736 307 380 2737 499 374 2738 300 376 2739 492 383 2740 491 377 2741 293 378 2742 485 385 2743 484 379 2744 307 380 2745 308 386 2746 500 381 2747 300 376 2748 301 388 2749 493 382 2750 294 384 2751 486 391 2752 485 385 2753 308 386 2754 309 393 2755 501 387 2756 301 388 2757 302 395 2758 494 389 2759 294 384 2760 295 397 2761 487 390 2762 310 392 2763 502 399 2764 501 387 2765 303 394 2766 495 404 2767 494 389 2768 296 396 2769 488 406 2770 487 390 2771 310 392 2772 311 407 2773 503 398 2774 288 400 2775 289 409 2776 481 401 2777 303 394 2778 304 410 2779 496 403 2780 297 405 2781 489 411 2782 488 406 2783 288 400 2784 480 402 2785 503 398 2786 290 408 2787 482 412 2788 481 401 2789 304 410 2790 305 367 2791 497 366 2792 297 405 2793 298 370 2794 490 369 2795 291 373 2796 483 372 2797 482 412 2798 298 413 2799 346 456 2800 347 414 2801 291 416 2802 339 457 2803 340 417 2804 307 419 2805 306 362 2806 354 361 2807 299 415 2808 347 414 2809 348 421 2810 293 423 2811 292 418 2812 340 417 2813 307 419 2814 355 420 2815 356 425 2816 301 427 2817 300 422 2818 348 421 2819 293 423 2820 341 424 2821 342 429 2822 309 431 2823 308 426 2824 356 425 2825 302 433 2826 301 427 2827 349 428 2828 295 435 2829 294 430 2830 342 429 2831 309 431 2832 357 432 2833 358 437 2834 303 439 2835 302 433 2836 350 434 2837 295 435 2838 343 436 2839 344 441 2840 311 443 2841 310 438 2842 358 437 2843 288 445 2844 336 452 2845 337 446 2846 304 448 2847 303 439 2848 351 440 2849 297 450 2850 296 442 2851 344 441 2852 311 443 2853 359 444 2854 336 452 2855 289 447 2856 337 446 2857 338 453 2858 305 360 2859 304 448 2860 352 449 2861 297 450 2862 345 451 2863 346 456 2864 291 416 2865 290 454 2866 338 453 2867 426 458 2868 425 1157 2869 377 459 2870 388 461 2871 604 856 2872 605 462 2873 521 463 2874 522 1158 2875 378 464 2876 514 466 2877 515 474 2878 371 467 2879 507 469 2880 508 1159 2881 364 470 2882 378 464 2883 522 1158 2884 523 472 2885 515 474 2886 516 479 2887 372 475 2888 364 470 2889 508 1159 2890 509 476 2891 523 472 2892 524 482 2893 380 478 2894 516 479 2895 517 1160 2896 373 480 2897 509 476 2898 510 1161 2899 366 481 2900 524 482 2901 525 1162 2902 381 483 2903 373 480 2904 517 1160 2905 518 484 2906 366 481 2907 510 1161 2908 511 486 2909 381 483 2910 525 1162 2911 526 488 2912 518 484 2913 519 497 2914 375 490 2915 511 486 2916 512 1163 2917 368 491 2918 382 489 2919 526 488 2920 527 492 2921 360 494 2922 504 1164 2923 505 495 2924 519 497 2925 520 1165 2926 376 498 2927 368 491 2928 512 1163 2929 513 499 2930 527 492 2931 504 1164 2932 360 494 2933 505 495 2934 506 502 2935 362 501 2936 376 498 2937 520 1165 2938 521 463 2939 369 500 2940 513 499 2941 514 466 2942 506 502 2943 507 469 2944 363 471 2945 419 503 2946 418 538 2947 370 504 2948 412 506 2949 411 1166 2950 363 507 2951 379 509 2952 427 1167 2953 426 458 2954 372 510 2955 420 1168 2956 419 503 2957 365 511 2958 413 1169 2959 412 506 2960 428 512 2961 427 1167 2962 379 509 2963 421 514 2964 420 1168 2965 372 510 2966 414 516 2967 413 1169 2968 365 511 2969 381 518 2970 429 1170 2971 428 512 2972 374 519 2973 422 524 2974 421 514 2975 367 520 2976 415 1171 2977 414 516 2978 430 521 2979 429 1170 2980 381 518 2981 375 523 2982 423 532 2983 422 524 2984 416 525 2985 415 1171 2986 367 520 2987 383 527 2988 431 1172 2989 430 521 2990 409 528 2991 408 534 2992 360 529 2993 376 531 2994 424 537 2995 423 532 2996 369 533 2997 417 1173 2998 416 525 2999 408 534 3000 431 1172 3001 383 527 3002 410 535 3003 409 528 3004 361 530 3005 377 459 3006 425 1157 3007 424 537 3008 418 538 3009 417 1173 3010 369 533 3011 363 507 3012 411 1166 3013 410 535 3014 168 539 3015 432 567 3016 433 540 3017 170 542 3018 169 541 3019 433 540 3020 170 542 3021 434 543 3022 435 544 3023 172 545 3024 171 541 3025 435 544 3026 172 545 3027 436 546 3028 437 541 3029 173 541 3030 437 541 3031 438 541 3032 174 541 3033 438 541 3034 439 547 3035 176 548 3036 175 541 3037 439 547 3038 177 541 3039 176 548 3040 440 549 3041 177 541 3042 441 541 3043 442 550 3044 179 551 3045 178 541 3046 442 550 3047 179 551 3048 443 552 3049 444 553 3050 181 555 3051 180 554 3052 444 553 3053 181 555 3054 445 556 3055 446 557 3056 183 541 3057 182 541 3058 446 557 3059 183 541 3060 447 541 3061 448 558 3062 184 559 3063 448 558 3064 449 560 3065 186 541 3066 185 541 3067 449 560 3068 187 541 3069 186 541 3070 450 541 3071 188 541 3072 187 541 3073 451 541 3074 189 562 3075 188 541 3076 452 561 3077 190 564 3078 189 562 3079 453 563 3080 190 564 3081 454 565 3082 455 566 3083 168 539 3084 191 541 3085 455 566 3086 240 568 3087 241 541 3088 457 569 3089 242 571 3090 458 573 3091 457 569 3092 242 571 3093 243 541 3094 459 572 3095 244 574 3096 460 576 3097 459 572 3098 244 574 3099 245 578 3100 461 575 3101 246 577 3102 462 541 3103 461 575 3104 246 577 3105 247 580 3106 463 579 3107 247 580 3108 248 582 3109 464 581 3110 249 541 3111 465 541 3112 464 581 3113 249 541 3114 250 541 3115 466 541 3116 251 583 3117 467 585 3118 466 541 3119 251 583 3120 252 587 3121 468 584 3122 253 586 3123 469 588 3124 468 584 3125 253 586 3126 254 541 3127 470 541 3128 255 541 3129 471 541 3130 470 541 3131 256 589 3132 472 591 3133 471 541 3134 257 590 3135 473 593 3136 472 591 3137 258 592 3138 474 541 3139 473 593 3140 258 592 3141 259 596 3142 475 594 3143 260 595 3144 476 541 3145 475 594 3146 261 541 3147 477 598 3148 476 541 3149 262 597 3150 478 600 3151 477 598 3152 262 597 3153 263 541 3154 479 599 3155 240 568 3156 456 570 3157 479 599 3158 312 601 3159 480 541 3160 481 541 3161 314 541 3162 313 541 3163 481 541 3164 315 541 3165 314 541 3166 482 541 3167 316 602 3168 315 541 3169 483 541 3170 317 604 3171 316 602 3172 484 603 3173 318 606 3174 317 604 3175 485 605 3176 318 606 3177 486 607 3178 487 608 3179 320 541 3180 319 541 3181 487 608 3182 321 541 3183 320 541 3184 488 541 3185 321 541 3186 489 541 3187 490 609 3188 323 611 3189 322 610 3190 490 609 3191 323 611 3192 491 541 3193 492 541 3194 325 541 3195 324 541 3196 492 541 3197 325 541 3198 493 541 3199 494 541 3200 327 612 3201 326 541 3202 494 541 3203 327 612 3204 495 613 3205 496 614 3206 328 615 3207 496 614 3208 497 616 3209 330 617 3210 329 541 3211 497 616 3212 330 617 3213 498 618 3214 499 619 3215 331 620 3216 499 619 3217 500 621 3218 332 622 3219 500 621 3220 501 623 3221 333 624 3222 501 623 3223 502 625 3224 334 626 3225 502 625 3226 503 627 3227 312 601 3228 335 628 3229 503 627 3230 384 629 3231 385 632 3232 505 630 3233 386 631 3234 506 634 3235 505 630 3236 387 633 3237 507 636 3238 506 634 3239 388 635 3240 508 638 3241 507 636 3242 389 637 3243 509 640 3244 508 638 3245 390 639 3246 510 642 3247 509 640 3248 390 639 3249 391 541 3250 511 641 3251 392 541 3252 512 644 3253 511 641 3254 393 643 3255 513 646 3256 512 644 3257 393 643 3258 394 648 3259 514 645 3260 395 647 3261 515 541 3262 514 645 3263 395 647 3264 396 541 3265 516 541 3266 397 649 3267 517 651 3268 516 541 3269 397 649 3270 398 653 3271 518 650 3272 399 652 3273 519 655 3274 518 650 3275 399 652 3276 400 656 3277 520 654 3278 400 656 3279 401 541 3280 521 657 3281 402 658 3282 522 660 3283 521 657 3284 402 658 3285 403 661 3286 523 659 3287 403 661 3288 404 663 3289 524 662 3290 404 663 3291 405 541 3292 525 541 3293 405 541 3294 406 541 3295 526 541 3296 406 541 3297 407 665 3298 527 664 3299 384 629 3300 504 541 3301 527 664 3302 551 668 3303 528 1174 3304 529 1175 3305 529 1175 3306 530 541 3307 531 541 3308 531 541 3309 532 541 3310 535 666 3311 532 541 3312 533 541 3313 535 666 3314 533 541 3315 534 541 3316 535 666 3317 535 666 3318 536 1176 3319 537 1177 3320 537 1177 3321 538 541 3322 535 666 3323 538 541 3324 539 541 3325 535 666 3326 539 541 3327 540 541 3328 541 541 3329 541 541 3330 542 541 3331 539 541 3332 542 541 3333 543 667 3334 539 541 3335 543 667 3336 544 1178 3337 545 1179 3338 545 1179 3339 546 541 3340 547 541 3341 547 541 3342 548 541 3343 551 668 3344 548 541 3345 549 1180 3346 551 668 3347 549 1180 3348 550 1181 3349 551 668 3350 551 668 3351 529 1175 3352 535 666 3353 529 1175 3354 531 541 3355 535 666 3356 543 667 3357 545 1179 3358 551 668 3359 545 1179 3360 547 541 3361 551 668 3362 535 666 3363 539 541 3364 543 667 3365 553 671 3366 552 541 3367 575 541 3368 575 541 3369 574 541 3370 553 671 3371 574 541 3372 573 541 3373 553 671 3374 573 541 3375 572 541 3376 571 1182 3377 571 1182 3378 570 1183 3379 569 669 3380 569 669 3381 568 541 3382 565 1184 3383 568 541 3384 567 541 3385 565 1184 3386 567 541 3387 566 541 3388 565 1184 3389 565 1184 3390 564 541 3391 563 541 3392 563 541 3393 562 541 3394 565 1184 3395 562 541 3396 561 670 3397 565 1184 3398 561 670 3399 560 1185 3400 557 1186 3401 560 1185 3402 559 1187 3403 557 1186 3404 559 1187 3405 558 1188 3406 557 1186 3407 557 1186 3408 556 541 3409 553 671 3410 556 541 3411 555 541 3412 553 671 3413 555 541 3414 554 541 3415 553 671 3416 573 541 3417 571 1182 3418 553 671 3419 571 1182 3420 569 669 3421 553 671 3422 569 669 3423 565 1184 3424 561 670 3425 561 670 3426 557 1186 3427 553 671 3428 599 674 3429 576 541 3430 577 1189 3431 577 1189 3432 578 1190 3433 579 1191 3434 579 1191 3435 580 1192 3436 583 672 3437 580 1192 3438 581 1193 3439 583 672 3440 581 1193 3441 582 541 3442 583 672 3443 583 672 3444 584 1194 3445 585 1195 3446 585 1195 3447 586 1196 3448 587 1197 3449 587 1197 3450 588 541 3451 589 541 3452 589 541 3453 590 541 3454 587 1197 3455 590 541 3456 591 673 3457 587 1197 3458 591 673 3459 592 541 3460 595 1198 3461 592 541 3462 593 541 3463 595 1198 3464 593 541 3465 594 541 3466 595 1198 3467 595 1198 3468 596 1199 3469 599 674 3470 596 1199 3471 597 1200 3472 599 674 3473 597 1200 3474 598 1201 3475 599 674 3476 599 674 3477 577 1189 3478 583 672 3479 577 1189 3480 579 1191 3481 583 672 3482 583 672 3483 585 1195 3484 591 673 3485 585 1195 3486 587 1197 3487 591 673 3488 591 673 3489 595 1198 3490 599 674 3491 601 676 3492 600 1202 3493 623 1203 3494 623 1203 3495 622 1204 3496 621 1205 3497 621 1205 3498 620 541 3499 619 1206 3500 619 1206 3501 618 541 3502 617 677 3503 617 677 3504 616 1207 3505 615 1208 3506 615 1208 3507 614 541 3508 617 677 3509 614 541 3510 613 1209 3511 617 677 3512 613 1209 3513 612 1210 3514 611 1211 3515 611 1211 3516 610 1212 3517 613 1209 3518 610 1212 3519 609 1213 3520 613 1209 3521 609 1213 3522 608 1214 3523 605 675 3524 608 1214 3525 607 541 3526 605 675 3527 607 541 3528 606 541 3529 605 675 3530 605 675 3531 604 1215 3532 601 676 3533 604 1215 3534 603 1216 3535 601 676 3536 603 1216 3537 602 541 3538 601 676 3539 601 676 3540 623 1203 3541 621 1205 3542 621 1205 3543 619 1206 3544 601 676 3545 619 1206 3546 617 677 3547 601 676 3548 617 677 3549 613 1209 3550 609 1213 3551 609 1213 3552 605 675 3553 617 677 3554 244 678 3555 243 177 3556 555 179 3557 391 173 3558 607 172 3559 608 680 3560 245 682 3561 244 678 3562 556 679 3563 392 681 3564 608 680 3565 609 684 3566 246 686 3567 245 682 3568 557 683 3569 393 685 3570 609 684 3571 610 688 3572 246 686 3573 558 687 3574 559 690 3575 394 689 3576 610 688 3577 611 692 3578 247 691 3579 559 690 3580 560 694 3581 395 693 3582 611 692 3583 612 696 3584 248 695 3585 560 694 3586 561 698 3587 397 700 3588 396 697 3589 612 696 3590 249 699 3591 561 698 3592 562 702 3593 398 704 3594 397 700 3595 613 701 3596 250 703 3597 562 702 3598 563 706 3599 399 708 3600 398 704 3601 614 705 3602 251 707 3603 563 706 3604 564 710 3605 400 712 3606 399 708 3607 615 709 3608 252 711 3609 564 710 3610 565 714 3611 401 716 3612 400 712 3613 616 713 3614 253 715 3615 565 714 3616 566 718 3617 402 720 3618 401 716 3619 617 717 3620 254 719 3621 566 718 3622 567 722 3623 403 724 3624 402 720 3625 618 721 3626 255 723 3627 567 722 3628 568 726 3629 404 728 3630 403 724 3631 619 725 3632 256 727 3633 568 726 3634 569 730 3635 405 732 3636 404 728 3637 620 729 3638 257 731 3639 569 730 3640 570 734 3641 406 736 3642 405 732 3643 621 733 3644 259 738 3645 258 735 3646 570 734 3647 407 740 3648 406 736 3649 622 737 3650 260 742 3651 259 738 3652 571 739 3653 384 744 3654 407 740 3655 623 741 3656 261 746 3657 260 742 3658 572 743 3659 262 748 3660 261 746 3661 573 747 3662 263 750 3663 262 748 3664 574 749 3665 240 752 3666 263 750 3667 575 751 3668 313 754 3669 577 758 3670 576 755 3671 314 757 3672 578 760 3673 577 758 3674 315 759 3675 579 762 3676 578 760 3677 316 761 3678 580 767 3679 579 762 3680 169 763 3681 529 769 3682 528 764 3683 317 766 3684 581 771 3685 580 767 3686 170 768 3687 530 773 3688 529 769 3689 318 770 3690 582 775 3691 581 771 3692 171 772 3693 531 777 3694 530 773 3695 319 774 3696 583 779 3697 582 775 3698 172 776 3699 532 781 3700 531 777 3701 320 778 3702 584 783 3703 583 779 3704 173 780 3705 533 785 3706 532 781 3707 321 782 3708 585 787 3709 584 783 3710 174 784 3711 534 789 3712 533 785 3713 322 786 3714 586 791 3715 585 787 3716 174 784 3717 175 792 3718 535 788 3719 323 790 3720 587 795 3721 586 791 3722 175 792 3723 176 796 3724 536 793 3725 324 794 3726 588 799 3727 587 795 3728 176 796 3729 177 800 3730 537 797 3731 324 794 3732 325 802 3733 589 798 3734 177 800 3735 178 804 3736 538 801 3737 325 802 3738 326 806 3739 590 803 3740 178 804 3741 179 808 3742 539 805 3743 326 806 3744 327 810 3745 591 807 3746 179 808 3747 180 812 3748 540 809 3749 327 810 3750 328 814 3751 592 811 3752 180 812 3753 181 816 3754 541 813 3755 328 814 3756 329 818 3757 593 815 3758 181 816 3759 182 820 3760 542 817 3761 329 818 3762 330 822 3763 594 819 3764 182 820 3765 183 824 3766 543 821 3767 330 822 3768 331 826 3769 595 823 3770 183 824 3771 184 828 3772 544 825 3773 331 826 3774 332 830 3775 596 827 3776 184 828 3777 185 832 3778 545 829 3779 332 830 3780 333 834 3781 597 831 3782 185 832 3783 186 837 3784 546 833 3785 333 834 3786 334 838 3787 598 835 3788 187 836 3789 547 841 3790 546 833 3791 334 838 3792 335 842 3793 599 839 3794 188 840 3795 548 844 3796 547 841 3797 335 842 3798 312 756 3799 576 755 3800 189 843 3801 549 848 3802 548 844 3803 384 744 3804 600 745 3805 601 845 3806 190 847 3807 550 852 3808 549 848 3809 385 846 3810 601 845 3811 602 849 3812 191 851 3813 551 855 3814 550 852 3815 386 850 3816 602 849 3817 603 853 3818 168 765 3819 528 764 3820 551 855 3821 387 854 3822 603 853 3823 604 856 3824 241 857 3825 240 752 3826 552 753 3827 624 858 3828 625 1217 3829 627 859 3830 648 861 3831 649 1218 3832 631 862 3833 631 864 3834 629 1219 3835 628 865 3836 651 867 3837 625 1220 3838 624 868 3839 624 868 3840 632 1220 3841 653 870 3842 649 871 3843 627 872 3844 625 872 3845 635 874 3846 634 880 3847 638 875 3848 648 861 3849 630 863 3850 635 877 3851 626 860 3852 633 882 3853 632 879 3854 630 866 3855 628 865 3856 634 880 3857 638 875 3858 643 1221 3859 642 881 3860 633 882 3861 637 892 3862 636 883 3863 632 884 3864 636 1222 3865 655 885 3866 652 878 3867 635 877 3868 639 887 3869 642 889 3870 643 1223 3871 657 890 3872 637 892 3873 640 904 3874 641 893 3875 636 894 3876 641 894 3877 657 895 3878 642 881 3879 646 1224 3880 644 897 3881 644 898 3882 646 1225 3883 659 899 3884 656 891 3885 640 913 3886 647 901 3887 637 892 3888 645 903 3889 647 903 3890 654 905 3891 639 872 3892 644 872 3893 654 905 3894 658 906 3895 645 907 3896 656 891 3897 659 902 3898 646 541 3899 658 908 3900 659 1226 3901 647 909 3902 655 896 3903 657 895 3904 643 911 3905 640 913 3906 656 891 3907 657 890 3908 652 878 3909 654 1227 3910 637 915 3911 634 917 3912 653 1228 3913 655 918 3914 648 861 3915 652 878 3916 633 916 3917 649 871 3918 651 873 3919 629 921 3920 650 922 3921 653 1229 3922 634 923 3923 629 925 3924 651 1230 3925 650 922 3926 627 926 3927 649 1218 3928 648 861 3929 660 927 3930 662 946 3931 663 928 3932 684 930 3933 666 945 3934 667 931 3935 664 933 3936 665 1231 3937 667 934 3938 660 936 3939 661 1232 3940 687 937 3941 689 936 3942 668 1233 3943 660 936 3944 685 939 3945 687 1234 3946 661 940 3947 671 941 3948 675 948 3949 674 942 3950 684 930 3951 688 954 3952 671 944 3953 668 946 3954 669 950 3955 662 946 3956 666 935 3957 671 941 3958 670 943 3959 678 947 3960 679 1235 3961 674 942 3962 672 949 3963 673 960 3964 669 950 3965 691 951 3966 672 1236 3967 668 952 3968 688 954 3969 690 1237 3970 675 955 3971 693 956 3972 679 541 3973 678 957 3974 677 959 3975 676 971 3976 673 960 3977 693 1238 3978 677 1239 3979 672 1239 3980 680 964 3981 682 1240 3982 678 947 3983 695 965 3984 682 1241 3985 680 966 3986 692 958 3987 695 1242 3988 683 968 3989 683 970 3990 681 1243 3991 673 960 3992 690 972 3993 694 1244 3994 680 973 3995 681 975 3996 694 1244 3997 690 972 3998 682 977 3999 695 1242 4000 692 958 4001 683 978 4002 695 1245 4003 694 979 4004 679 981 4005 693 961 4006 691 963 4007 676 969 4008 677 1246 4009 693 956 4010 673 983 4011 690 1247 4012 688 954 4013 670 985 4014 674 1248 4015 691 986 4016 669 984 4017 688 954 4018 684 930 4019 665 989 4020 687 1234 4021 685 939 4022 670 991 4023 689 1249 4024 686 992 4025 686 992 4026 687 1250 4027 665 992 4028 684 930 4029 685 932 4030 663 994 4031 696 995 4032 698 1016 4033 699 996 4034 720 998 4035 702 1014 4036 703 999 4037 700 1001 4038 701 1243 4039 703 1002 4040 696 1004 4041 697 1251 4042 723 1005 4043 725 1007 4044 704 1252 4045 696 1004 4046 721 1008 4047 723 1253 4048 697 1009 4049 707 1010 4050 711 1018 4051 710 1011 4052 720 998 4053 724 1024 4054 707 1013 4055 704 1015 4056 705 1020 4057 698 1016 4058 702 1003 4059 707 1010 4060 706 1012 4061 714 1017 4062 715 927 4063 710 1011 4064 708 1019 4065 709 1029 4066 705 1020 4067 727 1021 4068 708 1254 4069 704 1022 4070 724 1024 4071 726 1255 4072 711 1025 4073 729 1026 4074 715 541 4075 714 1027 4076 713 997 4077 712 1040 4078 709 1029 4079 729 1256 4080 713 1257 4081 708 1257 4082 716 1033 4083 718 1258 4084 714 1017 4085 731 1034 4086 718 1259 4087 716 1035 4088 728 1028 4089 731 1260 4090 719 1037 4091 719 1039 4092 717 1261 4093 709 1029 4094 726 1041 4095 730 1262 4096 716 1042 4097 717 1044 4098 730 1262 4099 726 1041 4100 718 1046 4101 731 1260 4102 728 1028 4103 719 1047 4104 731 1263 4105 730 1048 4106 715 1050 4107 729 1030 4108 727 1032 4109 712 1038 4110 713 1264 4111 729 1026 4112 709 1052 4113 726 1265 4114 724 1024 4115 706 1054 4116 710 1266 4117 727 1055 4118 705 1053 4119 724 1024 4120 720 998 4121 701 1058 4122 723 1253 4123 721 1008 4124 706 1060 4125 725 1267 4126 722 1061 4127 722 1061 4128 723 1268 4129 701 1063 4130 720 998 4131 721 1000 4132 699 1064 4133 732 1065 4134 733 1269 4135 735 1066 4136 756 1068 4137 757 1270 4138 739 1069 4139 739 1071 4140 737 1271 4141 736 1072 4142 759 1074 4143 733 1272 4144 732 1075 4145 732 1075 4146 740 1273 4147 761 1077 4148 757 1078 4149 735 872 4150 733 872 4151 743 1080 4152 742 1086 4153 746 1081 4154 756 1068 4155 738 1070 4156 743 1083 4157 734 1067 4158 741 1087 4159 740 1085 4160 738 1073 4161 736 1072 4162 742 1086 4163 746 1081 4164 751 1274 4165 750 858 4166 741 1087 4167 745 1097 4168 744 1088 4169 740 1089 4170 744 1275 4171 763 1090 4172 760 1084 4173 743 1083 4174 747 1092 4175 750 1094 4176 751 1118 4177 765 1095 4178 745 1097 4179 748 1098 4180 749 1098 4181 744 1099 4182 749 1276 4183 765 1100 4184 750 858 4185 754 1277 4186 752 1102 4187 752 1103 4188 754 1278 4189 767 1104 4190 764 1096 4191 748 1117 4192 755 1106 4193 745 1097 4194 753 1279 4195 755 1108 4196 762 1109 4197 747 872 4198 752 872 4199 762 1109 4200 766 1110 4201 753 1111 4202 764 1096 4203 767 1107 4204 754 541 4205 766 1112 4206 767 1280 4207 755 1113 4208 763 1101 4209 765 1100 4210 751 1115 4211 748 1117 4212 764 1096 4213 765 1095 4214 760 1084 4215 762 1281 4216 745 1119 4217 742 1121 4218 761 1282 4219 763 1122 4220 756 1068 4221 760 1084 4222 741 1120 4223 757 1078 4224 759 1079 4225 737 1125 4226 758 1126 4227 761 1283 4228 742 1127 4229 737 1129 4230 759 1284 4231 758 1126 4232 735 1130 4233 757 1270 4234 756 1068 4235 771 1285 4236 772 1286 4237 777 1287 4238 768 1288 4239 769 1289 4240 774 1290 4241 769 1289 4242 770 1291 4243 775 1292 4244 770 1291 4245 771 1285 4246 776 1293 4247 774 1294 4248 775 1295 4249 780 1296 4250 774 1294 4251 779 1297 4252 778 1298 4253 776 1299 4254 777 1300 4255 782 1301 4256 776 1299 4257 781 1302 4258 780 1296 4259 771 1285 4260 777 1287 4261 776 1293 4262 768 1288 4263 774 1290 4264 773 1303 4265 769 1289 4266 775 1292 4267 774 1290 4268 770 1291 4269 776 1293 4270 775 1292 4271 774 1294 4272 780 1296 4273 779 1297 4274 774 1294 4275 778 1298 4276 773 1304 4277 776 1299 4278 782 1301 4279 781 1302 4280 776 1299 4281 780 1296 4282 775 1295 4283 778 1305 4284 793 1306 4285 790 1307 4286 781 1308 4287 792 1309 4288 780 1310 4289 778 1311 4290 786 1312 4291 773 1313 4292 768 1314 4293 787 1315 4294 769 1316 4295 769 1316 4296 791 1317 4297 770 1318 4298 772 1319 4299 794 1320 4300 783 1321 4301 782 1322 4302 784 1323 4303 789 1324 4304 772 1325 4305 784 1326 4306 777 1327 4307 771 1328 4308 791 1317 4309 794 1320 4310 779 1329 4311 792 1309 4312 793 1306 4313 782 1330 4314 788 1331 4315 781 1308 4316 768 1332 4317 786 1333 4318 785 1334 4319 778 1305 4320 779 1329 4321 793 1306 4322 781 1308 4323 788 1331 4324 792 1309 4325 778 1311 4326 790 1335 4327 786 1312 4328 768 1314 4329 785 1336 4330 787 1315 4331 769 1316 4332 787 1315 4333 791 1317 4334 772 1319 4335 771 1328 4336 794 1320 4337 782 1322 4338 777 1337 4339 784 1323 4340 772 1325 4341 783 1338 4342 784 1326 4343 771 1328 4344 770 1318 4345 791 1317 4346 779 1329 4347 780 1310 4348 792 1309 4349 782 1330 4350 789 1339 4351 788 1331 4352 768 1332 4353 773 1340 4354 786 1333 4355</p>
        </triangles>
      </mesh>
    </geometry>
  </library_geometries>
  <library_visual_scenes>
    <visual_scene id="Scene" name="Scene">
      <node id="drop_pod" name="drop_pod" type="NODE">
        <matrix sid="transform">1 0 0 0 0 1 0 0 0 0 1 0 0 0 0 1</matrix>
        <instance_geometry url="#Cylinder_001-mesh" name="drop_pod">
          <bind_material>
            <technique_common>
              <instance_material symbol="Material_001-material" target="#Material_001-material">
                <bind_vertex_input semantic="Cylinder_001-mesh-map-0" input_semantic="TEXCOORD" input_set="0"/>
              </instance_material>
            </technique_common>
          </bind_material>
        </instance_geometry>
        <node id="prop_turbo_01" name="prop_turbo_01" type="NODE">
          <matrix sid="transform">1.693599 0 0 0 0 1.693599 0 2.126413 0 0 1.693599 0.1102766 0 0 0 1</matrix>
        </node>
        <node id="prop_turbo_02" name="prop_turbo_02" type="NODE">
          <matrix sid="transform">1.693599 0 0 2.227671 0 1.693599 0 -0.0288887 0 0 1.693599 0.1102766 0 0 0 1</matrix>
        </node>
        <node id="prop_turbo_03" name="prop_turbo_03" type="NODE">
          <matrix sid="transform">1.693599 0 0 0 0 1.693599 0 -1.996258 0 0 1.693599 0.1102766 0 0 0 1</matrix>
        </node>
        <node id="prop_turbo_04" name="prop_turbo_04" type="NODE">
          <matrix sid="transform">5.31648e-7 -1.693599 0 -2.856952 1.693599 5.31648e-7 0 3.83597e-6 0 0 1.693599 0.1102766 0 0 0 1</matrix>
        </node>
        <node id="prop_turbo_05" name="prop_turbo_05" type="NODE">
          <matrix sid="transform">2.02523e-7 -0.645148 0 0 0.645148 2.02523e-7 0 1.53815e-6 0 0 0.645148 0.4934218 0 0 0 1</matrix>
        </node>
      </node>
    </visual_scene>
  </library_visual_scenes>
  <scene>
    <instance_visual_scene url="#Scene"/>
  </scene>
</COLLADA>