<?xml version="1.0" encoding="utf-8"?>
<COLLADA xmlns="http://www.collada.org/2005/11/COLLADASchema" version="1.4.1" xmlns:xsi="http://www.w3.org/2001/XMLSchema-instance">
  <asset>
    <contributor>
      <author>Blender User</author>
      <authoring_tool>Blender 4.3.1 commit date:2024-12-10, commit time:07:46, hash:33d812126174</authoring_tool>
    </contributor>
    <created>2026-09-07T21:35:10</created>
    <modified>2026-09-07T21:35:10</modified>
    <unit name="meter" meter="1"/>
    <up_axis>Z_UP</up_axis>
  </asset>
  <library_effects>
    <effect id="Material-effect">
      <profile_COMMON>
        <newparam sid="mcc_vec_01_png-surface">
          <surface type="2D">
            <init_from>mcc_vec_01_png</init_from>
          </surface>
        </newparam>
        <newparam sid="mcc_vec_01_png-sampler">
          <sampler2D>
            <source>mcc_vec_01_png-surface</source>
          </sampler2D>
        </newparam>
        <technique sid="common">
          <lambert>
            <emission>
              <color sid="emission">0 0 0 1</color>
            </emission>
            <diffuse>
              <texture texture="mcc_vec_01_png-sampler" texcoord="UVMap"/>
            </diffuse>
            <index_of_refraction>
              <float sid="ior">1.45</float>
            </index_of_refraction>
          </lambert>
        </technique>
      </profile_COMMON>
    </effect>
  </library_effects>
  <library_images>
    <image id="mcc_vec_01_png" name="mcc_vec_01_png">
      <init_from>/home/welton/Downloads/mcc_vec_01.png</init_from>
    </image>
  </library_images>
  <library_materials>
    <material id="Material-material" name="Material">
      <instance_effect url="#Material-effect"/>
    </material>
  </library_materials>
  <library_geometries>
    <geometry id="Cube_010-mesh" name="Cube.010">
      <mesh>
        <source id="Cube_010-mesh-positions">
          <float_array id="Cube_010-mesh-positions-array" count="2808">0.3323953 -0.747946 0.1909472 0.3323953 -0.747946 0.2344417 0.3323953 0.5087642 0.194666 0.3323953 0.5087642 0.2877813 0.3323953 0.3775125 0.3443747 0.3323953 0.2167327 0.3608097 0.3323953 0.0559529 0.3608097 0.3323953 -0.1048269 0.3608097 0.3323953 -0.2656067 0.349853 0.3323953 -0.4263865 0.3356503 0.3323953 -0.5871662 0.3027804 0.3323953 0.4538829 0.3359636 0.1711453 0.5087642 0.1764627 0.1711453 0.5087642 0.2877813 0.1711453 -0.747946 0.1909472 0.1711453 -0.747946 0.240427 0.1711453 0.3775125 0.3443747 0.1711453 0.2167327 0.3608097 0.1711453 0.0559529 0.3608097 0.1711453 -0.1048269 0.3608097 0.1711453 -0.2656067 0.349853 0.1711453 -0.4263865 0.3416355 0.1711453 -0.5871662 0.3087656 0.1711453 0.3775125 0.0550459 0.1711453 0.2167327 0.0550459 0.1711453 0.0559529 0.0550459 0.1711453 -0.1048269 0.0550459 0.1711453 -0.2656067 0.0550459 0.1711453 -0.4263865 0.0550459 0.1711453 -0.5871662 0.0550459 0.1711453 0.4538829 0.1196522 0.1711453 0.4538829 0.3359636 0.3323953 0.5087642 0.2249146 0.3323953 -0.747946 0.2249146 0.3323953 0.3775125 0.2249146 0.3323953 0.2167327 0.2249146 0.3323953 0.0559529 0.2249146 0.3323953 -0.1048269 0.2249146 0.3323953 -0.2656067 0.2249146 0.3323953 -0.4263865 0.2249146 0.3323953 -0.5871662 0.2249146 0.3323953 0.4538829 0.2249146 0.1711453 -0.747946 0.2249146 0.1711453 0.5087642 0.2249146 0.2517703 0.5087642 0.2877813 0.2517703 -0.747946 0.1909472 0.2517703 0.3775125 0.3443747 0.2517703 0.2167327 0.3608097 0.2517703 0.0559529 0.3608097 0.2517703 -0.1048269 0.3608097 0.2517703 -0.2656067 0.349853 0.2517703 -0.4263865 0.3356503 0.2517703 0.4538829 0.3359636 0.2517703 0.5087642 0.1764627 0.2517703 -0.747946 0.2344417 0.2517703 0.3775125 0.1034344 0.2517703 0.2167327 0.1034344 0.2517703 0.0559529 0.1034344 0.2517703 -0.1048269 0.1034344 0.2517703 -0.2656067 0.1034344 0.2517703 -0.4263865 0.1034344 0.2517703 -0.5871662 0.1034344 0.2517703 0.4538829 0.1196522 0.2517703 -0.747946 0.2249146 0.2517703 0.5087642 0.2249146 0.2517703 0.5087642 0.194666 2.86575e-4 0.5087642 0.1764627 2.86575e-4 0.5087642 0.2877813 2.86575e-4 -0.747946 0.1909472 2.86575e-4 -0.747946 0.240427 2.86575e-4 0.3775125 0.3443747 2.86575e-4 0.2167327 0.3608097 2.86575e-4 0.0559529 0.3608097 2.86575e-4 -0.1048269 0.3608097 2.86575e-4 -0.2656067 0.349853 2.86575e-4 -0.4263865 0.3416355 2.86575e-4 -0.5871662 0.3087656 2.86575e-4 0.3775125 0.0550459 2.86575e-4 0.2167327 0.0550459 2.86575e-4 0.0559529 0.0550459 2.86575e-4 -0.1048269 0.0550459 2.86575e-4 -0.2656067 0.0550459 2.86575e-4 -0.4263865 0.0550459 2.86575e-4 -0.5871662 0.0550459 2.86575e-4 0.4538829 0.1196522 2.86575e-4 0.4538829 0.3359636 2.86575e-4 0.5087642 0.2249146 2.86575e-4 -0.747946 0.2249146 0.2463431 0.3890134 0.3546297 0.2463431 0.2939816 0.407008 0.07548433 0.3890134 0.3546297 0.07548433 0.2939816 0.407008 0.07548433 0.3775125 0.2899263 0.2463431 0.3775125 0.2899263 0.07548433 0.2167327 0.3423047 0.2463431 0.2167327 0.3423047 0.3323953 0.5087642 0.194666 0.3323953 0.5087642 0.2249146 0.3323953 0.4538829 0.2249146 -0.2511971 0.5087642 0.1764627 -0.2511971 0.3775125 0.1034344 -0.2511971 0.2167327 0.1034344 -0.2511971 0.0559529 0.1034344 -0.2511971 -0.1048269 0.1034344 -0.2511971 -0.2656067 0.1034344 -0.2511971 -0.4263865 0.1034344 -0.2511971 -0.5871662 0.1034344 -0.2511971 0.4538829 0.1196522 -0.2511971 -0.747946 0.1909472 -0.2511971 0.5087642 0.2249146 -0.2511971 0.5087642 0.2249146 -0.2511971 -0.747946 0.2249146 -0.3318221 -0.747946 0.2249146 -0.3318221 0.5087642 0.2249146 -0.3318221 -0.5871662 0.2249146 -0.3318221 -0.4263865 0.2249146 -0.3318221 -0.2656067 0.2249146 -0.3318221 -0.1048269 0.2249146 -0.3318221 0.0559529 0.2249146 -0.3318221 0.2167327 0.2249146 -0.3318221 0.3775125 0.2249146 -0.3318221 0.4538829 0.2249146 0.1642416 -0.747946 0.2420114 0.1642416 -0.747946 0.2238426 0.2586739 -0.747946 0.2350012 0.2586739 -0.747946 0.2238426 0.2586739 -0.7590625 0.2394811 0.1642416 -0.7590625 0.254698 0.1642416 -0.7590625 0.2152593 0.2586739 -0.7590625 0.2152593 2.86575e-4 0.5144639 0.2249146 2.86575e-4 0.5122658 0.2858273 2.86575e-4 0.5144639 0.2825047 0.1682491 0.5122825 0.2858179 0.1645671 0.5144639 0.2825047 0.1645671 0.5144639 0.2249146 0.1682415 0.5122917 0.2249146 0.1682491 0.5122825 0.1784261 0.1645671 0.5144639 0.1817393 2.86575e-4 0.5144639 0.1817393 2.86575e-4 0.5122658 0.1784167 -0.3318221 -0.747946 0.1909472 -0.3318221 -0.747946 0.2344417 -0.3318221 0.5087642 0.194666 -0.3318221 0.5087642 0.2877813 -0.3318221 0.3775125 0.3443747 -0.3318221 0.2167327 0.3608097 -0.3318221 0.0559529 0.3608097 -0.3318221 -0.1048269 0.3608097 -0.3318221 -0.2656067 0.349853 -0.3318221 -0.4263865 0.3356503 -0.3318221 -0.5871662 0.3027804 -0.3318221 0.4538829 0.3359636 -0.1705721 0.5087642 0.1764627 -0.1705721 0.5087642 0.2877813 -0.1705721 -0.747946 0.1909472 -0.1705721 -0.747946 0.240427 -0.1705721 0.3775125 0.3443747 -0.1705721 0.2167327 0.3608097 -0.1705721 0.0559529 0.3608097 -0.1705721 -0.1048269 0.3608097 -0.1705721 -0.2656067 0.349853 -0.1705721 -0.4263865 0.3416355 -0.1705721 -0.5871662 0.3087656 -0.1705721 0.3775125 0.0550459 -0.1705721 0.2167327 0.0550459 -0.1705721 0.0559529 0.0550459 -0.1705721 -0.1048269 0.0550459 -0.1705721 -0.2656067 0.0550459 -0.1705721 -0.4263865 0.0550459 -0.1705721 -0.5871662 0.0550459 -0.1705721 0.4538829 0.1196522 -0.1705721 0.4538829 0.3359636 -0.3318221 0.5087642 0.2249146 -0.3318221 -0.747946 0.2249146 -0.3318221 0.3775125 0.2249146 -0.3318221 0.2167327 0.2249146 -0.3318221 0.0559529 0.2249146 -0.3318221 -0.1048269 0.2249146 -0.3318221 -0.2656067 0.2249146 -0.3318221 -0.4263865 0.2249146 -0.3318221 -0.5871662 0.2249146 -0.3318221 0.4538829 0.2249146 -0.1705721 -0.747946 0.2249146 -0.1705721 0.5087642 0.2249146 -0.2511971 0.5087642 0.2877813 -0.2511971 -0.747946 0.1909472 -0.2511971 0.3775125 0.3443747 -0.2511971 0.2167327 0.3608097 -0.2511971 0.0559529 0.3608097 -0.2511971 -0.1048269 0.3608097 -0.2511971 -0.2656067 0.349853 -0.2511971 -0.4263865 0.3356503 -0.2511971 0.4538829 0.3359636 -0.2511971 0.5087642 0.1764627 -0.2511971 -0.747946 0.2344417 -0.2511971 0.3775125 0.1034344 -0.2511971 0.2167327 0.1034344 -0.2511971 0.0559529 0.1034344 -0.2511971 -0.1048269 0.1034344 -0.2511971 -0.2656067 0.1034344 -0.2511971 -0.4263865 0.1034344 -0.2511971 -0.5871662 0.1034344 -0.2511971 0.4538829 0.1196522 -0.2511971 -0.747946 0.2249146 -0.2511971 0.5087642 0.2249146 -0.2511971 0.5087642 0.194666 -0.2457699 0.3890134 0.3546297 -0.2457699 0.2939816 0.407008 -0.07491117 0.3890134 0.3546297 -0.07491117 0.2939816 0.407008 -0.07491117 0.3775125 0.2899263 -0.2457699 0.3775125 0.2899263 -0.07491117 0.2167327 0.3423047 -0.2457699 0.2167327 0.3423047 -0.3318221 0.5087642 0.194666 -0.3318221 0.5087642 0.2249146 -0.3318221 0.4538829 0.2249146 0.2517703 0.5087642 0.1764627 0.2517703 0.3775125 0.1034344 0.2517703 0.2167327 0.1034344 0.2517703 0.0559529 0.1034344 0.2517703 -0.1048269 0.1034344 0.2517703 -0.2656067 0.1034344 0.2517703 -0.4263865 0.1034344 0.2517703 -0.5871662 0.1034344 0.2517703 0.4538829 0.1196522 0.2517703 -0.747946 0.1909472 0.2517703 0.5087642 0.2249146 0.2517703 0.5087642 0.2249146 0.2517703 -0.747946 0.2249146 0.3323953 -0.747946 0.2249146 0.3323953 0.5087642 0.2249146 0.3323953 -0.5871662 0.2249146 0.3323953 -0.4263865 0.2249146 0.3323953 -0.2656067 0.2249146 0.3323953 -0.1048269 0.2249146 0.3323953 0.0559529 0.2249146 0.3323953 0.2167327 0.2249146 0.3323953 0.3775125 0.2249146 0.3323953 0.4538829 0.2249146 -0.1636685 -0.747946 0.2420114 -0.1636685 -0.747946 0.2238426 -0.2581008 -0.747946 0.2350012 -0.2581008 -0.747946 0.2238426 -0.2581008 -0.7590625 0.2394811 -0.1636685 -0.7590625 0.254698 -0.1636685 -0.7590625 0.2152593 -0.2581008 -0.7590625 0.2152593 -0.167676 0.5122825 0.2858179 -0.163994 0.5144639 0.2825047 -0.163994 0.5144639 0.2249146 -0.1676684 0.5122917 0.2249146 -0.167676 0.5122825 0.1784261 -0.163994 0.5144639 0.1817393 0.285871 8.35055e-4 0.2089031 0.3429629 8.35075e-4 0.208903 0.285871 0.03939801 0.2012324 0.3429629 0.03939801 0.2012324 0.285871 0.07209002 0.1793882 0.3429629 0.07209002 0.1793882 0.285871 0.09393417 0.1466962 0.3429629 0.09393417 0.1466962 0.285871 0.1016049 0.1081333 0.3429629 0.1016049 0.1081333 0.285871 0.09393417 0.0695703 0.3429629 0.09393417 0.0695703 0.285871 0.07209002 0.03687828 0.3429629 0.07209008 0.03687822 0.285871 0.03939801 0.01503413 0.3429629 0.03939801 0.01503413 0.285871 8.35055e-4 0.007363438 0.3429629 8.35072e-4 0.007363438 0.285871 -0.03772783 0.01503413 0.3429629 -0.03772783 0.01503413 0.285871 -0.0704199 0.03687828 0.3429629 -0.0704199 0.03687822 0.285871 -0.09226405 0.0695703 0.3429629 -0.09226405 0.0695703 0.285871 -0.09993475 0.1081333 0.3429629 -0.09993475 0.1081333 0.285871 -0.09226405 0.1466962 0.3429629 -0.09226405 0.1466962 0.285871 -0.0704199 0.1793882 0.3429629 -0.0704199 0.1793882 0.285871 -0.03772783 0.2012324 0.3429629 -0.03772783 0.2012324 0.3429629 8.35075e-4 0.208903 0.3429629 0.03939801 0.2012324 0.3429629 0.07209002 0.1793882 0.3429629 0.09393417 0.1466962 0.3429629 0.1016049 0.1081333 0.3429629 0.09393417 0.0695703 0.3429629 0.07209008 0.03687822 0.3429629 0.03939801 0.01503413 0.3429629 8.35072e-4 0.007363438 0.3429629 -0.03772783 0.01503413 0.3429629 -0.0704199 0.03687822 0.3429629 -0.09226405 0.0695703 0.3429629 -0.09993475 0.1081333 0.3429629 -0.09226405 0.1466962 0.3429629 -0.0704199 0.1793882 0.3429629 -0.03772783 0.2012324 0.3429629 0.02790665 0.1734899 0.3429629 8.35075e-4 0.1788747 0.3429629 0.05085682 0.158155 0.3429629 0.06619167 0.1352049 0.3429629 0.07157659 0.1081333 0.3429629 0.06619167 0.08106166 0.3429629 0.05085682 0.05811148 0.3429629 0.02790665 0.04277664 0.3429629 8.35072e-4 0.03739172 0.3429629 -0.02623647 0.04277664 0.3429629 -0.0491867 0.05811148 0.3429629 -0.06452149 0.08106166 0.3429629 -0.06990641 0.1081333 0.3429629 -0.06452149 0.1352049 0.3429629 -0.0491867 0.158155 0.3429629 -0.02623647 0.1734899 0.3401098 0.02790665 0.1734899 0.3401098 8.35075e-4 0.1788747 0.3401098 0.05085682 0.158155 0.3401098 0.06619167 0.1352049 0.3401098 0.07157659 0.1081333 0.3401098 0.06619167 0.08106166 0.3401098 0.05085682 0.05811148 0.3401098 0.02790665 0.04277664 0.3401098 8.35072e-4 0.03739172 0.3401098 -0.02623647 0.04277664 0.3401098 -0.0491867 0.05811148 0.3401098 -0.06452149 0.08106166 0.3401098 -0.06990641 0.1081333 0.3401098 -0.06452149 0.1352049 0.3401098 -0.0491867 0.158155 0.3401098 -0.02623647 0.1734899 0.285871 8.35055e-4 0.2089031 0.285871 0.03939801 0.2012324 0.285871 0.07209002 0.1793882 0.285871 0.09393417 0.1466962 0.285871 0.1016049 0.1081333 0.285871 0.09393417 0.0695703 0.285871 0.07209002 0.03687828 0.285871 0.03939801 0.01503413 0.285871 8.35055e-4 0.007363438 0.285871 -0.03772783 0.01503413 0.285871 -0.0704199 0.03687828 0.285871 -0.09226405 0.0695703 0.285871 -0.09993475 0.1081333 0.285871 -0.09226405 0.1466962 0.285871 -0.0704199 0.1793882 0.285871 -0.03772783 0.2012324 0.285871 0.3015899 0.2089031 0.3429629 0.3015899 0.208903 0.285871 0.3401529 0.2012324 0.3429629 0.3401529 0.2012324 0.285871 0.3728449 0.1793882 0.3429629 0.3728449 0.1793882 0.285871 0.394689 0.1466962 0.3429629 0.394689 0.1466962 0.285871 0.4023597 0.1081333 0.3429629 0.4023597 0.1081333 0.285871 0.394689 0.0695703 0.3429629 0.394689 0.0695703 0.285871 0.3728449 0.03687828 0.3429629 0.3728449 0.03687822 0.285871 0.3401529 0.01503413 0.3429629 0.3401529 0.01503413 0.285871 0.3015899 0.007363438 0.3429629 0.3015899 0.007363438 0.285871 0.263027 0.01503413 0.3429629 0.263027 0.01503413 0.285871 0.2303349 0.03687828 0.3429629 0.2303349 0.03687822 0.285871 0.2084907 0.0695703 0.3429629 0.2084907 0.0695703 0.285871 0.20082 0.1081333 0.3429629 0.20082 0.1081333 0.285871 0.2084907 0.1466962 0.3429629 0.2084907 0.1466962 0.285871 0.2303349 0.1793882 0.3429629 0.2303349 0.1793882 0.285871 0.263027 0.2012324 0.3429629 0.263027 0.2012324 0.3429629 0.3015899 0.208903 0.3429629 0.3401529 0.2012324 0.3429629 0.3728449 0.1793882 0.3429629 0.394689 0.1466962 0.3429629 0.4023597 0.1081333 0.3429629 0.394689 0.0695703 0.3429629 0.3728449 0.03687822 0.3429629 0.3401529 0.01503413 0.3429629 0.3015899 0.007363438 0.3429629 0.263027 0.01503413 0.3429629 0.2303349 0.03687822 0.3429629 0.2084907 0.0695703 0.3429629 0.20082 0.1081333 0.3429629 0.2084907 0.1466962 0.3429629 0.2303349 0.1793882 0.3429629 0.263027 0.2012324 0.3429629 0.3286615 0.1734899 0.3429629 0.3015899 0.1788747 0.3429629 0.3516117 0.158155 0.3429629 0.3669465 0.1352049 0.3429629 0.3723314 0.1081333 0.3429629 0.3669465 0.08106166 0.3429629 0.3516117 0.05811148 0.3429629 0.3286615 0.04277664 0.3429629 0.3015899 0.03739172 0.3429629 0.2745183 0.04277664 0.3429629 0.2515681 0.05811148 0.3429629 0.2362332 0.08106166 0.3429629 0.2308483 0.1081333 0.3429629 0.2362332 0.1352049 0.3429629 0.2515681 0.158155 0.3429629 0.2745183 0.1734899 0.3401098 0.3286615 0.1734899 0.3401098 0.3015899 0.1788747 0.3401098 0.3516117 0.158155 0.3401098 0.3669465 0.1352049 0.3401098 0.3723314 0.1081333 0.3401098 0.3669465 0.08106166 0.3401098 0.3516117 0.05811148 0.3401098 0.3286615 0.04277664 0.3401098 0.3015899 0.03739172 0.3401098 0.2745183 0.04277664 0.3401098 0.2515681 0.05811148 0.3401098 0.2362332 0.08106166 0.3401098 0.2308483 0.1081333 0.3401098 0.2362332 0.1352049 0.3401098 0.2515681 0.158155 0.3401098 0.2745183 0.1734899 0.285871 0.3015899 0.2089031 0.285871 0.3401529 0.2012324 0.285871 0.3728449 0.1793882 0.285871 0.394689 0.1466962 0.285871 0.4023597 0.1081333 0.285871 0.394689 0.0695703 0.285871 0.3728449 0.03687828 0.285871 0.3401529 0.01503413 0.285871 0.3015899 0.007363438 0.285871 0.263027 0.01503413 0.285871 0.2303349 0.03687828 0.285871 0.2084907 0.0695703 0.285871 0.20082 0.1081333 0.285871 0.2084907 0.1466962 0.285871 0.2303349 0.1793882 0.285871 0.263027 0.2012324 0.285871 -0.4876739 0.2089031 0.3429629 -0.4876739 0.208903 0.285871 -0.4491109 0.2012324 0.3429629 -0.4491109 0.2012324 0.285871 -0.4164189 0.1793882 0.3429629 -0.4164189 0.1793882 0.285871 -0.3945748 0.1466962 0.3429629 -0.3945748 0.1466962 0.285871 -0.3869041 0.1081333 0.3429629 -0.3869041 0.1081333 0.285871 -0.3945748 0.0695703 0.3429629 -0.3945748 0.0695703 0.285871 -0.4164189 0.03687828 0.3429629 -0.4164189 0.03687822 0.285871 -0.4491109 0.01503413 0.3429629 -0.4491109 0.01503413 0.285871 -0.4876739 0.007363438 0.3429629 -0.4876739 0.007363438 0.285871 -0.5262369 0.01503413 0.3429629 -0.5262369 0.01503413 0.285871 -0.5589289 0.03687828 0.3429629 -0.5589289 0.03687822 0.285871 -0.580773 0.0695703 0.3429629 -0.580773 0.0695703 0.285871 -0.5884438 0.1081333 0.3429629 -0.5884438 0.1081333 0.285871 -0.580773 0.1466962 0.3429629 -0.580773 0.1466962 0.285871 -0.5589289 0.1793882 0.3429629 -0.5589289 0.1793882 0.285871 -0.5262369 0.2012324 0.3429629 -0.5262369 0.2012324 0.3429629 -0.4876739 0.208903 0.3429629 -0.4491109 0.2012324 0.3429629 -0.4164189 0.1793882 0.3429629 -0.3945748 0.1466962 0.3429629 -0.3869041 0.1081333 0.3429629 -0.3945748 0.0695703 0.3429629 -0.4164189 0.03687822 0.3429629 -0.4491109 0.01503413 0.3429629 -0.4876739 0.007363438 0.3429629 -0.5262369 0.01503413 0.3429629 -0.5589289 0.03687822 0.3429629 -0.580773 0.0695703 0.3429629 -0.5884438 0.1081333 0.3429629 -0.580773 0.1466962 0.3429629 -0.5589289 0.1793882 0.3429629 -0.5262369 0.2012324 0.3429629 -0.4606023 0.1734899 0.3429629 -0.4876739 0.1788747 0.3429629 -0.4376522 0.158155 0.3429629 -0.4223173 0.1352049 0.3429629 -0.4169324 0.1081333 0.3429629 -0.4223173 0.08106166 0.3429629 -0.4376522 0.05811148 0.3429629 -0.4606023 0.04277664 0.3429629 -0.4876739 0.03739172 0.3429629 -0.5147455 0.04277664 0.3429629 -0.5376957 0.05811148 0.3429629 -0.5530305 0.08106166 0.3429629 -0.5584154 0.1081333 0.3429629 -0.5530305 0.1352049 0.3429629 -0.5376957 0.158155 0.3429629 -0.5147455 0.1734899 0.3401098 -0.4606023 0.1734899 0.3401098 -0.4876739 0.1788747 0.3401098 -0.4376522 0.158155 0.3401098 -0.4223173 0.1352049 0.3401098 -0.4169324 0.1081333 0.3401098 -0.4223173 0.08106166 0.3401098 -0.4376522 0.05811148 0.3401098 -0.4606023 0.04277664 0.3401098 -0.4876739 0.03739172 0.3401098 -0.5147455 0.04277664 0.3401098 -0.5376957 0.05811148 0.3401098 -0.5530305 0.08106166 0.3401098 -0.5584154 0.1081333 0.3401098 -0.5530305 0.1352049 0.3401098 -0.5376957 0.158155 0.3401098 -0.5147455 0.1734899 0.285871 -0.4876739 0.2089031 0.285871 -0.4491109 0.2012324 0.285871 -0.4164189 0.1793882 0.285871 -0.3945748 0.1466962 0.285871 -0.3869041 0.1081333 0.285871 -0.3945748 0.0695703 0.285871 -0.4164189 0.03687828 0.285871 -0.4491109 0.01503413 0.285871 -0.4876739 0.007363438 0.285871 -0.5262369 0.01503413 0.285871 -0.5589289 0.03687828 0.285871 -0.580773 0.0695703 0.285871 -0.5884438 0.1081333 0.285871 -0.580773 0.1466962 0.285871 -0.5589289 0.1793882 0.285871 -0.5262369 0.2012324 -0.285683 8.35055e-4 0.2089031 -0.3427749 8.35075e-4 0.208903 -0.285683 0.03939801 0.2012324 -0.3427749 0.03939801 0.2012324 -0.285683 0.07209002 0.1793882 -0.3427749 0.07209002 0.1793882 -0.285683 0.09393417 0.1466962 -0.3427749 0.09393417 0.1466962 -0.285683 0.1016049 0.1081333 -0.3427749 0.1016049 0.1081333 -0.285683 0.09393417 0.0695703 -0.3427749 0.09393417 0.0695703 -0.285683 0.07209002 0.03687828 -0.3427749 0.07209008 0.03687822 -0.285683 0.03939801 0.01503413 -0.3427749 0.03939801 0.01503413 -0.285683 8.35055e-4 0.007363438 -0.3427749 8.35072e-4 0.007363438 -0.285683 -0.03772783 0.01503413 -0.3427749 -0.03772783 0.01503413 -0.285683 -0.0704199 0.03687828 -0.3427749 -0.0704199 0.03687822 -0.285683 -0.09226405 0.0695703 -0.3427749 -0.09226405 0.0695703 -0.285683 -0.09993475 0.1081333 -0.3427749 -0.09993475 0.1081333 -0.285683 -0.09226405 0.1466962 -0.3427749 -0.09226405 0.1466962 -0.285683 -0.0704199 0.1793882 -0.3427749 -0.0704199 0.1793882 -0.285683 -0.03772783 0.2012324 -0.3427749 -0.03772783 0.2012324 -0.3427749 8.35075e-4 0.208903 -0.3427749 0.03939801 0.2012324 -0.3427749 0.07209002 0.1793882 -0.3427749 0.09393417 0.1466962 -0.3427749 0.1016049 0.1081333 -0.3427749 0.09393417 0.0695703 -0.3427749 0.07209008 0.03687822 -0.3427749 0.03939801 0.01503413 -0.3427749 8.35072e-4 0.007363438 -0.3427749 -0.03772783 0.01503413 -0.3427749 -0.0704199 0.03687822 -0.3427749 -0.09226405 0.0695703 -0.3427749 -0.09993475 0.1081333 -0.3427749 -0.09226405 0.1466962 -0.3427749 -0.0704199 0.1793882 -0.3427749 -0.03772783 0.2012324 -0.3427749 0.02790665 0.1734899 -0.3427749 8.35075e-4 0.1788747 -0.3427749 0.05085682 0.158155 -0.3427749 0.06619167 0.1352049 -0.3427749 0.07157659 0.1081333 -0.3427749 0.06619167 0.08106166 -0.3427749 0.05085682 0.05811148 -0.3427749 0.02790665 0.04277664 -0.3427749 8.35072e-4 0.03739172 -0.3427749 -0.02623647 0.04277664 -0.3427749 -0.0491867 0.05811148 -0.3427749 -0.06452149 0.08106166 -0.3427749 -0.06990641 0.1081333 -0.3427749 -0.06452149 0.1352049 -0.3427749 -0.0491867 0.158155 -0.3427749 -0.02623647 0.1734899 -0.3399218 0.02790665 0.1734899 -0.3399218 8.35075e-4 0.1788747 -0.3399218 0.05085682 0.158155 -0.3399218 0.06619167 0.1352049 -0.3399218 0.07157659 0.1081333 -0.3399218 0.06619167 0.08106166 -0.3399218 0.05085682 0.05811148 -0.3399218 0.02790665 0.04277664 -0.3399218 8.35072e-4 0.03739172 -0.3399218 -0.02623647 0.04277664 -0.3399218 -0.0491867 0.05811148 -0.3399218 -0.06452149 0.08106166 -0.3399218 -0.06990641 0.1081333 -0.3399218 -0.06452149 0.1352049 -0.3399218 -0.0491867 0.158155 -0.3399218 -0.02623647 0.1734899 -0.285683 8.35055e-4 0.2089031 -0.285683 0.03939801 0.2012324 -0.285683 0.07209002 0.1793882 -0.285683 0.09393417 0.1466962 -0.285683 0.1016049 0.1081333 -0.285683 0.09393417 0.0695703 -0.285683 0.07209002 0.03687828 -0.285683 0.03939801 0.01503413 -0.285683 8.35055e-4 0.007363438 -0.285683 -0.03772783 0.01503413 -0.285683 -0.0704199 0.03687828 -0.285683 -0.09226405 0.0695703 -0.285683 -0.09993475 0.1081333 -0.285683 -0.09226405 0.1466962 -0.285683 -0.0704199 0.1793882 -0.285683 -0.03772783 0.2012324 -0.285683 0.3015899 0.2089031 -0.3427749 0.3015899 0.208903 -0.285683 0.3401529 0.2012324 -0.3427749 0.3401529 0.2012324 -0.285683 0.3728449 0.1793882 -0.3427749 0.3728449 0.1793882 -0.285683 0.394689 0.1466962 -0.3427749 0.394689 0.1466962 -0.285683 0.4023597 0.1081333 -0.3427749 0.4023597 0.1081333 -0.285683 0.394689 0.0695703 -0.3427749 0.394689 0.0695703 -0.285683 0.3728449 0.03687828 -0.3427749 0.3728449 0.03687822 -0.285683 0.3401529 0.01503413 -0.3427749 0.3401529 0.01503413 -0.285683 0.3015899 0.007363438 -0.3427749 0.3015899 0.007363438 -0.285683 0.263027 0.01503413 -0.3427749 0.263027 0.01503413 -0.285683 0.2303349 0.03687828 -0.3427749 0.2303349 0.03687822 -0.285683 0.2084907 0.0695703 -0.3427749 0.2084907 0.0695703 -0.285683 0.20082 0.1081333 -0.3427749 0.20082 0.1081333 -0.285683 0.2084907 0.1466962 -0.3427749 0.2084907 0.1466962 -0.285683 0.2303349 0.1793882 -0.3427749 0.2303349 0.1793882 -0.285683 0.263027 0.2012324 -0.3427749 0.263027 0.2012324 -0.3427749 0.3015899 0.208903 -0.3427749 0.3401529 0.2012324 -0.3427749 0.3728449 0.1793882 -0.3427749 0.394689 0.1466962 -0.3427749 0.4023597 0.1081333 -0.3427749 0.394689 0.0695703 -0.3427749 0.3728449 0.03687822 -0.3427749 0.3401529 0.01503413 -0.3427749 0.3015899 0.007363438 -0.3427749 0.263027 0.01503413 -0.3427749 0.2303349 0.03687822 -0.3427749 0.2084907 0.0695703 -0.3427749 0.20082 0.1081333 -0.3427749 0.2084907 0.1466962 -0.3427749 0.2303349 0.1793882 -0.3427749 0.263027 0.2012324 -0.3427749 0.3286615 0.1734899 -0.3427749 0.3015899 0.1788747 -0.3427749 0.3516117 0.158155 -0.3427749 0.3669465 0.1352049 -0.3427749 0.3723314 0.1081333 -0.3427749 0.3669465 0.08106166 -0.3427749 0.3516117 0.05811148 -0.3427749 0.3286615 0.04277664 -0.3427749 0.3015899 0.03739172 -0.3427749 0.2745183 0.04277664 -0.3427749 0.2515681 0.05811148 -0.3427749 0.2362332 0.08106166 -0.3427749 0.2308483 0.1081333 -0.3427749 0.2362332 0.1352049 -0.3427749 0.2515681 0.158155 -0.3427749 0.2745183 0.1734899 -0.3399218 0.3286615 0.1734899 -0.3399218 0.3015899 0.1788747 -0.3399218 0.3516117 0.158155 -0.3399218 0.3669465 0.1352049 -0.3399218 0.3723314 0.1081333 -0.3399218 0.3669465 0.08106166 -0.3399218 0.3516117 0.05811148 -0.3399218 0.3286615 0.04277664 -0.3399218 0.3015899 0.03739172 -0.3399218 0.2745183 0.04277664 -0.3399218 0.2515681 0.05811148 -0.3399218 0.2362332 0.08106166 -0.3399218 0.2308483 0.1081333 -0.3399218 0.2362332 0.1352049 -0.3399218 0.2515681 0.158155 -0.3399218 0.2745183 0.1734899 -0.285683 0.3015899 0.2089031 -0.285683 0.3401529 0.2012324 -0.285683 0.3728449 0.1793882 -0.285683 0.394689 0.1466962 -0.285683 0.4023597 0.1081333 -0.285683 0.394689 0.0695703 -0.285683 0.3728449 0.03687828 -0.285683 0.3401529 0.01503413 -0.285683 0.3015899 0.007363438 -0.285683 0.263027 0.01503413 -0.285683 0.2303349 0.03687828 -0.285683 0.2084907 0.0695703 -0.285683 0.20082 0.1081333 -0.285683 0.2084907 0.1466962 -0.285683 0.2303349 0.1793882 -0.285683 0.263027 0.2012324 -0.285683 -0.4876739 0.2089031 -0.3427749 -0.4876739 0.208903 -0.285683 -0.4491109 0.2012324 -0.3427749 -0.4491109 0.2012324 -0.285683 -0.4164189 0.1793882 -0.3427749 -0.4164189 0.1793882 -0.285683 -0.3945748 0.1466962 -0.3427749 -0.3945748 0.1466962 -0.285683 -0.3869041 0.1081333 -0.3427749 -0.3869041 0.1081333 -0.285683 -0.3945748 0.0695703 -0.3427749 -0.3945748 0.0695703 -0.285683 -0.4164189 0.03687828 -0.3427749 -0.4164189 0.03687822 -0.285683 -0.4491109 0.01503413 -0.3427749 -0.4491109 0.01503413 -0.285683 -0.4876739 0.007363438 -0.3427749 -0.4876739 0.007363438 -0.285683 -0.5262369 0.01503413 -0.3427749 -0.5262369 0.01503413 -0.285683 -0.5589289 0.03687828 -0.3427749 -0.5589289 0.03687822 -0.285683 -0.580773 0.0695703 -0.3427749 -0.580773 0.0695703 -0.285683 -0.5884438 0.1081333 -0.3427749 -0.5884438 0.1081333 -0.285683 -0.580773 0.1466962 -0.3427749 -0.580773 0.1466962 -0.285683 -0.5589289 0.1793882 -0.3427749 -0.5589289 0.1793882 -0.285683 -0.5262369 0.2012324 -0.3427749 -0.5262369 0.2012324 -0.3427749 -0.4876739 0.208903 -0.3427749 -0.4491109 0.2012324 -0.3427749 -0.4164189 0.1793882 -0.3427749 -0.3945748 0.1466962 -0.3427749 -0.3869041 0.1081333 -0.3427749 -0.3945748 0.0695703 -0.3427749 -0.4164189 0.03687822 -0.3427749 -0.4491109 0.01503413 -0.3427749 -0.4876739 0.007363438 -0.3427749 -0.5262369 0.01503413 -0.3427749 -0.5589289 0.03687822 -0.3427749 -0.580773 0.0695703 -0.3427749 -0.5884438 0.1081333 -0.3427749 -0.580773 0.1466962 -0.3427749 -0.5589289 0.1793882 -0.3427749 -0.5262369 0.2012324 -0.3427749 -0.4606023 0.1734899 -0.3427749 -0.4876739 0.1788747 -0.3427749 -0.4376522 0.158155 -0.3427749 -0.4223173 0.1352049 -0.3427749 -0.4169324 0.1081333 -0.3427749 -0.4223173 0.08106166 -0.3427749 -0.4376522 0.05811148 -0.3427749 -0.4606023 0.04277664 -0.3427749 -0.4876739 0.03739172 -0.3427749 -0.5147455 0.04277664 -0.3427749 -0.5376957 0.05811148 -0.3427749 -0.5530305 0.08106166 -0.3427749 -0.5584154 0.1081333 -0.3427749 -0.5530305 0.1352049 -0.3427749 -0.5376957 0.158155 -0.3427749 -0.5147455 0.1734899 -0.3399218 -0.4606023 0.1734899 -0.3399218 -0.4876739 0.1788747 -0.3399218 -0.4376522 0.158155 -0.3399218 -0.4223173 0.1352049 -0.3399218 -0.4169324 0.1081333 -0.3399218 -0.4223173 0.08106166 -0.3399218 -0.4376522 0.05811148 -0.3399218 -0.4606023 0.04277664 -0.3399218 -0.4876739 0.03739172 -0.3399218 -0.5147455 0.04277664 -0.3399218 -0.5376957 0.05811148 -0.3399218 -0.5530305 0.08106166 -0.3399218 -0.5584154 0.1081333 -0.3399218 -0.5530305 0.1352049 -0.3399218 -0.5376957 0.158155 -0.3399218 -0.5147455 0.1734899 -0.285683 -0.4876739 0.2089031 -0.285683 -0.4491109 0.2012324 -0.285683 -0.4164189 0.1793882 -0.285683 -0.3945748 0.1466962 -0.285683 -0.3869041 0.1081333 -0.285683 -0.3945748 0.0695703 -0.285683 -0.4164189 0.03687828 -0.285683 -0.4491109 0.01503413 -0.285683 -0.4876739 0.007363438 -0.285683 -0.5262369 0.01503413 -0.285683 -0.5589289 0.03687828 -0.285683 -0.580773 0.0695703 -0.285683 -0.5884438 0.1081333 -0.285683 -0.580773 0.1466962 -0.285683 -0.5589289 0.1793882 -0.285683 -0.5262369 0.2012324 0.1956724 0.5087642 0.2775502 0.1956724 0.5087642 0.2351456 0.2878713 0.5087642 0.2775502 0.2878713 0.5087642 0.2351456 -0.1950992 0.5087642 0.2775502 -0.1950992 0.5087642 0.2351456 -0.2872982 0.5087642 0.2775502 -0.2872982 0.5087642 0.2351456 0.1956724 0.5087087 0.2775502 0.2009915 0.5145006 0.2716401 0.2009915 0.5145006 0.2410557 0.1956724 0.5087087 0.2351456 0.2878713 0.5087087 0.2775502 0.2825522 0.5145006 0.2716401 0.2825522 0.5145006 0.2410557 0.2878713 0.5087087 0.2351456 -0.2004184 0.5145006 0.2716401 -0.1950992 0.5087087 0.2775502 -0.1950992 0.5087087 0.2351456 -0.2004184 0.5145006 0.2410557 -0.281979 0.5145006 0.2716401 -0.2872982 0.5087087 0.2775502 -0.2872982 0.5087087 0.2351456 -0.281979 0.5145006 0.2410557 0.3181357 -0.2656067 0.3402257 0.3181357 -0.4263865 0.3320082 0.2539322 -0.2656067 0.3402257 0.2539322 -0.4263865 0.3320082 0.2539322 -0.2656067 0.3592776 0.3181357 -0.2656067 0.3592776 0.2539322 -0.4263865 0.35106 0.3181357 -0.4263865 0.35106 -0.1766592 -0.3081824 0.349853 -0.1766592 -0.3838108 0.3416355 -0.2408627 -0.3081824 0.349853 -0.2408627 -0.3838108 0.3416355 -0.2408627 -0.3081824 0.3689049 -0.1766592 -0.3081824 0.3689049 -0.2408627 -0.3838108 0.3606874 -0.1766592 -0.3838108 0.3606874 0.1537029 -0.3256749 0.3485347 0.1537029 -0.5434346 0.3122294 0.07169067 -0.3256749 0.3485347 0.07169067 -0.5434346 0.3122294 -0.01032149 -0.3256749 0.3485347 -0.01032149 -0.5434346 0.3122294 0.1510155 -0.5434346 0.36081 0.07169067 -0.5434346 0.3725324 -0.007634162 -0.5434346 0.36081 0.07169067 -0.5434346 0.3239519 0.1510155 -0.5434346 0.3239519 0.1537029 -0.5434346 0.3725324 -0.007634162 -0.5434346 0.3239519 -0.01032149 -0.5434346 0.3725324 0.07169067 -0.5434346 0.36081 0.07169067 -0.5354439 0.3239519 0.1510155 -0.5354439 0.3239519 0.07169067 -0.5354439 0.36081 -0.007634162 -0.5354439 0.3239519 0.1510155 -0.5354439 0.36081 -0.007634162 -0.5354439 0.36081 0.3272754 0.2336378 0.2304958 0.3279052 0.235765 0.333251 0.3271782 0.3184991 0.2292555 0.327808 0.3206263 0.3320108 0.3442602 0.3184991 0.2276026 0.3443574 0.2336378 0.2288429 0.3448901 0.3206263 0.3303579 0.3449872 0.235765 0.3315982 -0.3267022 0.2336378 0.2304958 -0.3273321 0.235765 0.333251 -0.3266051 0.3184991 0.2292555 -0.3272349 0.3206263 0.3320108 -0.3436871 0.3184991 0.2276026 -0.3437843 0.2336378 0.2288429 -0.3443169 0.3206263 0.3303579 -0.3444141 0.235765 0.3315982 -0.3318221 -0.1723314 0.116876 -0.3318221 -0.2656067 0.116876 -0.3318221 -0.3588819 0.116876 0.3323953 -0.3588819 0.116876 0.3323953 -0.2656067 0.116876 0.3323953 -0.1723314 0.116876 0.3327635 -0.5813124 0.3113448 0.3327635 -0.7420922 0.2430061 0.3327635 -0.4205327 0.3442147 0.2521385 -0.4205327 0.3442147 0.2521385 -0.5813124 0.3113448 0.2521385 -0.7420922 0.2430061 0.1715136 -0.7420922 0.2489914 0.1715136 -0.4205327 0.3501999 0.1715136 -0.5813124 0.31733 -0.3314538 -0.5813124 0.3113448 -0.3314538 -0.7420922 0.2430061 -0.3314538 -0.4205327 0.3442147 -0.2508289 -0.4205327 0.3442147 -0.2508289 -0.5813124 0.3113448 -0.2508289 -0.7420922 0.2430061 -0.1702038 -0.7420922 0.2489914 -0.1702038 -0.4205327 0.3501999 -0.1702038 -0.5813124 0.31733 -0.3318221 0.1877656 0.1787568 -0.3318221 0.08491998 0.1787568 0.3323953 0.08491998 0.1787568 0.3323953 0.1877656 0.1787568</float_array>
          <technique_common>
            <accessor source="#Cube_010-mesh-positions-array" count="936" stride="3">
              <param name="X" type="float"/>
              <param name="Y" type="float"/>
              <param name="Z" type="float"/>
            </accessor>
          </technique_common>
        </source>
        <source id="Cube_010-mesh-normals">
          <float_array id="Cube_010-mesh-normals-array" count="3054">0 1 0 1 0 0 1 -3.47864e-7 0 1 -1.56608e-7 0 1 -3.80762e-7 0 1 0 0 1 0 0 1 0 0 0 0.6222665 0.7828055 0 0.6597532 0.7514824 0 0.6706047 -0.741815 0 0.7192134 -0.6947892 0 0.6098102 -0.7925476 0 0 -1 0.1215917 0.5475851 -0.8278685 0 0.6458557 -0.7634596 0 0.6458559 -0.7634595 0.9987012 0.0102058 -0.04991912 0.9985614 0.01321047 -0.0519675 0.9980686 0.0221334 -0.05804401 0.005465686 -0.07148957 0.9974264 0.01742374 -0.109686 0.9938136 0.03682124 -0.08793407 0.9954456 0 -0.0340135 0.9994214 0 -0.03401428 0.9994214 0 0 1 0 0.05091238 0.9987032 0 0.05091124 0.9987033 0 0.1055833 0.9944105 0 0.1055834 0.9944105 0 0.1094745 0.9939896 0 0.1094745 0.9939897 0 0.8255785 -0.5642874 -0.0208218 0.8258184 -0.5635518 0 0.8255783 -0.5642877 0.1874067 -0.6341086 -0.7501901 0 -0.645546 -0.7637214 0 -1 0 0.7720633 0.6355457 0 0.698331 0.715775 -2.7349e-5 0.6503057 0.7596726 -6.41086e-7 -0.9987011 -0.0102058 0.04991912 -0.9985614 -0.01321107 0.0519675 -0.9987012 -0.0102058 0.04991912 0 0.1055834 0.9944105 0 0.1094744 0.9939897 0 0.05091041 0.9987033 0 -0.03401482 0.9994214 0 -0.07799559 0.9969538 0 -0.08799374 0.9961211 -0.04176265 0.8256978 -0.5625649 -0.02095186 0.8258187 -0.5635465 0 0.6597533 0.7514824 0 0.6597532 0.7514825 0 0.7192136 -0.6947891 0 0.7192137 -0.694789 0.5146015 0 -0.8574295 0.5146014 0 -0.8574295 0.5146016 0 -0.8574295 0.5146015 0 -0.8574294 0.5146015 0 -0.8574295 0.243344 0.440416 -0.864186 0.187341 0.6344206 -0.7499426 0.3303122 -0.573628 -0.7495631 0.0610556 -0.5857011 -0.8082242 0 -0.297228 0.9548065 0 -0.3911758 0.920316 0 -0.2972226 0.9548082 0 0.1094745 0.9939897 0 0.1055831 0.9944106 0 0.05090981 0.9987033 0 -0.03401523 0.9994213 0 -0.05951875 0.9982272 0 -0.05951839 0.9982273 0 -0.1260299 0.9920265 0 0.5767362 0.8169306 0 0.6597531 0.7514826 0 0.4827024 0.8757845 0 0.4827025 0.8757844 0 0.4827026 0.8757844 -1 0 0 -1 0 0 -1 1.37948e-7 0 0 -0.6421108 0.7666118 0 -0.642111 0.7666118 0 -0.6421108 0.7666119 1 -1.27197e-7 0 1 -3.06617e-7 0 1 -5.5179e-7 0 0 0.9845677 -0.1750049 0 0.9845677 -0.175005 -0.7070667 3.03103e-7 0.7071469 -1 1.40096e-6 0 0 0 -1 0 0 -1 -2.10567e-6 0 -1 1 1.04111e-6 0 1 1.80075e-6 0 -1 0 0 0 0.6111474 -0.7915169 0 0.611143 -0.7915202 0 0.6111425 -0.7915206 0.1035559 0.724591 0.6813546 0.07341116 0.4174512 0.9057292 0.06869119 0.3728961 0.925327 -1 0 0 -1 0 0 -1 0 0 -1.46743e-5 0.5956726 -0.8032274 0.6983263 0.7157796 2.08702e-5 0.7720633 0.6355457 0 0 0.6799104 0.7332953 -5.18653e-5 0.8352012 0.5499445 0 0.8339936 0.5517743 0.5096221 0.8603984 -8.16697e-5 0.5088901 0.8608314 0 0.5096415 0.8603869 6.3055e-5 -3.88387e-7 0.6799123 -0.7332935 -5.20379e-5 0.8352034 -0.5499412 -1.46208e-5 0.5956714 0.8032283 -1 0 0 -1 0 0 -1 1.73932e-7 0 -1 0 0 -1 2.00459e-7 0 -1 0 0 -1 0 0 -1 0 0 -1 -1.25046e-7 0 -1 0 0 -1 0 0 -1 0 0 0 0.6597533 0.7514823 0 0.6706038 -0.7418158 -0.1215916 0.5475851 -0.8278685 0.9978387 0.02570134 -0.06047672 0.9978387 0.02570128 -0.06047672 -0.005465686 -0.07148957 0.9974264 -0.01742368 -0.1096859 0.9938136 0 -0.05951869 0.9982272 0 0.05091232 0.9987031 0 0.05091124 0.9987033 0 0.1055833 0.9944105 0 0.1055833 0.9944105 0 0.1094745 0.9939897 0 0.1094745 0.9939896 0.04176247 -0.8256981 0.5625645 0.0208221 -0.8258202 0.563549 0.04176241 -0.8256978 0.5625646 -0.1874066 -0.6341085 -0.7501902 -0.7720643 0.6355445 -2.82169e-7 -0.6983298 0.7157762 -2.77392e-5 -0.7720658 0.6355428 0 0.02007722 0.8250107 -0.5647605 0 0.8255804 -0.5642845 0.02184152 0.8249446 -0.5647914 0 0.1055834 0.9944105 0 0.05091047 0.9987033 0 -0.03401482 0.9994214 0 -0.07799553 0.9969538 0 -0.0879938 0.9961211 0.04194426 0.8240108 -0.5650194 0.04194432 0.8240107 -0.5650197 0 0.6597532 0.7514826 0 0.659753 0.7514826 0 0.7192137 -0.6947889 0 0.7192137 -0.6947891 -0.5146014 0 -0.8574295 -0.5146015 0 -0.8574295 -0.5146014 0 -0.8574296 -0.5146014 0 -0.8574296 -0.5146014 0 -0.8574296 -0.5146014 0 -0.8574296 -0.5146014 0 -0.8574297 -0.2433437 0.4404157 -0.8641862 0 0.2077246 -0.9781875 -0.0610556 -0.5857012 -0.8082243 -0.3303121 -0.5736279 -0.7495632 0 -0.2972226 0.9548083 0 0.659753 0.7514825 0 0.4827023 0.8757845 0 0.4827023 0.8757845 0 0.4827023 0.8757846 1 0 0 1 0 0 1 1.37948e-7 0 -1 0 0 -1 -2.4934e-7 0 -1 1.2891e-7 0 0 0.9845675 -0.1750052 0 0.9845674 -0.1750059 0 0.9845674 -0.1750062 0.7070667 0 0.7071469 0 0 -1 -0.3061583 0 -0.9519807 0 0 -1 -1 3.02008e-6 0 -1 2.69999e-6 0 -1 1.87697e-6 0 0 0.6111478 -0.7915165 -0.07341188 0.417455 0.9057273 -0.103556 0.7245911 0.6813545 -0.06869208 0.3729006 0.9253252 1.46654e-5 0.5956698 -0.8032296 -0.6983277 0.7157782 2.10655e-5 -0.7720651 0.6355437 0 0 0.6799104 0.7332953 5.18653e-5 0.8352013 0.5499444 1.46208e-5 0.5956715 0.8032281 -0.6503074 0.7596712 -7.49669e-7 -0.5096205 0.8603994 -8.27882e-5 -0.509642 0.8603866 6.36388e-5 5.20047e-5 0.8352026 -0.5499424 4.15572e-7 0.6799124 -0.7332934 5.29221e-7 1.8377e-6 1 5.71158e-7 0.382682 0.9238801 5.02824e-7 -2.1182e-6 1 4.69486e-7 0.3826857 0.9238786 2.11509e-7 0.7071056 0.707108 2.11505e-7 0.7071081 0.7071055 0 0.9238785 0.3826859 0 0.92388 0.3826826 0 1 1.92475e-6 0 1 -1.86672e-6 -1.26055e-7 0.92388 -0.3826825 -2.65464e-7 0.9238786 -0.3826858 -4.63157e-7 0.7071085 -0.7071051 -4.08346e-7 0.7071058 -0.7071079 -3.81456e-7 0.3826842 -0.9238793 -3.62197e-7 1.65393e-6 -1 -3.86853e-7 -2.1859e-6 -1 0 -0.3826823 -0.9238801 0 -0.3826858 -0.9238787 0 -0.7071051 -0.7071085 -2.32426e-7 -0.7071083 -0.7071053 -1.26056e-7 -0.9238785 -0.3826861 -1.26055e-7 -0.9238802 -0.3826821 0 -1 0 0 -0.9238793 0.3826842 3.28894e-7 -0.7071065 0.7071071 3.68113e-7 -0.7071067 0.707107 2.47195e-7 -0.3826855 0.9238787 4.32512e-7 -0.3826818 0.9238802 0 -1 -1.07663e-6 0 -0.9238792 0.3826844 0 -0.9238783 0.3826866 1 -7.55211e-7 0 1 -8.10708e-7 0 1 -1.0965e-6 0 1 4.02122e-7 0 1 0 0 1 0 0 1 -4.64213e-7 0 1 1.43168e-7 0 1 -1.43208e-7 0 1 0 0 1 -2.0402e-7 0 1 0 0 1 -6.63595e-7 0 1 4.64212e-7 0 1 0 0 1 -2.72019e-7 0 1 -5.7283e-7 0 1 9.05536e-7 0 1 5.7283e-7 0 1 1.38353e-6 0 1 9.46174e-7 0 1 -4.67946e-7 0 1 4.67946e-7 0 1 -1.14566e-6 0 1 -2.2812e-7 0 1 2.28127e-7 0 1 2.62089e-7 0 0 1 1.14615e-6 0 0.923879 -0.3826848 0 0.9238781 -0.382687 0 -0.7071052 0.7071084 0 -0.7071037 0.7071099 0 0.707105 -0.7071086 0 0.7071034 -0.7071102 0 -0.3826839 0.9238793 0 -0.382682 0.9238802 0 0.3826852 -0.9238789 0 0.382683 -0.9238798 0 -2.32918e-6 1 0 -1.34201e-7 1 0 -2.30319e-6 -1 0 -0.3826822 -0.9238801 0 -0.382684 -0.9238793 0 -1.80749e-7 -1 0 0.382683 0.9238798 0 0.3826851 0.923879 0 -0.707106 -0.7071076 0 -0.7071073 -0.7071063 0 0.7071058 0.7071078 0 0.7071071 0.7071065 0 -0.923878 -0.3826873 0 -0.9238787 -0.3826858 0 0.9238779 0.3826876 0 -1 -3.19424e-6 0 1 3.21781e-6 -1 4.70155e-7 0 -1 0 0 -1 0 0 5.5032e-7 2.05049e-6 1 3.73922e-7 0.3826817 0.9238803 0 -1.8377e-6 1 6.34519e-7 0.3826853 0.9238787 2.11509e-7 0.7071055 0.7071081 2.11505e-7 0.7071086 0.707105 0 0.9238782 0.3826867 0 0.9238802 0.3826819 0 1 2.91131e-6 0 1 -2.86295e-6 -1.78931e-7 0.9238802 -0.3826817 -2.11508e-7 0.9238782 -0.3826867 -3.96576e-7 0.707109 -0.7071046 -2.49989e-7 0.7071055 -0.7071081 -3.37637e-7 0.3826841 -0.9238793 -3.30576e-7 2.0118e-6 -1 -3.91325e-7 -1.94893e-6 -1 -1.303e-7 -0.3826823 -0.9238801 -1.30301e-7 -0.3826859 -0.9238785 -2.39837e-7 -0.7071055 -0.7071081 -3.70137e-7 -0.7071085 -0.7071052 -2.11508e-7 -0.9238784 -0.3826861 -1.78931e-7 -0.92388 -0.3826825 0 -1 0 0 -0.9238792 0.3826843 3.26024e-7 -0.7071067 0.7071068 2.11507e-7 -0.7071068 0.7071068 2.82881e-7 -0.3826856 0.9238787 5.75877e-7 -0.3826818 0.9238802 0 -1 -1.10928e-6 0 -0.9238795 0.3826835 0 -0.9238786 0.3826858 1 -7.5521e-7 0 1 -7.09735e-7 0 1 -8.04265e-7 0 1 -2.11173e-7 0 1 -2.33973e-7 0 1 0 0 1 -1.43168e-7 0 1 1.43206e-7 0 1 1.43168e-7 0 1 -1.43206e-7 0 1 0 0 1 -1.43168e-7 0 1 0 0 1 1.43209e-7 0 1 1.43168e-7 0 1 -1.43208e-7 0 1 2.33974e-7 0 1 0 0 1 7.09735e-7 0 1 8.04266e-7 0 1 2.11173e-7 0 1 7.5521e-7 0 1 1.14566e-6 0 1 -4.67946e-7 0 1 4.67946e-7 0 1 -1.14566e-6 0 1 -2.2812e-7 0 1 2.28127e-7 0 1 2.6209e-7 0 0 1 1.15583e-6 0 0.9238791 -0.3826847 0 0.9238781 -0.3826869 0 -0.7071052 0.7071084 0 -0.7071034 0.7071102 0 0.7071049 -0.7071087 0 0.7071031 -0.7071105 0 -0.3826839 0.9238795 0 -0.3826821 0.9238802 0 0.3826853 -0.9238788 0 0.3826833 -0.9238796 0 -2.3588e-6 1 0 -2.40595e-7 1 0 -2.39568e-6 -1 0 -0.3826824 -0.92388 0 -0.3826843 -0.9238793 0 -2.7747e-7 -1 0 0.3826833 0.9238796 0 0.3826853 0.9238788 0 -0.7071052 -0.7071084 0 -0.7071067 -0.707107 0 0.7071055 0.7071081 0 0.7071068 0.7071068 0 -0.9238783 -0.3826864 0 -0.923879 -0.3826847 0 0.9238779 0.3826874 0 0.9238786 0.3826858 0 -1 -3.16159e-6 0 1 3.20814e-6 -1 0 0 -1 0 0 -1 -1.54427e-7 0 8.40039e-7 2.08918e-6 1 3.73922e-7 0.3826819 0.9238801 2.22478e-7 -2.21492e-6 1 6.3452e-7 0.3826857 0.9238787 2.1151e-7 0.7071061 0.7071075 2.11505e-7 0.7071085 0.7071052 0 0.9238797 0.3826831 0 1 1.43148e-6 0 1 -1.37344e-6 -1.78931e-7 0.9238798 -0.382683 -2.11508e-7 0.9238786 -0.3826858 -3.70137e-7 0.7071089 -0.7071048 -2.39838e-7 0.7071062 -0.7071074 -3.49525e-7 0.3826842 -0.9238793 -2.9526e-7 1.91025e-6 -1 -4.16758e-7 -2.3068e-6 -1 0 -0.3826828 -0.9238799 -1.30301e-7 -0.382686 -0.9238785 -2.39837e-7 -0.7071059 -0.7071077 -3.70137e-7 -0.7071087 -0.7071049 -2.11508e-7 -0.9238785 -0.3826862 -1.78931e-7 -0.9238799 -0.3826826 0 -1 0 0 -0.9238792 0.3826844 2.11505e-7 -0.7071083 0.7071053 2.1151e-7 -0.7071059 0.7071078 5.68475e-7 -0.3826839 0.9238795 2.11508e-7 -0.3826842 0.9238792 0 -0.923879 0.3826847 0 -0.9238781 0.3826869 1 -7.55211e-7 0 1 -8.10708e-7 0 1 -1.0965e-6 0 1 -2.11173e-7 0 1 -2.33974e-7 0 1 0 0 1 0 0 1 -4.64213e-7 0 1 0 0 1 -3.9734e-7 0 1 1.49263e-7 0 1 -4.90361e-7 0 1 3.97344e-7 0 1 0 0 1 0 0 1 -3.21037e-7 0 1 2.33974e-7 0 1 0 0 1 7.09735e-7 0 1 8.04267e-7 0 1 2.11173e-7 0 1 7.55211e-7 0 1 1.14566e-6 0 1 -4.67946e-7 0 1 4.67946e-7 0 1 -1.14566e-6 0 1 -2.2812e-7 0 1 2.28128e-7 0 0 0.9238781 -0.3826869 0 -0.7071053 0.7071082 0 -0.7071037 0.7071099 0 0.7071051 -0.7071086 0 0.7071034 -0.7071101 0 -0.3826848 0.923879 0 -0.3826829 0.9238798 0 0.3826853 -0.9238788 0 -2.46882e-6 1 0 -2.43195e-6 -1 0 -0.3826829 -0.9238798 0 -0.3826848 -0.923879 0 0.3826853 0.9238788 0 -0.7071061 -0.7071076 0 -0.7071074 -0.7071062 0 0.7071058 0.7071078 0 -0.9238779 -0.3826875 0 -0.9238786 -0.3826858 0 0.9238779 0.3826874 -1 0 0 -1 0 0 -1 -2.17681e-7 0 -4.59988e-7 0.3826819 0.9238802 -3.43204e-7 1.86189e-6 1 -1.57877e-7 -2.09402e-6 1 -1.8288e-7 0.7071055 0.7071081 -6.16676e-7 0.3826856 0.9238787 -2.11505e-7 0.7071081 0.7071055 0 1 1.91992e-6 1.26055e-7 0.92388 -0.3826826 0 1 -1.87156e-6 4.69136e-7 0.7071085 -0.7071051 2.56357e-7 0.9238786 -0.382686 3.87868e-7 0.3826842 -0.9238793 3.96806e-7 0.7071056 -0.707108 3.62197e-7 1.68295e-6 -1 0 0.3826843 -0.9238793 3.86853e-7 -2.28262e-6 -1 0 -0.3826823 -0.9238801 0 -0.3826858 -0.9238786 0 -0.7071049 -0.7071086 2.32426e-7 -0.7071083 -0.7071053 1.26056e-7 -0.9238784 -0.3826863 1.26055e-7 -0.9238802 -0.3826821 0 -1 0 0 -0.9238793 0.3826841 -2.92715e-7 -0.7071065 0.7071072 -1.52389e-7 -0.3826854 0.9238787 -4.23015e-7 -0.7071065 0.7071071 -1.75819e-7 -0.3826817 0.9238803 0 -0.9238787 0.3826855 0 -1 3.2305e-6 0 -0.9238782 0.3826867 -1 2.33976e-7 0 -1 2.72019e-7 0 -1 -2.11178e-7 0 -1 -1.38353e-6 0 -1 -9.46174e-7 0 -1 9.07765e-7 0 -1 0 0 -1 -2.72019e-7 0 -1 -2.33976e-7 0 -1 0 0 -1 -4.02132e-7 0 -1 -2.0402e-7 0 -1 -1.7548e-7 0 -1 -3.40033e-7 0 -1 4.22345e-7 0 -1 -4.29619e-7 0 -1 -4.22345e-7 0 -1 -7.16031e-7 0 -1 1.04859e-6 0 -1 1.07627e-6 0 -1 -4.75766e-7 0 -1 -8.04244e-7 0 -1 2.33973e-7 0 -1 -4.67946e-7 0 -1 3.7346e-7 0 -1 0 0 -1 0 0 0 0.9238786 -0.3826858 0 1 -3.18214e-6 0 -0.7071128 0.7071009 0 -0.7071117 0.7071018 0 0.7071126 -0.7071011 0 0.7071115 -0.7071021 0 -0.382687 0.923878 0 -0.3826851 0.923879 0 0.3826856 -0.9238787 0 0.3826836 -0.9238795 0 -9.67217e-7 1 0 1.19935e-6 1 0 -0.3826852 -0.9238789 0 4.06231e-7 -1 0 -0.3826872 -0.923878 0 2.54378e-6 -1 0 0.382685 0.923879 0 0.382687 0.9238781 0 -0.7071046 -0.7071089 0 -0.7071066 -0.707107 0 0.7071045 0.7071091 0 0.7071066 0.7071071 0 -0.9238806 -0.382681 0 -0.9238818 -0.3826783 0 0.9238805 0.3826813 0 0.9238816 0.3826785 0 -1 1.13164e-6 0 1 -1.08328e-6 1 -1.98644e-7 0 1 0 0 1 0 0 -4.56038e-7 0.3826816 0.9238804 -7.34789e-7 2.065e-6 1 -1.8119e-7 -1.80869e-6 1 -2.11509e-7 0.7071053 0.7071083 -6.34519e-7 0.3826853 0.9238788 0 0.9238782 0.3826867 -2.11505e-7 0.7071086 0.707105 0 1 2.90648e-6 0 0.9238803 0.3826819 1.78931e-7 0.9238802 -0.3826817 0 1 -2.85812e-6 3.96576e-7 0.7071089 -0.7071046 2.11508e-7 0.9238781 -0.3826868 3.37637e-7 0.3826841 -0.9238793 2.49989e-7 0.7071053 -0.7071082 3.30576e-7 2.04082e-6 -1 0 0.3826838 -0.9238795 3.91326e-7 -2.04082e-6 -1 1.303e-7 -0.3826823 -0.9238801 1.30301e-7 -0.3826859 -0.9238785 2.39837e-7 -0.7071053 -0.7071083 3.70137e-7 -0.7071084 -0.7071052 2.11508e-7 -0.9238784 -0.3826863 1.78931e-7 -0.92388 -0.3826825 0 -1 0 0 -0.9238792 0.3826844 -3.41807e-7 -0.7071067 0.7071069 0 -0.3826855 0.9238788 -2.11507e-7 -0.7071067 0.707107 -6.1224e-7 -0.3826818 0.9238802 0 -0.9238789 0.3826853 0 -1 3.3369e-6 -1 0 0 -1 2.72019e-7 0 -1 -7.09735e-7 0 -1 -9.66383e-7 0 -1 -8.04266e-7 0 -1 0 0 -1 -2.72019e-7 0 -1 0 0 -1 -4.02132e-7 0 -1 -2.04014e-7 0 -1 -1.7548e-7 0 -1 -3.40024e-7 0 -1 2.37881e-7 0 -1 4.02133e-7 0 -1 -2.37881e-7 0 -1 -4.02133e-7 0 -1 4.83191e-7 0 -1 -2.11172e-7 0 -1 2.33973e-7 0 -1 -4.67946e-7 0 -1 -1.49053e-7 0 -1 -3.77883e-7 0 -1 3.55973e-7 0 0 0.9238786 -0.3826858 0 1 -3.23051e-6 0 0.923878 -0.382687 0 -0.7071127 0.707101 0 -0.7071115 0.707102 0 0.7071124 -0.7071013 0 0.7071114 -0.7071022 0 -0.382687 0.9238781 0 -0.382685 0.9238789 0 0.3826858 -0.9238786 0 0.3826841 -0.9238794 0 -1.02525e-6 1 0 1.10263e-6 1 0 -0.3826854 -0.9238788 0 3.28854e-7 -1 0 -0.3826874 -0.9238779 0 2.41804e-6 -1 0 0.3826853 0.9238788 0 0.3826872 0.923878 0 -0.707104 -0.7071096 0 -0.7071061 -0.7071075 0 0.7071045 0.7071092 0 0.7071063 0.7071074 0 -0.9238806 -0.382681 0 -0.9238818 -0.382678 0 0.9238805 0.3826814 0 0.9238815 0.3826786 0 -1 1.03492e-6 0 1 -1.02525e-6 1 0 0 1 0 0 1 0 0 -2.77553e-7 0.3826819 0.9238802 -6.2355e-7 2.10852e-6 1 0 -2.18106e-6 1 -2.1151e-7 0.707106 0.7071076 -6.3452e-7 0.3826856 0.9238787 -2.11505e-7 0.7071085 0.7071052 0 1 1.42664e-6 1.78931e-7 0.9238798 -0.382683 0 1 -1.37344e-6 3.70137e-7 0.7071088 -0.7071048 2.11508e-7 0.9238785 -0.3826859 3.49525e-7 0.3826841 -0.9238793 2.39838e-7 0.7071061 -0.7071075 2.9526e-7 1.93443e-6 -1 0 0.3826844 -0.9238792 4.16758e-7 -2.39869e-6 -1 0 -0.3826827 -0.9238799 1.30301e-7 -0.382686 -0.9238785 2.39838e-7 -0.7071058 -0.7071079 3.70137e-7 -0.7071086 -0.7071051 2.11508e-7 -0.9238784 -0.3826863 1.78931e-7 -0.9238799 -0.3826825 0 -1 0 0 -0.9238792 0.3826844 -2.11505e-7 -0.7071083 0.7071053 -2.1151e-7 -0.7071057 0.7071079 -4.72106e-7 -0.3826838 0.9238794 -2.11508e-7 -0.3826841 0.9238794 0 -0.9238783 0.3826864 0 -0.9238778 0.3826878 -1 2.33976e-7 0 -1 2.72019e-7 0 -1 -2.11178e-7 0 -1 -7.09736e-7 0 -1 -9.66384e-7 0 -1 -8.04267e-7 0 -1 9.07766e-7 0 -1 0 0 -1 -2.72026e-7 0 -1 2.30068e-7 0 -1 -4.02121e-7 0 -1 2.04014e-7 0 -1 -3.9734e-7 0 -1 2.37881e-7 0 -1 4.02133e-7 0 -1 -2.37881e-7 0 -1 -4.02133e-7 0 -1 4.83192e-7 0 -1 -2.11173e-7 0 -1 2.33973e-7 0 -1 -4.67946e-7 0 -1 -4.08726e-7 0 -1 -1.42464e-7 0 -1 -1.30719e-7 0 0 0.9238784 -0.3826864 0 1 -3.18214e-6 0 0.9238779 -0.3826874 0 -0.7071129 0.7071007 0 -0.7071118 0.7071017 0 0.7071132 -0.7071005 0 0.7071121 -0.7071015 0 -0.3826879 0.9238777 0 -0.382686 0.9238786 0 0.3826853 -0.9238788 0 0.3826834 -0.9238796 0 -1.38312e-6 1 0 8.31807e-7 1 0 -0.3826858 -0.9238786 0 0 -1 0 -0.3826879 -0.9238777 0 2.14722e-6 -1 0 0.3826847 0.9238791 0 0.3826866 0.9238782 0 -0.7071049 -0.7071087 0 -0.7071068 -0.7071068 0 0.7071052 0.7071084 0 0.7071071 0.7071066 0 -0.9238802 -0.382682 0 -0.9238813 -0.3826792 0 0.9238803 0.3826817 0 0.9238814 0.3826791 0 1 -1.07361e-6 1 -2.619e-7 0 1 0 0 1 0 0 -0.7365286 0.6764065 0 -0.7365294 0.6764056 0 -0.7365297 0.6764053 0 0 0.7142161 0.6999254 0 0.7142172 0.6999242 0 0.7142173 0.6999241 0 0.714215 -0.6999264 0 0.7142133 -0.6999281 0 0.7142151 -0.6999263 0.7365293 0.6764057 0 0.7365311 0.6764038 0 0.7365313 0.6764035 0 0.7365289 0.676406 0 0.7365298 0.6764051 0 0.7365299 0.676405 0 0 0.714215 0.6999264 0 0.714213 0.6999285 0 0.7142128 0.6999287 0 0.714211 -0.6999305 0 0.7142167 -0.6999247 0 0.7142104 -0.6999312 -0.7365285 0.6764066 0 -0.7365279 0.6764072 0 -0.7365278 0.6764074 0 0 0.05104368 -0.9986965 0 0.05104368 -0.9986965 0 0.05104368 -0.9986964 0 -0.05104368 0.9986965 0 -0.05104368 0.9986965 0 -0.05104368 0.9986964 1 -1.4093e-7 0 1 0 0 -1 0 0 -1 -2.7077e-7 0 -1 1.5202e-7 0 0 0.1080206 -0.9941487 0 0.1080207 -0.9941487 0 0.1080207 -0.9941487 0 -0.1080207 0.9941487 0 -0.1080206 0.9941487 0 -0.1080207 0.9941487 -1 2.74969e-7 0 -1 0 0 -1 3.23182e-7 0 0 0.1095395 0.9939824 0 0.1095395 0.9939824 0 0.1095395 0.9939825 0 0.1095395 0.9939824 0 0.1095395 0.9939825 -1 0 0 0 -1 -2.71256e-6 0 -1 -3.61844e-7 0 -1 -6.63826e-6 0 -1 2.71256e-6 0 -1 6.63821e-6 0 -1 3.61843e-7 0.9999805 0.00105524 -0.00615096 0.9999805 0.001055121 -0.00615096 0.9999806 0.001055717 -0.00615096 0.002001464 -0.9997841 0.02068442 0.002001404 -0.9997841 0.02068418 0.002001404 -0.9997841 0.02068412 -0.09630054 -0.01465654 -0.9952444 -0.09630066 -0.01465672 -0.9952444 -0.09630066 -0.01465678 -0.9952444 -0.002001404 0.9997841 -0.02068394 -0.002001523 0.9997841 -0.02068454 -0.002001404 0.9997841 -0.02068388 0.09630244 0.01465648 0.9952442 0.09629881 0.01465624 0.9952446 0.09630304 0.01465654 0.9952442 -0.9999805 0.001055598 -0.006150841 -0.9999805 0.001055598 -0.006150782 -0.9999806 0.001055479 -0.006150662 -0.002001404 -0.9997841 0.02068442 -0.002001464 -0.9997841 0.02068459 -0.002001404 -0.9997841 0.02068442 0.09630054 -0.01465672 -0.9952444 0.09630066 -0.01465654 -0.9952444 0.09630054 -0.01465678 -0.9952444 0.002001404 0.9997841 -0.020684 0.002001523 0.9997841 -0.02068459 0.002001523 0.9997841 -0.02068465 -0.09630244 0.01465642 0.9952442 -0.09629881 0.01465618 0.9952446 -0.09629815 0.01465612 0.9952446 0 0.8480674 -0.5298885 0 0.8480675 -0.5298884 0 -0.8480676 -0.5298881 0 -0.8480674 -0.5298885 0 -0.8480677 -0.529888 0.03646379 -0.2001645 0.9790835 0.07073372 -0.2951582 0.9528265 0.03543823 -0.2977097 0.9539985 0.06816077 -0.3902659 0.9181758 0.03378307 -0.3909524 0.9197908 0 -0.3911759 0.9203159 0 -0.2972271 0.9548069 0 -0.2002977 0.9797351 -0.03646373 -0.2001645 0.9790836 -0.07073366 -0.2951582 0.9528266 -0.07253813 -0.1997698 0.9771542 -0.03543823 -0.2977097 0.9539985 -0.06816077 -0.3902662 0.9181757 0 -0.2002978 0.9797351 0.9980685 0.02213531 -0.05804687 0.9978385 0.02570492 -0.06047868 0.9978385 0.02570492 -0.06047868 0.998701 0.01020592 -0.04992175 0.9985614 0.01321142 -0.05196928 -0.02007752 -0.8250109 0.5647602 0 -0.8255808 0.564284 0 -0.825581 0.5642837 -0.9980685 -0.02213519 0.05804687 -0.9978385 -0.02570444 0.06047868 -0.9985614 -0.01321113 0.05196928 -0.998701 -0.01020669 0.04992175 -0.998701 -0.01020675 0.04992175 0 -0.8255785 0.5642873 0.02095222 -0.8258208 0.5635434 -0.04194402 -0.8240109 0.5650194 -0.02184176 -0.8249448 0.5647912 -0.9980686 -0.02213358 0.05804401 -0.9978387 -0.02570229 0.06047672 -0.3061617 0 -0.9519795 0.9987012 0.0102058 -0.04991912 0.7720669 0.6355414 0 -0.0417627 0.8256978 -0.5625646 0 0.7192135 -0.6947892 0.5146014 0 -0.8574296 0 0.2077243 -0.9781875 0 -0.4780717 -0.8783208 0 -0.3911759 0.920316 0 0.6597533 0.7514823 0 0.4827023 0.8757845 -1 1.58058e-7 0 0 0 -1 -2.36991e-7 0 -1 1.02634e-6 0 -1 1.63341e-6 0 -1 1 3.75394e-6 0 0 0.6111479 -0.7915164 0.105604 0.7479084 0.655348 -1 0 0 0 0.8339948 -0.5517725 -0.1873409 0.6344204 -0.7499428 -0.03682118 -0.08793407 0.9954456 0 0.8255807 -0.5642842 0 0.7192138 -0.6947889 0 -0.4780719 -0.8783208 0 0.4827024 0.8757845 -1 -5.5179e-7 0 0 0.9845676 -0.175005 1 0 0 1 3.8328e-7 0 1 -7.00479e-7 0 0 0 -1 -2.17787e-6 0 -1 -1 3.45877e-6 0 -0.105604 0.7479082 0.6553481 -0.5088929 0.8608299 0 0 0.3826842 -0.9238793 1 1.59716e-6 0 1 -9.27534e-7 0 1 -1.60235e-7 0 1 -2.28124e-7 0 1 -3.19434e-6 0 1 2.28123e-7 0 1 3.19433e-6 0 1 2.28124e-7 0 1 3.19434e-6 0 -1 -3.54545e-7 0 -1 -4.10654e-6 0 -1 1.41975e-6 0 -1 -5.1287e-7 0 -1 -3.79586e-7 0 0 0.3826837 -0.9238795 1 -9.27534e-7 0 1 -1.60235e-7 0 1 -2.28124e-7 0 1 -3.19435e-6 0 1 2.28123e-7 0 1 2.28124e-7 0 1 3.19436e-6 0 -1 4.92012e-7 0 -1 1.57423e-6 0 -1 -5.1287e-7 0 0 0.3826843 -0.9238793 1 1.59716e-6 0 1 -9.27534e-7 0 1 -1.60235e-7 0 1 -3.19436e-6 0 1 2.28124e-7 0 1 3.19433e-6 0 1 2.28124e-7 0 1 3.19435e-6 0 -1 0 0 -1 4.92013e-7 0 -1 1.57424e-6 0 -1 -5.12869e-7 0 -1 -3.79586e-7 0 -1 5.7283e-7 0 -1 -5.7283e-7 0 -1 -6.01582e-7 0 -1 2.60175e-7 0 -1 1.20092e-6 0 -1 1.09863e-6 0 -1 7.98583e-7 0 -1 -2.08319e-6 0 -1 -2.40184e-6 0 -1 -7.48466e-7 0 -1 -3.19435e-6 0 1 2.24855e-7 0 1 -2.24852e-7 0 1 -3.14846e-6 0 1 2.24853e-7 0 1 3.14846e-6 0 -1 5.7283e-7 0 -1 -1.14566e-6 0 -1 5.72828e-7 0 -1 -5.7283e-7 0 -1 -4.29622e-7 0 -1 -7.16037e-7 0 -1 5.72829e-7 0 -1 1.20092e-6 0 -1 8.14285e-7 0 -1 2.71554e-7 0 -1 -1.04068e-6 0 1 1.82126e-7 0 1 -5.12869e-7 0 1 2.24853e-7 0 1 3.14846e-6 0 -1 5.72831e-7 0 -1 -1.14566e-6 0 -1 4.29623e-7 0 -1 5.72829e-7 0 -1 -8.3534e-7 0 -1 3.19434e-6 0 -1 -7.41836e-7 0 -1 7.98584e-7 0 -1 -2.08319e-6 0 -1 -2.40184e-6 0 -1 -1.04068e-6 0 1 2.24855e-7 0 1 -2.24854e-7 0 1 -3.14847e-6 0 1 -3.79586e-7 0 1 2.24853e-7 0 1 3.14847e-6 0 -0.7365285 0.6764065 0 0 0.7142159 0.6999255 0 0.7142131 -0.6999284 0.7365287 0.6764064 0 0 0.7142151 0.6999263 0 0.714217 -0.6999244 0 0.05104368 -0.9986965 0 -0.05104368 0.9986965 1 -1.5202e-7 0 -1 -3.04041e-7 0 0 0.1080206 -0.9941487 0 -0.1080206 0.9941487 0.9999806 0.001054644 -0.00615096 0.002001464 -0.9997841 0.02068442 -0.09630054 -0.01465654 -0.9952445 -0.002001523 0.9997841 -0.02068465 0.09629815 0.01465618 0.9952446 -0.9999806 0.001055717 -0.00615096 -0.002001464 -0.9997841 0.02068459 0.09630066 -0.01465654 -0.9952444 0.002001404 0.9997841 -0.02068388 -0.09630304 0.01465648 0.9952442 0 0.8480675 -0.5298885 0 -0.8480674 -0.5298885 0.07253825 -0.19977 0.9771541 -0.03378307 -0.3909525 0.9197906 0.998701 0.01020598 -0.04992175 -0.9978385 -0.02570444 0.06047868 0 -0.8255783 0.5642877 -0.04194402 -0.8240107 0.5650197 -0.9978387 -0.02570223 0.06047672</float_array>
          <technique_common>
            <accessor source="#Cube_010-mesh-normals-array" count="1018" stride="3">
              <param name="X" type="float"/>
              <param name="Y" type="float"/>
              <param name="Z" type="float"/>
            </accessor>
          </technique_common>
        </source>
        <source id="Cube_010-mesh-map-0">
          <float_array id="Cube_010-mesh-map-0-array" count="7836">0.3760738 0.3605551 0.4359489 0.2765182 0.3760738 0.2765182 0.1657854 0.6852304 0.01441127 0.7015911 0.01441127 0.6852304 0.5081025 0.8693769 0.456372 0.7045079 0.5081025 0.7045079 0.1828708 0.8820666 0.01208102 0.7101578 0.1828708 0.7101578 0.1822552 0.9057173 0.01146566 0.7101578 0.1822552 0.7101578 0.1792087 0.9057173 0.008418977 0.7101578 0.1792087 0.7101578 0.1785931 0.7101578 0.00780338 0.8899501 0.00780338 0.7101578 0.4685339 0.6852304 0.3171597 0.8753947 0.3171597 0.6852304 0.3171597 0.6852304 0.1657854 0.8189478 0.1657854 0.6852304 0.545277 0.7978431 0.5081025 0.7045079 0.545277 0.7045079 0.4245817 0.2057257 0.4844568 0.2617741 0.4844568 0.2057257 0.1649863 0.864325 0.1454158 0.9951219 0.1649863 0.9951219 0.1183289 0.864325 0.0865491 0.9951219 0.1183289 0.9951219 0.1501086 0.864325 0.1183289 0.9951219 0.1501086 0.9951219 0.1818884 0.864325 0.1501086 0.9951219 0.1818884 0.9951219 0.2136681 0.864325 0.1818884 0.9951219 0.2136681 0.9951219 0.2454478 0.864325 0.2136681 0.9951219 0.2454478 0.9951219 0.2772276 0.864325 0.2454478 0.9951219 0.2772276 0.9951219 0.3758755 0.5702458 0.4528114 0.4965489 0.4528114 0.5702458 0.3171597 0.8753947 0.1657854 0.8189478 0.1657854 0.8189478 0.2433479 0.3100747 0.1652857 0.2768678 0.1652857 0.3100747 0.08351343 0.2768679 0.005451321 0.3100747 0.08351343 0.3100747 0.1615758 0.2768679 0.08351343 0.3100747 0.1615758 0.3100747 0.2396378 0.2768679 0.1615758 0.3100747 0.2396378 0.3100747 0.3177001 0.2768679 0.2396378 0.3100747 0.3177001 0.3100747 0.3547796 0.2768679 0.3177001 0.3100747 0.3547796 0.3100747 0.1652857 0.3432815 0.1652857 0.3100747 0.1652857 0.3432815 0.3920094 0.6448754 0.2760687 0.8108702 0.2760687 0.6448754 0.4374633 0.9084083 0.331708 0.8859143 0.4374633 0.8859143 0.3161986 0.2765182 0.3161986 0.2117502 0.3161986 0.2765182 0.4374633 0.8859143 0.331708 0.8057156 0.4374633 0.8057156 0.3161986 0.2765182 0.3760738 0.2117501 0.3161986 0.2117502 0.5432185 0.8859143 0.4374633 0.8057156 0.5432185 0.8057156 0.5432185 0.9084083 0.4374633 0.8859143 0.5432185 0.8859143 0.3171597 0.8753947 0.1657854 0.8189478 0.3171597 0.8753947 0.3547796 0.3100747 0.3177001 0.3432815 0.3547796 0.3432815 0.3177001 0.3100747 0.2396378 0.3432815 0.3177001 0.3432815 0.2396378 0.3100747 0.1615756 0.3432815 0.2396378 0.3432815 0.1615758 0.3100747 0.08351343 0.3432815 0.1615756 0.3432815 0.08351343 0.3100747 0.005451321 0.3432815 0.08351343 0.3432815 0.2433479 0.3100747 0.1652857 0.3432815 0.2433479 0.3432815 0.1652857 0.2768678 0.1652857 0.3100747 0.1652857 0.3100747 0.4844568 0.2057257 0.544332 0.2617741 0.544332 0.2057257 0.2177367 0.5176108 0.1119814 0.3834782 0.1119814 0.5176109 0.2177367 0.1978295 0.1119814 -0.01998293 0.1119814 0.1978295 0.2177367 0.415642 0.1119814 0.1978295 0.1119814 0.415642 0.2177367 0.6334545 0.1119814 0.415642 0.1119814 0.6334545 0.2177367 0.851267 0.1119814 0.6334545 0.1119814 0.851267 0.2177367 1.069079 0.1119814 0.851267 0.1119814 1.069079 0.2177367 1.286892 0.1119814 1.069079 0.1119814 1.286892 0.1119814 1.390353 0.2177367 1.286892 0.1119814 1.286892 0.4467195 0.7039789 0.3920094 0.8108702 0.3920094 0.6448754 0.3161986 0.3605551 0.3760738 0.2765182 0.3161986 0.2765182 0.2367692 0.6044279 0.2367692 0.5256848 0.3436987 0.6044279 0.3234919 0.6320081 0.2177367 0.5605898 0.2177367 0.6320081 0.331708 0.8859143 0.1075935 0.8057156 0.331708 0.8057156 0.331708 0.9225397 0.1075935 0.8859143 0.331708 0.8859143 0.08722364 0.2064965 0.009161412 0.2768678 0.08722364 0.2768678 0.3547796 0.2064965 0.3177001 0.2768679 0.3547796 0.2768679 0.3177001 0.2064965 0.2396378 0.2768679 0.3177001 0.2768679 0.2396378 0.2064965 0.1615758 0.2768679 0.2396378 0.2768679 0.1615758 0.2064965 0.08351343 0.2768679 0.1615758 0.2768679 0.08351343 0.2064965 0.005451321 0.2768678 0.08351343 0.2768679 0.2433479 0.2064965 0.1652857 0.2768678 0.2433479 0.2768678 0.1652857 0.2064965 0.08722364 0.2768678 0.1652857 0.2768678 0.1156687 0.8633041 0.3736321 0.9942465 0.3736321 0.8633041 0.6389164 0.006275594 0.5478012 0.1205437 0.6389164 0.1205437 0.3177001 0.2064965 0.2396378 0.2064965 0.3177001 0.2064965 0.2685465 0.526221 0.3687077 0.5729916 0.2685465 0.5729916 0.2396378 0.2768679 0.3177001 0.2768679 0.3177001 0.2768679 0.3177001 0.2768679 0.3177001 0.2064965 0.3177001 0.2768679 0.5290476 0.4210758 0.5290476 0.4210758 0.5290476 0.3638406 0.3754574 0.6471814 0.3082353 0.6813907 0.3258495 0.6813907 0.5 0.5164062 0.5 0.5 0.5 0.5 0.331708 0.8859143 0.4374633 0.9084083 0.4374633 0.8859143 0.6190931 0.2368525 0.5493404 0.2031489 0.6190931 0.2031489 0.4374633 0.8859143 0.4374633 0.9084083 0.4374633 0.8859143 0.331708 0.9225397 0.331708 0.8859143 0.331708 0.9225397 0.4374633 0.8859143 0.331708 0.8859143 0.331708 0.8859143 0.331708 0.9225397 0.4374633 0.9084083 0.4374633 0.9084083 0 0 0 0 0 0 -0.112133 0.5176109 0.1119814 0.5176109 0.1119814 0.5176109 0.005252182 0.6382712 0.2126414 0.5236674 0.005252182 0.5236674 0.3161986 0.2765182 0.3161986 0.3605551 0.3161986 0.3605551 0.005252182 0.5236674 0.2126414 0.4363648 0.005252182 0.4363648 0 0 0 0 0 0 0.3275286 0.5165792 0.2297638 0.5201383 0.3275286 0.5201383 0.2275772 0.5818287 0.2297638 0.6280778 0.2297638 0.5818287 0.2275772 0.5818287 0.2297638 0.5201383 0.2275726 0.5165892 0.3275286 0.631637 0.2297638 0.6280778 0.2275726 0.6316269 0.1893124 0.3605551 0.3161986 0.3605551 0.1893124 0.3605551 0.4359489 0.2765182 0.3760738 0.3605551 0.3760738 0.2765182 0.1657854 0.6852304 0.01441127 0.7015911 0.1657854 0.8189478 0.456372 0.7045079 0.5081025 0.8693769 0.5081025 0.7045079 0.01208102 0.7101578 0.1828708 0.8820666 0.1828708 0.7101578 0.01146566 0.7101578 0.1822552 0.9057173 0.1822552 0.7101578 0.008418977 0.7101578 0.1792087 0.9057173 0.1792087 0.7101578 0.1785931 0.7101578 0.00780338 0.8899501 0.1785931 0.9057173 0.4685339 0.6852304 0.3171597 0.8753947 0.4685339 0.8997847 0.3171597 0.6852304 0.1657854 0.8189478 0.3171597 0.8753947 0.5081025 0.7045079 0.545277 0.7978431 0.545277 0.7045079 0.4844568 0.2617741 0.4245817 0.2057257 0.4844568 0.2057257 0.2489446 0.989385 0.2744655 0.8646123 0.2744655 0.989385 0.0865491 0.9951219 0.1183289 0.864325 0.1183289 0.9951219 0.1183289 0.9951219 0.1501086 0.864325 0.1501086 0.9951219 0.1501086 0.9951219 0.1818884 0.864325 0.1818884 0.9951219 0.1818884 0.9951219 0.2136681 0.864325 0.2136681 0.9951219 0.2136681 0.9951219 0.2454478 0.864325 0.2454478 0.9951219 0.2454478 0.9951219 0.2772276 0.864325 0.2772276 0.9951219 0.4528114 0.4965489 0.5297478 0.5702458 0.4528114 0.5702458 0.1657854 0.8189478 0.01441127 0.7015911 0.01441127 0.7015911 0.2433479 0.3100747 0.1652857 0.2768678 0.2433479 0.2768678 0.005451321 0.3100747 0.08351343 0.2768679 0.08351343 0.3100747 0.08351343 0.3100747 0.1615758 0.2768679 0.1615758 0.3100747 0.1615758 0.3100747 0.2396378 0.2768679 0.2396378 0.3100747 0.2396378 0.3100747 0.3177001 0.2768679 0.3177001 0.3100747 0.3177001 0.3100747 0.3547796 0.2768679 0.3547796 0.3100747 0.331708 0.9225397 0.4374633 0.9084083 0.331708 0.9225397 0.2760687 0.8108702 0.160128 0.6448754 0.2760687 0.6448754 0.331708 0.8859143 0.4374633 0.9084083 0.4374633 0.8859143 0.3161986 0.2765182 0.3161986 0.2117502 0.3161986 0.2117502 0.331708 0.8057156 0.4374633 0.8859143 0.4374633 0.8057156 0.3760738 0.2117501 0.3161986 0.2765182 0.3161986 0.2117502 0.4374633 0.8057156 0.5432185 0.8859143 0.5432185 0.8057156 0.4374633 0.8859143 0.5432185 0.9084083 0.5432185 0.8859143 0.1652857 0.3100747 0.1652857 0.3432815 0.1652857 0.3100747 0.3177001 0.3432815 0.3547796 0.3100747 0.3547796 0.3432815 0.2396378 0.3432815 0.3177001 0.3100747 0.3177001 0.3432815 0.1615756 0.3432815 0.2396378 0.3100747 0.2396378 0.3432815 0.08351343 0.3432815 0.1615758 0.3100747 0.1615756 0.3432815 0.005451321 0.3432815 0.08351343 0.3100747 0.08351343 0.3432815 0.1652857 0.3432815 0.2433479 0.3100747 0.2433479 0.3432815 0.1652857 0.2768678 0.1652857 0.3100747 0.1652857 0.2768678 0.544332 0.2617741 0.4844568 0.2057257 0.544332 0.2057257 0.1119814 0.3834782 0.2177367 0.5176108 0.1119814 0.5176109 0.1119814 -0.01998293 0.2177367 0.1978295 0.1119814 0.1978295 0.1119814 0.1978295 0.2177367 0.415642 0.1119814 0.415642 0.1119814 0.415642 0.2177367 0.6334545 0.1119814 0.6334545 0.1119814 0.6334545 0.2177367 0.851267 0.1119814 0.851267 0.1119814 0.851267 0.2177367 1.069079 0.1119814 1.069079 0.1119814 1.069079 0.2177367 1.286892 0.1119814 1.286892 0.1119814 1.390353 0.2177367 1.286892 0.2177367 1.390353 0.160128 0.8108702 0.1054179 0.7039789 0.160128 0.6448754 0.3760738 0.2765182 0.3161986 0.3605551 0.3161986 0.2765182 0.2367692 0.6044279 0.3436987 0.6044279 0.2367692 0.5256848 0.2177367 0.5605898 0.3234919 0.6320081 0.2177367 0.6320081 0.1075935 0.8057156 0.331708 0.8859143 0.331708 0.8057156 0.1075935 0.8859143 0.331708 0.9225397 0.331708 0.8859143 0.009161412 0.2768678 0.08722364 0.2064965 0.08722364 0.2768678 0.3177001 0.2768679 0.3547796 0.2064965 0.3547796 0.2768679 0.2396378 0.2768679 0.3177001 0.2064965 0.3177001 0.2768679 0.1615758 0.2768679 0.2396378 0.2064965 0.2396378 0.2768679 0.08351343 0.2768679 0.1615758 0.2064965 0.1615758 0.2768679 0.005451321 0.2768678 0.08351343 0.2064965 0.08351343 0.2768679 0.1652857 0.2768678 0.2433479 0.2064965 0.2433479 0.2768678 0.08722364 0.2768678 0.1652857 0.2064965 0.1652857 0.2768678 0.3736321 0.9942465 0.1156687 0.8633041 0.3736321 0.8633041 0.5478012 0.1205437 0.6389164 0.006275594 0.6389164 0.1205437 0.2396378 0.2064965 0.3177001 0.2064965 0.3177001 0.2064965 0.3687077 0.5729916 0.2685465 0.526221 0.2685465 0.5729916 0.2396378 0.2768679 0.3177001 0.2768679 0.2396378 0.2768679 0.3177001 0.2064965 0.3177001 0.2768679 0.3177001 0.2768679 0.5290476 0.4210758 0.5290476 0.4210758 0.103151 0.4210758 0.3754574 0.6471814 0.3258495 0.6813907 0.3082353 0.6813907 0.5 0.5164062 0.5 0.5 0.5 0.5 0.4374633 0.9084083 0.331708 0.8859143 0.4374633 0.8859143 0.5493404 0.2031489 0.6190931 0.2368525 0.6190931 0.2031489 0.4374633 0.8859143 0.4374633 0.9084083 0.4374633 0.9084083 0.331708 0.9225397 0.331708 0.8859143 0.331708 0.8859143 0.331708 0.8859143 0.4374633 0.8859143 0.331708 0.8859143 0.4374633 0.9084083 0.331708 0.9225397 0.4374633 0.9084083 0.1119814 0.5176109 -0.112133 0.5176109 0.1119814 0.5176109 0.2126414 0.5236674 0.005252182 0.6382712 0.005252182 0.5236674 0.3161986 0.3605551 0.3161986 0.2765182 0.3161986 0.3605551 0.2126414 0.4363648 0.005252182 0.5236674 0.005252182 0.4363648 0.3275286 0.5165792 0.2297638 0.5201383 0.2275726 0.5165892 0.2275772 0.5818287 0.2297638 0.6280778 0.2275726 0.6316269 0.2297638 0.5201383 0.2275772 0.5818287 0.2275726 0.5165892 0.2297638 0.6280778 0.3275286 0.631637 0.2275726 0.6316269 0.1893124 0.3605551 0.3161986 0.3605551 0.3161986 0.3605551 0.6320089 0.9945921 0.555452 0.960314 0.555452 0.9945924 0.6320089 0.8474208 0.555452 0.8819522 0.555452 0.8474208 0.6320089 0.8819522 0.555452 0.933632 0.555452 0.8819522 0.6320089 0.933632 0.555452 0.9945924 0.555452 0.933632 0.5549059 0.9963875 0.6314628 0.9354271 0.6314628 0.9963875 0.5549059 0.9354271 0.6314628 0.8837476 0.6314628 0.9354271 0.5549059 0.8837476 0.6314628 0.8492162 0.6314628 0.8837476 0.555452 0.960314 0.6320089 0.9945924 0.555452 0.9945924 0.6314628 0.9963875 0.5549059 0.9621092 0.6314628 0.9621092 0.6314628 0.8492162 0.5549059 0.8837476 0.6314628 0.8837476 0.6314628 0.8837476 0.5549059 0.9354271 0.6314628 0.9354271 0.6314628 0.9354271 0.5549059 0.9963875 0.6314628 0.9963875 0.6320089 0.9945924 0.555452 0.933632 0.555452 0.9945924 0.555452 0.933632 0.6320089 0.8819522 0.555452 0.8819522 0.6320089 0.8819522 0.555452 0.8474208 0.555452 0.8819522 0.5549059 0.9621092 0.6314628 0.9963875 0.6314628 0.9621092 0.5945057 0.9457311 0.5945057 0.9436205 0.5945057 0.9436205 0.626006 0.8911275 0.6114309 0.8831409 0.6186151 0.8683413 0.5703963 0.9676701 0.5723918 0.9368745 0.5775805 0.9528707 0.6186151 0.8683413 0.6036655 0.8724525 0.6075536 0.853116 0.5814578 0.9828955 0.5775805 0.9528707 0.5853458 0.963559 0.6075536 0.853116 0.5945057 0.8686992 0.5945057 0.8477696 0.6075536 0.9828955 0.5945057 0.9673123 0.6036655 0.963559 0.5814578 0.9828955 0.5945057 0.9673123 0.5945057 0.9882419 0.5814578 0.853116 0.5945057 0.8686992 0.5853458 0.8724525 0.6186151 0.9676701 0.6036655 0.963559 0.6114309 0.9528707 0.5703963 0.8683413 0.5853458 0.8724525 0.5775805 0.8831409 0.6186151 0.9676701 0.6166193 0.9368745 0.626006 0.9448841 0.5703963 0.8683413 0.5723918 0.899137 0.563005 0.8911275 0.626006 0.9448841 0.6184412 0.9180058 0.6286017 0.9180058 0.563005 0.8911275 0.5705699 0.9180058 0.5604096 0.9180058 0.626006 0.8911275 0.6184412 0.9180058 0.6166193 0.899137 0.563005 0.9448841 0.5705699 0.9180058 0.5723918 0.9368745 0.5655171 0.7317506 0.6189563 0.7317506 0.6189563 0.8132298 0.5945057 0.8902804 0.5945057 0.8923909 0.5945057 0.8923909 0.5945057 0.9436205 0.5945057 0.9376105 0.5945057 0.9376105 0.5945057 0.8923909 0.5945057 0.898401 0.5945057 0.898401 0.5945057 0.9376105 0.5945057 0.9286157 0.5945057 0.9286157 0.5945057 0.898401 0.5945057 0.9073957 0.5945057 0.9073957 0.5945057 0.9286157 0.5945057 0.9180058 0.5945057 0.9180058 0.5945057 0.9180058 0.5945057 0.9286157 0.5945057 0.9286157 0.5945057 0.9073957 0.5945057 0.9180058 0.5945057 0.9180058 0.5945057 0.9180058 0.5945057 0.9073957 0.5945057 0.9073957 0.5945057 0.9286157 0.5945057 0.9376105 0.5945057 0.9376105 0.5945057 0.9073957 0.5945057 0.898401 0.5945057 0.898401 0.5945057 0.9376105 0.5945057 0.9436205 0.5945057 0.9436205 0.5945057 0.898401 0.5945057 0.8923909 0.5945057 0.8923909 0.5945057 0.9436205 0.5945057 0.9457311 0.5945057 0.9457311 0.5945057 0.8923909 0.5945057 0.8902804 0.5945057 0.8902804 0.6066973 0.7192613 0.5573258 0.7504421 0.5777761 0.8257191 0.6320089 0.9945921 0.555452 0.960314 0.555452 0.9945924 0.6320089 0.8474208 0.555452 0.8819522 0.555452 0.8474208 0.6320089 0.8819522 0.555452 0.933632 0.555452 0.8819522 0.6320089 0.933632 0.555452 0.9945924 0.555452 0.933632 0.5549059 0.9963875 0.6314628 0.9354271 0.6314628 0.9963875 0.5549059 0.9354271 0.6314628 0.8837476 0.6314628 0.9354271 0.5549059 0.8837476 0.6314628 0.8492162 0.6314628 0.8837476 0.555452 0.960314 0.6320089 0.9945924 0.555452 0.9945924 0.6314628 0.9963875 0.5549059 0.9621092 0.6314628 0.9621092 0.6314628 0.8492162 0.5549059 0.8837476 0.6314628 0.8837476 0.6314628 0.8837476 0.5549059 0.9354271 0.6314628 0.9354271 0.6314628 0.9354271 0.5549059 0.9963875 0.6314628 0.9963875 0.6320089 0.9945924 0.555452 0.933632 0.555452 0.9945924 0.555452 0.933632 0.6320089 0.8819522 0.555452 0.8819522 0.6320089 0.8819522 0.555452 0.8474208 0.555452 0.8819522 0.5549059 0.9621092 0.6314628 0.9963875 0.6314628 0.9621092 0.5945057 0.9457311 0.5945057 0.9436205 0.5945057 0.9436205 0.626006 0.8911275 0.6114309 0.8831409 0.6186151 0.8683413 0.563005 0.9448841 0.5775805 0.9528707 0.5703963 0.9676701 0.6075536 0.853116 0.6114309 0.8831409 0.6036655 0.8724525 0.5814578 0.9828955 0.5775805 0.9528707 0.5853458 0.963559 0.6075536 0.853116 0.5945057 0.8686992 0.5945057 0.8477696 0.6075536 0.9828955 0.5945057 0.9673123 0.6036655 0.963559 0.5814578 0.9828955 0.5945057 0.9673123 0.5945057 0.9882419 0.5814578 0.853116 0.5945057 0.8686992 0.5853458 0.8724525 0.6075536 0.9828955 0.6114309 0.9528707 0.6186151 0.9676701 0.5814578 0.853116 0.5775805 0.8831409 0.5703963 0.8683413 0.626006 0.9448841 0.6114309 0.9528707 0.6166193 0.9368745 0.563005 0.8911275 0.5775805 0.8831409 0.5723918 0.899137 0.626006 0.9448841 0.6184412 0.9180058 0.6286017 0.9180058 0.563005 0.8911275 0.5705699 0.9180058 0.5604096 0.9180058 0.626006 0.8911275 0.6184412 0.9180058 0.6166193 0.899137 0.563005 0.9448841 0.5705699 0.9180058 0.5723918 0.9368745 0.5655171 0.7317506 0.6189563 0.7317506 0.6189563 0.8132298 0.5945057 0.8902804 0.5945057 0.8923909 0.5945057 0.8923909 0.5945057 0.9436205 0.5945057 0.9376105 0.5945057 0.9376105 0.5945057 0.8923909 0.5945057 0.898401 0.5945057 0.898401 0.5945057 0.9376105 0.5945057 0.9286157 0.5945057 0.9286157 0.5945057 0.898401 0.5945057 0.9073957 0.5945057 0.9073957 0.5945057 0.9286157 0.5945057 0.9180058 0.5945057 0.9180058 0.5945057 0.9180058 0.5945057 0.9286157 0.5945057 0.9286157 0.5945057 0.9073957 0.5945057 0.9180058 0.5945057 0.9180058 0.5945057 0.9180058 0.5945057 0.9073957 0.5945057 0.9073957 0.5945057 0.9286157 0.5945057 0.9376105 0.5945057 0.9376105 0.5945057 0.9073957 0.5945057 0.898401 0.5945057 0.898401 0.5945057 0.9376105 0.5945057 0.9436205 0.5945057 0.9436205 0.5945057 0.898401 0.5945057 0.8923909 0.5945057 0.8923909 0.5945057 0.9436205 0.5945057 0.9457311 0.5945057 0.9457311 0.5945057 0.8923909 0.5945057 0.8902804 0.5945057 0.8902804 0.6271476 0.7945383 0.6066973 0.7192613 0.5573258 0.7504421 0.6320089 0.9945921 0.555452 0.960314 0.555452 0.9945924 0.6320089 0.8474208 0.555452 0.8819522 0.555452 0.8474208 0.6320089 0.8819522 0.555452 0.933632 0.555452 0.8819522 0.6320089 0.933632 0.555452 0.9945924 0.555452 0.933632 0.5549059 0.9963875 0.6314628 0.9354271 0.6314628 0.9963875 0.5549059 0.9354271 0.6314628 0.8837476 0.6314628 0.9354271 0.5549059 0.8837476 0.6314628 0.8492162 0.6314628 0.8837476 0.555452 0.960314 0.6320089 0.9945924 0.555452 0.9945924 0.6314628 0.9963875 0.5549059 0.9621092 0.6314628 0.9621092 0.6314628 0.8492162 0.5549059 0.8837476 0.6314628 0.8837476 0.6314628 0.8837476 0.5549059 0.9354271 0.6314628 0.9354271 0.6314628 0.9354271 0.5549059 0.9963875 0.6314628 0.9963875 0.6320089 0.9945924 0.555452 0.933632 0.555452 0.9945924 0.555452 0.933632 0.6320089 0.8819522 0.555452 0.8819522 0.555452 0.8819522 0.6320089 0.8474208 0.555452 0.8474208 0.5549059 0.9621092 0.6314628 0.9963875 0.6314628 0.9621092 0.5945057 0.9457311 0.5945057 0.9436205 0.5945057 0.9436205 0.626006 0.8911275 0.6114309 0.8831409 0.6186151 0.8683413 0.563005 0.9448841 0.5775805 0.9528707 0.5703963 0.9676701 0.6186151 0.8683413 0.6036655 0.8724525 0.6075536 0.853116 0.5814578 0.9828955 0.5775805 0.9528707 0.5853458 0.963559 0.6075536 0.853116 0.5945057 0.8686992 0.5945057 0.8477696 0.5945057 0.9882419 0.6036655 0.963559 0.6075536 0.9828955 0.5945057 0.9882419 0.5853458 0.963559 0.5945057 0.9673123 0.5945057 0.8477696 0.5853458 0.8724525 0.5814578 0.853116 0.6075536 0.9828955 0.6114309 0.9528707 0.6186151 0.9676701 0.5814578 0.853116 0.5775805 0.8831409 0.5703963 0.8683413 0.626006 0.9448841 0.6114309 0.9528707 0.6166193 0.9368745 0.563005 0.8911275 0.5775805 0.8831409 0.5723918 0.899137 0.626006 0.9448841 0.6184412 0.9180058 0.6286017 0.9180058 0.563005 0.8911275 0.5705699 0.9180058 0.5604096 0.9180058 0.626006 0.8911275 0.6184412 0.9180058 0.6166193 0.899137 0.563005 0.9448841 0.5705699 0.9180058 0.5723918 0.9368745 0.5655171 0.7317506 0.6189563 0.7317506 0.6189563 0.8132298 0.5945057 0.8902804 0.5945057 0.8923909 0.5945057 0.8923909 0.5945057 0.9436205 0.5945057 0.9376105 0.5945057 0.9376105 0.5945057 0.8923909 0.5945057 0.898401 0.5945057 0.898401 0.5945057 0.9376105 0.5945057 0.9286157 0.5945057 0.9286157 0.5945057 0.898401 0.5945057 0.9073957 0.5945057 0.9073957 0.5945057 0.9286157 0.5945057 0.9180058 0.5945057 0.9180058 0.5945057 0.9180058 0.5945057 0.9286157 0.5945057 0.9286157 0.5945057 0.9073957 0.5945057 0.9180058 0.5945057 0.9180058 0.5945057 0.9180058 0.5945057 0.9073957 0.5945057 0.9073957 0.5945057 0.9286157 0.5945057 0.9376105 0.5945057 0.9376105 0.5945057 0.9073957 0.5945057 0.898401 0.5945057 0.898401 0.5945057 0.9376105 0.5945057 0.9436205 0.5945057 0.9436205 0.5945057 0.898401 0.5945057 0.8923909 0.5945057 0.8923909 0.5945057 0.9436205 0.5945057 0.9457311 0.5945057 0.9457311 0.5945057 0.8923909 0.5945057 0.8902804 0.5945057 0.8902804 0.6271476 0.7945383 0.6066973 0.7192613 0.5573258 0.7504421 0.555452 0.960314 0.6320089 0.9945921 0.555452 0.9945924 0.555452 0.8819522 0.6320089 0.8474208 0.555452 0.8474208 0.555452 0.933632 0.6320089 0.8819522 0.555452 0.8819522 0.555452 0.9945924 0.6320089 0.933632 0.555452 0.933632 0.6314628 0.9354271 0.5549059 0.9963875 0.6314628 0.9963875 0.6314628 0.8837476 0.5549059 0.9354271 0.6314628 0.9354271 0.6314628 0.8492162 0.5549059 0.8837476 0.6314628 0.8837476 0.555452 0.960314 0.6320089 0.9945924 0.6320089 0.960314 0.6314628 0.9963875 0.5549059 0.9621092 0.5549059 0.9963875 0.6314628 0.8492162 0.5549059 0.8837476 0.5549059 0.8492162 0.6314628 0.8837476 0.5549059 0.9354271 0.5549059 0.8837476 0.6314628 0.9354271 0.5549059 0.9963875 0.5549059 0.9354271 0.555452 0.933632 0.6320089 0.9945924 0.555452 0.9945924 0.555452 0.933632 0.6320089 0.8819522 0.6320089 0.933632 0.555452 0.8474208 0.6320089 0.8819522 0.555452 0.8819522 0.6314628 0.9963875 0.5549059 0.9621092 0.6314628 0.9621092 0.5945057 0.9436205 0.5945057 0.9457311 0.5945057 0.9436205 0.6114309 0.8831409 0.626006 0.8911275 0.6186151 0.8683413 0.5703963 0.9676701 0.5723918 0.9368745 0.563005 0.9448841 0.6036655 0.8724525 0.6186151 0.8683413 0.6075536 0.853116 0.5814578 0.9828955 0.5775805 0.9528707 0.5703963 0.9676701 0.5945057 0.8686992 0.6075536 0.853116 0.5945057 0.8477696 0.6075536 0.9828955 0.5945057 0.9673123 0.5945057 0.9882419 0.5945057 0.9673123 0.5814578 0.9828955 0.5945057 0.9882419 0.5814578 0.853116 0.5945057 0.8686992 0.5945057 0.8477696 0.6186151 0.9676701 0.6036655 0.963559 0.6075536 0.9828955 0.5703963 0.8683413 0.5853458 0.8724525 0.5814578 0.853116 0.6166193 0.9368745 0.6186151 0.9676701 0.626006 0.9448841 0.5723918 0.899137 0.5703963 0.8683413 0.563005 0.8911275 0.6184412 0.9180058 0.626006 0.9448841 0.6286017 0.9180058 0.5705699 0.9180058 0.563005 0.8911275 0.5604096 0.9180058 0.626006 0.8911275 0.6184412 0.9180058 0.6286017 0.9180058 0.563005 0.9448841 0.5705699 0.9180058 0.5604096 0.9180058 0.5655171 0.8132298 0.5922367 0.8301048 0.5922367 0.7148756 0.5945057 0.8923909 0.5945057 0.8902804 0.5945057 0.8923909 0.5945057 0.9376105 0.5945057 0.9436205 0.5945057 0.9376105 0.5945057 0.898401 0.5945057 0.8923909 0.5945057 0.898401 0.5945057 0.9286157 0.5945057 0.9376105 0.5945057 0.9286157 0.5945057 0.9073957 0.5945057 0.898401 0.5945057 0.9073957 0.5945057 0.9180058 0.5945057 0.9286157 0.5945057 0.9180058 0.5945057 0.9286157 0.5945057 0.9180058 0.5945057 0.9286157 0.5945057 0.9180058 0.5945057 0.9073957 0.5945057 0.9180058 0.5945057 0.9073957 0.5945057 0.9180058 0.5945057 0.9073957 0.5945057 0.9376105 0.5945057 0.9286157 0.5945057 0.9376105 0.5945057 0.898401 0.5945057 0.9073957 0.5945057 0.898401 0.5945057 0.9436205 0.5945057 0.9376105 0.5945057 0.9436205 0.5945057 0.8923909 0.5945057 0.898401 0.5945057 0.8923909 0.5945057 0.9457311 0.5945057 0.9436205 0.5945057 0.9457311 0.5945057 0.8902804 0.5945057 0.8923909 0.5945057 0.8902804 0.5573258 0.7945383 0.5777761 0.7192613 0.6271476 0.7504421 0.555452 0.960314 0.6320089 0.9945921 0.555452 0.9945924 0.555452 0.8819522 0.6320089 0.8474208 0.555452 0.8474208 0.555452 0.933632 0.6320089 0.8819522 0.555452 0.8819522 0.555452 0.9945924 0.6320089 0.933632 0.555452 0.933632 0.6314628 0.9354271 0.5549059 0.9963875 0.6314628 0.9963875 0.6314628 0.8837476 0.5549059 0.9354271 0.6314628 0.9354271 0.6314628 0.8492162 0.5549059 0.8837476 0.6314628 0.8837476 0.555452 0.960314 0.6320089 0.9945924 0.6320089 0.960314 0.6314628 0.9963875 0.5549059 0.9621092 0.5549059 0.9963875 0.6314628 0.8492162 0.5549059 0.8837476 0.5549059 0.8492162 0.6314628 0.8837476 0.5549059 0.9354271 0.5549059 0.8837476 0.6314628 0.9354271 0.5549059 0.9963875 0.5549059 0.9354271 0.555452 0.933632 0.6320089 0.9945924 0.555452 0.9945924 0.555452 0.933632 0.6320089 0.8819522 0.6320089 0.933632 0.555452 0.8474208 0.6320089 0.8819522 0.555452 0.8819522 0.6314628 0.9963875 0.5549059 0.9621092 0.6314628 0.9621092 0.5945057 0.9436205 0.5945057 0.9457311 0.5945057 0.9436205 0.6114309 0.8831409 0.626006 0.8911275 0.6186151 0.8683413 0.5775805 0.9528707 0.563005 0.9448841 0.5703963 0.9676701 0.6075536 0.853116 0.6114309 0.8831409 0.6186151 0.8683413 0.5814578 0.9828955 0.5775805 0.9528707 0.5703963 0.9676701 0.5945057 0.8686992 0.6075536 0.853116 0.5945057 0.8477696 0.6075536 0.9828955 0.5945057 0.9673123 0.5945057 0.9882419 0.5945057 0.9673123 0.5814578 0.9828955 0.5945057 0.9882419 0.5814578 0.853116 0.5945057 0.8686992 0.5945057 0.8477696 0.6114309 0.9528707 0.6075536 0.9828955 0.6186151 0.9676701 0.5775805 0.8831409 0.5814578 0.853116 0.5703963 0.8683413 0.626006 0.9448841 0.6114309 0.9528707 0.6186151 0.9676701 0.563005 0.8911275 0.5775805 0.8831409 0.5703963 0.8683413 0.6184412 0.9180058 0.626006 0.9448841 0.6286017 0.9180058 0.5705699 0.9180058 0.563005 0.8911275 0.5604096 0.9180058 0.626006 0.8911275 0.6184412 0.9180058 0.6286017 0.9180058 0.563005 0.9448841 0.5705699 0.9180058 0.5604096 0.9180058 0.5922367 0.8301048 0.630024 0.7724902 0.5922367 0.7148756 0.5945057 0.8923909 0.5945057 0.8902804 0.5945057 0.8923909 0.5945057 0.9376105 0.5945057 0.9436205 0.5945057 0.9376105 0.5945057 0.898401 0.5945057 0.8923909 0.5945057 0.898401 0.5945057 0.9286157 0.5945057 0.9376105 0.5945057 0.9286157 0.5945057 0.9073957 0.5945057 0.898401 0.5945057 0.9073957 0.5945057 0.9180058 0.5945057 0.9286157 0.5945057 0.9180058 0.5945057 0.9286157 0.5945057 0.9180058 0.5945057 0.9286157 0.5945057 0.9180058 0.5945057 0.9073957 0.5945057 0.9180058 0.5945057 0.9073957 0.5945057 0.9180058 0.5945057 0.9073957 0.5945057 0.9376105 0.5945057 0.9286157 0.5945057 0.9376105 0.5945057 0.898401 0.5945057 0.9073957 0.5945057 0.898401 0.5945057 0.9436205 0.5945057 0.9376105 0.5945057 0.9436205 0.5945057 0.8923909 0.5945057 0.898401 0.5945057 0.8923909 0.5945057 0.9457311 0.5945057 0.9436205 0.5945057 0.9457311 0.5945057 0.8902804 0.5945057 0.8923909 0.5945057 0.8902804 0.5573258 0.7945383 0.5777761 0.7192613 0.6271476 0.7504421 0.555452 0.960314 0.6320089 0.9945921 0.555452 0.9945924 0.555452 0.8819522 0.6320089 0.8474208 0.555452 0.8474208 0.555452 0.933632 0.6320089 0.8819522 0.555452 0.8819522 0.555452 0.9945924 0.6320089 0.933632 0.555452 0.933632 0.6314628 0.9354271 0.5549059 0.9963875 0.6314628 0.9963875 0.6314628 0.8837476 0.5549059 0.9354271 0.6314628 0.9354271 0.6314628 0.8492162 0.5549059 0.8837476 0.6314628 0.8837476 0.555452 0.960314 0.6320089 0.9945924 0.6320089 0.960314 0.6314628 0.9963875 0.5549059 0.9621092 0.5549059 0.9963875 0.6314628 0.8492162 0.5549059 0.8837476 0.5549059 0.8492162 0.6314628 0.8837476 0.5549059 0.9354271 0.5549059 0.8837476 0.6314628 0.9354271 0.5549059 0.9963875 0.5549059 0.9354271 0.555452 0.933632 0.6320089 0.9945924 0.555452 0.9945924 0.555452 0.933632 0.6320089 0.8819522 0.6320089 0.933632 0.555452 0.8819522 0.6320089 0.8474208 0.6320089 0.8819522 0.6314628 0.9963875 0.5549059 0.9621092 0.6314628 0.9621092 0.5945057 0.9436205 0.5945057 0.9457311 0.5945057 0.9436205 0.6114309 0.8831409 0.626006 0.8911275 0.6186151 0.8683413 0.5775805 0.9528707 0.563005 0.9448841 0.5703963 0.9676701 0.6036655 0.8724525 0.6186151 0.8683413 0.6075536 0.853116 0.5814578 0.9828955 0.5775805 0.9528707 0.5703963 0.9676701 0.5945057 0.8686992 0.6075536 0.853116 0.5945057 0.8477696 0.6036655 0.963559 0.5945057 0.9882419 0.6075536 0.9828955 0.5945057 0.9882419 0.5853458 0.963559 0.5814578 0.9828955 0.5853458 0.8724525 0.5945057 0.8477696 0.5814578 0.853116 0.6114309 0.9528707 0.6075536 0.9828955 0.6186151 0.9676701 0.5775805 0.8831409 0.5814578 0.853116 0.5703963 0.8683413 0.626006 0.9448841 0.6114309 0.9528707 0.6186151 0.9676701 0.563005 0.8911275 0.5775805 0.8831409 0.5703963 0.8683413 0.6184412 0.9180058 0.626006 0.9448841 0.6286017 0.9180058 0.5705699 0.9180058 0.563005 0.8911275 0.5604096 0.9180058 0.626006 0.8911275 0.6184412 0.9180058 0.6286017 0.9180058 0.563005 0.9448841 0.5705699 0.9180058 0.5604096 0.9180058 0.5922367 0.7148756 0.5544494 0.7724902 0.5922367 0.8301048 0.5945057 0.8923909 0.5945057 0.8902804 0.5945057 0.8923909 0.5945057 0.9376105 0.5945057 0.9436205 0.5945057 0.9376105 0.5945057 0.898401 0.5945057 0.8923909 0.5945057 0.898401 0.5945057 0.9286157 0.5945057 0.9376105 0.5945057 0.9286157 0.5945057 0.9073957 0.5945057 0.898401 0.5945057 0.9073957 0.5945057 0.9180058 0.5945057 0.9286157 0.5945057 0.9180058 0.5945057 0.9286157 0.5945057 0.9180058 0.5945057 0.9286157 0.5945057 0.9180058 0.5945057 0.9073957 0.5945057 0.9180058 0.5945057 0.9073957 0.5945057 0.9180058 0.5945057 0.9073957 0.5945057 0.9376105 0.5945057 0.9286157 0.5945057 0.9376105 0.5945057 0.898401 0.5945057 0.9073957 0.5945057 0.898401 0.5945057 0.9436205 0.5945057 0.9376105 0.5945057 0.9436205 0.5945057 0.8923909 0.5945057 0.898401 0.5945057 0.8923909 0.5945057 0.9457311 0.5945057 0.9436205 0.5945057 0.9457311 0.5945057 0.8902804 0.5945057 0.8923909 0.5945057 0.8902804 0.5573258 0.7945383 0.5777761 0.7192613 0.6271476 0.7504421 0.3760738 0.2765182 0.3161986 0.3605551 0.3161986 0.2765182 0.3161986 0.3605551 0.3760738 0.2765182 0.3161986 0.2765182 0.3760738 0.3605551 0.3161986 0.3605551 0.3161986 0.3605551 0.3161986 0.3605551 0.3760738 0.3605551 0.3760738 0.3605551 0.3161986 0.2765182 0.3760738 0.2765182 0.3760738 0.2765182 0.3760738 0.3605551 0.3760737 0.2765181 0.3760738 0.2765182 0.6597866 0.2107158 0.622671 0.2396633 0.622671 0.2107157 0.3760738 0.2765182 0.3760738 0.3605551 0.3760738 0.3605551 0.622671 0.2396633 0.6597866 0.2107158 0.622671 0.2107158 0.3760738 0.2765182 0.3161986 0.2765182 0.3161986 0.2765182 0.3161986 0.2765182 0.3161986 0.3605551 0.3161986 0.3605551 0.3196529 0.2882308 0.3161986 0.3605551 0.3196529 0.3488425 0.3760738 0.3605551 0.3196529 0.3488425 0.3161986 0.3605551 0.3196529 0.2882308 0.3760738 0.2765182 0.3161986 0.2765182 0.3760738 0.2765182 0.3726195 0.3488425 0.3760738 0.3605551 0.3161986 0.2765182 0.3196529 0.3488425 0.3161986 0.3605551 0.3726195 0.3488425 0.3161986 0.3605551 0.3196529 0.3488425 0.3161986 0.2765182 0.3726195 0.2882308 0.3196529 0.2882308 0.3726195 0.2882308 0.3760738 0.3605551 0.3726195 0.3488425 0.3161986 0.3605551 0.3161986 0.2765182 0.3161986 0.2765182 0.6488195 0.3389977 0.7460776 0.4275676 0.7460776 0.3389977 0.7460776 0.4275676 0.6488195 0.3389977 0.7460776 0.3389977 0.2302379 0.6132072 0.3320842 0.6003616 0.3320842 0.6229502 0.3033035 0.6132072 0.2590186 0.5906186 0.2590186 0.6132072 0.2302379 0.6132072 0.3320842 0.6003616 0.2302379 0.5906186 0.2590186 0.6229502 0.3033035 0.6003616 0.3033035 0.6229502 0.6488195 0.3389977 0.7460776 0.4275676 0.7460776 0.3389977 0.7460776 0.4275676 0.6488195 0.3389977 0.7460776 0.3389977 0.2302379 0.6132072 0.3320842 0.6003616 0.3320842 0.6229502 0.3033035 0.6132072 0.2590186 0.5906186 0.2590186 0.6132072 0.2302379 0.6132072 0.3320842 0.6003616 0.2302379 0.5906186 0.2590186 0.6229502 0.3033035 0.6003616 0.3033035 0.6229502 0.4129427 0.2246531 0.4549244 0.2246531 0.4549244 0.2246531 0.4549244 0.2157093 0.4129427 0.2157093 0.4129427 0.2157093 0.3695389 0.2083728 0.4129427 0.2629867 0.3695389 0.2629867 0.4129427 0.2629867 0.4563466 0.2083728 0.4563466 0.2629867 0.4053575 0.2274975 0.4326644 0.227895 0.4053575 0.2128648 0.4053575 0.2274975 0.4053575 0.2128648 0.4326644 0.227895 0.4549244 0.2157093 0.4129427 0.2128648 0.4563466 0.2128648 0.4549244 0.2246531 0.4563466 0.2128648 0.4563466 0.2274975 0.3709611 0.2157093 0.4129427 0.2128648 0.4129427 0.2157093 0.3709611 0.2246531 0.3695389 0.2128648 0.3709611 0.2157093 0.3709611 0.2246531 0.4129427 0.2274975 0.3695389 0.2274975 0.4549244 0.2246531 0.4129427 0.2274975 0.4129427 0.2246531 0.6321811 0.7040092 0.7077159 0.6465094 0.7077159 0.7040092 0.5566461 0.6465094 0.6321811 0.7040092 0.5566461 0.7040092 0.3709611 0.2157093 0.3709611 0.2246531 0.3709611 0.2246531 0.4549244 0.2246531 0.4549244 0.2157093 0.4549244 0.2157093 0.3709611 0.2246531 0.4129427 0.2246531 0.4129427 0.2246531 0.4129427 0.2157093 0.3709611 0.2157093 0.3709611 0.2157093 0.9487044 0.7050004 0.8949745 0.5932822 0.9487044 0.5932822 0.9574406 0.7001013 0.9862596 0.6964664 0.9862596 0.7028582 0.9781157 0.7001013 0.9655846 0.6937095 0.9655846 0.7001013 0.9574406 0.7001013 0.9862596 0.6964664 0.9574406 0.6937095 0.9781157 0.7028582 0.9655846 0.6964664 0.9781157 0.6964664 0.8949745 0.5932822 0.9487044 0.7050004 0.9487044 0.5932822 0.9862596 0.6964664 0.9574406 0.7001013 0.9862596 0.7028582 0.9655846 0.6937095 0.9781157 0.7001013 0.9655846 0.7001013 0.9574406 0.7001013 0.9862596 0.6964664 0.9862596 0.7028582 0.9781157 0.7028582 0.9655846 0.6964664 0.9655846 0.7028582 0.2890625 0.6835496 0.3328664 0.5820754 0.3645679 0.6835496 0.2890625 0.6835496 0.2452586 0.5820754 0.2135571 0.6835496 0.2452586 0.5820754 0.2890625 0.6835496 0.2135571 0.6835496 0.2890625 0.6835496 0.3328664 0.5820754 0.2890625 0.5820754 0.3328664 0.5820754 0.3645679 0.6835496 0.3328664 0.5820754 0.2452586 0.5820754 0.2135571 0.6835496 0.2135571 0.6835496 0.2890625 0.5820754 0.2890625 0.5820754 0.2452586 0.5820754 0.1652857 0.3100747 0.08722364 0.2768678 0.08722364 0.3100747 0.1608809 0.5108523 0.1075319 0.63611 0.1608809 0.63611 0.1608809 0.5108523 0.2142299 0.63611 0.21423 0.5108523 0.1652857 0.3100747 0.08722364 0.3432815 0.1652857 0.3432815 0.1652857 0.3100747 0.08722364 0.2768678 0.1652857 0.2768678 0.1608809 0.5108523 0.1075319 0.63611 0.1075319 0.5108523 0.2142299 0.63611 0.1608809 0.5108523 0.21423 0.5108523 0.08722364 0.3432815 0.1652857 0.3100747 0.1652857 0.3432815 0.08722364 0.2768678 0.009161412 0.2768678 0.009161412 0.2768678 0.1652857 0.2768678 0.08722364 0.2768678 0.08722364 0.2768678 0.4374633 0.9084083 0.5432185 0.9084083 0.5432185 0.9084083 0.08722364 0.2768678 0.009161412 0.2768678 0.08722364 0.2768678 0.1652857 0.2768678 0.08722364 0.2768678 0.1652857 0.2768678 0.5432185 0.9084083 0.4374633 0.9084083 0.4374633 0.9084083 0.331708 0.9225397 0.4374633 0.9084083 0.4374633 0.9084083 0.1657854 0.8189478 0.01441127 0.7015911 0.1657854 0.8189478 0.3434638 0.6813907 0.3258495 0.6813907 0.3258495 0.6813907 0.1822552 0.7101578 0.01146566 0.7101578 0.01146566 0.7101578 0.3760738 0.3605551 0.4359489 0.3605551 0.4359489 0.2765182 0.1657854 0.6852304 0.1657854 0.8189478 0.01441127 0.7015911 0.5081025 0.8693769 0.456372 0.8818646 0.456372 0.7045079 0.1828708 0.8820666 0.01208102 0.9057173 0.01208102 0.7101578 0.1822552 0.9057173 0.01146566 0.9057173 0.01146566 0.7101578 0.1792087 0.9057173 0.008418977 0.9057173 0.008418977 0.7101578 0.1785931 0.7101578 0.1785931 0.9057173 0.00780338 0.8899501 0.4685339 0.6852304 0.4685339 0.8997847 0.3171597 0.8753947 0.3171597 0.6852304 0.3171597 0.8753947 0.1657854 0.8189478 0.545277 0.7978431 0.5081025 0.8693769 0.5081025 0.7045079 0.4245817 0.2057257 0.4245817 0.2617741 0.4844568 0.2617741 0.1649863 0.864325 0.1454158 0.864325 0.1454158 0.9951219 0.1183289 0.864325 0.0865491 0.864325 0.0865491 0.9951219 0.1501086 0.864325 0.1183289 0.864325 0.1183289 0.9951219 0.1818884 0.864325 0.1501086 0.864325 0.1501086 0.9951219 0.2136681 0.864325 0.1818884 0.864325 0.1818884 0.9951219 0.2454478 0.864325 0.2136681 0.864325 0.2136681 0.9951219 0.2772276 0.864325 0.2454478 0.864325 0.2454478 0.9951219 0.3758755 0.5702458 0.3758755 0.4965489 0.4528114 0.4965489 0.3171597 0.8753947 0.3171597 0.8753947 0.1657854 0.8189478 0.2433479 0.3100747 0.2433479 0.2768678 0.1652857 0.2768678 0.08351343 0.2768679 0.005451321 0.2768678 0.005451321 0.3100747 0.1615758 0.2768679 0.08351343 0.2768679 0.08351343 0.3100747 0.2396378 0.2768679 0.1615758 0.2768679 0.1615758 0.3100747 0.3177001 0.2768679 0.2396378 0.2768679 0.2396378 0.3100747 0.3547796 0.2768679 0.3177001 0.2768679 0.3177001 0.3100747 0.1652857 0.3432815 0.1652857 0.3100747 0.1652857 0.3100747 0.3920094 0.6448754 0.3920094 0.8108702 0.2760687 0.8108702 0.4374633 0.9084083 0.331708 0.9225397 0.331708 0.8859143 0.3161986 0.2765182 0.3161986 0.2117502 0.3161986 0.2117502 0.4374633 0.8859143 0.331708 0.8859143 0.331708 0.8057156 0.3161986 0.2765182 0.3760738 0.2765182 0.3760738 0.2117501 0.5432185 0.8859143 0.4374633 0.8859143 0.4374633 0.8057156 0.5432185 0.9084083 0.4374633 0.9084083 0.4374633 0.8859143 0.3171597 0.8753947 0.1657854 0.8189478 0.1657854 0.8189478 0.3547796 0.3100747 0.3177001 0.3100747 0.3177001 0.3432815 0.3177001 0.3100747 0.2396378 0.3100747 0.2396378 0.3432815 0.2396378 0.3100747 0.1615758 0.3100747 0.1615756 0.3432815 0.1615758 0.3100747 0.08351343 0.3100747 0.08351343 0.3432815 0.08351343 0.3100747 0.005451321 0.3100747 0.005451321 0.3432815 0.2433479 0.3100747 0.1652857 0.3100747 0.1652857 0.3432815 0.1652857 0.2768678 0.1652857 0.2768678 0.1652857 0.3100747 0.4844568 0.2057257 0.4844568 0.2617741 0.544332 0.2617741 0.2177367 0.5176108 0.2177367 0.3834782 0.1119814 0.3834782 0.2177367 0.1978295 0.2177367 -0.01998293 0.1119814 -0.01998293 0.2177367 0.415642 0.2177367 0.1978295 0.1119814 0.1978295 0.2177367 0.6334545 0.2177367 0.415642 0.1119814 0.415642 0.2177367 0.851267 0.2177367 0.6334545 0.1119814 0.6334545 0.2177367 1.069079 0.2177367 0.851267 0.1119814 0.851267 0.2177367 1.286892 0.2177367 1.069079 0.1119814 1.069079 0.1119814 1.390353 0.2177367 1.390353 0.2177367 1.286892 0.4467195 0.7039789 0.4467195 0.8108702 0.3920094 0.8108702 0.3161986 0.3605551 0.3760738 0.3605551 0.3760738 0.2765182 0.3234919 0.6320081 0.3234919 0.5605898 0.2177367 0.5605898 0.331708 0.8859143 0.1075935 0.8859143 0.1075935 0.8057156 0.331708 0.9225397 0.1075935 0.9225397 0.1075935 0.8859143 0.08722364 0.2064965 0.009161412 0.2064965 0.009161412 0.2768678 0.3547796 0.2064965 0.3177001 0.2064965 0.3177001 0.2768679 0.3177001 0.2064965 0.2396378 0.2064965 0.2396378 0.2768679 0.2396378 0.2064965 0.1615758 0.2064965 0.1615758 0.2768679 0.1615758 0.2064965 0.08351343 0.2064965 0.08351343 0.2768679 0.08351343 0.2064965 0.005451321 0.2064965 0.005451321 0.2768678 0.2433479 0.2064965 0.1652857 0.2064965 0.1652857 0.2768678 0.1652857 0.2064965 0.08722364 0.2064965 0.08722364 0.2768678 0.1156687 0.8633041 0.1156687 0.9942465 0.3736321 0.9942465 0.6389164 0.006275594 0.5478012 0.006275594 0.5478012 0.1205437 0.3177001 0.2064965 0.2396378 0.2064965 0.2396378 0.2064965 0.2685465 0.526221 0.3687077 0.526221 0.3687077 0.5729916 0.2396378 0.2768679 0.2396378 0.2768679 0.3177001 0.2768679 0.3177001 0.2768679 0.3177001 0.2064965 0.3177001 0.2064965 0.5290476 0.3638406 0.5104483 0.2967315 0.5290476 0.4210758 0.5104483 0.2967315 0.4845666 0.2775738 0.5290476 0.4210758 0.4845666 0.2775738 0.4300786 0.2775738 0.5290476 0.4210758 0.4300786 0.2775738 0.3755908 0.2775738 0.5290476 0.4210758 0.3755908 0.2775738 0.3211028 0.2775738 0.5290476 0.4210758 0.3211028 0.2775738 0.2666149 0.2775738 0.103151 0.4210758 0.5290476 0.4210758 0.3211028 0.2775738 0.103151 0.4210758 0.2121269 0.2775738 0.157639 0.2775738 0.103151 0.4210758 0.157639 0.2775738 0.103151 0.3809508 0.103151 0.4210758 0.2666149 0.2775738 0.2121269 0.2775738 0.103151 0.4210758 0.3694449 0.6813907 0.3754574 0.6813907 0.3754574 0.6471814 0.3754574 0.6471814 0.2377782 0.6471814 0.3082353 0.6813907 0.2377782 0.6471814 0.2377782 0.6813907 0.2553925 0.6813907 0.2377782 0.6471814 0.2553925 0.6813907 0.2730067 0.6813907 0.3610781 0.6813907 0.3694449 0.6813907 0.3754574 0.6471814 0.3434638 0.6813907 0.3610781 0.6813907 0.3754574 0.6471814 0.2377782 0.6471814 0.2730067 0.6813907 0.290621 0.6813907 0.2377782 0.6471814 0.290621 0.6813907 0.3082353 0.6813907 0.3258495 0.6813907 0.3434638 0.6813907 0.3754574 0.6471814 0.331708 0.8859143 0.331708 0.9225397 0.4374633 0.9084083 0.6190931 0.2368525 0.5493404 0.2580264 0.5493404 0.2031489 0.4374633 0.8859143 0.4374633 0.9084083 0.4374633 0.9084083 0.331708 0.9225397 0.331708 0.8859143 0.331708 0.8859143 0.4374633 0.8859143 0.4374633 0.8859143 0.331708 0.8859143 0.331708 0.9225397 0.331708 0.9225397 0.4374633 0.9084083 0 0 0 0 0 0 0 0 0 0 0 0 -0.112133 0.5176109 -0.112133 0.5176109 0.1119814 0.5176109 0.005252182 0.6382712 0.2126414 0.6382713 0.2126414 0.5236674 0.3161986 0.2765182 0.3161986 0.2765182 0.3161986 0.3605551 0.005252182 0.5236674 0.2126414 0.5236674 0.2126414 0.4363648 0 0 0 0 0 0 0 0 0 0 0 0 0.3275286 0.5165792 0.2275726 0.5165892 0.2297638 0.5201383 0.2275772 0.5818287 0.2275726 0.6316269 0.2297638 0.6280778 0.2275772 0.5818287 0.2297638 0.5818287 0.2297638 0.5201383 0.3275286 0.631637 0.3275286 0.6280778 0.2297638 0.6280778 0.1893124 0.3605551 0.3161986 0.3605551 0.3161986 0.3605551 0.4359489 0.2765182 0.4359489 0.3605551 0.3760738 0.3605551 0.1657854 0.6852304 0.01441127 0.6852304 0.01441127 0.7015911 0.456372 0.7045079 0.456372 0.8818646 0.5081025 0.8693769 0.01208102 0.7101578 0.01208102 0.9057173 0.1828708 0.8820666 0.01146566 0.7101578 0.01146566 0.9057173 0.1822552 0.9057173 0.008418977 0.7101578 0.008418977 0.9057173 0.1792087 0.9057173 0.1785931 0.7101578 0.00780338 0.7101578 0.00780338 0.8899501 0.4685339 0.6852304 0.3171597 0.6852304 0.3171597 0.8753947 0.3171597 0.6852304 0.1657854 0.6852304 0.1657854 0.8189478 0.5081025 0.7045079 0.5081025 0.8693769 0.545277 0.7978431 0.4844568 0.2617741 0.4245817 0.2617741 0.4245817 0.2057257 0.2489446 0.989385 0.2489446 0.8646123 0.2744655 0.8646123 0.0865491 0.9951219 0.0865491 0.864325 0.1183289 0.864325 0.1183289 0.9951219 0.1183289 0.864325 0.1501086 0.864325 0.1501086 0.9951219 0.1501086 0.864325 0.1818884 0.864325 0.1818884 0.9951219 0.1818884 0.864325 0.2136681 0.864325 0.2136681 0.9951219 0.2136681 0.864325 0.2454478 0.864325 0.2454478 0.9951219 0.2454478 0.864325 0.2772276 0.864325 0.4528114 0.4965489 0.5297478 0.4965489 0.5297478 0.5702458 0.1657854 0.8189478 0.1657854 0.8189478 0.01441127 0.7015911 0.2433479 0.3100747 0.1652857 0.3100747 0.1652857 0.2768678 0.005451321 0.3100747 0.005451321 0.2768678 0.08351343 0.2768679 0.08351343 0.3100747 0.08351343 0.2768679 0.1615758 0.2768679 0.1615758 0.3100747 0.1615758 0.2768679 0.2396378 0.2768679 0.2396378 0.3100747 0.2396378 0.2768679 0.3177001 0.2768679 0.3177001 0.3100747 0.3177001 0.2768679 0.3547796 0.2768679 0.331708 0.9225397 0.4374633 0.9084083 0.4374633 0.9084083 0.2760687 0.8108702 0.160128 0.8108702 0.160128 0.6448754 0.331708 0.8859143 0.331708 0.9225397 0.4374633 0.9084083 0.3161986 0.2765182 0.3161986 0.2765182 0.3161986 0.2117502 0.331708 0.8057156 0.331708 0.8859143 0.4374633 0.8859143 0.3760738 0.2117501 0.3760738 0.2765182 0.3161986 0.2765182 0.4374633 0.8057156 0.4374633 0.8859143 0.5432185 0.8859143 0.4374633 0.8859143 0.4374633 0.9084083 0.5432185 0.9084083 0.1652857 0.3100747 0.1652857 0.3432815 0.1652857 0.3432815 0.3177001 0.3432815 0.3177001 0.3100747 0.3547796 0.3100747 0.2396378 0.3432815 0.2396378 0.3100747 0.3177001 0.3100747 0.1615756 0.3432815 0.1615758 0.3100747 0.2396378 0.3100747 0.08351343 0.3432815 0.08351343 0.3100747 0.1615758 0.3100747 0.005451321 0.3432815 0.005451321 0.3100747 0.08351343 0.3100747 0.1652857 0.3432815 0.1652857 0.3100747 0.2433479 0.3100747 0.1652857 0.2768678 0.1652857 0.3100747 0.1652857 0.3100747 0.544332 0.2617741 0.4844568 0.2617741 0.4844568 0.2057257 0.1119814 0.3834782 0.2177367 0.3834782 0.2177367 0.5176108 0.1119814 -0.01998293 0.2177367 -0.01998293 0.2177367 0.1978295 0.1119814 0.1978295 0.2177367 0.1978295 0.2177367 0.415642 0.1119814 0.415642 0.2177367 0.415642 0.2177367 0.6334545 0.1119814 0.6334545 0.2177367 0.6334545 0.2177367 0.851267 0.1119814 0.851267 0.2177367 0.851267 0.2177367 1.069079 0.1119814 1.069079 0.2177367 1.069079 0.2177367 1.286892 0.1119814 1.390353 0.1119814 1.286892 0.2177367 1.286892 0.160128 0.8108702 0.1054179 0.8108702 0.1054179 0.7039789 0.3760738 0.2765182 0.3760738 0.3605551 0.3161986 0.3605551 0.2177367 0.5605898 0.3234919 0.5605898 0.3234919 0.6320081 0.1075935 0.8057156 0.1075935 0.8859143 0.331708 0.8859143 0.1075935 0.8859143 0.1075935 0.9225397 0.331708 0.9225397 0.009161412 0.2768678 0.009161412 0.2064965 0.08722364 0.2064965 0.3177001 0.2768679 0.3177001 0.2064965 0.3547796 0.2064965 0.2396378 0.2768679 0.2396378 0.2064965 0.3177001 0.2064965 0.1615758 0.2768679 0.1615758 0.2064965 0.2396378 0.2064965 0.08351343 0.2768679 0.08351343 0.2064965 0.1615758 0.2064965 0.005451321 0.2768678 0.005451321 0.2064965 0.08351343 0.2064965 0.1652857 0.2768678 0.1652857 0.2064965 0.2433479 0.2064965 0.08722364 0.2768678 0.08722364 0.2064965 0.1652857 0.2064965 0.3736321 0.9942465 0.1156687 0.9942465 0.1156687 0.8633041 0.5478012 0.1205437 0.5478012 0.006275594 0.6389164 0.006275594 0.2396378 0.2064965 0.2396378 0.2064965 0.3177001 0.2064965 0.3687077 0.5729916 0.3687077 0.526221 0.2685465 0.526221 0.2396378 0.2768679 0.3177001 0.2768679 0.3177001 0.2768679 0.3177001 0.2064965 0.3177001 0.2064965 0.3177001 0.2768679 0.103151 0.4210758 0.103151 0.3809508 0.157639 0.2775738 0.103151 0.4210758 0.157639 0.2775738 0.2121269 0.2775738 0.103151 0.4210758 0.2121269 0.2775738 0.2666149 0.2775738 0.103151 0.4210758 0.2666149 0.2775738 0.3211028 0.2775738 0.103151 0.4210758 0.3211028 0.2775738 0.5290476 0.4210758 0.3211028 0.2775738 0.3755908 0.2775738 0.5290476 0.4210758 0.4300786 0.2775738 0.4845666 0.2775738 0.5290476 0.4210758 0.4845666 0.2775738 0.5104483 0.2967315 0.5290476 0.4210758 0.3755908 0.2775738 0.4300786 0.2775738 0.5290476 0.4210758 0.5290476 0.4210758 0.5104483 0.2967315 0.5290476 0.3638406 0.3754574 0.6471814 0.3754574 0.6813907 0.3694449 0.6813907 0.3754574 0.6471814 0.3694449 0.6813907 0.3610781 0.6813907 0.2377782 0.6813907 0.2377782 0.6471814 0.2553925 0.6813907 0.2377782 0.6471814 0.3754574 0.6471814 0.3082353 0.6813907 0.2553925 0.6813907 0.2377782 0.6471814 0.2730067 0.6813907 0.2730067 0.6813907 0.2377782 0.6471814 0.290621 0.6813907 0.3754574 0.6471814 0.3610781 0.6813907 0.3434638 0.6813907 0.3754574 0.6471814 0.3434638 0.6813907 0.3258495 0.6813907 0.290621 0.6813907 0.2377782 0.6471814 0.3082353 0.6813907 0.4374633 0.9084083 0.331708 0.9225397 0.331708 0.8859143 0.5493404 0.2031489 0.5493404 0.2580264 0.6190931 0.2368525 0.4374633 0.8859143 0.4374633 0.8859143 0.4374633 0.9084083 0.331708 0.9225397 0.331708 0.9225397 0.331708 0.8859143 0.331708 0.8859143 0.4374633 0.8859143 0.4374633 0.8859143 0.4374633 0.9084083 0.331708 0.9225397 0.331708 0.9225397 0.1119814 0.5176109 -0.112133 0.5176109 -0.112133 0.5176109 0.2126414 0.5236674 0.2126414 0.6382713 0.005252182 0.6382712 0.3161986 0.3605551 0.3161986 0.2765182 0.3161986 0.2765182 0.2126414 0.4363648 0.2126414 0.5236674 0.005252182 0.5236674 0.3275286 0.5165792 0.3275286 0.5201383 0.2297638 0.5201383 0.2275772 0.5818287 0.2297638 0.5818287 0.2297638 0.6280778 0.2297638 0.5201383 0.2297638 0.5818287 0.2275772 0.5818287 0.2297638 0.6280778 0.3275286 0.6280778 0.3275286 0.631637 0.1893124 0.3605551 0.1893124 0.3605551 0.3161986 0.3605551 0.6320089 0.9945921 0.6320089 0.960314 0.555452 0.960314 0.6320089 0.8474208 0.6320089 0.8819522 0.555452 0.8819522 0.6320089 0.8819522 0.6320089 0.933632 0.555452 0.933632 0.6320089 0.933632 0.6320089 0.9945924 0.555452 0.9945924 0.5549059 0.9963875 0.5549059 0.9354271 0.6314628 0.9354271 0.5549059 0.9354271 0.5549059 0.8837476 0.6314628 0.8837476 0.5549059 0.8837476 0.5549059 0.8492162 0.6314628 0.8492162 0.555452 0.960314 0.6320089 0.960314 0.6320089 0.9945924 0.6314628 0.9963875 0.5549059 0.9963875 0.5549059 0.9621092 0.6314628 0.8492162 0.5549059 0.8492162 0.5549059 0.8837476 0.6314628 0.8837476 0.5549059 0.8837476 0.5549059 0.9354271 0.6314628 0.9354271 0.5549059 0.9354271 0.5549059 0.9963875 0.6320089 0.9945924 0.6320089 0.933632 0.555452 0.933632 0.555452 0.933632 0.6320089 0.933632 0.6320089 0.8819522 0.6320089 0.8819522 0.6320089 0.8474208 0.555452 0.8474208 0.5549059 0.9621092 0.5549059 0.9963878 0.6314628 0.9963875 0.5945057 0.9457311 0.5945057 0.9457311 0.5945057 0.9436205 0.626006 0.8911275 0.6166193 0.899137 0.6114309 0.8831409 0.5703963 0.9676701 0.563005 0.9448841 0.5723918 0.9368745 0.6186151 0.8683413 0.6114309 0.8831409 0.6036655 0.8724525 0.5814578 0.9828955 0.5703963 0.9676701 0.5775805 0.9528707 0.6075536 0.853116 0.6036655 0.8724525 0.5945057 0.8686992 0.6075536 0.9828955 0.5945057 0.9882419 0.5945057 0.9673123 0.5814578 0.9828955 0.5853458 0.963559 0.5945057 0.9673123 0.5814578 0.853116 0.5945057 0.8477696 0.5945057 0.8686992 0.6186151 0.9676701 0.6075536 0.9828955 0.6036655 0.963559 0.5703963 0.8683413 0.5814578 0.853116 0.5853458 0.8724525 0.6186151 0.9676701 0.6114309 0.9528707 0.6166193 0.9368745 0.5703963 0.8683413 0.5775805 0.8831409 0.5723918 0.899137 0.626006 0.9448841 0.6166193 0.9368745 0.6184412 0.9180058 0.563005 0.8911275 0.5723918 0.899137 0.5705699 0.9180058 0.626006 0.8911275 0.6286017 0.9180058 0.6184412 0.9180058 0.563005 0.9448841 0.5604096 0.9180058 0.5705699 0.9180058 0.6189563 0.8132298 0.6066973 0.8257191 0.5922367 0.8301048 0.5922367 0.8301048 0.5777761 0.8257191 0.6189563 0.8132298 0.5777761 0.8257191 0.5655171 0.8132298 0.6189563 0.8132298 0.5655171 0.8132298 0.5573258 0.7945383 0.5655171 0.7317506 0.5573258 0.7945383 0.5544494 0.7724902 0.5655171 0.7317506 0.5544494 0.7724902 0.5573258 0.7504421 0.5655171 0.7317506 0.5655171 0.7317506 0.5777761 0.7192613 0.6189563 0.7317506 0.5777761 0.7192613 0.5922367 0.7148756 0.6189563 0.7317506 0.5922367 0.7148756 0.6066973 0.7192613 0.6189563 0.7317506 0.6189563 0.7317506 0.6271476 0.7504421 0.6189563 0.8132298 0.6271476 0.7504421 0.630024 0.7724902 0.6189563 0.8132298 0.630024 0.7724902 0.6271476 0.7945383 0.6189563 0.8132298 0.6189563 0.8132298 0.5655171 0.8132298 0.5655171 0.7317506 0.5945057 0.8902804 0.5945057 0.8902804 0.5945057 0.8923909 0.5945057 0.9436205 0.5945057 0.9436205 0.5945057 0.9376105 0.5945057 0.8923909 0.5945057 0.8923909 0.5945057 0.898401 0.5945057 0.9376105 0.5945057 0.9376105 0.5945057 0.9286157 0.5945057 0.898401 0.5945057 0.898401 0.5945057 0.9073957 0.5945057 0.9286157 0.5945057 0.9286157 0.5945057 0.9180058 0.5945057 0.9180058 0.5945057 0.9180058 0.5945057 0.9286157 0.5945057 0.9073957 0.5945057 0.9073957 0.5945057 0.9180058 0.5945057 0.9180058 0.5945057 0.9180058 0.5945057 0.9073957 0.5945057 0.9286157 0.5945057 0.9286157 0.5945057 0.9376105 0.5945057 0.9073957 0.5945057 0.9073957 0.5945057 0.898401 0.5945057 0.9376105 0.5945057 0.9376105 0.5945057 0.9436205 0.5945057 0.898401 0.5945057 0.898401 0.5945057 0.8923909 0.5945057 0.9436205 0.5945057 0.9436205 0.5945057 0.9457311 0.5945057 0.8923909 0.5945057 0.8923909 0.5945057 0.8902804 0.5777761 0.8257191 0.5922367 0.8301048 0.6066973 0.8257191 0.6066973 0.8257191 0.6189563 0.8132298 0.5777761 0.8257191 0.6189563 0.8132298 0.6271476 0.7945383 0.5777761 0.8257191 0.6271476 0.7945383 0.630024 0.7724902 0.6271476 0.7504421 0.6271476 0.7504421 0.6189563 0.7317506 0.6271476 0.7945383 0.6189563 0.7317506 0.6066973 0.7192613 0.6271476 0.7945383 0.6066973 0.7192613 0.5922367 0.7148756 0.5777761 0.7192613 0.5777761 0.7192613 0.5655171 0.7317506 0.6066973 0.7192613 0.5655171 0.7317506 0.5573258 0.7504421 0.6066973 0.7192613 0.5573258 0.7504421 0.5544494 0.7724902 0.5573258 0.7945383 0.5573258 0.7945383 0.5655171 0.8132298 0.5777761 0.8257191 0.5573258 0.7504421 0.5573258 0.7945383 0.5777761 0.8257191 0.5777761 0.8257191 0.6271476 0.7945383 0.6066973 0.7192613 0.6320089 0.9945921 0.6320089 0.960314 0.555452 0.960314 0.6320089 0.8474208 0.6320089 0.8819522 0.555452 0.8819522 0.6320089 0.8819522 0.6320089 0.933632 0.555452 0.933632 0.6320089 0.933632 0.6320089 0.9945924 0.555452 0.9945924 0.5549059 0.9963875 0.5549059 0.9354271 0.6314628 0.9354271 0.5549059 0.9354271 0.5549059 0.8837476 0.6314628 0.8837476 0.5549059 0.8837476 0.5549059 0.8492162 0.6314628 0.8492162 0.555452 0.960314 0.6320089 0.960314 0.6320089 0.9945924 0.6314628 0.9963875 0.5549059 0.9963875 0.5549059 0.9621092 0.6314628 0.8492162 0.5549059 0.8492162 0.5549059 0.8837476 0.6314628 0.8837476 0.5549059 0.8837476 0.5549059 0.9354271 0.6314628 0.9354271 0.5549059 0.9354271 0.5549059 0.9963875 0.6320089 0.9945924 0.6320089 0.933632 0.555452 0.933632 0.555452 0.933632 0.6320089 0.933632 0.6320089 0.8819522 0.6320089 0.8819522 0.6320089 0.8474208 0.555452 0.8474208 0.5549059 0.9621092 0.5549059 0.9963878 0.6314628 0.9963875 0.5945057 0.9457311 0.5945057 0.9457311 0.5945057 0.9436205 0.626006 0.8911275 0.6166193 0.899137 0.6114309 0.8831409 0.563005 0.9448841 0.5723918 0.9368745 0.5775805 0.9528707 0.6075536 0.853116 0.6186151 0.8683413 0.6114309 0.8831409 0.5814578 0.9828955 0.5703963 0.9676701 0.5775805 0.9528707 0.6075536 0.853116 0.6036655 0.8724525 0.5945057 0.8686992 0.6075536 0.9828955 0.5945057 0.9882419 0.5945057 0.9673123 0.5814578 0.9828955 0.5853458 0.963559 0.5945057 0.9673123 0.5814578 0.853116 0.5945057 0.8477696 0.5945057 0.8686992 0.6075536 0.9828955 0.6036655 0.963559 0.6114309 0.9528707 0.5814578 0.853116 0.5853458 0.8724525 0.5775805 0.8831409 0.626006 0.9448841 0.6186151 0.9676701 0.6114309 0.9528707 0.563005 0.8911275 0.5703963 0.8683413 0.5775805 0.8831409 0.626006 0.9448841 0.6166193 0.9368745 0.6184412 0.9180058 0.563005 0.8911275 0.5723918 0.899137 0.5705699 0.9180058 0.626006 0.8911275 0.6286017 0.9180058 0.6184412 0.9180058 0.563005 0.9448841 0.5604096 0.9180058 0.5705699 0.9180058 0.6189563 0.8132298 0.6066973 0.8257191 0.5922367 0.8301048 0.5922367 0.8301048 0.5777761 0.8257191 0.6189563 0.8132298 0.5777761 0.8257191 0.5655171 0.8132298 0.6189563 0.8132298 0.5655171 0.8132298 0.5573258 0.7945383 0.5655171 0.7317506 0.5573258 0.7945383 0.5544494 0.7724902 0.5655171 0.7317506 0.5544494 0.7724902 0.5573258 0.7504421 0.5655171 0.7317506 0.5655171 0.7317506 0.5777761 0.7192613 0.6189563 0.7317506 0.5777761 0.7192613 0.5922367 0.7148756 0.6189563 0.7317506 0.5922367 0.7148756 0.6066973 0.7192613 0.6189563 0.7317506 0.6189563 0.7317506 0.6271476 0.7504421 0.6189563 0.8132298 0.6271476 0.7504421 0.630024 0.7724902 0.6189563 0.8132298 0.630024 0.7724902 0.6271476 0.7945383 0.6189563 0.8132298 0.6189563 0.8132298 0.5655171 0.8132298 0.5655171 0.7317506 0.5945057 0.8902804 0.5945057 0.8902804 0.5945057 0.8923909 0.5945057 0.9436205 0.5945057 0.9436205 0.5945057 0.9376105 0.5945057 0.8923909 0.5945057 0.8923909 0.5945057 0.898401 0.5945057 0.9376105 0.5945057 0.9376105 0.5945057 0.9286157 0.5945057 0.898401 0.5945057 0.898401 0.5945057 0.9073957 0.5945057 0.9286157 0.5945057 0.9286157 0.5945057 0.9180058 0.5945057 0.9180058 0.5945057 0.9180058 0.5945057 0.9286157 0.5945057 0.9073957 0.5945057 0.9073957 0.5945057 0.9180058 0.5945057 0.9180058 0.5945057 0.9180058 0.5945057 0.9073957 0.5945057 0.9286157 0.5945057 0.9286157 0.5945057 0.9376105 0.5945057 0.9073957 0.5945057 0.9073957 0.5945057 0.898401 0.5945057 0.9376105 0.5945057 0.9376105 0.5945057 0.9436205 0.5945057 0.898401 0.5945057 0.898401 0.5945057 0.8923909 0.5945057 0.9436205 0.5945057 0.9436205 0.5945057 0.9457311 0.5945057 0.8923909 0.5945057 0.8923909 0.5945057 0.8902804 0.5777761 0.8257191 0.5922367 0.8301048 0.6066973 0.8257191 0.6066973 0.8257191 0.6189563 0.8132298 0.6271476 0.7945383 0.6271476 0.7945383 0.630024 0.7724902 0.6271476 0.7504421 0.6271476 0.7504421 0.6189563 0.7317506 0.6066973 0.7192613 0.6066973 0.7192613 0.5922367 0.7148756 0.5777761 0.7192613 0.5777761 0.7192613 0.5655171 0.7317506 0.6066973 0.7192613 0.5655171 0.7317506 0.5573258 0.7504421 0.6066973 0.7192613 0.5573258 0.7504421 0.5544494 0.7724902 0.5573258 0.7945383 0.5573258 0.7945383 0.5655171 0.8132298 0.5573258 0.7504421 0.5655171 0.8132298 0.5777761 0.8257191 0.5573258 0.7504421 0.5777761 0.8257191 0.6066973 0.8257191 0.6271476 0.7945383 0.6271476 0.7945383 0.6271476 0.7504421 0.6066973 0.7192613 0.5777761 0.8257191 0.6271476 0.7945383 0.5573258 0.7504421 0.6320089 0.9945921 0.6320089 0.960314 0.555452 0.960314 0.6320089 0.8474208 0.6320089 0.8819522 0.555452 0.8819522 0.6320089 0.8819522 0.6320089 0.933632 0.555452 0.933632 0.6320089 0.933632 0.6320089 0.9945924 0.555452 0.9945924 0.5549059 0.9963875 0.5549059 0.9354271 0.6314628 0.9354271 0.5549059 0.9354271 0.5549059 0.8837476 0.6314628 0.8837476 0.5549059 0.8837476 0.5549059 0.8492162 0.6314628 0.8492162 0.555452 0.960314 0.6320089 0.960314 0.6320089 0.9945924 0.6314628 0.9963875 0.5549059 0.9963875 0.5549059 0.9621092 0.6314628 0.8492162 0.5549059 0.8492162 0.5549059 0.8837476 0.6314628 0.8837476 0.5549059 0.8837476 0.5549059 0.9354271 0.6314628 0.9354271 0.5549059 0.9354271 0.5549059 0.9963875 0.6320089 0.9945924 0.6320089 0.933632 0.555452 0.933632 0.555452 0.933632 0.6320089 0.933632 0.6320089 0.8819522 0.555452 0.8819522 0.6320089 0.8819522 0.6320089 0.8474208 0.5549059 0.9621092 0.5549059 0.9963878 0.6314628 0.9963875 0.5945057 0.9457311 0.5945057 0.9457311 0.5945057 0.9436205 0.626006 0.8911275 0.6166193 0.899137 0.6114309 0.8831409 0.563005 0.9448841 0.5723918 0.9368745 0.5775805 0.9528707 0.6186151 0.8683413 0.6114309 0.8831409 0.6036655 0.8724525 0.5814578 0.9828955 0.5703963 0.9676701 0.5775805 0.9528707 0.6075536 0.853116 0.6036655 0.8724525 0.5945057 0.8686992 0.5945057 0.9882419 0.5945057 0.9673123 0.6036655 0.963559 0.5945057 0.9882419 0.5814578 0.9828955 0.5853458 0.963559 0.5945057 0.8477696 0.5945057 0.8686992 0.5853458 0.8724525 0.6075536 0.9828955 0.6036655 0.963559 0.6114309 0.9528707 0.5814578 0.853116 0.5853458 0.8724525 0.5775805 0.8831409 0.626006 0.9448841 0.6186151 0.9676701 0.6114309 0.9528707 0.563005 0.8911275 0.5703963 0.8683413 0.5775805 0.8831409 0.626006 0.9448841 0.6166193 0.9368745 0.6184412 0.9180058 0.563005 0.8911275 0.5723918 0.899137 0.5705699 0.9180058 0.626006 0.8911275 0.6286017 0.9180058 0.6184412 0.9180058 0.563005 0.9448841 0.5604096 0.9180058 0.5705699 0.9180058 0.6189563 0.8132298 0.6066973 0.8257191 0.5922367 0.8301048 0.5922367 0.8301048 0.5777761 0.8257191 0.6189563 0.8132298 0.5777761 0.8257191 0.5655171 0.8132298 0.6189563 0.8132298 0.5655171 0.8132298 0.5573258 0.7945383 0.5655171 0.7317506 0.5573258 0.7945383 0.5544494 0.7724902 0.5655171 0.7317506 0.5544494 0.7724902 0.5573258 0.7504421 0.5655171 0.7317506 0.5655171 0.7317506 0.5777761 0.7192613 0.6189563 0.7317506 0.5777761 0.7192613 0.5922367 0.7148756 0.6189563 0.7317506 0.5922367 0.7148756 0.6066973 0.7192613 0.6189563 0.7317506 0.6189563 0.7317506 0.6271476 0.7504421 0.6189563 0.8132298 0.6271476 0.7504421 0.630024 0.7724902 0.6189563 0.8132298 0.630024 0.7724902 0.6271476 0.7945383 0.6189563 0.8132298 0.6189563 0.8132298 0.5655171 0.8132298 0.5655171 0.7317506 0.5945057 0.8902804 0.5945057 0.8902804 0.5945057 0.8923909 0.5945057 0.9436205 0.5945057 0.9436205 0.5945057 0.9376105 0.5945057 0.8923909 0.5945057 0.8923909 0.5945057 0.898401 0.5945057 0.9376105 0.5945057 0.9376105 0.5945057 0.9286157 0.5945057 0.898401 0.5945057 0.898401 0.5945057 0.9073957 0.5945057 0.9286157 0.5945057 0.9286157 0.5945057 0.9180058 0.5945057 0.9180058 0.5945057 0.9180058 0.5945057 0.9286157 0.5945057 0.9073957 0.5945057 0.9073957 0.5945057 0.9180058 0.5945057 0.9180058 0.5945057 0.9180058 0.5945057 0.9073957 0.5945057 0.9286157 0.5945057 0.9286157 0.5945057 0.9376105 0.5945057 0.9073957 0.5945057 0.9073957 0.5945057 0.898401 0.5945057 0.9376105 0.5945057 0.9376105 0.5945057 0.9436205 0.5945057 0.898401 0.5945057 0.898401 0.5945057 0.8923909 0.5945057 0.9436205 0.5945057 0.9436205 0.5945057 0.9457311 0.5945057 0.8923909 0.5945057 0.8923909 0.5945057 0.8902804 0.5777761 0.8257191 0.5922367 0.8301048 0.6271476 0.7945383 0.5922367 0.8301048 0.6066973 0.8257191 0.6271476 0.7945383 0.6066973 0.8257191 0.6189563 0.8132298 0.6271476 0.7945383 0.6271476 0.7945383 0.630024 0.7724902 0.6271476 0.7504421 0.6271476 0.7504421 0.6189563 0.7317506 0.6066973 0.7192613 0.6066973 0.7192613 0.5922367 0.7148756 0.5777761 0.7192613 0.5777761 0.7192613 0.5655171 0.7317506 0.6066973 0.7192613 0.5655171 0.7317506 0.5573258 0.7504421 0.6066973 0.7192613 0.5573258 0.7504421 0.5544494 0.7724902 0.5573258 0.7945383 0.5573258 0.7945383 0.5655171 0.8132298 0.5777761 0.8257191 0.6271476 0.7945383 0.6271476 0.7504421 0.6066973 0.7192613 0.5573258 0.7504421 0.5573258 0.7945383 0.5777761 0.8257191 0.5777761 0.8257191 0.6271476 0.7945383 0.5573258 0.7504421 0.555452 0.960314 0.6320089 0.960314 0.6320089 0.9945921 0.555452 0.8819522 0.6320089 0.8819522 0.6320089 0.8474208 0.555452 0.933632 0.6320089 0.933632 0.6320089 0.8819522 0.555452 0.9945924 0.6320089 0.9945924 0.6320089 0.933632 0.6314628 0.9354271 0.5549059 0.9354271 0.5549059 0.9963875 0.6314628 0.8837476 0.5549059 0.8837476 0.5549059 0.9354271 0.6314628 0.8492162 0.5549059 0.8492162 0.5549059 0.8837476 0.555452 0.960314 0.555452 0.9945924 0.6320089 0.9945924 0.6314628 0.9963875 0.6314628 0.9621092 0.5549059 0.9621092 0.6314628 0.8492162 0.6314628 0.8837476 0.5549059 0.8837476 0.6314628 0.8837476 0.6314628 0.9354271 0.5549059 0.9354271 0.6314628 0.9354271 0.6314628 0.9963875 0.5549059 0.9963875 0.555452 0.933632 0.6320089 0.933632 0.6320089 0.9945924 0.555452 0.933632 0.555452 0.8819522 0.6320089 0.8819522 0.555452 0.8474208 0.6320089 0.8474208 0.6320089 0.8819522 0.6314628 0.9963875 0.5549059 0.9963878 0.5549059 0.9621092 0.5945057 0.9436205 0.5945057 0.9457311 0.5945057 0.9457311 0.6114309 0.8831409 0.6166193 0.899137 0.626006 0.8911275 0.5703963 0.9676701 0.5775805 0.9528707 0.5723918 0.9368745 0.6036655 0.8724525 0.6114309 0.8831409 0.6186151 0.8683413 0.5814578 0.9828955 0.5853458 0.963559 0.5775805 0.9528707 0.5945057 0.8686992 0.6036655 0.8724525 0.6075536 0.853116 0.6075536 0.9828955 0.6036655 0.963559 0.5945057 0.9673123 0.5945057 0.9673123 0.5853458 0.963559 0.5814578 0.9828955 0.5814578 0.853116 0.5853458 0.8724525 0.5945057 0.8686992 0.6186151 0.9676701 0.6114309 0.9528707 0.6036655 0.963559 0.5703963 0.8683413 0.5775805 0.8831409 0.5853458 0.8724525 0.6166193 0.9368745 0.6114309 0.9528707 0.6186151 0.9676701 0.5723918 0.899137 0.5775805 0.8831409 0.5703963 0.8683413 0.6184412 0.9180058 0.6166193 0.9368745 0.626006 0.9448841 0.5705699 0.9180058 0.5723918 0.899137 0.563005 0.8911275 0.626006 0.8911275 0.6166193 0.899137 0.6184412 0.9180058 0.563005 0.9448841 0.5723918 0.9368745 0.5705699 0.9180058 0.5922367 0.8301048 0.6066973 0.8257191 0.6189563 0.8132298 0.6189563 0.8132298 0.6271476 0.7945383 0.630024 0.7724902 0.630024 0.7724902 0.6271476 0.7504421 0.5922367 0.7148756 0.6271476 0.7504421 0.6189563 0.7317506 0.5922367 0.7148756 0.6189563 0.7317506 0.6066973 0.7192613 0.5922367 0.7148756 0.5922367 0.7148756 0.5777761 0.7192613 0.5655171 0.7317506 0.5655171 0.7317506 0.5573258 0.7504421 0.5922367 0.7148756 0.5573258 0.7504421 0.5544494 0.7724902 0.5922367 0.7148756 0.5544494 0.7724902 0.5573258 0.7945383 0.5655171 0.8132298 0.5655171 0.8132298 0.5777761 0.8257191 0.5922367 0.8301048 0.5922367 0.8301048 0.6189563 0.8132298 0.5922367 0.7148756 0.6189563 0.8132298 0.630024 0.7724902 0.5922367 0.7148756 0.5544494 0.7724902 0.5655171 0.8132298 0.5922367 0.7148756 0.5945057 0.8923909 0.5945057 0.8902804 0.5945057 0.8902804 0.5945057 0.9376105 0.5945057 0.9436205 0.5945057 0.9436205 0.5945057 0.898401 0.5945057 0.8923909 0.5945057 0.8923909 0.5945057 0.9286157 0.5945057 0.9376105 0.5945057 0.9376105 0.5945057 0.9073957 0.5945057 0.898401 0.5945057 0.898401 0.5945057 0.9180058 0.5945057 0.9286157 0.5945057 0.9286157 0.5945057 0.9286157 0.5945057 0.9180058 0.5945057 0.9180058 0.5945057 0.9180058 0.5945057 0.9073957 0.5945057 0.9073957 0.5945057 0.9073957 0.5945057 0.9180058 0.5945057 0.9180058 0.5945057 0.9376105 0.5945057 0.9286157 0.5945057 0.9286157 0.5945057 0.898401 0.5945057 0.9073957 0.5945057 0.9073957 0.5945057 0.9436205 0.5945057 0.9376105 0.5945057 0.9376105 0.5945057 0.8923909 0.5945057 0.898401 0.5945057 0.898401 0.5945057 0.9457311 0.5945057 0.9436205 0.5945057 0.9436205 0.5945057 0.8902804 0.5945057 0.8923909 0.5945057 0.8923909 0.6066973 0.8257191 0.5922367 0.8301048 0.5777761 0.8257191 0.5777761 0.8257191 0.5655171 0.8132298 0.5573258 0.7945383 0.5573258 0.7945383 0.5544494 0.7724902 0.5573258 0.7504421 0.5573258 0.7504421 0.5655171 0.7317506 0.5573258 0.7945383 0.5655171 0.7317506 0.5777761 0.7192613 0.5573258 0.7945383 0.5777761 0.7192613 0.5922367 0.7148756 0.6066973 0.7192613 0.6066973 0.7192613 0.6189563 0.7317506 0.5777761 0.7192613 0.6189563 0.7317506 0.6271476 0.7504421 0.5777761 0.7192613 0.6271476 0.7504421 0.630024 0.7724902 0.6271476 0.7945383 0.6271476 0.7945383 0.6189563 0.8132298 0.6066973 0.8257191 0.6066973 0.8257191 0.5777761 0.8257191 0.5573258 0.7945383 0.6271476 0.7504421 0.6271476 0.7945383 0.6066973 0.8257191 0.6066973 0.8257191 0.5573258 0.7945383 0.6271476 0.7504421 0.555452 0.960314 0.6320089 0.960314 0.6320089 0.9945921 0.555452 0.8819522 0.6320089 0.8819522 0.6320089 0.8474208 0.555452 0.933632 0.6320089 0.933632 0.6320089 0.8819522 0.555452 0.9945924 0.6320089 0.9945924 0.6320089 0.933632 0.6314628 0.9354271 0.5549059 0.9354271 0.5549059 0.9963875 0.6314628 0.8837476 0.5549059 0.8837476 0.5549059 0.9354271 0.6314628 0.8492162 0.5549059 0.8492162 0.5549059 0.8837476 0.555452 0.960314 0.555452 0.9945924 0.6320089 0.9945924 0.6314628 0.9963875 0.6314628 0.9621092 0.5549059 0.9621092 0.6314628 0.8492162 0.6314628 0.8837476 0.5549059 0.8837476 0.6314628 0.8837476 0.6314628 0.9354271 0.5549059 0.9354271 0.6314628 0.9354271 0.6314628 0.9963875 0.5549059 0.9963875 0.555452 0.933632 0.6320089 0.933632 0.6320089 0.9945924 0.555452 0.933632 0.555452 0.8819522 0.6320089 0.8819522 0.555452 0.8474208 0.6320089 0.8474208 0.6320089 0.8819522 0.6314628 0.9963875 0.5549059 0.9963878 0.5549059 0.9621092 0.5945057 0.9436205 0.5945057 0.9457311 0.5945057 0.9457311 0.6114309 0.8831409 0.6166193 0.899137 0.626006 0.8911275 0.5775805 0.9528707 0.5723918 0.9368745 0.563005 0.9448841 0.6075536 0.853116 0.6036655 0.8724525 0.6114309 0.8831409 0.5814578 0.9828955 0.5853458 0.963559 0.5775805 0.9528707 0.5945057 0.8686992 0.6036655 0.8724525 0.6075536 0.853116 0.6075536 0.9828955 0.6036655 0.963559 0.5945057 0.9673123 0.5945057 0.9673123 0.5853458 0.963559 0.5814578 0.9828955 0.5814578 0.853116 0.5853458 0.8724525 0.5945057 0.8686992 0.6114309 0.9528707 0.6036655 0.963559 0.6075536 0.9828955 0.5775805 0.8831409 0.5853458 0.8724525 0.5814578 0.853116 0.626006 0.9448841 0.6166193 0.9368745 0.6114309 0.9528707 0.563005 0.8911275 0.5723918 0.899137 0.5775805 0.8831409 0.6184412 0.9180058 0.6166193 0.9368745 0.626006 0.9448841 0.5705699 0.9180058 0.5723918 0.899137 0.563005 0.8911275 0.626006 0.8911275 0.6166193 0.899137 0.6184412 0.9180058 0.563005 0.9448841 0.5723918 0.9368745 0.5705699 0.9180058 0.5922367 0.8301048 0.6066973 0.8257191 0.6189563 0.8132298 0.6189563 0.8132298 0.6271476 0.7945383 0.5922367 0.8301048 0.6271476 0.7945383 0.630024 0.7724902 0.5922367 0.8301048 0.630024 0.7724902 0.6271476 0.7504421 0.5922367 0.7148756 0.6271476 0.7504421 0.6189563 0.7317506 0.5922367 0.7148756 0.6189563 0.7317506 0.6066973 0.7192613 0.5922367 0.7148756 0.5922367 0.7148756 0.5777761 0.7192613 0.5655171 0.7317506 0.5655171 0.7317506 0.5573258 0.7504421 0.5544494 0.7724902 0.5544494 0.7724902 0.5573258 0.7945383 0.5922367 0.8301048 0.5573258 0.7945383 0.5655171 0.8132298 0.5922367 0.8301048 0.5655171 0.8132298 0.5777761 0.8257191 0.5922367 0.8301048 0.5922367 0.7148756 0.5655171 0.7317506 0.5922367 0.8301048 0.5655171 0.7317506 0.5544494 0.7724902 0.5922367 0.8301048 0.5945057 0.8923909 0.5945057 0.8902804 0.5945057 0.8902804 0.5945057 0.9376105 0.5945057 0.9436205 0.5945057 0.9436205 0.5945057 0.898401 0.5945057 0.8923909 0.5945057 0.8923909 0.5945057 0.9286157 0.5945057 0.9376105 0.5945057 0.9376105 0.5945057 0.9073957 0.5945057 0.898401 0.5945057 0.898401 0.5945057 0.9180058 0.5945057 0.9286157 0.5945057 0.9286157 0.5945057 0.9286157 0.5945057 0.9180058 0.5945057 0.9180058 0.5945057 0.9180058 0.5945057 0.9073957 0.5945057 0.9073957 0.5945057 0.9073957 0.5945057 0.9180058 0.5945057 0.9180058 0.5945057 0.9376105 0.5945057 0.9286157 0.5945057 0.9286157 0.5945057 0.898401 0.5945057 0.9073957 0.5945057 0.9073957 0.5945057 0.9436205 0.5945057 0.9376105 0.5945057 0.9376105 0.5945057 0.8923909 0.5945057 0.898401 0.5945057 0.898401 0.5945057 0.9457311 0.5945057 0.9436205 0.5945057 0.9436205 0.5945057 0.8902804 0.5945057 0.8923909 0.5945057 0.8923909 0.6066973 0.8257191 0.5922367 0.8301048 0.5777761 0.8257191 0.5777761 0.8257191 0.5655171 0.8132298 0.6066973 0.8257191 0.5655171 0.8132298 0.5573258 0.7945383 0.6066973 0.8257191 0.5573258 0.7945383 0.5544494 0.7724902 0.5573258 0.7504421 0.5573258 0.7504421 0.5655171 0.7317506 0.5573258 0.7945383 0.5655171 0.7317506 0.5777761 0.7192613 0.5573258 0.7945383 0.5777761 0.7192613 0.5922367 0.7148756 0.6066973 0.7192613 0.6066973 0.7192613 0.6189563 0.7317506 0.6271476 0.7504421 0.6271476 0.7504421 0.630024 0.7724902 0.6271476 0.7945383 0.6271476 0.7945383 0.6189563 0.8132298 0.6066973 0.8257191 0.5777761 0.7192613 0.6066973 0.7192613 0.6271476 0.7504421 0.6271476 0.7504421 0.6271476 0.7945383 0.6066973 0.8257191 0.6066973 0.8257191 0.5573258 0.7945383 0.6271476 0.7504421 0.555452 0.960314 0.6320089 0.960314 0.6320089 0.9945921 0.555452 0.8819522 0.6320089 0.8819522 0.6320089 0.8474208 0.555452 0.933632 0.6320089 0.933632 0.6320089 0.8819522 0.555452 0.9945924 0.6320089 0.9945924 0.6320089 0.933632 0.6314628 0.9354271 0.5549059 0.9354271 0.5549059 0.9963875 0.6314628 0.8837476 0.5549059 0.8837476 0.5549059 0.9354271 0.6314628 0.8492162 0.5549059 0.8492162 0.5549059 0.8837476 0.555452 0.960314 0.555452 0.9945924 0.6320089 0.9945924 0.6314628 0.9963875 0.6314628 0.9621092 0.5549059 0.9621092 0.6314628 0.8492162 0.6314628 0.8837476 0.5549059 0.8837476 0.6314628 0.8837476 0.6314628 0.9354271 0.5549059 0.9354271 0.6314628 0.9354271 0.6314628 0.9963875 0.5549059 0.9963875 0.555452 0.933632 0.6320089 0.933632 0.6320089 0.9945924 0.555452 0.933632 0.555452 0.8819522 0.6320089 0.8819522 0.555452 0.8819522 0.555452 0.8474208 0.6320089 0.8474208 0.6314628 0.9963875 0.5549059 0.9963878 0.5549059 0.9621092 0.5945057 0.9436205 0.5945057 0.9457311 0.5945057 0.9457311 0.6114309 0.8831409 0.6166193 0.899137 0.626006 0.8911275 0.5775805 0.9528707 0.5723918 0.9368745 0.563005 0.9448841 0.6036655 0.8724525 0.6114309 0.8831409 0.6186151 0.8683413 0.5814578 0.9828955 0.5853458 0.963559 0.5775805 0.9528707 0.5945057 0.8686992 0.6036655 0.8724525 0.6075536 0.853116 0.6036655 0.963559 0.5945057 0.9673123 0.5945057 0.9882419 0.5945057 0.9882419 0.5945057 0.9673123 0.5853458 0.963559 0.5853458 0.8724525 0.5945057 0.8686992 0.5945057 0.8477696 0.6114309 0.9528707 0.6036655 0.963559 0.6075536 0.9828955 0.5775805 0.8831409 0.5853458 0.8724525 0.5814578 0.853116 0.626006 0.9448841 0.6166193 0.9368745 0.6114309 0.9528707 0.563005 0.8911275 0.5723918 0.899137 0.5775805 0.8831409 0.6184412 0.9180058 0.6166193 0.9368745 0.626006 0.9448841 0.5705699 0.9180058 0.5723918 0.899137 0.563005 0.8911275 0.626006 0.8911275 0.6166193 0.899137 0.6184412 0.9180058 0.563005 0.9448841 0.5723918 0.9368745 0.5705699 0.9180058 0.5922367 0.8301048 0.6066973 0.8257191 0.6189563 0.8132298 0.6189563 0.8132298 0.6271476 0.7945383 0.5922367 0.8301048 0.6271476 0.7945383 0.630024 0.7724902 0.5922367 0.8301048 0.630024 0.7724902 0.6271476 0.7504421 0.6189563 0.7317506 0.6189563 0.7317506 0.6066973 0.7192613 0.5922367 0.7148756 0.5922367 0.7148756 0.5777761 0.7192613 0.5655171 0.7317506 0.5655171 0.7317506 0.5573258 0.7504421 0.5922367 0.7148756 0.5573258 0.7504421 0.5544494 0.7724902 0.5922367 0.7148756 0.5544494 0.7724902 0.5573258 0.7945383 0.5922367 0.8301048 0.5573258 0.7945383 0.5655171 0.8132298 0.5922367 0.8301048 0.5655171 0.8132298 0.5777761 0.8257191 0.5922367 0.8301048 0.630024 0.7724902 0.6189563 0.7317506 0.5922367 0.8301048 0.6189563 0.7317506 0.5922367 0.7148756 0.5922367 0.8301048 0.5945057 0.8923909 0.5945057 0.8902804 0.5945057 0.8902804 0.5945057 0.9376105 0.5945057 0.9436205 0.5945057 0.9436205 0.5945057 0.898401 0.5945057 0.8923909 0.5945057 0.8923909 0.5945057 0.9286157 0.5945057 0.9376105 0.5945057 0.9376105 0.5945057 0.9073957 0.5945057 0.898401 0.5945057 0.898401 0.5945057 0.9180058 0.5945057 0.9286157 0.5945057 0.9286157 0.5945057 0.9286157 0.5945057 0.9180058 0.5945057 0.9180058 0.5945057 0.9180058 0.5945057 0.9073957 0.5945057 0.9073957 0.5945057 0.9073957 0.5945057 0.9180058 0.5945057 0.9180058 0.5945057 0.9376105 0.5945057 0.9286157 0.5945057 0.9286157 0.5945057 0.898401 0.5945057 0.9073957 0.5945057 0.9073957 0.5945057 0.9436205 0.5945057 0.9376105 0.5945057 0.9376105 0.5945057 0.8923909 0.5945057 0.898401 0.5945057 0.898401 0.5945057 0.9457311 0.5945057 0.9436205 0.5945057 0.9436205 0.5945057 0.8902804 0.5945057 0.8923909 0.5945057 0.8923909 0.6066973 0.8257191 0.5922367 0.8301048 0.5777761 0.8257191 0.5777761 0.8257191 0.5655171 0.8132298 0.5573258 0.7945383 0.5573258 0.7945383 0.5544494 0.7724902 0.5573258 0.7504421 0.5573258 0.7504421 0.5655171 0.7317506 0.5777761 0.7192613 0.5777761 0.7192613 0.5922367 0.7148756 0.6066973 0.7192613 0.6066973 0.7192613 0.6189563 0.7317506 0.5777761 0.7192613 0.6189563 0.7317506 0.6271476 0.7504421 0.5777761 0.7192613 0.6271476 0.7504421 0.630024 0.7724902 0.6271476 0.7945383 0.6271476 0.7945383 0.6189563 0.8132298 0.6066973 0.8257191 0.6066973 0.8257191 0.5777761 0.8257191 0.5573258 0.7945383 0.5573258 0.7945383 0.5573258 0.7504421 0.5777761 0.7192613 0.6271476 0.7504421 0.6271476 0.7945383 0.6066973 0.8257191 0.6066973 0.8257191 0.5573258 0.7945383 0.6271476 0.7504421 0.3760738 0.2765182 0.3760738 0.3605551 0.3161986 0.3605551 0.3161986 0.3605551 0.3760738 0.3605551 0.3760738 0.2765182 0.3760738 0.3605551 0.3760738 0.3605551 0.3161986 0.3605551 0.3161986 0.3605551 0.3161986 0.3605551 0.3760738 0.3605551 0.3161986 0.2765182 0.3161986 0.2765182 0.3760738 0.2765182 0.3760738 0.3605551 0.3760738 0.3605551 0.3760737 0.2765181 0.6597866 0.2107158 0.6597866 0.2396634 0.622671 0.2396633 0.3760738 0.2765182 0.3760738 0.2765182 0.3760738 0.3605551 0.622671 0.2396633 0.6597866 0.2396634 0.6597866 0.2107158 0.3760738 0.2765182 0.3760737 0.2765181 0.3161986 0.2765182 0.3161986 0.2765182 0.3161986 0.2765182 0.3161986 0.3605551 0.3196529 0.2882308 0.3161986 0.2765182 0.3161986 0.3605551 0.3760738 0.3605551 0.3726195 0.3488425 0.3196529 0.3488425 0.3196529 0.2882308 0.3726195 0.2882308 0.3760738 0.2765182 0.3760738 0.2765182 0.3726195 0.2882308 0.3726195 0.3488425 0.3161986 0.2765182 0.3196529 0.2882308 0.3196529 0.3488425 0.3726195 0.3488425 0.3760738 0.3605551 0.3161986 0.3605551 0.3161986 0.2765182 0.3760737 0.2765181 0.3726195 0.2882308 0.3726195 0.2882308 0.3760737 0.2765181 0.3760738 0.3605551 0.3161986 0.3605551 0.3161986 0.3605551 0.3161986 0.2765182 0.6488195 0.3389977 0.6488195 0.4275676 0.7460776 0.4275676 0.7460776 0.4275676 0.6488195 0.4275676 0.6488195 0.3389977 0.2302379 0.6132072 0.2302379 0.5906186 0.3320842 0.6003616 0.3033035 0.6132072 0.3033035 0.5906186 0.2590186 0.5906186 0.2302379 0.6132072 0.3320842 0.6229502 0.3320842 0.6003616 0.2590186 0.6229502 0.2590186 0.6003616 0.3033035 0.6003616 0.6488195 0.3389977 0.6488195 0.4275676 0.7460776 0.4275676 0.7460776 0.4275676 0.6488195 0.4275676 0.6488195 0.3389977 0.2302379 0.6132072 0.2302379 0.5906186 0.3320842 0.6003616 0.3033035 0.6132072 0.3033035 0.5906186 0.2590186 0.5906186 0.2302379 0.6132072 0.3320842 0.6229502 0.3320842 0.6003616 0.2590186 0.6229502 0.2590186 0.6003616 0.3033035 0.6003616 0.4129427 0.2246531 0.4129427 0.2246531 0.4549244 0.2246531 0.4549244 0.2157093 0.4549244 0.2157093 0.4129427 0.2157093 0.3695389 0.2083728 0.4129427 0.2083728 0.4129427 0.2629867 0.4129427 0.2629867 0.4129427 0.2083728 0.4563466 0.2083728 0.4549244 0.2157093 0.4129427 0.2157093 0.4129427 0.2128648 0.4549244 0.2246531 0.4549244 0.2157093 0.4563466 0.2128648 0.3709611 0.2157093 0.3695389 0.2128648 0.4129427 0.2128648 0.3709611 0.2246531 0.3695389 0.2274975 0.3695389 0.2128648 0.3709611 0.2246531 0.4129427 0.2246531 0.4129427 0.2274975 0.4549244 0.2246531 0.4563466 0.2274975 0.4129427 0.2274975 0.6321811 0.7040092 0.6321811 0.6465094 0.7077159 0.6465094 0.5566461 0.6465094 0.6321811 0.6465094 0.6321811 0.7040092 0.3709611 0.2157093 0.3709611 0.2157093 0.3709611 0.2246531 0.4549244 0.2246531 0.4549244 0.2246531 0.4549244 0.2157093 0.3709611 0.2246531 0.3709611 0.2246531 0.4129427 0.2246531 0.4129427 0.2157093 0.4129427 0.2157093 0.3709611 0.2157093 0.9487044 0.7050004 0.8949745 0.7050004 0.8949745 0.5932822 0.9574406 0.7001013 0.9574406 0.6937095 0.9862596 0.6964664 0.9781157 0.7001013 0.9781157 0.6937095 0.9655846 0.6937095 0.9574406 0.7001013 0.9862596 0.7028582 0.9862596 0.6964664 0.9781157 0.7028582 0.9655846 0.7028582 0.9655846 0.6964664 0.8949745 0.5932822 0.8949745 0.7050004 0.9487044 0.7050004 0.9862596 0.6964664 0.9574406 0.6937095 0.9574406 0.7001013 0.9655846 0.6937095 0.9781157 0.6937095 0.9781157 0.7001013 0.9574406 0.7001013 0.9574406 0.6937095 0.9862596 0.6964664 0.9781157 0.7028582 0.9781157 0.6964664 0.9655846 0.6964664 0.2890625 0.6835496 0.2890625 0.5820754 0.3328664 0.5820754 0.2890625 0.6835496 0.2890625 0.5820754 0.2452586 0.5820754 0.2452586 0.5820754 0.2890625 0.5820754 0.2890625 0.6835496 0.2890625 0.6835496 0.3645679 0.6835496 0.3328664 0.5820754 0.3328664 0.5820754 0.3645679 0.6835496 0.3645679 0.6835496 0.2452586 0.5820754 0.2452586 0.5820754 0.2135571 0.6835496 0.2890625 0.5820754 0.3328664 0.5820754 0.3328664 0.5820754 0.2890625 0.5820754 0.2452586 0.5820754 0.2452586 0.5820754 0.2890625 0.5820754 0.3328664 0.5820754 0.2890625 0.5820754 0.1652857 0.3100747 0.1652857 0.2768678 0.08722364 0.2768678 0.1608809 0.5108523 0.1075319 0.5108523 0.1075319 0.63611 0.1608809 0.5108523 0.1608809 0.63611 0.2142299 0.63611 0.1652857 0.3100747 0.08722364 0.3100747 0.08722364 0.3432815 0.1652857 0.3100747 0.08722364 0.3100747 0.08722364 0.2768678 0.1608809 0.5108523 0.1608809 0.63611 0.1075319 0.63611 0.2142299 0.63611 0.1608809 0.63611 0.1608809 0.5108523 0.08722364 0.3432815 0.08722364 0.3100747 0.1652857 0.3100747 0.08722364 0.2768678 0.08722364 0.2768678 0.009161412 0.2768678 0.1652857 0.2768678 0.1652857 0.2768678 0.08722364 0.2768678 0.4374633 0.9084083 0.4374633 0.9084083 0.5432185 0.9084083 0.08722364 0.2768678 0.009161412 0.2768678 0.009161412 0.2768678 0.1652857 0.2768678 0.08722364 0.2768678 0.08722364 0.2768678 0.5432185 0.9084083 0.5432185 0.9084083 0.4374633 0.9084083 0.331708 0.9225397 0.331708 0.9225397 0.4374633 0.9084083 0.1657854 0.8189478 0.01441127 0.7015911 0.01441127 0.7015911 0.3434638 0.6813907 0.3434638 0.6813907 0.3258495 0.6813907 0.1822552 0.7101578 0.1822552 0.7101578 0.01146566 0.7101578</float_array>
          <technique_common>
            <accessor source="#Cube_010-mesh-map-0-array" count="3918" stride="2">
              <param name="S" type="float"/>
              <param name="T" type="float"/>
            </accessor>
          </technique_common>
        </source>
        <vertices id="Cube_010-mesh-vertices">
          <input semantic="POSITION" source="#Cube_010-mesh-positions"/>
        </vertices>
        <triangles material="Material-material" count="1306">
          <input semantic="VERTEX" source="#Cube_010-mesh-vertices" offset="0"/>
          <input semantic="NORMAL" source="#Cube_010-mesh-normals" offset="1"/>
          <input semantic="TEXCOORD" source="#Cube_010-mesh-map-0" offset="2" set="0"/>
          <p>44 0 0 32 0 1 64 0 2 40 1 3 1 1 4 33 1 5 11 2 6 34 3 7 41 1 8 4 4 9 35 1 10 34 3 11 5 1 12 36 1 13 35 1 14 6 1 15 37 1 16 36 1 17 37 1 18 8 5 19 38 6 20 38 6 21 9 7 22 39 1 23 39 1 24 10 1 25 40 1 26 3 1 27 41 1 28 32 1 29 13 8 30 52 9 31 44 9 32 12 10 33 84 11 34 66 12 35 28 13 36 83 13 37 82 13 38 27 13 39 82 13 40 81 13 41 26 13 42 81 13 43 80 13 44 25 13 45 80 13 46 79 13 47 24 13 48 79 13 49 78 13 50 23 13 51 78 13 52 77 13 53 30 14 54 77 15 55 84 16 56 9 17 57 914 18 58 10 19 59 50 20 60 21 21 61 51 22 62 19 23 63 50 20 64 49 24 65 18 25 66 49 24 67 48 25 68 17 26 69 48 25 70 47 27 71 16 28 72 47 27 73 46 29 74 31 30 75 46 29 76 52 31 77 9 32 78 917 33 79 916 34 80 29 35 81 68 36 82 83 36 83 54 37 84 42 37 85 63 37 86 43 38 87 137 39 88 136 40 89 63 37 90 14 37 91 45 37 92 43 0 93 53 0 94 12 0 95 33 37 96 45 37 97 0 37 98 1 37 99 63 37 100 33 37 101 150 41 102 923 42 103 925 43 104 52 31 105 4 44 106 11 45 107 46 29 108 5 46 109 4 44 110 47 27 111 6 25 112 5 46 113 48 25 114 7 47 115 6 25 116 49 24 117 8 48 118 7 47 119 50 20 120 9 49 121 8 48 122 21 50 123 917 33 124 51 51 125 44 9 126 11 52 127 3 53 128 53 54 129 30 55 130 12 10 131 60 56 132 29 57 133 28 58 134 59 59 135 28 58 136 27 59 137 58 59 138 27 59 139 26 58 140 57 58 141 26 58 142 25 58 143 56 59 144 25 58 145 24 59 146 55 56 147 24 59 148 23 60 149 30 14 150 55 61 151 23 62 152 61 63 153 14 64 154 29 35 155 13 0 156 64 0 157 43 0 158 33 1 159 0 1 160 40 1 161 32 0 162 65 0 163 64 0 164 42 37 165 68 37 166 14 37 167 15 37 168 87 37 169 42 37 170 76 65 171 15 66 172 22 67 173 85 68 174 16 28 175 31 30 176 70 69 177 17 26 178 16 28 179 71 70 180 18 25 181 17 26 182 72 25 183 19 23 184 18 25 185 73 71 186 20 72 187 19 23 188 74 73 189 21 21 190 20 72 191 75 74 192 22 67 193 21 21 194 67 75 195 31 76 196 13 8 197 90 77 198 89 78 199 88 79 200 92 80 201 91 81 202 90 82 203 94 83 204 89 84 205 91 85 206 89 86 207 93 87 208 88 88 209 93 89 210 90 90 211 88 89 212 110 91 213 109 25 214 99 92 215 110 93 216 117 94 217 118 95 218 98 1 219 96 1 220 97 1 221 123 0 222 124 0 223 125 0 224 126 37 225 128 37 226 129 37 227 125 96 228 126 97 229 129 1 230 122 98 231 128 98 232 127 98 233 125 99 234 128 100 235 123 101 236 122 102 237 126 103 238 124 104 239 67 105 240 131 106 241 132 107 242 66 12 243 137 108 244 12 10 245 132 0 246 135 0 247 130 0 248 43 38 249 133 109 250 13 110 251 130 0 252 138 0 253 139 0 254 86 98 255 130 98 256 139 98 257 131 111 258 134 112 259 132 113 260 136 40 261 138 114 262 135 115 263 136 40 264 134 116 265 133 109 266 140 117 267 138 118 268 137 108 269 67 75 270 133 119 271 131 111 272 173 0 273 185 0 274 205 0 275 181 98 276 142 98 277 151 120 278 175 121 279 152 122 280 182 98 281 176 123 282 145 124 283 175 121 284 177 98 285 146 125 286 176 123 287 178 126 288 147 98 289 177 98 290 178 126 291 149 127 292 148 128 293 179 129 294 150 130 295 149 127 296 180 131 297 151 120 298 150 130 299 182 98 300 144 98 301 173 98 302 193 132 303 154 8 304 185 9 305 84 11 306 153 133 307 66 12 308 83 13 309 169 13 310 82 13 311 82 13 312 168 13 313 81 13 314 81 13 315 167 13 316 80 13 317 80 13 318 166 13 319 79 13 320 79 13 321 165 13 322 78 13 323 78 13 324 164 13 325 77 13 326 77 15 327 171 134 328 84 16 329 10 19 330 915 135 331 1 136 332 191 137 333 162 138 334 161 139 335 191 137 336 160 23 337 190 24 338 190 24 339 159 25 340 189 25 341 189 25 342 158 140 343 188 141 344 188 141 345 157 142 346 187 143 347 187 143 348 172 144 349 193 145 350 15 146 351 919 147 352 920 148 353 68 36 354 170 149 355 83 36 356 183 37 357 195 37 358 204 37 359 184 150 360 253 151 361 153 152 362 155 37 363 204 37 364 186 37 365 194 0 366 184 0 367 153 0 368 186 37 369 174 37 370 141 37 371 204 37 372 142 37 373 174 37 374 192 153 375 925 154 376 926 155 377 145 156 378 193 145 379 152 31 380 146 157 381 187 143 382 145 156 383 147 25 384 188 141 385 146 157 386 148 158 387 189 25 388 147 25 389 149 159 390 190 24 391 148 158 392 150 160 393 191 137 394 149 159 395 162 161 396 926 155 397 930 162 398 152 163 399 185 9 400 144 164 401 171 165 402 194 166 403 153 133 404 170 167 405 201 168 406 169 168 407 169 168 408 200 169 409 168 170 410 168 170 411 199 168 412 167 170 413 167 170 414 198 167 415 166 170 416 166 170 417 197 167 418 165 171 419 165 171 420 196 172 421 164 173 422 171 134 423 196 174 424 203 175 425 155 176 426 202 177 427 170 149 428 205 0 429 154 0 430 184 0 431 174 98 432 181 98 433 141 98 434 206 0 435 173 0 436 205 0 437 68 37 438 183 37 439 155 37 440 87 37 441 156 37 442 183 37 443 156 66 444 76 65 445 163 178 446 157 142 447 85 68 448 172 144 449 158 140 450 70 69 451 157 142 452 159 25 453 71 70 454 158 140 455 160 23 456 72 25 457 159 25 458 161 139 459 73 71 460 160 23 461 162 138 462 74 73 463 161 139 464 163 178 465 75 74 466 162 138 467 172 179 468 67 75 469 154 8 470 208 180 471 209 181 472 207 182 473 210 183 474 211 184 475 209 185 476 208 83 477 213 83 478 210 83 479 208 186 480 212 187 481 214 188 482 209 189 483 212 190 484 207 191 485 228 192 486 229 25 487 230 1 488 229 193 489 237 194 490 236 195 491 217 98 492 216 98 493 215 98 494 243 0 495 242 0 496 244 0 497 247 37 498 245 37 499 248 37 500 244 196 501 245 197 502 243 198 503 241 1 504 247 1 505 242 1 506 247 199 507 244 199 508 242 199 509 245 200 510 241 201 511 243 202 512 253 203 513 66 12 514 153 133 515 251 0 516 132 0 517 130 0 518 249 204 519 184 150 520 154 205 521 254 0 522 130 0 523 139 0 524 131 206 525 250 207 526 249 208 527 252 209 528 254 210 529 253 151 530 250 211 531 252 209 532 249 204 533 254 212 534 140 213 535 253 203 536 67 75 537 249 208 538 154 8 539 256 214 540 257 215 541 255 216 542 258 217 543 259 218 544 257 215 545 260 219 546 261 220 547 259 218 548 262 221 549 263 222 550 261 220 551 264 223 552 265 224 553 263 222 554 266 225 555 267 226 556 265 224 557 268 227 558 269 228 559 267 226 560 269 228 561 272 229 562 271 230 563 271 230 564 274 231 565 273 232 566 273 232 567 276 233 568 275 234 569 275 234 570 278 235 571 277 236 572 277 236 573 280 237 574 279 37 575 280 237 576 281 238 577 279 37 578 281 238 579 284 239 580 283 240 581 284 239 582 285 241 583 283 240 584 286 242 585 255 216 586 285 241 587 307 243 588 324 244 589 308 245 590 292 246 591 309 247 592 293 248 593 301 249 594 316 1 595 317 250 596 293 248 597 310 251 598 294 252 599 302 253 600 317 250 601 318 254 602 294 252 603 311 255 604 295 1 605 288 256 606 304 257 607 303 258 608 302 253 609 304 257 610 287 1 611 296 259 612 311 255 613 312 260 614 289 261 615 303 258 616 305 262 617 297 263 618 312 260 619 313 264 620 289 261 621 306 1 622 290 1 623 297 263 624 314 265 625 298 266 626 290 1 627 307 267 628 291 1 629 298 266 630 315 268 631 299 1 632 292 246 633 307 267 634 308 269 635 300 1 636 315 268 637 316 1 638 329 270 639 325 271 640 321 272 641 315 273 642 332 274 643 316 275 644 308 245 645 325 276 646 309 277 647 316 275 648 333 278 649 317 279 650 309 277 651 326 280 652 310 281 653 317 279 654 334 282 655 318 283 656 310 281 657 327 284 658 311 285 659 304 286 660 319 287 661 303 288 662 318 283 663 320 289 664 304 286 665 311 285 666 328 290 667 312 291 668 303 288 669 321 292 670 305 293 671 312 291 672 329 294 673 313 295 674 305 293 675 322 296 676 306 297 677 313 295 678 330 298 679 314 220 680 306 297 681 323 299 682 307 243 683 314 220 684 331 300 685 315 273 686 342 301 687 346 302 688 350 303 689 352 304 690 353 305 691 351 306 692 354 307 693 355 308 694 353 305 695 356 309 696 357 310 697 355 308 698 358 311 699 359 312 700 357 310 701 360 313 702 361 314 703 359 312 704 362 315 705 363 316 706 361 314 707 364 317 708 365 318 709 363 316 710 365 318 711 368 319 712 367 320 713 367 320 714 370 321 715 369 322 716 369 322 717 372 323 718 371 324 719 371 324 720 374 325 721 373 326 722 373 326 723 376 327 724 375 37 725 376 327 726 377 328 727 375 37 728 377 328 729 380 329 730 379 330 731 380 329 732 381 331 733 379 330 734 382 332 735 351 306 736 381 331 737 403 333 738 420 334 739 404 335 740 388 336 741 405 337 742 389 338 743 396 339 744 413 340 745 397 341 746 390 342 747 405 337 748 406 343 749 398 344 750 413 340 751 414 345 752 390 342 753 407 346 754 391 1 755 384 347 756 400 348 757 399 349 758 398 344 759 400 348 760 383 1 761 392 350 762 407 346 763 408 351 764 384 347 765 401 352 766 385 353 767 392 350 768 409 354 769 393 355 770 386 356 771 401 352 772 402 1 773 394 357 774 409 354 775 410 358 776 386 356 777 403 359 778 387 1 779 394 357 780 411 360 781 395 1 782 388 336 783 403 359 784 404 361 785 396 339 786 411 360 787 412 1 788 425 362 789 421 363 790 417 364 791 411 365 792 428 366 793 412 367 794 404 335 795 421 368 796 405 369 797 412 367 798 429 370 799 413 371 800 405 369 801 422 372 802 406 373 803 413 371 804 430 374 805 414 375 806 406 373 807 423 376 808 407 377 809 400 378 810 415 379 811 399 380 812 414 375 813 416 381 814 400 378 815 407 377 816 424 382 817 408 383 818 399 380 819 417 384 820 401 385 821 408 383 822 425 386 823 409 387 824 401 385 825 418 388 826 402 389 827 409 387 828 426 390 829 410 391 830 402 389 831 419 392 832 403 333 833 410 391 834 427 393 835 411 365 836 434 394 837 438 395 838 442 396 839 448 397 840 449 398 841 447 399 842 450 400 843 451 401 844 449 398 845 452 402 846 453 391 847 451 401 848 454 403 849 455 404 850 453 391 851 456 405 852 457 406 853 455 404 854 458 407 855 459 408 856 457 406 857 460 409 858 461 410 859 459 408 860 461 410 861 464 411 862 463 412 863 463 412 864 466 413 865 465 414 866 465 414 867 468 415 868 467 416 869 467 416 870 470 417 871 469 418 872 469 418 873 472 419 874 471 37 875 472 419 876 473 420 877 471 37 878 473 420 879 476 421 880 475 422 881 475 422 882 478 423 883 477 424 884 478 423 885 447 399 886 477 424 887 499 333 888 516 425 889 500 426 890 484 427 891 501 428 892 485 429 893 492 430 894 509 431 895 493 432 896 485 429 897 502 433 898 486 434 899 494 435 900 509 431 901 510 436 902 486 434 903 503 437 904 487 438 905 479 1 906 495 439 907 480 440 908 479 1 909 510 436 910 496 1 911 487 438 912 504 441 913 488 442 914 480 440 915 497 443 916 481 444 917 488 442 918 505 445 919 489 446 920 482 447 921 497 443 922 498 1 923 490 448 924 505 445 925 506 449 926 482 447 927 499 450 928 483 1 929 490 448 930 507 451 931 491 1 932 484 427 933 499 450 934 500 452 935 492 430 936 507 451 937 508 1 938 521 453 939 517 454 940 513 272 941 507 365 942 524 366 943 508 455 944 500 426 945 517 456 946 501 457 947 508 455 948 525 458 949 509 459 950 501 457 951 518 460 952 502 461 953 509 459 954 526 462 955 510 375 956 502 461 957 519 463 958 503 377 959 496 464 960 511 465 961 495 466 962 510 375 963 512 381 964 496 464 965 503 377 966 520 382 967 504 467 968 495 466 969 513 468 970 497 469 971 504 467 972 521 470 973 505 295 974 497 469 975 514 471 976 498 472 977 505 295 978 522 473 979 506 391 980 498 472 981 515 392 982 499 333 983 506 391 984 523 393 985 507 365 986 530 474 987 534 475 988 538 476 989 545 477 990 544 478 991 543 479 992 547 480 993 546 481 994 545 477 995 549 220 996 548 482 997 547 480 998 551 483 999 550 221 1000 549 220 1001 553 484 1002 552 485 1003 551 483 1004 555 486 1005 554 487 1006 553 484 1007 557 488 1008 556 489 1009 555 486 1010 557 488 1011 560 490 1012 558 491 1013 559 492 1014 562 493 1015 560 490 1016 561 494 1017 564 495 1018 562 493 1019 563 496 1020 566 497 1021 564 495 1022 565 498 1023 568 499 1024 566 497 1025 569 500 1026 568 499 1027 567 37 1028 569 500 1029 572 501 1030 570 328 1031 573 502 1032 572 501 1033 571 503 1034 543 479 1035 574 504 1036 573 502 1037 612 505 1038 595 506 1039 596 507 1040 597 508 1041 580 509 1042 581 510 1043 589 510 1044 604 511 1045 588 512 1046 598 513 1047 581 510 1048 582 514 1049 590 515 1050 605 516 1051 589 510 1052 599 517 1053 582 514 1054 583 518 1055 576 519 1056 592 520 1057 575 98 1058 592 520 1059 590 515 1060 575 98 1061 584 521 1062 599 517 1063 583 518 1064 577 522 1065 591 523 1066 576 519 1067 585 524 1068 600 525 1069 584 521 1070 594 526 1071 577 522 1072 578 527 1073 602 528 1074 585 524 1075 586 529 1076 595 530 1077 578 527 1078 579 98 1079 603 531 1080 586 529 1081 587 98 1082 580 509 1083 595 530 1084 579 98 1085 588 512 1086 603 531 1087 587 98 1088 621 532 1089 608 533 1090 615 534 1091 620 535 1092 603 536 1093 604 275 1094 613 537 1095 596 507 1096 597 538 1097 621 539 1098 604 275 1099 605 540 1100 614 541 1101 597 538 1102 598 542 1103 622 543 1104 605 540 1105 606 544 1106 615 545 1107 598 542 1108 599 546 1109 607 547 1110 592 548 1111 591 549 1112 608 550 1113 606 544 1114 592 548 1115 616 551 1116 599 546 1117 600 552 1118 609 553 1119 591 549 1120 593 554 1121 617 555 1122 600 552 1123 601 556 1124 610 557 1125 593 554 1126 594 558 1127 618 559 1128 601 556 1129 602 560 1130 611 561 1131 594 558 1132 595 506 1133 619 562 1134 602 560 1135 603 536 1136 636 563 1137 632 564 1138 628 565 1139 641 566 1140 640 567 1141 639 568 1142 643 569 1143 642 570 1144 641 566 1145 645 571 1146 644 572 1147 643 569 1148 647 573 1149 646 574 1150 645 571 1151 649 575 1152 648 576 1153 647 573 1154 651 577 1155 650 578 1156 649 575 1157 653 579 1158 652 580 1159 651 577 1160 653 579 1161 656 581 1162 654 582 1163 655 583 1164 658 584 1165 656 581 1166 657 585 1167 660 586 1168 658 584 1169 659 587 1170 662 588 1171 660 586 1172 661 589 1173 664 590 1174 662 588 1175 665 591 1176 664 590 1177 663 37 1178 665 591 1179 668 592 1180 666 591 1181 669 593 1182 668 592 1183 667 594 1184 639 568 1185 670 595 1186 669 593 1187 708 596 1188 691 597 1189 692 507 1190 693 598 1191 676 599 1192 677 98 1193 701 600 1194 684 601 1195 685 602 1196 678 603 1197 693 598 1198 677 98 1199 686 604 1200 701 600 1201 685 602 1202 695 605 1203 678 603 1204 679 606 1205 672 607 1206 688 608 1207 671 98 1208 688 608 1209 686 604 1210 671 98 1211 680 609 1212 695 605 1213 679 606 1214 689 610 1215 672 607 1216 673 611 1217 697 612 1218 680 609 1219 681 613 1220 674 614 1221 689 610 1222 673 611 1223 682 615 1224 697 612 1225 681 613 1226 691 616 1227 674 614 1228 675 98 1229 699 617 1230 682 615 1231 683 98 1232 676 599 1233 691 616 1234 675 98 1235 684 601 1236 699 617 1237 683 98 1238 704 618 1239 707 619 1240 711 620 1241 716 621 1242 699 622 1243 700 623 1244 709 624 1245 692 507 1246 693 625 1247 717 626 1248 700 623 1249 701 627 1250 710 628 1251 693 625 1252 694 629 1253 718 630 1254 701 627 1255 702 631 1256 711 632 1257 694 629 1258 695 633 1259 703 634 1260 688 635 1261 687 636 1262 704 637 1263 702 631 1264 688 635 1265 712 638 1266 695 633 1267 696 639 1268 705 640 1269 687 636 1270 689 641 1271 713 642 1272 696 639 1273 697 643 1274 706 644 1275 689 641 1276 690 645 1277 714 646 1278 697 643 1279 698 647 1280 707 648 1281 690 645 1282 691 597 1283 715 649 1284 698 647 1285 699 622 1286 732 650 1287 728 651 1288 724 652 1289 737 653 1290 736 654 1291 735 655 1292 739 656 1293 738 657 1294 737 653 1295 741 391 1296 740 658 1297 739 656 1298 743 659 1299 742 403 1300 741 391 1301 745 660 1302 744 661 1303 743 659 1304 747 662 1305 746 663 1306 745 660 1307 749 664 1308 748 665 1309 747 662 1310 749 664 1311 752 666 1312 750 667 1313 751 668 1314 754 669 1315 752 666 1316 753 670 1317 756 671 1318 754 669 1319 755 672 1320 758 673 1321 756 671 1322 757 674 1323 760 675 1324 758 673 1325 761 676 1326 760 675 1327 759 37 1328 761 676 1329 764 677 1330 762 676 1331 763 678 1332 766 679 1333 764 677 1334 735 655 1335 766 679 1336 765 680 1337 804 681 1338 787 597 1339 788 682 1340 789 683 1341 772 684 1342 773 685 1343 797 686 1344 780 687 1345 781 688 1346 790 689 1347 773 685 1348 774 690 1349 782 691 1350 797 686 1351 781 688 1352 791 692 1353 774 690 1354 775 693 1355 783 98 1356 767 694 1357 768 98 1358 767 694 1359 798 695 1360 782 691 1361 792 98 1362 775 693 1363 776 98 1364 785 696 1365 768 98 1366 769 697 1367 793 698 1368 776 98 1369 777 699 1370 770 700 1371 785 696 1372 769 697 1373 778 701 1374 793 698 1375 777 699 1376 787 702 1377 770 700 1378 771 98 1379 795 703 1380 778 701 1381 779 98 1382 772 684 1383 787 702 1384 771 98 1385 780 687 1386 795 703 1387 779 98 1388 807 704 1389 811 705 1390 800 706 1391 812 707 1392 795 708 1393 796 709 1394 805 710 1395 788 682 1396 789 711 1397 813 712 1398 796 709 1399 797 713 1400 806 714 1401 789 711 1402 790 715 1403 814 716 1404 797 713 1405 798 717 1406 807 718 1407 790 715 1408 791 719 1409 799 720 1410 784 721 1411 783 722 1412 800 723 1413 798 717 1414 784 721 1415 808 724 1416 791 719 1417 792 725 1418 801 726 1419 783 722 1420 785 727 1421 809 728 1422 792 725 1423 793 729 1424 802 730 1425 785 727 1426 786 731 1427 810 732 1428 793 729 1429 794 733 1430 803 648 1431 786 731 1432 787 597 1433 811 734 1434 794 733 1435 795 708 1436 828 735 1437 824 736 1438 820 737 1439 834 37 1440 831 37 1441 832 37 1442 835 37 1443 838 37 1444 836 37 1445 833 13 1446 839 13 1447 831 13 1448 835 13 1449 852 13 1450 837 13 1451 832 25 1452 846 25 1453 834 25 1454 837 1 1455 853 1 1456 838 1 1457 854 0 1458 847 0 1459 850 0 1460 834 98 1461 843 98 1462 833 98 1463 840 0 1464 845 0 1465 841 0 1466 838 25 1467 849 25 1468 836 25 1469 836 98 1470 848 98 1471 835 98 1472 841 738 1473 839 739 1474 840 740 1475 843 741 1476 840 742 1477 839 743 1478 841 744 1479 846 745 1480 842 746 1481 846 747 1482 844 748 1483 843 749 1484 849 750 1485 847 751 1486 848 752 1487 851 753 1488 848 754 1489 847 755 1490 849 756 1491 854 757 1492 850 758 1493 854 759 1494 852 760 1495 851 761 1496 831 1 1497 842 1 1498 832 1 1499 856 762 1500 857 763 1501 855 764 1502 859 765 1503 862 766 1504 860 767 1505 855 768 1506 862 769 1507 856 1 1508 857 0 1509 860 0 1510 855 0 1511 857 770 1512 861 771 1513 859 772 1514 856 37 1515 861 37 1516 858 37 1517 864 773 1518 865 774 1519 863 775 1520 867 776 1521 870 777 1522 868 778 1523 863 1 1524 870 1 1525 864 1 1526 865 0 1527 868 0 1528 863 0 1529 865 779 1530 869 780 1531 867 781 1532 864 37 1533 869 37 1534 866 37 1535 885 13 1536 890 13 1537 877 13 1538 881 25 1539 886 25 1540 880 25 1541 884 782 1542 873 783 1543 875 784 1544 873 783 1545 882 785 1546 871 786 1547 884 787 1548 875 787 1549 876 787 1550 882 1 1551 872 1 1552 871 1 1553 881 788 1554 874 789 1555 872 790 1556 877 791 1557 872 790 1558 882 792 1559 883 37 1560 874 789 1561 880 37 1562 879 37 1563 876 37 1564 883 37 1565 879 37 1566 878 793 1567 884 37 1568 877 791 1569 878 793 1570 885 37 1571 888 37 1572 887 37 1573 890 37 1574 889 37 1575 888 37 1576 891 37 1577 883 1 1578 891 1 1579 879 1 1580 877 98 1581 887 98 1582 881 98 1583 879 13 1584 888 13 1585 885 13 1586 880 25 1587 889 25 1588 883 25 1589 896 794 1590 899 795 1591 897 796 1592 892 797 1593 899 798 1594 893 799 1595 894 800 1596 897 801 1597 892 802 1598 894 803 1599 898 804 1600 896 805 1601 895 806 1602 899 807 1603 898 808 1604 907 809 1605 904 810 1606 905 811 1607 907 812 1608 900 813 1609 901 814 1610 905 815 1611 902 816 1612 900 817 1613 902 818 1614 906 819 1615 903 820 1616 903 821 1617 907 822 1618 901 823 1619 235 1 1620 913 1 1621 236 1 1622 179 129 1623 910 98 1624 180 131 1625 911 1 1626 235 1 1627 234 1 1628 179 129 1629 908 98 1630 909 98 1631 908 824 1632 236 825 1633 913 825 1634 910 826 1635 234 827 1636 180 828 1637 909 13 1638 912 13 1639 910 13 1640 917 829 1641 922 830 1642 918 831 1643 918 831 1644 920 832 1645 919 833 1646 918 831 1647 915 834 1648 914 835 1649 917 829 1650 914 835 1651 916 836 1652 926 837 1653 931 838 1654 930 839 1655 927 840 1656 929 841 1657 931 838 1658 924 66 1659 927 840 1660 923 835 1661 923 835 1662 926 837 1663 925 842 1664 163 843 1665 929 844 1666 156 845 1667 162 846 1668 931 847 1669 163 843 1670 195 848 1671 924 849 1672 142 850 1673 22 851 1674 920 852 1675 922 853 1676 21 854 1677 922 853 1678 921 855 1679 1 856 1680 919 147 1681 54 857 1682 156 858 1683 928 859 1684 195 848 1685 151 860 1686 924 861 1687 923 42 1688 238 862 1689 934 98 1690 237 194 1691 176 123 1692 933 98 1693 177 98 1694 44 0 1695 3 0 1696 32 0 1697 40 1 1698 10 1 1699 1 1 1700 11 2 1701 4 4 1702 34 3 1703 4 4 1704 5 1 1705 35 1 1706 5 1 1707 6 1 1708 36 1 1709 6 1 1710 7 1 1711 37 1 1712 37 1 1713 7 1 1714 8 5 1715 38 6 1716 8 5 1717 9 7 1718 39 1 1719 9 7 1720 10 1 1721 3 1 1722 11 2 1723 41 1 1724 13 8 1725 31 76 1726 52 9 1727 12 10 1728 30 55 1729 84 11 1730 28 13 1731 29 13 1732 83 13 1733 27 13 1734 28 13 1735 82 13 1736 26 13 1737 27 13 1738 81 13 1739 25 13 1740 26 13 1741 80 13 1742 24 13 1743 25 13 1744 79 13 1745 23 13 1746 24 13 1747 78 13 1748 30 14 1749 23 62 1750 77 15 1751 9 17 1752 916 863 1753 914 18 1754 50 20 1755 20 72 1756 21 21 1757 19 23 1758 20 72 1759 50 20 1760 18 25 1761 19 23 1762 49 24 1763 17 26 1764 18 25 1765 48 25 1766 16 28 1767 17 26 1768 47 27 1769 31 30 1770 16 28 1771 46 29 1772 9 32 1773 51 51 1774 917 33 1775 29 35 1776 14 64 1777 68 36 1778 54 37 1779 15 37 1780 42 37 1781 43 38 1782 12 864 1783 137 39 1784 63 37 1785 42 37 1786 14 37 1787 43 0 1788 64 0 1789 53 0 1790 33 37 1791 63 37 1792 45 37 1793 1 37 1794 54 37 1795 63 37 1796 150 41 1797 151 860 1798 923 42 1799 52 31 1800 46 29 1801 4 44 1802 46 29 1803 47 27 1804 5 46 1805 47 27 1806 48 25 1807 6 25 1808 48 25 1809 49 24 1810 7 47 1811 49 24 1812 50 20 1813 8 48 1814 50 20 1815 51 22 1816 9 49 1817 21 50 1818 921 865 1819 917 33 1820 44 9 1821 52 9 1822 11 52 1823 53 54 1824 62 866 1825 30 55 1826 60 56 1827 61 867 1828 29 57 1829 59 59 1830 60 56 1831 28 58 1832 58 59 1833 59 59 1834 27 59 1835 57 58 1836 58 59 1837 26 58 1838 56 59 1839 57 58 1840 25 58 1841 55 56 1842 56 59 1843 24 59 1844 30 14 1845 62 868 1846 55 61 1847 61 63 1848 45 869 1849 14 64 1850 13 0 1851 44 0 1852 64 0 1853 32 0 1854 2 0 1855 65 0 1856 42 37 1857 87 37 1858 68 37 1859 15 37 1860 69 37 1861 87 37 1862 76 65 1863 69 870 1864 15 66 1865 85 68 1866 70 69 1867 16 28 1868 70 69 1869 71 70 1870 17 26 1871 71 70 1872 72 25 1873 18 25 1874 72 25 1875 73 71 1876 19 23 1877 73 71 1878 74 73 1879 20 72 1880 74 73 1881 75 74 1882 21 21 1883 75 74 1884 76 65 1885 22 67 1886 67 75 1887 85 871 1888 31 76 1889 90 77 1890 91 872 1891 89 78 1892 92 80 1893 94 98 1894 91 81 1895 94 83 1896 95 84 1897 89 84 1898 89 86 1899 95 1 1900 93 87 1901 93 89 1902 92 90 1903 90 90 1904 99 92 1905 107 873 1906 110 91 1907 107 873 1908 100 98 1909 110 91 1910 100 98 1911 101 98 1912 110 91 1913 101 98 1914 102 98 1915 110 91 1916 102 98 1917 103 98 1918 110 91 1919 103 98 1920 104 98 1921 111 98 1922 110 91 1923 103 98 1924 111 98 1925 105 98 1926 106 98 1927 111 98 1928 106 98 1929 108 98 1930 111 98 1931 104 98 1932 105 98 1933 111 98 1934 121 13 1935 113 13 1936 110 93 1937 110 93 1938 111 874 1939 117 94 1940 111 874 1941 112 13 1942 114 13 1943 111 874 1944 114 13 1945 115 13 1946 120 875 1947 121 13 1948 110 93 1949 119 876 1950 120 875 1951 110 93 1952 111 874 1953 115 13 1954 116 877 1955 111 874 1956 116 877 1957 117 94 1958 118 95 1959 119 876 1960 110 93 1961 123 0 1962 122 0 1963 124 0 1964 126 37 1965 127 37 1966 128 37 1967 125 96 1968 124 878 1969 126 97 1970 122 98 1971 123 98 1972 128 98 1973 125 99 1974 129 879 1975 128 100 1976 122 102 1977 127 880 1978 126 103 1979 130 98 1980 86 881 1981 132 107 1982 86 881 1983 67 105 1984 132 107 1985 66 12 1986 140 117 1987 137 108 1988 132 0 1989 134 0 1990 135 0 1991 43 38 1992 136 40 1993 133 109 1994 130 0 1995 135 0 1996 138 0 1997 140 98 1998 66 98 1999 139 98 2000 66 98 2001 86 98 2002 139 98 2003 131 111 2004 133 119 2005 134 112 2006 136 40 2007 137 39 2008 138 114 2009 136 40 2010 135 115 2011 134 116 2012 140 117 2013 139 882 2014 138 118 2015 67 75 2016 13 8 2017 133 119 2018 173 0 2019 144 0 2020 185 0 2021 181 98 2022 174 98 2023 142 98 2024 175 121 2025 145 124 2026 152 122 2027 176 123 2028 146 125 2029 145 124 2030 177 98 2031 147 98 2032 146 125 2033 178 126 2034 148 128 2035 147 98 2036 178 126 2037 179 129 2038 149 127 2039 179 129 2040 180 131 2041 150 130 2042 180 131 2043 181 98 2044 151 120 2045 182 98 2046 152 122 2047 144 98 2048 193 132 2049 172 179 2050 154 8 2051 84 11 2052 171 165 2053 153 133 2054 83 13 2055 170 13 2056 169 13 2057 82 13 2058 169 13 2059 168 13 2060 81 13 2061 168 13 2062 167 13 2063 80 13 2064 167 13 2065 166 13 2066 79 13 2067 166 13 2068 165 13 2069 78 13 2070 165 13 2071 164 13 2072 77 15 2073 164 883 2074 171 134 2075 10 19 2076 914 18 2077 915 135 2078 191 137 2079 192 884 2080 162 138 2081 191 137 2082 161 139 2083 160 23 2084 190 24 2085 160 23 2086 159 25 2087 189 25 2088 159 25 2089 158 140 2090 188 141 2091 158 140 2092 157 142 2093 187 143 2094 157 142 2095 172 144 2096 15 146 2097 54 857 2098 919 147 2099 68 36 2100 155 176 2101 170 149 2102 183 37 2103 156 37 2104 195 37 2105 184 150 2106 252 209 2107 253 151 2108 155 37 2109 183 37 2110 204 37 2111 194 0 2112 205 0 2113 184 0 2114 186 37 2115 204 37 2116 174 37 2117 204 37 2118 195 37 2119 142 37 2120 192 153 2121 150 885 2122 925 154 2123 145 156 2124 187 143 2125 193 145 2126 146 157 2127 188 141 2128 187 143 2129 147 25 2130 189 25 2131 188 141 2132 148 158 2133 190 24 2134 189 25 2135 149 159 2136 191 137 2137 190 24 2138 150 160 2139 192 884 2140 191 137 2141 162 161 2142 192 153 2143 926 155 2144 152 163 2145 193 132 2146 185 9 2147 171 165 2148 203 886 2149 194 166 2150 170 167 2151 202 169 2152 201 168 2153 169 168 2154 201 168 2155 200 169 2156 168 170 2157 200 169 2158 199 168 2159 167 170 2160 199 168 2161 198 167 2162 166 170 2163 198 167 2164 197 167 2165 165 171 2166 197 167 2167 196 172 2168 171 134 2169 164 883 2170 196 174 2171 155 176 2172 186 887 2173 202 177 2174 205 0 2175 185 0 2176 154 0 2177 206 0 2178 143 0 2179 173 0 2180 68 37 2181 87 37 2182 183 37 2183 87 37 2184 69 37 2185 156 37 2186 156 66 2187 69 870 2188 76 65 2189 157 142 2190 70 69 2191 85 68 2192 158 140 2193 71 70 2194 70 69 2195 159 25 2196 72 25 2197 71 70 2198 160 23 2199 73 71 2200 72 25 2201 161 139 2202 74 73 2203 73 71 2204 162 138 2205 75 74 2206 74 73 2207 163 178 2208 76 65 2209 75 74 2210 172 179 2211 85 871 2212 67 75 2213 208 180 2214 210 888 2215 209 181 2216 210 183 2217 213 1 2218 211 184 2219 208 83 2220 214 83 2221 213 83 2222 208 186 2223 207 889 2224 212 187 2225 209 189 2226 211 890 2227 212 190 2228 230 1 2229 227 1 2230 225 1 2231 230 1 2232 225 1 2233 224 1 2234 230 1 2235 224 1 2236 223 1 2237 230 1 2238 223 1 2239 222 1 2240 230 1 2241 222 1 2242 228 192 2243 222 1 2244 221 1 2245 228 192 2246 220 1 2247 219 891 2248 228 192 2249 219 891 2250 226 892 2251 228 192 2252 221 1 2253 220 1 2254 228 192 2255 228 192 2256 226 892 2257 218 893 2258 229 193 2259 232 13 2260 240 13 2261 229 193 2262 240 13 2263 239 13 2264 231 13 2265 230 894 2266 233 13 2267 230 894 2268 229 193 2269 236 195 2270 233 13 2271 230 894 2272 234 13 2273 234 13 2274 230 894 2275 235 895 2276 229 193 2277 239 13 2278 238 862 2279 229 193 2280 238 862 2281 237 194 2282 235 895 2283 230 894 2284 236 195 2285 243 0 2286 241 0 2287 242 0 2288 247 37 2289 246 37 2290 245 37 2291 244 196 2292 248 896 2293 245 197 2294 241 1 2295 246 1 2296 247 1 2297 247 199 2298 248 199 2299 244 199 2300 245 200 2301 246 897 2302 241 201 2303 253 203 2304 140 213 2305 66 12 2306 251 0 2307 250 0 2308 132 0 2309 249 204 2310 252 209 2311 184 150 2312 254 0 2313 251 0 2314 130 0 2315 131 206 2316 132 113 2317 250 207 2318 252 209 2319 251 898 2320 254 210 2321 250 211 2322 251 898 2323 252 209 2324 254 212 2325 139 882 2326 140 213 2327 67 75 2328 131 206 2329 249 208 2330 256 214 2331 258 217 2332 257 215 2333 258 217 2334 260 219 2335 259 218 2336 260 219 2337 262 221 2338 261 220 2339 262 221 2340 264 223 2341 263 222 2342 264 223 2343 266 225 2344 265 224 2345 266 225 2346 268 227 2347 267 226 2348 268 227 2349 270 899 2350 269 228 2351 269 228 2352 270 899 2353 272 229 2354 271 230 2355 272 229 2356 274 231 2357 273 232 2358 274 231 2359 276 233 2360 275 234 2361 276 233 2362 278 235 2363 277 236 2364 278 235 2365 280 237 2366 280 237 2367 282 328 2368 281 238 2369 281 238 2370 282 328 2371 284 239 2372 284 239 2373 286 242 2374 285 241 2375 286 242 2376 256 214 2377 255 216 2378 307 243 2379 323 299 2380 324 244 2381 292 246 2382 308 269 2383 309 247 2384 301 249 2385 300 1 2386 316 1 2387 293 248 2388 309 247 2389 310 251 2390 302 253 2391 301 249 2392 317 250 2393 294 252 2394 310 251 2395 311 255 2396 288 256 2397 287 1 2398 304 257 2399 302 253 2400 318 254 2401 304 257 2402 296 259 2403 295 1 2404 311 255 2405 289 261 2406 288 256 2407 303 258 2408 297 263 2409 296 259 2410 312 260 2411 289 261 2412 305 262 2413 306 1 2414 297 263 2415 313 264 2416 314 265 2417 290 1 2418 306 1 2419 307 267 2420 298 266 2421 314 265 2422 315 268 2423 292 246 2424 291 1 2425 307 267 2426 300 1 2427 299 1 2428 315 268 2429 321 272 2430 319 900 2431 320 901 2432 320 901 2433 334 902 2434 321 272 2435 334 902 2436 333 1 2437 321 272 2438 333 1 2439 332 1 2440 329 270 2441 332 1 2442 331 903 2443 329 270 2444 331 903 2445 330 904 2446 329 270 2447 329 270 2448 328 1 2449 325 271 2450 328 1 2451 327 905 2452 325 271 2453 327 905 2454 326 906 2455 325 271 2456 325 271 2457 324 1 2458 321 272 2459 324 1 2460 323 907 2461 321 272 2462 323 907 2463 322 908 2464 321 272 2465 321 272 2466 333 1 2467 329 270 2468 315 273 2469 331 300 2470 332 274 2471 308 245 2472 324 244 2473 325 276 2474 316 275 2475 332 274 2476 333 278 2477 309 277 2478 325 276 2479 326 280 2480 317 279 2481 333 278 2482 334 282 2483 310 281 2484 326 280 2485 327 284 2486 304 286 2487 320 289 2488 319 287 2489 318 283 2490 334 282 2491 320 289 2492 311 285 2493 327 284 2494 328 290 2495 303 288 2496 319 287 2497 321 292 2498 312 291 2499 328 290 2500 329 294 2501 305 293 2502 321 292 2503 322 296 2504 313 295 2505 329 294 2506 330 298 2507 306 297 2508 322 296 2509 323 299 2510 314 220 2511 330 298 2512 331 300 2513 350 303 2514 335 98 2515 336 98 2516 336 98 2517 337 98 2518 350 303 2519 337 98 2520 338 909 2521 350 303 2522 338 909 2523 339 98 2524 340 910 2525 340 910 2526 341 911 2527 338 909 2528 341 911 2529 342 301 2530 338 909 2531 342 301 2532 343 98 2533 344 98 2534 344 98 2535 345 912 2536 342 301 2537 345 912 2538 346 302 2539 342 301 2540 346 302 2541 347 98 2542 348 913 2543 348 913 2544 349 98 2545 350 303 2546 346 302 2547 348 913 2548 350 303 2549 350 303 2550 338 909 2551 342 301 2552 352 304 2553 354 307 2554 353 305 2555 354 307 2556 356 309 2557 355 308 2558 356 309 2559 358 311 2560 357 310 2561 358 311 2562 360 313 2563 359 312 2564 360 313 2565 362 315 2566 361 314 2567 362 315 2568 364 317 2569 363 316 2570 364 317 2571 366 914 2572 365 318 2573 365 318 2574 366 914 2575 368 319 2576 367 320 2577 368 319 2578 370 321 2579 369 322 2580 370 321 2581 372 323 2582 371 324 2583 372 323 2584 374 325 2585 373 326 2586 374 325 2587 376 327 2588 376 327 2589 378 591 2590 377 328 2591 377 328 2592 378 591 2593 380 329 2594 380 329 2595 382 332 2596 381 331 2597 382 332 2598 352 304 2599 351 306 2600 403 333 2601 419 392 2602 420 334 2603 388 336 2604 404 361 2605 405 337 2606 396 339 2607 412 1 2608 413 340 2609 390 342 2610 389 338 2611 405 337 2612 398 344 2613 397 341 2614 413 340 2615 390 342 2616 406 343 2617 407 346 2618 384 347 2619 383 1 2620 400 348 2621 398 344 2622 414 345 2623 400 348 2624 392 350 2625 391 1 2626 407 346 2627 384 347 2628 399 349 2629 401 352 2630 392 350 2631 408 351 2632 409 354 2633 386 356 2634 385 353 2635 401 352 2636 394 357 2637 393 355 2638 409 354 2639 386 356 2640 402 1 2641 403 359 2642 394 357 2643 410 358 2644 411 360 2645 388 336 2646 387 1 2647 403 359 2648 396 339 2649 395 1 2650 411 360 2651 417 364 2652 415 900 2653 416 915 2654 416 915 2655 430 916 2656 417 364 2657 430 916 2658 429 1 2659 417 364 2660 429 1 2661 428 1 2662 425 362 2663 428 1 2664 427 917 2665 425 362 2666 427 917 2667 426 918 2668 425 362 2669 425 362 2670 424 1 2671 421 363 2672 424 1 2673 423 919 2674 421 363 2675 423 919 2676 422 906 2677 421 363 2678 421 363 2679 420 1 2680 417 364 2681 420 1 2682 419 920 2683 417 364 2684 419 920 2685 418 921 2686 417 364 2687 417 364 2688 429 1 2689 425 362 2690 411 365 2691 427 393 2692 428 366 2693 404 335 2694 420 334 2695 421 368 2696 412 367 2697 428 366 2698 429 370 2699 405 369 2700 421 368 2701 422 372 2702 413 371 2703 429 370 2704 430 374 2705 406 373 2706 422 372 2707 423 376 2708 400 378 2709 416 381 2710 415 379 2711 414 375 2712 430 374 2713 416 381 2714 407 377 2715 423 376 2716 424 382 2717 399 380 2718 415 379 2719 417 384 2720 408 383 2721 424 382 2722 425 386 2723 401 385 2724 417 384 2725 418 388 2726 409 387 2727 425 386 2728 426 390 2729 402 389 2730 418 388 2731 419 392 2732 410 391 2733 426 390 2734 427 393 2735 446 98 2736 431 98 2737 432 98 2738 432 98 2739 433 98 2740 434 394 2741 434 394 2742 435 98 2743 436 922 2744 436 922 2745 437 923 2746 438 395 2747 438 395 2748 439 98 2749 440 98 2750 440 98 2751 441 924 2752 438 395 2753 441 924 2754 442 396 2755 438 395 2756 442 396 2757 443 98 2758 444 98 2759 444 98 2760 445 98 2761 442 396 2762 445 98 2763 446 98 2764 442 396 2765 446 98 2766 432 98 2767 434 394 2768 434 394 2769 436 922 2770 438 395 2771 446 98 2772 434 394 2773 442 396 2774 448 397 2775 450 400 2776 449 398 2777 450 400 2778 452 402 2779 451 401 2780 452 402 2781 454 403 2782 453 391 2783 454 403 2784 456 405 2785 455 404 2786 456 405 2787 458 407 2788 457 406 2789 458 407 2790 460 409 2791 459 408 2792 460 409 2793 462 925 2794 461 410 2795 461 410 2796 462 925 2797 464 411 2798 463 412 2799 464 411 2800 466 413 2801 465 414 2802 466 413 2803 468 415 2804 467 416 2805 468 415 2806 470 417 2807 469 418 2808 470 417 2809 472 419 2810 472 419 2811 474 676 2812 473 420 2813 473 420 2814 474 676 2815 476 421 2816 475 422 2817 476 421 2818 478 423 2819 478 423 2820 448 397 2821 447 399 2822 499 333 2823 515 392 2824 516 425 2825 484 427 2826 500 452 2827 501 428 2828 492 430 2829 508 1 2830 509 431 2831 485 429 2832 501 428 2833 502 433 2834 494 435 2835 493 432 2836 509 431 2837 486 434 2838 502 433 2839 503 437 2840 479 1 2841 496 1 2842 495 439 2843 479 1 2844 494 435 2845 510 436 2846 487 438 2847 503 437 2848 504 441 2849 480 440 2850 495 439 2851 497 443 2852 488 442 2853 504 441 2854 505 445 2855 482 447 2856 481 444 2857 497 443 2858 490 448 2859 489 446 2860 505 445 2861 482 447 2862 498 1 2863 499 450 2864 490 448 2865 506 449 2866 507 451 2867 484 427 2868 483 1 2869 499 450 2870 492 430 2871 491 1 2872 507 451 2873 513 272 2874 511 926 2875 512 927 2876 512 927 2877 526 928 2878 513 272 2879 526 928 2880 525 1 2881 513 272 2882 525 1 2883 524 1 2884 521 453 2885 524 1 2886 523 917 2887 521 453 2888 523 917 2889 522 929 2890 521 453 2891 521 453 2892 520 1 2893 517 454 2894 520 1 2895 519 930 2896 517 454 2897 519 930 2898 518 931 2899 517 454 2900 517 454 2901 516 1 2902 513 272 2903 516 1 2904 515 932 2905 513 272 2906 515 932 2907 514 933 2908 513 272 2909 513 272 2910 525 1 2911 521 453 2912 507 365 2913 523 393 2914 524 366 2915 500 426 2916 516 425 2917 517 456 2918 508 455 2919 524 366 2920 525 458 2921 501 457 2922 517 456 2923 518 460 2924 509 459 2925 525 458 2926 526 462 2927 502 461 2928 518 460 2929 519 463 2930 496 464 2931 512 381 2932 511 465 2933 510 375 2934 526 462 2935 512 381 2936 503 377 2937 519 463 2938 520 382 2939 495 466 2940 511 465 2941 513 468 2942 504 467 2943 520 382 2944 521 470 2945 497 469 2946 513 468 2947 514 471 2948 505 295 2949 521 470 2950 522 473 2951 498 472 2952 514 471 2953 515 392 2954 506 391 2955 522 473 2956 523 393 2957 542 934 2958 527 98 2959 530 474 2960 527 98 2961 528 98 2962 530 474 2963 528 98 2964 529 98 2965 530 474 2966 530 474 2967 531 98 2968 532 935 2969 532 935 2970 533 936 2971 534 475 2972 534 475 2973 535 98 2974 536 98 2975 536 98 2976 537 937 2977 534 475 2978 537 937 2979 538 476 2980 534 475 2981 538 476 2982 539 98 2983 540 938 2984 540 938 2985 541 98 2986 542 934 2987 530 474 2988 532 935 2989 534 475 2990 538 476 2991 540 938 2992 542 934 2993 542 934 2994 530 474 2995 538 476 2996 545 477 2997 546 481 2998 544 478 2999 547 480 3000 548 482 3001 546 481 3002 549 220 3003 550 221 3004 548 482 3005 551 483 3006 552 485 3007 550 221 3008 553 484 3009 554 487 3010 552 485 3011 555 486 3012 556 489 3013 554 487 3014 557 488 3015 558 491 3016 556 489 3017 557 488 3018 559 492 3019 560 490 3020 559 492 3021 561 494 3022 562 493 3023 561 494 3024 563 496 3025 564 495 3026 563 496 3027 565 498 3028 566 497 3029 565 498 3030 567 37 3031 568 499 3032 569 500 3033 570 328 3034 568 499 3035 569 500 3036 571 503 3037 572 501 3038 573 502 3039 574 504 3040 572 501 3041 543 479 3042 544 478 3043 574 504 3044 612 505 3045 611 561 3046 595 506 3047 597 508 3048 596 939 3049 580 509 3050 589 510 3051 605 516 3052 604 511 3053 598 513 3054 597 508 3055 581 510 3056 590 515 3057 606 940 3058 605 516 3059 599 517 3060 598 513 3061 582 514 3062 576 519 3063 591 523 3064 592 520 3065 592 520 3066 606 940 3067 590 515 3068 584 521 3069 600 525 3070 599 517 3071 577 522 3072 593 98 3073 591 523 3074 585 524 3075 601 98 3076 600 525 3077 594 526 3078 593 98 3079 577 522 3080 602 528 3081 601 98 3082 585 524 3083 595 530 3084 594 526 3085 578 527 3086 603 531 3087 602 528 3088 586 529 3089 580 509 3090 596 939 3091 595 530 3092 588 512 3093 604 511 3094 603 531 3095 608 533 3096 607 98 3097 609 941 3098 609 941 3099 610 98 3100 611 942 3101 611 942 3102 612 943 3103 615 534 3104 612 943 3105 613 944 3106 615 534 3107 613 944 3108 614 945 3109 615 534 3110 615 534 3111 616 98 3112 617 946 3113 617 946 3114 618 947 3115 615 534 3116 618 947 3117 619 948 3118 615 534 3119 619 948 3120 620 949 3121 621 532 3122 621 532 3123 622 98 3124 608 533 3125 608 533 3126 609 941 3127 615 534 3128 609 941 3129 611 942 3130 615 534 3131 619 948 3132 621 532 3133 615 534 3134 620 535 3135 619 562 3136 603 536 3137 613 537 3138 612 505 3139 596 507 3140 621 539 3141 620 535 3142 604 275 3143 614 541 3144 613 537 3145 597 538 3146 622 543 3147 621 539 3148 605 540 3149 615 545 3150 614 541 3151 598 542 3152 607 547 3153 608 550 3154 592 548 3155 608 550 3156 622 543 3157 606 544 3158 616 551 3159 615 545 3160 599 546 3161 609 553 3162 607 547 3163 591 549 3164 617 555 3165 616 551 3166 600 552 3167 610 557 3168 609 553 3169 593 554 3170 618 559 3171 617 555 3172 601 556 3173 611 561 3174 610 557 3175 594 558 3176 619 562 3177 618 559 3178 602 560 3179 624 950 3180 623 1 3181 638 951 3182 638 951 3183 637 952 3184 636 563 3185 636 563 3186 635 1 3187 634 1 3188 634 1 3189 633 1 3190 636 563 3191 633 1 3192 632 564 3193 636 563 3194 632 564 3195 631 1 3196 630 1 3197 630 1 3198 629 1 3199 632 564 3200 629 1 3201 628 565 3202 632 564 3203 628 565 3204 627 1 3205 626 953 3206 626 953 3207 625 954 3208 624 950 3209 624 950 3210 638 951 3211 636 563 3212 628 565 3213 626 953 3214 624 950 3215 624 950 3216 636 563 3217 628 565 3218 641 566 3219 642 570 3220 640 567 3221 643 569 3222 644 572 3223 642 570 3224 645 571 3225 646 574 3226 644 572 3227 647 573 3228 648 576 3229 646 574 3230 649 575 3231 650 578 3232 648 576 3233 651 577 3234 652 580 3235 650 578 3236 653 579 3237 654 582 3238 652 580 3239 653 579 3240 655 583 3241 656 581 3242 655 583 3243 657 585 3244 658 584 3245 657 585 3246 659 587 3247 660 586 3248 659 587 3249 661 589 3250 662 588 3251 661 589 3252 663 37 3253 664 590 3254 665 591 3255 666 591 3256 664 590 3257 665 591 3258 667 594 3259 668 592 3260 669 593 3261 670 595 3262 668 592 3263 639 568 3264 640 567 3265 670 595 3266 708 596 3267 707 648 3268 691 597 3269 693 598 3270 692 955 3271 676 599 3272 701 600 3273 700 956 3274 684 601 3275 678 603 3276 694 957 3277 693 598 3278 686 604 3279 702 958 3280 701 600 3281 695 605 3282 694 957 3283 678 603 3284 672 607 3285 687 959 3286 688 608 3287 688 608 3288 702 958 3289 686 604 3290 680 609 3291 696 960 3292 695 605 3293 689 610 3294 687 959 3295 672 607 3296 697 612 3297 696 960 3298 680 609 3299 674 614 3300 690 961 3301 689 610 3302 682 615 3303 698 98 3304 697 612 3305 691 616 3306 690 961 3307 674 614 3308 699 617 3309 698 98 3310 682 615 3311 676 599 3312 692 955 3313 691 616 3314 684 601 3315 700 956 3316 699 617 3317 704 618 3318 703 98 3319 705 98 3320 705 98 3321 706 98 3322 704 618 3323 706 98 3324 707 619 3325 704 618 3326 707 619 3327 708 962 3328 711 620 3329 708 962 3330 709 944 3331 711 620 3332 709 944 3333 710 945 3334 711 620 3335 711 620 3336 712 98 3337 713 963 3338 713 963 3339 714 98 3340 715 964 3341 715 964 3342 716 965 3343 704 618 3344 716 965 3345 717 98 3346 704 618 3347 717 98 3348 718 98 3349 704 618 3350 711 620 3351 713 963 3352 704 618 3353 713 963 3354 715 964 3355 704 618 3356 716 621 3357 715 649 3358 699 622 3359 709 624 3360 708 596 3361 692 507 3362 717 626 3363 716 621 3364 700 623 3365 710 628 3366 709 624 3367 693 625 3368 718 630 3369 717 626 3370 701 627 3371 711 632 3372 710 628 3373 694 629 3374 703 634 3375 704 637 3376 688 635 3377 704 637 3378 718 630 3379 702 631 3380 712 638 3381 711 632 3382 695 633 3383 705 640 3384 703 634 3385 687 636 3386 713 642 3387 712 638 3388 696 639 3389 706 644 3390 705 640 3391 689 641 3392 714 646 3393 713 642 3394 697 643 3395 707 648 3396 706 644 3397 690 645 3398 715 649 3399 714 646 3400 698 647 3401 720 966 3402 719 1 3403 734 1 3404 734 1 3405 733 967 3406 720 966 3407 733 967 3408 732 650 3409 720 966 3410 732 650 3411 731 1 3412 730 1 3413 730 1 3414 729 1 3415 732 650 3416 729 1 3417 728 651 3418 732 650 3419 728 651 3420 727 1 3421 726 1 3422 726 1 3423 725 1 3424 724 652 3425 724 652 3426 723 1 3427 722 968 3428 722 968 3429 721 969 3430 720 966 3431 728 651 3432 726 1 3433 724 652 3434 724 652 3435 722 968 3436 720 966 3437 720 966 3438 732 650 3439 724 652 3440 737 653 3441 738 657 3442 736 654 3443 739 656 3444 740 658 3445 738 657 3446 741 391 3447 742 403 3448 740 658 3449 743 659 3450 744 661 3451 742 403 3452 745 660 3453 746 663 3454 744 661 3455 747 662 3456 748 665 3457 746 663 3458 749 664 3459 750 667 3460 748 665 3461 749 664 3462 751 668 3463 752 666 3464 751 668 3465 753 670 3466 754 669 3467 753 670 3468 755 672 3469 756 671 3470 755 672 3471 757 674 3472 758 673 3473 757 674 3474 759 37 3475 760 675 3476 761 676 3477 762 676 3478 760 675 3479 761 676 3480 763 678 3481 764 677 3482 763 678 3483 765 680 3484 766 679 3485 735 655 3486 736 654 3487 766 679 3488 804 681 3489 803 648 3490 787 597 3491 789 683 3492 788 970 3493 772 684 3494 797 686 3495 796 971 3496 780 687 3497 790 689 3498 789 683 3499 773 685 3500 782 691 3501 798 695 3502 797 686 3503 791 692 3504 790 689 3505 774 690 3506 783 98 3507 784 972 3508 767 694 3509 767 694 3510 784 972 3511 798 695 3512 792 98 3513 791 692 3514 775 693 3515 785 696 3516 783 98 3517 768 98 3518 793 698 3519 792 98 3520 776 98 3521 770 700 3522 786 973 3523 785 696 3524 778 701 3525 794 98 3526 793 698 3527 787 702 3528 786 973 3529 770 700 3530 795 703 3531 794 98 3532 778 701 3533 772 684 3534 788 970 3535 787 702 3536 780 687 3537 796 971 3538 795 703 3539 800 706 3540 799 98 3541 801 98 3542 801 98 3543 802 98 3544 800 706 3545 802 98 3546 803 974 3547 800 706 3548 803 974 3549 804 975 3550 805 976 3551 805 976 3552 806 977 3553 807 704 3554 807 704 3555 808 98 3556 809 978 3557 809 978 3558 810 979 3559 807 704 3560 810 979 3561 811 705 3562 807 704 3563 811 705 3564 812 980 3565 800 706 3566 812 980 3567 813 98 3568 800 706 3569 813 98 3570 814 98 3571 800 706 3572 803 974 3573 805 976 3574 800 706 3575 805 976 3576 807 704 3577 800 706 3578 812 707 3579 811 734 3580 795 708 3581 805 710 3582 804 681 3583 788 682 3584 813 712 3585 812 707 3586 796 709 3587 806 714 3588 805 710 3589 789 711 3590 814 716 3591 813 712 3592 797 713 3593 807 718 3594 806 714 3595 790 715 3596 799 720 3597 800 723 3598 784 721 3599 800 723 3600 814 716 3601 798 717 3602 808 724 3603 807 718 3604 791 719 3605 801 726 3606 799 720 3607 783 722 3608 809 728 3609 808 724 3610 792 725 3611 802 730 3612 801 726 3613 785 727 3614 810 732 3615 809 728 3616 793 729 3617 803 648 3618 802 730 3619 786 731 3620 811 734 3621 810 732 3622 794 733 3623 816 981 3624 815 1 3625 830 982 3626 830 982 3627 829 983 3628 828 735 3629 828 735 3630 827 1 3631 826 984 3632 826 984 3633 825 1 3634 824 736 3635 824 736 3636 823 1 3637 822 1 3638 822 1 3639 821 1 3640 824 736 3641 821 1 3642 820 737 3643 824 736 3644 820 737 3645 819 1 3646 818 985 3647 818 985 3648 817 986 3649 816 981 3650 816 981 3651 830 982 3652 828 735 3653 828 735 3654 826 984 3655 824 736 3656 820 737 3657 818 985 3658 816 981 3659 816 981 3660 828 735 3661 820 737 3662 834 37 3663 833 37 3664 831 37 3665 835 37 3666 837 37 3667 838 37 3668 833 13 3669 843 13 3670 839 13 3671 835 13 3672 848 13 3673 852 13 3674 832 25 3675 842 25 3676 846 25 3677 837 1 3678 852 1 3679 853 1 3680 854 0 3681 851 0 3682 847 0 3683 834 98 3684 846 98 3685 843 98 3686 840 0 3687 844 0 3688 845 0 3689 838 25 3690 853 25 3691 849 25 3692 836 98 3693 849 98 3694 848 98 3695 841 738 3696 842 987 3697 839 739 3698 843 741 3699 844 988 3700 840 742 3701 841 744 3702 845 989 3703 846 745 3704 846 747 3705 845 990 3706 844 748 3707 849 750 3708 850 990 3709 847 751 3710 851 753 3711 852 991 3712 848 754 3713 849 756 3714 853 992 3715 854 757 3716 854 759 3717 853 987 3718 852 760 3719 831 1 3720 839 1 3721 842 1 3722 856 762 3723 858 993 3724 857 763 3725 859 765 3726 861 994 3727 862 766 3728 855 768 3729 860 995 3730 862 769 3731 857 0 3732 859 0 3733 860 0 3734 857 770 3735 858 996 3736 861 771 3737 856 37 3738 862 37 3739 861 37 3740 864 773 3741 866 997 3742 865 774 3743 867 776 3744 869 998 3745 870 777 3746 863 1 3747 868 1 3748 870 1 3749 865 0 3750 867 0 3751 868 0 3752 865 779 3753 866 98 3754 869 780 3755 864 37 3756 870 37 3757 869 37 3758 885 13 3759 888 13 3760 890 13 3761 881 25 3762 887 25 3763 886 25 3764 884 782 3765 878 785 3766 873 783 3767 873 783 3768 878 785 3769 882 785 3770 881 788 3771 880 37 3772 874 789 3773 877 791 3774 881 788 3775 872 790 3776 883 37 3777 876 37 3778 874 789 3779 879 37 3780 884 37 3781 876 37 3782 879 37 3783 885 37 3784 878 793 3785 877 791 3786 882 792 3787 878 793 3788 888 37 3789 886 37 3790 887 37 3791 889 37 3792 886 37 3793 888 37 3794 883 1 3795 889 1 3796 891 1 3797 877 98 3798 890 98 3799 887 98 3800 879 13 3801 891 13 3802 888 13 3803 880 25 3804 886 25 3805 889 25 3806 896 794 3807 898 999 3808 899 795 3809 892 797 3810 897 1000 3811 899 798 3812 894 800 3813 896 1001 3814 897 801 3815 894 803 3816 895 1002 3817 898 804 3818 895 806 3819 893 1003 3820 899 807 3821 907 809 3822 906 1004 3823 904 810 3824 907 812 3825 905 1005 3826 900 813 3827 905 815 3828 904 1006 3829 902 816 3830 902 818 3831 904 1007 3832 906 819 3833 903 821 3834 906 1008 3835 907 822 3836 235 1 3837 912 1 3838 913 1 3839 179 129 3840 909 98 3841 910 98 3842 911 1 3843 912 1 3844 235 1 3845 179 129 3846 178 126 3847 908 98 3848 908 824 3849 178 1009 3850 236 825 3851 910 826 3852 911 1010 3853 234 827 3854 909 13 3855 908 13 3856 913 13 3857 912 13 3858 911 13 3859 910 13 3860 909 13 3861 913 13 3862 912 13 3863 917 829 3864 921 1011 3865 922 830 3866 918 831 3867 922 830 3868 920 832 3869 918 831 3870 919 833 3871 915 834 3872 917 829 3873 918 831 3874 914 835 3875 926 837 3876 927 840 3877 931 838 3878 927 840 3879 928 1012 3880 929 841 3881 924 66 3882 928 1012 3883 927 840 3884 923 835 3885 927 840 3886 926 837 3887 163 843 3888 931 847 3889 929 844 3890 162 846 3891 930 1013 3892 931 847 3893 195 848 3894 928 859 3895 924 849 3896 22 851 3897 15 1014 3898 920 852 3899 21 854 3900 22 851 3901 922 853 3902 1 856 3903 915 1015 3904 919 147 3905 156 858 3906 929 1016 3907 928 859 3908 151 860 3909 142 1017 3910 924 861 3911 238 862 3912 935 98 3913 934 98 3914 176 123 3915 932 98 3916 933 98 3917</p>
        </triangles>
      </mesh>
    </geometry>
  </library_geometries>
  <library_visual_scenes>
    <visual_scene id="Scene" name="Scene">
      <node id="cave_lion" name="cave_lion" type="NODE">
        <matrix sid="transform">14.0048 0 0 0 0 14.0048 0 0 0 0 14.0048 0.05478287 0 0 0 1</matrix>
        <instance_geometry url="#Cube_010-mesh" name="cave_lion">
          <bind_material>
            <technique_common>
              <instance_material symbol="Material-material" target="#Material-material">
                <bind_vertex_input semantic="UVMap" input_semantic="TEXCOORD" input_set="0"/>
              </instance_material>
            </technique_common>
          </bind_material>
        </instance_geometry>
        <node id="prop_w_01" name="prop_w_01" type="NODE">
          <matrix sid="transform">0.06630658 0 0 0.3190091 0 0.07140411 0 0.2767605 0 0 0.07140411 -0.003911722 0 0 0 1</matrix>
        </node>
        <node id="prop_w_02" name="prop_w_02" type="NODE">
          <matrix sid="transform">0.06630658 0 0 -0.3190089 0 0.07140411 0 0.2767605 0 0 0.07140411 -0.003911722 0 0 0 1</matrix>
        </node>
      </node>
    </visual_scene>
  </library_visual_scenes>
  <scene>
    <instance_visual_scene url="#Scene"/>
  </scene>
</COLLADA>