<?xml version="1.0" encoding="utf-8"?>
<COLLADA xmlns="http://www.collada.org/2005/11/COLLADASchema" version="1.4.1" xmlns:xsi="http://www.w3.org/2001/XMLSchema-instance">
  <asset>
    <contributor>
      <author>Blender User</author>
      <authoring_tool>Blender 4.3.1 commit date:2024-12-10, commit time:07:46, hash:33d812126174</authoring_tool>
    </contributor>
    <created>2026-09-09T12:36:57</created>
    <modified>2026-09-09T12:36:57</modified>
    <unit name="meter" meter="1"/>
    <up_axis>Z_UP</up_axis>
  </asset>
  <library_effects>
    <effect id="Material_004-effect">
      <profile_COMMON>
        <newparam sid="mla_veh_01_png-surface">
          <surface type="2D">
            <init_from>mla_veh_01_png</init_from>
          </surface>
        </newparam>
        <newparam sid="mla_veh_01_png-sampler">
          <sampler2D>
            <source>mla_veh_01_png-surface</source>
          </sampler2D>
        </newparam>
        <technique sid="common">
          <lambert>
            <emission>
              <color sid="emission">0 0 0 1</color>
            </emission>
            <diffuse>
              <texture texture="mla_veh_01_png-sampler" texcoord="UVMap"/>
            </diffuse>
            <index_of_refraction>
              <float sid="ior">1.5</float>
            </index_of_refraction>
          </lambert>
        </technique>
      </profile_COMMON>
    </effect>
  </library_effects>
  <library_images>
    <image id="mla_veh_01_png" name="mla_veh_01_png">
      <init_from>/home/welton/snap/0ad/739/.local/share/0ad/mods/mars_wars/art/textures/skins/vehicle/mla_veh_01.png</init_from>
    </image>
  </library_images>
  <library_materials>
    <material id="Material_004-material" name="Material.004">
      <instance_effect url="#Material_004-effect"/>
    </material>
  </library_materials>
  <library_geometries>
    <geometry id="Cube_002-mesh" name="Cube.002">
      <mesh>
        <source id="Cube_002-mesh-positions">
          <float_array id="Cube_002-mesh-positions-array" count="3891">4.655128 -10.47483 2.570841 4.655128 -10.47483 3.179973 4.655128 7.125139 2.622923 4.655128 7.125139 3.926983 4.655128 5.286986 4.719562 4.655128 3.035298 4.94973 4.655128 0.7836092 4.94973 4.655128 -1.468079 4.94973 4.655128 -3.719768 4.796285 4.655128 -5.971456 4.597378 4.655128 -8.223144 4.137042 4.655128 6.356538 4.601765 2.396855 7.125139 2.367989 2.396855 7.125139 3.926983 2.396855 -10.47483 2.570841 2.396855 -10.47483 3.303698 2.396855 5.286986 5.803199 2.396855 3.035298 5.799003 2.396855 0.7836092 5.799003 2.396855 -1.468079 5.799003 2.396855 -3.719768 5.844755 2.396855 -5.971456 4.6812 2.396855 -8.223144 4.260766 2.396855 5.286986 0.6675707 2.396855 3.035298 0.6675707 2.396855 0.7836092 0.6675707 2.396855 -1.468079 0.6675707 2.396855 -3.719768 0.6675707 2.396855 -5.971456 0.6675707 2.396855 -8.223144 0.6675707 2.396855 6.356538 1.572368 2.396855 6.356538 4.601765 4.655128 7.125139 3.046548 4.655128 -10.47483 3.046548 4.655128 5.286986 3.046548 4.655128 3.035298 3.046548 4.655128 0.7836092 3.046548 4.655128 -1.468079 3.046548 4.655128 -3.719768 3.046548 4.655128 -5.971456 3.046548 4.655128 -8.223144 3.046548 4.655128 6.356538 3.046548 2.396855 -10.47483 3.046548 2.396855 7.125139 3.046548 3.525991 7.125139 3.926983 3.525991 -10.47483 2.570841 3.525991 5.286986 4.719562 3.525991 3.035298 4.94973 3.525991 0.7836092 4.94973 3.525991 -1.468079 4.94973 3.525991 -3.719768 4.796285 3.525991 -5.971456 4.597378 3.525991 6.356538 4.601765 3.525991 7.125139 2.367989 3.525991 -10.47483 3.179973 3.525991 5.286986 1.345242 3.525991 3.035298 1.345242 3.525991 0.7836092 1.345242 3.525991 -1.468079 1.345242 3.525991 -3.719768 1.345242 3.525991 -5.971456 1.345242 3.525991 -8.223144 1.345242 3.525991 6.356538 1.572368 3.525991 -10.47483 3.046548 3.525991 7.125139 3.046548 3.525991 7.125139 2.622923 0.004013419 7.125139 2.367989 0.004013419 7.125139 3.926983 0.004013419 -10.47483 2.570841 0.004013419 -10.47483 3.303698 0.004013419 5.286986 5.803199 0.004013419 -5.971456 4.6812 0.004013419 -8.223144 4.260766 0.004013419 5.286986 0.6675707 0.004013419 3.035298 0.6675707 0.004013419 0.7836092 0.6675707 0.004013419 -1.468079 0.6675707 0.004013419 -3.719768 0.6675707 0.004013419 -5.971456 0.6675707 0.004013419 -8.223144 0.6675707 0.004013419 6.356538 1.572368 0.004013419 6.356538 4.601765 0.004013419 7.125139 3.046548 0.004013419 -10.47483 3.046548 2.182854 6.622888 1.000009 2.182854 6.832516 1.383114 0.6698929 6.622888 1.000009 0.6698929 6.832516 1.383114 0.6698929 6.247996 1.349868 2.182854 6.247996 1.349868 0.6698929 6.398488 2.152835 2.182854 6.398488 2.152835 4.655128 7.125139 2.622923 4.655128 7.125139 3.046548 4.655128 6.356538 3.046548 -3.517965 7.125139 2.367989 -3.517965 5.286986 1.345242 -3.517965 3.035298 1.345242 -3.517965 0.7836092 1.345242 -3.517965 -1.468079 1.345242 -3.517965 -3.719768 1.345242 -3.517965 -5.971456 1.345242 -3.517965 -8.223144 1.345242 -3.517965 6.356538 1.572368 -3.517965 -10.47483 2.570841 -3.517965 7.125139 3.046548 -3.517965 7.125139 3.046548 -3.517965 -10.47483 3.046548 -4.647101 -10.47483 3.046548 -4.647101 7.125139 3.046548 -4.647101 -8.223144 3.046548 -4.647101 -5.971456 3.046548 -4.647101 -3.719768 3.046548 -4.647101 -1.468079 3.046548 -4.647101 0.7836092 3.046548 -4.647101 3.035298 3.046548 -4.647101 5.286986 3.046548 -4.647101 6.356538 3.046548 2.300171 -10.47483 3.285986 2.300171 -10.47483 3.031534 3.622676 -10.47483 3.187809 3.622676 -10.47483 3.031534 3.622676 -10.63052 3.250549 2.300171 -10.63052 3.463659 2.300171 -10.63052 2.911326 3.622676 -10.63052 2.911326 0.004013419 7.204963 3.046548 0.004013419 7.174178 3.899618 0.004013419 7.204963 3.853085 2.356295 7.174412 3.899486 2.304729 7.204963 3.853085 2.304729 7.204963 3.046548 2.356189 7.174541 3.046548 2.356295 7.174412 2.395485 2.304729 7.204963 2.441886 0.004013419 7.204963 2.441886 0.004013419 7.174178 2.395354 -4.647101 -10.47483 2.570841 -4.647101 -10.47483 3.179973 -4.647101 7.125139 2.622923 -4.647101 7.125139 3.926983 -4.647101 5.286986 4.719562 -4.647101 3.035298 4.94973 -4.647101 0.7836092 4.94973 -4.647101 -1.468079 4.94973 -4.647101 -3.719768 4.796285 -4.647101 -5.971456 4.597378 -4.647101 -8.223144 4.137042 -4.647101 6.356538 4.601765 -2.388828 7.125139 2.367989 -2.388828 7.125139 3.926983 -2.388828 -10.47483 2.570841 -2.388828 -10.47483 3.303698 -2.388828 5.286986 5.803199 -2.388828 3.035298 5.799003 -2.388828 0.7836092 5.799003 -2.388828 -1.468079 5.799003 -2.388828 -3.719768 5.844755 -2.388828 -5.971456 4.6812 -2.388828 -8.223144 4.260766 -2.388828 5.286986 0.6675707 -2.388828 3.035298 0.6675707 -2.388828 0.7836092 0.6675707 -2.388828 -1.468079 0.6675707 -2.388828 -3.719768 0.6675707 -2.388828 -5.971456 0.6675707 -2.388828 -8.223144 0.6675707 -2.388828 6.356538 1.572368 -2.388828 6.356538 4.601765 -4.647101 7.125139 3.046548 -4.647101 -10.47483 3.046548 -4.647101 5.286986 3.046548 -4.647101 3.035298 3.046548 -4.647101 0.7836092 3.046548 -4.647101 -1.468079 3.046548 -4.647101 -3.719768 3.046548 -4.647101 -5.971456 3.046548 -4.647101 -8.223144 3.046548 -4.647101 6.356538 3.046548 -2.388828 -10.47483 3.046548 -2.388828 7.125139 3.046548 -3.517965 7.125139 3.926983 -3.517965 -10.47483 2.570841 -3.517965 5.286986 4.719562 -3.517965 3.035298 4.94973 -3.517965 0.7836092 4.94973 -3.517965 -1.468079 4.94973 -3.517965 -3.719768 4.796285 -3.517965 -5.971456 4.597378 -3.517965 6.356538 4.601765 -3.517965 7.125139 2.367989 -3.517965 -10.47483 3.179973 -3.517965 5.286986 1.345242 -3.517965 3.035298 1.345242 -3.517965 0.7836092 1.345242 -3.517965 -1.468079 1.345242 -3.517965 -3.719768 1.345242 -3.517965 -5.971456 1.345242 -3.517965 -8.223144 1.345242 -3.517965 6.356538 1.572368 -3.517965 -10.47483 3.046548 -3.517965 7.125139 3.046548 -3.517965 7.125139 2.622923 -2.174827 6.622888 1.000009 -2.174827 6.832516 1.383114 -0.661866 6.622888 1.000009 -0.661866 6.832516 1.383114 -0.661866 6.247996 1.349868 -2.174827 6.247996 1.349868 -0.661866 6.398488 2.152835 -2.174827 6.398488 2.152835 -4.647101 7.125139 2.622923 -4.647101 7.125139 3.046548 -4.647101 6.356538 3.046548 3.525991 7.125139 2.367989 3.525991 5.286986 1.345242 3.525991 3.035298 1.345242 3.525991 0.7836092 1.345242 3.525991 -1.468079 1.345242 3.525991 -3.719768 1.345242 3.525991 -5.971456 1.345242 3.525991 -8.223144 1.345242 3.525991 6.356538 1.572368 3.525991 -10.47483 2.570841 3.525991 7.125139 3.046548 3.525991 7.125139 3.046548 3.525991 -10.47483 3.046548 4.655128 -10.47483 3.046548 4.655128 7.125139 3.046548 4.655128 -8.223144 3.046548 4.655128 -5.971456 3.046548 4.655128 -3.719768 3.046548 4.655128 -1.468079 3.046548 4.655128 0.7836092 3.046548 4.655128 3.035298 3.046548 4.655128 5.286986 3.046548 4.655128 6.356538 3.046548 -2.292144 -10.47483 3.285986 -2.292144 -10.47483 3.031534 -3.614649 -10.47483 3.187809 -3.614649 -10.47483 3.031534 -3.614649 -10.63052 3.250549 -2.292144 -10.63052 3.463659 -2.292144 -10.63052 2.911326 -3.614649 -10.63052 2.911326 -2.348268 7.174412 3.899486 -2.296702 7.204963 3.853085 -2.296702 7.204963 3.046548 -2.348161 7.174541 3.046548 -2.348268 7.174412 2.395485 -2.296702 7.204963 2.441886 2.740353 7.125139 3.783699 2.740353 7.125139 3.189831 4.031579 7.125139 3.783699 4.031579 7.125139 3.189831 -2.732326 7.125139 3.783699 -2.732326 7.125139 3.189831 -4.023552 7.125139 3.783699 -4.023552 7.125139 3.189831 2.740353 7.124362 3.783699 2.814846 7.205477 3.700929 2.814846 7.205477 3.272601 2.740353 7.124362 3.189831 4.031579 7.124362 3.783699 3.957086 7.205477 3.700929 3.957086 7.205477 3.272601 4.031579 7.124362 3.189831 -2.806819 7.205477 3.700929 -2.732326 7.124362 3.783699 -2.732326 7.124362 3.189831 -2.806819 7.205477 3.272601 -3.949059 7.205477 3.700929 -4.023552 7.124362 3.783699 -4.023552 7.124362 3.189831 -3.949059 7.205477 3.272601 4.455426 -3.719768 4.661456 4.455426 -5.971456 4.546371 3.556269 -3.719768 4.661456 3.556269 -5.971456 4.546371 3.556269 -3.719768 4.928273 4.455426 -3.719768 4.928273 3.556269 -5.971456 4.813188 4.455426 -5.971456 4.813188 -2.474077 -4.316032 4.796285 -2.474077 -5.375193 4.6812 -3.373234 -4.316032 4.796285 -3.373234 -5.375193 4.6812 -3.373234 -4.316032 5.063102 -2.474077 -4.316032 5.063102 -3.373234 -5.375193 4.948017 -2.474077 -5.375193 4.948017 4.583426 3.272051 3.124711 4.592246 3.301841 4.563776 4.582065 4.460515 3.107341 4.590885 4.490306 4.546407 4.821295 4.460515 3.084193 4.822656 3.272051 3.101563 4.830115 4.490306 4.523258 4.831476 3.301841 4.540628 -4.575399 3.272051 3.124711 -4.584219 3.301841 4.563776 -4.574038 4.460515 3.107341 -4.582858 4.490306 4.546407 -4.813268 4.460515 3.084193 -4.81463 3.272051 3.101563 -4.822088 4.490306 4.523258 -4.823449 3.301841 4.540628 -4.647101 -2.413467 1.533488 -4.647101 -3.719768 1.533488 -4.647101 -5.026068 1.533488 4.655128 -5.026068 1.533488 4.655128 -3.719768 1.533488 4.655128 -2.413467 1.533488 4.660285 -8.141163 4.256984 4.660285 -10.39285 3.299916 4.660285 -5.889475 4.717321 3.531149 -5.889475 4.717321 3.531149 -8.141163 4.256984 3.531149 -10.39285 3.299916 2.402013 -10.39285 3.383738 2.402013 -5.889475 4.801143 2.402013 -8.141163 4.340806 -4.641943 -8.141163 4.256984 -4.641943 -10.39285 3.299916 -4.641943 -5.889475 4.717321 -3.512807 -5.889475 4.717321 -3.512807 -8.141163 4.256984 -3.512807 -10.39285 3.299916 -2.383671 -10.39285 3.383738 -2.383671 -5.889475 4.801143 -2.383671 -8.141163 4.340806 -4.647101 2.62962 2.400117 -4.647101 1.189288 2.400117 4.655128 1.189288 2.400117 4.655128 2.62962 2.400117 2.436767 -4.561011 4.515155 2.436767 -7.610691 3.743409 1.551113 -4.561011 4.515155 1.551113 -7.610691 3.743409 0.6654585 -4.561011 4.515155 0.6654585 -7.610691 3.743409 2.407747 -7.610691 4.776093 1.551113 -7.610691 5.025278 0.6944792 -7.610691 4.776093 1.551113 -7.610691 3.992594 2.407747 -7.610691 3.992594 2.436767 -7.610691 5.025278 0.6944792 -7.610691 3.992594 0.6654585 -7.610691 5.025278 1.551113 -7.610691 4.776093 1.551113 -7.498783 3.992594 2.407747 -7.498783 3.992594 1.551113 -7.498783 4.776093 0.6944792 -7.498783 3.992594 2.407747 -7.498783 4.776093 0.6944792 -7.498783 4.776093 -2.436767 -4.561011 4.515155 -2.436767 -7.610691 3.743409 -1.551113 -4.561011 4.515155 -1.551113 -7.610691 3.743409 -0.6654585 -4.561011 4.515155 -0.6654585 -7.610691 3.743409 -2.407747 -7.610691 4.776093 -1.551113 -7.610691 5.025278 -0.6944792 -7.610691 4.776093 -1.551113 -7.610691 3.992594 -2.407747 -7.610691 3.992594 -2.436767 -7.610691 5.025278 -0.6944792 -7.610691 3.992594 -0.6654585 -7.610691 5.025278 -1.551113 -7.610691 4.776093 -1.551113 -7.498783 3.992594 -2.407747 -7.498783 3.992594 -1.551113 -7.498783 4.776093 -0.6944792 -7.498783 3.992594 -2.407747 -7.498783 4.776093 -0.6944792 -7.498783 4.776093 0.004013419 5.286986 5.799003 2.396855 5.286986 5.799003 0.004013419 3.035298 5.799003 2.396855 3.035298 5.799003 0.004013419 0.7836092 5.799003 2.396855 0.7836092 5.799003 0.004013419 -1.468079 5.799003 2.396855 -1.468079 5.799003 0.004013419 -3.719768 5.799003 2.396855 -3.719768 5.799003 0.004013419 -5.971456 4.908426 2.396855 -5.971456 4.908426 -2.388828 5.286986 5.799003 -2.388828 3.035298 5.799003 -2.388828 0.7836092 5.799003 -2.388828 -1.468079 5.799003 -2.388828 -3.719768 5.799003 -2.388828 -5.971456 4.908426 -2.296702 7.314246 1.840696 -2.296702 7.314246 2.986342 -2.296702 7.314246 5.268051 0.004013419 7.314246 1.840696 2.304729 7.314246 1.840696 2.304729 7.314246 2.986342 2.304729 7.314246 5.268051 0.004013419 7.314246 5.268051 0.004013419 7.314246 2.986342 0.004013419 6.894102 1.840696 2.304729 6.894102 1.840696 2.304729 6.154354 2.986342 0.004013419 6.154354 2.986342 2.304729 5.491203 5.268051 0.004013419 5.491203 5.268051 -2.296702 5.491203 5.268051 -2.296702 6.154354 2.986342 -2.296702 6.894102 1.840696 -4.575399 -0.7279494 3.124711 -4.584219 -0.6981592 4.563776 -4.574038 0.4605155 3.107341 -4.582858 0.4903059 4.546407 -4.813268 0.4605155 3.084193 -4.81463 -0.7279494 3.101563 -4.822088 0.4903059 4.523258 -4.823449 -0.6981592 4.540628 4.583426 -0.7279494 3.124711 4.592246 -0.6981592 4.563776 4.582065 0.4605155 3.107341 4.590885 0.4903059 4.546407 4.821295 0.4605155 3.084193 4.822656 -0.7279494 3.101563 4.830115 0.4903059 4.523258 4.831476 -0.6981592 4.540628 3.835885 15.83754 1.585519 3.835885 29.90819 1.585519 3.835885 15.83754 1.585519 3.835885 29.90819 1.585519 0.004536986 3.575109 5.97467 0.6441149 3.418812 5.963759 1.112318 2.991802 5.933948 1.283693 2.408495 5.893228 1.112318 1.825186 5.852506 0.6441151 1.398172 5.822696 0.004537165 1.241877 5.811784 -0.6350406 1.398172 5.822696 -1.103244 1.825184 5.852506 -1.274619 2.408495 5.893228 -0.8344027 2.888166 5.878854 -0.6350417 3.418812 5.963759 0.5846224 3.3461 5.958683 0.004536986 3.500608 5.969469 1.002447 2.930754 5.929687 1.143224 2.408495 5.893228 1.002447 1.88623 5.856768 0.5846224 1.470888 5.827772 0.004537165 1.31638 5.816985 -0.5755481 1.470888 5.827772 -0.9933735 1.88623 5.856768 -1.134149 2.408495 5.893228 -0.7245314 2.82712 5.874593 -0.575549 3.3461 5.958683 1.143224 2.418186 5.75439 1.002447 2.940449 5.79085 0.004536986 3.5103 5.830632 0.5846224 3.355791 5.819846 1.002447 1.895924 5.717931 0.5846224 1.480579 5.688935 0.004537165 1.326073 5.678149 -0.5755481 1.480579 5.688935 -0.9933735 1.895922 5.717931 -1.134149 2.418186 5.75439 -0.575549 3.355791 5.819846 -0.7245314 2.836811 5.735755 0.6441149 3.428505 5.824922 0.004536986 3.584803 5.835834 1.112318 3.001497 5.795113 1.283693 2.418186 5.75439 1.112318 1.834877 5.713669 0.6441151 1.407866 5.683859 0.004537165 1.251568 5.672948 -0.6350406 1.407866 5.683859 -1.103244 1.834877 5.713669 -1.274619 2.418186 5.75439 -0.6350417 3.428505 5.824923 -0.8344027 2.897858 5.740018 0.5314105 3.164358 5.928165 0.8733707 2.829121 5.904761 0.9857273 2.382853 5.873607 0.8383747 1.945143 5.84305 0.4707961 1.633268 5.821277 -0.01851624 1.530796 5.814124 -0.498451 1.665188 5.823506 -0.8404111 2.000425 5.846909 -0.9527683 2.446688 5.878062 -0.8054153 2.884399 5.908621 -0.3123098 3.031366 5.882592 0.05147486 3.298746 5.937547 0.8030495 2.804237 5.903024 0.4985261 3.116487 5.924822 0.8881863 2.383968 5.873685 0.7481188 1.996716 5.846651 0.4271458 1.712833 5.826832 -0.02464652 1.599361 5.818911 -0.4655668 1.713057 5.826848 -0.77009 2.025307 5.848646 -0.8552276 2.445574 5.877985 -0.7151595 2.832827 5.90502 -0.2686594 2.951805 5.877038 0.05760502 3.230183 5.93276 0.7481188 2.004065 5.741381 0.8881863 2.391317 5.768416 0.4985261 3.123835 5.819555 0.8030495 2.811588 5.797756 0.4271458 1.720179 5.721563 -0.02464652 1.60671 5.713642 -0.4655668 1.720406 5.72158 -0.77009 2.032652 5.743377 -0.8552276 2.452923 5.772717 -0.7151595 2.840176 5.799751 0.05760502 3.237532 5.827491 -0.2686594 2.959154 5.771769 0.8733707 2.836466 5.799493 0.5314105 3.171705 5.822896 0.9857273 2.390203 5.768339 0.8383747 1.952492 5.737782 0.4707961 1.640617 5.716009 -0.01851624 1.538147 5.708855 -0.498451 1.672535 5.718237 -0.8404111 2.007774 5.741641 -0.9527683 2.454039 5.772794 -0.8054153 2.891748 5.803352 0.05147486 3.306093 5.832278 -0.3123098 3.038717 5.777324 0.6124485 4.341976 5.822427 0.7021349 4.032763 5.817305 0.611778 3.723949 5.830453 0.3655892 3.498283 5.858347 0.02953565 3.416231 5.893511 -0.306339 3.499777 5.926525 -0.5520361 3.72654 5.948542 -0.6417225 4.035753 5.953663 -0.5513661 4.344564 5.940515 -0.3051774 4.57023 5.912622 0.04493647 4.511101 5.852458 0.3667508 4.568735 5.844444 0.6502451 4.038511 5.822498 0.5752654 4.322323 5.826453 0.5525034 3.753885 5.836084 0.3287594 3.557142 5.861327 0.03119564 3.478371 5.892542 -0.2856464 3.543884 5.923857 -0.5148532 3.746191 5.944515 -0.589833 4.030003 5.94847 -0.4920916 4.31463 5.934885 -0.2683476 4.511373 5.909642 0.04327672 4.448963 5.853426 0.3460581 4.524628 5.847112 0.3198831 3.5562 5.788225 0.5436264 3.752941 5.762982 0.5663889 4.321382 5.753352 0.6413685 4.037569 5.749397 0.02231889 3.477428 5.819442 -0.2945231 3.542944 5.850756 -0.5237297 3.745249 5.871414 -0.5987095 4.029062 5.87537 -0.5009684 4.313688 5.861783 -0.2772238 4.510431 5.836542 0.3371818 4.523687 5.774011 0.0343998 4.448019 5.780325 0.6932581 4.03182 5.744204 0.6035715 4.341034 5.749325 0.6029012 3.723007 5.757352 0.3567129 3.497341 5.785245 0.02065891 3.415291 5.820411 -0.3152158 3.498838 5.853424 -0.5609128 3.725597 5.875441 -0.6505992 4.034811 5.880562 -0.5602426 4.343624 5.867414 -0.3140537 4.56929 5.839521 0.3578742 4.567795 5.771342 0.03605991 4.510159 5.779356 0.543836 4.012421 5.824174 0.4661816 3.780712 5.83504 0.2729163 3.615923 5.856778 0.01582646 3.562208 5.883563 -0.2362014 3.633963 5.908218 -0.4156373 3.811958 5.924138 -0.4744003 4.048504 5.927057 -0.3967461 4.280212 5.916191 -0.2034814 4.445 5.894454 0.05360883 4.498713 5.867668 0.252679 4.329956 5.830385 0.4850728 4.248964 5.827093 0.4353268 3.803614 5.837877 0.5113228 4.013575 5.827459 0.2478981 3.657087 5.858788 0.017901 3.61363 5.882691 -0.2079379 3.673241 5.904845 -0.3830255 3.832613 5.920563 -0.4418872 4.04735 5.923771 -0.3658916 4.257309 5.913355 -0.1784633 4.403835 5.892445 0.05153441 4.447292 5.868541 0.2244156 4.29068 5.833759 0.4524611 4.22831 5.830669 0.01117068 3.612917 5.827263 0.2411679 3.656374 5.803361 0.5045924 4.012859 5.772034 0.4285969 3.8029 5.78245 -0.2146683 3.672525 5.849419 -0.3897559 3.8319 5.865136 -0.4486176 4.046637 5.868345 -0.372622 4.256596 5.857928 -0.1851937 4.403122 5.837018 0.04480379 4.446579 5.813115 0.4457303 4.227596 5.775241 0.2176853 4.289967 5.778333 0.4594511 3.779999 5.779613 0.5371054 4.011707 5.768748 0.2661859 3.61521 5.801351 0.009095966 3.561497 5.828136 -0.242932 3.633253 5.852793 -0.4223678 3.811247 5.868713 -0.4811307 4.047789 5.871631 -0.4034765 4.279497 5.860765 -0.2102121 4.444286 5.839027 0.04687845 4.498001 5.812242 0.4783421 4.248251 5.771666 0.2459486 4.329243 5.774959 1.90735e-6 7.200025 4.384763 1.90735e-6 7.931016 4.384763 0.5907292 7.200025 4.277337 0.5907292 7.931016 4.277337 1.091523 7.200025 3.971414 1.091523 7.931016 3.971414 1.426142 7.200025 3.513568 1.426142 7.931016 3.513568 1.543645 7.200025 2.973502 1.543645 7.931016 2.973502 1.426142 7.200025 2.433436 1.426142 7.931016 2.433436 1.091523 7.200025 1.975591 1.091523 7.931016 1.97559 0.5907292 7.200025 1.669668 0.5907292 7.931016 1.669668 1.90735e-6 7.200025 1.562242 1.90735e-6 7.931016 1.562241 -0.590724 7.200025 1.669668 -0.590724 7.931016 1.669668 -1.091517 7.200025 1.975591 -1.091517 7.931016 1.97559 -1.426136 7.200025 2.433436 -1.426136 7.931016 2.433436 -1.54364 7.200025 2.973502 -1.54364 7.931016 2.973502 -1.426136 7.200025 3.513568 -1.426136 7.931016 3.513568 -1.091517 7.200025 3.971414 -1.091517 7.931016 3.971414 -0.590724 7.200025 4.277337 -0.590724 7.931016 4.277337 1.90735e-6 7.931016 4.384763 0.5907292 7.931016 4.277337 1.091523 7.931016 3.971414 1.426142 7.931016 3.513568 1.543645 7.931016 2.973502 1.426142 7.931016 2.433436 1.091523 7.931016 1.97559 0.5907292 7.931016 1.669668 1.90735e-6 7.931016 1.562241 -0.590724 7.931016 1.669668 -1.091517 7.931016 1.97559 -1.426136 7.931016 2.433436 -1.54364 7.931016 2.973502 -1.426136 7.931016 3.513568 -1.091517 7.931016 3.971414 -0.590724 7.931016 4.277337 0.4146996 7.931016 3.888808 1.90735e-6 7.931016 3.964222 0.7662613 7.931016 3.674047 1.001167 7.931016 3.352634 1.083656 7.931016 2.973502 1.001167 7.931016 2.59437 0.7662613 7.931016 2.272957 0.4146996 7.931016 2.058196 1.90735e-6 7.931016 1.982782 -0.4146938 7.931016 2.058196 -0.7662563 7.931016 2.272957 -1.001163 7.931016 2.59437 -1.083652 7.931016 2.973502 -1.001163 7.931016 3.352634 -0.7662563 7.931016 3.674047 -0.4146938 7.931016 3.888808 0.4146996 7.894486 3.888808 1.90735e-6 7.894486 3.964222 0.7662613 7.894486 3.674047 1.001167 7.894486 3.352634 1.083656 7.894486 2.973502 1.001167 7.894486 2.59437 0.7662613 7.894486 2.272957 0.4146996 7.894486 2.058196 1.90735e-6 7.894486 1.982782 -0.4146938 7.894486 2.058196 -0.7662563 7.894486 2.272957 -1.001163 7.894486 2.59437 -1.083652 7.894486 2.973502 -1.001163 7.894486 3.352634 -0.7662563 7.894486 3.674047 -0.4146938 7.894486 3.888808 1.90735e-6 7.200025 4.384763 0.5907292 7.200025 4.277337 1.091523 7.200025 3.971414 1.426142 7.200025 3.513568 1.543645 7.200025 2.973502 1.426142 7.200025 2.433436 1.091523 7.200025 1.975591 0.5907292 7.200025 1.669668 1.90735e-6 7.200025 1.562242 -0.590724 7.200025 1.669668 -1.091517 7.200025 1.975591 -1.426136 7.200025 2.433436 -1.54364 7.200025 2.973502 -1.426136 7.200025 3.513568 -1.091517 7.200025 3.971414 -0.590724 7.200025 4.277337 3.395205 0.1139496 2.986953 4.718223 0.1139499 2.986953 3.395205 0.717023 2.866994 4.718223 0.7170233 2.866994 3.395205 1.228282 2.525381 4.718223 1.228282 2.525381 3.395205 1.569895 2.014121 4.718223 1.569895 2.014121 3.395205 1.689855 1.411048 4.718223 1.689855 1.411048 3.395205 1.569895 0.8079757 4.718223 1.569895 0.8079753 3.395205 1.228282 0.296716 4.718223 1.228283 0.2967156 3.395205 0.717023 -0.04489755 4.718223 0.7170233 -0.04489755 3.395205 0.1139496 -0.1648565 4.718223 0.1139498 -0.1648571 3.395205 -0.4891228 -0.04489755 4.718223 -0.4891226 -0.04489755 3.395205 -1.000383 0.296716 4.718223 -1.000383 0.2967156 3.395205 -1.341996 0.8079757 4.718223 -1.341996 0.8079753 3.395205 -1.461955 1.411048 4.718223 -1.461955 1.411048 3.395205 -1.341996 2.014121 4.718223 -1.341996 2.014121 3.395205 -1.000383 2.525381 4.718223 -1.000383 2.525381 3.395205 -0.4891228 2.866994 4.718223 -0.4891226 2.866994 4.718223 0.1139499 2.986953 4.718223 0.7170233 2.866994 4.718223 1.228282 2.525381 4.718223 1.569895 2.014121 4.718223 1.689855 1.411048 4.718223 1.569895 0.8079753 4.718223 1.228283 0.2967156 4.718223 0.7170233 -0.04489755 4.718223 0.1139498 -0.1648571 4.718223 -0.4891226 -0.04489755 4.718223 -1.000383 0.2967156 4.718223 -1.341996 0.8079753 4.718223 -1.461955 1.411048 4.718223 -1.341996 2.014121 4.718223 -1.000383 2.525381 4.718223 -0.4891226 2.866994 4.718223 0.5373141 2.433138 4.718223 0.1139499 2.51735 4.718223 0.8962236 2.193322 4.718223 1.13604 1.834412 4.718223 1.220252 1.411048 4.718223 1.13604 0.9876846 4.718223 0.8962238 0.6287746 4.718223 0.5373141 0.3889583 4.718223 0.1139498 0.304746 4.718223 -0.3094137 0.3889583 4.718223 -0.6683238 0.6287746 4.718223 -0.90814 0.9876846 4.718223 -0.992353 1.411048 4.718223 -0.90814 1.834412 4.718223 -0.6683238 2.193322 4.718223 -0.3094136 2.433138 4.678972 0.5373141 2.433138 4.678972 0.1139499 2.51735 4.678972 0.8962236 2.193322 4.678972 1.13604 1.834412 4.678972 1.220252 1.411048 4.678972 1.13604 0.9876846 4.678972 0.8962238 0.6287746 4.678972 0.5373141 0.3889583 4.678972 0.1139498 0.304746 4.678972 -0.3094137 0.3889583 4.678972 -0.6683238 0.6287746 4.678972 -0.90814 0.9876846 4.678972 -0.992353 1.411048 4.678972 -0.90814 1.834412 4.678972 -0.6683238 2.193322 4.678972 -0.3094136 2.433138 3.395205 0.1139496 2.986953 3.395205 0.717023 2.866994 3.395205 1.228282 2.525381 3.395205 1.569895 2.014121 3.395205 1.689855 1.411048 3.395205 1.569895 0.8079757 3.395205 1.228282 0.296716 3.395205 0.717023 -0.04489755 3.395205 0.1139496 -0.1648565 3.395205 -0.4891228 -0.04489755 3.395205 -1.000383 0.296716 3.395205 -1.341996 0.8079757 3.395205 -1.461955 1.411048 3.395205 -1.341996 2.014121 3.395205 -1.000383 2.525381 3.395205 -0.4891228 2.866994 3.395205 4.817352 2.986953 4.718223 4.817353 2.986953 3.395205 5.420425 2.866994 4.718223 5.420425 2.866994 3.395205 5.931686 2.525381 4.718223 5.931686 2.525381 3.395205 6.273298 2.014121 4.718223 6.273298 2.014121 3.395205 6.393258 1.411048 4.718223 6.393258 1.411048 3.395205 6.273298 0.8079757 4.718223 6.273298 0.8079753 3.395205 5.931686 0.296716 4.718223 5.931686 0.2967156 3.395205 5.420425 -0.04489755 4.718223 5.420425 -0.04489755 3.395205 4.817352 -0.1648565 4.718223 4.817353 -0.1648571 3.395205 4.21428 -0.04489755 4.718223 4.21428 -0.04489755 3.395205 3.70302 0.296716 4.718223 3.70302 0.2967156 3.395205 3.361407 0.8079757 4.718223 3.361407 0.8079753 3.395205 3.241447 1.411048 4.718223 3.241447 1.411048 3.395205 3.361407 2.014121 4.718223 3.361407 2.014121 3.395205 3.70302 2.525381 4.718223 3.70302 2.525381 3.395205 4.21428 2.866994 4.718223 4.21428 2.866994 4.718223 4.817353 2.986953 4.718223 5.420425 2.866994 4.718223 5.931686 2.525381 4.718223 6.273298 2.014121 4.718223 6.393258 1.411048 4.718223 6.273298 0.8079753 4.718223 5.931686 0.2967156 4.718223 5.420425 -0.04489755 4.718223 4.817353 -0.1648571 4.718223 4.21428 -0.04489755 4.718223 3.70302 0.2967156 4.718223 3.361407 0.8079753 4.718223 3.241447 1.411048 4.718223 3.361407 2.014121 4.718223 3.70302 2.525381 4.718223 4.21428 2.866994 4.718223 5.240716 2.433138 4.718223 4.817353 2.51735 4.718223 5.599626 2.193322 4.718223 5.839442 1.834412 4.718223 5.923655 1.411048 4.718223 5.839442 0.9876846 4.718223 5.599627 0.6287746 4.718223 5.240716 0.3889583 4.718223 4.817353 0.304746 4.718223 4.393989 0.3889583 4.718223 4.035079 0.6287746 4.718223 3.795263 0.9876846 4.718223 3.71105 1.411048 4.718223 3.795263 1.834412 4.718223 4.035079 2.193322 4.718223 4.393989 2.433138 4.678972 5.240716 2.433138 4.678972 4.817353 2.51735 4.678972 5.599626 2.193322 4.678972 5.839442 1.834412 4.678972 5.923655 1.411048 4.678972 5.839442 0.9876846 4.678972 5.599627 0.6287746 4.678972 5.240716 0.3889583 4.678972 4.817353 0.304746 4.678972 4.393989 0.3889583 4.678972 4.035079 0.6287746 4.678972 3.795263 0.9876846 4.678972 3.71105 1.411048 4.678972 3.795263 1.834412 4.678972 4.035079 2.193322 4.678972 4.393989 2.433138 3.395205 4.817352 2.986953 3.395205 5.420425 2.866994 3.395205 5.931686 2.525381 3.395205 6.273298 2.014121 3.395205 6.393258 1.411048 3.395205 6.273298 0.8079757 3.395205 5.931686 0.296716 3.395205 5.420425 -0.04489755 3.395205 4.817352 -0.1648565 3.395205 4.21428 -0.04489755 3.395205 3.70302 0.296716 3.395205 3.361407 0.8079757 3.395205 3.241447 1.411048 3.395205 3.361407 2.014121 3.395205 3.70302 2.525381 3.395205 4.21428 2.866994 3.395205 -7.525677 2.986953 4.718223 -7.525675 2.986953 3.395205 -6.922603 2.866994 4.718223 -6.922603 2.866994 3.395205 -6.411344 2.525381 4.718223 -6.411344 2.525381 3.395205 -6.069731 2.014121 4.718223 -6.069731 2.014121 3.395205 -5.949771 1.411048 4.718223 -5.949771 1.411048 3.395205 -6.069731 0.8079757 4.718223 -6.069731 0.8079753 3.395205 -6.411344 0.296716 4.718223 -6.411344 0.2967156 3.395205 -6.922603 -0.04489755 4.718223 -6.922603 -0.04489755 3.395205 -7.525677 -0.1648565 4.718223 -7.525675 -0.1648571 3.395205 -8.128749 -0.04489755 4.718223 -8.128749 -0.04489755 3.395205 -8.640009 0.296716 4.718223 -8.640009 0.2967156 3.395205 -8.981621 0.8079757 4.718223 -8.981621 0.8079753 3.395205 -9.101582 1.411048 4.718223 -9.101582 1.411048 3.395205 -8.981621 2.014121 4.718223 -8.981621 2.014121 3.395205 -8.640009 2.525381 4.718223 -8.640009 2.525381 3.395205 -8.128749 2.866994 4.718223 -8.128749 2.866994 4.718223 -7.525675 2.986953 4.718223 -6.922603 2.866994 4.718223 -6.411344 2.525381 4.718223 -6.069731 2.014121 4.718223 -5.949771 1.411048 4.718223 -6.069731 0.8079753 4.718223 -6.411344 0.2967156 4.718223 -6.922603 -0.04489755 4.718223 -7.525675 -0.1648571 4.718223 -8.128749 -0.04489755 4.718223 -8.640009 0.2967156 4.718223 -8.981621 0.8079753 4.718223 -9.101582 1.411048 4.718223 -8.981621 2.014121 4.718223 -8.640009 2.525381 4.718223 -8.128749 2.866994 4.718223 -7.102313 2.433138 4.718223 -7.525675 2.51735 4.718223 -6.743404 2.193322 4.718223 -6.503587 1.834412 4.718223 -6.419374 1.411048 4.718223 -6.503587 0.9876846 4.718223 -6.743404 0.6287746 4.718223 -7.102313 0.3889583 4.718223 -7.525675 0.304746 4.718223 -7.949039 0.3889583 4.718223 -8.30795 0.6287746 4.718223 -8.547765 0.9876846 4.718223 -8.631978 1.411048 4.718223 -8.547765 1.834412 4.718223 -8.30795 2.193322 4.718223 -7.949039 2.433138 4.678972 -7.102313 2.433138 4.678972 -7.525675 2.51735 4.678972 -6.743404 2.193322 4.678972 -6.503587 1.834412 4.678972 -6.419374 1.411048 4.678972 -6.503587 0.9876846 4.678972 -6.743404 0.6287746 4.678972 -7.102313 0.3889583 4.678972 -7.525675 0.304746 4.678972 -7.949039 0.3889583 4.678972 -8.30795 0.6287746 4.678972 -8.547765 0.9876846 4.678972 -8.631978 1.411048 4.678972 -8.547765 1.834412 4.678972 -8.30795 2.193322 4.678972 -7.949039 2.433138 3.395205 -7.525677 2.986953 3.395205 -6.922603 2.866994 3.395205 -6.411344 2.525381 3.395205 -6.069731 2.014121 3.395205 -5.949771 1.411048 3.395205 -6.069731 0.8079757 3.395205 -6.411344 0.296716 3.395205 -6.922603 -0.04489755 3.395205 -7.525677 -0.1648565 3.395205 -8.128749 -0.04489755 3.395205 -8.640009 0.296716 3.395205 -8.981621 0.8079757 3.395205 -9.101582 1.411048 3.395205 -8.981621 2.014121 3.395205 -8.640009 2.525381 3.395205 -8.128749 2.866994 -3.392574 0.1139496 2.986953 -4.715592 0.1139499 2.986953 -3.392574 0.717023 2.866994 -4.715592 0.7170233 2.866994 -3.392574 1.228282 2.525381 -4.715592 1.228282 2.525381 -3.392574 1.569895 2.014121 -4.715592 1.569895 2.014121 -3.392574 1.689855 1.411048 -4.715592 1.689855 1.411048 -3.392574 1.569895 0.8079757 -4.715592 1.569895 0.8079753 -3.392574 1.228282 0.296716 -4.715592 1.228283 0.2967156 -3.392574 0.717023 -0.04489755 -4.715592 0.7170233 -0.04489755 -3.392574 0.1139496 -0.1648565 -4.715592 0.1139498 -0.1648571 -3.392574 -0.4891228 -0.04489755 -4.715592 -0.4891226 -0.04489755 -3.392574 -1.000383 0.296716 -4.715592 -1.000383 0.2967156 -3.392574 -1.341996 0.8079757 -4.715592 -1.341996 0.8079753 -3.392574 -1.461955 1.411048 -4.715592 -1.461955 1.411048 -3.392574 -1.341996 2.014121 -4.715592 -1.341996 2.014121 -3.392574 -1.000383 2.525381 -4.715592 -1.000383 2.525381 -3.392574 -0.4891228 2.866994 -4.715592 -0.4891226 2.866994 -4.715592 0.1139499 2.986953 -4.715592 0.7170233 2.866994 -4.715592 1.228282 2.525381 -4.715592 1.569895 2.014121 -4.715592 1.689855 1.411048 -4.715592 1.569895 0.8079753 -4.715592 1.228283 0.2967156 -4.715592 0.7170233 -0.04489755 -4.715592 0.1139498 -0.1648571 -4.715592 -0.4891226 -0.04489755 -4.715592 -1.000383 0.2967156 -4.715592 -1.341996 0.8079753 -4.715592 -1.461955 1.411048 -4.715592 -1.341996 2.014121 -4.715592 -1.000383 2.525381 -4.715592 -0.4891226 2.866994 -4.715592 0.5373141 2.433138 -4.715592 0.1139499 2.51735 -4.715592 0.8962236 2.193322 -4.715592 1.13604 1.834412 -4.715592 1.220252 1.411048 -4.715592 1.13604 0.9876846 -4.715592 0.8962238 0.6287746 -4.715592 0.5373141 0.3889583 -4.715592 0.1139498 0.304746 -4.715592 -0.3094137 0.3889583 -4.715592 -0.6683238 0.6287746 -4.715592 -0.90814 0.9876846 -4.715592 -0.992353 1.411048 -4.715592 -0.90814 1.834412 -4.715592 -0.6683238 2.193322 -4.715592 -0.3094136 2.433138 -4.676341 0.5373141 2.433138 -4.676341 0.1139499 2.51735 -4.676341 0.8962236 2.193322 -4.676341 1.13604 1.834412 -4.676341 1.220252 1.411048 -4.676341 1.13604 0.9876846 -4.676341 0.8962238 0.6287746 -4.676341 0.5373141 0.3889583 -4.676341 0.1139498 0.304746 -4.676341 -0.3094137 0.3889583 -4.676341 -0.6683238 0.6287746 -4.676341 -0.90814 0.9876846 -4.676341 -0.992353 1.411048 -4.676341 -0.90814 1.834412 -4.676341 -0.6683238 2.193322 -4.676341 -0.3094136 2.433138 -3.392574 0.1139496 2.986953 -3.392574 0.717023 2.866994 -3.392574 1.228282 2.525381 -3.392574 1.569895 2.014121 -3.392574 1.689855 1.411048 -3.392574 1.569895 0.8079757 -3.392574 1.228282 0.296716 -3.392574 0.717023 -0.04489755 -3.392574 0.1139496 -0.1648565 -3.392574 -0.4891228 -0.04489755 -3.392574 -1.000383 0.296716 -3.392574 -1.341996 0.8079757 -3.392574 -1.461955 1.411048 -3.392574 -1.341996 2.014121 -3.392574 -1.000383 2.525381 -3.392574 -0.4891228 2.866994 -3.392574 4.817352 2.986953 -4.715592 4.817353 2.986953 -3.392574 5.420425 2.866994 -4.715592 5.420425 2.866994 -3.392574 5.931686 2.525381 -4.715592 5.931686 2.525381 -3.392574 6.273298 2.014121 -4.715592 6.273298 2.014121 -3.392574 6.393258 1.411048 -4.715592 6.393258 1.411048 -3.392574 6.273298 0.8079757 -4.715592 6.273298 0.8079753 -3.392574 5.931686 0.296716 -4.715592 5.931686 0.2967156 -3.392574 5.420425 -0.04489755 -4.715592 5.420425 -0.04489755 -3.392574 4.817352 -0.1648565 -4.715592 4.817353 -0.1648571 -3.392574 4.21428 -0.04489755 -4.715592 4.21428 -0.04489755 -3.392574 3.70302 0.296716 -4.715592 3.70302 0.2967156 -3.392574 3.361407 0.8079757 -4.715592 3.361407 0.8079753 -3.392574 3.241447 1.411048 -4.715592 3.241447 1.411048 -3.392574 3.361407 2.014121 -4.715592 3.361407 2.014121 -3.392574 3.70302 2.525381 -4.715592 3.70302 2.525381 -3.392574 4.21428 2.866994 -4.715592 4.21428 2.866994 -4.715592 4.817353 2.986953 -4.715592 5.420425 2.866994 -4.715592 5.931686 2.525381 -4.715592 6.273298 2.014121 -4.715592 6.393258 1.411048 -4.715592 6.273298 0.8079753 -4.715592 5.931686 0.2967156 -4.715592 5.420425 -0.04489755 -4.715592 4.817353 -0.1648571 -4.715592 4.21428 -0.04489755 -4.715592 3.70302 0.2967156 -4.715592 3.361407 0.8079753 -4.715592 3.241447 1.411048 -4.715592 3.361407 2.014121 -4.715592 3.70302 2.525381 -4.715592 4.21428 2.866994 -4.715592 5.240716 2.433138 -4.715592 4.817353 2.51735 -4.715592 5.599626 2.193322 -4.715592 5.839442 1.834412 -4.715592 5.923655 1.411048 -4.715592 5.839442 0.9876846 -4.715592 5.599627 0.6287746 -4.715592 5.240716 0.3889583 -4.715592 4.817353 0.304746 -4.715592 4.393989 0.3889583 -4.715592 4.035079 0.6287746 -4.715592 3.795263 0.9876846 -4.715592 3.71105 1.411048 -4.715592 3.795263 1.834412 -4.715592 4.035079 2.193322 -4.715592 4.393989 2.433138 -4.676341 5.240716 2.433138 -4.676341 4.817353 2.51735 -4.676341 5.599626 2.193322 -4.676341 5.839442 1.834412 -4.676341 5.923655 1.411048 -4.676341 5.839442 0.9876846 -4.676341 5.599627 0.6287746 -4.676341 5.240716 0.3889583 -4.676341 4.817353 0.304746 -4.676341 4.393989 0.3889583 -4.676341 4.035079 0.6287746 -4.676341 3.795263 0.9876846 -4.676341 3.71105 1.411048 -4.676341 3.795263 1.834412 -4.676341 4.035079 2.193322 -4.676341 4.393989 2.433138 -3.392574 4.817352 2.986953 -3.392574 5.420425 2.866994 -3.392574 5.931686 2.525381 -3.392574 6.273298 2.014121 -3.392574 6.393258 1.411048 -3.392574 6.273298 0.8079757 -3.392574 5.931686 0.296716 -3.392574 5.420425 -0.04489755 -3.392574 4.817352 -0.1648565 -3.392574 4.21428 -0.04489755 -3.392574 3.70302 0.296716 -3.392574 3.361407 0.8079757 -3.392574 3.241447 1.411048 -3.392574 3.361407 2.014121 -3.392574 3.70302 2.525381 -3.392574 4.21428 2.866994 -3.392574 -7.525677 2.986953 -4.715592 -7.525675 2.986953 -3.392574 -6.922603 2.866994 -4.715592 -6.922603 2.866994 -3.392574 -6.411344 2.525381 -4.715592 -6.411344 2.525381 -3.392574 -6.069731 2.014121 -4.715592 -6.069731 2.014121 -3.392574 -5.949771 1.411048 -4.715592 -5.949771 1.411048 -3.392574 -6.069731 0.8079757 -4.715592 -6.069731 0.8079753 -3.392574 -6.411344 0.296716 -4.715592 -6.411344 0.2967156 -3.392574 -6.922603 -0.04489755 -4.715592 -6.922603 -0.04489755 -3.392574 -7.525677 -0.1648565 -4.715592 -7.525675 -0.1648571 -3.392574 -8.128749 -0.04489755 -4.715592 -8.128749 -0.04489755 -3.392574 -8.640009 0.296716 -4.715592 -8.640009 0.2967156 -3.392574 -8.981621 0.8079757 -4.715592 -8.981621 0.8079753 -3.392574 -9.101582 1.411048 -4.715592 -9.101582 1.411048 -3.392574 -8.981621 2.014121 -4.715592 -8.981621 2.014121 -3.392574 -8.640009 2.525381 -4.715592 -8.640009 2.525381 -3.392574 -8.128749 2.866994 -4.715592 -8.128749 2.866994 -4.715592 -7.525675 2.986953 -4.715592 -6.922603 2.866994 -4.715592 -6.411344 2.525381 -4.715592 -6.069731 2.014121 -4.715592 -5.949771 1.411048 -4.715592 -6.069731 0.8079753 -4.715592 -6.411344 0.2967156 -4.715592 -6.922603 -0.04489755 -4.715592 -7.525675 -0.1648571 -4.715592 -8.128749 -0.04489755 -4.715592 -8.640009 0.2967156 -4.715592 -8.981621 0.8079753 -4.715592 -9.101582 1.411048 -4.715592 -8.981621 2.014121 -4.715592 -8.640009 2.525381 -4.715592 -8.128749 2.866994 -4.715592 -7.102313 2.433138 -4.715592 -7.525675 2.51735 -4.715592 -6.743404 2.193322 -4.715592 -6.503587 1.834412 -4.715592 -6.419374 1.411048 -4.715592 -6.503587 0.9876846 -4.715592 -6.743404 0.6287746 -4.715592 -7.102313 0.3889583 -4.715592 -7.525675 0.304746 -4.715592 -7.949039 0.3889583 -4.715592 -8.30795 0.6287746 -4.715592 -8.547765 0.9876846 -4.715592 -8.631978 1.411048 -4.715592 -8.547765 1.834412 -4.715592 -8.30795 2.193322 -4.715592 -7.949039 2.433138 -4.676341 -7.102313 2.433138 -4.676341 -7.525675 2.51735 -4.676341 -6.743404 2.193322 -4.676341 -6.503587 1.834412 -4.676341 -6.419374 1.411048 -4.676341 -6.503587 0.9876846 -4.676341 -6.743404 0.6287746 -4.676341 -7.102313 0.3889583 -4.676341 -7.525675 0.304746 -4.676341 -7.949039 0.3889583 -4.676341 -8.30795 0.6287746 -4.676341 -8.547765 0.9876846 -4.676341 -8.631978 1.411048 -4.676341 -8.547765 1.834412 -4.676341 -8.30795 2.193322 -4.676341 -7.949039 2.433138 -3.392574 -7.525677 2.986953 -3.392574 -6.922603 2.866994 -3.392574 -6.411344 2.525381 -3.392574 -6.069731 2.014121 -3.392574 -5.949771 1.411048 -3.392574 -6.069731 0.8079757 -3.392574 -6.411344 0.296716 -3.392574 -6.922603 -0.04489755 -3.392574 -7.525677 -0.1648565 -3.392574 -8.128749 -0.04489755 -3.392574 -8.640009 0.296716 -3.392574 -8.981621 0.8079757 -3.392574 -9.101582 1.411048 -3.392574 -8.981621 2.014121 -3.392574 -8.640009 2.525381 -3.392574 -8.128749 2.866994</float_array>
          <technique_common>
            <accessor source="#Cube_002-mesh-positions-array" count="1297" stride="3">
              <param name="X" type="float"/>
              <param name="Y" type="float"/>
              <param name="Z" type="float"/>
            </accessor>
          </technique_common>
        </source>
        <source id="Cube_002-mesh-normals">
          <float_array id="Cube_002-mesh-normals-array" count="4734">0 1 0 1 0 0 1 0 0 1 0 0 1 0 0 1 0 0 0 0.6222675 0.7828047 0 0.6597532 0.7514824 0 0.6597529 0.7514827 0 0.6706048 -0.7418148 0 0.7192137 -0.6947891 0 0.6098152 -0.7925438 0 0 -1 0.1215917 0.5475852 -0.8278683 0 0.6458557 -0.7634596 0.9987012 0.01020538 -0.04991877 0.9985614 0.01321101 -0.05196732 0.9980686 0.02213346 -0.05804419 0.3159999 -0.1365187 0.9388859 0.2916928 -0.194143 0.9366024 0.03682136 -0.08793419 0.9954456 0.6168698 -0.004505157 0.7870524 0.6545959 -0.1749258 0.7354626 0.601096 0 0.7991769 0.6010962 0 0.7991767 0.601096 -7.44817e-4 0.7991765 0.6195575 0.01393765 0.7848276 0.6602302 0.04695802 0.7495939 0.6905453 0.07355159 0.7195397 0.1792247 0.6151254 0.7677886 0.3403813 0.4502584 0.8254744 0 0.1094743 0.9939897 0 0.8255818 -0.5642826 -0.02082198 0.8258196 -0.5635499 0 0.8255817 -0.5642826 0.1874066 -0.6341085 -0.7501902 0 -0.6455459 -0.7637215 0 -0.6455458 -0.7637217 0 -1 0 0.7720656 0.6355428 0 0.6983264 0.7157796 -2.83496e-5 0.6503105 0.7596685 -6.43847e-7 -0.9987012 -0.01020538 0.04991877 -0.9985614 -0.01320964 0.05196732 -0.9987012 -0.01020538 0.04991877 0 0.1094743 0.9939897 0 0.1055833 0.9944106 0 0.1094743 0.9939897 0 0.1055832 0.9944105 0 0.05091041 0.9987033 0 0.05091208 0.9987033 0 0 1 0 -0.0340147 0.9994214 0 -0.03401362 0.9994214 0 -0.07799553 0.9969538 0 -0.08799391 0.9961211 -0.04176193 0.8256962 -0.5625672 -0.0209521 0.82582 -0.5635445 0 0.6597528 0.7514827 0 0.6597524 0.7514831 0 0.7192137 -0.694789 0.5146015 0 -0.8574295 0.5146014 0 -0.8574295 0.5146016 0 -0.8574295 0.5146015 0 -0.8574295 0.5146015 0 -0.8574294 0.5146016 0 -0.8574295 0.5146016 0 -0.8574294 0.243344 0.4404161 -0.8641861 0.187341 0.6344207 -0.7499425 0.3303121 -0.573628 -0.7495631 0.06105554 -0.5857012 -0.8082243 0 -0.2890691 0.9573082 0 -0.3911757 0.9203161 0 -0.2890631 0.9573101 0 0.7469118 0.6649232 0.2211549 0.7284172 0.6484589 -0.01292866 0 0.9999164 -1 0 0 -1 0 0 1 -4.70161e-7 0 1 -4.65987e-7 0 0 -0.1835471 0.983011 0 -0.1835471 0.983011 0 0.5767409 0.8169271 0 0.6597533 0.7514824 0 0.8772583 -0.4800186 0 0.8772569 -0.4800214 0 0.8772563 -0.4800221 -1 -1.59663e-7 0 -1 -1.34447e-7 0 0 0.8710626 0.4911723 0 0.8710625 0.4911722 0 -0.6822772 -0.7310937 0 -0.6822764 -0.7310944 0 -0.6822775 -0.7310934 -0.7070666 0 0.707147 0 0 0 0 0 -1 2.2456e-7 0 -1 1.72825e-6 0 -1 1 3.39722e-7 0 1 5.87596e-7 0 0 0.6111431 -0.7915202 0 0.6111458 -0.791518 0 0.6111461 -0.7915178 0.1035555 0.7245863 0.6813597 0.0734117 0.4174529 0.9057283 0.0686919 0.3728988 0.9253259 -1 0 0 -1 0 0 -1.46653e-5 0.5956646 -0.8032333 0.698327 0.715779 2.1636e-5 0.7720623 0.6355469 0 -2.35129e-7 0.6799212 0.7332852 -5.18988e-5 0.8351798 0.5499771 0 0.8340037 0.5517588 0.5096235 0.8603975 -8.46934e-5 0.5088974 0.8608273 0 0.5096465 0.8603839 6.53901e-5 -2.97709e-7 0.6799217 -0.7332847 -5.20114e-5 0.835181 -0.5499752 -1.46326e-5 0.5956662 0.8032323 -1 1.75269e-7 0 -1 0 0 -1 1.2404e-7 0 -1 0 0 -1 0 0 -1 0 0 -1 0 0 -1 0 0 -1 0 0 -1 0 0 -1 0 0 -1 0 0 -1 0 0 -1 0 0 -1 0 0 -1 -2.73959e-7 0 0 0.6597531 0.7514825 0 0.6222666 0.7828053 0 0.659753 0.7514827 0 0.6706038 -0.7418158 -0.1215916 0.5475852 -0.8278684 0.9978387 0.0257039 -0.0604757 0.9978387 0.02570384 -0.0604757 -0.3159999 -0.1365187 0.9388859 -0.2916929 -0.1941432 0.9366023 -0.6545957 -0.1749259 0.7354627 -0.6168696 -0.004505097 0.7870526 -0.6010761 0.008149802 0.7991502 -0.6010958 0 0.799177 -0.601096 0 0.7991768 -0.6010959 -7.44847e-4 0.7991767 -0.6195573 0.01393759 0.7848277 -0.6602301 0.04695791 0.7495941 -0.6905452 0.07355147 0.7195398 -0.340381 0.4502584 0.8254745 -0.1792246 0.6151254 0.7677885 0.05368125 -0.7103671 0.7017813 0.03044456 -0.822315 0.5682176 0.05291903 -0.6993101 0.712857 -0.1874065 -0.6341084 -0.7501903 -0.7720614 0.635548 2.17513e-7 -0.698332 0.7157741 -2.73341e-5 -0.7720674 0.6355407 0 0.02007746 0.8250129 -0.5647572 0 0.8255817 -0.5642827 0.02184164 0.824947 -0.5647881 0 0.1055833 0.9944105 0 0.05091041 0.9987033 0 0.1055831 0.9944105 0 0.05091202 0.9987033 0 -0.0340147 0.9994214 0 -0.07799553 0.9969538 0 -0.03401362 0.9994214 0 -0.08799391 0.9961211 0.04194372 0.8240132 -0.5650159 0.04194366 0.8240132 -0.565016 0 0.659753 0.7514825 0 0.7192136 -0.6947891 0 0.7192135 -0.6947892 -0.5146014 0 -0.8574296 -0.5146014 0 -0.8574296 -0.5146014 0 -0.8574296 -0.5146014 0 -0.8574296 -0.5146014 0 -0.8574295 -0.5146013 0 -0.8574296 -0.5146015 0 -0.8574295 -0.5146015 0 -0.8574296 -0.2433437 0.4404159 -0.8641861 0 0.2077247 -0.9781875 -0.0610556 -0.5857012 -0.8082242 -0.330312 -0.5736279 -0.7495633 0 -0.2890632 0.9573101 -0.2211548 0.7284173 0.6484588 0.01292866 0 0.9999164 1 -4.96155e-6 0 -1 1.9362e-7 0 1 -4.6286e-6 0 -0.001162767 0 0.9999994 0 0.8772584 -0.4800186 0 0.8710625 0.4911722 0 0.8710625 0.4911723 -1 -2.68894e-7 0 -1 -3.19326e-7 0 -1 -5.13449e-7 0 0.7070666 0 0.707147 0 0 -1 -1.70722e-6 0 -1 -2.54335e-7 0 -1 -1 -6.79444e-7 0 -1 -1.17519e-6 0 -1 -2.44987e-6 0 1 2.32184e-6 0 1 1.19556e-6 0 -0.0734117 0.4174526 0.9057285 -0.1035555 0.7245862 0.6813598 -0.0686919 0.3728985 0.925326 1.46664e-5 0.5956618 -0.8032353 -0.6983308 0.7157753 2.09979e-5 -0.7720679 0.6355401 0 2.35214e-7 0.6799215 0.733285 5.18987e-5 0.8351811 0.549975 1.46326e-5 0.5956649 0.803233 -0.6503074 0.7596712 -4.60672e-7 -0.5096251 0.8603966 -8.17733e-5 -0.5096457 0.8603844 6.35006e-5 5.20148e-5 0.8351811 -0.5499752 2.99635e-7 0.6799221 -0.7332845 -0.7365283 0.6764068 0 -0.7365288 0.6764063 0 -0.7365289 0.6764061 0 0 0.7142166 0.6999248 0 0.7142128 0.6999287 0 0.7142126 0.6999289 0 0.7142114 -0.6999301 0 0.7142183 -0.699923 0 0.7142111 -0.6999304 0.7365295 0.6764054 0 0.7365296 0.6764054 0 0.7365294 0.6764056 0 0.736529 0.676406 0 0 0.7142105 0.699931 0 0.714219 0.6999223 0 0.7142199 0.6999214 0 0.7142175 -0.6999238 0 0.7142139 -0.6999276 0 0.7142137 -0.6999278 -0.7365283 0.6764069 0 -0.7365283 0.6764068 0 0 0.05104374 -0.9986965 0 0.05104368 -0.9986965 0 0.05104368 -0.9986964 0 -0.05104368 0.9986965 0 -0.05104374 0.9986965 0 -0.05104368 0.9986964 0 0.1080207 -0.9941487 0 0.1080207 -0.9941487 0 0.1080207 -0.9941487 0 -0.1080207 0.9941487 0 -0.1080207 0.9941487 0 -0.1080207 0.9941487 0.9999805 0.001055121 -0.00615102 0.9999805 0.001055121 -0.00615102 0.9999806 0.001055181 -0.00615102 0.002001404 -0.9997841 0.02068412 0.002001404 -0.9997841 0.02068424 0.002001404 -0.9997841 0.0206843 -0.09630066 -0.01465642 -0.9952444 -0.09630209 -0.01465666 -0.9952443 -0.09630233 -0.01465666 -0.9952443 -0.002001404 0.9997841 -0.0206843 -0.002001404 0.9997841 -0.02068507 -0.002001404 0.9997841 -0.02068418 0.09630352 0.01465642 0.9952442 0.09630364 0.01465612 0.9952442 0.09630352 0.01465642 0.9952442 -0.9999805 0.0010553 -0.006150782 -0.9999805 0.001055359 -0.006150662 -0.9999806 0.001055479 -0.006150364 -0.002001404 -0.9997841 0.02068442 -0.002001404 -0.9997841 0.02068418 -0.002001404 -0.9997841 0.02068442 0.09630173 -0.01465654 -0.9952443 0.09630078 -0.01465648 -0.9952444 0.09630191 -0.01465654 -0.9952443 0.002001404 0.9997841 -0.02068424 0.002001404 0.9997841 -0.02068519 0.002001464 0.9997841 -0.02068531 -0.09630358 0.01465642 0.9952442 -0.09630382 0.01465612 0.9952441 -0.09630388 0.01465606 0.9952442 0 0.8480677 -0.5298882 0 0.8480677 -0.5298882 0 -0.8480674 -0.5298883 0 -0.8480674 -0.5298886 0 -0.8480675 -0.5298883 0.03646379 -0.2001646 0.9790836 0.0707336 -0.2951581 0.9528266 0.03543823 -0.2977096 0.9539985 0.06816148 -0.3902661 0.9181756 0.03378355 -0.3909525 0.9197906 0 -0.3911757 0.9203161 0 -0.297227 0.9548069 0 -0.2002978 0.979735 -0.03646373 -0.2001646 0.9790835 -0.07073354 -0.295158 0.9528266 -0.07253831 -0.1997699 0.9771541 -0.03543823 -0.2977097 0.9539985 -0.06816142 -0.390266 0.9181756 0 -0.3911756 0.9203161 0 -0.2972271 0.9548068 0 -0.2002981 0.9797351 0.9933243 0.04229199 -0.1073228 0.9923995 0.04813462 -0.1132543 0.9923995 0.04813462 -0.1132543 0.9986822 0.01026362 -0.05028581 0.9963462 0.01899343 -0.08326822 -0.02933746 -0.8246386 0.5648987 0 -0.8255872 0.5642746 0 -0.8255878 0.5642738 -0.9933244 -0.04229211 0.1073228 -0.9923993 -0.04813665 0.1132543 -0.9963462 -0.01899391 0.08326822 -0.9986822 -0.01026362 0.05028581 -0.998701 -0.01020652 0.04992145 0 -0.8255815 0.564283 0.0305801 -0.82581 0.5631188 -0.05390143 -0.7064504 0.7057072 -0.03200805 -0.8209778 0.5700624 -0.9980687 -0.02212959 0.05804419 -0.9978386 -0.02570748 0.0604757 0 0.1649789 0.9862972 0 0.1649788 0.9862972 0 0.1649789 0.9862972 -1 0 0 1 0 0 0 -1 1.28718e-6 0 -1 3.89332e-7 0 -1 4.00243e-6 0 -1 -1.28718e-6 0 -1 -4.00242e-6 0 -1 -3.89333e-7 0 0.1649789 0.9862972 1 0 0 -1 0 0 0 -1 2.55499e-7 0 -1 -7.24038e-7 0 -1 4.00243e-6 0 -1 -4.42469e-7 0 -1 -1.37583e-6 0 -1 -2.19e-7 0 -0.1872009 0.9823217 0 -0.1872113 0.9823198 0 -0.3677927 0.9299078 0 -0.1872009 0.9823217 0 -0.3677927 0.9299078 0.001162767 0 0.9999994 0 -0.840089 -0.5424487 0 -0.840089 -0.5424487 0 -0.840089 -0.5424486 0 -0.8400891 -0.5424486 -0.9999805 0.0010553 -0.006150782 -0.9999805 0.001055359 -0.006150662 -0.9999806 0.001055479 -0.006150424 -0.002001404 -0.9997841 0.02068424 -0.002001404 -0.9997841 0.02068424 -0.002001404 -0.9997841 0.02068424 0.09630173 -0.01465654 -0.9952443 0.09630078 -0.01465648 -0.9952444 0.09630185 -0.01465654 -0.9952443 0.002001404 0.9997841 -0.02068436 0.002001404 0.9997841 -0.02068454 0.002001464 0.9997841 -0.02068454 -0.09630382 0.01465612 0.9952441 -0.09630388 0.01465606 0.9952441 0.9999806 0.001055181 -0.00615102 0.002001404 -0.9997841 0.0206843 0.002001404 -0.9997841 0.0206843 -0.09630203 -0.01465666 -0.9952443 -0.09630227 -0.01465666 -0.9952443 -0.002001404 0.9997841 -0.02068442 -0.002001404 0.9997841 -0.02068442 -0.002001404 0.9997841 -0.02068442 0.09630352 0.01465642 0.9952442 0.0963037 0.01465612 0.9952442 -1.98913e-6 -0.06964844 0.9975717 -6.1731e-7 -0.06964623 0.9975718 -6.8792e-7 -0.06964582 0.9975718 9.69225e-6 -0.06963902 0.9975723 -1.37495e-6 -0.06964761 0.9975717 7.73593e-7 -0.06964147 0.9975721 0 -0.06964176 0.9975721 2.18455e-6 -0.06964123 0.9975722 2.17199e-6 -0.06964206 0.9975721 2.01085e-6 -0.069642 0.9975721 6.17314e-7 -0.06963837 0.9975723 6.87928e-7 -0.06963789 0.9975724 -9.83646e-7 -0.069642 0.9975721 -3.16648e-6 -0.06964075 0.9975721 -1.21396e-6 -0.069642 0.9975721 -1.2893e-7 -0.06964147 0.9975721 0 -0.06964159 0.9975721 -3.58003e-6 -0.06965184 0.9975714 -0.04874467 -0.0756796 0.9959401 -3.44421e-6 -0.06965243 0.9975714 -0.03729444 -0.1023076 0.9940536 -0.04643172 -0.1460185 0.9881917 -0.04366773 -0.1475629 0.9880883 -0.07654565 -0.1077029 0.991232 -0.07508563 -0.1103731 0.99105 8.06017e-6 -0.06964308 0.9975721 -3.71246e-6 -0.069642 0.9975721 1.12786e-5 -0.06964337 0.997572 -4.57176e-7 -0.06964004 0.9975722 -5.14312e-7 -0.06963962 0.9975723 -1.13005e-6 -0.0696401 0.9975722 -1.14809e-6 -0.06963986 0.9975722 1.78232e-6 -0.06964617 0.9975718 1.70001e-6 -0.06964647 0.9975718 4.5341e-6 -0.06964761 0.9975717 2.23687e-6 -0.0696457 0.9975718 1.46845e-6 -0.06964606 0.9975718 6.12144e-6 -0.06964212 0.9975721 -3.21506e-6 -0.06964176 0.9975721 -4.13956e-6 -0.06964218 0.9975721 0 -0.9975726 -0.06963551 -0.4710116 -0.8799851 -0.06143623 0 -0.9975727 -0.06963366 0 0.9975728 0.06963276 0 0.9975727 0.06963276 -5.89133e-6 -0.9975726 -0.06963539 0.2579666 -0.9638088 -0.06727623 3.15185e-6 -0.9975726 -0.06963539 -0.7058583 0.7066331 0.04933339 -0.4988465 0.8645866 0.06035208 -0.4988563 0.8645809 0.06035202 -0.4710038 -0.8799892 -0.06143748 -0.6747496 -0.7362545 -0.05140316 -0.4865879 -0.8715109 -0.06083536 -0.4865879 -0.871511 -0.06083512 -0.4865878 -0.8715112 -0.06083321 0.4710065 0.8799877 0.06143826 3.90686e-7 0.9975718 0.0696457 1.66037e-7 0.9975718 0.0696454 0 0.9975719 0.0696457 0 0.9975717 0.06964766 -0.9596333 -0.2805715 -0.01958513 -0.9596335 -0.2805707 -0.01958811 -0.9596335 -0.2805706 -0.0195887 0.6747477 0.7362557 0.05141246 0.4710063 0.8799879 0.0614376 0.4988562 0.8645811 0.06035125 0.4988464 0.8645867 0.06035077 0.9596336 0.2805702 0.01959151 0.9596333 0.2805714 0.01958632 0.9596337 0.2805699 0.01959252 0.7058574 0.7066345 0.0493257 0.7058572 0.7066347 0.04932594 -0.9371131 0.348179 0.02430456 -0.9371125 0.3481799 0.0243088 -0.9371131 0.3481788 0.02430373 -0.498859 -0.8645794 -0.06035041 -0.4988517 -0.8645836 -0.06035178 0.9596333 -0.2805716 -0.01958465 0.9596334 -0.2805711 -0.01958513 0.9596332 -0.2805718 -0.01958453 0.9656973 0.2590406 0.01808172 0.9656973 0.2590407 0.01808172 0.9656972 0.2590405 0.01808172 -0.2379353 0.9689223 0.06764972 -0.2379354 0.9689222 0.06765037 -0.7058591 -0.7066318 -0.04934048 -0.7058585 -0.7066322 -0.04934304 0.4710042 -0.8799889 -0.06143796 0.6747521 -0.7362529 -0.05139398 0.6747519 -0.7362532 -0.05139249 -0.9656969 -0.2590412 -0.01808774 -0.9656963 -0.2590439 -0.01808303 -0.9656962 -0.2590445 -0.01808196 0.4710117 -0.879985 -0.06143748 0.9618198 -0.2730196 -0.01905733 0.9618195 -0.2730202 -0.01905798 0.9618195 -0.2730204 -0.01905816 -0.9656967 0.2590422 0.01808243 -0.9656972 0.2590405 0.01808512 -0.9656973 0.25904 0.01808571 -0.5013628 -0.8631374 -0.06024509 -0.7009191 -0.7115093 -0.04966998 -0.5013607 -0.8631388 -0.06024187 0.4970362 0.865623 0.06042993 0.497035 0.8656237 0.06042999 -0.2502654 -0.9658274 -0.0674144 -0.2502612 -0.9658278 -0.06742435 -0.2502663 -0.9658273 -0.06741237 0.003156483 0.9975672 0.06963956 -0.4670913 0.8820642 0.06155163 0.003157079 0.9975671 0.069642 -0.9698775 -0.2430019 -0.01696753 -0.9698769 -0.2430042 -0.01696538 -0.9698768 -0.2430046 -0.01696497 -0.8772131 -0.4789355 -0.03343862 -0.8772135 -0.4789348 -0.03343915 -0.877211 -0.4789394 -0.03343594 0.7009221 0.7115079 0.04964745 0.5013554 0.863142 0.06023931 0.5013588 0.8631399 0.0602405 0.2502617 0.9658275 0.06742703 0.2502618 0.9658275 0.06742709 -0.9479711 0.3175837 0.02217197 -0.9479715 0.3175821 0.02217632 -0.9479717 0.3175817 0.02217715 0.9698773 0.2430026 0.01696741 0.9698774 0.243003 0.01695775 0.9698774 0.2430031 0.01695579 0.7167541 0.6956332 0.04855966 0.7167572 0.6956312 0.04854309 0.7167579 0.6956307 0.04853951 0.9479715 -0.3175818 -0.02217638 0.9479719 -0.3175811 -0.02217197 0.9479715 -0.317582 -0.02217727 0.9801857 0.1976 0.01379418 0.9801855 0.1976016 0.01378875 0.9801858 0.1975997 0.01379537 -0.5967704 0.8004632 0.05589121 -0.596772 0.8004636 0.05586957 -0.5967701 0.8004632 0.05589544 -0.7167552 -0.6956325 -0.04855424 -0.7167552 -0.6956313 -0.04857188 -0.7167552 -0.695631 -0.04857569 0.440234 -0.8957031 -0.06253182 0.6478781 -0.7598945 -0.05305093 0.6478782 -0.7598944 -0.05305123 0.9406409 -0.3385792 -0.02363723 0.9406415 -0.3385781 -0.02363705 0.9406415 -0.3385778 -0.02363699 0.2702512 0.9604535 0.0670343 0.2702516 0.9604533 0.0670349 -0.9801858 -0.1975994 -0.01379811 -0.9801856 -0.1976006 -0.01379543 -0.9801855 -0.1976008 -0.01379489 -0.03336042 -0.9970158 -0.06961852 0.4402343 -0.895703 -0.06253045 -0.940642 0.3385766 0.02363586 -0.8276673 0.5598565 0.03908395 -0.8276723 0.5598493 0.03908151 -0.03336077 -0.9970155 -0.06962221 0.6533624 -0.7552072 -0.05272334 0.6533655 -0.7552045 -0.05272328 0.6533662 -0.755204 -0.05272328 -0.4670959 0.8820621 0.06154698 0.1009795 0.01280879 0.9948061 0.1009486 0.0127992 0.9948094 0.1009461 0.01279705 0.9948096 0.1009644 0.01281303 0.9948076 0.1009791 0.01280921 0.9948061 0.1009625 0.01281446 0.9948078 0.1009621 0.01281517 0.9948078 0.1009688 0.01280742 0.9948073 0.100968 0.01280528 0.9948074 0.1009678 0.01280564 0.9948073 0.1009728 0.01281601 0.9948067 0.1009701 0.01281684 0.994807 0.1009986 0.01280897 0.9948041 0.1009702 0.01281112 0.9948071 0.1009968 0.01280909 0.9948044 0.1009807 0.01280558 0.994806 0.1009833 0.01280468 0.9948057 0.1010056 0.01280963 0.9948034 0.07081353 0.05763769 0.995823 0.1010103 0.01280957 0.994803 0.05407994 0.03317314 0.9979854 0.01693993 0.01796698 0.9996951 0.01706814 0.01512551 0.99974 0.0321111 0.06590586 0.997309 0.0308718 0.0634731 0.997506 0.1009711 0.01281797 0.9948069 0.100968 0.01281529 0.9948073 0.1009711 0.01281821 0.9948068 0.1009599 0.01281756 0.994808 0.1009613 0.01281732 0.9948079 0.1009874 0.01280927 0.9948053 0.1009926 0.01280915 0.9948047 0.1009598 0.01280182 0.9948081 0.1009576 0.01280117 0.9948084 0.1009563 0.01279699 0.9948086 0.1009697 0.01279836 0.9948072 0.1009708 0.0127989 0.9948071 0.1009728 0.01279777 0.994807 0.1009804 0.01281213 0.9948059 0.1009815 0.01281303 0.9948058 -0.9530256 -0.2783982 0.1193174 -0.9530263 -0.2783972 0.1193144 -0.9530256 -0.2783983 0.119318 0.8401865 0.5312582 -0.1088652 0.8401869 0.5312575 -0.1088646 0.8401933 0.5312488 -0.1088574 -0.6545775 -0.7507223 0.08913129 -0.6545784 -0.750721 0.08913576 -0.6545773 -0.7507226 0.08913034 0.4389138 0.8961878 -0.06482547 -0.02550703 0.9996268 -0.009786903 0.4440225 0.893625 -0.06541162 -0.952426 0.2834441 0.1120014 -0.9524266 0.2834404 0.1120048 -0.9524258 0.2834448 0.1120007 -0.9923519 0.0283814 0.1201345 -0.9923518 0.02838194 0.120135 -0.9923516 0.0283842 0.1201365 0.9530253 0.2783989 -0.1193187 0.9530264 0.2783961 -0.1193164 0.9530267 0.2783955 -0.1193159 0.6545792 0.750718 -0.08915549 0.6545791 0.7507179 -0.08915698 -0.6695421 0.7392972 0.07178473 -0.6695377 0.7393003 0.07179391 -0.6695369 0.7393009 0.07179564 0.9524261 -0.2834436 -0.112001 0.9524268 -0.2834408 -0.1120026 0.952427 -0.2834402 -0.1120029 0.9594534 0.2551468 -0.1197891 0.9594531 0.2551464 -0.1197928 0.9594535 0.2551469 -0.1197883 0.6695441 -0.7392971 -0.07176887 0.4647151 -0.8843148 -0.0450266 0.6695443 -0.7392967 -0.07176864 0.822968 -0.5604723 -0.09270739 0.9384546 -0.327505 -0.1097429 0.8249614 -0.5574872 -0.09298747 -0.1760752 0.9843383 0.008696675 -0.1760706 0.9843389 0.00871843 -0.1760761 0.9843382 0.008692622 -0.9594534 -0.2551451 0.1197929 -0.9594537 -0.2551454 0.1197889 -0.9594533 -0.255145 0.1197938 0.4695193 -0.8817417 -0.04564571 -0.003883779 -0.9999036 0.0133357 0.654284 -0.7530264 -0.06974101 0.6542841 -0.7530263 -0.06974142 0.6709957 0.7358595 -0.09097033 0.6709925 0.7358658 -0.09094357 0.6709919 0.735867 -0.09093838 -0.8249635 0.5574854 0.0929802 -0.9384554 0.3275065 0.1097319 -0.8229724 0.5604672 0.09269881 -0.4664055 -0.8819563 0.06796234 0.002042889 -0.9999184 0.0126155 -0.4642851 0.8845432 0.04497468 -0.4687174 0.8821734 0.04554349 -0.6709978 -0.7358592 0.09095764 -0.471194 -0.8793649 0.0685113 0.2420883 -0.9701075 -0.0168718 0.2420783 -0.9701094 -0.01690644 0.2420763 -0.9701098 -0.01691323 -0.0311805 0.9994724 -0.009099125 -0.9408366 0.3204722 0.1101101 -0.9408357 0.320474 0.1101126 -0.9408354 0.3204743 0.1101132 0.9918941 -0.04205328 -0.119907 0.991894 -0.04205352 -0.1199073 0.9918944 -0.04205089 -0.1199048 -0.9570416 -0.2641262 0.1196189 -0.9570418 -0.2641248 0.1196221 -0.9570417 -0.2641244 0.1196227 0.4697106 0.8801676 -0.06838822 0.6659305 0.7405165 -0.0903992 0.6659282 0.7405188 -0.09039652 -0.4340662 0.8999413 0.0411359 -0.6428567 0.7629424 0.06822216 -0.6428576 0.762942 0.06821805 -0.8046925 0.586806 0.09015941 -0.8046931 0.5868054 0.09015893 -0.8046957 0.5868023 0.09015643 0.9408347 -0.3204722 -0.1101258 0.9408345 -0.3204745 -0.1101208 0.9408348 -0.3204717 -0.1101268 0.9570441 0.2641208 -0.1196116 0.9570426 0.2641258 -0.1196125 0.9570444 0.2641196 -0.1196113 -0.203297 0.9790422 0.01211404 -0.4390191 0.8975063 0.04177153 0.6428501 -0.7629464 -0.0682398 0.4340708 -0.8999397 -0.04112404 0.6428486 -0.7629476 -0.06824004 0.9329693 -0.343096 -0.1088731 0.9329693 -0.3430958 -0.1088745 0.9329693 -0.3430957 -0.1088748 0.4390242 -0.8975044 -0.04175925 -0.03702855 -0.9991642 0.01731848 0.6101939 -0.7896677 -0.06393951 0.4113327 -0.9106838 -0.03821903 0.4064848 -0.9128836 -0.03760117 0.3279926 0.94325 -0.05196601 0.3279961 0.9432485 -0.05197012 0.3279919 0.9432502 -0.05196523 -0.9329721 0.3430917 0.108864 -0.9329732 0.343088 0.108866 -0.9329734 0.3430871 0.1088664 -0.4966101 -0.8650335 0.07138311 -0.03110611 -0.9993782 0.01660168 0.1846699 -0.9827521 -0.009770154 0.1846702 -0.982752 -0.009771049 0.9631347 0.2407458 -0.1200549 0.9631336 0.2407491 -0.120056 0.9631348 0.2407451 -0.1200546 -0.6101943 0.789668 0.06393295 -0.4064792 0.9128857 0.0376085 -0.4113455 0.9106775 0.03822815 -0.6969447 -0.7109699 0.09375476 -0.5012531 -0.8623078 0.07190853 0.03674012 0.9991748 -0.01732444 0.03127759 0.9993719 -0.01666456 -0.9631357 -0.2407447 0.1200483 -0.9631339 -0.2407466 0.1200594 -0.9631361 -0.2407443 0.120046 -0.2629928 -0.9637784 0.04434019 -0.2629926 -0.9637783 0.04434335 -0.2629925 -0.9637783 0.044344 0.4742891 0.877668 -0.06891161 1.10283e-5 -0.06963843 0.9975724 2.27267e-6 -0.06964117 0.9975722 -3.44421e-6 -0.06964063 0.9975722 -0.0426293 -0.07338452 0.9963923 -0.0359475 -0.09884613 0.9944533 -4.73055e-6 -0.06964194 0.9975721 5.07609e-6 -0.06964766 0.9975717 7.43185e-6 -0.06964206 0.9975721 0.2579669 -0.9638087 -0.06727582 -0.7058583 0.706633 0.0493347 -0.6747491 -0.736255 -0.05140334 -0.486588 -0.8715108 -0.06083726 -0.9596334 -0.2805717 -0.01958453 0.6747478 0.7362555 0.05141371 0.9596334 0.2805717 0.01958531 -0.9371125 0.3481801 0.02430963 0.9596335 -0.2805711 -0.01958525 0.9656972 0.2590407 0.01808172 -0.9656971 -0.2590406 -0.01808881 0.9618198 -0.2730193 -0.01905721 -0.9656966 0.2590427 0.01808184 -0.7009186 -0.7115097 -0.04967159 0.4970375 0.8656223 0.06042993 -0.2502603 -0.9658279 -0.06742638 -0.9698776 -0.2430015 -0.01696795 -0.8772155 -0.478931 -0.03344178 0.700923 0.7115072 0.04964548 -0.9479709 0.317584 0.02217113 0.9698773 0.2430025 0.01696932 0.7167534 0.6956337 0.04856324 0.947972 -0.3175809 -0.02217113 0.9801855 0.1976019 0.01378756 -0.5967723 0.8004637 0.05586534 -0.7167552 -0.6956328 -0.04855042 0.9406409 -0.3385795 -0.02363723 -0.9801859 -0.1975991 -0.01379865 -0.9406421 0.3385763 0.02363562 0.6533617 -0.7552077 -0.05272334 0.1009628 0.01281327 0.9948077 0.1009686 0.01280707 0.9948072 0.1009684 0.01281219 0.9948072 0.07879412 0.0479775 0.9957358 0.06427794 0.0301795 0.9974757 0.1009674 0.01281476 0.9948073 0.100955 0.01279705 0.9948087 0.1009725 0.01279723 0.994807 -0.9530264 -0.278397 0.1193138 0.84018 0.5312669 -0.1088724 -0.6545786 -0.7507208 0.08913671 -0.9524268 0.2834398 0.1120055 -0.9923522 0.02837908 0.120133 0.9530251 0.2783995 -0.1193192 -0.669543 0.7392966 0.07178294 0.952426 -0.2834442 -0.1120007 0.9594529 0.2551463 -0.1197937 0.9384543 -0.3275053 -0.1097441 -0.1760697 0.9843391 0.008722484 -0.9594538 -0.2551456 0.119788 0.6709964 0.7358583 -0.09097552 -0.9384553 0.3275068 0.1097322 -0.6709973 -0.7358591 0.0909624 0.2420903 -0.9701071 -0.01686495 -0.9408367 0.3204718 0.1101096 0.9918937 -0.04205596 -0.1199095 -0.9570417 -0.2641265 0.1196182 -0.80469 0.5868091 0.09016191 0.9408345 -0.320475 -0.1101199 0.9570422 0.264127 -0.1196127 -0.2032986 0.9790418 0.01211595 0.9329694 -0.3430961 -0.1088728 0.6101924 -0.7896687 -0.06394183 0.3279967 0.9432483 -0.05197089 -0.9329718 0.3430925 0.1088635 0.9631335 0.2407498 -0.1200563 -0.6101915 0.7896702 0.06393283 -0.6969447 -0.7109696 0.09375739 -0.9631335 -0.2407469 0.1200617 -0.2629929 -0.9637784 0.04433953 0.3561355 0 0.9344344 4.10256e-6 0 1 -4.66178e-6 0 1 0.6772477 0 0.7357552 0.3561435 0 0.9344314 0.9119893 0 0.4102141 0.6772534 0 0.73575 1 0 3.60172e-6 0.9119924 0 0.4102073 0.9119924 0 -0.4102072 1 0 -3.85413e-6 0.6772537 -4.74105e-7 -0.7357496 0.9119893 -1.95728e-7 -0.4102141 0.3561432 -1.79631e-7 -0.9344314 0.6772478 -4.29324e-7 -0.735755 -1.8801e-7 -2.83248e-7 -1 0.356136 -1.79612e-7 -0.9344341 -0.3561362 -1.84467e-7 -0.9344342 -2.02481e-7 -6.47028e-7 -1 -0.3561434 -1.79628e-7 -0.9344313 -0.6772478 -2.82743e-7 -0.735755 -0.6772537 -4.97536e-7 -0.7357496 -0.9119893 -3.23015e-7 -0.4102141 -0.9119924 -2.69237e-7 -0.4102072 -1 0 0 -0.9119924 0 0.4102073 -1 0 0 -0.6772534 0 0.73575 -0.9119894 0 0.410214 -0.3561435 0 0.9344314 -0.6772477 0 0.7357552 -0.3561357 0 0.9344342 -0.9119921 0 0.4102077 -1 0 1.16499e-6 -0.9119908 0 0.4102106 0 1 -8.99561e-7 0 1 3.30115e-7 0 1 1.61477e-7 0 1 5.58967e-7 0 1 -6.28309e-7 0 1 -1.61477e-7 0 1 -5.1172e-7 0 1 -6.04859e-7 0 1 1.429e-6 0 1 0 0 1 4.79208e-7 0 1 5.1172e-7 0 1 6.13432e-7 0 1 -5.1172e-7 0 1 6.04859e-7 0 1 8.99561e-7 0 1 -8.99561e-7 0 1 1.37268e-7 0 1 -1.37268e-7 0 1 2.844e-7 0 1 2.39931e-7 0 1 -2.84401e-7 0 1 -2.39931e-7 0.9119921 0 -0.4102079 1 0 -5.45604e-6 0.911991 0 -0.4102102 -0.6772498 0 0.7357532 -0.6772475 0 0.7357553 0.6772543 0 -0.7357491 0.6772519 0 -0.7357512 -0.3561422 0 0.9344319 -0.3561397 0 0.9344328 0.3561353 0 -0.9344344 0.3561324 0 -0.9344356 -1.30166e-6 0 1 1.33058e-6 0 1 -0.3561401 0 -0.9344326 -1.30166e-6 0 -1 -0.3561425 0 -0.9344317 1.37879e-6 0 -1 0.3561397 0 0.9344328 0.3561417 0 0.934432 -0.6772523 0 -0.7357509 -0.677254 0 -0.7357494 0.6772467 0 0.7357561 0.6772482 0 0.7357546 -0.9119884 0 -0.4102159 -0.9119894 0 -0.4102138 0.9119894 0 0.410214 0.9119907 0 0.4102112 -1 0 -1.59215e-6 1 0 -2.64065e-6 4.89324e-7 -4.07209e-6 1 1.38398e-7 0.3826876 0.9238778 3.59537e-7 3.7529e-6 1 0 0.3826803 0.9238809 0 0.7071095 0.707104 0 0.7071043 0.7071093 0 0.9238793 0.3826841 1.49417e-7 1 0 1.94665e-7 1 0 0 0.9238777 -0.3826879 -1.65742e-7 0.9238809 -0.3826803 -2.17639e-7 0.707107 -0.7071066 -2.3112e-7 0.3826808 -0.9238806 -2.29177e-7 0.3826881 -0.9238777 -2.91064e-7 -4.23168e-6 -1 -2.85484e-7 3.63199e-6 -1 0 -0.3826879 -0.9238777 0 -0.3826802 -0.923881 0 -0.7071096 -0.707104 -1.41765e-7 -0.7071039 -0.7071096 0 -0.9238808 -0.3826804 -1.22404e-7 -0.9238777 -0.3826878 0 -1 0 0 -0.9238778 0.3826878 0 -0.9238809 0.3826803 0 -0.7071039 0.7071098 3.00203e-7 -0.7071095 0.7071041 2.32885e-7 -0.3826799 0.9238811 6.09318e-7 -0.3826872 0.923878 0 -1 -2.49965e-6 0 -0.9238802 0.382682 0 -0.9238789 0.3826849 1 5.99602e-7 0 1 2.84742e-7 0 1 0 0 1 7.24102e-7 0 1 8.44513e-7 0 1 2.84742e-7 0 1 -1.42368e-7 0 1 -2.99804e-7 0 1 0 0 1 1.42371e-7 0 1 1.22455e-7 0 1 1.77344e-7 0 1 -2.84742e-7 0 1 -8.44514e-7 0 1 -2.21044e-7 0 1 0 0 1 -2.84735e-7 0 1 -5.99607e-7 0 1 0 0 1 -4.20919e-7 0 1 -2.4491e-7 0 1 2.4491e-7 0 1 4.95202e-7 0 1 6.04366e-7 0 1 -5.44689e-7 0 1 0 0 0 1 2.52625e-6 0 0.9238801 -0.3826824 0 0.9238787 -0.3826856 0 -0.7071117 0.707102 0 -0.7071092 0.7071045 0 0.7071087 -0.7071049 0 0.7071059 -0.7071077 0 -0.3826814 0.9238805 0 -0.3826781 0.9238818 0 0.3826812 -0.9238805 0 0.3826778 -0.9238819 0 3.55452e-7 1 0 3.11927e-6 1 0 -4.43106e-6 -1 0 -0.3826861 -0.9238784 0 -0.3826878 -0.9238777 0 -1.71983e-6 -1 0 0.3826875 0.923878 0 0.3826892 0.9238771 0 -0.7071046 -0.7071091 0 -0.7071056 -0.707108 0 0.7071042 0.7071095 0 0.7071055 0.7071081 0 -0.9238777 -0.3826879 0 -0.9238784 -0.3826861 0 0.923879 0.3826848 0 0.9238799 0.3826828 0 -1 -5.2006e-6 0 1 5.17098e-6 -1 0 0 -1 -1.25641e-7 0 -1 0 0 3.48491e-7 -4.14947e-6 1 3.09865e-7 0.3826832 0.9238796 2.96657e-7 3.73355e-6 1 2.94616e-7 0.7071098 0.7071039 1.75623e-7 0.7071046 0.7071091 0 0.9238795 0.3826835 0 0.9238793 0.3826842 0 1 -3.12419e-6 0 1 3.15321e-6 -1.22404e-7 0.9238781 -0.3826872 0 0.9238807 -0.3826808 0 0.7071046 -0.707109 1.54966e-7 0.7071098 -0.7071039 0 0.3826799 -0.9238811 0 0.3826872 -0.923878 -2.37763e-7 -4.19783e-6 -1 -3.3011e-7 4.0334e-6 -1 -2.45838e-7 -0.3826876 -0.9238779 -1.38664e-7 -0.3826804 -0.9238808 -1.93512e-7 -0.7071068 -0.7071068 0 -0.9238808 -0.3826803 0 -0.9238776 -0.3826881 0 -1 0 0 -0.9238776 0.3826881 0 -0.9238809 0.3826802 0 -0.7071067 0.7071069 1.85152e-7 -0.3826835 0.9238796 2.98817e-7 -0.3826835 0.9238796 0 -1 -2.46821e-6 0 -0.9238802 0.382682 0 -0.9238789 0.382685 1 0 0 1 4.2093e-7 0 1 2.84735e-7 0 1 2.21043e-7 0 1 0 0 1 -1.42368e-7 0 1 -2.99804e-7 0 1 0 0 1 1.42368e-7 0 1 0 0 1 2.99804e-7 0 1 -2.21043e-7 0 1 0 0 1 0 0 1 -4.20931e-7 0 1 -2.84734e-7 0 1 -5.99606e-7 0 1 -2.44911e-7 0 1 2.4491e-7 0 1 5.99606e-7 0 1 5.44654e-7 0 1 -5.447e-7 0 1 0 0 0 1 2.62539e-6 0 0.9238801 -0.3826822 0 0.9238789 -0.3826851 0 -0.7071119 0.7071017 0 -0.7071093 0.7071043 0 0.7071089 -0.7071048 0 0.7071062 -0.7071074 0 -0.3826808 0.9238807 0 -0.3826775 0.923882 0 0.3826808 -0.9238807 0 0.3826774 -0.9238821 0 0 1 0 2.85873e-6 1 0 -4.81008e-6 -1 0 -0.3826858 -0.9238786 0 -0.3826876 -0.9238778 0 -2.02269e-6 -1 0 0.3826868 0.9238781 0 0.3826887 0.9238774 0 -0.7071048 -0.7071089 0 -0.7071059 -0.7071078 0 0.7071045 0.7071092 0 0.7071057 0.7071079 0 -0.9238775 -0.3826884 0 -0.9238783 -0.3826866 0 0.9238792 0.3826845 0 0.9238801 0.3826825 0 -1 -5.2417e-6 0 1 5.06157e-6 -1 2.75468e-7 0 -1 0 0 -1 0 0 3.83455e-7 -3.60781e-6 1 1.90792e-7 0.3826876 0.9238778 1.84307e-7 3.69486e-6 1 1.90791e-7 0.3826807 0.9238808 2.63967e-7 0.7071068 0.7071068 0 0.9238791 0.3826846 3.83758e-7 0.9238795 0.3826839 1.21528e-7 1 -4.46866e-6 0 1 5.13605e-6 0 0.9238774 -0.3826887 0 0.9238807 -0.3826806 0 0.7071045 -0.7071092 0 0.7071102 -0.7071034 -3.21736e-7 0.3826848 -0.9238791 -2.04265e-7 -3.75773e-6 -1 -3.63965e-7 3.5401e-6 -1 0 -0.382688 -0.9238777 0 -0.3826803 -0.9238808 0 -0.7071099 -0.7071037 -2.13768e-7 -0.7071046 -0.707109 -1.22401e-7 -0.9238806 -0.3826812 -1.22404e-7 -0.9238778 -0.3826879 0 -1 0 0 -0.9238778 0.3826879 0 -0.9238806 0.3826811 0 -0.7071075 0.7071061 2.81903e-7 -0.3826833 0.9238796 2.98817e-7 -0.3826842 0.9238793 0 -1 -2.53592e-6 0 -0.9238799 0.3826827 0 -0.9238786 0.3826858 1 3.57227e-7 0 1 0 0 1 -5.9551e-7 0 1 2.84734e-7 0 1 2.21044e-7 0 1 0 0 1 -1.22456e-7 0 1 2.44913e-7 0 1 0 0 1 1.22457e-7 0 1 0 0 1 5.99599e-7 0 1 0 0 1 0 0 1 0 0 1 -4.20931e-7 0 1 -7.24103e-7 0 1 -4.95202e-7 0 1 4.2092e-7 0 1 5.99606e-7 0 1 0 0 1 0 0 0 1 2.57703e-6 0 0.9238804 -0.3826814 0 0.9238791 -0.3826846 0 -0.7071111 0.7071025 0 -0.7071084 0.7071052 0 0.7071091 -0.7071045 0 0.7071064 -0.7071072 0 -0.3826819 0.9238802 0 -0.3826785 0.9238816 0 0.3826808 -0.9238806 0 0.3826776 -0.923882 0 -4.66681e-7 1 0 2.35638e-6 1 0 -5.30276e-6 -1 0 -0.3826864 -0.9238783 0 -0.3826883 -0.9238775 0 -2.52504e-6 -1 0 0.382687 0.9238781 0 0.3826889 0.9238774 0 -0.7071039 -0.7071098 0 -0.7071051 -0.7071085 0 0.7071046 0.707109 0 0.7071059 0.7071077 0 -0.9238775 -0.3826885 0 -0.9238783 -0.3826866 0 0.9238795 0.3826838 0 0.9238803 0.3826817 0 -1 -5.20302e-6 0 1 5.1196e-6 -1 2.5914e-7 0 -1 0 0 -1 0 0 -1.38661e-7 0.3826877 0.9238778 -4.28887e-7 -4.01889e-6 1 -2.68502e-7 3.76741e-6 1 0 0.7071098 0.7071039 -1.60419e-7 0.3826802 0.9238809 0 0.9238808 0.3826805 0 0.7071042 0.7071094 -1.76734e-7 1 -3.95118e-6 -1.55749e-7 0.9238779 0.3826876 0 0.9238777 -0.3826878 -1.38888e-7 1 4.03823e-6 2.1987e-7 0.7071071 -0.7071065 1.70741e-7 0.9238809 -0.3826802 2.3112e-7 0.3826807 -0.9238806 5.60282e-7 0.7071072 -0.7071065 2.29177e-7 0.3826881 -0.9238777 2.91064e-7 -4.2075e-6 -1 2.85484e-7 3.6465e-6 -1 0 -0.3826878 -0.9238778 0 -0.3826802 -0.9238809 0 -0.7071094 -0.7071042 1.41765e-7 -0.7071042 -0.7071095 0 -0.9238809 -0.3826803 1.22404e-7 -0.9238779 -0.3826876 0 -1 0 0 -0.9238779 0.3826876 0 -0.707104 0.7071096 0 -0.9238809 0.3826803 -2.24112e-7 -0.38268 0.923881 -2.88656e-7 -0.7071094 0.7071042 -5.5554e-7 -0.3826871 0.923878 0 -0.9238802 0.382682 0 -1 2.65984e-6 0 -0.9238792 0.3826844 -1 -2.84735e-7 0 -1 -4.2092e-7 0 -1 -5.996e-7 0 -1 -2.84742e-7 0 -1 1.1992e-6 0 -1 5.69483e-7 0 -1 1.74213e-7 0 -1 0 0 -1 1.83682e-7 0 -1 3.69411e-7 0 -1 3.20984e-7 0 -1 2.10465e-7 0 -1 1.24501e-7 0 -1 -3.55927e-7 0 -1 -1.36177e-7 0 -1 -7.49501e-7 0 -1 3.48426e-7 0 -1 5.95512e-7 0 -1 2.998e-7 0 -1 1.42371e-7 0 -1 0 0 -1 -1.22455e-7 0 -1 -6.89399e-7 0 -1 0 0 -1 0 0 0 0.9238815 -0.3826788 0 1 -2.61148e-6 0 0.9238803 -0.3826815 0 -0.7071061 0.7071075 0 -0.7071045 0.7071091 0 0.7071042 -0.7071095 0 -0.3826875 0.9238779 0 -0.3826853 0.9238788 0 0.3826873 -0.9238779 0 0.3826853 -0.9238788 0 -1.26705e-6 1 0 1.5282e-6 1 0 -0.3826801 -0.9238809 0 -1.18e-6 -1 0 -0.3826829 -0.9238799 0 1.44115e-6 -1 0 0.3826798 0.9238811 0 0.3826826 0.9238799 0 -0.7071109 -0.7071027 0 -0.7071129 -0.7071008 0 0.7071078 0.7071058 0 0.7071099 0.7071037 0 -0.9238786 -0.3826857 0 -0.9238796 -0.3826833 0 0.9238784 0.3826861 0 0.9238795 0.3826836 0 -1 0 0 1 0 1 4.00658e-7 0 -3.34867e-7 0.3826833 0.9238796 -4.09001e-7 -4.1011e-6 1 -3.06614e-7 3.79159e-6 1 -2.94616e-7 0.7071099 0.7071037 -4.48224e-7 0.382683 0.9238797 -1.75622e-7 0.7071041 0.7071095 0 0.9238796 0.3826835 0 1 -3.96085e-6 0 0.9238795 0.3826839 1.22404e-7 0.9238779 -0.3826875 0 1 4.04307e-6 0 0.7071042 -0.7071095 0 0.923881 -0.3826799 0 0.3826798 -0.9238811 -1.65037e-7 0.7071099 -0.7071037 2.42265e-7 -4.28972e-6 -1 0 0.3826875 -0.9238779 2.47362e-7 -0.3826878 -0.9238778 3.34611e-7 4.12045e-6 -1 1.92658e-7 -0.7071067 -0.7071069 1.37155e-7 -0.3826804 -0.9238808 0 -0.9238808 -0.3826803 1.8676e-7 -0.7071068 -0.7071068 0 -0.9238777 -0.3826879 0 -1 0 0 -0.9238777 0.3826879 0 -0.7071067 0.7071069 0 -0.9238809 0.3826802 -1.90789e-7 -0.3826835 0.9238796 0 -0.7071068 0.7071068 -2.98817e-7 -0.3826837 0.9238795 0 -0.9238802 0.3826821 0 -1 2.66951e-6 0 -0.9238791 0.3826845 -1 -2.84734e-7 0 -1 -1.26546e-7 0 -1 -4.27102e-7 0 -1 -4.20931e-7 0 -1 5.6947e-7 0 -1 1.74213e-7 0 -1 1.83683e-7 0 -1 4.34595e-7 0 -1 3.08184e-7 0 -1 2.10465e-7 0 -1 -3.55918e-7 0 -1 2.44911e-7 0 -1 0 0 -1 3.48424e-7 0 -1 1.42367e-7 0 -1 0 0 -1 -1.22455e-7 0 -1 0 0 -1 -4.94963e-7 0 -1 2.10491e-7 0 0 0.9238817 -0.3826785 0 1 -2.57279e-6 0 0.9238805 -0.382681 0 -0.7071062 0.7071074 0 0.707106 -0.7071076 0 -0.3826873 0.923878 0 -0.382685 0.9238789 0 0.3826872 -0.923878 0 0.382685 -0.9238789 0 -1.57656e-6 1 0 1.25738e-6 1 0 -0.3826801 -0.9238809 0 -1.53787e-6 -1 0 -0.3826828 -0.9238798 0 1.21869e-6 -1 0 0.3826795 0.9238812 0 0.3826825 0.9238801 0 -0.707111 -0.7071026 0 -0.707113 -0.7071006 0 0.7071079 0.7071058 0 0.70711 0.7071036 0 -0.9238785 -0.3826862 0 -0.9238795 -0.3826839 0 0.9238786 0.3826858 0 0.9238797 0.3826833 0 -1 0 0 1 0 1 -2.35362e-7 0 1 3.01573e-7 0 -2.07704e-7 0.3826878 0.9238777 -4.13325e-7 -3.59814e-6 1 -2.14178e-7 3.70937e-6 1 -2.63967e-7 0.7071068 0.7071067 -1.90791e-7 0.3826803 0.9238809 -2.2782e-7 0.9238808 0.3826804 0 0.7071072 0.7071064 -2.6223e-7 0.9238775 0.3826884 -2.16055e-7 1 0 0 0.9238775 -0.3826884 0 0.7071042 -0.7071094 0 0.9238808 -0.3826805 3.21736e-7 0.3826845 -0.9238792 0 0.7071101 -0.7071034 2.04265e-7 -3.74323e-6 -1 0 0.3826846 -0.9238791 3.63965e-7 3.56912e-6 -1 0 -0.382688 -0.9238777 0 -0.38268 -0.923881 0 -0.7071106 -0.7071031 2.13767e-7 -0.7071039 -0.7071096 1.22401e-7 -0.9238807 -0.3826806 1.22404e-7 -0.9238775 -0.3826886 0 -1 0 0 -0.9238774 0.3826885 0 -0.7071074 0.7071063 0 -0.9238808 0.3826805 -2.98816e-7 -0.382683 0.9238798 0 -0.707107 0.7071066 -2.98817e-7 -0.3826844 0.9238792 0 -0.9238796 0.3826834 0 -1 2.77591e-6 0 -0.9238785 0.382686 -1 0 0 -1 -7.24102e-7 0 -1 -4.95202e-7 0 -1 -1.26546e-7 0 -1 -4.27101e-7 0 -1 -4.20931e-7 0 -1 5.69469e-7 0 -1 0 0 -1 -7.09373e-7 0 -1 -5.69483e-7 0 -1 1.24501e-7 0 -1 1.81706e-7 0 -1 4.3151e-7 0 -1 6.60827e-7 0 -1 -4.89825e-7 0 -1 2.49003e-7 0 -1 4.20919e-7 0 -1 5.99601e-7 0 -1 2.84742e-7 0 -1 1.42367e-7 0 -1 0 0 -1 0 0 -1 -4.94963e-7 0 -1 2.10492e-7 0 0 0.9238816 -0.3826785 0 1 -2.73722e-6 0 0.9238805 -0.3826811 0 -0.7071054 0.7071082 0 -0.7071037 0.7071099 0 0.7071044 -0.7071092 0 -0.3826887 0.9238775 0 -0.3826863 0.9238784 0 0.382687 -0.9238781 0 0.3826849 -0.923879 0 -1.76033e-6 1 0 1.09295e-6 1 0 -0.382681 -0.9238806 0 -1.67328e-6 -1 0 -0.3826838 -0.9238794 0 1.05427e-6 -1 0 0.3826794 0.9238812 0 0.3826823 0.92388 0 -0.7071102 -0.7071035 0 -0.7071122 -0.7071014 0 0.7071081 0.7071056 0 0.7071102 0.7071034 0 -0.923878 -0.382687 0 -0.9238791 -0.3826846 0 0.9238786 0.3826858 0 0.9238796 0.3826833 0 -1 0 0 1 0 1 -2.35362e-7 0 1 4.00645e-7 0 1 -1.2241e-7 0 0.9987012 0.01020538 -0.04991877 0.6010763 0.008149802 0.7991501 0.7720602 0.6355495 0 -0.04176187 0.8256961 -0.5625674 0 0.7192138 -0.6947888 0.5146012 0 -0.8574297 0 0.2077246 -0.9781875 0 -0.4780719 -0.8783208 0 -0.3911758 0.920316 0 0.7469118 0.6649232 0 0.6597532 0.7514826 0 0.8772587 -0.4800178 -1 -2.56725e-7 0 0 -0.6822761 -0.7310946 -1 1.30907e-7 0 -1 0 0 -1 2.22583e-7 0 0 0 -1 3.19603e-7 0 -1 -3.16445e-7 0 -1 3.09327e-7 0 -1 -6.53726e-7 0 -1 -7.30427e-7 0 -1 1 1.22493e-6 0 0 0.6111427 -0.7915205 0.1056035 0.7479035 0.6553537 -1 0 0 0 0.8340026 -0.5517608 -0.1873409 0.6344206 -0.7499426 -0.03682136 -0.08793419 0.9954456 0 0.8255816 -0.5642827 0 0.7192136 -0.6947891 -0.5146012 0 -0.8574297 0 -0.4780721 -0.8783208 -1 2.32993e-7 0 0 0.8772588 -0.4800179 0 0.8710626 0.4911721 -3.09327e-7 0 -1 -1.19891e-7 0 -1 -6.39205e-7 0 -1 0 0 -1 9.96667e-7 0 -1 1 2.77263e-6 0 -0.1056035 0.7479034 0.6553537 0 0.8340038 0.5517588 -0.508897 0.8608275 0 -0.7365282 0.6764069 0 0 0.714217 0.6999244 0 0.714219 -0.6999223 0.7365289 0.6764062 0 0 0.71421 0.6999315 0 0.7142179 -0.6999235 0 0.05104374 -0.9986965 0 -0.05104374 0.9986965 0 0.1080208 -0.9941487 0 -0.1080208 0.9941487 0.9999805 0.001055061 -0.00615102 0.002001404 -0.9997841 0.02068412 -0.09630042 -0.01465636 -0.9952445 -0.002001404 0.9997841 -0.02068519 0.0963037 0.01465606 0.9952442 -0.9999806 0.001055181 -0.00615102 -0.002001404 -0.9997841 0.02068418 0.0963006 -0.01465648 -0.9952444 0.002001404 0.9997841 -0.02068412 -0.09630352 0.01465642 0.9952442 0 0.8480676 -0.5298882 0 -0.8480672 -0.5298886 0.07253837 -0.1997699 0.9771541 -0.03378355 -0.3909525 0.9197908 0.998701 0.01020652 -0.04992145 -0.9923993 -0.04813665 0.1132543 0 -0.8255814 0.5642831 -0.05316543 -0.6958767 0.7161908 -0.9978386 -0.0257076 0.0604757 0 0.1649788 0.9862971 0 -1 -2.25136e-6 0 -0.3677927 0.9299079 0 -0.840089 -0.5424486 -0.9999806 0.001055181 -0.00615102 -0.002001404 -0.9997841 0.02068424 0.002001404 0.9997841 -0.02068436 0.9999805 0.001055061 -0.00615102 0.002001404 -0.9997841 0.0206843 -0.002001404 0.9997841 -0.02068442 0.0963037 0.01465606 0.9952442 1.45189e-7 0.9238795 0.3826838 -5.55756e-7 0.7071074 -0.7071062 1 1.81528e-7 0 1 2.17866e-6 0 1 8.35913e-7 0 1 0 0 1 -1.84321e-6 0 1 2.18056e-6 0 -1 5.36844e-7 0 -1 2.04285e-7 0 -1 3.29561e-6 0 -1 -1.91389e-6 0 -1 -3.30632e-7 0 -1 -3.29562e-6 0 -1 -2.35358e-7 0 3.78305e-7 0.3826829 0.9238798 -1.8676e-7 -0.7071068 -0.7071068 1 1.81529e-7 0 1 2.17867e-6 0 1 -1.84322e-6 0 -1 0 0 -1 0 0 -1 1.64781e-6 0 -1 3.2956e-6 0 -1 -5.59295e-7 0 -1 -3.2956e-6 0 -1 0 0 -1 -1.64781e-6 0 0 0.7071077 0.7071059 0 0.3826845 -0.9238791 1 6.70898e-7 0 1 4.12234e-6 0 1 -3.34369e-6 0 1 3.34364e-6 0 1 -4.12233e-6 0 1 -6.70899e-7 0 -1 0 0 -1 5.36843e-7 0 -1 -1.9139e-6 0 -1 -3.30632e-7 0 -1 -3.29557e-6 0 -1 0 0 -1 -1.64782e-6 0 -1 -5.99607e-7 0 -1 5.99607e-7 0 -1 1.19921e-6 0 -1 6.29702e-7 0 -1 0 0 -1 -8.35911e-7 0 -1 -8.35913e-7 0 1 -2.35363e-7 0 1 -3.29562e-6 0 1 -2.35358e-7 0 1 3.29561e-6 0 1 2.38461e-6 0 1 3.30632e-7 0 -1 -5.99606e-7 0 -1 -8.99409e-7 0 -1 1.19921e-6 0 -1 5.99606e-7 0 -1 4.49706e-7 0 -1 -7.49508e-7 0 -1 1.19921e-6 0 -1 2.99803e-7 0 -1 6.29703e-7 0 -1 -8.35912e-7 0 -1 -1.08933e-6 0 -1 0 0 -1 -8.35911e-7 0 1 0 0 1 -3.2956e-6 0 1 -2.35358e-7 0 1 3.2956e-6 0 1 6.32693e-7 0 -1 -8.9941e-7 0 -1 1.19922e-6 0 -1 1.49902e-7 0 -1 2.99803e-7 0 -1 6.29704e-7 0 -1 0 0 -1 -8.35914e-7 0 -1 -1.08933e-6 0 -1 0 0 1 -3.29557e-6 0 1 -2.35363e-7 0 1 2.38461e-6 0 1 3.30632e-7 0</float_array>
          <technique_common>
            <accessor source="#Cube_002-mesh-normals-array" count="1578" stride="3">
              <param name="X" type="float"/>
              <param name="Y" type="float"/>
              <param name="Z" type="float"/>
            </accessor>
          </technique_common>
        </source>
        <source id="Cube_002-mesh-map-0">
          <float_array id="Cube_002-mesh-map-0-array" count="10932">0.3760738 0.3605551 0.4359489 0.2765182 0.3760738 0.2765182 0.1657854 0.6852304 0.01441127 0.7015911 0.01441127 0.6852304 0.5081025 0.8693769 0.456372 0.7045079 0.5081025 0.7045079 0.3799276 0.6240577 0.2149174 0.4901964 0.3799276 0.4901964 0.3793329 0.6424739 0.2143228 0.4901964 0.3793329 0.4901964 0.1792087 0.9057173 0.008418977 0.7101578 0.1792087 0.7101578 0.3757948 0.4901964 0.2107844 0.6301965 0.2107844 0.4901964 0.4685339 0.6852304 0.3171597 0.8753947 0.3171597 0.6852304 0.3171597 0.6852304 0.1657854 0.8189478 0.1657854 0.6852304 0.545277 0.7978431 0.5081025 0.7045079 0.545277 0.7045079 0.4245817 0.2057257 0.4844568 0.2617741 0.4844568 0.2057257 0.1649863 0.864325 0.1454158 0.9951219 0.1649863 0.9951219 0.1183289 0.864325 0.0865491 0.9951219 0.1183289 0.9951219 0.1501086 0.864325 0.1183289 0.9951219 0.1501086 0.9951219 0.1818884 0.864325 0.1501086 0.9951219 0.1818884 0.9951219 0.2136681 0.864325 0.1818884 0.9951219 0.2136681 0.9951219 0.2454478 0.864325 0.2136681 0.9951219 0.2454478 0.9951219 0.2772276 0.864325 0.2454478 0.9951219 0.2772276 0.9951219 0.3758755 0.5702458 0.4528114 0.4965489 0.4528114 0.5702458 0.3171597 0.8753947 0.1657854 0.8189478 0.1657854 0.8189478 0.2433479 0.3100747 0.1652857 0.2768678 0.1652857 0.3100747 0.2102231 0.6843702 0.1064842 0.8031268 0.1064842 0.6843702 0.313962 0.8031268 0.2102231 0.6843702 0.3139619 0.6843702 0.4177008 0.8031266 0.3139619 0.6843702 0.4177008 0.6843702 0.5214396 0.8031266 0.4177008 0.6843702 0.5214396 0.6843702 0.3547796 0.2768679 0.3177001 0.3100747 0.3547796 0.3100747 0.1652857 0.3432815 0.1652857 0.3100747 0.1652857 0.3432815 0.3920094 0.6448754 0.2760687 0.8108702 0.2760687 0.6448754 0.4374633 0.9084083 0.331708 0.8859143 0.4374633 0.8859143 0.3161986 0.2765182 0.3161986 0.2117502 0.3161986 0.2765182 0.4374633 0.8859143 0.331708 0.8057156 0.4374633 0.8057156 0.3161986 0.2765182 0.3760738 0.2117501 0.3161986 0.2117502 0.5432185 0.8859143 0.4374633 0.8057156 0.5432185 0.8057156 0.5432185 0.9084083 0.4374633 0.8859143 0.5432185 0.8859143 0.3171597 0.8753947 0.1657854 0.8189478 0.3171597 0.8753947 0.3547796 0.3100747 0.3177001 0.3432815 0.3547796 0.3432815 0.3177001 0.3100747 0.2396378 0.3432815 0.3177001 0.3432815 0.2396378 0.3100747 0.1615756 0.3432815 0.2396378 0.3432815 0.1615758 0.3100747 0.08351343 0.3432815 0.1615756 0.3432815 0.08351343 0.3100747 0.005451321 0.3432815 0.08351343 0.3432815 0.2433479 0.3100747 0.1652857 0.3432815 0.2433479 0.3432815 0.1652857 0.2768678 0.1652857 0.3100747 0.1652857 0.3100747 0.4844568 0.2057257 0.544332 0.2617741 0.544332 0.2057257 0.2177367 0.5176108 0.1119814 0.3834782 0.1119814 0.5176109 0.2177367 0.1978295 0.1119814 -0.01998293 0.1119814 0.1978295 0.2177367 0.415642 0.1119814 0.1978295 0.1119814 0.415642 0.2177367 0.6334545 0.1119814 0.415642 0.1119814 0.6334545 0.2177367 0.851267 0.1119814 0.6334545 0.1119814 0.851267 0.2177367 1.069079 0.1119814 0.851267 0.1119814 1.069079 0.2177367 1.286892 0.1119814 1.069079 0.1119814 1.286892 0.1119814 1.390353 0.2177367 1.286892 0.1119814 1.286892 0.4467195 0.7039789 0.3920094 0.8108702 0.3920094 0.6448754 0.3161986 0.3605551 0.3760738 0.2765182 0.3161986 0.2765182 0.2367692 0.6044279 0.2367692 0.5256848 0.3436987 0.6044279 0.3234919 0.6320081 0.2177367 0.5605898 0.2177367 0.6320081 0.5030075 0.4141635 0.3156794 0.3598901 0.5030075 0.3598901 0.331708 0.9225397 0.1075935 0.8859143 0.331708 0.8859143 0.3755994 0.5007146 0.226645 0.6349934 0.3755994 0.6349934 0.3547796 0.2064965 0.3177001 0.2768679 0.3547796 0.2768679 0.1615758 0.2768679 0.2396378 0.2768679 0.2396378 0.2768679 0.1652857 0.2768678 0.1652857 0.2064965 0.1652857 0.2064965 0.08351343 0.2768679 0.005451321 0.2768678 0.005451321 0.2768678 0.08351343 0.2768679 0.1615758 0.2768679 0.1615758 0.2768679 0.2433479 0.2768678 0.1652857 0.2768678 0.1652857 0.2768678 0.1652857 0.2064965 0.08722364 0.2768678 0.1652857 0.2768678 0.1156687 0.8633041 0.3736321 0.9942465 0.3736321 0.8633041 0.6389164 0.006275594 0.5478012 0.1205437 0.6389164 0.1205437 0.3177001 0.2064965 0.2396378 0.2064965 0.3177001 0.2064965 0.2685465 0.526221 0.3687077 0.5729916 0.2685465 0.5729916 0.2396378 0.2768679 0.3177001 0.2768679 0.3177001 0.2768679 0.3177001 0.2768679 0.3177001 0.2064965 0.3177001 0.2768679 0.5290476 0.4210758 0.5290476 0.4210758 0.5290476 0.3638406 0.3754574 0.6471814 0.3082353 0.6813907 0.3258495 0.6813907 0.5 0.5164062 0.5 0.5 0.5 0.5 0.331708 0.8859143 0.4374633 0.9084083 0.4374633 0.8859143 0.6190931 0.2368525 0.5493404 0.2031489 0.6190931 0.2031489 0.4374633 0.8859143 0.4374633 0.9084083 0.4374633 0.8859143 0.331708 0.9225397 0.331708 0.8859143 0.331708 0.9225397 0.4374633 0.8859143 0.331708 0.8859143 0.331708 0.8859143 0.331708 0.9225397 0.4374633 0.9084083 0.4374633 0.9084083 0 0 0 0 0 0 -0.112133 0.5176109 0.1119814 0.5176109 0.1119814 0.5176109 0.005252182 0.6382712 0.2126414 0.5236674 0.005252182 0.5236674 0.3161986 0.2765182 0.3161986 0.3605551 0.3161986 0.3605551 0.005252182 0.5236674 0.2126414 0.4363648 0.005252182 0.4363648 0 0 0 0 0 0 0.3275286 0.5165792 0.2297638 0.5201383 0.3275286 0.5201383 0.2275772 0.5818287 0.2297638 0.6280778 0.2297638 0.5818287 0.2275772 0.5818287 0.2297638 0.5201383 0.2275726 0.5165892 0.3275286 0.631637 0.2297638 0.6280778 0.2275726 0.6316269 0.1893124 0.3605551 0.3161986 0.3605551 0.1893124 0.3605551 0.4359489 0.2765182 0.3760738 0.3605551 0.3760738 0.2765182 0.1657854 0.6852304 0.01441127 0.7015911 0.1657854 0.8189478 0.456372 0.7045079 0.5081025 0.8693769 0.5081025 0.7045079 0.01208102 0.7101578 0.1828708 0.8820666 0.1828708 0.7101578 0.2143228 0.4901964 0.3793329 0.6424739 0.3793329 0.4901964 0.008418977 0.7101578 0.1792087 0.9057173 0.1792087 0.7101578 0.3757948 0.4901964 0.2107844 0.6301965 0.3757948 0.6424739 0.05947035 0.5386739 0.2126774 0.6334663 0.05947035 0.6456242 0.3171597 0.6852304 0.1657854 0.8189478 0.3171597 0.8753947 0.5081025 0.7045079 0.545277 0.7978431 0.545277 0.7045079 0.4844568 0.2617741 0.4245817 0.2057257 0.4844568 0.2057257 0.2489446 0.989385 0.2744655 0.8646123 0.2744655 0.989385 0.0865491 0.9951219 0.1183289 0.864325 0.1183289 0.9951219 0.1183289 0.9951219 0.1501086 0.864325 0.1501086 0.9951219 0.1501086 0.9951219 0.1818884 0.864325 0.1818884 0.9951219 0.1818884 0.9951219 0.2136681 0.864325 0.2136681 0.9951219 0.2136681 0.9951219 0.2454478 0.864325 0.2454478 0.9951219 0.2454478 0.9951219 0.2772276 0.864325 0.2772276 0.9951219 0.4528114 0.4965489 0.5297478 0.5702458 0.4528114 0.5702458 0.1657854 0.8189478 0.01441127 0.7015911 0.01441127 0.7015911 0.2433479 0.3100747 0.1652857 0.2768678 0.2433479 0.2768678 0.4177007 0.6817362 0.5214396 0.8004929 0.4177007 0.8004929 0.5436773 0.6817362 0.4399385 0.8004929 0.4399384 0.6817362 0.1791962 0.6817362 0.07545739 0.8004929 0.07545739 0.6817362 0.4611996 0.6817362 0.3574608 0.8004929 0.3574608 0.6817362 0.3177001 0.3100747 0.3547796 0.2768679 0.3547796 0.3100747 0.331708 0.9225397 0.4374633 0.9084083 0.331708 0.9225397 0.2760687 0.8108702 0.160128 0.6448754 0.2760687 0.6448754 0.331708 0.8859143 0.4374633 0.9084083 0.4374633 0.8859143 0.3161986 0.2765182 0.3161986 0.2117502 0.3161986 0.2117502 0.331708 0.8057156 0.4374633 0.8859143 0.4374633 0.8057156 0.3760738 0.2117501 0.3161986 0.2765182 0.3161986 0.2117502 0.4374633 0.8057156 0.5432185 0.8859143 0.5432185 0.8057156 0.4374633 0.8859143 0.5432185 0.9084083 0.5432185 0.8859143 0.1652857 0.3100747 0.1652857 0.3432815 0.1652857 0.3100747 0.3177001 0.3432815 0.3547796 0.3100747 0.3547796 0.3432815 0.2396378 0.3432815 0.3177001 0.3100747 0.3177001 0.3432815 0.1615756 0.3432815 0.2396378 0.3100747 0.2396378 0.3432815 0.08351343 0.3432815 0.1615758 0.3100747 0.1615756 0.3432815 0.005451321 0.3432815 0.08351343 0.3100747 0.08351343 0.3432815 0.1652857 0.3432815 0.2433479 0.3100747 0.2433479 0.3432815 0.1652857 0.2768678 0.1652857 0.3100747 0.1652857 0.2768678 0.544332 0.2617741 0.4844568 0.2057257 0.544332 0.2057257 0.1119814 0.3834782 0.2177367 0.5176108 0.1119814 0.5176109 0.1119814 -0.01998293 0.2177367 0.1978295 0.1119814 0.1978295 0.1119814 0.1978295 0.2177367 0.415642 0.1119814 0.415642 0.1119814 0.415642 0.2177367 0.6334545 0.1119814 0.6334545 0.1119814 0.6334545 0.2177367 0.851267 0.1119814 0.851267 0.1119814 0.851267 0.2177367 1.069079 0.1119814 1.069079 0.1119814 1.069079 0.2177367 1.286892 0.1119814 1.286892 0.1119814 1.390353 0.2177367 1.286892 0.2177367 1.390353 0.160128 0.8108702 0.1054179 0.7039789 0.160128 0.6448754 0.3760738 0.2765182 0.3161986 0.3605551 0.3161986 0.2765182 0.2367692 0.6044279 0.3436987 0.6044279 0.2367692 0.5256848 0.2177367 0.5605898 0.3234919 0.6320081 0.2177367 0.6320081 0.3156794 0.3598901 0.1283509 0.4141635 0.1283509 0.3598901 0.1075935 0.8859143 0.331708 0.9225397 0.331708 0.8859143 0.226645 0.6349934 0.3755994 0.5007146 0.3755994 0.6349934 0.3177001 0.2768679 0.3547796 0.2064965 0.3547796 0.2768679 0.1652857 0.2064965 0.1652857 0.2768678 0.1652857 0.2768678 0.08351343 0.2768679 0.005451321 0.2768678 0.08351343 0.2768679 0.2433479 0.2768678 0.1652857 0.2768678 0.2433479 0.2768678 0.2396378 0.2768679 0.3177001 0.2768679 0.2396378 0.2768679 0.3177001 0.2064965 0.3177001 0.2768679 0.3177001 0.2768679 0.08722364 0.2768678 0.1652857 0.2064965 0.1652857 0.2768678 0.3736321 0.9942465 0.1156687 0.8633041 0.3736321 0.8633041 0.5478012 0.1205437 0.6389164 0.006275594 0.6389164 0.1205437 0.2396378 0.2064965 0.3177001 0.2064965 0.3177001 0.2064965 0.3687077 0.5729916 0.2685465 0.526221 0.2685465 0.5729916 0.2396378 0.2768679 0.3177001 0.2768679 0.2396378 0.2768679 0.3177001 0.2064965 0.3177001 0.2768679 0.3177001 0.2768679 0.5290476 0.4210758 0.5290476 0.4210758 0.103151 0.4210758 0.3754574 0.6471814 0.3258495 0.6813907 0.3082353 0.6813907 0.5 0.5164062 0.5 0.5 0.5 0.5 0.4374633 0.9084083 0.331708 0.8859143 0.4374633 0.8859143 0.5493404 0.2031489 0.6190931 0.2368525 0.6190931 0.2031489 0.4374633 0.8859143 0.4374633 0.9084083 0.4374633 0.9084083 0.331708 0.9225397 0.331708 0.8859143 0.331708 0.8859143 0.331708 0.8859143 0.4374633 0.8859143 0.331708 0.8859143 0.4374633 0.9084083 0.331708 0.9225397 0.4374633 0.9084083 0.1119814 0.5176109 -0.112133 0.5176109 0.1119814 0.5176109 0.2126414 0.5236674 0.005252182 0.6382712 0.005252182 0.5236674 0.3161986 0.3605551 0.3161986 0.2765182 0.3161986 0.3605551 0.2126414 0.4363648 0.005252182 0.5236674 0.005252182 0.4363648 0.3275286 0.5165792 0.2297638 0.5201383 0.2275726 0.5165892 0.2275772 0.5818287 0.2297638 0.6280778 0.2275726 0.6316269 0.2297638 0.5201383 0.2275772 0.5818287 0.2275726 0.5165892 0.2297638 0.6280778 0.3275286 0.631637 0.2275726 0.6316269 0.1893124 0.3605551 0.3161986 0.3605551 0.3161986 0.3605551 0.3760738 0.2765182 0.3161986 0.3605551 0.3161986 0.2765182 0.3161986 0.3605551 0.3760738 0.2765182 0.3161986 0.2765182 0.3760738 0.3605551 0.3161986 0.3605551 0.3161986 0.3605551 0.3161986 0.3605551 0.3760738 0.3605551 0.3760738 0.3605551 0.3161986 0.2765182 0.3760738 0.2765182 0.3760738 0.2765182 0.3760738 0.3605551 0.3760737 0.2765181 0.3760738 0.2765182 0.6597866 0.2107158 0.622671 0.2396633 0.622671 0.2107157 0.3760738 0.2765182 0.3760738 0.3605551 0.3760738 0.3605551 0.622671 0.2396633 0.6597866 0.2107158 0.622671 0.2107158 0.3760738 0.2765182 0.3161986 0.2765182 0.3161986 0.2765182 0.3161986 0.2765182 0.3161986 0.3605551 0.3161986 0.3605551 0.3196529 0.2882308 0.3161986 0.3605551 0.3196529 0.3488425 0.3760738 0.3605551 0.3196529 0.3488425 0.3161986 0.3605551 0.3196529 0.2882308 0.3760738 0.2765182 0.3161986 0.2765182 0.3760738 0.3605551 0.3726195 0.2882308 0.3726195 0.3488425 0.3161986 0.3605551 0.3196529 0.2882308 0.3196529 0.3488425 0.3726195 0.3488425 0.3161986 0.3605551 0.3196529 0.3488425 0.3760737 0.2765181 0.3196529 0.2882308 0.3161986 0.2765182 0.3726195 0.2882308 0.3760738 0.3605551 0.3726195 0.3488425 0.3161986 0.3605551 0.3161986 0.2765182 0.3161986 0.2765182 0.6488195 0.3389977 0.7460776 0.4275676 0.7460776 0.3389977 0.7460776 0.4275676 0.6488195 0.3389977 0.7460776 0.3389977 0.2302379 0.6132072 0.3320842 0.6003616 0.3320842 0.6229502 0.3033035 0.6132072 0.2590186 0.5906186 0.2590186 0.6132072 0.2302379 0.6132072 0.3320842 0.6003616 0.2302379 0.5906186 0.2590186 0.6229502 0.3033035 0.6003616 0.3033035 0.6229502 0.6488195 0.3389977 0.7460776 0.4275676 0.7460776 0.3389977 0.7460776 0.4275676 0.6488195 0.3389977 0.7460776 0.3389977 0.2302379 0.6132072 0.3320842 0.6003616 0.3320842 0.6229502 0.3033035 0.6132072 0.2590186 0.5906186 0.2590186 0.6132072 0.2302379 0.6132072 0.3320842 0.6003616 0.2302379 0.5906186 0.2590186 0.6229502 0.3033035 0.6003616 0.3033035 0.6229502 0.9487044 0.7050004 0.8949745 0.5932822 0.9487044 0.5932822 0.9574406 0.7001013 0.9862596 0.6964664 0.9862596 0.7028582 0.9781157 0.7001013 0.9655846 0.6937095 0.9655846 0.7001013 0.9574406 0.7001013 0.9862596 0.6964664 0.9574406 0.6937095 0.9781157 0.7028582 0.9655846 0.6964664 0.9781157 0.6964664 0.8949745 0.5932822 0.9487044 0.7050004 0.9487044 0.5932822 0.9862596 0.6964664 0.9574406 0.7001013 0.9862596 0.7028582 0.9655846 0.6937095 0.9781157 0.7001013 0.9655846 0.7001013 0.9574406 0.7001013 0.9862596 0.6964664 0.9862596 0.7028582 0.9781157 0.7028582 0.9655846 0.6964664 0.9655846 0.7028582 0.2890625 0.6835496 0.3328664 0.5820754 0.3645679 0.6835496 0.05947035 0.5386739 0.1483524 0.4461904 0.2126774 0.5386739 0.2452586 0.5820754 0.2890625 0.6835496 0.2135571 0.6835496 0.2890625 0.6835496 0.3328664 0.5820754 0.2890625 0.5820754 0.3328664 0.5820754 0.3645679 0.6835496 0.3328664 0.5820754 0.2452586 0.5820754 0.2135571 0.6835496 0.2135571 0.6835496 0.2890625 0.5820754 0.2890625 0.5820754 0.2452586 0.5820754 0.1652857 0.3100747 0.08722364 0.2768678 0.08722364 0.3100747 0.1608809 0.5108523 0.1075319 0.63611 0.1608809 0.63611 0.1608809 0.5108523 0.2142299 0.63611 0.21423 0.5108523 0.1652857 0.3100747 0.08722364 0.3432815 0.1652857 0.3432815 0.1652857 0.3100747 0.08722364 0.2768678 0.1652857 0.2768678 0.1608809 0.5108523 0.1075319 0.63611 0.1075319 0.5108523 0.2142299 0.63611 0.1608809 0.5108523 0.21423 0.5108523 0.08722364 0.3432815 0.1652857 0.3100747 0.1652857 0.3432815 0.08722364 0.2768678 0.009161412 0.2768678 0.009161412 0.2768678 0.1652857 0.2768678 0.08722364 0.2768678 0.08722364 0.2768678 0.4374633 0.9084083 0.5432185 0.9084083 0.5432185 0.9084083 0.08722364 0.2768678 0.009161412 0.2768678 0.08722364 0.2768678 0.1652857 0.2768678 0.08722364 0.2768678 0.1652857 0.2768678 0.5432185 0.9084083 0.4374633 0.9084083 0.4374633 0.9084083 0.331708 0.9225397 0.4374633 0.9084083 0.4374633 0.9084083 0.1657854 0.8189478 0.01441127 0.7015911 0.1657854 0.8189478 0.3258495 0.6813907 0.3434638 0.6813907 0.3258495 0.6813907 0.3793329 0.4901964 0.2143228 0.4901964 0.2143228 0.4901964 0.4129427 0.2246531 0.4549244 0.2246531 0.4549244 0.2246531 0.4549244 0.2157093 0.4129427 0.2157093 0.4129427 0.2157093 0.3695389 0.2083728 0.4129427 0.2629867 0.3695389 0.2629867 0.4129427 0.2629867 0.4563466 0.2083728 0.4563466 0.2629867 0.4053575 0.2274975 0.4326644 0.227895 0.4053575 0.2128648 0.4053575 0.2274975 0.4053575 0.2128648 0.4326644 0.227895 0.4549244 0.2157093 0.4129427 0.2128648 0.4563466 0.2128648 0.4549244 0.2246531 0.4563466 0.2128648 0.4563466 0.2274975 0.3709611 0.2157093 0.4129427 0.2128648 0.4129427 0.2157093 0.3709611 0.2246531 0.3695389 0.2128648 0.3709611 0.2157093 0.3709611 0.2246531 0.4129427 0.2274975 0.3695389 0.2274975 0.4549244 0.2246531 0.4129427 0.2274975 0.4129427 0.2246531 0.6321811 0.7040092 0.7077159 0.6465094 0.7077159 0.7040092 0.5566461 0.6465094 0.6321811 0.7040092 0.5566461 0.7040092 0.3709611 0.2157093 0.3709611 0.2246531 0.3709611 0.2246531 0.4549244 0.2246531 0.4549244 0.2157093 0.4549244 0.2157093 0.3709611 0.2246531 0.4129427 0.2246531 0.4129427 0.2246531 0.4129427 0.2157093 0.3709611 0.2157093 0.3709611 0.2157093 0.4549244 0.2246531 0.4129427 0.2246531 0.4549244 0.2246531 0.4129427 0.2157093 0.4549244 0.2157093 0.4129427 0.2157093 0.4129427 0.2629867 0.3695389 0.2083728 0.3695389 0.2629867 0.4563466 0.2083728 0.4129427 0.2629867 0.4563466 0.2629867 0.4053575 0.2274975 0.4053575 0.2128648 0.4326644 0.227895 0.4053575 0.2274975 0.4326644 0.227895 0.4053575 0.2128648 0.4549244 0.2157093 0.4129427 0.2128648 0.4129427 0.2157093 0.4549244 0.2246531 0.4563466 0.2128648 0.4549244 0.2157093 0.4129427 0.2128648 0.3709611 0.2157093 0.4129427 0.2157093 0.3695389 0.2128648 0.3709611 0.2246531 0.3709611 0.2157093 0.3709611 0.2246531 0.4129427 0.2274975 0.4129427 0.2246531 0.4129427 0.2274975 0.4549244 0.2246531 0.4129427 0.2246531 0.7077159 0.6465094 0.6321811 0.7040092 0.7077159 0.7040092 0.6321811 0.7040092 0.5566461 0.6465094 0.5566461 0.7040092 0.3709611 0.2246531 0.3709611 0.2157093 0.3709611 0.2246531 0.4549244 0.2157093 0.4549244 0.2246531 0.4549244 0.2157093 0.4129427 0.2246531 0.3709611 0.2246531 0.4129427 0.2246531 0.3709611 0.2157093 0.4129427 0.2157093 0.3709611 0.2157093 0.3177001 0.2064965 0.2396378 0.2768679 0.3177001 0.2768679 0.2396378 0.2064965 0.1615758 0.2768679 0.2396378 0.2768679 0.1615758 0.2064965 0.08351343 0.2768679 0.1615758 0.2768679 0.08351343 0.2064965 0.005451321 0.2768678 0.08351343 0.2768679 0.2433479 0.2064965 0.1652857 0.2768678 0.2433479 0.2768678 0.2396378 0.2768679 0.3177001 0.2064965 0.3177001 0.2768679 0.1615758 0.2768679 0.2396378 0.2064965 0.2396378 0.2768679 0.08351343 0.2768679 0.1615758 0.2064965 0.1615758 0.2768679 0.005451321 0.2768678 0.08351343 0.2064965 0.08351343 0.2768679 0.1652857 0.2768678 0.2433479 0.2064965 0.2433479 0.2768678 0.1615758 0.2768679 0.08351343 0.2768679 0.08351343 0.2768679 0.3177001 0.2768679 0.3177001 0.2064965 0.3177001 0.2064965 0.2396378 0.2768679 0.3177001 0.2768679 0.3177001 0.2768679 0.2396378 0.2768679 0.1615758 0.2768679 0.1615758 0.2768679 0.005252182 0.5236674 0.2126414 0.4363648 0.005252182 0.4363648 0.005252182 0.6382712 0.2126414 0.5236674 0.005252182 0.5236674 0.2126414 0.5236674 0.005252182 0.6382712 0.005252182 0.5236674 0.2126414 0.4363648 0.005252182 0.5236674 0.005252182 0.4363648 0.2126414 0.4363648 0.005252182 0.5236674 0.005252182 0.4363648 0.005252182 0.5236674 0.2126414 0.4363648 0.005252182 0.4363648 0.08907121 0.3343414 0.2031374 0.2750092 0.2031374 0.3343414 0.2126414 0.5236674 0.2126414 0.4363648 0.2126414 0.5236674 0.2126414 0.6382713 0.2126414 0.5236674 0.2126414 0.5236674 0.2126414 0.5236674 0.2126414 0.4363648 0.2126414 0.4363648 0.005252182 0.4363648 0.2126414 0.4363648 0.2126414 0.4363648 0.2126414 0.6382713 0.2126414 0.5236674 0.2126414 0.6382713 0.2031374 0.3343414 0.3172036 0.2750092 0.3172036 0.3343414 0.2126414 0.4363648 0.005252182 0.4363648 0.005252182 0.4363648 0.8949745 0.5932822 0.9487044 0.7050004 0.9487044 0.5932822 0.9862596 0.6964664 0.9574406 0.7001013 0.9862596 0.7028582 0.9655846 0.6937095 0.9781157 0.7001013 0.9655846 0.7001013 0.9574406 0.7001013 0.9862596 0.6964664 0.9862596 0.7028582 0.9781157 0.7028582 0.9655846 0.6964664 0.9655846 0.7028582 0.9487044 0.7050004 0.8949745 0.5932822 0.9487044 0.5932822 0.9574406 0.7001013 0.9862596 0.6964664 0.9862596 0.7028582 0.9781157 0.7001013 0.9655846 0.6937095 0.9655846 0.7001013 0.9574406 0.7001013 0.9862596 0.6964664 0.9574406 0.6937095 0.9781157 0.7028582 0.9655846 0.6964664 0.9781157 0.6964664 0 0 0 0 0 0 0 0 0 0 0 0 0.4599789 0.09993988 0.4491365 0.1042459 0.4491364 0.102845 0.4677885 0.09213018 0.4601043 0.101307 0.4599789 0.09993988 0.471072 0.08231031 0.4677885 0.09213018 0.4704197 0.08231037 0.4677885 0.07249033 0.471072 0.08231031 0.4704197 0.08231037 0.4601043 0.06331348 0.4677885 0.07249033 0.4599789 0.06468081 0.4491365 0.06037467 0.4599789 0.06468081 0.4491364 0.0617755 0.438294 0.06468075 0.4491365 0.06037467 0.4491364 0.0617755 0.4304845 0.07249033 0.4381687 0.06331348 0.438294 0.06468075 0.4272008 0.08231031 0.4304845 0.07249033 0.4278532 0.08231031 0.4491365 0.1042459 0.4382941 0.09993982 0.4491364 0.102845 0.4382941 0.09993982 0.4301397 0.09327805 0.4304845 0.0921303 0.4491365 0.1042459 0.4382941 0.09993982 0.4491364 0.102845 0.4382941 0.09993982 0.4301397 0.09327805 0.4304845 0.0921303 0.4272008 0.08231031 0.4304845 0.07249033 0.4278532 0.08231031 0.4304845 0.07249033 0.4381687 0.06331348 0.438294 0.06468075 0.438294 0.06468075 0.4491365 0.06037467 0.4491364 0.0617755 0.4491365 0.06037467 0.4599789 0.06468081 0.4491364 0.0617755 0.4601043 0.06331348 0.4677885 0.07249033 0.4599789 0.06468081 0.4677885 0.07249033 0.471072 0.08231031 0.4704197 0.08231037 0.471072 0.08231031 0.4677885 0.09213018 0.4704197 0.08231037 0.4677885 0.09213018 0.4601043 0.101307 0.4599789 0.09993988 0.4599789 0.09993988 0.4491365 0.1042459 0.4491364 0.102845 0.4491365 0.06037467 0.4381687 0.06331348 0.4491365 0.06037467 0.4278532 0.08231031 0.4272008 0.08231031 0.4272008 0.08231031 0.4491364 0.102845 0.4382941 0.09993982 0.4491364 0.102845 0.4677885 0.07249033 0.4599789 0.06468081 0.4599789 0.06468081 0.4381687 0.06331348 0.4301397 0.07134246 0.4381687 0.06331348 0.4304845 0.0921303 0.4301397 0.09327805 0.4304845 0.0921303 0.4601043 0.101307 0.4491365 0.1042459 0.4491365 0.1042459 0.4599789 0.06468081 0.4491364 0.0617755 0.4491364 0.0617755 0.4272008 0.08231031 0.4301397 0.07134246 0.4301397 0.07134246 0.4601043 0.101307 0.4681332 0.09327805 0.4601043 0.101307 0.438294 0.06468075 0.4491364 0.0617755 0.438294 0.06468075 0.4681332 0.09327805 0.471072 0.08231031 0.4681332 0.09327805 0.4304845 0.07249033 0.438294 0.06468075 0.4304845 0.07249033 0.4301397 0.09327805 0.4381687 0.101307 0.4301397 0.09327805 0.4599789 0.09993988 0.4491364 0.102845 0.4599789 0.09993988 0.471072 0.08231031 0.4681332 0.07134246 0.471072 0.08231031 0.4278532 0.08231031 0.4304845 0.07249033 0.4278532 0.08231031 0.4381687 0.101307 0.4491365 0.1042459 0.4381687 0.101307 0.4677885 0.09213018 0.4599789 0.09993988 0.4677885 0.09213018 0.4601043 0.06331348 0.4681332 0.07134246 0.4681332 0.07134246 0.4677885 0.09213018 0.4704197 0.08231037 0.4704197 0.08231037 0.4491365 0.06037467 0.4601043 0.06331348 0.4601043 0.06331348 0.4304845 0.0921303 0.4382941 0.09993982 0.4382941 0.09993982 0.4704197 0.08231037 0.4677885 0.07249033 0.4677885 0.07249033 0.4491365 0.06037467 0.4381687 0.06331348 0.4491365 0.06037467 0.4278532 0.08231031 0.4272008 0.08231031 0.4272008 0.08231031 0.4491364 0.102845 0.4382941 0.09993982 0.4491364 0.102845 0.4599789 0.06468081 0.4677885 0.07249033 0.4599789 0.06468081 0.4301397 0.07134246 0.4381687 0.06331348 0.4381687 0.06331348 0.4301397 0.09327805 0.4304845 0.0921303 0.4304845 0.0921303 0.4601043 0.101307 0.4491365 0.1042459 0.4491365 0.1042459 0.4599789 0.06468081 0.4491364 0.0617755 0.4491364 0.0617755 0.4272008 0.08231031 0.4301397 0.07134246 0.4301397 0.07134246 0.4681332 0.09327805 0.4601043 0.101307 0.4601043 0.101307 0.4491364 0.0617755 0.438294 0.06468075 0.438294 0.06468075 0.4681332 0.09327805 0.471072 0.08231031 0.4681332 0.09327805 0.4304845 0.07249033 0.438294 0.06468075 0.4304845 0.07249033 0.4301397 0.09327805 0.4381687 0.101307 0.4301397 0.09327805 0.4491364 0.102845 0.4599789 0.09993988 0.4599789 0.09993988 0.4681332 0.07134246 0.471072 0.08231031 0.471072 0.08231031 0.4304845 0.07249033 0.4278532 0.08231031 0.4278532 0.08231031 0.4491365 0.1042459 0.4381687 0.101307 0.4381687 0.101307 0.4599789 0.09993988 0.4677885 0.09213018 0.4677885 0.09213018 0.4681332 0.07134246 0.4601043 0.06331348 0.4681332 0.07134246 0.4677885 0.09213018 0.4704197 0.08231037 0.4704197 0.08231037 0.4491365 0.06037467 0.4601043 0.06331348 0.4601043 0.06331348 0.4304845 0.0921303 0.4382941 0.09993982 0.4382941 0.09993982 0.4704197 0.08231037 0.4677885 0.07249033 0.4677885 0.07249033 0.4599789 0.09993988 0.4491365 0.1042459 0.4491364 0.102845 0.4677885 0.09213018 0.4601043 0.101307 0.4599789 0.09993988 0.471072 0.08231031 0.4677885 0.09213018 0.4704197 0.08231037 0.4677885 0.07249033 0.471072 0.08231031 0.4704197 0.08231037 0.4601043 0.06331348 0.4677885 0.07249033 0.4599789 0.06468081 0.4491365 0.06037467 0.4599789 0.06468081 0.4491364 0.0617755 0.438294 0.06468075 0.4491365 0.06037467 0.4491364 0.0617755 0.4304845 0.07249033 0.4381687 0.06331348 0.438294 0.06468075 0.4272008 0.08231031 0.4304845 0.07249033 0.4278532 0.08231031 0.4491365 0.1042459 0.4382941 0.09993982 0.4491364 0.102845 0.4382941 0.09993982 0.4301397 0.09327805 0.4304845 0.0921303 0.4491365 0.1042459 0.4382941 0.09993982 0.4491364 0.102845 0.4382941 0.09993982 0.4301397 0.09327805 0.4304845 0.0921303 0.4272008 0.08231031 0.4304845 0.07249033 0.4278532 0.08231031 0.4304845 0.07249033 0.4381687 0.06331348 0.438294 0.06468075 0.438294 0.06468075 0.4491365 0.06037467 0.4491364 0.0617755 0.4491365 0.06037467 0.4599789 0.06468081 0.4491364 0.0617755 0.4601043 0.06331348 0.4677885 0.07249033 0.4599789 0.06468081 0.4677885 0.07249033 0.471072 0.08231031 0.4704197 0.08231037 0.471072 0.08231031 0.4677885 0.09213018 0.4704197 0.08231037 0.4677885 0.09213018 0.4601043 0.101307 0.4599789 0.09993988 0.4599789 0.09993988 0.4491365 0.1042459 0.4491364 0.102845 0.4491365 0.06037467 0.4381687 0.06331348 0.4491365 0.06037467 0.4272008 0.08231031 0.4278532 0.08231031 0.4272008 0.08231031 0.4491364 0.102845 0.4382941 0.09993982 0.4491364 0.102845 0.4599789 0.06468081 0.4677885 0.07249033 0.4599789 0.06468081 0.4381687 0.06331348 0.4301397 0.07134246 0.4381687 0.06331348 0.4304845 0.0921303 0.4301397 0.09327805 0.4304845 0.0921303 0.4601043 0.101307 0.4491365 0.1042459 0.4491365 0.1042459 0.4491364 0.0617755 0.4599789 0.06468081 0.4491364 0.0617755 0.4272008 0.08231031 0.4301397 0.07134246 0.4301397 0.07134246 0.4681332 0.09327805 0.4601043 0.101307 0.4601043 0.101307 0.438294 0.06468075 0.4491364 0.0617755 0.438294 0.06468075 0.4681332 0.09327805 0.471072 0.08231031 0.4681332 0.09327805 0.4304845 0.07249033 0.438294 0.06468075 0.4304845 0.07249033 0.4301397 0.09327805 0.4381687 0.101307 0.4301397 0.09327805 0.4599789 0.09993988 0.4491364 0.102845 0.4599789 0.09993988 0.471072 0.08231031 0.4681332 0.07134246 0.471072 0.08231031 0.4278532 0.08231031 0.4304845 0.07249033 0.4278532 0.08231031 0.4491365 0.1042459 0.4381687 0.101307 0.4381687 0.101307 0.4677885 0.09213018 0.4599789 0.09993988 0.4677885 0.09213018 0.4601043 0.06331348 0.4681332 0.07134246 0.4681332 0.07134246 0.4677885 0.09213018 0.4704197 0.08231037 0.4704197 0.08231037 0.4491365 0.06037467 0.4601043 0.06331348 0.4601043 0.06331348 0.4304845 0.0921303 0.4382941 0.09993982 0.4382941 0.09993982 0.4704197 0.08231037 0.4677885 0.07249033 0.4677885 0.07249033 0.4381687 0.06331348 0.4491365 0.06037467 0.4491365 0.06037467 0.4278532 0.08231031 0.4272008 0.08231031 0.4272008 0.08231031 0.4382941 0.09993982 0.4491364 0.102845 0.4491364 0.102845 0.4677885 0.07249033 0.4599789 0.06468081 0.4599789 0.06468081 0.4301397 0.07134246 0.4381687 0.06331348 0.4381687 0.06331348 0.4304845 0.0921303 0.4301397 0.09327805 0.4304845 0.0921303 0.4491365 0.1042459 0.4601043 0.101307 0.4491365 0.1042459 0.4491364 0.0617755 0.4599789 0.06468081 0.4491364 0.0617755 0.4272008 0.08231031 0.4301397 0.07134246 0.4301397 0.07134246 0.4601043 0.101307 0.4681332 0.09327805 0.4601043 0.101307 0.4491364 0.0617755 0.438294 0.06468075 0.438294 0.06468075 0.4681332 0.09327805 0.471072 0.08231031 0.4681332 0.09327805 0.438294 0.06468075 0.4304845 0.07249033 0.4304845 0.07249033 0.4301397 0.09327805 0.4381687 0.101307 0.4301397 0.09327805 0.4491364 0.102845 0.4599789 0.09993988 0.4599789 0.09993988 0.4681332 0.07134246 0.471072 0.08231031 0.471072 0.08231031 0.4304845 0.07249033 0.4278532 0.08231031 0.4278532 0.08231031 0.4381687 0.101307 0.4491365 0.1042459 0.4381687 0.101307 0.4599789 0.09993988 0.4677885 0.09213018 0.4677885 0.09213018 0.4681332 0.07134246 0.4601043 0.06331348 0.4681332 0.07134246 0.4677885 0.09213018 0.4704197 0.08231037 0.4704197 0.08231037 0.4601043 0.06331348 0.4491365 0.06037467 0.4601043 0.06331348 0.4304845 0.0921303 0.4382941 0.09993982 0.4382941 0.09993982 0.4704197 0.08231037 0.4677885 0.07249033 0.4677885 0.07249033 0.4599789 0.09993988 0.4601043 0.101307 0.4491365 0.1042459 0.4677885 0.09213018 0.4681332 0.09327805 0.4601043 0.101307 0.471072 0.08231031 0.4681332 0.09327805 0.4677885 0.09213018 0.4677885 0.07249033 0.4681332 0.07134246 0.471072 0.08231031 0.4601043 0.06331348 0.4681332 0.07134246 0.4677885 0.07249033 0.4491365 0.06037467 0.4601043 0.06331348 0.4599789 0.06468081 0.438294 0.06468075 0.4381687 0.06331348 0.4491365 0.06037467 0.4304845 0.07249033 0.4301397 0.07134246 0.4381687 0.06331348 0.4272008 0.08231031 0.4301397 0.07134246 0.4304845 0.07249033 0.4491365 0.1042459 0.4381687 0.101307 0.4382941 0.09993982 0.4382941 0.09993982 0.4381687 0.101307 0.4301397 0.09327805 0.4491365 0.1042459 0.4381687 0.101307 0.4382941 0.09993982 0.4382941 0.09993982 0.4381687 0.101307 0.4301397 0.09327805 0.4272008 0.08231031 0.4301397 0.07134246 0.4304845 0.07249033 0.4304845 0.07249033 0.4301397 0.07134246 0.4381687 0.06331348 0.438294 0.06468075 0.4381687 0.06331348 0.4491365 0.06037467 0.4491365 0.06037467 0.4601043 0.06331348 0.4599789 0.06468081 0.4601043 0.06331348 0.4681332 0.07134246 0.4677885 0.07249033 0.4677885 0.07249033 0.4681332 0.07134246 0.471072 0.08231031 0.471072 0.08231031 0.4681332 0.09327805 0.4677885 0.09213018 0.4677885 0.09213018 0.4681332 0.09327805 0.4601043 0.101307 0.4599789 0.09993988 0.4601043 0.101307 0.4491365 0.1042459 0.4491365 0.06037467 0.4381687 0.06331348 0.4381687 0.06331348 0.4278532 0.08231031 0.4278532 0.08231031 0.4272008 0.08231031 0.4491364 0.102845 0.4382941 0.09993982 0.4382941 0.09993982 0.4677885 0.07249033 0.4677885 0.07249033 0.4599789 0.06468081 0.4381687 0.06331348 0.4301397 0.07134246 0.4301397 0.07134246 0.4304845 0.0921303 0.4301397 0.09327805 0.4301397 0.09327805 0.4601043 0.101307 0.4601043 0.101307 0.4491365 0.1042459 0.4599789 0.06468081 0.4599789 0.06468081 0.4491364 0.0617755 0.4272008 0.08231031 0.4272008 0.08231031 0.4301397 0.07134246 0.4601043 0.101307 0.4681332 0.09327805 0.4681332 0.09327805 0.438294 0.06468075 0.4491364 0.0617755 0.4491364 0.0617755 0.4681332 0.09327805 0.471072 0.08231031 0.471072 0.08231031 0.4304845 0.07249033 0.438294 0.06468075 0.438294 0.06468075 0.4301397 0.09327805 0.4381687 0.101307 0.4381687 0.101307 0.4599789 0.09993988 0.4491364 0.102845 0.4491364 0.102845 0.471072 0.08231031 0.4681332 0.07134246 0.4681332 0.07134246 0.4278532 0.08231031 0.4304845 0.07249033 0.4304845 0.07249033 0.4381687 0.101307 0.4491365 0.1042459 0.4491365 0.1042459 0.4677885 0.09213018 0.4599789 0.09993988 0.4599789 0.09993988 0.4601043 0.06331348 0.4601043 0.06331348 0.4681332 0.07134246 0.4677885 0.09213018 0.4677885 0.09213018 0.4704197 0.08231037 0.4491365 0.06037467 0.4491365 0.06037467 0.4601043 0.06331348 0.4304845 0.0921303 0.4304845 0.0921303 0.4382941 0.09993982 0.4704197 0.08231037 0.4704197 0.08231037 0.4677885 0.07249033 0.4491365 0.06037467 0.4381687 0.06331348 0.4381687 0.06331348 0.4278532 0.08231031 0.4278532 0.08231031 0.4272008 0.08231031 0.4491364 0.102845 0.4382941 0.09993982 0.4382941 0.09993982 0.4599789 0.06468081 0.4677885 0.07249033 0.4677885 0.07249033 0.4301397 0.07134246 0.4301397 0.07134246 0.4381687 0.06331348 0.4301397 0.09327805 0.4301397 0.09327805 0.4304845 0.0921303 0.4601043 0.101307 0.4601043 0.101307 0.4491365 0.1042459 0.4599789 0.06468081 0.4599789 0.06468081 0.4491364 0.0617755 0.4272008 0.08231031 0.4272008 0.08231031 0.4301397 0.07134246 0.4681332 0.09327805 0.4681332 0.09327805 0.4601043 0.101307 0.4491364 0.0617755 0.4491364 0.0617755 0.438294 0.06468075 0.4681332 0.09327805 0.471072 0.08231031 0.471072 0.08231031 0.4304845 0.07249033 0.438294 0.06468075 0.438294 0.06468075 0.4301397 0.09327805 0.4381687 0.101307 0.4381687 0.101307 0.4491364 0.102845 0.4491364 0.102845 0.4599789 0.09993988 0.4681332 0.07134246 0.4681332 0.07134246 0.471072 0.08231031 0.4304845 0.07249033 0.4304845 0.07249033 0.4278532 0.08231031 0.4491365 0.1042459 0.4491365 0.1042459 0.4381687 0.101307 0.4599789 0.09993988 0.4599789 0.09993988 0.4677885 0.09213018 0.4681332 0.07134246 0.4601043 0.06331348 0.4601043 0.06331348 0.4677885 0.09213018 0.4677885 0.09213018 0.4704197 0.08231037 0.4491365 0.06037467 0.4491365 0.06037467 0.4601043 0.06331348 0.4304845 0.0921303 0.4304845 0.0921303 0.4382941 0.09993982 0.4704197 0.08231037 0.4704197 0.08231037 0.4677885 0.07249033 0.4599789 0.09993988 0.4601043 0.101307 0.4491365 0.1042459 0.4677885 0.09213018 0.4681332 0.09327805 0.4601043 0.101307 0.471072 0.08231031 0.4681332 0.09327805 0.4677885 0.09213018 0.4677885 0.07249033 0.4681332 0.07134246 0.471072 0.08231031 0.4601043 0.06331348 0.4681332 0.07134246 0.4677885 0.07249033 0.4491365 0.06037467 0.4601043 0.06331348 0.4599789 0.06468081 0.438294 0.06468075 0.4381687 0.06331348 0.4491365 0.06037467 0.4304845 0.07249033 0.4301397 0.07134246 0.4381687 0.06331348 0.4272008 0.08231031 0.4301397 0.07134246 0.4304845 0.07249033 0.4491365 0.1042459 0.4381687 0.101307 0.4382941 0.09993982 0.4382941 0.09993982 0.4381687 0.101307 0.4301397 0.09327805 0.4491365 0.1042459 0.4381687 0.101307 0.4382941 0.09993982 0.4382941 0.09993982 0.4381687 0.101307 0.4301397 0.09327805 0.4272008 0.08231031 0.4301397 0.07134246 0.4304845 0.07249033 0.4304845 0.07249033 0.4301397 0.07134246 0.4381687 0.06331348 0.438294 0.06468075 0.4381687 0.06331348 0.4491365 0.06037467 0.4491365 0.06037467 0.4601043 0.06331348 0.4599789 0.06468081 0.4601043 0.06331348 0.4681332 0.07134246 0.4677885 0.07249033 0.4677885 0.07249033 0.4681332 0.07134246 0.471072 0.08231031 0.471072 0.08231031 0.4681332 0.09327805 0.4677885 0.09213018 0.4677885 0.09213018 0.4681332 0.09327805 0.4601043 0.101307 0.4599789 0.09993988 0.4601043 0.101307 0.4491365 0.1042459 0.4491365 0.06037467 0.4381687 0.06331348 0.4381687 0.06331348 0.4272008 0.08231031 0.4278532 0.08231031 0.4278532 0.08231031 0.4491364 0.102845 0.4382941 0.09993982 0.4382941 0.09993982 0.4599789 0.06468081 0.4677885 0.07249033 0.4677885 0.07249033 0.4381687 0.06331348 0.4301397 0.07134246 0.4301397 0.07134246 0.4304845 0.0921303 0.4301397 0.09327805 0.4301397 0.09327805 0.4601043 0.101307 0.4601043 0.101307 0.4491365 0.1042459 0.4491364 0.0617755 0.4599789 0.06468081 0.4599789 0.06468081 0.4272008 0.08231031 0.4272008 0.08231031 0.4301397 0.07134246 0.4681332 0.09327805 0.4681332 0.09327805 0.4601043 0.101307 0.438294 0.06468075 0.4491364 0.0617755 0.4491364 0.0617755 0.4681332 0.09327805 0.471072 0.08231031 0.471072 0.08231031 0.4304845 0.07249033 0.438294 0.06468075 0.438294 0.06468075 0.4301397 0.09327805 0.4381687 0.101307 0.4381687 0.101307 0.4599789 0.09993988 0.4491364 0.102845 0.4491364 0.102845 0.471072 0.08231031 0.4681332 0.07134246 0.4681332 0.07134246 0.4278532 0.08231031 0.4304845 0.07249033 0.4304845 0.07249033 0.4491365 0.1042459 0.4491365 0.1042459 0.4381687 0.101307 0.4677885 0.09213018 0.4599789 0.09993988 0.4599789 0.09993988 0.4601043 0.06331348 0.4601043 0.06331348 0.4681332 0.07134246 0.4677885 0.09213018 0.4677885 0.09213018 0.4704197 0.08231037 0.4491365 0.06037467 0.4491365 0.06037467 0.4601043 0.06331348 0.4304845 0.0921303 0.4304845 0.0921303 0.4382941 0.09993982 0.4704197 0.08231037 0.4704197 0.08231037 0.4677885 0.07249033 0.4381687 0.06331348 0.4381687 0.06331348 0.4491365 0.06037467 0.4278532 0.08231031 0.4278532 0.08231031 0.4272008 0.08231031 0.4382941 0.09993982 0.4382941 0.09993982 0.4491364 0.102845 0.4677885 0.07249033 0.4677885 0.07249033 0.4599789 0.06468081 0.4301397 0.07134246 0.4301397 0.07134246 0.4381687 0.06331348 0.4304845 0.0921303 0.4301397 0.09327805 0.4301397 0.09327805 0.4491365 0.1042459 0.4601043 0.101307 0.4601043 0.101307 0.4491364 0.0617755 0.4599789 0.06468081 0.4599789 0.06468081 0.4272008 0.08231031 0.4272008 0.08231031 0.4301397 0.07134246 0.4601043 0.101307 0.4681332 0.09327805 0.4681332 0.09327805 0.4491364 0.0617755 0.4491364 0.0617755 0.438294 0.06468075 0.4681332 0.09327805 0.471072 0.08231031 0.471072 0.08231031 0.438294 0.06468075 0.438294 0.06468075 0.4304845 0.07249033 0.4301397 0.09327805 0.4381687 0.101307 0.4381687 0.101307 0.4491364 0.102845 0.4491364 0.102845 0.4599789 0.09993988 0.4681332 0.07134246 0.4681332 0.07134246 0.471072 0.08231031 0.4304845 0.07249033 0.4304845 0.07249033 0.4278532 0.08231031 0.4381687 0.101307 0.4491365 0.1042459 0.4491365 0.1042459 0.4599789 0.09993988 0.4599789 0.09993988 0.4677885 0.09213018 0.4681332 0.07134246 0.4601043 0.06331348 0.4601043 0.06331348 0.4677885 0.09213018 0.4677885 0.09213018 0.4704197 0.08231037 0.4601043 0.06331348 0.4491365 0.06037467 0.4491365 0.06037467 0.4304845 0.0921303 0.4304845 0.0921303 0.4382941 0.09993982 0.4704197 0.08231037 0.4704197 0.08231037 0.4677885 0.07249033 0.555452 0.960314 0.6320089 0.9945921 0.555452 0.9945924 0.555452 0.8819522 0.6320089 0.8474208 0.555452 0.8474208 0.555452 0.933632 0.6320089 0.8819522 0.555452 0.8819522 0.555452 0.9945924 0.6320089 0.933632 0.555452 0.933632 0.6314628 0.9354271 0.5549059 0.9963875 0.6314628 0.9963875 0.6314628 0.8837476 0.5549059 0.9354271 0.6314628 0.9354271 0.6314628 0.8492162 0.5549059 0.8837476 0.6314628 0.8837476 0.555452 0.9945924 0.6320089 0.960314 0.555452 0.960314 0.6314628 0.9963875 0.5549059 0.9621092 0.5549059 0.9963875 0.6314628 0.8492162 0.5549059 0.8837476 0.5549059 0.8492162 0.6314628 0.8837476 0.5549059 0.9354271 0.5549059 0.8837476 0.6314628 0.9354271 0.5549059 0.9963875 0.5549059 0.9354271 0.555452 0.933632 0.6320089 0.9945924 0.555452 0.9945924 0.555452 0.8819522 0.6320089 0.933632 0.555452 0.933632 0.555452 0.8474208 0.6320089 0.8819522 0.555452 0.8819522 0.6314628 0.9963875 0.5549059 0.9621092 0.6314628 0.9621092 0.5945057 0.9436205 0.5945057 0.9457311 0.5945057 0.9436205 0.6186151 0.8683413 0.6166193 0.899137 0.626006 0.8911275 0.5703963 0.9676701 0.5723918 0.9368745 0.563005 0.9448841 0.6075536 0.853116 0.6114309 0.8831409 0.6186151 0.8683413 0.5814578 0.9828955 0.5775805 0.9528707 0.5703963 0.9676701 0.5945057 0.8477696 0.6036655 0.8724525 0.6075536 0.853116 0.6036655 0.963559 0.5945057 0.9882419 0.6075536 0.9828955 0.5945057 0.9882419 0.5853458 0.963559 0.5814578 0.9828955 0.5853458 0.8724525 0.5945057 0.8477696 0.5814578 0.853116 0.6114309 0.9528707 0.6075536 0.9828955 0.6186151 0.9676701 0.5775805 0.8831409 0.5814578 0.853116 0.5703963 0.8683413 0.6166193 0.9368745 0.6186151 0.9676701 0.626006 0.9448841 0.5723918 0.899137 0.5703963 0.8683413 0.563005 0.8911275 0.6184412 0.9180058 0.626006 0.9448841 0.6286017 0.9180058 0.5705699 0.9180058 0.563005 0.8911275 0.5604096 0.9180058 0.626006 0.8911275 0.6184412 0.9180058 0.6286017 0.9180058 0.563005 0.9448841 0.5705699 0.9180058 0.5604096 0.9180058 0.5777761 0.8257191 0.5922367 0.8301048 0.5922367 0.7148756 0.5945057 0.8923909 0.5945057 0.8902804 0.5945057 0.8923909 0.5945057 0.9376105 0.5945057 0.9436205 0.5945057 0.9376105 0.5945057 0.898401 0.5945057 0.8923909 0.5945057 0.898401 0.5945057 0.9286157 0.5945057 0.9376105 0.5945057 0.9286157 0.5945057 0.9073957 0.5945057 0.898401 0.5945057 0.9073957 0.5945057 0.9180058 0.5945057 0.9286157 0.5945057 0.9180058 0.5945057 0.9286157 0.5945057 0.9180058 0.5945057 0.9286157 0.5945057 0.9180058 0.5945057 0.9073957 0.5945057 0.9180058 0.5945057 0.9073957 0.5945057 0.9180058 0.5945057 0.9073957 0.5945057 0.9376105 0.5945057 0.9286157 0.5945057 0.9376105 0.5945057 0.898401 0.5945057 0.9073957 0.5945057 0.898401 0.5945057 0.9436205 0.5945057 0.9376105 0.5945057 0.9436205 0.5945057 0.8923909 0.5945057 0.898401 0.5945057 0.8923909 0.5945057 0.9457311 0.5945057 0.9436205 0.5945057 0.9457311 0.5945057 0.8902804 0.5945057 0.8923909 0.5945057 0.8902804 0.6271476 0.7945383 0.6189563 0.8132298 0.6271476 0.7504421 0.6320089 0.9945921 0.555452 0.960314 0.555452 0.9945924 0.6320089 0.8474208 0.555452 0.8819522 0.555452 0.8474208 0.6320089 0.8819522 0.555452 0.933632 0.555452 0.8819522 0.555452 0.933632 0.6320089 0.9945924 0.555452 0.9945924 0.5549059 0.9963875 0.6314628 0.9354271 0.6314628 0.9963875 0.5549059 0.9354271 0.6314628 0.8837476 0.6314628 0.9354271 0.6314628 0.8837476 0.5549059 0.8492162 0.6314628 0.8492162 0.555452 0.960314 0.6320089 0.9945924 0.555452 0.9945924 0.6314628 0.9963875 0.5549059 0.9621092 0.6314628 0.9621092 0.6314628 0.8492162 0.5549059 0.8837476 0.6314628 0.8837476 0.6314628 0.8837476 0.5549059 0.9354271 0.6314628 0.9354271 0.6314628 0.9354271 0.5549059 0.9963875 0.6314628 0.9963875 0.6320089 0.9945924 0.555452 0.933632 0.555452 0.9945924 0.6320089 0.933632 0.555452 0.8819522 0.555452 0.933632 0.6320089 0.8819522 0.555452 0.8474208 0.555452 0.8819522 0.5549059 0.9621092 0.6314628 0.9963875 0.6314628 0.9621092 0.5945057 0.9457311 0.5945057 0.9436205 0.5945057 0.9436205 0.626006 0.8911275 0.6114309 0.8831409 0.6186151 0.8683413 0.5703963 0.9676701 0.5723918 0.9368745 0.5775805 0.9528707 0.6186151 0.8683413 0.6036655 0.8724525 0.6075536 0.853116 0.5814578 0.9828955 0.5775805 0.9528707 0.5853458 0.963559 0.6075536 0.853116 0.5945057 0.8686992 0.5945057 0.8477696 0.5945057 0.9882419 0.6036655 0.963559 0.6075536 0.9828955 0.5814578 0.9828955 0.5945057 0.9673123 0.5945057 0.9882419 0.5814578 0.853116 0.5945057 0.8686992 0.5853458 0.8724525 0.6186151 0.9676701 0.6036655 0.963559 0.6114309 0.9528707 0.5703963 0.8683413 0.5853458 0.8724525 0.5775805 0.8831409 0.626006 0.9448841 0.6114309 0.9528707 0.6166193 0.9368745 0.5703963 0.8683413 0.5723918 0.899137 0.563005 0.8911275 0.626006 0.9448841 0.6184412 0.9180058 0.6286017 0.9180058 0.563005 0.8911275 0.5705699 0.9180058 0.5604096 0.9180058 0.626006 0.8911275 0.6184412 0.9180058 0.6166193 0.899137 0.563005 0.9448841 0.5705699 0.9180058 0.5723918 0.9368745 0.5655171 0.7317506 0.6189563 0.7317506 0.6189563 0.8132298 0.5945057 0.8902804 0.5945057 0.8923909 0.5945057 0.8923909 0.5945057 0.9436205 0.5945057 0.9376105 0.5945057 0.9376105 0.5945057 0.8923909 0.5945057 0.898401 0.5945057 0.898401 0.5945057 0.9376105 0.5945057 0.9286157 0.5945057 0.9286157 0.5945057 0.898401 0.5945057 0.9073957 0.5945057 0.9073957 0.5945057 0.9286157 0.5945057 0.9180058 0.5945057 0.9180058 0.5945057 0.9180058 0.5945057 0.9286157 0.5945057 0.9286157 0.5945057 0.9073957 0.5945057 0.9180058 0.5945057 0.9180058 0.5945057 0.9180058 0.5945057 0.9073957 0.5945057 0.9073957 0.5945057 0.9286157 0.5945057 0.9376105 0.5945057 0.9376105 0.5945057 0.9073957 0.5945057 0.898401 0.5945057 0.898401 0.5945057 0.9376105 0.5945057 0.9436205 0.5945057 0.9436205 0.5945057 0.898401 0.5945057 0.8923909 0.5945057 0.8923909 0.5945057 0.9436205 0.5945057 0.9457311 0.5945057 0.9457311 0.5945057 0.8923909 0.5945057 0.8902804 0.5945057 0.8902804 0.6066973 0.7192613 0.5573258 0.7504421 0.5777761 0.8257191 0.6320089 0.9945921 0.555452 0.960314 0.555452 0.9945924 0.555452 0.8474208 0.6320089 0.8819522 0.555452 0.8819522 0.555452 0.8819522 0.6320089 0.933632 0.555452 0.933632 0.6320089 0.933632 0.555452 0.9945924 0.555452 0.933632 0.5549059 0.9963875 0.6314628 0.9354271 0.6314628 0.9963875 0.5549059 0.9354271 0.6314628 0.8837476 0.6314628 0.9354271 0.5549059 0.8837476 0.6314628 0.8492162 0.6314628 0.8837476 0.6320089 0.960314 0.555452 0.9945924 0.555452 0.960314 0.5549059 0.9963875 0.6314628 0.9621092 0.6314628 0.9963875 0.5549059 0.8492162 0.6314628 0.8837476 0.6314628 0.8492162 0.6314628 0.8837476 0.5549059 0.9354271 0.6314628 0.9354271 0.6314628 0.9354271 0.5549059 0.9963875 0.6314628 0.9963875 0.6320089 0.9945924 0.555452 0.933632 0.555452 0.9945924 0.6320089 0.933632 0.555452 0.8819522 0.555452 0.933632 0.555452 0.8819522 0.6320089 0.8474208 0.555452 0.8474208 0.5549059 0.9621092 0.6314628 0.9963875 0.6314628 0.9621092 0.5945057 0.9457311 0.5945057 0.9436205 0.5945057 0.9436205 0.626006 0.8911275 0.6114309 0.8831409 0.6186151 0.8683413 0.563005 0.9448841 0.5775805 0.9528707 0.5703963 0.9676701 0.6075536 0.853116 0.6114309 0.8831409 0.6036655 0.8724525 0.5814578 0.9828955 0.5775805 0.9528707 0.5853458 0.963559 0.6075536 0.853116 0.5945057 0.8686992 0.5945057 0.8477696 0.6075536 0.9828955 0.5945057 0.9673123 0.6036655 0.963559 0.5814578 0.9828955 0.5945057 0.9673123 0.5945057 0.9882419 0.5814578 0.853116 0.5945057 0.8686992 0.5853458 0.8724525 0.6075536 0.9828955 0.6114309 0.9528707 0.6186151 0.9676701 0.5814578 0.853116 0.5775805 0.8831409 0.5703963 0.8683413 0.626006 0.9448841 0.6114309 0.9528707 0.6166193 0.9368745 0.563005 0.8911275 0.5775805 0.8831409 0.5723918 0.899137 0.626006 0.9448841 0.6184412 0.9180058 0.6286017 0.9180058 0.563005 0.8911275 0.5705699 0.9180058 0.5604096 0.9180058 0.626006 0.8911275 0.6184412 0.9180058 0.6166193 0.899137 0.563005 0.9448841 0.5705699 0.9180058 0.5723918 0.9368745 0.5655171 0.7317506 0.6189563 0.7317506 0.6189563 0.8132298 0.5945057 0.8902804 0.5945057 0.8923909 0.5945057 0.8923909 0.5945057 0.9436205 0.5945057 0.9376105 0.5945057 0.9376105 0.5945057 0.8923909 0.5945057 0.898401 0.5945057 0.898401 0.5945057 0.9376105 0.5945057 0.9286157 0.5945057 0.9286157 0.5945057 0.898401 0.5945057 0.9073957 0.5945057 0.9073957 0.5945057 0.9286157 0.5945057 0.9180058 0.5945057 0.9180058 0.5945057 0.9180058 0.5945057 0.9286157 0.5945057 0.9286157 0.5945057 0.9073957 0.5945057 0.9180058 0.5945057 0.9180058 0.5945057 0.9180058 0.5945057 0.9073957 0.5945057 0.9073957 0.5945057 0.9286157 0.5945057 0.9376105 0.5945057 0.9376105 0.5945057 0.9073957 0.5945057 0.898401 0.5945057 0.898401 0.5945057 0.9376105 0.5945057 0.9436205 0.5945057 0.9436205 0.5945057 0.898401 0.5945057 0.8923909 0.5945057 0.8923909 0.5945057 0.9436205 0.5945057 0.9457311 0.5945057 0.9457311 0.5945057 0.8923909 0.5945057 0.8902804 0.5945057 0.8902804 0.6271476 0.7945383 0.6066973 0.7192613 0.5573258 0.7504421 0.6320089 0.9945921 0.555452 0.960314 0.555452 0.9945924 0.6320089 0.8474208 0.555452 0.8819522 0.555452 0.8474208 0.555452 0.8819522 0.6320089 0.933632 0.555452 0.933632 0.6320089 0.933632 0.555452 0.9945924 0.555452 0.933632 0.5549059 0.9963875 0.6314628 0.9354271 0.6314628 0.9963875 0.5549059 0.9354271 0.6314628 0.8837476 0.6314628 0.9354271 0.5549059 0.8837476 0.6314628 0.8492162 0.6314628 0.8837476 0.555452 0.960314 0.6320089 0.9945924 0.555452 0.9945924 0.6314628 0.9963875 0.5549059 0.9621092 0.6314628 0.9621092 0.6314628 0.8492162 0.5549059 0.8837476 0.6314628 0.8837476 0.6314628 0.8837476 0.5549059 0.9354271 0.6314628 0.9354271 0.6314628 0.9354271 0.5549059 0.9963875 0.6314628 0.9963875 0.6320089 0.9945924 0.555452 0.933632 0.555452 0.9945924 0.6320089 0.933632 0.555452 0.8819522 0.555452 0.933632 0.555452 0.8819522 0.6320089 0.8474208 0.555452 0.8474208 0.5549059 0.9621092 0.6314628 0.9963875 0.6314628 0.9621092 0.5945057 0.9457311 0.5945057 0.9436205 0.5945057 0.9436205 0.6186151 0.8683413 0.6166193 0.899137 0.6114309 0.8831409 0.563005 0.9448841 0.5775805 0.9528707 0.5703963 0.9676701 0.6075536 0.853116 0.6114309 0.8831409 0.6036655 0.8724525 0.5814578 0.9828955 0.5775805 0.9528707 0.5853458 0.963559 0.6075536 0.853116 0.5945057 0.8686992 0.5945057 0.8477696 0.5945057 0.9882419 0.6036655 0.963559 0.6075536 0.9828955 0.5945057 0.9882419 0.5853458 0.963559 0.5945057 0.9673123 0.5945057 0.8477696 0.5853458 0.8724525 0.5814578 0.853116 0.6075536 0.9828955 0.6114309 0.9528707 0.6186151 0.9676701 0.5814578 0.853116 0.5775805 0.8831409 0.5703963 0.8683413 0.6186151 0.9676701 0.6166193 0.9368745 0.626006 0.9448841 0.563005 0.8911275 0.5775805 0.8831409 0.5723918 0.899137 0.626006 0.9448841 0.6184412 0.9180058 0.6286017 0.9180058 0.563005 0.8911275 0.5705699 0.9180058 0.5604096 0.9180058 0.626006 0.8911275 0.6184412 0.9180058 0.6166193 0.899137 0.563005 0.9448841 0.5705699 0.9180058 0.5723918 0.9368745 0.5655171 0.7317506 0.6189563 0.7317506 0.6189563 0.8132298 0.5945057 0.8902804 0.5945057 0.8923909 0.5945057 0.8923909 0.5945057 0.9436205 0.5945057 0.9376105 0.5945057 0.9376105 0.5945057 0.8923909 0.5945057 0.898401 0.5945057 0.898401 0.5945057 0.9376105 0.5945057 0.9286157 0.5945057 0.9286157 0.5945057 0.898401 0.5945057 0.9073957 0.5945057 0.9073957 0.5945057 0.9286157 0.5945057 0.9180058 0.5945057 0.9180058 0.5945057 0.9180058 0.5945057 0.9286157 0.5945057 0.9286157 0.5945057 0.9073957 0.5945057 0.9180058 0.5945057 0.9180058 0.5945057 0.9180058 0.5945057 0.9073957 0.5945057 0.9073957 0.5945057 0.9286157 0.5945057 0.9376105 0.5945057 0.9376105 0.5945057 0.9073957 0.5945057 0.898401 0.5945057 0.898401 0.5945057 0.9376105 0.5945057 0.9436205 0.5945057 0.9436205 0.5945057 0.898401 0.5945057 0.8923909 0.5945057 0.8923909 0.5945057 0.9436205 0.5945057 0.9457311 0.5945057 0.9457311 0.5945057 0.8923909 0.5945057 0.8902804 0.5945057 0.8902804 0.6271476 0.7945383 0.6066973 0.7192613 0.5573258 0.7504421 0.555452 0.960314 0.6320089 0.9945921 0.555452 0.9945924 0.555452 0.8819522 0.6320089 0.8474208 0.555452 0.8474208 0.555452 0.933632 0.6320089 0.8819522 0.555452 0.8819522 0.555452 0.9945924 0.6320089 0.933632 0.555452 0.933632 0.6314628 0.9354271 0.5549059 0.9963875 0.6314628 0.9963875 0.6314628 0.8837476 0.5549059 0.9354271 0.6314628 0.9354271 0.6314628 0.8837476 0.5549059 0.8492162 0.5549059 0.8837476 0.555452 0.960314 0.6320089 0.9945924 0.6320089 0.960314 0.6314628 0.9963875 0.5549059 0.9621092 0.5549059 0.9963875 0.6314628 0.8492162 0.5549059 0.8837476 0.5549059 0.8492162 0.6314628 0.8837476 0.5549059 0.9354271 0.5549059 0.8837476 0.6314628 0.9354271 0.5549059 0.9963875 0.5549059 0.9354271 0.555452 0.933632 0.6320089 0.9945924 0.555452 0.9945924 0.555452 0.8819522 0.6320089 0.933632 0.555452 0.933632 0.555452 0.8474208 0.6320089 0.8819522 0.555452 0.8819522 0.6314628 0.9963875 0.5549059 0.9621092 0.6314628 0.9621092 0.5945057 0.9436205 0.5945057 0.9457311 0.5945057 0.9436205 0.6114309 0.8831409 0.626006 0.8911275 0.6186151 0.8683413 0.5703963 0.9676701 0.5723918 0.9368745 0.563005 0.9448841 0.6036655 0.8724525 0.6186151 0.8683413 0.6075536 0.853116 0.5814578 0.9828955 0.5775805 0.9528707 0.5703963 0.9676701 0.5945057 0.8686992 0.6075536 0.853116 0.5945057 0.8477696 0.6036655 0.963559 0.5945057 0.9882419 0.6075536 0.9828955 0.5945057 0.9673123 0.5814578 0.9828955 0.5945057 0.9882419 0.5814578 0.853116 0.5945057 0.8686992 0.5945057 0.8477696 0.6186151 0.9676701 0.6036655 0.963559 0.6075536 0.9828955 0.5703963 0.8683413 0.5853458 0.8724525 0.5814578 0.853116 0.626006 0.9448841 0.6114309 0.9528707 0.6186151 0.9676701 0.5723918 0.899137 0.5703963 0.8683413 0.563005 0.8911275 0.6184412 0.9180058 0.626006 0.9448841 0.6286017 0.9180058 0.5705699 0.9180058 0.563005 0.8911275 0.5604096 0.9180058 0.626006 0.8911275 0.6184412 0.9180058 0.6286017 0.9180058 0.563005 0.9448841 0.5705699 0.9180058 0.5604096 0.9180058 0.5655171 0.8132298 0.5922367 0.8301048 0.5922367 0.7148756 0.5945057 0.8923909 0.5945057 0.8902804 0.5945057 0.8923909 0.5945057 0.9376105 0.5945057 0.9436205 0.5945057 0.9376105 0.5945057 0.898401 0.5945057 0.8923909 0.5945057 0.898401 0.5945057 0.9286157 0.5945057 0.9376105 0.5945057 0.9286157 0.5945057 0.9073957 0.5945057 0.898401 0.5945057 0.9073957 0.5945057 0.9180058 0.5945057 0.9286157 0.5945057 0.9180058 0.5945057 0.9286157 0.5945057 0.9180058 0.5945057 0.9286157 0.5945057 0.9180058 0.5945057 0.9073957 0.5945057 0.9180058 0.5945057 0.9073957 0.5945057 0.9180058 0.5945057 0.9073957 0.5945057 0.9376105 0.5945057 0.9286157 0.5945057 0.9376105 0.5945057 0.898401 0.5945057 0.9073957 0.5945057 0.898401 0.5945057 0.9436205 0.5945057 0.9376105 0.5945057 0.9436205 0.5945057 0.8923909 0.5945057 0.898401 0.5945057 0.8923909 0.5945057 0.9457311 0.5945057 0.9436205 0.5945057 0.9457311 0.5945057 0.8902804 0.5945057 0.8923909 0.5945057 0.8902804 0.5777761 0.7192613 0.6271476 0.7504421 0.6066973 0.8257191 0.555452 0.960314 0.6320089 0.9945921 0.555452 0.9945924 0.555452 0.8474208 0.6320089 0.8819522 0.6320089 0.8474208 0.555452 0.8819522 0.6320089 0.933632 0.6320089 0.8819522 0.555452 0.9945924 0.6320089 0.933632 0.555452 0.933632 0.6314628 0.9354271 0.5549059 0.9963875 0.6314628 0.9963875 0.6314628 0.8837476 0.5549059 0.9354271 0.6314628 0.9354271 0.6314628 0.8492162 0.5549059 0.8837476 0.6314628 0.8837476 0.555452 0.9945924 0.6320089 0.960314 0.555452 0.960314 0.6314628 0.9621092 0.5549059 0.9963875 0.6314628 0.9963875 0.6314628 0.8837476 0.5549059 0.8492162 0.6314628 0.8492162 0.6314628 0.8837476 0.5549059 0.9354271 0.5549059 0.8837476 0.6314628 0.9354271 0.5549059 0.9963875 0.5549059 0.9354271 0.555452 0.933632 0.6320089 0.9945924 0.555452 0.9945924 0.555452 0.8819522 0.6320089 0.933632 0.555452 0.933632 0.555452 0.8819522 0.6320089 0.8474208 0.6320089 0.8819522 0.6314628 0.9963875 0.5549059 0.9621092 0.6314628 0.9621092 0.5945057 0.9436205 0.5945057 0.9457311 0.5945057 0.9436205 0.6114309 0.8831409 0.626006 0.8911275 0.6186151 0.8683413 0.5775805 0.9528707 0.563005 0.9448841 0.5703963 0.9676701 0.6075536 0.853116 0.6114309 0.8831409 0.6186151 0.8683413 0.5814578 0.9828955 0.5775805 0.9528707 0.5703963 0.9676701 0.5945057 0.8686992 0.6075536 0.853116 0.5945057 0.8477696 0.6075536 0.9828955 0.5945057 0.9673123 0.5945057 0.9882419 0.5945057 0.9673123 0.5814578 0.9828955 0.5945057 0.9882419 0.5814578 0.853116 0.5945057 0.8686992 0.5945057 0.8477696 0.6114309 0.9528707 0.6075536 0.9828955 0.6186151 0.9676701 0.5775805 0.8831409 0.5814578 0.853116 0.5703963 0.8683413 0.626006 0.9448841 0.6114309 0.9528707 0.6186151 0.9676701 0.563005 0.8911275 0.5775805 0.8831409 0.5703963 0.8683413 0.6184412 0.9180058 0.626006 0.9448841 0.6286017 0.9180058 0.5705699 0.9180058 0.563005 0.8911275 0.5604096 0.9180058 0.626006 0.8911275 0.6184412 0.9180058 0.6286017 0.9180058 0.563005 0.9448841 0.5705699 0.9180058 0.5604096 0.9180058 0.5922367 0.7148756 0.5544494 0.7724902 0.5922367 0.8301048 0.5945057 0.8923909 0.5945057 0.8902804 0.5945057 0.8923909 0.5945057 0.9376105 0.5945057 0.9436205 0.5945057 0.9376105 0.5945057 0.898401 0.5945057 0.8923909 0.5945057 0.898401 0.5945057 0.9286157 0.5945057 0.9376105 0.5945057 0.9286157 0.5945057 0.9073957 0.5945057 0.898401 0.5945057 0.9073957 0.5945057 0.9180058 0.5945057 0.9286157 0.5945057 0.9180058 0.5945057 0.9286157 0.5945057 0.9180058 0.5945057 0.9286157 0.5945057 0.9180058 0.5945057 0.9073957 0.5945057 0.9180058 0.5945057 0.9073957 0.5945057 0.9180058 0.5945057 0.9073957 0.5945057 0.9376105 0.5945057 0.9286157 0.5945057 0.9376105 0.5945057 0.898401 0.5945057 0.9073957 0.5945057 0.898401 0.5945057 0.9436205 0.5945057 0.9376105 0.5945057 0.9436205 0.5945057 0.8923909 0.5945057 0.898401 0.5945057 0.8923909 0.5945057 0.9457311 0.5945057 0.9436205 0.5945057 0.9457311 0.5945057 0.8902804 0.5945057 0.8923909 0.5945057 0.8902804 0.5573258 0.7945383 0.5777761 0.7192613 0.6271476 0.7504421 0.555452 0.960314 0.6320089 0.9945921 0.555452 0.9945924 0.555452 0.8819522 0.6320089 0.8474208 0.555452 0.8474208 0.555452 0.8819522 0.6320089 0.933632 0.6320089 0.8819522 0.555452 0.933632 0.6320089 0.9945924 0.6320089 0.933632 0.6314628 0.9354271 0.5549059 0.9963875 0.6314628 0.9963875 0.6314628 0.8837476 0.5549059 0.9354271 0.6314628 0.9354271 0.6314628 0.8492162 0.5549059 0.8837476 0.6314628 0.8837476 0.555452 0.960314 0.6320089 0.9945924 0.6320089 0.960314 0.6314628 0.9963875 0.5549059 0.9621092 0.5549059 0.9963875 0.6314628 0.8492162 0.5549059 0.8837476 0.5549059 0.8492162 0.6314628 0.8837476 0.5549059 0.9354271 0.5549059 0.8837476 0.6314628 0.9354271 0.5549059 0.9963875 0.5549059 0.9354271 0.555452 0.933632 0.6320089 0.9945924 0.555452 0.9945924 0.555452 0.8819522 0.6320089 0.933632 0.555452 0.933632 0.555452 0.8819522 0.6320089 0.8474208 0.6320089 0.8819522 0.6314628 0.9963875 0.5549059 0.9621092 0.6314628 0.9621092 0.5945057 0.9436205 0.5945057 0.9457311 0.5945057 0.9436205 0.6186151 0.8683413 0.6166193 0.899137 0.626006 0.8911275 0.5775805 0.9528707 0.563005 0.9448841 0.5703963 0.9676701 0.6075536 0.853116 0.6114309 0.8831409 0.6186151 0.8683413 0.5814578 0.9828955 0.5775805 0.9528707 0.5703963 0.9676701 0.5945057 0.8686992 0.6075536 0.853116 0.5945057 0.8477696 0.6036655 0.963559 0.5945057 0.9882419 0.6075536 0.9828955 0.5945057 0.9882419 0.5853458 0.963559 0.5814578 0.9828955 0.5853458 0.8724525 0.5945057 0.8477696 0.5814578 0.853116 0.6114309 0.9528707 0.6075536 0.9828955 0.6186151 0.9676701 0.5775805 0.8831409 0.5814578 0.853116 0.5703963 0.8683413 0.6166193 0.9368745 0.6186151 0.9676701 0.626006 0.9448841 0.563005 0.8911275 0.5775805 0.8831409 0.5703963 0.8683413 0.6184412 0.9180058 0.626006 0.9448841 0.6286017 0.9180058 0.5705699 0.9180058 0.563005 0.8911275 0.5604096 0.9180058 0.626006 0.8911275 0.6184412 0.9180058 0.6286017 0.9180058 0.563005 0.9448841 0.5705699 0.9180058 0.5604096 0.9180058 0.5922367 0.7148756 0.5544494 0.7724902 0.5922367 0.8301048 0.5945057 0.8923909 0.5945057 0.8902804 0.5945057 0.8923909 0.5945057 0.9376105 0.5945057 0.9436205 0.5945057 0.9376105 0.5945057 0.898401 0.5945057 0.8923909 0.5945057 0.898401 0.5945057 0.9286157 0.5945057 0.9376105 0.5945057 0.9286157 0.5945057 0.9073957 0.5945057 0.898401 0.5945057 0.9073957 0.5945057 0.9180058 0.5945057 0.9286157 0.5945057 0.9180058 0.5945057 0.9286157 0.5945057 0.9180058 0.5945057 0.9286157 0.5945057 0.9180058 0.5945057 0.9073957 0.5945057 0.9180058 0.5945057 0.9073957 0.5945057 0.9180058 0.5945057 0.9073957 0.5945057 0.9376105 0.5945057 0.9286157 0.5945057 0.9376105 0.5945057 0.898401 0.5945057 0.9073957 0.5945057 0.898401 0.5945057 0.9436205 0.5945057 0.9376105 0.5945057 0.9436205 0.5945057 0.8923909 0.5945057 0.898401 0.5945057 0.8923909 0.5945057 0.9457311 0.5945057 0.9436205 0.5945057 0.9457311 0.5945057 0.8902804 0.5945057 0.8923909 0.5945057 0.8902804 0.5573258 0.7945383 0.5777761 0.7192613 0.6271476 0.7504421 0.3760738 0.3605551 0.4359489 0.3605551 0.4359489 0.2765182 0.1657854 0.6852304 0.1657854 0.8189478 0.01441127 0.7015911 0.5081025 0.8693769 0.456372 0.8818646 0.456372 0.7045079 0.3799276 0.6240577 0.2149174 0.6424739 0.2149174 0.4901964 0.3793329 0.6424739 0.2143228 0.6424739 0.2143228 0.4901964 0.1792087 0.9057173 0.008418977 0.9057173 0.008418977 0.7101578 0.3757948 0.4901964 0.3757948 0.6424739 0.2107844 0.6301965 0.4685339 0.6852304 0.4685339 0.8997847 0.3171597 0.8753947 0.3171597 0.6852304 0.3171597 0.8753947 0.1657854 0.8189478 0.545277 0.7978431 0.5081025 0.8693769 0.5081025 0.7045079 0.4245817 0.2057257 0.4245817 0.2617741 0.4844568 0.2617741 0.1649863 0.864325 0.1454158 0.864325 0.1454158 0.9951219 0.1183289 0.864325 0.0865491 0.864325 0.0865491 0.9951219 0.1501086 0.864325 0.1183289 0.864325 0.1183289 0.9951219 0.1818884 0.864325 0.1501086 0.864325 0.1501086 0.9951219 0.2136681 0.864325 0.1818884 0.864325 0.1818884 0.9951219 0.2454478 0.864325 0.2136681 0.864325 0.2136681 0.9951219 0.2772276 0.864325 0.2454478 0.864325 0.2454478 0.9951219 0.3758755 0.5702458 0.3758755 0.4965489 0.4528114 0.4965489 0.3171597 0.8753947 0.3171597 0.8753947 0.1657854 0.8189478 0.2433479 0.3100747 0.2433479 0.2768678 0.1652857 0.2768678 0.2102231 0.6843702 0.2102231 0.8031268 0.1064842 0.8031268 0.313962 0.8031268 0.2102231 0.8031268 0.2102231 0.6843702 0.4177008 0.8031266 0.313962 0.8031268 0.3139619 0.6843702 0.5214396 0.8031266 0.4177008 0.8031266 0.4177008 0.6843702 0.3547796 0.2768679 0.3177001 0.2768679 0.3177001 0.3100747 0.1652857 0.3432815 0.1652857 0.3100747 0.1652857 0.3100747 0.3920094 0.6448754 0.3920094 0.8108702 0.2760687 0.8108702 0.4374633 0.9084083 0.331708 0.9225397 0.331708 0.8859143 0.3161986 0.2765182 0.3161986 0.2117502 0.3161986 0.2117502 0.4374633 0.8859143 0.331708 0.8859143 0.331708 0.8057156 0.3161986 0.2765182 0.3760738 0.2765182 0.3760738 0.2117501 0.5432185 0.8859143 0.4374633 0.8859143 0.4374633 0.8057156 0.5432185 0.9084083 0.4374633 0.9084083 0.4374633 0.8859143 0.3171597 0.8753947 0.1657854 0.8189478 0.1657854 0.8189478 0.3547796 0.3100747 0.3177001 0.3100747 0.3177001 0.3432815 0.3177001 0.3100747 0.2396378 0.3100747 0.2396378 0.3432815 0.2396378 0.3100747 0.1615758 0.3100747 0.1615756 0.3432815 0.1615758 0.3100747 0.08351343 0.3100747 0.08351343 0.3432815 0.08351343 0.3100747 0.005451321 0.3100747 0.005451321 0.3432815 0.2433479 0.3100747 0.1652857 0.3100747 0.1652857 0.3432815 0.1652857 0.2768678 0.1652857 0.2768678 0.1652857 0.3100747 0.4844568 0.2057257 0.4844568 0.2617741 0.544332 0.2617741 0.2177367 0.5176108 0.2177367 0.3834782 0.1119814 0.3834782 0.2177367 0.1978295 0.2177367 -0.01998293 0.1119814 -0.01998293 0.2177367 0.415642 0.2177367 0.1978295 0.1119814 0.1978295 0.2177367 0.6334545 0.2177367 0.415642 0.1119814 0.415642 0.2177367 0.851267 0.2177367 0.6334545 0.1119814 0.6334545 0.2177367 1.069079 0.2177367 0.851267 0.1119814 0.851267 0.2177367 1.286892 0.2177367 1.069079 0.1119814 1.069079 0.1119814 1.390353 0.2177367 1.390353 0.2177367 1.286892 0.4467195 0.7039789 0.4467195 0.8108702 0.3920094 0.8108702 0.3161986 0.3605551 0.3760738 0.3605551 0.3760738 0.2765182 0.3234919 0.6320081 0.3234919 0.5605898 0.2177367 0.5605898 0.5030075 0.4141635 0.3156794 0.4141635 0.3156794 0.3598901 0.331708 0.9225397 0.1075935 0.9225397 0.1075935 0.8859143 0.3755994 0.5007146 0.226645 0.5007146 0.226645 0.6349934 0.3547796 0.2064965 0.3177001 0.2064965 0.3177001 0.2768679 0.1615758 0.2768679 0.1615758 0.2768679 0.2396378 0.2768679 0.1652857 0.2768678 0.1652857 0.2768678 0.1652857 0.2064965 0.08351343 0.2768679 0.08351343 0.2768679 0.005451321 0.2768678 0.08351343 0.2768679 0.08351343 0.2768679 0.1615758 0.2768679 0.2433479 0.2768678 0.2433479 0.2768678 0.1652857 0.2768678 0.1652857 0.2064965 0.08722364 0.2064965 0.08722364 0.2768678 0.1156687 0.8633041 0.1156687 0.9942465 0.3736321 0.9942465 0.6389164 0.006275594 0.5478012 0.006275594 0.5478012 0.1205437 0.3177001 0.2064965 0.2396378 0.2064965 0.2396378 0.2064965 0.2685465 0.526221 0.3687077 0.526221 0.3687077 0.5729916 0.2396378 0.2768679 0.2396378 0.2768679 0.3177001 0.2768679 0.3177001 0.2768679 0.3177001 0.2064965 0.3177001 0.2064965 0.5290476 0.3638406 0.5104483 0.2967315 0.5290476 0.4210758 0.5104483 0.2967315 0.4845666 0.2775738 0.5290476 0.4210758 0.4845666 0.2775738 0.4300786 0.2775738 0.5290476 0.4210758 0.4300786 0.2775738 0.3755908 0.2775738 0.5290476 0.4210758 0.3755908 0.2775738 0.3211028 0.2775738 0.5290476 0.4210758 0.3211028 0.2775738 0.2666149 0.2775738 0.103151 0.4210758 0.5290476 0.4210758 0.3211028 0.2775738 0.103151 0.4210758 0.2121269 0.2775738 0.157639 0.2775738 0.103151 0.4210758 0.157639 0.2775738 0.103151 0.3809508 0.103151 0.4210758 0.2666149 0.2775738 0.2121269 0.2775738 0.103151 0.4210758 0.3694449 0.6813907 0.3754574 0.6813907 0.3754574 0.6471814 0.3754574 0.6471814 0.2377782 0.6471814 0.3082353 0.6813907 0.2377782 0.6471814 0.2377782 0.6813907 0.2553925 0.6813907 0.2377782 0.6471814 0.2553925 0.6813907 0.2730067 0.6813907 0.3610781 0.6813907 0.3694449 0.6813907 0.3754574 0.6471814 0.3434638 0.6813907 0.3610781 0.6813907 0.3754574 0.6471814 0.2377782 0.6471814 0.2730067 0.6813907 0.290621 0.6813907 0.2377782 0.6471814 0.290621 0.6813907 0.3082353 0.6813907 0.3258495 0.6813907 0.3434638 0.6813907 0.3754574 0.6471814 0.331708 0.8859143 0.331708 0.9225397 0.4374633 0.9084083 0.6190931 0.2368525 0.5493404 0.2580264 0.5493404 0.2031489 0.4374633 0.8859143 0.4374633 0.9084083 0.4374633 0.9084083 0.331708 0.9225397 0.331708 0.8859143 0.331708 0.8859143 0.4374633 0.8859143 0.4374633 0.8859143 0.331708 0.8859143 0.331708 0.9225397 0.331708 0.9225397 0.4374633 0.9084083 0 0 0 0 0 0 0 0 0 0 0 0 -0.112133 0.5176109 -0.112133 0.5176109 0.1119814 0.5176109 0.005252182 0.6382712 0.2126414 0.6382713 0.2126414 0.5236674 0.3161986 0.2765182 0.3161986 0.2765182 0.3161986 0.3605551 0.005252182 0.5236674 0.2126414 0.5236674 0.2126414 0.4363648 0 0 0 0 0 0 0 0 0 0 0 0 0.3275286 0.5165792 0.2275726 0.5165892 0.2297638 0.5201383 0.2275772 0.5818287 0.2275726 0.6316269 0.2297638 0.6280778 0.2275772 0.5818287 0.2297638 0.5818287 0.2297638 0.5201383 0.3275286 0.631637 0.3275286 0.6280778 0.2297638 0.6280778 0.1893124 0.3605551 0.3161986 0.3605551 0.3161986 0.3605551 0.4359489 0.2765182 0.4359489 0.3605551 0.3760738 0.3605551 0.1657854 0.6852304 0.01441127 0.6852304 0.01441127 0.7015911 0.456372 0.7045079 0.456372 0.8818646 0.5081025 0.8693769 0.01208102 0.7101578 0.01208102 0.9057173 0.1828708 0.8820666 0.2143228 0.4901964 0.2143228 0.6424739 0.3793329 0.6424739 0.008418977 0.7101578 0.008418977 0.9057173 0.1792087 0.9057173 0.3757948 0.4901964 0.2107844 0.4901964 0.2107844 0.6301965 0.05947035 0.5386739 0.2126774 0.5386739 0.2126774 0.6334663 0.3171597 0.6852304 0.1657854 0.6852304 0.1657854 0.8189478 0.5081025 0.7045079 0.5081025 0.8693769 0.545277 0.7978431 0.4844568 0.2617741 0.4245817 0.2617741 0.4245817 0.2057257 0.2489446 0.989385 0.2489446 0.8646123 0.2744655 0.8646123 0.0865491 0.9951219 0.0865491 0.864325 0.1183289 0.864325 0.1183289 0.9951219 0.1183289 0.864325 0.1501086 0.864325 0.1501086 0.9951219 0.1501086 0.864325 0.1818884 0.864325 0.1818884 0.9951219 0.1818884 0.864325 0.2136681 0.864325 0.2136681 0.9951219 0.2136681 0.864325 0.2454478 0.864325 0.2454478 0.9951219 0.2454478 0.864325 0.2772276 0.864325 0.4528114 0.4965489 0.5297478 0.4965489 0.5297478 0.5702458 0.1657854 0.8189478 0.1657854 0.8189478 0.01441127 0.7015911 0.2433479 0.3100747 0.1652857 0.3100747 0.1652857 0.2768678 0.4177007 0.6817362 0.5214396 0.6817362 0.5214396 0.8004929 0.5436773 0.6817362 0.5436773 0.8004929 0.4399385 0.8004929 0.1791962 0.6817362 0.1791963 0.8004929 0.07545739 0.8004929 0.4611996 0.6817362 0.4611996 0.8004929 0.3574608 0.8004929 0.3177001 0.3100747 0.3177001 0.2768679 0.3547796 0.2768679 0.331708 0.9225397 0.4374633 0.9084083 0.4374633 0.9084083 0.2760687 0.8108702 0.160128 0.8108702 0.160128 0.6448754 0.331708 0.8859143 0.331708 0.9225397 0.4374633 0.9084083 0.3161986 0.2765182 0.3161986 0.2765182 0.3161986 0.2117502 0.331708 0.8057156 0.331708 0.8859143 0.4374633 0.8859143 0.3760738 0.2117501 0.3760738 0.2765182 0.3161986 0.2765182 0.4374633 0.8057156 0.4374633 0.8859143 0.5432185 0.8859143 0.4374633 0.8859143 0.4374633 0.9084083 0.5432185 0.9084083 0.1652857 0.3100747 0.1652857 0.3432815 0.1652857 0.3432815 0.3177001 0.3432815 0.3177001 0.3100747 0.3547796 0.3100747 0.2396378 0.3432815 0.2396378 0.3100747 0.3177001 0.3100747 0.1615756 0.3432815 0.1615758 0.3100747 0.2396378 0.3100747 0.08351343 0.3432815 0.08351343 0.3100747 0.1615758 0.3100747 0.005451321 0.3432815 0.005451321 0.3100747 0.08351343 0.3100747 0.1652857 0.3432815 0.1652857 0.3100747 0.2433479 0.3100747 0.1652857 0.2768678 0.1652857 0.3100747 0.1652857 0.3100747 0.544332 0.2617741 0.4844568 0.2617741 0.4844568 0.2057257 0.1119814 0.3834782 0.2177367 0.3834782 0.2177367 0.5176108 0.1119814 -0.01998293 0.2177367 -0.01998293 0.2177367 0.1978295 0.1119814 0.1978295 0.2177367 0.1978295 0.2177367 0.415642 0.1119814 0.415642 0.2177367 0.415642 0.2177367 0.6334545 0.1119814 0.6334545 0.2177367 0.6334545 0.2177367 0.851267 0.1119814 0.851267 0.2177367 0.851267 0.2177367 1.069079 0.1119814 1.069079 0.2177367 1.069079 0.2177367 1.286892 0.1119814 1.390353 0.1119814 1.286892 0.2177367 1.286892 0.160128 0.8108702 0.1054179 0.8108702 0.1054179 0.7039789 0.3760738 0.2765182 0.3760738 0.3605551 0.3161986 0.3605551 0.2177367 0.5605898 0.3234919 0.5605898 0.3234919 0.6320081 0.3156794 0.3598901 0.3156794 0.4141635 0.1283509 0.4141635 0.1075935 0.8859143 0.1075935 0.9225397 0.331708 0.9225397 0.226645 0.6349934 0.226645 0.5007146 0.3755994 0.5007146 0.3177001 0.2768679 0.3177001 0.2064965 0.3547796 0.2064965 0.1652857 0.2064965 0.1652857 0.2064965 0.1652857 0.2768678 0.08351343 0.2768679 0.005451321 0.2768678 0.005451321 0.2768678 0.2433479 0.2768678 0.1652857 0.2768678 0.1652857 0.2768678 0.2396378 0.2768679 0.3177001 0.2768679 0.3177001 0.2768679 0.3177001 0.2064965 0.3177001 0.2064965 0.3177001 0.2768679 0.08722364 0.2768678 0.08722364 0.2064965 0.1652857 0.2064965 0.3736321 0.9942465 0.1156687 0.9942465 0.1156687 0.8633041 0.5478012 0.1205437 0.5478012 0.006275594 0.6389164 0.006275594 0.2396378 0.2064965 0.2396378 0.2064965 0.3177001 0.2064965 0.3687077 0.5729916 0.3687077 0.526221 0.2685465 0.526221 0.2396378 0.2768679 0.3177001 0.2768679 0.3177001 0.2768679 0.3177001 0.2064965 0.3177001 0.2064965 0.3177001 0.2768679 0.103151 0.4210758 0.103151 0.3809508 0.157639 0.2775738 0.103151 0.4210758 0.157639 0.2775738 0.2121269 0.2775738 0.103151 0.4210758 0.2121269 0.2775738 0.2666149 0.2775738 0.103151 0.4210758 0.2666149 0.2775738 0.3211028 0.2775738 0.103151 0.4210758 0.3211028 0.2775738 0.5290476 0.4210758 0.3211028 0.2775738 0.3755908 0.2775738 0.5290476 0.4210758 0.4300786 0.2775738 0.4845666 0.2775738 0.5290476 0.4210758 0.4845666 0.2775738 0.5104483 0.2967315 0.5290476 0.4210758 0.3755908 0.2775738 0.4300786 0.2775738 0.5290476 0.4210758 0.5290476 0.4210758 0.5104483 0.2967315 0.5290476 0.3638406 0.3754574 0.6471814 0.3754574 0.6813907 0.3694449 0.6813907 0.3754574 0.6471814 0.3694449 0.6813907 0.3610781 0.6813907 0.2377782 0.6813907 0.2377782 0.6471814 0.2553925 0.6813907 0.2377782 0.6471814 0.3754574 0.6471814 0.3082353 0.6813907 0.2553925 0.6813907 0.2377782 0.6471814 0.2730067 0.6813907 0.2730067 0.6813907 0.2377782 0.6471814 0.290621 0.6813907 0.3754574 0.6471814 0.3610781 0.6813907 0.3434638 0.6813907 0.3754574 0.6471814 0.3434638 0.6813907 0.3258495 0.6813907 0.290621 0.6813907 0.2377782 0.6471814 0.3082353 0.6813907 0.4374633 0.9084083 0.331708 0.9225397 0.331708 0.8859143 0.5493404 0.2031489 0.5493404 0.2580264 0.6190931 0.2368525 0.4374633 0.8859143 0.4374633 0.8859143 0.4374633 0.9084083 0.331708 0.9225397 0.331708 0.9225397 0.331708 0.8859143 0.331708 0.8859143 0.4374633 0.8859143 0.4374633 0.8859143 0.4374633 0.9084083 0.331708 0.9225397 0.331708 0.9225397 0.1119814 0.5176109 -0.112133 0.5176109 -0.112133 0.5176109 0.2126414 0.5236674 0.2126414 0.6382713 0.005252182 0.6382712 0.3161986 0.3605551 0.3161986 0.2765182 0.3161986 0.2765182 0.2126414 0.4363648 0.2126414 0.5236674 0.005252182 0.5236674 0.3275286 0.5165792 0.3275286 0.5201383 0.2297638 0.5201383 0.2275772 0.5818287 0.2297638 0.5818287 0.2297638 0.6280778 0.2297638 0.5201383 0.2297638 0.5818287 0.2275772 0.5818287 0.2297638 0.6280778 0.3275286 0.6280778 0.3275286 0.631637 0.1893124 0.3605551 0.1893124 0.3605551 0.3161986 0.3605551 0.3760738 0.2765182 0.3760738 0.3605551 0.3161986 0.3605551 0.3161986 0.3605551 0.3760738 0.3605551 0.3760738 0.2765182 0.3760738 0.3605551 0.3760738 0.3605551 0.3161986 0.3605551 0.3161986 0.3605551 0.3161986 0.3605551 0.3760738 0.3605551 0.3161986 0.2765182 0.3161986 0.2765182 0.3760738 0.2765182 0.3760738 0.3605551 0.3760738 0.3605551 0.3760737 0.2765181 0.6597866 0.2107158 0.6597866 0.2396634 0.622671 0.2396633 0.3760738 0.2765182 0.3760738 0.2765182 0.3760738 0.3605551 0.622671 0.2396633 0.6597866 0.2396634 0.6597866 0.2107158 0.3760738 0.2765182 0.3760737 0.2765181 0.3161986 0.2765182 0.3161986 0.2765182 0.3161986 0.2765182 0.3161986 0.3605551 0.3196529 0.2882308 0.3161986 0.2765182 0.3161986 0.3605551 0.3760738 0.3605551 0.3726195 0.3488425 0.3196529 0.3488425 0.3196529 0.2882308 0.3726195 0.2882308 0.3760738 0.2765182 0.3760738 0.3605551 0.3760738 0.2765182 0.3726195 0.2882308 0.3161986 0.3605551 0.3161986 0.2765182 0.3196529 0.2882308 0.3726195 0.3488425 0.3760738 0.3605551 0.3161986 0.3605551 0.3760737 0.2765181 0.3726195 0.2882308 0.3196529 0.2882308 0.3726195 0.2882308 0.3760737 0.2765181 0.3760738 0.3605551 0.3161986 0.3605551 0.3161986 0.3605551 0.3161986 0.2765182 0.6488195 0.3389977 0.6488195 0.4275676 0.7460776 0.4275676 0.7460776 0.4275676 0.6488195 0.4275676 0.6488195 0.3389977 0.2302379 0.6132072 0.2302379 0.5906186 0.3320842 0.6003616 0.3033035 0.6132072 0.3033035 0.5906186 0.2590186 0.5906186 0.2302379 0.6132072 0.3320842 0.6229502 0.3320842 0.6003616 0.2590186 0.6229502 0.2590186 0.6003616 0.3033035 0.6003616 0.6488195 0.3389977 0.6488195 0.4275676 0.7460776 0.4275676 0.7460776 0.4275676 0.6488195 0.4275676 0.6488195 0.3389977 0.2302379 0.6132072 0.2302379 0.5906186 0.3320842 0.6003616 0.3033035 0.6132072 0.3033035 0.5906186 0.2590186 0.5906186 0.2302379 0.6132072 0.3320842 0.6229502 0.3320842 0.6003616 0.2590186 0.6229502 0.2590186 0.6003616 0.3033035 0.6003616 0.9487044 0.7050004 0.8949745 0.7050004 0.8949745 0.5932822 0.9574406 0.7001013 0.9574406 0.6937095 0.9862596 0.6964664 0.9781157 0.7001013 0.9781157 0.6937095 0.9655846 0.6937095 0.9574406 0.7001013 0.9862596 0.7028582 0.9862596 0.6964664 0.9781157 0.7028582 0.9655846 0.7028582 0.9655846 0.6964664 0.8949745 0.5932822 0.8949745 0.7050004 0.9487044 0.7050004 0.9862596 0.6964664 0.9574406 0.6937095 0.9574406 0.7001013 0.9655846 0.6937095 0.9781157 0.6937095 0.9781157 0.7001013 0.9574406 0.7001013 0.9574406 0.6937095 0.9862596 0.6964664 0.9781157 0.7028582 0.9781157 0.6964664 0.9655846 0.6964664 0.2890625 0.6835496 0.2890625 0.5820754 0.3328664 0.5820754 0.05947035 0.5386739 0.05947035 0.4461904 0.1483524 0.4461904 0.2452586 0.5820754 0.2890625 0.5820754 0.2890625 0.6835496 0.2890625 0.6835496 0.3645679 0.6835496 0.3328664 0.5820754 0.3328664 0.5820754 0.3645679 0.6835496 0.3645679 0.6835496 0.2452586 0.5820754 0.2452586 0.5820754 0.2135571 0.6835496 0.2890625 0.5820754 0.3328664 0.5820754 0.3328664 0.5820754 0.2890625 0.5820754 0.2452586 0.5820754 0.2452586 0.5820754 0.2890625 0.5820754 0.3328664 0.5820754 0.2890625 0.5820754 0.1652857 0.3100747 0.1652857 0.2768678 0.08722364 0.2768678 0.1608809 0.5108523 0.1075319 0.5108523 0.1075319 0.63611 0.1608809 0.5108523 0.1608809 0.63611 0.2142299 0.63611 0.1652857 0.3100747 0.08722364 0.3100747 0.08722364 0.3432815 0.1652857 0.3100747 0.08722364 0.3100747 0.08722364 0.2768678 0.1608809 0.5108523 0.1608809 0.63611 0.1075319 0.63611 0.2142299 0.63611 0.1608809 0.63611 0.1608809 0.5108523 0.08722364 0.3432815 0.08722364 0.3100747 0.1652857 0.3100747 0.08722364 0.2768678 0.08722364 0.2768678 0.009161412 0.2768678 0.1652857 0.2768678 0.1652857 0.2768678 0.08722364 0.2768678 0.4374633 0.9084083 0.4374633 0.9084083 0.5432185 0.9084083 0.08722364 0.2768678 0.009161412 0.2768678 0.009161412 0.2768678 0.1652857 0.2768678 0.08722364 0.2768678 0.08722364 0.2768678 0.5432185 0.9084083 0.5432185 0.9084083 0.4374633 0.9084083 0.331708 0.9225397 0.331708 0.9225397 0.4374633 0.9084083 0.1657854 0.8189478 0.01441127 0.7015911 0.01441127 0.7015911 0.3258495 0.6813907 0.3434638 0.6813907 0.3434638 0.6813907 0.3793329 0.4901964 0.3793329 0.4901964 0.2143228 0.4901964 0.4129427 0.2246531 0.4129427 0.2246531 0.4549244 0.2246531 0.4549244 0.2157093 0.4549244 0.2157093 0.4129427 0.2157093 0.3695389 0.2083728 0.4129427 0.2083728 0.4129427 0.2629867 0.4129427 0.2629867 0.4129427 0.2083728 0.4563466 0.2083728 0.4549244 0.2157093 0.4129427 0.2157093 0.4129427 0.2128648 0.4549244 0.2246531 0.4549244 0.2157093 0.4563466 0.2128648 0.3709611 0.2157093 0.3695389 0.2128648 0.4129427 0.2128648 0.3709611 0.2246531 0.3695389 0.2274975 0.3695389 0.2128648 0.3709611 0.2246531 0.4129427 0.2246531 0.4129427 0.2274975 0.4549244 0.2246531 0.4563466 0.2274975 0.4129427 0.2274975 0.6321811 0.7040092 0.6321811 0.6465094 0.7077159 0.6465094 0.5566461 0.6465094 0.6321811 0.6465094 0.6321811 0.7040092 0.3709611 0.2157093 0.3709611 0.2157093 0.3709611 0.2246531 0.4549244 0.2246531 0.4549244 0.2246531 0.4549244 0.2157093 0.3709611 0.2246531 0.3709611 0.2246531 0.4129427 0.2246531 0.4129427 0.2157093 0.4129427 0.2157093 0.3709611 0.2157093 0.4549244 0.2246531 0.4129427 0.2246531 0.4129427 0.2246531 0.4129427 0.2157093 0.4549244 0.2157093 0.4549244 0.2157093 0.4129427 0.2629867 0.4129427 0.2083728 0.3695389 0.2083728 0.4563466 0.2083728 0.4129427 0.2083728 0.4129427 0.2629867 0.4549244 0.2157093 0.4563466 0.2128648 0.4129427 0.2128648 0.4549244 0.2246531 0.4563466 0.2274975 0.4563466 0.2128648 0.4129427 0.2128648 0.3695389 0.2128648 0.3709611 0.2157093 0.3695389 0.2128648 0.3695389 0.2274975 0.3709611 0.2246531 0.3709611 0.2246531 0.3695389 0.2274975 0.4129427 0.2274975 0.4129427 0.2274975 0.4563466 0.2274975 0.4549244 0.2246531 0.7077159 0.6465094 0.6321811 0.6465094 0.6321811 0.7040092 0.6321811 0.7040092 0.6321811 0.6465094 0.5566461 0.6465094 0.3709611 0.2246531 0.3709611 0.2157093 0.3709611 0.2157093 0.4549244 0.2157093 0.4549244 0.2246531 0.4549244 0.2246531 0.4129427 0.2246531 0.3709611 0.2246531 0.3709611 0.2246531 0.3709611 0.2157093 0.4129427 0.2157093 0.4129427 0.2157093 0.3177001 0.2064965 0.2396378 0.2064965 0.2396378 0.2768679 0.2396378 0.2064965 0.1615758 0.2064965 0.1615758 0.2768679 0.1615758 0.2064965 0.08351343 0.2064965 0.08351343 0.2768679 0.08351343 0.2064965 0.005451321 0.2064965 0.005451321 0.2768678 0.2433479 0.2064965 0.1652857 0.2064965 0.1652857 0.2768678 0.2396378 0.2768679 0.2396378 0.2064965 0.3177001 0.2064965 0.1615758 0.2768679 0.1615758 0.2064965 0.2396378 0.2064965 0.08351343 0.2768679 0.08351343 0.2064965 0.1615758 0.2064965 0.005451321 0.2768678 0.005451321 0.2064965 0.08351343 0.2064965 0.1652857 0.2768678 0.1652857 0.2064965 0.2433479 0.2064965 0.1615758 0.2768679 0.1615758 0.2768679 0.08351343 0.2768679 0.3177001 0.2768679 0.3177001 0.2768679 0.3177001 0.2064965 0.2396378 0.2768679 0.2396378 0.2768679 0.3177001 0.2768679 0.2396378 0.2768679 0.2396378 0.2768679 0.1615758 0.2768679 0.005252182 0.5236674 0.2126414 0.5236674 0.2126414 0.4363648 0.005252182 0.6382712 0.2126414 0.6382713 0.2126414 0.5236674 0.2126414 0.5236674 0.2126414 0.6382713 0.005252182 0.6382712 0.2126414 0.4363648 0.2126414 0.5236674 0.005252182 0.5236674 0.2126414 0.4363648 0.2126414 0.5236674 0.005252182 0.5236674 0.005252182 0.5236674 0.2126414 0.5236674 0.2126414 0.4363648 0.08907121 0.3343414 0.08907121 0.2750092 0.2031374 0.2750092 0.2126414 0.5236674 0.2126414 0.4363648 0.2126414 0.4363648 0.2126414 0.6382713 0.2126414 0.6382713 0.2126414 0.5236674 0.2126414 0.5236674 0.2126414 0.5236674 0.2126414 0.4363648 0.005252182 0.4363648 0.005252182 0.4363648 0.2126414 0.4363648 0.2126414 0.6382713 0.2126414 0.5236674 0.2126414 0.5236674 0.2031374 0.3343414 0.2031374 0.2750092 0.3172036 0.2750092 0.2126414 0.4363648 0.2126414 0.4363648 0.005252182 0.4363648 0.8949745 0.5932822 0.8949745 0.7050004 0.9487044 0.7050004 0.9862596 0.6964664 0.9574406 0.6937095 0.9574406 0.7001013 0.9655846 0.6937095 0.9781157 0.6937095 0.9781157 0.7001013 0.9574406 0.7001013 0.9574406 0.6937095 0.9862596 0.6964664 0.9781157 0.7028582 0.9781157 0.6964664 0.9655846 0.6964664 0.9487044 0.7050004 0.8949745 0.7050004 0.8949745 0.5932822 0.9574406 0.7001013 0.9574406 0.6937095 0.9862596 0.6964664 0.9781157 0.7001013 0.9781157 0.6937095 0.9655846 0.6937095 0.9574406 0.7001013 0.9862596 0.7028582 0.9862596 0.6964664 0.9781157 0.7028582 0.9655846 0.7028582 0.9655846 0.6964664 0.555452 0.960314 0.6320089 0.960314 0.6320089 0.9945921 0.555452 0.8819522 0.6320089 0.8819522 0.6320089 0.8474208 0.555452 0.933632 0.6320089 0.933632 0.6320089 0.8819522 0.555452 0.9945924 0.6320089 0.9945924 0.6320089 0.933632 0.6314628 0.9354271 0.5549059 0.9354271 0.5549059 0.9963875 0.6314628 0.8837476 0.5549059 0.8837476 0.5549059 0.9354271 0.6314628 0.8492162 0.5549059 0.8492162 0.5549059 0.8837476 0.555452 0.9945924 0.6320089 0.9945924 0.6320089 0.960314 0.6314628 0.9963875 0.6314628 0.9621092 0.5549059 0.9621092 0.6314628 0.8492162 0.6314628 0.8837476 0.5549059 0.8837476 0.6314628 0.8837476 0.6314628 0.9354271 0.5549059 0.9354271 0.6314628 0.9354271 0.6314628 0.9963875 0.5549059 0.9963875 0.555452 0.933632 0.6320089 0.933632 0.6320089 0.9945924 0.555452 0.8819522 0.6320089 0.8819522 0.6320089 0.933632 0.555452 0.8474208 0.6320089 0.8474208 0.6320089 0.8819522 0.6314628 0.9963875 0.5549059 0.9963878 0.5549059 0.9621092 0.5945057 0.9436205 0.5945057 0.9457311 0.5945057 0.9457311 0.6186151 0.8683413 0.6114309 0.8831409 0.6166193 0.899137 0.5703963 0.9676701 0.5775805 0.9528707 0.5723918 0.9368745 0.6075536 0.853116 0.6036655 0.8724525 0.6114309 0.8831409 0.5814578 0.9828955 0.5853458 0.963559 0.5775805 0.9528707 0.5945057 0.8477696 0.5945057 0.8686992 0.6036655 0.8724525 0.6036655 0.963559 0.5945057 0.9673123 0.5945057 0.9882419 0.5945057 0.9882419 0.5945057 0.9673123 0.5853458 0.963559 0.5853458 0.8724525 0.5945057 0.8686992 0.5945057 0.8477696 0.6114309 0.9528707 0.6036655 0.963559 0.6075536 0.9828955 0.5775805 0.8831409 0.5853458 0.8724525 0.5814578 0.853116 0.6166193 0.9368745 0.6114309 0.9528707 0.6186151 0.9676701 0.5723918 0.899137 0.5775805 0.8831409 0.5703963 0.8683413 0.6184412 0.9180058 0.6166193 0.9368745 0.626006 0.9448841 0.5705699 0.9180058 0.5723918 0.899137 0.563005 0.8911275 0.626006 0.8911275 0.6166193 0.899137 0.6184412 0.9180058 0.563005 0.9448841 0.5723918 0.9368745 0.5705699 0.9180058 0.5922367 0.8301048 0.6066973 0.8257191 0.5922367 0.7148756 0.6066973 0.8257191 0.6189563 0.8132298 0.6066973 0.7192613 0.5922367 0.7148756 0.6066973 0.8257191 0.6066973 0.7192613 0.6189563 0.8132298 0.6271476 0.7945383 0.6271476 0.7504421 0.6271476 0.7945383 0.630024 0.7724902 0.6271476 0.7504421 0.6271476 0.7504421 0.6189563 0.7317506 0.6189563 0.8132298 0.6189563 0.7317506 0.6066973 0.7192613 0.6189563 0.8132298 0.5922367 0.7148756 0.5777761 0.7192613 0.5777761 0.8257191 0.5777761 0.7192613 0.5655171 0.7317506 0.5655171 0.8132298 0.5655171 0.7317506 0.5573258 0.7504421 0.5655171 0.8132298 0.5573258 0.7504421 0.5544494 0.7724902 0.5573258 0.7945383 0.5655171 0.8132298 0.5573258 0.7504421 0.5573258 0.7945383 0.5655171 0.8132298 0.5777761 0.8257191 0.5777761 0.7192613 0.5945057 0.8923909 0.5945057 0.8902804 0.5945057 0.8902804 0.5945057 0.9376105 0.5945057 0.9436205 0.5945057 0.9436205 0.5945057 0.898401 0.5945057 0.8923909 0.5945057 0.8923909 0.5945057 0.9286157 0.5945057 0.9376105 0.5945057 0.9376105 0.5945057 0.9073957 0.5945057 0.898401 0.5945057 0.898401 0.5945057 0.9180058 0.5945057 0.9286157 0.5945057 0.9286157 0.5945057 0.9286157 0.5945057 0.9180058 0.5945057 0.9180058 0.5945057 0.9180058 0.5945057 0.9073957 0.5945057 0.9073957 0.5945057 0.9073957 0.5945057 0.9180058 0.5945057 0.9180058 0.5945057 0.9376105 0.5945057 0.9286157 0.5945057 0.9286157 0.5945057 0.898401 0.5945057 0.9073957 0.5945057 0.9073957 0.5945057 0.9436205 0.5945057 0.9376105 0.5945057 0.9376105 0.5945057 0.8923909 0.5945057 0.898401 0.5945057 0.898401 0.5945057 0.9457311 0.5945057 0.9436205 0.5945057 0.9436205 0.5945057 0.8902804 0.5945057 0.8923909 0.5945057 0.8923909 0.6066973 0.8257191 0.5922367 0.8301048 0.5922367 0.7148756 0.5922367 0.8301048 0.5777761 0.8257191 0.5777761 0.7192613 0.5777761 0.8257191 0.5655171 0.8132298 0.5777761 0.7192613 0.5655171 0.8132298 0.5573258 0.7945383 0.5655171 0.7317506 0.5777761 0.7192613 0.5655171 0.8132298 0.5655171 0.7317506 0.5573258 0.7945383 0.5544494 0.7724902 0.5573258 0.7504421 0.5573258 0.7504421 0.5655171 0.7317506 0.5573258 0.7945383 0.5777761 0.7192613 0.5922367 0.7148756 0.5922367 0.8301048 0.5922367 0.7148756 0.6066973 0.7192613 0.6066973 0.8257191 0.6066973 0.7192613 0.6189563 0.7317506 0.6066973 0.8257191 0.6189563 0.7317506 0.6271476 0.7504421 0.6189563 0.8132298 0.6066973 0.8257191 0.6189563 0.7317506 0.6189563 0.8132298 0.6271476 0.7504421 0.630024 0.7724902 0.6271476 0.7945383 0.6320089 0.9945921 0.6320089 0.960314 0.555452 0.960314 0.6320089 0.8474208 0.6320089 0.8819522 0.555452 0.8819522 0.6320089 0.8819522 0.6320089 0.933632 0.555452 0.933632 0.555452 0.933632 0.6320089 0.933632 0.6320089 0.9945924 0.5549059 0.9963875 0.5549059 0.9354271 0.6314628 0.9354271 0.5549059 0.9354271 0.5549059 0.8837476 0.6314628 0.8837476 0.6314628 0.8837476 0.5549059 0.8837476 0.5549059 0.8492162 0.555452 0.960314 0.6320089 0.960314 0.6320089 0.9945924 0.6314628 0.9963875 0.5549059 0.9963875 0.5549059 0.9621092 0.6314628 0.8492162 0.5549059 0.8492162 0.5549059 0.8837476 0.6314628 0.8837476 0.5549059 0.8837476 0.5549059 0.9354271 0.6314628 0.9354271 0.5549059 0.9354271 0.5549059 0.9963875 0.6320089 0.9945924 0.6320089 0.933632 0.555452 0.933632 0.6320089 0.933632 0.6320089 0.8819522 0.555452 0.8819522 0.6320089 0.8819522 0.6320089 0.8474208 0.555452 0.8474208 0.5549059 0.9621092 0.5549059 0.9963878 0.6314628 0.9963875 0.5945057 0.9457311 0.5945057 0.9457311 0.5945057 0.9436205 0.626006 0.8911275 0.6166193 0.899137 0.6114309 0.8831409 0.5703963 0.9676701 0.563005 0.9448841 0.5723918 0.9368745 0.6186151 0.8683413 0.6114309 0.8831409 0.6036655 0.8724525 0.5814578 0.9828955 0.5703963 0.9676701 0.5775805 0.9528707 0.6075536 0.853116 0.6036655 0.8724525 0.5945057 0.8686992 0.5945057 0.9882419 0.5945057 0.9673123 0.6036655 0.963559 0.5814578 0.9828955 0.5853458 0.963559 0.5945057 0.9673123 0.5814578 0.853116 0.5945057 0.8477696 0.5945057 0.8686992 0.6186151 0.9676701 0.6075536 0.9828955 0.6036655 0.963559 0.5703963 0.8683413 0.5814578 0.853116 0.5853458 0.8724525 0.626006 0.9448841 0.6186151 0.9676701 0.6114309 0.9528707 0.5703963 0.8683413 0.5775805 0.8831409 0.5723918 0.899137 0.626006 0.9448841 0.6166193 0.9368745 0.6184412 0.9180058 0.563005 0.8911275 0.5723918 0.899137 0.5705699 0.9180058 0.626006 0.8911275 0.6286017 0.9180058 0.6184412 0.9180058 0.563005 0.9448841 0.5604096 0.9180058 0.5705699 0.9180058 0.6189563 0.8132298 0.6066973 0.8257191 0.5922367 0.8301048 0.5922367 0.8301048 0.5777761 0.8257191 0.5655171 0.8132298 0.5655171 0.8132298 0.5573258 0.7945383 0.5544494 0.7724902 0.5544494 0.7724902 0.5573258 0.7504421 0.5655171 0.8132298 0.5573258 0.7504421 0.5655171 0.7317506 0.5655171 0.8132298 0.5655171 0.7317506 0.5777761 0.7192613 0.5922367 0.7148756 0.5922367 0.7148756 0.6066973 0.7192613 0.6189563 0.7317506 0.6189563 0.7317506 0.6271476 0.7504421 0.6189563 0.8132298 0.6271476 0.7504421 0.630024 0.7724902 0.6189563 0.8132298 0.630024 0.7724902 0.6271476 0.7945383 0.6189563 0.8132298 0.6189563 0.8132298 0.5922367 0.8301048 0.5655171 0.8132298 0.5655171 0.7317506 0.5922367 0.7148756 0.6189563 0.7317506 0.6189563 0.8132298 0.5655171 0.8132298 0.5655171 0.7317506 0.5945057 0.8902804 0.5945057 0.8902804 0.5945057 0.8923909 0.5945057 0.9436205 0.5945057 0.9436205 0.5945057 0.9376105 0.5945057 0.8923909 0.5945057 0.8923909 0.5945057 0.898401 0.5945057 0.9376105 0.5945057 0.9376105 0.5945057 0.9286157 0.5945057 0.898401 0.5945057 0.898401 0.5945057 0.9073957 0.5945057 0.9286157 0.5945057 0.9286157 0.5945057 0.9180058 0.5945057 0.9180058 0.5945057 0.9180058 0.5945057 0.9286157 0.5945057 0.9073957 0.5945057 0.9073957 0.5945057 0.9180058 0.5945057 0.9180058 0.5945057 0.9180058 0.5945057 0.9073957 0.5945057 0.9286157 0.5945057 0.9286157 0.5945057 0.9376105 0.5945057 0.9073957 0.5945057 0.9073957 0.5945057 0.898401 0.5945057 0.9376105 0.5945057 0.9376105 0.5945057 0.9436205 0.5945057 0.898401 0.5945057 0.898401 0.5945057 0.8923909 0.5945057 0.9436205 0.5945057 0.9436205 0.5945057 0.9457311 0.5945057 0.8923909 0.5945057 0.8923909 0.5945057 0.8902804 0.5777761 0.8257191 0.5922367 0.8301048 0.6066973 0.8257191 0.6066973 0.8257191 0.6189563 0.8132298 0.5777761 0.8257191 0.6189563 0.8132298 0.6271476 0.7945383 0.5777761 0.8257191 0.6271476 0.7945383 0.630024 0.7724902 0.6271476 0.7504421 0.6271476 0.7504421 0.6189563 0.7317506 0.6271476 0.7945383 0.6189563 0.7317506 0.6066973 0.7192613 0.6271476 0.7945383 0.6066973 0.7192613 0.5922367 0.7148756 0.5777761 0.7192613 0.5777761 0.7192613 0.5655171 0.7317506 0.6066973 0.7192613 0.5655171 0.7317506 0.5573258 0.7504421 0.6066973 0.7192613 0.5573258 0.7504421 0.5544494 0.7724902 0.5573258 0.7945383 0.5573258 0.7945383 0.5655171 0.8132298 0.5573258 0.7504421 0.5655171 0.8132298 0.5777761 0.8257191 0.5573258 0.7504421 0.5777761 0.8257191 0.6271476 0.7945383 0.6066973 0.7192613 0.6320089 0.9945921 0.6320089 0.960314 0.555452 0.960314 0.555452 0.8474208 0.6320089 0.8474208 0.6320089 0.8819522 0.555452 0.8819522 0.6320089 0.8819522 0.6320089 0.933632 0.6320089 0.933632 0.6320089 0.9945924 0.555452 0.9945924 0.5549059 0.9963875 0.5549059 0.9354271 0.6314628 0.9354271 0.5549059 0.9354271 0.5549059 0.8837476 0.6314628 0.8837476 0.5549059 0.8837476 0.5549059 0.8492162 0.6314628 0.8492162 0.6320089 0.960314 0.6320089 0.9945924 0.555452 0.9945924 0.5549059 0.9963875 0.5549059 0.9621092 0.6314628 0.9621092 0.5549059 0.8492162 0.5549059 0.8837476 0.6314628 0.8837476 0.6314628 0.8837476 0.5549059 0.8837476 0.5549059 0.9354271 0.6314628 0.9354271 0.5549059 0.9354271 0.5549059 0.9963875 0.6320089 0.9945924 0.6320089 0.933632 0.555452 0.933632 0.6320089 0.933632 0.6320089 0.8819522 0.555452 0.8819522 0.555452 0.8819522 0.6320089 0.8819522 0.6320089 0.8474208 0.5549059 0.9621092 0.5549059 0.9963878 0.6314628 0.9963875 0.5945057 0.9457311 0.5945057 0.9457311 0.5945057 0.9436205 0.626006 0.8911275 0.6166193 0.899137 0.6114309 0.8831409 0.563005 0.9448841 0.5723918 0.9368745 0.5775805 0.9528707 0.6075536 0.853116 0.6186151 0.8683413 0.6114309 0.8831409 0.5814578 0.9828955 0.5703963 0.9676701 0.5775805 0.9528707 0.6075536 0.853116 0.6036655 0.8724525 0.5945057 0.8686992 0.6075536 0.9828955 0.5945057 0.9882419 0.5945057 0.9673123 0.5814578 0.9828955 0.5853458 0.963559 0.5945057 0.9673123 0.5814578 0.853116 0.5945057 0.8477696 0.5945057 0.8686992 0.6075536 0.9828955 0.6036655 0.963559 0.6114309 0.9528707 0.5814578 0.853116 0.5853458 0.8724525 0.5775805 0.8831409 0.626006 0.9448841 0.6186151 0.9676701 0.6114309 0.9528707 0.563005 0.8911275 0.5703963 0.8683413 0.5775805 0.8831409 0.626006 0.9448841 0.6166193 0.9368745 0.6184412 0.9180058 0.563005 0.8911275 0.5723918 0.899137 0.5705699 0.9180058 0.626006 0.8911275 0.6286017 0.9180058 0.6184412 0.9180058 0.563005 0.9448841 0.5604096 0.9180058 0.5705699 0.9180058 0.6189563 0.8132298 0.6066973 0.8257191 0.5922367 0.8301048 0.5922367 0.8301048 0.5777761 0.8257191 0.5655171 0.8132298 0.5655171 0.8132298 0.5573258 0.7945383 0.5544494 0.7724902 0.5544494 0.7724902 0.5573258 0.7504421 0.5655171 0.8132298 0.5573258 0.7504421 0.5655171 0.7317506 0.5655171 0.8132298 0.5655171 0.7317506 0.5777761 0.7192613 0.6189563 0.7317506 0.5777761 0.7192613 0.5922367 0.7148756 0.6189563 0.7317506 0.5922367 0.7148756 0.6066973 0.7192613 0.6189563 0.7317506 0.6189563 0.7317506 0.6271476 0.7504421 0.6189563 0.8132298 0.6271476 0.7504421 0.630024 0.7724902 0.6189563 0.8132298 0.630024 0.7724902 0.6271476 0.7945383 0.6189563 0.8132298 0.6189563 0.8132298 0.5922367 0.8301048 0.5655171 0.8132298 0.6189563 0.8132298 0.5655171 0.8132298 0.5655171 0.7317506 0.5945057 0.8902804 0.5945057 0.8902804 0.5945057 0.8923909 0.5945057 0.9436205 0.5945057 0.9436205 0.5945057 0.9376105 0.5945057 0.8923909 0.5945057 0.8923909 0.5945057 0.898401 0.5945057 0.9376105 0.5945057 0.9376105 0.5945057 0.9286157 0.5945057 0.898401 0.5945057 0.898401 0.5945057 0.9073957 0.5945057 0.9286157 0.5945057 0.9286157 0.5945057 0.9180058 0.5945057 0.9180058 0.5945057 0.9180058 0.5945057 0.9286157 0.5945057 0.9073957 0.5945057 0.9073957 0.5945057 0.9180058 0.5945057 0.9180058 0.5945057 0.9180058 0.5945057 0.9073957 0.5945057 0.9286157 0.5945057 0.9286157 0.5945057 0.9376105 0.5945057 0.9073957 0.5945057 0.9073957 0.5945057 0.898401 0.5945057 0.9376105 0.5945057 0.9376105 0.5945057 0.9436205 0.5945057 0.898401 0.5945057 0.898401 0.5945057 0.8923909 0.5945057 0.9436205 0.5945057 0.9436205 0.5945057 0.9457311 0.5945057 0.8923909 0.5945057 0.8923909 0.5945057 0.8902804 0.5777761 0.8257191 0.5922367 0.8301048 0.6066973 0.8257191 0.6066973 0.8257191 0.6189563 0.8132298 0.6271476 0.7945383 0.6271476 0.7945383 0.630024 0.7724902 0.6271476 0.7504421 0.6271476 0.7504421 0.6189563 0.7317506 0.6066973 0.7192613 0.6066973 0.7192613 0.5922367 0.7148756 0.5777761 0.7192613 0.5777761 0.7192613 0.5655171 0.7317506 0.5573258 0.7504421 0.5573258 0.7504421 0.5544494 0.7724902 0.5573258 0.7945383 0.5573258 0.7945383 0.5655171 0.8132298 0.5777761 0.8257191 0.5777761 0.8257191 0.6066973 0.8257191 0.6271476 0.7945383 0.6271476 0.7945383 0.6271476 0.7504421 0.6066973 0.7192613 0.6066973 0.7192613 0.5777761 0.7192613 0.5573258 0.7504421 0.5573258 0.7504421 0.5573258 0.7945383 0.5777761 0.8257191 0.5777761 0.8257191 0.6271476 0.7945383 0.5573258 0.7504421 0.6320089 0.9945921 0.6320089 0.960314 0.555452 0.960314 0.6320089 0.8474208 0.6320089 0.8819522 0.555452 0.8819522 0.555452 0.8819522 0.6320089 0.8819522 0.6320089 0.933632 0.6320089 0.933632 0.6320089 0.9945924 0.555452 0.9945924 0.5549059 0.9963875 0.5549059 0.9354271 0.6314628 0.9354271 0.5549059 0.9354271 0.5549059 0.8837476 0.6314628 0.8837476 0.5549059 0.8837476 0.5549059 0.8492162 0.6314628 0.8492162 0.555452 0.960314 0.6320089 0.960314 0.6320089 0.9945924 0.6314628 0.9963875 0.5549059 0.9963875 0.5549059 0.9621092 0.6314628 0.8492162 0.5549059 0.8492162 0.5549059 0.8837476 0.6314628 0.8837476 0.5549059 0.8837476 0.5549059 0.9354271 0.6314628 0.9354271 0.5549059 0.9354271 0.5549059 0.9963875 0.6320089 0.9945924 0.6320089 0.933632 0.555452 0.933632 0.6320089 0.933632 0.6320089 0.8819522 0.555452 0.8819522 0.555452 0.8819522 0.6320089 0.8819522 0.6320089 0.8474208 0.5549059 0.9621092 0.5549059 0.9963878 0.6314628 0.9963875 0.5945057 0.9457311 0.5945057 0.9457311 0.5945057 0.9436205 0.6186151 0.8683413 0.626006 0.8911275 0.6166193 0.899137 0.563005 0.9448841 0.5723918 0.9368745 0.5775805 0.9528707 0.6075536 0.853116 0.6186151 0.8683413 0.6114309 0.8831409 0.5814578 0.9828955 0.5703963 0.9676701 0.5775805 0.9528707 0.6075536 0.853116 0.6036655 0.8724525 0.5945057 0.8686992 0.5945057 0.9882419 0.5945057 0.9673123 0.6036655 0.963559 0.5945057 0.9882419 0.5814578 0.9828955 0.5853458 0.963559 0.5945057 0.8477696 0.5945057 0.8686992 0.5853458 0.8724525 0.6075536 0.9828955 0.6036655 0.963559 0.6114309 0.9528707 0.5814578 0.853116 0.5853458 0.8724525 0.5775805 0.8831409 0.6186151 0.9676701 0.6114309 0.9528707 0.6166193 0.9368745 0.563005 0.8911275 0.5703963 0.8683413 0.5775805 0.8831409 0.626006 0.9448841 0.6166193 0.9368745 0.6184412 0.9180058 0.563005 0.8911275 0.5723918 0.899137 0.5705699 0.9180058 0.626006 0.8911275 0.6286017 0.9180058 0.6184412 0.9180058 0.563005 0.9448841 0.5604096 0.9180058 0.5705699 0.9180058 0.6189563 0.8132298 0.6066973 0.8257191 0.5922367 0.8301048 0.5922367 0.8301048 0.5777761 0.8257191 0.6189563 0.8132298 0.5777761 0.8257191 0.5655171 0.8132298 0.6189563 0.8132298 0.5655171 0.8132298 0.5573258 0.7945383 0.5655171 0.7317506 0.5573258 0.7945383 0.5544494 0.7724902 0.5655171 0.7317506 0.5544494 0.7724902 0.5573258 0.7504421 0.5655171 0.7317506 0.5655171 0.7317506 0.5777761 0.7192613 0.6189563 0.7317506 0.5777761 0.7192613 0.5922367 0.7148756 0.6189563 0.7317506 0.5922367 0.7148756 0.6066973 0.7192613 0.6189563 0.7317506 0.6189563 0.7317506 0.6271476 0.7504421 0.630024 0.7724902 0.630024 0.7724902 0.6271476 0.7945383 0.6189563 0.7317506 0.6271476 0.7945383 0.6189563 0.8132298 0.6189563 0.7317506 0.6189563 0.8132298 0.5655171 0.8132298 0.5655171 0.7317506 0.5945057 0.8902804 0.5945057 0.8902804 0.5945057 0.8923909 0.5945057 0.9436205 0.5945057 0.9436205 0.5945057 0.9376105 0.5945057 0.8923909 0.5945057 0.8923909 0.5945057 0.898401 0.5945057 0.9376105 0.5945057 0.9376105 0.5945057 0.9286157 0.5945057 0.898401 0.5945057 0.898401 0.5945057 0.9073957 0.5945057 0.9286157 0.5945057 0.9286157 0.5945057 0.9180058 0.5945057 0.9180058 0.5945057 0.9180058 0.5945057 0.9286157 0.5945057 0.9073957 0.5945057 0.9073957 0.5945057 0.9180058 0.5945057 0.9180058 0.5945057 0.9180058 0.5945057 0.9073957 0.5945057 0.9286157 0.5945057 0.9286157 0.5945057 0.9376105 0.5945057 0.9073957 0.5945057 0.9073957 0.5945057 0.898401 0.5945057 0.9376105 0.5945057 0.9376105 0.5945057 0.9436205 0.5945057 0.898401 0.5945057 0.898401 0.5945057 0.8923909 0.5945057 0.9436205 0.5945057 0.9436205 0.5945057 0.9457311 0.5945057 0.8923909 0.5945057 0.8923909 0.5945057 0.8902804 0.5777761 0.8257191 0.5922367 0.8301048 0.6066973 0.8257191 0.6066973 0.8257191 0.6189563 0.8132298 0.5777761 0.8257191 0.6189563 0.8132298 0.6271476 0.7945383 0.5777761 0.8257191 0.6271476 0.7945383 0.630024 0.7724902 0.6271476 0.7504421 0.6271476 0.7504421 0.6189563 0.7317506 0.6271476 0.7945383 0.6189563 0.7317506 0.6066973 0.7192613 0.6271476 0.7945383 0.6066973 0.7192613 0.5922367 0.7148756 0.5573258 0.7504421 0.5922367 0.7148756 0.5777761 0.7192613 0.5573258 0.7504421 0.5777761 0.7192613 0.5655171 0.7317506 0.5573258 0.7504421 0.5573258 0.7504421 0.5544494 0.7724902 0.5573258 0.7945383 0.5573258 0.7945383 0.5655171 0.8132298 0.5777761 0.8257191 0.5573258 0.7504421 0.5573258 0.7945383 0.5777761 0.8257191 0.5777761 0.8257191 0.6271476 0.7945383 0.5573258 0.7504421 0.555452 0.960314 0.6320089 0.960314 0.6320089 0.9945921 0.555452 0.8819522 0.6320089 0.8819522 0.6320089 0.8474208 0.555452 0.933632 0.6320089 0.933632 0.6320089 0.8819522 0.555452 0.9945924 0.6320089 0.9945924 0.6320089 0.933632 0.6314628 0.9354271 0.5549059 0.9354271 0.5549059 0.9963875 0.6314628 0.8837476 0.5549059 0.8837476 0.5549059 0.9354271 0.6314628 0.8837476 0.6314628 0.8492162 0.5549059 0.8492162 0.555452 0.960314 0.555452 0.9945924 0.6320089 0.9945924 0.6314628 0.9963875 0.6314628 0.9621092 0.5549059 0.9621092 0.6314628 0.8492162 0.6314628 0.8837476 0.5549059 0.8837476 0.6314628 0.8837476 0.6314628 0.9354271 0.5549059 0.9354271 0.6314628 0.9354271 0.6314628 0.9963875 0.5549059 0.9963875 0.555452 0.933632 0.6320089 0.933632 0.6320089 0.9945924 0.555452 0.8819522 0.6320089 0.8819522 0.6320089 0.933632 0.555452 0.8474208 0.6320089 0.8474208 0.6320089 0.8819522 0.6314628 0.9963875 0.5549059 0.9963878 0.5549059 0.9621092 0.5945057 0.9436205 0.5945057 0.9457311 0.5945057 0.9457311 0.6114309 0.8831409 0.6166193 0.899137 0.626006 0.8911275 0.5703963 0.9676701 0.5775805 0.9528707 0.5723918 0.9368745 0.6036655 0.8724525 0.6114309 0.8831409 0.6186151 0.8683413 0.5814578 0.9828955 0.5853458 0.963559 0.5775805 0.9528707 0.5945057 0.8686992 0.6036655 0.8724525 0.6075536 0.853116 0.6036655 0.963559 0.5945057 0.9673123 0.5945057 0.9882419 0.5945057 0.9673123 0.5853458 0.963559 0.5814578 0.9828955 0.5814578 0.853116 0.5853458 0.8724525 0.5945057 0.8686992 0.6186151 0.9676701 0.6114309 0.9528707 0.6036655 0.963559 0.5703963 0.8683413 0.5775805 0.8831409 0.5853458 0.8724525 0.626006 0.9448841 0.6166193 0.9368745 0.6114309 0.9528707 0.5723918 0.899137 0.5775805 0.8831409 0.5703963 0.8683413 0.6184412 0.9180058 0.6166193 0.9368745 0.626006 0.9448841 0.5705699 0.9180058 0.5723918 0.899137 0.563005 0.8911275 0.626006 0.8911275 0.6166193 0.899137 0.6184412 0.9180058 0.563005 0.9448841 0.5723918 0.9368745 0.5705699 0.9180058 0.5922367 0.8301048 0.6066973 0.8257191 0.6189563 0.8132298 0.6189563 0.8132298 0.6271476 0.7945383 0.630024 0.7724902 0.630024 0.7724902 0.6271476 0.7504421 0.5922367 0.7148756 0.6271476 0.7504421 0.6189563 0.7317506 0.5922367 0.7148756 0.6189563 0.7317506 0.6066973 0.7192613 0.5922367 0.7148756 0.5922367 0.7148756 0.5777761 0.7192613 0.5655171 0.7317506 0.5655171 0.7317506 0.5573258 0.7504421 0.5922367 0.7148756 0.5573258 0.7504421 0.5544494 0.7724902 0.5922367 0.7148756 0.5544494 0.7724902 0.5573258 0.7945383 0.5655171 0.8132298 0.5655171 0.8132298 0.5777761 0.8257191 0.5922367 0.8301048 0.5922367 0.8301048 0.6189563 0.8132298 0.5922367 0.7148756 0.6189563 0.8132298 0.630024 0.7724902 0.5922367 0.7148756 0.5544494 0.7724902 0.5655171 0.8132298 0.5922367 0.7148756 0.5945057 0.8923909 0.5945057 0.8902804 0.5945057 0.8902804 0.5945057 0.9376105 0.5945057 0.9436205 0.5945057 0.9436205 0.5945057 0.898401 0.5945057 0.8923909 0.5945057 0.8923909 0.5945057 0.9286157 0.5945057 0.9376105 0.5945057 0.9376105 0.5945057 0.9073957 0.5945057 0.898401 0.5945057 0.898401 0.5945057 0.9180058 0.5945057 0.9286157 0.5945057 0.9286157 0.5945057 0.9286157 0.5945057 0.9180058 0.5945057 0.9180058 0.5945057 0.9180058 0.5945057 0.9073957 0.5945057 0.9073957 0.5945057 0.9073957 0.5945057 0.9180058 0.5945057 0.9180058 0.5945057 0.9376105 0.5945057 0.9286157 0.5945057 0.9286157 0.5945057 0.898401 0.5945057 0.9073957 0.5945057 0.9073957 0.5945057 0.9436205 0.5945057 0.9376105 0.5945057 0.9376105 0.5945057 0.8923909 0.5945057 0.898401 0.5945057 0.898401 0.5945057 0.9457311 0.5945057 0.9436205 0.5945057 0.9436205 0.5945057 0.8902804 0.5945057 0.8923909 0.5945057 0.8923909 0.6066973 0.8257191 0.5922367 0.8301048 0.5777761 0.8257191 0.5777761 0.8257191 0.5655171 0.8132298 0.5573258 0.7945383 0.5573258 0.7945383 0.5544494 0.7724902 0.5573258 0.7504421 0.5573258 0.7504421 0.5655171 0.7317506 0.5573258 0.7945383 0.5655171 0.7317506 0.5777761 0.7192613 0.5573258 0.7945383 0.5777761 0.7192613 0.5922367 0.7148756 0.6066973 0.7192613 0.6066973 0.7192613 0.6189563 0.7317506 0.5777761 0.7192613 0.6189563 0.7317506 0.6271476 0.7504421 0.5777761 0.7192613 0.6271476 0.7504421 0.630024 0.7724902 0.6271476 0.7945383 0.6271476 0.7945383 0.6189563 0.8132298 0.6271476 0.7504421 0.6189563 0.8132298 0.6066973 0.8257191 0.6271476 0.7504421 0.6066973 0.8257191 0.5777761 0.8257191 0.5777761 0.7192613 0.5777761 0.8257191 0.5573258 0.7945383 0.5777761 0.7192613 0.555452 0.960314 0.6320089 0.960314 0.6320089 0.9945921 0.555452 0.8474208 0.555452 0.8819522 0.6320089 0.8819522 0.555452 0.8819522 0.555452 0.933632 0.6320089 0.933632 0.555452 0.9945924 0.6320089 0.9945924 0.6320089 0.933632 0.6314628 0.9354271 0.5549059 0.9354271 0.5549059 0.9963875 0.6314628 0.8837476 0.5549059 0.8837476 0.5549059 0.9354271 0.6314628 0.8492162 0.5549059 0.8492162 0.5549059 0.8837476 0.555452 0.9945924 0.6320089 0.9945924 0.6320089 0.960314 0.6314628 0.9621092 0.5549059 0.9621092 0.5549059 0.9963875 0.6314628 0.8837476 0.5549059 0.8837476 0.5549059 0.8492162 0.6314628 0.8837476 0.6314628 0.9354271 0.5549059 0.9354271 0.6314628 0.9354271 0.6314628 0.9963875 0.5549059 0.9963875 0.555452 0.933632 0.6320089 0.933632 0.6320089 0.9945924 0.555452 0.8819522 0.6320089 0.8819522 0.6320089 0.933632 0.555452 0.8819522 0.555452 0.8474208 0.6320089 0.8474208 0.6314628 0.9963875 0.5549059 0.9963878 0.5549059 0.9621092 0.5945057 0.9436205 0.5945057 0.9457311 0.5945057 0.9457311 0.6114309 0.8831409 0.6166193 0.899137 0.626006 0.8911275 0.5775805 0.9528707 0.5723918 0.9368745 0.563005 0.9448841 0.6075536 0.853116 0.6036655 0.8724525 0.6114309 0.8831409 0.5814578 0.9828955 0.5853458 0.963559 0.5775805 0.9528707 0.5945057 0.8686992 0.6036655 0.8724525 0.6075536 0.853116 0.6075536 0.9828955 0.6036655 0.963559 0.5945057 0.9673123 0.5945057 0.9673123 0.5853458 0.963559 0.5814578 0.9828955 0.5814578 0.853116 0.5853458 0.8724525 0.5945057 0.8686992 0.6114309 0.9528707 0.6036655 0.963559 0.6075536 0.9828955 0.5775805 0.8831409 0.5853458 0.8724525 0.5814578 0.853116 0.626006 0.9448841 0.6166193 0.9368745 0.6114309 0.9528707 0.563005 0.8911275 0.5723918 0.899137 0.5775805 0.8831409 0.6184412 0.9180058 0.6166193 0.9368745 0.626006 0.9448841 0.5705699 0.9180058 0.5723918 0.899137 0.563005 0.8911275 0.626006 0.8911275 0.6166193 0.899137 0.6184412 0.9180058 0.563005 0.9448841 0.5723918 0.9368745 0.5705699 0.9180058 0.5922367 0.8301048 0.6066973 0.8257191 0.6189563 0.8132298 0.6189563 0.8132298 0.6271476 0.7945383 0.630024 0.7724902 0.630024 0.7724902 0.6271476 0.7504421 0.5922367 0.7148756 0.6271476 0.7504421 0.6189563 0.7317506 0.5922367 0.7148756 0.6189563 0.7317506 0.6066973 0.7192613 0.5922367 0.7148756 0.5922367 0.7148756 0.5777761 0.7192613 0.5655171 0.7317506 0.5655171 0.7317506 0.5573258 0.7504421 0.5922367 0.7148756 0.5573258 0.7504421 0.5544494 0.7724902 0.5922367 0.7148756 0.5544494 0.7724902 0.5573258 0.7945383 0.5922367 0.8301048 0.5573258 0.7945383 0.5655171 0.8132298 0.5922367 0.8301048 0.5655171 0.8132298 0.5777761 0.8257191 0.5922367 0.8301048 0.5922367 0.8301048 0.6189563 0.8132298 0.5922367 0.7148756 0.6189563 0.8132298 0.630024 0.7724902 0.5922367 0.7148756 0.5945057 0.8923909 0.5945057 0.8902804 0.5945057 0.8902804 0.5945057 0.9376105 0.5945057 0.9436205 0.5945057 0.9436205 0.5945057 0.898401 0.5945057 0.8923909 0.5945057 0.8923909 0.5945057 0.9286157 0.5945057 0.9376105 0.5945057 0.9376105 0.5945057 0.9073957 0.5945057 0.898401 0.5945057 0.898401 0.5945057 0.9180058 0.5945057 0.9286157 0.5945057 0.9286157 0.5945057 0.9286157 0.5945057 0.9180058 0.5945057 0.9180058 0.5945057 0.9180058 0.5945057 0.9073957 0.5945057 0.9073957 0.5945057 0.9073957 0.5945057 0.9180058 0.5945057 0.9180058 0.5945057 0.9376105 0.5945057 0.9286157 0.5945057 0.9286157 0.5945057 0.898401 0.5945057 0.9073957 0.5945057 0.9073957 0.5945057 0.9436205 0.5945057 0.9376105 0.5945057 0.9376105 0.5945057 0.8923909 0.5945057 0.898401 0.5945057 0.898401 0.5945057 0.9457311 0.5945057 0.9436205 0.5945057 0.9436205 0.5945057 0.8902804 0.5945057 0.8923909 0.5945057 0.8923909 0.6066973 0.8257191 0.5922367 0.8301048 0.5777761 0.8257191 0.5777761 0.8257191 0.5655171 0.8132298 0.5573258 0.7945383 0.5573258 0.7945383 0.5544494 0.7724902 0.5573258 0.7504421 0.5573258 0.7504421 0.5655171 0.7317506 0.5573258 0.7945383 0.5655171 0.7317506 0.5777761 0.7192613 0.5573258 0.7945383 0.5777761 0.7192613 0.5922367 0.7148756 0.6066973 0.7192613 0.6066973 0.7192613 0.6189563 0.7317506 0.6271476 0.7504421 0.6271476 0.7504421 0.630024 0.7724902 0.6271476 0.7945383 0.6271476 0.7945383 0.6189563 0.8132298 0.6066973 0.8257191 0.6066973 0.8257191 0.5777761 0.8257191 0.5573258 0.7945383 0.5777761 0.7192613 0.6066973 0.7192613 0.6271476 0.7504421 0.6271476 0.7504421 0.6271476 0.7945383 0.6066973 0.8257191 0.6066973 0.8257191 0.5573258 0.7945383 0.6271476 0.7504421 0.555452 0.960314 0.6320089 0.960314 0.6320089 0.9945921 0.555452 0.8819522 0.6320089 0.8819522 0.6320089 0.8474208 0.555452 0.8819522 0.555452 0.933632 0.6320089 0.933632 0.555452 0.933632 0.555452 0.9945924 0.6320089 0.9945924 0.6314628 0.9354271 0.5549059 0.9354271 0.5549059 0.9963875 0.6314628 0.8837476 0.5549059 0.8837476 0.5549059 0.9354271 0.6314628 0.8492162 0.5549059 0.8492162 0.5549059 0.8837476 0.555452 0.960314 0.555452 0.9945924 0.6320089 0.9945924 0.6314628 0.9963875 0.6314628 0.9621092 0.5549059 0.9621092 0.6314628 0.8492162 0.6314628 0.8837476 0.5549059 0.8837476 0.6314628 0.8837476 0.6314628 0.9354271 0.5549059 0.9354271 0.6314628 0.9354271 0.6314628 0.9963875 0.5549059 0.9963875 0.555452 0.933632 0.6320089 0.933632 0.6320089 0.9945924 0.555452 0.8819522 0.6320089 0.8819522 0.6320089 0.933632 0.555452 0.8819522 0.555452 0.8474208 0.6320089 0.8474208 0.6314628 0.9963875 0.5549059 0.9963878 0.5549059 0.9621092 0.5945057 0.9436205 0.5945057 0.9457311 0.5945057 0.9457311 0.6186151 0.8683413 0.6114309 0.8831409 0.6166193 0.899137 0.5775805 0.9528707 0.5723918 0.9368745 0.563005 0.9448841 0.6075536 0.853116 0.6036655 0.8724525 0.6114309 0.8831409 0.5814578 0.9828955 0.5853458 0.963559 0.5775805 0.9528707 0.5945057 0.8686992 0.6036655 0.8724525 0.6075536 0.853116 0.6036655 0.963559 0.5945057 0.9673123 0.5945057 0.9882419 0.5945057 0.9882419 0.5945057 0.9673123 0.5853458 0.963559 0.5853458 0.8724525 0.5945057 0.8686992 0.5945057 0.8477696 0.6114309 0.9528707 0.6036655 0.963559 0.6075536 0.9828955 0.5775805 0.8831409 0.5853458 0.8724525 0.5814578 0.853116 0.6166193 0.9368745 0.6114309 0.9528707 0.6186151 0.9676701 0.563005 0.8911275 0.5723918 0.899137 0.5775805 0.8831409 0.6184412 0.9180058 0.6166193 0.9368745 0.626006 0.9448841 0.5705699 0.9180058 0.5723918 0.899137 0.563005 0.8911275 0.626006 0.8911275 0.6166193 0.899137 0.6184412 0.9180058 0.563005 0.9448841 0.5723918 0.9368745 0.5705699 0.9180058 0.5922367 0.8301048 0.6066973 0.8257191 0.6189563 0.8132298 0.6189563 0.8132298 0.6271476 0.7945383 0.630024 0.7724902 0.630024 0.7724902 0.6271476 0.7504421 0.6189563 0.7317506 0.6189563 0.7317506 0.6066973 0.7192613 0.5922367 0.7148756 0.5922367 0.7148756 0.5777761 0.7192613 0.5655171 0.7317506 0.5655171 0.7317506 0.5573258 0.7504421 0.5922367 0.7148756 0.5573258 0.7504421 0.5544494 0.7724902 0.5922367 0.7148756 0.5544494 0.7724902 0.5573258 0.7945383 0.5922367 0.8301048 0.5573258 0.7945383 0.5655171 0.8132298 0.5922367 0.8301048 0.5655171 0.8132298 0.5777761 0.8257191 0.5922367 0.8301048 0.5922367 0.8301048 0.6189563 0.8132298 0.5922367 0.7148756 0.6189563 0.8132298 0.630024 0.7724902 0.5922367 0.7148756 0.630024 0.7724902 0.6189563 0.7317506 0.5922367 0.7148756 0.5945057 0.8923909 0.5945057 0.8902804 0.5945057 0.8902804 0.5945057 0.9376105 0.5945057 0.9436205 0.5945057 0.9436205 0.5945057 0.898401 0.5945057 0.8923909 0.5945057 0.8923909 0.5945057 0.9286157 0.5945057 0.9376105 0.5945057 0.9376105 0.5945057 0.9073957 0.5945057 0.898401 0.5945057 0.898401 0.5945057 0.9180058 0.5945057 0.9286157 0.5945057 0.9286157 0.5945057 0.9286157 0.5945057 0.9180058 0.5945057 0.9180058 0.5945057 0.9180058 0.5945057 0.9073957 0.5945057 0.9073957 0.5945057 0.9073957 0.5945057 0.9180058 0.5945057 0.9180058 0.5945057 0.9376105 0.5945057 0.9286157 0.5945057 0.9286157 0.5945057 0.898401 0.5945057 0.9073957 0.5945057 0.9073957 0.5945057 0.9436205 0.5945057 0.9376105 0.5945057 0.9376105 0.5945057 0.8923909 0.5945057 0.898401 0.5945057 0.898401 0.5945057 0.9457311 0.5945057 0.9436205 0.5945057 0.9436205 0.5945057 0.8902804 0.5945057 0.8923909 0.5945057 0.8923909 0.6066973 0.8257191 0.5922367 0.8301048 0.5573258 0.7945383 0.5922367 0.8301048 0.5777761 0.8257191 0.5573258 0.7945383 0.5777761 0.8257191 0.5655171 0.8132298 0.5573258 0.7945383 0.5573258 0.7945383 0.5544494 0.7724902 0.5573258 0.7504421 0.5573258 0.7504421 0.5655171 0.7317506 0.5777761 0.7192613 0.5777761 0.7192613 0.5922367 0.7148756 0.6066973 0.7192613 0.6066973 0.7192613 0.6189563 0.7317506 0.5777761 0.7192613 0.6189563 0.7317506 0.6271476 0.7504421 0.5777761 0.7192613 0.6271476 0.7504421 0.630024 0.7724902 0.6271476 0.7945383 0.6271476 0.7945383 0.6189563 0.8132298 0.6271476 0.7504421 0.6189563 0.8132298 0.6066973 0.8257191 0.6271476 0.7504421 0.5573258 0.7945383 0.5573258 0.7504421 0.5777761 0.7192613 0.6066973 0.8257191 0.5573258 0.7945383 0.6271476 0.7504421</float_array>
          <technique_common>
            <accessor source="#Cube_002-mesh-map-0-array" count="5466" stride="2">
              <param name="S" type="float"/>
              <param name="T" type="float"/>
            </accessor>
          </technique_common>
        </source>
        <vertices id="Cube_002-mesh-vertices">
          <input semantic="POSITION" source="#Cube_002-mesh-positions"/>
        </vertices>
        <triangles material="Material_004-material" count="1822">
          <input semantic="VERTEX" source="#Cube_002-mesh-vertices" offset="0"/>
          <input semantic="NORMAL" source="#Cube_002-mesh-normals" offset="1"/>
          <input semantic="TEXCOORD" source="#Cube_002-mesh-map-0" offset="2" set="0"/>
          <p>44 0 0 32 0 1 64 0 2 40 1 3 1 1 4 33 1 5 11 1 6 34 1 7 41 1 8 4 1 9 35 1 10 34 1 11 5 1 12 36 1 13 35 1 14 6 1 15 37 2 16 36 1 17 37 2 18 8 3 19 38 4 20 38 4 21 9 5 22 39 1 23 39 1 24 10 1 25 40 1 26 3 1 27 41 1 28 32 1 29 13 6 30 52 7 31 44 8 32 12 9 33 80 10 34 66 11 35 28 12 36 79 12 37 78 12 38 27 12 39 78 12 40 77 12 41 26 12 42 77 12 43 76 12 44 25 12 45 76 12 46 75 12 47 24 12 48 75 12 49 74 12 50 23 12 51 74 12 52 73 12 53 30 13 54 73 14 55 80 14 56 9 15 57 313 16 58 10 17 59 50 18 60 21 19 61 51 20 62 49 21 63 20 22 64 50 18 65 18 23 66 49 21 67 48 24 68 17 25 69 48 24 70 47 26 71 16 27 72 47 26 73 46 28 74 31 29 75 46 30 76 52 31 77 9 32 78 316 33 79 315 34 80 29 35 81 68 36 82 79 37 83 54 38 84 42 38 85 63 38 86 43 39 87 133 40 88 132 41 89 63 38 90 14 38 91 45 38 92 43 0 93 53 0 94 12 0 95 33 38 96 45 38 97 0 38 98 1 38 99 63 38 100 33 38 101 146 42 102 322 43 103 324 44 104 52 45 105 4 46 106 11 47 107 46 48 108 5 49 109 4 46 110 47 50 111 6 51 112 5 49 113 48 51 114 7 52 115 6 51 116 49 53 117 8 54 118 7 52 119 50 18 120 9 55 121 8 54 122 21 56 123 316 33 124 51 57 125 44 8 126 11 58 127 3 59 128 53 60 129 30 60 130 12 9 131 60 61 132 29 62 133 28 63 134 59 64 135 28 63 136 27 63 137 58 61 138 27 63 139 26 65 140 57 65 141 26 65 142 25 63 143 56 63 144 25 63 145 24 65 146 55 66 147 24 65 148 23 67 149 30 13 150 55 68 151 23 69 152 61 70 153 14 71 154 29 35 155 13 0 156 64 0 157 43 0 158 33 1 159 0 1 160 40 1 161 32 0 162 65 0 163 64 0 164 42 38 165 68 38 166 14 38 167 15 38 168 83 38 169 42 38 170 72 72 171 15 73 172 22 74 173 81 75 174 16 76 175 31 29 176 155 51 177 390 51 178 154 51 179 21 38 180 387 38 181 71 38 182 19 77 183 386 78 184 20 78 185 156 51 186 391 51 187 155 51 188 20 79 189 388 80 190 21 81 191 71 82 192 22 74 193 21 83 194 67 84 195 31 85 196 13 6 197 86 86 198 85 87 199 84 88 200 88 89 201 87 90 202 86 78 203 90 91 204 85 91 205 87 92 206 85 1 207 89 1 208 84 1 209 89 93 210 86 94 211 84 95 212 106 96 213 105 97 214 95 78 215 106 98 216 113 99 217 114 100 218 94 1 219 92 1 220 93 1 221 119 0 222 120 0 223 121 0 224 122 38 225 124 38 226 125 38 227 121 101 228 122 102 229 125 1 230 118 78 231 124 78 232 123 78 233 121 103 234 124 104 235 119 105 236 118 106 237 122 107 238 120 108 239 67 109 240 127 78 241 128 110 242 66 11 243 133 111 244 12 9 245 128 0 246 131 0 247 126 0 248 43 39 249 129 112 250 13 113 251 126 0 252 134 0 253 135 0 254 82 78 255 126 78 256 135 78 257 127 114 258 130 115 259 128 116 260 132 41 261 134 117 262 131 118 263 132 41 264 130 119 265 129 112 266 136 120 267 134 121 268 133 111 269 67 84 270 129 122 271 127 114 272 169 0 273 181 0 274 201 0 275 177 123 276 138 124 277 147 125 278 171 126 279 148 127 280 178 128 281 172 129 282 141 130 283 171 126 284 173 78 285 142 131 286 172 129 287 174 132 288 143 78 289 173 78 290 174 132 291 145 133 292 144 134 293 175 135 294 146 136 295 145 133 296 176 137 297 147 125 298 146 136 299 178 128 300 140 138 301 169 78 302 189 139 303 150 140 304 181 141 305 80 10 306 149 142 307 66 11 308 79 12 309 165 12 310 78 12 311 78 12 312 164 12 313 77 12 314 77 12 315 163 12 316 76 12 317 76 12 318 162 12 319 75 12 320 75 12 321 161 12 322 74 12 323 74 12 324 160 12 325 73 12 326 73 14 327 167 143 328 80 14 329 10 17 330 314 144 331 1 145 332 187 146 333 158 147 334 157 148 335 186 149 336 157 148 337 156 150 338 186 149 339 155 151 340 185 152 341 185 152 342 154 153 343 184 154 344 184 154 345 153 155 346 183 156 347 183 157 348 168 158 349 189 31 350 15 159 351 318 160 352 319 161 353 68 36 354 166 162 355 79 37 356 179 38 357 191 38 358 200 38 359 180 163 360 249 164 361 149 165 362 151 38 363 200 38 364 182 38 365 190 0 366 180 0 367 149 0 368 182 38 369 170 38 370 137 38 371 200 38 372 138 38 373 170 38 374 188 166 375 324 167 376 325 168 377 141 169 378 189 45 379 148 47 380 142 170 381 183 171 382 141 169 383 143 51 384 184 172 385 142 170 386 144 173 387 185 51 388 143 51 389 145 174 390 186 175 391 144 173 392 146 176 393 187 146 394 145 174 395 158 177 396 325 168 397 329 178 398 148 85 399 181 141 400 140 179 401 167 180 402 190 181 403 149 142 404 166 182 405 197 183 406 165 184 407 165 184 408 196 185 409 164 186 410 164 186 411 195 187 412 163 184 413 163 184 414 194 185 415 162 188 416 162 188 417 193 185 418 161 186 419 161 186 420 192 186 421 160 189 422 167 143 423 192 190 424 199 191 425 151 192 426 198 193 427 166 162 428 201 0 429 150 0 430 180 0 431 170 78 432 177 123 433 137 78 434 202 0 435 169 0 436 201 0 437 68 38 438 179 38 439 151 38 440 83 38 441 152 38 442 179 38 443 152 73 444 72 72 445 159 194 446 153 195 447 81 75 448 168 158 449 71 38 450 394 38 451 158 38 452 156 196 453 393 1 454 392 51 455 157 197 456 394 198 457 393 199 458 17 200 459 378 78 460 380 51 461 70 38 462 378 38 463 16 38 464 159 194 465 71 82 466 158 83 467 168 179 468 67 84 469 150 140 470 204 87 471 205 201 472 203 88 473 206 1 474 207 1 475 205 1 476 204 202 477 209 91 478 206 203 479 204 204 480 208 205 481 210 206 482 205 94 483 208 93 484 203 95 485 224 207 486 225 51 487 226 1 488 225 208 489 233 209 490 232 210 491 213 78 492 212 78 493 211 78 494 239 0 495 238 0 496 240 0 497 243 38 498 241 38 499 244 38 500 240 211 501 241 212 502 239 213 503 237 214 504 243 215 505 238 1 506 243 104 507 240 103 508 238 105 509 241 216 510 237 217 511 239 218 512 249 219 513 66 11 514 149 142 515 247 0 516 128 0 517 126 0 518 245 220 519 180 163 520 150 221 521 250 0 522 126 0 523 135 0 524 127 222 525 246 223 526 245 224 527 248 225 528 250 226 529 249 164 530 246 227 531 248 225 532 245 220 533 250 228 534 136 229 535 249 219 536 67 84 537 245 224 538 150 140 539 254 38 540 251 38 541 252 38 542 255 38 543 258 38 544 256 38 545 253 12 546 259 12 547 251 12 548 255 12 549 272 12 550 257 12 551 252 51 552 266 51 553 254 51 554 257 1 555 273 1 556 258 1 557 274 0 558 267 0 559 270 0 560 254 78 561 263 78 562 253 78 563 260 0 564 265 0 565 261 0 566 258 51 567 269 51 568 256 51 569 256 78 570 268 78 571 255 78 572 261 230 573 259 231 574 260 232 575 263 233 576 260 234 577 259 235 578 261 236 579 266 237 580 262 238 581 263 239 582 265 239 583 264 240 584 268 241 585 270 242 586 267 240 587 271 243 588 268 244 589 267 245 590 273 246 591 270 247 592 269 248 593 274 249 594 272 249 595 271 250 596 251 1 597 262 1 598 252 1 599 276 251 600 277 252 601 275 253 602 279 254 603 282 255 604 280 256 605 275 1 606 282 1 607 276 1 608 277 0 609 280 0 610 275 0 611 277 78 612 281 78 613 279 78 614 276 38 615 281 38 616 278 38 617 284 257 618 285 258 619 283 259 620 287 260 621 290 261 622 288 262 623 283 1 624 290 1 625 284 1 626 285 0 627 288 0 628 283 0 629 285 78 630 289 78 631 287 78 632 284 38 633 289 38 634 286 38 635 295 263 636 298 264 637 296 265 638 291 266 639 298 267 640 292 268 641 293 269 642 296 270 643 291 271 644 293 272 645 297 273 646 295 274 647 294 275 648 298 276 649 297 277 650 306 278 651 303 279 652 304 280 653 306 281 654 299 282 655 300 283 656 304 284 657 301 285 658 299 286 659 301 287 660 305 288 661 302 289 662 302 290 663 306 291 664 300 292 665 231 1 666 312 1 667 232 1 668 175 135 669 309 78 670 176 137 671 310 1 672 231 1 673 230 1 674 175 135 675 307 78 676 308 78 677 307 293 678 232 293 679 312 294 680 309 295 681 230 296 682 176 297 683 308 12 684 311 12 685 309 12 686 316 298 687 321 299 688 317 300 689 317 300 690 319 301 691 318 302 692 317 300 693 314 303 694 313 304 695 316 298 696 313 304 697 315 305 698 325 306 699 330 307 700 329 308 701 326 309 702 328 310 703 330 307 704 323 311 705 326 309 706 322 312 707 322 312 708 325 306 709 324 313 710 159 314 711 328 315 712 152 316 713 158 317 714 330 318 715 159 314 716 191 319 717 323 320 718 138 321 719 22 322 720 319 323 721 321 324 722 21 325 723 321 324 724 320 326 725 1 327 726 318 160 727 54 328 728 152 329 729 327 330 730 191 319 731 147 331 732 323 332 733 322 43 734 333 1 735 234 1 736 233 1 737 172 129 738 332 78 739 173 78 740 349 12 741 354 12 742 341 12 743 345 51 744 350 51 745 344 51 746 348 333 747 337 333 748 339 333 749 337 333 750 346 334 751 335 335 752 348 336 753 339 336 754 340 336 755 346 337 756 336 337 757 335 337 758 345 338 759 338 339 760 336 340 761 341 341 762 336 340 763 346 342 764 347 38 765 338 339 766 344 38 767 343 38 768 340 38 769 347 38 770 343 38 771 342 343 772 348 38 773 341 341 774 342 343 775 349 38 776 352 38 777 351 38 778 354 38 779 353 38 780 352 38 781 355 38 782 347 1 783 355 1 784 343 1 785 341 78 786 351 78 787 345 78 788 343 12 789 352 12 790 349 12 791 344 51 792 353 51 793 347 51 794 375 12 795 370 12 796 362 12 797 371 51 798 366 51 799 365 51 800 358 344 801 369 333 802 360 333 803 367 334 804 358 344 805 356 335 806 369 345 807 361 345 808 360 345 809 367 346 810 356 346 811 357 346 812 366 338 813 359 347 814 365 38 815 362 348 816 357 349 817 366 338 818 359 347 819 368 350 820 365 38 821 361 351 822 364 38 823 368 350 824 364 38 825 363 352 826 370 38 827 363 352 828 362 348 829 370 38 830 372 38 831 373 38 832 375 38 833 373 38 834 374 38 835 376 38 836 376 78 837 368 78 838 364 78 839 372 1 840 362 1 841 366 1 842 373 12 843 364 12 844 370 12 845 374 51 846 365 51 847 368 51 848 377 51 849 380 51 850 378 51 851 379 51 852 382 51 853 380 51 854 381 51 855 384 51 856 382 51 857 383 51 858 386 353 859 384 51 860 385 354 861 388 355 862 386 353 863 390 51 864 377 51 865 389 51 866 391 51 867 379 51 868 390 51 869 392 51 870 381 51 871 391 51 872 393 356 873 383 51 874 392 51 875 394 357 876 385 354 877 393 356 878 18 51 879 384 51 880 19 51 881 153 38 882 377 38 883 70 38 884 154 358 885 389 1 886 153 1 887 17 51 888 382 51 889 18 51 890 403 0 891 399 0 892 398 0 893 402 0 894 400 0 895 403 0 896 396 0 897 402 0 898 403 0 899 395 0 900 403 0 901 398 0 902 405 359 903 407 359 904 404 360 905 407 361 906 412 362 907 404 360 908 397 51 909 409 51 910 402 51 911 396 78 912 412 78 913 411 78 914 401 1 915 406 1 916 400 1 917 400 1 918 405 1 919 399 1 920 398 12 921 412 12 922 395 12 923 397 78 924 411 78 925 410 78 926 402 51 927 408 51 928 401 51 929 399 12 930 404 12 931 398 12 932 420 363 933 417 364 934 418 365 935 420 366 936 413 367 937 414 368 938 418 369 939 415 370 940 413 371 941 415 372 942 419 373 943 416 374 944 416 290 945 420 375 946 414 376 947 425 263 948 428 264 949 426 377 950 421 378 951 428 379 952 422 268 953 423 269 954 426 380 955 421 381 956 423 382 957 427 383 958 425 384 959 424 385 960 428 386 961 427 277 962 429 51 963 432 51 964 430 51 965 429 51 966 431 51 967 432 51 968 445 387 969 433 388 970 446 389 971 447 390 972 434 391 973 445 387 974 436 392 975 447 390 976 448 393 977 449 394 978 436 392 979 448 393 980 438 395 981 449 394 982 450 396 983 439 397 984 450 396 985 451 398 986 452 399 987 439 397 988 451 398 989 453 400 990 440 401 991 452 399 992 442 402 993 453 400 994 454 403 995 481 404 996 504 405 997 494 406 998 456 407 999 443 408 1000 455 409 1001 433 388 1002 456 407 1003 446 389 1004 504 405 1005 491 410 1006 503 411 1007 490 412 1008 501 413 1009 502 414 1010 501 413 1011 488 415 1012 500 416 1013 500 416 1014 487 417 1015 499 418 1016 487 417 1017 498 419 1018 499 418 1019 486 420 1020 497 421 1021 498 419 1022 497 421 1023 484 422 1024 496 423 1025 484 422 1026 495 424 1027 496 423 1028 495 424 1029 482 425 1030 493 426 1031 493 426 1032 481 404 1033 494 406 1034 439 427 1035 476 428 1036 475 429 1037 454 430 1038 478 430 1039 442 431 1040 446 432 1041 467 433 1042 459 434 1043 449 435 1044 462 436 1045 450 437 1046 440 438 1047 477 439 1048 476 428 1049 455 440 1050 480 441 1051 468 442 1052 434 443 1053 470 444 1054 433 445 1055 450 437 1056 463 446 1057 451 447 1058 442 448 1059 477 449 1060 441 450 1061 434 443 1062 471 451 1063 469 452 1064 452 453 1065 463 446 1066 464 454 1067 435 455 1068 472 456 1069 471 457 1070 453 458 1071 464 454 1072 465 459 1073 443 460 1074 479 461 1075 480 462 1076 445 463 1077 459 434 1078 460 464 1079 436 465 1080 473 466 1081 472 467 1082 454 468 1083 465 469 1084 466 470 1085 444 471 1086 470 444 1087 479 472 1088 447 473 1089 460 464 1090 458 474 1091 438 475 1092 473 476 1093 437 477 1094 447 478 1095 457 479 1096 448 480 1097 439 427 1098 474 481 1099 438 475 1100 455 482 1101 467 483 1102 456 484 1103 448 485 1104 461 486 1105 449 487 1106 487 488 1107 524 489 1108 523 490 1109 502 491 1110 526 491 1111 490 492 1112 494 493 1113 515 494 1114 507 495 1115 498 496 1116 509 497 1117 510 498 1118 489 499 1119 524 500 1120 488 501 1121 491 502 1122 516 503 1123 503 504 1124 482 505 1125 518 506 1126 481 507 1127 498 496 1128 511 508 1129 499 509 1130 490 510 1131 525 511 1132 489 512 1133 483 513 1134 517 514 1135 482 515 1136 499 516 1137 512 517 1138 500 518 1139 483 519 1140 520 520 1141 519 521 1142 501 522 1143 512 523 1144 513 524 1145 491 525 1146 527 526 1147 528 527 1148 494 528 1149 508 529 1150 493 530 1151 485 531 1152 520 532 1153 484 533 1154 501 534 1155 514 535 1156 502 536 1157 481 507 1158 527 537 1159 492 538 1160 493 539 1161 506 540 1162 495 541 1163 485 531 1164 522 542 1165 521 543 1166 495 544 1167 505 545 1168 496 546 1169 487 488 1170 522 542 1171 486 547 1172 503 548 1173 515 549 1174 504 550 1175 496 546 1176 509 497 1177 497 551 1178 541 552 1179 529 553 1180 542 554 1181 543 555 1182 530 556 1183 541 552 1184 532 557 1185 543 555 1186 544 558 1187 545 559 1188 532 557 1189 544 558 1190 534 560 1191 545 559 1192 546 561 1193 535 562 1194 546 561 1195 547 563 1196 548 564 1197 535 562 1198 547 563 1199 549 565 1200 536 566 1201 548 564 1202 538 567 1203 549 565 1204 550 568 1205 577 569 1206 600 570 1207 590 571 1208 552 572 1209 539 573 1210 551 574 1211 529 553 1212 552 572 1213 542 554 1214 600 570 1215 587 575 1216 599 576 1217 586 577 1218 597 578 1219 598 579 1220 597 578 1221 584 580 1222 596 581 1223 596 581 1224 583 582 1225 595 583 1226 583 582 1227 594 584 1228 595 583 1229 582 585 1230 593 586 1231 594 584 1232 593 586 1233 580 587 1234 592 588 1235 580 587 1236 591 589 1237 592 588 1238 591 589 1239 578 590 1240 589 591 1241 589 591 1242 577 569 1243 590 571 1244 535 592 1245 572 593 1246 571 594 1247 538 595 1248 562 596 1249 574 597 1250 542 598 1251 563 599 1252 555 600 1253 546 601 1254 557 602 1255 558 603 1256 536 604 1257 573 605 1258 572 606 1259 551 607 1260 576 608 1261 564 609 1262 530 610 1263 566 611 1264 529 612 1265 547 613 1266 558 603 1267 559 614 1268 538 615 1269 573 616 1270 537 617 1271 531 618 1272 565 619 1273 530 620 1274 548 621 1275 559 622 1276 560 623 1277 531 624 1278 568 625 1279 567 626 1280 549 627 1281 560 628 1282 561 629 1283 539 630 1284 575 631 1285 576 632 1286 541 633 1287 555 634 1288 556 635 1289 532 636 1290 569 637 1291 568 625 1292 550 638 1293 561 629 1294 562 639 1295 529 640 1296 575 641 1297 540 642 1298 543 643 1299 556 644 1300 554 645 1301 534 646 1302 569 637 1303 533 647 1304 543 643 1305 553 648 1306 544 649 1307 535 650 1308 570 651 1309 534 646 1310 551 652 1311 563 653 1312 552 654 1313 544 649 1314 557 602 1315 545 655 1316 584 656 1317 619 657 1318 583 658 1319 598 659 1320 622 660 1321 586 661 1322 600 662 1323 603 663 1324 590 664 1325 593 665 1326 606 666 1327 594 667 1328 585 668 1329 620 669 1330 584 670 1331 599 671 1332 624 672 1333 612 673 1334 577 674 1335 613 675 1336 614 676 1337 595 677 1338 606 678 1339 607 679 1340 586 680 1341 621 681 1342 585 668 1343 578 682 1344 615 683 1345 613 684 1346 595 685 1347 608 686 1348 596 687 1349 579 688 1350 616 689 1351 615 683 1352 596 690 1353 609 691 1354 597 692 1355 587 693 1356 623 694 1357 624 695 1358 590 696 1359 604 697 1360 589 698 1361 581 699 1362 616 689 1363 580 700 1364 597 692 1365 610 701 1366 598 702 1367 588 703 1368 614 704 1369 623 705 1370 589 706 1371 602 707 1372 591 708 1373 581 699 1374 618 709 1375 617 710 1376 591 708 1377 601 711 1378 592 712 1379 582 713 1380 619 714 1381 618 715 1382 599 716 1383 611 717 1384 600 718 1385 592 712 1386 605 719 1387 593 665 1388 445 387 1389 434 391 1390 433 388 1391 447 390 1392 435 720 1393 434 391 1394 436 392 1395 435 720 1396 447 390 1397 449 394 1398 437 721 1399 436 392 1400 438 395 1401 437 721 1402 449 394 1403 439 397 1404 438 395 1405 450 396 1406 452 399 1407 440 401 1408 439 397 1409 453 400 1410 441 722 1411 440 401 1412 442 402 1413 441 722 1414 453 400 1415 481 404 1416 492 723 1417 504 405 1418 456 407 1419 444 724 1420 443 408 1421 433 388 1422 444 724 1423 456 407 1424 504 405 1425 492 723 1426 491 410 1427 490 412 1428 489 725 1429 501 413 1430 501 413 1431 489 725 1432 488 415 1433 500 416 1434 488 415 1435 487 417 1436 487 417 1437 486 420 1438 498 419 1439 486 420 1440 485 726 1441 497 421 1442 497 421 1443 485 726 1444 484 422 1445 484 422 1446 483 727 1447 495 424 1448 495 424 1449 483 727 1450 482 425 1451 493 426 1452 482 425 1453 481 404 1454 439 427 1455 440 438 1456 476 428 1457 454 430 1458 466 431 1459 478 430 1460 446 432 1461 456 728 1462 467 433 1463 449 435 1464 461 729 1465 462 436 1466 440 438 1467 441 730 1468 477 439 1469 455 440 1470 443 731 1471 480 441 1472 434 443 1473 469 452 1474 470 444 1475 450 437 1476 462 436 1477 463 446 1478 442 448 1479 478 732 1480 477 449 1481 434 443 1482 435 733 1483 471 451 1484 452 453 1485 451 447 1486 463 446 1487 435 455 1488 436 734 1489 472 456 1490 453 458 1491 452 453 1492 464 454 1493 443 460 1494 444 735 1495 479 461 1496 445 463 1497 446 432 1498 459 434 1499 436 465 1500 437 736 1501 473 466 1502 454 468 1503 453 737 1504 465 469 1505 444 471 1506 433 445 1507 470 444 1508 447 473 1509 445 463 1510 460 464 1511 438 475 1512 474 481 1513 473 476 1514 447 478 1515 458 738 1516 457 479 1517 439 427 1518 475 429 1519 474 481 1520 455 482 1521 468 739 1522 467 483 1523 448 485 1524 457 740 1525 461 486 1526 487 488 1527 488 741 1528 524 489 1529 502 491 1530 514 742 1531 526 491 1532 494 493 1533 504 743 1534 515 494 1535 498 496 1536 497 551 1537 509 497 1538 489 499 1539 525 744 1540 524 500 1541 491 502 1542 528 745 1543 516 503 1544 482 505 1545 517 746 1546 518 506 1547 498 496 1548 510 498 1549 511 508 1550 490 510 1551 526 747 1552 525 511 1553 483 513 1554 519 748 1555 517 514 1556 499 516 1557 511 749 1558 512 517 1559 483 519 1560 484 750 1561 520 520 1562 501 522 1563 500 751 1564 512 523 1565 491 525 1566 492 752 1567 527 526 1568 494 528 1569 507 753 1570 508 529 1571 485 531 1572 521 543 1573 520 532 1574 501 534 1575 513 754 1576 514 535 1577 481 507 1578 518 506 1579 527 537 1580 493 539 1581 508 755 1582 506 540 1583 485 531 1584 486 547 1585 522 542 1586 495 544 1587 506 756 1588 505 545 1589 487 488 1590 523 490 1591 522 542 1592 503 548 1593 516 757 1594 515 549 1595 496 546 1596 505 545 1597 509 497 1598 541 552 1599 530 556 1600 529 553 1601 543 555 1602 531 758 1603 530 556 1604 532 557 1605 531 758 1606 543 555 1607 545 559 1608 533 759 1609 532 557 1610 534 560 1611 533 759 1612 545 559 1613 535 562 1614 534 560 1615 546 561 1616 548 564 1617 536 566 1618 535 562 1619 549 565 1620 537 760 1621 536 566 1622 538 567 1623 537 760 1624 549 565 1625 577 569 1626 588 761 1627 600 570 1628 552 572 1629 540 762 1630 539 573 1631 529 553 1632 540 762 1633 552 572 1634 600 570 1635 588 761 1636 587 575 1637 586 577 1638 585 763 1639 597 578 1640 597 578 1641 585 763 1642 584 580 1643 596 581 1644 584 580 1645 583 582 1646 583 582 1647 582 585 1648 594 584 1649 582 585 1650 581 764 1651 593 586 1652 593 586 1653 581 764 1654 580 587 1655 580 587 1656 579 765 1657 591 589 1658 591 589 1659 579 765 1660 578 590 1661 589 591 1662 578 590 1663 577 569 1664 535 592 1665 536 766 1666 572 593 1667 538 595 1668 550 767 1669 562 596 1670 542 598 1671 552 768 1672 563 599 1673 546 601 1674 545 655 1675 557 602 1676 536 604 1677 537 769 1678 573 605 1679 551 607 1680 539 770 1681 576 608 1682 530 610 1683 565 771 1684 566 611 1685 547 613 1686 546 601 1687 558 603 1688 538 615 1689 574 772 1690 573 616 1691 531 618 1692 567 773 1693 565 619 1694 548 621 1695 547 774 1696 559 622 1697 531 624 1698 532 636 1699 568 625 1700 549 627 1701 548 775 1702 560 628 1703 539 630 1704 540 776 1705 575 631 1706 541 633 1707 542 777 1708 555 634 1709 532 636 1710 533 647 1711 569 637 1712 550 638 1713 549 627 1714 561 629 1715 529 640 1716 566 778 1717 575 641 1718 543 643 1719 541 779 1720 556 644 1721 534 646 1722 570 651 1723 569 637 1724 543 643 1725 554 645 1726 553 648 1727 535 650 1728 571 780 1729 570 651 1730 551 652 1731 564 781 1732 563 653 1733 544 649 1734 553 648 1735 557 602 1736 584 656 1737 620 782 1738 619 657 1739 598 659 1740 610 783 1741 622 660 1742 600 662 1743 611 784 1744 603 663 1745 593 665 1746 605 719 1747 606 666 1748 585 668 1749 621 681 1750 620 669 1751 599 671 1752 587 785 1753 624 672 1754 577 674 1755 578 786 1756 613 675 1757 595 677 1758 594 787 1759 606 678 1760 586 680 1761 622 788 1762 621 681 1763 578 682 1764 579 688 1765 615 683 1766 595 685 1767 607 789 1768 608 686 1769 579 688 1770 580 700 1771 616 689 1772 596 690 1773 608 790 1774 609 691 1775 587 693 1776 588 791 1777 623 694 1778 590 696 1779 603 792 1780 604 697 1781 581 699 1782 617 710 1783 616 689 1784 597 692 1785 609 691 1786 610 701 1787 588 703 1788 577 793 1789 614 704 1790 589 706 1791 604 794 1792 602 707 1793 581 699 1794 582 795 1795 618 709 1796 591 708 1797 602 707 1798 601 711 1799 582 713 1800 583 796 1801 619 714 1802 599 716 1803 612 797 1804 611 717 1805 592 712 1806 601 711 1807 605 719 1808 627 798 1809 626 799 1810 625 800 1811 629 801 1812 628 802 1813 627 798 1814 631 803 1815 630 804 1816 629 801 1817 633 805 1818 632 806 1819 631 803 1820 635 807 1821 634 808 1822 633 805 1823 637 809 1824 636 810 1825 635 807 1826 639 811 1827 638 812 1828 637 809 1829 641 813 1830 640 814 1831 639 811 1832 641 813 1833 644 815 1834 642 816 1835 643 817 1836 646 818 1837 644 815 1838 645 819 1839 648 820 1840 646 818 1841 647 821 1842 650 822 1843 648 820 1844 651 823 1845 650 822 1846 649 824 1847 653 825 1848 652 826 1849 651 823 1850 655 827 1851 654 828 1852 653 825 1853 625 800 1854 656 829 1855 655 827 1856 694 830 1857 677 831 1858 678 832 1859 663 833 1860 678 834 1861 662 835 1862 671 836 1863 686 837 1864 670 838 1865 664 839 1866 679 840 1867 663 833 1868 672 841 1869 687 842 1870 671 836 1871 665 0 1872 680 0 1873 664 839 1874 673 0 1875 657 843 1876 658 844 1877 657 843 1878 688 845 1879 672 841 1880 682 0 1881 665 0 1882 666 846 1883 675 847 1884 658 844 1885 659 848 1886 683 840 1887 666 846 1888 667 849 1889 676 0 1890 659 848 1891 660 850 1892 684 0 1893 667 849 1894 668 851 1895 677 852 1896 660 850 1897 661 853 1898 685 854 1899 668 851 1900 669 855 1901 662 835 1902 677 852 1903 661 853 1904 670 838 1905 685 854 1906 669 855 1907 704 0 1908 690 0 1909 697 0 1910 702 856 1911 685 857 1912 686 858 1913 695 859 1914 678 832 1915 679 860 1916 703 861 1917 686 858 1918 687 862 1919 696 863 1920 679 860 1921 680 864 1922 704 865 1923 687 862 1924 688 866 1925 697 867 1926 680 864 1927 681 868 1928 689 869 1929 674 870 1930 673 871 1931 690 872 1932 688 866 1933 674 870 1934 698 873 1935 681 868 1936 682 874 1937 691 875 1938 673 871 1939 675 876 1940 699 877 1941 682 874 1942 683 878 1943 692 879 1944 675 876 1945 676 880 1946 700 881 1947 683 878 1948 684 882 1949 693 883 1950 676 880 1951 677 831 1952 701 884 1953 684 882 1954 685 857 1955 708 38 1956 707 38 1957 710 38 1958 722 885 1959 723 886 1960 721 887 1961 724 888 1962 725 889 1963 723 886 1964 726 890 1965 727 891 1966 725 889 1967 727 891 1968 730 892 1969 729 893 1970 730 892 1971 731 894 1972 729 893 1973 732 895 1974 733 896 1975 731 894 1976 733 896 1977 736 897 1978 735 898 1979 735 898 1980 738 899 1981 737 900 1982 737 900 1983 740 901 1984 739 902 1985 739 902 1986 742 903 1987 741 904 1988 741 904 1989 744 905 1990 743 906 1991 743 906 1992 746 907 1993 745 38 1994 746 907 1995 747 908 1996 745 38 1997 748 909 1998 749 910 1999 747 908 2000 750 911 2001 751 912 2002 749 910 2003 752 913 2004 721 887 2005 751 912 2006 773 914 2007 790 915 2008 774 916 2009 758 1 2010 775 917 2011 759 918 2012 767 919 2013 782 920 2014 783 1 2015 759 918 2016 776 921 2017 760 922 2018 768 923 2019 783 1 2020 784 924 2021 760 922 2022 777 925 2023 761 1 2024 753 926 2025 769 927 2026 754 1 2027 768 923 2028 770 928 2029 753 926 2030 762 929 2031 777 925 2032 778 930 2033 755 1 2034 769 927 2035 771 1 2036 763 931 2037 778 930 2038 779 932 2039 756 933 2040 771 1 2041 772 934 2042 763 931 2043 780 935 2044 764 936 2045 756 933 2046 773 937 2047 757 1 2048 764 936 2049 781 938 2050 765 1 2051 758 1 2052 773 937 2053 774 1 2054 766 939 2055 781 938 2056 782 920 2057 795 940 2058 791 941 2059 787 942 2060 781 943 2061 798 944 2062 782 945 2063 774 916 2064 791 946 2065 775 947 2066 782 945 2067 799 948 2068 783 949 2069 775 947 2070 792 950 2071 776 951 2072 783 949 2073 800 952 2074 784 953 2075 776 951 2076 793 954 2077 777 955 2078 770 956 2079 785 957 2080 769 958 2081 784 953 2082 786 959 2083 770 956 2084 777 955 2085 794 960 2086 778 961 2087 769 958 2088 787 962 2089 771 963 2090 778 961 2091 795 964 2092 779 965 2093 771 963 2094 788 966 2095 772 967 2096 779 965 2097 796 968 2098 780 969 2099 772 967 2100 789 970 2101 773 914 2102 780 969 2103 797 971 2104 781 943 2105 808 972 2106 812 973 2107 816 974 2108 818 975 2109 819 976 2110 817 977 2111 819 976 2112 822 978 2113 821 979 2114 821 979 2115 824 980 2116 823 981 2117 824 980 2118 825 982 2119 823 981 2120 826 983 2121 827 984 2122 825 982 2123 828 985 2124 829 986 2125 827 984 2126 830 987 2127 831 988 2128 829 986 2129 832 989 2130 833 990 2131 831 988 2132 834 991 2133 835 992 2134 833 990 2135 836 993 2136 837 994 2137 835 992 2138 837 994 2139 840 995 2140 839 996 2141 839 996 2142 842 997 2143 841 38 2144 842 997 2145 843 998 2146 841 38 2147 844 999 2148 845 1000 2149 843 998 2150 845 1000 2151 848 1001 2152 847 1002 2153 848 1001 2154 817 977 2155 847 1002 2156 869 1003 2157 886 1004 2158 870 1005 2159 854 1 2160 871 1006 2161 855 1007 2162 862 1008 2163 879 1 2164 863 1 2165 856 1009 2166 871 1006 2167 872 1010 2168 864 1011 2169 879 1 2170 880 1012 2171 856 1009 2172 873 1013 2173 857 1 2174 850 1014 2175 866 1015 2176 865 1016 2177 864 1011 2178 866 1015 2179 849 1 2180 858 1017 2181 873 1013 2182 874 1018 2183 850 1014 2184 867 1 2185 851 1 2186 858 1017 2187 875 1019 2188 859 1020 2189 852 1021 2190 867 1 2191 868 1022 2192 860 1 2193 875 1019 2194 876 1 2195 852 1021 2196 869 1023 2197 853 1 2198 860 1 2199 877 1024 2200 861 1 2201 854 1 2202 869 1023 2203 870 1 2204 862 1008 2205 877 1024 2206 878 1025 2207 891 1026 2208 887 1027 2209 883 1028 2210 877 1029 2211 894 1030 2212 878 1031 2213 870 1005 2214 887 1032 2215 871 1033 2216 878 1031 2217 895 1034 2218 879 1035 2219 871 1033 2220 888 1036 2221 872 1037 2222 879 1035 2223 896 1038 2224 880 1039 2225 872 1037 2226 889 1040 2227 873 1041 2228 866 1042 2229 881 1043 2230 865 1044 2231 880 1039 2232 882 1045 2233 866 1042 2234 873 1041 2235 890 1046 2236 874 1047 2237 865 1044 2238 883 1048 2239 867 1049 2240 874 1047 2241 891 1050 2242 875 1051 2243 867 1049 2244 884 1052 2245 868 1053 2246 875 1051 2247 892 1054 2248 876 1055 2249 868 1053 2250 885 1056 2251 869 1003 2252 876 1055 2253 893 1057 2254 877 1029 2255 900 1058 2256 904 1059 2257 908 1060 2258 914 1061 2259 915 1062 2260 913 1063 2261 916 1064 2262 917 1065 2263 915 1062 2264 917 1065 2265 920 1066 2266 919 1067 2267 920 1066 2268 921 1068 2269 919 1067 2270 922 1069 2271 923 1070 2272 921 1068 2273 924 1071 2274 925 1072 2275 923 1070 2276 926 1073 2277 927 1074 2278 925 1072 2279 927 1074 2280 930 1075 2281 929 1076 2282 929 1076 2283 932 1077 2284 931 1078 2285 931 1078 2286 934 1079 2287 933 1080 2288 933 1080 2289 936 1081 2290 935 1082 2291 935 1082 2292 938 1083 2293 937 38 2294 938 1083 2295 939 1084 2296 937 38 2297 940 1085 2298 941 1086 2299 939 1084 2300 941 1086 2301 944 1087 2302 943 1088 2303 944 1087 2304 913 1063 2305 943 1088 2306 965 1089 2307 982 1090 2308 966 1091 2309 951 1092 2310 966 1093 2311 967 1094 2312 958 1095 2313 975 1 2314 959 1 2315 952 1096 2316 967 1094 2317 968 1097 2318 960 1 2319 975 1 2320 976 1098 2321 952 1096 2322 969 1099 2323 953 1 2324 945 1100 2325 961 1101 2326 946 1 2327 945 1100 2328 976 1098 2329 962 1102 2330 953 1 2331 970 1103 2332 954 1104 2333 946 1 2334 963 1 2335 947 1105 2336 954 1104 2337 971 1106 2338 955 1107 2339 947 1105 2340 964 1108 2341 948 1109 2342 956 1 2343 971 1106 2344 972 1 2345 948 1109 2346 965 937 2347 949 1 2348 956 1 2349 973 1024 2350 957 1 2351 950 1110 2352 965 937 2353 966 1093 2354 958 1095 2355 973 1024 2356 974 1111 2357 987 1112 2358 983 1113 2359 979 1 2360 973 1114 2361 990 1115 2362 974 1116 2363 966 1091 2364 983 1117 2365 967 1118 2366 974 1116 2367 991 1119 2368 975 1120 2369 967 1118 2370 984 1121 2371 968 1122 2372 975 1120 2373 992 1123 2374 976 1124 2375 968 1122 2376 985 1125 2377 969 1126 2378 962 1127 2379 977 1128 2380 961 1129 2381 976 1124 2382 978 1130 2383 962 1127 2384 969 1126 2385 986 1131 2386 970 1132 2387 961 1129 2388 979 1133 2389 963 1134 2390 970 1132 2391 987 1135 2392 971 1136 2393 963 1134 2394 980 1137 2395 964 1138 2396 971 1136 2397 988 1139 2398 972 1140 2399 964 1138 2400 981 1141 2401 965 1089 2402 972 1140 2403 989 1142 2404 973 1114 2405 996 1143 2406 1000 1144 2407 1004 1145 2408 1011 1146 2409 1010 1147 2410 1009 1148 2411 1013 1149 2412 1012 1150 2413 1011 1146 2414 1015 1151 2415 1014 1152 2416 1013 1149 2417 1017 1153 2418 1016 1154 2419 1015 1151 2420 1019 1155 2421 1018 1156 2422 1017 1153 2423 1021 1157 2424 1020 1158 2425 1019 1155 2426 1021 1157 2427 1024 1159 2428 1022 1160 2429 1023 1161 2430 1026 1162 2431 1024 1159 2432 1025 1163 2433 1028 1164 2434 1026 1162 2435 1027 1165 2436 1030 1166 2437 1028 1164 2438 1029 1167 2439 1032 1168 2440 1030 1166 2441 1031 1169 2442 1034 1170 2443 1032 1168 2444 1035 1171 2445 1034 1170 2446 1033 38 2447 1037 1172 2448 1036 1173 2449 1035 1171 2450 1039 1174 2451 1038 1175 2452 1037 1172 2453 1009 1148 2454 1040 1176 2455 1039 1174 2456 1078 1177 2457 1061 1178 2458 1062 1179 2459 1063 78 2460 1046 1180 2461 1047 78 2462 1055 1181 2463 1070 1182 2464 1054 1183 2465 1064 1184 2466 1047 78 2467 1048 1185 2468 1056 1186 2469 1071 1187 2470 1055 1181 2471 1065 1188 2472 1048 1185 2473 1049 78 2474 1057 1189 2475 1041 1190 2476 1042 1191 2477 1058 1192 2478 1056 1186 2479 1041 1190 2480 1050 1193 2481 1065 1188 2482 1049 78 2483 1043 1194 2484 1057 1189 2485 1042 1191 2486 1051 78 2487 1066 1195 2488 1050 1193 2489 1044 1196 2490 1059 1197 2491 1043 1194 2492 1068 1198 2493 1051 78 2494 1052 1199 2495 1061 1200 2496 1044 1196 2497 1045 78 2498 1069 1201 2499 1052 1199 2500 1053 78 2501 1046 1180 2502 1061 1200 2503 1045 78 2504 1054 1183 2505 1069 1201 2506 1053 78 2507 1087 1202 2508 1074 1203 2509 1081 1204 2510 1086 1205 2511 1069 1206 2512 1070 1207 2513 1079 1208 2514 1062 1179 2515 1063 1209 2516 1087 949 2517 1070 1207 2518 1071 1210 2519 1080 1211 2520 1063 1209 2521 1064 1212 2522 1088 1213 2523 1071 1210 2524 1072 1214 2525 1081 1215 2526 1064 1212 2527 1065 1216 2528 1073 1217 2529 1058 1218 2530 1057 1219 2531 1074 1220 2532 1072 1214 2533 1058 1218 2534 1082 1221 2535 1065 1216 2536 1066 1222 2537 1075 1223 2538 1057 1219 2539 1059 1224 2540 1083 1225 2541 1066 1222 2542 1067 1226 2543 1076 1227 2544 1059 1224 2545 1060 1228 2546 1084 1229 2547 1067 1226 2548 1068 1230 2549 1077 1231 2550 1060 1228 2551 1061 1178 2552 1085 1232 2553 1068 1230 2554 1069 1206 2555 1098 1 2556 1094 1233 2557 1090 1 2558 1107 1234 2559 1106 1235 2560 1105 1236 2561 1107 1234 2562 1110 1237 2563 1108 1238 2564 1109 1239 2565 1112 1240 2566 1110 1237 2567 1113 1241 2568 1112 1240 2569 1111 1242 2570 1115 1243 2571 1114 1244 2572 1113 1241 2573 1117 1245 2574 1116 1246 2575 1115 1243 2576 1119 1247 2577 1118 1248 2578 1117 1245 2579 1121 1249 2580 1120 1250 2581 1119 1247 2582 1123 1251 2583 1122 1252 2584 1121 1249 2585 1125 1253 2586 1124 1254 2587 1123 1251 2588 1125 1253 2589 1128 1255 2590 1126 1256 2591 1127 1257 2592 1130 1258 2593 1128 1255 2594 1131 1259 2595 1130 1258 2596 1129 38 2597 1133 1260 2598 1132 1261 2599 1131 1259 2600 1133 1260 2601 1136 1262 2602 1134 1263 2603 1105 1236 2604 1136 1262 2605 1135 1264 2606 1174 1265 2607 1157 1266 2608 1158 1267 2609 1159 78 2610 1142 1268 2611 1143 78 2612 1167 1269 2613 1150 1270 2614 1151 1271 2615 1144 1272 2616 1159 78 2617 1143 78 2618 1152 1273 2619 1167 1269 2620 1151 1271 2621 1161 1274 2622 1144 1272 2623 1145 78 2624 1138 1275 2625 1154 1276 2626 1137 1277 2627 1154 1276 2628 1152 1273 2629 1137 1277 2630 1146 1278 2631 1161 1274 2632 1145 78 2633 1155 1279 2634 1138 1275 2635 1139 1280 2636 1163 78 2637 1146 1278 2638 1147 78 2639 1140 1281 2640 1155 1279 2641 1139 1280 2642 1148 1282 2643 1163 78 2644 1147 78 2645 1157 1283 2646 1140 1281 2647 1141 78 2648 1165 1284 2649 1148 1282 2650 1149 78 2651 1142 1268 2652 1157 1283 2653 1141 78 2654 1150 1270 2655 1165 1284 2656 1149 78 2657 1177 1285 2658 1181 1286 2659 1170 1287 2660 1182 1288 2661 1165 1289 2662 1166 1290 2663 1175 1291 2664 1158 1267 2665 1159 1209 2666 1183 1292 2667 1166 1290 2668 1167 1210 2669 1176 1293 2670 1159 1209 2671 1160 1294 2672 1184 1295 2673 1167 1210 2674 1168 1296 2675 1177 1297 2676 1160 1294 2677 1161 1298 2678 1169 1299 2679 1154 1300 2680 1153 1301 2681 1170 1302 2682 1168 1296 2683 1154 1300 2684 1178 1303 2685 1161 1298 2686 1162 1304 2687 1171 1305 2688 1153 1301 2689 1155 1306 2690 1179 1307 2691 1162 1304 2692 1163 1308 2693 1172 1309 2694 1155 1306 2695 1156 1310 2696 1180 1311 2697 1163 1308 2698 1164 1312 2699 1173 1313 2700 1156 1310 2701 1157 1266 2702 1181 1314 2703 1164 1312 2704 1165 1289 2705 1198 1315 2706 1194 1 2707 1190 1316 2708 1203 1317 2709 1202 1318 2710 1201 1319 2711 1205 1320 2712 1204 1321 2713 1203 1317 2714 1205 1320 2715 1208 1322 2716 1206 1323 2717 1207 1324 2718 1210 1325 2719 1208 1322 2720 1211 1326 2721 1210 1325 2722 1209 0 2723 1213 1327 2724 1212 1328 2725 1211 1326 2726 1215 1329 2727 1214 1330 2728 1213 1327 2729 1215 1329 2730 1218 1331 2731 1216 1332 2732 1217 1333 2733 1220 1334 2734 1218 1331 2735 1219 1335 2736 1222 1336 2737 1220 1334 2738 1221 1337 2739 1224 1338 2740 1222 1336 2741 1223 1339 2742 1226 1340 2743 1224 1338 2744 1227 1341 2745 1226 1340 2746 1225 38 2747 1229 1342 2748 1228 1343 2749 1227 1341 2750 1229 1342 2751 1232 1344 2752 1230 1345 2753 1201 1319 2754 1232 1344 2755 1231 1346 2756 1270 1347 2757 1253 1348 2758 1254 1349 2759 1239 1350 2760 1254 1351 2761 1238 1352 2762 1263 1353 2763 1246 1354 2764 1247 1355 2765 1240 1356 2766 1255 78 2767 1239 1350 2768 1248 1357 2769 1263 1353 2770 1247 1355 2771 1257 1358 2772 1240 1356 2773 1241 1359 2774 1249 1360 2775 1233 1361 2776 1234 1362 2777 1233 1361 2778 1264 1363 2779 1248 1357 2780 1258 1364 2781 1241 1359 2782 1242 78 2783 1251 1365 2784 1234 1362 2785 1235 1366 2786 1259 78 2787 1242 78 2788 1243 78 2789 1252 1367 2790 1235 1366 2791 1236 1368 2792 1244 1369 2793 1259 78 2794 1243 78 2795 1253 1370 2796 1236 1368 2797 1237 78 2798 1261 1284 2799 1244 1369 2800 1245 78 2801 1238 1352 2802 1253 1370 2803 1237 78 2804 1246 1354 2805 1261 1284 2806 1245 78 2807 1273 1371 2808 1277 1372 2809 1266 1373 2810 1278 1374 2811 1261 1375 2812 1262 1376 2813 1271 1377 2814 1254 1349 2815 1255 1378 2816 1279 1035 2817 1262 1376 2818 1263 1379 2819 1272 1380 2820 1255 1378 2821 1256 1381 2822 1280 1382 2823 1263 1379 2824 1264 1383 2825 1273 1384 2826 1256 1381 2827 1257 1385 2828 1265 1386 2829 1250 1387 2830 1249 1388 2831 1266 1389 2832 1264 1383 2833 1250 1387 2834 1274 1390 2835 1257 1385 2836 1258 1391 2837 1267 1392 2838 1249 1388 2839 1251 1393 2840 1275 1394 2841 1258 1391 2842 1259 1395 2843 1268 1396 2844 1251 1393 2845 1252 1397 2846 1276 1398 2847 1259 1395 2848 1260 1399 2849 1269 1400 2850 1252 1397 2851 1253 1348 2852 1277 1401 2853 1260 1399 2854 1261 1375 2855 1294 1402 2856 1290 1 2857 1286 1403 2858 44 0 2859 3 0 2860 32 0 2861 40 1 2862 10 1 2863 1 1 2864 11 1 2865 4 1 2866 34 1 2867 4 1 2868 5 1 2869 35 1 2870 5 1 2871 6 1 2872 36 1 2873 6 1 2874 7 1404 2875 37 2 2876 37 2 2877 7 1404 2878 8 3 2879 38 4 2880 8 3 2881 9 5 2882 39 1 2883 9 5 2884 10 1 2885 3 1 2886 11 1 2887 41 1 2888 13 6 2889 31 85 2890 52 7 2891 12 9 2892 30 60 2893 80 10 2894 28 12 2895 29 12 2896 79 12 2897 27 12 2898 28 12 2899 78 12 2900 26 12 2901 27 12 2902 77 12 2903 25 12 2904 26 12 2905 76 12 2906 24 12 2907 25 12 2908 75 12 2909 23 12 2910 24 12 2911 74 12 2912 30 13 2913 23 69 2914 73 14 2915 9 15 2916 315 1405 2917 313 16 2918 50 18 2919 20 22 2920 21 19 2921 49 21 2922 19 1406 2923 20 22 2924 18 23 2925 19 1406 2926 49 21 2927 17 25 2928 18 23 2929 48 24 2930 16 27 2931 17 25 2932 47 26 2933 31 29 2934 16 76 2935 46 30 2936 9 32 2937 51 57 2938 316 33 2939 29 35 2940 14 71 2941 68 36 2942 54 38 2943 15 38 2944 42 38 2945 43 39 2946 12 1407 2947 133 40 2948 63 38 2949 42 38 2950 14 38 2951 43 0 2952 64 0 2953 53 0 2954 33 38 2955 63 38 2956 45 38 2957 1 38 2958 54 38 2959 63 38 2960 146 42 2961 147 331 2962 322 43 2963 52 45 2964 46 48 2965 4 46 2966 46 48 2967 47 50 2968 5 49 2969 47 50 2970 48 51 2971 6 51 2972 48 51 2973 49 53 2974 7 52 2975 49 53 2976 50 18 2977 8 54 2978 50 18 2979 51 20 2980 9 55 2981 21 56 2982 320 1408 2983 316 33 2984 44 8 2985 52 7 2986 11 58 2987 53 60 2988 62 1409 2989 30 60 2990 60 61 2991 61 1410 2992 29 62 2993 59 64 2994 60 61 2995 28 63 2996 58 61 2997 59 64 2998 27 63 2999 57 65 3000 58 61 3001 26 65 3002 56 63 3003 57 65 3004 25 63 3005 55 66 3006 56 63 3007 24 65 3008 30 13 3009 62 1411 3010 55 68 3011 61 70 3012 45 1412 3013 14 71 3014 13 0 3015 44 0 3016 64 0 3017 32 0 3018 2 0 3019 65 0 3020 42 38 3021 83 38 3022 68 38 3023 15 38 3024 69 38 3025 83 38 3026 72 72 3027 69 1413 3028 15 73 3029 81 75 3030 70 1414 3031 16 76 3032 155 51 3033 391 51 3034 390 51 3035 21 38 3036 388 38 3037 387 38 3038 19 77 3039 384 51 3040 386 78 3041 156 51 3042 392 51 3043 391 51 3044 20 79 3045 386 78 3046 388 80 3047 71 82 3048 72 72 3049 22 74 3050 67 84 3051 81 1415 3052 31 85 3053 86 86 3054 87 1416 3055 85 87 3056 88 89 3057 90 1417 3058 87 90 3059 90 91 3060 91 92 3061 85 91 3062 85 1 3063 91 1 3064 89 1 3065 89 93 3066 88 1418 3067 86 94 3068 95 78 3069 103 78 3070 106 96 3071 103 78 3072 96 78 3073 106 96 3074 96 78 3075 97 78 3076 106 96 3077 97 78 3078 98 78 3079 106 96 3080 98 78 3081 99 78 3082 106 96 3083 99 78 3084 100 78 3085 107 1419 3086 106 96 3087 99 78 3088 107 1419 3089 101 78 3090 102 1420 3091 107 1419 3092 102 1420 3093 104 1421 3094 107 1419 3095 100 78 3096 101 78 3097 107 1419 3098 117 12 3099 109 12 3100 106 98 3101 106 98 3102 107 1422 3103 113 99 3104 107 1422 3105 108 12 3106 110 1423 3107 107 1422 3108 110 1423 3109 111 1424 3110 116 1425 3111 117 12 3112 106 98 3113 115 1426 3114 116 1425 3115 106 98 3116 107 1422 3117 111 1424 3118 112 1427 3119 107 1422 3120 112 1427 3121 113 99 3122 114 100 3123 115 1426 3124 106 98 3125 119 0 3126 118 0 3127 120 0 3128 122 38 3129 123 38 3130 124 38 3131 121 101 3132 120 1428 3133 122 102 3134 118 78 3135 119 78 3136 124 78 3137 121 103 3138 125 1429 3139 124 104 3140 118 106 3141 123 1430 3142 122 107 3143 126 78 3144 82 1431 3145 128 110 3146 82 1431 3147 67 109 3148 128 110 3149 66 11 3150 136 120 3151 133 111 3152 128 0 3153 130 0 3154 131 0 3155 43 39 3156 132 41 3157 129 112 3158 126 0 3159 131 0 3160 134 0 3161 136 78 3162 66 78 3163 135 78 3164 66 78 3165 82 78 3166 135 78 3167 127 114 3168 129 122 3169 130 115 3170 132 41 3171 133 40 3172 134 117 3173 132 41 3174 131 118 3175 130 119 3176 136 120 3177 135 1432 3178 134 121 3179 67 84 3180 13 6 3181 129 122 3182 169 0 3183 140 0 3184 181 0 3185 177 123 3186 170 78 3187 138 124 3188 171 126 3189 141 130 3190 148 127 3191 172 129 3192 142 131 3193 141 130 3194 173 78 3195 143 78 3196 142 131 3197 174 132 3198 144 134 3199 143 78 3200 174 132 3201 175 135 3202 145 133 3203 175 135 3204 176 137 3205 146 136 3206 176 137 3207 177 123 3208 147 125 3209 178 128 3210 148 127 3211 140 138 3212 189 139 3213 168 179 3214 150 140 3215 80 10 3216 167 180 3217 149 142 3218 79 12 3219 166 12 3220 165 12 3221 78 12 3222 165 12 3223 164 12 3224 77 12 3225 164 12 3226 163 12 3227 76 12 3228 163 12 3229 162 12 3230 75 12 3231 162 12 3232 161 12 3233 74 12 3234 161 12 3235 160 12 3236 73 14 3237 160 1433 3238 167 143 3239 10 17 3240 313 16 3241 314 144 3242 187 146 3243 188 1434 3244 158 147 3245 186 149 3246 187 146 3247 157 148 3248 186 149 3249 156 150 3250 155 151 3251 185 152 3252 155 151 3253 154 153 3254 184 154 3255 154 153 3256 153 155 3257 183 157 3258 153 195 3259 168 158 3260 15 159 3261 54 328 3262 318 160 3263 68 36 3264 151 192 3265 166 162 3266 179 38 3267 152 38 3268 191 38 3269 180 163 3270 248 225 3271 249 164 3272 151 38 3273 179 38 3274 200 38 3275 190 0 3276 201 0 3277 180 0 3278 182 38 3279 200 38 3280 170 38 3281 200 38 3282 191 38 3283 138 38 3284 188 166 3285 146 1435 3286 324 167 3287 141 169 3288 183 171 3289 189 45 3290 142 170 3291 184 172 3292 183 171 3293 143 51 3294 185 51 3295 184 172 3296 144 173 3297 186 175 3298 185 51 3299 145 174 3300 187 146 3301 186 175 3302 146 176 3303 188 1434 3304 187 146 3305 158 177 3306 188 166 3307 325 168 3308 148 85 3309 189 139 3310 181 141 3311 167 180 3312 199 1436 3313 190 181 3314 166 182 3315 198 1437 3316 197 183 3317 165 184 3318 197 183 3319 196 185 3320 164 186 3321 196 185 3322 195 187 3323 163 184 3324 195 187 3325 194 185 3326 162 188 3327 194 185 3328 193 185 3329 161 186 3330 193 185 3331 192 186 3332 167 143 3333 160 1433 3334 192 190 3335 151 192 3336 182 1438 3337 198 193 3338 201 0 3339 181 0 3340 150 0 3341 202 0 3342 139 0 3343 169 0 3344 68 38 3345 83 38 3346 179 38 3347 83 38 3348 69 38 3349 152 38 3350 152 73 3351 69 1413 3352 72 72 3353 153 195 3354 70 1414 3355 81 75 3356 71 38 3357 387 38 3358 394 38 3359 156 196 3360 157 1 3361 393 1 3362 157 197 3363 158 1439 3364 394 198 3365 17 200 3366 16 78 3367 378 78 3368 70 38 3369 377 38 3370 378 38 3371 159 194 3372 72 72 3373 71 82 3374 168 179 3375 81 1415 3376 67 84 3377 204 87 3378 206 1440 3379 205 201 3380 206 1 3381 209 1 3382 207 1 3383 204 202 3384 210 1441 3385 209 91 3386 204 204 3387 203 78 3388 208 205 3389 205 94 3390 207 1418 3391 208 93 3392 226 1 3393 223 1 3394 221 1 3395 226 1 3396 221 1 3397 220 1 3398 226 1 3399 220 1 3400 219 1 3401 226 1 3402 219 1 3403 218 1 3404 226 1 3405 218 1 3406 224 207 3407 218 1 3408 217 1 3409 224 207 3410 216 1 3411 215 1 3412 224 207 3413 215 1 3414 222 1 3415 224 207 3416 217 1 3417 216 1 3418 224 207 3419 224 207 3420 222 1 3421 214 1 3422 225 208 3423 228 12 3424 236 12 3425 225 208 3426 236 12 3427 235 1442 3428 227 12 3429 226 1443 3430 229 1444 3431 226 1443 3432 225 208 3433 232 210 3434 229 1444 3435 226 1443 3436 230 1445 3437 230 1445 3438 226 1443 3439 231 12 3440 225 208 3441 235 1442 3442 234 1446 3443 225 208 3444 234 1446 3445 233 209 3446 231 12 3447 226 1443 3448 232 210 3449 239 0 3450 237 0 3451 238 0 3452 243 38 3453 242 38 3454 241 38 3455 240 211 3456 244 78 3457 241 212 3458 237 214 3459 242 1447 3460 243 215 3461 243 104 3462 244 1429 3463 240 103 3464 241 216 3465 242 1448 3466 237 217 3467 249 219 3468 136 229 3469 66 11 3470 247 0 3471 246 0 3472 128 0 3473 245 220 3474 248 225 3475 180 163 3476 250 0 3477 247 0 3478 126 0 3479 127 222 3480 128 1449 3481 246 223 3482 248 225 3483 247 1450 3484 250 226 3485 246 227 3486 247 1450 3487 248 225 3488 250 228 3489 135 1432 3490 136 229 3491 67 84 3492 127 222 3493 245 224 3494 254 38 3495 253 38 3496 251 38 3497 255 38 3498 257 38 3499 258 38 3500 253 12 3501 263 12 3502 259 12 3503 255 12 3504 268 12 3505 272 12 3506 252 51 3507 262 51 3508 266 51 3509 257 1 3510 272 1 3511 273 1 3512 274 0 3513 271 0 3514 267 0 3515 254 78 3516 266 78 3517 263 78 3518 260 0 3519 264 0 3520 265 0 3521 258 51 3522 273 51 3523 269 51 3524 256 78 3525 269 78 3526 268 78 3527 261 230 3528 262 1451 3529 259 231 3530 263 233 3531 264 1452 3532 260 234 3533 261 236 3534 265 1453 3535 266 237 3536 263 239 3537 266 239 3538 265 239 3539 268 241 3540 269 1454 3541 270 242 3542 271 243 3543 272 1455 3544 268 244 3545 273 246 3546 274 1456 3547 270 247 3548 274 249 3549 273 1451 3550 272 249 3551 251 1 3552 259 1 3553 262 1 3554 276 251 3555 278 1457 3556 277 252 3557 279 254 3558 281 1458 3559 282 255 3560 275 1 3561 280 1 3562 282 1 3563 277 0 3564 279 0 3565 280 0 3566 277 78 3567 278 78 3568 281 78 3569 276 38 3570 282 38 3571 281 38 3572 284 257 3573 286 1459 3574 285 258 3575 287 260 3576 289 1460 3577 290 261 3578 283 1 3579 288 1 3580 290 1 3581 285 0 3582 287 0 3583 288 0 3584 285 78 3585 286 78 3586 289 78 3587 284 38 3588 290 38 3589 289 38 3590 295 263 3591 297 1461 3592 298 264 3593 291 266 3594 296 1462 3595 298 267 3596 293 269 3597 295 1463 3598 296 270 3599 293 272 3600 294 1464 3601 297 273 3602 294 275 3603 292 1465 3604 298 276 3605 306 278 3606 305 1466 3607 303 279 3608 306 281 3609 304 1467 3610 299 282 3611 304 284 3612 303 1468 3613 301 285 3614 301 287 3615 303 1469 3616 305 288 3617 302 290 3618 305 1470 3619 306 291 3620 231 1 3621 311 1 3622 312 1 3623 175 135 3624 308 78 3625 309 78 3626 310 1 3627 311 1 3628 231 1 3629 175 135 3630 174 132 3631 307 78 3632 307 293 3633 174 1471 3634 232 293 3635 309 295 3636 310 1472 3637 230 296 3638 308 12 3639 307 12 3640 312 12 3641 311 12 3642 310 12 3643 309 12 3644 308 12 3645 312 12 3646 311 12 3647 316 298 3648 320 1473 3649 321 299 3650 317 300 3651 321 299 3652 319 301 3653 317 300 3654 318 302 3655 314 303 3656 316 298 3657 317 300 3658 313 304 3659 325 306 3660 326 309 3661 330 307 3662 326 309 3663 327 1474 3664 328 310 3665 323 311 3666 327 1474 3667 326 309 3668 322 312 3669 326 309 3670 325 306 3671 159 314 3672 330 318 3673 328 315 3674 158 317 3675 329 1475 3676 330 318 3677 191 319 3678 327 330 3679 323 320 3680 22 322 3681 15 1476 3682 319 323 3683 21 325 3684 22 322 3685 321 324 3686 1 327 3687 314 1477 3688 318 160 3689 152 329 3690 328 1478 3691 327 330 3692 147 331 3693 138 1479 3694 323 332 3695 333 1 3696 334 1 3697 234 1 3698 172 129 3699 331 78 3700 332 78 3701 349 12 3702 352 12 3703 354 12 3704 345 51 3705 351 51 3706 350 51 3707 348 333 3708 342 1480 3709 337 333 3710 337 333 3711 342 1480 3712 346 334 3713 345 338 3714 344 38 3715 338 339 3716 341 341 3717 345 338 3718 336 340 3719 347 38 3720 340 38 3721 338 339 3722 343 38 3723 348 38 3724 340 38 3725 343 38 3726 349 38 3727 342 343 3728 341 341 3729 346 342 3730 342 343 3731 352 38 3732 350 38 3733 351 38 3734 353 38 3735 350 38 3736 352 38 3737 347 1 3738 353 1 3739 355 1 3740 341 78 3741 354 78 3742 351 78 3743 343 12 3744 355 12 3745 352 12 3746 344 51 3747 350 51 3748 353 51 3749 375 12 3750 373 12 3751 370 12 3752 371 51 3753 372 51 3754 366 51 3755 358 344 3756 363 1480 3757 369 333 3758 367 334 3759 363 1480 3760 358 344 3761 366 338 3762 357 349 3763 359 347 3764 362 348 3765 367 1481 3766 357 349 3767 359 347 3768 361 351 3769 368 350 3770 361 351 3771 369 38 3772 364 38 3773 364 38 3774 369 38 3775 363 352 3776 363 352 3777 367 1481 3778 362 348 3779 372 38 3780 371 38 3781 373 38 3782 373 38 3783 371 38 3784 374 38 3785 376 78 3786 374 78 3787 368 78 3788 372 1 3789 375 1 3790 362 1 3791 373 12 3792 376 12 3793 364 12 3794 374 51 3795 371 51 3796 365 51 3797 377 51 3798 379 51 3799 380 51 3800 379 51 3801 381 51 3802 382 51 3803 381 51 3804 383 51 3805 384 51 3806 383 51 3807 385 354 3808 386 353 3809 385 354 3810 387 1482 3811 388 355 3812 390 51 3813 379 51 3814 377 51 3815 391 51 3816 381 51 3817 379 51 3818 392 51 3819 383 51 3820 381 51 3821 393 356 3822 385 354 3823 383 51 3824 394 357 3825 387 1482 3826 385 354 3827 18 51 3828 382 51 3829 384 51 3830 153 38 3831 389 38 3832 377 38 3833 154 358 3834 390 51 3835 389 1 3836 17 51 3837 380 51 3838 382 51 3839 403 0 3840 400 0 3841 399 0 3842 402 0 3843 401 0 3844 400 0 3845 396 0 3846 397 0 3847 402 0 3848 395 0 3849 396 0 3850 403 0 3851 405 359 3852 406 359 3853 407 359 3854 407 361 3855 411 1483 3856 412 362 3857 397 51 3858 410 51 3859 409 51 3860 396 78 3861 395 78 3862 412 78 3863 401 1 3864 408 1 3865 406 1 3866 400 1 3867 406 1 3868 405 1 3869 398 12 3870 404 12 3871 412 12 3872 397 78 3873 396 78 3874 411 78 3875 402 51 3876 409 51 3877 408 51 3878 399 12 3879 405 12 3880 404 12 3881 420 363 3882 419 1484 3883 417 364 3884 420 366 3885 418 1485 3886 413 367 3887 418 369 3888 417 1468 3889 415 370 3890 415 372 3891 417 1486 3892 419 373 3893 416 290 3894 419 1470 3895 420 375 3896 425 263 3897 427 1487 3898 428 264 3899 421 378 3900 426 1488 3901 428 379 3902 423 269 3903 425 1463 3904 426 380 3905 423 382 3906 424 1489 3907 427 383 3908 424 385 3909 422 1490 3910 428 386 3911 627 798 3912 628 802 3913 626 799 3914 629 801 3915 630 804 3916 628 802 3917 631 803 3918 632 806 3919 630 804 3920 633 805 3921 634 808 3922 632 806 3923 635 807 3924 636 810 3925 634 808 3926 637 809 3927 638 812 3928 636 810 3929 639 811 3930 640 814 3931 638 812 3932 641 813 3933 642 816 3934 640 814 3935 641 813 3936 643 817 3937 644 815 3938 643 817 3939 645 819 3940 646 818 3941 645 819 3942 647 821 3943 648 820 3944 647 821 3945 649 824 3946 650 822 3947 651 823 3948 652 826 3949 650 822 3950 653 825 3951 654 828 3952 652 826 3953 655 827 3954 656 829 3955 654 828 3956 625 800 3957 626 799 3958 656 829 3959 694 830 3960 693 883 3961 677 831 3962 663 833 3963 679 840 3964 678 834 3965 671 836 3966 687 842 3967 686 837 3968 664 839 3969 680 0 3970 679 840 3971 672 841 3972 688 845 3973 687 842 3974 665 0 3975 681 0 3976 680 0 3977 673 0 3978 674 0 3979 657 843 3980 657 843 3981 674 0 3982 688 845 3983 682 0 3984 681 0 3985 665 0 3986 675 847 3987 673 0 3988 658 844 3989 683 840 3990 682 0 3991 666 846 3992 676 0 3993 675 847 3994 659 848 3995 684 0 3996 683 840 3997 667 849 3998 677 852 3999 676 0 4000 660 850 4001 685 854 4002 684 0 4003 668 851 4004 662 835 4005 678 834 4006 677 852 4007 670 838 4008 686 837 4009 685 854 4010 690 0 4011 689 0 4012 697 0 4013 689 0 4014 691 0 4015 696 0 4016 697 0 4017 689 0 4018 696 0 4019 691 0 4020 692 0 4021 694 0 4022 692 0 4023 693 0 4024 694 0 4025 694 0 4026 695 0 4027 691 0 4028 695 0 4029 696 0 4030 691 0 4031 697 0 4032 698 0 4033 704 0 4034 698 0 4035 699 0 4036 703 0 4037 699 0 4038 700 0 4039 703 0 4040 700 0 4041 701 0 4042 702 0 4043 703 0 4044 700 0 4045 702 0 4046 703 0 4047 704 0 4048 698 0 4049 702 856 4050 701 884 4051 685 857 4052 695 859 4053 694 830 4054 678 832 4055 703 861 4056 702 856 4057 686 858 4058 696 863 4059 695 859 4060 679 860 4061 704 865 4062 703 861 4063 687 862 4064 697 867 4065 696 863 4066 680 864 4067 689 869 4068 690 872 4069 674 870 4070 690 872 4071 704 865 4072 688 866 4073 698 873 4074 697 867 4075 681 868 4076 691 875 4077 689 869 4078 673 871 4079 699 877 4080 698 873 4081 682 874 4082 692 879 4083 691 875 4084 675 876 4085 700 881 4086 699 877 4087 683 878 4088 693 883 4089 692 879 4090 676 880 4091 701 884 4092 700 881 4093 684 882 4094 706 38 4095 705 38 4096 713 38 4097 705 38 4098 720 38 4099 714 38 4100 720 38 4101 719 38 4102 714 38 4103 719 38 4104 718 38 4105 715 38 4106 714 38 4107 719 38 4108 715 38 4109 718 38 4110 717 38 4111 716 38 4112 716 38 4113 715 38 4114 718 38 4115 714 38 4116 713 38 4117 705 38 4118 713 38 4119 712 38 4120 706 38 4121 712 38 4122 711 38 4123 706 38 4124 711 38 4125 710 38 4126 707 38 4127 706 38 4128 711 38 4129 707 38 4130 710 38 4131 709 38 4132 708 38 4133 722 885 4134 724 888 4135 723 886 4136 724 888 4137 726 890 4138 725 889 4139 726 890 4140 728 1491 4141 727 891 4142 727 891 4143 728 1491 4144 730 892 4145 730 892 4146 732 895 4147 731 894 4148 732 895 4149 734 1492 4150 733 896 4151 733 896 4152 734 1492 4153 736 897 4154 735 898 4155 736 897 4156 738 899 4157 737 900 4158 738 899 4159 740 901 4160 739 902 4161 740 901 4162 742 903 4163 741 904 4164 742 903 4165 744 905 4166 743 906 4167 744 905 4168 746 907 4169 746 907 4170 748 909 4171 747 908 4172 748 909 4173 750 911 4174 749 910 4175 750 911 4176 752 913 4177 751 912 4178 752 913 4179 722 885 4180 721 887 4181 773 914 4182 789 970 4183 790 915 4184 758 1 4185 774 1 4186 775 917 4187 767 919 4188 766 939 4189 782 920 4190 759 918 4191 775 917 4192 776 921 4193 768 923 4194 767 919 4195 783 1 4196 760 922 4197 776 921 4198 777 925 4199 753 926 4200 770 928 4201 769 927 4202 768 923 4203 784 924 4204 770 928 4205 762 929 4206 761 1 4207 777 925 4208 755 1 4209 754 1 4210 769 927 4211 763 931 4212 762 929 4213 778 930 4214 756 933 4215 755 1 4216 771 1 4217 763 931 4218 779 932 4219 780 935 4220 756 933 4221 772 934 4222 773 937 4223 764 936 4224 780 935 4225 781 938 4226 758 1 4227 757 1 4228 773 937 4229 766 939 4230 765 1 4231 781 938 4232 787 942 4233 785 1 4234 786 1 4235 786 1 4236 800 1 4237 799 1493 4238 799 1493 4239 798 1 4240 797 1 4241 797 1 4242 796 1494 4243 799 1493 4244 796 1494 4245 795 940 4246 799 1493 4247 795 940 4248 794 1495 4249 793 1496 4250 793 1496 4251 792 1 4252 791 941 4253 791 941 4254 790 1497 4255 787 942 4256 790 1497 4257 789 1498 4258 787 942 4259 789 1498 4260 788 1 4261 787 942 4262 787 942 4263 786 1 4264 799 1493 4265 795 940 4266 793 1496 4267 791 941 4268 787 942 4269 799 1493 4270 795 940 4271 781 943 4272 797 971 4273 798 944 4274 774 916 4275 790 915 4276 791 946 4277 782 945 4278 798 944 4279 799 948 4280 775 947 4281 791 946 4282 792 950 4283 783 949 4284 799 948 4285 800 952 4286 776 951 4287 792 950 4288 793 954 4289 770 956 4290 786 959 4291 785 957 4292 784 953 4293 800 952 4294 786 959 4295 777 955 4296 793 954 4297 794 960 4298 769 958 4299 785 957 4300 787 962 4301 778 961 4302 794 960 4303 795 964 4304 771 963 4305 787 962 4306 788 966 4307 779 965 4308 795 964 4309 796 968 4310 772 967 4311 788 966 4312 789 970 4313 780 969 4314 796 968 4315 797 971 4316 816 974 4317 801 78 4318 802 78 4319 802 78 4320 803 1499 4321 816 974 4322 803 1499 4323 804 1500 4324 816 974 4325 804 1500 4326 805 1501 4327 806 1502 4328 806 1502 4329 807 1503 4330 804 1500 4331 807 1503 4332 808 972 4333 804 1500 4334 808 972 4335 809 78 4336 810 78 4337 810 78 4338 811 78 4339 808 972 4340 811 78 4341 812 973 4342 808 972 4343 812 973 4344 813 1504 4345 814 1505 4346 814 1505 4347 815 78 4348 812 973 4349 815 78 4350 816 974 4351 812 973 4352 816 974 4353 804 1500 4354 808 972 4355 818 975 4356 820 1506 4357 819 976 4358 819 976 4359 820 1506 4360 822 978 4361 821 979 4362 822 978 4363 824 980 4364 824 980 4365 826 983 4366 825 982 4367 826 983 4368 828 985 4369 827 984 4370 828 985 4371 830 987 4372 829 986 4373 830 987 4374 832 989 4375 831 988 4376 832 989 4377 834 991 4378 833 990 4379 834 991 4380 836 993 4381 835 992 4382 836 993 4383 838 1507 4384 837 994 4385 837 994 4386 838 1507 4387 840 995 4388 839 996 4389 840 995 4390 842 997 4391 842 997 4392 844 999 4393 843 998 4394 844 999 4395 846 1263 4396 845 1000 4397 845 1000 4398 846 1263 4399 848 1001 4400 848 1001 4401 818 975 4402 817 977 4403 869 1003 4404 885 1056 4405 886 1004 4406 854 1 4407 870 1 4408 871 1006 4409 862 1008 4410 878 1025 4411 879 1 4412 856 1009 4413 855 1007 4414 871 1006 4415 864 1011 4416 863 1 4417 879 1 4418 856 1009 4419 872 1010 4420 873 1013 4421 850 1014 4422 849 1 4423 866 1015 4424 864 1011 4425 880 1012 4426 866 1015 4427 858 1017 4428 857 1 4429 873 1013 4430 850 1014 4431 865 1016 4432 867 1 4433 858 1017 4434 874 1018 4435 875 1019 4436 852 1021 4437 851 1 4438 867 1 4439 860 1 4440 859 1020 4441 875 1019 4442 852 1021 4443 868 1022 4444 869 1023 4445 860 1 4446 876 1 4447 877 1024 4448 854 1 4449 853 1 4450 869 1023 4451 862 1008 4452 861 1 4453 877 1024 4454 883 1028 4455 881 1 4456 882 1 4457 882 1 4458 896 1 4459 895 1508 4460 895 1508 4461 894 1 4462 893 1 4463 893 1 4464 892 1509 4465 895 1508 4466 892 1509 4467 891 1026 4468 895 1508 4469 891 1026 4470 890 1 4471 887 1027 4472 890 1 4473 889 1 4474 887 1027 4475 889 1 4476 888 1 4477 887 1027 4478 887 1027 4479 886 1510 4480 883 1028 4481 886 1510 4482 885 1498 4483 883 1028 4484 885 1498 4485 884 1 4486 883 1028 4487 883 1028 4488 882 1 4489 895 1508 4490 883 1028 4491 895 1508 4492 891 1026 4493 877 1029 4494 893 1057 4495 894 1030 4496 870 1005 4497 886 1004 4498 887 1032 4499 878 1031 4500 894 1030 4501 895 1034 4502 871 1033 4503 887 1032 4504 888 1036 4505 879 1035 4506 895 1034 4507 896 1038 4508 872 1037 4509 888 1036 4510 889 1040 4511 866 1042 4512 882 1045 4513 881 1043 4514 880 1039 4515 896 1038 4516 882 1045 4517 873 1041 4518 889 1040 4519 890 1046 4520 865 1044 4521 881 1043 4522 883 1048 4523 874 1047 4524 890 1046 4525 891 1050 4526 867 1049 4527 883 1048 4528 884 1052 4529 875 1051 4530 891 1050 4531 892 1054 4532 868 1053 4533 884 1052 4534 885 1056 4535 876 1055 4536 892 1054 4537 893 1057 4538 912 1511 4539 897 78 4540 898 1512 4541 898 1512 4542 899 1513 4543 900 1058 4544 900 1058 4545 901 1514 4546 902 1515 4547 902 1515 4548 903 78 4549 904 1059 4550 904 1059 4551 905 78 4552 906 78 4553 906 78 4554 907 78 4555 908 1060 4556 908 1060 4557 909 1516 4558 910 1517 4559 910 1517 4560 911 1518 4561 912 1511 4562 912 1511 4563 898 1512 4564 900 1058 4565 900 1058 4566 902 1515 4567 904 1059 4568 904 1059 4569 906 78 4570 908 1060 4571 908 1060 4572 910 1517 4573 912 1511 4574 912 1511 4575 900 1058 4576 908 1060 4577 914 1061 4578 916 1064 4579 915 1062 4580 916 1064 4581 918 1519 4582 917 1065 4583 917 1065 4584 918 1519 4585 920 1066 4586 920 1066 4587 922 1069 4588 921 1068 4589 922 1069 4590 924 1071 4591 923 1070 4592 924 1071 4593 926 1073 4594 925 1072 4595 926 1073 4596 928 1520 4597 927 1074 4598 927 1074 4599 928 1520 4600 930 1075 4601 929 1076 4602 930 1075 4603 932 1077 4604 931 1078 4605 932 1077 4606 934 1079 4607 933 1080 4608 934 1079 4609 936 1081 4610 935 1082 4611 936 1081 4612 938 1083 4613 938 1083 4614 940 1085 4615 939 1084 4616 940 1085 4617 942 1263 4618 941 1086 4619 941 1086 4620 942 1263 4621 944 1087 4622 944 1087 4623 914 1061 4624 913 1063 4625 965 1089 4626 981 1141 4627 982 1090 4628 951 1092 4629 950 1110 4630 966 1093 4631 958 1095 4632 974 1111 4633 975 1 4634 952 1096 4635 951 1092 4636 967 1094 4637 960 1 4638 959 1 4639 975 1 4640 952 1096 4641 968 1097 4642 969 1099 4643 945 1100 4644 962 1102 4645 961 1101 4646 945 1100 4647 960 1 4648 976 1098 4649 953 1 4650 969 1099 4651 970 1103 4652 946 1 4653 961 1101 4654 963 1 4655 954 1104 4656 970 1103 4657 971 1106 4658 947 1105 4659 963 1 4660 964 1108 4661 956 1 4662 955 1107 4663 971 1106 4664 948 1109 4665 964 1108 4666 965 937 4667 956 1 4668 972 1 4669 973 1024 4670 950 1110 4671 949 1 4672 965 937 4673 958 1095 4674 957 1 4675 973 1024 4676 979 1 4677 977 1 4678 978 1 4679 978 1 4680 992 1 4681 979 1 4682 992 1 4683 991 1 4684 979 1 4685 991 1 4686 990 1521 4687 987 1112 4688 990 1521 4689 989 1522 4690 987 1112 4691 989 1522 4692 988 1523 4693 987 1112 4694 987 1112 4695 986 1 4696 983 1113 4697 986 1 4698 985 1 4699 983 1113 4700 985 1 4701 984 1 4702 983 1113 4703 983 1113 4704 982 1524 4705 981 1525 4706 981 1525 4707 980 1526 4708 983 1113 4709 980 1526 4710 979 1 4711 983 1113 4712 979 1 4713 991 1 4714 987 1112 4715 973 1114 4716 989 1142 4717 990 1115 4718 966 1091 4719 982 1090 4720 983 1117 4721 974 1116 4722 990 1115 4723 991 1119 4724 967 1118 4725 983 1117 4726 984 1121 4727 975 1120 4728 991 1119 4729 992 1123 4730 968 1122 4731 984 1121 4732 985 1125 4733 962 1127 4734 978 1130 4735 977 1128 4736 976 1124 4737 992 1123 4738 978 1130 4739 969 1126 4740 985 1125 4741 986 1131 4742 961 1129 4743 977 1128 4744 979 1133 4745 970 1132 4746 986 1131 4747 987 1135 4748 963 1134 4749 979 1133 4750 980 1137 4751 971 1136 4752 987 1135 4753 988 1139 4754 964 1138 4755 980 1137 4756 981 1141 4757 972 1140 4758 988 1139 4759 989 1142 4760 1008 1527 4761 993 78 4762 994 78 4763 994 78 4764 995 1528 4765 1008 1527 4766 995 1528 4767 996 1143 4768 1008 1527 4769 996 1143 4770 997 1514 4771 998 1529 4772 998 1529 4773 999 1530 4774 996 1143 4775 999 1530 4776 1000 1144 4777 996 1143 4778 1000 1144 4779 1001 78 4780 1004 1145 4781 1001 78 4782 1002 78 4783 1004 1145 4784 1002 78 4785 1003 78 4786 1004 1145 4787 1004 1145 4788 1005 1531 4789 1006 1532 4790 1006 1532 4791 1007 1533 4792 1008 1527 4793 1004 1145 4794 1006 1532 4795 1008 1527 4796 1008 1527 4797 996 1143 4798 1004 1145 4799 1011 1146 4800 1012 1150 4801 1010 1147 4802 1013 1149 4803 1014 1152 4804 1012 1150 4805 1015 1151 4806 1016 1154 4807 1014 1152 4808 1017 1153 4809 1018 1156 4810 1016 1154 4811 1019 1155 4812 1020 1158 4813 1018 1156 4814 1021 1157 4815 1022 1160 4816 1020 1158 4817 1021 1157 4818 1023 1161 4819 1024 1159 4820 1023 1161 4821 1025 1163 4822 1026 1162 4823 1025 1163 4824 1027 1165 4825 1028 1164 4826 1027 1165 4827 1029 1167 4828 1030 1166 4829 1029 1167 4830 1031 1169 4831 1032 1168 4832 1031 1169 4833 1033 38 4834 1034 1170 4835 1035 1171 4836 1036 1173 4837 1034 1170 4838 1037 1172 4839 1038 1175 4840 1036 1173 4841 1039 1174 4842 1040 1176 4843 1038 1175 4844 1009 1148 4845 1010 1147 4846 1040 1176 4847 1078 1177 4848 1077 1231 4849 1061 1178 4850 1063 78 4851 1062 1534 4852 1046 1180 4853 1055 1181 4854 1071 1187 4855 1070 1182 4856 1064 1184 4857 1063 78 4858 1047 78 4859 1056 1186 4860 1072 1535 4861 1071 1187 4862 1065 1188 4863 1064 1184 4864 1048 1185 4865 1057 1189 4866 1058 1192 4867 1041 1190 4868 1058 1192 4869 1072 1535 4870 1056 1186 4871 1050 1193 4872 1066 1195 4873 1065 1188 4874 1043 1194 4875 1059 1197 4876 1057 1189 4877 1051 78 4878 1067 78 4879 1066 1195 4880 1044 1196 4881 1060 1536 4882 1059 1197 4883 1068 1198 4884 1067 78 4885 1051 78 4886 1061 1200 4887 1060 1536 4888 1044 1196 4889 1069 1201 4890 1068 1198 4891 1052 1199 4892 1046 1180 4893 1062 1534 4894 1061 1200 4895 1054 1183 4896 1070 1182 4897 1069 1201 4898 1074 1203 4899 1073 78 4900 1075 1537 4901 1075 1537 4902 1076 78 4903 1077 78 4904 1077 78 4905 1078 78 4906 1081 1204 4907 1078 78 4908 1079 1538 4909 1081 1204 4910 1079 1538 4911 1080 1539 4912 1081 1204 4913 1081 1204 4914 1082 78 4915 1083 78 4916 1083 78 4917 1084 78 4918 1081 1204 4919 1084 78 4920 1085 78 4921 1081 1204 4922 1085 78 4923 1086 78 4924 1087 1202 4925 1087 1202 4926 1088 1540 4927 1074 1203 4928 1074 1203 4929 1075 1537 4930 1081 1204 4931 1075 1537 4932 1077 78 4933 1081 1204 4934 1085 78 4935 1087 1202 4936 1081 1204 4937 1086 1205 4938 1085 1232 4939 1069 1206 4940 1079 1208 4941 1078 1177 4942 1062 1179 4943 1087 949 4944 1086 1205 4945 1070 1207 4946 1080 1211 4947 1079 1208 4948 1063 1209 4949 1088 1213 4950 1087 949 4951 1071 1210 4952 1081 1215 4953 1080 1211 4954 1064 1212 4955 1073 1217 4956 1074 1220 4957 1058 1218 4958 1074 1220 4959 1088 1213 4960 1072 1214 4961 1082 1221 4962 1081 1215 4963 1065 1216 4964 1075 1223 4965 1073 1217 4966 1057 1219 4967 1083 1225 4968 1082 1221 4969 1066 1222 4970 1076 1227 4971 1075 1223 4972 1059 1224 4973 1084 1229 4974 1083 1225 4975 1067 1226 4976 1077 1231 4977 1076 1227 4978 1060 1228 4979 1085 1232 4980 1084 1229 4981 1068 1230 4982 1090 1 4983 1089 1 4984 1104 1 4985 1104 1 4986 1103 1 4987 1102 1541 4988 1102 1541 4989 1101 1542 4990 1100 1543 4991 1100 1543 4992 1099 1 4993 1102 1541 4994 1099 1 4995 1098 1 4996 1102 1541 4997 1098 1 4998 1097 1 4999 1096 1 5000 1096 1 5001 1095 1 5002 1098 1 5003 1095 1 5004 1094 1233 5005 1098 1 5006 1094 1233 5007 1093 1544 5008 1092 1545 5009 1092 1545 5010 1091 1546 5011 1094 1233 5012 1091 1546 5013 1090 1 5014 1094 1233 5015 1090 1 5016 1104 1 5017 1098 1 5018 1104 1 5019 1102 1541 5020 1098 1 5021 1107 1234 5022 1108 1238 5023 1106 1235 5024 1107 1234 5025 1109 1239 5026 1110 1237 5027 1109 1239 5028 1111 1242 5029 1112 1240 5030 1113 1241 5031 1114 1244 5032 1112 1240 5033 1115 1243 5034 1116 1246 5035 1114 1244 5036 1117 1245 5037 1118 1248 5038 1116 1246 5039 1119 1247 5040 1120 1250 5041 1118 1248 5042 1121 1249 5043 1122 1252 5044 1120 1250 5045 1123 1251 5046 1124 1254 5047 1122 1252 5048 1125 1253 5049 1126 1256 5050 1124 1254 5051 1125 1253 5052 1127 1257 5053 1128 1255 5054 1127 1257 5055 1129 38 5056 1130 1258 5057 1131 1259 5058 1132 1261 5059 1130 1258 5060 1133 1260 5061 1134 1263 5062 1132 1261 5063 1133 1260 5064 1135 1264 5065 1136 1262 5066 1105 1236 5067 1106 1235 5068 1136 1262 5069 1174 1265 5070 1173 1313 5071 1157 1266 5072 1159 78 5073 1158 1547 5074 1142 1268 5075 1167 1269 5076 1166 1548 5077 1150 1270 5078 1144 1272 5079 1160 1549 5080 1159 78 5081 1152 1273 5082 1168 1550 5083 1167 1269 5084 1161 1274 5085 1160 1549 5086 1144 1272 5087 1138 1275 5088 1153 1551 5089 1154 1276 5090 1154 1276 5091 1168 1550 5092 1152 1273 5093 1146 1278 5094 1162 1552 5095 1161 1274 5096 1155 1279 5097 1153 1551 5098 1138 1275 5099 1163 78 5100 1162 1552 5101 1146 1278 5102 1140 1281 5103 1156 1553 5104 1155 1279 5105 1148 1282 5106 1164 1554 5107 1163 78 5108 1157 1283 5109 1156 1553 5110 1140 1281 5111 1165 1284 5112 1164 1554 5113 1148 1282 5114 1142 1268 5115 1158 1547 5116 1157 1283 5117 1150 1270 5118 1166 1548 5119 1165 1284 5120 1170 1287 5121 1169 78 5122 1171 1555 5123 1171 1555 5124 1172 78 5125 1173 78 5126 1173 78 5127 1174 78 5128 1177 1285 5129 1174 78 5130 1175 1538 5131 1177 1285 5132 1175 1538 5133 1176 1556 5134 1177 1285 5135 1177 1285 5136 1178 78 5137 1179 78 5138 1179 78 5139 1180 78 5140 1177 1285 5141 1180 78 5142 1181 1286 5143 1177 1285 5144 1181 1286 5145 1182 1557 5146 1170 1287 5147 1182 1557 5148 1183 1558 5149 1170 1287 5150 1183 1558 5151 1184 1559 5152 1170 1287 5153 1170 1287 5154 1171 1555 5155 1177 1285 5156 1171 1555 5157 1173 78 5158 1177 1285 5159 1182 1288 5160 1181 1314 5161 1165 1289 5162 1175 1291 5163 1174 1265 5164 1158 1267 5165 1183 1292 5166 1182 1288 5167 1166 1290 5168 1176 1293 5169 1175 1291 5170 1159 1209 5171 1184 1295 5172 1183 1292 5173 1167 1210 5174 1177 1297 5175 1176 1293 5176 1160 1294 5177 1169 1299 5178 1170 1302 5179 1154 1300 5180 1170 1302 5181 1184 1295 5182 1168 1296 5183 1178 1303 5184 1177 1297 5185 1161 1298 5186 1171 1305 5187 1169 1299 5188 1153 1301 5189 1179 1307 5190 1178 1303 5191 1162 1304 5192 1172 1309 5193 1171 1305 5194 1155 1306 5195 1180 1311 5196 1179 1307 5197 1163 1308 5198 1173 1313 5199 1172 1309 5200 1156 1310 5201 1181 1314 5202 1180 1311 5203 1164 1312 5204 1186 1560 5205 1185 1 5206 1200 1 5207 1200 1 5208 1199 1 5209 1198 1315 5210 1198 1315 5211 1197 1561 5212 1196 1562 5213 1196 1562 5214 1195 1 5215 1198 1315 5216 1195 1 5217 1194 1 5218 1198 1315 5219 1194 1 5220 1193 1 5221 1192 1 5222 1192 1 5223 1191 1 5224 1190 1316 5225 1190 1316 5226 1189 1563 5227 1188 1564 5228 1188 1564 5229 1187 1 5230 1186 1560 5231 1186 1560 5232 1200 1 5233 1198 1315 5234 1194 1 5235 1192 1 5236 1190 1316 5237 1190 1316 5238 1188 1564 5239 1186 1560 5240 1186 1560 5241 1198 1315 5242 1190 1316 5243 1203 1317 5244 1204 1321 5245 1202 1318 5246 1205 1320 5247 1206 1323 5248 1204 1321 5249 1205 1320 5250 1207 1324 5251 1208 1322 5252 1207 1324 5253 1209 0 5254 1210 1325 5255 1211 1326 5256 1212 1328 5257 1210 1325 5258 1213 1327 5259 1214 1330 5260 1212 1328 5261 1215 1329 5262 1216 1332 5263 1214 1330 5264 1215 1329 5265 1217 1333 5266 1218 1331 5267 1217 1333 5268 1219 1335 5269 1220 1334 5270 1219 1335 5271 1221 1337 5272 1222 1336 5273 1221 1337 5274 1223 1339 5275 1224 1338 5276 1223 1339 5277 1225 38 5278 1226 1340 5279 1227 1341 5280 1228 1343 5281 1226 1340 5282 1229 1342 5283 1230 1345 5284 1228 1343 5285 1229 1342 5286 1231 1346 5287 1232 1344 5288 1201 1319 5289 1202 1318 5290 1232 1344 5291 1270 1347 5292 1269 1400 5293 1253 1348 5294 1239 1350 5295 1255 78 5296 1254 1351 5297 1263 1353 5298 1262 1565 5299 1246 1354 5300 1240 1356 5301 1256 1566 5302 1255 78 5303 1248 1357 5304 1264 1363 5305 1263 1353 5306 1257 1358 5307 1256 1566 5308 1240 1356 5309 1249 1360 5310 1250 1567 5311 1233 1361 5312 1233 1361 5313 1250 1567 5314 1264 1363 5315 1258 1364 5316 1257 1358 5317 1241 1359 5318 1251 1365 5319 1249 1360 5320 1234 1362 5321 1259 78 5322 1258 1364 5323 1242 78 5324 1252 1367 5325 1251 1365 5326 1235 1366 5327 1244 1369 5328 1260 1568 5329 1259 78 5330 1253 1370 5331 1252 1367 5332 1236 1368 5333 1261 1284 5334 1260 1568 5335 1244 1369 5336 1238 1352 5337 1254 1351 5338 1253 1370 5339 1246 1354 5340 1262 1565 5341 1261 1284 5342 1266 1373 5343 1265 78 5344 1267 1569 5345 1267 1569 5346 1268 78 5347 1269 78 5348 1269 78 5349 1270 78 5350 1271 1570 5351 1271 1570 5352 1272 1571 5353 1273 1371 5354 1273 1371 5355 1274 78 5356 1275 78 5357 1275 78 5358 1276 78 5359 1273 1371 5360 1276 78 5361 1277 1372 5362 1273 1371 5363 1277 1372 5364 1278 1572 5365 1266 1373 5366 1278 1572 5367 1279 1573 5368 1266 1373 5369 1279 1573 5370 1280 1559 5371 1266 1373 5372 1266 1373 5373 1267 1569 5374 1273 1371 5375 1267 1569 5376 1269 78 5377 1273 1371 5378 1269 78 5379 1271 1570 5380 1273 1371 5381 1278 1374 5382 1277 1401 5383 1261 1375 5384 1271 1377 5385 1270 1347 5386 1254 1349 5387 1279 1035 5388 1278 1374 5389 1262 1376 5390 1272 1380 5391 1271 1377 5392 1255 1378 5393 1280 1382 5394 1279 1035 5395 1263 1379 5396 1273 1384 5397 1272 1380 5398 1256 1381 5399 1265 1386 5400 1266 1389 5401 1250 1387 5402 1266 1389 5403 1280 1382 5404 1264 1383 5405 1274 1390 5406 1273 1384 5407 1257 1385 5408 1267 1392 5409 1265 1386 5410 1249 1388 5411 1275 1394 5412 1274 1390 5413 1258 1391 5414 1268 1396 5415 1267 1392 5416 1251 1393 5417 1276 1398 5418 1275 1394 5419 1259 1395 5420 1269 1400 5421 1268 1396 5422 1252 1397 5423 1277 1401 5424 1276 1398 5425 1260 1399 5426 1282 1 5427 1281 1 5428 1294 1402 5429 1281 1 5430 1296 1 5431 1294 1402 5432 1296 1 5433 1295 1 5434 1294 1402 5435 1294 1402 5436 1293 1574 5437 1292 1575 5438 1292 1575 5439 1291 1 5440 1290 1 5441 1290 1 5442 1289 1 5443 1288 1 5444 1288 1 5445 1287 1 5446 1290 1 5447 1287 1 5448 1286 1403 5449 1290 1 5450 1286 1403 5451 1285 1563 5452 1284 1576 5453 1284 1576 5454 1283 1577 5455 1286 1403 5456 1283 1577 5457 1282 1 5458 1286 1403 5459 1294 1402 5460 1292 1575 5461 1290 1 5462 1282 1 5463 1294 1402 5464 1286 1403 5465</p>
        </triangles>
      </mesh>
    </geometry>
  </library_geometries>
  <library_visual_scenes>
    <visual_scene id="Scene" name="Scene">
      <node id="coyote" name="coyote" type="NODE">
        <matrix sid="transform">0.9142407 0 0 0 0 1 0 0 0 0 1 0 0 0 0 1</matrix>
        <instance_geometry url="#Cube_002-mesh" name="coyote">
          <bind_material>
            <technique_common>
              <instance_material symbol="Material_004-material" target="#Material_004-material">
                <bind_vertex_input semantic="UVMap" input_semantic="TEXCOORD" input_set="0"/>
              </instance_material>
            </technique_common>
          </bind_material>
        </instance_geometry>
        <node id="prop_w_01" name="prop_w_01" type="NODE">
          <matrix sid="transform">0.7558444 0 0 3.63646 0 1 0 4.284296 0 0 1 -0.1581191 0 0 0 1</matrix>
        </node>
        <node id="prop_w_02" name="prop_w_02" type="NODE">
          <matrix sid="transform">0.7558444 0 0 -3.636458 0 1 0 4.284296 0 0 1 -0.1581191 0 0 0 1</matrix>
        </node>
      </node>
    </visual_scene>
  </library_visual_scenes>
  <scene>
    <instance_visual_scene url="#Scene"/>
  </scene>
</COLLADA>