<?xml version="1.0" encoding="utf-8"?>
<COLLADA xmlns="http://www.collada.org/2005/11/COLLADASchema" version="1.4.1" xmlns:xsi="http://www.w3.org/2001/XMLSchema-instance">
  <asset>
    <contributor>
      <author>Blender User</author>
      <authoring_tool>Blender 4.3.1 commit date:2024-12-10, commit time:07:46, hash:33d812126174</authoring_tool>
    </contributor>
    <created>2026-09-15T15:52:06</created>
    <modified>2026-09-15T15:52:06</modified>
    <unit name="meter" meter="1"/>
    <up_axis>Z_UP</up_axis>
  </asset>
  <library_effects>
    <effect id="Material_004-effect">
      <profile_COMMON>
        <newparam sid="mla_veh_01_png-surface">
          <surface type="2D">
            <init_from>mla_veh_01_png</init_from>
          </surface>
        </newparam>
        <newparam sid="mla_veh_01_png-sampler">
          <sampler2D>
            <source>mla_veh_01_png-surface</source>
          </sampler2D>
        </newparam>
        <technique sid="common">
          <lambert>
            <emission>
              <color sid="emission">0 0 0 1</color>
            </emission>
            <diffuse>
              <texture texture="mla_veh_01_png-sampler" texcoord="UVMap"/>
            </diffuse>
            <index_of_refraction>
              <float sid="ior">1.5</float>
            </index_of_refraction>
          </lambert>
        </technique>
      </profile_COMMON>
    </effect>
  </library_effects>
  <library_images>
    <image id="mla_veh_01_png" name="mla_veh_01_png">
      <init_from>/home/welton/snap/0ad/739/.local/share/0ad/mods/mars_wars/art/textures/skins/vehicle/mla_veh_01.png</init_from>
    </image>
  </library_images>
  <library_materials>
    <material id="Material_004-material" name="Material.004">
      <instance_effect url="#Material_004-effect"/>
    </material>
  </library_materials>
  <library_geometries>
    <geometry id="Cube_020-mesh" name="Cube.020">
      <mesh>
        <source id="Cube_020-mesh-positions">
          <float_array id="Cube_020-mesh-positions-array" count="3837">-3.175364 1.3338 3.15025 -2.717759 1.791405 3.610663 -3.175364 6.278173 3.15025 -2.717759 5.549221 3.610663 -2.717759 4.55769 3.610663 -2.717759 2.945745 3.610663 -3.175364 2.945744 3.15025 -3.175364 4.55769 3.15025 -3.175364 0.9325318 3.170738 -2.669774 1.132074 3.636096 -3.247277 -3.069034 1.137431 -2.96726 -3.069034 3.554262 -3.247277 -0.5626354 1.137431 -2.96726 -0.5626354 3.554262 -2.96726 1.125882 3.554262 -3.247277 0.01878547 1.137431 -1.937752 -6.83971 2.505344 -1.840738 -6.83971 3.40064 -2.669774 -3.556678 4.248216 -2.452994 -4.38192 4.065016 -2.390745 -5.207163 3.832017 -3.344934 -5.207163 3.14052 -3.344934 -4.38192 2.93796 -3.344934 -3.556678 1.925163 -2.354681 -0.5626354 5.455861 -2.354681 1.125882 5.455861 -2.354681 -0.3803864 5.23563 -2.669774 -0.3803864 3.774494 -2.669774 0.9436326 3.774494 -2.354681 0.9436326 5.23563 -2.354681 -1.759274 5.455861 -2.137902 -2.160889 5.455861 -2.354681 -0.5626354 5.151952 -2.354681 -1.759274 5.151952 0 1.3338 3.15025 0 1.791405 3.610663 0 6.278173 3.15025 0 6.006826 3.610663 0 2.945744 3.15025 0 4.55769 3.15025 0 0.9325318 3.170738 0 1.132074 3.636096 0 -3.069034 1.137431 0 -0.5626354 1.137431 0 1.125882 3.554262 0 0.01878547 1.137431 0.07517403 -6.83971 2.505344 0.07517403 -6.83971 3.40064 0 -4.38192 4.065016 0.07517403 -5.207163 3.14052 0 -4.38192 2.93796 0 -3.556678 1.925163 0 -0.5626354 5.455861 0 1.125882 5.455861 0 -1.759274 5.455861 0 -2.160889 5.455861 -2.62955 -3.969299 4.248216 -3.344934 -3.969299 2.431561 -2.246291 -2.015567 5.455861 0 -3.969299 2.431561 0 -2.015567 5.455861 -2.356477 1.131201 3.80331 -2.356477 1.126464 3.740707 -2.115432 1.126464 5.195425 0 1.131201 3.80331 0 1.126464 5.195425 -2.669774 -3.069034 3.69193 -2.669774 -0.5626354 3.69193 -2.669774 -3.361307 4.385884 -2.452994 -4.213927 4.208287 0 -4.213927 4.208287 -2.865364 -3.069034 1.137431 -2.865364 -0.5626354 1.137431 -2.865364 -0.5626352 3.525465 -2.865364 -3.069034 3.554262 -2.865364 0.01878547 1.137431 -2.103144 0.8014284 3.529724 -2.340287 -3.576879 4.220681 -2.865364 -3.583378 1.917758 -3.024131 -3.985628 2.394453 -2.32302 -3.937764 4.122944 -2.169264 -4.321032 4.099659 -3.053521 -4.360976 2.879856 -2.039035 -1.746636 5.169399 -2.080522 -1.965296 5.149853 -2.359774 -0.3803861 3.745698 -2.314102 0.7345843 3.745698 -2.44683 0.7345843 5.206834 -2.44648 0.8098829 5.139419 -1.863844 -0.5626352 5.231104 -2.044681 -0.3803861 5.206834 -2.044681 -1.786241 5.151952 -2.044681 -0.5626354 5.151952 0 -0.5626354 5.145861 0 -1.759274 5.145861 0 -2.015567 5.145861 0 0.8165739 5.145861 -2.013244 -2.107787 5.145861 0 -2.160889 5.145861 -2.115113 0.816464 5.195025 0 0.8164646 5.194732 0 0.8220781 3.634478 0 0.821205 3.801692 -2.356477 0.821205 3.801692 -2.669774 0.8220781 3.634478 -2.355838 0.8164644 3.740601 -2.359774 -3.069034 3.69193 -2.359774 -3.361307 4.385884 -2.359774 -0.5626354 3.69193 -1.530932 -6.83971 1.5662 0.07517403 -6.83971 1.5662 0 -6.695141 1.5662 -2.361294 -3.206228 1.5662 0 -2.958874 1.5662 -2.958585 -2.684052 1.177391 0 -2.684052 1.177391 -2.772212 0.7367072 3.15025 -2.772212 6.278173 3.15025 -2.772212 2.945744 3.15025 -2.772212 4.55769 3.15025 0 0.7367072 3.15025 0 6.278173 3.15025 0 2.945744 3.15025 0 4.55769 3.15025 -2.622932 2.945744 1.773693 -2.622932 0.7367072 1.773693 -2.622932 4.55769 1.773693 -2.622932 6.278173 1.773693 0 0.7367072 1.773693 0 2.945744 1.773693 0 4.55769 1.773693 0 6.278173 1.773693 -2.772212 5.417932 3.15025 0 5.417932 3.15025 -2.622932 5.417932 1.773693 0 5.417932 1.773693 -2.772212 2.945744 2.461971 -2.772212 0.7367072 2.461971 0 6.278173 2.461971 -2.772212 6.278173 2.461971 0 4.55769 2.461971 0 0.7367072 2.461971 0 2.945744 2.461971 -2.772212 4.55769 2.461971 -2.772212 5.417932 2.461971 0 5.417932 2.461971 -1.401936 -6.695141 1.5662 0 -2.958874 1.5662 -1.401936 -3.206228 1.5662 -1.401936 -6.384998 2.921535 -1.401936 -3.848654 2.921535 -2.504776 6.32137 2.349701 0.05351996 6.32137 2.349701 0.05351996 6.32137 1.752495 -2.504776 6.32137 1.752495 0.05351996 6.031744 2.349701 -2.504776 6.031744 2.349701 -2.504776 6.031744 1.752495 0.05351996 6.031744 1.752495 -2.479619 -2.073078 1.441719 -2.479619 -0.4592722 1.441719 -0.0824629 -0.4592722 1.441719 -0.0824629 -2.073078 1.441719 -2.479619 0.04320311 1.441719 -0.0824629 0.04320311 1.441719 -1.974029 0.8093882 4.039445 -0.0824629 0.8093882 4.039445 -3.175364 -3.069034 1.447431 0 -3.069034 1.447431 0 -0.5626354 1.447431 -3.175364 -0.5626354 1.447431 -3.175364 -0.2630518 1.266535 0 -0.2630518 1.266535 0 0.8440443 3.683365 -2.669774 0.8440443 3.683365 -1.269419 -0.5254016 5.692986 -1.269419 0.7796669 5.692986 -1.269419 -1.450294 5.692986 0 -0.5253985 5.692986 0 0.7796669 5.692986 0 -1.450291 5.692986 -1.38043 -0.5381286 5.408446 -1.38043 0.8980074 5.408446 -1.38043 -1.555907 5.408446 0 -0.5381255 5.408446 0 0.8980074 5.408446 0 -1.555904 5.408446 -2.479619 -2.073078 1.630117 -2.263078 -1.823288 1.804982 -2.263078 -0.5735099 1.804982 -2.479619 -0.3376701 1.751719 -1.757488 0.4172493 3.902406 -1.974029 0.7306398 4.09547 -2.479619 -0.093369 1.751719 -2.263078 -0.1700062 1.911335 -0.2990044 -1.823288 1.804982 -0.0824629 -2.073078 1.630117 -0.0824629 -0.3376701 1.751719 -0.2990044 -0.5735099 1.804982 -0.0824629 0.7306398 4.09547 -0.2990044 0.4172493 3.902406 -0.2990044 -0.1700062 1.911335 -0.0824629 -0.093369 1.751719 -2.452994 -3.820282 3.564482 0 -3.820282 3.564482 3.175364 1.3338 3.15025 2.717759 1.791405 3.610663 3.175364 6.278173 3.15025 2.717759 5.549221 3.610663 2.717759 4.55769 3.610663 2.717759 2.945745 3.610663 3.175364 2.945744 3.15025 3.175364 4.55769 3.15025 3.175364 0.9325318 3.170738 2.669774 1.132074 3.636096 3.247277 -3.069034 1.137431 2.96726 -3.069034 3.554262 3.247277 -0.5626354 1.137431 2.96726 -0.5626354 3.554262 2.96726 1.125882 3.554262 3.247277 0.01878547 1.137431 2.0881 -6.83971 2.505344 1.991086 -6.83971 3.40064 2.669774 -3.556678 4.248216 2.452994 -4.38192 4.065016 2.390745 -5.207163 3.832017 2.593194 -5.207163 3.14052 3.344934 -4.38192 2.93796 3.344934 -3.556678 1.925163 2.354681 -0.5626354 5.455861 2.354681 1.125882 5.455861 2.354681 -0.3803864 5.23563 2.669774 -0.3803864 3.774494 2.669774 0.9436326 3.774494 2.354681 0.9436326 5.23563 2.354681 -1.759274 5.455861 2.137902 -2.160889 5.455861 2.354681 -0.5626354 5.151952 2.354681 -1.759274 5.151952 2.62955 -3.969299 4.248216 3.344934 -3.969299 2.431561 2.246291 -2.015567 5.455861 2.356477 1.131201 3.80331 2.356477 1.126464 3.740707 2.115432 1.126464 5.195425 2.669774 -3.069034 3.69193 2.669774 -0.5626354 3.69193 2.669774 -3.361307 4.385884 2.452994 -4.213927 4.208287 2.865364 -3.069034 1.137431 2.865364 -0.5626354 1.137431 2.865364 -0.5626352 3.525465 2.865364 -3.069034 3.554262 2.865364 0.01878547 1.137431 2.103143 0.8014284 3.529724 2.340287 -3.576879 4.220681 2.865364 -3.583378 1.917758 3.024131 -3.985628 2.394453 2.32302 -3.937764 4.122944 2.169264 -4.321032 4.099659 3.053521 -4.360976 2.879856 2.039035 -1.746636 5.169399 2.080522 -1.965296 5.149853 2.359774 -0.3803861 3.745698 2.314102 0.7345843 3.745698 2.446829 0.7345843 5.206834 2.44648 0.8098829 5.139419 1.863844 -0.5626352 5.231104 2.044681 -0.3803861 5.206834 2.044681 -1.786241 5.151952 2.044681 -0.5626354 5.151952 2.013244 -2.107787 5.145861 2.115113 0.816464 5.195025 2.356477 0.821205 3.801692 2.669774 0.8220781 3.634478 2.355838 0.8164644 3.740601 2.359774 -3.069034 3.69193 2.359774 -3.361307 4.385884 2.359774 -0.5626354 3.69193 1.68128 -6.83971 1.5662 2.361294 -3.206228 1.5662 2.958585 -2.684052 1.177391 2.772212 0.7367072 3.15025 2.772212 6.278173 3.15025 2.772212 2.945744 3.15025 2.772212 4.55769 3.15025 2.622932 2.945744 1.773693 2.622932 0.7367072 1.773693 2.622932 4.55769 1.773693 2.622932 6.278173 1.773693 2.772212 5.417932 3.15025 2.622932 5.417932 1.773693 2.772212 2.945744 2.461971 2.772212 0.7367072 2.461971 2.772212 6.278173 2.461971 2.772212 4.55769 2.461971 2.772212 5.417932 2.461971 1.401936 -6.695141 1.5662 1.401936 -3.206228 1.5662 1.401936 -6.384998 2.921535 1.401936 -3.848654 2.921535 2.504776 6.32137 2.349701 -0.05351996 6.32137 2.349701 -0.05351996 6.32137 1.752495 2.504776 6.32137 1.752495 -0.05351996 6.031744 2.349701 2.504776 6.031744 2.349701 2.504776 6.031744 1.752495 -0.05351996 6.031744 1.752495 2.479619 -2.073078 1.441719 2.479619 -0.4592722 1.441719 0.0824629 -0.4592722 1.441719 0.0824629 -2.073078 1.441719 2.479619 0.04320311 1.441719 0.0824629 0.04320311 1.441719 1.974029 0.8093882 4.039445 0.0824629 0.8093882 4.039445 3.175364 -3.069034 1.447431 3.175364 -0.5626354 1.447431 3.175364 -0.2630518 1.266535 2.669774 0.8440443 3.683365 1.269419 -0.5254016 5.692986 1.269419 0.7796669 5.692986 1.269419 -1.450294 5.692986 1.38043 -0.5381286 5.408446 1.38043 0.8980074 5.408446 1.38043 -1.555907 5.408446 2.479619 -2.073078 1.630117 2.263078 -1.823288 1.804982 2.263078 -0.5735099 1.804982 2.479619 -0.3376701 1.751719 1.757488 0.4172493 3.902406 1.974029 0.7306398 4.09547 2.479619 -0.093369 1.751719 2.263078 -0.1700062 1.911335 0.2990044 -1.823288 1.804982 0.0824629 -2.073078 1.630117 0.0824629 -0.3376701 1.751719 0.2990044 -0.5735099 1.804982 0.0824629 0.7306398 4.09547 0.2990044 0.4172493 3.902406 0.2990044 -0.1700062 1.911335 0.0824629 -0.093369 1.751719 2.452994 -3.820282 3.564482 3.371923 -5.228234 2.975768 4.269385 -5.228234 2.975768 3.371923 -4.651748 2.861098 4.269385 -4.651748 2.861097 3.371923 -4.16303 2.534545 4.269385 -4.16303 2.534545 3.371923 -3.836477 2.045825 4.269385 -3.836477 2.045825 3.371923 -3.721807 1.469341 4.269385 -3.721807 1.469341 3.371923 -3.836477 0.8928556 4.269385 -3.836477 0.8928554 3.371923 -4.16303 0.404136 4.269385 -4.16303 0.4041356 3.371923 -4.651748 0.07758325 4.269385 -4.651748 0.07758325 3.371923 -5.228234 -0.03708708 4.269385 -5.228234 -0.03708761 3.371923 -5.804719 0.07758325 4.269385 -5.804719 0.07758325 3.371923 -6.293438 0.404136 4.269385 -6.293438 0.4041356 3.371923 -6.61999 0.8928556 4.269385 -6.61999 0.8928554 3.371923 -6.734662 1.469341 4.269385 -6.734662 1.469341 3.371923 -6.61999 2.045825 4.269385 -6.61999 2.045825 3.371923 -6.293438 2.534545 4.269385 -6.293438 2.534545 3.371923 -5.804719 2.861098 4.269385 -5.804719 2.861097 4.269385 -5.228234 2.975768 4.269385 -4.651748 2.861097 4.269385 -4.16303 2.534545 4.269385 -3.836477 2.045825 4.269385 -3.721807 1.469341 4.269385 -3.836477 0.8928554 4.269385 -4.16303 0.4041356 4.269385 -4.651748 0.07758325 4.269385 -5.228234 -0.03708761 4.269385 -5.804719 0.07758325 4.269385 -6.293438 0.4041356 4.269385 -6.61999 0.8928554 4.269385 -6.734662 1.469341 4.269385 -6.61999 2.045825 4.269385 -6.293438 2.534545 4.269385 -5.804719 2.861097 4.269385 -4.823536 2.446369 4.269385 -5.228234 2.526869 4.269385 -4.48045 2.217126 4.269385 -4.251206 1.874039 4.269385 -4.170706 1.469341 4.269385 -4.251206 1.064642 4.269385 -4.48045 0.7215551 4.269385 -4.823536 0.4923117 4.269385 -5.228234 0.411812 4.269385 -5.632933 0.4923117 4.269385 -5.976019 0.7215551 4.269385 -6.205262 1.064642 4.269385 -6.285764 1.469341 4.269385 -6.205262 1.874039 4.269385 -5.976019 2.217126 4.269385 -5.632933 2.446369 4.233868 -4.823536 2.446369 4.233868 -5.228234 2.526869 4.233868 -4.48045 2.217126 4.233868 -4.251206 1.874039 4.233868 -4.170706 1.469341 4.233868 -4.251206 1.064642 4.233868 -4.48045 0.7215551 4.233868 -4.823536 0.4923117 4.233868 -5.228234 0.411812 4.233868 -5.632933 0.4923117 4.233868 -5.976019 0.7215551 4.233868 -6.205262 1.064642 4.233868 -6.285764 1.469341 4.233868 -6.205262 1.874039 4.233868 -5.976019 2.217126 4.233868 -5.632933 2.446369 3.371923 -5.228234 2.975768 3.371923 -4.651748 2.861098 3.371923 -4.16303 2.534545 3.371923 -3.836477 2.045825 3.371923 -3.721807 1.469341 3.371923 -3.836477 0.8928556 3.371923 -4.16303 0.404136 3.371923 -4.651748 0.07758325 3.371923 -5.228234 -0.03708708 3.371923 -5.804719 0.07758325 3.371923 -6.293438 0.404136 3.371923 -6.61999 0.8928556 3.371923 -6.734662 1.469341 3.371923 -6.61999 2.045825 3.371923 -6.293438 2.534545 3.371923 -5.804719 2.861098 -3.369509 -5.228234 2.975768 -4.266972 -5.228234 2.975768 -3.369509 -4.651748 2.861098 -4.266972 -4.651748 2.861097 -3.369509 -4.16303 2.534545 -4.266972 -4.16303 2.534545 -3.369509 -3.836477 2.045825 -4.266972 -3.836477 2.045825 -3.369509 -3.721807 1.469341 -4.266972 -3.721807 1.469341 -3.369509 -3.836477 0.8928556 -4.266972 -3.836477 0.8928554 -3.369509 -4.16303 0.404136 -4.266972 -4.16303 0.4041356 -3.369509 -4.651748 0.07758325 -4.266972 -4.651748 0.07758325 -3.369509 -5.228234 -0.03708708 -4.266972 -5.228234 -0.03708761 -3.369509 -5.804719 0.07758325 -4.266972 -5.804719 0.07758325 -3.369509 -6.293438 0.404136 -4.266972 -6.293438 0.4041356 -3.369509 -6.61999 0.8928556 -4.266972 -6.61999 0.8928554 -3.369509 -6.734662 1.469341 -4.266972 -6.734662 1.469341 -3.369509 -6.61999 2.045825 -4.266972 -6.61999 2.045825 -3.369509 -6.293438 2.534545 -4.266972 -6.293438 2.534545 -3.369509 -5.804719 2.861098 -4.266972 -5.804719 2.861097 -4.266972 -5.228234 2.975768 -4.266972 -4.651748 2.861097 -4.266972 -4.16303 2.534545 -4.266972 -3.836477 2.045825 -4.266972 -3.721807 1.469341 -4.266972 -3.836477 0.8928554 -4.266972 -4.16303 0.4041356 -4.266972 -4.651748 0.07758325 -4.266972 -5.228234 -0.03708761 -4.266972 -5.804719 0.07758325 -4.266972 -6.293438 0.4041356 -4.266972 -6.61999 0.8928554 -4.266972 -6.734662 1.469341 -4.266972 -6.61999 2.045825 -4.266972 -6.293438 2.534545 -4.266972 -5.804719 2.861097 -4.266972 -4.823536 2.446369 -4.266972 -5.228234 2.526869 -4.266972 -4.48045 2.217126 -4.266972 -4.251206 1.874039 -4.266972 -4.170706 1.469341 -4.266972 -4.251206 1.064642 -4.266972 -4.48045 0.7215551 -4.266972 -4.823536 0.4923117 -4.266972 -5.228234 0.411812 -4.266972 -5.632933 0.4923117 -4.266972 -5.976019 0.7215551 -4.266972 -6.205262 1.064642 -4.266972 -6.285764 1.469341 -4.266972 -6.205262 1.874039 -4.266972 -5.976019 2.217126 -4.266972 -5.632933 2.446369 -4.231455 -4.823536 2.446369 -4.231455 -5.228234 2.526869 -4.231455 -4.48045 2.217126 -4.231455 -4.251206 1.874039 -4.231455 -4.170706 1.469341 -4.231455 -4.251206 1.064642 -4.231455 -4.48045 0.7215551 -4.231455 -4.823536 0.4923117 -4.231455 -5.228234 0.411812 -4.231455 -5.632933 0.4923117 -4.231455 -5.976019 0.7215551 -4.231455 -6.205262 1.064642 -4.231455 -6.285764 1.469341 -4.231455 -6.205262 1.874039 -4.231455 -5.976019 2.217126 -4.231455 -5.632933 2.446369 -3.369509 -5.228234 2.975768 -3.369509 -4.651748 2.861098 -3.369509 -4.16303 2.534545 -3.369509 -3.836477 2.045825 -3.369509 -3.721807 1.469341 -3.369509 -3.836477 0.8928556 -3.369509 -4.16303 0.404136 -3.369509 -4.651748 0.07758325 -3.369509 -5.228234 -0.03708708 -3.369509 -5.804719 0.07758325 -3.369509 -6.293438 0.404136 -3.369509 -6.61999 0.8928556 -3.369509 -6.734662 1.469341 -3.369509 -6.61999 2.045825 -3.369509 -6.293438 2.534545 -3.369509 -5.804719 2.861098 3.371923 3.880263 2.975768 4.269385 3.880263 2.975768 3.371923 4.456749 2.861098 4.269385 4.456749 2.861097 3.371923 4.945467 2.534545 4.269385 4.945467 2.534545 3.371923 5.272019 2.045825 4.269385 5.272019 2.045825 3.371923 5.38669 1.469341 4.269385 5.38669 1.469341 3.371923 5.272019 0.8928556 4.269385 5.272019 0.8928554 3.371923 4.945467 0.404136 4.269385 4.945467 0.4041356 3.371923 4.456749 0.07758325 4.269385 4.456749 0.07758325 3.371923 3.880263 -0.03708708 4.269385 3.880263 -0.03708761 3.371923 3.303777 0.07758325 4.269385 3.303777 0.07758325 3.371923 2.815058 0.404136 4.269385 2.815058 0.4041356 3.371923 2.488506 0.8928556 4.269385 2.488506 0.8928554 3.371923 2.373835 1.469341 4.269385 2.373835 1.469341 3.371923 2.488506 2.045825 4.269385 2.488506 2.045825 3.371923 2.815058 2.534545 4.269385 2.815058 2.534545 3.371923 3.303777 2.861098 4.269385 3.303777 2.861097 4.269385 3.880263 2.975768 4.269385 4.456749 2.861097 4.269385 4.945467 2.534545 4.269385 5.272019 2.045825 4.269385 5.38669 1.469341 4.269385 5.272019 0.8928554 4.269385 4.945467 0.4041356 4.269385 4.456749 0.07758325 4.269385 3.880263 -0.03708761 4.269385 3.303777 0.07758325 4.269385 2.815058 0.4041356 4.269385 2.488506 0.8928554 4.269385 2.373835 1.469341 4.269385 2.488506 2.045825 4.269385 2.815058 2.534545 4.269385 3.303777 2.861097 4.269385 4.284963 2.446369 4.269385 3.880263 2.526869 4.269385 4.628047 2.217126 4.269385 4.857291 1.874039 4.269385 4.937791 1.469341 4.269385 4.857291 1.064642 4.269385 4.628047 0.7215551 4.269385 4.284963 0.4923117 4.269385 3.880263 0.411812 4.269385 3.475564 0.4923117 4.269385 3.132476 0.7215551 4.269385 2.903236 1.064642 4.269385 2.822734 1.469341 4.269385 2.903236 1.874039 4.269385 3.132476 2.217126 4.269385 3.475564 2.446369 4.233868 4.284963 2.446369 4.233868 3.880263 2.526869 4.233868 4.628047 2.217126 4.233868 4.857291 1.874039 4.233868 4.937791 1.469341 4.233868 4.857291 1.064642 4.233868 4.628047 0.7215551 4.233868 4.284963 0.4923117 4.233868 3.880263 0.411812 4.233868 3.475564 0.4923117 4.233868 3.132476 0.7215551 4.233868 2.903236 1.064642 4.233868 2.822734 1.469341 4.233868 2.903236 1.874039 4.233868 3.132476 2.217126 4.233868 3.475564 2.446369 3.371923 3.880263 2.975768 3.371923 4.456749 2.861098 3.371923 4.945467 2.534545 3.371923 5.272019 2.045825 3.371923 5.38669 1.469341 3.371923 5.272019 0.8928556 3.371923 4.945467 0.404136 3.371923 4.456749 0.07758325 3.371923 3.880263 -0.03708708 3.371923 3.303777 0.07758325 3.371923 2.815058 0.404136 3.371923 2.488506 0.8928556 3.371923 2.373835 1.469341 3.371923 2.488506 2.045825 3.371923 2.815058 2.534545 3.371923 3.303777 2.861098 -3.369509 3.880263 2.975768 -4.266972 3.880263 2.975768 -3.369509 4.456749 2.861098 -4.266972 4.456749 2.861097 -3.369509 4.945467 2.534545 -4.266972 4.945467 2.534545 -3.369509 5.272019 2.045825 -4.266972 5.272019 2.045825 -3.369509 5.38669 1.469341 -4.266972 5.38669 1.469341 -3.369509 5.272019 0.8928556 -4.266972 5.272019 0.8928554 -3.369509 4.945467 0.404136 -4.266972 4.945467 0.4041356 -3.369509 4.456749 0.07758325 -4.266972 4.456749 0.07758325 -3.369509 3.880263 -0.03708708 -4.266972 3.880263 -0.03708761 -3.369509 3.303777 0.07758325 -4.266972 3.303777 0.07758325 -3.369509 2.815058 0.404136 -4.266972 2.815058 0.4041356 -3.369509 2.488506 0.8928556 -4.266972 2.488506 0.8928554 -3.369509 2.373835 1.469341 -4.266972 2.373835 1.469341 -3.369509 2.488506 2.045825 -4.266972 2.488506 2.045825 -3.369509 2.815058 2.534545 -4.266972 2.815058 2.534545 -3.369509 3.303777 2.861098 -4.266972 3.303777 2.861097 -4.266972 3.880263 2.975768 -4.266972 4.456749 2.861097 -4.266972 4.945467 2.534545 -4.266972 5.272019 2.045825 -4.266972 5.38669 1.469341 -4.266972 5.272019 0.8928554 -4.266972 4.945467 0.4041356 -4.266972 4.456749 0.07758325 -4.266972 3.880263 -0.03708761 -4.266972 3.303777 0.07758325 -4.266972 2.815058 0.4041356 -4.266972 2.488506 0.8928554 -4.266972 2.373835 1.469341 -4.266972 2.488506 2.045825 -4.266972 2.815058 2.534545 -4.266972 3.303777 2.861097 -4.266972 4.284963 2.446369 -4.266972 3.880263 2.526869 -4.266972 4.628047 2.217126 -4.266972 4.857291 1.874039 -4.266972 4.937791 1.469341 -4.266972 4.857291 1.064642 -4.266972 4.628047 0.7215551 -4.266972 4.284963 0.4923117 -4.266972 3.880263 0.411812 -4.266972 3.475564 0.4923117 -4.266972 3.132476 0.7215551 -4.266972 2.903236 1.064642 -4.266972 2.822734 1.469341 -4.266972 2.903236 1.874039 -4.266972 3.132476 2.217126 -4.266972 3.475564 2.446369 -4.231455 4.284963 2.446369 -4.231455 3.880263 2.526869 -4.231455 4.628047 2.217126 -4.231455 4.857291 1.874039 -4.231455 4.937791 1.469341 -4.231455 4.857291 1.064642 -4.231455 4.628047 0.7215551 -4.231455 4.284963 0.4923117 -4.231455 3.880263 0.411812 -4.231455 3.475564 0.4923117 -4.231455 3.132476 0.7215551 -4.231455 2.903236 1.064642 -4.231455 2.822734 1.469341 -4.231455 2.903236 1.874039 -4.231455 3.132476 2.217126 -4.231455 3.475564 2.446369 -3.369509 3.880263 2.975768 -3.369509 4.456749 2.861098 -3.369509 4.945467 2.534545 -3.369509 5.272019 2.045825 -3.369509 5.38669 1.469341 -3.369509 5.272019 0.8928556 -3.369509 4.945467 0.404136 -3.369509 4.456749 0.07758325 -3.369509 3.880263 -0.03708708 -3.369509 3.303777 0.07758325 -3.369509 2.815058 0.404136 -3.369509 2.488506 0.8928556 -3.369509 2.373835 1.469341 -3.369509 2.488506 2.045825 -3.369509 2.815058 2.534545 -3.369509 3.303777 2.861098 -1.380661 4.070339 3.443777 -1.380661 6.263726 3.443777 1.380661 4.070339 3.443777 1.380661 6.263726 3.443777 -1.380661 6.263726 4.762309 -1.205757 6.088822 4.937213 -1.205757 4.245244 4.937213 -1.380661 4.070339 4.762309 1.205757 6.088822 4.937213 1.380661 6.263726 4.762309 1.380661 4.070339 4.762309 1.205757 4.245244 4.937213 1.439702 5.201612 10.0708 1.439702 5.132453 10.0708 1.530167 5.201612 10.0708 1.530167 5.132453 10.0708 1.439702 5.201612 3.031625 1.439702 5.132453 3.031625 1.530167 5.132453 3.031625 1.530167 5.201612 3.031625 1.421371 5.215627 10.0708 1.421371 5.118439 10.0708 1.548499 5.215627 10.0708 1.548499 5.118439 10.0708 1.421371 5.215627 10.39868 1.421371 5.118439 10.39868 1.548499 5.118439 10.39868 1.548499 5.215627 10.39868 1.609427 5.071859 10.23474 1.360442 5.071859 10.23474 1.609427 5.262206 10.23474 1.360442 5.262206 10.23474 -2.419735 -5.00697 7.368644 -2.419735 -5.042604 7.368644 -2.373124 -5.00697 7.368644 -2.373124 -5.042604 7.368644 -2.419735 -5.00697 3.741763 -2.419735 -5.042604 3.741763 -2.373124 -5.042604 3.741763 -2.373124 -5.00697 3.741763 -1.844586 3.866351 7.368644 -1.844586 3.830717 7.368644 -1.797975 3.866351 7.368644 -1.797975 3.830717 7.368644 -1.844586 3.866351 3.741763 -1.844586 3.830717 3.741763 -1.797975 3.830717 3.741763 -1.797975 3.866351 3.741763 -3.175364 1.652867 4.278104 -3.175364 6.325893 4.278104 -3.175364 4.876757 4.278104 -3.175364 3.264812 4.278104 0 6.325893 4.278104 3.175364 1.652867 4.278104 3.175364 6.325893 4.278104 3.175364 4.876757 4.278104 3.175364 3.264812 4.278104 -3.175364 1.652867 4.121645 -3.175364 6.325893 4.121645 -3.175364 4.876757 4.121645 -3.175364 3.264812 4.121645 0 6.325893 4.121645 3.175364 1.652867 4.121645 3.175364 6.325893 4.121645 3.175364 4.876757 4.121645 3.175364 3.264812 4.121645 -3.095364 3.264812 4.278104 -3.095364 3.264812 4.121645 -3.095364 1.652867 4.121645 -3.095364 1.652867 4.278104 -3.095364 6.245893 4.278104 -3.095364 6.245893 4.121645 -3.095364 4.876757 4.121645 -3.095364 4.876757 4.278104 3.095364 6.245893 4.278104 3.095364 6.245893 4.121645 0 6.245893 4.121645 0 6.245893 4.278104 3.095364 3.264812 4.278104 3.095364 3.264812 4.121645 3.095364 4.876757 4.121645 3.095364 4.876757 4.278104 3.095364 1.652867 4.278104 3.095364 1.652867 4.121645 -3.081737 5.131876 4.349905 -3.081737 5.131876 3.356906 -2.979162 5.131876 3.356906 -2.979162 5.131876 4.349905 -3.081737 5.234452 3.356906 -2.979162 5.234452 3.356906 -2.979162 5.234452 4.349905 -3.081737 5.234452 4.349905 -3.081737 2.131876 4.349905 -3.081737 2.131876 3.356906 -2.979162 2.131876 3.356906 -2.979162 2.131876 4.349905 -3.081737 2.234452 3.356906 -2.979162 2.234452 3.356906 -2.979162 2.234452 4.349905 -3.081737 2.234452 4.349905 -3.081737 3.131876 4.349905 -3.081737 3.131876 3.356906 -2.979162 3.131876 3.356906 -2.979162 3.131876 4.349905 -3.081737 3.234452 3.356906 -2.979162 3.234452 3.356906 -2.979162 3.234452 4.349905 -3.081737 3.234452 4.349905 -3.081737 6.131876 4.349905 -3.081737 6.131876 3.356906 -2.979162 6.131876 3.356906 -2.979162 6.131876 4.349905 -3.081737 6.234452 3.356906 -2.979162 6.234452 3.356906 -2.979162 6.234452 4.349905 -3.081737 6.234452 4.349905 -2.266041 6.131876 4.349905 -2.266041 6.131876 3.356906 -2.163465 6.131876 3.356906 -2.163465 6.131876 4.349905 -2.266041 6.234452 3.356906 -2.163465 6.234452 3.356906 -2.163465 6.234452 4.349905 -2.266041 6.234452 4.349905 -3.081737 4.131876 4.349905 -3.081737 4.131876 3.356906 -2.979162 4.131876 3.356906 -2.979162 4.131876 4.349905 -3.081737 4.234452 3.356906 -2.979162 4.234452 3.356906 -2.979162 4.234452 4.349905 -3.081737 4.234452 4.349905 -1.477792 6.131876 4.349905 -1.477792 6.131876 3.356906 -1.375216 6.131876 3.356906 -1.375216 6.131876 4.349905 -1.477792 6.234452 3.356906 -1.375216 6.234452 3.356906 -1.375216 6.234452 4.349905 -1.477792 6.234452 4.349905 3.081737 5.131876 4.349905 3.081737 5.131876 3.356906 2.979162 5.131876 3.356906 2.979162 5.131876 4.349905 3.081737 5.234452 3.356906 2.979162 5.234452 3.356906 2.979162 5.234452 4.349905 3.081737 5.234452 4.349905 3.081737 2.131876 4.349905 3.081737 2.131876 3.356906 2.979162 2.131876 3.356906 2.979162 2.131876 4.349905 3.081737 2.234452 3.356906 2.979162 2.234452 3.356906 2.979162 2.234452 4.349905 3.081737 2.234452 4.349905 3.081737 3.131876 4.349905 3.081737 3.131876 3.356906 2.979162 3.131876 3.356906 2.979162 3.131876 4.349905 3.081737 3.234452 3.356906 2.979162 3.234452 3.356906 2.979162 3.234452 4.349905 3.081737 3.234452 4.349905 3.081737 6.131876 4.349905 3.081737 6.131876 3.356906 2.979162 6.131876 3.356906 2.979162 6.131876 4.349905 3.081737 6.234452 3.356906 2.979162 6.234452 3.356906 2.979162 6.234452 4.349905 3.081737 6.234452 4.349905 2.266041 6.131876 4.349905 2.266041 6.131876 3.356906 2.163465 6.131876 3.356906 2.163465 6.131876 4.349905 2.266041 6.234452 3.356906 2.163465 6.234452 3.356906 2.163465 6.234452 4.349905 2.266041 6.234452 4.349905 3.081737 4.131876 4.349905 3.081737 4.131876 3.356906 2.979162 4.131876 3.356906 2.979162 4.131876 4.349905 3.081737 4.234452 3.356906 2.979162 4.234452 3.356906 2.979162 4.234452 4.349905 3.081737 4.234452 4.349905 1.477792 6.131876 4.349905 1.477792 6.131876 3.356906 1.375216 6.131876 3.356906 1.375216 6.131876 4.349905 1.477792 6.234452 3.356906 1.375216 6.234452 3.356906 1.375216 6.234452 4.349905 1.477792 6.234452 4.349905 1.429044 5.209761 5.015215 1.429044 5.124304 5.015215 1.540826 5.209761 5.015215 1.540826 5.124304 5.015215 1.354742 5.266563 3.618704 1.354742 5.067501 3.618704 1.615127 5.067501 3.618704 1.615127 5.266563 3.618704 -1.863038 3.880457 5.220492 -1.863038 3.816611 5.220492 -1.779523 3.880457 5.220492 -1.779523 3.816611 5.220492 -1.888361 3.899816 3.628898 -1.888361 3.797251 3.628898 -1.7542 3.797251 3.628898 -1.7542 3.899816 3.628898 -3.129767 2.414597 2.490578 -3.129767 2.414597 3.774405 -3.129767 1.267855 3.774404 -3.129767 1.267855 2.490578 -3.430322 2.414597 3.774405 -3.448617 2.396301 3.756109 -3.448617 2.396302 2.508873 -3.430322 2.414597 2.490578 -3.448617 1.286151 2.508873 -3.430322 1.267855 2.490578 -3.430322 1.267855 3.774404 -3.448617 1.28615 3.756108 -3.369509 4.006104 2.178134 -3.369509 4.253645 2.128895 -3.369509 4.463499 1.988675 -3.369509 4.603718 1.778821 -3.369509 4.652957 1.531281 -3.369509 4.603718 1.283742 -3.369509 4.463499 1.073888 -3.369509 4.253645 0.9336676 -3.369509 4.006104 0.8844287 -3.369509 3.758564 0.9336676 -3.369509 3.548711 1.073888 -3.369509 3.408491 1.283742 -3.369509 3.359252 1.531281 -3.369509 3.408491 1.778821 -3.369509 3.548711 1.988675 -3.369509 3.758564 2.128895 -2.418623 4.006104 1.823476 -2.418623 4.117922 1.801234 -2.418623 4.212717 1.737894 -2.418623 4.276056 1.643099 -2.418623 4.298298 1.531281 -2.418623 4.276056 1.419464 -2.418623 4.212717 1.324669 -2.418623 4.117922 1.261329 -2.418623 4.006104 1.239087 -2.418623 3.894286 1.261329 -2.418623 3.799492 1.324669 -2.418623 3.736152 1.419464 -2.418623 3.71391 1.531281 -2.418623 3.736152 1.643099 -2.418623 3.799492 1.737894 -2.418623 3.894286 1.801234 0.1357442 4.006104 1.823476 0.1357442 4.117922 1.801234 0.1357442 4.212717 1.737894 0.1357442 4.276056 1.643099 0.1357442 4.298298 1.531281 0.1357442 4.276056 1.419464 0.1357442 4.212717 1.324669 0.1357442 4.117922 1.261329 0.1357442 4.006104 1.239087 0.1357442 3.894286 1.261329 0.1357442 3.799492 1.324669 0.1357442 3.736152 1.419464 0.1357442 3.71391 1.531281 0.1357442 3.736152 1.643099 0.1357442 3.799492 1.737894 0.1357442 3.894286 1.801234 -3.369509 -5.165283 2.178134 -3.369509 -4.917742 2.128895 -3.369509 -4.70789 1.988675 -3.369509 -4.567668 1.778821 -3.369509 -4.518429 1.531281 -3.369509 -4.567668 1.283742 -3.369509 -4.70789 1.073888 -3.369509 -4.917742 0.9336676 -3.369509 -5.165283 0.8844287 -3.369509 -5.412821 0.9336676 -3.369509 -5.622677 1.073888 -3.369509 -5.762897 1.283742 -3.369509 -5.812136 1.531281 -3.369509 -5.762897 1.778821 -3.369509 -5.622677 1.988675 -3.369509 -5.412821 2.128895 -2.418623 -5.165283 1.823476 -2.418623 -5.053465 1.801234 -2.418623 -4.958672 1.737894 -2.418623 -4.895332 1.643099 -2.418623 -4.873089 1.531281 -2.418623 -4.895332 1.419464 -2.418623 -4.958672 1.324669 -2.418623 -5.053465 1.261329 -2.418623 -5.165283 1.239087 -2.418623 -5.277101 1.261329 -2.418623 -5.371895 1.324669 -2.418623 -5.435234 1.419464 -2.418623 -5.457478 1.531281 -2.418623 -5.435234 1.643099 -2.418623 -5.371895 1.737894 -2.418623 -5.277101 1.801234 0.1357442 -5.165283 1.823476 0.1357442 -5.053465 1.801234 0.1357442 -4.958672 1.737894 0.1357442 -4.895332 1.643099 0.1357442 -4.873089 1.531281 0.1357442 -4.895332 1.419464 0.1357442 -4.958672 1.324669 0.1357442 -5.053465 1.261329 0.1357442 -5.165283 1.239087 0.1357442 -5.277101 1.261329 0.1357442 -5.371895 1.324669 0.1357442 -5.435234 1.419464 0.1357442 -5.457478 1.531281 0.1357442 -5.435234 1.643099 0.1357442 -5.371895 1.737894 0.1357442 -5.277101 1.801234 3.369509 4.006104 2.178134 3.369509 4.253645 2.128895 3.369509 4.463499 1.988675 3.369509 4.603718 1.778821 3.369509 4.652957 1.531281 3.369509 4.603718 1.283742 3.369509 4.463499 1.073888 3.369509 4.253645 0.9336676 3.369509 4.006104 0.8844287 3.369509 3.758564 0.9336676 3.369509 3.548711 1.073888 3.369509 3.408491 1.283742 3.369509 3.359252 1.531281 3.369509 3.408491 1.778821 3.369509 3.548711 1.988675 3.369509 3.758564 2.128895 2.418623 4.006104 1.823476 2.418623 4.117922 1.801234 2.418623 4.212717 1.737894 2.418623 4.276056 1.643099 2.418623 4.298298 1.531281 2.418623 4.276056 1.419464 2.418623 4.212717 1.324669 2.418623 4.117922 1.261329 2.418623 4.006104 1.239087 2.418623 3.894286 1.261329 2.418623 3.799492 1.324669 2.418623 3.736152 1.419464 2.418623 3.71391 1.531281 2.418623 3.736152 1.643099 2.418623 3.799492 1.737894 2.418623 3.894286 1.801234 -0.1357442 4.006104 1.823476 -0.1357442 4.117922 1.801234 -0.1357442 4.212717 1.737894 -0.1357442 4.276056 1.643099 -0.1357442 4.298298 1.531281 -0.1357442 4.276056 1.419464 -0.1357442 4.212717 1.324669 -0.1357442 4.117922 1.261329 -0.1357442 4.006104 1.239087 -0.1357442 3.894286 1.261329 -0.1357442 3.799492 1.324669 -0.1357442 3.736152 1.419464 -0.1357442 3.71391 1.531281 -0.1357442 3.736152 1.643099 -0.1357442 3.799492 1.737894 -0.1357442 3.894286 1.801234 3.369509 -5.165283 2.178134 3.369509 -4.917742 2.128895 3.369509 -4.70789 1.988675 3.369509 -4.567668 1.778821 3.369509 -4.518429 1.531281 3.369509 -4.567668 1.283742 3.369509 -4.70789 1.073888 3.369509 -4.917742 0.9336676 3.369509 -5.165283 0.8844287 3.369509 -5.412821 0.9336676 3.369509 -5.622677 1.073888 3.369509 -5.762897 1.283742 3.369509 -5.812136 1.531281 3.369509 -5.762897 1.778821 3.369509 -5.622677 1.988675 3.369509 -5.412821 2.128895 2.418623 -5.165283 1.823476 2.418623 -5.053465 1.801234 2.418623 -4.958672 1.737894 2.418623 -4.895332 1.643099 2.418623 -4.873089 1.531281 2.418623 -4.895332 1.419464 2.418623 -4.958672 1.324669 2.418623 -5.053465 1.261329 2.418623 -5.165283 1.239087 2.418623 -5.277101 1.261329 2.418623 -5.371895 1.324669 2.418623 -5.435234 1.419464 2.418623 -5.457478 1.531281 2.418623 -5.435234 1.643099 2.418623 -5.371895 1.737894 2.418623 -5.277101 1.801234 -0.1357442 -5.165283 1.823476 -0.1357442 -5.053465 1.801234 -0.1357442 -4.958672 1.737894 -0.1357442 -4.895332 1.643099 -0.1357442 -4.873089 1.531281 -0.1357442 -4.895332 1.419464 -0.1357442 -4.958672 1.324669 -0.1357442 -5.053465 1.261329 -0.1357442 -5.165283 1.239087 -0.1357442 -5.277101 1.261329 -0.1357442 -5.371895 1.324669 -0.1357442 -5.435234 1.419464 -0.1357442 -5.457478 1.531281 -0.1357442 -5.435234 1.643099 -0.1357442 -5.371895 1.737894 -0.1357442 -5.277101 1.801234 -0.05710798 0.9912131 5.220492 -0.05710798 0.9038956 5.220492 0.05710798 0.9912131 5.220492 0.05710798 0.9038956 5.220492 -0.06708049 0.9988369 3.628898 -0.06708049 0.8962717 3.628898 0.06708049 0.8962717 3.628898 0.06708049 0.9988369 3.628898 0.942892 0.9912131 5.220492 0.942892 0.9038956 5.220492 1.057108 0.9912131 5.220492 1.057108 0.9038956 5.220492 0.9329195 0.9988369 3.628898 0.9329195 0.8962717 3.628898 1.06708 0.8962717 3.628898 1.06708 0.9988369 3.628898 -0.942892 0.9912131 5.220492 -0.942892 0.9038956 5.220492 -1.057108 0.9912131 5.220492 -1.057108 0.9038956 5.220492 -0.9329195 0.9988369 3.628898 -0.9329195 0.8962717 3.628898 -1.06708 0.8962717 3.628898 -1.06708 0.9988369 3.628898 -3.173201 6.052557 2.619729 -3.173201 6.052557 3.645254 -3.173201 5.136535 3.645254 -3.173201 5.136536 2.619729 -3.413285 6.052557 3.645254 -3.4279 6.037942 3.63064 -3.4279 6.037943 2.634343 -3.413285 6.052557 2.619729 -3.4279 5.15115 2.634343 -3.413285 5.136536 2.619729 -3.413285 5.136535 3.645254 -3.4279 5.15115 3.630639 -3.175364 4.55769 3.610663 -3.175364 6.006826 3.610663 -3.175364 2.945745 3.610663 -3.175364 1.3338 3.610663 0 1.3338 3.610663 0 5.549221 3.610663 3.175364 4.55769 3.610663 3.175364 6.006826 3.610663 3.175364 2.945745 3.610663 3.175364 1.3338 3.610663 0 4.55769 3.222218 0 5.549221 3.222218 0 2.945745 3.222218 0 1.791405 3.222218 -2.717759 4.55769 3.222218 -2.717759 2.945745 3.222218 2.717759 4.55769 3.222218 2.717759 2.945745 3.222218 -2.717759 5.549221 3.222218 -2.717759 1.791405 3.222218 2.717759 5.549221 3.222218 2.717759 1.791405 3.222218 -1.808144 -7.102714 2.805971 -1.717377 -7.102714 3.223698 0.07517403 -7.102714 2.805971 0.07517403 -7.102714 3.223698 1.958492 -7.102714 2.805971 1.867725 -7.102714 3.223698 -1.808144 -6.758354 2.805971 -1.717377 -6.758354 3.223698 0.07517403 -6.758354 2.805971 0.07517403 -6.758354 3.223698 1.958492 -6.758354 2.805971 1.867725 -6.758354 3.223698 1.160553 2.977073 3.546655 1.160553 2.040802 3.546655 2.385254 2.977073 3.546655 2.385254 2.040802 3.546655 1.160553 2.977073 3.110236 1.160553 2.040802 3.110236 2.385254 2.040802 3.110236 2.385254 2.977073 3.110236 -1.840738 -6.83971 3.40064 -2.452994 -4.38192 4.065016 -2.390745 -5.207163 3.832017 0.07517403 -6.83971 3.40064 0 -4.38192 4.065016 0 -5.207163 3.832017 1.991086 -6.83971 3.40064 2.452994 -4.38192 4.065016 2.390745 -5.207163 3.832017 -0.7406913 -6.543889 3.47611 -1.052331 -4.594308 4.043097 -1.148968 -5.250136 3.779361 0.04611784 -6.543889 3.47611 0.009685397 -4.594308 4.043097 0.009685397 -5.250136 3.779361 0.8286989 -6.543889 3.47611 1.073162 -4.594308 4.043097 1.168339 -5.250136 3.779361 -0.6301093 -6.385564 3.673224 -0.8851715 -5.265957 4.055019 -0.8910958 -4.69668 4.178 0.01174288 -5.265957 4.055019 0.03994524 -6.385564 3.673224 0.01174288 -4.69668 4.178 0.9086571 -5.265957 4.055019 0.7114112 -6.385564 3.673224 0.9143787 -4.69668 4.178 0.04611784 -6.610464 3.393224 -0.8824117 -6.610464 3.393224 0.9746474 -6.610464 3.393224 0.03994524 -6.318988 3.75611 -0.6788302 -6.318988 3.75611 0.7587207 -6.318988 3.75611 0.04611784 -6.360762 3.459277 0.03994524 -6.202437 3.656391 -0.7406913 -6.360762 3.459277 0.8286989 -6.360762 3.459277 -0.6301093 -6.202437 3.656391 0.7114112 -6.202437 3.656391 -1.179136 -4.559586 3.99734 0.009685397 -4.559586 3.99734 1.198507 -4.559586 3.99734 -0.908525 -4.731402 4.223757 0.01174288 -4.731402 4.223757 0.9320108 -4.731402 4.223757 0.009685397 -4.634088 4.046754 0.01174288 -4.736459 4.181656 -1.052331 -4.634088 4.046754 1.073162 -4.634088 4.046754 -0.8910958 -4.736459 4.181656 0.9143787 -4.736459 4.181656 -2.898964 -4.38192 3.501488 -1.889245 -6.83971 2.952992 -2.867839 -5.207163 3.486268 0.07517403 -6.83971 2.952992 2.039593 -6.83971 2.952992 2.491969 -5.207163 3.486268</float_array>
          <technique_common>
            <accessor source="#Cube_020-mesh-positions-array" count="1279" stride="3">
              <param name="X" type="float"/>
              <param name="Y" type="float"/>
              <param name="Z" type="float"/>
            </accessor>
          </technique_common>
        </source>
        <source id="Cube_020-mesh-normals">
          <float_array id="Cube_020-mesh-normals-array" count="4461">-1 0 0 -0.6704198 -0.5481927 0.5000222 -0.8206384 -0.4221982 0.385099 -0.3122492 -0.7018811 0.6402058 -0.975854 -0.07619875 0.2047017 -0.993355 0 0.1150916 -0.9883688 0.1000692 0.1145139 -0.993355 0 0.1150916 -0.8645263 -0.4781154 0.1549193 -0.5763568 -0.5175632 0.6324092 -0.5062232 -0.5917561 0.6273459 -0.9380462 0.3075533 0.1596258 -0.8980699 -0.05205738 0.4367615 -0.6691185 -0.5214167 0.5295327 -0.8792718 -0.2034602 0.4306798 -0.7125794 -0.0385887 0.7005294 -0.6799977 0.04743534 0.7316783 -0.5864044 -0.03704005 0.8091713 -0.7237502 -0.2913177 0.6255555 -0.9168938 -0.08640593 0.3896663 -0.5950062 0 0.8037212 -0.5950062 0 0.8037212 -0.5950061 0 0.8037211 -0.6237893 -0.773292 0.1136067 -0.9055072 -0.3689046 0.2096813 -0.6144241 -0.7637454 0.1979297 -0.6354487 0.7458114 0.1999259 -0.9055072 0.3689046 0.2096813 -0.9472767 0.2468538 0.2042795 -1 0 0 -0.9952138 0.09772288 0 -0.9977641 0.06683415 0 -0.9849796 0.1726706 0 0 -0.02550482 -0.9996747 0 -0.05099296 -0.9986991 0 -0.2383785 -0.9711723 0 -0.2383785 -0.9711725 0 -0.2383784 -0.9711724 0 -1 0 0 -1 1.75546e-7 0 -1 -7.9357e-7 0 0 -1 0 -0.7752351 -0.6316729 0 -0.7752353 -0.6316727 0 -0.7752352 -0.6316726 0 -0.8502652 -0.5263546 0 -0.8144538 -0.5802285 0 -0.8131527 -0.5820505 0 -0.02550512 -0.9996747 0 -1 0 1 0 0 0 0.8615123 0.5077367 0 0.8615115 0.507738 0 0.8615124 0.5077365 0 0 1 0 0.362593 -0.9319476 0 0.362593 -0.9319477 0 0.362593 -0.9319477 0 0.125087 0.9921458 0 0.125087 0.9921458 0 0.9091529 -0.4164627 0 0.9091528 -0.4164627 -0.4969961 -0.3844027 0.7779651 -0.2730053 -0.4818212 0.8326563 -0.2665526 -0.4840919 0.8334296 -0.8943763 0.3074437 0.3249146 0 0.9999975 0.002234697 -0.001012563 0.9999986 0.001304686 -9.89142e-4 0.9999989 0.001173913 0 0.9999864 0.005221605 0 0.9999865 0.005221188 0 0.9999864 0.005221664 -0.001137614 0.9999993 3.40541e-4 -0.001056969 0.9999994 3.40467e-4 -0.9775561 0.158424 0.1388741 -0.4345301 0.677275 0.5937021 -0.2917785 0.7192568 0.6305038 -0.4199804 0 0.9075332 -0.2150198 0 0.9766097 -0.4199805 0 0.9075332 0 -0.648904 0.7608705 0 -0.6489024 0.7608718 0 -0.6489023 0.7608718 1 0 0 0.975315 -0.2145506 -0.05223715 0.9407382 0.3235309 -0.1016838 0.9865966 -0.1585469 -0.03860175 0.9960451 0.08476287 -0.02664035 0.8663865 0.1779052 -0.4666092 0.8443596 -0.3953639 -0.3615856 0.83823 -0.491804 -0.2355831 0.8611048 0.1344948 -0.4903158 0.9816926 -0.1848107 0.04609686 0.5638886 -0.2653664 -0.7820554 0.893194 -0.1144877 0.434853 0.719599 -0.02947634 0.693764 -0.3814492 -0.1869913 -0.9052795 0.03782719 -0.02680945 -0.9989246 -0.8747215 -0.2294009 0.4268928 0.3990004 -0.9127938 0.08721321 0.9953482 0.02430742 0.09322643 0.9930078 0.07615101 0.09020322 0.8245256 0.5250672 -0.2108602 0.481508 -0.8359487 -0.263325 0.7115869 0.6856357 -0.153453 0.5316459 0.04471552 -0.8457856 0.2084355 -0.005884766 -0.9780185 0.1017194 -0.009041786 -0.994772 -0.9620699 0.01723206 0.2722586 0 0.009659588 -0.9999534 0 0.003651738 -0.9999933 -4.18277e-4 0.06193792 -0.99808 0 -0.02653187 -0.999648 -0.001211166 0.02644628 -0.9996495 0.6279706 0.296017 -0.7197408 0.607783 0.3065859 -0.7325333 0.6283802 0.2957981 -0.7194734 0.8191538 -0.5428385 -0.1852392 -0.002429783 0.9947495 -0.1023118 -4.04463e-5 1 4.93779e-4 -0.002448737 0.9946654 -0.1031255 0 -0.9999864 -0.005221605 0 -0.9999865 -0.005220651 0 -0.9999864 -0.005220651 0.07637476 0.9970326 0.009639859 0.02874869 -0.9995827 -0.002840101 0.06690227 0.9977188 0.009029328 0.3746643 -0.661751 -0.6493938 0.9629172 -0.1759757 -0.2045074 0.1862857 -0.7051581 -0.6841416 0.306208 -0.009482562 -0.9519174 0.2694191 -0.001451611 -0.963022 0.3127147 -0.01091229 -0.9497844 0.88365 -0.2580594 0.3905998 0.07356756 -0.5310461 0.8441433 0.9173521 -0.221134 0.3310061 -0.1053391 -0.7756175 -0.6223514 -0.08139002 -0.7761749 -0.6252426 -0.0700615 -0.7733294 -0.6301214 -0.1135033 -0.03502488 -0.9929201 0.2862536 0.8756209 -0.3890337 0.05910092 0.9085048 -0.4136741 0 0.9091528 -0.4164627 -0.2426912 -0.005064666 0.9700904 -0.4708604 -0.004606068 0.8821957 -0.2426851 -0.005064308 0.9700919 -0.9597261 0.2150548 0.1807684 -0.9772244 -0.02494144 0.2107376 0.5271531 0.7119792 -0.4638915 0.8098261 0.5816958 0.07623577 0.2221145 0.6467388 -0.7296534 0.0160005 0.2339236 -0.9721234 0.1538611 0.2232266 -0.962547 -7.53987e-7 1 1.85539e-7 -7.53989e-7 1 1.36979e-7 -7.53989e-7 1 1.29007e-7 -0.2150191 0 0.9766098 0.09016901 -0.003041744 0.9959219 0.08223944 -4.946e-4 0.9966126 0.08069902 0 0.9967386 0 0.005221307 -0.9999865 0 0.005221366 -0.9999864 -0.01628738 -0.8384737 -0.5446987 -0.04655253 -0.8043987 -0.5922633 -0.06311517 -0.8040065 -0.5912615 0 0.9215966 0.3881491 0 0.9215965 0.3881495 0 0.9215964 0.3881497 -2.76325e-7 1 -2.27309e-7 -6.52459e-7 1 -5.36724e-7 0 1 0 -0.03832679 0.4554176 -0.8894526 -0.04639875 0.4552109 -0.8891739 0.01323026 -0.5899038 0.8073651 0.01755082 -0.5943824 0.803991 0 -0.5760104 0.8174425 4.47078e-7 -1 -3.43662e-7 1.88193e-6 -1 -5.00023e-7 3.82812e-7 -1 -3.36658e-7 -1.45724e-7 1 1.40304e-6 -1.23204e-6 1 3.25178e-6 -1.45269e-6 1 3.62729e-6 0.9865722 0.001975238 -0.1633143 0.9865515 0.001341104 -0.1634461 0.9865759 0.002088844 -0.1632907 0 -0.005220592 0.9999864 0 -0.005220592 0.9999865 -0.09852522 -0.7728737 -0.6268645 -1.25715e-4 0.002147316 -0.9999977 -1.28244e-5 0.001376509 -0.9999991 0 0.00128895 -0.9999992 0 -0.9998614 -0.0166561 -0.002071201 -0.9877936 -0.1557548 0.1340573 -0.9882719 -0.07312524 0.07663047 -0.9956713 -0.05259752 0.2000833 -0.9689224 -0.1454511 0 -1 0 0 0 -1 1.0348e-6 0 -1 1.16425e-6 0 -1 0 0.8806565 0.4737552 0 0.902931 0.4297855 0 0.9029312 0.4297854 -0.9943035 0 -0.1065868 -0.9772784 0 -0.2119597 -0.9943031 0 -0.1065897 0 1 0 0 1 -3.2096e-7 0 1 -1.73762e-7 -0.9943037 0 -0.1065847 -0.9772784 0 -0.2119596 0 -1 0 0 -1 0 -0.9943032 0 -0.1065893 -0.9772785 0 -0.2119597 -0.9943035 0 -0.106587 -0.9772785 0 -0.2119597 0 0 1 -9.54963e-7 0 1 -0.9884245 0.1384678 0.0619989 -0.977945 0.1264672 0.1662216 -0.9941742 0.0986374 0.04345536 0 0.5797038 0.8148273 0 0.5797037 0.8148273 0 0.9591506 -0.2828962 0 0.9591506 -0.2828962 0 0.9591506 -0.2828962 1 0 0 1 0 0 1 0 0 0 -0.9591506 0.2828962 0 -0.9591506 0.2828962 0 -0.9591506 0.2828963 0.3527022 -0.03308254 0.9351507 -0.09217882 0.08205771 0.9923557 -0.3527032 -0.03308266 0.9351503 0 0.0772165 0.9970144 0 0.07721579 0.9970145 0 -0.9091529 0.4164627 0 -0.9091529 0.4164627 0 -0.9091528 0.4164626 0 -1 0 0 -1 -2.52035e-7 0 -1 -2.66447e-7 0 0.4164627 0.9091529 0 0.4164627 0.9091529 0 0.4164628 0.9091529 0 0.4164628 0.9091528 0 0.4164628 0.9091528 0 1 0 0 1 0 0 0.5169022 0.8560445 0 0.5169022 0.8560445 0 0.5169023 0.8560445 0 0 1 0 0 1 0 0 1 0 0 1 1.99101e-6 -0.9375038 0.3479753 2.39288e-6 -0.9375035 0.347976 2.47528e-6 -0.9375034 0.3479762 -0.9316098 0 0.3634604 -0.9316099 0 0.3634601 -0.9316096 0 0.3634604 0 0.9233276 0.3840133 0 0.9233276 0.3840132 0 0.9233276 0.3840132 -0.93161 0 0.3634597 -0.3222637 -0.01303595 0.9465602 -0.5537618 -0.749014 0.3637665 -0.6347705 -0.67632 0.373708 -0.6390512 -0.6720421 0.3741297 0.3222635 -0.01303595 0.9465603 0.5869301 -0.05659347 0.8076573 0.5156507 -0.8205071 0.2467237 0.7199403 -0.655478 0.2281111 0.4805619 -0.8411375 0.2480889 0 -0.57349 0.8192126 0 -0.5734897 0.8192129 0 -0.5734901 0.8192126 0.09217888 0.08205777 0.9923556 0 -0.9014758 -0.4328296 0 -0.9014759 -0.4328296 0 -0.9014757 -0.4328296 0 -0.5245078 0.8514056 0 -0.5245079 0.8514057 0 -0.5245079 0.8514056 0 0.8531585 0.5216518 0 0.8531589 0.5216511 0.6704198 -0.5481927 0.5000222 0.8206384 -0.4221982 0.385099 1 -1.61312e-7 0 0.993355 0 0.1150916 0.975854 -0.07619887 0.2047017 0.9883688 0.1000693 0.1145139 0.993355 0 0.1150916 0.8763003 -0.3546235 0.3260982 0.947022 -0.2969717 0.1222997 0.9416872 -0.3169932 0.1128739 0.9380461 0.3075535 0.1596258 0.8720032 -0.1988069 0.44731 0.8732352 0.303597 0.3811683 0.9020726 0.3197098 0.2899149 0.796967 -0.3211355 0.5115817 0.9375159 -0.2138407 0.2744745 0.9168938 -0.08640605 0.3896664 0.7237498 -0.2913179 0.625556 0.5950062 0 0.8037212 0.5950062 0 0.8037212 0.5950061 0 0.8037211 0.6237891 -0.7732921 0.1136068 0.9055072 -0.3689046 0.2096813 0.9772244 -0.02494186 0.2107377 0.905507 0.368905 0.2096812 0.6354483 0.7458117 0.1999257 0.9472767 0.2468542 0.2042794 0.9952138 0.09772288 0 0.9977641 0.06683415 0 0.9849796 0.1726706 0 0 -0.2383785 -0.9711724 0 -0.2383784 -0.9711724 0 -0.850265 -0.5263548 0 0.3625931 -0.9319477 0 0.362593 -0.9319477 0 0.125087 0.9921458 0 0.125087 0.9921458 0 0.9091529 -0.4164627 0.2730062 -0.4818214 0.8326559 0.4969943 -0.3844032 0.7779659 0.2665535 -0.4840921 0.8334291 0.001012563 0.9999986 0.001304566 0 0.9999975 0.002234697 9.89142e-4 0.9999989 0.001173794 0 0.9999864 0.005221188 0.001137614 0.9999993 3.40541e-4 0.001056969 0.9999994 3.40467e-4 0.4345301 0.6772748 0.5937023 0.9775562 0.1584237 0.1388742 0.2917786 0.7192566 0.630504 0.2150198 0 0.9766097 0.4199804 0 0.9075332 0.4199805 0 0.9075332 -1 0 0 -0.975315 -0.2145507 -0.05223715 -0.9865966 -0.1585469 -0.03860181 -0.996045 0.08476251 -0.02664035 -0.9407382 0.3235307 -0.1016838 -0.8443598 -0.3953635 -0.3615859 -0.8663867 0.1779052 -0.466609 -0.83823 -0.491804 -0.2355833 -0.9816922 -0.1848121 0.04609715 -0.8611049 0.1344948 -0.4903158 -0.5638885 -0.2653666 -0.7820553 -0.8931941 -0.1144874 0.4348528 -0.4620401 -0.2555298 -0.8492488 -0.03782719 -0.02680981 -0.9989247 0.3814483 -0.1869916 -0.9052797 0.8747217 -0.2294018 0.4268919 -0.399001 -0.9127936 0.08721333 -0.9953482 0.02430713 0.09322643 -0.3797329 -0.9211058 0.08583229 -0.4815081 -0.8359486 -0.2633251 -0.8245255 0.5250673 -0.2108602 -0.7115869 0.6856358 -0.153453 -0.5316459 0.04471552 -0.8457856 -0.2084355 -0.005884766 -0.9780185 -0.1538614 0.2232266 -0.962547 0.9620699 0.01723206 0.2722586 -0.1017194 -0.009041786 -0.994772 0 0 -1 4.18204e-4 0.06193792 -0.99808 0.001211166 0.02644628 -0.9996495 -0.6077845 0.3065856 -0.7325322 -0.6279699 0.2960174 -0.7197414 -0.6283794 0.2957985 -0.7194739 -0.8191536 -0.5428386 -0.1852393 4.04459e-5 1 4.93772e-4 0.002429783 0.9947494 -0.1023122 0.002448737 0.9946653 -0.1031259 0 -0.9999864 -0.005221664 -0.02874875 -0.9995827 -0.00284022 -0.076375 0.9970326 0.009639799 -0.06690251 0.9977187 0.009029269 -0.9629172 -0.1759755 -0.2045073 -0.3746643 -0.661751 -0.6493938 -0.1862857 -0.7051582 -0.6841415 -0.2694191 -0.001451611 -0.963022 -0.3062079 -0.009482562 -0.9519175 -0.3127146 -0.01091223 -0.9497845 -0.88365 -0.2580594 0.3905998 -0.07356756 -0.5310461 0.8441433 -0.01073014 -0.5318022 0.8468007 0.08139026 -0.776175 -0.6252425 0.1053393 -0.7756177 -0.6223512 0.07006174 -0.7733295 -0.6301212 0.1135033 -0.03502488 -0.9929201 0.2982675 0 0.9544824 -0.05910092 0.9085048 -0.4136741 -0.2862536 0.8756209 -0.3890337 0.2426912 -0.005064666 0.9700904 0.4708604 -0.004606068 0.8821957 0.4708606 -0.004606783 0.8821956 0.9597264 0.2150536 0.1807687 -0.8098264 0.5816952 0.07623535 -0.5271535 0.7119787 -0.4638916 -0.2221148 0.6467385 -0.7296535 -0.0160008 0.2339236 -0.9721233 0 -3.9848e-7 -1 7.53989e-7 1 1.36979e-7 7.53987e-7 1 1.85539e-7 7.5399e-7 1 1.29007e-7 0.2150191 0 0.9766098 -0.08223962 -4.946e-4 0.9966124 -0.09016931 -0.003041744 0.9959218 -0.08069926 0 0.9967386 0.04655253 -0.8043985 -0.5922633 0.01628738 -0.8384736 -0.5446987 0.06311523 -0.8040065 -0.5912615 6.52459e-7 1 -5.36724e-7 2.76325e-7 1 -2.27309e-7 0.0383259 0.4554176 -0.8894526 0.0463978 0.4552109 -0.8891739 -0.01755094 -0.5943827 0.8039909 -0.01323038 -0.5899041 0.8073651 -4.47078e-7 -1 -3.43662e-7 -1.88193e-6 -1 -5.00023e-7 -2.14458e-6 -1 -5.28645e-7 1.23204e-6 1 3.53145e-6 1.45724e-7 1 1.43612e-6 1.45269e-6 1 3.95704e-6 -0.9865722 0.001975238 -0.1633143 -0.9865515 0.001341104 -0.1634461 -0.9865477 0.001227557 -0.1634696 0.0985254 -0.7728738 -0.6268643 1.28236e-5 0.001376509 -0.9999991 1.25706e-4 0.002147316 -0.9999977 0 0.00128895 -0.9999992 0.002071201 -0.9877936 -0.1557548 0 -0.9856439 -0.1688379 -0.2096432 -0.9699639 -0.1233687 -0.07515192 -0.9956167 -0.05567312 -0.06188076 -0.9968815 -0.04897081 0 -1 -3.69637e-7 0 -1 -5.04475e-7 0 0 -1 0 0 -1 0 0 -1 -5.35049e-7 0 -1 0 0.8792455 0.4763692 0.9772784 0 -0.2119597 0.9943035 0 -0.1065868 0.9943031 0 -0.1065897 0.9772784 0 -0.2119596 0.9943037 0 -0.1065847 0 -1 0 0.9772785 0 -0.2119597 0.9943032 0 -0.1065894 0.9943035 0 -0.106587 0.9884245 0.1384678 0.0619989 0.977945 0.1264672 0.1662216 0.9783037 0.1201003 0.1688133 -1 0 0 -1 0 0 0.09217882 0.08205771 0.9923557 -0.352702 -0.03308254 0.9351507 0.3527032 -0.03308266 0.9351503 -1 0 0 -1 0 0 -1 0 0 0 0.0772165 0.9970144 0 0.07721579 0.9970145 0 0.4164626 0.9091529 0 -1 0 0 -1 0 0 0 1 0 0 1 0 0 1 0 0 1 0 0 1 -1.99101e-6 -0.9375038 0.3479753 -2.39288e-6 -0.9375035 0.347976 -1.92364e-6 -0.9375039 0.3479751 0.9316097 0 0.3634604 0.9316097 0 0.3634606 0.9316096 0 0.3634606 0 0.9233278 0.3840131 0 0.9233276 0.3840132 0.93161 0 0.3634597 0.93161 0 0.3634595 0.3222637 -0.01303595 0.9465602 0.5869305 -0.05659353 0.8076571 0.6347706 -0.6763199 0.3737081 0.5537618 -0.749014 0.3637666 0.6390513 -0.672042 0.3741298 -0.3222632 -0.01303595 0.9465604 -0.58693 -0.05659347 0.8076574 -0.5156507 -0.8205071 0.2467237 -0.7199403 -0.655478 0.2281111 -0.7304787 -0.644277 0.2265129 0 -0.5734897 0.8192129 -0.09217876 0.08205783 0.9923556 0 -0.5245079 0.8514057 0 -0.5245078 0.8514057 0 -3.62704e-7 1 2.30412e-7 0.3826833 0.9238796 0 -3.57872e-7 1 0 0.3826854 0.9238788 1.45359e-7 0.7071068 0.7071068 0 0.7071084 0.7071053 0 0.923879 0.3826851 0 0.9238799 0.3826828 0 1 1.14132e-6 0 1 -1.04459e-6 0 0.9238798 -0.382683 -1.51546e-7 0.9238789 -0.3826851 -3.09279e-7 0.7071084 -0.7071052 -2.1843e-7 0.7071069 -0.7071068 -1.27189e-7 0.3826852 -0.9238788 -1.88511e-7 0.3826838 -0.9238794 -2.20611e-7 -3.33688e-7 -1 -1.88512e-7 -0.3826838 -0.9238794 -1.27189e-7 -0.3826852 -0.9238788 -2.1843e-7 -0.7071064 -0.7071072 -3.09279e-7 -0.7071081 -0.7071056 -1.51546e-7 -0.9238784 -0.3826861 0 -0.9238793 -0.3826839 0 -1 0 0 -1 0 0 -0.9238795 0.3826836 0 -0.9238786 0.382686 1.45358e-7 -0.7071074 0.7071061 0 -0.3826853 0.9238788 2.30412e-7 -0.3826835 0.9238796 0 -1 1.44538e-6 0 -0.9238793 0.382684 0 -0.9238782 0.3826867 1 0 0 1 9.03614e-7 0 1 2.72501e-7 0 1 2.41904e-7 0 1 2.41911e-7 0 1 0 0 1 2.72501e-7 0 1 4.60642e-7 0 1 0 0 1 0 0 1 -6.56183e-7 0 1 -3.11613e-7 0 1 -3.82739e-7 0 1 -2.42468e-7 0 1 -2.68026e-7 0 1 0 0 1 0 0 1 -3.81307e-7 0 1 -1.31238e-6 0 1 5.36043e-7 0 1 -5.36043e-7 0 1 0 0 1 0 0 1 5.9609e-7 0 1 1.98646e-7 0 0 1 -1.36438e-6 0 0.9238786 -0.3826858 0 0.9238775 -0.3826884 0 -0.7071076 0.707106 0 -0.7071056 0.7071081 0 0.7071082 -0.7071055 0 0.7071059 -0.7071076 0 -0.3826869 0.9238782 0 -0.3826842 0.9238793 0 0.3826838 -0.9238794 0 0.3826809 -0.9238806 0 -1.49677e-6 1 0 1.48588e-6 1 0 -1.45264e-6 -1 0 -0.3826842 -0.9238793 0 -0.3826868 -0.9238782 0 1.44236e-6 -1 0 0.382684 0.9238793 0 0.3826867 0.9238783 0 -0.7071032 -0.7071104 0 -0.7071053 -0.7071084 0 0.7071062 0.7071075 0 0.7071082 0.7071054 0 -0.9238783 -0.3826868 0 -0.9238793 -0.382684 0 0.9238775 0.3826884 0 0.9238786 0.3826858 0 -1 -1.44538e-6 0 1 1.36438e-6 -1 2.27556e-7 0 -1 -2.87583e-7 0 -2.30412e-7 0.3826834 0.9238796 0 -2.85328e-7 1 0 -1.741e-7 1 -1.45359e-7 0.7071065 0.7071071 0 0.3826854 0.9238788 0 0.923879 0.3826848 0 0.7071081 0.7071056 0 1 7.68938e-7 0 0.9238798 0.3826829 0 0.9238798 -0.382683 0 1 -7.44757e-7 3.09279e-7 0.7071084 -0.7071052 1.51546e-7 0.9238789 -0.3826849 1.27189e-7 0.3826856 -0.9238786 2.1843e-7 0.7071066 -0.7071071 2.20611e-7 -2.80491e-7 -1 1.88511e-7 0.3826838 -0.9238795 1.88511e-7 -0.3826835 -0.9238796 5.97631e-7 -1.64428e-7 -1 1.27189e-7 -0.3826855 -0.9238787 2.1843e-7 -0.7071062 -0.7071074 3.09279e-7 -0.7071079 -0.7071058 1.51546e-7 -0.9238787 -0.3826855 0 -0.9238794 -0.3826841 0 -1 0 0 -0.9238793 0.3826839 0 -1 0 -1.45358e-7 -0.707107 0.7071067 0 -0.9238787 0.3826854 0 -0.3826852 0.9238788 0 -0.7071067 0.7071069 -2.30411e-7 -0.3826832 0.9238798 0 -0.9238793 0.3826842 0 -1 4.49755e-6 0 -0.9238783 0.3826865 -1 1.20955e-7 0 -1 7.92433e-7 0 -1 5.41932e-7 0 -1 0 0 -1 5.15455e-7 0 -1 -3.79348e-7 0 -1 -3.11613e-7 0 -1 -2.68026e-7 0 -1 -1.81432e-7 0 -1 -6.56183e-7 0 -1 1.51674e-6 0 -1 -1.64049e-7 0 -1 7.26794e-7 0 -1 -2.04376e-7 0 -1 4.60642e-7 0 -1 -3.92633e-7 0 -1 -2.88436e-7 0 -1 3.97717e-7 0 -1 4.06514e-7 0 -1 0 0 -1 7.65474e-7 0 -1 -4.67407e-7 0 -1 0 0 -1 1.34011e-7 0 -1 1.34011e-7 0 -1 1.95988e-7 0 -1 -1.93092e-7 0 -1 0 0 0 0.9238788 -0.3826852 0 1 -4.3428e-6 0 0.9238779 -0.3826873 0 -0.7071047 0.7071089 0 -0.7071033 0.7071104 0 0.707107 -0.7071066 0 0.7071055 -0.7071081 0 -0.3826866 0.9238782 0 -0.3826848 0.9238791 0 0.3826888 -0.9238774 0 0.3826864 -0.9238783 0 -5.22296e-6 1 0 -2.31164e-6 1 0 -0.3826819 -0.9238802 0 4.44919e-7 -1 0 -0.382685 -0.9238789 0 3.34657e-6 -1 0 0.3826787 0.9238815 0 0.382682 0.9238802 0 -0.7071065 -0.7071071 0 -0.707109 -0.7071046 0 0.7071064 0.7071072 0 0.707109 0.7071046 0 -0.9238787 -0.3826857 0 -0.9238799 -0.3826826 0 0.9238783 0.3826866 0 0.9238795 0.3826836 0 -1 1.51853e-6 0 1 -1.67328e-6 1 -2.35476e-7 0 1 0 0 1 2.09446e-7 0 0 -1.64426e-7 1 2.30412e-7 0.3826833 0.9238796 0 0.3826855 0.9238788 1.45359e-7 0.7071065 0.7071071 0 0.7071083 0.7071053 0 0.9238788 0.3826853 -1.51546e-7 0.9238788 -0.3826853 -3.09279e-7 0.7071083 -0.7071053 -2.1843e-7 0.7071066 -0.7071071 -1.27189e-7 0.3826853 -0.9238788 -1.88511e-7 0.3826838 -0.9238794 -2.20611e-7 -1.5959e-7 -1 -1.88511e-7 -0.3826835 -0.9238796 -1.27189e-7 -0.3826853 -0.9238788 -2.1843e-7 -0.7071067 -0.707107 -3.09279e-7 -0.7071081 -0.7071055 -1.51546e-7 -0.9238788 -0.3826853 0 -0.9238798 -0.3826832 0 -1 0 0 -1 0 0 -0.9238798 0.382683 0 -0.9238789 0.3826851 1.45358e-7 -0.7071073 0.7071063 0 -0.3826854 0.9238787 2.30412e-7 -0.382683 0.9238797 0 -1 1.44901e-6 0 -0.9238791 0.3826847 0 -0.923878 0.3826873 1 0 0 1 9.03617e-7 0 1 3.28096e-7 0 1 2.4191e-7 0 1 2.42469e-7 0 1 3.82739e-7 0 1 2.72499e-7 0 1 4.60655e-7 0 1 0 0 1 -4.60643e-7 0 1 -2.72502e-7 0 1 -3.82739e-7 0 1 -2.42467e-7 0 1 -2.41905e-7 0 1 0 0 1 0 0 1 -3.81304e-7 0 1 -1.31237e-6 0 1 5.36044e-7 0 1 -5.36043e-7 0 1 0 0 1 -1.83525e-7 0 1 5.96101e-7 0 1 1.98656e-7 0 0 1 -1.4079e-6 0 0.9238796 -0.3826834 0 0.9238785 -0.382686 0 -0.7071086 0.7071051 0 -0.7071066 0.7071071 0 0.7071091 -0.7071045 0 -0.3826873 0.9238779 0 -0.3826847 0.9238791 0 0.3826831 -0.9238798 0 0.3826802 -0.923881 0 -1.44901e-6 1 0 1.45687e-6 1 0 -1.40548e-6 -1 0 -0.3826847 -0.923879 0 -0.3826872 -0.923878 0 1.501e-6 -1 0 0.3826833 0.9238796 0 0.3826861 0.9238786 0 -0.7071043 -0.7071093 0 -0.7071062 -0.7071075 0 0.7071072 0.7071064 0 0.7071092 0.7071045 0 -0.923878 -0.3826873 0 -0.9238791 -0.3826847 0 0.9238784 0.3826861 0 0.9238796 0.3826834 0 -1 -1.44901e-6 0 1 1.4079e-6 -1 2.27556e-7 0 -1 -2.87584e-7 0 -2.30412e-7 0.3826832 0.9238796 0 -1.25738e-7 1 -1.45359e-7 0.707107 0.7071067 0 0.3826851 0.9238788 0 0.923879 0.382685 0 0.7071081 0.7071055 0 1 1.03976e-6 0 0.9238796 0.3826834 0 0.9238795 -0.3826835 0 1 -1.01558e-6 3.09279e-7 0.7071084 -0.7071052 1.51546e-7 0.923879 -0.3826851 1.27189e-7 0.3826856 -0.9238787 2.1843e-7 0.707107 -0.7071067 2.20611e-7 -1.20902e-7 -1 1.88511e-7 0.3826836 -0.9238796 1.88511e-7 -0.3826836 -0.9238795 5.97631e-7 0 -1 1.27189e-7 -0.3826856 -0.9238787 2.1843e-7 -0.7071067 -0.707107 3.09279e-7 -0.7071081 -0.7071055 1.51546e-7 -0.923879 -0.3826849 0 -0.9238796 -0.3826833 0 -1 0 0 -0.9238797 0.3826833 0 -1 0 -1.45358e-7 -0.7071073 0.7071064 0 -0.923879 0.3826848 0 -0.3826853 0.9238788 0 -0.7071072 0.7071064 -2.30412e-7 -0.3826833 0.9238796 0 -0.9238793 0.3826842 0 -1 4.40083e-6 0 -0.9238784 0.3826863 -1 -4.32558e-7 0 -1 7.92435e-7 0 -1 5.41933e-7 0 -1 3.11604e-7 0 -1 -5.40528e-7 0 -1 -5.21119e-7 0 -1 -1.38488e-7 0 -1 -4.60652e-7 0 -1 0 0 -1 0 0 -1 0 0 -1 4.6658e-7 0 -1 3.74537e-7 0 -1 4.60642e-7 0 -1 3.28004e-7 0 -1 -1.94078e-7 0 -1 3.97717e-7 0 -1 4.06513e-7 0 -1 0 0 -1 7.65476e-7 0 -1 -4.67406e-7 0 -1 0 0 -1 1.34011e-7 0 -1 1.34011e-7 0 -1 -3.95015e-7 0 -1 2.43637e-7 0 -1 0 0 0 0.9238793 -0.3826842 0 1 -4.40083e-6 0 0.9238783 -0.3826864 0 -0.7071051 0.7071086 0 -0.7071036 0.7071099 0 0.7071087 -0.7071049 0 0.7071071 -0.7071065 0 -0.3826875 0.9238778 0 -0.3826856 0.9238787 0 0.3826876 -0.9238778 0 0.3826853 -0.9238789 0 -5.05853e-6 1 0 -2.14722e-6 1 0 -0.3826828 -0.9238799 0 6.19018e-7 -1 0 -0.3826859 -0.9238786 0 3.54968e-6 -1 0 0.3826775 0.9238821 0 0.3826809 0.9238807 0 -0.707107 -0.7071066 0 -0.7071093 -0.7071042 0 0.7071107 0.7071029 0 -0.9238787 -0.3826856 0 0.9238786 0.3826857 0 0.9238799 0.3826826 0 -1 1.62492e-6 0 1 -1.59591e-6 1 -2.35476e-7 0 1 0 0 1 2.09446e-7 0 -0.7071062 0 0.7071075 -0.7071062 0 0.7071074 0.7071062 0 0.7071075 0.7071062 0 0.7071074 0.7071063 0 0.7071074 0 0.7071061 0.7071076 0 0.7071073 0.7071063 0 0.7071059 0.7071077 0 -0.7071058 0.7071078 0 -0.7071053 0.7071084 0 -0.7071059 0.7071077 0 -0.9619266 0.2733083 0 -0.9619265 0.2733083 0 -0.9619269 0.273307 0.9373571 0 0.3483703 0.9373567 0 0.3483713 0.9373579 0 0.3483679 0 0.9619267 0.2733079 0 0.9619266 0.2733079 0 0.9619261 0.2733096 -0.937357 0 0.3483703 -0.9373568 0 0.3483707 -0.9373574 0 0.3483695 -0.9373568 0 -0.3483707 -0.9373575 0 -0.348369 -0.9373549 0 -0.3483762 0 0.9619266 -0.2733079 0 0.9619267 -0.2733079 0 0.9619274 -0.2733052 0.9373572 0 -0.34837 0.9373575 0 -0.3483691 0.9373561 0 -0.3483731 0 -0.9619261 -0.2733098 0 -0.9619261 -0.2733099 0 -0.961926 -0.2733103 0 0 1 -5.01407e-7 0 1 -5.1414e-7 0 1 1.25352e-6 0 -1 1.28535e-6 0 -1 0 0 -1 0.9985877 0 0.05312985 0.9985877 0 0.05312985 0.9985877 0 0.05312985 0 0.9991739 0.0406416 0 0.9991739 0.04064112 0 0.9991738 0.04064166 -0.9985877 0 0.05312985 -0.9985877 0 0.05312985 -0.9985877 0 0.05312985 0 -0.9991739 0.04064059 0 -0.9991739 0.04064106 0 -0.9991739 0.04064053 0.9998735 0 0.01590853 0.9998735 0 0.01590847 0.9998735 0 0.01590853 0 0.9999261 0.0121622 0 0.9999261 0.0121628 0 0.9999261 0.01216214 -0.9998735 0 0.01590853 -0.9998735 0 0.01590847 -0.9998735 0 0.01590853 0 -0.9999261 0.01216268 0 -0.999926 0.01216286 0 -0.999926 0.01216268 0 -4.15819e-7 1 0 -4.15819e-7 1 0 -4.15819e-7 1 1 3.47122e-7 0 1 3.00658e-7 0 1 6.47781e-7 0 0 -1 -1.54472e-7 -1 1.43071e-7 0 -1 1.6592e-7 0 -1 3.08991e-7 0 -0.707125 0.7070887 0 -0.7070963 0.7071173 0 -0.707096 0.7071176 0 -0.7071164 -3.60257e-7 0.7070972 -0.7071124 0 0.7071012 -0.7071166 -3.69112e-7 0.7070971 -0.7071002 0 -0.7071134 -0.7071122 0 -0.7071014 -0.7070999 0 -0.7071137 -0.7071107 -0.7071029 0 -0.7071101 -0.7071036 0 -0.7071108 -0.7071028 0 0 1 0 0 1 2.63722e-7 -1 -3.49248e-7 0 -1 3.49241e-7 0 0.181528 -0.6953574 0.6953601 0 -0.3826859 0.9238786 0.1815279 -0.3763264 0.9085296 0.3494614 -3.56099e-6 0.9369508 0.1815289 0.3763274 0.908529 0.3494612 0.3585528 0.8656309 0.3494615 -0.3585593 0.8656281 0.1815282 -7.59033e-7 0.9833858 0.3494607 -4.64047e-7 -0.9369511 0.1815288 -0.376327 -0.9085293 0.3494608 -0.3585566 -0.8656295 0.1815292 0.6953621 0.6953551 0.3494612 0.6625247 0.6625239 0.3494606 -0.662525 -0.662524 0.1815279 -0.6953591 -0.6953584 0.349461 0.8656292 0.3585572 0.1815281 0.9085304 0.3763244 0.1815282 -0.9085298 -0.376326 0.3494603 -0.8656286 -0.3585594 0.1815292 0.9833856 -8.26889e-7 0.3494615 0.9369508 0 0.1815282 -0.9833858 2.32574e-6 0.3494607 -0.9369511 0 0.3494612 0.8656291 -0.3585572 0.1815281 0.9085294 -0.3763271 0.3494607 -0.8656297 0.358556 0.1815274 -0.9085283 0.37633 0.1815284 0.6953594 -0.695358 0.3494613 0.6625278 -0.6625208 0.3494611 -0.6625273 0.6625214 0.181529 0.376325 -0.90853 0.3494613 0.3585566 -0.8656293 0.1815283 -1.38836e-6 -0.9833858 0 3.38525e-7 -1 0 0.3826823 0.92388 0 -2.31164e-6 1 0 -0.3826834 -0.9238796 0 0.707106 0.7071076 0 -0.707104 -0.7071096 0 0.9238777 0.3826879 0 -0.9238767 -0.3826905 0 1 1.63459e-6 0 -1 -4.77804e-6 0 0.9238801 -0.3826825 0 -0.9238802 0.3826821 0 0.7071114 -0.7071021 0 -0.7071082 0.7071054 0 0.382687 -0.9238781 -1 2.6552e-7 0 -1 0 0 -1 1.62814e-7 0 0.181528 -0.6953625 0.6953551 0 -0.382687 0.923878 0.181528 -0.3763281 0.908529 0.3494612 -4.27723e-6 0.9369509 0.1815292 0.3763284 0.9085286 0.3494617 0.3585578 0.8656286 0.3494606 -0.3585579 0.8656291 0.1815279 1.63336e-7 0.9833858 0.3494604 -0.3585582 -0.8656289 0.181528 -1.44601e-6 -0.9833858 0.181528 -0.3763288 -0.9085287 0.3494622 0.6625248 0.6625233 0.1815276 0.6953617 0.6953559 0.3494611 -0.6625229 -0.6625259 0.1815282 -0.695362 -0.6953555 0.1815282 0.9085268 0.3763332 0.3494628 0.8656271 0.3585608 0.1815287 -0.9085282 -0.3763297 0.3494613 -0.8656275 -0.3585609 0.1815307 0.9833854 6.7076e-7 0.3494622 0.9369505 0 0.1815303 -0.9833854 7.83653e-7 0.3494608 -0.9369511 0 0.3494627 0.8656271 -0.3585608 0.1815283 0.9085267 -0.3763334 0.3494615 -0.8656274 0.3585608 0.1815285 -0.9085282 0.3763299 0.349462 0.6625251 -0.6625231 0.1815277 0.6953612 -0.6953564 0.3494613 -0.6625226 0.662526 0.1815293 0.3763277 -0.9085288 0.3494616 0.3585579 -0.8656286 0.3494608 -4.50924e-6 -0.936951 0 1.62492e-6 -1 0 0.3826856 0.9238786 0 -1.62492e-6 1 0 -0.3826856 -0.9238786 0 0.7071104 0.7071033 0 -0.7071104 -0.7071033 0 0.9238775 0.3826885 0 -0.9238774 -0.3826885 0 1 -1.49919e-6 0 -1 -1.62492e-6 0 0.9238775 -0.3826883 0 -0.9238777 0.3826879 0 0.7071115 -0.7071021 0 -0.7071097 0.707104 0 0.382687 -0.923878 1 3.49241e-7 0 1 1.74617e-7 0 1 -3.49241e-7 0 -0.181528 -0.6953575 0.6953601 -0.1815279 -0.3763263 0.9085297 -0.181529 0.3763273 0.9085291 -0.3494614 -3.81319e-6 0.9369508 -0.3494613 0.3585526 0.8656309 -0.1815282 -7.92662e-7 0.9833858 -0.3494614 -0.3585594 0.865628 -0.1815288 -0.3763269 -0.9085294 -0.3494607 -4.43871e-7 -0.9369511 -0.3494608 -0.3585566 -0.8656295 -0.1815292 0.695362 0.6953552 -0.3494612 0.6625247 0.6625239 -0.3494607 -0.6625249 -0.662524 -0.3494611 0.8656291 0.3585572 -0.1815282 -0.9085298 -0.3763261 -0.3494603 -0.8656285 -0.3585593 -0.1815291 0.9833856 -8.26288e-7 -0.3494616 0.9369508 0 -0.1815282 -0.9833858 2.32994e-6 -0.3494607 -0.9369511 0 -0.3494612 0.865629 -0.3585572 -0.3494607 -0.8656297 0.358556 -0.1815284 0.6953594 -0.695358 -0.3494614 0.6625277 -0.6625208 -0.3494611 -0.6625273 0.6625214 -0.181529 0.376325 -0.90853 -0.3494614 0.3585565 -0.8656293 -0.1815283 -1.2549e-6 -0.9833858 0 -0.707104 -0.7071095 -0.1815279 -0.6953591 -0.6953584 -0.181528 0.9085304 0.3763244 -0.181528 0.9085293 -0.3763271 -0.1815274 -0.9085283 0.37633 0 -0.7071083 0.7071054 1 4.19938e-7 0 1 2.01443e-7 0 1 -6.3381e-7 0 -0.181528 -0.6953625 0.6953551 -0.1815279 -0.376328 0.9085291 -0.1815292 0.3763283 0.9085286 -0.3494611 -4.50925e-6 0.9369509 -0.3494617 0.3585578 0.8656286 -0.1815279 1.34512e-7 0.9833859 -0.3494606 -0.3585579 0.865629 -0.3494604 -0.3585583 -0.865629 -0.181528 -1.4412e-6 -0.9833858 -0.3494608 -4.50924e-6 -0.936951 -0.3494622 0.6625248 0.6625233 -0.3494611 -0.6625229 -0.6625259 -0.181528 -0.3763288 -0.9085287 -0.1815283 0.9085267 0.3763333 -0.3494628 0.8656269 0.3585607 -0.1815287 -0.9085281 -0.3763297 -0.3494612 -0.8656275 -0.3585609 -0.1815307 0.9833853 6.72561e-7 -0.3494623 0.9369505 0 -0.1815303 -0.9833854 7.78249e-7 -0.3494607 -0.9369511 0 -0.3494627 0.8656271 -0.3585608 -0.3494615 -0.8656274 0.3585608 -0.3494621 0.6625249 -0.6625232 -0.1815283 0.9085267 -0.3763334 -0.3494613 -0.6625226 0.6625261 -0.1815285 -0.908528 0.37633 -0.1815292 0.3763277 -0.9085288 -0.3494617 0.3585579 -0.8656287 -0.1815276 0.6953617 0.695356 -0.1815282 -0.695362 -0.6953555 0 0.9238775 0.3826885 -0.1815277 0.6953612 -0.6953564 0.9999805 0 0.00626558 0.9999804 0 0.00626558 0.9999804 0 0.006265521 0 0.9999886 0.004790008 0 0.9999886 0.004789948 0 0.9999886 0.004790008 -0.9999805 0 0.00626558 -0.9999804 0 0.00626558 0 -0.9999886 0.004790008 0 -0.9999886 0.004790008 0 -0.9999886 0.004790008 0.9999805 0 0.006265521 0.9999804 0 0.00626558 0.9999804 0 0.006265521 0 0.9999886 0.004789948 0 0.9999886 0.004789948 0 0.9999886 0.004789948 -0.9999805 0 0.00626558 -0.9999804 0 0.006265521 0 -0.9999886 0.004790067 0 -0.9999886 0.004790008 0 -0.9999886 0.004790067 -0.9999804 0 0.00626558 -0.9999805 0 0.006265521 -0.9999804 0 0.006265521 0.9999804 0 0.006265521 0.9999805 0 0.006265521 0 -2.60276e-7 1 0 -2.60276e-7 1 0 -2.60276e-7 1 0 -1 -1.41745e-7 0 -1 -8.266e-7 -1 0 0 -1 0 0 -1 0 0 -0.707099 0.7071146 0 -0.707107 0.7071066 0 -0.7070989 0.7071147 0 -0.7071036 -3.15399e-7 0.7071101 -0.7071191 -3.92688e-7 0.7070946 -0.7071031 -3.13478e-7 0.7071105 -0.7071154 0 -0.7070981 -0.7071028 0 -0.7071108 -0.7071157 0 -0.7070978 -0.707101 -0.7071127 0 -0.7071115 -0.7071022 0 -0.7071007 -0.707113 0 0 -1 0 0 -1 -7.92561e-7 0 -1 -9.09169e-7 0.9771971 0 0.2123342 0.9771971 0 0.2123343 0.9771972 0 0.212334 -0.9771971 0 0.2123342 -0.9771971 0 0.2123343 -0.9771972 0 0.2123338 -0.7070928 0.7071208 0 -0.7070928 -0.7071208 0 -0.7071254 -0.7070882 0 0.7071254 -0.7070882 0 0.7070928 -0.7071208 0 0.7070928 0.7071208 0 0.7071254 0.7070882 0 -0.7071254 0.7070882 0 0 -0.2554675 0.9668177 0 -0.2636014 0.9646317 0 -0.2646871 0.9643344 0 -0.271717 0.9623772 0 -0.2717173 0.9623772 0 -0.2554675 0.9668176 0 -0.2554675 0.9668177 0 -0.2644323 0.9644043 0 0.2730678 -0.9619948 0 0.2870737 -0.9579085 0 0.2730677 -0.9619948 0 0.2881367 -0.9575893 0 0.9529588 -0.3030999 0 0.2730678 -0.9619949 0 0.287889 -0.9576638 0.7515072 0.6533496 -0.09149372 0 -0.2730675 0.9619949 0 -0.2870743 0.9579083 0 -0.2881369 0.9575893 0 0.3031072 0.9529564 -0.2970697 0.2164987 0.9299881 0 -0.2730678 0.9619949 0 -0.2730676 0.9619948 0 -0.2878892 0.9576637 0.4602813 -0.8869287 0.03871297 0 -0.09153211 -0.9958022 0 -0.09153205 -0.9958022 0.3948214 0.8835293 -0.2519765 0.8584794 0.4298139 0.2797732 0.107742 0.7344854 0.6700171 -0.7011223 -0.2823756 0.6547454 -0.4088447 -0.5857298 0.6998333 -0.7019289 -0.2779579 0.6557708 0.7648726 -0.3488776 0.5415295 0.4341911 -0.8173133 -0.3787837 0.7096627 -0.2635108 0.6534072 0.4188012 -0.5699168 0.7069657 0.3290626 -0.6309427 0.7025874 -0.752941 0.651972 -0.08951222 0.3002979 0.2161203 0.929039 0.7101914 -0.2603888 0.6540841 0 0.4852506 0.8743751 0 0.4852613 0.8743693 0.1569596 -0.663767 0.7312846 0 -0.7796465 0.6262199 0 -0.7796472 0.6262192 -0.1556541 -0.6666961 0.7288953 0 -0.7796444 0.6262225 -0.4560114 -0.8896248 0.02493101 0 -0.7796449 0.6262221 -0.3221941 -0.6415942 0.6960948 0 -0.7796438 0.6262232 -0.4273673 -0.8198523 -0.3810504 0 -0.7796435 0.6262236 0 0.09153109 0.9958023 -0.7709367 -0.3517472 0.5309714 -0.1083767 0.733753 0.6707169 0 0.8743674 -0.4852647 -0.3982688 0.8831341 -0.2479035 -0.3241279 0.8097125 -0.4891901 -0.8576571 0.4289521 0.2835919 0.3215263 0.8104318 -0.4897152 0 0.8743677 -0.485264 0 -1 -1.36786e-7 0.8381451 -0.4928036 0.233789 0.9385105 -0.3299334 0.1016969 0 -1 -1.91829e-6 -0.7956447 -0.5724066 0.198243 -0.4535713 -0.6344684 0.6258777 -1 -1.61312e-7 0 -0.9933549 0 0.1150916 -0.9343933 -0.3415517 0.1012502 -0.6238284 0.6058934 0.4936915 -0.7752096 0.1505845 0.6134935 -0.6751253 -0.1245442 0.7271139 -0.7634648 -0.2281782 0.6041988 -0.7121823 -0.3011907 0.6340983 -0.5950062 0 0.8037211 -0.6144241 0.7637454 0.1979297 -1 0 0 0 -0.2383785 -0.9711724 0 -0.7752349 -0.6316732 0 0.8615115 0.5077382 0 0.3625931 -0.9319476 0 0.125087 0.9921458 0 0.9091528 -0.4164627 -0.5077422 -0.3787056 0.7738088 0 0.9999975 0.002234697 -1 1.35608e-6 0 0 -0.648904 0.7608703 0.8670286 -0.4841163 -0.117869 0.7933537 0.5807528 -0.1825271 0.7568148 0.3376154 -0.5596849 0.9798994 -0.1910504 0.05742067 0.4620401 -0.2555297 -0.8492489 0.3797323 -0.921106 0.08583217 0.4222976 -0.8718819 -0.2479653 0.6068494 0.3070645 -0.7331066 0 0.9999976 0.002234935 0.02042317 -0.9997857 -0.003380537 0.9972618 0.06815439 0.02870392 0.2627261 0 -0.9648705 0.01073014 -0.5318022 0.8468007 -0.2982667 0 0.9544826 0.3149417 0.8678447 -0.3842621 -0.4708606 -0.004606783 0.8821956 -0.5089508 -0.8595533 -0.04623228 0.6407547 0.001058638 0.7677449 -7.53987e-7 1 1.9351e-7 0.09249335 -0.003788709 0.9957062 0 0.005221307 -0.9999865 0 -0.83494 -0.5503411 0 0.9215968 0.388149 -9.11469e-7 1 -7.49789e-7 0.02923166 -0.6063456 0.7946639 2.14458e-6 -1 -5.28645e-7 0 1 1.15504e-6 0.9865477 0.001227557 -0.1634696 -1.38548e-4 0.002234935 -0.9999976 0.2273501 -0.9570477 -0.1799216 0.0618807 -0.9968816 -0.04897075 -0.9772784 0 -0.2119598 -0.9783037 0.1201003 0.1688133 0 0.9591506 -0.2828961 0 -0.9591506 0.2828962 0 -0.9091528 0.4164627 0 0.4164628 0.9091528 0 1 0 0 0.5169022 0.8560445 0 0 1 1.92364e-6 -0.9375039 0.3479751 -0.9316098 0 0.3634602 -0.93161 0 0.3634595 -0.5869305 -0.05659353 0.8076571 -0.536229 -0.7628965 0.3611754 0.7304787 -0.644277 0.2265129 0.3122492 -0.7018811 0.6402058 0.9933549 0 0.1150916 0.6691189 -0.5214164 0.5295327 0.747484 -0.4447615 0.4934114 0.7121818 -0.3011909 0.6340988 0.5950062 0 0.8037211 0.6144241 -0.7637454 0.1979297 0.6144237 0.7637457 0.1979296 0.5077403 -0.3787062 0.7738098 1 1.01706e-6 0 -0.8670285 -0.4841164 -0.117869 -0.7933538 0.5807527 -0.1825271 -0.756815 0.3376153 -0.5596846 -0.9798991 -0.1910519 0.05742096 -0.719599 -0.02947598 0.693764 -0.9930078 0.07615071 0.09020322 -0.4222978 -0.8718819 -0.2479655 -0.6068509 0.3070642 -0.7331055 0 0.9999976 0.002234935 -0.02042317 -0.9997857 -0.003380596 -0.9972618 0.06815475 0.02870392 -0.2627261 0 -0.9648705 -0.9173521 -0.221134 0.3310061 -0.3149417 0.8678448 -0.3842622 0.2426851 -0.005064308 0.9700919 0.5089507 -0.8595533 -0.04623216 -0.6407552 0.001058578 0.7677446 7.53987e-7 1 1.9351e-7 -0.09249371 -0.003788709 0.9957062 9.11469e-7 1 -7.49789e-7 -0.02923184 -0.606346 0.7946636 -3.82812e-7 -1 -3.36658e-7 -0.9865759 0.002088844 -0.1632907 1.38538e-4 0.002234935 -0.9999976 -0.2232053 -0.9660408 -0.1301715 0 0 -1 -6.15695e-7 0 -1 0.9772784 0 -0.2119598 0.9941742 0.0986374 0.04345536 -1 0 0 0 -1 0 -2.47528e-6 -0.9375034 0.3479762 0.9316097 0 0.3634604 0 0.9233278 0.3840131 0.536229 -0.7628965 0.3611754 -0.4805619 -0.8411375 0.2480889 -5.97632e-7 -3.38528e-7 -1 0 -0.7071069 0.7071067 1 9.14797e-7 0 1 0 0 1 2.38426e-6 0 -1 0 0 -1 3.60661e-6 0 -1 2.57568e-7 0 -1 -3.60658e-6 0 -1 -2.57568e-7 0 -1 6.56192e-7 0 -1 -9.84286e-7 0 -1 1.82961e-6 0 -1 -4.75222e-7 0 -1 -3.6592e-6 0 -1 -2.61313e-7 0 -1 -1.30661e-7 0 -1 -1.82959e-6 0 -1 1.82959e-6 0 -1 1.30661e-7 0 -1 2.61313e-7 0 -1 3.65923e-6 0 -1 -9.14804e-7 0 1 -5.40987e-6 0 1 1.96572e-6 0 1 3.61833e-7 0 1 -5.87505e-7 0 1 5.40992e-6 0 1 3.86352e-7 0 -5.97631e-7 0 -1 0 -0.7071074 0.7071063 1 -3.67103e-7 0 1 -2.38633e-6 0 1 2.38425e-6 0 -1 0 0 -1 2.57568e-7 0 -1 -3.60661e-6 0 -1 -2.57568e-7 0 -1 -6.56192e-7 0 -1 6.56186e-7 0 -1 -3.28094e-7 0 -1 -9.84285e-7 0 -1 1.8296e-6 0 -1 -1.30662e-7 0 -1 -3.65919e-6 0 -1 -5.22644e-7 0 -1 -3.65919e-6 0 -1 -1.08111e-6 0 -1 -1.82958e-6 0 -1 1.8296e-6 0 -1 1.30661e-7 0 -1 0 0 -1 -9.14808e-7 0 1 -5.40992e-6 0 1 1.96572e-6 0 1 3.61833e-7 0 1 -5.87505e-7 0 1 3.86352e-7 0 -0.7071063 0 0.7071074 0 0.7071074 0.7071062 0 -0.961926 0.2733103 0.9373552 0 0.348375 0 0.9619274 0.2733052 -0.9373564 0 0.3483719 -0.9373588 0 -0.3483656 0 0.9619261 -0.2733096 0.9373582 0 -0.3483672 0 -0.9619261 -0.2733096 0.9985877 0 0.05312985 0 0.9991738 0.04064106 -0.9985877 0 0.05312985 0 -0.9991738 0.04064106 0.9998735 0 0.01590847 0 0.9999261 0.01216286 0 -0.9999261 0.01216286 -0.7071256 0.7070881 0 -0.7071124 0 0.7071013 -0.7071123 0 -0.7071013 -0.7071101 -0.7071036 0 0 1 3.08945e-7 -1 -4.89018e-6 0 -1 -3.49235e-7 0 -1 4.89018e-6 0 -1 3.49243e-7 0 -1 -3.49236e-7 0 -1 -3.25627e-7 0 -1 0 0 -1 3.18636e-6 0 1 4.89018e-6 0 1 5.23865e-7 0 1 2.44512e-6 0 1 -4.89018e-6 0 1 -3.49243e-7 0 1 -3.25627e-7 0 1 -8.14018e-7 0 1 4.90606e-7 0 1 3.36374e-6 0 1 2.44508e-6 0 1 6.02902e-6 0 1 -2.2052e-6 0 0.9999804 0 0.00626558 0 0.9999886 0.004789948 -0.9999804 0 0.00626558 0 -0.9999886 0.004790008 0.9999804 0 0.00626558 0 0.9999886 0.004789948 -0.9999804 0 0.006265521 0 -0.9999886 0.004790008 -0.9999804 0 0.00626558 0.9999804 0 0.006265521 0 -2.60276e-7 1 0 -1 -9.68345e-7 -0.7071072 0.7071064 0 -0.7071192 -3.93528e-7 0.7070944 -0.7071027 0 -0.707111 -0.7071115 -0.707102 0 0.9771971 0 0.2123346 -0.977197 0 0.2123348</float_array>
          <technique_common>
            <accessor source="#Cube_020-mesh-normals-array" count="1487" stride="3">
              <param name="X" type="float"/>
              <param name="Y" type="float"/>
              <param name="Z" type="float"/>
            </accessor>
          </technique_common>
        </source>
        <source id="Cube_020-mesh-map-0">
          <float_array id="Cube_020-mesh-map-0-array" count="12414">0.1199841 0.2086933 0.04097878 0.2639031 0.02618521 0.2086933 0.2957469 0.2639031 0.3176236 0.2109274 0.3067448 0.2616691 0.2078655 0.2639031 0.1199841 0.2086933 0.2078655 0.2086933 0.2957469 0.2639031 0.2078655 0.2086933 0.2957469 0.2086933 0.3070384 0.6238605 0.3726101 0.4974035 0.3070384 0.4974035 0.313661 0.6194454 0.2984501 0.4929884 0.313661 0.4929884 0.4676268 0.5950785 0.4351699 0.6420165 0.43517 0.6199068 0.3919904 0.5342052 0.3792328 0.6194454 0.3792328 0.4929884 0.4135802 0.6214769 0.4135802 0.6557555 0.4027853 0.6557555 0.4135802 0.6214769 0.4351699 0.5977969 0.43517 0.6199068 0.4474615 0.113434 0.4138324 0.06072932 0.4048285 0.06072932 0.2742545 0.6309687 0.313661 0.6194454 0.3088931 0.6309687 0.4831432 0.1038227 0.516012 0.113434 0.512035 0.1038227 0.512035 0.04005491 0.516012 0.113434 0.516012 0.03044337 0.4831432 0.04005491 0.4791663 0.113434 0.4831432 0.1038227 0.4791663 0.113434 0.4530541 0.1001707 0.4530541 0.113434 0.4530541 0.113434 0.4530541 0.1001707 0.4138324 0.06072932 0.2957469 0.2086933 0.3176236 0.2109274 0.3176236 0.2109274 0.4135802 0.5871983 0.4351699 0.5977969 0.4135802 0.5871983 0.5119816 0.531426 0.383773 0.5690319 0.3810805 0.531426 0.313661 0.4929884 0.3792328 0.4929884 0.3792328 0.4929884 0.4027853 0.5607018 0.4135802 0.5871983 0.4027853 0.5607018 0.3792328 0.4929884 0.3919904 0.5342052 0.3919904 0.5342052 0.2078655 0.2086933 0.2957469 0.2086933 0.2957469 0.2086933 0.458738 0.4022181 0.3819187 0.3776713 0.3819187 0.4022181 0.2415355 0.4022181 0.3710538 0.3776713 0.3710538 0.4022181 0.3269072 0.4022181 0.3819187 0.3776713 0.3819187 0.4022181 0.1199841 0.2086933 0.2078655 0.2086933 0.2078655 0.2086933 0.04097878 0.2639031 0.02618521 0.2086933 0.02618521 0.2086933 0.313661 0.4929884 0.2984501 0.4929884 0.313661 0.4929884 0.02618521 0.2086933 0.1199841 0.2086933 0.1199841 0.2086933 0.4351699 0.5977969 0.4676268 0.5707116 0.4351699 0.5977969 0.3067448 0.2616691 0.2957469 0.2639031 0.2957469 0.2639031 0.2694866 0.6194454 0.2984501 0.4929884 0.2984501 0.4929884 0.02234816 0.6133578 0.04498904 0.5051225 0.04498904 0.6133578 0.01749897 0.6092562 0.02234816 0.5051225 0.02234816 0.6133578 0.04498904 0.6133578 0.07693666 0.5051225 0.07693666 0.6133578 0.431965 0.1127974 0.4896494 0.1239826 0.4295998 0.1239826 0.3919904 0.5342052 0.4027853 0.5607018 0.3919904 0.5342052 0.431965 0.1127974 0.4212366 0.03871673 0.4250892 0.02070891 0.4027853 0.5607018 0.3919904 0.6557555 0.3919904 0.5342052 0.5316416 0.113434 0.4744475 0.102068 0.4692268 0.113434 0.5316416 0.03401488 0.4691876 0.04131251 0.5316416 0.04131251 0.4692268 0.113434 0.4691876 0.03858029 0.462351 0.03044337 0.3919904 0.6557555 0.3792328 0.6266486 0.3792328 0.6194454 0.3792328 0.6194454 0.313661 0.6266486 0.313661 0.6194454 0.4888761 0.3715192 0.3587802 0.3862933 0.3587802 0.3715192 0.3792328 0.4929884 0.313661 0.6194454 0.3792328 0.6194454 0.2984501 0.4929884 0.313661 0.6194454 0.313661 0.4929884 0.3792328 0.6194454 0.3919904 0.5342052 0.3792328 0.4929884 0.4027853 0.6557555 0.4135802 0.5871983 0.4027853 0.5607018 0.4138324 0.06072932 0.4474615 0.113434 0.4048285 0.06072932 0.3088931 0.6309687 0.2694866 0.6194454 0.2742545 0.6309687 0.516012 0.113434 0.4831432 0.1038227 0.512035 0.1038227 0.512035 0.04005491 0.516012 0.113434 0.512035 0.1038227 0.4791663 0.113434 0.4831432 0.04005491 0.4831432 0.1038227 0.4530541 0.113434 0.4791663 0.1001707 0.4791663 0.113434 0.4530541 0.113434 0.4138324 0.06072932 0.4530541 0.1001707 0.04498904 0.6133578 0.02234816 0.5051225 0.02234816 0.6133578 0.02234816 0.6133578 0.01749897 0.5051225 0.01749897 0.6092562 0.07693666 0.5051225 0.04498904 0.6133578 0.07693666 0.6133578 0.431965 0.1127974 0.4896494 0.1239826 0.4896494 0.1127974 0.4212366 0.03871673 0.431965 0.1127974 0.4250892 0.02070891 0.3919904 0.6557555 0.4027853 0.5607018 0.3919904 0.5342052 0.4744475 0.102068 0.5316416 0.113434 0.4692268 0.113434 0.5316416 0.03401488 0.4691876 0.04131251 0.462351 0.03401488 0.4691876 0.03858029 0.4692268 0.113434 0.462351 0.03044337 0.3792328 0.6266486 0.3919904 0.6557555 0.3792328 0.6194454 0.313661 0.6266486 0.3792328 0.6194454 0.313661 0.6194454 0.5316416 0.102068 0.5316416 0.113434 0.5316416 0.102068 0.431965 0.1127974 0.4250892 0.02070891 0.431965 0.1127974 0.2984501 0.4929884 0.313661 0.4929884 0.313661 0.4929884 0.5316416 0.04131251 0.5316416 0.03401488 0.5316416 0.03401488 0.4027853 0.5607018 0.4135802 0.5871983 0.4135802 0.5871983 0.4831432 0.1038227 0.512035 0.1038227 0.4831432 0.1038227 0.2694866 0.6194454 0.2984501 0.4929884 0.2984501 0.4929884 0.4691876 0.04131251 0.462351 0.03401488 0.4691876 0.04131251 0.512035 0.04005491 0.512035 0.1038227 0.512035 0.1038227 0.4691876 0.03858029 0.462351 0.03044337 0.462351 0.03044337 0.4530541 0.1001707 0.4791663 0.1001707 0.4530541 0.1001707 0.4831432 0.1038227 0.4831432 0.04005491 0.4831432 0.04005491 0.3792328 0.6266486 0.313661 0.6266486 0.313661 0.6266486 0.3088931 0.6309687 0.2742545 0.6309687 0.2742545 0.6309687 0.3067448 0.2616691 0.3067448 0.2616691 0.3067448 0.2616691 0.3792328 0.4929884 0.3919904 0.5342052 0.3919904 0.5342052 0.3868792 0.6629588 0.3792328 0.6266486 0.3792328 0.6266486 0.4791663 0.113434 0.4791663 0.1001707 0.4791663 0.1001707 0.4530541 0.1001707 0.4138324 0.06072932 0.4138324 0.06072932 0.3919904 0.6557555 0.3868792 0.6629588 0.3868792 0.6629588 0.4791663 0.113434 0.4791663 0.03044337 0.4791663 0.113434 0.313661 0.6266486 0.313661 0.6194454 0.313661 0.6194454 0.313661 0.4929884 0.3792328 0.4929884 0.3792328 0.4929884 0.4691876 0.03858029 0.4744475 0.102068 0.4691876 0.03858029 0.4691876 0.04131251 0.5316416 0.04131251 0.5316416 0.04131251 0.3919904 0.5342052 0.4027853 0.5607018 0.4027853 0.5607018 0.5316416 0.102068 0.4744475 0.102068 0.4744475 0.102068 0.4896494 0.1127974 0.431965 0.1127974 0.4896494 0.1127974 0.4135802 0.6214769 0.4135802 0.5871983 0.4135802 0.6557555 0.5685064 0.5905216 0.6336154 0.6346979 0.555796 0.6346979 0.378388 0.49382 0.5119816 0.49382 0.378388 0.49382 0 0 0 0 0 0 0.457868 0.06735122 0.4291107 0.05110979 0.4417808 0.006650567 0.1534314 0.03975546 0.191707 0.1419293 0.1534314 0.1419293 0.191707 0.03975546 0.2196369 0.1419293 0.191707 0.1419293 0.2345422 0.03975546 0.2494475 0.1419293 0.2345422 0.1419293 0.191707 0.1306498 0.1534314 0.03975546 0.1534314 0.1306498 0.2196369 0.1306498 0.191707 0.03975546 0.191707 0.1306498 0.2494475 0.1306498 0.2345422 0.03975546 0.2345422 0.1306498 0.2103468 0.1263093 0.1984212 0.2028605 0.2103468 0.2028605 0.2103468 0.03975546 0.1984212 0.1306498 0.2103468 0.1419293 0.2103468 0.07044941 0.1984212 0.04063886 0.2103468 0.04063886 0.2103468 0.2028605 0.1984212 0.1263093 0.2103468 0.1263093 0.2103468 0.07044941 0.1984212 0.1263093 0.2103468 0.1263093 0.2103468 0.03975546 0.1984212 0.1306498 0.1984212 0.03975546 0.2103468 0.1263093 0.1984212 0.07044941 0.2103468 0.07044941 0.2103468 0.01082837 0.1984212 0.04063886 0.2103468 0.04063886 0.2103468 0.04063886 0.1984212 0.07044941 0.2103468 0.07044941 0.2103468 0.04063886 0.1984212 0.01082837 0.2103468 0.01082837 0.2345422 0.1306498 0.2196369 0.03975546 0.2196369 0.1306498 0.2196369 0.03975546 0.2345422 0.1419293 0.2196369 0.1419293 0.2222725 0.04063886 0.2103468 0.01082837 0.2222725 0.01082837 0.2222725 0.04063886 0.2103468 0.07044941 0.2222725 0.07044941 0.2222725 0.01082837 0.2103468 0.04063886 0.2222725 0.04063886 0.2222725 0.1263093 0.2103468 0.07044941 0.2222725 0.07044941 0.2222725 0.1419293 0.2103468 0.03975546 0.2222725 0.03975546 0.2222725 0.07044941 0.2103468 0.1263093 0.2222725 0.1263093 0.2222725 0.2028605 0.2103468 0.1263093 0.2222725 0.1263093 0.2222725 0.07044941 0.2103468 0.04063886 0.2222725 0.04063886 0.2222725 0.03975546 0.2103468 0.1419293 0.2222725 0.1419293 0.2222725 0.1263093 0.2103468 0.2028605 0.2222725 0.2028605 0.5685064 0.5905216 0.6336154 0.5905216 0.5685064 0.5905216 0 0 0 0 0 0 0 0 0 0 0 0 0.378388 0.49382 0.378388 0.49382 0.378388 0.49382 0.7103689 0.7074732 0.5558025 0.6456193 0.5558025 0.7074732 0.8431963 0.01480197 0.8749958 0.01480197 0.8749957 0.01480197 0.5558025 0.7074732 0.7103689 0.7074732 0.5558025 0.7074732 0.7103689 0.6456193 0.5558025 0.6456193 0.7103689 0.6456193 0.5558025 0.6456193 0.5558025 0.7074732 0.5558025 0.6456193 0.7103689 0.7074732 0.7103689 0.6456193 0.7103689 0.7074732 0.8431965 0.05786937 0.8431963 0.1064923 0.8431963 0.05808603 0.8749958 0.1064923 0.8431963 0.1064923 0.8431963 0.1064923 0.8431963 0.0650022 0.8749958 0.01480197 0.8431963 0.01480197 0.8431963 0.0766474 0.8749958 0.0650022 0.8431963 0.0650022 0.8431963 0.1064923 0.8749958 0.05808603 0.8431963 0.05808603 0.8431964 0.07638424 0.8431963 0.0650022 0.8431963 0.06878483 0.8749958 0.05786937 0.8749958 0.1064923 0.8749958 0.1064923 0.8733826 0.06042206 0.8448094 0.1041562 0.8448094 0.06042206 0.8733827 0.01858466 0.8448095 0.06121957 0.8448095 0.01858466 0.8749957 0.01480197 0.8749958 0.0650022 0.8749958 0.06878489 0.8749958 0.07638424 0.8749958 0.0650022 0.8749958 0.0766474 0.8749958 0.06878489 0.8431964 0.07638424 0.8431963 0.06878483 0.3792328 0.4929884 0.313661 0.4929884 0.3792328 0.4929884 0.2984501 0.4929884 0.2694866 0.6194454 0.2984501 0.4929884 0.2694866 0.6194454 0.2984501 0.4929884 0.2984501 0.4929884 0.313661 0.4929884 0.3792328 0.4929884 0.3792328 0.4929884 0.3792328 0.4929884 0.3792328 0.4929884 0.3792328 0.4929884 0.2694866 0.6194454 0.2694866 0.6194454 0.2694866 0.6194454 0.2984501 0.4929884 0.2984501 0.4929884 0.2984501 0.4929884 0.313661 0.4929884 0.313661 0.4929884 0.313661 0.4929884 0.2984501 0.4929884 0.313661 0.4929884 0.313661 0.4929884 0.7556484 0.4285799 0.8125587 0.3380447 0.8125587 0.4285802 0.6491963 0.426296 0.703406 0.3413125 0.703406 0.426296 0.3483422 0.2570704 0.525074 0.213446 0.525074 0.2570704 0.3520169 0.2570704 0.4245877 0.213446 0.4256002 0.2570704 0.4245875 0.213446 0.3520168 0.2570704 0.4256 0.2570704 0.525074 0.213446 0.3483422 0.2570704 0.525074 0.2570704 0.4245877 0.213446 0.5294297 0.2570704 0.4256002 0.2570704 0.5294297 0.2570704 0.4245875 0.213446 0.4256 0.2570704 0.8431963 0.06878483 0.8448095 0.01858466 0.8448095 0.06121957 0.8431965 0.05786937 0.8448094 0.1041562 0.8431963 0.1064923 0.8749958 0.06878489 0.8733827 0.01858466 0.8749957 0.01480197 0.8749958 0.05786937 0.8733826 0.1041562 0.8733826 0.06042206 0.8733827 0.01858466 0.8431963 0.01480197 0.8749957 0.01480197 0.8733826 0.06121957 0.8431963 0.06878483 0.8448095 0.06121957 0.8431964 0.07638424 0.8733827 0.0766474 0.8448095 0.0766474 0.8431963 0.1064923 0.8733826 0.1041562 0.8749958 0.1064923 0.8431963 0.01480197 0.8431963 0.0650022 0.8431963 0.01480197 0.72711 0.3262158 0.7494159 0.2058753 0.72711 0.2058753 0.1199841 0.2086933 0.04097878 0.2639031 0.1199841 0.2639031 0.2957469 0.2639031 0.3176236 0.2109274 0.2957469 0.2086933 0.1199841 0.2086933 0.2078655 0.2639031 0.2078655 0.2086933 0.2078655 0.2086933 0.2957469 0.2639031 0.2957469 0.2086933 0.3726101 0.4974035 0.3070384 0.6238605 0.3070384 0.4974035 0.2984501 0.4929884 0.313661 0.6194454 0.313661 0.4929884 0.4351699 0.6199067 0.4676268 0.6194454 0.4676268 0.5950785 0.2548308 0.6194454 0.2675884 0.5342052 0.2548308 0.4929884 0.2783834 0.6557555 0.2891783 0.5871983 0.2783834 0.5607018 0.4135802 0.6557555 0.4351699 0.6420165 0.4351699 0.6199067 0.4138324 0.06072932 0.4474615 0.113434 0.4048285 0.06072932 0.313661 0.6194454 0.2742545 0.6309687 0.3088931 0.6309687 0.516012 0.113434 0.4831432 0.1038227 0.512035 0.1038227 0.512035 0.04005491 0.516012 0.113434 0.512035 0.1038227 0.4791663 0.113434 0.4831432 0.04005491 0.4831432 0.1038227 0.4530541 0.1001707 0.4791663 0.113434 0.4530541 0.113434 0.4530541 0.113434 0.4138324 0.06072932 0.4530541 0.1001707 0.3176236 0.2109274 0.2957469 0.2086933 0.3176236 0.2109274 0.4351699 0.5977969 0.4135802 0.5871983 0.4135802 0.5871983 0.383773 0.5690319 0.5119816 0.531426 0.3810805 0.531426 0.3792328 0.4929884 0.313661 0.4929884 0.3792328 0.4929884 0.4135802 0.5871983 0.4027853 0.5607018 0.4027853 0.5607018 0.3792328 0.4929884 0.3919904 0.5342052 0.3792328 0.4929884 0.2957469 0.2086933 0.2078655 0.2086933 0.2957469 0.2086933 0.5059906 0.4022181 0.458738 0.3776713 0.458738 0.4022181 0.3710538 0.4022181 0.2415355 0.3776713 0.2415355 0.4022181 0.3819187 0.4022181 0.458738 0.3776713 0.458738 0.4022181 0.2078655 0.2086933 0.1199841 0.2086933 0.2078655 0.2086933 0.02618521 0.2086933 0.04097878 0.2639031 0.02618521 0.2086933 0.2984501 0.4929884 0.313661 0.4929884 0.313661 0.4929884 0.1199841 0.2086933 0.02618521 0.2086933 0.1199841 0.2086933 0.4676268 0.5707116 0.4351699 0.5977969 0.4351699 0.5977969 0.2957469 0.2639031 0.3067448 0.2616691 0.2957469 0.2639031 0.2984501 0.4929884 0.2694866 0.6194454 0.2984501 0.4929884 0.04498904 0.5051225 0.02234816 0.6133578 0.04498904 0.6133578 0.01749897 0.6092562 0.02234816 0.5051225 0.01749897 0.5051225 0.07693666 0.5051225 0.04498904 0.6133578 0.07693666 0.6133578 0.431965 0.1127974 0.4896494 0.1239826 0.4896494 0.1127974 0.4027853 0.5607018 0.3919904 0.5342052 0.3919904 0.5342052 0.4212366 0.03871673 0.431965 0.1127974 0.4250892 0.02070891 0.2675884 0.6557555 0.2783834 0.5607018 0.2675884 0.5342052 0.4744475 0.102068 0.5316416 0.113434 0.4692268 0.113434 0.5316416 0.03401488 0.4691876 0.04131251 0.462351 0.03401488 0.4691876 0.03858029 0.4692268 0.113434 0.462351 0.03044337 0.3792328 0.6266486 0.3919904 0.6557555 0.3792328 0.6194454 0.313661 0.6266486 0.3792328 0.6194454 0.313661 0.6194454 0.3587802 0.3862933 0.4888761 0.3715192 0.3587802 0.3715192 0.3792328 0.4929884 0.313661 0.6194454 0.313661 0.4929884 0.313661 0.6194454 0.2984501 0.4929884 0.313661 0.4929884 0.3919904 0.5342052 0.3792328 0.6194454 0.3792328 0.4929884 0.4135802 0.5871983 0.4027853 0.6557555 0.4027853 0.5607018 0.4474615 0.113434 0.4138324 0.06072932 0.4048285 0.06072932 0.3088931 0.6309687 0.2694866 0.6194454 0.313661 0.6194454 0.4831432 0.1038227 0.516012 0.113434 0.512035 0.1038227 0.512035 0.04005491 0.516012 0.113434 0.516012 0.03044337 0.4831432 0.04005491 0.4791663 0.113434 0.4831432 0.1038227 0.4530541 0.113434 0.4791663 0.1001707 0.4530541 0.1001707 0.4530541 0.113434 0.4530541 0.1001707 0.4138324 0.06072932 0.04498904 0.6133578 0.02234816 0.5051225 0.04498904 0.5051225 0.01749897 0.5051225 0.02234816 0.6133578 0.01749897 0.6092562 0.04498904 0.6133578 0.07693666 0.5051225 0.07693666 0.6133578 0.431965 0.1127974 0.4896494 0.1239826 0.4295998 0.1239826 0.431965 0.1127974 0.4212366 0.03871673 0.4250892 0.02070891 0.4027853 0.5607018 0.3919904 0.6557555 0.3919904 0.5342052 0.5316416 0.113434 0.4744475 0.102068 0.4692268 0.113434 0.5316416 0.03401488 0.4691876 0.04131251 0.5316416 0.04131251 0.4692268 0.113434 0.4691876 0.03858029 0.462351 0.03044337 0.3919904 0.6557555 0.3792328 0.6266486 0.3792328 0.6194454 0.3792328 0.6194454 0.313661 0.6266486 0.313661 0.6194454 0.431965 0.1127974 0.4250892 0.02070891 0.4250892 0.02070891 0.313661 0.4929884 0.2984501 0.4929884 0.313661 0.4929884 0.4135802 0.5871983 0.4027853 0.5607018 0.4135802 0.5871983 0.4831432 0.1038227 0.512035 0.1038227 0.512035 0.1038227 0.2984501 0.4929884 0.2694866 0.6194454 0.2984501 0.4929884 0.4691876 0.04131251 0.462351 0.03401488 0.462351 0.03401488 0.512035 0.1038227 0.512035 0.04005491 0.512035 0.1038227 0.462351 0.03044337 0.4691876 0.03858029 0.462351 0.03044337 0.4530541 0.1001707 0.4791663 0.1001707 0.4791663 0.1001707 0.4831432 0.04005491 0.4831432 0.1038227 0.4831432 0.04005491 0.313661 0.6266486 0.3792328 0.6266486 0.313661 0.6266486 0.2742545 0.6309687 0.3088931 0.6309687 0.2742545 0.6309687 0.3067448 0.2616691 0.3067448 0.2616691 0.3067448 0.2616691 0.3919904 0.5342052 0.3792328 0.4929884 0.3919904 0.5342052 0.3792328 0.6266486 0.3868792 0.6629588 0.3792328 0.6266486 0.4791663 0.1001707 0.4791663 0.113434 0.4791663 0.1001707 0.4138324 0.06072932 0.4530541 0.1001707 0.4138324 0.06072932 0.3868792 0.6629588 0.3919904 0.6557555 0.3868792 0.6629588 0.4791663 0.113434 0.4791663 0.03044337 0.4791663 0.03044337 0.313661 0.6194454 0.313661 0.6266486 0.313661 0.6194454 0.3792328 0.4929884 0.313661 0.4929884 0.3792328 0.4929884 0.4691876 0.03858029 0.4744475 0.102068 0.4744475 0.102068 0.5316416 0.04131251 0.4691876 0.04131251 0.5316416 0.04131251 0.4027853 0.5607018 0.3919904 0.5342052 0.4027853 0.5607018 0.4744475 0.102068 0.5316416 0.102068 0.4744475 0.102068 0.4896494 0.1127974 0.431965 0.1127974 0.431965 0.1127974 0.4135802 0.6557555 0.4135802 0.5871983 0.4135802 0.5871983 0.6336154 0.6346979 0.5685064 0.5905216 0.555796 0.6346979 0.5119816 0.49382 0.378388 0.49382 0.378388 0.49382 0 0 0 0 0 0 0.457868 0.06735122 0.4291107 0.05110979 0.4432606 0.1086309 0.191707 0.1419293 0.1534314 0.03975546 0.1534314 0.1419293 0.2196369 0.1419293 0.191707 0.03975546 0.191707 0.1419293 0.2494475 0.1419293 0.2345422 0.03975546 0.2345422 0.1419293 0.1534314 0.03975546 0.191707 0.1306498 0.1534314 0.1306498 0.191707 0.03975546 0.2196369 0.1306498 0.191707 0.1306498 0.2345422 0.03975546 0.2494475 0.1306498 0.2345422 0.1306498 0.1984212 0.2028605 0.2103468 0.1263093 0.2103468 0.2028605 0.1984212 0.1306498 0.2103468 0.03975546 0.2103468 0.1419293 0.1984212 0.1263093 0.2103468 0.07044941 0.2103468 0.1263093 0.2103468 0.03975546 0.1984212 0.1306498 0.2103468 0.1419293 0.1984212 0.04063886 0.2103468 0.01082837 0.2103468 0.04063886 0.1984212 0.07044941 0.2103468 0.04063886 0.2103468 0.07044941 0.2196369 0.03975546 0.2345422 0.1306498 0.2196369 0.1306498 0.2345422 0.1419293 0.2196369 0.03975546 0.2196369 0.1419293 0.2103468 0.07044941 0.2222725 0.04063886 0.2222725 0.07044941 0.2103468 0.04063886 0.2222725 0.01082837 0.2222725 0.04063886 0.2103468 0.03975546 0.2222725 0.1419293 0.2222725 0.03975546 0.2103468 0.1263093 0.2222725 0.07044941 0.2222725 0.1263093 0.2103468 0.1419293 0.2222725 0.03975546 0.2222725 0.1419293 0.2103468 0.2028605 0.2222725 0.1263093 0.2222725 0.2028605 0.6336154 0.5905216 0.5685064 0.5905216 0.5685064 0.5905216 0 0 0 0 0 0 0.378388 0.49382 0.378388 0.49382 0.378388 0.49382 0.5558025 0.6456193 0.7103689 0.7074732 0.5558025 0.7074732 0.8749958 0.01480197 0.8431963 0.01480197 0.8749957 0.01480197 0.7103689 0.7074732 0.5558025 0.7074732 0.5558025 0.7074732 0.5558025 0.6456193 0.7103689 0.6456193 0.7103689 0.6456193 0.5558025 0.7074732 0.5558025 0.6456193 0.5558025 0.6456193 0.7103689 0.6456193 0.7103689 0.7074732 0.7103689 0.7074732 0.8431965 0.05786937 0.8431963 0.1064923 0.8431963 0.1064923 0.8431963 0.1064923 0.8749958 0.1064923 0.8431963 0.1064923 0.8749958 0.01480197 0.8431963 0.0650022 0.8431963 0.01480197 0.8749958 0.0650022 0.8431963 0.0766474 0.8431963 0.0650022 0.8749958 0.05808603 0.8431963 0.1064923 0.8431963 0.05808603 0.8431963 0.0650022 0.8431964 0.07638424 0.8431963 0.06878483 0.8749958 0.1064923 0.8749958 0.05786937 0.8749958 0.1064923 0.8448094 0.1041562 0.8733826 0.06042206 0.8448094 0.06042206 0.8448095 0.06121957 0.8733827 0.01858466 0.8448095 0.01858466 0.8749958 0.0650022 0.8749957 0.01480197 0.8749958 0.06878489 0.8749958 0.07638424 0.8749958 0.0650022 0.8749958 0.06878489 0.8431964 0.07638424 0.8749958 0.06878489 0.8431963 0.06878483 0.313661 0.4929884 0.3792328 0.4929884 0.3792328 0.4929884 0.2694866 0.6194454 0.2984501 0.4929884 0.2984501 0.4929884 0.3792328 0.4929884 0.3792328 0.4929884 0.3792328 0.4929884 0.2694866 0.6194454 0.2694866 0.6194454 0.2694866 0.6194454 0.2984501 0.4929884 0.2984501 0.4929884 0.2984501 0.4929884 0.313661 0.4929884 0.313661 0.4929884 0.313661 0.4929884 0.313661 0.4929884 0.2984501 0.4929884 0.313661 0.4929884 0.7556484 0.4285799 0.8125587 0.3380447 0.7556484 0.3380444 0.6491963 0.426296 0.703406 0.3413125 0.6491963 0.3413123 0.3483422 0.2570704 0.525074 0.213446 0.3395103 0.213446 0.3520168 0.2570704 0.4245875 0.213446 0.4256 0.2570704 0.3483422 0.2570704 0.525074 0.213446 0.525074 0.2570704 0.5294297 0.2570704 0.4245875 0.213446 0.5388447 0.213446 0.8431963 0.06878483 0.8448095 0.01858466 0.8431963 0.01480197 0.8448094 0.1041562 0.8431965 0.05786937 0.8431963 0.1064923 0.8733827 0.01858466 0.8749958 0.06878489 0.8749957 0.01480197 0.8749958 0.05786937 0.8733826 0.1041562 0.8749958 0.1064923 0.8733827 0.01858466 0.8431963 0.01480197 0.8448095 0.01858466 0.8431963 0.06878483 0.8733826 0.06121957 0.8448095 0.06121957 0.8431964 0.07638424 0.8733827 0.0766474 0.8749958 0.07638424 0.8733826 0.1041562 0.8431963 0.1064923 0.8749958 0.1064923 0.8431963 0.01480197 0.8431963 0.0650022 0.8431963 0.06878483 0.7494159 0.2058753 0.72711 0.3262158 0.72711 0.2058753 0.6320089 0.9945921 0.555452 0.960314 0.555452 0.9945924 0.6320089 0.8474208 0.555452 0.8819522 0.555452 0.8474208 0.6320089 0.8819522 0.555452 0.933632 0.555452 0.8819522 0.6320089 0.933632 0.555452 0.9945924 0.555452 0.933632 0.5549059 0.9963875 0.6314628 0.9354271 0.6314628 0.9963875 0.5549059 0.9354271 0.6314628 0.8837476 0.6314628 0.9354271 0.5549059 0.8837476 0.6314628 0.8492162 0.6314628 0.8837476 0.6320089 0.960314 0.555452 0.9945924 0.555452 0.960314 0.6314628 0.9963875 0.5549059 0.9621092 0.6314628 0.9621092 0.6314628 0.8492162 0.5549059 0.8837476 0.6314628 0.8837476 0.6314628 0.8837476 0.5549059 0.9354271 0.6314628 0.9354271 0.6314628 0.9354271 0.5549059 0.9963875 0.6314628 0.9963875 0.6320089 0.9945924 0.555452 0.933632 0.555452 0.9945924 0.6320089 0.933632 0.555452 0.8819522 0.555452 0.933632 0.555452 0.8819522 0.6320089 0.8474208 0.555452 0.8474208 0.6314628 0.9621092 0.5549059 0.9963878 0.6314628 0.9963875 0.5945057 0.9457311 0.5945057 0.9436205 0.5945057 0.9436205 0.6186151 0.8683413 0.6166193 0.899137 0.6114309 0.8831409 0.5703963 0.9676701 0.5723918 0.9368745 0.5775805 0.9528707 0.6075536 0.853116 0.6114309 0.8831409 0.6036655 0.8724525 0.5703963 0.9676701 0.5853458 0.963559 0.5814578 0.9828955 0.5945057 0.8477696 0.6036655 0.8724525 0.5945057 0.8686992 0.5945057 0.9882419 0.6036655 0.963559 0.6075536 0.9828955 0.5814578 0.9828955 0.5945057 0.9673123 0.5945057 0.9882419 0.5814578 0.853116 0.5945057 0.8686992 0.5853458 0.8724525 0.6075536 0.9828955 0.6114309 0.9528707 0.6186151 0.9676701 0.5703963 0.8683413 0.5853458 0.8724525 0.5775805 0.8831409 0.6186151 0.9676701 0.6166193 0.9368745 0.626006 0.9448841 0.563005 0.8911275 0.5775805 0.8831409 0.5723918 0.899137 0.626006 0.9448841 0.6184412 0.9180058 0.6286017 0.9180058 0.563005 0.8911275 0.5705699 0.9180058 0.5604096 0.9180058 0.626006 0.8911275 0.6184412 0.9180058 0.6166193 0.899137 0.563005 0.9448841 0.5705699 0.9180058 0.5723918 0.9368745 0.5655171 0.7317506 0.6189563 0.7317506 0.6189563 0.8132298 0.5945057 0.8902804 0.5945057 0.8923909 0.5945057 0.8923909 0.5945057 0.9436205 0.5945057 0.9376105 0.5945057 0.9376105 0.5945057 0.8923909 0.5945057 0.898401 0.5945057 0.898401 0.5945057 0.9376105 0.5945057 0.9286157 0.5945057 0.9286157 0.5945057 0.898401 0.5945057 0.9073957 0.5945057 0.9073957 0.5945057 0.9286157 0.5945057 0.9180058 0.5945057 0.9180058 0.5945057 0.9180058 0.5945057 0.9286157 0.5945057 0.9286157 0.5945057 0.9073957 0.5945057 0.9180058 0.5945057 0.9180058 0.5945057 0.9180058 0.5945057 0.9073957 0.5945057 0.9073957 0.5945057 0.9286157 0.5945057 0.9376105 0.5945057 0.9376105 0.5945057 0.9073957 0.5945057 0.898401 0.5945057 0.898401 0.5945057 0.9376105 0.5945057 0.9436205 0.5945057 0.9436205 0.5945057 0.898401 0.5945057 0.8923909 0.5945057 0.8923909 0.5945057 0.9436205 0.5945057 0.9457311 0.5945057 0.9457311 0.5945057 0.8923909 0.5945057 0.8902804 0.5945057 0.8902804 0.6271476 0.7945383 0.6066973 0.7192613 0.5573258 0.7504421 0.555452 0.960314 0.6320089 0.9945921 0.555452 0.9945924 0.555452 0.8819522 0.6320089 0.8474208 0.555452 0.8474208 0.555452 0.933632 0.6320089 0.8819522 0.555452 0.8819522 0.555452 0.9945924 0.6320089 0.933632 0.555452 0.933632 0.6314628 0.9354271 0.5549059 0.9963875 0.6314628 0.9963875 0.6314628 0.8837476 0.5549059 0.9354271 0.6314628 0.9354271 0.6314628 0.8492162 0.5549059 0.8837476 0.6314628 0.8837476 0.555452 0.9945924 0.6320089 0.960314 0.555452 0.960314 0.6314628 0.9963875 0.5549059 0.9621092 0.5549059 0.9963875 0.6314628 0.8492162 0.5549059 0.8837476 0.5549059 0.8492162 0.6314628 0.8837476 0.5549059 0.9354271 0.5549059 0.8837476 0.6314628 0.9354271 0.5549059 0.9963875 0.5549059 0.9354271 0.555452 0.933632 0.6320089 0.9945924 0.555452 0.9945924 0.555452 0.8819522 0.6320089 0.933632 0.555452 0.933632 0.555452 0.8819522 0.6320089 0.8474208 0.6320089 0.8819522 0.6314628 0.9621092 0.5549059 0.9963878 0.5549059 0.9621092 0.5945057 0.9436205 0.5945057 0.9457311 0.5945057 0.9436205 0.6186151 0.8683413 0.6166193 0.899137 0.626006 0.8911275 0.5703963 0.9676701 0.5723918 0.9368745 0.563005 0.9448841 0.6075536 0.853116 0.6114309 0.8831409 0.6186151 0.8683413 0.5853458 0.963559 0.5703963 0.9676701 0.5814578 0.9828955 0.5945057 0.8477696 0.6036655 0.8724525 0.6075536 0.853116 0.6036655 0.963559 0.5945057 0.9882419 0.6075536 0.9828955 0.5945057 0.9673123 0.5814578 0.9828955 0.5945057 0.9882419 0.5814578 0.853116 0.5945057 0.8686992 0.5945057 0.8477696 0.6114309 0.9528707 0.6075536 0.9828955 0.6186151 0.9676701 0.5703963 0.8683413 0.5853458 0.8724525 0.5814578 0.853116 0.6166193 0.9368745 0.6186151 0.9676701 0.626006 0.9448841 0.563005 0.8911275 0.5775805 0.8831409 0.5703963 0.8683413 0.6184412 0.9180058 0.626006 0.9448841 0.6286017 0.9180058 0.5705699 0.9180058 0.563005 0.8911275 0.5604096 0.9180058 0.626006 0.8911275 0.6184412 0.9180058 0.6286017 0.9180058 0.563005 0.9448841 0.5705699 0.9180058 0.5604096 0.9180058 0.5655171 0.8132298 0.5922367 0.8301048 0.5922367 0.7148756 0.5945057 0.8923909 0.5945057 0.8902804 0.5945057 0.8923909 0.5945057 0.9376105 0.5945057 0.9436205 0.5945057 0.9376105 0.5945057 0.898401 0.5945057 0.8923909 0.5945057 0.898401 0.5945057 0.9286157 0.5945057 0.9376105 0.5945057 0.9286157 0.5945057 0.9073957 0.5945057 0.898401 0.5945057 0.9073957 0.5945057 0.9180058 0.5945057 0.9286157 0.5945057 0.9180058 0.5945057 0.9286157 0.5945057 0.9180058 0.5945057 0.9286157 0.5945057 0.9180058 0.5945057 0.9073957 0.5945057 0.9180058 0.5945057 0.9073957 0.5945057 0.9180058 0.5945057 0.9073957 0.5945057 0.9376105 0.5945057 0.9286157 0.5945057 0.9376105 0.5945057 0.898401 0.5945057 0.9073957 0.5945057 0.898401 0.5945057 0.9436205 0.5945057 0.9376105 0.5945057 0.9436205 0.5945057 0.8923909 0.5945057 0.898401 0.5945057 0.8923909 0.5945057 0.9457311 0.5945057 0.9436205 0.5945057 0.9457311 0.5945057 0.8902804 0.5945057 0.8923909 0.5945057 0.8902804 0.5573258 0.7945383 0.5777761 0.7192613 0.6271476 0.7504421 0.6320089 0.9945921 0.555452 0.960314 0.555452 0.9945924 0.6320089 0.8474208 0.555452 0.8819522 0.555452 0.8474208 0.6320089 0.8819522 0.555452 0.933632 0.555452 0.8819522 0.6320089 0.933632 0.555452 0.9945924 0.555452 0.933632 0.5549059 0.9963875 0.6314628 0.9354271 0.6314628 0.9963875 0.5549059 0.9354271 0.6314628 0.8837476 0.6314628 0.9354271 0.5549059 0.8837476 0.6314628 0.8492162 0.6314628 0.8837476 0.6320089 0.960314 0.555452 0.9945924 0.555452 0.960314 0.6314628 0.9963875 0.5549059 0.9621092 0.6314628 0.9621092 0.6314628 0.8492162 0.5549059 0.8837476 0.6314628 0.8837476 0.6314628 0.8837476 0.5549059 0.9354271 0.6314628 0.9354271 0.6314628 0.9354271 0.5549059 0.9963875 0.6314628 0.9963875 0.6320089 0.9945924 0.555452 0.933632 0.555452 0.9945924 0.6320089 0.933632 0.555452 0.8819522 0.555452 0.933632 0.555452 0.8819522 0.6320089 0.8474208 0.555452 0.8474208 0.6314628 0.9621092 0.5549059 0.9963878 0.6314628 0.9963875 0.5945057 0.9457311 0.5945057 0.9436205 0.5945057 0.9436205 0.6186151 0.8683413 0.6166193 0.899137 0.6114309 0.8831409 0.563005 0.9448841 0.5775805 0.9528707 0.5703963 0.9676701 0.6186151 0.8683413 0.6036655 0.8724525 0.6075536 0.853116 0.5703963 0.9676701 0.5853458 0.963559 0.5814578 0.9828955 0.6075536 0.853116 0.5945057 0.8686992 0.5945057 0.8477696 0.6075536 0.9828955 0.5945057 0.9673123 0.6036655 0.963559 0.5945057 0.9882419 0.5853458 0.963559 0.5945057 0.9673123 0.5814578 0.853116 0.5945057 0.8686992 0.5853458 0.8724525 0.6186151 0.9676701 0.6036655 0.963559 0.6114309 0.9528707 0.5703963 0.8683413 0.5853458 0.8724525 0.5775805 0.8831409 0.6186151 0.9676701 0.6166193 0.9368745 0.626006 0.9448841 0.563005 0.8911275 0.5775805 0.8831409 0.5723918 0.899137 0.626006 0.9448841 0.6184412 0.9180058 0.6286017 0.9180058 0.563005 0.8911275 0.5705699 0.9180058 0.5604096 0.9180058 0.626006 0.8911275 0.6184412 0.9180058 0.6166193 0.899137 0.563005 0.9448841 0.5705699 0.9180058 0.5723918 0.9368745 0.5655171 0.7317506 0.6189563 0.7317506 0.6189563 0.8132298 0.5945057 0.8902804 0.5945057 0.8923909 0.5945057 0.8923909 0.5945057 0.9436205 0.5945057 0.9376105 0.5945057 0.9376105 0.5945057 0.8923909 0.5945057 0.898401 0.5945057 0.898401 0.5945057 0.9376105 0.5945057 0.9286157 0.5945057 0.9286157 0.5945057 0.898401 0.5945057 0.9073957 0.5945057 0.9073957 0.5945057 0.9286157 0.5945057 0.9180058 0.5945057 0.9180058 0.5945057 0.9180058 0.5945057 0.9286157 0.5945057 0.9286157 0.5945057 0.9073957 0.5945057 0.9180058 0.5945057 0.9180058 0.5945057 0.9180058 0.5945057 0.9073957 0.5945057 0.9073957 0.5945057 0.9286157 0.5945057 0.9376105 0.5945057 0.9376105 0.5945057 0.9073957 0.5945057 0.898401 0.5945057 0.898401 0.5945057 0.9376105 0.5945057 0.9436205 0.5945057 0.9436205 0.5945057 0.898401 0.5945057 0.8923909 0.5945057 0.8923909 0.5945057 0.9436205 0.5945057 0.9457311 0.5945057 0.9457311 0.5945057 0.8923909 0.5945057 0.8902804 0.5945057 0.8902804 0.6271476 0.7945383 0.6066973 0.7192613 0.5573258 0.7504421 0.555452 0.960314 0.6320089 0.9945921 0.555452 0.9945924 0.555452 0.8819522 0.6320089 0.8474208 0.555452 0.8474208 0.555452 0.933632 0.6320089 0.8819522 0.555452 0.8819522 0.555452 0.9945924 0.6320089 0.933632 0.555452 0.933632 0.6314628 0.9354271 0.5549059 0.9963875 0.6314628 0.9963875 0.6314628 0.8837476 0.5549059 0.9354271 0.6314628 0.9354271 0.6314628 0.8492162 0.5549059 0.8837476 0.6314628 0.8837476 0.555452 0.9945924 0.6320089 0.960314 0.555452 0.960314 0.6314628 0.9963875 0.5549059 0.9621092 0.5549059 0.9963875 0.6314628 0.8492162 0.5549059 0.8837476 0.5549059 0.8492162 0.6314628 0.8837476 0.5549059 0.9354271 0.5549059 0.8837476 0.6314628 0.9354271 0.5549059 0.9963875 0.5549059 0.9354271 0.555452 0.933632 0.6320089 0.9945924 0.555452 0.9945924 0.555452 0.8819522 0.6320089 0.933632 0.555452 0.933632 0.555452 0.8819522 0.6320089 0.8474208 0.6320089 0.8819522 0.6314628 0.9621092 0.5549059 0.9963878 0.5549059 0.9621092 0.5945057 0.9436205 0.5945057 0.9457311 0.5945057 0.9436205 0.6186151 0.8683413 0.6166193 0.899137 0.626006 0.8911275 0.5775805 0.9528707 0.563005 0.9448841 0.5703963 0.9676701 0.6036655 0.8724525 0.6186151 0.8683413 0.6075536 0.853116 0.5853458 0.963559 0.5703963 0.9676701 0.5814578 0.9828955 0.5945057 0.8686992 0.6075536 0.853116 0.5945057 0.8477696 0.6075536 0.9828955 0.5945057 0.9673123 0.5945057 0.9882419 0.5945057 0.9882419 0.5853458 0.963559 0.5814578 0.9828955 0.5814578 0.853116 0.5945057 0.8686992 0.5945057 0.8477696 0.6186151 0.9676701 0.6036655 0.963559 0.6075536 0.9828955 0.5703963 0.8683413 0.5853458 0.8724525 0.5814578 0.853116 0.6166193 0.9368745 0.6186151 0.9676701 0.626006 0.9448841 0.563005 0.8911275 0.5775805 0.8831409 0.5703963 0.8683413 0.6184412 0.9180058 0.626006 0.9448841 0.6286017 0.9180058 0.5705699 0.9180058 0.563005 0.8911275 0.5604096 0.9180058 0.626006 0.8911275 0.6184412 0.9180058 0.6286017 0.9180058 0.563005 0.9448841 0.5705699 0.9180058 0.5604096 0.9180058 0.5922367 0.7148756 0.5544494 0.7724902 0.5922367 0.8301048 0.5945057 0.8923909 0.5945057 0.8902804 0.5945057 0.8923909 0.5945057 0.9376105 0.5945057 0.9436205 0.5945057 0.9376105 0.5945057 0.898401 0.5945057 0.8923909 0.5945057 0.898401 0.5945057 0.9286157 0.5945057 0.9376105 0.5945057 0.9286157 0.5945057 0.9073957 0.5945057 0.898401 0.5945057 0.9073957 0.5945057 0.9180058 0.5945057 0.9286157 0.5945057 0.9180058 0.5945057 0.9286157 0.5945057 0.9180058 0.5945057 0.9286157 0.5945057 0.9180058 0.5945057 0.9073957 0.5945057 0.9180058 0.5945057 0.9073957 0.5945057 0.9180058 0.5945057 0.9073957 0.5945057 0.9376105 0.5945057 0.9286157 0.5945057 0.9376105 0.5945057 0.898401 0.5945057 0.9073957 0.5945057 0.898401 0.5945057 0.9436205 0.5945057 0.9376105 0.5945057 0.9436205 0.5945057 0.8923909 0.5945057 0.898401 0.5945057 0.8923909 0.5945057 0.9457311 0.5945057 0.9436205 0.5945057 0.9457311 0.5945057 0.8902804 0.5945057 0.8923909 0.5945057 0.8902804 0.5573258 0.7945383 0.5777761 0.7192613 0.6271476 0.7504421 0.542976 0.700769 0.4273563 0.8111858 0.542976 0.8111858 0.542976 0.8551405 0.4273563 0.6714612 0.4273563 0.8551405 0.4392463 0.700769 0.5310859 0.8111858 0.4392463 0.8111858 0.4273563 0.700769 0.542976 0.8111858 0.4273563 0.8111858 0.4346797 0.6861081 0.5356525 0.8404935 0.4346797 0.8404935 0.4346797 0.6861081 0.4273563 0.8551405 0.4273563 0.6714612 0.5356526 0.6861081 0.542976 0.8551405 0.5356525 0.8404935 0.542976 0.8551405 0.4346797 0.8404935 0.5356525 0.8404935 0.4273563 0.6714612 0.5356526 0.6861081 0.4346797 0.6861081 0.3836745 0.5005119 0.2918348 0.6109287 0.3836745 0.6109287 0.6404528 0.1577948 0.6421146 0.1534472 0.6421146 0.1577948 0.6421146 0.1534472 0.6404528 0.1577948 0.6421146 0.1577948 0.7258566 0.1572828 0.5567107 0.1539591 0.7258566 0.1539591 0.7258566 0.1534472 0.5567107 0.1577948 0.7258566 0.1577948 0.7258566 0.1539591 0.5567107 0.1572828 0.7258566 0.1572828 0.7258566 0.1577948 0.5567107 0.1534472 0.7258566 0.1534472 0.60708 0.2134317 0.5989584 0.2346789 0.6070803 0.2346789 0.5989584 0.2346789 0.60708 0.2134317 0.6070803 0.2346789 0.5989584 0.2134317 0.5989584 0.2346789 0.5989584 0.2346789 0.60708 0.2134317 0.5989584 0.2134317 0.5989584 0.2134317 0.6070803 0.2346789 0.60708 0.2134317 0.60708 0.2134317 0.5989584 0.2346789 0.6070803 0.2346789 0.6070803 0.2346789 0.5989584 0.2346789 0.6070803 0.2346789 0.6070803 0.2346789 0.6070803 0.2346789 0.60708 0.2134317 0.60708 0.2134317 0.60708 0.2134317 0.5989584 0.2134317 0.5989584 0.2134317 0.5989584 0.2134317 0.5989584 0.2346789 0.5989584 0.2346789 0.6404528 0.1577948 0.6421146 0.1534472 0.6421146 0.1577948 0.6421146 0.1534472 0.6404528 0.1577948 0.6421146 0.1577948 0.7258566 0.1572828 0.5567107 0.1539591 0.7258566 0.1539591 0.7258566 0.1534472 0.5567107 0.1577948 0.7258566 0.1577948 0.7258566 0.1539591 0.5567107 0.1572828 0.7258566 0.1572828 0.7258566 0.1577948 0.5567107 0.1534472 0.7258566 0.1534472 0.6404528 0.1577948 0.6421146 0.1534472 0.6421146 0.1577948 0.6421146 0.1534472 0.6404528 0.1577948 0.6421146 0.1577948 0.7258566 0.1572828 0.5567107 0.1539591 0.7258566 0.1539591 0.7258566 0.1534472 0.5567107 0.1577948 0.7258566 0.1577948 0.7258566 0.1539591 0.5567107 0.1572828 0.7258566 0.1572828 0.7258566 0.1577948 0.5567107 0.1534472 0.7258566 0.1534472 0.1353641 0.09714621 0.1027984 0.103468 0.1353641 0.103468 0.1972064 0.09714621 0.1679298 0.103468 0.1972064 0.103468 0.2229723 0.09714621 0.1588212 0.103468 0.2229723 0.103468 0.1353641 0.09714621 0.1679298 0.103468 0.1353641 0.103468 0.1588212 0.09714621 0.09467017 0.103468 0.1588212 0.103468 0.1679298 0.09714621 0.1353641 0.103468 0.1679298 0.103468 0.1027984 0.09714621 0.1353641 0.103468 0.1027984 0.103468 0.1679298 0.09714621 0.1972064 0.103468 0.1679298 0.103468 0.1027984 0.103468 0.1353641 0.09714621 0.1353641 0.103468 0.1679298 0.103468 0.1955901 0.09714621 0.1955901 0.103468 0.1588212 0.103468 0.221356 0.09714621 0.221356 0.103468 0.1679298 0.103468 0.1353641 0.09714621 0.1353641 0.103468 0.09628641 0.103468 0.1588212 0.09714621 0.1588212 0.103468 0.1353641 0.103468 0.1679298 0.09714621 0.1679298 0.103468 0.1353641 0.103468 0.1027984 0.09714621 0.1027984 0.103468 0.1955901 0.103468 0.1679298 0.09714621 0.1679298 0.103468 0.221356 0.03241276 0.2229723 0.09754413 0.2229723 0.03241276 0.1588212 0.1770774 0.221356 0.173845 0.2229723 0.1770774 0.09467017 0.1185244 0.09628641 0.173845 0.09467017 0.1770774 0.221356 0.173845 0.1588212 0.1770774 0.2229723 0.1770774 0.09628641 0.173845 0.09467017 0.1185244 0.09467017 0.1770774 0.09628641 0.09754413 0.09467017 0.1626755 0.09467017 0.09754413 0.1367583 0.05446678 0.135142 0.06078857 0.135142 0.05446678 0.09628641 0.1626755 0.09467017 0.09754413 0.09467017 0.1626755 0.221356 0.103468 0.2229723 0.09714621 0.2229723 0.103468 0.09628641 0.03241276 0.09467017 0.09754413 0.09467017 0.03241276 0.09628641 0.09754413 0.09467017 0.03241276 0.09467017 0.09754413 0.09628641 0.173845 0.1588212 0.1770774 0.09467017 0.1770774 0.1588212 0.1770774 0.09628641 0.173845 0.09467017 0.1770774 0.221356 0.173845 0.2229723 0.1185244 0.2229723 0.1770774 0.2229723 0.1185244 0.221356 0.173845 0.2229723 0.1770774 0.221356 0.1626755 0.2229723 0.09754413 0.2229723 0.1626755 0.221356 0.09754413 0.2229723 0.1626755 0.2229723 0.09754413 0.221356 0.09754413 0.2229723 0.03241276 0.2229723 0.09754413 0.3894574 0.2174296 0.5241038 0.2452473 0.3894574 0.2452473 0.5241038 0.2452473 0.3894574 0.2174296 0.3894574 0.2452473 0.4637349 0.2174296 0.4498261 0.2452473 0.4498261 0.2174296 0.5241038 0.2174296 0.3894574 0.2452473 0.5241038 0.2452473 0.4637349 0.2452473 0.4498261 0.2174296 0.4498261 0.2452473 0.3894574 0.2174296 0.5241038 0.2452474 0.3894574 0.2452474 0.3894574 0.2174296 0.5241038 0.2452473 0.3894574 0.2452473 0.5241038 0.2452473 0.3894574 0.2174296 0.3894574 0.2452473 0.4637349 0.2174296 0.4498261 0.2452473 0.4498261 0.2174296 0.5241038 0.2174296 0.3894574 0.2452473 0.5241038 0.2452473 0.4637349 0.2452473 0.4498261 0.2174296 0.4498261 0.2452473 0.3894574 0.2174296 0.5241038 0.2452474 0.3894574 0.2452474 0.3894574 0.2174296 0.5241038 0.2452473 0.3894574 0.2452473 0.5241038 0.2452473 0.3894574 0.2174296 0.3894574 0.2452473 0.4637349 0.2174296 0.4498261 0.2452473 0.4498261 0.2174296 0.5241038 0.2174296 0.3894574 0.2452473 0.5241038 0.2452473 0.4637349 0.2452473 0.4498261 0.2174296 0.4498261 0.2452473 0.3894574 0.2174296 0.5241038 0.2452474 0.3894574 0.2452474 0.3894574 0.2174296 0.5241038 0.2452473 0.3894574 0.2452473 0.5241038 0.2452473 0.3894574 0.2174296 0.3894574 0.2452473 0.4637349 0.2174296 0.4498261 0.2452473 0.4498261 0.2174296 0.5241038 0.2174296 0.3894574 0.2452473 0.5241038 0.2452473 0.4637349 0.2452473 0.4498261 0.2174296 0.4498261 0.2452473 0.3894574 0.2174296 0.5241038 0.2452474 0.3894574 0.2452474 0.3894574 0.2174296 0.5241038 0.2452473 0.3894574 0.2452473 0.5241038 0.2452473 0.3894574 0.2174296 0.3894574 0.2452473 0.4637349 0.2174296 0.4498261 0.2452473 0.4498261 0.2174296 0.5241038 0.2174296 0.3894574 0.2452473 0.5241038 0.2452473 0.4637349 0.2452473 0.4498261 0.2174296 0.4498261 0.2452473 0.3894574 0.2174296 0.5241038 0.2452474 0.3894574 0.2452474 0.3894574 0.2174296 0.5241038 0.2452473 0.3894574 0.2452473 0.5241038 0.2452473 0.3894574 0.2174296 0.3894574 0.2452473 0.4637349 0.2174296 0.4498261 0.2452473 0.4498261 0.2174296 0.5241038 0.2174296 0.3894574 0.2452473 0.5241038 0.2452473 0.4637349 0.2452473 0.4498261 0.2174296 0.4498261 0.2452473 0.3894574 0.2174296 0.5241038 0.2452474 0.3894574 0.2452474 0.3894574 0.2174296 0.5241038 0.2452473 0.3894574 0.2452473 0.5241038 0.2452473 0.3894574 0.2174296 0.3894574 0.2452473 0.4637349 0.2174296 0.4498261 0.2452473 0.4498261 0.2174296 0.5241038 0.2174296 0.3894574 0.2452473 0.5241038 0.2452473 0.4637349 0.2452473 0.4498261 0.2174296 0.4498261 0.2452473 0.3894574 0.2174296 0.5241038 0.2452474 0.3894574 0.2452474 0.5241038 0.2452473 0.3894574 0.2174296 0.3894574 0.2452473 0.3894574 0.2174296 0.5241038 0.2452473 0.3894574 0.2452473 0.4498261 0.2452473 0.4637349 0.2174296 0.4498261 0.2174296 0.3894574 0.2452473 0.5241038 0.2174296 0.5241038 0.2452473 0.4498261 0.2174296 0.4637349 0.2452473 0.4498261 0.2452473 0.5241038 0.2452474 0.3894574 0.2174296 0.3894574 0.2452474 0.5241038 0.2452473 0.3894574 0.2174296 0.3894574 0.2452473 0.3894574 0.2174296 0.5241038 0.2452473 0.3894574 0.2452473 0.4498261 0.2452473 0.4637349 0.2174296 0.4498261 0.2174296 0.3894574 0.2452473 0.5241038 0.2174296 0.5241038 0.2452473 0.4498261 0.2174296 0.4637349 0.2452473 0.4498261 0.2452473 0.5241038 0.2452474 0.3894574 0.2174296 0.3894574 0.2452474 0.5241038 0.2452473 0.3894574 0.2174296 0.3894574 0.2452473 0.3894574 0.2174296 0.5241038 0.2452473 0.3894574 0.2452473 0.4498261 0.2452473 0.4637349 0.2174296 0.4498261 0.2174296 0.3894574 0.2452473 0.5241038 0.2174296 0.5241038 0.2452473 0.4498261 0.2174296 0.4637349 0.2452473 0.4498261 0.2452473 0.5241038 0.2452474 0.3894574 0.2174296 0.3894574 0.2452474 0.5241038 0.2452473 0.3894574 0.2174296 0.3894574 0.2452473 0.3894574 0.2174296 0.5241038 0.2452473 0.3894574 0.2452473 0.4498261 0.2452473 0.4637349 0.2174296 0.4498261 0.2174296 0.3894574 0.2452473 0.5241038 0.2174296 0.5241038 0.2452473 0.4498261 0.2174296 0.4637349 0.2452473 0.4498261 0.2452473 0.5241038 0.2452474 0.3894574 0.2174296 0.3894574 0.2452474 0.5241038 0.2452473 0.3894574 0.2174296 0.3894574 0.2452473 0.3894574 0.2174296 0.5241038 0.2452473 0.3894574 0.2452473 0.4498261 0.2452473 0.4637349 0.2174296 0.4498261 0.2174296 0.3894574 0.2452473 0.5241038 0.2174296 0.5241038 0.2452473 0.4498261 0.2174296 0.4637349 0.2452473 0.4498261 0.2452473 0.5241038 0.2452474 0.3894574 0.2174296 0.3894574 0.2452474 0.5241038 0.2452473 0.3894574 0.2174296 0.3894574 0.2452473 0.3894574 0.2174296 0.5241038 0.2452473 0.3894574 0.2452473 0.4498261 0.2452473 0.4637349 0.2174296 0.4498261 0.2174296 0.3894574 0.2452473 0.5241038 0.2174296 0.5241038 0.2452473 0.4498261 0.2174296 0.4637349 0.2452473 0.4498261 0.2452473 0.5241038 0.2452474 0.3894574 0.2174296 0.3894574 0.2452474 0.5241038 0.2452473 0.3894574 0.2174296 0.3894574 0.2452473 0.3894574 0.2174296 0.5241038 0.2452473 0.3894574 0.2452473 0.4498261 0.2452473 0.4637349 0.2174296 0.4498261 0.2174296 0.3894574 0.2452473 0.5241038 0.2174296 0.5241038 0.2452473 0.4498261 0.2174296 0.4637349 0.2452473 0.4498261 0.2452473 0.5241038 0.2452474 0.3894574 0.2174296 0.3894574 0.2452474 0.6404528 0.1577948 0.6421146 0.1534472 0.6421146 0.1577948 0.6421146 0.1534472 0.6404528 0.1577948 0.6421146 0.1577948 0.7258566 0.1572828 0.5567107 0.1539591 0.7258566 0.1539591 0.7258566 0.1534472 0.5567107 0.1577948 0.7258566 0.1577948 0.7258566 0.1539591 0.5567107 0.1572828 0.7258566 0.1572828 0.7258566 0.1577948 0.5567107 0.1534472 0.7258566 0.1534472 0.6404528 0.1577948 0.6421146 0.1534472 0.6421146 0.1577948 0.6421146 0.1534472 0.6404528 0.1577948 0.6421146 0.1577948 0.7258566 0.1572828 0.5567107 0.1539591 0.7258566 0.1539591 0.7258566 0.1534472 0.5567107 0.1577948 0.7258566 0.1577948 0.7258566 0.1539591 0.5567107 0.1572828 0.7258566 0.1572828 0.7258566 0.1577948 0.5567107 0.1534472 0.7258566 0.1534472 0.8973323 0.6871554 0.9390822 0.7043543 0.8973323 0.7043543 0.8948546 0.707216 0.9455579 0.5910627 0.9455579 0.707216 0.9455579 0.5910627 0.8948546 0.5910627 0.9455579 0.5910627 0.9848141 0.6929548 0.9934135 0.5994732 0.9934135 0.6929548 0.9447489 0.592718 0.8956635 0.7055607 0.9447489 0.7055607 0.9455579 0.5910627 0.9447489 0.7055607 0.9455579 0.707216 0.8948546 0.707216 0.9447489 0.7055607 0.8956635 0.7055607 0.9455579 0.5910627 0.8956636 0.592718 0.9447489 0.592718 0.8948546 0.5910627 0.8956635 0.7055607 0.8956636 0.592718 0.9848141 0.5994732 0.9934135 0.6929548 0.9934135 0.5994732 0.6271476 0.7945383 0.6066973 0.7192613 0.5573258 0.7504421 0.5655171 0.8132298 0.5777761 0.8257191 0.5777761 0.8257191 0.5922367 0.8301048 0.6066973 0.8257191 0.6066973 0.8257191 0.5777761 0.8257191 0.5922367 0.8301048 0.5922367 0.8301048 0.5922367 0.7148756 0.5777761 0.7192613 0.5777761 0.7192613 0.6066973 0.8257191 0.6189563 0.8132298 0.6189563 0.8132298 0.5655171 0.7317506 0.5777761 0.7192613 0.5655171 0.7317506 0.6271476 0.7945383 0.6189563 0.8132298 0.6271476 0.7945383 0.5655171 0.7317506 0.5573258 0.7504421 0.5573258 0.7504421 0.6271476 0.7945383 0.630024 0.7724902 0.630024 0.7724902 0.5573258 0.7504421 0.5544494 0.7724902 0.5544494 0.7724902 0.6271476 0.7504421 0.630024 0.7724902 0.6271476 0.7504421 0.5573258 0.7945383 0.5544494 0.7724902 0.5573258 0.7945383 0.6271476 0.7504421 0.6189563 0.7317506 0.6189563 0.7317506 0.5573258 0.7945383 0.5655171 0.8132298 0.5655171 0.8132298 0.6189563 0.7317506 0.6066973 0.7192613 0.6066973 0.7192613 0.5655171 0.8132298 0.5777761 0.8257191 0.5777761 0.8257191 0.5922367 0.7148756 0.6066973 0.7192613 0.5922367 0.7148756 0.6066973 0.7192613 0.5922367 0.7148756 0.5922367 0.7148756 0.5922367 0.8301048 0.6066973 0.8257191 0.6066973 0.8257191 0.5777761 0.8257191 0.5922367 0.8301048 0.5922367 0.8301048 0.5922367 0.7148756 0.5777761 0.7192613 0.5777761 0.7192613 0.6066973 0.8257191 0.6189563 0.8132298 0.6189563 0.8132298 0.5777761 0.7192613 0.5655171 0.7317506 0.5655171 0.7317506 0.6189563 0.8132298 0.6271476 0.7945383 0.6271476 0.7945383 0.5655171 0.7317506 0.5573258 0.7504421 0.5573258 0.7504421 0.6271476 0.7945383 0.630024 0.7724902 0.630024 0.7724902 0.5573258 0.7504421 0.5544494 0.7724902 0.5544494 0.7724902 0.630024 0.7724902 0.6271476 0.7504421 0.6271476 0.7504421 0.5544494 0.7724902 0.5573258 0.7945383 0.5573258 0.7945383 0.6271476 0.7504421 0.6189563 0.7317506 0.6189563 0.7317506 0.5573258 0.7945383 0.5655171 0.8132298 0.5655171 0.8132298 0.6189563 0.7317506 0.6066973 0.7192613 0.6066973 0.7192613 0.5777761 0.8257191 0.6271476 0.7945383 0.6066973 0.7192613 0.5655171 0.8132298 0.5777761 0.8257191 0.5777761 0.8257191 0.5922367 0.8301048 0.6066973 0.8257191 0.6066973 0.8257191 0.5777761 0.8257191 0.5922367 0.8301048 0.5922367 0.8301048 0.5777761 0.7192613 0.5922367 0.7148756 0.5777761 0.7192613 0.6189563 0.8132298 0.6066973 0.8257191 0.6189563 0.8132298 0.5655171 0.7317506 0.5777761 0.7192613 0.5655171 0.7317506 0.6189563 0.8132298 0.6271476 0.7945383 0.6271476 0.7945383 0.5655171 0.7317506 0.5573258 0.7504421 0.5573258 0.7504421 0.6271476 0.7945383 0.630024 0.7724902 0.630024 0.7724902 0.5573258 0.7504421 0.5544494 0.7724902 0.5544494 0.7724902 0.6271476 0.7504421 0.630024 0.7724902 0.6271476 0.7504421 0.5573258 0.7945383 0.5544494 0.7724902 0.5573258 0.7945383 0.6189563 0.7317506 0.6271476 0.7504421 0.6189563 0.7317506 0.5655171 0.8132298 0.5573258 0.7945383 0.5655171 0.8132298 0.6189563 0.7317506 0.6066973 0.7192613 0.6066973 0.7192613 0.5655171 0.8132298 0.5777761 0.8257191 0.5777761 0.8257191 0.5922367 0.7148756 0.6066973 0.7192613 0.5922367 0.7148756 0.6066973 0.7192613 0.5922367 0.7148756 0.5922367 0.7148756 0.5922367 0.8301048 0.6066973 0.8257191 0.6066973 0.8257191 0.5777761 0.8257191 0.5922367 0.8301048 0.5922367 0.8301048 0.5922367 0.7148756 0.5777761 0.7192613 0.5777761 0.7192613 0.6066973 0.8257191 0.6189563 0.8132298 0.6189563 0.8132298 0.5777761 0.7192613 0.5655171 0.7317506 0.5655171 0.7317506 0.6189563 0.8132298 0.6271476 0.7945383 0.6271476 0.7945383 0.5655171 0.7317506 0.5573258 0.7504421 0.5573258 0.7504421 0.6271476 0.7945383 0.630024 0.7724902 0.630024 0.7724902 0.5573258 0.7504421 0.5544494 0.7724902 0.5544494 0.7724902 0.630024 0.7724902 0.6271476 0.7504421 0.6271476 0.7504421 0.5544494 0.7724902 0.5573258 0.7945383 0.5573258 0.7945383 0.6271476 0.7504421 0.6189563 0.7317506 0.6189563 0.7317506 0.5573258 0.7945383 0.5655171 0.8132298 0.5655171 0.8132298 0.6189563 0.7317506 0.6066973 0.7192613 0.6066973 0.7192613 0.5573258 0.7945383 0.5777761 0.7192613 0.6271476 0.7504421 0.5777761 0.8257191 0.5655171 0.8132298 0.5777761 0.8257191 0.6066973 0.8257191 0.5922367 0.8301048 0.6066973 0.8257191 0.5922367 0.8301048 0.5777761 0.8257191 0.5922367 0.8301048 0.5777761 0.7192613 0.5922367 0.7148756 0.5777761 0.7192613 0.6189563 0.8132298 0.6066973 0.8257191 0.6189563 0.8132298 0.5655171 0.7317506 0.5777761 0.7192613 0.5777761 0.7192613 0.6271476 0.7945383 0.6189563 0.8132298 0.6189563 0.8132298 0.5573258 0.7504421 0.5655171 0.7317506 0.5573258 0.7504421 0.630024 0.7724902 0.6271476 0.7945383 0.630024 0.7724902 0.5544494 0.7724902 0.5573258 0.7504421 0.5544494 0.7724902 0.6271476 0.7504421 0.630024 0.7724902 0.630024 0.7724902 0.5573258 0.7945383 0.5544494 0.7724902 0.5544494 0.7724902 0.6189563 0.7317506 0.6271476 0.7504421 0.6189563 0.7317506 0.5655171 0.8132298 0.5573258 0.7945383 0.5655171 0.8132298 0.6066973 0.7192613 0.6189563 0.7317506 0.6066973 0.7192613 0.5777761 0.8257191 0.5655171 0.8132298 0.5777761 0.8257191 0.5922367 0.7148756 0.6066973 0.7192613 0.6066973 0.7192613 0.5922367 0.7148756 0.6066973 0.7192613 0.5922367 0.7148756 0.6066973 0.8257191 0.5922367 0.8301048 0.6066973 0.8257191 0.5922367 0.8301048 0.5777761 0.8257191 0.5922367 0.8301048 0.5777761 0.7192613 0.5922367 0.7148756 0.5777761 0.7192613 0.6189563 0.8132298 0.6066973 0.8257191 0.6189563 0.8132298 0.5655171 0.7317506 0.5777761 0.7192613 0.5655171 0.7317506 0.6271476 0.7945383 0.6189563 0.8132298 0.6271476 0.7945383 0.5573258 0.7504421 0.5655171 0.7317506 0.5573258 0.7504421 0.630024 0.7724902 0.6271476 0.7945383 0.630024 0.7724902 0.5544494 0.7724902 0.5573258 0.7504421 0.5544494 0.7724902 0.6271476 0.7504421 0.630024 0.7724902 0.6271476 0.7504421 0.5573258 0.7945383 0.5544494 0.7724902 0.5573258 0.7945383 0.6189563 0.7317506 0.6271476 0.7504421 0.6189563 0.7317506 0.5655171 0.8132298 0.5573258 0.7945383 0.5655171 0.8132298 0.6066973 0.7192613 0.6189563 0.7317506 0.6066973 0.7192613 0.5777761 0.7192613 0.6271476 0.7504421 0.6066973 0.8257191 0.5777761 0.8257191 0.5655171 0.8132298 0.5777761 0.8257191 0.6066973 0.8257191 0.5922367 0.8301048 0.6066973 0.8257191 0.5922367 0.8301048 0.5777761 0.8257191 0.5922367 0.8301048 0.5777761 0.7192613 0.5922367 0.7148756 0.5922367 0.7148756 0.6189563 0.8132298 0.6066973 0.8257191 0.6066973 0.8257191 0.5655171 0.7317506 0.5777761 0.7192613 0.5777761 0.7192613 0.6271476 0.7945383 0.6189563 0.8132298 0.6271476 0.7945383 0.5573258 0.7504421 0.5655171 0.7317506 0.5573258 0.7504421 0.630024 0.7724902 0.6271476 0.7945383 0.630024 0.7724902 0.5544494 0.7724902 0.5573258 0.7504421 0.5544494 0.7724902 0.6271476 0.7504421 0.630024 0.7724902 0.630024 0.7724902 0.5573258 0.7945383 0.5544494 0.7724902 0.5544494 0.7724902 0.6189563 0.7317506 0.6271476 0.7504421 0.6271476 0.7504421 0.5655171 0.8132298 0.5573258 0.7945383 0.5573258 0.7945383 0.6066973 0.7192613 0.6189563 0.7317506 0.6066973 0.7192613 0.5777761 0.8257191 0.5655171 0.8132298 0.5777761 0.8257191 0.5922367 0.7148756 0.6066973 0.7192613 0.6066973 0.7192613 0.5922367 0.7148756 0.6066973 0.7192613 0.5922367 0.7148756 0.6066973 0.8257191 0.5922367 0.8301048 0.6066973 0.8257191 0.5922367 0.8301048 0.5777761 0.8257191 0.5922367 0.8301048 0.5777761 0.7192613 0.5922367 0.7148756 0.5777761 0.7192613 0.6189563 0.8132298 0.6066973 0.8257191 0.6189563 0.8132298 0.5655171 0.7317506 0.5777761 0.7192613 0.5655171 0.7317506 0.6271476 0.7945383 0.6189563 0.8132298 0.6271476 0.7945383 0.5573258 0.7504421 0.5655171 0.7317506 0.5573258 0.7504421 0.630024 0.7724902 0.6271476 0.7945383 0.630024 0.7724902 0.5544494 0.7724902 0.5573258 0.7504421 0.5544494 0.7724902 0.6271476 0.7504421 0.630024 0.7724902 0.6271476 0.7504421 0.5573258 0.7945383 0.5544494 0.7724902 0.5573258 0.7945383 0.6189563 0.7317506 0.6271476 0.7504421 0.6189563 0.7317506 0.5655171 0.8132298 0.5573258 0.7945383 0.5655171 0.8132298 0.6066973 0.7192613 0.6189563 0.7317506 0.6066973 0.7192613 0.1783373 0.9642893 0.1799991 0.9599416 0.1799992 0.9642893 0.1799991 0.9599416 0.1783373 0.9642893 0.1799992 0.9642893 0.2637412 0.9637773 0.09459531 0.9604535 0.2637412 0.9604535 0.2637412 0.9599416 0.09459531 0.9642893 0.2637412 0.9642893 0.2637412 0.9604535 0.09459531 0.9637773 0.2637412 0.9637773 0.2637412 0.9642893 0.09459531 0.9599416 0.2637412 0.9599416 0.1783373 0.9642893 0.1799991 0.9599416 0.1799992 0.9642893 0.1799991 0.9599416 0.1783373 0.9642893 0.1799992 0.9642893 0.2637412 0.9637773 0.09459531 0.9604535 0.2637412 0.9604535 0.2637412 0.9599416 0.09459531 0.9642893 0.2637412 0.9642893 0.2637412 0.9604535 0.09459531 0.9637773 0.2637412 0.9637773 0.2637412 0.9642893 0.09459531 0.9599416 0.2637412 0.9599416 0.1799991 0.9599416 0.1783373 0.9642893 0.1799992 0.9642893 0.1783373 0.9642893 0.1799991 0.9599416 0.1799992 0.9642893 0.09459531 0.9604535 0.2637412 0.9637773 0.2637412 0.9604535 0.09459531 0.9642893 0.2637412 0.9599416 0.2637412 0.9642893 0.09459531 0.9637773 0.2637412 0.9604535 0.2637412 0.9637773 0.09459531 0.9599416 0.2637412 0.9642893 0.2637412 0.9599416 0.8973323 0.6871554 0.9390822 0.7043543 0.8973323 0.7043543 0.9455579 0.707216 0.8948546 0.5910627 0.9455579 0.5910627 0.9455579 0.5910627 0.8948546 0.5910627 0.9455579 0.5910627 0.9848141 0.6929548 0.9934135 0.5994732 0.9934135 0.6929548 0.9447489 0.592718 0.8956635 0.7055607 0.9447489 0.7055607 0.9447489 0.592718 0.9455579 0.707216 0.9455579 0.5910627 0.8948546 0.707216 0.9447489 0.7055607 0.8956635 0.7055607 0.9455579 0.5910627 0.8956636 0.592718 0.9447489 0.592718 0.8948546 0.5910627 0.8956635 0.7055607 0.8956636 0.592718 0.9848141 0.5994732 0.9934135 0.6929548 0.9934135 0.5994732 0.7131645 0.1431626 0.6820417 0.1718897 0.6820417 0.1431626 0.6820417 0.1431626 0.6314452 0.1718897 0.6314452 0.1431626 0.5952121 0.1431626 0.6314452 0.1718897 0.5808486 0.1718897 0.5688818 0.1689444 0.6541883 0.1402173 0.6541883 0.1689444 0.5688818 0.1420343 0.6541883 0.1707615 0.5545183 0.1707615 0.7131645 0.1703927 0.6820417 0.1416656 0.727528 0.1416656 0.6314452 0.1703927 0.6820417 0.1416656 0.6820417 0.1703927 0.5952121 0.1703927 0.6314452 0.1416656 0.6314452 0.1703927 0.7394948 0.1689444 0.6541883 0.1402173 0.7538583 0.1402173 0.7394948 0.1420343 0.6541883 0.1707615 0.6541883 0.1420343 0.1113692 0.607965 0.141868 0.5051225 0.141868 0.607965 0.08952856 0.607965 0.1113692 0.5051225 0.1113692 0.607965 0.141868 0.607965 0.1606282 0.5051225 0.1606282 0.607965 0.141868 0.5051225 0.1113692 0.607965 0.141868 0.607965 0.1113692 0.5051225 0.08952856 0.6079651 0.1113692 0.607965 0.1606282 0.5051225 0.141868 0.607965 0.1606282 0.607965 0.2415355 0.4022181 0.1120173 0.3776713 0.1120173 0.4022181 0.458738 0.4022181 0.5059906 0.3776713 0.5059906 0.4022181 0.3819187 0.4022181 0.3269072 0.3776713 0.3269072 0.4022181 0.1120173 0.4022181 0.2415355 0.3776713 0.2415355 0.4022181 0.664828 0.2065095 0.5541409 0.2429912 0.5487558 0.2065095 0.5541409 0.2429912 0.664828 0.2065095 0.5487558 0.2065095 0.5541409 0.2429912 0.664828 0.2429912 0.5541409 0.2429912 0.5487558 0.2065095 0.5541409 0.2429912 0.5487558 0.2065095 0.5487558 0.2065095 0.664828 0.2065095 0.5487558 0.2065095 0.5541409 0.2429912 0.5487558 0.2065095 0.5541409 0.2429912 0.664828 0.2065095 0.5487558 0.2065095 0.664828 0.2065095 0.664828 0.2429912 0.5541409 0.2429912 0.664828 0.2429912 0.8134412 0.6990625 0.7571057 0.5859012 0.8134412 0.5859012 0.4507081 0.6880345 0.493776 0.7823994 0.493776 0.6880345 0.5342669 0.6880345 0.4779314 0.7823994 0.4779314 0.6880345 0.493776 0.6880345 0.4507081 0.7823994 0.4507081 0.6880345 0.4779314 0.6880345 0.5342669 0.7823994 0.5342669 0.6880345 0.5414519 0.9547595 0.4320427 0.8692665 0.5414519 0.8692665 0.5414519 0.8692665 0.4320427 0.8123979 0.5339828 0.8123979 0.5414519 0.9547595 0.4320427 0.8692665 0.4320427 0.9547595 0.5414519 0.8692665 0.4320427 0.8123979 0.4320427 0.8692665 0.1645969 0.2146164 0.2037407 0.3165706 0.2053393 0.2146164 0.1529008 0.3165706 0.2037407 0.3681963 0.2037407 0.3165706 0.2460818 0.2146164 0.2037407 0.3165706 0.2545807 0.3165706 0.2545807 0.3165706 0.2037407 0.3681963 0.2559045 0.3681963 0.1735297 0.2348055 0.203831 0.3137283 0.1644757 0.3137283 0.1644757 0.3137283 0.203831 0.3536918 0.163451 0.3536918 0.2366073 0.2348055 0.203831 0.3137283 0.2050685 0.2348055 0.2431863 0.3137283 0.203831 0.3536918 0.203831 0.3137283 0.1756675 0.2301941 0.2050685 0.2301942 0.2050685 0.2301942 0.6213608 0.07466876 0.6262481 0.06869876 0.6262481 0.06869876 0.1529008 0.3165706 0.1735297 0.2348055 0.1644757 0.3137283 0.1756675 0.2301941 0.1708154 0.2192277 0.1756675 0.2301941 0.2545807 0.3165706 0.2366073 0.2348055 0.2460818 0.2146164 0.1529008 0.3165706 0.163451 0.3536918 0.151577 0.3681963 0.2545807 0.3165706 0.244211 0.3536918 0.2431863 0.3137283 0.6262481 0.06869876 0.5940567 0.06869876 0.5940567 0.06869876 0.1708154 0.2192277 0.2053393 0.2146164 0.2053393 0.2192277 0.2396779 0.2192277 0.2053393 0.2146164 0.2460818 0.2146164 0.1756675 0.2301941 0.2050685 0.2348055 0.1735297 0.2348055 0.2345315 0.2301942 0.2050685 0.2348055 0.2050685 0.2301942 0.1708154 0.2192277 0.1735297 0.2348055 0.1645969 0.2146164 0.2396779 0.2192277 0.2366073 0.2348055 0.2345315 0.2301942 0.5966506 0.05763798 0.5669787 0.07873493 0.5621265 0.05763798 0.5966506 0.05763798 0.6258427 0.07873493 0.5963797 0.07873499 0.2053393 0.2192277 0.1708154 0.2192277 0.1708154 0.2192277 0.2345315 0.2301942 0.2396779 0.2192277 0.2396779 0.2192277 0.2050685 0.2301942 0.2345315 0.2301942 0.2345315 0.2301942 0.2396779 0.2192277 0.2053393 0.2192277 0.2053393 0.2192277 0.6262481 0.06869876 0.5940567 0.06667381 0.6300918 0.06667381 0.5618209 0.06869876 0.5940567 0.06667381 0.5940567 0.06869876 0.6213608 0.07466876 0.5939943 0.07669365 0.5939943 0.0746687 0.5666338 0.0746687 0.5939943 0.07669365 0.5660995 0.07669365 0.5618209 0.06869876 0.5660995 0.07669365 0.5580215 0.06667381 0.6262481 0.06869876 0.6218891 0.07669365 0.6213608 0.07466876 0.5940567 0.06869876 0.5666338 0.0746687 0.5618209 0.06869876 0.5940567 0.06869876 0.6213608 0.07466876 0.5939943 0.0746687 0.5666338 0.0746687 0.5939943 0.0746687 0.5939943 0.0746687 0.5940567 0.06869876 0.5618209 0.06869876 0.5618209 0.06869876 0.5666338 0.0746687 0.5618209 0.06869876 0.5666338 0.0746687 0.5939943 0.0746687 0.6213608 0.07466876 0.6213608 0.07466876 0.3810805 0.531426 0.5119816 0.49382 0.378388 0.49382 0.4351699 0.5977969 0.4676268 0.5950785 0.4676268 0.5707116 0.5119816 0.49382 0.3810805 0.531426 0.378388 0.49382 0.4676268 0.5707116 0.43517 0.6199068 0.4351699 0.5977969 0.1199841 0.2086933 0.1199841 0.2639031 0.04097878 0.2639031 0.2957469 0.2639031 0.2957469 0.2086933 0.3176236 0.2109274 0.2078655 0.2639031 0.1199841 0.2639031 0.1199841 0.2086933 0.2957469 0.2639031 0.2078655 0.2639031 0.2078655 0.2086933 0.3070384 0.6238605 0.3726101 0.6238605 0.3726101 0.4974035 0.313661 0.6194454 0.2694866 0.6194454 0.2984501 0.4929884 0.4676268 0.5950785 0.4676268 0.6194454 0.4351699 0.6420165 0.3919904 0.5342052 0.3919904 0.6557555 0.3792328 0.6194454 0.4027853 0.6557555 0.4027853 0.5607018 0.4135802 0.6214769 0.4027853 0.5607018 0.4135802 0.5871983 0.4135802 0.6214769 0.4135802 0.6214769 0.4135802 0.5871983 0.4351699 0.5977969 0.43517 0.6199068 0.4351699 0.6420165 0.4135802 0.6214769 0.4351699 0.6420165 0.4135802 0.6557555 0.4135802 0.6214769 0.4474615 0.113434 0.4530541 0.113434 0.4138324 0.06072932 0.2742545 0.6309687 0.2694866 0.6194454 0.313661 0.6194454 0.4831432 0.1038227 0.4791663 0.113434 0.516012 0.113434 0.512035 0.04005491 0.512035 0.1038227 0.516012 0.113434 0.4831432 0.04005491 0.4791663 0.03044337 0.4791663 0.113434 0.4791663 0.113434 0.4791663 0.1001707 0.4530541 0.1001707 0.2957469 0.2086933 0.2957469 0.2086933 0.3176236 0.2109274 0.4135802 0.5871983 0.4351699 0.5977969 0.4351699 0.5977969 0.5119816 0.531426 0.5119816 0.5690319 0.383773 0.5690319 0.313661 0.4929884 0.313661 0.4929884 0.3792328 0.4929884 0.4027853 0.5607018 0.4135802 0.5871983 0.4135802 0.5871983 0.3792328 0.4929884 0.3792328 0.4929884 0.3919904 0.5342052 0.2078655 0.2086933 0.2078655 0.2086933 0.2957469 0.2086933 0.458738 0.4022181 0.458738 0.3776713 0.3819187 0.3776713 0.2415355 0.4022181 0.2415355 0.3776713 0.3710538 0.3776713 0.3269072 0.4022181 0.3269072 0.3776713 0.3819187 0.3776713 0.1199841 0.2086933 0.1199841 0.2086933 0.2078655 0.2086933 0.04097878 0.2639031 0.04097878 0.2639031 0.02618521 0.2086933 0.313661 0.4929884 0.2984501 0.4929884 0.2984501 0.4929884 0.02618521 0.2086933 0.02618521 0.2086933 0.1199841 0.2086933 0.4351699 0.5977969 0.4676268 0.5707116 0.4676268 0.5707116 0.3067448 0.2616691 0.3067448 0.2616691 0.2957469 0.2639031 0.2694866 0.6194454 0.2694866 0.6194454 0.2984501 0.4929884 0.02234816 0.6133578 0.02234816 0.5051225 0.04498904 0.5051225 0.01749897 0.6092562 0.01749897 0.5051225 0.02234816 0.5051225 0.04498904 0.6133578 0.04498904 0.5051225 0.07693666 0.5051225 0.431965 0.1127974 0.4896494 0.1127974 0.4896494 0.1239826 0.3919904 0.5342052 0.4027853 0.5607018 0.4027853 0.5607018 0.431965 0.1127974 0.4295998 0.1239826 0.4212366 0.03871673 0.4027853 0.5607018 0.4027853 0.6557555 0.3919904 0.6557555 0.5316416 0.113434 0.5316416 0.102068 0.4744475 0.102068 0.5316416 0.03401488 0.462351 0.03401488 0.4691876 0.04131251 0.4692268 0.113434 0.4744475 0.102068 0.4691876 0.03858029 0.3919904 0.6557555 0.3868792 0.6629588 0.3792328 0.6266486 0.3792328 0.6194454 0.3792328 0.6266486 0.313661 0.6266486 0.4888761 0.3715192 0.4888761 0.3862933 0.3587802 0.3862933 0.3792328 0.4929884 0.313661 0.4929884 0.313661 0.6194454 0.2984501 0.4929884 0.2694866 0.6194454 0.313661 0.6194454 0.3792328 0.6194454 0.3919904 0.6557555 0.3919904 0.5342052 0.4027853 0.6557555 0.4135802 0.6557555 0.4135802 0.5871983 0.4138324 0.06072932 0.4530541 0.113434 0.4474615 0.113434 0.3088931 0.6309687 0.313661 0.6194454 0.2694866 0.6194454 0.516012 0.113434 0.4791663 0.113434 0.4831432 0.1038227 0.512035 0.04005491 0.516012 0.03044337 0.516012 0.113434 0.4791663 0.113434 0.4791663 0.03044337 0.4831432 0.04005491 0.4530541 0.113434 0.4530541 0.1001707 0.4791663 0.1001707 0.04498904 0.6133578 0.04498904 0.5051225 0.02234816 0.5051225 0.02234816 0.6133578 0.02234816 0.5051225 0.01749897 0.5051225 0.07693666 0.5051225 0.04498904 0.5051225 0.04498904 0.6133578 0.431965 0.1127974 0.4295998 0.1239826 0.4896494 0.1239826 0.4212366 0.03871673 0.4295998 0.1239826 0.431965 0.1127974 0.3919904 0.6557555 0.4027853 0.6557555 0.4027853 0.5607018 0.4744475 0.102068 0.5316416 0.102068 0.5316416 0.113434 0.5316416 0.03401488 0.5316416 0.04131251 0.4691876 0.04131251 0.4691876 0.03858029 0.4744475 0.102068 0.4692268 0.113434 0.3792328 0.6266486 0.3868792 0.6629588 0.3919904 0.6557555 0.313661 0.6266486 0.3792328 0.6266486 0.3792328 0.6194454 0.5316416 0.102068 0.5316416 0.113434 0.5316416 0.113434 0.431965 0.1127974 0.4250892 0.02070891 0.4250892 0.02070891 0.2984501 0.4929884 0.2984501 0.4929884 0.313661 0.4929884 0.5316416 0.04131251 0.5316416 0.04131251 0.5316416 0.03401488 0.4027853 0.5607018 0.4027853 0.5607018 0.4135802 0.5871983 0.4831432 0.1038227 0.512035 0.1038227 0.512035 0.1038227 0.2694866 0.6194454 0.2694866 0.6194454 0.2984501 0.4929884 0.4691876 0.04131251 0.462351 0.03401488 0.462351 0.03401488 0.512035 0.04005491 0.512035 0.04005491 0.512035 0.1038227 0.4691876 0.03858029 0.4691876 0.03858029 0.462351 0.03044337 0.4530541 0.1001707 0.4791663 0.1001707 0.4791663 0.1001707 0.4831432 0.1038227 0.4831432 0.1038227 0.4831432 0.04005491 0.3792328 0.6266486 0.3792328 0.6266486 0.313661 0.6266486 0.3088931 0.6309687 0.3088931 0.6309687 0.2742545 0.6309687 0.3067448 0.2616691 0.3067448 0.2616691 0.3067448 0.2616691 0.3792328 0.4929884 0.3792328 0.4929884 0.3919904 0.5342052 0.3868792 0.6629588 0.3868792 0.6629588 0.3792328 0.6266486 0.4791663 0.113434 0.4791663 0.113434 0.4791663 0.1001707 0.4530541 0.1001707 0.4530541 0.1001707 0.4138324 0.06072932 0.3919904 0.6557555 0.3919904 0.6557555 0.3868792 0.6629588 0.4791663 0.113434 0.4791663 0.03044337 0.4791663 0.03044337 0.313661 0.6266486 0.313661 0.6266486 0.313661 0.6194454 0.313661 0.4929884 0.313661 0.4929884 0.3792328 0.4929884 0.4691876 0.03858029 0.4744475 0.102068 0.4744475 0.102068 0.4691876 0.04131251 0.4691876 0.04131251 0.5316416 0.04131251 0.3919904 0.5342052 0.3919904 0.5342052 0.4027853 0.5607018 0.5316416 0.102068 0.5316416 0.102068 0.4744475 0.102068 0.4896494 0.1127974 0.431965 0.1127974 0.431965 0.1127974 0.4135802 0.6557555 0.4135802 0.6557555 0.4135802 0.6214769 0.4135802 0.6214769 0.4135802 0.5871983 0.4135802 0.5871983 0.5685064 0.5905216 0.6336154 0.5905216 0.6336154 0.6346979 0.378388 0.49382 0.5119816 0.49382 0.5119816 0.49382 0 0 0 0 0 0 0.457868 0.06735122 0.4432606 0.1086309 0.4291107 0.05110979 0.1534314 0.03975546 0.191707 0.03975546 0.191707 0.1419293 0.191707 0.03975546 0.2196369 0.03975546 0.2196369 0.1419293 0.2345422 0.03975546 0.2494475 0.03975546 0.2494475 0.1419293 0.191707 0.1306498 0.191707 0.03975546 0.1534314 0.03975546 0.2196369 0.1306498 0.2196369 0.03975546 0.191707 0.03975546 0.2494475 0.1306498 0.2494475 0.03975546 0.2345422 0.03975546 0.2103468 0.1263093 0.1984212 0.1263093 0.1984212 0.2028605 0.2103468 0.03975546 0.1984212 0.03975546 0.1984212 0.1306498 0.2103468 0.07044941 0.1984212 0.07044941 0.1984212 0.04063886 0.2103468 0.2028605 0.1984212 0.2028605 0.1984212 0.1263093 0.2103468 0.07044941 0.1984212 0.07044941 0.1984212 0.1263093 0.2103468 0.03975546 0.2103468 0.1419293 0.1984212 0.1306498 0.2103468 0.1263093 0.1984212 0.1263093 0.1984212 0.07044941 0.2103468 0.01082837 0.1984212 0.01082837 0.1984212 0.04063886 0.2103468 0.04063886 0.1984212 0.04063886 0.1984212 0.07044941 0.2103468 0.04063886 0.1984212 0.04063886 0.1984212 0.01082837 0.2345422 0.1306498 0.2345422 0.03975546 0.2196369 0.03975546 0.2196369 0.03975546 0.2345422 0.03975546 0.2345422 0.1419293 0.2222725 0.04063886 0.2103468 0.04063886 0.2103468 0.01082837 0.2222725 0.04063886 0.2103468 0.04063886 0.2103468 0.07044941 0.2222725 0.01082837 0.2103468 0.01082837 0.2103468 0.04063886 0.2222725 0.1263093 0.2103468 0.1263093 0.2103468 0.07044941 0.2222725 0.1419293 0.2103468 0.1419293 0.2103468 0.03975546 0.2222725 0.07044941 0.2103468 0.07044941 0.2103468 0.1263093 0.2222725 0.2028605 0.2103468 0.2028605 0.2103468 0.1263093 0.2222725 0.07044941 0.2103468 0.07044941 0.2103468 0.04063886 0.2222725 0.03975546 0.2103468 0.03975546 0.2103468 0.1419293 0.2222725 0.1263093 0.2103468 0.1263093 0.2103468 0.2028605 0.5685064 0.5905216 0.6336154 0.5905216 0.6336154 0.5905216 0 0 0 0 0 0 0 0 0 0 0 0 0.378388 0.49382 0.378388 0.49382 0.378388 0.49382 0.7103689 0.7074732 0.7103689 0.6456193 0.5558025 0.6456193 0.8431963 0.01480197 0.8431963 0.01480197 0.8749958 0.01480197 0.5558025 0.7074732 0.7103689 0.7074732 0.7103689 0.7074732 0.7103689 0.6456193 0.5558025 0.6456193 0.5558025 0.6456193 0.5558025 0.6456193 0.5558025 0.7074732 0.5558025 0.7074732 0.7103689 0.7074732 0.7103689 0.6456193 0.7103689 0.6456193 0.8431965 0.05786937 0.8431963 0.1064923 0.8431963 0.1064923 0.8749958 0.1064923 0.8749958 0.1064923 0.8431963 0.1064923 0.8431963 0.0650022 0.8749958 0.0650022 0.8749958 0.01480197 0.8431963 0.0766474 0.8749958 0.0766474 0.8749958 0.0650022 0.8431963 0.1064923 0.8749958 0.1064923 0.8749958 0.05808603 0.8431964 0.07638424 0.8431963 0.0766474 0.8431963 0.0650022 0.8749958 0.05786937 0.8749958 0.05808603 0.8749958 0.1064923 0.8733826 0.06042206 0.8733826 0.1041562 0.8448094 0.1041562 0.8733827 0.01858466 0.8733826 0.06121957 0.8448095 0.06121957 0.8749957 0.01480197 0.8749958 0.01480197 0.8749958 0.0650022 0.8749958 0.07638424 0.8749958 0.06878489 0.8749958 0.0650022 0.8749958 0.06878489 0.8749958 0.07638424 0.8431964 0.07638424 0.3792328 0.4929884 0.313661 0.4929884 0.313661 0.4929884 0.2984501 0.4929884 0.2694866 0.6194454 0.2694866 0.6194454 0.2694866 0.6194454 0.2694866 0.6194454 0.2984501 0.4929884 0.313661 0.4929884 0.313661 0.4929884 0.3792328 0.4929884 0.3792328 0.4929884 0.3792328 0.4929884 0.3792328 0.4929884 0.2694866 0.6194454 0.2694866 0.6194454 0.2694866 0.6194454 0.2984501 0.4929884 0.2984501 0.4929884 0.2984501 0.4929884 0.313661 0.4929884 0.313661 0.4929884 0.313661 0.4929884 0.2984501 0.4929884 0.2984501 0.4929884 0.313661 0.4929884 0.7556484 0.4285799 0.7556484 0.3380444 0.8125587 0.3380447 0.6491963 0.426296 0.6491963 0.3413123 0.703406 0.3413125 0.3483422 0.2570704 0.3395103 0.213446 0.525074 0.213446 0.3520169 0.2570704 0.3436145 0.213446 0.4245877 0.213446 0.4245875 0.213446 0.3436142 0.213446 0.3520168 0.2570704 0.525074 0.213446 0.3395103 0.213446 0.3483422 0.2570704 0.4245877 0.213446 0.5388447 0.213446 0.5294297 0.2570704 0.5294297 0.2570704 0.5388447 0.213446 0.4245875 0.213446 0.8431963 0.06878483 0.8431963 0.01480197 0.8448095 0.01858466 0.8431965 0.05786937 0.8448094 0.06042206 0.8448094 0.1041562 0.8749958 0.06878489 0.8733826 0.06121957 0.8733827 0.01858466 0.8749958 0.05786937 0.8749958 0.1064923 0.8733826 0.1041562 0.8733827 0.01858466 0.8448095 0.01858466 0.8431963 0.01480197 0.8733826 0.06121957 0.8749958 0.06878489 0.8431963 0.06878483 0.8431964 0.07638424 0.8749958 0.07638424 0.8733827 0.0766474 0.8431963 0.1064923 0.8448094 0.1041562 0.8733826 0.1041562 0.8431963 0.01480197 0.8431963 0.06878483 0.8431963 0.0650022 0.72711 0.3262158 0.7494159 0.3262158 0.7494159 0.2058753 0.1199841 0.2086933 0.02618521 0.2086933 0.04097878 0.2639031 0.2957469 0.2639031 0.3067448 0.2616691 0.3176236 0.2109274 0.1199841 0.2086933 0.1199841 0.2639031 0.2078655 0.2639031 0.2078655 0.2086933 0.2078655 0.2639031 0.2957469 0.2639031 0.3726101 0.4974035 0.3726101 0.6238605 0.3070384 0.6238605 0.2984501 0.4929884 0.2694866 0.6194454 0.313661 0.6194454 0.4351699 0.6199067 0.4351699 0.6420165 0.4676268 0.6194454 0.2548308 0.6194454 0.2675884 0.6557555 0.2675884 0.5342052 0.2783834 0.6557555 0.2891783 0.6557555 0.2891783 0.5871983 0.4351699 0.5977969 0.4135802 0.5871983 0.4351699 0.6199067 0.4135802 0.5871983 0.4135802 0.6557555 0.4351699 0.6199067 0.4138324 0.06072932 0.4530541 0.113434 0.4474615 0.113434 0.313661 0.6194454 0.2694866 0.6194454 0.2742545 0.6309687 0.516012 0.113434 0.4791663 0.113434 0.4831432 0.1038227 0.512035 0.04005491 0.516012 0.03044337 0.516012 0.113434 0.4791663 0.113434 0.4791663 0.03044337 0.4831432 0.04005491 0.4530541 0.1001707 0.4791663 0.1001707 0.4791663 0.113434 0.3176236 0.2109274 0.2957469 0.2086933 0.2957469 0.2086933 0.4351699 0.5977969 0.4351699 0.5977969 0.4135802 0.5871983 0.383773 0.5690319 0.5119816 0.5690319 0.5119816 0.531426 0.3792328 0.4929884 0.313661 0.4929884 0.313661 0.4929884 0.4135802 0.5871983 0.4135802 0.5871983 0.4027853 0.5607018 0.3792328 0.4929884 0.3919904 0.5342052 0.3919904 0.5342052 0.2957469 0.2086933 0.2078655 0.2086933 0.2078655 0.2086933 0.5059906 0.4022181 0.5059906 0.3776713 0.458738 0.3776713 0.3710538 0.4022181 0.3710538 0.3776713 0.2415355 0.3776713 0.3819187 0.4022181 0.3819187 0.3776713 0.458738 0.3776713 0.2078655 0.2086933 0.1199841 0.2086933 0.1199841 0.2086933 0.02618521 0.2086933 0.04097878 0.2639031 0.04097878 0.2639031 0.2984501 0.4929884 0.2984501 0.4929884 0.313661 0.4929884 0.1199841 0.2086933 0.02618521 0.2086933 0.02618521 0.2086933 0.4676268 0.5707116 0.4676268 0.5707116 0.4351699 0.5977969 0.2957469 0.2639031 0.3067448 0.2616691 0.3067448 0.2616691 0.2984501 0.4929884 0.2694866 0.6194454 0.2694866 0.6194454 0.04498904 0.5051225 0.02234816 0.5051225 0.02234816 0.6133578 0.01749897 0.6092562 0.02234816 0.6133578 0.02234816 0.5051225 0.07693666 0.5051225 0.04498904 0.5051225 0.04498904 0.6133578 0.431965 0.1127974 0.4295998 0.1239826 0.4896494 0.1239826 0.4027853 0.5607018 0.4027853 0.5607018 0.3919904 0.5342052 0.4212366 0.03871673 0.4295998 0.1239826 0.431965 0.1127974 0.2675884 0.6557555 0.2783834 0.6557555 0.2783834 0.5607018 0.4744475 0.102068 0.5316416 0.102068 0.5316416 0.113434 0.5316416 0.03401488 0.5316416 0.04131251 0.4691876 0.04131251 0.4691876 0.03858029 0.4744475 0.102068 0.4692268 0.113434 0.3792328 0.6266486 0.3868792 0.6629588 0.3919904 0.6557555 0.313661 0.6266486 0.3792328 0.6266486 0.3792328 0.6194454 0.3587802 0.3862933 0.4888761 0.3862933 0.4888761 0.3715192 0.3792328 0.4929884 0.3792328 0.6194454 0.313661 0.6194454 0.313661 0.6194454 0.2694866 0.6194454 0.2984501 0.4929884 0.3919904 0.5342052 0.3919904 0.6557555 0.3792328 0.6194454 0.4135802 0.5871983 0.4135802 0.6557555 0.4027853 0.6557555 0.4474615 0.113434 0.4530541 0.113434 0.4138324 0.06072932 0.3088931 0.6309687 0.2742545 0.6309687 0.2694866 0.6194454 0.4831432 0.1038227 0.4791663 0.113434 0.516012 0.113434 0.512035 0.04005491 0.512035 0.1038227 0.516012 0.113434 0.4831432 0.04005491 0.4791663 0.03044337 0.4791663 0.113434 0.4530541 0.113434 0.4791663 0.113434 0.4791663 0.1001707 0.04498904 0.6133578 0.02234816 0.6133578 0.02234816 0.5051225 0.01749897 0.5051225 0.02234816 0.5051225 0.02234816 0.6133578 0.04498904 0.6133578 0.04498904 0.5051225 0.07693666 0.5051225 0.431965 0.1127974 0.4896494 0.1127974 0.4896494 0.1239826 0.431965 0.1127974 0.4295998 0.1239826 0.4212366 0.03871673 0.4027853 0.5607018 0.4027853 0.6557555 0.3919904 0.6557555 0.5316416 0.113434 0.5316416 0.102068 0.4744475 0.102068 0.5316416 0.03401488 0.462351 0.03401488 0.4691876 0.04131251 0.4692268 0.113434 0.4744475 0.102068 0.4691876 0.03858029 0.3919904 0.6557555 0.3868792 0.6629588 0.3792328 0.6266486 0.3792328 0.6194454 0.3792328 0.6266486 0.313661 0.6266486 0.431965 0.1127974 0.431965 0.1127974 0.4250892 0.02070891 0.313661 0.4929884 0.2984501 0.4929884 0.2984501 0.4929884 0.4135802 0.5871983 0.4027853 0.5607018 0.4027853 0.5607018 0.4831432 0.1038227 0.4831432 0.1038227 0.512035 0.1038227 0.2984501 0.4929884 0.2694866 0.6194454 0.2694866 0.6194454 0.4691876 0.04131251 0.4691876 0.04131251 0.462351 0.03401488 0.512035 0.1038227 0.512035 0.04005491 0.512035 0.04005491 0.462351 0.03044337 0.4691876 0.03858029 0.4691876 0.03858029 0.4530541 0.1001707 0.4530541 0.1001707 0.4791663 0.1001707 0.4831432 0.04005491 0.4831432 0.1038227 0.4831432 0.1038227 0.313661 0.6266486 0.3792328 0.6266486 0.3792328 0.6266486 0.2742545 0.6309687 0.3088931 0.6309687 0.3088931 0.6309687 0.3067448 0.2616691 0.3067448 0.2616691 0.3067448 0.2616691 0.3919904 0.5342052 0.3792328 0.4929884 0.3792328 0.4929884 0.3792328 0.6266486 0.3868792 0.6629588 0.3868792 0.6629588 0.4791663 0.1001707 0.4791663 0.113434 0.4791663 0.113434 0.4138324 0.06072932 0.4530541 0.1001707 0.4530541 0.1001707 0.3868792 0.6629588 0.3919904 0.6557555 0.3919904 0.6557555 0.4791663 0.113434 0.4791663 0.113434 0.4791663 0.03044337 0.313661 0.6194454 0.313661 0.6266486 0.313661 0.6266486 0.3792328 0.4929884 0.313661 0.4929884 0.313661 0.4929884 0.4691876 0.03858029 0.4691876 0.03858029 0.4744475 0.102068 0.5316416 0.04131251 0.4691876 0.04131251 0.4691876 0.04131251 0.4027853 0.5607018 0.3919904 0.5342052 0.3919904 0.5342052 0.4744475 0.102068 0.5316416 0.102068 0.5316416 0.102068 0.4896494 0.1127974 0.4896494 0.1127974 0.431965 0.1127974 0.4135802 0.6557555 0.4135802 0.6557555 0.4135802 0.5871983 0.6336154 0.6346979 0.6336154 0.5905216 0.5685064 0.5905216 0.5119816 0.49382 0.5119816 0.49382 0.378388 0.49382 0 0 0 0 0 0 0.457868 0.06735122 0.4417808 0.006650567 0.4291107 0.05110979 0.191707 0.1419293 0.191707 0.03975546 0.1534314 0.03975546 0.2196369 0.1419293 0.2196369 0.03975546 0.191707 0.03975546 0.2494475 0.1419293 0.2494475 0.03975546 0.2345422 0.03975546 0.1534314 0.03975546 0.191707 0.03975546 0.191707 0.1306498 0.191707 0.03975546 0.2196369 0.03975546 0.2196369 0.1306498 0.2345422 0.03975546 0.2494475 0.03975546 0.2494475 0.1306498 0.1984212 0.2028605 0.1984212 0.1263093 0.2103468 0.1263093 0.1984212 0.1306498 0.1984212 0.03975546 0.2103468 0.03975546 0.1984212 0.1263093 0.1984212 0.07044941 0.2103468 0.07044941 0.2103468 0.03975546 0.1984212 0.03975546 0.1984212 0.1306498 0.1984212 0.04063886 0.1984212 0.01082837 0.2103468 0.01082837 0.1984212 0.07044941 0.1984212 0.04063886 0.2103468 0.04063886 0.2196369 0.03975546 0.2345422 0.03975546 0.2345422 0.1306498 0.2345422 0.1419293 0.2345422 0.03975546 0.2196369 0.03975546 0.2103468 0.07044941 0.2103468 0.04063886 0.2222725 0.04063886 0.2103468 0.04063886 0.2103468 0.01082837 0.2222725 0.01082837 0.2103468 0.03975546 0.2103468 0.1419293 0.2222725 0.1419293 0.2103468 0.1263093 0.2103468 0.07044941 0.2222725 0.07044941 0.2103468 0.1419293 0.2103468 0.03975546 0.2222725 0.03975546 0.2103468 0.2028605 0.2103468 0.1263093 0.2222725 0.1263093 0.6336154 0.5905216 0.6336154 0.5905216 0.5685064 0.5905216 0 0 0 0 0 0 0.378388 0.49382 0.378388 0.49382 0.378388 0.49382 0.5558025 0.6456193 0.7103689 0.6456193 0.7103689 0.7074732 0.8749958 0.01480197 0.8431963 0.01480197 0.8431963 0.01480197 0.7103689 0.7074732 0.7103689 0.7074732 0.5558025 0.7074732 0.5558025 0.6456193 0.5558025 0.6456193 0.7103689 0.6456193 0.5558025 0.7074732 0.5558025 0.7074732 0.5558025 0.6456193 0.7103689 0.6456193 0.7103689 0.6456193 0.7103689 0.7074732 0.8431965 0.05786937 0.8431963 0.05808603 0.8431963 0.1064923 0.8431963 0.1064923 0.8749958 0.1064923 0.8749958 0.1064923 0.8749958 0.01480197 0.8749958 0.0650022 0.8431963 0.0650022 0.8749958 0.0650022 0.8749958 0.0766474 0.8431963 0.0766474 0.8749958 0.05808603 0.8749958 0.1064923 0.8431963 0.1064923 0.8431963 0.0650022 0.8431963 0.0766474 0.8431964 0.07638424 0.8749958 0.1064923 0.8749958 0.05808603 0.8749958 0.05786937 0.8448094 0.1041562 0.8733826 0.1041562 0.8733826 0.06042206 0.8448095 0.06121957 0.8733826 0.06121957 0.8733827 0.01858466 0.8749958 0.0650022 0.8749958 0.01480197 0.8749957 0.01480197 0.8749958 0.07638424 0.8749958 0.0766474 0.8749958 0.0650022 0.8431964 0.07638424 0.8749958 0.07638424 0.8749958 0.06878489 0.313661 0.4929884 0.313661 0.4929884 0.3792328 0.4929884 0.2694866 0.6194454 0.2694866 0.6194454 0.2984501 0.4929884 0.3792328 0.4929884 0.3792328 0.4929884 0.3792328 0.4929884 0.2694866 0.6194454 0.2694866 0.6194454 0.2694866 0.6194454 0.2984501 0.4929884 0.2984501 0.4929884 0.2984501 0.4929884 0.313661 0.4929884 0.313661 0.4929884 0.313661 0.4929884 0.313661 0.4929884 0.2984501 0.4929884 0.2984501 0.4929884 0.7556484 0.4285799 0.8125587 0.4285802 0.8125587 0.3380447 0.6491963 0.426296 0.703406 0.426296 0.703406 0.3413125 0.3483422 0.2570704 0.525074 0.2570704 0.525074 0.213446 0.3520168 0.2570704 0.3436142 0.213446 0.4245875 0.213446 0.3483422 0.2570704 0.3395103 0.213446 0.525074 0.213446 0.5294297 0.2570704 0.4256 0.2570704 0.4245875 0.213446 0.8431963 0.06878483 0.8448095 0.06121957 0.8448095 0.01858466 0.8448094 0.1041562 0.8448094 0.06042206 0.8431965 0.05786937 0.8733827 0.01858466 0.8733826 0.06121957 0.8749958 0.06878489 0.8749958 0.05786937 0.8733826 0.06042206 0.8733826 0.1041562 0.8733827 0.01858466 0.8749957 0.01480197 0.8431963 0.01480197 0.8431963 0.06878483 0.8749958 0.06878489 0.8733826 0.06121957 0.8431964 0.07638424 0.8448095 0.0766474 0.8733827 0.0766474 0.8733826 0.1041562 0.8448094 0.1041562 0.8431963 0.1064923 0.8431963 0.01480197 0.8431963 0.01480197 0.8431963 0.0650022 0.7494159 0.2058753 0.7494159 0.3262158 0.72711 0.3262158 0.6320089 0.9945921 0.6320089 0.960314 0.555452 0.960314 0.6320089 0.8474208 0.6320089 0.8819522 0.555452 0.8819522 0.6320089 0.8819522 0.6320089 0.933632 0.555452 0.933632 0.6320089 0.933632 0.6320089 0.9945924 0.555452 0.9945924 0.5549059 0.9963875 0.5549059 0.9354271 0.6314628 0.9354271 0.5549059 0.9354271 0.5549059 0.8837476 0.6314628 0.8837476 0.5549059 0.8837476 0.5549059 0.8492162 0.6314628 0.8492162 0.6320089 0.960314 0.6320089 0.9945924 0.555452 0.9945924 0.6314628 0.9963875 0.5549059 0.9963875 0.5549059 0.9621092 0.6314628 0.8492162 0.5549059 0.8492162 0.5549059 0.8837476 0.6314628 0.8837476 0.5549059 0.8837476 0.5549059 0.9354271 0.6314628 0.9354271 0.5549059 0.9354271 0.5549059 0.9963875 0.6320089 0.9945924 0.6320089 0.933632 0.555452 0.933632 0.6320089 0.933632 0.6320089 0.8819522 0.555452 0.8819522 0.555452 0.8819522 0.6320089 0.8819522 0.6320089 0.8474208 0.6314628 0.9621092 0.5549059 0.9621092 0.5549059 0.9963878 0.5945057 0.9457311 0.5945057 0.9457311 0.5945057 0.9436205 0.6186151 0.8683413 0.626006 0.8911275 0.6166193 0.899137 0.5703963 0.9676701 0.563005 0.9448841 0.5723918 0.9368745 0.6075536 0.853116 0.6186151 0.8683413 0.6114309 0.8831409 0.5703963 0.9676701 0.5775805 0.9528707 0.5853458 0.963559 0.5945057 0.8477696 0.6075536 0.853116 0.6036655 0.8724525 0.5945057 0.9882419 0.5945057 0.9673123 0.6036655 0.963559 0.5814578 0.9828955 0.5853458 0.963559 0.5945057 0.9673123 0.5814578 0.853116 0.5945057 0.8477696 0.5945057 0.8686992 0.6075536 0.9828955 0.6036655 0.963559 0.6114309 0.9528707 0.5703963 0.8683413 0.5814578 0.853116 0.5853458 0.8724525 0.6186151 0.9676701 0.6114309 0.9528707 0.6166193 0.9368745 0.563005 0.8911275 0.5703963 0.8683413 0.5775805 0.8831409 0.626006 0.9448841 0.6166193 0.9368745 0.6184412 0.9180058 0.563005 0.8911275 0.5723918 0.899137 0.5705699 0.9180058 0.626006 0.8911275 0.6286017 0.9180058 0.6184412 0.9180058 0.563005 0.9448841 0.5604096 0.9180058 0.5705699 0.9180058 0.6189563 0.8132298 0.6066973 0.8257191 0.5655171 0.8132298 0.6066973 0.8257191 0.5922367 0.8301048 0.5655171 0.8132298 0.5922367 0.8301048 0.5777761 0.8257191 0.5655171 0.8132298 0.5655171 0.8132298 0.5573258 0.7945383 0.5544494 0.7724902 0.5544494 0.7724902 0.5573258 0.7504421 0.5655171 0.8132298 0.5573258 0.7504421 0.5655171 0.7317506 0.5655171 0.8132298 0.5655171 0.7317506 0.5777761 0.7192613 0.5922367 0.7148756 0.5922367 0.7148756 0.6066973 0.7192613 0.6189563 0.7317506 0.6189563 0.7317506 0.6271476 0.7504421 0.6189563 0.8132298 0.6271476 0.7504421 0.630024 0.7724902 0.6189563 0.8132298 0.630024 0.7724902 0.6271476 0.7945383 0.6189563 0.8132298 0.5655171 0.7317506 0.5922367 0.7148756 0.6189563 0.7317506 0.6189563 0.8132298 0.5655171 0.8132298 0.5655171 0.7317506 0.5945057 0.8902804 0.5945057 0.8902804 0.5945057 0.8923909 0.5945057 0.9436205 0.5945057 0.9436205 0.5945057 0.9376105 0.5945057 0.8923909 0.5945057 0.8923909 0.5945057 0.898401 0.5945057 0.9376105 0.5945057 0.9376105 0.5945057 0.9286157 0.5945057 0.898401 0.5945057 0.898401 0.5945057 0.9073957 0.5945057 0.9286157 0.5945057 0.9286157 0.5945057 0.9180058 0.5945057 0.9180058 0.5945057 0.9180058 0.5945057 0.9286157 0.5945057 0.9073957 0.5945057 0.9073957 0.5945057 0.9180058 0.5945057 0.9180058 0.5945057 0.9180058 0.5945057 0.9073957 0.5945057 0.9286157 0.5945057 0.9286157 0.5945057 0.9376105 0.5945057 0.9073957 0.5945057 0.9073957 0.5945057 0.898401 0.5945057 0.9376105 0.5945057 0.9376105 0.5945057 0.9436205 0.5945057 0.898401 0.5945057 0.898401 0.5945057 0.8923909 0.5945057 0.9436205 0.5945057 0.9436205 0.5945057 0.9457311 0.5945057 0.8923909 0.5945057 0.8923909 0.5945057 0.8902804 0.5777761 0.8257191 0.5922367 0.8301048 0.6271476 0.7945383 0.5922367 0.8301048 0.6066973 0.8257191 0.6271476 0.7945383 0.6066973 0.8257191 0.6189563 0.8132298 0.6271476 0.7945383 0.6271476 0.7945383 0.630024 0.7724902 0.6271476 0.7504421 0.6271476 0.7504421 0.6189563 0.7317506 0.6271476 0.7945383 0.6189563 0.7317506 0.6066973 0.7192613 0.6271476 0.7945383 0.6066973 0.7192613 0.5922367 0.7148756 0.5777761 0.7192613 0.5777761 0.7192613 0.5655171 0.7317506 0.6066973 0.7192613 0.5655171 0.7317506 0.5573258 0.7504421 0.6066973 0.7192613 0.5573258 0.7504421 0.5544494 0.7724902 0.5573258 0.7945383 0.5573258 0.7945383 0.5655171 0.8132298 0.5573258 0.7504421 0.5655171 0.8132298 0.5777761 0.8257191 0.5573258 0.7504421 0.5777761 0.8257191 0.6271476 0.7945383 0.5573258 0.7504421 0.555452 0.960314 0.6320089 0.960314 0.6320089 0.9945921 0.555452 0.8819522 0.6320089 0.8819522 0.6320089 0.8474208 0.555452 0.933632 0.6320089 0.933632 0.6320089 0.8819522 0.555452 0.9945924 0.6320089 0.9945924 0.6320089 0.933632 0.6314628 0.9354271 0.5549059 0.9354271 0.5549059 0.9963875 0.6314628 0.8837476 0.5549059 0.8837476 0.5549059 0.9354271 0.6314628 0.8492162 0.5549059 0.8492162 0.5549059 0.8837476 0.555452 0.9945924 0.6320089 0.9945924 0.6320089 0.960314 0.6314628 0.9963875 0.6314628 0.9621092 0.5549059 0.9621092 0.6314628 0.8492162 0.6314628 0.8837476 0.5549059 0.8837476 0.6314628 0.8837476 0.6314628 0.9354271 0.5549059 0.9354271 0.6314628 0.9354271 0.6314628 0.9963875 0.5549059 0.9963875 0.555452 0.933632 0.6320089 0.933632 0.6320089 0.9945924 0.555452 0.8819522 0.6320089 0.8819522 0.6320089 0.933632 0.555452 0.8819522 0.555452 0.8474208 0.6320089 0.8474208 0.6314628 0.9621092 0.6314628 0.9963875 0.5549059 0.9963878 0.5945057 0.9436205 0.5945057 0.9457311 0.5945057 0.9457311 0.6186151 0.8683413 0.6114309 0.8831409 0.6166193 0.899137 0.5703963 0.9676701 0.5775805 0.9528707 0.5723918 0.9368745 0.6075536 0.853116 0.6036655 0.8724525 0.6114309 0.8831409 0.5853458 0.963559 0.5775805 0.9528707 0.5703963 0.9676701 0.5945057 0.8477696 0.5945057 0.8686992 0.6036655 0.8724525 0.6036655 0.963559 0.5945057 0.9673123 0.5945057 0.9882419 0.5945057 0.9673123 0.5853458 0.963559 0.5814578 0.9828955 0.5814578 0.853116 0.5853458 0.8724525 0.5945057 0.8686992 0.6114309 0.9528707 0.6036655 0.963559 0.6075536 0.9828955 0.5703963 0.8683413 0.5775805 0.8831409 0.5853458 0.8724525 0.6166193 0.9368745 0.6114309 0.9528707 0.6186151 0.9676701 0.563005 0.8911275 0.5723918 0.899137 0.5775805 0.8831409 0.6184412 0.9180058 0.6166193 0.9368745 0.626006 0.9448841 0.5705699 0.9180058 0.5723918 0.899137 0.563005 0.8911275 0.626006 0.8911275 0.6166193 0.899137 0.6184412 0.9180058 0.563005 0.9448841 0.5723918 0.9368745 0.5705699 0.9180058 0.5922367 0.8301048 0.6066973 0.8257191 0.6189563 0.8132298 0.6189563 0.8132298 0.6271476 0.7945383 0.630024 0.7724902 0.630024 0.7724902 0.6271476 0.7504421 0.5922367 0.7148756 0.6271476 0.7504421 0.6189563 0.7317506 0.5922367 0.7148756 0.6189563 0.7317506 0.6066973 0.7192613 0.5922367 0.7148756 0.5922367 0.7148756 0.5777761 0.7192613 0.5655171 0.7317506 0.5655171 0.7317506 0.5573258 0.7504421 0.5922367 0.7148756 0.5573258 0.7504421 0.5544494 0.7724902 0.5922367 0.7148756 0.5544494 0.7724902 0.5573258 0.7945383 0.5655171 0.8132298 0.5655171 0.8132298 0.5777761 0.8257191 0.5922367 0.8301048 0.5922367 0.8301048 0.6189563 0.8132298 0.5922367 0.7148756 0.6189563 0.8132298 0.630024 0.7724902 0.5922367 0.7148756 0.5544494 0.7724902 0.5655171 0.8132298 0.5922367 0.7148756 0.5945057 0.8923909 0.5945057 0.8902804 0.5945057 0.8902804 0.5945057 0.9376105 0.5945057 0.9436205 0.5945057 0.9436205 0.5945057 0.898401 0.5945057 0.8923909 0.5945057 0.8923909 0.5945057 0.9286157 0.5945057 0.9376105 0.5945057 0.9376105 0.5945057 0.9073957 0.5945057 0.898401 0.5945057 0.898401 0.5945057 0.9180058 0.5945057 0.9286157 0.5945057 0.9286157 0.5945057 0.9286157 0.5945057 0.9180058 0.5945057 0.9180058 0.5945057 0.9180058 0.5945057 0.9073957 0.5945057 0.9073957 0.5945057 0.9073957 0.5945057 0.9180058 0.5945057 0.9180058 0.5945057 0.9376105 0.5945057 0.9286157 0.5945057 0.9286157 0.5945057 0.898401 0.5945057 0.9073957 0.5945057 0.9073957 0.5945057 0.9436205 0.5945057 0.9376105 0.5945057 0.9376105 0.5945057 0.8923909 0.5945057 0.898401 0.5945057 0.898401 0.5945057 0.9457311 0.5945057 0.9436205 0.5945057 0.9436205 0.5945057 0.8902804 0.5945057 0.8923909 0.5945057 0.8923909 0.6066973 0.8257191 0.5922367 0.8301048 0.5777761 0.8257191 0.5777761 0.8257191 0.5655171 0.8132298 0.6066973 0.8257191 0.5655171 0.8132298 0.5573258 0.7945383 0.6066973 0.8257191 0.5573258 0.7945383 0.5544494 0.7724902 0.5573258 0.7504421 0.5573258 0.7504421 0.5655171 0.7317506 0.5573258 0.7945383 0.5655171 0.7317506 0.5777761 0.7192613 0.5573258 0.7945383 0.5777761 0.7192613 0.5922367 0.7148756 0.6066973 0.7192613 0.6066973 0.7192613 0.6189563 0.7317506 0.5777761 0.7192613 0.6189563 0.7317506 0.6271476 0.7504421 0.5777761 0.7192613 0.6271476 0.7504421 0.630024 0.7724902 0.6271476 0.7945383 0.6271476 0.7945383 0.6189563 0.8132298 0.6271476 0.7504421 0.6189563 0.8132298 0.6066973 0.8257191 0.6271476 0.7504421 0.6066973 0.8257191 0.5573258 0.7945383 0.6271476 0.7504421 0.6320089 0.9945921 0.6320089 0.960314 0.555452 0.960314 0.6320089 0.8474208 0.6320089 0.8819522 0.555452 0.8819522 0.6320089 0.8819522 0.6320089 0.933632 0.555452 0.933632 0.6320089 0.933632 0.6320089 0.9945924 0.555452 0.9945924 0.5549059 0.9963875 0.5549059 0.9354271 0.6314628 0.9354271 0.5549059 0.9354271 0.5549059 0.8837476 0.6314628 0.8837476 0.5549059 0.8837476 0.5549059 0.8492162 0.6314628 0.8492162 0.6320089 0.960314 0.6320089 0.9945924 0.555452 0.9945924 0.6314628 0.9963875 0.5549059 0.9963875 0.5549059 0.9621092 0.6314628 0.8492162 0.5549059 0.8492162 0.5549059 0.8837476 0.6314628 0.8837476 0.5549059 0.8837476 0.5549059 0.9354271 0.6314628 0.9354271 0.5549059 0.9354271 0.5549059 0.9963875 0.6320089 0.9945924 0.6320089 0.933632 0.555452 0.933632 0.6320089 0.933632 0.6320089 0.8819522 0.555452 0.8819522 0.555452 0.8819522 0.6320089 0.8819522 0.6320089 0.8474208 0.6314628 0.9621092 0.5549059 0.9621092 0.5549059 0.9963878 0.5945057 0.9457311 0.5945057 0.9457311 0.5945057 0.9436205 0.6186151 0.8683413 0.626006 0.8911275 0.6166193 0.899137 0.563005 0.9448841 0.5723918 0.9368745 0.5775805 0.9528707 0.6186151 0.8683413 0.6114309 0.8831409 0.6036655 0.8724525 0.5703963 0.9676701 0.5775805 0.9528707 0.5853458 0.963559 0.6075536 0.853116 0.6036655 0.8724525 0.5945057 0.8686992 0.6075536 0.9828955 0.5945057 0.9882419 0.5945057 0.9673123 0.5945057 0.9882419 0.5814578 0.9828955 0.5853458 0.963559 0.5814578 0.853116 0.5945057 0.8477696 0.5945057 0.8686992 0.6186151 0.9676701 0.6075536 0.9828955 0.6036655 0.963559 0.5703963 0.8683413 0.5814578 0.853116 0.5853458 0.8724525 0.6186151 0.9676701 0.6114309 0.9528707 0.6166193 0.9368745 0.563005 0.8911275 0.5703963 0.8683413 0.5775805 0.8831409 0.626006 0.9448841 0.6166193 0.9368745 0.6184412 0.9180058 0.563005 0.8911275 0.5723918 0.899137 0.5705699 0.9180058 0.626006 0.8911275 0.6286017 0.9180058 0.6184412 0.9180058 0.563005 0.9448841 0.5604096 0.9180058 0.5705699 0.9180058 0.6189563 0.8132298 0.6066973 0.8257191 0.5922367 0.8301048 0.5922367 0.8301048 0.5777761 0.8257191 0.6189563 0.8132298 0.5777761 0.8257191 0.5655171 0.8132298 0.6189563 0.8132298 0.5655171 0.8132298 0.5573258 0.7945383 0.5655171 0.7317506 0.5573258 0.7945383 0.5544494 0.7724902 0.5655171 0.7317506 0.5544494 0.7724902 0.5573258 0.7504421 0.5655171 0.7317506 0.5655171 0.7317506 0.5777761 0.7192613 0.6189563 0.7317506 0.5777761 0.7192613 0.5922367 0.7148756 0.6189563 0.7317506 0.5922367 0.7148756 0.6066973 0.7192613 0.6189563 0.7317506 0.6189563 0.7317506 0.6271476 0.7504421 0.6189563 0.8132298 0.6271476 0.7504421 0.630024 0.7724902 0.6189563 0.8132298 0.630024 0.7724902 0.6271476 0.7945383 0.6189563 0.8132298 0.6189563 0.8132298 0.5655171 0.8132298 0.5655171 0.7317506 0.5945057 0.8902804 0.5945057 0.8902804 0.5945057 0.8923909 0.5945057 0.9436205 0.5945057 0.9436205 0.5945057 0.9376105 0.5945057 0.8923909 0.5945057 0.8923909 0.5945057 0.898401 0.5945057 0.9376105 0.5945057 0.9376105 0.5945057 0.9286157 0.5945057 0.898401 0.5945057 0.898401 0.5945057 0.9073957 0.5945057 0.9286157 0.5945057 0.9286157 0.5945057 0.9180058 0.5945057 0.9180058 0.5945057 0.9180058 0.5945057 0.9286157 0.5945057 0.9073957 0.5945057 0.9073957 0.5945057 0.9180058 0.5945057 0.9180058 0.5945057 0.9180058 0.5945057 0.9073957 0.5945057 0.9286157 0.5945057 0.9286157 0.5945057 0.9376105 0.5945057 0.9073957 0.5945057 0.9073957 0.5945057 0.898401 0.5945057 0.9376105 0.5945057 0.9376105 0.5945057 0.9436205 0.5945057 0.898401 0.5945057 0.898401 0.5945057 0.8923909 0.5945057 0.9436205 0.5945057 0.9436205 0.5945057 0.9457311 0.5945057 0.8923909 0.5945057 0.8923909 0.5945057 0.8902804 0.5777761 0.8257191 0.5922367 0.8301048 0.6271476 0.7945383 0.5922367 0.8301048 0.6066973 0.8257191 0.6271476 0.7945383 0.6066973 0.8257191 0.6189563 0.8132298 0.6271476 0.7945383 0.6271476 0.7945383 0.630024 0.7724902 0.6271476 0.7504421 0.6271476 0.7504421 0.6189563 0.7317506 0.6271476 0.7945383 0.6189563 0.7317506 0.6066973 0.7192613 0.6271476 0.7945383 0.6066973 0.7192613 0.5922367 0.7148756 0.5777761 0.7192613 0.5777761 0.7192613 0.5655171 0.7317506 0.6066973 0.7192613 0.5655171 0.7317506 0.5573258 0.7504421 0.6066973 0.7192613 0.5573258 0.7504421 0.5544494 0.7724902 0.5573258 0.7945383 0.5573258 0.7945383 0.5655171 0.8132298 0.5573258 0.7504421 0.5655171 0.8132298 0.5777761 0.8257191 0.5573258 0.7504421 0.5777761 0.8257191 0.6271476 0.7945383 0.5573258 0.7504421 0.555452 0.960314 0.6320089 0.960314 0.6320089 0.9945921 0.555452 0.8819522 0.6320089 0.8819522 0.6320089 0.8474208 0.555452 0.933632 0.6320089 0.933632 0.6320089 0.8819522 0.555452 0.9945924 0.6320089 0.9945924 0.6320089 0.933632 0.6314628 0.9354271 0.5549059 0.9354271 0.5549059 0.9963875 0.6314628 0.8837476 0.5549059 0.8837476 0.5549059 0.9354271 0.6314628 0.8492162 0.5549059 0.8492162 0.5549059 0.8837476 0.555452 0.9945924 0.6320089 0.9945924 0.6320089 0.960314 0.6314628 0.9963875 0.6314628 0.9621092 0.5549059 0.9621092 0.6314628 0.8492162 0.6314628 0.8837476 0.5549059 0.8837476 0.6314628 0.8837476 0.6314628 0.9354271 0.5549059 0.9354271 0.6314628 0.9354271 0.6314628 0.9963875 0.5549059 0.9963875 0.555452 0.933632 0.6320089 0.933632 0.6320089 0.9945924 0.555452 0.8819522 0.6320089 0.8819522 0.6320089 0.933632 0.555452 0.8819522 0.555452 0.8474208 0.6320089 0.8474208 0.6314628 0.9621092 0.6314628 0.9963875 0.5549059 0.9963878 0.5945057 0.9436205 0.5945057 0.9457311 0.5945057 0.9457311 0.6186151 0.8683413 0.6114309 0.8831409 0.6166193 0.899137 0.5775805 0.9528707 0.5723918 0.9368745 0.563005 0.9448841 0.6036655 0.8724525 0.6114309 0.8831409 0.6186151 0.8683413 0.5853458 0.963559 0.5775805 0.9528707 0.5703963 0.9676701 0.5945057 0.8686992 0.6036655 0.8724525 0.6075536 0.853116 0.6075536 0.9828955 0.6036655 0.963559 0.5945057 0.9673123 0.5945057 0.9882419 0.5945057 0.9673123 0.5853458 0.963559 0.5814578 0.853116 0.5853458 0.8724525 0.5945057 0.8686992 0.6186151 0.9676701 0.6114309 0.9528707 0.6036655 0.963559 0.5703963 0.8683413 0.5775805 0.8831409 0.5853458 0.8724525 0.6166193 0.9368745 0.6114309 0.9528707 0.6186151 0.9676701 0.563005 0.8911275 0.5723918 0.899137 0.5775805 0.8831409 0.6184412 0.9180058 0.6166193 0.9368745 0.626006 0.9448841 0.5705699 0.9180058 0.5723918 0.899137 0.563005 0.8911275 0.626006 0.8911275 0.6166193 0.899137 0.6184412 0.9180058 0.563005 0.9448841 0.5723918 0.9368745 0.5705699 0.9180058 0.5922367 0.8301048 0.6066973 0.8257191 0.6189563 0.8132298 0.6189563 0.8132298 0.6271476 0.7945383 0.630024 0.7724902 0.630024 0.7724902 0.6271476 0.7504421 0.6189563 0.7317506 0.6189563 0.7317506 0.6066973 0.7192613 0.5922367 0.7148756 0.5922367 0.7148756 0.5777761 0.7192613 0.5655171 0.7317506 0.5655171 0.7317506 0.5573258 0.7504421 0.5922367 0.7148756 0.5573258 0.7504421 0.5544494 0.7724902 0.5922367 0.7148756 0.5544494 0.7724902 0.5573258 0.7945383 0.5922367 0.8301048 0.5573258 0.7945383 0.5655171 0.8132298 0.5922367 0.8301048 0.5655171 0.8132298 0.5777761 0.8257191 0.5922367 0.8301048 0.5922367 0.8301048 0.6189563 0.8132298 0.630024 0.7724902 0.630024 0.7724902 0.6189563 0.7317506 0.5922367 0.8301048 0.6189563 0.7317506 0.5922367 0.7148756 0.5922367 0.8301048 0.5945057 0.8923909 0.5945057 0.8902804 0.5945057 0.8902804 0.5945057 0.9376105 0.5945057 0.9436205 0.5945057 0.9436205 0.5945057 0.898401 0.5945057 0.8923909 0.5945057 0.8923909 0.5945057 0.9286157 0.5945057 0.9376105 0.5945057 0.9376105 0.5945057 0.9073957 0.5945057 0.898401 0.5945057 0.898401 0.5945057 0.9180058 0.5945057 0.9286157 0.5945057 0.9286157 0.5945057 0.9286157 0.5945057 0.9180058 0.5945057 0.9180058 0.5945057 0.9180058 0.5945057 0.9073957 0.5945057 0.9073957 0.5945057 0.9073957 0.5945057 0.9180058 0.5945057 0.9180058 0.5945057 0.9376105 0.5945057 0.9286157 0.5945057 0.9286157 0.5945057 0.898401 0.5945057 0.9073957 0.5945057 0.9073957 0.5945057 0.9436205 0.5945057 0.9376105 0.5945057 0.9376105 0.5945057 0.8923909 0.5945057 0.898401 0.5945057 0.898401 0.5945057 0.9457311 0.5945057 0.9436205 0.5945057 0.9436205 0.5945057 0.8902804 0.5945057 0.8923909 0.5945057 0.8923909 0.6066973 0.8257191 0.5922367 0.8301048 0.5777761 0.8257191 0.5777761 0.8257191 0.5655171 0.8132298 0.6066973 0.8257191 0.5655171 0.8132298 0.5573258 0.7945383 0.6066973 0.8257191 0.5573258 0.7945383 0.5544494 0.7724902 0.5573258 0.7504421 0.5573258 0.7504421 0.5655171 0.7317506 0.5573258 0.7945383 0.5655171 0.7317506 0.5777761 0.7192613 0.5573258 0.7945383 0.5777761 0.7192613 0.5922367 0.7148756 0.6066973 0.7192613 0.6066973 0.7192613 0.6189563 0.7317506 0.5777761 0.7192613 0.6189563 0.7317506 0.6271476 0.7504421 0.5777761 0.7192613 0.6271476 0.7504421 0.630024 0.7724902 0.6271476 0.7945383 0.6271476 0.7945383 0.6189563 0.8132298 0.6271476 0.7504421 0.6189563 0.8132298 0.6066973 0.8257191 0.6271476 0.7504421 0.6066973 0.8257191 0.5573258 0.7945383 0.6271476 0.7504421 0.542976 0.700769 0.4273563 0.700769 0.4273563 0.8111858 0.542976 0.8551405 0.542976 0.6714612 0.4273563 0.6714612 0.4392463 0.700769 0.5310859 0.700769 0.5310859 0.8111858 0.4273563 0.700769 0.542976 0.700769 0.542976 0.8111858 0.4346797 0.6861081 0.5356526 0.6861081 0.5356525 0.8404935 0.4346797 0.6861081 0.4346797 0.8404935 0.4273563 0.8551405 0.5356526 0.6861081 0.542976 0.6714612 0.542976 0.8551405 0.542976 0.8551405 0.4273563 0.8551405 0.4346797 0.8404935 0.4273563 0.6714612 0.542976 0.6714612 0.5356526 0.6861081 0.3836745 0.5005119 0.2918348 0.5005119 0.2918348 0.6109287 0.6404528 0.1577948 0.6404528 0.1534472 0.6421146 0.1534472 0.6421146 0.1534472 0.6404528 0.1534472 0.6404528 0.1577948 0.7258566 0.1572828 0.5567107 0.1572828 0.5567107 0.1539591 0.7258566 0.1534472 0.5567107 0.1534472 0.5567107 0.1577948 0.7258566 0.1539591 0.5567107 0.1539591 0.5567107 0.1572828 0.7258566 0.1577948 0.5567107 0.1577948 0.5567107 0.1534472 0.60708 0.2134317 0.5989584 0.2134317 0.5989584 0.2346789 0.5989584 0.2346789 0.5989584 0.2134317 0.60708 0.2134317 0.5989584 0.2134317 0.5989584 0.2134317 0.5989584 0.2346789 0.60708 0.2134317 0.60708 0.2134317 0.5989584 0.2134317 0.6070803 0.2346789 0.6070803 0.2346789 0.60708 0.2134317 0.5989584 0.2346789 0.5989584 0.2346789 0.6070803 0.2346789 0.5989584 0.2346789 0.5989584 0.2346789 0.6070803 0.2346789 0.6070803 0.2346789 0.6070803 0.2346789 0.60708 0.2134317 0.60708 0.2134317 0.60708 0.2134317 0.5989584 0.2134317 0.5989584 0.2134317 0.5989584 0.2134317 0.5989584 0.2346789 0.6404528 0.1577948 0.6404528 0.1534472 0.6421146 0.1534472 0.6421146 0.1534472 0.6404528 0.1534472 0.6404528 0.1577948 0.7258566 0.1572828 0.5567107 0.1572828 0.5567107 0.1539591 0.7258566 0.1534472 0.5567107 0.1534472 0.5567107 0.1577948 0.7258566 0.1539591 0.5567107 0.1539591 0.5567107 0.1572828 0.7258566 0.1577948 0.5567107 0.1577948 0.5567107 0.1534472 0.6404528 0.1577948 0.6404528 0.1534472 0.6421146 0.1534472 0.6421146 0.1534472 0.6404528 0.1534472 0.6404528 0.1577948 0.7258566 0.1572828 0.5567107 0.1572828 0.5567107 0.1539591 0.7258566 0.1534472 0.5567107 0.1534472 0.5567107 0.1577948 0.7258566 0.1539591 0.5567107 0.1539591 0.5567107 0.1572828 0.7258566 0.1577948 0.5567107 0.1577948 0.5567107 0.1534472 0.1353641 0.09714621 0.1027984 0.09714621 0.1027984 0.103468 0.1972064 0.09714621 0.1679298 0.09714621 0.1679298 0.103468 0.2229723 0.09714621 0.1588212 0.09714621 0.1588212 0.103468 0.1353641 0.09714621 0.1679298 0.09714621 0.1679298 0.103468 0.1588212 0.09714621 0.09467017 0.09714621 0.09467017 0.103468 0.1679298 0.09714621 0.1353641 0.09714621 0.1353641 0.103468 0.1027984 0.09714621 0.1353641 0.09714621 0.1353641 0.103468 0.1679298 0.09714621 0.1972064 0.09714621 0.1972064 0.103468 0.1027984 0.103468 0.1027984 0.09714621 0.1353641 0.09714621 0.1679298 0.103468 0.1679298 0.09714621 0.1955901 0.09714621 0.1588212 0.103468 0.1588212 0.09714621 0.221356 0.09714621 0.1679298 0.103468 0.1679298 0.09714621 0.1353641 0.09714621 0.09628641 0.103468 0.09628641 0.09714621 0.1588212 0.09714621 0.1353641 0.103468 0.1353641 0.09714621 0.1679298 0.09714621 0.1353641 0.103468 0.1353641 0.09714621 0.1027984 0.09714621 0.1955901 0.103468 0.1955901 0.09714621 0.1679298 0.09714621 0.221356 0.03241276 0.221356 0.09754413 0.2229723 0.09754413 0.1588212 0.1770774 0.1588212 0.173845 0.221356 0.173845 0.09467017 0.1185244 0.09628641 0.1185244 0.09628641 0.173845 0.221356 0.173845 0.1588212 0.173845 0.1588212 0.1770774 0.09628641 0.173845 0.09628641 0.1185244 0.09467017 0.1185244 0.09628641 0.09754413 0.09628641 0.1626755 0.09467017 0.1626755 0.1367583 0.05446678 0.1367583 0.06078857 0.135142 0.06078857 0.09628641 0.1626755 0.09628641 0.09754413 0.09467017 0.09754413 0.221356 0.103468 0.221356 0.09714621 0.2229723 0.09714621 0.09628641 0.03241276 0.09628641 0.09754413 0.09467017 0.09754413 0.09628641 0.09754413 0.09628641 0.03241276 0.09467017 0.03241276 0.09628641 0.173845 0.1588212 0.173845 0.1588212 0.1770774 0.1588212 0.1770774 0.1588212 0.173845 0.09628641 0.173845 0.221356 0.173845 0.221356 0.1185244 0.2229723 0.1185244 0.2229723 0.1185244 0.221356 0.1185244 0.221356 0.173845 0.221356 0.1626755 0.221356 0.09754413 0.2229723 0.09754413 0.221356 0.09754413 0.221356 0.1626755 0.2229723 0.1626755 0.221356 0.09754413 0.221356 0.03241276 0.2229723 0.03241276 0.3894574 0.2174296 0.5241038 0.2174296 0.5241038 0.2452473 0.5241038 0.2452473 0.5241038 0.2174296 0.3894574 0.2174296 0.4637349 0.2174296 0.4637349 0.2452473 0.4498261 0.2452473 0.5241038 0.2174296 0.3894574 0.2174296 0.3894574 0.2452473 0.4637349 0.2452473 0.4637349 0.2174296 0.4498261 0.2174296 0.3894574 0.2174296 0.5241038 0.2174296 0.5241038 0.2452474 0.3894574 0.2174296 0.5241038 0.2174296 0.5241038 0.2452473 0.5241038 0.2452473 0.5241038 0.2174296 0.3894574 0.2174296 0.4637349 0.2174296 0.4637349 0.2452473 0.4498261 0.2452473 0.5241038 0.2174296 0.3894574 0.2174296 0.3894574 0.2452473 0.4637349 0.2452473 0.4637349 0.2174296 0.4498261 0.2174296 0.3894574 0.2174296 0.5241038 0.2174296 0.5241038 0.2452474 0.3894574 0.2174296 0.5241038 0.2174296 0.5241038 0.2452473 0.5241038 0.2452473 0.5241038 0.2174296 0.3894574 0.2174296 0.4637349 0.2174296 0.4637349 0.2452473 0.4498261 0.2452473 0.5241038 0.2174296 0.3894574 0.2174296 0.3894574 0.2452473 0.4637349 0.2452473 0.4637349 0.2174296 0.4498261 0.2174296 0.3894574 0.2174296 0.5241038 0.2174296 0.5241038 0.2452474 0.3894574 0.2174296 0.5241038 0.2174296 0.5241038 0.2452473 0.5241038 0.2452473 0.5241038 0.2174296 0.3894574 0.2174296 0.4637349 0.2174296 0.4637349 0.2452473 0.4498261 0.2452473 0.5241038 0.2174296 0.3894574 0.2174296 0.3894574 0.2452473 0.4637349 0.2452473 0.4637349 0.2174296 0.4498261 0.2174296 0.3894574 0.2174296 0.5241038 0.2174296 0.5241038 0.2452474 0.3894574 0.2174296 0.5241038 0.2174296 0.5241038 0.2452473 0.5241038 0.2452473 0.5241038 0.2174296 0.3894574 0.2174296 0.4637349 0.2174296 0.4637349 0.2452473 0.4498261 0.2452473 0.5241038 0.2174296 0.3894574 0.2174296 0.3894574 0.2452473 0.4637349 0.2452473 0.4637349 0.2174296 0.4498261 0.2174296 0.3894574 0.2174296 0.5241038 0.2174296 0.5241038 0.2452474 0.3894574 0.2174296 0.5241038 0.2174296 0.5241038 0.2452473 0.5241038 0.2452473 0.5241038 0.2174296 0.3894574 0.2174296 0.4637349 0.2174296 0.4637349 0.2452473 0.4498261 0.2452473 0.5241038 0.2174296 0.3894574 0.2174296 0.3894574 0.2452473 0.4637349 0.2452473 0.4637349 0.2174296 0.4498261 0.2174296 0.3894574 0.2174296 0.5241038 0.2174296 0.5241038 0.2452474 0.3894574 0.2174296 0.5241038 0.2174296 0.5241038 0.2452473 0.5241038 0.2452473 0.5241038 0.2174296 0.3894574 0.2174296 0.4637349 0.2174296 0.4637349 0.2452473 0.4498261 0.2452473 0.5241038 0.2174296 0.3894574 0.2174296 0.3894574 0.2452473 0.4637349 0.2452473 0.4637349 0.2174296 0.4498261 0.2174296 0.3894574 0.2174296 0.5241038 0.2174296 0.5241038 0.2452474 0.5241038 0.2452473 0.5241038 0.2174296 0.3894574 0.2174296 0.3894574 0.2174296 0.5241038 0.2174296 0.5241038 0.2452473 0.4498261 0.2452473 0.4637349 0.2452473 0.4637349 0.2174296 0.3894574 0.2452473 0.3894574 0.2174296 0.5241038 0.2174296 0.4498261 0.2174296 0.4637349 0.2174296 0.4637349 0.2452473 0.5241038 0.2452474 0.5241038 0.2174296 0.3894574 0.2174296 0.5241038 0.2452473 0.5241038 0.2174296 0.3894574 0.2174296 0.3894574 0.2174296 0.5241038 0.2174296 0.5241038 0.2452473 0.4498261 0.2452473 0.4637349 0.2452473 0.4637349 0.2174296 0.3894574 0.2452473 0.3894574 0.2174296 0.5241038 0.2174296 0.4498261 0.2174296 0.4637349 0.2174296 0.4637349 0.2452473 0.5241038 0.2452474 0.5241038 0.2174296 0.3894574 0.2174296 0.5241038 0.2452473 0.5241038 0.2174296 0.3894574 0.2174296 0.3894574 0.2174296 0.5241038 0.2174296 0.5241038 0.2452473 0.4498261 0.2452473 0.4637349 0.2452473 0.4637349 0.2174296 0.3894574 0.2452473 0.3894574 0.2174296 0.5241038 0.2174296 0.4498261 0.2174296 0.4637349 0.2174296 0.4637349 0.2452473 0.5241038 0.2452474 0.5241038 0.2174296 0.3894574 0.2174296 0.5241038 0.2452473 0.5241038 0.2174296 0.3894574 0.2174296 0.3894574 0.2174296 0.5241038 0.2174296 0.5241038 0.2452473 0.4498261 0.2452473 0.4637349 0.2452473 0.4637349 0.2174296 0.3894574 0.2452473 0.3894574 0.2174296 0.5241038 0.2174296 0.4498261 0.2174296 0.4637349 0.2174296 0.4637349 0.2452473 0.5241038 0.2452474 0.5241038 0.2174296 0.3894574 0.2174296 0.5241038 0.2452473 0.5241038 0.2174296 0.3894574 0.2174296 0.3894574 0.2174296 0.5241038 0.2174296 0.5241038 0.2452473 0.4498261 0.2452473 0.4637349 0.2452473 0.4637349 0.2174296 0.3894574 0.2452473 0.3894574 0.2174296 0.5241038 0.2174296 0.4498261 0.2174296 0.4637349 0.2174296 0.4637349 0.2452473 0.5241038 0.2452474 0.5241038 0.2174296 0.3894574 0.2174296 0.5241038 0.2452473 0.5241038 0.2174296 0.3894574 0.2174296 0.3894574 0.2174296 0.5241038 0.2174296 0.5241038 0.2452473 0.4498261 0.2452473 0.4637349 0.2452473 0.4637349 0.2174296 0.3894574 0.2452473 0.3894574 0.2174296 0.5241038 0.2174296 0.4498261 0.2174296 0.4637349 0.2174296 0.4637349 0.2452473 0.5241038 0.2452474 0.5241038 0.2174296 0.3894574 0.2174296 0.5241038 0.2452473 0.5241038 0.2174296 0.3894574 0.2174296 0.3894574 0.2174296 0.5241038 0.2174296 0.5241038 0.2452473 0.4498261 0.2452473 0.4637349 0.2452473 0.4637349 0.2174296 0.3894574 0.2452473 0.3894574 0.2174296 0.5241038 0.2174296 0.4498261 0.2174296 0.4637349 0.2174296 0.4637349 0.2452473 0.5241038 0.2452474 0.5241038 0.2174296 0.3894574 0.2174296 0.6404528 0.1577948 0.6404528 0.1534472 0.6421146 0.1534472 0.6421146 0.1534472 0.6404528 0.1534472 0.6404528 0.1577948 0.7258566 0.1572828 0.5567107 0.1572828 0.5567107 0.1539591 0.7258566 0.1534472 0.5567107 0.1534472 0.5567107 0.1577948 0.7258566 0.1539591 0.5567107 0.1539591 0.5567107 0.1572828 0.7258566 0.1577948 0.5567107 0.1577948 0.5567107 0.1534472 0.6404528 0.1577948 0.6404528 0.1534472 0.6421146 0.1534472 0.6421146 0.1534472 0.6404528 0.1534472 0.6404528 0.1577948 0.7258566 0.1572828 0.5567107 0.1572828 0.5567107 0.1539591 0.7258566 0.1534472 0.5567107 0.1534472 0.5567107 0.1577948 0.7258566 0.1539591 0.5567107 0.1539591 0.5567107 0.1572828 0.7258566 0.1577948 0.5567107 0.1577948 0.5567107 0.1534472 0.8973323 0.6871554 0.9390822 0.6871554 0.9390822 0.7043543 0.8948546 0.707216 0.8948546 0.5910627 0.9455579 0.5910627 0.9455579 0.5910627 0.8948546 0.5910627 0.8948546 0.5910627 0.9848141 0.6929548 0.9848141 0.5994732 0.9934135 0.5994732 0.9447489 0.592718 0.8956636 0.592718 0.8956635 0.7055607 0.9455579 0.5910627 0.9447489 0.592718 0.9447489 0.7055607 0.8948546 0.707216 0.9455579 0.707216 0.9447489 0.7055607 0.9455579 0.5910627 0.8948546 0.5910627 0.8956636 0.592718 0.8948546 0.5910627 0.8948546 0.707216 0.8956635 0.7055607 0.9848141 0.5994732 0.9848141 0.6929548 0.9934135 0.6929548 0.5777761 0.8257191 0.5922367 0.8301048 0.6271476 0.7945383 0.5922367 0.8301048 0.6066973 0.8257191 0.6271476 0.7945383 0.6066973 0.8257191 0.6189563 0.8132298 0.6271476 0.7945383 0.6271476 0.7945383 0.630024 0.7724902 0.6271476 0.7504421 0.6271476 0.7504421 0.6189563 0.7317506 0.6271476 0.7945383 0.6189563 0.7317506 0.6066973 0.7192613 0.6271476 0.7945383 0.6066973 0.7192613 0.5922367 0.7148756 0.5573258 0.7504421 0.5922367 0.7148756 0.5777761 0.7192613 0.5573258 0.7504421 0.5777761 0.7192613 0.5655171 0.7317506 0.5573258 0.7504421 0.5573258 0.7504421 0.5544494 0.7724902 0.5573258 0.7945383 0.5573258 0.7945383 0.5655171 0.8132298 0.5777761 0.8257191 0.5573258 0.7504421 0.5573258 0.7945383 0.5777761 0.8257191 0.5777761 0.8257191 0.6271476 0.7945383 0.5573258 0.7504421 0.5655171 0.8132298 0.5655171 0.8132298 0.5777761 0.8257191 0.5922367 0.8301048 0.5922367 0.8301048 0.6066973 0.8257191 0.5777761 0.8257191 0.5777761 0.8257191 0.5922367 0.8301048 0.5922367 0.7148756 0.5922367 0.7148756 0.5777761 0.7192613 0.6066973 0.8257191 0.6066973 0.8257191 0.6189563 0.8132298 0.5655171 0.7317506 0.5777761 0.7192613 0.5777761 0.7192613 0.6271476 0.7945383 0.6189563 0.8132298 0.6189563 0.8132298 0.5655171 0.7317506 0.5655171 0.7317506 0.5573258 0.7504421 0.6271476 0.7945383 0.6271476 0.7945383 0.630024 0.7724902 0.5573258 0.7504421 0.5573258 0.7504421 0.5544494 0.7724902 0.6271476 0.7504421 0.630024 0.7724902 0.630024 0.7724902 0.5573258 0.7945383 0.5544494 0.7724902 0.5544494 0.7724902 0.6271476 0.7504421 0.6271476 0.7504421 0.6189563 0.7317506 0.5573258 0.7945383 0.5573258 0.7945383 0.5655171 0.8132298 0.6189563 0.7317506 0.6189563 0.7317506 0.6066973 0.7192613 0.5655171 0.8132298 0.5655171 0.8132298 0.5777761 0.8257191 0.5922367 0.7148756 0.6066973 0.7192613 0.6066973 0.7192613 0.6066973 0.7192613 0.6066973 0.7192613 0.5922367 0.7148756 0.5922367 0.8301048 0.5922367 0.8301048 0.6066973 0.8257191 0.5777761 0.8257191 0.5777761 0.8257191 0.5922367 0.8301048 0.5922367 0.7148756 0.5922367 0.7148756 0.5777761 0.7192613 0.6066973 0.8257191 0.6066973 0.8257191 0.6189563 0.8132298 0.5777761 0.7192613 0.5777761 0.7192613 0.5655171 0.7317506 0.6189563 0.8132298 0.6189563 0.8132298 0.6271476 0.7945383 0.5655171 0.7317506 0.5655171 0.7317506 0.5573258 0.7504421 0.6271476 0.7945383 0.6271476 0.7945383 0.630024 0.7724902 0.5573258 0.7504421 0.5573258 0.7504421 0.5544494 0.7724902 0.630024 0.7724902 0.630024 0.7724902 0.6271476 0.7504421 0.5544494 0.7724902 0.5544494 0.7724902 0.5573258 0.7945383 0.6271476 0.7504421 0.6271476 0.7504421 0.6189563 0.7317506 0.5573258 0.7945383 0.5573258 0.7945383 0.5655171 0.8132298 0.6189563 0.7317506 0.6189563 0.7317506 0.6066973 0.7192613 0.5777761 0.8257191 0.5922367 0.8301048 0.6066973 0.8257191 0.6066973 0.8257191 0.6189563 0.8132298 0.5777761 0.8257191 0.6189563 0.8132298 0.6271476 0.7945383 0.5777761 0.8257191 0.6271476 0.7945383 0.630024 0.7724902 0.6271476 0.7504421 0.6271476 0.7504421 0.6189563 0.7317506 0.6271476 0.7945383 0.6189563 0.7317506 0.6066973 0.7192613 0.6271476 0.7945383 0.6066973 0.7192613 0.5922367 0.7148756 0.5777761 0.7192613 0.5777761 0.7192613 0.5655171 0.7317506 0.5573258 0.7504421 0.5573258 0.7504421 0.5544494 0.7724902 0.5777761 0.8257191 0.5544494 0.7724902 0.5573258 0.7945383 0.5777761 0.8257191 0.5573258 0.7945383 0.5655171 0.8132298 0.5777761 0.8257191 0.6066973 0.7192613 0.5777761 0.7192613 0.5777761 0.8257191 0.5777761 0.7192613 0.5573258 0.7504421 0.5777761 0.8257191 0.5655171 0.8132298 0.5655171 0.8132298 0.5777761 0.8257191 0.5922367 0.8301048 0.5922367 0.8301048 0.6066973 0.8257191 0.5777761 0.8257191 0.5777761 0.8257191 0.5922367 0.8301048 0.5777761 0.7192613 0.5922367 0.7148756 0.5922367 0.7148756 0.6189563 0.8132298 0.6066973 0.8257191 0.6066973 0.8257191 0.5655171 0.7317506 0.5777761 0.7192613 0.5777761 0.7192613 0.6189563 0.8132298 0.6189563 0.8132298 0.6271476 0.7945383 0.5655171 0.7317506 0.5655171 0.7317506 0.5573258 0.7504421 0.6271476 0.7945383 0.6271476 0.7945383 0.630024 0.7724902 0.5573258 0.7504421 0.5573258 0.7504421 0.5544494 0.7724902 0.6271476 0.7504421 0.630024 0.7724902 0.630024 0.7724902 0.5573258 0.7945383 0.5544494 0.7724902 0.5544494 0.7724902 0.6189563 0.7317506 0.6271476 0.7504421 0.6271476 0.7504421 0.5655171 0.8132298 0.5573258 0.7945383 0.5573258 0.7945383 0.6189563 0.7317506 0.6189563 0.7317506 0.6066973 0.7192613 0.5655171 0.8132298 0.5655171 0.8132298 0.5777761 0.8257191 0.5922367 0.7148756 0.6066973 0.7192613 0.6066973 0.7192613 0.6066973 0.7192613 0.6066973 0.7192613 0.5922367 0.7148756 0.5922367 0.8301048 0.5922367 0.8301048 0.6066973 0.8257191 0.5777761 0.8257191 0.5777761 0.8257191 0.5922367 0.8301048 0.5922367 0.7148756 0.5922367 0.7148756 0.5777761 0.7192613 0.6066973 0.8257191 0.6066973 0.8257191 0.6189563 0.8132298 0.5777761 0.7192613 0.5777761 0.7192613 0.5655171 0.7317506 0.6189563 0.8132298 0.6189563 0.8132298 0.6271476 0.7945383 0.5655171 0.7317506 0.5655171 0.7317506 0.5573258 0.7504421 0.6271476 0.7945383 0.6271476 0.7945383 0.630024 0.7724902 0.5573258 0.7504421 0.5573258 0.7504421 0.5544494 0.7724902 0.630024 0.7724902 0.630024 0.7724902 0.6271476 0.7504421 0.5544494 0.7724902 0.5544494 0.7724902 0.5573258 0.7945383 0.6271476 0.7504421 0.6271476 0.7504421 0.6189563 0.7317506 0.5573258 0.7945383 0.5573258 0.7945383 0.5655171 0.8132298 0.6189563 0.7317506 0.6189563 0.7317506 0.6066973 0.7192613 0.6066973 0.8257191 0.5922367 0.8301048 0.5573258 0.7945383 0.5922367 0.8301048 0.5777761 0.8257191 0.5573258 0.7945383 0.5777761 0.8257191 0.5655171 0.8132298 0.5573258 0.7945383 0.5573258 0.7945383 0.5544494 0.7724902 0.5573258 0.7504421 0.5573258 0.7504421 0.5655171 0.7317506 0.5777761 0.7192613 0.5777761 0.7192613 0.5922367 0.7148756 0.6271476 0.7504421 0.5922367 0.7148756 0.6066973 0.7192613 0.6271476 0.7504421 0.6066973 0.7192613 0.6189563 0.7317506 0.6271476 0.7504421 0.6271476 0.7504421 0.630024 0.7724902 0.6271476 0.7945383 0.6271476 0.7945383 0.6189563 0.8132298 0.6066973 0.8257191 0.5573258 0.7945383 0.5573258 0.7504421 0.5777761 0.7192613 0.6271476 0.7504421 0.6271476 0.7945383 0.6066973 0.8257191 0.6066973 0.8257191 0.5573258 0.7945383 0.6271476 0.7504421 0.5777761 0.8257191 0.5655171 0.8132298 0.5655171 0.8132298 0.6066973 0.8257191 0.5922367 0.8301048 0.5922367 0.8301048 0.5922367 0.8301048 0.5777761 0.8257191 0.5777761 0.8257191 0.5777761 0.7192613 0.5922367 0.7148756 0.5922367 0.7148756 0.6189563 0.8132298 0.6066973 0.8257191 0.6066973 0.8257191 0.5655171 0.7317506 0.5655171 0.7317506 0.5777761 0.7192613 0.6271476 0.7945383 0.6271476 0.7945383 0.6189563 0.8132298 0.5573258 0.7504421 0.5655171 0.7317506 0.5655171 0.7317506 0.630024 0.7724902 0.6271476 0.7945383 0.6271476 0.7945383 0.5544494 0.7724902 0.5573258 0.7504421 0.5573258 0.7504421 0.6271476 0.7504421 0.6271476 0.7504421 0.630024 0.7724902 0.5573258 0.7945383 0.5573258 0.7945383 0.5544494 0.7724902 0.6189563 0.7317506 0.6271476 0.7504421 0.6271476 0.7504421 0.5655171 0.8132298 0.5573258 0.7945383 0.5573258 0.7945383 0.6066973 0.7192613 0.6189563 0.7317506 0.6189563 0.7317506 0.5777761 0.8257191 0.5655171 0.8132298 0.5655171 0.8132298 0.5922367 0.7148756 0.5922367 0.7148756 0.6066973 0.7192613 0.5922367 0.7148756 0.6066973 0.7192613 0.6066973 0.7192613 0.6066973 0.8257191 0.5922367 0.8301048 0.5922367 0.8301048 0.5922367 0.8301048 0.5777761 0.8257191 0.5777761 0.8257191 0.5777761 0.7192613 0.5922367 0.7148756 0.5922367 0.7148756 0.6189563 0.8132298 0.6066973 0.8257191 0.6066973 0.8257191 0.5655171 0.7317506 0.5777761 0.7192613 0.5777761 0.7192613 0.6271476 0.7945383 0.6189563 0.8132298 0.6189563 0.8132298 0.5573258 0.7504421 0.5655171 0.7317506 0.5655171 0.7317506 0.630024 0.7724902 0.6271476 0.7945383 0.6271476 0.7945383 0.5544494 0.7724902 0.5573258 0.7504421 0.5573258 0.7504421 0.6271476 0.7504421 0.630024 0.7724902 0.630024 0.7724902 0.5573258 0.7945383 0.5544494 0.7724902 0.5544494 0.7724902 0.6189563 0.7317506 0.6271476 0.7504421 0.6271476 0.7504421 0.5655171 0.8132298 0.5573258 0.7945383 0.5573258 0.7945383 0.6066973 0.7192613 0.6189563 0.7317506 0.6189563 0.7317506 0.6066973 0.8257191 0.5922367 0.8301048 0.5777761 0.8257191 0.5777761 0.8257191 0.5655171 0.8132298 0.5573258 0.7945383 0.5573258 0.7945383 0.5544494 0.7724902 0.5777761 0.7192613 0.5544494 0.7724902 0.5573258 0.7504421 0.5777761 0.7192613 0.5573258 0.7504421 0.5655171 0.7317506 0.5777761 0.7192613 0.5777761 0.7192613 0.5922367 0.7148756 0.6066973 0.7192613 0.6066973 0.7192613 0.6189563 0.7317506 0.5777761 0.7192613 0.6189563 0.7317506 0.6271476 0.7504421 0.5777761 0.7192613 0.6271476 0.7504421 0.630024 0.7724902 0.6271476 0.7945383 0.6271476 0.7945383 0.6189563 0.8132298 0.6271476 0.7504421 0.6189563 0.8132298 0.6066973 0.8257191 0.6271476 0.7504421 0.6066973 0.8257191 0.5777761 0.8257191 0.5777761 0.7192613 0.5777761 0.8257191 0.5573258 0.7945383 0.5777761 0.7192613 0.5777761 0.8257191 0.5655171 0.8132298 0.5655171 0.8132298 0.6066973 0.8257191 0.5922367 0.8301048 0.5922367 0.8301048 0.5922367 0.8301048 0.5777761 0.8257191 0.5777761 0.8257191 0.5777761 0.7192613 0.5777761 0.7192613 0.5922367 0.7148756 0.6189563 0.8132298 0.6189563 0.8132298 0.6066973 0.8257191 0.5655171 0.7317506 0.5655171 0.7317506 0.5777761 0.7192613 0.6271476 0.7945383 0.6189563 0.8132298 0.6189563 0.8132298 0.5573258 0.7504421 0.5655171 0.7317506 0.5655171 0.7317506 0.630024 0.7724902 0.6271476 0.7945383 0.6271476 0.7945383 0.5544494 0.7724902 0.5573258 0.7504421 0.5573258 0.7504421 0.6271476 0.7504421 0.6271476 0.7504421 0.630024 0.7724902 0.5573258 0.7945383 0.5573258 0.7945383 0.5544494 0.7724902 0.6189563 0.7317506 0.6189563 0.7317506 0.6271476 0.7504421 0.5655171 0.8132298 0.5655171 0.8132298 0.5573258 0.7945383 0.6066973 0.7192613 0.6189563 0.7317506 0.6189563 0.7317506 0.5777761 0.8257191 0.5655171 0.8132298 0.5655171 0.8132298 0.5922367 0.7148756 0.5922367 0.7148756 0.6066973 0.7192613 0.5922367 0.7148756 0.6066973 0.7192613 0.6066973 0.7192613 0.6066973 0.8257191 0.5922367 0.8301048 0.5922367 0.8301048 0.5922367 0.8301048 0.5777761 0.8257191 0.5777761 0.8257191 0.5777761 0.7192613 0.5922367 0.7148756 0.5922367 0.7148756 0.6189563 0.8132298 0.6066973 0.8257191 0.6066973 0.8257191 0.5655171 0.7317506 0.5777761 0.7192613 0.5777761 0.7192613 0.6271476 0.7945383 0.6189563 0.8132298 0.6189563 0.8132298 0.5573258 0.7504421 0.5655171 0.7317506 0.5655171 0.7317506 0.630024 0.7724902 0.6271476 0.7945383 0.6271476 0.7945383 0.5544494 0.7724902 0.5573258 0.7504421 0.5573258 0.7504421 0.6271476 0.7504421 0.630024 0.7724902 0.630024 0.7724902 0.5573258 0.7945383 0.5544494 0.7724902 0.5544494 0.7724902 0.6189563 0.7317506 0.6271476 0.7504421 0.6271476 0.7504421 0.5655171 0.8132298 0.5573258 0.7945383 0.5573258 0.7945383 0.6066973 0.7192613 0.6189563 0.7317506 0.6189563 0.7317506 0.1783373 0.9642893 0.1783373 0.9599416 0.1799991 0.9599416 0.1799991 0.9599416 0.1783373 0.9599416 0.1783373 0.9642893 0.2637412 0.9637773 0.09459531 0.9637773 0.09459531 0.9604535 0.2637412 0.9599416 0.09459531 0.9599416 0.09459531 0.9642893 0.2637412 0.9604535 0.09459531 0.9604535 0.09459531 0.9637773 0.2637412 0.9642893 0.09459531 0.9642893 0.09459531 0.9599416 0.1783373 0.9642893 0.1783373 0.9599416 0.1799991 0.9599416 0.1799991 0.9599416 0.1783373 0.9599416 0.1783373 0.9642893 0.2637412 0.9637773 0.09459531 0.9637773 0.09459531 0.9604535 0.2637412 0.9599416 0.09459531 0.9599416 0.09459531 0.9642893 0.2637412 0.9604535 0.09459531 0.9604535 0.09459531 0.9637773 0.2637412 0.9642893 0.09459531 0.9642893 0.09459531 0.9599416 0.1799991 0.9599416 0.1783373 0.9599416 0.1783373 0.9642893 0.1783373 0.9642893 0.1783373 0.9599416 0.1799991 0.9599416 0.09459531 0.9604535 0.09459531 0.9637773 0.2637412 0.9637773 0.09459531 0.9642893 0.09459531 0.9599416 0.2637412 0.9599416 0.09459531 0.9637773 0.09459531 0.9604535 0.2637412 0.9604535 0.09459531 0.9599416 0.09459531 0.9642893 0.2637412 0.9642893 0.8973323 0.6871554 0.9390822 0.6871554 0.9390822 0.7043543 0.9455579 0.707216 0.8948546 0.707216 0.8948546 0.5910627 0.9455579 0.5910627 0.8948546 0.5910627 0.8948546 0.5910627 0.9848141 0.6929548 0.9848141 0.5994732 0.9934135 0.5994732 0.9447489 0.592718 0.8956636 0.592718 0.8956635 0.7055607 0.9447489 0.592718 0.9447489 0.7055607 0.9455579 0.707216 0.8948546 0.707216 0.9455579 0.707216 0.9447489 0.7055607 0.9455579 0.5910627 0.8948546 0.5910627 0.8956636 0.592718 0.8948546 0.5910627 0.8948546 0.707216 0.8956635 0.7055607 0.9848141 0.5994732 0.9848141 0.6929548 0.9934135 0.6929548 0.7131645 0.1431626 0.727528 0.1718897 0.6820417 0.1718897 0.6820417 0.1431626 0.6820417 0.1718897 0.6314452 0.1718897 0.5952121 0.1431626 0.6314452 0.1431626 0.6314452 0.1718897 0.5688818 0.1689444 0.5545183 0.1402173 0.6541883 0.1402173 0.5688818 0.1420343 0.6541883 0.1420343 0.6541883 0.1707615 0.7131645 0.1703927 0.6820417 0.1703927 0.6820417 0.1416656 0.6314452 0.1703927 0.6314452 0.1416656 0.6820417 0.1416656 0.5952121 0.1703927 0.5808486 0.1416656 0.6314452 0.1416656 0.7394948 0.1689444 0.6541883 0.1689444 0.6541883 0.1402173 0.7394948 0.1420343 0.7538583 0.1707615 0.6541883 0.1707615 0.1113692 0.607965 0.1113692 0.5051225 0.141868 0.5051225 0.08952856 0.607965 0.08952856 0.5051225 0.1113692 0.5051225 0.141868 0.607965 0.141868 0.5051225 0.1606282 0.5051225 0.141868 0.5051225 0.1113692 0.5051225 0.1113692 0.607965 0.1113692 0.5051225 0.08952856 0.5051225 0.08952856 0.6079651 0.1606282 0.5051225 0.141868 0.5051225 0.141868 0.607965 0.2415355 0.4022181 0.2415355 0.3776713 0.1120173 0.3776713 0.458738 0.4022181 0.458738 0.3776713 0.5059906 0.3776713 0.3819187 0.4022181 0.3819187 0.3776713 0.3269072 0.3776713 0.1120173 0.4022181 0.1120173 0.3776713 0.2415355 0.3776713 0.664828 0.2065095 0.664828 0.2429912 0.5541409 0.2429912 0.5541409 0.2429912 0.664828 0.2429912 0.664828 0.2065095 0.5541409 0.2429912 0.664828 0.2429912 0.664828 0.2429912 0.5487558 0.2065095 0.5541409 0.2429912 0.5541409 0.2429912 0.5487558 0.2065095 0.664828 0.2065095 0.664828 0.2065095 0.5541409 0.2429912 0.5487558 0.2065095 0.5487558 0.2065095 0.664828 0.2065095 0.5487558 0.2065095 0.5487558 0.2065095 0.664828 0.2429912 0.5541409 0.2429912 0.5541409 0.2429912 0.8134412 0.6990625 0.7571057 0.6990625 0.7571057 0.5859012 0.4507081 0.6880345 0.4507081 0.7823994 0.493776 0.7823994 0.5342669 0.6880345 0.5342669 0.7823994 0.4779314 0.7823994 0.493776 0.6880345 0.493776 0.7823994 0.4507081 0.7823994 0.4779314 0.6880345 0.4779314 0.7823994 0.5342669 0.7823994 0.5414519 0.9547595 0.4320427 0.9547595 0.4320427 0.8692665 0.5414519 0.8692665 0.4320427 0.8692665 0.4320427 0.8123979 0.5414519 0.9547595 0.5414519 0.8692665 0.4320427 0.8692665 0.5414519 0.8692665 0.5339828 0.8123979 0.4320427 0.8123979 0.1645969 0.2146164 0.1529008 0.3165706 0.2037407 0.3165706 0.1529008 0.3165706 0.151577 0.3681963 0.2037407 0.3681963 0.2460818 0.2146164 0.2053393 0.2146164 0.2037407 0.3165706 0.2545807 0.3165706 0.2037407 0.3165706 0.2037407 0.3681963 0.1735297 0.2348055 0.2050685 0.2348055 0.203831 0.3137283 0.1644757 0.3137283 0.203831 0.3137283 0.203831 0.3536918 0.2366073 0.2348055 0.2431863 0.3137283 0.203831 0.3137283 0.2431863 0.3137283 0.244211 0.3536918 0.203831 0.3536918 0.1756675 0.2301941 0.1756675 0.2301941 0.2050685 0.2301942 0.6213608 0.07466876 0.6213608 0.07466876 0.6262481 0.06869876 0.1529008 0.3165706 0.1645969 0.2146164 0.1735297 0.2348055 0.1756675 0.2301941 0.1708154 0.2192277 0.1708154 0.2192277 0.2545807 0.3165706 0.2431863 0.3137283 0.2366073 0.2348055 0.1529008 0.3165706 0.1644757 0.3137283 0.163451 0.3536918 0.2545807 0.3165706 0.2559045 0.3681963 0.244211 0.3536918 0.6262481 0.06869876 0.6262481 0.06869876 0.5940567 0.06869876 0.1708154 0.2192277 0.1645969 0.2146164 0.2053393 0.2146164 0.2396779 0.2192277 0.2053393 0.2192277 0.2053393 0.2146164 0.1756675 0.2301941 0.2050685 0.2301942 0.2050685 0.2348055 0.2345315 0.2301942 0.2366073 0.2348055 0.2050685 0.2348055 0.1708154 0.2192277 0.1756675 0.2301941 0.1735297 0.2348055 0.2396779 0.2192277 0.2460818 0.2146164 0.2366073 0.2348055 0.5966506 0.05763798 0.5963797 0.07873499 0.5669787 0.07873493 0.5966506 0.05763798 0.6309891 0.05763798 0.6258427 0.07873493 0.2053393 0.2192277 0.2053393 0.2192277 0.1708154 0.2192277 0.2345315 0.2301942 0.2345315 0.2301942 0.2396779 0.2192277 0.2050685 0.2301942 0.2050685 0.2301942 0.2345315 0.2301942 0.2396779 0.2192277 0.2396779 0.2192277 0.2053393 0.2192277 0.6262481 0.06869876 0.5940567 0.06869876 0.5940567 0.06667381 0.5618209 0.06869876 0.5580215 0.06667381 0.5940567 0.06667381 0.6213608 0.07466876 0.6218891 0.07669365 0.5939943 0.07669365 0.5666338 0.0746687 0.5939943 0.0746687 0.5939943 0.07669365 0.5618209 0.06869876 0.5666338 0.0746687 0.5660995 0.07669365 0.6262481 0.06869876 0.6300918 0.06667381 0.6218891 0.07669365 0.5940567 0.06869876 0.5939943 0.0746687 0.5666338 0.0746687 0.5940567 0.06869876 0.6262481 0.06869876 0.6213608 0.07466876 0.5666338 0.0746687 0.5666338 0.0746687 0.5939943 0.0746687 0.5940567 0.06869876 0.5940567 0.06869876 0.5618209 0.06869876 0.5666338 0.0746687 0.5618209 0.06869876 0.5618209 0.06869876 0.5939943 0.0746687 0.5939943 0.0746687 0.6213608 0.07466876 0.3810805 0.531426 0.5119816 0.531426 0.5119816 0.49382 0.4351699 0.5977969 0.4351699 0.6199067 0.4676268 0.5950785 0.5119816 0.49382 0.5119816 0.531426 0.3810805 0.531426 0.4676268 0.5707116 0.4676268 0.5950785 0.43517 0.6199068</float_array>
          <technique_common>
            <accessor source="#Cube_020-mesh-map-0-array" count="6207" stride="2">
              <param name="S" type="float"/>
              <param name="T" type="float"/>
            </accessor>
          </technique_common>
        </source>
        <vertices id="Cube_020-mesh-vertices">
          <input semantic="POSITION" source="#Cube_020-mesh-positions"/>
        </vertices>
        <triangles material="Material_004-material" count="2069">
          <input semantic="VERTEX" source="#Cube_020-mesh-vertices" offset="0"/>
          <input semantic="NORMAL" source="#Cube_020-mesh-normals" offset="1"/>
          <input semantic="TEXCOORD" source="#Cube_020-mesh-map-0" offset="2" set="0"/>
          <p>7 0 0 1181 0 1 2 0 2 1183 1 3 8 2 4 9 3 5 1182 0 6 7 0 7 6 0 8 1183 0 9 6 0 10 0 0 11 11 4 12 12 5 13 10 6 14 13 5 15 15 7 16 12 5 17 1274 8 18 20 9 19 1275 10 20 23 11 21 11 4 22 10 6 23 1273 12 24 19 13 25 56 14 26 1273 15 27 21 16 28 1275 17 29 58 18 30 18 19 31 56 14 32 28 20 33 13 21 34 27 22 35 26 0 36 25 0 37 29 0 38 28 23 39 25 24 40 14 25 41 27 26 42 24 27 43 26 28 44 24 29 45 33 30 46 30 31 47 30 31 48 33 30 49 18 32 50 0 33 51 40 34 52 8 34 53 50 35 54 21 36 55 22 37 56 1276 38 57 17 39 58 1274 40 59 12 41 60 42 41 61 10 41 62 59 42 63 22 43 64 57 44 65 10 45 66 51 46 67 23 47 68 6 41 69 34 48 70 0 33 71 209 0 72 1197 0 73 210 0 74 1185 49 75 1200 49 76 208 49 77 1 50 78 1195 50 79 5 50 80 7 41 81 38 41 82 6 41 83 1181 51 84 36 52 85 2 53 86 43 54 87 15 54 88 12 54 89 2 41 90 39 41 91 7 41 92 49 55 93 16 56 94 21 57 95 9 58 96 1184 59 97 1183 59 98 14 60 99 45 61 100 15 60 101 30 54 102 52 54 103 24 54 104 58 54 105 54 54 106 30 54 107 24 54 108 53 54 109 25 54 110 31 54 111 60 54 112 58 54 113 51 46 114 57 44 115 23 47 116 31 62 117 56 63 118 19 64 119 57 65 120 18 19 121 23 11 122 53 66 123 63 67 124 25 68 125 41 69 126 61 70 127 64 71 128 25 68 129 62 72 130 14 73 131 18 74 132 66 75 133 11 76 134 11 77 135 67 78 136 13 79 137 48 80 138 69 81 139 19 82 140 71 83 141 73 84 142 74 85 143 75 86 144 73 84 145 72 50 146 74 85 147 78 87 148 71 83 149 80 88 150 82 89 151 79 90 152 77 91 153 84 92 154 80 88 155 85 93 156 76 94 157 86 95 158 88 96 159 90 97 160 87 98 161 86 99 162 88 100 163 87 101 164 89 102 165 85 103 166 90 104 167 83 105 168 92 106 169 89 107 170 83 108 171 77 108 172 91 108 173 89 107 174 94 109 175 83 105 176 83 105 177 95 110 178 84 111 179 96 112 180 89 107 181 88 96 182 97 113 183 95 110 184 98 41 185 80 114 186 97 115 187 81 116 188 77 91 189 79 90 190 78 117 191 99 118 192 96 119 193 88 120 194 101 121 195 103 122 196 104 123 197 105 124 198 88 125 199 76 126 200 106 127 201 77 128 202 74 129 203 108 130 204 74 131 205 73 132 206 65 50 207 96 0 208 100 0 209 31 133 210 81 134 211 97 135 212 15 41 213 72 41 214 12 41 215 64 50 216 101 50 217 41 50 218 57 136 219 82 137 220 22 138 221 26 139 222 87 98 223 90 97 224 14 140 225 75 141 226 15 142 227 61 143 228 104 144 229 103 145 230 28 23 231 87 146 232 29 147 233 62 148 234 76 149 235 14 150 236 33 151 237 92 106 238 91 152 239 26 153 240 85 154 241 27 155 242 66 156 243 108 54 244 67 78 245 27 157 246 86 158 247 28 159 248 41 160 249 104 161 250 9 161 251 10 162 252 78 163 253 23 164 254 68 165 255 106 166 256 66 167 257 24 168 258 92 169 259 32 170 260 33 151 261 77 171 262 18 172 263 18 173 264 107 174 265 68 175 266 24 176 267 73 177 268 89 178 269 67 179 270 73 180 271 13 181 272 12 41 273 71 41 274 10 41 275 62 182 276 99 183 277 105 184 278 61 143 279 102 185 280 64 186 281 23 164 282 79 187 283 57 136 284 65 188 285 99 189 286 63 190 287 55 191 288 97 192 289 98 49 290 1273 193 291 82 194 292 81 195 293 109 49 294 46 196 295 16 49 296 148 41 297 111 41 298 146 41 299 112 197 300 146 198 301 109 199 302 203 200 303 115 201 304 114 202 305 120 54 306 118 54 307 116 54 308 122 54 309 119 54 310 118 54 311 133 54 312 117 54 313 132 54 314 124 41 315 128 41 316 125 41 317 126 41 318 129 41 319 124 41 320 127 41 321 135 41 322 134 41 323 136 203 324 125 204 325 137 205 326 138 206 327 127 207 328 139 208 329 140 50 330 135 50 331 145 50 332 141 50 333 129 50 334 142 50 335 143 209 336 124 210 337 136 203 338 141 211 339 125 212 340 128 49 341 142 50 342 130 50 343 140 50 344 139 213 345 134 214 346 144 215 347 144 215 348 126 216 349 143 209 350 145 50 351 131 50 352 138 50 353 134 41 354 130 41 355 126 41 356 123 54 357 132 54 358 119 54 359 133 50 360 138 50 361 121 50 362 132 0 363 143 209 364 119 0 365 117 0 366 144 215 367 132 0 368 122 50 369 140 50 370 123 50 371 116 49 372 141 211 373 120 49 374 119 0 375 136 203 376 118 0 377 120 50 378 142 50 379 122 50 380 123 50 381 145 50 382 133 50 383 121 170 384 139 208 385 117 170 386 118 0 387 137 205 388 116 0 389 146 41 390 110 41 391 109 41 392 113 217 393 111 218 394 110 218 395 113 54 396 148 41 397 112 41 398 146 0 399 150 0 400 148 0 401 152 170 402 154 170 403 151 170 404 187 49 405 162 49 406 196 49 407 156 54 408 152 54 409 151 54 410 158 41 411 154 41 412 153 41 413 157 0 414 151 0 415 154 0 416 155 50 417 153 50 418 152 50 419 193 219 420 165 220 421 163 221 422 199 222 423 165 223 424 192 223 425 160 41 426 162 41 427 159 41 428 163 41 429 161 41 430 160 41 431 165 224 432 164 225 433 163 226 434 193 219 435 160 0 436 190 0 437 202 227 438 166 228 439 199 229 440 201 230 441 191 231 442 194 232 443 195 233 444 189 234 445 188 235 446 196 50 447 161 50 448 197 50 449 202 227 450 161 50 451 164 50 452 197 236 453 193 54 454 190 237 455 168 54 456 170 54 457 167 54 458 172 238 459 174 239 460 171 240 461 44 50 462 172 50 463 45 50 464 43 50 465 168 50 466 42 50 467 42 241 468 167 242 469 10 243 470 44 244 471 174 245 472 173 246 473 171 247 474 45 248 475 15 247 476 43 249 477 170 250 478 169 170 479 172 251 480 170 252 481 169 253 482 175 254 483 180 255 484 178 256 485 176 257 486 178 256 487 179 54 488 177 258 489 186 259 490 180 260 491 180 50 492 184 50 493 178 50 494 181 261 495 177 262 496 175 263 497 185 264 498 176 265 499 179 266 500 184 50 501 179 50 502 178 50 503 176 267 504 181 261 505 175 263 506 190 268 507 188 235 508 189 234 509 193 269 510 191 270 511 192 271 512 197 272 513 195 233 514 196 273 515 202 274 516 200 275 517 201 276 518 195 277 519 187 278 520 196 279 521 198 280 522 190 237 523 189 234 524 193 281 525 201 282 526 194 283 527 192 284 528 200 285 529 199 286 530 187 0 531 160 0 532 159 0 533 70 287 534 203 200 535 69 288 536 212 50 537 1187 50 538 1186 50 539 1189 289 540 213 290 541 205 291 542 212 50 543 1188 50 544 211 50 545 211 50 546 1189 50 547 205 50 548 217 292 549 216 293 550 215 294 551 220 292 552 218 295 553 217 292 554 1278 296 555 222 297 556 1277 298 557 216 293 558 228 299 559 215 294 560 239 300 561 227 301 562 240 302 563 224 303 564 225 304 565 1278 296 566 223 305 567 241 306 568 239 300 569 218 307 570 233 308 571 232 309 572 230 50 573 231 50 574 234 50 575 233 310 576 230 311 577 234 312 578 229 313 579 232 314 580 231 315 581 238 316 582 229 50 583 235 317 584 235 317 585 223 318 586 238 316 587 40 34 588 205 33 589 213 34 590 226 319 591 50 35 592 227 320 593 222 49 594 1276 38 595 1277 49 596 42 41 597 217 41 598 215 41 599 227 43 600 59 42 601 240 44 602 215 45 603 51 46 604 42 321 605 34 48 606 211 41 607 205 33 608 208 0 609 1196 0 610 209 0 611 206 170 612 1193 170 613 35 170 614 5 50 615 1194 50 616 4 50 617 38 41 618 212 41 619 211 41 620 36 52 621 1187 51 622 207 53 623 220 54 624 43 54 625 217 54 626 39 41 627 207 41 628 212 41 629 221 322 630 49 55 631 226 323 632 1184 59 633 214 324 634 1189 325 635 45 61 636 219 60 637 220 326 638 52 54 639 235 54 640 229 54 641 241 54 642 54 54 643 60 54 644 53 54 645 229 54 646 230 54 647 236 54 648 60 54 649 55 54 650 240 44 651 51 46 652 228 47 653 239 327 654 236 328 655 224 329 656 223 305 657 240 302 658 228 299 659 244 330 660 53 331 661 230 332 662 41 69 663 242 70 664 214 333 665 243 334 666 230 332 667 219 335 668 245 336 669 223 337 670 216 338 671 246 339 672 216 340 673 218 341 674 248 81 675 48 80 676 224 82 677 249 342 678 251 343 679 250 0 680 251 343 681 253 344 682 250 0 683 256 345 684 252 346 685 249 342 686 260 347 687 258 348 688 257 349 689 262 350 690 255 351 691 258 348 692 263 352 693 254 353 694 251 354 695 268 355 696 266 356 697 265 357 698 264 358 699 266 359 700 254 360 701 263 361 702 267 362 703 268 363 704 261 364 705 270 365 706 269 366 707 261 367 708 269 367 709 255 367 710 267 368 711 94 109 712 93 369 713 95 110 714 261 364 715 262 370 716 267 368 717 96 112 718 266 356 719 271 371 720 95 110 721 262 370 722 271 372 723 258 373 724 259 374 725 257 349 726 255 351 727 256 375 728 96 376 729 272 377 730 266 378 731 101 121 732 273 122 733 102 379 734 266 380 735 275 381 736 254 382 737 255 383 738 276 384 739 252 385 740 252 386 741 278 387 742 251 388 743 236 389 744 259 390 745 224 391 746 250 41 747 220 41 748 217 41 749 260 392 750 240 393 751 227 394 752 231 395 753 265 357 754 234 396 755 253 397 756 219 398 757 220 142 758 242 399 759 274 400 760 214 401 761 265 402 762 233 310 763 234 312 764 254 403 765 243 404 766 219 405 767 238 406 768 270 365 769 237 407 770 263 408 771 231 409 772 232 410 773 278 54 774 245 411 775 246 339 776 264 412 777 232 413 778 233 414 779 274 161 780 41 160 781 214 161 782 256 415 783 215 416 784 228 417 785 276 166 786 247 165 787 245 167 788 270 418 789 229 419 790 237 170 791 255 420 792 238 406 793 223 421 794 277 422 795 223 423 796 247 175 797 229 424 798 251 425 799 218 426 800 251 427 801 246 428 802 218 429 803 249 41 804 217 41 805 215 41 806 243 430 807 272 431 808 244 432 809 102 185 810 242 399 811 64 186 812 257 433 813 228 417 814 240 393 815 272 434 816 65 435 817 244 436 818 55 191 819 271 437 820 236 438 821 224 439 822 260 440 823 227 441 824 46 196 825 279 442 826 221 443 827 111 444 828 298 445 829 297 41 830 280 446 831 297 447 832 298 41 833 343 200 834 115 201 835 204 448 836 284 54 837 120 54 838 282 54 839 285 54 840 122 54 841 284 54 842 283 54 843 133 54 844 290 54 845 128 41 846 286 41 847 287 41 848 129 41 849 288 41 850 286 41 851 135 41 852 289 41 853 291 41 854 287 449 855 292 450 856 293 451 857 289 170 858 138 170 859 294 170 860 286 452 861 295 453 862 292 450 863 141 211 864 287 212 865 293 454 866 291 455 867 294 456 868 296 457 869 288 455 870 296 457 871 295 453 872 130 41 873 291 41 874 288 41 875 290 54 876 123 54 877 285 54 878 295 453 879 290 50 880 285 50 881 296 457 882 283 50 883 290 50 884 141 211 885 282 49 886 120 49 887 292 450 888 285 50 889 284 50 890 294 170 891 121 170 892 283 170 893 293 451 894 284 50 895 282 50 896 110 41 897 297 41 898 279 41 899 113 54 900 298 41 901 147 54 902 300 50 903 297 50 904 298 50 905 304 170 906 302 170 907 301 170 908 312 49 909 327 49 910 336 49 911 302 54 912 306 54 913 301 54 914 304 41 915 308 41 916 303 41 917 301 50 918 307 50 919 304 50 920 303 0 921 305 0 922 302 0 923 333 458 924 315 459 925 332 460 926 315 223 927 339 222 928 332 223 929 312 41 930 310 41 931 309 41 932 311 41 933 313 41 934 310 41 935 314 225 936 315 224 937 313 226 938 310 50 939 333 458 940 330 50 941 316 461 942 342 462 943 339 0 944 331 231 945 341 230 946 334 231 947 329 463 948 335 464 949 328 465 950 311 466 951 336 467 952 337 468 953 342 462 954 311 466 955 337 468 956 333 54 957 337 469 958 330 470 959 318 54 960 168 54 961 317 54 962 320 239 963 172 238 964 319 240 965 317 49 966 42 49 967 215 49 968 44 244 969 320 245 970 219 471 971 45 248 972 319 247 973 220 247 974 43 472 975 318 473 976 169 49 977 318 252 978 172 251 979 169 253 980 321 474 981 180 475 982 323 476 983 322 477 984 178 478 985 321 474 986 323 479 987 186 480 988 326 481 989 323 482 990 324 483 991 321 484 992 322 485 993 185 486 994 179 266 995 322 487 996 324 483 997 325 488 998 330 489 999 328 465 1000 327 490 1001 331 491 1002 333 492 1003 332 493 1004 335 464 1005 337 494 1006 336 495 1007 342 496 1008 340 497 1009 339 498 1010 335 277 1011 327 278 1012 328 499 1013 330 470 1014 338 500 1015 329 463 1016 333 281 1017 341 282 1018 342 282 1019 340 501 1020 332 502 1021 339 284 1022 327 50 1023 310 50 1024 330 50 1025 343 200 1026 70 287 1027 248 288 1028 345 503 1029 346 504 1030 344 505 1031 347 506 1032 348 507 1033 346 504 1034 349 508 1035 350 509 1036 348 507 1037 351 510 1038 352 511 1039 350 509 1040 353 512 1041 354 513 1042 352 511 1043 355 514 1044 356 515 1045 354 513 1046 357 516 1047 358 517 1048 356 515 1049 359 518 1050 360 519 1051 358 517 1052 360 519 1053 363 520 1054 362 521 1055 362 521 1056 365 522 1057 364 523 1058 364 523 1059 367 524 1060 366 525 1061 366 525 1062 369 526 1063 368 527 1064 369 526 1065 370 528 1066 368 527 1067 371 529 1068 372 530 1069 370 528 1070 372 530 1071 375 531 1072 374 532 1073 374 532 1074 345 503 1075 344 505 1076 396 533 1077 413 534 1078 397 535 1079 382 536 1080 397 537 1081 398 538 1082 390 539 1083 405 50 1084 406 50 1085 383 540 1086 398 538 1087 399 541 1088 390 539 1089 407 542 1090 391 543 1091 384 544 1092 399 541 1093 400 545 1094 376 50 1095 392 546 1096 377 547 1097 391 543 1098 393 50 1099 376 50 1100 385 548 1101 400 545 1102 401 549 1103 377 547 1104 394 550 1105 378 50 1106 386 551 1107 401 549 1108 402 552 1109 378 50 1110 395 50 1111 379 50 1112 387 553 1113 402 552 1114 403 554 1115 379 50 1116 396 555 1117 380 50 1118 387 553 1119 404 556 1120 388 50 1121 381 557 1122 396 555 1123 397 537 1124 389 50 1125 404 556 1126 405 50 1127 418 558 1128 414 559 1129 410 560 1130 404 561 1131 421 562 1132 405 563 1133 397 535 1134 414 564 1135 398 565 1136 405 563 1137 422 566 1138 406 567 1139 398 565 1140 415 568 1141 399 569 1142 406 567 1143 423 570 1144 407 571 1145 399 569 1146 416 572 1147 400 573 1148 393 574 1149 408 575 1150 392 576 1151 407 571 1152 409 577 1153 393 574 1154 400 573 1155 417 578 1156 401 579 1157 392 576 1158 410 580 1159 394 581 1160 401 579 1161 418 582 1162 402 583 1163 394 581 1164 411 584 1165 395 585 1166 402 583 1167 419 586 1168 403 587 1169 395 585 1170 412 588 1171 396 533 1172 403 587 1173 420 589 1174 404 561 1175 427 590 1176 431 0 1177 435 591 1178 442 592 1179 441 593 1180 440 594 1181 444 595 1182 443 596 1183 442 592 1184 446 597 1185 445 598 1186 444 595 1187 448 599 1188 447 600 1189 446 597 1190 450 601 1191 449 602 1192 448 599 1193 452 603 1194 451 604 1195 450 601 1196 454 605 1197 453 606 1198 452 603 1199 456 607 1200 455 608 1201 454 605 1202 456 607 1203 459 609 1204 457 610 1205 458 611 1206 461 612 1207 459 609 1208 460 613 1209 463 614 1210 461 612 1211 462 615 1212 465 616 1213 463 614 1214 466 617 1215 465 616 1216 464 618 1217 468 619 1218 467 620 1219 466 617 1220 468 619 1221 471 621 1222 469 622 1223 470 623 1224 441 593 1225 471 621 1226 509 624 1227 492 625 1228 493 626 1229 478 627 1230 493 628 1231 477 629 1232 486 630 1233 501 631 1234 485 632 1235 479 633 1236 494 634 1237 478 627 1238 503 0 1239 486 630 1240 487 635 1241 480 0 1242 495 636 1243 479 633 1244 488 637 1245 472 638 1246 473 639 1247 489 640 1248 487 635 1249 472 638 1250 481 641 1251 496 0 1252 480 0 1253 490 642 1254 473 639 1255 474 643 1256 482 644 1257 497 645 1258 481 641 1259 491 646 1260 474 643 1261 475 647 1262 483 648 1263 498 649 1264 482 644 1265 492 650 1266 475 647 1267 476 0 1268 500 651 1269 483 648 1270 484 0 1271 477 629 1272 492 650 1273 476 0 1274 485 632 1275 500 651 1276 484 0 1277 518 652 1278 505 653 1279 512 654 1280 517 655 1281 500 656 1282 501 657 1283 510 658 1284 493 626 1285 494 659 1286 518 660 1287 501 657 1288 502 661 1289 511 662 1290 494 659 1291 495 663 1292 519 664 1293 502 661 1294 503 665 1295 512 666 1296 495 663 1297 496 667 1298 504 668 1299 489 669 1300 488 670 1301 505 671 1302 503 665 1303 489 669 1304 513 672 1305 496 667 1306 497 673 1307 506 674 1308 488 670 1309 490 675 1310 514 676 1311 497 673 1312 498 677 1313 507 678 1314 490 675 1315 491 679 1316 515 680 1317 498 677 1318 499 681 1319 508 682 1320 491 679 1321 492 625 1322 516 683 1323 499 681 1324 500 656 1325 533 684 1326 529 685 1327 525 686 1328 537 687 1329 538 688 1330 536 54 1331 539 689 1332 540 690 1333 538 688 1334 541 691 1335 542 692 1336 540 690 1337 543 510 1338 544 511 1339 542 692 1340 545 512 1341 546 513 1342 544 511 1343 547 693 1344 548 694 1345 546 513 1346 549 695 1347 550 696 1348 548 694 1349 551 697 1350 552 698 1351 550 696 1352 552 698 1353 555 699 1354 554 700 1355 554 700 1356 557 701 1357 556 702 1358 556 702 1359 559 703 1360 558 704 1361 558 704 1362 561 705 1363 560 706 1364 561 705 1365 562 707 1366 560 706 1367 563 708 1368 564 709 1369 562 707 1370 564 709 1371 567 710 1372 566 711 1373 566 711 1374 537 687 1375 536 54 1376 588 712 1377 605 713 1378 589 714 1379 574 715 1380 589 716 1381 590 717 1382 581 50 1383 598 50 1384 582 718 1385 574 715 1386 591 719 1387 575 720 1388 582 718 1389 599 721 1390 583 722 1391 575 720 1392 592 723 1393 576 50 1394 569 724 1395 585 50 1396 584 725 1397 568 50 1398 599 721 1399 585 50 1400 577 726 1401 592 723 1402 593 727 1403 570 728 1404 584 725 1405 586 50 1406 578 729 1407 593 727 1408 594 730 1409 570 728 1410 587 50 1411 571 50 1412 579 731 1413 594 730 1414 595 732 1415 571 50 1416 588 733 1417 572 50 1418 579 731 1419 596 734 1420 580 50 1421 573 735 1422 588 733 1423 589 716 1424 581 50 1425 596 734 1426 597 50 1427 610 736 1428 606 737 1429 602 738 1430 596 739 1431 613 740 1432 597 741 1433 589 714 1434 606 742 1435 590 743 1436 597 741 1437 614 744 1438 598 660 1439 590 743 1440 607 745 1441 591 746 1442 598 660 1443 615 747 1444 599 748 1445 591 746 1446 608 749 1447 592 750 1448 585 751 1449 600 752 1450 584 753 1451 599 748 1452 601 754 1453 585 751 1454 592 750 1455 609 755 1456 593 756 1457 584 753 1458 602 757 1459 586 758 1460 593 756 1461 610 759 1462 594 760 1463 586 758 1464 603 761 1465 587 762 1466 594 760 1467 611 763 1468 595 764 1469 587 762 1470 604 765 1471 588 712 1472 595 764 1473 612 766 1474 596 739 1475 619 767 1476 623 0 1477 627 768 1478 634 769 1479 633 770 1480 632 54 1481 636 771 1482 635 772 1483 634 769 1484 638 773 1485 637 774 1486 636 771 1487 640 775 1488 639 776 1489 638 773 1490 642 777 1491 641 778 1492 640 775 1493 644 779 1494 643 780 1495 642 777 1496 646 781 1497 645 782 1498 644 779 1499 648 783 1500 647 784 1501 646 781 1502 648 783 1503 651 785 1504 649 786 1505 650 787 1506 653 788 1507 651 785 1508 652 789 1509 655 790 1510 653 788 1511 654 791 1512 657 792 1513 655 790 1514 658 793 1515 657 792 1516 656 794 1517 660 795 1518 659 796 1519 658 793 1520 660 795 1521 663 797 1522 661 798 1523 662 799 1524 633 770 1525 663 797 1526 701 800 1527 684 801 1528 685 802 1529 670 803 1530 685 804 1531 669 805 1532 694 0 1533 677 806 1534 678 0 1535 687 807 1536 670 803 1537 671 808 1538 695 809 1539 678 0 1540 679 810 1541 688 811 1542 671 808 1543 672 812 1544 665 813 1545 681 814 1546 664 815 1547 664 815 1548 695 809 1549 679 810 1550 673 816 1551 688 811 1552 672 812 1553 666 817 1554 680 818 1555 665 813 1556 674 819 1557 689 820 1558 673 816 1559 683 821 1560 666 817 1561 667 822 1562 675 823 1563 690 824 1564 674 819 1565 684 825 1566 667 822 1567 668 0 1568 692 826 1569 675 823 1570 676 0 1571 669 805 1572 684 825 1573 668 0 1574 677 806 1575 692 826 1576 676 0 1577 704 827 1578 708 828 1579 697 829 1580 709 830 1581 692 831 1582 693 832 1583 702 833 1584 685 802 1585 686 834 1586 710 835 1587 693 832 1588 694 836 1589 703 837 1590 686 834 1591 687 838 1592 711 839 1593 694 836 1594 695 840 1595 704 841 1596 687 838 1597 688 842 1598 696 843 1599 681 844 1600 680 845 1601 697 846 1602 695 840 1603 681 844 1604 705 847 1605 688 842 1606 689 848 1607 698 849 1608 680 845 1609 682 850 1610 706 774 1611 689 848 1612 690 851 1613 699 852 1614 682 850 1615 683 679 1616 707 853 1617 690 851 1618 691 854 1619 700 855 1620 683 679 1621 684 801 1622 708 856 1623 691 854 1624 692 831 1625 725 857 1626 721 858 1627 717 859 1628 731 170 1629 732 170 1630 737 170 1631 731 41 1632 728 41 1633 729 41 1634 730 50 1635 737 50 1636 738 50 1637 728 49 1638 738 49 1639 735 49 1640 734 54 1641 736 54 1642 733 54 1643 734 860 1644 732 861 1645 735 860 1646 739 862 1647 737 863 1648 736 864 1649 737 865 1650 733 866 1651 736 867 1652 735 868 1653 739 869 1654 734 870 1655 729 0 1656 735 0 1657 732 0 1658 741 54 1659 742 54 1660 740 54 1661 747 41 1662 745 41 1663 744 41 1664 743 50 1665 747 50 1666 742 50 1667 742 170 1668 744 170 1669 740 170 1670 740 0 1671 745 0 1672 741 0 1673 741 49 1674 746 49 1675 743 49 1676 750 41 1677 749 41 1678 748 41 1679 753 54 1680 755 54 1681 752 54 1682 756 871 1683 753 872 1684 757 873 1685 758 874 1686 754 875 1687 756 876 1688 759 877 1689 755 878 1690 758 879 1691 757 880 1692 752 881 1693 759 882 1694 749 883 1695 759 884 1696 748 885 1697 748 886 1698 758 887 1699 750 888 1700 750 889 1701 756 890 1702 751 891 1703 751 892 1704 757 893 1705 749 894 1706 761 54 1707 762 54 1708 760 54 1709 767 41 1710 765 41 1711 764 41 1712 763 50 1713 767 50 1714 762 50 1715 762 170 1716 764 170 1717 760 170 1718 760 0 1719 765 0 1720 761 0 1721 761 49 1722 766 49 1723 763 49 1724 769 54 1725 770 54 1726 768 54 1727 775 41 1728 773 41 1729 772 41 1730 771 50 1731 775 50 1732 770 50 1733 770 170 1734 772 170 1735 768 170 1736 768 0 1737 773 0 1738 769 0 1739 769 49 1740 774 49 1741 771 49 1742 788 0 1743 776 0 1744 779 0 1745 786 0 1746 778 0 1747 777 0 1748 791 170 1749 780 170 1750 782 170 1751 793 50 1752 783 50 1753 784 50 1754 789 170 1755 777 170 1756 780 170 1757 787 0 1758 779 0 1759 778 0 1760 790 50 1761 784 50 1762 781 50 1763 792 50 1764 782 50 1765 783 50 1766 797 50 1767 795 50 1768 794 50 1769 801 50 1770 799 50 1771 798 50 1772 805 49 1773 803 49 1774 802 49 1775 809 0 1776 807 0 1777 806 0 1778 798 49 1779 804 49 1780 805 49 1781 794 50 1782 800 50 1783 801 50 1784 806 0 1785 811 0 1786 810 0 1787 802 0 1788 808 0 1789 809 0 1790 811 41 1791 793 41 1792 790 41 1793 780 54 1794 802 54 1795 782 54 1796 778 895 1797 798 896 1798 777 897 1799 803 898 1800 789 41 1801 791 899 1802 799 41 1803 787 41 1804 786 41 1805 794 54 1806 778 895 1807 779 54 1808 796 49 1809 776 49 1810 785 49 1811 800 41 1812 788 41 1813 787 41 1814 810 49 1815 790 49 1816 781 49 1817 797 54 1818 779 54 1819 776 54 1820 795 41 1821 785 41 1822 788 41 1823 798 896 1824 780 54 1825 777 897 1826 789 41 1827 799 41 1828 786 41 1829 802 54 1830 783 54 1831 782 54 1832 792 900 1833 803 898 1834 791 899 1835 809 54 1836 784 54 1837 783 54 1838 807 41 1839 792 900 1840 793 41 1841 806 54 1842 781 54 1843 784 54 1844 814 49 1845 812 49 1846 813 49 1847 819 170 1848 817 170 1849 816 170 1850 818 54 1851 812 54 1852 815 54 1853 819 0 1854 813 0 1855 812 0 1856 816 41 1857 814 41 1858 813 41 1859 817 50 1860 815 50 1861 814 50 1862 822 49 1863 820 49 1864 821 49 1865 827 170 1866 825 170 1867 824 170 1868 826 54 1869 820 54 1870 823 54 1871 827 0 1872 821 0 1873 820 0 1874 824 41 1875 822 41 1876 821 41 1877 825 50 1878 823 50 1879 822 50 1880 830 49 1881 828 49 1882 829 49 1883 835 170 1884 833 170 1885 832 170 1886 834 54 1887 828 54 1888 831 54 1889 835 0 1890 829 0 1891 828 0 1892 832 41 1893 830 41 1894 829 41 1895 833 50 1896 831 50 1897 830 50 1898 838 49 1899 836 49 1900 837 49 1901 843 170 1902 841 170 1903 840 170 1904 842 54 1905 836 54 1906 839 54 1907 843 0 1908 837 0 1909 836 0 1910 840 41 1911 838 41 1912 837 41 1913 841 50 1914 839 50 1915 838 50 1916 846 49 1917 844 49 1918 845 49 1919 851 170 1920 849 170 1921 848 170 1922 850 54 1923 844 54 1924 847 54 1925 851 0 1926 845 0 1927 844 0 1928 848 41 1929 846 41 1930 845 41 1931 849 50 1932 847 50 1933 846 50 1934 854 49 1935 852 49 1936 853 49 1937 859 170 1938 857 170 1939 856 170 1940 858 54 1941 852 54 1942 855 54 1943 859 0 1944 853 0 1945 852 0 1946 856 41 1947 854 41 1948 853 41 1949 857 50 1950 855 50 1951 854 50 1952 862 49 1953 860 49 1954 861 49 1955 867 170 1956 865 170 1957 864 170 1958 866 54 1959 860 54 1960 863 54 1961 867 0 1962 861 0 1963 860 0 1964 864 41 1965 862 41 1966 861 41 1967 865 50 1968 863 50 1969 862 50 1970 868 49 1971 870 49 1972 869 49 1973 873 170 1974 875 170 1975 872 170 1976 868 54 1977 874 54 1978 871 54 1979 869 50 1980 875 50 1981 868 50 1982 870 41 1983 872 41 1984 869 41 1985 871 0 1986 873 0 1987 870 0 1988 876 49 1989 878 49 1990 877 49 1991 881 170 1992 883 170 1993 880 170 1994 876 54 1995 882 54 1996 879 54 1997 877 50 1998 883 50 1999 876 50 2000 878 41 2001 880 41 2002 877 41 2003 879 0 2004 881 0 2005 878 0 2006 884 49 2007 886 49 2008 885 49 2009 889 170 2010 891 170 2011 888 170 2012 884 54 2013 890 54 2014 887 54 2015 885 50 2016 891 50 2017 884 50 2018 886 41 2019 888 41 2020 885 41 2021 887 0 2022 889 0 2023 886 0 2024 892 49 2025 894 49 2026 893 49 2027 897 170 2028 899 170 2029 896 170 2030 892 54 2031 898 54 2032 895 54 2033 893 50 2034 899 50 2035 892 50 2036 894 41 2037 896 41 2038 893 41 2039 895 0 2040 897 0 2041 894 0 2042 900 49 2043 902 49 2044 901 49 2045 905 170 2046 907 170 2047 904 170 2048 900 54 2049 906 54 2050 903 54 2051 901 50 2052 907 50 2053 900 50 2054 902 41 2055 904 41 2056 901 41 2057 903 0 2058 905 0 2059 902 0 2060 908 49 2061 910 49 2062 909 49 2063 913 170 2064 915 170 2065 912 170 2066 908 54 2067 914 54 2068 911 54 2069 909 50 2070 915 50 2071 908 50 2072 910 41 2073 912 41 2074 909 41 2075 911 0 2076 913 0 2077 910 0 2078 916 49 2079 918 49 2080 917 49 2081 921 170 2082 923 170 2083 920 170 2084 916 54 2085 922 54 2086 919 54 2087 917 50 2088 923 50 2089 916 50 2090 918 41 2091 920 41 2092 917 41 2093 919 0 2094 921 0 2095 918 0 2096 925 54 2097 926 54 2098 924 54 2099 931 41 2100 929 41 2101 928 41 2102 927 901 2103 931 902 2104 926 903 2105 926 904 2106 928 905 2107 924 906 2108 924 907 2109 929 908 2110 925 909 2111 925 910 2112 930 911 2113 927 912 2114 933 54 2115 934 54 2116 932 54 2117 939 41 2118 937 41 2119 936 41 2120 935 913 2121 939 914 2122 934 915 2123 934 916 2124 936 917 2125 932 918 2126 932 919 2127 937 920 2128 933 921 2129 933 922 2130 938 923 2131 935 924 2132 942 925 2133 944 926 2134 950 927 2135 942 928 2136 940 929 2137 941 930 2138 940 41 2139 949 41 2140 947 41 2141 943 931 2142 950 931 2143 949 931 2144 946 932 2145 951 933 2146 945 934 2147 947 935 2148 945 936 2149 944 937 2150 950 938 2151 945 939 2152 951 940 2153 947 941 2154 948 942 2155 946 943 2156 949 944 2157 951 945 2158 948 946 2159 941 947 2160 947 948 2161 944 170 2162 955 949 2163 959 0 2164 963 950 2165 982 951 2166 999 952 2167 983 953 2168 952 954 2169 969 955 2170 953 956 2171 967 957 2172 968 958 2173 952 954 2174 960 959 2175 977 960 2176 961 961 2177 953 956 2178 970 962 2179 954 963 2180 962 964 2181 977 960 2182 978 965 2183 955 966 2184 970 962 2185 971 967 2186 962 964 2187 979 968 2188 963 969 2189 955 966 2190 972 970 2191 956 971 2192 963 969 2193 980 972 2194 964 973 2195 957 974 2196 972 970 2197 973 975 2198 965 976 2199 980 972 2200 981 977 2201 957 974 2202 974 978 2203 958 979 2204 965 976 2205 982 951 2206 966 980 2207 958 979 2208 975 981 2209 959 982 2210 966 980 2211 983 953 2212 967 957 2213 960 959 2214 975 981 2215 976 983 2216 975 981 2217 992 984 2218 976 983 2219 968 958 2220 985 985 2221 969 955 2222 983 953 2223 984 986 2224 968 958 2225 976 983 2226 993 987 2227 977 960 2228 969 955 2229 986 988 2230 970 962 2231 977 960 2232 994 989 2233 978 965 2234 970 962 2235 987 990 2236 971 967 2237 978 965 2238 995 991 2239 979 968 2240 971 967 2241 988 992 2242 972 970 2243 979 968 2244 996 993 2245 980 972 2246 972 970 2247 989 994 2248 973 975 2249 980 972 2250 997 995 2251 981 977 2252 973 975 2253 990 996 2254 974 978 2255 981 977 2256 998 997 2257 982 951 2258 974 978 2259 991 998 2260 975 981 2261 1015 999 2262 1003 1000 2263 1007 1001 2264 1030 1002 2265 1047 1003 2266 1031 1004 2267 1000 1005 2268 1017 1006 2269 1001 1007 2270 1015 1008 2271 1016 1009 2272 1000 1005 2273 1009 1010 2274 1024 1011 2275 1025 1012 2276 1002 1013 2277 1017 1006 2278 1018 1014 2279 1010 1015 2280 1025 1012 2281 1026 1016 2282 1002 1013 2283 1019 1017 2284 1003 1018 2285 1010 1015 2286 1027 1019 2287 1011 1020 2288 1003 1018 2289 1020 1021 2290 1004 1022 2291 1011 1020 2292 1028 1023 2293 1012 1024 2294 1005 1025 2295 1020 1021 2296 1021 1026 2297 1013 1027 2298 1028 1023 2299 1029 1028 2300 1006 1029 2301 1021 1026 2302 1022 1030 2303 1014 1031 2304 1029 1028 2305 1030 1002 2306 1006 1029 2307 1023 1032 2308 1007 1033 2309 1014 1031 2310 1031 1004 2311 1015 1008 2312 1008 1034 2313 1023 1032 2314 1024 1011 2315 1023 1032 2316 1040 1035 2317 1024 1011 2318 1016 1009 2319 1033 1036 2320 1017 1006 2321 1031 1004 2322 1032 1037 2323 1016 1009 2324 1024 1011 2325 1041 1038 2326 1025 1012 2327 1017 1006 2328 1034 1039 2329 1018 1014 2330 1025 1012 2331 1042 1040 2332 1026 1016 2333 1018 1014 2334 1035 1041 2335 1019 1017 2336 1026 1016 2337 1043 1042 2338 1027 1019 2339 1019 1017 2340 1036 1043 2341 1020 1021 2342 1027 1019 2343 1044 1044 2344 1028 1023 2345 1020 1021 2346 1037 1045 2347 1021 1026 2348 1028 1023 2349 1045 1046 2350 1029 1028 2351 1021 1026 2352 1038 1047 2353 1022 1030 2354 1029 1028 2355 1046 1048 2356 1030 1002 2357 1022 1030 2358 1039 1049 2359 1023 1032 2360 1061 1050 2361 1057 1051 2362 1053 1052 2363 1095 952 2364 1078 1053 2365 1079 1054 2366 1065 1055 2367 1048 1056 2368 1049 1057 2369 1064 1058 2370 1063 1059 2371 1048 1056 2372 1073 1060 2373 1056 1061 2374 1057 1062 2375 1066 1063 2376 1049 1057 2377 1050 1064 2378 1058 1065 2379 1073 1060 2380 1057 1062 2381 1051 1066 2382 1066 1063 2383 1050 1064 2384 1075 1067 2385 1058 1065 2386 1059 1068 2387 1068 1069 2388 1051 1066 2389 1052 1070 2390 1076 1071 2391 1059 1068 2392 1060 1072 2393 1053 1073 2394 1068 1069 2395 1052 1070 2396 1061 1074 2397 1076 1071 2398 1060 1072 2399 1070 1075 2400 1053 1073 2401 1054 1076 2402 1078 1053 2403 1061 1074 2404 1062 1077 2405 1071 1078 2406 1054 1076 2407 1055 1079 2408 1079 1054 2409 1062 1077 2410 1063 1059 2411 1056 1061 2412 1071 1078 2413 1055 1079 2414 1088 984 2415 1071 1078 2416 1072 1080 2417 1081 985 2418 1064 1058 2419 1065 1055 2420 1080 986 2421 1079 1054 2422 1064 1058 2423 1089 987 2424 1072 1080 2425 1073 1060 2426 1082 988 2427 1065 1055 2428 1066 1063 2429 1090 1081 2430 1073 1060 2431 1074 1082 2432 1083 990 2433 1066 1063 2434 1067 1083 2435 1091 991 2436 1074 1082 2437 1075 1067 2438 1084 992 2439 1067 1083 2440 1068 1069 2441 1092 993 2442 1075 1067 2443 1076 1071 2444 1085 994 2445 1068 1069 2446 1069 1084 2447 1093 995 2448 1076 1071 2449 1077 1085 2450 1086 996 2451 1069 1084 2452 1070 1075 2453 1094 1086 2454 1077 1085 2455 1078 1053 2456 1087 998 2457 1070 1075 2458 1071 1078 2459 1105 1087 2460 1101 1088 2461 1097 1089 2462 1143 1003 2463 1126 1090 2464 1127 1091 2465 1113 1092 2466 1096 1093 2467 1097 1094 2468 1112 1095 2469 1111 1096 2470 1096 1093 2471 1105 1097 2472 1120 1098 2473 1104 1099 2474 1098 1100 2475 1113 1092 2476 1097 1094 2477 1106 1101 2478 1121 1102 2479 1105 1097 2480 1115 1103 2481 1098 1100 2482 1099 1104 2483 1123 1105 2484 1106 1101 2485 1107 1106 2486 1116 1107 2487 1099 1104 2488 1100 1108 2489 1124 1109 2490 1107 1106 2491 1108 1110 2492 1101 1111 2493 1116 1107 2494 1100 1108 2495 1109 1112 2496 1124 1109 2497 1108 1110 2498 1102 1113 2499 1117 1114 2500 1101 1111 2501 1110 1115 2502 1125 1116 2503 1109 1112 2504 1119 1117 2505 1102 1113 2506 1103 1118 2507 1127 1091 2508 1110 1115 2509 1111 1096 2510 1104 1099 2511 1119 1117 2512 1103 1118 2513 1136 1035 2514 1119 1117 2515 1120 1098 2516 1129 1036 2517 1112 1095 2518 1113 1092 2519 1128 1037 2520 1127 1091 2521 1112 1095 2522 1137 1038 2523 1120 1098 2524 1121 1102 2525 1130 1039 2526 1113 1092 2527 1114 1119 2528 1138 1040 2529 1121 1102 2530 1122 1120 2531 1131 1121 2532 1114 1119 2533 1115 1103 2534 1139 1042 2535 1122 1120 2536 1123 1105 2537 1132 1043 2538 1115 1103 2539 1116 1107 2540 1140 1044 2541 1123 1105 2542 1124 1109 2543 1133 1045 2544 1116 1107 2545 1117 1114 2546 1141 1046 2547 1124 1109 2548 1125 1116 2549 1134 1047 2550 1117 1114 2551 1118 1122 2552 1142 1048 2553 1125 1116 2554 1126 1090 2555 1135 1049 2556 1118 1122 2557 1119 1117 2558 1145 54 2559 1146 54 2560 1144 54 2561 1151 41 2562 1149 41 2563 1148 41 2564 1147 1123 2565 1151 1124 2566 1146 1125 2567 1146 1126 2568 1148 1127 2569 1144 1128 2570 1144 1129 2571 1149 1130 2572 1145 1129 2573 1145 1131 2574 1150 1132 2575 1147 1133 2576 1153 54 2577 1154 54 2578 1152 54 2579 1159 41 2580 1157 41 2581 1156 41 2582 1155 1134 2583 1159 1135 2584 1154 1136 2585 1154 1137 2586 1156 1138 2587 1152 1139 2588 1152 1140 2589 1157 1141 2590 1153 1129 2591 1153 1142 2592 1158 1143 2593 1155 1144 2594 1162 54 2595 1161 54 2596 1160 54 2597 1165 41 2598 1167 41 2599 1164 41 2600 1167 1145 2601 1163 1146 2602 1162 1147 2603 1164 1138 2604 1162 1137 2605 1160 1139 2606 1165 1148 2607 1160 1149 2608 1161 1125 2609 1166 1143 2610 1161 1142 2611 1163 1144 2612 1170 1150 2613 1172 1151 2614 1178 1152 2615 1169 50 2616 1171 50 2617 1168 50 2618 1168 41 2619 1177 41 2620 1175 41 2621 1171 1153 2622 1178 1154 2623 1177 49 2624 1174 1155 2625 1179 1156 2626 1173 1157 2627 1174 1158 2628 1172 1159 2629 1175 1160 2630 1178 1161 2631 1173 1162 2632 1179 1163 2633 1175 1164 2634 1176 1165 2635 1174 1166 2636 1177 1167 2637 1179 1168 2638 1176 1169 2639 1169 170 2640 1175 170 2641 1172 170 2642 3 54 2643 1180 54 2644 4 54 2645 4 54 2646 1182 54 2647 5 54 2648 1 54 2649 1182 54 2650 1183 54 2651 1 54 2652 1184 54 2653 35 54 2654 3 54 2655 37 54 2656 1181 54 2657 208 54 2658 1186 54 2659 1187 54 2660 210 54 2661 1186 54 2662 209 54 2663 206 54 2664 1188 54 2665 210 54 2666 206 54 2667 1184 54 2668 1189 54 2669 208 54 2670 37 54 2671 1185 54 2672 1195 54 2673 1190 54 2674 1194 54 2675 1199 54 2676 1192 54 2677 1195 54 2678 1194 54 2679 1191 54 2680 1198 54 2681 1190 54 2682 1197 54 2683 1196 54 2684 1192 54 2685 1201 54 2686 1197 54 2687 1191 54 2688 1196 54 2689 1200 54 2690 35 170 2691 1199 170 2692 1 170 2693 4 50 2694 1198 50 2695 3 50 2696 210 0 2697 1201 0 2698 206 0 2699 3 49 2700 1191 49 2701 1185 49 2702 1204 1170 2703 1203 1171 2704 1202 1172 2705 1207 49 2706 1204 1170 2707 1206 49 2708 1213 54 2709 1205 54 2710 1207 54 2711 1212 1173 2712 1207 1174 2713 1206 1175 2714 1208 41 2715 1204 41 2716 1202 41 2717 1209 1176 2718 1202 1177 2719 1203 1178 2720 1210 41 2721 1206 41 2722 1204 41 2723 1211 54 2724 1203 54 2725 1205 54 2726 1215 54 2727 1216 54 2728 1214 54 2729 1214 1179 2730 1219 1180 2731 1215 1181 2732 1215 1181 2733 1220 1182 2734 1217 1183 2735 1217 1183 2736 1221 1184 2737 1216 1185 2738 1216 1185 2739 1218 1186 2740 1214 1179 2741 1222 1187 2742 1227 1188 2743 1224 1189 2744 1224 1189 2745 1226 1190 2746 1223 1191 2747 1228 1192 2748 1227 1188 2749 1225 1193 2750 1230 1194 2751 1226 1190 2752 1227 1188 2753 1250 1195 2754 1236 1196 2755 1249 1197 2756 1233 1198 2757 1262 1199 2758 1236 1196 2759 1251 1200 2760 1236 1196 2761 1239 1201 2762 1239 1201 2763 1262 1199 2764 1263 1202 2765 1253 1203 2766 1243 1204 2767 1241 1205 2768 1241 1205 2769 1265 1206 2770 1264 1207 2771 1254 1208 2772 1243 1204 2773 1252 1209 2774 1246 1210 2775 1265 1206 2776 1243 1204 2777 1240 1211 2778 1256 1212 2779 1244 1213 2780 1242 1214 2781 1269 1215 2782 1232 1216 2783 1233 1217 2784 1253 1218 2785 1241 1219 2786 1240 1211 2787 1257 1220 2788 1259 1221 2789 1239 1222 2790 1254 1223 2791 1251 1224 2792 1233 1217 2793 1264 1207 2794 1261 1225 2795 1239 1222 2796 1266 1226 2797 1246 1227 2798 1232 1216 2799 1267 1228 2800 1235 1229 2801 1231 1230 2802 1249 1231 2803 1234 1232 2804 1237 1233 2805 1249 1231 2806 1251 1224 2807 1240 1211 2808 1252 1234 2809 1253 1218 2810 1247 1235 2811 1252 1234 2812 1244 1236 2813 1231 1230 2814 1253 1218 2815 1250 1237 2816 1237 1233 2817 1254 1223 2818 1247 1235 2819 1255 1238 2820 1259 1221 2821 1257 1220 2822 1255 1238 2823 1260 1239 2824 1256 1240 2825 1234 1241 2826 1257 1220 2827 1231 1230 2828 1247 1235 2829 1258 1242 2830 1237 1233 2831 1244 1213 2832 1260 1239 2833 1247 1235 2834 1237 1233 2835 1255 1241 2836 1234 1241 2837 1232 1216 2838 1262 1199 2839 1261 1225 2840 1238 1243 2841 1262 1199 2842 1235 1229 2843 1242 1214 2844 1265 1206 2845 1245 1244 2846 1248 1245 2847 1265 1206 2848 1266 1226 2849 1238 1243 2850 1266 1226 2851 1263 1202 2852 1232 1216 2853 1264 1207 2854 1242 1214 2855 1267 1228 2856 1272 1246 2857 1270 1247 2858 1267 1228 2859 1271 1248 2860 1268 1249 2861 1248 1245 2862 1268 1249 2863 1245 1244 2864 1235 1229 2865 1270 1247 2866 1238 1243 2867 1248 1245 2868 1270 1247 2869 1272 1246 2870 1245 1244 2871 1271 1248 2872 1242 1214 2873 1277 49 2874 46 1250 2875 221 49 2876 226 1251 2877 1277 298 2878 221 1252 2879 46 1250 2880 1274 40 2881 16 1253 2882 16 1254 2883 1275 10 2884 21 1255 2885 7 0 2886 1180 0 2887 1181 0 2888 1183 1 2889 0 1256 2890 8 2 2891 1182 0 2892 1180 0 2893 7 0 2894 1183 0 2895 1182 0 2896 6 0 2897 11 4 2898 13 5 2899 12 5 2900 13 5 2901 14 1257 2902 15 7 2903 1274 8 2904 17 1258 2905 20 9 2906 23 11 2907 18 19 2908 11 4 2909 56 14 2910 57 65 2911 1273 12 2912 57 65 2913 22 1259 2914 1273 12 2915 1273 15 2916 22 1260 2917 21 16 2918 1275 17 2919 20 1261 2920 1273 15 2921 20 1261 2922 19 1262 2923 1273 15 2924 58 18 2925 30 1263 2926 18 19 2927 28 20 2928 14 1264 2929 13 21 2930 26 0 2931 24 0 2932 25 0 2933 28 23 2934 29 147 2935 25 24 2936 27 26 2937 13 1265 2938 24 27 2939 24 29 2940 32 1266 2941 33 30 2942 0 33 2943 34 48 2944 40 34 2945 50 35 2946 49 1267 2947 21 36 2948 1276 38 2949 47 49 2950 17 39 2951 12 41 2952 43 41 2953 42 41 2954 59 42 2955 50 1268 2956 22 43 2957 10 45 2958 42 321 2959 51 46 2960 6 41 2961 38 41 2962 34 48 2963 209 0 2964 1196 0 2965 1197 0 2966 1185 49 2967 1191 49 2968 1200 49 2969 1 50 2970 1199 50 2971 1195 50 2972 7 41 2973 39 41 2974 38 41 2975 1181 51 2976 37 1269 2977 36 52 2978 43 54 2979 45 54 2980 15 54 2981 2 41 2982 36 41 2983 39 41 2984 49 55 2985 46 1270 2986 16 56 2987 9 58 2988 41 1271 2989 1184 59 2990 14 60 2991 44 1272 2992 45 61 2993 30 54 2994 54 54 2995 52 54 2996 58 54 2997 60 54 2998 54 54 2999 24 54 3000 52 54 3001 53 54 3002 31 54 3003 55 54 3004 60 54 3005 51 46 3006 59 42 3007 57 44 3008 31 62 3009 58 1273 3010 56 63 3011 57 65 3012 56 14 3013 18 19 3014 53 66 3015 65 1274 3016 63 67 3017 41 69 3018 9 333 3019 61 70 3020 25 68 3021 63 67 3022 62 72 3023 18 74 3024 68 1275 3025 66 75 3026 11 77 3027 66 156 3028 67 78 3029 48 80 3030 70 1276 3031 69 81 3032 71 83 3033 72 50 3034 73 84 3035 75 86 3036 76 1277 3037 73 84 3038 74 85 3039 77 1278 3040 78 87 3041 80 88 3042 81 1279 3043 82 89 3044 77 91 3045 83 1280 3046 84 92 3047 85 93 3048 73 1281 3049 76 94 3050 88 96 3051 89 107 3052 90 97 3053 86 99 3054 76 1282 3055 88 100 3056 89 102 3057 73 1283 3058 85 103 3059 83 105 3060 91 152 3061 92 106 3062 89 107 3063 93 369 3064 94 109 3065 83 105 3066 94 109 3067 95 110 3068 96 112 3069 93 369 3070 89 107 3071 97 113 3072 84 111 3073 95 110 3074 80 114 3075 84 1284 3076 97 115 3077 77 91 3078 80 88 3079 79 90 3080 99 118 3081 100 1285 3082 96 119 3083 101 121 3084 102 379 3085 103 122 3086 105 124 3087 99 1286 3088 88 125 3089 106 127 3090 107 1287 3091 77 128 3092 108 130 3093 106 1288 3094 74 131 3095 65 50 3096 53 50 3097 96 0 3098 31 133 3099 19 1289 3100 81 134 3101 15 41 3102 75 41 3103 72 41 3104 64 50 3105 102 50 3106 101 50 3107 57 136 3108 79 187 3109 82 137 3110 26 139 3111 29 1290 3112 87 98 3113 14 140 3114 76 1291 3115 75 141 3116 61 143 3117 9 1292 3118 104 144 3119 28 23 3120 86 1293 3121 87 146 3122 62 148 3123 105 1294 3124 76 149 3125 33 151 3126 32 407 3127 92 106 3128 26 153 3129 90 1295 3130 85 154 3131 66 156 3132 106 54 3133 108 54 3134 27 157 3135 85 1296 3136 86 158 3137 41 160 3138 101 1297 3139 104 161 3140 10 162 3141 71 1298 3142 78 163 3143 68 165 3144 107 1299 3145 106 166 3146 24 168 3147 89 1300 3148 92 169 3149 33 151 3150 91 152 3151 77 171 3152 18 173 3153 77 1301 3154 107 174 3155 24 176 3156 13 1302 3157 73 177 3158 67 179 3159 108 1303 3160 73 180 3161 12 41 3162 72 41 3163 71 41 3164 62 182 3165 63 1304 3166 99 183 3167 61 143 3168 103 145 3169 102 185 3170 23 164 3171 78 163 3172 79 187 3173 65 188 3174 100 1305 3175 99 189 3176 55 191 3177 31 438 3178 97 192 3179 81 195 3180 19 1306 3181 1273 193 3182 1273 193 3183 22 1307 3184 82 194 3185 109 49 3186 110 49 3187 46 196 3188 148 41 3189 147 41 3190 111 41 3191 112 197 3192 148 41 3193 146 198 3194 203 200 3195 204 448 3196 115 201 3197 120 54 3198 122 54 3199 118 54 3200 122 54 3201 123 54 3202 119 54 3203 133 54 3204 121 54 3205 117 54 3206 124 41 3207 129 41 3208 128 41 3209 126 41 3210 130 41 3211 129 41 3212 127 41 3213 131 41 3214 135 41 3215 136 203 3216 124 210 3217 125 204 3218 138 206 3219 131 170 3220 127 207 3221 140 50 3222 130 50 3223 135 50 3224 141 50 3225 128 50 3226 129 50 3227 143 209 3228 126 216 3229 124 210 3230 141 211 3231 137 454 3232 125 212 3233 142 50 3234 129 50 3235 130 50 3236 139 213 3237 127 1308 3238 134 214 3239 144 215 3240 134 214 3241 126 216 3242 145 50 3243 135 50 3244 131 50 3245 134 41 3246 135 41 3247 130 41 3248 123 54 3249 133 54 3250 132 54 3251 133 50 3252 145 50 3253 138 50 3254 132 0 3255 144 215 3256 143 209 3257 117 0 3258 139 213 3259 144 215 3260 122 50 3261 142 50 3262 140 50 3263 116 49 3264 137 454 3265 141 211 3266 119 0 3267 143 209 3268 136 203 3269 120 50 3270 141 50 3271 142 50 3272 123 50 3273 140 50 3274 145 50 3275 121 170 3276 138 206 3277 139 208 3278 118 0 3279 136 203 3280 137 205 3281 146 41 3282 111 41 3283 110 41 3284 113 217 3285 147 54 3286 111 218 3287 113 54 3288 147 54 3289 148 41 3290 146 0 3291 149 0 3292 150 0 3293 152 170 3294 153 170 3295 154 170 3296 187 49 3297 159 49 3298 162 49 3299 156 54 3300 155 54 3301 152 54 3302 158 41 3303 157 41 3304 154 41 3305 157 0 3306 156 0 3307 151 0 3308 155 50 3309 158 50 3310 153 50 3311 193 219 3312 192 1309 3313 165 220 3314 199 222 3315 166 222 3316 165 223 3317 160 41 3318 161 41 3319 162 41 3320 163 41 3321 164 41 3322 161 41 3323 165 224 3324 166 1310 3325 164 225 3326 193 219 3327 163 221 3328 160 0 3329 202 227 3330 164 50 3331 166 228 3332 201 230 3333 200 1311 3334 191 231 3335 195 233 3336 198 280 3337 189 234 3338 196 50 3339 162 50 3340 161 50 3341 202 227 3342 197 50 3343 161 50 3344 197 236 3345 202 54 3346 193 54 3347 168 54 3348 169 54 3349 170 54 3350 172 238 3351 173 1312 3352 174 239 3353 44 50 3354 173 50 3355 172 50 3356 43 50 3357 169 50 3358 168 50 3359 42 241 3360 168 49 3361 167 242 3362 44 244 3363 14 471 3364 174 245 3365 171 247 3366 172 1313 3367 45 248 3368 43 249 3369 12 1314 3370 170 250 3371 172 251 3372 171 1315 3373 170 252 3374 175 254 3375 177 1316 3376 180 255 3377 176 257 3378 175 254 3379 178 256 3380 177 258 3381 183 1317 3382 186 259 3383 180 50 3384 186 50 3385 184 50 3386 181 261 3387 183 1318 3388 177 262 3389 185 264 3390 182 265 3391 176 265 3392 184 50 3393 185 50 3394 179 50 3395 176 267 3396 182 1319 3397 181 261 3398 190 268 3399 187 1320 3400 188 235 3401 193 269 3402 194 1321 3403 191 270 3404 197 272 3405 198 280 3406 195 233 3407 202 274 3408 199 1322 3409 200 275 3410 195 277 3411 188 499 3412 187 278 3413 198 280 3414 197 236 3415 190 237 3416 193 281 3417 202 282 3418 201 282 3419 192 284 3420 191 284 3421 200 285 3422 187 0 3423 190 0 3424 160 0 3425 70 287 3426 204 448 3427 203 200 3428 212 50 3429 207 50 3430 1187 50 3431 1189 289 3432 214 1323 3433 213 290 3434 212 50 3435 1186 50 3436 1188 50 3437 211 50 3438 1188 50 3439 1189 50 3440 217 292 3441 218 295 3442 216 293 3443 220 292 3444 219 1324 3445 218 295 3446 1278 296 3447 225 304 3448 222 297 3449 216 293 3450 223 305 3451 228 299 3452 239 300 3453 224 1325 3454 227 301 3455 226 1251 3456 227 1326 3457 1278 296 3458 227 1326 3459 224 303 3460 1278 296 3461 223 305 3462 235 1327 3463 241 306 3464 218 307 3465 219 1328 3466 233 308 3467 230 50 3468 229 50 3469 231 50 3470 233 310 3471 219 1329 3472 230 311 3473 229 313 3474 218 1330 3475 232 314 3476 238 316 3477 237 50 3478 229 50 3479 40 34 3480 34 48 3481 205 33 3482 226 319 3483 49 1267 3484 50 35 3485 222 49 3486 47 49 3487 1276 38 3488 42 41 3489 43 41 3490 217 41 3491 227 43 3492 50 1268 3493 59 42 3494 215 45 3495 228 47 3496 51 46 3497 34 48 3498 38 41 3499 211 41 3500 208 0 3501 1200 0 3502 1196 0 3503 206 170 3504 1201 170 3505 1193 170 3506 5 50 3507 1195 50 3508 1194 50 3509 38 41 3510 39 41 3511 212 41 3512 36 52 3513 37 1269 3514 1187 51 3515 220 54 3516 45 54 3517 43 54 3518 39 41 3519 36 41 3520 207 41 3521 221 322 3522 46 1270 3523 49 55 3524 1184 59 3525 41 1271 3526 214 324 3527 45 61 3528 44 1272 3529 219 60 3530 52 54 3531 54 54 3532 235 54 3533 241 54 3534 235 54 3535 54 54 3536 53 54 3537 52 54 3538 229 54 3539 236 54 3540 241 54 3541 60 54 3542 240 44 3543 59 42 3544 51 46 3545 239 327 3546 241 1331 3547 236 328 3548 223 305 3549 239 300 3550 240 302 3551 244 330 3552 65 1274 3553 53 331 3554 41 69 3555 64 71 3556 242 70 3557 243 334 3558 244 330 3559 230 332 3560 245 336 3561 247 1332 3562 223 337 3563 246 339 3564 245 411 3565 216 340 3566 248 81 3567 70 1276 3568 48 80 3569 249 342 3570 252 346 3571 251 343 3572 251 343 3573 254 1333 3574 253 344 3575 256 345 3576 255 1334 3577 252 346 3578 260 347 3579 259 1335 3580 258 348 3581 262 350 3582 261 1336 3583 255 351 3584 263 352 3585 264 1337 3586 254 353 3587 268 355 3588 267 368 3589 266 356 3590 264 358 3591 265 1338 3592 266 359 3593 263 361 3594 251 1339 3595 267 362 3596 261 364 3597 267 368 3598 270 365 3599 267 368 3600 261 364 3601 94 109 3602 95 110 3603 94 109 3604 261 364 3605 267 368 3606 93 369 3607 96 112 3608 271 371 3609 98 41 3610 95 110 3611 271 372 3612 262 1340 3613 258 373 3614 257 349 3615 258 348 3616 255 351 3617 96 376 3618 100 1341 3619 272 377 3620 101 121 3621 274 123 3622 273 122 3623 266 380 3624 272 1342 3625 275 381 3626 255 383 3627 277 1343 3628 276 384 3629 252 386 3630 276 1344 3631 278 387 3632 236 389 3633 271 1345 3634 259 390 3635 250 41 3636 253 41 3637 220 41 3638 260 392 3639 257 433 3640 240 393 3641 231 395 3642 268 355 3643 265 357 3644 253 397 3645 254 1346 3646 219 398 3647 242 399 3648 273 1347 3649 274 400 3650 265 402 3651 264 1348 3652 233 310 3653 254 403 3654 275 1349 3655 243 404 3656 238 406 3657 269 366 3658 270 365 3659 263 408 3660 268 1350 3661 231 409 3662 278 54 3663 276 54 3664 245 411 3665 264 412 3666 263 1351 3667 232 413 3668 274 161 3669 101 1297 3670 41 160 3671 256 415 3672 249 1298 3673 215 416 3674 276 166 3675 277 1299 3676 247 165 3677 270 418 3678 267 1352 3679 229 419 3680 255 420 3681 269 366 3682 238 406 3683 277 422 3684 255 1353 3685 223 423 3686 229 424 3687 267 1354 3688 251 425 3689 251 427 3690 278 1303 3691 246 428 3692 249 41 3693 250 41 3694 217 41 3695 243 430 3696 275 1355 3697 272 431 3698 102 185 3699 273 1347 3700 242 399 3701 257 433 3702 256 415 3703 228 417 3704 272 434 3705 100 1356 3706 65 435 3707 55 191 3708 98 49 3709 271 437 3710 224 439 3711 259 1357 3712 260 440 3713 46 196 3714 110 49 3715 279 442 3716 111 444 3717 147 1358 3718 298 445 3719 280 446 3720 279 1359 3721 297 447 3722 343 200 3723 281 202 3724 115 201 3725 284 54 3726 122 54 3727 120 54 3728 285 54 3729 123 54 3730 122 54 3731 283 54 3732 121 54 3733 133 54 3734 128 41 3735 129 41 3736 286 41 3737 129 41 3738 130 41 3739 288 41 3740 135 41 3741 131 41 3742 289 41 3743 287 449 3744 286 452 3745 292 450 3746 289 170 3747 131 170 3748 138 170 3749 286 452 3750 288 455 3751 295 453 3752 141 211 3753 128 49 3754 287 212 3755 291 455 3756 289 1360 3757 294 456 3758 288 455 3759 291 455 3760 296 457 3761 130 41 3762 135 41 3763 291 41 3764 290 54 3765 133 54 3766 123 54 3767 295 453 3768 296 457 3769 290 50 3770 296 457 3771 294 456 3772 283 50 3773 141 211 3774 293 454 3775 282 49 3776 292 450 3777 295 453 3778 285 50 3779 294 170 3780 138 170 3781 121 170 3782 293 451 3783 292 450 3784 284 50 3785 110 41 3786 111 444 3787 297 41 3788 113 54 3789 280 41 3790 298 41 3791 300 50 3792 299 50 3793 297 50 3794 304 170 3795 303 170 3796 302 170 3797 312 49 3798 309 49 3799 327 49 3800 302 54 3801 305 54 3802 306 54 3803 304 41 3804 307 41 3805 308 41 3806 301 50 3807 306 50 3808 307 50 3809 303 0 3810 308 0 3811 305 0 3812 333 458 3813 313 1361 3814 315 459 3815 315 223 3816 316 222 3817 339 222 3818 312 41 3819 311 41 3820 310 41 3821 311 41 3822 314 41 3823 313 41 3824 314 225 3825 316 1310 3826 315 224 3827 310 50 3828 313 1361 3829 333 458 3830 316 461 3831 314 1362 3832 342 462 3833 331 231 3834 340 1311 3835 341 230 3836 329 463 3837 338 500 3838 335 464 3839 311 466 3840 312 0 3841 336 467 3842 342 462 3843 314 1362 3844 311 466 3845 333 54 3846 342 54 3847 337 469 3848 318 54 3849 169 54 3850 168 54 3851 320 239 3852 173 1312 3853 172 238 3854 317 49 3855 168 49 3856 42 49 3857 44 244 3858 173 246 3859 320 245 3860 45 248 3861 172 1313 3862 319 247 3863 43 472 3864 217 1363 3865 318 473 3866 318 252 3867 319 1315 3868 172 251 3869 321 474 3870 178 478 3871 180 475 3872 322 477 3873 179 54 3874 178 478 3875 323 479 3876 180 1364 3877 186 480 3878 323 482 3879 326 1365 3880 324 483 3881 322 485 3882 325 1366 3883 185 486 3884 322 487 3885 321 484 3886 324 483 3887 330 489 3888 329 463 3889 328 465 3890 331 491 3891 334 1367 3892 333 492 3893 335 464 3894 338 500 3895 337 494 3896 342 496 3897 341 1368 3898 340 497 3899 335 277 3900 336 279 3901 327 278 3902 330 470 3903 337 469 3904 338 500 3905 333 281 3906 334 283 3907 341 282 3908 340 501 3909 331 502 3910 332 502 3911 327 50 3912 309 50 3913 310 50 3914 343 200 3915 204 448 3916 70 287 3917 345 503 3918 347 506 3919 346 504 3920 347 506 3921 349 508 3922 348 507 3923 349 508 3924 351 510 3925 350 509 3926 351 510 3927 353 512 3928 352 511 3929 353 512 3930 355 514 3931 354 513 3932 355 514 3933 357 516 3934 356 515 3935 357 516 3936 359 518 3937 358 517 3938 359 518 3939 361 1369 3940 360 519 3941 360 519 3942 361 1369 3943 363 520 3944 362 521 3945 363 520 3946 365 522 3947 364 523 3948 365 522 3949 367 524 3950 366 525 3951 367 524 3952 369 526 3953 369 526 3954 371 529 3955 370 528 3956 371 529 3957 373 1370 3958 372 530 3959 372 530 3960 373 1370 3961 375 531 3962 374 532 3963 375 531 3964 345 503 3965 396 533 3966 412 588 3967 413 534 3968 382 536 3969 381 557 3970 397 537 3971 390 539 3972 389 50 3973 405 50 3974 383 540 3975 382 536 3976 398 538 3977 390 539 3978 406 50 3979 407 542 3980 384 544 3981 383 540 3982 399 541 3983 376 50 3984 393 50 3985 392 546 3986 391 543 3987 407 542 3988 393 50 3989 385 548 3990 384 544 3991 400 545 3992 377 547 3993 392 546 3994 394 550 3995 386 551 3996 385 548 3997 401 549 3998 378 50 3999 394 550 4000 395 50 4001 387 553 4002 386 551 4003 402 552 4004 379 50 4005 395 50 4006 396 555 4007 387 553 4008 403 554 4009 404 556 4010 381 557 4011 380 50 4012 396 555 4013 389 50 4014 388 50 4015 404 556 4016 410 560 4017 408 50 4018 422 50 4019 408 50 4020 409 50 4021 422 50 4022 409 50 4023 423 50 4024 422 50 4025 422 50 4026 421 50 4027 420 50 4028 420 50 4029 419 50 4030 422 50 4031 419 50 4032 418 558 4033 422 50 4034 418 558 4035 417 1371 4036 416 1372 4037 416 1372 4038 415 50 4039 414 559 4040 414 559 4041 413 1373 4042 410 560 4043 413 1373 4044 412 50 4045 410 560 4046 412 50 4047 411 50 4048 410 560 4049 418 558 4050 416 1372 4051 414 559 4052 410 560 4053 422 50 4054 418 558 4055 404 561 4056 420 589 4057 421 562 4058 397 535 4059 413 534 4060 414 564 4061 405 563 4062 421 562 4063 422 566 4064 398 565 4065 414 564 4066 415 568 4067 406 567 4068 422 566 4069 423 570 4070 399 569 4071 415 568 4072 416 572 4073 393 574 4074 409 577 4075 408 575 4076 407 571 4077 423 570 4078 409 577 4079 400 573 4080 416 572 4081 417 578 4082 392 576 4083 408 575 4084 410 580 4085 401 579 4086 417 578 4087 418 582 4088 394 581 4089 410 580 4090 411 584 4091 402 583 4092 418 582 4093 419 586 4094 395 585 4095 411 584 4096 412 588 4097 403 587 4098 419 586 4099 420 589 4100 439 1374 4101 424 0 4102 427 590 4103 424 0 4104 425 0 4105 427 590 4106 425 0 4107 426 0 4108 427 590 4109 427 590 4110 428 1375 4111 429 1376 4112 429 1376 4113 430 0 4114 427 590 4115 430 0 4116 431 0 4117 427 590 4118 431 0 4119 432 0 4120 433 0 4121 433 0 4122 434 0 4123 431 0 4124 434 0 4125 435 591 4126 431 0 4127 435 591 4128 436 1377 4129 437 1378 4130 437 1378 4131 438 0 4132 435 591 4133 438 0 4134 439 1374 4135 435 591 4136 439 1374 4137 427 590 4138 435 591 4139 442 592 4140 443 596 4141 441 593 4142 444 595 4143 445 598 4144 443 596 4145 446 597 4146 447 600 4147 445 598 4148 448 599 4149 449 602 4150 447 600 4151 450 601 4152 451 604 4153 449 602 4154 452 603 4155 453 606 4156 451 604 4157 454 605 4158 455 608 4159 453 606 4160 456 607 4161 457 610 4162 455 608 4163 456 607 4164 458 611 4165 459 609 4166 458 611 4167 460 613 4168 461 612 4169 460 613 4170 462 615 4171 463 614 4172 462 615 4173 464 618 4174 465 616 4175 466 617 4176 467 620 4177 465 616 4178 468 619 4179 469 622 4180 467 620 4181 468 619 4182 470 623 4183 471 621 4184 470 623 4185 440 594 4186 441 593 4187 509 624 4188 508 682 4189 492 625 4190 478 627 4191 494 634 4192 493 628 4193 486 630 4194 502 1379 4195 501 631 4196 479 633 4197 495 636 4198 494 634 4199 503 0 4200 502 1379 4201 486 630 4202 480 0 4203 496 0 4204 495 636 4205 488 637 4206 489 640 4207 472 638 4208 489 640 4209 503 0 4210 487 635 4211 481 641 4212 497 645 4213 496 0 4214 490 642 4215 488 637 4216 473 639 4217 482 644 4218 498 649 4219 497 645 4220 491 646 4221 490 642 4222 474 643 4223 483 648 4224 499 1380 4225 498 649 4226 492 650 4227 491 646 4228 475 647 4229 500 651 4230 499 1380 4231 483 648 4232 477 629 4233 493 628 4234 492 650 4235 485 632 4236 501 631 4237 500 651 4238 505 653 4239 504 1381 4240 506 1382 4241 506 1382 4242 507 1383 4243 508 1384 4244 508 1384 4245 509 0 4246 512 654 4247 509 0 4248 510 1385 4249 512 654 4250 510 1385 4251 511 1386 4252 512 654 4253 512 654 4254 513 1387 4255 514 1388 4256 514 1388 4257 515 0 4258 512 654 4259 515 0 4260 516 1389 4261 512 654 4262 516 1389 4263 517 1390 4264 518 652 4265 518 652 4266 519 1391 4267 505 653 4268 505 653 4269 506 1382 4270 512 654 4271 506 1382 4272 508 1384 4273 512 654 4274 516 1389 4275 518 652 4276 512 654 4277 517 655 4278 516 683 4279 500 656 4280 510 658 4281 509 624 4282 493 626 4283 518 660 4284 517 655 4285 501 657 4286 511 662 4287 510 658 4288 494 659 4289 519 664 4290 518 660 4291 502 661 4292 512 666 4293 511 662 4294 495 663 4295 504 668 4296 505 671 4297 489 669 4298 505 671 4299 519 664 4300 503 665 4301 513 672 4302 512 666 4303 496 667 4304 506 674 4305 504 668 4306 488 670 4307 514 676 4308 513 672 4309 497 673 4310 507 678 4311 506 674 4312 490 675 4313 515 680 4314 514 676 4315 498 677 4316 508 682 4317 507 678 4318 491 679 4319 516 683 4320 515 680 4321 499 681 4322 521 50 4323 520 50 4324 535 50 4325 535 50 4326 534 50 4327 521 50 4328 534 50 4329 533 684 4330 521 50 4331 533 684 4332 532 1392 4333 531 1393 4334 531 1393 4335 530 1394 4336 533 684 4337 530 1394 4338 529 685 4339 533 684 4340 529 685 4341 528 50 4342 527 50 4343 527 50 4344 526 1395 4345 529 685 4346 526 1395 4347 525 686 4348 529 685 4349 525 686 4350 524 1396 4351 523 1397 4352 523 1397 4353 522 50 4354 525 686 4355 522 50 4356 521 50 4357 525 686 4358 521 50 4359 533 684 4360 525 686 4361 537 687 4362 539 689 4363 538 688 4364 539 689 4365 541 691 4366 540 690 4367 541 691 4368 543 510 4369 542 692 4370 543 510 4371 545 512 4372 544 511 4373 545 512 4374 547 693 4375 546 513 4376 547 693 4377 549 695 4378 548 694 4379 549 695 4380 551 697 4381 550 696 4382 551 697 4383 553 1398 4384 552 698 4385 552 698 4386 553 1398 4387 555 699 4388 554 700 4389 555 699 4390 557 701 4391 556 702 4392 557 701 4393 559 703 4394 558 704 4395 559 703 4396 561 705 4397 561 705 4398 563 708 4399 562 707 4400 563 708 4401 565 1399 4402 564 709 4403 564 709 4404 565 1399 4405 567 710 4406 566 711 4407 567 710 4408 537 687 4409 588 712 4410 604 765 4411 605 713 4412 574 715 4413 573 735 4414 589 716 4415 581 50 4416 597 50 4417 598 50 4418 574 715 4419 590 717 4420 591 719 4421 582 718 4422 598 50 4423 599 721 4424 575 720 4425 591 719 4426 592 723 4427 569 724 4428 568 50 4429 585 50 4430 568 50 4431 583 722 4432 599 721 4433 577 726 4434 576 50 4435 592 723 4436 570 728 4437 569 724 4438 584 725 4439 578 729 4440 577 726 4441 593 727 4442 570 728 4443 586 50 4444 587 50 4445 579 731 4446 578 729 4447 594 730 4448 571 50 4449 587 50 4450 588 733 4451 579 731 4452 595 732 4453 596 734 4454 573 735 4455 572 50 4456 588 733 4457 581 50 4458 580 50 4459 596 734 4460 602 738 4461 600 50 4462 601 50 4463 601 50 4464 615 50 4465 602 738 4466 615 50 4467 614 50 4468 602 738 4469 614 50 4470 613 1400 4471 610 736 4472 613 1400 4473 612 1401 4474 610 736 4475 612 1401 4476 611 50 4477 610 736 4478 610 736 4479 609 50 4480 606 737 4481 609 50 4482 608 50 4483 606 737 4484 608 50 4485 607 50 4486 606 737 4487 606 737 4488 605 1402 4489 602 738 4490 605 1402 4491 604 50 4492 602 738 4493 604 50 4494 603 50 4495 602 738 4496 602 738 4497 614 50 4498 610 736 4499 596 739 4500 612 766 4501 613 740 4502 589 714 4503 605 713 4504 606 742 4505 597 741 4506 613 740 4507 614 744 4508 590 743 4509 606 742 4510 607 745 4511 598 660 4512 614 744 4513 615 747 4514 591 746 4515 607 745 4516 608 749 4517 585 751 4518 601 754 4519 600 752 4520 599 748 4521 615 747 4522 601 754 4523 592 750 4524 608 749 4525 609 755 4526 584 753 4527 600 752 4528 602 757 4529 593 756 4530 609 755 4531 610 759 4532 586 758 4533 602 757 4534 603 761 4535 594 760 4536 610 759 4537 611 763 4538 587 762 4539 603 761 4540 604 765 4541 595 764 4542 611 763 4543 612 766 4544 631 1403 4545 616 0 4546 619 767 4547 616 0 4548 617 0 4549 619 767 4550 617 0 4551 618 0 4552 619 767 4553 619 767 4554 620 1375 4555 621 1404 4556 621 1404 4557 622 0 4558 619 767 4559 622 0 4560 623 0 4561 619 767 4562 623 0 4563 624 0 4564 625 0 4565 625 0 4566 626 0 4567 623 0 4568 626 0 4569 627 768 4570 623 0 4571 627 768 4572 628 1405 4573 629 1406 4574 629 1406 4575 630 0 4576 627 768 4577 630 0 4578 631 1403 4579 627 768 4580 631 1403 4581 619 767 4582 627 768 4583 634 769 4584 635 772 4585 633 770 4586 636 771 4587 637 774 4588 635 772 4589 638 773 4590 639 776 4591 637 774 4592 640 775 4593 641 778 4594 639 776 4595 642 777 4596 643 780 4597 641 778 4598 644 779 4599 645 782 4600 643 780 4601 646 781 4602 647 784 4603 645 782 4604 648 783 4605 649 786 4606 647 784 4607 648 783 4608 650 787 4609 651 785 4610 650 787 4611 652 789 4612 653 788 4613 652 789 4614 654 791 4615 655 790 4616 654 791 4617 656 794 4618 657 792 4619 658 793 4620 659 796 4621 657 792 4622 660 795 4623 661 798 4624 659 796 4625 660 795 4626 662 799 4627 663 797 4628 662 799 4629 632 54 4630 633 770 4631 701 800 4632 700 855 4633 684 801 4634 670 803 4635 686 1407 4636 685 804 4637 694 0 4638 693 1408 4639 677 806 4640 687 807 4641 686 1407 4642 670 803 4643 695 809 4644 694 0 4645 678 0 4646 688 811 4647 687 807 4648 671 808 4649 665 813 4650 680 818 4651 681 814 4652 664 815 4653 681 814 4654 695 809 4655 673 816 4656 689 820 4657 688 811 4658 666 817 4659 682 1409 4660 680 818 4661 674 819 4662 690 824 4663 689 820 4664 683 821 4665 682 1409 4666 666 817 4667 675 823 4668 691 1410 4669 690 824 4670 684 825 4671 683 821 4672 667 822 4673 692 826 4674 691 1410 4675 675 823 4676 669 805 4677 685 804 4678 684 825 4679 677 806 4680 693 1408 4681 692 826 4682 697 829 4683 696 1411 4684 698 1412 4685 698 1412 4686 699 1413 4687 700 1414 4688 700 1414 4689 701 1415 4690 702 1416 4691 702 1416 4692 703 1417 4693 704 827 4694 704 827 4695 705 1418 4696 706 1419 4697 706 1419 4698 707 0 4699 704 827 4700 707 0 4701 708 828 4702 704 827 4703 708 828 4704 709 0 4705 697 829 4706 709 0 4707 710 1420 4708 697 829 4709 710 1420 4710 711 1421 4711 697 829 4712 697 829 4713 698 1412 4714 700 1414 4715 700 1414 4716 702 1416 4717 697 829 4718 702 1416 4719 704 827 4720 697 829 4721 709 830 4722 708 856 4723 692 831 4724 702 833 4725 701 800 4726 685 802 4727 710 835 4728 709 830 4729 693 832 4730 703 837 4731 702 833 4732 686 834 4733 711 839 4734 710 835 4735 694 836 4736 704 841 4737 703 837 4738 687 838 4739 696 843 4740 697 846 4741 681 844 4742 697 846 4743 711 839 4744 695 840 4745 705 847 4746 704 841 4747 688 842 4748 698 849 4749 696 843 4750 680 845 4751 706 774 4752 705 847 4753 689 848 4754 699 852 4755 698 849 4756 682 850 4757 707 853 4758 706 774 4759 690 851 4760 700 855 4761 699 852 4762 683 679 4763 708 856 4764 707 853 4765 691 854 4766 713 50 4767 712 50 4768 727 50 4769 727 50 4770 726 50 4771 713 50 4772 726 50 4773 725 857 4774 713 50 4775 725 857 4776 724 1422 4777 723 1423 4778 723 1423 4779 722 1424 4780 725 857 4781 722 1424 4782 721 858 4783 725 857 4784 721 858 4785 720 50 4786 719 50 4787 719 50 4788 718 1425 4789 721 858 4790 718 1425 4791 717 859 4792 721 858 4793 717 859 4794 716 1396 4795 715 1426 4796 715 1426 4797 714 50 4798 717 859 4799 714 50 4800 713 50 4801 717 859 4802 713 50 4803 725 857 4804 717 859 4805 731 170 4806 729 170 4807 732 170 4808 731 41 4809 730 41 4810 728 41 4811 730 50 4812 731 50 4813 737 50 4814 728 49 4815 730 49 4816 738 49 4817 734 54 4818 739 54 4819 736 54 4820 734 860 4821 733 1427 4822 732 861 4823 739 862 4824 738 862 4825 737 863 4826 737 865 4827 732 1428 4828 733 866 4829 735 868 4830 738 869 4831 739 869 4832 729 0 4833 728 0 4834 735 0 4835 741 54 4836 743 54 4837 742 54 4838 747 41 4839 746 41 4840 745 41 4841 743 50 4842 746 50 4843 747 50 4844 742 170 4845 747 170 4846 744 170 4847 740 0 4848 744 0 4849 745 0 4850 741 49 4851 745 49 4852 746 49 4853 750 41 4854 751 41 4855 749 41 4856 753 54 4857 754 54 4858 755 54 4859 756 871 4860 754 1429 4861 753 872 4862 758 874 4863 755 1430 4864 754 875 4865 759 877 4866 752 1431 4867 755 878 4868 757 880 4869 753 1432 4870 752 881 4871 749 883 4872 757 1433 4873 759 884 4874 748 886 4875 759 1434 4876 758 887 4877 750 889 4878 758 1435 4879 756 890 4880 751 892 4881 756 1436 4882 757 893 4883 761 54 4884 763 54 4885 762 54 4886 767 41 4887 766 41 4888 765 41 4889 763 50 4890 766 50 4891 767 50 4892 762 170 4893 767 170 4894 764 170 4895 760 0 4896 764 0 4897 765 0 4898 761 49 4899 765 49 4900 766 49 4901 769 54 4902 771 54 4903 770 54 4904 775 41 4905 774 41 4906 773 41 4907 771 50 4908 774 50 4909 775 50 4910 770 170 4911 775 170 4912 772 170 4913 768 0 4914 772 0 4915 773 0 4916 769 49 4917 773 49 4918 774 49 4919 788 0 4920 785 0 4921 776 0 4922 786 0 4923 787 0 4924 778 0 4925 791 170 4926 789 170 4927 780 170 4928 793 50 4929 792 50 4930 783 50 4931 789 170 4932 786 170 4933 777 170 4934 787 0 4935 788 0 4936 779 0 4937 790 50 4938 793 50 4939 784 50 4940 792 50 4941 791 50 4942 782 50 4943 797 50 4944 796 50 4945 795 50 4946 801 50 4947 800 50 4948 799 50 4949 805 49 4950 804 49 4951 803 49 4952 809 0 4953 808 0 4954 807 0 4955 798 49 4956 799 49 4957 804 49 4958 794 50 4959 795 50 4960 800 50 4961 806 0 4962 807 0 4963 811 0 4964 802 0 4965 803 0 4966 808 0 4967 811 41 4968 807 41 4969 793 41 4970 780 54 4971 805 54 4972 802 54 4973 778 895 4974 801 54 4975 798 896 4976 803 898 4977 804 41 4978 789 41 4979 799 41 4980 800 41 4981 787 41 4982 794 54 4983 801 54 4984 778 895 4985 796 49 4986 797 49 4987 776 49 4988 800 41 4989 795 41 4990 788 41 4991 810 49 4992 811 49 4993 790 49 4994 797 54 4995 794 54 4996 779 54 4997 795 41 4998 796 41 4999 785 41 5000 798 896 5001 805 54 5002 780 54 5003 789 41 5004 804 41 5005 799 41 5006 802 54 5007 809 54 5008 783 54 5009 792 900 5010 808 41 5011 803 898 5012 809 54 5013 806 54 5014 784 54 5015 807 41 5016 808 41 5017 792 900 5018 806 54 5019 810 54 5020 781 54 5021 814 49 5022 815 49 5023 812 49 5024 819 170 5025 818 170 5026 817 170 5027 818 54 5028 819 54 5029 812 54 5030 819 0 5031 816 0 5032 813 0 5033 816 41 5034 817 41 5035 814 41 5036 817 50 5037 818 50 5038 815 50 5039 822 49 5040 823 49 5041 820 49 5042 827 170 5043 826 170 5044 825 170 5045 826 54 5046 827 54 5047 820 54 5048 827 0 5049 824 0 5050 821 0 5051 824 41 5052 825 41 5053 822 41 5054 825 50 5055 826 50 5056 823 50 5057 830 49 5058 831 49 5059 828 49 5060 835 170 5061 834 170 5062 833 170 5063 834 54 5064 835 54 5065 828 54 5066 835 0 5067 832 0 5068 829 0 5069 832 41 5070 833 41 5071 830 41 5072 833 50 5073 834 50 5074 831 50 5075 838 49 5076 839 49 5077 836 49 5078 843 170 5079 842 170 5080 841 170 5081 842 54 5082 843 54 5083 836 54 5084 843 0 5085 840 0 5086 837 0 5087 840 41 5088 841 41 5089 838 41 5090 841 50 5091 842 50 5092 839 50 5093 846 49 5094 847 49 5095 844 49 5096 851 170 5097 850 170 5098 849 170 5099 850 54 5100 851 54 5101 844 54 5102 851 0 5103 848 0 5104 845 0 5105 848 41 5106 849 41 5107 846 41 5108 849 50 5109 850 50 5110 847 50 5111 854 49 5112 855 49 5113 852 49 5114 859 170 5115 858 170 5116 857 170 5117 858 54 5118 859 54 5119 852 54 5120 859 0 5121 856 0 5122 853 0 5123 856 41 5124 857 41 5125 854 41 5126 857 50 5127 858 50 5128 855 50 5129 862 49 5130 863 49 5131 860 49 5132 867 170 5133 866 170 5134 865 170 5135 866 54 5136 867 54 5137 860 54 5138 867 0 5139 864 0 5140 861 0 5141 864 41 5142 865 41 5143 862 41 5144 865 50 5145 866 50 5146 863 50 5147 868 49 5148 871 49 5149 870 49 5150 873 170 5151 874 170 5152 875 170 5153 868 54 5154 875 54 5155 874 54 5156 869 50 5157 872 50 5158 875 50 5159 870 41 5160 873 41 5161 872 41 5162 871 0 5163 874 0 5164 873 0 5165 876 49 5166 879 49 5167 878 49 5168 881 170 5169 882 170 5170 883 170 5171 876 54 5172 883 54 5173 882 54 5174 877 50 5175 880 50 5176 883 50 5177 878 41 5178 881 41 5179 880 41 5180 879 0 5181 882 0 5182 881 0 5183 884 49 5184 887 49 5185 886 49 5186 889 170 5187 890 170 5188 891 170 5189 884 54 5190 891 54 5191 890 54 5192 885 50 5193 888 50 5194 891 50 5195 886 41 5196 889 41 5197 888 41 5198 887 0 5199 890 0 5200 889 0 5201 892 49 5202 895 49 5203 894 49 5204 897 170 5205 898 170 5206 899 170 5207 892 54 5208 899 54 5209 898 54 5210 893 50 5211 896 50 5212 899 50 5213 894 41 5214 897 41 5215 896 41 5216 895 0 5217 898 0 5218 897 0 5219 900 49 5220 903 49 5221 902 49 5222 905 170 5223 906 170 5224 907 170 5225 900 54 5226 907 54 5227 906 54 5228 901 50 5229 904 50 5230 907 50 5231 902 41 5232 905 41 5233 904 41 5234 903 0 5235 906 0 5236 905 0 5237 908 49 5238 911 49 5239 910 49 5240 913 170 5241 914 170 5242 915 170 5243 908 54 5244 915 54 5245 914 54 5246 909 50 5247 912 50 5248 915 50 5249 910 41 5250 913 41 5251 912 41 5252 911 0 5253 914 0 5254 913 0 5255 916 49 5256 919 49 5257 918 49 5258 921 170 5259 922 170 5260 923 170 5261 916 54 5262 923 54 5263 922 54 5264 917 50 5265 920 50 5266 923 50 5267 918 41 5268 921 41 5269 920 41 5270 919 0 5271 922 0 5272 921 0 5273 925 54 5274 927 54 5275 926 54 5276 931 41 5277 930 41 5278 929 41 5279 927 901 5280 930 1437 5281 931 902 5282 926 904 5283 931 1438 5284 928 905 5285 924 907 5286 928 1439 5287 929 908 5288 925 910 5289 929 1440 5290 930 911 5291 933 54 5292 935 54 5293 934 54 5294 939 41 5295 938 41 5296 937 41 5297 935 913 5298 938 1441 5299 939 914 5300 934 916 5301 939 1442 5302 936 917 5303 932 919 5304 936 920 5305 937 920 5306 933 922 5307 937 1443 5308 938 923 5309 942 925 5310 941 926 5311 944 926 5312 942 928 5313 943 50 5314 940 929 5315 940 41 5316 943 41 5317 949 41 5318 943 931 5319 942 931 5320 950 931 5321 946 932 5322 948 0 5323 951 933 5324 947 935 5325 946 1444 5326 945 936 5327 950 938 5328 944 1445 5329 945 939 5330 947 941 5331 949 1446 5332 948 942 5333 949 944 5334 950 1447 5335 951 945 5336 941 947 5337 940 1448 5338 947 948 5339 967 0 5340 952 0 5341 955 949 5342 952 0 5343 953 0 5344 955 949 5345 953 0 5346 954 0 5347 955 949 5348 955 949 5349 956 1449 5350 957 1450 5351 957 1450 5352 958 0 5353 955 949 5354 958 0 5355 959 0 5356 955 949 5357 959 0 5358 960 0 5359 963 950 5360 960 0 5361 961 0 5362 963 950 5363 961 0 5364 962 0 5365 963 950 5366 963 950 5367 964 1451 5368 965 1452 5369 965 1452 5370 966 0 5371 967 0 5372 963 950 5373 965 1452 5374 967 0 5375 967 0 5376 955 949 5377 963 950 5378 982 951 5379 998 997 5380 999 952 5381 952 954 5382 968 958 5383 969 955 5384 967 957 5385 983 953 5386 968 958 5387 960 959 5388 976 983 5389 977 960 5390 953 956 5391 969 955 5392 970 962 5393 962 964 5394 961 961 5395 977 960 5396 955 966 5397 954 963 5398 970 962 5399 962 964 5400 978 965 5401 979 968 5402 955 966 5403 971 967 5404 972 970 5405 963 969 5406 979 968 5407 980 972 5408 957 974 5409 956 971 5410 972 970 5411 965 976 5412 964 973 5413 980 972 5414 957 974 5415 973 975 5416 974 978 5417 965 976 5418 981 977 5419 982 951 5420 958 979 5421 974 978 5422 975 981 5423 966 980 5424 982 951 5425 983 953 5426 960 959 5427 959 982 5428 975 981 5429 975 981 5430 991 998 5431 992 984 5432 968 958 5433 984 986 5434 985 985 5435 983 953 5436 999 952 5437 984 986 5438 976 983 5439 992 984 5440 993 987 5441 969 955 5442 985 985 5443 986 988 5444 977 960 5445 993 987 5446 994 989 5447 970 962 5448 986 988 5449 987 990 5450 978 965 5451 994 989 5452 995 991 5453 971 967 5454 987 990 5455 988 992 5456 979 968 5457 995 991 5458 996 993 5459 972 970 5460 988 992 5461 989 994 5462 980 972 5463 996 993 5464 997 995 5465 973 975 5466 989 994 5467 990 996 5468 981 977 5469 997 995 5470 998 997 5471 974 978 5472 990 996 5473 991 998 5474 1015 999 5475 1000 0 5476 1001 0 5477 1001 0 5478 1002 0 5479 1015 999 5480 1002 0 5481 1003 1000 5482 1015 999 5483 1003 1000 5484 1004 1449 5485 1005 1453 5486 1005 1453 5487 1006 0 5488 1003 1000 5489 1006 0 5490 1007 1001 5491 1003 1000 5492 1007 1001 5493 1008 0 5494 1009 1454 5495 1009 1454 5496 1010 0 5497 1011 1455 5498 1011 1455 5499 1012 1456 5500 1015 999 5501 1012 1456 5502 1013 0 5503 1015 999 5504 1013 0 5505 1014 0 5506 1015 999 5507 1007 1001 5508 1009 1454 5509 1015 999 5510 1009 1454 5511 1011 1455 5512 1015 999 5513 1030 1002 5514 1046 1048 5515 1047 1003 5516 1000 1005 5517 1016 1009 5518 1017 1006 5519 1015 1008 5520 1031 1004 5521 1016 1009 5522 1009 1010 5523 1008 1034 5524 1024 1011 5525 1002 1013 5526 1001 1007 5527 1017 1006 5528 1010 1015 5529 1009 1010 5530 1025 1012 5531 1002 1013 5532 1018 1014 5533 1019 1017 5534 1010 1015 5535 1026 1016 5536 1027 1019 5537 1003 1018 5538 1019 1017 5539 1020 1021 5540 1011 1020 5541 1027 1019 5542 1028 1023 5543 1005 1025 5544 1004 1022 5545 1020 1021 5546 1013 1027 5547 1012 1024 5548 1028 1023 5549 1006 1029 5550 1005 1025 5551 1021 1026 5552 1014 1031 5553 1013 1027 5554 1029 1028 5555 1006 1029 5556 1022 1030 5557 1023 1032 5558 1014 1031 5559 1030 1002 5560 1031 1004 5561 1008 1034 5562 1007 1033 5563 1023 1032 5564 1023 1032 5565 1039 1049 5566 1040 1035 5567 1016 1009 5568 1032 1037 5569 1033 1036 5570 1031 1004 5571 1047 1003 5572 1032 1037 5573 1024 1011 5574 1040 1035 5575 1041 1038 5576 1017 1006 5577 1033 1036 5578 1034 1039 5579 1025 1012 5580 1041 1038 5581 1042 1040 5582 1018 1014 5583 1034 1039 5584 1035 1041 5585 1026 1016 5586 1042 1040 5587 1043 1042 5588 1019 1017 5589 1035 1041 5590 1036 1043 5591 1027 1019 5592 1043 1042 5593 1044 1044 5594 1020 1021 5595 1036 1043 5596 1037 1045 5597 1028 1023 5598 1044 1044 5599 1045 1046 5600 1021 1026 5601 1037 1045 5602 1038 1047 5603 1029 1028 5604 1045 1046 5605 1046 1048 5606 1022 1030 5607 1038 1047 5608 1039 1049 5609 1049 50 5610 1048 50 5611 1061 1050 5612 1048 50 5613 1063 50 5614 1061 1050 5615 1063 50 5616 1062 50 5617 1061 1050 5618 1061 1050 5619 1060 1457 5620 1059 1458 5621 1059 1458 5622 1058 1459 5623 1057 1051 5624 1057 1051 5625 1056 50 5626 1053 1052 5627 1056 50 5628 1055 50 5629 1053 1052 5630 1055 50 5631 1054 50 5632 1053 1052 5633 1053 1052 5634 1052 1460 5635 1051 1461 5636 1051 1461 5637 1050 50 5638 1049 50 5639 1061 1050 5640 1059 1458 5641 1057 1051 5642 1053 1052 5643 1051 1461 5644 1049 50 5645 1049 50 5646 1061 1050 5647 1053 1052 5648 1095 952 5649 1094 1086 5650 1078 1053 5651 1065 1055 5652 1064 1058 5653 1048 1056 5654 1064 1058 5655 1079 1054 5656 1063 1059 5657 1073 1060 5658 1072 1080 5659 1056 1061 5660 1066 1063 5661 1065 1055 5662 1049 1057 5663 1058 1065 5664 1074 1082 5665 1073 1060 5666 1051 1066 5667 1067 1083 5668 1066 1063 5669 1075 1067 5670 1074 1082 5671 1058 1065 5672 1068 1069 5673 1067 1083 5674 1051 1066 5675 1076 1071 5676 1075 1067 5677 1059 1068 5678 1053 1073 5679 1069 1084 5680 1068 1069 5681 1061 1074 5682 1077 1085 5683 1076 1071 5684 1070 1075 5685 1069 1084 5686 1053 1073 5687 1078 1053 5688 1077 1085 5689 1061 1074 5690 1071 1078 5691 1070 1075 5692 1054 1076 5693 1079 1054 5694 1078 1053 5695 1062 1077 5696 1056 1061 5697 1072 1080 5698 1071 1078 5699 1088 984 5700 1087 998 5701 1071 1078 5702 1081 985 5703 1080 986 5704 1064 1058 5705 1080 986 5706 1095 952 5707 1079 1054 5708 1089 987 5709 1088 984 5710 1072 1080 5711 1082 988 5712 1081 985 5713 1065 1055 5714 1090 1081 5715 1089 987 5716 1073 1060 5717 1083 990 5718 1082 988 5719 1066 1063 5720 1091 991 5721 1090 1081 5722 1074 1082 5723 1084 992 5724 1083 990 5725 1067 1083 5726 1092 993 5727 1091 991 5728 1075 1067 5729 1085 994 5730 1084 992 5731 1068 1069 5732 1093 995 5733 1092 993 5734 1076 1071 5735 1086 996 5736 1085 994 5737 1069 1084 5738 1094 1086 5739 1093 995 5740 1077 1085 5741 1087 998 5742 1086 996 5743 1070 1075 5744 1097 1089 5745 1096 50 5746 1111 1462 5747 1111 1462 5748 1110 50 5749 1109 1463 5750 1109 1463 5751 1108 1464 5752 1105 1087 5753 1108 1464 5754 1107 1465 5755 1105 1087 5756 1107 1465 5757 1106 1466 5758 1105 1087 5759 1105 1087 5760 1104 50 5761 1103 50 5762 1103 50 5763 1102 50 5764 1105 1087 5765 1102 50 5766 1101 1088 5767 1105 1087 5768 1101 1088 5769 1100 1460 5770 1099 1467 5771 1099 1467 5772 1098 1468 5773 1101 1088 5774 1098 1468 5775 1097 1089 5776 1101 1088 5777 1097 1089 5778 1111 1462 5779 1105 1087 5780 1111 1462 5781 1109 1463 5782 1105 1087 5783 1143 1003 5784 1142 1048 5785 1126 1090 5786 1113 1092 5787 1112 1095 5788 1096 1093 5789 1112 1095 5790 1127 1091 5791 1111 1096 5792 1105 1097 5793 1121 1102 5794 1120 1098 5795 1098 1100 5796 1114 1119 5797 1113 1092 5798 1106 1101 5799 1122 1120 5800 1121 1102 5801 1115 1103 5802 1114 1119 5803 1098 1100 5804 1123 1105 5805 1122 1120 5806 1106 1101 5807 1116 1107 5808 1115 1103 5809 1099 1104 5810 1124 1109 5811 1123 1105 5812 1107 1106 5813 1101 1111 5814 1117 1114 5815 1116 1107 5816 1109 1112 5817 1125 1116 5818 1124 1109 5819 1102 1113 5820 1118 1122 5821 1117 1114 5822 1110 1115 5823 1126 1090 5824 1125 1116 5825 1119 1117 5826 1118 1122 5827 1102 1113 5828 1127 1091 5829 1126 1090 5830 1110 1115 5831 1104 1099 5832 1120 1098 5833 1119 1117 5834 1136 1035 5835 1135 1049 5836 1119 1117 5837 1129 1036 5838 1128 1037 5839 1112 1095 5840 1128 1037 5841 1143 1003 5842 1127 1091 5843 1137 1038 5844 1136 1035 5845 1120 1098 5846 1130 1039 5847 1129 1036 5848 1113 1092 5849 1138 1040 5850 1137 1038 5851 1121 1102 5852 1131 1121 5853 1130 1039 5854 1114 1119 5855 1139 1042 5856 1138 1040 5857 1122 1120 5858 1132 1043 5859 1131 1121 5860 1115 1103 5861 1140 1044 5862 1139 1042 5863 1123 1105 5864 1133 1045 5865 1132 1043 5866 1116 1107 5867 1141 1046 5868 1140 1044 5869 1124 1109 5870 1134 1047 5871 1133 1045 5872 1117 1114 5873 1142 1048 5874 1141 1046 5875 1125 1116 5876 1135 1049 5877 1134 1047 5878 1118 1122 5879 1145 54 5880 1147 54 5881 1146 54 5882 1151 41 5883 1150 41 5884 1149 41 5885 1147 1123 5886 1150 1469 5887 1151 1124 5888 1146 1126 5889 1151 1470 5890 1148 1127 5891 1144 1129 5892 1148 1471 5893 1149 1130 5894 1145 1131 5895 1149 1472 5896 1150 1132 5897 1153 54 5898 1155 54 5899 1154 54 5900 1159 41 5901 1158 41 5902 1157 41 5903 1155 1134 5904 1158 1473 5905 1159 1135 5906 1154 1137 5907 1159 1474 5908 1156 1138 5909 1152 1140 5910 1156 1475 5911 1157 1141 5912 1153 1142 5913 1157 1476 5914 1158 1143 5915 1162 54 5916 1163 54 5917 1161 54 5918 1165 41 5919 1166 41 5920 1167 41 5921 1167 1145 5922 1166 1477 5923 1163 1146 5924 1164 1138 5925 1167 1474 5926 1162 1137 5927 1165 1148 5928 1164 1478 5929 1160 1149 5930 1166 1143 5931 1165 1476 5932 1161 1142 5933 1170 1150 5934 1169 1479 5935 1172 1151 5936 1169 50 5937 1170 50 5938 1171 50 5939 1168 41 5940 1171 41 5941 1177 41 5942 1171 1153 5943 1170 1480 5944 1178 1154 5945 1174 1155 5946 1176 0 5947 1179 1156 5948 1174 1158 5949 1173 1481 5950 1172 1159 5951 1178 1161 5952 1172 1482 5953 1173 1162 5954 1175 1164 5955 1177 1483 5956 1176 1165 5957 1177 1167 5958 1178 1484 5959 1179 1168 5960 1169 170 5961 1168 170 5962 1175 170 5963 3 54 5964 1181 54 5965 1180 54 5966 4 54 5967 1180 54 5968 1182 54 5969 1 54 5970 5 54 5971 1182 54 5972 1 54 5973 1183 54 5974 1184 54 5975 3 54 5976 1185 54 5977 37 54 5978 208 54 5979 209 54 5980 1186 54 5981 210 54 5982 1188 54 5983 1186 54 5984 206 54 5985 1189 54 5986 1188 54 5987 206 54 5988 35 54 5989 1184 54 5990 208 54 5991 1187 54 5992 37 54 5993 1195 54 5994 1192 54 5995 1190 54 5996 1199 54 5997 1193 54 5998 1192 54 5999 1194 54 6000 1190 54 6001 1191 54 6002 1190 54 6003 1192 54 6004 1197 54 6005 1192 54 6006 1193 54 6007 1201 54 6008 1191 54 6009 1190 54 6010 1196 54 6011 35 170 6012 1193 170 6013 1199 170 6014 4 50 6015 1194 50 6016 1198 50 6017 210 0 6018 1197 0 6019 1201 0 6020 3 49 6021 1198 49 6022 1191 49 6023 1204 1170 6024 1205 49 6025 1203 1171 6026 1207 49 6027 1205 49 6028 1204 1170 6029 1213 54 6030 1211 54 6031 1205 54 6032 1212 1173 6033 1213 1485 6034 1207 1174 6035 1208 41 6036 1210 41 6037 1204 41 6038 1209 1176 6039 1208 1486 6040 1202 1177 6041 1210 41 6042 1212 41 6043 1206 41 6044 1211 54 6045 1209 54 6046 1203 54 6047 1215 54 6048 1217 54 6049 1216 54 6050 1214 1179 6051 1218 1186 6052 1219 1180 6053 1215 1181 6054 1219 1180 6055 1220 1182 6056 1217 1183 6057 1220 1182 6058 1221 1184 6059 1216 1185 6060 1221 1184 6061 1218 1186 6062 1222 1187 6063 1225 1193 6064 1227 1188 6065 1224 1189 6066 1227 1188 6067 1226 1190 6068 1228 1192 6069 1230 1194 6070 1227 1188 6071 1230 1194 6072 1229 1191 6073 1226 1190 6074 1250 1195 6075 1233 1198 6076 1236 1196 6077 1233 1198 6078 1261 1225 6079 1262 1199 6080 1251 1200 6081 1249 1197 6082 1236 1196 6083 1239 1201 6084 1236 1196 6085 1262 1199 6086 1253 1203 6087 1252 1209 6088 1243 1204 6089 1241 1205 6090 1243 1204 6091 1265 1206 6092 1254 1208 6093 1246 1210 6094 1243 1204 6095 1246 1210 6096 1266 1226 6097 1265 1206 6098 1240 1211 6099 1259 1221 6100 1256 1212 6101 1242 1214 6102 1271 1248 6103 1269 1215 6104 1233 1217 6105 1250 1237 6106 1253 1218 6107 1240 1211 6108 1231 1230 6109 1257 1220 6110 1239 1222 6111 1246 1227 6112 1254 1223 6113 1233 1217 6114 1241 1219 6115 1264 1207 6116 1239 1222 6117 1263 1202 6118 1266 1226 6119 1232 1216 6120 1269 1215 6121 1267 1228 6122 1231 1230 6123 1250 1237 6124 1249 1231 6125 1237 1233 6126 1234 1232 6127 1249 1231 6128 1240 1211 6129 1244 1236 6130 1252 1234 6131 1247 1235 6132 1254 1223 6133 1252 1234 6134 1231 1230 6135 1240 1211 6136 1253 1218 6137 1237 1233 6138 1251 1224 6139 1254 1223 6140 1255 1238 6141 1256 1240 6142 1259 1221 6143 1255 1238 6144 1258 1242 6145 1260 1239 6146 1234 1241 6147 1255 1241 6148 1257 1220 6149 1247 1235 6150 1260 1239 6151 1258 1242 6152 1244 1213 6153 1256 1212 6154 1260 1239 6155 1237 1233 6156 1258 1242 6157 1255 1241 6158 1232 1216 6159 1235 1229 6160 1262 1199 6161 1238 1243 6162 1263 1202 6163 1262 1199 6164 1242 1214 6165 1264 1207 6166 1265 1206 6167 1248 1245 6168 1245 1244 6169 1265 1206 6170 1238 1243 6171 1248 1245 6172 1266 1226 6173 1232 1216 6174 1261 1225 6175 1264 1207 6176 1267 1228 6177 1268 1249 6178 1272 1246 6179 1267 1228 6180 1269 1215 6181 1271 1248 6182 1248 1245 6183 1272 1246 6184 1268 1249 6185 1235 1229 6186 1267 1228 6187 1270 1247 6188 1248 1245 6189 1238 1243 6190 1270 1247 6191 1245 1244 6192 1268 1249 6193 1271 1248 6194 1277 49 6195 1276 38 6196 46 1250 6197 226 1251 6198 1278 296 6199 1277 298 6200 46 1250 6201 1276 38 6202 1274 40 6203 16 1254 6204 1274 8 6205 1275 10 6206</p>
        </triangles>
      </mesh>
    </geometry>
  </library_geometries>
  <library_visual_scenes>
    <visual_scene id="Scene" name="Scene">
      <node id="KUTU" name="KUTU" type="NODE">
        <matrix sid="transform">0.9173307 0 0 0 0 1 0 0 0 0 1 0 0 0 0 1</matrix>
        <instance_geometry url="#Cube_020-mesh" name="KUTU">
          <bind_material>
            <technique_common>
              <instance_material symbol="Material_004-material" target="#Material_004-material">
                <bind_vertex_input semantic="UVMap" input_semantic="TEXCOORD" input_set="0"/>
              </instance_material>
            </technique_common>
          </bind_material>
        </instance_geometry>
        <node id="prop_w_01" name="prop_w_01" type="NODE">
          <matrix sid="transform">0.7532983 0 0 3.624211 0 1 0 4.284296 0 0 1 -0.1581191 0 0 0 1</matrix>
        </node>
        <node id="prop_w_02" name="prop_w_02" type="NODE">
          <matrix sid="transform">0.7532983 0 0 -3.624209 0 1 0 4.284296 0 0 1 -0.1581191 0 0 0 1</matrix>
        </node>
      </node>
    </visual_scene>
  </library_visual_scenes>
  <scene>
    <instance_visual_scene url="#Scene"/>
  </scene>
</COLLADA>