<?xml version="1.0" encoding="utf-8"?>
<COLLADA xmlns="http://www.collada.org/2005/11/COLLADASchema" version="1.4.1" xmlns:xsi="http://www.w3.org/2001/XMLSchema-instance">
  <asset>
    <contributor>
      <author>Blender User</author>
      <authoring_tool>Blender 4.3.1 commit date:2024-12-10, commit time:07:46, hash:33d812126174</authoring_tool>
    </contributor>
    <created>2026-09-20T11:32:21</created>
    <modified>2026-09-20T11:32:21</modified>
    <unit name="meter" meter="1"/>
    <up_axis>Z_UP</up_axis>
  </asset>
  <library_effects>
    <effect id="Material_003-effect">
      <profile_COMMON>
        <newparam sid="mla_veh_01_png-surface">
          <surface type="2D">
            <init_from>mla_veh_01_png</init_from>
          </surface>
        </newparam>
        <newparam sid="mla_veh_01_png-sampler">
          <sampler2D>
            <source>mla_veh_01_png-surface</source>
          </sampler2D>
        </newparam>
        <technique sid="common">
          <lambert>
            <emission>
              <color sid="emission">0 0 0 1</color>
            </emission>
            <diffuse>
              <texture texture="mla_veh_01_png-sampler" texcoord="Float2"/>
            </diffuse>
            <index_of_refraction>
              <float sid="ior">1.45</float>
            </index_of_refraction>
          </lambert>
        </technique>
      </profile_COMMON>
    </effect>
  </library_effects>
  <library_images>
    <image id="mla_veh_01_png" name="mla_veh_01_png">
      <init_from>/home/welton/snap/0ad/743/.local/share/0ad/mods/mars_wars/art/textures/skins/vehicle/mla_veh_01.png</init_from>
    </image>
  </library_images>
  <library_materials>
    <material id="Material_003-material" name="Material.003">
      <instance_effect url="#Material_003-effect"/>
    </material>
  </library_materials>
  <library_geometries>
    <geometry id="tower-mesh" name="tower">
      <mesh>
        <source id="tower-mesh-positions">
          <float_array id="tower-mesh-positions-array" count="2988">-0.530272 0.925715 6.636913 -0.5063936 0.9171317 6.636913 -0.6728672 1.216246 5.842694 -0.7017657 1.22275 5.842694 -0.7105827 1.194471 5.842694 -0.534778 0.9007441 6.636913 -0.5075942 0.8864358 6.702073 -0.2627502 0.9878533 6.702073 -0.7225638 1.258773 5.706511 -0.3740264 1.403142 5.706511 0 1.022447 6.702075 0 1.452384 5.706511 0.2627503 0.9878533 6.702073 0.3740267 1.403142 5.706511 0.5075945 0.8864358 6.702073 0.7225641 1.258773 5.706511 0 -1.058405 6.596352 0 -1.10062 6.643074 -0.1818065 -1.07775 6.643073 -0.1769081 -1.035115 6.596352 -0.2758135 -1.022094 6.596352 -0.2867396 -1.06287 6.643073 -0.5539383 -0.9521928 6.643073 -0.5328308 -0.9156337 6.596352 -0.7833871 -0.7761307 6.643073 -0.7535364 -0.7462802 6.596352 -0.9594491 -0.5466821 6.643073 -0.92289 -0.5255747 6.596352 -1.070127 -0.2794833 6.643073 -1.02935 -0.2685573 6.596353 -1.107877 0.007256269 6.643073 -1.065661 0.007256269 6.596353 -1.070126 0.2939955 6.643073 -1.02935 0.2830695 6.596353 -0.9594493 0.5611944 6.643073 -0.9228897 0.5400868 6.596353 -0.7833871 0.7906431 6.643073 -0.7535364 0.7607924 6.596353 -0.5539383 0.9667056 6.643073 -0.5328308 0.930146 6.596353 -0.2867396 1.077383 6.643073 -0.2758135 1.036606 6.596353 0 1.115134 6.643074 0 1.072918 6.596353 0.2867396 1.077383 6.643074 0.2758135 1.036606 6.596353 0.5539386 0.9667056 6.643074 0.5328308 0.930146 6.596353 0.7833873 0.7906432 6.643074 0.7535364 0.7607924 6.596353 0.9594491 0.5611948 6.643073 0.9228897 0.5400868 6.596353 1.070126 0.2939957 6.643073 1.02935 0.2830695 6.596353 1.107876 0.007256269 6.643073 1.065661 0.007256269 6.596353 1.070127 -0.2794833 6.643073 1.02935 -0.2685573 6.596353 0.9594489 -0.5466824 6.643071 0.92289 -0.5255747 6.596352 0.7833871 -0.7761312 6.643073 0.7535364 -0.7462802 6.596352 0.5539384 -0.952193 6.643073 0.5328308 -0.9156337 6.596352 0.2867396 -1.06287 6.643073 0.2758135 -1.022094 6.596352 0.9748141 -0.2539444 6.704799 1.016721 -0.2651727 6.70507 1.052586 0.007256269 6.70507 1.009202 0.007256269 6.704799 1.01672 0.2796856 6.70507 0.9748137 0.2684567 6.704799 0.9115667 0.5335496 6.70507 0.8739941 0.5118568 6.704799 0.7442913 0.7515473 6.705072 0.7136135 0.7208693 6.704799 0.5262935 0.9188229 6.705072 0.5046009 0.8812499 6.704799 0.2724295 1.023977 6.705072 0.2612005 0.9820697 6.704799 0 1.059843 6.705072 0 1.016458 6.704799 0 1.115134 6.643074 0.2867396 1.077383 6.643074 0.5539386 0.9667056 6.643074 0.7833873 0.7906432 6.643074 0.9594491 0.5611948 6.643073 1.070126 0.2939957 6.643073 1.107876 0.007256269 6.643073 1.070127 -0.2794833 6.643073 0.9115665 -0.5190375 6.705069 0.9594489 -0.5466824 6.643071 0.744291 -0.7370355 6.70507 0.7833871 -0.7761312 6.643073 0 -1.001945 6.704798 0 -1.04533 6.705072 0.2724295 -1.009464 6.70507 0.2612005 -0.9675574 6.704798 0.5262935 -0.9043105 6.70507 0.5046009 -0.8667381 6.704798 0.7136135 -0.7063573 6.704798 0.8739944 -0.4973447 6.704798 0.5539384 -0.952193 6.643073 0.2867396 -1.06287 6.643073 0 -1.10062 6.643074 -0.7487028 -0.7414463 6.636911 -0.7490455 -0.7157626 6.636911 -0.9952889 -0.9534495 5.842694 -0.9912312 -0.9839745 5.842694 -0.9607057 -0.9880326 5.842694 -0.7230188 -0.7417894 6.636911 -0.1818065 -1.07775 6.643073 -0.1732159 -1.023562 6.70507 -0.1680763 -0.9798179 6.704798 -0.2612005 -0.9675574 6.704798 -0.2724295 -1.009464 6.70507 -0.5046009 -0.8667381 6.704798 -0.5262933 -0.9043105 6.70507 -0.7136135 -0.7063573 6.704798 -0.744291 -0.7370348 6.70507 -0.8739944 -0.4973447 6.704798 -1.016721 -0.265173 6.70507 -1.070127 -0.2794833 6.643073 -0.9594491 -0.5466821 6.643073 -0.9115665 -0.5190373 6.70507 -0.7833871 -0.7761307 6.643073 -0.5539383 -0.9521928 6.643073 -0.2867396 -1.06287 6.643073 -0.9748141 -0.2539444 6.704799 -1.009202 0.007256269 6.704799 -1.052587 0.007256269 6.70507 -0.9748137 0.2684567 6.704799 -1.01672 0.2796855 6.70507 -0.8739941 0.5118568 6.704799 -0.9115667 0.5335496 6.70507 -0.7136135 0.7208693 6.704799 -0.2724295 1.023977 6.705072 -0.2867396 1.077383 6.643073 -0.5539383 0.9667056 6.643073 -0.5262933 0.9188227 6.705072 -0.7833871 0.7906431 6.643073 -0.7442911 0.7515471 6.705072 -0.9594493 0.5611944 6.643073 -1.070126 0.2939955 6.643073 -1.107877 0.007256269 6.643073 -0.5046009 0.8812499 6.704799 -0.2612005 0.9820697 6.704799 0.6728672 1.216246 5.842694 0.5063936 0.9171317 6.636913 0.530272 0.925715 6.636913 0.7017657 1.22275 5.842694 0.7105827 1.194471 5.842694 0.534778 0.9007441 6.636913 0.9952889 -0.9534495 5.842694 0.7490455 -0.7157626 6.636911 0.7487028 -0.7414463 6.636911 0.9912312 -0.9839745 5.842694 0.9607057 -0.9880326 5.842694 0.7230188 -0.7417894 6.636911 -0.2242212 -1.305513 5.944643 0 -1.335032 5.944643 0 -1.319186 5.981338 -0.2219162 -1.28997 5.981338 -0.2650473 -1.292066 5.963338 -0.218002 -1.028763 6.587381 -0.1838481 -1.033259 6.587381 -0.1838481 -1.033259 6.587381 -0.1838481 -0.5536716 6.587381 0 -0.5778756 6.587381 0 -1.057463 6.587381 -0.1838481 -1.033259 6.587381 -0.2219162 -1.28997 5.981338 -0.2219162 -0.8103826 5.981338 -0.1838481 -0.5536716 6.587381 -0.2219162 -0.8103826 5.981338 0 -0.8395984 5.981338 0 -0.5778756 6.587381 -0.1838481 -0.5536716 6.587381 -0.1766439 -0.9846773 6.702073 -0.2627502 -0.9733415 6.702073 0 -1.007933 6.702073 0 -1.057463 6.587381 -0.2391792 -1.406382 5.706511 0 -1.437871 5.706511 -0.3740264 -1.38863 5.706511 -0.2755694 -1.021183 6.587381 -0.7225638 -1.244261 5.706511 -0.5075944 -0.8719235 6.702071 -0.7178471 -0.7105911 6.702073 -1.021859 -1.014603 5.706511 -0.8791796 -0.5003386 6.702073 -1.251517 -0.7153075 5.706511 -0.9805974 -0.2554941 6.702073 -1.395886 -0.36677 5.706511 -1.015189 0.007256507 6.702073 -1.445127 0.007256746 5.706511 -0.9805972 0.2700065 6.702073 -1.395886 0.3812831 5.706511 -1.251517 0.7298201 5.706511 -0.8791792 0.5148505 6.702073 -0.7178469 0.7251031 6.702073 -1.021859 1.029115 5.706511 0.2242213 -1.305513 5.944643 0.2219165 -1.28997 5.981338 0.2650476 -1.292066 5.963338 0.2180021 -1.028763 6.587381 0.1838484 -1.033259 6.587381 0.1838484 -1.033259 6.587381 0.1838484 -0.5536716 6.587381 0.2219165 -0.8103826 5.981338 0.2219165 -1.28997 5.981338 0.1838484 -1.033259 6.587381 0.1838484 -0.5536716 6.587381 0.2219165 -0.8103826 5.981338 0.1838484 -0.5536716 6.587381 0.2627503 -0.9733415 6.702073 0.1766443 -0.9846773 6.702073 1.395887 -0.36677 5.706511 0.9805977 -0.2554941 6.702073 0.8791797 -0.5003386 6.702073 1.251517 -0.7153075 5.706511 0.7178474 -0.7105911 6.702073 1.02186 -1.014603 5.706511 0.5075947 -0.8719235 6.702071 0.7225641 -1.244261 5.706511 0.2755697 -1.021183 6.587381 0.3740267 -1.38863 5.706511 0.2391794 -1.406382 5.706511 -0.1621322 -0.5978296 6.800759 0 -0.6191747 6.800759 0 -0.6191747 6.701096 -0.1621323 -0.5978291 6.701097 -0.3132154 -0.5352488 6.800759 -0.3132153 -0.5352488 6.701096 -0.4429535 -0.4356973 6.800759 -0.4429537 -0.4356973 6.701096 0.3132156 -0.5352488 6.800759 0.4429541 -0.4356968 6.80076 0.4429537 -0.4356973 6.701096 0.3132156 -0.5352488 6.701096 0.1621322 -0.5978296 6.800759 0.1621323 -0.5978296 6.701096 0.7178472 0.7251031 6.702073 1.02186 1.029115 5.706511 0.8791794 0.5148505 6.702073 1.251517 0.7298201 5.706511 0.9805976 0.2700065 6.702073 1.395886 0.3812831 5.706511 1.015189 0.007256507 6.702073 1.445127 0.007256746 5.706511 0.2246909 0.8458139 6.799782 0 1.022447 6.702075 0 0.8753951 6.799782 0.2627503 0.9878533 6.702073 0.4340693 0.7590861 6.799782 0.5075945 0.8864358 6.702073 0.613867 0.6211233 6.799782 0.7178472 0.7251031 6.702073 -0.4340693 0.7590867 6.799782 -0.7178472 0.7251034 6.702073 -0.6138668 0.6211233 6.799782 -0.5075944 0.8864358 6.702073 -0.2246906 0.8458139 6.799782 -0.26275 0.9878533 6.702073 -0.8385577 0.231947 6.799782 -1.015189 0.007256507 6.702073 -0.868139 0.007256507 6.799782 -0.9805974 0.2700067 6.702073 -0.7518302 0.441326 6.799782 -0.8791794 0.5148509 6.702073 -0.7518303 -0.4268131 6.799782 -0.7178472 -0.7105906 6.702071 -0.6138668 -0.6066108 6.799782 -0.8791794 -0.5003383 6.702071 -0.8385577 -0.2174341 6.799782 -0.9805974 -0.2554939 6.702073 -0.2246907 -0.8313015 6.799782 0 -1.007933 6.702075 0 -0.8608825 6.799782 -0.2627503 -0.9733415 6.702071 -0.4340696 -0.7445741 6.799782 -0.5075947 -0.8719232 6.702071 0.4340696 -0.7445741 6.799782 0.7178474 -0.7105911 6.702071 0.613867 -0.606611 6.799782 0.5075947 -0.8719235 6.702071 0.2246909 -0.8313015 6.799782 0.2627503 -0.9733415 6.702071 0.8385581 -0.2174341 6.799782 1.015189 0.007256507 6.702073 0.8681392 0.007256507 6.799782 0.9805977 -0.2554941 6.702073 0.7518305 -0.4268131 6.799782 0.8791797 -0.5003383 6.702071 1.015189 0.007256507 6.702073 0.626431 0.007256507 6.701096 0.6050857 0.1693885 6.701096 0.9805976 0.2700065 6.702073 0.5425052 0.3204718 6.701096 0.8791796 0.5148505 6.702073 0.4429537 0.4502097 6.701096 0.7178472 0.7251031 6.702073 0.3132156 0.5497612 6.701096 0.5075945 0.8864358 6.702073 0.1621323 0.6123422 6.701096 0.2627503 0.9878533 6.702073 0 0.6336874 6.701096 0 1.022447 6.702075 0 0.8753951 6.799782 0 0.6336874 6.800759 0.1621323 0.6123422 6.800759 0.2246909 0.8458139 6.799782 0.3132156 0.5497612 6.800759 0.4340693 0.7590861 6.799782 0.4429535 0.4502097 6.800759 0.613867 0.6211233 6.799782 -0.6138668 0.6211233 6.799782 -0.4429537 0.4502101 6.800759 -0.3132153 0.5497612 6.800759 -0.4340693 0.7590867 6.799782 -0.1621322 0.6123422 6.800759 -0.2246906 0.8458139 6.799782 -0.868139 0.007256507 6.799782 -0.6264309 0.007256507 6.800759 -0.6050857 0.1693885 6.800759 -0.8385577 0.231947 6.799782 -0.542505 0.3204719 6.800759 -0.7518302 0.441326 6.799782 -0.6138668 -0.6066108 6.799782 -0.4429535 -0.4356973 6.800759 -0.542505 -0.3059592 6.800759 -0.7518303 -0.4268131 6.799782 -0.6050859 -0.1548759 6.800759 -0.8385577 -0.2174341 6.799782 0 -0.8608825 6.799782 0 -0.6191747 6.800759 -0.1621322 -0.5978296 6.800759 -0.2246907 -0.8313015 6.799782 -0.3132154 -0.5352488 6.800759 -0.4340696 -0.7445741 6.799782 0.613867 -0.606611 6.799782 0.4429541 -0.4356968 6.80076 0.3132156 -0.5352488 6.800759 0.4340696 -0.7445741 6.799782 0.1621322 -0.5978296 6.800759 0.2246909 -0.8313015 6.799782 0.8681392 0.007256507 6.799782 0.626431 0.007256507 6.800759 0.6050862 -0.1548759 6.800759 0.8385581 -0.2174341 6.799782 0.5425053 -0.3059592 6.800759 0.7518305 -0.4268131 6.799782 -0.542505 -0.3059592 6.800759 -0.542505 -0.3059592 6.701096 -0.6050859 -0.1548759 6.800759 -0.6050859 -0.1548759 6.701096 -0.6264309 0.007256507 6.800759 -0.6264309 0.007256507 6.701096 -0.6050857 0.1693885 6.800759 -0.6050857 0.1693886 6.701096 -0.542505 0.3204719 6.800759 -0.542505 0.3204719 6.701096 -0.4429537 0.4502101 6.800759 -0.4429537 0.4502101 6.701096 -0.3132153 0.5497612 6.800759 -0.3132153 0.5497612 6.701096 -0.1621322 0.6123422 6.800759 -0.1621322 0.6123442 6.701097 0 0.6336874 6.800759 0.1621323 0.6123422 6.800759 0.3132156 0.5497612 6.800759 0.4429535 0.4502097 6.800759 0.5425052 0.3204718 6.800759 0.6050859 0.1693885 6.800759 0.626431 0.007256507 6.800759 0.6050862 -0.1548759 6.800759 0.605086 -0.1548759 6.701096 0.5425053 -0.3059592 6.800759 0.5425053 -0.3059592 6.701096 0.8385577 0.231947 6.799782 0.6050859 0.1693885 6.800759 0.7518302 0.4413256 6.799782 0.5425052 0.3204718 6.800759 0.9805977 -0.2554941 6.702073 0.8791797 -0.5003383 6.702071 0.7178474 -0.7105911 6.702071 0.5075947 -0.8719235 6.702071 0.2627503 -0.9733415 6.702071 0 -1.007933 6.702075 -0.2627503 -0.9733415 6.702071 -0.5075947 -0.8719232 6.702071 -0.7178472 -0.7105906 6.702071 -0.8791794 -0.5003383 6.702071 -0.9805974 -0.2554939 6.702073 -1.015189 0.007256507 6.702073 -0.9805974 0.2700067 6.702073 -0.8791794 0.5148509 6.702073 -0.7178472 0.7251034 6.702073 -0.5075944 0.8864358 6.702073 -0.26275 0.9878533 6.702073 0.9805976 0.2700065 6.702073 0.8385577 0.231947 6.799782 0.8791796 0.5148505 6.702073 0.7518302 0.4413256 6.799782 0.5425053 -0.3059592 6.701096 0.605086 -0.1548759 6.701096 0 0.007256746 6.701096 0.4429537 -0.4356973 6.701096 0.3132156 -0.5352488 6.701096 0.1621323 -0.5978296 6.701096 0 -0.6191747 6.701096 -0.1621323 -0.5978291 6.701097 -0.3132153 -0.5352488 6.701096 -0.4429537 -0.4356973 6.701096 -0.542505 -0.3059592 6.701096 -0.6050859 -0.1548759 6.701096 -0.6264309 0.007256507 6.701096 -0.6050857 0.1693886 6.701096 -0.542505 0.3204719 6.701096 -0.4429537 0.4502101 6.701096 -0.3132153 0.5497612 6.701096 -0.1621322 0.6123442 6.701097 0 0.6336874 6.701096 0.1621323 0.6123422 6.701096 0.3132156 0.5497612 6.701096 0.4429537 0.4502097 6.701096 0.5425052 0.3204718 6.701096 0.6050857 0.1693885 6.701096 0.626431 0.007256507 6.701096 0.0780512 -1.020859 6.203089 0.09123528 -1.034293 6.226478 0.09123528 -1.020859 6.203088 0.01961141 -2.123865 6.418301 0 -1.811664 6.437912 0 -2.123865 6.437912 0.01961147 -1.811662 6.418301 0 -2.123865 6.398688 0 -1.811664 6.398688 -0.09123528 -1.504592 6.187459 -0.09123522 -1.814439 6.098456 -0.09123522 -1.814611 6.18746 -0.09123539 -1.027198 6.098494 -0.09123539 -1.020859 6.203088 -0.09123528 -1.46521 6.226596 -0.09123539 -1.034293 6.226478 -0.09123539 -0.990499 6.159675 -0.09123539 -0.990499 6.199497 -0.07892417 -1.039736 6.319155 0 -1.039972 6.319157 -0.1041226 -1.106819 6.319153 -0.09154695 -1.106819 6.319153 -0.1041226 -1.123746 6.319153 -0.09154695 -1.106819 6.319153 -0.09154695 -1.123746 6.319153 0.1041226 -1.106819 6.319153 0.09154695 -1.106819 6.319153 0.07892417 -1.039736 6.319155 0.09154695 -1.106819 6.319153 0.1041226 -1.123746 6.319153 0.09154695 -1.123746 6.319153 -0.02617305 -3.227583 6.2468 -0.02617305 -3.227583 6.284831 -0.03235167 -3.227583 6.265816 0.009997189 -3.227583 6.235048 -0.009997189 -3.227583 6.235048 0.009997189 -3.227583 6.296584 -0.009997189 -3.227583 6.296584 0.03235173 -3.227583 6.265816 0.02617305 -3.227583 6.2468 0.02617305 -3.227583 6.284831 -0.09123539 -1.034293 6.226478 -0.07805132 -1.020859 6.203089 -0.09123539 -1.020859 6.203088 -0.07805132 -1.034282 6.23797 -0.09123528 -1.46521 6.226596 -0.0780512 -1.46521 6.23797 -0.0780512 -1.504592 6.198835 -0.09123528 -1.504592 6.187459 -0.07805132 -1.805082 6.198835 -0.09123522 -1.814611 6.18746 0.01961147 -1.811662 6.418301 0 -1.811664 6.398688 -0.01961147 -1.811664 6.418301 0 -1.811664 6.437912 0 -2.123865 6.437912 -0.01961159 -2.123865 6.418301 0 -2.123865 6.398688 0.01961141 -2.123865 6.418301 -0.01961147 -1.811664 6.418301 -0.01961159 -2.123865 6.418301 -0.09123539 -0.990499 6.159675 -0.09123539 -0.990499 6.199497 -0.07797664 -0.990499 6.15994 -0.07797658 -0.990499 6.199497 -0.07797658 -1.004984 6.426165 -0.07799273 -0.5991519 6.426165 -0.07797658 -0.6675313 6.235422 -0.07797658 -0.7547813 6.235419 -0.07797658 -1.004924 6.346364 -0.07797658 -0.990499 6.199497 -0.07797658 -0.7547813 6.160263 -0.07797664 -0.990499 6.15994 -0.07805132 -1.034282 6.23797 -0.07805132 -1.04713 6.346389 -0.0780512 -1.46521 6.23797 -0.07805138 -1.805082 6.346389 -0.0780512 -1.504592 6.198835 -0.07805132 -1.805082 6.198835 -0.07805132 -1.020859 6.203089 0.0780512 -1.020859 6.203089 0.0780512 -0.990499 6.199497 0.0780512 -1.034282 6.23797 0.07805114 -1.504592 6.198835 0.07805114 -1.805082 6.346389 0.07805114 -1.805082 6.198835 0.07805114 -1.46521 6.23797 0.0780512 -1.04713 6.346389 0.07805132 -1.004984 6.346389 0.07805132 -0.7547813 6.235419 0.07805132 -0.7547813 6.160263 0.0780512 -0.990499 6.159935 0.05385535 -1.04713 6.426165 0.05385524 -1.805082 6.426165 0.07805132 -0.6675313 6.235422 0.07805132 -0.5991514 6.426165 0.0780512 -1.004984 6.426165 0.02380794 -0.5991519 6.426165 0.0780512 -1.004984 6.426165 0.07805132 -0.5991514 6.426165 -0.07797658 -1.004984 6.426165 -0.07799273 -0.5991519 6.426165 -0.09172338 -1.106819 6.399495 -0.07162261 -1.106819 6.439949 -0.03721195 -1.106819 6.467945 0 -1.106819 6.475379 0.09172338 -1.106819 6.399495 0.07162261 -1.106819 6.439949 0.03721195 -1.106819 6.467945 -0.07162261 -1.106819 6.439949 -0.09172385 -1.977551 6.399491 -0.09172338 -1.106819 6.399495 -0.07162255 -1.977551 6.439949 -0.03721195 -1.106819 6.467945 -0.03721195 -1.977551 6.467945 0 -1.106819 6.475379 0 -1.977551 6.475379 -0.09154695 -1.106819 6.319153 -0.09154695 -1.123746 6.319153 -0.09154695 -1.155442 6.368679 -0.09154689 -1.53381 6.368679 -0.09154677 -1.811149 6.344976 -0.09154689 -1.567487 6.247837 -0.09154677 -1.811149 6.247837 -0.07888621 -1.039736 6.381854 0 -1.039972 6.319157 -0.07892417 -1.039736 6.319155 -0.06184786 -1.039736 6.416523 -0.03235584 -1.039736 6.440519 0 -1.039736 6.447103 0.03235584 -1.039736 6.440519 0.06184774 -1.039736 6.416523 0.07888621 -1.039736 6.381854 0.07892417 -1.039736 6.319155 0.02937048 -1.80571 6.19488 0.07090741 -1.80571 6.29516 0.07090729 -1.80571 6.236419 -0.0293715 -1.80571 6.336697 -0.07090836 -1.80571 6.236419 -0.07090836 -1.80571 6.29516 -0.0293715 -1.80571 6.19488 0.02937036 -1.80571 6.336697 0.02996242 -2.117711 6.315341 0.02996242 -2.102179 6.443297 0.02996253 -2.11769 6.416434 0.02996242 -2.07116 6.443297 0.0299623 -1.963267 6.315373 0.02996253 -1.978138 6.334334 0.02996253 -2.055695 6.366804 0.02996242 -2.055649 6.416434 0.07805114 -1.805082 6.198835 0.09123522 -1.814611 6.18746 0.09123522 -1.504592 6.187459 0.07805114 -1.504592 6.198835 0.09123528 -1.46521 6.226596 0.07805114 -1.46521 6.23797 0.0780512 -1.034282 6.23797 -0.02996236 -2.10218 6.4433 -0.02996242 -2.117711 6.315341 -0.0299623 -2.11769 6.416435 -0.02996236 -1.978138 6.334334 -0.02996253 -1.963267 6.315373 -0.02996236 -2.055695 6.366804 -0.02996236 -2.07116 6.4433 -0.02996236 -2.055649 6.416435 0.09123528 -0.990499 6.199497 0.0780512 -0.990499 6.199497 0.0780512 -0.990499 6.159935 0.09123528 -0.990499 6.159675 0.09123522 -1.814611 6.18746 0.09123522 -1.814439 6.098456 0.09123522 -1.504592 6.187459 0.09123528 -1.027198 6.098494 0.09123528 -1.020859 6.203088 0.09123528 -1.46521 6.226596 0.09123528 -1.034293 6.226478 0.09123528 -0.990499 6.159675 0.09123528 -0.990499 6.199497 0.01534467 -3.27815 6.313041 0.01319509 -3.225579 6.297646 -0.01319634 -3.225579 6.297646 -0.01534467 -3.27815 6.313041 -0.04017293 -3.27815 6.295003 -0.03185808 -3.225579 6.278986 -0.04965656 -3.27815 6.265816 -0.03185802 -3.225579 6.252593 -0.04017293 -3.27815 6.236629 -0.01319634 -3.225579 6.233932 -0.01534467 -3.27815 6.218589 0.01319509 -3.225579 6.233932 0.01534467 -3.27815 6.218589 0.04017293 -3.27815 6.236629 0.01905614 -3.454859 6.207167 0.01534467 -3.27815 6.218589 0.0498898 -3.454859 6.229568 0.04965656 -3.27815 6.265816 0.0616672 -3.454859 6.265816 0.04017293 -3.27815 6.295003 0.0498898 -3.454859 6.302063 0.01534467 -3.27815 6.313041 0.01905614 -3.454859 6.324465 -0.01534467 -3.27815 6.313041 -0.0190562 -3.454859 6.324465 -0.04017293 -3.27815 6.295003 -0.04988986 -3.454859 6.302063 -0.04965656 -3.27815 6.265816 -0.06166726 -3.454859 6.265816 -0.04017293 -3.27815 6.236629 -0.04988986 -3.454859 6.229568 -0.01534467 -3.27815 6.218589 -0.0190562 -3.454859 6.207167 0.09172338 -1.106819 6.399495 0.09154695 -1.155442 6.368679 0.09154689 -1.53381 6.368679 0.09154695 -1.123746 6.319153 0.09154695 -1.106819 6.319153 0.09154677 -1.811149 6.344976 0.09154689 -1.567487 6.247837 0.09154677 -1.811149 6.247837 0.09172385 -1.977551 6.399491 0.07162261 -1.106819 6.439949 0.07162255 -1.977551 6.439949 0.03721195 -1.106819 6.467945 0.03721195 -1.977551 6.467945 0.04486364 -1.930504 6.284373 0.01858276 -1.85449 6.310654 0.01858276 -1.930504 6.310654 0.04486364 -1.85449 6.284373 0.04486358 -1.930504 6.247206 0.04486364 -1.85449 6.247206 0.01858282 -1.930504 6.220925 0.01858282 -1.85449 6.220925 -0.01858383 -1.930504 6.220925 -0.01858383 -1.85449 6.220925 -0.04486465 -1.930504 6.247206 -0.04486471 -1.85449 6.247206 -0.04486471 -1.930504 6.284373 -0.04486471 -1.85449 6.284373 -0.01858383 -1.930504 6.310654 -0.01858383 -1.85449 6.310654 0.02343714 -2.120911 6.322373 -0.02343827 -1.948522 6.322373 -0.02343827 -2.120911 6.322373 0.02343714 -1.948522 6.322373 0.05658328 -2.120911 6.289227 0.05658328 -1.948522 6.289227 0.05658328 -2.120911 6.242352 0.05658328 -1.948522 6.242351 -0.05658435 -2.120911 6.289227 -0.05658435 -1.948522 6.242351 -0.05658429 -2.120911 6.242352 -0.05658435 -1.948522 6.289227 0.02996242 -2.102179 6.443297 -0.02996236 -2.10218 6.4433 -0.0299623 -2.11769 6.416435 0.02996253 -2.11769 6.416434 -0.02996242 -2.117711 6.315341 0.02996242 -2.117711 6.315341 0.0299623 -1.963267 6.315373 -0.02996253 -1.963267 6.315373 -0.02996236 -1.978138 6.334334 0.02996253 -1.978138 6.334334 0.02996253 -2.055695 6.366804 -0.02996236 -2.055695 6.366804 0.02996242 -2.055649 6.416434 -0.02996236 -2.055649 6.416435 0.02996242 -2.07116 6.443297 -0.02996236 -2.07116 6.4433 -0.07805138 -1.805082 6.346389 -0.05385547 -1.805082 6.426165 -0.05385541 -1.04713 6.426165 -0.07805132 -1.04713 6.346389 -0.07797658 -0.7547813 6.235419 0.07805132 -0.7547813 6.235419 0.07805132 -0.7547813 6.160263 -0.07797658 -0.7547813 6.160263 -0.05385547 -1.805082 6.426165 0.05385524 -1.805082 6.426165 0.05385535 -1.04713 6.426165 -0.05385541 -1.04713 6.426165 0.05385535 -1.04713 6.426165 0.0780512 -1.04713 6.346389 -0.07805132 -1.04713 6.346389 -0.05385541 -1.04713 6.426165 -0.07805132 -1.04713 6.346389 0.0780512 -1.04713 6.346389 0.07805132 -1.004984 6.346389 -0.07797658 -1.004924 6.346364 0.07805132 -1.004984 6.346389 0.0780512 -1.004984 6.426165 -0.07797658 -1.004984 6.426165 -0.07797658 -1.004924 6.346364 -0.1041226 -1.53381 6.368679 -0.1040726 -1.106819 6.401871 -0.1041226 -1.155442 6.368679 -0.1041226 -1.123746 6.319153 -0.1041226 -1.106819 6.319153 -0.07892417 -1.039736 6.319155 -0.07888621 -1.039736 6.381854 -0.08159428 -1.106819 6.44761 -0.06184786 -1.039736 6.416523 -0.04268634 -1.106819 6.479267 -0.03235584 -1.039736 6.440519 0 -1.039736 6.447103 0 -1.106819 6.487954 0 -1.977551 6.487954 -0.04268646 -1.977551 6.479267 -0.08159428 -1.977551 6.447609 -0.1040732 -1.977551 6.401867 -0.1041225 -1.811149 6.344976 -0.1041226 -1.567487 6.247837 -0.1041225 -1.811149 6.247837 0.03526252 -2.037429 6.112408 0.05658328 -2.120911 6.242352 0.02343714 -2.120911 6.209206 0 -2.037429 6.094833 -0.02343827 -2.120911 6.209206 -0.0352627 -2.037429 6.112408 -0.05658429 -2.120911 6.242352 -0.1041226 -1.155442 6.368679 -0.1041226 -1.123746 6.319153 -0.09154695 -1.123746 6.319153 -0.09154695 -1.155442 6.368679 -0.1041226 -1.53381 6.368679 -0.1041226 -1.155442 6.368679 -0.09154695 -1.155442 6.368679 -0.09154689 -1.53381 6.368679 -0.1041226 -1.567487 6.247837 -0.1041226 -1.53381 6.368679 -0.09154689 -1.53381 6.368679 -0.09154689 -1.567487 6.247837 -0.1041225 -1.811149 6.247837 -0.1041226 -1.567487 6.247837 -0.09154689 -1.567487 6.247837 -0.09154677 -1.811149 6.247837 -0.1041225 -1.811149 6.344976 -0.1041225 -1.811149 6.247837 -0.09154677 -1.811149 6.247837 -0.09154677 -1.811149 6.344976 -0.09172385 -1.977551 6.399491 -0.1040732 -1.977551 6.401867 -0.1041225 -1.811149 6.344976 -0.09154677 -1.811149 6.344976 -0.08159428 -1.977551 6.447609 -0.1040732 -1.977551 6.401867 -0.09172385 -1.977551 6.399491 -0.07162255 -1.977551 6.439949 -0.03721195 -1.977551 6.467945 -0.04268646 -1.977551 6.479267 0 -1.977551 6.487954 0 -1.977551 6.475379 0.1041226 -1.155442 6.368679 0.1040726 -1.106819 6.401871 0.1041226 -1.53381 6.368679 0.1041226 -1.123746 6.319153 0.1041226 -1.106819 6.319153 0.07892417 -1.039736 6.319155 0.07888621 -1.039736 6.381854 0.08159428 -1.106819 6.44761 0.06184774 -1.039736 6.416523 0.04268634 -1.106819 6.479267 0.03235584 -1.039736 6.440519 0.04268646 -1.977551 6.479267 0.08159428 -1.977551 6.447609 0.1040732 -1.977551 6.401867 0.1041225 -1.811149 6.344976 0.1041226 -1.567487 6.247837 0.1041225 -1.811149 6.247837 0.03721195 -1.977551 6.467945 0.04268646 -1.977551 6.479267 0.07162255 -1.977551 6.439949 0.08159428 -1.977551 6.447609 0.09172385 -1.977551 6.399491 0.1040732 -1.977551 6.401867 0.04418569 -2.279826 6.284091 0.02396839 -2.274166 6.323656 0.01830196 -2.279826 6.309976 0.05786579 -2.274166 6.289757 0.04418569 -2.279826 6.247488 0.05786579 -2.274166 6.24182 0.01830196 -2.279826 6.221603 0.02396845 -2.274166 6.207923 -0.01830303 -2.279826 6.221603 -0.02396953 -2.274166 6.207923 -0.04418683 -2.279826 6.247488 -0.05786687 -2.274166 6.24182 -0.04418683 -2.279826 6.284091 -0.05786687 -2.274166 6.289757 -0.01830303 -2.279826 6.309976 -0.02396953 -2.274166 6.323656 0.04486364 -1.85449 6.284373 0.02937036 -1.80571 6.336697 0.01858276 -1.85449 6.310654 0.07090741 -1.80571 6.29516 0.04486364 -1.85449 6.247206 0.07090729 -1.80571 6.236419 0.01858282 -1.85449 6.220925 0.02937048 -1.80571 6.19488 0.04418569 -2.20526 6.284091 0.01830196 -2.138172 6.309976 0.01830196 -2.20526 6.309976 0.04418569 -2.138172 6.284091 0.04418569 -2.20526 6.247488 0.04418569 -2.138172 6.247488 0.01830196 -2.20526 6.221603 0.01830196 -2.138172 6.221603 -0.01830303 -2.20526 6.221603 -0.01830303 -2.138172 6.221603 -0.04418683 -2.20526 6.247488 -0.04418683 -2.138172 6.247488 -0.04418683 -2.20526 6.284091 -0.04418683 -2.138172 6.284091 -0.01830303 -2.20526 6.309976 -0.01830303 -2.138172 6.309976 0.03185683 -3.225579 6.278986 0.01830196 -2.279826 6.309976 0.01319509 -3.225579 6.297646 0.04418569 -2.279826 6.284091 0.03185683 -3.225579 6.252593 0.04418569 -2.279826 6.247488 0.01319509 -3.225579 6.233932 0.01830196 -2.279826 6.221603 -0.01319634 -3.225579 6.233932 -0.01830303 -2.279826 6.221603 -0.03185802 -3.225579 6.252593 -0.04418683 -2.279826 6.247488 -0.03185808 -3.225579 6.278986 -0.04418683 -2.279826 6.284091 -0.01319634 -3.225579 6.297646 -0.01830303 -2.279826 6.309976 0.04288589 -3.454859 6.296975 0.0498898 -3.454859 6.302063 0.01905614 -3.454859 6.324465 0.0163809 -3.454859 6.316231 -0.0190562 -3.454859 6.324465 -0.0163809 -3.454859 6.316231 -0.04988986 -3.454859 6.302063 -0.04288595 -3.454859 6.296975 -0.06166726 -3.454859 6.265816 -0.05300992 -3.454859 6.265816 -0.04988986 -3.454859 6.229568 -0.04288595 -3.454859 6.234658 -0.0190562 -3.454859 6.207167 -0.0163809 -3.454859 6.215401 0.01905614 -3.454859 6.207167 0.0163809 -3.454859 6.215401 0.0498898 -3.454859 6.229568 0.04288589 -3.454859 6.234658 0.0616672 -3.454859 6.265816 0.05300992 -3.454859 6.265816 -0.07592451 -0.6675313 6.235422 -0.07797658 -0.7547813 6.235419 -0.07797658 -0.6675313 6.235422 -0.05410969 -0.6675313 6.235422 0.07805132 -0.7547813 6.235419 0.07598686 -0.6675313 6.235422 0.07805132 -0.6675313 6.235422 -0.03235167 -3.227583 6.265816 -0.05300992 -3.454859 6.265816 -0.04288595 -3.454859 6.234658 -0.02617305 -3.227583 6.2468 -0.0163809 -3.454859 6.215401 -0.009997189 -3.227583 6.235048 0.0163809 -3.454859 6.215401 0.009997189 -3.227583 6.235048 0.04288589 -3.454859 6.234658 0.02617305 -3.227583 6.2468 0.05300992 -3.454859 6.265816 0.03235173 -3.227583 6.265816 0.04288589 -3.454859 6.296975 0.02617305 -3.227583 6.284831 0.0163809 -3.454859 6.316231 0.009997189 -3.227583 6.296584 -0.0163809 -3.454859 6.316231 -0.009997189 -3.227583 6.296584 -0.04288595 -3.454859 6.296975 -0.02617305 -3.227583 6.284831 0.09154695 -1.123746 6.319153 0.1041226 -1.123746 6.319153 0.1041226 -1.155442 6.368679 0.09154695 -1.155442 6.368679 0.09154695 -1.155442 6.368679 0.1041226 -1.155442 6.368679 0.1041226 -1.53381 6.368679 0.09154689 -1.53381 6.368679 0.09154689 -1.53381 6.368679 0.1041226 -1.53381 6.368679 0.1041226 -1.567487 6.247837 0.09154689 -1.567487 6.247837 0.09154689 -1.567487 6.247837 0.1041226 -1.567487 6.247837 0.1041225 -1.811149 6.247837 0.09154677 -1.811149 6.247837 0.09154677 -1.811149 6.247837 0.1041225 -1.811149 6.247837 0.1041225 -1.811149 6.344976 0.09154677 -1.811149 6.344976 0.1041225 -1.811149 6.344976 0.1040732 -1.977551 6.401867 0.09172385 -1.977551 6.399491 0.09154677 -1.811149 6.344976 0.04017293 -3.27815 6.295003 0.03185683 -3.225579 6.278986 0.04965656 -3.27815 6.265816 0.03185683 -3.225579 6.252593 0.04017293 -3.27815 6.236629 -0.02996242 -2.117711 6.315341 -0.02996253 -1.963267 6.315373 0.0299623 -1.963267 6.315373 0.02996242 -2.117711 6.315341 0.05658328 -1.948522 6.242351 0.05658328 -2.120911 6.242352 0.03526252 -2.037429 6.112408 0.03544813 -1.948454 6.112186 -0.03544819 -1.948454 6.112186 -0.05658435 -1.948522 6.242351 -0.02343827 -1.948522 6.209206 0 -1.948454 6.094518 0.02343726 -1.948522 6.209206 -0.0352627 -2.037429 6.112408 -0.05658429 -2.120911 6.242352 -0.05385547 -1.805082 6.426165 0.07805114 -1.805082 6.346389 0.05385524 -1.805082 6.426165 -0.07805138 -1.805082 6.346389 -0.07805132 -1.805082 6.198835 0.07805114 -1.805082 6.198835 -0.0293715 -1.80571 6.336697 -0.01858383 -1.85449 6.310654 -0.07090836 -1.80571 6.29516 -0.04486471 -1.85449 6.284373 -0.07090836 -1.80571 6.236419 -0.04486471 -1.85449 6.247206 -0.0293715 -1.80571 6.19488 -0.01858383 -1.85449 6.220925 0.01858276 -1.930504 6.310654 0.02343714 -1.948522 6.322373 0.05658328 -1.948522 6.289227 0.04486364 -1.930504 6.284373 0.05658328 -1.948522 6.242351 0.04486358 -1.930504 6.247206 0.02343726 -1.948522 6.209206 0.01858282 -1.930504 6.220925 0.02396845 -2.210918 6.207923 0.02396845 -2.274166 6.207923 -0.02396953 -2.274166 6.207923 -0.02396953 -2.210918 6.207923 -0.05786687 -2.274166 6.24182 -0.05786687 -2.210918 6.24182 -0.05786687 -2.274166 6.289757 -0.05786687 -2.210918 6.289757 -0.02396953 -2.274166 6.323656 -0.02396953 -2.210918 6.323656 0.02396839 -2.274166 6.323656 0.02396845 -2.210918 6.323656 -0.02343827 -1.948522 6.209206 -0.01858383 -1.930504 6.220925 -0.05658435 -1.948522 6.242351 -0.04486465 -1.930504 6.247206 -0.05658435 -1.948522 6.289227 -0.04486471 -1.930504 6.284373 -0.02343827 -1.948522 6.322373 -0.01858383 -1.930504 6.310654 0.05786579 -2.274166 6.289757 0.05786579 -2.210918 6.289757 0.05786579 -2.274166 6.24182 0.05786579 -2.210918 6.24182</float_array>
          <technique_common>
            <accessor source="#tower-mesh-positions-array" count="996" stride="3">
              <param name="X" type="float"/>
              <param name="Y" type="float"/>
              <param name="Z" type="float"/>
            </accessor>
          </technique_common>
        </source>
        <source id="tower-mesh-normals">
          <float_array id="tower-mesh-normals-array" count="3321">0.323431 0.905918 0.2733225 0.3254462 0.905366 0.2727588 0.2110773 0.9295967 0.3021531 0.2092683 0.9298677 0.302577 -0.910588 0.2820075 0.3021612 -0.946261 0.1728695 0.2733244 -0.9099182 0.2837095 0.3025852 -0.9467908 0.1708483 0.2727606 -0.4590236 0.7950554 0.3964648 -0.2376126 0.8867671 0.3964648 -0.4590295 0.795052 0.3964647 -0.2376149 0.8867669 0.3964642 1.95656e-6 0.9180501 0.3964644 -3.92778e-6 0.9180502 0.3964642 0.2376137 0.8867672 0.396464 0.2376048 0.8867691 0.3964651 0.4590258 0.7950541 0.3964648 0.4590213 0.7950568 0.3964648 0.001823127 -0.7411287 -0.6713606 0.002031624 -0.7419906 -0.6704073 -0.0972774 -0.7323664 -0.6739262 -0.09613078 -0.7302085 -0.6764278 -0.194225 -0.7146458 -0.6719807 -0.1954325 -0.715784 -0.6704174 -0.3709963 -0.6425723 -0.6704197 -0.3709926 -0.6425743 -0.6704199 -0.5246629 -0.5246566 -0.6704211 -0.5246586 -0.5246597 -0.670422 -0.6425784 -0.3709878 -0.6704187 -0.642574 -0.3709909 -0.6704212 -0.7166859 -0.1920317 -0.6704366 -0.7166835 -0.1920347 -0.6704383 -0.7419707 4.79626e-6 -0.6704324 -0.7419711 1.90718e-6 -0.6704319 -0.7166849 0.1920403 -0.6704352 -0.7166855 0.1920375 -0.6704353 -0.6425614 0.3709874 -0.6704351 -0.6425626 0.370985 -0.6704354 -0.5246487 0.5246537 -0.6704344 -0.5246496 0.524652 -0.6704351 -0.3709778 0.6425663 -0.6704358 -0.3709796 0.6425651 -0.6704359 -0.1920299 0.7166896 -0.6704331 -0.1920334 0.7166896 -0.6704322 4.59374e-6 0.741978 -0.6704242 1.07603e-6 0.7419788 -0.6704233 0.1920436 0.7166975 -0.6704207 0.192041 0.7166982 -0.6704208 0.3709973 0.6425686 -0.6704227 0.3709945 0.6425697 -0.6704232 0.5246554 0.5246563 -0.6704272 0.5246534 0.5246574 -0.6704277 0.6425653 0.3709809 -0.6704351 0.6425647 0.3709817 -0.6704351 0.7166875 0.1920325 -0.6704347 0.716687 0.1920351 -0.6704344 0.741969 -3.69341e-6 -0.6704342 0.7419695 -5.32092e-7 -0.6704337 0.7166926 -0.1920371 -0.6704278 0.7166931 -0.1920348 -0.670428 0.6425664 -0.3709886 -0.6704298 0.6425663 -0.3709865 -0.6704308 0.5246536 -0.5246606 -0.6704252 0.5246549 -0.5246589 -0.6704255 0.3709899 -0.6425737 -0.670422 0.3709918 -0.6425727 -0.6704219 0.1920384 -0.7166981 -0.6704217 0.1920381 -0.7166973 -0.6704226 -0.006060838 0.001619637 0.9999803 -0.006058871 0.001618981 0.9999804 -0.00627166 0 0.9999804 -0.006271243 0 0.9999803 -0.006049752 -0.001621425 0.9999804 -0.006049454 -0.001621365 0.9999804 -0.005425214 -0.003134548 0.9999805 -0.005426406 -0.003135263 0.9999804 -0.004459559 -0.004452228 0.9999802 -0.004459977 -0.004453063 0.9999802 -0.003141522 -0.005453824 0.9999802 -0.00314027 -0.005453824 0.9999803 -0.001630961 -0.006082952 0.9999803 -0.001630902 -0.006082952 0.9999803 4.9657e-7 -0.006297528 0.9999803 4.81853e-7 -0.006297528 0.9999803 -7.21444e-6 0.7463266 0.6655799 -2.90552e-6 0.7463274 0.6655791 0.1931645 0.7208957 0.6655801 0.1931607 0.7208969 0.6655799 0.3731595 0.6463392 0.6655807 0.373157 0.6463412 0.6655802 0.527738 0.5277309 0.6655769 0.527735 0.5277339 0.665577 0.6463402 0.3731622 0.6655783 0.6463364 0.3731668 0.6655793 0.7208983 0.1931641 0.6655775 0.7208961 0.1931686 0.6655786 0.7463306 1.2645e-6 0.6655754 0.7463297 5.52861e-6 0.6655765 0.7208961 -0.1931656 0.6655793 0.720896 -0.1931626 0.6655803 0.6463366 -0.3731628 0.6655814 0.6463378 -0.3731597 0.665582 0.5277339 -0.5277332 0.6655784 0.527737 -0.52773 0.6655786 -1.75358e-5 0.006304621 0.9999802 -1.8015e-5 0.006319642 0.99998 -0.00162816 0.00607419 0.9999803 -0.00162816 0.006072342 0.9999803 -0.003151476 0.005444347 0.9999802 -0.003150343 0.005444347 0.9999803 -0.004447698 0.004447758 0.9999802 -0.004443824 0.004446268 0.9999803 -0.005400896 0.003120005 0.9999806 -0.005399584 0.003118813 0.9999806 0.373165 -0.6463393 0.6655776 0.3731684 -0.646337 0.6655779 0.1931635 -0.7208957 0.6655805 0.1931676 -0.7208947 0.6655803 0.002286791 -0.7463438 0.6655568 0.002039313 -0.7463264 0.6655771 -0.953794 -0.01483511 0.3000952 -0.9539827 -0.01272815 0.2995914 -0.9380317 -0.1228748 0.3240345 -0.9376733 -0.124645 0.3243957 -0.1228824 -0.9380291 0.3240395 -0.01485162 -0.9537938 0.3000945 -0.1246526 -0.9376705 0.3244007 -0.01274484 -0.9539828 0.2995907 -0.09940266 -0.7422888 0.6626662 -0.09932458 -0.7423583 0.6626001 8.17962e-4 0.006171941 0.9999806 8.08734e-4 0.006139993 0.9999809 0.00164783 0.006047308 0.9999805 0.001655876 0.006064653 0.9999803 0.00315082 0.005444347 0.9999803 0.003149807 0.005444407 0.9999802 0.00444138 0.004445314 0.9999803 0.00444132 0.004445374 0.9999803 0.005445122 0.00314176 0.9999803 -0.7208952 -0.1931645 0.6655807 -0.7208933 -0.1931694 0.6655814 -0.6463364 -0.3731679 0.6655787 -0.6463396 -0.3731639 0.6655778 -0.5277276 -0.5277374 0.6655801 -0.5277321 -0.5277339 0.6655792 -0.3731643 -0.646341 0.6655763 -0.3731693 -0.6463383 0.6655761 -0.1965685 -0.7199786 0.6655761 -0.1970106 -0.7198997 0.6655308 0.005445837 0.003141462 0.9999803 0.006059587 0.001621663 0.9999803 0.006059825 0.001621425 0.9999804 0.006271243 0 0.9999803 0.006270527 0 0.9999804 0.006041169 -0.001621365 0.9999805 0.006041646 -0.001621365 0.9999805 0.00542736 -0.003132283 0.9999804 0.0054304 -0.003133594 0.9999804 0.004444777 -0.004453837 0.9999803 -0.1931648 0.720903 0.6655721 -0.1931686 0.7209012 0.6655731 -0.3731709 0.6463419 0.6655717 -0.3731677 0.646344 0.6655715 -0.5277409 0.5277358 0.6655709 -0.5277364 0.5277389 0.6655719 -0.6463377 0.3731641 0.6655795 -0.6463364 0.3731641 0.6655808 -0.7208968 0.193164 0.6655791 -0.7208967 0.1931638 0.6655793 -0.7463282 -3.8371e-6 0.6655782 -0.7463283 6.95474e-7 0.665578 0.004447758 -0.00445491 0.9999803 0.003145098 -0.005453824 0.9999803 0.003146767 -0.005453824 0.9999803 0.001630306 -0.006082952 0.9999803 0.001630902 -0.006082952 0.9999803 -0.2110773 0.9295967 0.3021531 -0.3254462 0.905366 0.2727588 -0.323431 0.905918 0.2733225 -0.2092683 0.9298677 0.302577 0.9099182 0.2837095 0.3025852 0.9462614 0.172869 0.2733236 0.910588 0.2820075 0.3021612 0.9467909 0.1708478 0.2727598 0.9380317 -0.1228748 0.3240345 0.9539832 -0.01272809 0.29959 0.9537944 -0.014835 0.3000937 0.9376733 -0.124645 0.3243957 0.1246526 -0.9376705 0.3244007 0.01485127 -0.9537938 0.3000948 0.1228824 -0.9380291 0.3240395 0.01274448 -0.9539826 0.299591 -0.1199846 -0.9114192 0.3935973 -1.74379e-7 -0.9180507 0.3964632 -6.37709e-7 -0.9180502 0.3964642 -0.1199837 -0.9114185 0.3935992 -0.1199859 -0.9114181 0.3935995 -0.1199905 -0.911418 0.3935986 -0.1199901 -0.9114178 0.3935987 -3.80764e-6 0 -1 1.69003e-6 0 -1 0 0 -1 -2.70404e-6 0 -1 0.9980331 0 -0.06269061 0.998033 0 -0.06269067 0.9980331 0 -0.06269061 0.9980331 0 -0.06269055 -0.1199898 -0.9114173 0.3936002 -2.66782e-7 -0.9180501 0.3964645 1.80393e-7 -0.9180502 0.3964645 -0.1199914 -0.9114171 0.3935999 -0.1199906 -0.9114182 0.3935977 -0.2376077 -0.8867693 0.3964629 -3.7233e-7 -0.9180501 0.3964645 0 -0.9180495 0.3964658 -0.1199882 -0.9114187 0.3935976 1.58093e-7 -0.918051 0.3964623 -0.2376129 -0.8867676 0.3964635 -0.2376036 -0.8867708 0.396462 -0.4590253 -0.7950547 0.3964645 -0.4590248 -0.7950547 0.3964648 -0.6491593 -0.6491595 0.3964647 -0.6491562 -0.6491629 0.3964641 -0.7950554 -0.4590239 0.3964643 -0.7950522 -0.4590296 0.3964641 -0.8867686 -0.2376072 0.3964648 -0.8867669 -0.2376139 0.3964648 -0.9180499 1.6559e-6 0.396465 -0.9180499 -3.8339e-6 0.3964647 -0.8867679 0.2376093 0.396465 -0.8867682 0.2376093 0.3964646 -0.7950544 0.4590253 0.3964648 -0.7950545 0.459025 0.396465 -0.649159 0.6491598 0.3964648 -0.6491627 0.6491561 0.3964647 0.1199852 -0.9114187 0.3935983 0.1199844 -0.911418 0.3936002 0.119988 -0.911418 0.393599 0.1199904 -0.9114178 0.3935989 0.1199909 -0.9114176 0.3935993 0 0 -1 -0.9980331 0 -0.06269061 -0.998033 0 -0.06269067 -0.9980331 0 -0.06269061 -0.9980331 0 -0.06269055 0.1199894 -0.9114174 0.3936002 0.119992 -0.9114171 0.3935999 0.2376085 -0.8867694 0.3964625 0.1199909 -0.9114183 0.3935975 0.8867692 -0.2376047 0.3964649 0.8867681 -0.2376095 0.3964647 0.7950543 -0.459026 0.3964641 0.7950566 -0.4590219 0.3964644 0.649158 -0.649161 0.3964642 0.6491625 -0.6491563 0.3964647 0.4590244 -0.7950552 0.3964645 0.4590297 -0.7950519 0.3964649 0.2376033 -0.8867712 0.3964612 0.2376134 -0.8867673 0.3964639 0.1199885 -0.9114183 0.393598 0.2588198 0.9659257 3.45676e-6 -4.49707e-7 1 0 -3.77946e-7 1 8.03334e-7 0.2588209 0.9659253 3.73968e-6 0.4999997 0.8660257 1.76766e-6 0.4999994 0.8660258 8.12644e-7 0.7071057 0.7071079 -4.74286e-7 0.7071057 0.7071079 -7.52853e-7 -0.4999989 0.866026 -2.24778e-7 -0.7071046 0.707109 -4.94861e-7 -0.7071039 0.7071098 -1.89759e-7 -0.5 0.8660256 0 -0.2588192 0.9659258 0 -0.2588205 0.9659255 0 0.6491605 0.6491582 0.3964648 0.6491566 0.6491622 0.3964647 0.7950549 0.4590243 0.3964651 0.7950522 0.4590291 0.3964648 0.8867683 0.2376081 0.3964648 0.886767 0.2376134 0.3964645 0.9180501 -6.0593e-7 0.3964646 0.9180501 5.51371e-6 0.3964647 0.1432405 0.5345664 0.8328992 -7.24337e-7 0.5534178 0.8329039 -2.60728e-6 0.5534177 0.832904 0.1432411 0.5345676 0.8328983 0.2767114 0.4792811 0.8328989 0.2767114 0.4792806 0.8328992 0.3913301 0.3913323 0.8328984 0.3913316 0.3913312 0.8328983 -0.2767149 0.4792809 0.8328978 -0.3913307 0.3913319 0.8328984 -0.3913317 0.3913306 0.8328984 -0.2767141 0.4792818 0.8328976 -0.1432383 0.5345688 0.8328981 -0.1432377 0.5345668 0.8328993 -0.5345688 0.1432359 0.8328984 -0.5534279 9.05738e-7 0.8328971 -0.5534275 -7.19366e-7 0.8328974 -0.5345678 0.1432376 0.8328989 -0.479281 0.2767125 0.8328985 -0.4792798 0.276714 0.8328987 -0.4792857 -0.2767179 0.832894 -0.3913395 -0.391336 0.8328923 -0.3913365 -0.3913375 0.832893 -0.4792851 -0.2767171 0.8328948 -0.5345671 -0.1432406 0.8328986 -0.5345676 -0.1432396 0.8328985 -0.14324 -0.5345719 0.8328958 1.56747e-6 -0.5534223 0.8329008 4.19167e-6 -0.5534224 0.8329008 -0.1432437 -0.5345735 0.832894 -0.2767156 -0.4792877 0.8328936 -0.2767187 -0.4792871 0.832893 0.2767174 -0.479287 0.8328934 0.3913362 -0.391337 0.8328934 0.3913373 -0.391336 0.8328933 0.276716 -0.4792875 0.8328936 0.1432384 -0.5345747 0.8328943 0.1432384 -0.5345722 0.8328959 0.5345672 -0.1432361 0.8328995 0.5534244 -4.48398e-7 0.8328994 0.5534248 1.38314e-6 0.8328992 0.5345685 -0.1432399 0.832898 0.4792858 -0.2767168 0.8328943 0.479286 -0.2767199 0.8328931 0.002511978 0 -0.9999969 0.00251466 0 -0.9999969 0.002427637 6.50465e-4 -0.9999969 0.002426326 6.50461e-4 -0.9999969 0.002176821 0.001256585 -0.9999969 0.002175688 0.001256585 -0.9999969 0.001777291 0.001777112 -0.9999969 0.001776278 0.001777052 -0.9999969 0.001257598 0.002176463 -0.9999969 0.001257061 0.002176463 -0.9999969 6.49449e-4 0.002427577 -0.9999969 6.5034e-4 0.002428889 -0.9999969 -5.27256e-6 0.002515733 -0.9999969 6.28514e-7 0.002515137 -0.9999969 -6.92143e-5 0.004419624 0.9999903 9.1936e-6 0.00394684 0.9999923 0.001048624 0.003904461 0.9999919 0.00104624 0.003904461 0.9999919 0.001983642 0.003412842 0.9999923 0.002017915 0.00350064 0.9999919 0.002860426 0.002714455 0.9999923 0.002817332 0.003094792 0.9999912 -0.003171265 0.003076553 0.9999903 -0.00256145 0.002617835 0.9999934 -0.00194627 0.003441631 0.9999923 -0.002081692 0.003573715 0.9999915 -0.001009583 0.003814995 0.9999923 -0.001045227 0.003904461 0.9999919 -0.004230916 -3.46239e-5 0.9999911 -0.004045069 0 0.9999919 -0.003761947 0.001024067 0.9999924 -0.004187881 0.001069664 0.9999907 -0.003107011 0.001846849 0.9999935 -0.003859341 0.002150416 0.9999903 -0.00304985 -0.003133475 0.9999905 -0.002768099 -0.002746284 0.9999924 -0.003388166 -0.001936078 0.9999924 -0.003649175 -0.002145051 0.9999911 -0.003682911 -9.59692e-4 0.9999928 -0.004033386 -0.001107215 0.9999913 -3.67352e-7 -0.004042148 0.9999919 -4.40205e-7 -0.004042148 0.9999919 -0.001011967 -0.003667533 0.9999928 -0.001056671 -0.004047751 0.9999913 -0.002023994 -0.00350064 0.9999919 -0.001939177 -0.00367546 0.9999914 0.003049135 -0.002831697 0.9999914 0.002709746 -0.002742648 0.9999927 0.001934587 -0.003387212 0.9999924 0.002174198 -0.003683745 0.9999909 9.07016e-4 -0.003546893 0.9999934 0.00124973 -0.004338085 0.9999899 0.004124045 1.16812e-4 0.9999915 0.003944814 -1.04139e-4 0.9999923 0.003385841 -9.66042e-4 0.9999939 0.004189074 -0.001069247 0.9999907 0.003284215 -0.001920223 0.9999928 0.003500938 -0.002020716 0.9999919 0.866025 0.5000007 -1.56033e-7 0.866025 0.5000008 0 0.9659258 0.2588196 0 0.9659256 0.2588199 0 1 -6.2672e-7 0 1 -6.5064e-7 0 0.965926 -0.2588188 -2.82181e-7 0.9659258 -0.2588191 -2.29463e-7 0.8660264 -0.4999983 0 0.866026 -0.4999992 0 0.7071042 -0.7071093 0 0.7071045 -0.7071091 0 0.499998 -0.8660266 0 0.5000014 -0.8660247 -3.05265e-6 0.2588236 -0.9659246 -1.53912e-5 0.2588233 -0.9659247 -1.50698e-5 -3.42064e-6 -1 -3.37401e-6 -5.83663e-6 -1 0 -0.2588191 -0.9659259 0 -0.2588197 -0.9659257 0 -0.5000005 -0.8660251 0 -0.5000008 -0.866025 -1.60667e-7 -0.7071059 -0.7071078 -8.55284e-7 -0.7071058 -0.7071079 -8.22611e-7 -0.8660251 -0.5000008 -1.9334e-7 -0.8660249 -0.5000008 2.90755e-7 -0.965926 -0.2588188 1.43834e-6 -0.9659259 -0.2588192 1.41735e-6 -1 -7.94164e-7 3.11745e-7 -1 -1.2343e-6 2.08364e-7 -0.9659258 0.2588194 9.76117e-7 -0.9659259 0.258819 9.80115e-7 -0.8660251 0.5000008 2.04365e-7 -0.866025 0.5000007 0 0.003903985 0.00104618 0.9999919 0.003905951 0.00104618 0.9999919 0.003540217 0.002108514 0.9999915 0.003422737 0.001964449 0.9999923 0.002426743 -6.46974e-4 -0.9999969 0.00242716 -6.48567e-4 -0.9999969 0.002174854 -0.001252233 -0.9999969 0.002171516 -0.001254141 -0.9999969 0.001775324 -0.001773655 -0.9999969 0.001770615 -0.001773595 -0.999997 0.001255333 -0.002172231 -0.9999969 0.001252889 -0.002172231 -0.9999969 6.45272e-4 -0.002424478 -0.9999969 6.47482e-4 -0.002426147 -0.9999969 8.45897e-7 -0.002514898 -0.9999969 0 -0.002512931 -0.9999969 -6.44315e-4 -0.002424299 -0.9999969 -6.493e-4 -0.002421319 -0.999997 -0.001252055 -0.002171754 -0.999997 -0.001254856 -0.002173721 -0.9999969 -0.001773357 -0.001773595 -0.9999969 -0.001775681 -0.001773595 -0.9999969 -0.002173185 -0.001250982 -0.999997 -0.002174437 -0.001253545 -0.9999969 -0.002425432 -6.47439e-4 -0.9999969 -0.002427637 -6.50466e-4 -0.9999969 -0.002511978 0 -0.9999969 -0.00251466 0 -0.9999969 -0.002425611 6.50481e-4 -0.9999969 -0.002429068 6.50474e-4 -0.9999969 -0.002175033 0.001256585 -0.9999969 -0.002178251 0.001256585 -0.9999969 -0.001775383 0.001777112 -0.9999969 -0.001777291 0.001777112 -0.9999969 -0.001256048 0.002176523 -0.9999969 -0.001255691 0.002176225 -0.9999969 -6.47836e-4 0.002426922 -0.9999969 -6.50271e-4 0.002428114 -0.9999969 0.534569 0.1432369 0.8328981 0.5345696 0.1432386 0.8328974 0.4792823 0.2767122 0.8328979 0.4792819 0.2767137 0.8328976 0 0 1 -4.72063e-7 0 1 0 0 1 -2.34745e-6 0 1 -2.34745e-6 0 1 4.6949e-6 0 1 4.69491e-6 1.47052e-6 1 0 1.47052e-6 1 7.01664e-7 0 1 -4.72063e-7 0 1 1.17373e-6 0 1 2.34746e-6 0 1 -2.34745e-6 -1.47051e-6 1 -2.34744e-6 -1.47051e-6 1 -2.34746e-6 0 1 -2.34746e-6 0 1 -4.72064e-7 0 1 0.09094572 0.8848138 0.4569832 0.2400162 0.8940467 0.3782497 4.19016e-5 0.8671345 0.4980741 0.7071003 0 0.7071133 0.7071118 -1.80781e-7 0.7071018 0.7070995 0 0.7071141 0.7071126 -1.91584e-7 0.7071011 0.7071265 -1.80777e-7 -0.7070871 0.70714 0 -0.7070736 0.7071257 -1.91581e-7 -0.707088 0.7071409 0 -0.7070728 -1 -2.00445e-7 -1.34195e-7 -1 -2.04324e-7 0 -1 -2.02511e-7 0 -1 -1.63953e-7 0 -1 -1.32742e-7 0 -1 -1.53932e-7 1.69855e-7 -1 -2.14976e-7 0 -1 0 0 4.49807e-5 9.96594e-6 -1 4.07248e-5 1.44223e-5 -1 2.37902e-5 3.21549e-5 -1 0 5.70661e-5 -1 -3.78216e-5 1.44223e-5 -1 -2.20942e-5 3.2155e-5 -1 0 5.70663e-5 -1 -4.17741e-5 9.96594e-6 -1 0 -1 -3.96295e-6 0 -1 1.03436e-6 0 -1 0 0 -1 -1.12735e-5 0 -1 -3.17077e-5 0 -1 1.60502e-5 0 -1 3.32451e-6 0 -1 -3.17068e-5 0 -1 6.34223e-5 -0.240028 0.8940428 0.3782513 -0.09097671 0.8848107 0.4569829 -8.38033e-5 0.8671345 0.4980742 -0.2994395 0.8904489 0.3426906 -0.6571025 2.07598e-4 0.7538012 -0.6532855 5.22302e-6 0.7571118 -0.657002 2.02257e-4 0.7538888 -0.653184 -1.3964e-7 0.7571992 -0.5219995 -0.6012349 0.6050067 -0.5219645 -0.6012377 0.6050342 -0.5219708 -0.6012372 0.6050292 -0.5220059 -0.6012345 0.6050018 -0.6532212 2.10133e-6 0.7571672 -0.6532645 1.77988e-7 0.7571298 -0.6532629 2.50878e-7 0.7571312 -0.6532199 2.1566e-6 0.7571682 -3.64711e-5 1 0 -3.64709e-5 1 -2.90557e-5 -3.64712e-5 1 2.90578e-5 -0.7071226 1.77606e-7 0.707091 -0.7070982 0 0.7071154 -0.7070996 0 0.707114 -0.7071241 1.8822e-7 0.7070895 -0.707149 0 -0.7070646 -0.7070978 1.88227e-7 -0.7071158 -0.7071008 1.77612e-7 -0.7071127 -0.707152 0 -0.7070616 0 1 0 0 1 -8.91018e-7 0 1 -2.28096e-7 0 1 -1.12201e-6 -1.09382e-4 0.1174775 0.9930756 0 0.117512 0.9930716 -3.8331e-5 0.1174999 0.993073 -1.47883e-4 0.1174654 0.993077 -1 -1.30598e-5 -2.31163e-5 -1 -3.9871e-5 -7.05451e-5 -1 -2.91431e-5 -5.15922e-5 -1 0 0 -0.9999991 0.001223921 5.63035e-4 -0.9999998 -2.50983e-5 7.04434e-4 -1 0 1.79274e-7 -1 2.51654e-7 1.69515e-6 -0.9999996 8.13401e-4 -6.03405e-4 -0.9999993 8.21218e-4 9.12226e-4 -1 1.79506e-7 -9.24481e-7 -1 2.70755e-7 -6.74211e-7 -1 3.98886e-7 -4.17228e-7 -1 2.94068e-7 -5.55435e-7 -0.9999963 0.002579987 9.92914e-4 1 0 0 1 -3.27933e-7 -3.19284e-7 1 -5.41741e-7 -3.40636e-7 1 0 0 0.9891788 0 0.1467154 1 0 -2.24255e-7 0.9952176 -7.41617e-7 0.0976836 1 -4.40013e-7 2.09442e-7 1 0 2.26484e-7 1 -3.66046e-7 0 1 -3.49539e-7 0 0.956955 0 0.2902367 0.9569525 0 0.2902446 1 -1.75976e-7 1.8368e-7 1 -2.40622e-7 0 1 2.48934e-7 7.22723e-7 0.497233 -0.855553 -0.1441826 0.5897157 -0.8076099 0.001294195 0 -0.9803795 -0.1971198 0.3397733 -0.8936709 -0.293098 0.1639927 -0.9145027 -0.3698528 0 -0.9193686 -0.3933975 -0.5897157 -0.8076099 0.001294672 -0.497233 -0.855553 -0.144182 -0.3397734 -0.8936709 -0.2930979 -0.1639927 -0.9145027 -0.3698528 0.7810317 7.54055e-7 -0.6244916 0.9268735 -2.91656e-5 -0.3753738 0.9738969 6.74834e-4 -0.2269897 0.7810334 0 -0.6244893 0.4260227 0 -0.9047125 0.4259988 0 -0.9047239 0.9999977 0 0.002195775 0.9999976 9.37221e-4 0.001998305 0.9999908 9.76132e-4 0.004184663 0.9999961 0.001369595 0.00245881 0.9999987 -0.001300096 0.001036942 1 3.02171e-7 0 1 3.14782e-7 0 0.002174258 0.9999976 -5.75852e-4 1.41143e-7 0.9999964 -0.002709686 0.002990603 0.9999956 -3.01126e-6 0.001408636 0.9999985 -0.001075685 6.9188e-4 0.9999987 -0.001464128 0 0.9999984 -0.001844704 -7.74776e-4 0.9999982 -0.001738011 -0.001535296 0.9999977 -0.00150907 -0.002368569 0.9999967 -9.84682e-4 -0.002990603 0.9999956 -3.01126e-6 0 1 -1.29977e-6 0 1 -7.03601e-7 0 1 8.37882e-7 0 1 -4.21627e-7 0 1 -1.01776e-6 0 1 -6.10687e-6 1 -2.03773e-7 -1.29059e-6 1 1.31417e-6 -1.63295e-7 1 6.83274e-6 -8.49016e-7 1 0 4.55277e-7 1 1.11289e-6 -1.25063e-5 1 7.98018e-7 -1.02036e-5 1 -1.01634e-6 0 1 3.01963e-6 1.7236e-6 0.6532243 2.2598e-6 0.7571645 0.6532231 2.32474e-6 0.7571656 0.653263 0 0.7571312 0.6532645 0 0.7571298 0.5219984 -0.6012353 0.6050072 0.5220052 -0.6012347 0.6050022 0.5219687 -0.6012378 0.6050305 0.5219619 -0.6012384 0.6050357 0.6569929 5.22573e-6 0.7538969 0.6532923 2.0325e-4 0.7571059 0.6531914 2.0864e-4 0.7571929 0.6570929 -1.39015e-7 0.7538097 0.2994352 0.8904514 0.3426876 -1 -1.26215e-6 4.93079e-7 -1 0 1.50602e-6 -1 -8.02163e-6 1.65997e-6 -1 -3.64817e-7 7.00387e-6 -1 -5.70031e-7 8.5027e-6 -1 5.48461e-7 7.31956e-7 -1 0 0 -1 -3.0195e-7 0 1.09552e-4 0.1174772 0.9930757 1.47883e-4 0.1174656 0.993077 3.83308e-5 0.1174989 0.9930731 0 0.1175106 0.9930717 1 0 0 1 0 0 1 0 -1.44125e-7 0 4.84565e-5 -1 0 4.84565e-5 -1 1 -1.97042e-7 0 1 -1.25333e-7 0 1 -1.25314e-7 -2.12067e-6 1 0 0 1 -2.06581e-7 0 0 0.2810255 0.9597004 0 0.2810257 0.9597003 0 0.2810256 0.9597004 0 0.2810254 0.9597004 -0.7770202 0.2656574 0.5706714 -0.5687144 0.2524728 0.7828292 -0.6419241 0.2937798 0.7082563 -0.8737503 0.3215746 0.3648975 -0.965402 0.2607661 8.54557e-5 -0.8737655 0.321249 -0.3651478 -0.7772209 0.2651322 -0.5706422 -0.6420362 0.2931381 -0.7084205 -0.5688483 0.2517583 -0.782962 0 0.2801682 -0.9599509 0 0.2801647 -0.9599519 0 0.2801663 -0.9599516 0 0.2801696 -0.9599506 0.5865627 0.0645048 -0.807331 0.5865458 0.06450831 -0.8073431 0.5865657 0.06450414 -0.8073289 0.5865433 0.06450885 -0.8073449 0.9490758 0.06450802 -0.3083729 0.9490776 0.06450694 -0.3083678 0.9490755 0.06450819 -0.3083738 0.9490778 0.06450682 -0.308367 0.9490755 0.06450587 0.3083744 0.9490744 0.06450927 0.308377 0.9490758 0.06450527 0.3083739 0.9490743 0.0645098 0.3083773 0.5865617 0.06450992 0.8073314 0.5865463 0.06451505 0.8073421 0.5865644 0.06450903 0.8073295 0.586544 0.06451576 0.8073437 0 0.06451666 0.9979166 0 0.0645166 0.9979166 0 0.06451666 0.9979166 0 0.0645166 0.9979167 -0.5865406 0.06451529 0.8073462 -0.5865631 0.06451123 0.8073302 -0.5865367 0.064516 0.807349 -0.5865663 0.0645107 0.8073279 -0.9490721 0.06450992 0.3083842 -0.9490768 0.06450682 0.3083701 -0.9490712 0.06451046 0.3083867 -0.9490775 0.06450635 0.308368 -0.9490759 0.06450784 -0.308373 -0.9490775 0.06450784 -0.3083678 -0.9490756 0.06450784 -0.3083739 -0.9490778 0.06450784 -0.308367 -0.5865621 0.06450909 -0.8073311 -0.5865458 0.06450539 -0.8073433 -0.586565 0.06450974 -0.8073289 -0.5865435 0.06450486 -0.8073451 0 0.06450337 -0.9979175 0 0.06450325 -0.9979175 0 0.06450343 -0.9979175 0 0.06450319 -0.9979175 -0.973897 6.7476e-4 -0.2269898 -0.9999908 9.76023e-4 0.004184722 -0.9999961 0.001369535 0.002458691 -0.9999976 9.37117e-4 0.001998305 -0.9999977 0 0.002195775 -0.9999987 -0.001300096 0.001037001 -1 2.90868e-7 0 -1 3.14782e-7 0 -0.9268735 -2.91658e-5 -0.3753738 -0.7810317 7.55226e-7 -0.6244916 -0.7810335 0 -0.6244893 -0.4260227 0 -0.9047125 -0.4259988 0 -0.9047239 0.7070971 0 0.7071166 0.7071021 0 0.7071115 0.7070936 0 0.70712 0.7071055 0 0.7071081 1 -3.10168e-7 -1.56665e-6 1 -7.61166e-7 -6.38397e-7 1 0 -2.20505e-6 1 -1.07133e-6 0 0.7071027 -5.2698e-7 -0.7071108 0.7070981 -2.14731e-7 -0.7071154 0.7071059 -7.41711e-7 -0.7071076 0.7070949 0 -0.7071186 -0.7070975 -2.14731e-7 -0.707116 -0.7071015 -5.26979e-7 -0.7071121 -0.7070949 0 -0.7071186 -0.7071042 -7.41709e-7 -0.7071095 -1 -8.19717e-7 -1.63786e-6 -1 -3.34027e-7 -6.67414e-7 -1 -1.15374e-6 -2.30528e-6 -0.7071011 0 0.7071126 -0.7070966 0 0.7071169 -0.7071042 0 0.7071095 -0.7070936 0 0.70712 0.7071037 0 0.7071099 0.7071136 0 0.7071 0.7071013 0 0.7071124 0.707116 0 0.7070975 -1 -4.05183e-7 -1.45296e-6 -1 0 -2.95482e-7 -1 -4.87586e-7 -1.74846e-6 -0.7071136 0 0.7071 -0.7071037 0 0.7071099 -0.707116 0 0.7070975 -0.7071013 0 0.7071124 2.02046e-5 -0.866011 0.5000249 4.80972e-5 -0.8660342 0.4999848 1.85899e-5 -0.9658988 0.2589204 4.15106e-6 -0.9658936 0.2589396 0 -1 2.07193e-4 0 -1 2.0749e-4 0 0.7868598 0.6171319 0 0.7868563 0.6171364 0 0.6060485 0.7954279 0 0.6060576 0.7954208 0 0.3861783 0.9224242 0 0.3861778 0.9224244 0 0.9999997 -9.34715e-4 0 0.9999996 -9.36932e-4 0 0.9999997 -9.34114e-4 0 0.9999997 -9.31897e-4 8.01633e-6 0.8660009 0.5000424 2.47515e-5 0.8660114 0.5000244 1.53292e-5 0.8660055 0.5000345 3.20642e-5 0.866016 0.5000165 5.30446e-5 0 1 4.80966e-5 0 1 5.02587e-5 0 1 5.52068e-5 0 1 -0.9569528 0 0.290244 -0.9569525 0 0.2902446 -0.9569549 0 0.2902369 -0.9569551 0 0.2902363 0 1 6.83834e-7 0 1 2.39313e-6 0 1 -9.70366e-7 0 1 -3.4683e-6 -1.77675e-4 2.62042e-4 1 2.06025e-5 3.84218e-4 1 -1.6559e-4 5.99072e-4 0.9999999 2.69063e-5 -1 -3.43455e-5 -3.54743e-4 -0.9999998 -6.42661e-4 -3.84945e-4 -0.9999997 -7.53957e-4 -0.9999997 5.60427e-6 8.67719e-4 -0.9517548 0.1994889 0.2331673 -0.9999994 2.76723e-4 0.001102864 -0.9999999 2.58238e-4 5.52361e-4 -0.9839068 0.1786815 5.95268e-4 -0.9361351 0.3516402 5.6661e-4 -0.9014003 0.3927936 0.1821832 -0.7557515 0.2311842 0.6126936 -0.7086138 0.4575101 0.5371695 -0.4087433 0.253498 0.8767371 -0.3812674 0.5057122 0.7738801 0 0.5201039 0.8541031 0 0.5201072 0.854101 0 0 1 -0.4276606 -4.12725e-7 0.9039394 -0.7824124 -1.10428e-6 0.6227608 -0.9289496 -9.19503e-6 0.3702063 -0.9999999 -2.28102e-4 4.12975e-4 -1 -3.07068e-7 0 -1 -3.93478e-7 0 0.3292914 -0.7345613 -0.5932849 0.520382 -0.6770736 -0.5203596 0.3190907 -0.7561093 -0.5713842 7.9575e-7 -0.7805637 -0.6250763 -0.3190925 -0.756106 -0.5713874 -0.3292913 -0.7345603 -0.5932862 -0.5203834 -0.6770682 -0.5203652 0 -0.8422738 -0.5390501 0 -0.8422734 -0.5390506 0 -0.8422735 -0.5390505 0 -0.8422738 -0.53905 0 0.9632915 -0.2684577 0 0.9632916 -0.2684574 0 0.9632916 -0.2684574 0 0.9632915 -0.2684577 -0.1714245 -0.3182237 -0.9323881 -0.1791782 -0.3183132 -0.9308985 -0.008162558 -0.3118636 -0.9500918 0 -0.311325 -0.9503036 0 -1 5.54035e-7 0 -1 6.02509e-6 0 -1 5.1955e-6 0 -1 -8.86745e-6 0 -1 -1.04591e-5 0 -1 -5.24489e-6 0.9999994 2.76775e-4 0.001102864 0.9517549 0.1994889 0.2331673 0.9999995 1.87839e-4 0.001030623 0.9999999 2.58287e-4 5.52361e-4 0.9839069 0.1786814 5.95306e-4 0.9361351 0.3516402 5.66651e-4 0.9014 0.392794 0.1821838 0.7557514 0.2311844 0.6126938 0.7086129 0.4575106 0.5371704 0.4087432 0.2534979 0.8767371 0.3812677 0.5057117 0.7738803 0.4276606 -4.11612e-7 0.9039394 0.7824124 -1.10758e-6 0.6227608 0.9289495 -9.20276e-6 0.3702064 1 -2.10008e-4 3.47987e-4 1 -3.07068e-7 0 1 -3.93478e-7 0 0 -1 -1.18232e-5 0 -1 -1.39458e-5 0 -1 -3.3052e-6 0 -1 -1.66135e-6 0 -1 9.47081e-6 0 -1 1.20502e-5 0.3298823 -0.9340808 0.1366407 0.1366447 -0.9340839 0.3298718 0.1366463 -0.9340841 0.3298708 0.3298857 -0.9340802 0.136637 0.3298721 -0.9340857 -0.1366322 0.3298707 -0.9340848 -0.1366421 0.1366335 -0.9340825 -0.3298807 0.1366361 -0.9340817 -0.329882 -0.1366459 -0.9340826 -0.3298755 -0.1366419 -0.9340828 -0.3298763 -0.3298727 -0.9340857 -0.1366308 -0.3298678 -0.9340859 -0.1366413 -0.3298791 -0.9340821 0.1366403 -0.3298832 -0.9340814 0.1366349 -0.1366423 -0.9340832 0.3298752 -0.1366436 -0.934083 0.3298751 0.6237716 -0.4709712 0.623775 0.6237757 -0.4709692 0.6237724 0.6237514 -0.470981 0.6237877 0.6237906 -0.4709619 0.623763 0.8821431 -0.4709815 -3.23726e-7 0.8821437 -0.4709805 -3.9111e-7 0.8821405 -0.4709866 0 0.8821456 -0.4709769 -6.2938e-7 0.6237784 -0.470974 -0.623766 0.6237791 -0.4709765 -0.6237634 0.623775 -0.4709619 -0.6237786 0.6237816 -0.4709855 -0.6237542 0.7071154 0 0.7070982 0.7071148 0 0.7070987 0.7071159 0 0.7070977 0.7071144 0 0.7070993 0.7071154 0 -0.7070982 0.7071148 0 -0.7070987 0.7071159 0 -0.7070977 0.7071144 0 -0.7070993 -0.7071144 0 -0.7070993 -0.7071144 0 0.7070993 0.7070155 -0.01303577 0.707078 0.7070631 -0.01303398 0.7070304 0.7070143 -0.01303583 0.7070792 0.707064 -0.01303398 0.7070295 0.9999151 -0.01303476 0 0.9999151 -0.01303488 0 0.9999151 -0.01303476 0 0.9999151 -0.01303488 0 0.7070153 -0.01303404 -0.7070781 0.7070493 -0.01303553 -0.7070441 0.7070145 -0.01303398 -0.707079 0.70705 -0.01303553 -0.7070435 0 -0.01303565 -0.9999151 0 -0.01303565 -0.9999151 0 -0.01303565 -0.9999151 -0.7069984 -0.01303601 -0.707095 -0.7070626 -0.01303392 -0.7070309 -0.7069967 -0.01303607 -0.7070966 -0.7070637 -0.01303386 -0.7070297 -0.9999151 -0.01303422 -2.91123e-6 -0.9999151 -0.01303505 0 -0.9999151 -0.01303422 -2.98447e-6 -0.9999151 -0.01303505 0 -0.7070156 -0.01303386 0.7070779 -0.7070629 -0.01303511 0.7070306 -0.7070143 -0.01303386 0.7070791 -0.7070637 -0.01303517 0.7070297 0 -0.01303565 0.9999151 0 -0.01303565 0.9999151 0 -0.01303565 0.9999151 0 -1 -2.37418e-5 0 -1 -2.08661e-5 0 -1 -1.6184e-5 0 -1 -8.76117e-6 0 -1 9.14525e-6 0 -1 1.38107e-5 0 -1 3.34461e-6 0 -1 2.26034e-5 0 -1 2.76215e-5 0 -1 1.18705e-5 0 -1 8.76119e-6 0 -1 -9.14538e-6 0 -1 -1.38108e-5 0 -0.9999982 -0.001934111 0 -0.9999982 -0.001934111 0 -0.766569 0.6421622 0 -0.7665696 0.6421614 0 -0.7665557 0.6421779 0 -0.7665541 0.6421799 0 3.82562e-5 -1 0 3.82563e-5 -1 0 3.82562e-5 -1 0 3.82563e-5 -1 0 3.82563e-5 -1 0 3.82563e-5 -1 0 3.82563e-5 -1 0.9475215 -0.08612561 0.3078727 0.947522 -0.08612573 0.3078711 0.9475219 -0.08612573 0.3078712 0.9475214 -0.08612561 0.3078729 0.5855943 -0.08612632 0.806016 0.5855993 -0.08612531 0.8060124 0.585599 -0.08612543 0.8060127 0.5855938 -0.08612644 0.8060164 0 -0.08612692 0.9962842 0 -0.0861268 0.9962843 0 -0.0861268 0.9962842 0 -0.08612692 0.9962843 -0.5856232 -0.08612215 0.8059954 -0.5855801 -0.08612817 0.806026 -0.5855828 -0.08612781 0.8060241 -0.5856274 -0.08612155 0.8059924 -0.9475201 -0.08612495 0.3078769 -0.9475213 -0.08612561 0.3078728 -0.9475213 -0.08612561 0.3078731 -0.94752 -0.08612489 0.3078774 -0.9475159 -0.08612626 -0.3078896 -0.9475212 -0.08612531 -0.3078738 -0.9475209 -0.08612537 -0.3078747 -0.9475154 -0.08612638 -0.3078912 -0.5856569 -0.08612215 -0.8059709 -0.5856009 -0.08612924 -0.8060107 -0.5856044 -0.08612883 -0.8060083 -0.5856624 -0.08612143 -0.805967 0 -0.08612483 -0.9962844 0 -0.08612471 -0.9962844 0 -0.08612471 -0.9962844 0 -0.08612483 -0.9962844 0.5856558 -0.08612895 -0.805971 0.5856002 -0.08612453 -0.8060117 0.5856037 -0.08612483 -0.8060093 0.5856612 -0.08612936 -0.805967 0.9475171 -0.08612358 -0.3078868 0.9475218 -0.08612781 -0.307871 0.9475215 -0.08612757 -0.307872 0.9475166 -0.08612316 -0.3078883 0.008162558 -0.3118636 -0.9500918 0.1791783 -0.3183133 -0.9308984 0.1714246 -0.3182237 -0.932388 0.6419237 0.2937948 0.7082504 0.5687096 0.2524841 0.7828291 0.7770171 0.2656743 0.5706679 0.873744 0.3215935 0.3648963 0.9653965 0.260787 8.62095e-5 0.8737602 0.3212679 -0.3651441 0.7772178 0.2651484 -0.570639 0.6420343 0.2931524 -0.7084164 0.5688441 0.25177 -0.7829613 0 2.06859e-4 -1 0 2.06859e-4 -1 0 2.06859e-4 -1 0 2.06859e-4 -1 0.9869062 -9.31332e-4 -0.1612927 0.9868053 -1.80518e-6 -0.1619119 0.9869273 -0.001127064 -0.1611623 0.9870695 -0.002459049 -0.1602748 3.68201e-4 0.9999998 6.56667e-4 6.25356e-4 0.9999997 6.26741e-4 4.78747e-4 0.9999997 6.19757e-4 0 0.9999999 6.50932e-4 -3.82881e-4 0.9999998 6.20347e-4 -3.682e-4 0.9999998 6.60485e-4 -6.25352e-4 0.9999997 6.28798e-4 -0.9869262 -0.001126945 -0.1611692 -0.9868042 -2.28804e-6 -0.1619185 -0.9869051 -9.31302e-4 -0.1612995 -0.9870682 -0.002458155 -0.1602819 0 -1 -2.52854e-7 0 -1 -2.23046e-7 0 -1 -8.67076e-7 0 -0.4709714 0.8821485 0 -0.4709699 0.8821494 0 -0.4709711 0.8821488 0 -0.470973 0.8821477 -0.6237788 -0.4709665 0.6237712 -0.6237658 -0.4709787 0.623775 -0.623776 -0.4709692 0.623772 -0.6237926 -0.4709537 0.6237672 -0.8821434 -0.4709809 0 -0.8821458 -0.4709767 0 -0.882144 -0.4709799 0 -0.8821411 -0.4709854 0 -0.6237767 -0.4709784 -0.6237643 -0.6237876 -0.4709697 -0.6237601 -0.6237791 -0.4709765 -0.6237635 -0.6237652 -0.4709877 -0.6237689 0 -0.4709942 -0.8821363 0 -0.4709925 -0.8821373 0 -0.4709939 -0.8821366 0 -0.4709962 -0.8821353 0.5927604 0.5452461 0.5927411 0.592762 0.5452538 0.5927324 0.5927581 0.5452348 0.5927537 0.592756 0.5452245 0.5927653 0.8382703 0.545255 0 0.8382711 0.5452538 0 0.8382692 0.5452567 -1.75115e-7 0.8382682 0.5452583 -2.69639e-7 0.5927301 0.5452646 -0.5927543 0.5927257 0.5452682 -0.5927553 0.5927364 0.5452592 -0.5927529 0.5927422 0.5452544 -0.5927516 -0.7071087 0 -0.7071049 -0.7071043 0 -0.7071093 -0.7071074 0 -0.7071062 -0.7071117 0 -0.7071019 -0.7071225 0 0.707091 -0.707124 0 0.7070896 -0.7071231 0 0.7070906 -0.7071216 0 0.7070921 0 0.5452517 -0.8382724 0 0.5452529 -0.8382717 0 0.54525 -0.8382735 0 0.5452484 -0.8382745 -0.592729 0.5452576 -0.5927618 -0.5927259 0.5452519 -0.5927702 -0.5927338 0.545266 -0.5927493 -0.5927381 0.5452736 -0.5927381 -0.8382694 0.5452565 -1.47171e-6 -0.8382689 0.545257 0 -0.8382698 0.5452557 -3.62456e-6 -0.8382704 0.545255 -5.58096e-6 -0.5927612 0.5452324 0.5927528 -0.5927683 0.5452238 0.5927535 -0.5927509 0.5452448 0.5927517 -0.5927414 0.5452561 0.5927507 0 0.5452581 0.8382682 0 0.5452588 0.8382677 0 0.545257 0.8382689 0 0.545256 0.8382696 0.7071225 -3.48771e-7 0.707091 0.707124 -8.44687e-7 0.7070896 0.707123 -4.95916e-7 0.7070906 0.7071216 0 0.7070921 0.707107 0 -0.7071066 0.7071142 0 -0.7070994 0.7071091 0 -0.7071046 0.7071019 0 -0.7071117</float_array>
          <technique_common>
            <accessor source="#tower-mesh-normals-array" count="1107" stride="3">
              <param name="X" type="float"/>
              <param name="Y" type="float"/>
              <param name="Z" type="float"/>
            </accessor>
          </technique_common>
        </source>
        <source id="tower-mesh-map-0">
          <float_array id="tower-mesh-map-0-array" count="5784">0 0 0 0 0 0 0 0 0 0 0 0 0 0 0 0 0 0 0 0 0 0 0 0 0.1086782 0.3351119 0.1238117 0.3351119 0.09539133 0.2120437 0.1238117 0.3351119 0.1169339 0.2120437 0.09539133 0.2120437 0.1238117 0.3351119 0.1400519 0.335112 0.1169339 0.2120437 0.1400519 0.335112 0.1400519 0.2120437 0.1169339 0.2120437 0.1400519 0.2120437 0.1400519 0.335112 0.156292 0.3351119 0.156292 0.3351119 0.1631698 0.2120437 0.1400519 0.2120437 0.1631698 0.2120437 0.156292 0.3351119 0.1714254 0.3351119 0.1714254 0.3351119 0.1847124 0.2120437 0.1631698 0.2120437 0.4901568 0.8214253 0.4901568 0.8273657 0.4785986 0.8273657 0.4785986 0.8273657 0.47891 0.8214253 0.4901568 0.8214253 0.4785986 0.8273657 0.4726222 0.8214253 0.47891 0.8214253 0.4785986 0.8273657 0.4719276 0.8273657 0.4726222 0.8214253 0.4726222 0.8214253 0.4719276 0.8273657 0.4549406 0.8273657 0.4549406 0.8273657 0.4562826 0.8214253 0.4726222 0.8214253 0.8411562 0.6046255 0.8407083 0.6030741 0.83584 0.6105453 0.83584 0.6105453 0.8364734 0.611812 0.8411562 0.6046255 0.8364734 0.611812 0.83584 0.6105453 0.8321044 0.6202819 0.8321044 0.6202819 0.8328801 0.6211776 0.8364734 0.611812 0.4567438 0.8214253 0.455402 0.8273657 0.4723889 0.8273657 0.4723889 0.8273657 0.4730835 0.8214253 0.4567438 0.8214253 0.4730835 0.8214253 0.4723889 0.8273657 0.4906181 0.8273657 0.4906181 0.8273657 0.4906181 0.8214253 0.4730835 0.8214253 0.4906181 0.8214253 0.4906181 0.8273657 0.5088474 0.8273657 0.5088474 0.8273657 0.5081528 0.8214253 0.4906181 0.8214253 0.5081528 0.8214253 0.5088474 0.8273657 0.5258343 0.8273657 0.5258343 0.8273657 0.5244925 0.8214253 0.5081528 0.8214253 0.8328801 0.666399 0.8321044 0.6672947 0.83584 0.6770313 0.83584 0.6770313 0.8364734 0.6757646 0.8328801 0.666399 0.8364734 0.6757646 0.83584 0.6770313 0.8407083 0.6845026 0.8407083 0.6845026 0.8411562 0.6829512 0.8364734 0.6757646 0.4562826 0.8214253 0.4549406 0.8273657 0.4719276 0.8273657 0.4719276 0.8273657 0.4726222 0.8214253 0.4562826 0.8214253 0.4726222 0.8214253 0.4719276 0.8273657 0.4901568 0.8273657 0.4901568 0.8273657 0.4901568 0.8214253 0.4726222 0.8214253 0.4901568 0.8214253 0.4901568 0.8273657 0.5083861 0.8273657 0.5083861 0.8273657 0.5076915 0.8214253 0.4901568 0.8214253 0.5076915 0.8214253 0.5083861 0.8273657 0.5253731 0.8273657 0.5253731 0.8273657 0.5240312 0.8214253 0.5076915 0.8214253 0.8637669 0.6829512 0.8642147 0.6845026 0.8690831 0.6770313 0.8690831 0.6770313 0.8684497 0.6757646 0.8637669 0.6829512 0.8684497 0.6757646 0.8690831 0.6770313 0.8728187 0.6672948 0.8728187 0.6672948 0.872043 0.666399 0.8684497 0.6757646 0.5244925 0.8214253 0.5258344 0.8273657 0.5088474 0.8273657 0.5088474 0.8273657 0.5081528 0.8214253 0.5244925 0.8214253 0.5081528 0.8214253 0.5088474 0.8273657 0.4906181 0.8273657 0.4906181 0.8273657 0.4906181 0.8214253 0.5081528 0.8214253 0.4906181 0.8214253 0.4906181 0.8273657 0.4723889 0.8273657 0.4723889 0.8273657 0.4730835 0.8214253 0.4906181 0.8214253 0.4730835 0.8214253 0.4723889 0.8273657 0.455402 0.8273655 0.455402 0.8273655 0.4567438 0.8214253 0.4730835 0.8214253 0.872043 0.6211776 0.8728187 0.6202819 0.8690831 0.6105453 0.8690831 0.6105453 0.8684497 0.611812 0.872043 0.6211776 0.8684497 0.611812 0.8690831 0.6105453 0.8642147 0.6030741 0.8642147 0.6030741 0.8637669 0.6046255 0.8684497 0.611812 0.5240312 0.8214253 0.5253731 0.8273657 0.5083861 0.8273657 0.5083861 0.8273657 0.5076915 0.8214253 0.5240312 0.8214253 0.5083861 0.8273657 0.4901568 0.8214253 0.5076915 0.8214253 0.5083861 0.8273657 0.4901568 0.8273657 0.4901568 0.8214253 0.8731446 0.6327043 0.8740338 0.6322278 0.8747948 0.6437883 0.8747948 0.6437883 0.8738743 0.6437883 0.8731446 0.6327043 0.8738743 0.6437883 0.8747948 0.6437883 0.8740338 0.6553488 0.8740338 0.6553488 0.8731446 0.6548724 0.8738743 0.6437883 0.8731446 0.6548724 0.8740338 0.6553488 0.8718027 0.6661216 0.8718027 0.6661216 0.8710055 0.6652011 0.8731446 0.6548724 0.8710055 0.6652011 0.8718027 0.6661216 0.8682535 0.6753723 0.8682535 0.6753723 0.8676026 0.6740705 0.8710055 0.6652011 0.8676026 0.6740705 0.8682535 0.6753723 0.8636282 0.6824707 0.8636282 0.6824707 0.8631679 0.6808763 0.8676026 0.6740705 0.8631679 0.6808763 0.8636282 0.6824707 0.8582418 0.6869329 0.8582418 0.6869329 0.8580036 0.6851546 0.8631679 0.6808763 0.8524615 0.6884549 0.8524615 0.6866138 0.8580036 0.6851546 0.8580036 0.6851546 0.8582418 0.6869329 0.8524615 0.6884549 0.4901568 0.8273657 0.4901568 0.8352488 0.5074763 0.8352488 0.5074763 0.8352488 0.5083861 0.8273657 0.4901568 0.8273657 0.5083861 0.8273657 0.5074763 0.8352488 0.5236155 0.8352488 0.5236155 0.8352488 0.5253731 0.8273657 0.5083861 0.8273657 0.8642147 0.6845026 0.8636282 0.6824707 0.8682535 0.6753723 0.8682535 0.6753723 0.8690831 0.6770313 0.8642147 0.6845026 0.8690831 0.6770313 0.8682535 0.6753723 0.8718027 0.6661216 0.8718027 0.6661216 0.8728187 0.6672948 0.8690831 0.6770313 0.5079377 0.8352485 0.5258344 0.8273657 0.5240769 0.8352485 0.5079377 0.8352485 0.5088474 0.8273657 0.5258344 0.8273657 0.5088474 0.8273657 0.5079377 0.8352485 0.4906181 0.8352485 0.4906181 0.8352485 0.4906181 0.8273657 0.5088474 0.8273657 0.4906181 0.8273657 0.4906181 0.8352485 0.4732987 0.8352485 0.4732987 0.8352485 0.4723889 0.8273657 0.4906181 0.8273657 0.4723889 0.8273657 0.4732987 0.8352485 0.4571594 0.8352483 0.4571594 0.8352483 0.455402 0.8273655 0.4723889 0.8273657 0.8728187 0.6202819 0.8718027 0.6214551 0.8682535 0.6122043 0.8682535 0.6122043 0.8690831 0.6105453 0.8728187 0.6202819 0.8524615 0.6009629 0.8524615 0.5991218 0.8582418 0.6006438 0.8524615 0.6009629 0.8582418 0.6006438 0.8580036 0.6024221 0.8580036 0.6024221 0.8582418 0.6006438 0.8636282 0.605106 0.8636282 0.605106 0.8631679 0.6067004 0.8580036 0.6024221 0.8631679 0.6067004 0.8636282 0.605106 0.8682535 0.6122043 0.8682535 0.6122043 0.8676026 0.6135061 0.8631679 0.6067004 0.8676026 0.6135061 0.8682535 0.6122043 0.8718027 0.6214551 0.8718027 0.6214551 0.8710055 0.6223756 0.8676026 0.6135061 0.8710055 0.6223756 0.8718027 0.6214551 0.8740338 0.6322278 0.8740338 0.6322278 0.8731446 0.6327043 0.8710055 0.6223756 0.8690831 0.6105453 0.8682535 0.6122043 0.8636282 0.605106 0.8636282 0.605106 0.8642147 0.6030741 0.8690831 0.6105453 0.5253731 0.8273657 0.5236155 0.8352485 0.5074763 0.8352485 0.5074763 0.8352485 0.5083861 0.8273657 0.5253731 0.8273657 0.4901568 0.8352488 0.5083861 0.8273657 0.5074763 0.8352485 0.4901568 0.8352488 0.4901568 0.8273657 0.5083861 0.8273657 0 0 0 0 0 0 0 0 0 0 0 0 0 0 0 0 0 0 0 0 0 0 0 0 0.4785986 0.8273657 0.4901568 0.8352488 0.4791448 0.8352485 0.8487863 0.6000455 0.8524615 0.5991218 0.8524615 0.6009629 0.8487863 0.6000455 0.8524615 0.6009629 0.8488954 0.6019018 0.8487863 0.6000455 0.8488954 0.6019018 0.8469195 0.6024221 0.8469195 0.6024221 0.8466812 0.6006438 0.8487863 0.6000455 0.8466812 0.6006438 0.8469195 0.6024221 0.8417552 0.6067004 0.8417552 0.6067004 0.8412949 0.605106 0.8466812 0.6006438 0.8412949 0.605106 0.8417552 0.6067004 0.8373205 0.6135061 0.8373205 0.6135061 0.8366696 0.6122043 0.8412949 0.605106 0.8366696 0.6122043 0.8373205 0.6135061 0.8339176 0.6223756 0.4732987 0.8352485 0.4723889 0.8273657 0.455402 0.8273657 0.4571595 0.8352485 0.4732987 0.8352485 0.455402 0.8273657 0.8331204 0.6214551 0.8321044 0.6202819 0.83584 0.6105453 0.8366696 0.6122043 0.8331204 0.6214551 0.83584 0.6105453 0.8366696 0.6122043 0.83584 0.6105453 0.8407083 0.6030741 0.8412949 0.605106 0.8366696 0.6122043 0.8407083 0.6030741 0.4566981 0.8352485 0.4549406 0.8273657 0.4719276 0.8273657 0.4728373 0.8352485 0.4566981 0.8352485 0.4719276 0.8273657 0.4728373 0.8352485 0.4719276 0.8273657 0.4785986 0.8273657 0.4728373 0.8352485 0.4785986 0.8273657 0.4791448 0.8352485 0.4785986 0.8273657 0.4901568 0.8273657 0.4901568 0.8352488 0.8339176 0.6223756 0.8331204 0.6214551 0.8366696 0.6122043 0.8331204 0.6214551 0.8339176 0.6223756 0.8317784 0.6327043 0.8317784 0.6327043 0.8308892 0.6322278 0.8331204 0.6214551 0.8308892 0.6322278 0.8317784 0.6327043 0.8310488 0.6437883 0.8310488 0.6437883 0.8301283 0.6437883 0.8308892 0.6322278 0.8301283 0.6437883 0.8310488 0.6437883 0.8317784 0.6548724 0.8317784 0.6548724 0.8308892 0.6553488 0.8301283 0.6437883 0.8308892 0.6553488 0.8317784 0.6548724 0.8339176 0.6652011 0.8339176 0.6652011 0.8331204 0.6661216 0.8308892 0.6553488 0.8331204 0.6661216 0.8339176 0.6652011 0.8373205 0.6740705 0.4728373 0.8352488 0.4719276 0.8273657 0.4549406 0.8273657 0.4566981 0.8352488 0.4728373 0.8352488 0.4549406 0.8273657 0.8412949 0.6824707 0.8407083 0.6845026 0.83584 0.6770313 0.8366695 0.6753723 0.8412949 0.6824707 0.83584 0.6770313 0.8366695 0.6753723 0.83584 0.6770313 0.8321044 0.6672947 0.8331204 0.6661216 0.8366695 0.6753723 0.8321044 0.6672947 0.5258343 0.8273657 0.5079377 0.8352485 0.5240769 0.8352485 0.5258343 0.8273657 0.5088474 0.8273657 0.5079377 0.8352485 0.5079377 0.8352485 0.5088474 0.8273657 0.4906181 0.8273657 0.4906181 0.8352485 0.5079377 0.8352485 0.4906181 0.8273657 0.4906181 0.8352485 0.4906181 0.8273657 0.4723889 0.8273657 0.4732987 0.8352485 0.4906181 0.8352485 0.4723889 0.8273657 0.8373205 0.6740705 0.8366695 0.6753723 0.8331204 0.6661216 0.8366695 0.6753723 0.8373205 0.6740705 0.8417552 0.6808763 0.8417552 0.6808763 0.8412949 0.6824707 0.8366695 0.6753723 0.8412949 0.6824707 0.8417552 0.6808763 0.8469195 0.6851546 0.8469195 0.6851546 0.8466812 0.6869329 0.8412949 0.6824707 0.8466812 0.6869329 0.8469195 0.6851546 0.8524615 0.6866138 0.8524615 0.6866138 0.8524615 0.6884549 0.8466812 0.6869329 0.4728373 0.8352488 0.4901568 0.8352488 0.4719276 0.8273657 0.4901568 0.8352488 0.4901568 0.8273657 0.4719276 0.8273657 0 0 0 0 0 0 0 0 0 0 0 0 0 0 0 0 0 0 0 0 0 0 0 0 0 0 0 0 0 0 0 0 0 0 0 0 0 0 0 0 0 0 0 0 0 0 0 0 0.1261931 0.2414808 0.1400519 0.2414808 0.1400519 0.2460168 0.1261931 0.2414808 0.1400519 0.2460168 0.1263355 0.2460168 0.1263355 0.2460168 0.1236697 0.2437918 0.1261931 0.2414808 0.1265774 0.3209339 0.1236697 0.2437918 0.1263355 0.2460168 0.1265774 0.3209339 0.1263355 0.2460168 0.1286885 0.3209339 0 0 0 0 0 0 0 0 0 0 0 0 0 0 0 0 0 0 0 0 0 0 0 0 0 0 0 0 0 0 0 0 0 0 0 0 0.1291338 0.3351119 0.1238117 0.3351119 0.1265774 0.3209339 0.1291338 0.3351119 0.1265774 0.3209339 0.1286885 0.3209339 0.1286885 0.3209339 0.1400519 0.3351119 0.1291338 0.3351119 0.1286885 0.3209339 0.1400519 0.3209339 0.1400519 0.3351119 0.1252685 0.2120436 0.1400519 0.2120436 0.1400519 0.2414808 0.1261931 0.2414808 0.1252685 0.2120436 0.1400519 0.2414808 0.1261931 0.2414808 0.1169339 0.2120436 0.1252685 0.2120436 0.1261931 0.2414808 0.1236697 0.2437918 0.1169339 0.2120436 0.1230193 0.3209339 0.1169339 0.2120436 0.1236697 0.2437918 0.1230193 0.3209339 0.1236697 0.2437918 0.1265774 0.3209339 0.1238117 0.3351119 0.1230193 0.3209339 0.1265774 0.3209339 0.1230193 0.3209339 0.1238117 0.3351119 0.09539133 0.2120436 0.1238117 0.3351119 0.1086782 0.3351116 0.09539133 0.2120436 0.1086782 0.3351116 0.09568285 0.3351119 0.09539133 0.2120436 0.1230193 0.3209339 0.09539133 0.2120436 0.1169339 0.2120436 0.09568285 0.3351119 0.07689237 0.2120436 0.09539133 0.2120436 0.09613132 0.3351119 0.1091267 0.3351119 0.07734084 0.2120436 0.1091267 0.3351119 0.09583985 0.2120436 0.07734084 0.2120436 0.1091267 0.3351119 0.1242601 0.3351119 0.09583985 0.2120436 0.1242601 0.3351119 0.1173824 0.2120437 0.09583985 0.2120436 0.1242601 0.3351119 0.1405003 0.3351119 0.1173824 0.2120437 0.1405003 0.3351119 0.1405004 0.2120437 0.1173824 0.2120437 0.1405003 0.3351119 0.1567405 0.3351119 0.1405004 0.2120437 0.1567405 0.3351119 0.1636183 0.2120437 0.1405004 0.2120437 0.1851608 0.2120437 0.1636183 0.2120437 0.1567405 0.3351119 0.1851608 0.2120437 0.1567405 0.3351119 0.1718739 0.3351119 0.1718739 0.3351119 0.1848692 0.3351119 0.1851608 0.2120437 0.1848692 0.3351119 0.2036598 0.2120437 0.1851608 0.2120437 0.09568285 0.3351119 0.1086782 0.3351119 0.07689237 0.2120437 0.1086782 0.3351119 0.09539133 0.2120437 0.07689237 0.2120437 0.1400519 0.2460168 0.1400519 0.2414808 0.1539106 0.2414808 0.1400519 0.2460168 0.1539106 0.2414808 0.1537681 0.2460168 0.1539106 0.2414808 0.156434 0.2437918 0.1537681 0.2460168 0.1537681 0.2460168 0.156434 0.2437918 0.1535262 0.3209339 0.1537681 0.2460168 0.1535262 0.3209339 0.1514152 0.3209339 0 0 0 0 0 0 0 0 0 0 0 0 0 0 0 0 0 0 0 0 0 0 0 0 0 0 0 0 0 0 0 0 0 0 0 0 0.1535262 0.3209339 0.156292 0.3351119 0.1509699 0.3351119 0.1535262 0.3209339 0.1509699 0.3351119 0.1514152 0.3209339 0.1400519 0.3351119 0.1514152 0.3209339 0.1509699 0.3351119 0.1400519 0.3351119 0.1400519 0.3209339 0.1514152 0.3209339 0.1173824 0.2120437 0.1242601 0.3351119 0.1091267 0.3351119 0.1091267 0.3351119 0.09583985 0.2120436 0.1173824 0.2120437 0.09583985 0.2120436 0.1091267 0.3351119 0.09613132 0.3351119 0.09613132 0.3351119 0.07734084 0.2120436 0.09583985 0.2120436 0.2032113 0.2120436 0.1844208 0.3351119 0.1714254 0.3351116 0.1714254 0.3351116 0.1847124 0.2120436 0.2032113 0.2120436 0.1847124 0.2120436 0.1714254 0.3351116 0.156292 0.3351119 0.1847124 0.2120436 0.156292 0.3351119 0.1570844 0.3209339 0.1535262 0.3209339 0.1570844 0.3209339 0.156292 0.3351119 0.156434 0.2437918 0.1570844 0.3209339 0.1535262 0.3209339 0.1847124 0.2120436 0.1570844 0.3209339 0.1631698 0.2120436 0.156434 0.2437918 0.1631698 0.2120436 0.1570844 0.3209339 0.1631698 0.2120436 0.156434 0.2437918 0.1539106 0.2414808 0.1631698 0.2120436 0.1539106 0.2414808 0.1548351 0.2120436 0.1400519 0.2414808 0.1548351 0.2120436 0.1539106 0.2414808 0.1400519 0.2414808 0.1400519 0.2120436 0.1548351 0.2120436 0 0 0 0 0 0 0 0 0 0 0 0 0 0 0 0 0 0 0 0 0 0 0 0 0 0 0 0 0 0 0 0 0 0 0 0 0 0 0 0 0 0 0 0 0 0 0 0 0 0 0 0 0 0 0 0 0 0 0 0 0 0 0 0 0 0 0 0 0 0 0 0 0.1847124 0.2120437 0.1714254 0.3351119 0.1844208 0.3351119 0.1844208 0.3351119 0.2032113 0.2120437 0.1847124 0.2120437 0.2036598 0.2120437 0.1848692 0.3351119 0.1718739 0.3351119 0.1718739 0.3351119 0.1851608 0.2120437 0.2036598 0.2120437 0.1567405 0.3351119 0.1851608 0.2120437 0.1718739 0.3351119 0.1567405 0.3351119 0.1636183 0.2120437 0.1851608 0.2120437 0.1636183 0.2120437 0.1567405 0.3351119 0.1405003 0.3351119 0.1405003 0.3351119 0.1405004 0.2120437 0.1636183 0.2120437 0.1405004 0.2120437 0.1405003 0.3351119 0.1242601 0.3351119 0.1242601 0.3351119 0.1173824 0.2120437 0.1405004 0.2120437 0.6687226 0.7247893 0.6767224 0.7148958 0.6767224 0.7231324 0.6687226 0.7247893 0.6673675 0.7168335 0.6767224 0.7148958 0.661268 0.729647 0.6673675 0.7168335 0.6687226 0.7247893 0.661268 0.729647 0.6586503 0.722514 0.6673675 0.7168335 0.6548666 0.7373746 0.6586503 0.722514 0.661268 0.729647 0.6548666 0.7373746 0.6511645 0.7315505 0.6586503 0.722514 0.6921768 0.729647 0.7022804 0.7315505 0.6985782 0.7373746 0.6921768 0.729647 0.6947945 0.722514 0.7022804 0.7315505 0.6847223 0.7247893 0.6947945 0.722514 0.6921768 0.729647 0.6847223 0.7247893 0.6860772 0.7168335 0.6947945 0.722514 0.6767224 0.7231324 0.6860772 0.7168335 0.6847223 0.7247893 0.6767224 0.7231324 0.6767224 0.7148958 0.6860772 0.7168335 0.7065781 0.759173 0.7128667 0.7717583 0.7076312 0.7717583 0.7065781 0.759173 0.7116352 0.7570412 0.7128667 0.7717583 0.7034902 0.7474453 0.7116352 0.7570412 0.7065781 0.759173 0.7034902 0.7474453 0.7080243 0.7433271 0.7116352 0.7570412 0.6985782 0.7373746 0.7080243 0.7433271 0.7034902 0.7474453 0.6985782 0.7373746 0.7022804 0.7315505 0.7080243 0.7433271 0.7034903 0.7960712 0.7022804 0.8119661 0.6985782 0.806142 0.7034903 0.7960712 0.7080243 0.8001895 0.7022804 0.8119661 0.7065781 0.7843436 0.7080243 0.8001895 0.7034903 0.7960712 0.7065781 0.7843436 0.7116352 0.7864753 0.7080243 0.8001895 0.7076312 0.7717583 0.7116352 0.7864753 0.7065781 0.7843436 0.7076312 0.7717583 0.7128667 0.7717583 0.7116352 0.7864753 0.6847223 0.8187273 0.6767224 0.8286206 0.6767224 0.8203842 0.6847223 0.8187273 0.6860772 0.8266832 0.6767224 0.8286206 0.6921769 0.8138696 0.6860772 0.8266832 0.6847223 0.8187273 0.6921769 0.8138696 0.6947946 0.8210025 0.6860772 0.8266832 0.6985782 0.806142 0.6947946 0.8210025 0.6921769 0.8138696 0.6985782 0.806142 0.7022804 0.8119661 0.6947946 0.8210025 0.661268 0.8138696 0.6511645 0.8119661 0.6548666 0.806142 0.661268 0.8138696 0.6586503 0.8210025 0.6511645 0.8119661 0.6687226 0.8187273 0.6586503 0.8210025 0.661268 0.8138696 0.6687226 0.8187273 0.6673675 0.8266832 0.6586503 0.8210025 0.6767224 0.8203842 0.6673675 0.8266832 0.6687226 0.8187273 0.6767224 0.8203842 0.6767224 0.8286206 0.6673675 0.8266832 0.6468667 0.7843436 0.6405782 0.7717583 0.6458136 0.7717583 0.6468667 0.7843436 0.6418097 0.7864753 0.6405782 0.7717583 0.6499546 0.7960712 0.6418097 0.7864753 0.6468667 0.7843436 0.6499546 0.7960712 0.6454206 0.8001895 0.6418097 0.7864753 0.6548666 0.806142 0.6454206 0.8001895 0.6499546 0.7960712 0.6548666 0.806142 0.6511645 0.8119661 0.6454206 0.8001895 0 0 0 0 0 0 0 0 0 0 0 0 0 0 0 0 0 0 0 0 0 0 0 0 0 0 0 0 0 0 0 0 0 0 0 0 0 0 0 0 0 0 0 0 0 0 0 0 0 0 0 0 0 0 0 0 0 0 0 0 0 0 0 0 0 0 0 0 0 0 0 0 0.6767224 0.7231324 0.6767224 0.7366708 0.6709499 0.7378664 0.6709499 0.7378664 0.6687226 0.7247893 0.6767224 0.7231324 0.6687226 0.7247893 0.6709499 0.7378664 0.6655709 0.7413716 0.6655709 0.7413716 0.661268 0.729647 0.6687226 0.7247893 0.661268 0.729647 0.6655709 0.7413716 0.6609518 0.7469477 0.6609518 0.7469477 0.6548666 0.7373746 0.661268 0.729647 0.6985782 0.7373746 0.6924932 0.7469477 0.687874 0.7413716 0.687874 0.7413716 0.6921768 0.729647 0.6985782 0.7373746 0.6921768 0.729647 0.687874 0.7413716 0.6824949 0.7378664 0.6824949 0.7378664 0.6847223 0.7247893 0.6921768 0.729647 0.6847223 0.7247893 0.6824949 0.7378664 0.6767224 0.7366708 0.6767224 0.7366708 0.6767224 0.7231324 0.6847223 0.7247893 0.7076312 0.7717583 0.6990255 0.7717583 0.6982656 0.762677 0.6982656 0.762677 0.7065781 0.759173 0.7076312 0.7717583 0.7065781 0.759173 0.6982656 0.762677 0.6960375 0.7542146 0.6960375 0.7542146 0.7034902 0.7474453 0.7065781 0.759173 0.7034902 0.7474453 0.6960375 0.7542146 0.6924932 0.7469477 0.6924932 0.7469477 0.6985782 0.7373746 0.7034902 0.7474453 0.6985782 0.806142 0.6924932 0.7965688 0.6960375 0.7893019 0.6960375 0.7893019 0.7034903 0.7960712 0.6985782 0.806142 0.7034903 0.7960712 0.6960375 0.7893019 0.6982656 0.7808396 0.6982656 0.7808396 0.7065781 0.7843436 0.7034903 0.7960712 0.7065781 0.7843436 0.6982656 0.7808396 0.6990255 0.7717583 0.6990255 0.7717583 0.7076312 0.7717583 0.7065781 0.7843436 0.6767224 0.8203842 0.6767224 0.8068457 0.6824949 0.8056501 0.6824949 0.8056501 0.6847223 0.8187273 0.6767224 0.8203842 0.6847223 0.8187273 0.6824949 0.8056501 0.687874 0.8021449 0.687874 0.8021449 0.6921769 0.8138696 0.6847223 0.8187273 0.6921769 0.8138696 0.687874 0.8021449 0.6924932 0.7965688 0.6924932 0.7965688 0.6985782 0.806142 0.6921769 0.8138696 0.6548666 0.806142 0.6609516 0.7965688 0.6655709 0.8021449 0.6655709 0.8021449 0.661268 0.8138696 0.6548666 0.806142 0.661268 0.8138696 0.6655709 0.8021449 0.6709499 0.8056501 0.6709499 0.8056501 0.6687226 0.8187273 0.661268 0.8138696 0.6687226 0.8187273 0.6709499 0.8056501 0.6767224 0.8068457 0.6767224 0.8068457 0.6767224 0.8203842 0.6687226 0.8187273 0.6458136 0.7717583 0.6544193 0.7717583 0.6551792 0.7808396 0.6551792 0.7808396 0.6468667 0.7843436 0.6458136 0.7717583 0.6468667 0.7843436 0.6551792 0.7808396 0.6574073 0.7893019 0.6574073 0.7893019 0.6499546 0.7960712 0.6468667 0.7843436 0.6499546 0.7960712 0.6574073 0.7893019 0.6609516 0.7965688 0.6609516 0.7965688 0.6548666 0.806142 0.6499546 0.7960712 0 0 0 0 0 0 0 0 0 0 0 0 0 0 0 0 0 0 0 0 0 0 0 0 0 0 0 0 0 0 0 0 0 0 0 0 0 0 0 0 0 0 0 0 0 0 0 0 0 0 0 0 0 0 0 0 0 0 0 0 0 0 0 0 0 0 0 0 0 0 0 0 0 0 0 0 0 0 0 0 0 0 0 0 0 0 0 0 0 0 0 0 0 0 0 0 0 0 0 0 0 0 0 0 0 0 0 0 0 0 0 0 0 0 0 0 0 0 0 0 0 0 0 0 0 0 0 0 0 0 0 0 0 0 0 0 0 0 0 0 0 0 0 0 0 0 0 0 0 0 0 0 0 0 0 0 0 0 0 0 0 0 0 0 0 0 0 0 0 0 0 0 0 0 0 0 0 0 0 0 0 0 0 0 0 0 0 0 0 0 0 0 0 0 0 0 0 0 0 0 0 0 0 0 0 0 0 0 0 0 0 0 0 0 0 0 0.6544193 0.7717583 0.6458136 0.7717583 0.6468667 0.759173 0.6468667 0.759173 0.6551792 0.762677 0.6544193 0.7717583 0.6551792 0.762677 0.6468667 0.759173 0.6499546 0.7474453 0.6499546 0.7474453 0.6574073 0.7542146 0.6551792 0.762677 0.6574073 0.7542146 0.6499546 0.7474453 0.6548666 0.7373746 0.6548666 0.7373746 0.6609518 0.7469477 0.6574073 0.7542146 0 0 0 0 0 0 0 0 0 0 0 0 0 0 0 0 0 0 0 0 0 0 0 0 0 0 0 0 0 0 0 0 0 0 0 0 0 0 0 0 0 0 0 0 0 0 0 0 0 0 0 0 0 0 0 0 0 0 0 0 0 0 0 0 0 0 0 0 0 0 0 0 0 0 0 0 0 0 0 0 0 0 0 0 0 0 0 0 0 0 0 0 0 0 0 0 0 0 0 0 0 0 0 0 0 0 0 0 0 0 0 0 0 0 0 0 0 0 0 0 0 0 0 0 0 0 0 0 0 0 0 0 0 0 0 0 0 0 0 0 0 0 0 0 0 0 0 0 0 0 0 0 0 0 0 0 0 0 0 0 0 0 0 0 0 0 0 0 0 0 0 0 0 0 0 0 0 0 0 0 0 0 0 0 0 0 0 0 0 0 0 0 0 0 0 0 0 0 0 0 0 0 0 0 0 0 0 0 0 0 0 0 0 0 0 0 0.6458136 0.7717583 0.6405782 0.7717583 0.6418097 0.7570412 0.6458136 0.7717583 0.6418097 0.7570412 0.6468667 0.759173 0.6468667 0.759173 0.6418097 0.7570412 0.6454206 0.7433271 0.6468667 0.759173 0.6454206 0.7433271 0.6499546 0.7474453 0.6499546 0.7474453 0.6454206 0.7433271 0.6511645 0.7315505 0.6499546 0.7474453 0.6511645 0.7315505 0.6548666 0.7373746 0.6574073 0.7893019 0.6551792 0.7808396 0.6767224 0.7717583 0.6609517 0.7965688 0.6574073 0.7893019 0.6767224 0.7717583 0.6655709 0.8021449 0.6609517 0.7965688 0.6767224 0.7717583 0.6709499 0.8056501 0.6655709 0.8021449 0.6767224 0.7717583 0.6767224 0.8068457 0.6709499 0.8056501 0.6767224 0.7717583 0.6824949 0.8056501 0.6767224 0.8068457 0.6767224 0.7717583 0.687874 0.8021449 0.6824949 0.8056501 0.6767224 0.7717583 0.6924932 0.7965688 0.687874 0.8021449 0.6767224 0.7717583 0.6960375 0.7893019 0.6924932 0.7965688 0.6767224 0.7717583 0.6982656 0.7808396 0.6960375 0.7893019 0.6767224 0.7717583 0.6990255 0.7717583 0.6982656 0.7808396 0.6767224 0.7717583 0.6982656 0.762677 0.6990255 0.7717583 0.6767224 0.7717583 0.6960375 0.7542146 0.6982656 0.762677 0.6767224 0.7717583 0.6924932 0.7469477 0.6960375 0.7542146 0.6767224 0.7717583 0.687874 0.7413716 0.6924932 0.7469477 0.6767224 0.7717583 0.6824949 0.7378663 0.687874 0.7413716 0.6767224 0.7717583 0.6767224 0.7366708 0.6824949 0.7378663 0.6767224 0.7717583 0.6709499 0.7378664 0.6767224 0.7366708 0.6767224 0.7717583 0.6655709 0.7413716 0.6709499 0.7378664 0.6767224 0.7717583 0.6609517 0.7469477 0.6655709 0.7413716 0.6767224 0.7717583 0.6574073 0.7542146 0.6609517 0.7469477 0.6767224 0.7717583 0.6551792 0.762677 0.6574073 0.7542146 0.6767224 0.7717583 0.6544193 0.7717583 0.6551792 0.762677 0.6767224 0.7717583 0.6551792 0.7808396 0.6544193 0.7717583 0.6767224 0.7717583 0 0 0 0 0 0 0 0 0 0 0 0 0 0 0 0 0 0 0 0 0 0 0 0 0 0 0 0 0 0 0.4758623 0.06404048 0.4648466 0.05771178 0.4648405 0.06404048 0.4928346 0.05771452 0.4648466 0.05771178 0.4758623 0.06404048 0.49306 0.06515169 0.4772624 0.06682318 0.4925823 0.06681478 0.4772624 0.06682318 0.49306 0.06515169 0.4758623 0.06404048 0.4928346 0.05771452 0.4758623 0.06404048 0.49306 0.06515169 0.4941393 0.06206482 0.4928346 0.05771452 0.49306 0.06515169 0.4941393 0.06489628 0.4941393 0.06206482 0.49306 0.06515169 0 0 0 0 0 0 0 0 0 0 0 0 0 0 0 0 0 0 0 0 0 0 0 0 0 0 0 0 0 0 0 0 0 0 0 0 0 0 0 0 0 0 0 0 0 0 0 0 0 0 0 0 0 0 0 0 0 0 0 0 0 0 0 0 0 0 0 0 0 0 0 0 0 0 0 0 0 0 0 0 0 0 0 0 0 0 0 0 0 0 0 0 0 0 0 0 0 0 0 0 0 0 0 0 0 0 0 0 0 0 0 0 0 0 0 0 0 0 0 0 0 0 0 0 0 0 0 0 0 0 0 0 0 0 0 0 0 0 0 0 0 0 0 0 0 0 0 0 0 0 0 0 0 0 0 0 0 0 0 0 0 0 0 0 0 0 0 0 0 0 0 0 0 0 0 0 0 0 0 0 0 0 0 0 0 0 0 0 0 0 0 0 0 0 0 0 0 0 0 0 0 0 0 0 0 0 0 0 0 0 0 0 0 0 0 0 0 0 0 0 0 0 0 0 0 0 0 0 0 0 0 0 0 0 0 0 0 0 0 0 0 0 0 0 0 0 0 0 0 0 0 0 0 0 0 0 0 0 0 0 0 0 0 0 0 0 0 0 0 0 0 0 0 0 0 0 0 0 0 0 0 0 0 0 0 0 0 0 0 0 0 0 0 0 0.3161544 0.546567 0.3194459 0.5457883 0.3146991 0.5541306 0.2637102 0.5456448 0.2311323 0.5776391 0.2311323 0.5456448 0.2311323 0.5776391 0.2637102 0.5456448 0.2679798 0.5541306 0.2679798 0.5541306 0.3133062 0.5776391 0.2311323 0.5776391 0.3133062 0.5776391 0.2679798 0.5541306 0.3146991 0.5541306 0.3146991 0.5541306 0.3178755 0.5776391 0.3133062 0.5776391 0.3146991 0.5541306 0.3194459 0.5457883 0.3178755 0.5776391 0.3178755 0.5776391 0.3194459 0.5457883 0.3450014 0.553577 0.3450014 0.537281 0.3450014 0.553577 0.3194459 0.5457883 0.3194459 0.53721 0.3450014 0.537281 0.3194459 0.5457883 0.2311323 0.5776391 0.3133062 0.5776391 0.3133062 0.5949369 0.2311323 0.5776391 0.3133062 0.5949369 0.2311323 0.5949369 0.3544607 0.5535779 0.3618741 0.5949369 0.3178755 0.5949369 0.3450014 0.553577 0.3544607 0.5535779 0.3178755 0.5949369 0.3178755 0.5949369 0.3178755 0.5776391 0.3450014 0.553577 0 0 0 0 0 0 0 0 0 0 0 0 0 0 0 0 0 0 0 0 0 0 0 0 0 0 0 0 0 0 0 0 0 0 0 0 0 0 0 0 0 0 0 0 0 0 0 0 0 0 0 0 0 0 0 0 0 0 0 0 0 0 0 0 0 0 0 0 0 0 0 0 0 0 0 0 0 0 0 0 0 0 0 0 0 0 0 0 0 0 0 0 0 0 0 0 0 0 0 0 0 0 0 0 0 0 0 0 0 0 0 0 0 0 0 0 0 0 0 0 0 0 0 0 0 0 0 0 0 0 0 0 0 0 0 0 0 0 0 0 0 0 0 0 0 0 0 0 0 0 0 0 0 0 0 0 0 0 0 0 0 0 0 0 0 0 0 0 0 0 0 0 0 0 0 0 0 0 0 0 0 0 0 0 0 0 0 0 0 0 0 0 0 0 0 0 0 0 0 0 0 0 0 0 0 0 0 0 0 0 0 0 0 0 0 0 0 0 0 0 0 0 0 0 0 0 0 0 0 0 0 0 0 0 0 0 0 0 0 0 0 0 0 0 0 0 0 0 0 0 0 0 0 0 0 0 0 0 0 0 0 0 0 0 0 0 0 0 0 0 0 0 0 0 0 0 0 0 0 0 0 0 0 0 0 0 0 0 0 0 0 0 0 0 0 0 0 0 0 0 0 0 0 0 0 0 0 0 0 0 0 0 0 0 0 0 0 0 0 0 0 0 0 0 0 0 0 0 0 0 0 0 0 0 0 0 0 0 0 0 0 0 0 0 0 0 0 0 0 0 0 0 0 0 0 0 0 0 0 0 0 0 0 0 0 0 0.4648405 0.06404048 0.4648466 0.05771178 0.4758623 0.06404048 0.4898321 0.1652857 0.4898321 0.17826 0.5178201 0.17826 0.4898321 0.1652857 0.5178201 0.17826 0.5178201 0.1652857 0.4648466 0.05771178 0.4928346 0.05771452 0.4758623 0.06404048 0.49306 0.06515169 0.4758623 0.06404048 0.4928346 0.05771452 0.49306 0.06515169 0.4772624 0.06682318 0.4758623 0.06404048 0.4772624 0.06682318 0.49306 0.06515169 0.4925823 0.06681478 0.49306 0.06515169 0.4928346 0.05771452 0.4941393 0.06206482 0.4941393 0.06489628 0.49306 0.06515169 0.4941393 0.06206482 0.4377943 0.1706817 0.4396633 0.1708346 0.4396633 0.1727111 0.4396633 0.1727111 0.4377943 0.1728639 0.4377943 0.1706817 0.4377943 0.1746292 0.4377943 0.1728639 0.4396633 0.1727111 0.4377943 0.1746292 0.4396633 0.1727111 0.4396633 0.1740381 0.4146779 0.07054829 0.4128088 0.0696119 0.4128088 0.07168722 0.4146779 0.0686717 0.4128088 0.0696119 0.4146779 0.07054829 0.4146779 0.0686717 0.4128088 0.06753653 0.4128088 0.0696119 0.4377943 0.1746292 0.4396633 0.1740381 0.4396633 0.1727111 0.4396633 0.1727111 0.4377943 0.1728639 0.4377943 0.1746292 0.4377943 0.1728639 0.4396633 0.1727111 0.4396633 0.1708346 0.4396633 0.1708346 0.4377943 0.1706817 0.4377943 0.1728639 0 0 0 0 0 0 0 0 0 0 0 0 0 0 0 0 0 0 0 0 0 0 0 0 0 0 0 0 0 0 0 0 0 0 0 0 0 0 0 0 0 0 0 0 0 0 0 0 0 0 0 0 0 0 0 0 0 0 0 0 0 0 0 0 0 0 0 0 0 0 0 0 0 0 0 0 0 0 0 0 0 0 0 0 0 0 0 0 0 0 0 0 0 0 0 0 0 0 0 0 0 0 0 0 0 0 0 0 0 0 0 0 0 0 0 0 0 0 0 0 0 0 0 0 0 0 0 0 0 0 0 0 0 0 0 0 0 0 0 0 0 0 0 0 0 0 0 0 0 0 0 0 0 0 0 0 0 0 0 0 0 0 0 0 0 0 0 0 0 0 0 0 0 0 0 0 0 0 0 0 0 0 0 0 0 0 0 0 0 0 0 0 0 0 0 0 0 0 0.8445048 0.5322208 0.8600165 0.5429466 0.8445048 0.5429466 0.8445048 0.5322208 0.8600165 0.5322208 0.8600165 0.5429466 0.5362237 0.5615574 0.5207121 0.5463878 0.5362237 0.5463878 0.5362237 0.5615574 0.5207121 0.5615574 0.5207121 0.5463878 0.8445048 0.5429466 0.8600165 0.5322208 0.8445048 0.5322209 0.8445048 0.5429466 0.8600165 0.5429466 0.8600165 0.5322208 0.8445048 0.5581153 0.8600165 0.5429466 0.8445048 0.5429466 0.8445048 0.5581153 0.8600165 0.5581153 0.8600165 0.5429466 0.8445048 0.568841 0.8600165 0.5581153 0.8445048 0.5581153 0.8445048 0.568841 0.8600165 0.568841 0.8600165 0.5581153 0.5362237 0.5463878 0.5207121 0.5615574 0.5362237 0.5615574 0.5362237 0.5463878 0.5207121 0.5463878 0.5207121 0.5615574 0.8445048 0.5581153 0.8600165 0.568841 0.8445048 0.568841 0.8445048 0.5581153 0.8600165 0.5581153 0.8600165 0.568841 0.8445048 0.5429466 0.8600165 0.5581153 0.8445048 0.5581153 0.8445048 0.5429466 0.8600165 0.5429466 0.8600165 0.5581153 0.4789364 0.1701063 0.4850652 0.1734394 0.4789364 0.1734394 0.4789364 0.1701063 0.4850652 0.1701063 0.4850652 0.1734394 0.453951 0.07127648 0.4600797 0.07363331 0.453951 0.07363331 0.453951 0.07127648 0.4600797 0.07127648 0.4600797 0.07363331 0.453951 0.06794357 0.4600797 0.07127648 0.453951 0.07127648 0.453951 0.06794357 0.4600797 0.06794345 0.4600797 0.07127648 0.453951 0.07127648 0.4600797 0.06794345 0.453951 0.06794357 0.453951 0.07127648 0.4600797 0.07127648 0.4600797 0.06794345 0.453951 0.07363331 0.4600797 0.07127648 0.453951 0.07127648 0.453951 0.07363331 0.4600797 0.07363331 0.4600797 0.07127648 0.5304188 0.08223146 0.5282883 0.08223164 0.5282883 0.08032149 0.5304188 0.08032149 0.5304188 0.08223146 0.5282883 0.08032149 0.5282883 0.07313334 0.5304188 0.08032149 0.5282883 0.08032149 0.5282883 0.07313334 0.5304188 0.07313334 0.5304188 0.08032149 0.5304188 0.07313555 0.5282883 0.07313555 0.5282883 0.07448375 0.5304188 0.07313555 0.5282883 0.07448375 0.5304188 0.07448375 0.4812549 0.1696423 0.4840123 0.1696423 0.4840123 0.1739034 0.4812549 0.1696423 0.4840123 0.1739034 0.4812549 0.1739034 0.5304188 0.08032149 0.5304188 0.07679253 0.5282883 0.07679253 0.5282883 0.08032149 0.5304188 0.08032149 0.5282883 0.07679253 0.5304188 0.08032149 0.5282883 0.08032149 0.5304188 0.08223146 0.5282883 0.08032149 0.5282883 0.08223164 0.5304188 0.08223146 0.4807052 0.1696423 0.4807052 0.1739034 0.4796023 0.1739034 0.4807052 0.1696423 0.4796023 0.1739034 0.4796023 0.1696423 0 0 0 0 0 0 0 0 0 0 0 0 0 0 0 0 0 0 0 0 0 0 0 0 0 0 0 0 0 0 0 0 0 0 0 0 0 0 0 0 0 0 0 0 0 0 0 0 0 0 0 0 0 0 0 0 0 0 0 0 0 0 0 0 0 0 0 0 0 0 0 0 0.4748235 0.07692581 0.4900039 0.07928591 0.4882753 0.07692581 0.4894022 0.07340431 0.4882753 0.07692581 0.4900039 0.07928591 0.4900039 0.07928591 0.4900039 0.07340431 0.4894022 0.07340431 0.4923889 0.07340449 0.4900039 0.07340431 0.4900039 0.07928591 0.4923889 0.07340449 0.4900039 0.07928591 0.4923889 0.07786262 0.4923889 0.07786262 0.4900039 0.07928591 0.4900039 0.08253812 0.4923889 0.07786262 0.4900039 0.08253812 0.4923889 0.08032774 0.5173743 0.1761705 0.5149894 0.1775745 0.5149894 0.174808 0.5173743 0.1761705 0.5149894 0.174808 0.5173743 0.1740733 0.5149894 0.174808 0.5173743 0.1717727 0.5173743 0.1740733 0.5149894 0.174808 0.5149894 0.1717727 0.5173743 0.1717727 0.4840331 0.1717727 0.5149894 0.1717727 0.5149894 0.174808 0.4840331 0.1717727 0.5149894 0.174808 0.4840331 0.174808 0.4840331 0.174808 0.5149894 0.174808 0.5149894 0.1775745 0.4840331 0.174808 0.5149894 0.1775745 0.4840331 0.1775745 0.4590477 0.08253806 0.4900039 0.08253812 0.4900039 0.07928591 0.4590477 0.08253806 0.4900039 0.07928591 0.4590477 0.07928562 0.4748235 0.07692581 0.4590477 0.07928562 0.4900039 0.07928591 0.4649636 0.07524049 0.4590477 0.07928562 0.4748235 0.07692581 0.4649636 0.07524049 0.4748235 0.07692581 0.4736263 0.0683335 0.4649636 0.0683335 0.4649636 0.07524049 0.4736263 0.0683335 0.5306072 0.05870395 0.5313652 0.06794357 0.5301868 0.06558662 0.5293536 0.05745422 0.5306072 0.05870395 0.5301868 0.06558662 0.5301868 0.06558662 0.5285202 0.06558662 0.5293536 0.05745422 0.5285202 0.06558662 0.5280999 0.05870395 0.5293536 0.05745422 0.5285202 0.06558662 0.5273419 0.06794357 0.5280999 0.05870395 0 0 0 0 0 0 0 0 0 0 0 0 0 0 0 0 0 0 0 0 0 0 0 0 0 0 0 0 0 0 0 0 0 0 0 0 0 0 0 0 0 0 0 0 0 0 0 0 0 0 0 0 0 0 0 0 0 0 0 0 0 0 0 0 0 0 0 0 0 0 0 0 0 0 0 0 0 0 0 0 0 0 0 0 0 0 0 0 0 0 0 0 0 0 0 0 0 0 0 0 0 0 0 0 0 0 0 0 0.4882753 0.07692581 0.4900039 0.07928591 0.4748235 0.07692581 0.4900039 0.07928591 0.4882753 0.07692581 0.4894022 0.07340431 0.4894022 0.07340431 0.4900039 0.07340431 0.4900039 0.07928591 0.4900039 0.07928591 0.4900039 0.07340431 0.4923889 0.07340449 0.4923889 0.07786262 0.4900039 0.07928591 0.4923889 0.07340449 0.4900039 0.08253812 0.4900039 0.07928591 0.4923889 0.07786262 0.4923889 0.08032774 0.4900039 0.08253812 0.4923889 0.07786262 0.5149894 0.1687375 0.5149894 0.1659712 0.5173743 0.1673752 0.5173743 0.1694722 0.5149894 0.1687375 0.5173743 0.1673752 0.5173743 0.1717727 0.5149894 0.1687375 0.5173743 0.1694722 0.5173743 0.1717727 0.5149894 0.1717727 0.5149894 0.1687375 0.5149894 0.1687375 0.5149894 0.1717727 0.4840331 0.1717727 0.5149894 0.1687375 0.4840331 0.1717727 0.4840331 0.1687375 0.5149894 0.1659712 0.5149894 0.1687375 0.4840331 0.1687375 0.5149894 0.1659712 0.4840331 0.1687375 0.4840331 0.1659712 0.4900039 0.07928591 0.4900039 0.08253812 0.4590477 0.08253806 0.4900039 0.07928591 0.4590477 0.08253806 0.4590477 0.07928562 0.4900039 0.07928591 0.4590477 0.07928562 0.4748235 0.07692581 0.4748235 0.07692581 0.4590477 0.07928562 0.4649636 0.07524049 0.4736263 0.0683335 0.4748235 0.07692581 0.4649636 0.07524049 0.4736263 0.0683335 0.4649636 0.07524049 0.4649636 0.0683335 0 0 0 0 0 0 0 0 0 0 0 0 0 0 0 0 0 0 0 0 0 0 0 0 0 0 0 0 0 0 0 0 0 0 0 0 0 0 0 0 0 0 0 0 0 0 0 0 0 0 0 0 0 0 0 0 0 0 0 0 0 0 0 0 0 0 0 0 0 0 0 0 0 0 0 0 0 0 0 0 0 0 0 0 0 0 0 0 0 0 0 0 0 0 0 0 0 0 0 0 0 0 0 0 0 0 0 0 0 0 0 0 0 0 0 0 0 0 0 0 0 0 0 0 0 0 0 0 0 0 0 0 0 0 0 0 0 0 0 0 0 0 0 0 0 0 0 0 0 0 0 0 0 0 0 0 0 0 0 0 0 0 0 0 0 0 0 0 0 0 0 0 0 0 0 0 0 0 0 0 0 0 0 0 0 0 0 0 0 0 0 0 0 0 0 0 0 0 0 0 0 0 0 0 0 0 0 0 0 0 0 0 0 0 0 0 0 0 0 0 0 0 0 0 0 0 0 0 0 0 0 0 0 0 0 0 0 0 0 0 0 0 0 0 0 0 0 0 0 0 0 0 0 0 0 0 0 0 0 0 0 0 0 0 0.5802305 0.5375293 0.7732217 0.5430612 0.5802305 0.5451455 0.8004983 0.5485865 0.6075068 0.5465032 0.6075068 0.5359389 0.8004983 0.5593582 0.6075068 0.5465032 0.8004983 0.5485865 0.8004983 0.5593582 0.6075068 0.561442 0.6075068 0.5465032 0.5802305 0.5451455 0.7732217 0.5324975 0.5802305 0.5375293 0.8004983 0.5669738 0.6075068 0.5720059 0.6075068 0.561442 0.5802303 0.5559164 0.7732217 0.5430612 0.5802305 0.5451455 0.5802303 0.5559164 0.7732217 0.5580006 0.7732217 0.5430612 0.5802303 0.5635327 0.7732217 0.5580006 0.5802303 0.5559164 0.8004983 0.5593582 0.6075068 0.561442 0.6075068 0.5720059 0.8004983 0.5485865 0.6075068 0.561442 0.8004983 0.5593582 0.8004983 0.5485865 0.6075068 0.5465032 0.6075068 0.561442 0.5802303 0.5559164 0.7732217 0.5685644 0.5802305 0.5635327 0.8004983 0.5409709 0.6075068 0.5359389 0.6075068 0.5465032 0.5802305 0.5451455 0.7732217 0.5580006 0.5802303 0.5559164 0.5802305 0.5451455 0.7732217 0.5430612 0.7732217 0.5580006 0 0 0 0 0 0 0 0 0 0 0 0 0 0 0 0 0 0 0 0 0 0 0 0 0 0 0 0 0 0 0 0 0 0 0 0 0 0 0 0 0 0 0 0 0 0 0 0 0 0 0 0 0 0 0 0 0 0 0 0 0 0 0 0 0 0 0 0 0 0 0 0 0 0 0 0 0 0 0 0 0 0 0 0 0 0 0 0 0 0 0 0 0 0 0 0 0 0 0 0 0 0 0 0 0 0 0 0 0 0 0 0 0 0 0 0 0 0 0 0 0.5261099 0.06404048 0.5261099 0.05771178 0.5325971 0.05771178 0.5261099 0.06404048 0.5325971 0.05771178 0.5325971 0.06404048 0 0 0 0 0 0 0 0 0 0 0 0 0 0 0 0 0 0 0 0 0 0 0 0 0 0 0 0 0 0 0 0 0 0 0 0 0 0 0 0 0 0 0.4146066 0.0696119 0.4065265 0.0696119 0.4065265 0.0673964 0.4065265 0.0673964 0.4146066 0.06825971 0.4146066 0.0696119 0.439592 0.1736338 0.4315119 0.1748222 0.4315119 0.1729375 0.4315119 0.1729375 0.439592 0.1724837 0.439592 0.1736338 0.439592 0.1724837 0.4315119 0.1729375 0.4315119 0.1706081 0.4315119 0.1706081 0.439592 0.1710619 0.439592 0.1724837 0.439592 0.1710619 0.4315119 0.1706081 0.4315119 0.1687235 0.4315119 0.1687235 0.439592 0.1699119 0.439592 0.1710619 0.4146066 0.06825971 0.4065265 0.0673964 0.4065265 0.0696119 0.4065265 0.0696119 0.4146066 0.0696119 0.4146066 0.06825971 0.4146066 0.0696119 0.4065265 0.0696119 0.4065265 0.07182741 0.4065265 0.07182741 0.4146066 0.07096379 0.4146066 0.0696119 0.439592 0.1699119 0.4315119 0.1687235 0.4315119 0.1706081 0.4315119 0.1706081 0.439592 0.1710619 0.439592 0.1699119 0.439592 0.1710619 0.4315119 0.1706081 0.4315119 0.1729375 0.4315119 0.1729375 0.439592 0.1724837 0.439592 0.1710619 0.439592 0.1724837 0.4315119 0.1729375 0.4315119 0.1748222 0.439592 0.1724837 0.4315119 0.1748222 0.439592 0.1736338 0.4146066 0.07096379 0.4065265 0.07182741 0.4065265 0.0696119 0.4065265 0.0696119 0.4146066 0.0696119 0.4146066 0.07096379 0 0 0 0 0 0 0 0 0 0 0 0 0 0 0 0 0 0 0 0 0 0 0 0 0 0 0 0 0 0 0 0 0 0 0 0 0 0 0 0 0 0 0 0 0 0 0 0 0 0 0 0 0 0 0 0 0 0 0 0 0 0 0 0 0 0 0 0 0 0 0 0 0.4396633 0.1708346 0.4377943 0.1706817 0.4377943 0.1689164 0.4377943 0.1689164 0.4396633 0.1695076 0.4396633 0.1708346 0.4146779 0.07054829 0.4128088 0.07168722 0.4128088 0.0696119 0.4146779 0.07054829 0.4128088 0.0696119 0.4146779 0.0686717 0.4146779 0.0686717 0.4128088 0.0696119 0.4128088 0.06753653 0.4377943 0.1689164 0.4396633 0.1708346 0.4396633 0.1695076 0.4377943 0.1689164 0.4377943 0.1706817 0.4396633 0.1708346 0 0 0 0 0 0 0 0 0 0 0 0 0 0 0 0 0 0 0 0 0 0 0 0 0 0 0 0 0 0 0 0 0 0 0 0 0 0 0 0 0 0 0 0 0 0 0 0 0 0 0 0 0 0 0 0 0 0 0 0 0 0 0 0 0 0 0 0 0 0 0 0 0 0 0 0 0 0 0 0 0 0 0 0 0 0 0 0 0 0 0 0 0 0 0 0 0 0 0 0 0 0 0 0 0 0 0 0 0 0 0 0 0 0 0 0 0 0 0 0 0 0 0 0 0 0 0 0 0 0 0 0 0 0 0 0 0 0 0 0 0 0 0 0 0 0 0 0 0 0 0 0 0 0 0 0 0 0 0 0 0 0 0 0 0 0 0 0 0 0 0 0 0 0 0 0 0 0 0 0 0 0 0 0 0 0 0 0 0 0 0 0 0 0 0 0 0 0 0 0 0 0 0 0 0 0 0 0 0 0 0 0 0 0 0 0 0 0 0 0 0 0 0 0 0 0 0 0 0 0 0 0 0 0 0 0 0 0 0 0 0 0 0 0 0 0 0 0 0 0 0 0 0 0 0 0 0 0 0 0 0 0 0 0 0 0 0 0 0 0 0 0 0 0 0 0 0 0 0 0 0 0 0 0 0 0 0 0 0 0 0 0 0 0 0 0 0 0 0 0 0 0 0 0 0 0 0 0 0 0 0 0 0 0 0 0 0 0 0 0 0 0 0 0 0 0 0 0 0 0 0 0 0 0 0 0 0 0 0 0 0 0</float_array>
          <technique_common>
            <accessor source="#tower-mesh-map-0-array" count="2892" stride="2">
              <param name="S" type="float"/>
              <param name="T" type="float"/>
            </accessor>
          </technique_common>
        </source>
        <vertices id="tower-mesh-vertices">
          <input semantic="POSITION" source="#tower-mesh-positions"/>
        </vertices>
        <triangles material="Material_003-material" count="964">
          <input semantic="VERTEX" source="#tower-mesh-vertices" offset="0"/>
          <input semantic="NORMAL" source="#tower-mesh-normals" offset="1"/>
          <input semantic="TEXCOORD" source="#tower-mesh-map-0" offset="2" set="0"/>
          <p>0 0 0 1 1 1 2 2 2 3 3 3 0 0 4 2 2 5 4 4 6 0 5 7 3 6 8 4 4 9 5 7 10 0 5 11 6 8 12 7 9 13 8 10 14 7 9 15 9 11 16 8 10 17 7 9 18 10 12 19 9 11 20 10 12 21 11 13 22 9 11 23 11 13 24 10 12 25 12 14 26 12 14 27 13 15 28 11 13 29 13 15 30 12 14 31 14 16 32 14 16 33 15 17 34 13 15 35 16 18 36 17 19 37 18 20 38 18 20 39 19 21 40 16 18 41 18 20 42 20 22 43 19 21 44 18 20 45 21 23 46 20 22 47 20 22 48 21 23 49 22 24 50 22 24 51 23 25 52 20 22 53 23 25 54 22 24 55 24 26 56 24 26 57 25 27 58 23 25 59 25 27 60 24 26 61 26 28 62 26 28 63 27 29 64 25 27 65 27 29 66 26 28 67 28 30 68 28 30 69 29 31 70 27 29 71 29 31 72 28 30 73 30 32 74 30 32 75 31 33 76 29 31 77 31 33 78 30 32 79 32 34 80 32 34 81 33 35 82 31 33 83 33 35 84 32 34 85 34 36 86 34 36 87 35 37 88 33 35 89 35 37 90 34 36 91 36 38 92 36 38 93 37 39 94 35 37 95 37 39 96 36 38 97 38 40 98 38 40 99 39 41 100 37 39 101 39 41 102 38 40 103 40 42 104 40 42 105 41 43 106 39 41 107 41 43 108 40 42 109 42 44 110 42 44 111 43 45 112 41 43 113 43 45 114 42 44 115 44 46 116 44 46 117 45 47 118 43 45 119 45 47 120 44 46 121 46 48 122 46 48 123 47 49 124 45 47 125 47 49 126 46 48 127 48 50 128 48 50 129 49 51 130 47 49 131 49 51 132 48 50 133 50 52 134 50 52 135 51 53 136 49 51 137 51 53 138 50 52 139 52 54 140 52 54 141 53 55 142 51 53 143 53 55 144 52 54 145 54 56 146 54 56 147 55 57 148 53 55 149 55 57 150 54 56 151 56 58 152 56 58 153 57 59 154 55 57 155 57 59 156 56 58 157 58 60 158 58 60 159 59 61 160 57 59 161 59 61 162 58 60 163 60 62 164 60 62 165 61 63 166 59 61 167 61 63 168 60 62 169 62 64 170 62 64 171 63 65 172 61 63 173 63 65 174 62 64 175 64 66 176 64 66 177 65 67 178 63 65 179 64 66 180 16 18 181 65 67 182 64 66 183 17 19 184 16 18 185 66 68 186 67 69 187 68 70 188 68 70 189 69 71 190 66 68 191 69 71 192 68 70 193 70 72 194 70 72 195 71 73 196 69 71 197 71 73 198 70 72 199 72 74 200 72 74 201 73 75 202 71 73 203 73 75 204 72 74 205 74 76 206 74 76 207 75 77 208 73 75 209 75 77 210 74 76 211 76 78 212 76 78 213 77 79 214 75 77 215 77 79 216 76 78 217 78 80 218 78 80 219 79 81 220 77 79 221 80 82 222 81 83 223 79 81 224 79 81 225 78 80 226 80 82 227 82 84 228 80 85 229 78 86 230 78 86 231 83 87 232 82 84 233 83 87 234 78 86 235 76 88 236 76 88 237 84 89 238 83 87 239 84 89 240 76 88 241 74 90 242 74 90 243 85 91 244 84 89 245 85 91 246 74 90 247 72 92 248 72 92 249 86 93 250 85 91 251 70 94 252 86 93 253 72 92 254 70 94 255 87 95 256 86 93 257 87 95 258 70 94 259 68 96 260 68 96 261 88 97 262 87 95 263 88 97 264 68 96 265 67 98 266 67 98 267 89 99 268 88 97 269 89 99 270 67 98 271 90 100 272 90 100 273 91 101 274 89 99 275 91 101 276 90 100 277 92 102 278 92 102 279 93 103 280 91 101 281 94 104 282 95 105 283 96 106 284 94 104 285 96 106 286 97 107 287 97 107 288 96 106 289 98 108 290 98 108 291 99 109 292 97 107 293 99 109 294 98 108 295 92 110 296 92 110 297 100 111 298 99 109 299 100 111 300 92 110 301 90 112 302 90 112 303 101 113 304 100 111 305 101 113 306 90 112 307 67 69 308 67 69 309 66 68 310 101 113 311 93 103 312 92 102 313 98 114 314 98 114 315 102 115 316 93 103 317 102 115 318 98 114 319 96 116 320 96 116 321 103 117 322 102 115 323 95 118 324 103 117 325 96 116 326 95 118 327 104 119 328 103 117 329 105 120 330 106 121 331 107 122 332 108 123 333 105 120 334 107 122 335 109 124 336 105 125 337 108 126 338 109 124 339 110 127 340 105 125 341 111 128 342 95 118 343 112 129 344 112 130 345 95 105 346 94 104 347 112 130 348 94 104 349 113 131 350 112 130 351 113 131 352 114 132 353 114 132 354 115 133 355 112 130 356 115 133 357 114 132 358 116 134 359 116 134 360 117 135 361 115 133 362 117 135 363 116 134 364 118 136 365 118 136 366 119 137 367 117 135 368 119 137 369 118 136 370 120 138 371 121 139 372 122 140 373 123 141 374 124 142 375 121 139 376 123 141 377 124 142 378 123 141 379 125 143 380 119 144 381 124 142 382 125 143 383 119 144 384 125 143 385 126 145 386 117 146 387 119 144 388 126 145 389 117 146 390 126 145 391 127 147 392 115 148 393 117 146 394 127 147 395 115 148 396 127 147 397 111 128 398 115 148 399 111 128 400 112 129 401 111 128 402 104 119 403 95 118 404 120 138 405 124 149 406 119 137 407 124 149 408 120 138 409 128 150 410 128 150 411 121 151 412 124 149 413 121 151 414 128 150 415 129 152 416 129 152 417 130 153 418 121 151 419 130 153 420 129 152 421 131 154 422 131 154 423 132 155 424 130 153 425 132 155 426 131 154 427 133 156 428 133 156 429 134 157 430 132 155 431 134 157 432 133 156 433 135 158 434 136 159 435 137 160 436 138 161 437 139 162 438 136 159 439 138 161 440 139 162 441 138 161 442 140 163 443 141 164 444 139 162 445 140 163 446 141 164 447 140 163 448 142 165 449 134 166 450 141 164 451 142 165 452 142 165 453 132 167 454 134 166 455 142 165 456 143 168 457 132 167 458 132 167 459 143 168 460 144 169 461 130 170 462 132 167 463 144 169 464 130 170 465 144 169 466 122 140 467 121 139 468 130 170 469 122 140 470 135 158 471 141 171 472 134 157 473 141 171 474 135 158 475 145 172 476 145 172 477 139 173 478 141 171 479 139 173 480 145 172 481 146 174 482 146 174 483 136 175 484 139 173 485 136 175 486 146 174 487 81 83 488 81 83 489 80 82 490 136 175 491 136 159 492 80 85 493 137 160 494 80 85 495 82 84 496 137 160 497 147 176 498 148 177 499 149 178 500 147 176 501 149 178 502 150 179 503 150 180 504 149 181 505 151 182 506 149 181 507 152 183 508 151 182 509 153 184 510 154 185 511 155 186 512 153 184 513 155 186 514 156 187 515 156 188 516 155 189 517 157 190 518 155 189 519 158 191 520 157 190 521 159 192 522 160 193 523 161 194 524 159 192 525 161 194 526 162 195 527 162 195 528 163 196 529 159 192 530 164 197 531 163 196 532 162 195 533 164 197 534 162 195 535 165 198 536 166 199 537 167 200 538 168 201 539 169 202 540 166 199 541 168 201 542 170 203 543 171 204 544 172 205 545 170 203 546 172 205 547 173 206 548 174 207 549 175 208 550 176 209 551 174 207 552 176 209 553 177 210 554 178 211 555 179 212 556 164 197 557 178 211 558 164 197 559 165 198 560 165 198 561 180 213 562 178 211 563 165 198 564 181 214 565 180 213 566 182 215 567 183 216 568 160 193 569 159 192 570 182 215 571 160 193 572 159 192 573 184 217 574 182 215 575 159 192 576 163 196 577 184 217 578 185 218 579 184 217 580 163 196 581 185 218 582 163 196 583 164 197 584 179 212 585 185 218 586 164 197 587 185 218 588 179 212 589 186 219 590 179 212 591 187 220 592 186 219 593 187 220 594 188 221 595 186 219 596 185 218 597 186 219 598 184 217 599 188 221 600 189 222 601 186 219 602 188 221 603 190 223 604 189 222 605 190 223 606 191 224 607 189 222 608 190 223 609 192 225 610 191 224 611 192 225 612 193 226 613 191 224 614 192 225 615 194 227 616 193 226 617 194 227 618 195 228 619 193 226 620 194 227 621 196 229 622 195 228 623 196 229 624 197 230 625 195 228 626 198 231 627 197 230 628 196 229 629 198 231 630 196 229 631 199 232 632 199 232 633 200 233 634 198 231 635 200 233 636 201 234 637 198 231 638 200 233 639 6 8 640 201 234 641 6 8 642 8 10 643 201 234 644 161 194 645 160 193 646 202 235 647 161 194 648 202 235 649 203 236 650 202 235 651 204 237 652 203 236 653 203 236 654 204 237 655 205 238 656 203 236 657 205 238 658 206 239 659 207 240 660 169 202 661 168 201 662 208 240 663 207 240 664 168 201 665 209 241 666 210 242 667 211 243 668 209 241 669 211 243 670 212 244 671 176 209 672 175 208 673 213 245 674 176 209 675 213 245 676 214 246 677 205 238 678 215 247 679 216 248 680 205 238 681 216 248 682 206 239 683 180 213 684 206 239 685 216 248 686 180 213 687 181 214 688 206 239 689 217 249 690 218 250 691 219 251 692 219 251 693 220 252 694 217 249 695 220 252 696 219 251 697 221 253 698 221 253 699 222 254 700 220 252 701 222 254 702 221 253 703 223 255 704 223 255 705 224 256 706 222 254 707 224 256 708 223 255 709 215 247 710 224 256 711 215 247 712 225 257 713 205 238 714 225 257 715 215 247 716 204 237 717 225 257 718 205 238 719 224 256 720 225 257 721 226 258 722 204 237 723 226 258 724 225 257 725 226 258 726 204 237 727 202 235 728 226 258 729 202 235 730 227 259 731 160 193 732 227 259 733 202 235 734 160 193 735 183 216 736 227 259 737 228 260 738 229 261 739 230 262 740 228 260 741 230 262 742 231 263 743 232 264 744 228 260 745 231 263 746 232 264 747 231 263 748 233 265 749 234 266 750 232 264 751 233 265 752 234 266 753 233 265 754 235 267 755 236 268 756 237 269 757 238 270 758 236 268 759 238 270 760 239 271 761 240 272 762 236 268 763 239 271 764 240 272 765 239 271 766 241 273 767 229 261 768 240 272 769 241 273 770 229 261 771 241 273 772 230 262 773 15 17 774 14 16 775 242 274 776 242 274 777 243 275 778 15 17 779 243 275 780 242 274 781 244 276 782 244 276 783 245 277 784 243 275 785 246 278 786 245 277 787 244 276 788 246 278 789 247 279 790 245 277 791 247 279 792 246 278 793 248 280 794 248 280 795 249 281 796 247 279 797 249 281 798 248 280 799 218 250 800 218 250 801 217 249 802 249 281 803 250 282 804 251 283 805 252 284 806 250 282 807 253 285 808 251 283 809 254 286 810 253 285 811 250 282 812 254 286 813 255 287 814 253 285 815 256 288 816 255 287 817 254 286 818 256 288 819 257 289 820 255 287 821 258 290 822 259 291 823 260 292 824 258 290 825 261 293 826 259 291 827 262 294 828 261 293 829 258 290 830 262 294 831 263 295 832 261 293 833 252 284 834 263 295 835 262 294 836 252 284 837 251 283 838 263 295 839 264 296 840 265 297 841 266 298 842 264 296 843 267 299 844 265 297 845 268 300 846 267 299 847 264 296 848 268 300 849 269 301 850 267 299 851 260 292 852 269 301 853 268 300 854 260 292 855 259 291 856 269 301 857 270 302 858 271 303 859 272 304 860 270 302 861 273 305 862 271 303 863 274 306 864 273 305 865 270 302 866 274 306 867 275 307 868 273 305 869 266 298 870 275 307 871 274 306 872 266 298 873 265 297 874 275 307 875 276 308 876 277 309 877 278 310 878 276 308 879 279 311 880 277 309 881 280 312 882 279 311 883 276 308 884 280 312 885 281 313 886 279 311 887 272 304 888 281 313 889 280 312 890 272 304 891 271 303 892 281 313 893 282 314 894 283 315 895 284 316 896 282 314 897 285 317 898 283 315 899 286 318 900 285 317 901 282 314 902 286 318 903 287 319 904 285 317 905 278 310 906 287 319 907 286 318 908 278 310 909 277 309 910 287 319 911 288 320 912 289 321 913 290 322 914 288 320 915 291 323 916 289 321 917 292 324 918 291 323 919 288 320 920 292 324 921 293 325 922 291 323 923 284 316 924 293 325 925 292 324 926 284 316 927 283 315 928 293 325 929 294 326 930 295 327 931 296 328 932 296 328 933 297 329 934 294 326 935 297 329 936 296 328 937 298 330 938 298 330 939 299 331 940 297 329 941 299 331 942 298 330 943 300 332 944 300 332 945 301 333 946 299 331 947 301 333 948 300 332 949 302 334 950 302 334 951 303 335 952 301 333 953 303 335 954 302 334 955 304 336 956 304 336 957 305 337 958 303 335 959 305 337 960 304 336 961 306 338 962 306 338 963 307 339 964 305 337 965 308 340 966 309 341 967 310 342 968 310 342 969 311 343 970 308 340 971 311 343 972 310 342 973 312 344 974 312 344 975 313 345 976 311 343 977 313 345 978 312 344 979 314 346 980 314 346 981 315 347 982 313 345 983 316 348 984 317 349 985 318 350 986 318 350 987 319 351 988 316 348 989 319 351 990 318 350 991 320 352 992 320 352 993 321 353 994 319 351 995 321 353 996 320 352 997 309 341 998 309 341 999 308 340 1000 321 353 1001 322 354 1002 323 355 1003 324 356 1004 324 356 1005 325 357 1006 322 354 1007 325 357 1008 324 356 1009 326 358 1010 326 358 1011 327 359 1012 325 357 1013 327 359 1014 326 358 1015 317 349 1016 317 349 1017 316 348 1018 327 359 1019 328 360 1020 329 361 1021 330 362 1022 330 362 1023 331 363 1024 328 360 1025 331 363 1026 330 362 1027 332 364 1028 332 364 1029 333 365 1030 331 363 1031 333 365 1032 332 364 1033 323 355 1034 323 355 1035 322 354 1036 333 365 1037 334 366 1038 335 367 1039 336 368 1040 336 368 1041 337 369 1042 334 366 1043 337 369 1044 336 368 1045 338 370 1046 338 370 1047 339 371 1048 337 369 1049 339 371 1050 338 370 1051 329 361 1052 329 361 1053 328 360 1054 339 371 1055 340 372 1056 341 373 1057 342 374 1058 342 374 1059 343 375 1060 340 372 1061 343 375 1062 342 374 1063 344 376 1064 344 376 1065 345 377 1066 343 375 1067 345 377 1068 344 376 1069 335 367 1070 335 367 1071 334 366 1072 345 377 1073 346 378 1074 347 379 1075 348 380 1076 348 380 1077 349 381 1078 346 378 1079 349 381 1080 348 380 1081 350 382 1082 350 382 1083 351 383 1084 349 381 1085 351 383 1086 350 382 1087 341 373 1088 341 373 1089 340 372 1090 351 383 1091 352 384 1092 234 266 1093 235 267 1094 352 384 1095 235 267 1096 353 385 1097 354 386 1098 352 384 1099 353 385 1100 354 386 1101 353 385 1102 355 387 1103 356 388 1104 354 386 1105 355 387 1106 356 388 1107 355 387 1108 357 389 1109 358 390 1110 356 388 1111 357 389 1112 358 390 1113 357 389 1114 359 391 1115 360 392 1116 358 390 1117 359 391 1118 360 392 1119 359 391 1120 361 393 1121 362 394 1122 360 392 1123 361 393 1124 362 394 1125 361 393 1126 363 395 1127 364 396 1128 362 394 1129 363 395 1130 364 396 1131 363 395 1132 365 397 1133 366 398 1134 364 396 1135 365 397 1136 366 398 1137 365 397 1138 367 399 1139 368 400 1140 366 398 1141 367 399 1142 368 400 1143 367 399 1144 306 401 1145 369 402 1146 368 400 1147 306 401 1148 369 402 1149 306 401 1150 304 403 1151 370 404 1152 369 402 1153 304 403 1154 370 404 1155 304 403 1156 302 405 1157 371 406 1158 370 404 1159 302 405 1160 371 406 1161 302 405 1162 300 407 1163 372 408 1164 371 406 1165 300 407 1166 372 408 1167 300 407 1168 298 409 1169 298 409 1170 373 410 1171 372 408 1172 298 409 1173 296 411 1174 373 410 1175 374 412 1176 373 410 1177 296 411 1178 374 412 1179 296 411 1180 295 413 1181 375 414 1182 374 412 1183 295 413 1184 375 414 1185 295 413 1186 376 415 1187 377 416 1188 375 414 1189 376 415 1190 377 416 1191 376 415 1192 378 417 1193 237 269 1194 377 416 1195 378 417 1196 237 269 1197 378 417 1198 238 270 1199 347 379 1200 346 378 1201 379 418 1202 379 418 1203 380 419 1204 347 379 1205 380 419 1206 379 418 1207 381 420 1208 381 420 1209 382 421 1210 380 419 1211 382 421 1212 381 420 1213 315 347 1214 315 347 1215 314 346 1216 382 421 1217 295 327 1218 294 326 1219 383 422 1220 383 422 1221 376 423 1222 295 327 1223 376 423 1224 383 422 1225 384 424 1226 384 424 1227 378 425 1228 376 423 1229 378 425 1230 384 424 1231 385 426 1232 385 426 1233 238 427 1234 378 425 1235 238 427 1236 385 426 1237 386 428 1238 386 428 1239 239 429 1240 238 427 1241 239 429 1242 386 428 1243 387 430 1244 387 430 1245 241 431 1246 239 429 1247 241 431 1248 387 430 1249 388 432 1250 388 432 1251 230 433 1252 241 431 1253 230 433 1254 388 432 1255 389 434 1256 389 434 1257 231 435 1258 230 433 1259 231 435 1260 389 434 1261 390 436 1262 390 436 1263 233 437 1264 231 435 1265 233 437 1266 390 436 1267 391 438 1268 391 438 1269 235 439 1270 233 437 1271 235 439 1272 391 438 1273 392 440 1274 392 440 1275 353 441 1276 235 439 1277 353 441 1278 392 440 1279 393 442 1280 393 442 1281 355 443 1282 353 441 1283 355 443 1284 393 442 1285 394 444 1286 394 444 1287 357 445 1288 355 443 1289 357 445 1290 394 444 1291 395 446 1292 395 446 1293 359 447 1294 357 445 1295 359 447 1296 395 446 1297 396 448 1298 396 448 1299 361 449 1300 359 447 1301 361 449 1302 396 448 1303 397 450 1304 397 450 1305 363 451 1306 361 449 1307 363 451 1308 397 450 1309 398 452 1310 398 452 1311 365 453 1312 363 451 1313 365 453 1314 398 452 1315 399 454 1316 399 454 1317 367 455 1318 365 453 1319 367 455 1320 399 454 1321 307 339 1322 307 339 1323 306 338 1324 367 455 1325 290 322 1326 289 321 1327 400 456 1328 290 322 1329 400 456 1330 401 457 1331 401 457 1332 400 456 1333 402 458 1334 401 457 1335 402 458 1336 403 459 1337 403 459 1338 402 458 1339 257 289 1340 403 459 1341 257 289 1342 256 288 1343 404 460 1344 405 461 1345 406 462 1346 407 460 1347 404 460 1348 406 462 1349 408 463 1350 407 460 1351 406 462 1352 409 464 1353 408 463 1354 406 462 1355 410 465 1356 409 464 1357 406 462 1358 411 466 1359 410 465 1360 406 462 1361 412 467 1362 411 466 1363 406 462 1364 413 460 1365 412 467 1366 406 462 1367 414 460 1368 413 460 1369 406 462 1370 415 460 1371 414 460 1372 406 462 1373 416 468 1374 415 460 1375 406 462 1376 417 469 1377 416 468 1378 406 462 1379 418 470 1380 417 469 1381 406 462 1382 419 471 1383 418 470 1384 406 462 1385 420 472 1386 419 471 1387 406 462 1388 421 473 1389 420 472 1390 406 462 1391 422 460 1392 421 473 1393 406 462 1394 423 460 1395 422 460 1396 406 462 1397 424 460 1398 423 460 1399 406 462 1400 425 460 1401 424 460 1402 406 462 1403 426 474 1404 425 460 1405 406 462 1406 427 475 1407 426 474 1408 406 462 1409 428 476 1410 427 475 1411 406 462 1412 405 461 1413 428 476 1414 406 462 1415 429 477 1416 430 478 1417 431 479 1418 432 480 1419 433 481 1420 434 482 1421 432 480 1422 435 483 1423 433 481 1424 436 484 1425 435 485 1426 432 486 1427 436 484 1428 437 487 1429 435 485 1430 438 488 1431 439 489 1432 440 490 1433 441 491 1434 439 489 1435 438 488 1436 442 492 1437 443 493 1438 444 494 1439 443 493 1440 442 492 1441 438 488 1442 441 491 1443 438 488 1444 442 492 1445 445 495 1446 441 491 1447 442 492 1448 446 495 1449 445 495 1450 442 492 1451 447 496 1452 448 497 1453 449 498 1454 450 499 1455 449 498 1456 448 497 1457 451 240 1458 449 240 1459 452 240 1460 451 240 1461 452 240 1462 453 240 1463 448 500 1464 454 501 1465 455 502 1466 454 501 1467 448 500 1468 456 503 1469 457 240 1470 454 240 1471 458 240 1472 457 240 1473 458 240 1474 459 240 1475 460 504 1476 461 505 1477 462 506 1478 463 507 1479 461 505 1480 460 504 1481 463 507 1482 460 504 1483 464 508 1484 461 505 1485 465 509 1486 466 506 1487 467 510 1488 465 509 1489 461 505 1490 467 510 1491 461 505 1492 463 507 1493 467 510 1494 463 507 1495 468 511 1496 469 512 1497 465 509 1498 467 510 1499 470 513 1500 471 514 1501 472 515 1502 470 513 1503 473 516 1504 471 514 1505 470 517 1506 474 518 1507 473 519 1508 474 518 1509 475 520 1510 473 519 1511 476 521 1512 475 522 1513 474 523 1514 476 521 1515 474 523 1516 477 524 1517 478 525 1518 476 526 1519 477 527 1520 477 527 1521 479 528 1522 478 525 1523 480 529 1524 481 530 1525 482 529 1526 480 529 1527 482 529 1528 483 531 1529 484 506 1530 485 506 1531 486 506 1532 484 506 1533 486 506 1534 487 506 1535 434 532 1536 433 533 1537 488 534 1538 434 532 1539 488 534 1540 489 535 1541 489 536 1542 488 537 1543 437 538 1544 489 536 1545 437 538 1546 436 539 1547 490 540 1548 491 541 1549 492 542 1550 491 541 1551 493 543 1552 492 542 1553 471 544 1554 493 545 1555 491 546 1556 471 544 1557 491 546 1558 472 547 1559 494 548 1560 495 549 1561 496 550 1562 494 548 1563 496 550 1564 497 551 1565 494 548 1566 497 551 1567 498 552 1568 499 553 1569 500 554 1570 501 555 1571 499 553 1572 497 551 1573 500 554 1574 497 551 1575 499 553 1576 498 552 1577 498 552 1578 499 553 1579 502 556 1580 503 557 1581 498 552 1582 502 556 1583 504 558 1584 503 557 1585 502 556 1586 503 557 1587 504 558 1588 505 559 1589 506 560 1590 505 559 1591 504 558 1592 505 559 1593 506 560 1594 507 561 1595 508 562 1596 502 556 1597 499 553 1598 509 563 1599 510 564 1600 511 565 1601 512 566 1602 513 567 1603 514 563 1604 513 567 1605 512 566 1606 515 568 1607 515 568 1608 516 569 1609 513 567 1610 516 569 1611 515 568 1612 511 565 1613 511 565 1614 517 570 1615 516 569 1616 511 565 1617 510 564 1618 517 570 1619 517 570 1620 510 564 1621 518 571 1622 519 572 1623 518 571 1624 510 564 1625 520 573 1626 519 572 1627 510 564 1628 513 567 1629 516 569 1630 521 574 1631 513 567 1632 521 574 1633 522 575 1634 523 576 1635 524 577 1636 525 578 1637 518 571 1638 523 576 1639 525 578 1640 525 578 1641 517 570 1642 518 571 1643 526 460 1644 527 460 1645 528 460 1646 526 460 1647 529 460 1648 527 460 1649 529 460 1650 526 460 1651 530 460 1652 531 579 1653 450 580 1654 448 581 1655 532 582 1656 531 579 1657 448 581 1658 533 583 1659 532 582 1660 448 581 1661 534 584 1662 533 583 1663 448 581 1664 448 581 1665 455 585 1666 535 586 1667 448 581 1668 535 586 1669 536 587 1670 448 581 1671 536 587 1672 537 588 1673 448 581 1674 537 588 1675 534 584 1676 538 589 1677 539 590 1678 540 591 1679 538 589 1680 541 592 1681 539 590 1682 542 593 1683 541 592 1684 538 589 1685 542 593 1686 543 594 1687 541 592 1688 544 240 1689 543 594 1690 542 593 1691 544 240 1692 545 240 1693 543 594 1694 546 595 1695 540 591 1696 547 596 1697 540 591 1698 548 597 1699 547 596 1700 549 598 1701 548 597 1702 540 591 1703 540 591 1704 539 590 1705 549 598 1706 550 599 1707 549 598 1708 539 590 1709 551 600 1710 549 598 1711 550 599 1712 551 600 1713 550 599 1714 552 601 1715 553 602 1716 554 603 1717 555 604 1718 556 605 1719 554 603 1720 553 602 1721 557 606 1722 554 603 1723 556 605 1724 558 607 1725 554 603 1726 557 606 1727 559 608 1728 554 603 1729 558 607 1730 560 609 1731 554 603 1732 559 608 1733 561 610 1734 554 603 1735 560 609 1736 562 611 1737 554 603 1738 561 610 1739 563 612 1740 564 613 1741 565 614 1742 566 615 1743 564 613 1744 563 612 1745 566 615 1746 563 612 1747 567 616 1748 566 615 1749 567 616 1750 568 540 1751 567 616 1752 563 612 1753 569 617 1754 570 540 1755 564 613 1756 566 615 1757 571 618 1758 572 619 1759 573 620 1760 574 621 1761 572 619 1762 571 618 1763 571 618 1764 575 622 1765 576 623 1766 571 618 1767 576 623 1768 577 624 1769 574 621 1770 571 618 1771 577 624 1772 574 621 1773 577 624 1774 578 625 1775 579 626 1776 580 627 1777 581 628 1778 579 626 1779 581 628 1780 582 629 1781 582 630 1782 581 631 1783 583 632 1784 582 630 1785 583 632 1786 584 633 1787 430 634 1788 584 635 1789 583 636 1790 430 634 1791 585 637 1792 584 635 1793 429 477 1794 585 638 1795 430 478 1796 586 639 1797 587 640 1798 588 641 1799 589 642 1800 590 643 1801 587 640 1802 591 644 1803 589 642 1804 587 640 1805 586 639 1806 591 644 1807 587 640 1808 586 639 1809 592 645 1810 591 644 1811 591 644 1812 592 645 1813 593 646 1814 429 647 1815 431 648 1816 594 649 1817 429 647 1818 594 649 1819 595 650 1820 596 540 1821 595 540 1822 594 540 1823 597 540 1824 596 540 1825 594 540 1826 598 651 1827 599 652 1828 600 653 1829 599 654 1830 439 654 1831 441 654 1832 599 654 1833 441 654 1834 601 655 1835 599 652 1836 601 656 1837 600 653 1838 602 657 1839 600 653 1840 601 656 1841 602 657 1842 603 658 1843 600 653 1844 603 658 1845 602 657 1846 604 659 1847 602 657 1848 601 656 1849 605 660 1850 606 563 1851 602 657 1852 605 660 1853 607 661 1854 608 662 1855 609 663 1856 609 663 1857 610 664 1858 607 661 1859 611 665 1860 610 666 1861 609 667 1862 611 665 1863 609 667 1864 612 668 1865 612 668 1866 613 669 1867 611 665 1868 614 670 1869 613 669 1870 612 668 1871 614 670 1872 615 671 1873 613 669 1874 615 671 1875 614 670 1876 616 672 1877 616 672 1878 617 673 1879 615 671 1880 617 674 1881 616 675 1882 618 676 1883 618 676 1884 619 677 1885 617 674 1886 620 678 1887 621 679 1888 622 680 1889 620 678 1890 623 681 1891 621 679 1892 624 682 1893 623 683 1894 620 684 1895 624 682 1896 625 685 1897 623 683 1898 626 686 1899 625 687 1900 624 688 1901 626 686 1902 627 689 1903 625 687 1904 628 690 1905 627 691 1906 626 692 1907 628 690 1908 629 693 1909 627 691 1910 630 694 1911 629 695 1912 628 696 1913 630 694 1914 631 697 1915 629 695 1916 632 698 1917 631 699 1918 630 700 1919 632 698 1920 633 701 1921 631 699 1922 634 702 1923 633 703 1924 632 704 1925 634 702 1926 635 705 1927 633 703 1928 636 706 1929 635 707 1930 634 708 1931 636 706 1932 637 709 1933 635 707 1934 638 710 1935 637 711 1936 636 712 1937 638 710 1938 639 713 1939 637 711 1940 622 714 1941 639 715 1942 638 716 1943 622 714 1944 621 717 1945 639 715 1946 640 718 1947 641 719 1948 642 720 1949 641 719 1950 640 718 1951 643 721 1952 640 718 1953 644 722 1954 643 721 1955 645 723 1956 646 724 1957 647 725 1958 645 723 1959 642 720 1960 646 724 1961 648 726 1962 642 720 1963 645 723 1964 642 720 1965 648 726 1966 640 718 1967 648 726 1968 649 727 1969 640 718 1970 648 726 1971 650 728 1972 649 727 1973 650 728 1974 651 729 1975 649 727 1976 650 728 1977 652 730 1978 651 729 1979 652 730 1980 544 240 1981 651 729 1982 652 730 1983 545 240 1984 544 240 1985 653 731 1986 654 732 1987 655 733 1988 653 731 1989 656 734 1990 654 732 1991 657 735 1992 656 736 1993 653 737 1994 657 735 1995 658 738 1996 656 736 1997 659 739 1998 658 740 1999 657 741 2000 659 739 2001 660 742 2002 658 740 2003 661 240 2004 660 240 2005 659 240 2006 661 240 2007 662 240 2008 660 240 2009 663 743 2010 662 744 2011 661 745 2012 663 743 2013 664 746 2014 662 744 2015 665 747 2016 664 748 2017 663 749 2018 665 747 2019 666 495 2020 664 748 2021 667 750 2022 666 751 2023 665 752 2024 667 750 2025 668 753 2026 666 751 2027 655 460 2028 668 460 2029 667 460 2030 655 460 2031 654 460 2032 668 460 2033 669 460 2034 670 460 2035 671 460 2036 669 460 2037 672 460 2038 670 460 2039 673 754 2040 672 755 2041 669 756 2042 673 754 2043 674 757 2044 672 755 2045 675 563 2046 674 563 2047 673 563 2048 675 563 2049 676 563 2050 674 563 2051 677 758 2052 678 759 2053 679 760 2054 677 758 2055 680 495 2056 678 759 2057 671 761 2058 680 762 2059 677 763 2060 671 761 2061 670 764 2062 680 762 2063 681 765 2064 682 766 2065 683 767 2066 684 768 2067 681 765 2068 683 767 2069 685 769 2070 684 768 2071 683 767 2072 685 769 2073 686 770 2074 684 768 2075 687 771 2076 688 772 2077 689 773 2078 687 771 2079 689 773 2080 690 774 2081 691 775 2082 690 774 2083 689 773 2084 691 775 2085 689 773 2086 692 776 2087 693 777 2088 691 778 2089 692 779 2090 694 780 2091 693 777 2092 692 779 2093 693 781 2094 694 782 2095 695 783 2096 694 782 2097 696 784 2098 695 783 2099 695 785 2100 696 786 2101 682 787 2102 695 785 2103 682 787 2104 681 788 2105 697 789 2106 698 790 2107 699 791 2108 697 789 2109 699 791 2110 700 792 2111 701 540 2112 702 540 2113 703 540 2114 701 540 2115 703 540 2116 704 540 2117 705 460 2118 706 460 2119 707 460 2120 705 460 2121 707 460 2122 708 460 2123 709 793 2124 710 794 2125 711 795 2126 712 796 2127 709 793 2128 711 795 2129 713 797 2130 714 460 2131 715 798 2132 713 797 2133 715 798 2134 716 799 2135 717 800 2136 718 506 2137 719 801 2138 720 802 2139 717 800 2140 719 801 2141 721 803 2142 722 804 2143 723 805 2144 724 806 2145 723 805 2146 722 804 2147 722 804 2148 725 807 2149 724 806 2150 726 808 2151 725 807 2152 722 804 2153 726 808 2154 722 804 2155 727 809 2156 727 809 2157 722 804 2158 728 810 2159 727 809 2160 728 810 2161 729 811 2162 729 811 2163 728 810 2164 730 812 2165 729 811 2166 730 812 2167 731 813 2168 730 812 2169 732 814 2170 731 813 2171 730 812 2172 733 815 2173 732 814 2174 734 816 2175 733 460 2176 730 812 2177 734 816 2178 730 812 2179 735 817 2180 735 817 2181 730 812 2182 728 810 2183 735 817 2184 728 810 2185 736 818 2186 736 818 2187 728 810 2188 722 804 2189 736 818 2190 722 804 2191 737 819 2192 721 803 2193 737 819 2194 722 804 2195 738 820 2196 737 819 2197 721 803 2198 738 820 2199 721 803 2200 739 821 2201 740 822 2202 738 820 2203 739 821 2204 741 823 2205 742 824 2206 743 825 2207 744 826 2208 741 823 2209 743 825 2210 743 825 2211 745 827 2212 744 826 2213 745 827 2214 746 828 2215 744 826 2216 745 827 2217 747 829 2218 746 828 2219 748 830 2220 749 831 2221 750 832 2222 748 830 2223 750 832 2224 751 833 2225 752 240 2226 753 240 2227 754 240 2228 752 240 2229 754 240 2230 755 240 2231 756 834 2232 757 835 2233 758 836 2234 756 834 2235 758 836 2236 759 837 2237 760 240 2238 761 240 2239 762 240 2240 760 240 2241 762 240 2242 763 240 2243 764 506 2244 765 506 2245 766 506 2246 764 506 2247 766 506 2248 767 506 2249 768 838 2250 769 839 2251 770 840 2252 768 838 2253 770 840 2254 771 841 2255 772 842 2256 773 843 2257 774 844 2258 772 842 2259 774 844 2260 775 506 2261 772 842 2262 775 506 2263 776 845 2264 776 845 2265 777 846 2266 772 842 2267 778 847 2268 777 846 2269 776 845 2270 778 847 2271 776 845 2272 779 506 2273 780 848 2274 781 849 2275 782 850 2276 781 849 2277 780 848 2278 783 851 2279 783 851 2280 784 852 2281 781 849 2282 781 849 2283 784 852 2284 785 853 2285 786 854 2286 781 849 2287 785 853 2288 787 855 2289 781 849 2290 786 854 2291 788 856 2292 787 855 2293 786 854 2294 789 857 2295 787 855 2296 788 856 2297 790 858 2298 789 857 2299 788 856 2300 732 814 2301 789 857 2302 790 858 2303 732 814 2304 733 815 2305 789 857 2306 789 857 2307 733 460 2308 734 816 2309 789 857 2310 734 816 2311 791 859 2312 787 855 2313 789 857 2314 791 859 2315 787 855 2316 791 859 2317 792 860 2318 781 849 2319 787 855 2320 792 860 2321 781 849 2322 792 860 2323 793 861 2324 781 849 2325 793 861 2326 782 850 2327 782 850 2328 793 861 2329 794 862 2330 795 863 2331 782 850 2332 794 862 2333 795 863 2334 794 862 2335 796 864 2336 779 506 2337 797 865 2338 778 847 2339 797 865 2340 798 866 2341 778 847 2342 797 865 2343 799 867 2344 798 866 2345 799 867 2346 800 868 2347 798 866 2348 799 867 2349 801 869 2350 800 868 2351 801 869 2352 802 870 2353 800 868 2354 803 871 2355 804 872 2356 805 873 2357 803 871 2358 806 874 2359 804 872 2360 807 875 2361 806 874 2362 803 871 2363 807 875 2364 808 876 2365 806 874 2366 809 877 2367 808 876 2368 807 875 2369 809 877 2370 810 878 2371 808 876 2372 811 879 2373 810 878 2374 809 877 2375 811 879 2376 812 880 2377 810 878 2378 813 881 2379 812 880 2380 811 879 2381 813 881 2382 814 882 2383 812 880 2384 815 883 2385 814 882 2386 813 881 2387 815 883 2388 816 884 2389 814 882 2390 817 885 2391 816 884 2392 815 883 2393 817 885 2394 818 886 2395 816 884 2396 805 873 2397 818 886 2398 817 885 2399 805 873 2400 804 872 2401 818 886 2402 819 887 2403 820 888 2404 821 889 2405 819 887 2406 822 890 2407 820 888 2408 823 891 2409 822 892 2410 819 893 2411 823 891 2412 824 894 2413 822 892 2414 825 895 2415 824 896 2416 823 897 2417 825 895 2418 826 898 2419 824 896 2420 827 899 2421 828 900 2422 829 901 2423 827 899 2424 830 902 2425 828 900 2426 831 563 2427 830 563 2428 827 563 2429 831 563 2430 832 563 2431 830 563 2432 833 903 2433 832 904 2434 831 905 2435 833 903 2436 834 906 2437 832 904 2438 835 240 2439 834 240 2440 833 240 2441 835 240 2442 836 240 2443 834 240 2444 837 907 2445 836 907 2446 835 907 2447 837 907 2448 838 907 2449 836 907 2450 839 495 2451 838 495 2452 837 495 2453 839 495 2454 840 495 2455 838 495 2456 841 908 2457 840 908 2458 839 908 2459 841 908 2460 842 908 2461 840 908 2462 829 460 2463 842 460 2464 841 460 2465 829 460 2466 828 460 2467 842 460 2468 843 909 2469 844 910 2470 845 911 2471 843 909 2472 846 912 2473 844 910 2474 847 913 2475 846 914 2476 843 915 2477 847 913 2478 848 916 2479 846 914 2480 849 917 2481 848 918 2482 847 919 2483 849 917 2484 850 920 2485 848 918 2486 851 921 2487 850 922 2488 849 923 2489 851 921 2490 852 922 2491 850 922 2492 853 924 2493 852 925 2494 851 926 2495 853 924 2496 854 927 2497 852 925 2498 855 928 2499 854 929 2500 853 930 2501 855 928 2502 856 931 2503 854 929 2504 857 932 2505 856 933 2506 855 934 2507 857 932 2508 858 935 2509 856 933 2510 845 936 2511 858 937 2512 857 936 2513 845 936 2514 844 938 2515 858 937 2516 859 506 2517 860 506 2518 861 506 2519 861 506 2520 862 506 2521 859 506 2522 862 506 2523 861 506 2524 863 939 2525 863 939 2526 864 940 2527 862 506 2528 864 940 2529 863 939 2530 865 941 2531 865 941 2532 866 942 2533 864 940 2534 866 942 2535 865 941 2536 867 943 2537 867 943 2538 868 944 2539 866 942 2540 868 944 2541 867 943 2542 869 506 2543 869 506 2544 870 506 2545 868 944 2546 870 506 2547 869 506 2548 871 506 2549 871 506 2550 872 945 2551 870 506 2552 872 945 2553 871 506 2554 873 946 2555 873 946 2556 874 947 2557 872 945 2558 874 947 2559 873 946 2560 875 948 2561 875 948 2562 876 949 2563 874 947 2564 876 949 2565 875 948 2566 877 950 2567 877 950 2568 878 951 2569 876 949 2570 878 951 2571 877 950 2572 860 506 2573 860 506 2574 859 506 2575 878 951 2576 440 952 2577 439 953 2578 599 952 2579 440 952 2580 599 952 2581 598 953 2582 478 954 2583 479 955 2584 580 956 2585 579 957 2586 478 954 2587 580 956 2588 879 958 2589 880 959 2590 881 960 2591 880 959 2592 879 958 2593 882 961 2594 883 962 2595 880 959 2596 882 961 2597 884 963 2598 883 962 2599 882 961 2600 883 962 2601 884 963 2602 885 964 2603 886 965 2604 887 966 2605 888 967 2606 888 967 2607 889 968 2608 886 965 2609 889 969 2610 888 970 2611 890 971 2612 890 971 2613 891 972 2614 889 969 2615 891 973 2616 890 974 2617 892 975 2618 892 975 2619 893 976 2620 891 973 2621 893 977 2622 892 978 2623 894 979 2624 894 979 2625 895 980 2626 893 977 2627 895 981 2628 894 982 2629 896 983 2630 896 983 2631 897 984 2632 895 981 2633 897 985 2634 896 986 2635 898 987 2636 898 987 2637 899 988 2638 897 985 2639 899 989 2640 898 990 2641 900 991 2642 900 991 2643 901 992 2644 899 989 2645 901 993 2646 900 994 2647 902 995 2648 902 995 2649 903 996 2650 901 993 2651 903 997 2652 902 998 2653 904 999 2654 903 997 2655 904 999 2656 905 1000 2657 905 1001 2658 904 1002 2659 887 1003 2660 887 1003 2661 886 1004 2662 905 1001 2663 906 832 2664 907 831 2665 908 830 2666 906 832 2667 908 830 2668 909 833 2669 910 240 2670 911 240 2671 912 240 2672 910 240 2673 912 240 2674 913 240 2675 914 836 2676 915 835 2677 916 834 2678 914 836 2679 916 834 2680 917 837 2681 918 240 2682 919 240 2683 920 240 2684 918 240 2685 920 240 2686 921 240 2687 922 506 2688 923 506 2689 924 506 2690 922 506 2691 924 506 2692 925 506 2693 926 1005 2694 927 1006 2695 928 1007 2696 929 841 2697 926 1005 2698 928 1007 2699 608 1008 2700 607 1009 2701 930 1010 2702 930 1010 2703 931 1011 2704 608 1008 2705 931 1011 2706 930 1010 2707 932 1012 2708 931 1011 2709 932 1012 2710 933 1013 2711 933 1013 2712 932 1012 2713 934 1014 2714 934 1014 2715 618 1015 2716 933 1013 2717 934 1014 2718 619 1016 2719 618 1015 2720 935 1017 2721 936 1018 2722 937 1019 2723 935 1017 2724 937 1019 2725 938 1020 2726 939 1021 2727 940 1022 2728 941 1023 2729 942 1024 2730 939 1021 2731 941 1023 2732 943 1025 2733 944 1026 2734 945 1027 2735 946 1028 2736 943 1025 2737 945 1027 2738 945 1027 2739 947 1029 2740 946 1028 2741 947 1029 2742 942 1030 2743 946 1028 2744 947 1029 2745 939 1031 2746 942 1030 2747 948 1032 2748 949 1033 2749 944 1034 2750 948 1032 2751 944 1034 2752 943 1035 2753 950 1036 2754 951 1037 2755 952 1038 2756 950 1036 2757 953 506 2758 951 1037 2759 954 506 2760 951 1037 2761 953 506 2762 951 1037 2763 954 506 2764 955 506 2765 821 1039 2766 820 1040 2767 956 1041 2768 821 1039 2769 956 1041 2770 957 1042 2771 957 1043 2772 956 1044 2773 958 1045 2774 957 1043 2775 958 1045 2776 959 1046 2777 959 1047 2778 958 1048 2779 960 1049 2780 959 1047 2781 960 1049 2782 961 1050 2783 961 1051 2784 960 1052 2785 962 1053 2786 961 1051 2787 962 1053 2788 963 1054 2789 963 1055 2790 962 1056 2791 826 1057 2792 963 1055 2793 826 1057 2794 825 1058 2795 964 1059 2796 965 1060 2797 966 1061 2798 966 1061 2799 967 1062 2800 964 1059 2801 967 1063 2802 966 1064 2803 968 1065 2804 968 1065 2805 969 1066 2806 967 1063 2807 969 1067 2808 968 1068 2809 970 1069 2810 970 1069 2811 971 1070 2812 969 1067 2813 972 240 2814 973 240 2815 974 240 2816 972 240 2817 974 240 2818 975 240 2819 975 1071 2820 974 1072 2821 976 1073 2822 975 1071 2823 976 1073 2824 977 1074 2825 977 495 2826 976 495 2827 978 495 2828 977 495 2829 978 495 2830 979 495 2831 979 1075 2832 978 1076 2833 980 1077 2834 979 1075 2835 980 1077 2836 981 1078 2837 981 460 2838 980 460 2839 982 460 2840 981 460 2841 982 460 2842 983 460 2843 971 1079 2844 970 1080 2845 984 1081 2846 984 1081 2847 985 1082 2848 971 1079 2849 985 1083 2850 984 1084 2851 986 1085 2852 986 1085 2853 987 1086 2854 985 1083 2855 987 1087 2856 986 1088 2857 988 1089 2858 988 1089 2859 989 1090 2860 987 1087 2861 989 1091 2862 988 1092 2863 990 1093 2864 990 1093 2865 991 1094 2866 989 1091 2867 991 1095 2868 990 1096 2869 965 1097 2870 965 1097 2871 964 1098 2872 991 1095 2873 983 1099 2874 982 1100 2875 992 1101 2876 983 1099 2877 992 1101 2878 993 1102 2879 993 563 2880 992 563 2881 994 563 2882 993 563 2883 994 563 2884 995 563 2885 995 1103 2886 994 1104 2887 973 1105 2888 995 1103 2889 973 1105 2890 972 1106 2891</p>
        </triangles>
      </mesh>
    </geometry>
  </library_geometries>
  <library_visual_scenes>
    <visual_scene id="Scene" name="Scene">
      <node id="t_light" name="t_light" type="NODE">
        <matrix sid="transform">1 0 0 0 0 1 0 0 0 0 1 0 0 0 0 1</matrix>
        <instance_geometry url="#tower-mesh" name="t_light">
          <bind_material>
            <technique_common>
              <instance_material symbol="Material_003-material" target="#Material_003-material">
                <bind_vertex_input semantic="Float2" input_semantic="TEXCOORD" input_set="0"/>
              </instance_material>
            </technique_common>
          </bind_material>
        </instance_geometry>
        <node id="prop_projectile" name="prop_projectile" type="NODE">
          <matrix sid="transform">1 0 0 0 0 1 0 -3.403882 0 0 1 6.281468 0 0 0 1</matrix>
        </node>
        <node id="prop_shoot" name="prop_shoot" type="NODE">
          <matrix sid="transform">1 0 0 0 0 1 0 -3.801462 0 0 1 6.281468 0 0 0 1</matrix>
        </node>
      </node>
    </visual_scene>
  </library_visual_scenes>
  <scene>
    <instance_visual_scene url="#Scene"/>
  </scene>
</COLLADA>