<?xml version="1.0" encoding="utf-8"?>
<COLLADA xmlns="http://www.collada.org/2005/11/COLLADASchema" version="1.4.1" xmlns:xsi="http://www.w3.org/2001/XMLSchema-instance">
  <asset>
    <contributor>
      <author>Blender User</author>
      <authoring_tool>Blender 4.3.1 commit date:2024-12-10, commit time:07:46, hash:33d812126174</authoring_tool>
    </contributor>
    <created>2026-09-23T10:14:24</created>
    <modified>2026-09-23T10:14:24</modified>
    <unit name="meter" meter="1"/>
    <up_axis>Z_UP</up_axis>
  </asset>
  <library_effects>
    <effect id="Material_002-effect">
      <profile_COMMON>
        <newparam sid="mcc_vec_01_png_001-surface">
          <surface type="2D">
            <init_from>mcc_vec_01_png_001</init_from>
          </surface>
        </newparam>
        <newparam sid="mcc_vec_01_png_001-sampler">
          <sampler2D>
            <source>mcc_vec_01_png_001-surface</source>
          </sampler2D>
        </newparam>
        <technique sid="common">
          <lambert>
            <emission>
              <color sid="emission">0 0 0 1</color>
            </emission>
            <diffuse>
              <texture texture="mcc_vec_01_png_001-sampler" texcoord="Cube_003-mesh-map-0"/>
            </diffuse>
            <index_of_refraction>
              <float sid="ior">1.45</float>
            </index_of_refraction>
          </lambert>
        </technique>
      </profile_COMMON>
    </effect>
  </library_effects>
  <library_images>
    <image id="mcc_vec_01_png_001" name="mcc_vec_01_png_001">
      <init_from>/home/welton/snap/0ad/743/.local/share/0ad/mods/mars_wars/art/meshes/vehicle/mcc_vec_01.png</init_from>
    </image>
  </library_images>
  <library_materials>
    <material id="Material_002-material" name="Material.002">
      <instance_effect url="#Material_002-effect"/>
    </material>
  </library_materials>
  <library_geometries>
    <geometry id="Cube_003-mesh" name="Cube.003">
      <mesh>
        <source id="Cube_003-mesh-positions">
          <float_array id="Cube_003-mesh-positions-array" count="3942">4.693408 0.1932604 3.339448 6.216659 0.1932604 3.339448 4.693408 0.8482088 3.209171 6.216659 0.8482088 3.209171 4.693408 1.403447 2.838172 6.216659 1.403447 2.838172 4.693408 1.774446 2.282934 6.216659 1.774446 2.282934 4.693408 1.904725 1.627985 6.216659 1.904725 1.627985 4.693408 1.774446 0.9730361 6.216659 1.774446 0.9730352 4.693408 1.403447 0.4177976 6.216659 1.403447 0.4177976 4.693408 0.8482088 0.04679912 6.216659 0.8482088 0.04679912 4.693408 0.1932604 -0.08347845 6.216659 0.1932604 -0.08347845 4.693408 -0.4616881 0.04679912 6.216659 -0.4616881 0.04679912 4.693408 -1.016928 0.4177976 6.216659 -1.016927 0.4177976 4.693408 -1.387925 0.9730361 6.216659 -1.387925 0.9730352 4.693408 -1.518204 1.627985 6.216659 -1.518204 1.627985 4.693408 -1.387925 2.282934 6.216659 -1.387925 2.282934 4.693408 -1.016928 2.838172 6.216659 -1.016927 2.838172 4.693408 -0.4616881 3.209171 6.216659 -0.4616881 3.209171 6.216659 0.1932604 3.339448 6.216659 0.8482088 3.209171 6.216659 1.403447 2.838172 6.216659 1.774446 2.282934 6.216659 1.904725 1.627985 6.216659 1.774446 0.9730352 6.216659 1.403447 0.4177976 6.216659 0.8482088 0.04679912 6.216659 0.1932604 -0.08347845 6.216659 -0.4616881 0.04679912 6.216659 -1.016927 0.4177976 6.216659 -1.387925 0.9730352 6.216659 -1.518204 1.627985 6.216659 -1.387925 2.282934 6.216659 -1.016927 2.838172 6.216659 -0.4616881 3.209171 6.216659 0.6530411 2.737995 6.216659 0.1932604 2.82945 6.216659 1.042824 2.477549 6.216659 1.303269 2.087766 6.216659 1.394726 1.627985 6.216659 1.303269 1.168203 6.216659 1.042824 0.77842 6.216659 0.6530411 0.5179752 6.216659 0.1932604 0.4265183 6.216659 -0.2665211 0.5179752 6.216659 -0.6563041 0.77842 6.216659 -0.9167491 1.168203 6.216659 -1.008206 1.627985 6.216659 -0.9167491 2.087766 6.216659 -0.6563041 2.477549 6.216659 -0.2665211 2.737995 6.164929 0.6530411 2.737995 6.164929 0.1932604 2.82945 6.164929 1.042824 2.477549 6.164929 1.303269 2.087766 6.164929 1.394726 1.627985 6.164929 1.303269 1.168203 6.164929 1.042824 0.77842 6.164929 0.6530411 0.5179752 6.164929 0.1932604 0.4265183 6.164929 -0.2665211 0.5179752 6.164929 -0.6563041 0.77842 6.164929 -0.9167491 1.168203 6.164929 -1.008206 1.627985 6.164929 -0.9167491 2.087766 6.164929 -0.6563041 2.477549 6.164929 -0.2665211 2.737995 4.693408 0.1932604 3.339448 4.693408 0.8482088 3.209171 4.693408 1.403447 2.838172 4.693408 1.774446 2.282934 4.693408 1.904725 1.627985 4.693408 1.774446 0.9730361 4.693408 1.403447 0.4177976 4.693408 0.8482088 0.04679912 4.693408 0.1932604 -0.08347845 4.693408 -0.4616881 0.04679912 4.693408 -1.016928 0.4177976 4.693408 -1.387925 0.9730361 4.693408 -1.518204 1.627985 4.693408 -1.387925 2.282934 4.693408 -1.016928 2.838172 4.693408 -0.4616881 3.209171 4.693408 3.843916 3.339448 6.216659 3.843916 3.339448 4.693408 4.498866 3.209171 6.216659 4.498866 3.209171 4.693408 5.054104 2.838172 6.216659 5.054104 2.838172 4.693408 5.425101 2.282934 6.216659 5.425101 2.282934 4.693408 5.555382 1.627985 6.216659 5.555382 1.627985 4.693408 5.425101 0.9730361 6.216659 5.425101 0.9730352 4.693408 5.054104 0.4177976 6.216659 5.054104 0.4177976 4.693408 4.498866 0.04679912 6.216659 4.498866 0.04679912 4.693408 3.843916 -0.08347845 6.216659 3.843916 -0.08347845 4.693408 3.188967 0.04679912 6.216659 3.188967 0.04679912 4.693408 2.633729 0.4177976 6.216659 2.633729 0.4177976 4.693408 2.26273 0.9730361 6.216659 2.26273 0.9730352 4.693408 2.132452 1.627985 6.216659 2.132452 1.627985 4.693408 2.26273 2.282934 6.216659 2.26273 2.282934 4.693408 2.633729 2.838172 6.216659 2.633729 2.838172 4.693408 3.188967 3.209171 6.216659 3.188967 3.209171 6.216659 3.843916 3.339448 6.216659 4.498866 3.209171 6.216659 5.054104 2.838172 6.216659 5.425101 2.282934 6.216659 5.555382 1.627985 6.216659 5.425101 0.9730352 6.216659 5.054104 0.4177976 6.216659 4.498866 0.04679912 6.216659 3.843916 -0.08347845 6.216659 3.188967 0.04679912 6.216659 2.633729 0.4177976 6.216659 2.26273 0.9730352 6.216659 2.132452 1.627985 6.216659 2.26273 2.282934 6.216659 2.633729 2.838172 6.216659 3.188967 3.209171 6.216659 4.303698 2.737995 6.216659 3.843916 2.82945 6.216659 4.69348 2.477549 6.216659 4.953925 2.087766 6.216659 5.045382 1.627985 6.216659 4.953925 1.168203 6.216659 4.693481 0.77842 6.216659 4.303698 0.5179752 6.216659 3.843916 0.4265183 6.216659 3.384135 0.5179752 6.216659 2.994351 0.77842 6.216659 2.733906 1.168203 6.216659 2.64245 1.627985 6.216659 2.733906 2.087766 6.216659 2.994351 2.477549 6.216659 3.384135 2.737995 6.164929 4.303698 2.737995 6.164929 3.843916 2.82945 6.164929 4.69348 2.477549 6.164929 4.953925 2.087766 6.164929 5.045382 1.627985 6.164929 4.953925 1.168203 6.164929 4.693481 0.77842 6.164929 4.303698 0.5179752 6.164929 3.843916 0.4265183 6.164929 3.384135 0.5179752 6.164929 2.994351 0.77842 6.164929 2.733906 1.168203 6.164929 2.64245 1.627985 6.164929 2.733906 2.087766 6.164929 2.994351 2.477549 6.164929 3.384135 2.737995 4.693408 3.843916 3.339448 4.693408 4.498866 3.209171 4.693408 5.054104 2.838172 4.693408 5.425101 2.282934 4.693408 5.555382 1.627985 4.693408 5.425101 0.9730361 4.693408 5.054104 0.4177976 4.693408 4.498866 0.04679912 4.693408 3.843916 -0.08347845 4.693408 3.188967 0.04679912 4.693408 2.633729 0.4177976 4.693408 2.26273 0.9730361 4.693408 2.132452 1.627985 4.693408 2.26273 2.282934 4.693408 2.633729 2.838172 4.693408 3.188967 3.209171 4.693408 7.397655 3.339448 6.216659 7.397654 3.339448 4.693408 8.052603 3.209171 6.216659 8.052603 3.209171 4.693408 8.60784 2.838172 6.216659 8.60784 2.838172 4.693408 8.978838 2.282934 6.216659 8.978838 2.282934 4.693408 9.109117 1.627985 6.216659 9.109117 1.627985 4.693408 8.978838 0.9730361 6.216659 8.978838 0.9730352 4.693408 8.60784 0.4177976 6.216659 8.60784 0.4177976 4.693408 8.052603 0.04679912 6.216659 8.052603 0.04679912 4.693408 7.397655 -0.08347845 6.216659 7.397654 -0.08347845 4.693408 6.742702 0.04679912 6.216659 6.742702 0.04679912 4.693408 6.187465 0.4177976 6.216659 6.187465 0.4177976 4.693408 5.816468 0.9730361 6.216659 5.816468 0.9730352 4.693408 5.686187 1.627985 6.216659 5.686187 1.627985 4.693408 5.816468 2.282934 6.216659 5.816468 2.282934 4.693408 6.187465 2.838172 6.216659 6.187465 2.838172 4.693408 6.742702 3.209171 6.216659 6.742702 3.209171 6.216659 7.397654 3.339448 6.216659 8.052603 3.209171 6.216659 8.60784 2.838172 6.216659 8.978838 2.282934 6.216659 9.109117 1.627985 6.216659 8.978838 0.9730352 6.216659 8.60784 0.4177976 6.216659 8.052603 0.04679912 6.216659 7.397654 -0.08347845 6.216659 6.742702 0.04679912 6.216659 6.187465 0.4177976 6.216659 5.816468 0.9730352 6.216659 5.686187 1.627985 6.216659 5.816468 2.282934 6.216659 6.187465 2.838172 6.216659 6.742702 3.209171 6.216659 7.857436 2.737995 6.216659 7.397654 2.82945 6.216659 8.247219 2.477549 6.216659 8.507662 2.087766 6.216659 8.599119 1.627985 6.216659 8.507662 1.168203 6.216659 8.247219 0.77842 6.216659 7.857436 0.5179752 6.216659 7.397654 0.4265183 6.216659 6.937871 0.5179752 6.216659 6.548087 0.77842 6.216659 6.287644 1.168203 6.216659 6.196187 1.627985 6.216659 6.287644 2.087766 6.216659 6.548087 2.477549 6.216659 6.937871 2.737995 6.164929 7.857436 2.737995 6.164929 7.397654 2.82945 6.164929 8.247219 2.477549 6.164929 8.507662 2.087766 6.164929 8.599119 1.627985 6.164929 8.507662 1.168203 6.164929 8.247219 0.77842 6.164929 7.857436 0.5179752 6.164929 7.397654 0.4265183 6.164929 6.937871 0.5179752 6.164929 6.548087 0.77842 6.164929 6.287644 1.168203 6.164929 6.196187 1.627985 6.164929 6.287644 2.087766 6.164929 6.548087 2.477549 6.164929 6.937871 2.737995 4.693408 7.397655 3.339448 4.693408 8.052603 3.209171 4.693408 8.60784 2.838172 4.693408 8.978838 2.282934 4.693408 9.109117 1.627985 4.693408 8.978838 0.9730361 4.693408 8.60784 0.4177976 4.693408 8.052603 0.04679912 4.693408 7.397655 -0.08347845 4.693408 6.742702 0.04679912 4.693408 6.187465 0.4177976 4.693408 5.816468 0.9730361 4.693408 5.686187 1.627985 4.693408 5.816468 2.282934 4.693408 6.187465 2.838172 4.693408 6.742702 3.209171 4.693408 -4.465366 3.339448 6.216659 -4.465364 3.339448 4.693408 -3.810415 3.209171 6.216659 -3.810415 3.209171 4.693408 -3.255178 2.838172 6.216659 -3.255178 2.838172 4.693408 -2.88418 2.282934 6.216659 -2.88418 2.282934 4.693408 -2.753901 1.627985 6.216659 -2.753901 1.627985 4.693408 -2.88418 0.9730361 6.216659 -2.88418 0.9730352 4.693408 -3.255178 0.4177976 6.216659 -3.255178 0.4177976 4.693408 -3.810415 0.04679912 6.216659 -3.810415 0.04679912 4.693408 -4.465366 -0.08347845 6.216659 -4.465364 -0.08347845 4.693408 -5.120315 0.04679912 6.216659 -5.120315 0.04679912 4.693408 -5.675553 0.4177976 6.216659 -5.675553 0.4177976 4.693408 -6.046551 0.9730361 6.216659 -6.046551 0.9730352 4.693408 -6.176831 1.627985 6.216659 -6.176831 1.627985 4.693408 -6.046551 2.282934 6.216659 -6.046551 2.282934 4.693408 -5.675553 2.838172 6.216659 -5.675553 2.838172 4.693408 -5.120315 3.209171 6.216659 -5.120315 3.209171 6.216659 -4.465364 3.339448 6.216659 -3.810415 3.209171 6.216659 -3.255178 2.838172 6.216659 -2.88418 2.282934 6.216659 -2.753901 1.627985 6.216659 -2.88418 0.9730352 6.216659 -3.255178 0.4177976 6.216659 -3.810415 0.04679912 6.216659 -4.465364 -0.08347845 6.216659 -5.120315 0.04679912 6.216659 -5.675553 0.4177976 6.216659 -6.046551 0.9730352 6.216659 -6.176831 1.627985 6.216659 -6.046551 2.282934 6.216659 -5.675553 2.838172 6.216659 -5.120315 3.209171 6.216659 -4.005583 2.737995 6.216659 -4.465364 2.82945 6.216659 -3.615802 2.477549 6.216659 -3.355355 2.087766 6.216659 -3.263899 1.627985 6.216659 -3.355355 1.168203 6.216659 -3.615802 0.77842 6.216659 -4.005583 0.5179752 6.216659 -4.465364 0.4265183 6.216659 -4.925147 0.5179752 6.216659 -5.314931 0.77842 6.216659 -5.575374 1.168203 6.216659 -5.666831 1.627985 6.216659 -5.575374 2.087766 6.216659 -5.314931 2.477549 6.216659 -4.925147 2.737995 6.164929 -4.005583 2.737995 6.164929 -4.465364 2.82945 6.164929 -3.615802 2.477549 6.164929 -3.355355 2.087766 6.164929 -3.263899 1.627985 6.164929 -3.355355 1.168203 6.164929 -3.615802 0.77842 6.164929 -4.005583 0.5179752 6.164929 -4.465364 0.4265183 6.164929 -4.925147 0.5179752 6.164929 -5.314931 0.77842 6.164929 -5.575374 1.168203 6.164929 -5.666831 1.627985 6.164929 -5.575374 2.087766 6.164929 -5.314931 2.477549 6.164929 -4.925147 2.737995 4.693408 -4.465366 3.339448 4.693408 -3.810415 3.209171 4.693408 -3.255178 2.838172 4.693408 -2.88418 2.282934 4.693408 -2.753901 1.627985 4.693408 -2.88418 0.9730361 4.693408 -3.255178 0.4177976 4.693408 -3.810415 0.04679912 4.693408 -4.465366 -0.08347845 4.693408 -5.120315 0.04679912 4.693408 -5.675553 0.4177976 4.693408 -6.046551 0.9730361 4.693408 -6.176831 1.627985 4.693408 -6.046551 2.282934 4.693408 -5.675553 2.838172 4.693408 -5.120315 3.209171 4.693408 -8.458474 3.339448 6.216659 -8.458474 3.339448 4.693408 -7.803525 3.209171 6.216659 -7.803525 3.209171 4.693408 -7.248286 2.838172 6.216659 -7.248286 2.838172 4.693408 -6.877287 2.282934 6.216659 -6.877287 2.282934 4.693408 -6.747008 1.627985 6.216659 -6.747008 1.627985 4.693408 -6.877287 0.9730361 6.216659 -6.877287 0.9730352 4.693408 -7.248286 0.4177976 6.216659 -7.248286 0.4177976 4.693408 -7.803525 0.04679912 6.216659 -7.803525 0.04679912 4.693408 -8.458474 -0.08347845 6.216659 -8.458474 -0.08347845 4.693408 -9.113422 0.04679912 6.216659 -9.113422 0.04679912 4.693408 -9.668659 0.4177976 6.216659 -9.668659 0.4177976 4.693408 -10.03966 0.9730361 6.216659 -10.03966 0.9730352 4.693408 -10.16994 1.627985 6.216659 -10.16994 1.627985 4.693408 -10.03966 2.282934 6.216659 -10.03966 2.282934 4.693408 -9.668659 2.838172 6.216659 -9.668659 2.838172 4.693408 -9.113422 3.209171 6.216659 -9.113422 3.209171 6.216659 -8.458474 3.339448 6.216659 -7.803525 3.209171 6.216659 -7.248286 2.838172 6.216659 -6.877287 2.282934 6.216659 -6.747008 1.627985 6.216659 -6.877287 0.9730352 6.216659 -7.248286 0.4177976 6.216659 -7.803525 0.04679912 6.216659 -8.458474 -0.08347845 6.216659 -9.113422 0.04679912 6.216659 -9.668659 0.4177976 6.216659 -10.03966 0.9730352 6.216659 -10.16994 1.627985 6.216659 -10.03966 2.282934 6.216659 -9.668659 2.838172 6.216659 -9.113422 3.209171 6.216659 -7.998691 2.737995 6.216659 -8.458474 2.82945 6.216659 -7.608908 2.477549 6.216659 -7.348464 2.087766 6.216659 -7.257008 1.627985 6.216659 -7.348464 1.168203 6.216659 -7.608908 0.77842 6.216659 -7.998691 0.5179752 6.216659 -8.458474 0.4265183 6.216659 -8.918254 0.5179752 6.216659 -9.308037 0.77842 6.216659 -9.568483 1.168203 6.216659 -9.659938 1.627985 6.216659 -9.568483 2.087766 6.216659 -9.308037 2.477549 6.216659 -8.918254 2.737995 6.164929 -7.998691 2.737995 6.164929 -8.458474 2.82945 6.164929 -7.608908 2.477549 6.164929 -7.348464 2.087766 6.164929 -7.257008 1.627985 6.164929 -7.348464 1.168203 6.164929 -7.608908 0.77842 6.164929 -7.998691 0.5179752 6.164929 -8.458474 0.4265183 6.164929 -8.918254 0.5179752 6.164929 -9.308037 0.77842 6.164929 -9.568483 1.168203 6.164929 -9.659938 1.627985 6.164929 -9.568483 2.087766 6.164929 -9.308037 2.477549 6.164929 -8.918254 2.737995 4.693408 -8.458474 3.339448 4.693408 -7.803525 3.209171 4.693408 -7.248286 2.838172 4.693408 -6.877287 2.282934 4.693408 -6.747008 1.627985 4.693408 -6.877287 0.9730361 4.693408 -7.248286 0.4177976 4.693408 -7.803525 0.04679912 4.693408 -8.458474 -0.08347845 4.693408 -9.113422 0.04679912 4.693408 -9.668659 0.4177976 4.693408 -10.03966 0.9730361 4.693408 -10.16994 1.627985 4.693408 -10.03966 2.282934 4.693408 -9.668659 2.838172 4.693408 -9.113422 3.209171 -4.693408 0.1932604 3.339448 -6.216659 0.1932604 3.339448 -4.693408 0.8482088 3.209171 -6.216659 0.8482088 3.209171 -4.693408 1.403447 2.838172 -6.216659 1.403447 2.838172 -4.693408 1.774446 2.282934 -6.216659 1.774446 2.282934 -4.693408 1.904725 1.627985 -6.216659 1.904725 1.627985 -4.693408 1.774446 0.9730361 -6.216659 1.774446 0.9730352 -4.693408 1.403447 0.4177976 -6.216659 1.403447 0.4177976 -4.693408 0.8482088 0.04679912 -6.216659 0.8482088 0.04679912 -4.693408 0.1932604 -0.08347845 -6.216659 0.1932604 -0.08347845 -4.693408 -0.4616881 0.04679912 -6.216659 -0.4616881 0.04679912 -4.693408 -1.016928 0.4177976 -6.216659 -1.016927 0.4177976 -4.693408 -1.387925 0.9730361 -6.216659 -1.387925 0.9730352 -4.693408 -1.518204 1.627985 -6.216659 -1.518204 1.627985 -4.693408 -1.387925 2.282934 -6.216659 -1.387925 2.282934 -4.693408 -1.016928 2.838172 -6.216659 -1.016927 2.838172 -4.693408 -0.4616881 3.209171 -6.216659 -0.4616881 3.209171 -6.216659 0.1932604 3.339448 -6.216659 0.8482088 3.209171 -6.216659 1.403447 2.838172 -6.216659 1.774446 2.282934 -6.216659 1.904725 1.627985 -6.216659 1.774446 0.9730352 -6.216659 1.403447 0.4177976 -6.216659 0.8482088 0.04679912 -6.216659 0.1932604 -0.08347845 -6.216659 -0.4616881 0.04679912 -6.216659 -1.016927 0.4177976 -6.216659 -1.387925 0.9730352 -6.216659 -1.518204 1.627985 -6.216659 -1.387925 2.282934 -6.216659 -1.016927 2.838172 -6.216659 -0.4616881 3.209171 -6.216659 0.6530411 2.737995 -6.216659 0.1932604 2.82945 -6.216659 1.042824 2.477549 -6.216659 1.303269 2.087766 -6.216659 1.394726 1.627985 -6.216659 1.303269 1.168203 -6.216659 1.042824 0.77842 -6.216659 0.6530411 0.5179752 -6.216659 0.1932604 0.4265183 -6.216659 -0.2665211 0.5179752 -6.216659 -0.6563041 0.77842 -6.216659 -0.9167491 1.168203 -6.216659 -1.008206 1.627985 -6.216659 -0.9167491 2.087766 -6.216659 -0.6563041 2.477549 -6.216659 -0.2665211 2.737995 -6.164928 0.6530411 2.737995 -6.164928 0.1932604 2.82945 -6.164928 1.042824 2.477549 -6.164928 1.303269 2.087766 -6.164928 1.394726 1.627985 -6.164928 1.303269 1.168203 -6.164928 1.042824 0.77842 -6.164928 0.6530411 0.5179752 -6.164928 0.1932604 0.4265183 -6.164928 -0.2665211 0.5179752 -6.164928 -0.6563041 0.77842 -6.164928 -0.9167491 1.168203 -6.164928 -1.008206 1.627985 -6.164928 -0.9167491 2.087766 -6.164928 -0.6563041 2.477549 -6.164928 -0.2665211 2.737995 -4.693408 0.1932604 3.339448 -4.693408 0.8482088 3.209171 -4.693408 1.403447 2.838172 -4.693408 1.774446 2.282934 -4.693408 1.904725 1.627985 -4.693408 1.774446 0.9730361 -4.693408 1.403447 0.4177976 -4.693408 0.8482088 0.04679912 -4.693408 0.1932604 -0.08347845 -4.693408 -0.4616881 0.04679912 -4.693408 -1.016928 0.4177976 -4.693408 -1.387925 0.9730361 -4.693408 -1.518204 1.627985 -4.693408 -1.387925 2.282934 -4.693408 -1.016928 2.838172 -4.693408 -0.4616881 3.209171 -4.693408 3.843916 3.339448 -6.216659 3.843916 3.339448 -4.693408 4.498866 3.209171 -6.216659 4.498866 3.209171 -4.693408 5.054104 2.838172 -6.216659 5.054104 2.838172 -4.693408 5.425101 2.282934 -6.216659 5.425101 2.282934 -4.693408 5.555382 1.627985 -6.216659 5.555382 1.627985 -4.693408 5.425101 0.9730361 -6.216659 5.425101 0.9730352 -4.693408 5.054104 0.4177976 -6.216659 5.054104 0.4177976 -4.693408 4.498866 0.04679912 -6.216659 4.498866 0.04679912 -4.693408 3.843916 -0.08347845 -6.216659 3.843916 -0.08347845 -4.693408 3.188967 0.04679912 -6.216659 3.188967 0.04679912 -4.693408 2.633729 0.4177976 -6.216659 2.633729 0.4177976 -4.693408 2.26273 0.9730361 -6.216659 2.26273 0.9730352 -4.693408 2.132452 1.627985 -6.216659 2.132452 1.627985 -4.693408 2.26273 2.282934 -6.216659 2.26273 2.282934 -4.693408 2.633729 2.838172 -6.216659 2.633729 2.838172 -4.693408 3.188967 3.209171 -6.216659 3.188967 3.209171 -6.216659 3.843916 3.339448 -6.216659 4.498866 3.209171 -6.216659 5.054104 2.838172 -6.216659 5.425101 2.282934 -6.216659 5.555382 1.627985 -6.216659 5.425101 0.9730352 -6.216659 5.054104 0.4177976 -6.216659 4.498866 0.04679912 -6.216659 3.843916 -0.08347845 -6.216659 3.188967 0.04679912 -6.216659 2.633729 0.4177976 -6.216659 2.26273 0.9730352 -6.216659 2.132452 1.627985 -6.216659 2.26273 2.282934 -6.216659 2.633729 2.838172 -6.216659 3.188967 3.209171 -6.216659 4.303698 2.737995 -6.216659 3.843916 2.82945 -6.216659 4.69348 2.477549 -6.216659 4.953925 2.087766 -6.216659 5.045382 1.627985 -6.216659 4.953925 1.168203 -6.216659 4.693481 0.77842 -6.216659 4.303698 0.5179752 -6.216659 3.843916 0.4265183 -6.216659 3.384135 0.5179752 -6.216659 2.994351 0.77842 -6.216659 2.733906 1.168203 -6.216659 2.64245 1.627985 -6.216659 2.733906 2.087766 -6.216659 2.994351 2.477549 -6.216659 3.384135 2.737995 -6.164928 4.303698 2.737995 -6.164928 3.843916 2.82945 -6.164928 4.69348 2.477549 -6.164928 4.953925 2.087766 -6.164928 5.045382 1.627985 -6.164928 4.953925 1.168203 -6.164928 4.693481 0.77842 -6.164928 4.303698 0.5179752 -6.164928 3.843916 0.4265183 -6.164928 3.384135 0.5179752 -6.164928 2.994351 0.77842 -6.164928 2.733906 1.168203 -6.164928 2.64245 1.627985 -6.164928 2.733906 2.087766 -6.164928 2.994351 2.477549 -6.164928 3.384135 2.737995 -4.693408 3.843916 3.339448 -4.693408 4.498866 3.209171 -4.693408 5.054104 2.838172 -4.693408 5.425101 2.282934 -4.693408 5.555382 1.627985 -4.693408 5.425101 0.9730361 -4.693408 5.054104 0.4177976 -4.693408 4.498866 0.04679912 -4.693408 3.843916 -0.08347845 -4.693408 3.188967 0.04679912 -4.693408 2.633729 0.4177976 -4.693408 2.26273 0.9730361 -4.693408 2.132452 1.627985 -4.693408 2.26273 2.282934 -4.693408 2.633729 2.838172 -4.693408 3.188967 3.209171 -4.693408 7.397655 3.339448 -6.216659 7.397654 3.339448 -4.693408 8.052603 3.209171 -6.216659 8.052603 3.209171 -4.693408 8.60784 2.838172 -6.216659 8.60784 2.838172 -4.693408 8.978838 2.282934 -6.216659 8.978838 2.282934 -4.693408 9.109117 1.627985 -6.216659 9.109117 1.627985 -4.693408 8.978838 0.9730361 -6.216659 8.978838 0.9730352 -4.693408 8.60784 0.4177976 -6.216659 8.60784 0.4177976 -4.693408 8.052603 0.04679912 -6.216659 8.052603 0.04679912 -4.693408 7.397655 -0.08347845 -6.216659 7.397654 -0.08347845 -4.693408 6.742702 0.04679912 -6.216659 6.742702 0.04679912 -4.693408 6.187465 0.4177976 -6.216659 6.187465 0.4177976 -4.693408 5.816468 0.9730361 -6.216659 5.816468 0.9730352 -4.693408 5.686187 1.627985 -6.216659 5.686187 1.627985 -4.693408 5.816468 2.282934 -6.216659 5.816468 2.282934 -4.693408 6.187465 2.838172 -6.216659 6.187465 2.838172 -4.693408 6.742702 3.209171 -6.216659 6.742702 3.209171 -6.216659 7.397654 3.339448 -6.216659 8.052603 3.209171 -6.216659 8.60784 2.838172 -6.216659 8.978838 2.282934 -6.216659 9.109117 1.627985 -6.216659 8.978838 0.9730352 -6.216659 8.60784 0.4177976 -6.216659 8.052603 0.04679912 -6.216659 7.397654 -0.08347845 -6.216659 6.742702 0.04679912 -6.216659 6.187465 0.4177976 -6.216659 5.816468 0.9730352 -6.216659 5.686187 1.627985 -6.216659 5.816468 2.282934 -6.216659 6.187465 2.838172 -6.216659 6.742702 3.209171 -6.216659 7.857436 2.737995 -6.216659 7.397654 2.82945 -6.216659 8.247219 2.477549 -6.216659 8.507662 2.087766 -6.216659 8.599119 1.627985 -6.216659 8.507662 1.168203 -6.216659 8.247219 0.77842 -6.216659 7.857436 0.5179752 -6.216659 7.397654 0.4265183 -6.216659 6.937871 0.5179752 -6.216659 6.548087 0.77842 -6.216659 6.287644 1.168203 -6.216659 6.196187 1.627985 -6.216659 6.287644 2.087766 -6.216659 6.548087 2.477549 -6.216659 6.937871 2.737995 -6.164928 7.857436 2.737995 -6.164928 7.397654 2.82945 -6.164928 8.247219 2.477549 -6.164928 8.507662 2.087766 -6.164928 8.599119 1.627985 -6.164928 8.507662 1.168203 -6.164928 8.247219 0.77842 -6.164928 7.857436 0.5179752 -6.164928 7.397654 0.4265183 -6.164928 6.937871 0.5179752 -6.164928 6.548087 0.77842 -6.164928 6.287644 1.168203 -6.164928 6.196187 1.627985 -6.164928 6.287644 2.087766 -6.164928 6.548087 2.477549 -6.164928 6.937871 2.737995 -4.693408 7.397655 3.339448 -4.693408 8.052603 3.209171 -4.693408 8.60784 2.838172 -4.693408 8.978838 2.282934 -4.693408 9.109117 1.627985 -4.693408 8.978838 0.9730361 -4.693408 8.60784 0.4177976 -4.693408 8.052603 0.04679912 -4.693408 7.397655 -0.08347845 -4.693408 6.742702 0.04679912 -4.693408 6.187465 0.4177976 -4.693408 5.816468 0.9730361 -4.693408 5.686187 1.627985 -4.693408 5.816468 2.282934 -4.693408 6.187465 2.838172 -4.693408 6.742702 3.209171 -4.693408 -4.465366 3.339448 -6.216659 -4.465364 3.339448 -4.693408 -3.810415 3.209171 -6.216659 -3.810415 3.209171 -4.693408 -3.255178 2.838172 -6.216659 -3.255178 2.838172 -4.693408 -2.88418 2.282934 -6.216659 -2.88418 2.282934 -4.693408 -2.753901 1.627985 -6.216659 -2.753901 1.627985 -4.693408 -2.88418 0.9730361 -6.216659 -2.88418 0.9730352 -4.693408 -3.255178 0.4177976 -6.216659 -3.255178 0.4177976 -4.693408 -3.810415 0.04679912 -6.216659 -3.810415 0.04679912 -4.693408 -4.465366 -0.08347845 -6.216659 -4.465364 -0.08347845 -4.693408 -5.120315 0.04679912 -6.216659 -5.120315 0.04679912 -4.693408 -5.675553 0.4177976 -6.216659 -5.675553 0.4177976 -4.693408 -6.046551 0.9730361 -6.216659 -6.046551 0.9730352 -4.693408 -6.176831 1.627985 -6.216659 -6.176831 1.627985 -4.693408 -6.046551 2.282934 -6.216659 -6.046551 2.282934 -4.693408 -5.675553 2.838172 -6.216659 -5.675553 2.838172 -4.693408 -5.120315 3.209171 -6.216659 -5.120315 3.209171 -6.216659 -4.465364 3.339448 -6.216659 -3.810415 3.209171 -6.216659 -3.255178 2.838172 -6.216659 -2.88418 2.282934 -6.216659 -2.753901 1.627985 -6.216659 -2.88418 0.9730352 -6.216659 -3.255178 0.4177976 -6.216659 -3.810415 0.04679912 -6.216659 -4.465364 -0.08347845 -6.216659 -5.120315 0.04679912 -6.216659 -5.675553 0.4177976 -6.216659 -6.046551 0.9730352 -6.216659 -6.176831 1.627985 -6.216659 -6.046551 2.282934 -6.216659 -5.675553 2.838172 -6.216659 -5.120315 3.209171 -6.216659 -4.005583 2.737995 -6.216659 -4.465364 2.82945 -6.216659 -3.615802 2.477549 -6.216659 -3.355355 2.087766 -6.216659 -3.263899 1.627985 -6.216659 -3.355355 1.168203 -6.216659 -3.615802 0.77842 -6.216659 -4.005583 0.5179752 -6.216659 -4.465364 0.4265183 -6.216659 -4.925147 0.5179752 -6.216659 -5.314931 0.77842 -6.216659 -5.575374 1.168203 -6.216659 -5.666831 1.627985 -6.216659 -5.575374 2.087766 -6.216659 -5.314931 2.477549 -6.216659 -4.925147 2.737995 -6.164928 -4.005583 2.737995 -6.164928 -4.465364 2.82945 -6.164928 -3.615802 2.477549 -6.164928 -3.355355 2.087766 -6.164928 -3.263899 1.627985 -6.164928 -3.355355 1.168203 -6.164928 -3.615802 0.77842 -6.164928 -4.005583 0.5179752 -6.164928 -4.465364 0.4265183 -6.164928 -4.925147 0.5179752 -6.164928 -5.314931 0.77842 -6.164928 -5.575374 1.168203 -6.164928 -5.666831 1.627985 -6.164928 -5.575374 2.087766 -6.164928 -5.314931 2.477549 -6.164928 -4.925147 2.737995 -4.693408 -4.465366 3.339448 -4.693408 -3.810415 3.209171 -4.693408 -3.255178 2.838172 -4.693408 -2.88418 2.282934 -4.693408 -2.753901 1.627985 -4.693408 -2.88418 0.9730361 -4.693408 -3.255178 0.4177976 -4.693408 -3.810415 0.04679912 -4.693408 -4.465366 -0.08347845 -4.693408 -5.120315 0.04679912 -4.693408 -5.675553 0.4177976 -4.693408 -6.046551 0.9730361 -4.693408 -6.176831 1.627985 -4.693408 -6.046551 2.282934 -4.693408 -5.675553 2.838172 -4.693408 -5.120315 3.209171 -4.693408 -8.458474 3.339448 -6.216659 -8.458474 3.339448 -4.693408 -7.803525 3.209171 -6.216659 -7.803525 3.209171 -4.693408 -7.248286 2.838172 -6.216659 -7.248286 2.838172 -4.693408 -6.877287 2.282934 -6.216659 -6.877287 2.282934 -4.693408 -6.747008 1.627985 -6.216659 -6.747008 1.627985 -4.693408 -6.877287 0.9730361 -6.216659 -6.877287 0.9730352 -4.693408 -7.248286 0.4177976 -6.216659 -7.248286 0.4177976 -4.693408 -7.803525 0.04679912 -6.216659 -7.803525 0.04679912 -4.693408 -8.458474 -0.08347845 -6.216659 -8.458474 -0.08347845 -4.693408 -9.113422 0.04679912 -6.216659 -9.113422 0.04679912 -4.693408 -9.668659 0.4177976 -6.216659 -9.668659 0.4177976 -4.693408 -10.03966 0.9730361 -6.216659 -10.03966 0.9730352 -4.693408 -10.16994 1.627985 -6.216659 -10.16994 1.627985 -4.693408 -10.03966 2.282934 -6.216659 -10.03966 2.282934 -4.693408 -9.668659 2.838172 -6.216659 -9.668659 2.838172 -4.693408 -9.113422 3.209171 -6.216659 -9.113422 3.209171 -6.216659 -8.458474 3.339448 -6.216659 -7.803525 3.209171 -6.216659 -7.248286 2.838172 -6.216659 -6.877287 2.282934 -6.216659 -6.747008 1.627985 -6.216659 -6.877287 0.9730352 -6.216659 -7.248286 0.4177976 -6.216659 -7.803525 0.04679912 -6.216659 -8.458474 -0.08347845 -6.216659 -9.113422 0.04679912 -6.216659 -9.668659 0.4177976 -6.216659 -10.03966 0.9730352 -6.216659 -10.16994 1.627985 -6.216659 -10.03966 2.282934 -6.216659 -9.668659 2.838172 -6.216659 -9.113422 3.209171 -6.216659 -7.998691 2.737995 -6.216659 -8.458474 2.82945 -6.216659 -7.608908 2.477549 -6.216659 -7.348464 2.087766 -6.216659 -7.257008 1.627985 -6.216659 -7.348464 1.168203 -6.216659 -7.608908 0.77842 -6.216659 -7.998691 0.5179752 -6.216659 -8.458474 0.4265183 -6.216659 -8.918254 0.5179752 -6.216659 -9.308037 0.77842 -6.216659 -9.568483 1.168203 -6.216659 -9.659938 1.627985 -6.216659 -9.568483 2.087766 -6.216659 -9.308037 2.477549 -6.216659 -8.918254 2.737995 -6.164928 -7.998691 2.737995 -6.164928 -8.458474 2.82945 -6.164928 -7.608908 2.477549 -6.164928 -7.348464 2.087766 -6.164928 -7.257008 1.627985 -6.164928 -7.348464 1.168203 -6.164928 -7.608908 0.77842 -6.164928 -7.998691 0.5179752 -6.164928 -8.458474 0.4265183 -6.164928 -8.918254 0.5179752 -6.164928 -9.308037 0.77842 -6.164928 -9.568483 1.168203 -6.164928 -9.659938 1.627985 -6.164928 -9.568483 2.087766 -6.164928 -9.308037 2.477549 -6.164928 -8.918254 2.737995 -4.693408 -8.458474 3.339448 -4.693408 -7.803525 3.209171 -4.693408 -7.248286 2.838172 -4.693408 -6.877287 2.282934 -4.693408 -6.747008 1.627985 -4.693408 -6.877287 0.9730361 -4.693408 -7.248286 0.4177976 -4.693408 -7.803525 0.04679912 -4.693408 -8.458474 -0.08347845 -4.693408 -9.113422 0.04679912 -4.693408 -9.668659 0.4177976 -4.693408 -10.03966 0.9730361 -4.693408 -10.16994 1.627985 -4.693408 -10.03966 2.282934 -4.693408 -9.668659 2.838172 -4.693408 -9.113422 3.209171 5.830487 -11.17909 2.936475 5.830487 -11.17909 3.623704 5.830487 9.08262 2.995234 5.830487 9.08262 4.46649 5.830487 6.966474 5.360686 5.830487 4.374249 5.620365 5.830487 1.782025 5.620365 5.830487 -0.8101969 5.620365 5.830487 -3.40242 5.447246 5.830487 -5.994644 5.222837 5.830487 -8.586868 4.70348 5.830487 8.19778 5.227787 2.999589 9.08262 2.707615 2.999589 9.08262 4.46649 2.999589 -11.17909 2.936475 2.999589 -11.17909 3.718273 2.999589 6.966474 5.360686 2.999589 4.374249 5.620365 2.999589 1.782025 5.620365 2.999589 -0.8101969 5.620365 2.999589 -3.40242 5.447246 2.999589 -5.994644 5.317406 2.999589 -8.586868 4.798049 2.999589 6.966474 0.789185 2.999589 4.374249 0.789185 2.999589 1.782025 0.789185 2.999589 -0.8101969 0.789185 2.999589 -3.40242 0.789185 2.999589 -5.994644 0.789185 2.999589 -8.586868 0.789185 2.999589 8.19778 1.809988 2.999589 8.19778 5.227787 5.830487 9.08262 3.473173 5.830487 -11.17909 3.473173 5.830487 6.966474 3.473173 5.830487 4.374249 3.473173 5.830487 1.782025 3.473173 5.830487 -0.8101969 3.473173 5.830487 -3.40242 3.473173 5.830487 -5.994644 3.473173 5.830487 -8.586868 3.473173 5.830487 8.19778 3.473173 2.999589 -11.17909 3.473173 2.999589 9.08262 3.473173 4.415037 9.08262 4.46649 4.415037 -11.17909 2.936475 4.415037 6.966474 5.360686 4.415037 4.374249 5.620365 4.415037 1.782025 5.620365 4.415037 -0.8101969 5.620365 4.415037 -3.40242 5.447246 4.415037 -5.994644 5.222837 4.415037 -8.586868 4.70348 4.415037 8.19778 5.227787 4.415037 9.08262 2.707615 4.415037 -11.17909 3.623704 4.415037 6.966474 1.553741 4.415037 4.374249 1.553741 4.415037 1.782025 1.553741 4.415037 -0.8101969 1.553741 4.415037 -3.40242 1.553741 4.415037 -5.994644 1.553741 4.415037 -8.586868 1.553741 4.415037 8.19778 1.809988 4.415037 -11.17909 3.473173 4.415037 9.08262 3.473173 4.415037 9.08262 2.995234 0 9.08262 2.707615 0 9.08262 4.46649 0 -11.17909 2.936475 0 -11.17909 3.718273 0 6.966474 5.360686 0 4.374249 5.620365 0 1.782025 5.620365 0 -0.8101969 5.620365 0 -3.40242 5.447246 0 -5.994644 5.317406 0 -8.586868 4.798049 0 6.966474 0.789185 0 4.374249 0.789185 0 1.782025 0.789185 0 -0.8101969 0.789185 0 -3.40242 0.789185 0 -5.994644 0.789185 0 -8.586868 0.789185 0 8.19778 1.809988 0 8.19778 5.227787 0 9.08262 3.473173 0 -11.17909 3.473173 4.319758 7.151901 5.455899 4.319758 5.61972 5.715578 1.320169 7.151901 5.455899 1.320169 5.61972 5.715578 1.320169 6.966474 5.135117 4.319758 6.966474 5.135117 1.320169 4.374249 5.394795 4.319758 4.374249 5.394795 5.830487 9.08262 2.995234 5.830487 9.08262 3.473173 5.830487 8.19778 3.473173 -4.415037 9.08262 2.707615 -4.415037 6.966474 1.553741 -4.415037 4.374249 1.553741 -4.415037 1.782025 1.553741 -4.415037 -0.8101969 1.553741 -4.415037 -3.40242 1.553741 -4.415037 -5.994644 1.553741 -4.415037 -8.586868 1.553741 -4.415037 8.19778 1.809988 -4.415037 -11.17909 2.936475 -4.415037 9.08262 3.473173 -4.415037 9.08262 3.473173 -4.415037 -11.17909 3.473173 -5.830487 -11.17909 3.473173 -5.830487 9.08262 3.473173 -5.830487 -8.586868 3.473173 -5.830487 -5.994644 3.473173 -5.830487 -3.40242 3.473173 -5.830487 -0.8101969 3.473173 -5.830487 1.782025 3.473173 -5.830487 4.374249 3.473173 -5.830487 6.966474 3.473173 -5.830487 8.19778 3.473173 2.878388 -11.17909 3.74331 2.878388 -11.17909 3.456233 4.536239 -11.17909 3.632544 4.536239 -11.17909 3.456233 4.536239 -11.35832 3.632544 2.878388 -11.35832 3.74331 2.878388 -11.35832 3.456233 4.536239 -11.35832 3.456233 0 9.174515 3.473173 0 9.139075 4.435616 0 9.174515 4.383118 2.948743 9.139345 4.435467 2.884102 9.174515 4.383118 2.884102 9.174515 3.473173 2.94861 9.139493 3.473173 2.948743 9.139345 2.738637 2.884102 9.174515 2.790987 0 9.174515 2.790987 0 9.139075 2.738489 -5.830487 -11.17909 2.936475 -5.830487 -11.17909 3.623704 -5.830487 9.08262 2.995234 -5.830487 9.08262 4.46649 -5.830487 6.966474 5.360686 -5.830487 4.374249 5.620365 -5.830487 1.782025 5.620365 -5.830487 -0.8101969 5.620365 -5.830487 -3.40242 5.447246 -5.830487 -5.994644 5.222837 -5.830487 -8.586868 4.70348 -5.830487 8.19778 5.227787 -2.999589 9.08262 2.707615 -2.999589 9.08262 4.46649 -2.999589 -11.17909 2.936475 -2.999589 -11.17909 3.718273 -2.999589 6.966474 5.360686 -2.999589 4.374249 5.620365 -2.999589 1.782025 5.620365 -2.999589 -0.8101969 5.620365 -2.999589 -3.40242 5.447246 -2.999589 -5.994644 5.317406 -2.999589 -8.586868 4.798049 -2.999589 6.966474 0.789185 -2.999589 4.374249 0.789185 -2.999589 1.782025 0.789185 -2.999589 -0.8101969 0.789185 -2.999589 -3.40242 0.789185 -2.999589 -5.994644 0.789185 -2.999589 -8.586868 0.789185 -2.999589 8.19778 1.809988 -2.999589 8.19778 5.227787 -5.830487 9.08262 3.473173 -5.830487 -11.17909 3.473173 -5.830487 6.966474 3.473173 -5.830487 4.374249 3.473173 -5.830487 1.782025 3.473173 -5.830487 -0.8101969 3.473173 -5.830487 -3.40242 3.473173 -5.830487 -5.994644 3.473173 -5.830487 -8.586868 3.473173 -5.830487 8.19778 3.473173 -2.999589 -11.17909 3.473173 -2.999589 9.08262 3.473173 -4.415037 9.08262 4.46649 -4.415037 -11.17909 2.936475 -4.415037 6.966474 5.360686 -4.415037 4.374249 5.620365 -4.415037 1.782025 5.620365 -4.415037 -0.8101969 5.620365 -4.415037 -3.40242 5.447246 -4.415037 -5.994644 5.222837 -4.415037 -8.586868 4.70348 -4.415037 8.19778 5.227787 -4.415037 9.08262 2.707615 -4.415037 -11.17909 3.623704 -4.415037 6.966474 1.553741 -4.415037 4.374249 1.553741 -4.415037 1.782025 1.553741 -4.415037 -0.8101969 1.553741 -4.415037 -3.40242 1.553741 -4.415037 -5.994644 1.553741 -4.415037 -8.586868 1.553741 -4.415037 8.19778 1.809988 -4.415037 -11.17909 3.473173 -4.415037 9.08262 3.473173 -4.415037 9.08262 2.995234 -4.319758 7.151901 5.455899 -4.319758 5.61972 5.715578 -1.320169 7.151901 5.455899 -1.320169 5.61972 5.715578 -1.320169 6.966474 5.135117 -4.319758 6.966474 5.135117 -1.320169 4.374249 5.394795 -4.319758 4.374249 5.394795 -5.830487 9.08262 2.995234 -5.830487 9.08262 3.473173 -5.830487 8.19778 3.473173 4.415037 9.08262 2.707615 4.415037 6.966474 1.553741 4.415037 4.374249 1.553741 4.415037 1.782025 1.553741 4.415037 -0.8101969 1.553741 4.415037 -3.40242 1.553741 4.415037 -5.994644 1.553741 4.415037 -8.586868 1.553741 4.415037 8.19778 1.809988 4.415037 -11.17909 2.936475 4.415037 9.08262 3.473173 4.415037 9.08262 3.473173 4.415037 -11.17909 3.473173 5.830487 -11.17909 3.473173 5.830487 9.08262 3.473173 5.830487 -8.586868 3.473173 5.830487 -5.994644 3.473173 5.830487 -3.40242 3.473173 5.830487 -0.8101969 3.473173 5.830487 1.782025 3.473173 5.830487 4.374249 3.473173 5.830487 6.966474 3.473173 5.830487 8.19778 3.473173 -2.878388 -11.17909 3.74331 -2.878388 -11.17909 3.456233 -4.536239 -11.17909 3.632544 -4.536239 -11.17909 3.456233 -4.536239 -11.35832 3.632544 -2.878388 -11.35832 3.74331 -2.878388 -11.35832 3.456233 -4.536239 -11.35832 3.456233 -2.948743 9.139345 4.435467 -2.884102 9.174515 4.383118 -2.884102 9.174515 3.473173 -2.94861 9.139493 3.473173 -2.948743 9.139345 2.738637 -2.884102 9.174515 2.790987 3.430186 9.08262 4.304835 3.430186 9.08262 3.634827 5.048826 9.08262 4.304835 5.048826 9.08262 3.634827 -3.430186 9.08262 4.304835 -3.430186 9.08262 3.634827 -5.048826 9.08262 4.304835 -5.048826 9.08262 3.634827 3.430186 9.081726 4.304835 3.523568 9.175108 4.211452 3.523568 9.175108 3.728208 3.430186 9.081726 3.634827 5.048826 9.081726 4.304835 4.955443 9.175108 4.211452 4.955443 9.175108 3.728208 5.048826 9.081726 3.634827 -3.523568 9.175108 4.211452 -3.430186 9.081726 4.304835 -3.430186 9.081726 3.634827 -3.523568 9.175108 3.728208 -4.955443 9.175108 4.211452 -5.048826 9.081726 4.304835 -5.048826 9.081726 3.634827 -4.955443 9.175108 3.728208 5.580147 -3.40242 5.29513 5.580147 -5.994644 5.16529 4.452993 -3.40242 5.29513 4.452993 -5.994644 5.16529 4.452993 -3.40242 5.596156 5.580147 -3.40242 5.596156 4.452993 -5.994644 5.466316 5.580147 -5.994644 5.466316 -3.106452 -4.088861 5.447246 -3.106452 -5.308203 5.317406 -4.233608 -4.088861 5.447246 -4.233608 -5.308203 5.317406 -4.233608 -4.088861 5.748272 -3.106452 -4.088861 5.748272 -4.233608 -5.308203 5.618432 -3.106452 -5.308203 5.618432 1.799753 -4.37089 5.426416 1.799753 -7.881789 4.852778 0 -4.37089 5.426416 0 -7.881789 4.852778 -1.799753 -4.37089 5.426416 -1.799753 -7.881789 4.852778 1.74078 -7.881789 5.620368 0 -7.881789 5.805587 -1.74078 -7.881789 5.620368 0 -7.881789 5.037997 1.74078 -7.881789 5.037997 1.799753 -7.881789 5.805587 -1.74078 -7.881789 5.037997 -1.799753 -7.881789 5.805587 0 -7.881789 5.620368 0 -7.752958 5.037997 1.74078 -7.752958 5.037997 0 -7.752958 5.620368 -1.74078 -7.752958 5.037997 1.74078 -7.752958 5.620368 -1.74078 -7.752958 5.620368 5.740602 3.018924 3.561358 5.751659 3.053219 5.184927 5.738897 4.387127 3.541761 5.749954 4.421423 5.16533 6.038787 4.387127 3.515645 6.040494 3.018924 3.535242 6.049845 4.421423 5.139214 6.051551 3.053219 5.158812 5.740602 4.646808 3.561358 5.751659 4.681104 5.184927 5.738897 6.015011 3.541761 5.749954 6.049307 5.16533 6.038787 6.015011 3.515645 6.040494 4.646808 3.535242 6.049845 6.049307 5.139214 6.051551 4.681104 5.158812 -5.740602 3.018924 3.561358 -5.751659 3.053219 5.184927 -5.738897 4.387127 3.541761 -5.749954 4.421423 5.16533 -6.038787 4.387127 3.515645 -6.040494 3.018924 3.535242 -6.049845 4.421423 5.139214 -6.051551 3.053219 5.158812 -5.740602 4.646808 3.561358 -5.751659 4.681104 5.184927 -5.738897 6.015011 3.541761 -5.749954 6.049307 5.16533 -6.038787 6.015011 3.515645 -6.040494 4.646808 3.535242 -6.049845 6.049307 5.139214 -6.051551 4.681104 5.158812 -5.830487 -1.602708 2.059751 -5.830487 -2.609908 2.059751 5.830487 -2.609908 2.059751 5.830487 -1.602708 2.059751</float_array>
          <technique_common>
            <accessor source="#Cube_003-mesh-positions-array" count="1314" stride="3">
              <param name="X" type="float"/>
              <param name="Y" type="float"/>
              <param name="Z" type="float"/>
            </accessor>
          </technique_common>
        </source>
        <source id="Cube_003-mesh-normals">
          <float_array id="Cube_003-mesh-normals-array" count="3954">0 -4.40096e-6 1 0 0.3826881 0.9238776 0 4.47834e-6 1 0 0.3826798 0.923881 0 0.7071097 0.7071039 0 0.7071035 0.7071102 0 0.9238806 0.3826812 0 0.9238772 0.3826892 0 1 -4.17849e-6 0 1 4.47834e-6 -1.65079e-7 0.9238774 -0.3826888 0 0.9238805 -0.3826811 0 0.7071035 -0.7071102 0 0.7071094 -0.7071042 0 0.3826839 -0.9238794 0 -4.43481e-6 -1 0 4.43965e-6 -1 0 -0.3826875 -0.923878 0 -0.3826792 -0.9238814 2.79828e-7 -0.7071096 -0.7071039 0 -0.7071036 -0.7071099 0 -0.9238809 -0.3826801 -1.98881e-7 -0.9238777 -0.3826879 0 -1 4.65245e-6 0 -1 -4.36227e-6 1.6443e-7 -0.9238792 0.3826844 0 -0.9238793 0.382684 1.78174e-7 -0.7071037 0.7071098 2.54545e-7 -0.7071099 0.7071037 0 -0.3826792 0.9238813 0 -0.3826878 0.9238778 0 -1 9.31552e-7 0 -0.9238796 0.3826835 0 -0.9238789 0.3826851 1 3.74829e-7 0 1 0 0 1 4.72342e-7 0 1 -1.33414e-7 0 1 -4.22239e-7 0 1 5.08381e-7 0 1 -4.61842e-7 0 1 -1.20711e-7 0 1 7.1603e-7 0 1 -1.33417e-7 0 1 0 0 1 0 0 1 -4.7234e-7 0 1 0 0 1 2.93791e-7 0 1 1.20711e-7 0 1 4.61841e-7 0 1 1.33413e-7 0 1 -5.08381e-7 0 1 -2.12827e-7 0 1 1.52515e-6 0 1 4.22239e-7 0 1 7.13761e-7 0 1 -6.40295e-7 0 1 -1.78441e-6 0 1 -7.13764e-7 0 1 -2.84371e-7 0 1 1.50682e-7 0 0 1 -8.52361e-7 0 0.9238796 -0.3826832 0 0.9238789 -0.3826849 0 -0.7071066 0.7071071 0 -0.7071055 0.7071081 0 0.7071096 -0.707104 0 0.7071082 -0.7071054 0 -0.3826838 0.9238794 0 -0.3826824 0.92388 0 0.3826817 -0.9238802 0 0.3826801 -0.9238809 0 -3.31635e-6 1 0 -1.57838e-6 1 0 1.24046e-6 -1 0 -0.382686 -0.9238785 0 -0.3826874 -0.9238779 0 2.90105e-6 -1 0 0.3826843 0.9238793 0 0.382686 0.9238786 0 -0.7071056 -0.707108 0 -0.7071067 -0.707107 0 0.7071054 0.7071082 0 0.7071067 0.707107 0 -0.9238788 -0.3826852 0 -0.9238796 -0.3826835 0 0.923879 0.382685 0 0.9238797 0.3826832 0 -1 -9.02535e-7 0 1 8.81377e-7 -1 0 0 -1 0 0 -1 0 0 0 -4.44932e-6 1 0 0.3826876 0.9238778 0 4.36227e-6 1 0 0.3826794 0.9238814 0 0.7071108 0.7071028 0 0.7071043 0.7071093 0 0.9238808 0.3826805 0 0.9238771 0.3826894 0 1 -5.02967e-6 0 1 5.31985e-6 -1.94953e-7 0.9238773 -0.3826891 0 0.9238808 -0.3826804 -1.3209e-7 0.7071043 -0.7071093 0 0.7071105 -0.7071031 0 0.3826833 -0.9238797 0 -4.48318e-6 -1 0 4.32842e-6 -1 0 -0.3826877 -0.9238778 0 -0.3826797 -0.9238812 0 -0.7071095 -0.7071042 -1.3209e-7 -0.7071036 -0.7071101 0 -0.9238806 -0.3826809 -1.94953e-7 -0.9238774 -0.3826885 0 -1 4.4735e-6 0 -1 -4.17849e-6 0 -0.9238772 0.382689 0 -0.9238806 0.382681 0 -0.7071067 0.7071069 0 -0.7071067 0.7071069 0 -0.3826797 0.9238811 0 -0.3826879 0.9238778 0 -1 7.17555e-7 0 -0.9238804 0.3826814 0 -0.9238798 0.3826828 1 3.7483e-7 0 1 0 0 1 4.72343e-7 0 1 -3.74838e-7 0 1 -4.22239e-7 0 1 -4.61841e-7 0 1 -1.20711e-7 0 1 -1.33413e-7 0 1 5.08384e-7 0 1 0 0 1 1.33416e-7 0 1 0 0 1 -7.1603e-7 0 1 0 0 1 2.2871e-7 0 1 1.27096e-6 0 1 4.72341e-7 0 1 3.29167e-7 0 1 1.00982e-6 0 1 -1.16802e-6 0 1 8.57659e-7 0 1 1.01677e-6 0 1 -6.40295e-7 0 1 -1.78441e-6 0 1 -7.13763e-7 0 1 -9.23581e-7 0 1 1.50682e-7 0 0 1 -8.6022e-7 0 0.9238798 -0.3826828 0 0.9238791 -0.3826845 0 -0.7071076 0.707106 0 -0.7071065 0.7071072 0 0.707109 -0.7071046 0 0.7071076 -0.707106 0 -0.3826834 0.9238796 0 -0.3826819 0.9238802 0 0.3826812 -0.9238805 0 0.3826796 -0.9238812 0 -3.03888e-6 1 0 -1.25134e-6 1 0 1.51793e-6 -1 0 -0.3826864 -0.9238784 0 -0.3826878 -0.9238778 0 3.15918e-6 -1 0 0.3826836 0.9238795 0 0.3826854 0.9238787 0 -0.7071061 -0.7071075 0 -0.707107 -0.7071066 0 0.7071049 0.7071088 0 0.7071061 0.7071075 0 -0.9238795 -0.3826837 0 -0.9238801 -0.3826823 0 0.9238792 0.3826844 0 0.9238799 0.3826828 0 -1 -7.236e-7 0 1 8.89236e-7 -1 -3.52585e-7 0 -1 0 0 -1 0 0 0 -4.02857e-6 1 0 0.3826842 0.9238793 0 0.3826846 0.9238792 0 0.707111 0.7071027 0 0.707104 0.7071097 0 0.9238808 0.3826805 0 0.9238774 0.3826887 0 1 -3.67553e-6 0 1 3.9657e-6 -1.94953e-7 0.9238775 -0.3826884 0 0.9238808 -0.3826804 -1.3209e-7 0.7071039 -0.7071097 0 0.7071107 -0.707103 0 0.3826799 -0.923881 0 0.3826885 -0.9238775 0 -3.99472e-6 -1 0 4.74917e-6 -1 0 -0.3826835 -0.9238795 0 -0.7071107 -0.707103 -1.3209e-7 -0.7071045 -0.7071092 0 -0.9238808 -0.3826805 -1.94953e-7 -0.923877 -0.3826897 0 -1 5.31018e-6 0 -1 -5.02967e-6 0 -0.9238768 0.3826901 0 -0.9238807 0.3826806 0 -0.7071045 0.7071091 0 -0.707111 0.7071027 0 -0.3826795 0.9238812 0 -0.3826873 0.923878 0 4.71531e-6 1 0 -1 1.06092e-6 0 -0.9238795 0.3826838 0 -0.9238788 0.3826854 1 3.7483e-7 0 1 0 0 1 4.72341e-7 0 1 -8.57661e-7 0 1 -8.37539e-7 0 1 -7.13781e-7 0 1 -4.61841e-7 0 1 -1.20711e-7 0 1 -1.33412e-7 0 1 5.08383e-7 0 1 0 0 1 1.33416e-7 0 1 0 0 1 -7.1603e-7 0 1 0 0 1 2.28709e-7 0 1 1.27095e-6 0 1 4.7234e-7 0 1 3.29171e-7 0 1 -4.29172e-7 0 1 -1.42757e-6 0 1 8.57661e-7 0 1 1.01677e-6 0 1 -3.7483e-7 0 1 -1.01677e-6 0 1 5.06157e-7 0 1 -2.02458e-7 0 1 -2.84383e-7 0 0 1 -8.95281e-7 0 0.9238802 -0.3826819 0 0.9238796 -0.3826834 0 -0.7071085 0.7071051 0 -0.7071074 0.7071063 0 0.7071091 -0.7071046 0 -0.3826838 0.9238794 0 -0.3826823 0.9238801 0 0.3826804 -0.9238809 0 0.3826786 -0.9238816 0 -3.12956e-6 1 0 -1.3795e-6 1 0 1.35834e-6 -1 0 -0.3826857 -0.9238787 0 -0.3826872 -0.923878 0 3.09993e-6 -1 0 0.3826827 0.9238799 0 0.3826845 0.9238791 0 -0.7071076 -0.7071061 0 -0.7071085 -0.7071051 0 0.7071063 0.7071073 0 0.7071076 0.707106 0 -0.9238787 -0.3826854 0 -0.9238794 -0.3826838 0 0.9238796 0.3826834 0 0.9238802 0.3826819 0 -1 -1.0319e-6 -1 -3.52592e-7 0 -1 1.33782e-7 0 0 -4.10111e-6 1 0 0.3826882 0.9238777 0 3.98504e-6 1 0 0.38268 0.9238811 0 0.7071103 0.7071033 0 0.7071042 0.7071094 0 0.9238775 0.3826886 0 1 -4.3526e-6 0 1 4.65244e-6 -1.94953e-7 0.9238777 -0.3826882 0 0.9238809 -0.3826804 -1.3209e-7 0.7071042 -0.7071095 0 0.70711 -0.7071037 0 0.3826839 -0.9238793 0 -4.13497e-6 -1 0 3.95603e-6 -1 0 -0.3826875 -0.9238778 0 -0.3826795 -0.9238811 0 -0.7071101 -0.7071034 -1.3209e-7 -0.7071039 -0.7071097 0 -0.9238809 -0.3826802 -1.94953e-7 -0.9238774 -0.3826889 0 -1 5.32952e-6 0 -1 -5.04902e-6 0 -0.9238771 0.3826892 0 -0.9238808 0.3826804 0 -0.707104 0.7071096 0 -0.7071104 0.7071031 0 -0.3826835 0.9238796 0 -0.3826841 0.9238794 0 -1 9.27925e-7 0 -0.9238793 0.3826842 0 -0.9238786 0.3826857 1 3.74829e-7 0 1 0 0 1 4.72342e-7 0 1 -8.5766e-7 0 1 -8.37539e-7 0 1 -7.13781e-7 0 1 -4.61842e-7 0 1 -1.20711e-7 0 1 -2.07651e-7 0 1 0 0 1 0 0 1 0 0 1 0 0 1 2.28709e-7 0 1 1.27095e-6 0 1 4.7234e-7 0 1 3.29165e-7 0 1 -4.29172e-7 0 1 -1.42756e-6 0 1 8.57659e-7 0 1 1.01677e-6 0 1 -3.7483e-7 0 1 -1.01677e-6 0 1 -9.23584e-7 0 1 1.50682e-7 0 0 1 -9.47269e-7 0 0.9238803 -0.3826819 0 -0.7071053 0.7071083 0 -0.3826845 0.9238791 0 -0.3826832 0.9238798 0 0.3826804 -0.9238808 0 0.3826787 -0.9238816 0 -3.13681e-6 1 0 -1.37164e-6 1 0 1.42967e-6 -1 0 -0.3826867 -0.9238783 0 -0.3826881 -0.9238777 0 3.1084e-6 -1 0 0.3826828 0.9238798 0 0.3826847 0.9238791 0 -0.7071055 -0.7071082 0 -0.7071065 -0.7071071 0 -0.9238787 -0.3826858 0 -0.9238792 -0.3826842 0 0.9238803 0.3826818 0 -1 -8.89236e-7 0 1 9.76285e-7 -1 -1.53033e-7 0 -1 1.33778e-7 0 0 0 1 0 0.3826878 0.9238778 0 0.3826793 0.9238813 0 0.7071096 0.707104 0 0.707103 0.7071105 0 0.9238806 0.3826811 0 0.9238774 0.3826888 0 1 -3.6852e-6 0 1 3.98505e-6 -1.98881e-7 0.9238775 -0.3826883 -1.21824e-7 0.9238806 -0.382681 -1.3209e-7 0.707103 -0.7071107 0 0.7071093 -0.7071042 0 0.3826792 -0.9238813 0 0.3826876 -0.9238778 0 -4.31391e-6 -1 0 4.3526e-6 -1 0 -0.3826841 -0.9238793 0 -0.7071095 -0.7071041 0 -0.7071036 -0.70711 0 -0.9238804 -0.3826815 -1.65079e-7 -0.9238773 -0.3826889 0 -1 4.64277e-6 0 -1 -4.35744e-6 0 -0.9238771 0.3826894 0 -0.9238803 0.3826816 0 -0.7071037 0.70711 0 -0.7071099 0.7071037 0 -0.3826802 0.9238809 0 -0.3826887 0.9238774 0 -1 9.07371e-7 0 -0.9238802 0.3826819 0 -0.9238795 0.3826835 1 3.74829e-7 0 1 0 0 1 4.72342e-7 0 1 -8.37538e-7 0 1 -7.1378e-7 0 1 -4.61841e-7 0 1 -1.20711e-7 0 1 -1.33414e-7 0 1 5.08384e-7 0 1 0 0 1 1.33417e-7 0 1 0 0 1 -7.16029e-7 0 1 2.28709e-7 0 1 1.27096e-6 0 1 4.7234e-7 0 1 3.29168e-7 0 1 -4.29172e-7 0 1 -1.42757e-6 0 1 8.57659e-7 0 1 1.01677e-6 0 1 -3.74829e-7 0 1 -1.01677e-6 0 1 0 0 0 1 -8.52965e-7 0 0.9238799 -0.3826827 0 0.9238793 -0.3826842 0 -0.7071068 0.7071068 0 -0.7071055 0.7071082 0 0.7071101 -0.7071036 0 0.7071086 -0.707105 0 -0.3826835 0.9238795 0 -0.382682 0.9238801 0 0.3826817 -0.9238803 0 0.3826799 -0.923881 0 -3.11384e-6 1 0 -1.3136e-6 1 0 1.37405e-6 -1 0 -0.3826855 -0.9238787 0 -0.382687 -0.9238781 0 3.09752e-6 -1 0 0.3826839 0.9238795 0 0.3826858 0.9238786 0 -0.7071056 -0.707108 0 -0.7071068 -0.7071068 0 0.7071059 0.7071077 0 0.7071072 0.7071065 0 -0.9238795 -0.3826835 0 -0.9238802 -0.3826819 0 0.9238793 0.3826842 0 0.9238799 0.3826827 0 -1 -9.13416e-7 0 1 8.2274e-7 -1 -1.53032e-7 0 -1 1.33783e-7 0 1.65079e-7 0.9238774 -0.3826888 0 1 4.4735e-6 0 0.7071034 -0.7071102 0 0.9238805 -0.3826811 0 -4.43965e-6 -1 0 0.3826838 -0.9238794 0 -0.3826791 -0.9238814 -2.79828e-7 -0.7071096 -0.7071039 0 -0.7071036 -0.7071099 0 -0.9238809 -0.3826801 1.98881e-7 -0.9238777 -0.3826879 0 -1 4.65245e-6 -1.76124e-7 -0.9238792 0.3826844 -1.98216e-7 -0.7071037 0.7071099 0 -0.3826792 0.9238813 -2.74586e-7 -0.7071099 0.7071037 0 -0.9238806 0.3826809 0 -1 -8.80168e-7 0 -0.9238798 0.382683 -1 -5.94519e-7 0 -1 3.74829e-7 0 -1 2.3092e-7 0 -1 -2.66828e-7 0 -1 -4.22239e-7 0 -1 -7.13764e-7 0 -1 -4.15305e-7 0 -1 0 0 -1 0 0 -1 -9.01182e-7 0 -1 2.09384e-7 0 -1 1.78446e-7 0 -1 0 0 -1 0 0 -1 -3.56891e-7 0 -1 8.05637e-7 0 -1 1.20711e-7 0 -1 1.33413e-7 0 -1 -4.00242e-7 0 -1 4.61841e-7 0 -1 4.22239e-7 0 -1 7.13761e-7 0 -1 -1.35979e-6 0 -1 -2.38271e-6 0 -1 -2.07649e-7 0 -1 1.08149e-6 0 -1 -4.71906e-7 0 -1 0 0 0 0.9238806 -0.382681 0 1 -8.70497e-7 0 0.9238798 -0.3826829 0 -0.7071052 0.7071084 0 0.7071097 -0.7071039 0 0.7071078 -0.7071059 0 -0.3826814 0.9238805 0 -0.3826797 0.9238812 0 0.3826815 -0.9238803 0 0.3826794 -0.9238812 0 -3.30789e-6 1 0 -1.62493e-6 1 0 -0.3826871 -0.9238781 0 -1.02525e-6 -1 0 -0.3826881 -0.9238776 0 6.38364e-7 -1 0 0.3826853 0.9238788 0 0.3826867 0.9238782 0 -0.7071067 -0.7071068 0 -0.7071073 -0.7071063 0 0.7071065 0.7071072 0 0.7071072 0.7071064 0 -0.9238779 -0.3826874 0 -0.9238785 -0.3826862 0 0.9238788 0.3826854 0 0.9238793 0.3826843 0 -1 -2.82428e-6 0 1 7.64102e-7 1 -1.35981e-7 0 1 0 0 1 0 0 0 0.9238808 0.3826805 0 0.7071044 0.7071093 1.94953e-7 0.9238773 -0.3826891 0 1 5.31018e-6 1.3209e-7 0.7071043 -0.7071093 0 0.9238808 -0.3826804 0 0.7071105 -0.7071031 0 -4.48801e-6 -1 0 0.3826833 -0.9238796 0 4.32358e-6 -1 0 -0.3826878 -0.9238778 1.3209e-7 -0.7071036 -0.7071101 0 -0.9238806 -0.3826809 1.94953e-7 -0.9238774 -0.3826885 0 -1 4.46867e-6 0 -0.9238815 0.3826788 0 -1 -1.09296e-6 0 -0.9238807 0.3826806 -1 -5.94517e-7 0 -1 3.7483e-7 0 -1 2.30922e-7 0 -1 -3.74838e-7 0 -1 -4.22239e-7 0 -1 -7.13763e-7 0 -1 -4.15303e-7 0 -1 0 0 -1 -1.87414e-7 0 -1 2.09384e-7 0 -1 1.78445e-7 0 -1 1.33416e-7 0 -1 0 0 -1 3.5689e-7 0 -1 2.2871e-7 0 -1 4.72341e-7 0 -1 -7.1603e-7 0 -1 1.00982e-6 0 -1 -1.35544e-6 0 -1 8.57659e-7 0 -1 3.29167e-7 0 -1 -1.35979e-6 0 -1 -2.38271e-6 0 -1 -2.07649e-7 0 -1 3.77546e-7 0 -1 -1.53921e-7 0 0 0.9238807 -0.3826807 0 1 -8.60824e-7 0 0.9238799 -0.3826826 0 -0.7071076 0.7071061 0 -0.7071059 0.7071077 0 0.7071074 -0.7071061 0 -0.3826808 0.9238806 0 -0.3826792 0.9238814 0 0.3826809 -0.9238806 0 0.3826787 -0.9238815 0 -3.12411e-6 1 0 -1.36378e-6 1 0 -0.3826875 -0.9238778 0 -8.22135e-7 -1 0 -0.3826885 -0.9238775 0 8.4148e-7 -1 0 0.3826846 0.9238791 0 0.3826861 0.9238786 0 -0.7071069 -0.7071067 0 -0.7071074 -0.7071062 0 0.7071068 0.7071067 0 -0.9238786 -0.382686 0 -0.923879 -0.3826849 0 0.9238788 0.3826851 0 0.9238793 0.3826841 0 -1 -2.65985e-6 0 1 7.25414e-7 1 0 0 1 0 0 1 0 0 0 -4.03341e-6 1 0 0.3826842 0.9238793 0 4.72015e-6 1 0 0.707111 0.7071027 0 0.9238808 0.3826805 1.94953e-7 0.9238775 -0.3826883 0 1 3.9657e-6 1.3209e-7 0.7071039 -0.7071097 0 0.9238808 -0.3826804 0 -3.99472e-6 -1 0 0.3826885 -0.9238775 0 -0.3826835 -0.9238795 0 4.74917e-6 -1 0 -0.382683 -0.9238798 1.3209e-7 -0.7071045 -0.7071092 0 -0.9238808 -0.3826805 1.94953e-7 -0.923877 -0.3826897 0 -1 5.31018e-6 0 -0.707111 0.7071027 0 -0.3826873 0.923878 0 -0.9238803 0.3826816 0 -1 -7.5443e-7 0 -0.9238795 0.3826836 -1 -5.94518e-7 0 -1 3.7483e-7 0 -1 2.30919e-7 0 -1 -6.29888e-7 0 -1 -6.16245e-7 0 -1 -7.13781e-7 0 -1 -4.15306e-7 0 -1 0 0 -1 -1.87413e-7 0 -1 2.09383e-7 0 -1 1.33416e-7 0 -1 0 0 -1 3.5689e-7 0 -1 2.28709e-7 0 -1 4.7234e-7 0 -1 -7.1603e-7 0 -1 -4.29172e-7 0 -1 -1.42757e-6 0 -1 8.57661e-7 0 -1 3.29171e-7 0 -1 -6.16244e-7 0 -1 -2.07649e-7 0 -1 -1.53914e-7 0 -1 -4.61789e-7 0 0 0.9238811 -0.3826798 0 1 -8.99513e-7 0 0.9238803 -0.3826818 0 -0.7071087 0.7071049 0 -0.7071072 0.7071065 0 0.7071107 -0.7071028 0 0.7071089 -0.7071048 0 -0.3826812 0.9238805 0 -0.3826795 0.9238813 0 0.3826802 -0.9238809 0 0.382678 -0.9238818 0 -3.14346e-6 1 0 -1.36378e-6 1 0 -0.3826869 -0.9238781 0 -8.51152e-7 -1 0 -0.3826879 -0.9238777 0 8.51152e-7 -1 0 0.3826839 0.9238794 0 0.3826854 0.9238787 0 -0.7071088 -0.7071049 0 -0.7071092 -0.7071043 0 0.7071076 0.7071061 0 0.7071083 0.7071053 0 -0.9238777 -0.3826881 0 -0.9238781 -0.3826868 0 0.9238792 0.3826842 0 0.9238796 0.3826832 0 -1 -2.95969e-6 0 1 7.25414e-7 1 3.52585e-7 0 1 -1.33778e-7 0 0 0.3826882 0.9238777 0 -4.10595e-6 1 0 3.98504e-6 1 0 1 -4.34776e-6 1.94953e-7 0.9238777 -0.3826882 0 1 4.63794e-6 1.3209e-7 0.7071042 -0.7071095 0 0.9238808 -0.3826804 0 0.3826839 -0.9238793 0 -4.13013e-6 -1 0 0.382684 -0.9238794 0 3.95603e-6 -1 0 -0.3826876 -0.9238778 0 -0.3826796 -0.9238811 1.3209e-7 -0.7071039 -0.7071097 0 -0.9238809 -0.3826802 1.94953e-7 -0.9238774 -0.3826889 0 -1 5.32952e-6 0 -0.7071105 0.7071031 0 -0.3826835 0.9238796 0 -0.9238802 0.382682 0 -0.9238793 0.3826842 -1 -5.94522e-7 0 -1 3.74829e-7 0 -1 2.3092e-7 0 -1 -6.29887e-7 0 -1 -6.16245e-7 0 -1 -7.13781e-7 0 -1 -4.15306e-7 0 -1 0 0 -1 2.09383e-7 0 -1 1.78445e-7 0 -1 0 0 -1 0 0 -1 -3.5689e-7 0 -1 -2.07651e-7 0 -1 2.28709e-7 0 -1 4.7234e-7 0 -1 -4.29172e-7 0 -1 -1.42756e-6 0 -1 8.57659e-7 0 -1 3.29165e-7 0 -1 -6.16244e-7 0 -1 -2.07649e-7 0 -1 1.08148e-6 0 -1 -4.71907e-7 0 -1 0 0 0 0.9238815 -0.3826789 0 1 -7.83447e-7 0 0.9238807 -0.3826806 0 -0.707107 0.7071067 0 -0.7071052 0.7071084 0 -0.3826801 0.9238809 0 0.3826802 -0.923881 0 0.382678 -0.9238819 0 -3.01772e-6 1 0 -1.26706e-6 1 0 -0.3826876 -0.9238778 0 -6.96397e-7 -1 0 -0.3826887 -0.9238775 0 9.47873e-7 -1 0 0.3826838 0.9238794 0 0.3826853 0.9238789 0 -0.7071068 -0.7071068 0 -0.7071074 -0.7071062 0 -0.9238775 -0.3826884 0 -0.9238781 -0.3826872 0 0.9238797 0.3826832 0 0.9238801 0.3826822 0 -1 -2.8146e-6 0 1 6.48036e-7 1 3.52585e-7 0 0 0.9238806 0.3826811 0 1 -3.68036e-6 1.98881e-7 0.9238775 -0.3826883 0 1 3.98021e-6 1.3209e-7 0.707103 -0.7071107 1.21824e-7 0.9238806 -0.382681 0 -4.30907e-6 -1 0 4.34776e-6 -1 0 -0.3826845 -0.923879 0 -0.7071036 -0.70711 0 -0.9238804 -0.3826815 1.65079e-7 -0.9238773 -0.3826889 0 -1 4.64277e-6 0 -1 -4.3526e-6 0 -0.9238812 0.3826795 0 -1 -9.18857e-7 -1 3.74829e-7 0 -1 2.3092e-7 0 -1 -7.1378e-7 0 -1 -4.15305e-7 0 -1 0 0 -1 -1.87415e-7 0 -1 2.09384e-7 0 -1 1.78446e-7 0 -1 1.33417e-7 0 -1 0 0 -1 3.5689e-7 0 -1 2.28709e-7 0 -1 4.7234e-7 0 -1 -7.16029e-7 0 -1 -4.29172e-7 0 -1 -1.42757e-6 0 -1 8.57659e-7 0 -1 3.29168e-7 0 -1 -6.16244e-7 0 -1 -2.07649e-7 0 -1 -5.85842e-7 0 -1 -6.8358e-7 0 -1 0 0 0 0.9238808 -0.3826806 0 1 -8.70496e-7 0 0.9238799 -0.3826825 0 -0.707107 0.7071066 0 0.7071104 -0.7071033 0 0.7071083 -0.7071053 0 -0.3826811 0.9238805 0 0.3826814 -0.9238804 0 0.3826792 -0.9238814 0 -1.35411e-6 1 0 8.60824e-7 -1 0 0.382685 0.923879 0 0.3826866 0.9238783 0 0.7071071 0.7071065 0 0.7071078 0.7071058 0 -0.923879 -0.3826848 0 0.923879 0.3826851 0 0.9238793 0.3826841 0 -1 -2.71788e-6 0 1 6.96397e-7 1 0 0 1 0 0 1 0 0 0 1 0 1 0 0 1 0 0 1 0 0 1 0 0 1 0 0 1 0 0 4.09782e-7 0.6160359 0.7877181 0 0.6522041 0.7580434 0 0.652204 0.7580436 -1.88496e-6 0.6651052 -0.7467497 0 0.7121615 -0.7020158 0 0.6024025 -0.7981925 0.2450993 0 -0.969498 0 0 -1 0.2450993 0 -0.969498 0.2450993 0 -0.969498 0.2450961 0 -0.9694989 0.1467427 0.631323 -0.7615103 0 0.6382318 -0.7698442 0.03305268 -0.141655 0.9893642 0.03184986 -0.2911723 0.9561403 0.03195416 -0.2923331 0.9557825 0.005290567 -0.07026916 0.9975141 0.02769798 -0.1294788 0.9911953 0 -0.03333568 0.9994443 0 -0.03333628 0.9994442 0 0.04990154 0.9987542 0 0.04990065 0.9987542 0.00183326 0.1001377 0.9949719 -0.003840565 0.1034939 0.9946228 0 0.1073107 0.9942256 0 0.1073106 0.9942256 0.03104174 -0.3843339 0.9226722 0.03054088 -0.3843395 0.9226865 0.1744896 -0.6281346 -0.7582878 0 -0.6379206 -0.7701022 0 -0.6379207 -0.7701022 0 -1 0 0.744639 0.6674674 0 0.6658831 0.7460562 -2.99633e-5 0.6199569 0.784636 -6.46477e-7 0 -0.3845189 0.9231171 0 -0.2918989 0.9564493 0.003805935 0.102977 0.9946765 0 0.1073108 0.9942256 0 0.04990017 0.9987542 0 -0.03333663 0.9994442 0 -0.07644522 0.9970738 0 -0.1415677 0.9899286 0 0.652204 0.7580435 0 0.6522039 0.7580437 0 0.7121614 -0.7020158 0 0.6651628 -0.7466984 0.475252 0 -0.8798497 0.2451024 0 -0.9694973 0.475252 0 -0.8798497 0.4752519 0 -0.8798498 0.475252 0 -0.8798498 0.4752519 0 -0.8798498 0.3839589 0.5893119 -0.7108355 0.1744309 0.6284475 -0.7580419 0.2955281 -0.5702269 -0.7664884 0.05994635 -0.5799104 -0.8124718 0 -0.2919003 0.9564488 0 0.1073107 0.9942256 0.002899348 0.1009891 0.9948834 0 0.04989939 0.9987543 0 -0.03333711 0.9994442 0 -0.05833268 0.9982972 0 -0.05833232 0.9982972 0 -0.1235753 0.9923352 0 0.569143 0.8222386 0 0.652204 0.7580435 4.87547e-7 0.61601 0.7877383 0 0.1670998 0.98594 0 -0.04208213 0.9991142 0 0.1670999 0.98594 0 -0.2494194 0.9683957 0 -0.04208415 0.9991142 1 1.49499e-7 0 1 -3.42031e-7 0 1 -4.41805e-7 0 0 0.8657629 -0.5004544 0 0.8657642 -0.5004523 0 0.8657628 -0.5004547 0 0 0 2.03196e-7 0 -1 2.6495e-7 0 -1 0 0 -1 0.06666338 0 0.9977756 0.06666451 0 0.9977754 0.06666463 0 0.9977754 -1.25781e-5 0.5824114 -0.8128942 0.2461395 0.9692344 0 0.6658791 0.7460597 2.28744e-5 0.7446399 0.6674664 0 0.2868226 0.9579837 -5.16277e-5 -1.38507e-7 0.6733409 0.7393322 -4.74679e-5 0.8300302 0.5577186 0 0.8288165 0.5595205 0.2868318 0.9579809 3.99112e-5 -2.50901e-7 0.6733409 -0.7393322 -4.74676e-5 0.8300324 -0.5577152 -1.25765e-5 0.5824143 0.8128922 -1 0 0 -1 0 0 -1 -1.29276e-7 0 -1 0 0 -1 -1.33728e-7 0 -1 0 0 -1 0 0 -1 0 0 -1 0 0 -1 0 0 -1 0 0 -1 0 0 0 0.6160264 0.7877255 3.46452e-7 0.6651405 -0.7467184 -0.2450993 0 -0.969498 -0.2450993 0 -0.969498 -0.2450993 0 -0.969498 -0.2450993 0 -0.969498 -0.245096 0 -0.9694988 -0.1159781 0.5463469 -0.8294904 -0.03305268 -0.141655 0.9893642 -0.03184986 -0.2911723 0.9561404 -0.02769804 -0.1294788 0.9911953 -0.005290567 -0.07026916 0.9975141 0 -0.03333628 0.9994442 0 0.04990154 0.9987542 -0.003840088 0.1034938 0.9946227 0 0.09967392 0.9950202 -0.03195416 -0.2923331 0.9557825 -0.03104174 -0.3843338 0.9226722 -0.1744896 -0.6281346 -0.7582878 -0.7446391 0.6674674 1.80289e-7 -0.6658831 0.7460561 -2.99633e-5 -0.7446432 0.6674628 0 -0.003806054 0.102978 0.9946764 0 0.6651628 -0.7466984 -0.2451024 0 -0.9694973 -0.475252 0 -0.8798497 -0.475252 0 -0.8798497 -0.4752519 0 -0.8798498 -0.475252 0 -0.8798499 -0.3901266 -0.06002908 -0.9188024 -0.1159198 0.5463013 -0.8295285 -0.3495632 0.2286869 -0.9085747 0 0.2037439 -0.9790242 -0.05994576 -0.5799108 -0.8124715 -0.2955335 -0.570234 -0.7664811 0 0.6522039 0.7580436 -1 1.49499e-7 0 -1 -3.42031e-7 0 -1 2.06429e-7 0 -2.36458e-7 0 -1 0 0 -1 -2.42507e-7 0 -1 -0.06666451 0 0.9977754 -0.06666338 0 0.9977756 -0.06666463 0 0.9977754 1.25841e-5 0.5824126 -0.8128934 -0.2461395 0.9692344 0 -0.6658802 0.7460587 2.29839e-5 -0.7446414 0.6674648 0 -0.2868226 0.9579837 -5.16277e-5 1.38507e-7 0.6733409 0.7393322 4.74679e-5 0.8300302 0.5577186 1.25765e-5 0.5824143 0.8128922 -0.6199569 0.784636 -5.67756e-7 -0.286832 0.957981 4.0088e-5 4.74897e-5 0.8300289 -0.5577206 2.62427e-7 0.6733409 -0.7393323 -0.7071074 0.7071062 0 -0.7071086 0.707105 0 -0.7071092 0.7071045 0 0 0.7071064 0.7071072 0 0.70711 0.7071036 0 0.7071101 0.7071034 0 0.7071039 -0.7071096 0 0.7070998 -0.7071138 0 0.7070994 -0.7071142 0.7071055 0.7071081 0 0.7071069 0.7071067 0 0.7071049 0.7071087 0 0.7071084 0.7071053 0 0.7071073 0.7071063 0 0.7071086 0.7071049 0 0 0.7071102 0.7071034 0 0.7071061 0.7071075 0 0.7071057 0.7071079 0 0.7071 -0.7071136 0 0.7071037 -0.7071099 0 0.7071039 -0.7071097 -0.7071069 0.7071067 0 -0.7071055 0.7071081 0 -0.7071049 0.7071087 0 0 0.05002546 -0.998748 0 0.05002546 -0.998748 0 -0.05002546 0.998748 0 -0.05002546 0.998748 0 0.105885 -0.9943784 0 0.1058849 -0.9943785 0 -0.105885 0.9943784 0 -0.1058849 0.9943785 1 0 0 1 -2.53445e-7 0 1 -3.24773e-7 0 -1 2.77221e-7 0 -1 0 0 -1 3.24773e-7 0 0 0.1073737 0.9942188 0 0.1073737 0.9942188 -1 0 0 1 0 0 0.999976 0.001149058 -0.006834864 0.999976 0.001148819 -0.006834924 0.999976 0.00115019 -0.006834626 0.001837909 -0.9997756 0.021106 0.001837909 -0.9997756 0.0211057 0.001837909 -0.9997756 0.02110564 -0.08674651 -0.01437574 -0.9961268 -0.08674794 -0.01437568 -0.9961265 -0.08674818 -0.01437562 -0.9961265 -0.001838028 0.9997756 -0.02110624 -0.001838088 0.9997756 -0.02110701 -0.001838028 0.9997755 -0.02110612 0.08674567 0.01437652 0.9961268 0.08674573 0.01437586 0.9961268 0.08674579 0.01437568 0.9961268 0.999976 0.001149058 -0.006834864 0.999976 0.001148819 -0.006834924 0.999976 0.00115019 -0.006834626 0.001837968 -0.9997756 0.02110666 0.001837968 -0.9997756 0.02110624 0.001837968 -0.9997756 0.02110618 -0.08674657 -0.01437574 -0.9961268 -0.08674794 -0.01437568 -0.9961265 -0.001837968 0.9997756 -0.0211066 -0.001838028 0.9997756 -0.02110666 -0.001837968 0.9997755 -0.0211066 0.08674567 0.01437652 0.9961268 0.08674585 0.01437586 0.9961268 0.08674585 0.01437574 0.9961268 -0.999976 0.00114876 -0.006834924 -0.999976 0.001149058 -0.006834864 -0.999976 0.00115019 -0.006834626 -0.001837909 -0.9997756 0.02110576 -0.001837909 -0.9997756 0.02110594 -0.001837909 -0.9997756 0.0211057 0.08674794 -0.01437568 -0.9961267 0.08674651 -0.01437574 -0.9961268 0.08674818 -0.01437562 -0.9961266 0.001838028 0.9997756 -0.02110624 0.001838088 0.9997756 -0.02110701 0.001838088 0.9997755 -0.02110713 -0.08674573 0.0143758 0.9961268 -0.08674561 0.01437652 0.9961268 -0.08674573 0.01437568 0.9961268 -0.999976 0.00114876 -0.006834924 -0.999976 0.001149058 -0.006834864 -0.999976 0.00115019 -0.006834626 -0.001837968 -0.9997756 0.0211063 -0.001837968 -0.9997756 0.02110666 -0.001837968 -0.9997756 0.02110624 0.08674788 -0.01437568 -0.9961265 0.08674651 -0.01437574 -0.9961268 0.08674818 -0.01437562 -0.9961265 0.001837968 0.9997756 -0.0211066 0.001838028 0.9997756 -0.02110666 0.001838028 0.9997755 -0.02110666 -0.08674585 0.01437586 0.9961268 -0.08674573 0.01437652 0.9961268 -0.08674591 0.01437574 0.9961268 1 1.41746e-6 0 1 -8.23183e-7 0 1 -1.42207e-7 0 1 -5.6883e-7 0 1 -3.69763e-6 0 1 -5.68827e-7 0 1 -3.2927e-6 0 1 5.66994e-6 0 -1 0 0 -1 -2.79421e-6 0 -1 -1.9955e-7 0 -1 2.7942e-6 0 -1 -2.74649e-7 0 -1 2.79423e-6 0 1 1.41745e-6 0 1 -8.23184e-7 0 1 -1.42208e-7 0 1 -7.12735e-7 0 1 -5.66993e-6 0 1 -4.04918e-7 0 1 -3.69441e-6 0 1 -5.68827e-7 0 1 -3.29271e-6 0 1 5.66996e-6 0 -1 -3.62162e-7 0 -1 -1.99556e-7 0 -1 -2.79423e-6 0 -1 -2.79416e-6 0 -1 -1.99555e-7 0 -1 2.79421e-6 0 -1 1.99551e-7 0 -1 -1.82068e-6 0 1 1.41745e-6 0 1 0 0 1 -2.83492e-6 0 1 -5.68829e-7 0 1 -3.69764e-6 0 1 4.04915e-7 0 1 5.66998e-6 0 -1 1.80294e-7 0 -1 -1.99552e-7 0 -1 -2.79426e-6 0 -1 -2.79421e-6 0 -1 -1.99555e-7 0 -1 2.79416e-6 0 -1 -2.7465e-7 0 -1 2.79425e-6 0 1 -8.23182e-7 0 1 -1.42207e-7 0 1 -7.12737e-7 0 1 -5.66998e-6 0 1 -4.04918e-7 0 1 -3.69444e-6 0 1 -5.68828e-7 0 1 -3.2927e-6 0 1 5.6699e-6 0 -1 1.80303e-7 0 -1 -1.99551e-7 0 -1 2.79418e-6 0 -1 -2.74649e-7 0 1 0 0 1 -6.07393e-7 0 1 -5.66988e-6 0 1 -4.04927e-7 0 -1 1.80303e-7 0 -1 -2.7942e-6 0 -1 -1.9955e-7 0 -1 2.79419e-6 0 -1 -2.7465e-7 0 -1 2.79427e-6 0 -1 1.01676e-6 0 -1 -5.08381e-7 0 -1 1.52515e-6 0 -1 3.69765e-6 0 -1 5.68831e-7 0 -1 -1.27026e-6 0 -1 -2.83497e-6 0 -1 0 0 -1 2.83496e-6 0 -1 -2.84416e-7 0 -1 -1.84883e-6 0 1 0 0 1 2.79423e-6 0 1 0 0 1 2.7942e-6 0 1 1.9955e-7 0 1 -1.99544e-7 0 1 -2.79421e-6 0 1 -2.79426e-6 0 -1 1.27096e-6 0 -1 1.01677e-6 0 -1 -3.77546e-7 0 -1 -9.43814e-7 0 -1 -2.02459e-7 0 -1 -2.83497e-6 0 -1 2.83497e-6 0 -1 2.02458e-7 0 -1 -1.8472e-6 0 -1 4.82006e-7 0 1 0 0 1 2.79421e-6 0 1 1.9955e-7 0 1 -2.79416e-6 0 1 2.74649e-7 0 1 -2.79423e-6 0 -1 -5.08384e-7 0 -1 1.27095e-6 0 -1 1.01677e-6 0 -1 -5.08382e-7 0 -1 1.42198e-7 0 -1 3.69764e-6 0 -1 5.68831e-7 0 -1 -2.02459e-7 0 -1 -2.83495e-6 0 -1 2.83496e-6 0 -1 2.02458e-7 0 -1 -1.8472e-6 0 -1 -2.84415e-7 0 -1 -1.84881e-6 0 1 -1.803e-7 0 1 1.99557e-7 0 1 2.79425e-6 0 1 2.79416e-6 0 1 1.99555e-7 0 1 -2.79421e-6 0 1 2.7465e-7 0 1 -2.79426e-6 0 -1 -5.08383e-7 0 -1 5.08383e-7 0 -1 1.27095e-6 0 -1 1.01677e-6 0 -1 -5.08381e-7 0 -1 3.69766e-6 0 -1 5.68829e-7 0 -1 -1.27026e-6 0 -1 -2.83496e-6 0 -1 0 0 -1 -2.84415e-7 0 1 -1.803e-7 0 1 1.99556e-7 0 1 2.79425e-6 0 1 2.79418e-6 0 1 1.99555e-7 0 1 2.7465e-7 0 1 -2.79427e-6 0 -1 -5.08383e-7 0 -1 1.27096e-6 0 -1 1.01677e-6 0 -1 -5.08383e-7 0 -1 3.69764e-6 0 -1 5.6883e-7 0 -1 -1.27026e-6 0 -1 0 0 -1 2.83497e-6 0 -1 1.08149e-6 0 1 1.99556e-7 0 1 2.79427e-6 0 1 2.13055e-7 0 1 2.79419e-6 0 1 1.99555e-7 0 1 -2.7942e-6 0 1 2.74648e-7 0 1 -2.79424e-6 0 1 0 0 0 0.7121615 -0.7020157 0.7446432 0.6674628 0 0 0.7121614 -0.7020159 0.475252 0 -0.8798499 0 -0.4706448 -0.8823229 0 -0.3845191 0.9231172 0 -0.2494195 0.9683955 1 2.06429e-7 0 0 0.8657643 -0.5004521 -1 2.0369e-7 0 -1 0 0 -1 3.42743e-7 0 3.70908e-7 0 -1 0 0 -1 5.24966e-7 0 -1 -8.94722e-7 0 -1 4.90048e-7 0 -1 0.06666332 0 0.9977756 0 0.8288165 -0.5595205 -0.1744309 0.6284475 -0.7580419 -0.03054088 -0.3843395 0.9226865 -0.475252 0 -0.8798499 -0.283258 0.6359734 -0.717846 -0.05992627 -0.5798836 -0.8124924 -0.2954961 -0.5702013 -0.7665197 -1 -4.41805e-7 0 1 4.07379e-7 0 1 6.85485e-7 0 1 0 0 1 0 0 1 0 0 1 -3.84643e-7 0 1 7.03927e-7 0 -3.70908e-7 0 -1 -5.24966e-7 0 -1 0 0 -1 4.23204e-7 0 -1 -0.06666332 0 0.9977756 -0.7071071 0.7071065 0 0 0.707106 0.7071076 0 0.7071042 -0.7071095 0.7071071 0.7071065 0 0 0.7071104 0.7071032 0 0.7070997 -0.7071139 0 0.105885 -0.9943784 0 -0.105885 0.9943784 1 1.62387e-7 0 0 0.1073737 0.9942188 0.999976 0.001147687 -0.006835222 0.001837909 -0.9997755 0.02110606 -0.08674627 -0.0143758 -0.9961267 -0.001838088 0.9997755 -0.02110713 0.08674567 0.01437664 0.9961268 0.999976 0.001147747 -0.006835222 0.001837968 -0.9997755 0.02110671 -0.08674627 -0.0143758 -0.9961268 -0.001838028 0.9997755 -0.02110666 0.08674567 0.01437664 0.9961267 -0.999976 0.001147568 -0.006835222 -0.001837909 -0.9997756 0.02110594 0.08674627 -0.0143758 -0.9961267 0.001838028 0.9997755 -0.02110612 -0.08674561 0.01437664 0.9961268 -0.999976 0.001147568 -0.006835222 -0.001837968 -0.9997756 0.02110666 0.001837968 0.9997755 -0.0211066 -0.08674567 0.01437664 0.9961268</float_array>
          <technique_common>
            <accessor source="#Cube_003-mesh-normals-array" count="1318" stride="3">
              <param name="X" type="float"/>
              <param name="Y" type="float"/>
              <param name="Z" type="float"/>
            </accessor>
          </technique_common>
        </source>
        <source id="Cube_003-mesh-map-0">
          <float_array id="Cube_003-mesh-map-0-array" count="10644">0.6320089 0.9945921 0.555452 0.960314 0.555452 0.9945924 0.6320089 0.8474208 0.555452 0.8819522 0.555452 0.8474208 0.6320089 0.8819522 0.555452 0.933632 0.555452 0.8819522 0.6320089 0.933632 0.555452 0.9945924 0.555452 0.933632 0.5549059 0.9963876 0.6314628 0.9354271 0.6314628 0.9963876 0.5549059 0.9354271 0.6314628 0.8837476 0.6314628 0.9354271 0.5549059 0.8837476 0.6314628 0.8492162 0.6314628 0.8837476 0.555452 0.960314 0.6320089 0.9945924 0.555452 0.9945924 0.6314628 0.9963876 0.5549059 0.9621092 0.6314628 0.9621092 0.6314628 0.8492162 0.5549059 0.8837476 0.6314628 0.8837476 0.6314628 0.8837476 0.5549059 0.9354271 0.6314628 0.9354271 0.6314628 0.9354271 0.5549059 0.9963876 0.6314628 0.9963876 0.555452 0.9945924 0.6320089 0.933632 0.555452 0.933632 0.6320089 0.933632 0.555452 0.8819522 0.555452 0.933632 0.6320089 0.8819522 0.555452 0.8474208 0.555452 0.8819522 0.5549059 0.9621092 0.6314628 0.9963876 0.6314628 0.9621092 0.5945057 0.9457311 0.5945057 0.9436205 0.5945057 0.9436205 0.626006 0.8911275 0.6114309 0.8831409 0.6186151 0.8683413 0.5703963 0.9676701 0.5723918 0.9368745 0.5775805 0.9528707 0.6186151 0.8683413 0.6036655 0.8724525 0.6075536 0.853116 0.5703963 0.9676701 0.5853458 0.963559 0.5814578 0.9828955 0.6075536 0.853116 0.5945057 0.8686992 0.5945057 0.8477696 0.5945057 0.9882419 0.6036655 0.963559 0.6075536 0.9828955 0.5814578 0.9828955 0.5945057 0.9673123 0.5945057 0.9882419 0.5814578 0.853116 0.5945057 0.8686992 0.5853458 0.8724525 0.6186151 0.9676701 0.6036655 0.963559 0.6114309 0.9528707 0.5703963 0.8683413 0.5853458 0.8724525 0.5775805 0.8831409 0.6186151 0.9676701 0.6166193 0.9368745 0.626006 0.9448841 0.5703963 0.8683413 0.5723918 0.899137 0.563005 0.8911275 0.626006 0.9448841 0.6184412 0.9180058 0.6286017 0.9180058 0.563005 0.8911275 0.5705699 0.9180058 0.5604096 0.9180058 0.626006 0.8911275 0.6184412 0.9180058 0.6166193 0.899137 0.563005 0.9448841 0.5705699 0.9180058 0.5723918 0.9368745 0.5655171 0.7317506 0.6189563 0.7317506 0.6189563 0.8132298 0.5945057 0.8902804 0.5945057 0.8923909 0.5945057 0.8923909 0.5945057 0.9436205 0.5945057 0.9376105 0.5945057 0.9376105 0.5945057 0.8923909 0.5945057 0.898401 0.5945057 0.898401 0.5945057 0.9376105 0.5945057 0.9286157 0.5945057 0.9286157 0.5945057 0.898401 0.5945057 0.9073957 0.5945057 0.9073957 0.5945057 0.9286157 0.5945057 0.9180058 0.5945057 0.9180058 0.5945057 0.9180058 0.5945057 0.9286157 0.5945057 0.9286157 0.5945057 0.9073957 0.5945057 0.9180058 0.5945057 0.9180058 0.5945057 0.9180058 0.5945057 0.9073957 0.5945057 0.9073957 0.5945057 0.9286157 0.5945057 0.9376105 0.5945057 0.9376105 0.5945057 0.9073957 0.5945057 0.898401 0.5945057 0.898401 0.5945057 0.9376105 0.5945057 0.9436205 0.5945057 0.9436205 0.5945057 0.898401 0.5945057 0.8923909 0.5945057 0.8923909 0.5945057 0.9436205 0.5945057 0.9457311 0.5945057 0.9457311 0.5945057 0.8923909 0.5945057 0.8902804 0.5945057 0.8902804 0.6066973 0.7192613 0.5573258 0.7504421 0.5777761 0.8257191 0.6320089 0.9945921 0.555452 0.960314 0.555452 0.9945924 0.6320089 0.8474208 0.555452 0.8819522 0.555452 0.8474208 0.6320089 0.8819522 0.555452 0.933632 0.555452 0.8819522 0.6320089 0.933632 0.555452 0.9945924 0.555452 0.933632 0.5549059 0.9963876 0.6314628 0.9354271 0.6314628 0.9963876 0.5549059 0.9354271 0.6314628 0.8837476 0.6314628 0.9354271 0.5549059 0.8837476 0.6314628 0.8492162 0.6314628 0.8837476 0.555452 0.960314 0.6320089 0.9945924 0.555452 0.9945924 0.6314628 0.9963876 0.5549059 0.9621092 0.6314628 0.9621092 0.6314628 0.8492162 0.5549059 0.8837476 0.6314628 0.8837476 0.6314628 0.8837476 0.5549059 0.9354271 0.6314628 0.9354271 0.6314628 0.9354271 0.5549059 0.9963876 0.6314628 0.9963876 0.555452 0.9945924 0.6320089 0.933632 0.555452 0.933632 0.555452 0.933632 0.6320089 0.8819522 0.555452 0.8819522 0.6320089 0.8819522 0.555452 0.8474208 0.555452 0.8819522 0.5549059 0.9621092 0.6314628 0.9963876 0.6314628 0.9621092 0.5945057 0.9457311 0.5945057 0.9436205 0.5945057 0.9436205 0.626006 0.8911275 0.6114309 0.8831409 0.6186151 0.8683413 0.5703963 0.9676701 0.5723918 0.9368745 0.5775805 0.9528707 0.6186151 0.8683413 0.6036655 0.8724525 0.6075536 0.853116 0.5814578 0.9828955 0.5775805 0.9528707 0.5853458 0.963559 0.6075536 0.853116 0.5945057 0.8686992 0.5945057 0.8477696 0.6075536 0.9828955 0.5945057 0.9673123 0.6036655 0.963559 0.5814578 0.9828955 0.5945057 0.9673123 0.5945057 0.9882419 0.5814578 0.853116 0.5945057 0.8686992 0.5853458 0.8724525 0.6186151 0.9676701 0.6036655 0.963559 0.6114309 0.9528707 0.5814578 0.853116 0.5775805 0.8831409 0.5703963 0.8683413 0.626006 0.9448841 0.6114309 0.9528707 0.6166193 0.9368745 0.5703963 0.8683413 0.5723918 0.899137 0.563005 0.8911275 0.626006 0.9448841 0.6184412 0.9180058 0.6286017 0.9180058 0.563005 0.8911275 0.5705699 0.9180058 0.5604096 0.9180058 0.626006 0.8911275 0.6184412 0.9180058 0.6166193 0.899137 0.563005 0.9448841 0.5705699 0.9180058 0.5723918 0.9368745 0.5655171 0.7317506 0.6189563 0.7317506 0.6189563 0.8132298 0.5945057 0.8902804 0.5945057 0.8923909 0.5945057 0.8923909 0.5945057 0.9436205 0.5945057 0.9376105 0.5945057 0.9376105 0.5945057 0.8923909 0.5945057 0.898401 0.5945057 0.898401 0.5945057 0.9376105 0.5945057 0.9286157 0.5945057 0.9286157 0.5945057 0.898401 0.5945057 0.9073957 0.5945057 0.9073957 0.5945057 0.9286157 0.5945057 0.9180058 0.5945057 0.9180058 0.5945057 0.9180058 0.5945057 0.9286157 0.5945057 0.9286157 0.5945057 0.9073957 0.5945057 0.9180058 0.5945057 0.9180058 0.5945057 0.9180058 0.5945057 0.9073957 0.5945057 0.9073957 0.5945057 0.9286157 0.5945057 0.9376105 0.5945057 0.9376105 0.5945057 0.9073957 0.5945057 0.898401 0.5945057 0.898401 0.5945057 0.9376105 0.5945057 0.9436205 0.5945057 0.9436205 0.5945057 0.898401 0.5945057 0.8923909 0.5945057 0.8923909 0.5945057 0.9436205 0.5945057 0.9457311 0.5945057 0.9457311 0.5945057 0.8923909 0.5945057 0.8902804 0.5945057 0.8902804 0.6271476 0.7945383 0.6066973 0.7192613 0.5573258 0.7504421 0.555452 0.9945924 0.6320089 0.960314 0.555452 0.960314 0.6320089 0.8474208 0.555452 0.8819522 0.555452 0.8474208 0.6320089 0.8819522 0.555452 0.933632 0.555452 0.8819522 0.6320089 0.933632 0.555452 0.9945924 0.555452 0.933632 0.5549059 0.9963876 0.6314628 0.9354271 0.6314628 0.9963876 0.5549059 0.9354271 0.6314628 0.8837476 0.6314628 0.9354271 0.5549059 0.8837476 0.6314628 0.8492162 0.6314628 0.8837476 0.6320089 0.960314 0.555452 0.9945924 0.555452 0.960314 0.5549059 0.9963876 0.6314628 0.9621092 0.6314628 0.9963876 0.6314628 0.8492162 0.5549059 0.8837476 0.6314628 0.8837476 0.6314628 0.8837476 0.5549059 0.9354271 0.6314628 0.9354271 0.6314628 0.9354271 0.5549059 0.9963876 0.6314628 0.9963876 0.555452 0.9945924 0.6320089 0.933632 0.555452 0.933632 0.555452 0.933632 0.6320089 0.8819522 0.555452 0.8819522 0.555452 0.8819522 0.6320089 0.8474208 0.555452 0.8474208 0.6314628 0.9621092 0.5549059 0.9963878 0.6314628 0.9963876 0.5945057 0.9457311 0.5945057 0.9436205 0.5945057 0.9436205 0.626006 0.8911275 0.6114309 0.8831409 0.6186151 0.8683413 0.563005 0.9448841 0.5775805 0.9528707 0.5703963 0.9676701 0.6186151 0.8683413 0.6036655 0.8724525 0.6075536 0.853116 0.5814578 0.9828955 0.5775805 0.9528707 0.5853458 0.963559 0.6075536 0.853116 0.5945057 0.8686992 0.5945057 0.8477696 0.6075536 0.9828955 0.5945057 0.9673123 0.6036655 0.963559 0.5814578 0.9828955 0.5945057 0.9673123 0.5945057 0.9882419 0.5814578 0.853116 0.5945057 0.8686992 0.5853458 0.8724525 0.6186151 0.9676701 0.6036655 0.963559 0.6114309 0.9528707 0.5814578 0.853116 0.5775805 0.8831409 0.5703963 0.8683413 0.626006 0.9448841 0.6114309 0.9528707 0.6166193 0.9368745 0.563005 0.8911275 0.5775805 0.8831409 0.5723918 0.899137 0.626006 0.9448841 0.6184412 0.9180058 0.6286017 0.9180058 0.563005 0.8911275 0.5705699 0.9180058 0.5604096 0.9180058 0.626006 0.8911275 0.6184412 0.9180058 0.6166193 0.899137 0.563005 0.9448841 0.5705699 0.9180058 0.5723918 0.9368745 0.6189563 0.8132298 0.5655171 0.8132298 0.5655171 0.7317506 0.5945057 0.8902804 0.5945057 0.8923909 0.5945057 0.8923909 0.5945057 0.9436205 0.5945057 0.9376105 0.5945057 0.9376105 0.5945057 0.8923909 0.5945057 0.898401 0.5945057 0.898401 0.5945057 0.9376105 0.5945057 0.9286157 0.5945057 0.9286157 0.5945057 0.898401 0.5945057 0.9073957 0.5945057 0.9073957 0.5945057 0.9286157 0.5945057 0.9180058 0.5945057 0.9180058 0.5945057 0.9180058 0.5945057 0.9286157 0.5945057 0.9286157 0.5945057 0.9073957 0.5945057 0.9180058 0.5945057 0.9180058 0.5945057 0.9180058 0.5945057 0.9073957 0.5945057 0.9073957 0.5945057 0.9286157 0.5945057 0.9376105 0.5945057 0.9376105 0.5945057 0.9073957 0.5945057 0.898401 0.5945057 0.898401 0.5945057 0.9376105 0.5945057 0.9436205 0.5945057 0.9436205 0.5945057 0.898401 0.5945057 0.8923909 0.5945057 0.8923909 0.5945057 0.9436205 0.5945057 0.9457311 0.5945057 0.9457311 0.5945057 0.8923909 0.5945057 0.8902804 0.5945057 0.8902804 0.6271476 0.7945383 0.6066973 0.7192613 0.5573258 0.7504421 0.6320089 0.9945921 0.555452 0.960314 0.555452 0.9945924 0.6320089 0.8474208 0.555452 0.8819522 0.555452 0.8474208 0.6320089 0.8819522 0.555452 0.933632 0.555452 0.8819522 0.6320089 0.933632 0.555452 0.9945924 0.555452 0.933632 0.5549059 0.9963876 0.6314628 0.9354271 0.6314628 0.9963876 0.5549059 0.9354271 0.6314628 0.8837476 0.6314628 0.9354271 0.5549059 0.8837476 0.6314628 0.8492162 0.6314628 0.8837476 0.555452 0.960314 0.6320089 0.9945924 0.555452 0.9945924 0.6314628 0.9963876 0.5549059 0.9621092 0.6314628 0.9621092 0.6314628 0.8492162 0.5549059 0.8837476 0.6314628 0.8837476 0.6314628 0.8837476 0.5549059 0.9354271 0.6314628 0.9354271 0.6314628 0.9354271 0.5549059 0.9963876 0.6314628 0.9963876 0.555452 0.9945924 0.6320089 0.933632 0.555452 0.933632 0.555452 0.933632 0.6320089 0.8819522 0.555452 0.8819522 0.555452 0.8819522 0.6320089 0.8474208 0.555452 0.8474208 0.5549059 0.9621092 0.6314628 0.9963876 0.6314628 0.9621092 0.5945057 0.9457311 0.5945057 0.9436205 0.5945057 0.9436205 0.626006 0.8911275 0.6114309 0.8831409 0.6186151 0.8683413 0.563005 0.9448841 0.5775805 0.9528707 0.5703963 0.9676701 0.6186151 0.8683413 0.6036655 0.8724525 0.6075536 0.853116 0.5814578 0.9828955 0.5775805 0.9528707 0.5853458 0.963559 0.6075536 0.853116 0.5945057 0.8686992 0.5945057 0.8477696 0.5945057 0.9882419 0.6036655 0.963559 0.6075536 0.9828955 0.5945057 0.9882419 0.5853458 0.963559 0.5945057 0.9673123 0.5814578 0.853116 0.5945057 0.8686992 0.5853458 0.8724525 0.6186151 0.9676701 0.6036655 0.963559 0.6114309 0.9528707 0.5814578 0.853116 0.5775805 0.8831409 0.5703963 0.8683413 0.626006 0.9448841 0.6114309 0.9528707 0.6166193 0.9368745 0.563005 0.8911275 0.5775805 0.8831409 0.5723918 0.899137 0.626006 0.9448841 0.6184412 0.9180058 0.6286017 0.9180058 0.563005 0.8911275 0.5705699 0.9180058 0.5604096 0.9180058 0.626006 0.8911275 0.6184412 0.9180058 0.6166193 0.899137 0.563005 0.9448841 0.5705699 0.9180058 0.5723918 0.9368745 0.5655171 0.7317506 0.6189563 0.7317506 0.6189563 0.8132298 0.5945057 0.8902804 0.5945057 0.8923909 0.5945057 0.8923909 0.5945057 0.9436205 0.5945057 0.9376105 0.5945057 0.9376105 0.5945057 0.8923909 0.5945057 0.898401 0.5945057 0.898401 0.5945057 0.9376105 0.5945057 0.9286157 0.5945057 0.9286157 0.5945057 0.898401 0.5945057 0.9073957 0.5945057 0.9073957 0.5945057 0.9286157 0.5945057 0.9180058 0.5945057 0.9180058 0.5945057 0.9180058 0.5945057 0.9286157 0.5945057 0.9286157 0.5945057 0.9073957 0.5945057 0.9180058 0.5945057 0.9180058 0.5945057 0.9180058 0.5945057 0.9073957 0.5945057 0.9073957 0.5945057 0.9286157 0.5945057 0.9376105 0.5945057 0.9376105 0.5945057 0.9073957 0.5945057 0.898401 0.5945057 0.898401 0.5945057 0.9376105 0.5945057 0.9436205 0.5945057 0.9436205 0.5945057 0.898401 0.5945057 0.8923909 0.5945057 0.8923909 0.5945057 0.9436205 0.5945057 0.9457311 0.5945057 0.9457311 0.5945057 0.8923909 0.5945057 0.8902804 0.5945057 0.8902804 0.6271476 0.7945383 0.6066973 0.7192613 0.5573258 0.7504421 0.6320089 0.9945921 0.555452 0.960314 0.555452 0.9945924 0.6320089 0.8474208 0.555452 0.8819522 0.555452 0.8474208 0.6320089 0.8819522 0.555452 0.933632 0.555452 0.8819522 0.6320089 0.933632 0.555452 0.9945924 0.555452 0.933632 0.5549059 0.9963876 0.6314628 0.9354271 0.6314628 0.9963876 0.5549059 0.9354271 0.6314628 0.8837476 0.6314628 0.9354271 0.5549059 0.8837476 0.6314628 0.8492162 0.6314628 0.8837476 0.6320089 0.960314 0.555452 0.9945924 0.555452 0.960314 0.5549059 0.9963876 0.6314628 0.9621092 0.6314628 0.9963876 0.6314628 0.8492162 0.5549059 0.8837476 0.6314628 0.8837476 0.6314628 0.8837476 0.5549059 0.9354271 0.6314628 0.9354271 0.6314628 0.9354271 0.5549059 0.9963876 0.6314628 0.9963876 0.555452 0.9945924 0.6320089 0.933632 0.555452 0.933632 0.555452 0.933632 0.6320089 0.8819522 0.555452 0.8819522 0.555452 0.8819522 0.6320089 0.8474208 0.555452 0.8474208 0.6314628 0.9621092 0.5549059 0.9963878 0.6314628 0.9963876 0.5945057 0.9457311 0.5945057 0.9436205 0.5945057 0.9436205 0.626006 0.8911275 0.6114309 0.8831409 0.6186151 0.8683413 0.563005 0.9448841 0.5775805 0.9528707 0.5703963 0.9676701 0.6186151 0.8683413 0.6036655 0.8724525 0.6075536 0.853116 0.5814578 0.9828955 0.5775805 0.9528707 0.5853458 0.963559 0.6075536 0.853116 0.5945057 0.8686992 0.5945057 0.8477696 0.6075536 0.9828955 0.5945057 0.9673123 0.6036655 0.963559 0.5814578 0.9828955 0.5945057 0.9673123 0.5945057 0.9882419 0.5814578 0.853116 0.5945057 0.8686992 0.5853458 0.8724525 0.6186151 0.9676701 0.6036655 0.963559 0.6114309 0.9528707 0.5814578 0.853116 0.5775805 0.8831409 0.5703963 0.8683413 0.626006 0.9448841 0.6114309 0.9528707 0.6166193 0.9368745 0.563005 0.8911275 0.5775805 0.8831409 0.5723918 0.899137 0.626006 0.9448841 0.6184412 0.9180058 0.6286017 0.9180058 0.563005 0.8911275 0.5705699 0.9180058 0.5604096 0.9180058 0.626006 0.8911275 0.6184412 0.9180058 0.6166193 0.899137 0.563005 0.9448841 0.5705699 0.9180058 0.5723918 0.9368745 0.5655171 0.7317506 0.6189563 0.7317506 0.6189563 0.8132298 0.5945057 0.8902804 0.5945057 0.8923909 0.5945057 0.8923909 0.5945057 0.9436205 0.5945057 0.9376105 0.5945057 0.9376105 0.5945057 0.8923909 0.5945057 0.898401 0.5945057 0.898401 0.5945057 0.9376105 0.5945057 0.9286157 0.5945057 0.9286157 0.5945057 0.898401 0.5945057 0.9073957 0.5945057 0.9073957 0.5945057 0.9286157 0.5945057 0.9180058 0.5945057 0.9180058 0.5945057 0.9180058 0.5945057 0.9286157 0.5945057 0.9286157 0.5945057 0.9073957 0.5945057 0.9180058 0.5945057 0.9180058 0.5945057 0.9180058 0.5945057 0.9073957 0.5945057 0.9073957 0.5945057 0.9286157 0.5945057 0.9376105 0.5945057 0.9376105 0.5945057 0.9073957 0.5945057 0.898401 0.5945057 0.898401 0.5945057 0.9376105 0.5945057 0.9436205 0.5945057 0.9436205 0.5945057 0.898401 0.5945057 0.8923909 0.5945057 0.8923909 0.5945057 0.9436205 0.5945057 0.9457311 0.5945057 0.9457311 0.5945057 0.8923909 0.5945057 0.8902804 0.5945057 0.8902804 0.6271476 0.7945383 0.6066973 0.7192613 0.5573258 0.7504421 0.555452 0.960314 0.6320089 0.9945921 0.555452 0.9945924 0.555452 0.8819522 0.6320089 0.8474208 0.555452 0.8474208 0.555452 0.933632 0.6320089 0.8819522 0.555452 0.8819522 0.555452 0.9945924 0.6320089 0.933632 0.555452 0.933632 0.6314628 0.9354271 0.5549059 0.9963876 0.6314628 0.9963876 0.6314628 0.8837476 0.5549059 0.9354271 0.6314628 0.9354271 0.6314628 0.8492162 0.5549059 0.8837476 0.6314628 0.8837476 0.555452 0.960314 0.6320089 0.9945924 0.6320089 0.960314 0.6314628 0.9963876 0.5549059 0.9621092 0.5549059 0.9963876 0.6314628 0.8492162 0.5549059 0.8837476 0.5549059 0.8492162 0.6314628 0.8837476 0.5549059 0.9354271 0.5549059 0.8837476 0.6314628 0.9354271 0.5549059 0.9963876 0.5549059 0.9354271 0.555452 0.9945924 0.6320089 0.933632 0.6320089 0.9945924 0.555452 0.8819522 0.6320089 0.933632 0.555452 0.933632 0.555452 0.8474208 0.6320089 0.8819522 0.555452 0.8819522 0.6314628 0.9963876 0.5549059 0.9621092 0.6314628 0.9621092 0.5945057 0.9436205 0.5945057 0.9457311 0.5945057 0.9436205 0.6114309 0.8831409 0.626006 0.8911275 0.6186151 0.8683413 0.5703963 0.9676701 0.5723918 0.9368745 0.563005 0.9448841 0.6036655 0.8724525 0.6186151 0.8683413 0.6075536 0.853116 0.5853458 0.963559 0.5703963 0.9676701 0.5814578 0.9828955 0.5945057 0.8686992 0.6075536 0.853116 0.5945057 0.8477696 0.6036655 0.963559 0.5945057 0.9882419 0.6075536 0.9828955 0.5945057 0.9673123 0.5814578 0.9828955 0.5945057 0.9882419 0.5814578 0.853116 0.5945057 0.8686992 0.5945057 0.8477696 0.6186151 0.9676701 0.6036655 0.963559 0.6075536 0.9828955 0.5703963 0.8683413 0.5853458 0.8724525 0.5814578 0.853116 0.6166193 0.9368745 0.6186151 0.9676701 0.626006 0.9448841 0.5723918 0.899137 0.5703963 0.8683413 0.563005 0.8911275 0.6184412 0.9180058 0.626006 0.9448841 0.6286017 0.9180058 0.5705699 0.9180058 0.563005 0.8911275 0.5604096 0.9180058 0.626006 0.8911275 0.6184412 0.9180058 0.6286017 0.9180058 0.563005 0.9448841 0.5705699 0.9180058 0.5604096 0.9180058 0.5655171 0.7317506 0.5544494 0.7724902 0.5922367 0.8301048 0.5945057 0.8923909 0.5945057 0.8902804 0.5945057 0.8923909 0.5945057 0.9376105 0.5945057 0.9436205 0.5945057 0.9376105 0.5945057 0.898401 0.5945057 0.8923909 0.5945057 0.898401 0.5945057 0.9286157 0.5945057 0.9376105 0.5945057 0.9286157 0.5945057 0.9073957 0.5945057 0.898401 0.5945057 0.9073957 0.5945057 0.9180058 0.5945057 0.9286157 0.5945057 0.9180058 0.5945057 0.9286157 0.5945057 0.9180058 0.5945057 0.9286157 0.5945057 0.9180058 0.5945057 0.9073957 0.5945057 0.9180058 0.5945057 0.9073957 0.5945057 0.9180058 0.5945057 0.9073957 0.5945057 0.9376105 0.5945057 0.9286157 0.5945057 0.9376105 0.5945057 0.898401 0.5945057 0.9073957 0.5945057 0.898401 0.5945057 0.9436205 0.5945057 0.9376105 0.5945057 0.9436205 0.5945057 0.8923909 0.5945057 0.898401 0.5945057 0.8923909 0.5945057 0.9457311 0.5945057 0.9436205 0.5945057 0.9457311 0.5945057 0.8902804 0.5945057 0.8923909 0.5945057 0.8902804 0.6271476 0.7945383 0.6066973 0.8257191 0.5777761 0.7192613 0.555452 0.960314 0.6320089 0.9945921 0.555452 0.9945924 0.555452 0.8819522 0.6320089 0.8474208 0.555452 0.8474208 0.555452 0.933632 0.6320089 0.8819522 0.555452 0.8819522 0.555452 0.9945924 0.6320089 0.933632 0.555452 0.933632 0.6314628 0.9354271 0.5549059 0.9963876 0.6314628 0.9963876 0.6314628 0.8837476 0.5549059 0.9354271 0.6314628 0.9354271 0.6314628 0.8492162 0.5549059 0.8837476 0.6314628 0.8837476 0.555452 0.960314 0.6320089 0.9945924 0.6320089 0.960314 0.6314628 0.9963876 0.5549059 0.9621092 0.5549059 0.9963876 0.6314628 0.8492162 0.5549059 0.8837476 0.5549059 0.8492162 0.6314628 0.8837476 0.5549059 0.9354271 0.5549059 0.8837476 0.6314628 0.9354271 0.5549059 0.9963876 0.5549059 0.9354271 0.555452 0.9945924 0.6320089 0.933632 0.6320089 0.9945924 0.555452 0.933632 0.6320089 0.8819522 0.6320089 0.933632 0.555452 0.8474208 0.6320089 0.8819522 0.555452 0.8819522 0.6314628 0.9963876 0.5549059 0.9621092 0.6314628 0.9621092 0.5945057 0.9436205 0.5945057 0.9457311 0.5945057 0.9436205 0.6114309 0.8831409 0.626006 0.8911275 0.6186151 0.8683413 0.5703963 0.9676701 0.5723918 0.9368745 0.563005 0.9448841 0.6036655 0.8724525 0.6186151 0.8683413 0.6075536 0.853116 0.5814578 0.9828955 0.5775805 0.9528707 0.5703963 0.9676701 0.5945057 0.8686992 0.6075536 0.853116 0.5945057 0.8477696 0.6075536 0.9828955 0.5945057 0.9673123 0.5945057 0.9882419 0.5945057 0.9673123 0.5814578 0.9828955 0.5945057 0.9882419 0.5814578 0.853116 0.5945057 0.8686992 0.5945057 0.8477696 0.6186151 0.9676701 0.6036655 0.963559 0.6075536 0.9828955 0.5775805 0.8831409 0.5814578 0.853116 0.5703963 0.8683413 0.626006 0.9448841 0.6114309 0.9528707 0.6186151 0.9676701 0.5723918 0.899137 0.5703963 0.8683413 0.563005 0.8911275 0.6184412 0.9180058 0.626006 0.9448841 0.6286017 0.9180058 0.5705699 0.9180058 0.563005 0.8911275 0.5604096 0.9180058 0.626006 0.8911275 0.6184412 0.9180058 0.6286017 0.9180058 0.563005 0.9448841 0.5705699 0.9180058 0.5604096 0.9180058 0.5655171 0.8132298 0.5922367 0.8301048 0.5922367 0.7148756 0.5945057 0.8923909 0.5945057 0.8902804 0.5945057 0.8923909 0.5945057 0.9376105 0.5945057 0.9436205 0.5945057 0.9376105 0.5945057 0.898401 0.5945057 0.8923909 0.5945057 0.898401 0.5945057 0.9286157 0.5945057 0.9376105 0.5945057 0.9286157 0.5945057 0.9073957 0.5945057 0.898401 0.5945057 0.9073957 0.5945057 0.9180058 0.5945057 0.9286157 0.5945057 0.9180058 0.5945057 0.9286157 0.5945057 0.9180058 0.5945057 0.9286157 0.5945057 0.9180058 0.5945057 0.9073957 0.5945057 0.9180058 0.5945057 0.9073957 0.5945057 0.9180058 0.5945057 0.9073957 0.5945057 0.9376105 0.5945057 0.9286157 0.5945057 0.9376105 0.5945057 0.898401 0.5945057 0.9073957 0.5945057 0.898401 0.5945057 0.9436205 0.5945057 0.9376105 0.5945057 0.9436205 0.5945057 0.8923909 0.5945057 0.898401 0.5945057 0.8923909 0.5945057 0.9457311 0.5945057 0.9436205 0.5945057 0.9457311 0.5945057 0.8902804 0.5945057 0.8923909 0.5945057 0.8902804 0.5777761 0.7192613 0.6271476 0.7504421 0.6066973 0.8257191 0.555452 0.9945924 0.6320089 0.960314 0.6320089 0.9945921 0.555452 0.8819522 0.6320089 0.8474208 0.555452 0.8474208 0.555452 0.933632 0.6320089 0.8819522 0.555452 0.8819522 0.555452 0.9945924 0.6320089 0.933632 0.555452 0.933632 0.6314628 0.9354271 0.5549059 0.9963876 0.6314628 0.9963876 0.6314628 0.8837476 0.5549059 0.9354271 0.6314628 0.9354271 0.6314628 0.8492162 0.5549059 0.8837476 0.6314628 0.8837476 0.555452 0.9945924 0.6320089 0.960314 0.555452 0.960314 0.6314628 0.9621092 0.5549059 0.9963876 0.6314628 0.9963876 0.6314628 0.8492162 0.5549059 0.8837476 0.5549059 0.8492162 0.6314628 0.8837476 0.5549059 0.9354271 0.5549059 0.8837476 0.6314628 0.9354271 0.5549059 0.9963876 0.5549059 0.9354271 0.555452 0.9945924 0.6320089 0.933632 0.6320089 0.9945924 0.555452 0.933632 0.6320089 0.8819522 0.6320089 0.933632 0.555452 0.8819522 0.6320089 0.8474208 0.6320089 0.8819522 0.6314628 0.9621092 0.5549059 0.9963878 0.5549059 0.9621092 0.5945057 0.9436205 0.5945057 0.9457311 0.5945057 0.9436205 0.6114309 0.8831409 0.626006 0.8911275 0.6186151 0.8683413 0.5775805 0.9528707 0.563005 0.9448841 0.5703963 0.9676701 0.6036655 0.8724525 0.6186151 0.8683413 0.6075536 0.853116 0.5814578 0.9828955 0.5775805 0.9528707 0.5703963 0.9676701 0.5945057 0.8686992 0.6075536 0.853116 0.5945057 0.8477696 0.6075536 0.9828955 0.5945057 0.9673123 0.5945057 0.9882419 0.5945057 0.9673123 0.5814578 0.9828955 0.5945057 0.9882419 0.5814578 0.853116 0.5945057 0.8686992 0.5945057 0.8477696 0.6186151 0.9676701 0.6036655 0.963559 0.6075536 0.9828955 0.5775805 0.8831409 0.5814578 0.853116 0.5703963 0.8683413 0.626006 0.9448841 0.6114309 0.9528707 0.6186151 0.9676701 0.563005 0.8911275 0.5775805 0.8831409 0.5703963 0.8683413 0.6184412 0.9180058 0.626006 0.9448841 0.6286017 0.9180058 0.5705699 0.9180058 0.563005 0.8911275 0.5604096 0.9180058 0.626006 0.8911275 0.6184412 0.9180058 0.6286017 0.9180058 0.563005 0.9448841 0.5705699 0.9180058 0.5604096 0.9180058 0.630024 0.7724902 0.5922367 0.7148756 0.5544494 0.7724902 0.5945057 0.8923909 0.5945057 0.8902804 0.5945057 0.8923909 0.5945057 0.9376105 0.5945057 0.9436205 0.5945057 0.9376105 0.5945057 0.898401 0.5945057 0.8923909 0.5945057 0.898401 0.5945057 0.9286157 0.5945057 0.9376105 0.5945057 0.9286157 0.5945057 0.9073957 0.5945057 0.898401 0.5945057 0.9073957 0.5945057 0.9180058 0.5945057 0.9286157 0.5945057 0.9180058 0.5945057 0.9286157 0.5945057 0.9180058 0.5945057 0.9286157 0.5945057 0.9180058 0.5945057 0.9073957 0.5945057 0.9180058 0.5945057 0.9073957 0.5945057 0.9180058 0.5945057 0.9073957 0.5945057 0.9376105 0.5945057 0.9286157 0.5945057 0.9376105 0.5945057 0.898401 0.5945057 0.9073957 0.5945057 0.898401 0.5945057 0.9436205 0.5945057 0.9376105 0.5945057 0.9436205 0.5945057 0.8923909 0.5945057 0.898401 0.5945057 0.8923909 0.5945057 0.9457311 0.5945057 0.9436205 0.5945057 0.9457311 0.5945057 0.8902804 0.5945057 0.8923909 0.5945057 0.8902804 0.5573258 0.7945383 0.5777761 0.7192613 0.6271476 0.7504421 0.555452 0.960314 0.6320089 0.9945921 0.555452 0.9945924 0.555452 0.8819522 0.6320089 0.8474208 0.555452 0.8474208 0.555452 0.933632 0.6320089 0.8819522 0.555452 0.8819522 0.555452 0.9945924 0.6320089 0.933632 0.555452 0.933632 0.6314628 0.9354271 0.5549059 0.9963876 0.6314628 0.9963876 0.6314628 0.8837476 0.5549059 0.9354271 0.6314628 0.9354271 0.6314628 0.8492162 0.5549059 0.8837476 0.6314628 0.8837476 0.555452 0.960314 0.6320089 0.9945924 0.6320089 0.960314 0.6314628 0.9963876 0.5549059 0.9621092 0.5549059 0.9963876 0.6314628 0.8492162 0.5549059 0.8837476 0.5549059 0.8492162 0.6314628 0.8837476 0.5549059 0.9354271 0.5549059 0.8837476 0.6314628 0.9354271 0.5549059 0.9963876 0.5549059 0.9354271 0.555452 0.9945924 0.6320089 0.933632 0.6320089 0.9945924 0.555452 0.933632 0.6320089 0.8819522 0.6320089 0.933632 0.555452 0.8819522 0.6320089 0.8474208 0.6320089 0.8819522 0.6314628 0.9963876 0.5549059 0.9621092 0.6314628 0.9621092 0.5945057 0.9436205 0.5945057 0.9457311 0.5945057 0.9436205 0.6114309 0.8831409 0.626006 0.8911275 0.6186151 0.8683413 0.5775805 0.9528707 0.563005 0.9448841 0.5703963 0.9676701 0.6036655 0.8724525 0.6186151 0.8683413 0.6075536 0.853116 0.5814578 0.9828955 0.5775805 0.9528707 0.5703963 0.9676701 0.5945057 0.8686992 0.6075536 0.853116 0.5945057 0.8477696 0.6036655 0.963559 0.5945057 0.9882419 0.6075536 0.9828955 0.5945057 0.9882419 0.5853458 0.963559 0.5814578 0.9828955 0.5814578 0.853116 0.5945057 0.8686992 0.5945057 0.8477696 0.6186151 0.9676701 0.6036655 0.963559 0.6075536 0.9828955 0.5775805 0.8831409 0.5814578 0.853116 0.5703963 0.8683413 0.626006 0.9448841 0.6114309 0.9528707 0.6186151 0.9676701 0.563005 0.8911275 0.5775805 0.8831409 0.5703963 0.8683413 0.6184412 0.9180058 0.626006 0.9448841 0.6286017 0.9180058 0.5705699 0.9180058 0.563005 0.8911275 0.5604096 0.9180058 0.626006 0.8911275 0.6184412 0.9180058 0.6286017 0.9180058 0.563005 0.9448841 0.5705699 0.9180058 0.5604096 0.9180058 0.5655171 0.7317506 0.5544494 0.7724902 0.5922367 0.8301048 0.5945057 0.8923909 0.5945057 0.8902804 0.5945057 0.8923909 0.5945057 0.9376105 0.5945057 0.9436205 0.5945057 0.9376105 0.5945057 0.898401 0.5945057 0.8923909 0.5945057 0.898401 0.5945057 0.9286157 0.5945057 0.9376105 0.5945057 0.9286157 0.5945057 0.9073957 0.5945057 0.898401 0.5945057 0.9073957 0.5945057 0.9180058 0.5945057 0.9286157 0.5945057 0.9180058 0.5945057 0.9286157 0.5945057 0.9180058 0.5945057 0.9286157 0.5945057 0.9180058 0.5945057 0.9073957 0.5945057 0.9180058 0.5945057 0.9073957 0.5945057 0.9180058 0.5945057 0.9073957 0.5945057 0.9376105 0.5945057 0.9286157 0.5945057 0.9376105 0.5945057 0.898401 0.5945057 0.9073957 0.5945057 0.898401 0.5945057 0.9436205 0.5945057 0.9376105 0.5945057 0.9436205 0.5945057 0.8923909 0.5945057 0.898401 0.5945057 0.8923909 0.5945057 0.9457311 0.5945057 0.9436205 0.5945057 0.9457311 0.5945057 0.8902804 0.5945057 0.8923909 0.5945057 0.8902804 0.5573258 0.7945383 0.5777761 0.7192613 0.6271476 0.7504421 0.555452 0.960314 0.6320089 0.9945921 0.555452 0.9945924 0.555452 0.8819522 0.6320089 0.8474208 0.555452 0.8474208 0.555452 0.933632 0.6320089 0.8819522 0.555452 0.8819522 0.555452 0.9945924 0.6320089 0.933632 0.555452 0.933632 0.6314628 0.9354271 0.5549059 0.9963876 0.6314628 0.9963876 0.6314628 0.8837476 0.5549059 0.9354271 0.6314628 0.9354271 0.6314628 0.8492162 0.5549059 0.8837476 0.6314628 0.8837476 0.555452 0.9945924 0.6320089 0.960314 0.555452 0.960314 0.6314628 0.9621092 0.5549059 0.9963876 0.6314628 0.9963876 0.6314628 0.8492162 0.5549059 0.8837476 0.5549059 0.8492162 0.6314628 0.8837476 0.5549059 0.9354271 0.5549059 0.8837476 0.6314628 0.9354271 0.5549059 0.9963876 0.5549059 0.9354271 0.555452 0.9945924 0.6320089 0.933632 0.6320089 0.9945924 0.555452 0.933632 0.6320089 0.8819522 0.6320089 0.933632 0.555452 0.8819522 0.6320089 0.8474208 0.6320089 0.8819522 0.6314628 0.9621092 0.5549059 0.9963878 0.5549059 0.9621092 0.5945057 0.9436205 0.5945057 0.9457311 0.5945057 0.9436205 0.6114309 0.8831409 0.626006 0.8911275 0.6186151 0.8683413 0.5775805 0.9528707 0.563005 0.9448841 0.5703963 0.9676701 0.6036655 0.8724525 0.6186151 0.8683413 0.6075536 0.853116 0.5814578 0.9828955 0.5775805 0.9528707 0.5703963 0.9676701 0.5945057 0.8686992 0.6075536 0.853116 0.5945057 0.8477696 0.6075536 0.9828955 0.5945057 0.9673123 0.5945057 0.9882419 0.5945057 0.9673123 0.5814578 0.9828955 0.5945057 0.9882419 0.5814578 0.853116 0.5945057 0.8686992 0.5945057 0.8477696 0.6186151 0.9676701 0.6036655 0.963559 0.6075536 0.9828955 0.5775805 0.8831409 0.5814578 0.853116 0.5703963 0.8683413 0.626006 0.9448841 0.6114309 0.9528707 0.6186151 0.9676701 0.563005 0.8911275 0.5775805 0.8831409 0.5703963 0.8683413 0.6184412 0.9180058 0.626006 0.9448841 0.6286017 0.9180058 0.5705699 0.9180058 0.563005 0.8911275 0.5604096 0.9180058 0.626006 0.8911275 0.6184412 0.9180058 0.6286017 0.9180058 0.563005 0.9448841 0.5705699 0.9180058 0.5604096 0.9180058 0.5544494 0.7724902 0.5655171 0.8132298 0.5922367 0.8301048 0.5945057 0.8923909 0.5945057 0.8902804 0.5945057 0.8923909 0.5945057 0.9376105 0.5945057 0.9436205 0.5945057 0.9376105 0.5945057 0.898401 0.5945057 0.8923909 0.5945057 0.898401 0.5945057 0.9286157 0.5945057 0.9376105 0.5945057 0.9286157 0.5945057 0.9073957 0.5945057 0.898401 0.5945057 0.9073957 0.5945057 0.9180058 0.5945057 0.9286157 0.5945057 0.9180058 0.5945057 0.9286157 0.5945057 0.9180058 0.5945057 0.9286157 0.5945057 0.9180058 0.5945057 0.9073957 0.5945057 0.9180058 0.5945057 0.9073957 0.5945057 0.9180058 0.5945057 0.9073957 0.5945057 0.9376105 0.5945057 0.9286157 0.5945057 0.9376105 0.5945057 0.898401 0.5945057 0.9073957 0.5945057 0.898401 0.5945057 0.9436205 0.5945057 0.9376105 0.5945057 0.9436205 0.5945057 0.8923909 0.5945057 0.898401 0.5945057 0.8923909 0.5945057 0.9457311 0.5945057 0.9436205 0.5945057 0.9457311 0.5945057 0.8902804 0.5945057 0.8923909 0.5945057 0.8902804 0.5777761 0.7192613 0.6271476 0.7504421 0.6066973 0.8257191 0.3760738 0.3605551 0.4359489 0.2765182 0.3760738 0.2765182 0.1657854 0.6852304 0.01441127 0.7015911 0.01441127 0.6852304 0.5081025 0.8693769 0.456372 0.7045079 0.5081025 0.7045079 0.1828708 0.8820666 0.01208096 0.7101578 0.1828708 0.7101578 0.1822552 0.9057173 0.0114656 0.7101578 0.1822552 0.7101578 0.1792086 0.9057173 0.008418977 0.7101578 0.1792086 0.7101578 0.178593 0.7101578 0.00780338 0.8899501 0.00780338 0.7101578 0.4685339 0.6852304 0.3171597 0.8753947 0.3171597 0.6852304 0.3171597 0.6852304 0.1657854 0.8189478 0.1657854 0.6852304 0.545277 0.7978431 0.5081025 0.7045079 0.545277 0.7045079 0.3161986 0.3605551 0.3760738 0.4249626 0.3760738 0.3605551 0.1649863 0.864325 0.1454158 0.9951219 0.1649863 0.9951219 0.1183289 0.864325 0.0865491 0.9951219 0.1183289 0.9951219 0.1501086 0.864325 0.1183289 0.9951219 0.1501086 0.9951219 0.1818884 0.864325 0.1501086 0.9951219 0.1818884 0.9951219 0.2136681 0.864325 0.1818884 0.9951219 0.2136681 0.9951219 0.2454478 0.864325 0.2136681 0.9951219 0.2454478 0.9951219 0.2772276 0.864325 0.2454478 0.9951219 0.2772276 0.9951219 0.3758755 0.5702458 0.4528114 0.4965489 0.4528114 0.5702458 0.1652857 0.3100747 0.08722364 0.2768678 0.08722364 0.3100747 0.2433479 0.3100747 0.1652857 0.2768678 0.1652857 0.3100747 0.08351343 0.2768679 0.005451261 0.3100747 0.08351343 0.3100747 0.1615758 0.2768679 0.08351343 0.3100747 0.1615758 0.3100747 0.2396378 0.2768679 0.1615758 0.3100747 0.2396378 0.3100747 0.3177001 0.2768679 0.2396378 0.3100747 0.3177001 0.3100747 0.3547796 0.2768679 0.3177001 0.3100747 0.3547796 0.3100747 0.1608809 0.5108523 0.1075319 0.63611 0.1608809 0.63611 0.3920094 0.6448754 0.2760687 0.8108702 0.2760687 0.6448754 0.4374633 0.9084083 0.331708 0.8859143 0.4374633 0.8859143 0.3161986 0.2765182 0.3161986 0.2117502 0.3161986 0.2765182 0.4374633 0.8859143 0.331708 0.8057156 0.4374633 0.8057156 0.3161986 0.2765182 0.3760738 0.2117501 0.3161986 0.2117502 0.5432185 0.8859143 0.4374633 0.8057156 0.5432185 0.8057156 0.5432185 0.9084083 0.4374633 0.8859143 0.5432185 0.8859143 0.1608809 0.5108523 0.2142299 0.63611 0.21423 0.5108523 0.3547796 0.3100747 0.3177001 0.3432815 0.3547796 0.3432815 0.3177001 0.3100747 0.2396378 0.3432815 0.3177001 0.3432815 0.2396378 0.3100747 0.1615756 0.3432815 0.2396378 0.3432815 0.1615758 0.3100747 0.08351343 0.3432815 0.1615756 0.3432815 0.08351343 0.3100747 0.005451261 0.3432815 0.08351343 0.3432815 0.2433479 0.3100747 0.1652857 0.3432815 0.2433479 0.3432815 0.1652857 0.3100747 0.08722364 0.3432815 0.1652857 0.3432815 0.3760738 0.3605551 0.4359489 0.4249626 0.4359489 0.3605551 0.2177367 0.5176108 0.1119814 0.3834782 0.1119814 0.5176109 0.2177367 0.1978295 0.1119814 -0.01998293 0.1119814 0.1978295 0.2177367 0.415642 0.1119814 0.1978295 0.1119814 0.415642 0.2177367 0.6334545 0.1119814 0.415642 0.1119814 0.6334545 0.2177367 0.851267 0.1119814 0.6334545 0.1119814 0.851267 0.2177367 1.069079 0.1119814 0.851267 0.1119814 1.069079 0.2177367 1.286892 0.1119814 1.069079 0.1119814 1.286892 0.1119814 1.390353 0.2177367 1.286892 0.1119814 1.286892 0.4467195 0.7039789 0.3920094 0.8108702 0.3920094 0.6448754 0.3161986 0.3605551 0.3760738 0.2765182 0.3161986 0.2765182 0.2367691 0.6044279 0.2367691 0.5256848 0.3436987 0.6044279 0.3234919 0.6320081 0.2177367 0.5605898 0.2177367 0.6320081 0.331708 0.8859143 0.1075935 0.8057156 0.331708 0.8057156 0.331708 0.9225397 0.1075935 0.8859143 0.331708 0.8859143 0.08722364 0.2064965 0.009161412 0.2768678 0.08722364 0.2768678 0.3547796 0.2064965 0.3177001 0.2768679 0.3547796 0.2768679 0.3177001 0.2064965 0.2396378 0.2768679 0.3177001 0.2768679 0.2396378 0.2064965 0.1615758 0.2768679 0.2396378 0.2768679 0.1615758 0.2064965 0.08351343 0.2768679 0.1615758 0.2768679 0.08351343 0.2064965 0.005451261 0.2768678 0.08351343 0.2768679 0.2433479 0.2064965 0.1652857 0.2768678 0.2433479 0.2768678 0.1652857 0.2064965 0.08722364 0.2768678 0.1652857 0.2768678 0.1156687 0.8633041 0.3736321 0.9942465 0.3736321 0.8633041 0.6389164 0.006275594 0.5478012 0.1205437 0.6389164 0.1205437 0.3177001 0.2064965 0.2396378 0.2064965 0.3177001 0.2064965 0.2685465 0.526221 0.3687077 0.5729916 0.2685465 0.5729916 0.2396378 0.2768679 0.3177001 0.2768679 0.3177001 0.2768679 0.3177001 0.2768679 0.3177001 0.2064965 0.3177001 0.2768679 0.5290476 0.4210758 0.5290476 0.4210758 0.5290476 0.3638406 0.3754574 0.6471814 0.3082353 0.6813907 0.3258495 0.6813907 0.5 0.5164062 0.5 0.5 0.5 0.5 0.331708 0.8859143 0.4374633 0.9084083 0.4374633 0.8859143 0.6190931 0.2368525 0.5493404 0.2031489 0.6190931 0.2031489 0.4374633 0.9084083 0.4374633 0.8859143 0.4374633 0.8859143 0.331708 0.8859143 0.331708 0.9225397 0.331708 0.9225397 0.4374633 0.8859143 0.331708 0.8859143 0.331708 0.8859143 0.331708 0.9225397 0.4374633 0.9084083 0.4374633 0.9084083 0 0 0 0 0 0 -0.112133 0.5176109 0.1119814 0.5176109 0.1119814 0.5176109 0.005252182 0.6382712 0.2126414 0.5236674 0.005252182 0.5236674 0.3161986 0.2765182 0.3161986 0.3605551 0.3161986 0.3605551 0.005252182 0.5236674 0.2126414 0.4363648 0.005252182 0.4363648 0 0 0 0 0 0 0.3275286 0.5165792 0.2297638 0.5201383 0.3275286 0.5201383 0.2275772 0.5818287 0.2297638 0.6280778 0.2297638 0.5818287 0.2275772 0.5818287 0.2297638 0.5201383 0.2275726 0.5165892 0.3275286 0.631637 0.2297638 0.6280778 0.2275726 0.6316269 0.1893123 0.3605551 0.3161986 0.3605551 0.1893123 0.3605551 0.4359489 0.2765182 0.3760738 0.3605551 0.3760738 0.2765182 0.1657854 0.6852304 0.01441127 0.7015911 0.1657854 0.8189478 0.456372 0.7045079 0.5081025 0.8693769 0.5081025 0.7045079 0.01208096 0.7101578 0.1828708 0.8820666 0.1828708 0.7101578 0.0114656 0.7101578 0.1822552 0.9057173 0.1822552 0.7101578 0.008418977 0.7101578 0.1792086 0.9057173 0.1792086 0.7101578 0.178593 0.7101578 0.00780338 0.8899501 0.178593 0.9057173 0.4685339 0.6852304 0.3171597 0.8753947 0.4685339 0.8997847 0.3171597 0.6852304 0.1657854 0.8189478 0.3171597 0.8753947 0.5081025 0.7045079 0.545277 0.7978431 0.545277 0.7045079 0.3760738 0.4249626 0.3161986 0.3605551 0.3760738 0.3605551 0.2489446 0.989385 0.2744655 0.8646123 0.2744655 0.989385 0.0865491 0.9951219 0.1183289 0.864325 0.1183289 0.9951219 0.1183289 0.9951219 0.1501086 0.864325 0.1501086 0.9951219 0.1501086 0.9951219 0.1818884 0.864325 0.1818884 0.9951219 0.1818884 0.9951219 0.2136681 0.864325 0.2136681 0.9951219 0.2136681 0.9951219 0.2454478 0.864325 0.2454478 0.9951219 0.2454478 0.9951219 0.2772276 0.864325 0.2772276 0.9951219 0.4528114 0.4965489 0.5297478 0.5702458 0.4528114 0.5702458 0.1652857 0.3100747 0.08722364 0.2768678 0.1652857 0.2768678 0.2433479 0.3100747 0.1652857 0.2768678 0.2433479 0.2768678 0.005451261 0.3100747 0.08351343 0.2768679 0.08351343 0.3100747 0.08351343 0.3100747 0.1615758 0.2768679 0.1615758 0.3100747 0.1615758 0.3100747 0.2396378 0.2768679 0.2396378 0.3100747 0.2396378 0.3100747 0.3177001 0.2768679 0.3177001 0.3100747 0.3177001 0.3100747 0.3547796 0.2768679 0.3547796 0.3100747 0.1608809 0.5108523 0.1075319 0.63611 0.1075319 0.5108523 0.2760687 0.8108702 0.1601279 0.6448754 0.2760687 0.6448754 0.331708 0.8859143 0.4374633 0.9084083 0.4374633 0.8859143 0.3161986 0.2765182 0.3161986 0.2117502 0.3161986 0.2117502 0.331708 0.8057156 0.4374633 0.8859143 0.4374633 0.8057156 0.3760738 0.2117501 0.3161986 0.2765182 0.3161986 0.2117502 0.4374633 0.8057156 0.5432185 0.8859143 0.5432185 0.8057156 0.4374633 0.8859143 0.5432185 0.9084083 0.5432185 0.8859143 0.2142299 0.63611 0.1608809 0.5108523 0.21423 0.5108523 0.3177001 0.3432815 0.3547796 0.3100747 0.3547796 0.3432815 0.2396378 0.3432815 0.3177001 0.3100747 0.3177001 0.3432815 0.1615756 0.3432815 0.2396378 0.3100747 0.2396378 0.3432815 0.08351343 0.3432815 0.1615758 0.3100747 0.1615756 0.3432815 0.005451261 0.3432815 0.08351343 0.3100747 0.08351343 0.3432815 0.1652857 0.3432815 0.2433479 0.3100747 0.2433479 0.3432815 0.08722364 0.3432815 0.1652857 0.3100747 0.1652857 0.3432815 0.4359489 0.4249626 0.3760738 0.3605551 0.4359489 0.3605551 0.1119814 0.3834782 0.2177367 0.5176108 0.1119814 0.5176109 0.1119814 -0.01998293 0.2177367 0.1978295 0.1119814 0.1978295 0.1119814 0.1978295 0.2177367 0.415642 0.1119814 0.415642 0.1119814 0.415642 0.2177367 0.6334545 0.1119814 0.6334545 0.1119814 0.6334545 0.2177367 0.851267 0.1119814 0.851267 0.1119814 0.851267 0.2177367 1.069079 0.1119814 1.069079 0.1119814 1.069079 0.2177367 1.286892 0.1119814 1.286892 0.1119814 1.390353 0.2177367 1.286892 0.2177367 1.390353 0.1601279 0.8108702 0.1054179 0.7039789 0.1601279 0.6448754 0.3760738 0.2765182 0.3161986 0.3605551 0.3161986 0.2765182 0.2367691 0.6044279 0.3436987 0.6044279 0.2367691 0.5256848 0.2177367 0.5605898 0.3234919 0.6320081 0.2177367 0.6320081 0.1075935 0.8057156 0.331708 0.8859143 0.331708 0.8057156 0.1075935 0.8859143 0.331708 0.9225397 0.331708 0.8859143 0.009161412 0.2768678 0.08722364 0.2064965 0.08722364 0.2768678 0.3177001 0.2768679 0.3547796 0.2064965 0.3547796 0.2768679 0.2396378 0.2768679 0.3177001 0.2064965 0.3177001 0.2768679 0.1615758 0.2768679 0.2396378 0.2064965 0.2396378 0.2768679 0.08351343 0.2768679 0.1615758 0.2064965 0.1615758 0.2768679 0.005451261 0.2768678 0.08351343 0.2064965 0.08351343 0.2768679 0.1652857 0.2768678 0.2433479 0.2064965 0.2433479 0.2768678 0.08722364 0.2768678 0.1652857 0.2064965 0.1652857 0.2768678 0.3736321 0.9942465 0.1156687 0.8633041 0.3736321 0.8633041 0.5478012 0.1205437 0.6389164 0.006275594 0.6389164 0.1205437 0.2396378 0.2064965 0.3177001 0.2064965 0.3177001 0.2064965 0.3687077 0.5729916 0.2685465 0.526221 0.2685465 0.5729916 0.2396378 0.2768679 0.3177001 0.2768679 0.2396378 0.2768679 0.3177001 0.2064965 0.3177001 0.2768679 0.3177001 0.2768679 0.5290476 0.4210758 0.5290476 0.4210758 0.103151 0.4210758 0.3754574 0.6471814 0.3258495 0.6813907 0.3082353 0.6813907 0.5 0.5164062 0.5 0.5 0.5 0.5 0.4374633 0.9084083 0.331708 0.8859143 0.4374633 0.8859143 0.5493404 0.2031489 0.6190931 0.2368525 0.6190931 0.2031489 0.4374633 0.8859143 0.4374633 0.9084083 0.4374633 0.8859143 0.331708 0.9225397 0.331708 0.8859143 0.331708 0.9225397 0.331708 0.8859143 0.4374633 0.8859143 0.331708 0.8859143 0.4374633 0.9084083 0.331708 0.9225397 0.4374633 0.9084083 0.1119814 0.5176109 -0.112133 0.5176109 0.1119814 0.5176109 0.2126414 0.5236674 0.005252182 0.6382712 0.005252182 0.5236674 0.3161986 0.3605551 0.3161986 0.2765182 0.3161986 0.3605551 0.2126414 0.4363648 0.005252182 0.5236674 0.005252182 0.4363648 0.3275286 0.5165792 0.2297638 0.5201383 0.2275726 0.5165892 0.2275772 0.5818287 0.2297638 0.6280778 0.2275726 0.6316269 0.2297638 0.5201383 0.2275772 0.5818287 0.2275726 0.5165892 0.2297638 0.6280778 0.3275286 0.631637 0.2275726 0.6316269 0.1893123 0.3605551 0.3161986 0.3605551 0.3161986 0.3605551 0.3760738 0.2765182 0.3161986 0.3605551 0.3161986 0.2765182 0.3161986 0.3605551 0.3760738 0.2765182 0.3161986 0.2765182 0.3760738 0.3605551 0.3161986 0.3605551 0.3161986 0.3605551 0.3161986 0.3605551 0.3760738 0.3605551 0.3760738 0.3605551 0.3161986 0.2765182 0.3760738 0.2765182 0.3760738 0.2765182 0.3760738 0.3605551 0.3760737 0.2765181 0.3760738 0.2765182 0.6597866 0.2107158 0.622671 0.2396633 0.622671 0.2107157 0.3760738 0.2765182 0.3760738 0.3605551 0.3760738 0.3605551 0.622671 0.2396633 0.6597866 0.2107158 0.622671 0.2107158 0.3760738 0.2765182 0.3161986 0.2765182 0.3161986 0.2765182 0.3161986 0.2765182 0.3161986 0.3605551 0.3161986 0.3605551 0.3196529 0.2882308 0.3161986 0.3605551 0.3196529 0.3488425 0.3760738 0.3605551 0.3196529 0.3488425 0.3161986 0.3605551 0.3726195 0.2882308 0.3161986 0.2765182 0.3196529 0.2882308 0.3760738 0.3605551 0.3726195 0.2882308 0.3726195 0.3488425 0.3161986 0.3605551 0.3196529 0.2882308 0.3196529 0.3488425 0.3726195 0.3488425 0.3161986 0.3605551 0.3196529 0.3488425 0.3760737 0.2765181 0.3196529 0.2882308 0.3161986 0.2765182 0.3726195 0.2882308 0.3760738 0.3605551 0.3726195 0.3488425 0.3161986 0.3605551 0.3161986 0.2765182 0.3161986 0.2765182 0.6488195 0.3389977 0.7460776 0.4275676 0.7460776 0.3389977 0.7460776 0.4275676 0.6488195 0.3389977 0.7460776 0.3389977 0.2302379 0.6132072 0.3320842 0.6003616 0.3320842 0.6229502 0.3033035 0.6132072 0.2590186 0.5906186 0.2590186 0.6132072 0.2302379 0.6132072 0.3320842 0.6003616 0.2302379 0.5906186 0.2590186 0.6229502 0.3033035 0.6003616 0.3033035 0.6229502 0.6488195 0.3389977 0.7460776 0.4275676 0.7460776 0.3389977 0.7460776 0.4275676 0.6488195 0.3389977 0.7460776 0.3389977 0.2302379 0.6132072 0.3320842 0.6003616 0.3320842 0.6229502 0.3033035 0.6132072 0.2590186 0.5906186 0.2590186 0.6132072 0.2302379 0.6132072 0.3320842 0.6003616 0.2302379 0.5906186 0.2590186 0.6229502 0.3033035 0.6003616 0.3033035 0.6229502 0.4129427 0.2246531 0.4549244 0.2246531 0.4549244 0.2246531 0.4549244 0.2157093 0.4129427 0.2157093 0.4129427 0.2157093 0.3695389 0.2083728 0.4129427 0.2629867 0.3695389 0.2629867 0.4129427 0.2629867 0.4563466 0.2083728 0.4563466 0.2629867 0.4053575 0.2274975 0.4326644 0.227895 0.4053575 0.2128648 0.4053575 0.2274975 0.4053575 0.2128648 0.4326644 0.227895 0.4549244 0.2157093 0.4129427 0.2128648 0.4563466 0.2128648 0.4549244 0.2157093 0.4563466 0.2274975 0.4549244 0.2246531 0.3709611 0.2157093 0.4129427 0.2128648 0.4129427 0.2157093 0.3709611 0.2246531 0.3695389 0.2128648 0.3709611 0.2157093 0.3709611 0.2246531 0.4129427 0.2274975 0.3695389 0.2274975 0.4549244 0.2246531 0.4129427 0.2274975 0.4129427 0.2246531 0.6321811 0.7040092 0.7077159 0.6465094 0.7077159 0.7040092 0.5566461 0.6465094 0.6321811 0.7040092 0.5566461 0.7040092 0.3709611 0.2157093 0.3709611 0.2246531 0.3709611 0.2246531 0.4549244 0.2246531 0.4549244 0.2157093 0.4549244 0.2157093 0.3709611 0.2246531 0.4129427 0.2246531 0.4129427 0.2246531 0.4129427 0.2157093 0.3709611 0.2157093 0.3709611 0.2157093 0.9487044 0.7050004 0.8949745 0.5932822 0.9487044 0.5932822 0.9574406 0.7001013 0.9862596 0.6964664 0.9862596 0.7028582 0.9781157 0.7001013 0.9655846 0.6937095 0.9655846 0.7001013 0.9574406 0.7001013 0.9862596 0.6964664 0.9574406 0.6937095 0.9655846 0.7028582 0.9781157 0.6964664 0.9781157 0.7028582 0.9487044 0.7050004 0.8949745 0.5932822 0.9487044 0.5932822 0.9574406 0.7001013 0.9862596 0.6964664 0.9862596 0.7028582 0.9781157 0.7001013 0.9655846 0.6937095 0.9655846 0.7001013 0.9574406 0.7001013 0.9862596 0.6964664 0.9574406 0.6937095 0.9655846 0.7028582 0.9781157 0.6964664 0.9781157 0.7028582 0.8949745 0.5932822 0.9487044 0.7050004 0.9487044 0.5932822 0.9862596 0.6964664 0.9574406 0.7001013 0.9862596 0.7028582 0.9655846 0.6937095 0.9781157 0.7001013 0.9655846 0.7001013 0.9574406 0.7001013 0.9862596 0.6964664 0.9862596 0.7028582 0.9781157 0.6964664 0.9655846 0.7028582 0.9781157 0.7028582 0.8949745 0.5932822 0.9487044 0.7050004 0.9487044 0.5932822 0.9862596 0.6964664 0.9574406 0.7001013 0.9862596 0.7028582 0.9655846 0.6937095 0.9781157 0.7001013 0.9655846 0.7001013 0.9574406 0.7001013 0.9862596 0.6964664 0.9862596 0.7028582 0.9781157 0.6964664 0.9655846 0.7028582 0.9781157 0.7028582 0.2441996 0.6181357 0.3166882 0.5042764 0.348609 0.6181357 0.2441996 0.6181357 0.3166882 0.5042764 0.2761204 0.5042764 0.6320089 0.9945921 0.6320089 0.960314 0.555452 0.960314 0.6320089 0.8474208 0.6320089 0.8819522 0.555452 0.8819522 0.6320089 0.8819522 0.6320089 0.933632 0.555452 0.933632 0.6320089 0.933632 0.6320089 0.9945924 0.555452 0.9945924 0.5549059 0.9963876 0.5549059 0.9354271 0.6314628 0.9354271 0.5549059 0.9354271 0.5549059 0.8837476 0.6314628 0.8837476 0.5549059 0.8837476 0.5549059 0.8492162 0.6314628 0.8492162 0.555452 0.960314 0.6320089 0.960314 0.6320089 0.9945924 0.6314628 0.9963876 0.5549059 0.9963876 0.5549059 0.9621092 0.6314628 0.8492162 0.5549059 0.8492162 0.5549059 0.8837476 0.6314628 0.8837476 0.5549059 0.8837476 0.5549059 0.9354271 0.6314628 0.9354271 0.5549059 0.9354271 0.5549059 0.9963876 0.555452 0.9945924 0.6320089 0.9945924 0.6320089 0.933632 0.6320089 0.933632 0.6320089 0.8819522 0.555452 0.8819522 0.6320089 0.8819522 0.6320089 0.8474208 0.555452 0.8474208 0.5549059 0.9621092 0.5549059 0.9963878 0.6314628 0.9963876 0.5945057 0.9457311 0.5945057 0.9457311 0.5945057 0.9436205 0.626006 0.8911275 0.6166193 0.899137 0.6114309 0.8831409 0.5703963 0.9676701 0.563005 0.9448841 0.5723918 0.9368745 0.6186151 0.8683413 0.6114309 0.8831409 0.6036655 0.8724525 0.5703963 0.9676701 0.5775805 0.9528707 0.5853458 0.963559 0.6075536 0.853116 0.6036655 0.8724525 0.5945057 0.8686992 0.5945057 0.9882419 0.5945057 0.9673123 0.6036655 0.963559 0.5814578 0.9828955 0.5853458 0.963559 0.5945057 0.9673123 0.5814578 0.853116 0.5945057 0.8477696 0.5945057 0.8686992 0.6186151 0.9676701 0.6075536 0.9828955 0.6036655 0.963559 0.5703963 0.8683413 0.5814578 0.853116 0.5853458 0.8724525 0.6186151 0.9676701 0.6114309 0.9528707 0.6166193 0.9368745 0.5703963 0.8683413 0.5775805 0.8831409 0.5723918 0.899137 0.626006 0.9448841 0.6166193 0.9368745 0.6184412 0.9180058 0.563005 0.8911275 0.5723918 0.899137 0.5705699 0.9180058 0.626006 0.8911275 0.6286017 0.9180058 0.6184412 0.9180058 0.563005 0.9448841 0.5604096 0.9180058 0.5705699 0.9180058 0.6189563 0.8132298 0.6066973 0.8257191 0.5922367 0.8301048 0.5922367 0.8301048 0.5777761 0.8257191 0.6189563 0.8132298 0.5777761 0.8257191 0.5655171 0.8132298 0.6189563 0.8132298 0.5655171 0.8132298 0.5573258 0.7945383 0.5655171 0.7317506 0.5573258 0.7945383 0.5544494 0.7724902 0.5655171 0.7317506 0.5544494 0.7724902 0.5573258 0.7504421 0.5655171 0.7317506 0.5655171 0.7317506 0.5777761 0.7192613 0.6189563 0.7317506 0.5777761 0.7192613 0.5922367 0.7148756 0.6189563 0.7317506 0.5922367 0.7148756 0.6066973 0.7192613 0.6189563 0.7317506 0.6189563 0.7317506 0.6271476 0.7504421 0.6189563 0.8132298 0.6271476 0.7504421 0.630024 0.7724902 0.6189563 0.8132298 0.630024 0.7724902 0.6271476 0.7945383 0.6189563 0.8132298 0.6189563 0.8132298 0.5655171 0.8132298 0.5655171 0.7317506 0.5945057 0.8902804 0.5945057 0.8902804 0.5945057 0.8923909 0.5945057 0.9436205 0.5945057 0.9436205 0.5945057 0.9376105 0.5945057 0.8923909 0.5945057 0.8923909 0.5945057 0.898401 0.5945057 0.9376105 0.5945057 0.9376105 0.5945057 0.9286157 0.5945057 0.898401 0.5945057 0.898401 0.5945057 0.9073957 0.5945057 0.9286157 0.5945057 0.9286157 0.5945057 0.9180058 0.5945057 0.9180058 0.5945057 0.9180058 0.5945057 0.9286157 0.5945057 0.9073957 0.5945057 0.9073957 0.5945057 0.9180058 0.5945057 0.9180058 0.5945057 0.9180058 0.5945057 0.9073957 0.5945057 0.9286157 0.5945057 0.9286157 0.5945057 0.9376105 0.5945057 0.9073957 0.5945057 0.9073957 0.5945057 0.898401 0.5945057 0.9376105 0.5945057 0.9376105 0.5945057 0.9436205 0.5945057 0.898401 0.5945057 0.898401 0.5945057 0.8923909 0.5945057 0.9436205 0.5945057 0.9436205 0.5945057 0.9457311 0.5945057 0.8923909 0.5945057 0.8923909 0.5945057 0.8902804 0.5777761 0.8257191 0.5922367 0.8301048 0.6066973 0.8257191 0.6066973 0.8257191 0.6189563 0.8132298 0.5777761 0.8257191 0.6189563 0.8132298 0.6271476 0.7945383 0.5777761 0.8257191 0.6271476 0.7945383 0.630024 0.7724902 0.6271476 0.7504421 0.6271476 0.7504421 0.6189563 0.7317506 0.6271476 0.7945383 0.6189563 0.7317506 0.6066973 0.7192613 0.6271476 0.7945383 0.6066973 0.7192613 0.5922367 0.7148756 0.5777761 0.7192613 0.5777761 0.7192613 0.5655171 0.7317506 0.6066973 0.7192613 0.5655171 0.7317506 0.5573258 0.7504421 0.6066973 0.7192613 0.5573258 0.7504421 0.5544494 0.7724902 0.5573258 0.7945383 0.5573258 0.7945383 0.5655171 0.8132298 0.5777761 0.8257191 0.5573258 0.7504421 0.5573258 0.7945383 0.5777761 0.8257191 0.5777761 0.8257191 0.6271476 0.7945383 0.6066973 0.7192613 0.6320089 0.9945921 0.6320089 0.960314 0.555452 0.960314 0.6320089 0.8474208 0.6320089 0.8819522 0.555452 0.8819522 0.6320089 0.8819522 0.6320089 0.933632 0.555452 0.933632 0.6320089 0.933632 0.6320089 0.9945924 0.555452 0.9945924 0.5549059 0.9963876 0.5549059 0.9354271 0.6314628 0.9354271 0.5549059 0.9354271 0.5549059 0.8837476 0.6314628 0.8837476 0.5549059 0.8837476 0.5549059 0.8492162 0.6314628 0.8492162 0.555452 0.960314 0.6320089 0.960314 0.6320089 0.9945924 0.6314628 0.9963876 0.5549059 0.9963876 0.5549059 0.9621092 0.6314628 0.8492162 0.5549059 0.8492162 0.5549059 0.8837476 0.6314628 0.8837476 0.5549059 0.8837476 0.5549059 0.9354271 0.6314628 0.9354271 0.5549059 0.9354271 0.5549059 0.9963876 0.555452 0.9945924 0.6320089 0.9945924 0.6320089 0.933632 0.555452 0.933632 0.6320089 0.933632 0.6320089 0.8819522 0.6320089 0.8819522 0.6320089 0.8474208 0.555452 0.8474208 0.5549059 0.9621092 0.5549059 0.9963878 0.6314628 0.9963876 0.5945057 0.9457311 0.5945057 0.9457311 0.5945057 0.9436205 0.626006 0.8911275 0.6166193 0.899137 0.6114309 0.8831409 0.5703963 0.9676701 0.563005 0.9448841 0.5723918 0.9368745 0.6186151 0.8683413 0.6114309 0.8831409 0.6036655 0.8724525 0.5814578 0.9828955 0.5703963 0.9676701 0.5775805 0.9528707 0.6075536 0.853116 0.6036655 0.8724525 0.5945057 0.8686992 0.6075536 0.9828955 0.5945057 0.9882419 0.5945057 0.9673123 0.5814578 0.9828955 0.5853458 0.963559 0.5945057 0.9673123 0.5814578 0.853116 0.5945057 0.8477696 0.5945057 0.8686992 0.6186151 0.9676701 0.6075536 0.9828955 0.6036655 0.963559 0.5814578 0.853116 0.5853458 0.8724525 0.5775805 0.8831409 0.626006 0.9448841 0.6186151 0.9676701 0.6114309 0.9528707 0.5703963 0.8683413 0.5775805 0.8831409 0.5723918 0.899137 0.626006 0.9448841 0.6166193 0.9368745 0.6184412 0.9180058 0.563005 0.8911275 0.5723918 0.899137 0.5705699 0.9180058 0.626006 0.8911275 0.6286017 0.9180058 0.6184412 0.9180058 0.563005 0.9448841 0.5604096 0.9180058 0.5705699 0.9180058 0.6189563 0.8132298 0.6066973 0.8257191 0.5922367 0.8301048 0.5922367 0.8301048 0.5777761 0.8257191 0.6189563 0.8132298 0.5777761 0.8257191 0.5655171 0.8132298 0.6189563 0.8132298 0.5655171 0.8132298 0.5573258 0.7945383 0.5544494 0.7724902 0.5544494 0.7724902 0.5573258 0.7504421 0.5655171 0.8132298 0.5573258 0.7504421 0.5655171 0.7317506 0.5655171 0.8132298 0.5655171 0.7317506 0.5777761 0.7192613 0.6189563 0.7317506 0.5777761 0.7192613 0.5922367 0.7148756 0.6189563 0.7317506 0.5922367 0.7148756 0.6066973 0.7192613 0.6189563 0.7317506 0.6189563 0.7317506 0.6271476 0.7504421 0.6189563 0.8132298 0.6271476 0.7504421 0.630024 0.7724902 0.6189563 0.8132298 0.630024 0.7724902 0.6271476 0.7945383 0.6189563 0.8132298 0.6189563 0.8132298 0.5655171 0.8132298 0.5655171 0.7317506 0.5945057 0.8902804 0.5945057 0.8902804 0.5945057 0.8923909 0.5945057 0.9436205 0.5945057 0.9436205 0.5945057 0.9376105 0.5945057 0.8923909 0.5945057 0.8923909 0.5945057 0.898401 0.5945057 0.9376105 0.5945057 0.9376105 0.5945057 0.9286157 0.5945057 0.898401 0.5945057 0.898401 0.5945057 0.9073957 0.5945057 0.9286157 0.5945057 0.9286157 0.5945057 0.9180058 0.5945057 0.9180058 0.5945057 0.9180058 0.5945057 0.9286157 0.5945057 0.9073957 0.5945057 0.9073957 0.5945057 0.9180058 0.5945057 0.9180058 0.5945057 0.9180058 0.5945057 0.9073957 0.5945057 0.9286157 0.5945057 0.9286157 0.5945057 0.9376105 0.5945057 0.9073957 0.5945057 0.9073957 0.5945057 0.898401 0.5945057 0.9376105 0.5945057 0.9376105 0.5945057 0.9436205 0.5945057 0.898401 0.5945057 0.898401 0.5945057 0.8923909 0.5945057 0.9436205 0.5945057 0.9436205 0.5945057 0.9457311 0.5945057 0.8923909 0.5945057 0.8923909 0.5945057 0.8902804 0.5777761 0.8257191 0.5922367 0.8301048 0.6066973 0.8257191 0.6066973 0.8257191 0.6189563 0.8132298 0.6271476 0.7945383 0.6271476 0.7945383 0.630024 0.7724902 0.6271476 0.7504421 0.6271476 0.7504421 0.6189563 0.7317506 0.6066973 0.7192613 0.6066973 0.7192613 0.5922367 0.7148756 0.5777761 0.7192613 0.5777761 0.7192613 0.5655171 0.7317506 0.6066973 0.7192613 0.5655171 0.7317506 0.5573258 0.7504421 0.6066973 0.7192613 0.5573258 0.7504421 0.5544494 0.7724902 0.5573258 0.7945383 0.5573258 0.7945383 0.5655171 0.8132298 0.5573258 0.7504421 0.5655171 0.8132298 0.5777761 0.8257191 0.5573258 0.7504421 0.5777761 0.8257191 0.6066973 0.8257191 0.6271476 0.7945383 0.6271476 0.7945383 0.6271476 0.7504421 0.6066973 0.7192613 0.5777761 0.8257191 0.6271476 0.7945383 0.5573258 0.7504421 0.555452 0.9945924 0.6320089 0.9945921 0.6320089 0.960314 0.6320089 0.8474208 0.6320089 0.8819522 0.555452 0.8819522 0.6320089 0.8819522 0.6320089 0.933632 0.555452 0.933632 0.6320089 0.933632 0.6320089 0.9945924 0.555452 0.9945924 0.5549059 0.9963876 0.5549059 0.9354271 0.6314628 0.9354271 0.5549059 0.9354271 0.5549059 0.8837476 0.6314628 0.8837476 0.5549059 0.8837476 0.5549059 0.8492162 0.6314628 0.8492162 0.6320089 0.960314 0.6320089 0.9945924 0.555452 0.9945924 0.5549059 0.9963876 0.5549059 0.9621092 0.6314628 0.9621092 0.6314628 0.8492162 0.5549059 0.8492162 0.5549059 0.8837476 0.6314628 0.8837476 0.5549059 0.8837476 0.5549059 0.9354271 0.6314628 0.9354271 0.5549059 0.9354271 0.5549059 0.9963876 0.555452 0.9945924 0.6320089 0.9945924 0.6320089 0.933632 0.555452 0.933632 0.6320089 0.933632 0.6320089 0.8819522 0.555452 0.8819522 0.6320089 0.8819522 0.6320089 0.8474208 0.6314628 0.9621092 0.5549059 0.9621092 0.5549059 0.9963878 0.5945057 0.9457311 0.5945057 0.9457311 0.5945057 0.9436205 0.626006 0.8911275 0.6166193 0.899137 0.6114309 0.8831409 0.563005 0.9448841 0.5723918 0.9368745 0.5775805 0.9528707 0.6186151 0.8683413 0.6114309 0.8831409 0.6036655 0.8724525 0.5814578 0.9828955 0.5703963 0.9676701 0.5775805 0.9528707 0.6075536 0.853116 0.6036655 0.8724525 0.5945057 0.8686992 0.6075536 0.9828955 0.5945057 0.9882419 0.5945057 0.9673123 0.5814578 0.9828955 0.5853458 0.963559 0.5945057 0.9673123 0.5814578 0.853116 0.5945057 0.8477696 0.5945057 0.8686992 0.6186151 0.9676701 0.6075536 0.9828955 0.6036655 0.963559 0.5814578 0.853116 0.5853458 0.8724525 0.5775805 0.8831409 0.626006 0.9448841 0.6186151 0.9676701 0.6114309 0.9528707 0.563005 0.8911275 0.5703963 0.8683413 0.5775805 0.8831409 0.626006 0.9448841 0.6166193 0.9368745 0.6184412 0.9180058 0.563005 0.8911275 0.5723918 0.899137 0.5705699 0.9180058 0.626006 0.8911275 0.6286017 0.9180058 0.6184412 0.9180058 0.563005 0.9448841 0.5604096 0.9180058 0.5705699 0.9180058 0.6189563 0.8132298 0.6066973 0.8257191 0.5922367 0.8301048 0.5922367 0.8301048 0.5777761 0.8257191 0.5655171 0.8132298 0.5655171 0.8132298 0.5573258 0.7945383 0.5655171 0.7317506 0.5573258 0.7945383 0.5544494 0.7724902 0.5655171 0.7317506 0.5544494 0.7724902 0.5573258 0.7504421 0.5655171 0.7317506 0.5655171 0.7317506 0.5777761 0.7192613 0.6189563 0.7317506 0.5777761 0.7192613 0.5922367 0.7148756 0.6189563 0.7317506 0.5922367 0.7148756 0.6066973 0.7192613 0.6189563 0.7317506 0.6189563 0.7317506 0.6271476 0.7504421 0.630024 0.7724902 0.630024 0.7724902 0.6271476 0.7945383 0.6189563 0.8132298 0.6189563 0.8132298 0.5922367 0.8301048 0.5655171 0.8132298 0.6189563 0.7317506 0.630024 0.7724902 0.5655171 0.7317506 0.630024 0.7724902 0.6189563 0.8132298 0.5655171 0.7317506 0.5945057 0.8902804 0.5945057 0.8902804 0.5945057 0.8923909 0.5945057 0.9436205 0.5945057 0.9436205 0.5945057 0.9376105 0.5945057 0.8923909 0.5945057 0.8923909 0.5945057 0.898401 0.5945057 0.9376105 0.5945057 0.9376105 0.5945057 0.9286157 0.5945057 0.898401 0.5945057 0.898401 0.5945057 0.9073957 0.5945057 0.9286157 0.5945057 0.9286157 0.5945057 0.9180058 0.5945057 0.9180058 0.5945057 0.9180058 0.5945057 0.9286157 0.5945057 0.9073957 0.5945057 0.9073957 0.5945057 0.9180058 0.5945057 0.9180058 0.5945057 0.9180058 0.5945057 0.9073957 0.5945057 0.9286157 0.5945057 0.9286157 0.5945057 0.9376105 0.5945057 0.9073957 0.5945057 0.9073957 0.5945057 0.898401 0.5945057 0.9376105 0.5945057 0.9376105 0.5945057 0.9436205 0.5945057 0.898401 0.5945057 0.898401 0.5945057 0.8923909 0.5945057 0.9436205 0.5945057 0.9436205 0.5945057 0.9457311 0.5945057 0.8923909 0.5945057 0.8923909 0.5945057 0.8902804 0.5777761 0.8257191 0.5922367 0.8301048 0.6271476 0.7945383 0.5922367 0.8301048 0.6066973 0.8257191 0.6271476 0.7945383 0.6066973 0.8257191 0.6189563 0.8132298 0.6271476 0.7945383 0.6271476 0.7945383 0.630024 0.7724902 0.6271476 0.7504421 0.6271476 0.7504421 0.6189563 0.7317506 0.6066973 0.7192613 0.6066973 0.7192613 0.5922367 0.7148756 0.5777761 0.7192613 0.5777761 0.7192613 0.5655171 0.7317506 0.5573258 0.7504421 0.5573258 0.7504421 0.5544494 0.7724902 0.5573258 0.7945383 0.5573258 0.7945383 0.5655171 0.8132298 0.5777761 0.8257191 0.6271476 0.7945383 0.6271476 0.7504421 0.6066973 0.7192613 0.6066973 0.7192613 0.5777761 0.7192613 0.5573258 0.7504421 0.5573258 0.7504421 0.5573258 0.7945383 0.5777761 0.8257191 0.5777761 0.8257191 0.6271476 0.7945383 0.5573258 0.7504421 0.6320089 0.9945921 0.6320089 0.960314 0.555452 0.960314 0.6320089 0.8474208 0.6320089 0.8819522 0.555452 0.8819522 0.6320089 0.8819522 0.6320089 0.933632 0.555452 0.933632 0.6320089 0.933632 0.6320089 0.9945924 0.555452 0.9945924 0.5549059 0.9963876 0.5549059 0.9354271 0.6314628 0.9354271 0.5549059 0.9354271 0.5549059 0.8837476 0.6314628 0.8837476 0.5549059 0.8837476 0.5549059 0.8492162 0.6314628 0.8492162 0.555452 0.960314 0.6320089 0.960314 0.6320089 0.9945924 0.6314628 0.9963876 0.5549059 0.9963876 0.5549059 0.9621092 0.6314628 0.8492162 0.5549059 0.8492162 0.5549059 0.8837476 0.6314628 0.8837476 0.5549059 0.8837476 0.5549059 0.9354271 0.6314628 0.9354271 0.5549059 0.9354271 0.5549059 0.9963876 0.555452 0.9945924 0.6320089 0.9945924 0.6320089 0.933632 0.555452 0.933632 0.6320089 0.933632 0.6320089 0.8819522 0.555452 0.8819522 0.6320089 0.8819522 0.6320089 0.8474208 0.5549059 0.9621092 0.5549059 0.9963878 0.6314628 0.9963876 0.5945057 0.9457311 0.5945057 0.9457311 0.5945057 0.9436205 0.626006 0.8911275 0.6166193 0.899137 0.6114309 0.8831409 0.563005 0.9448841 0.5723918 0.9368745 0.5775805 0.9528707 0.6186151 0.8683413 0.6114309 0.8831409 0.6036655 0.8724525 0.5814578 0.9828955 0.5703963 0.9676701 0.5775805 0.9528707 0.6075536 0.853116 0.6036655 0.8724525 0.5945057 0.8686992 0.5945057 0.9882419 0.5945057 0.9673123 0.6036655 0.963559 0.5945057 0.9882419 0.5814578 0.9828955 0.5853458 0.963559 0.5814578 0.853116 0.5945057 0.8477696 0.5945057 0.8686992 0.6186151 0.9676701 0.6075536 0.9828955 0.6036655 0.963559 0.5814578 0.853116 0.5853458 0.8724525 0.5775805 0.8831409 0.626006 0.9448841 0.6186151 0.9676701 0.6114309 0.9528707 0.563005 0.8911275 0.5703963 0.8683413 0.5775805 0.8831409 0.626006 0.9448841 0.6166193 0.9368745 0.6184412 0.9180058 0.563005 0.8911275 0.5723918 0.899137 0.5705699 0.9180058 0.626006 0.8911275 0.6286017 0.9180058 0.6184412 0.9180058 0.563005 0.9448841 0.5604096 0.9180058 0.5705699 0.9180058 0.6189563 0.8132298 0.6066973 0.8257191 0.5922367 0.8301048 0.5922367 0.8301048 0.5777761 0.8257191 0.6189563 0.8132298 0.5777761 0.8257191 0.5655171 0.8132298 0.6189563 0.8132298 0.5655171 0.8132298 0.5573258 0.7945383 0.5544494 0.7724902 0.5544494 0.7724902 0.5573258 0.7504421 0.5655171 0.8132298 0.5573258 0.7504421 0.5655171 0.7317506 0.5655171 0.8132298 0.5655171 0.7317506 0.5777761 0.7192613 0.6189563 0.7317506 0.5777761 0.7192613 0.5922367 0.7148756 0.6189563 0.7317506 0.5922367 0.7148756 0.6066973 0.7192613 0.6189563 0.7317506 0.6189563 0.7317506 0.6271476 0.7504421 0.6189563 0.8132298 0.6271476 0.7504421 0.630024 0.7724902 0.6189563 0.8132298 0.630024 0.7724902 0.6271476 0.7945383 0.6189563 0.8132298 0.6189563 0.8132298 0.5655171 0.8132298 0.5655171 0.7317506 0.5945057 0.8902804 0.5945057 0.8902804 0.5945057 0.8923909 0.5945057 0.9436205 0.5945057 0.9436205 0.5945057 0.9376105 0.5945057 0.8923909 0.5945057 0.8923909 0.5945057 0.898401 0.5945057 0.9376105 0.5945057 0.9376105 0.5945057 0.9286157 0.5945057 0.898401 0.5945057 0.898401 0.5945057 0.9073957 0.5945057 0.9286157 0.5945057 0.9286157 0.5945057 0.9180058 0.5945057 0.9180058 0.5945057 0.9180058 0.5945057 0.9286157 0.5945057 0.9073957 0.5945057 0.9073957 0.5945057 0.9180058 0.5945057 0.9180058 0.5945057 0.9180058 0.5945057 0.9073957 0.5945057 0.9286157 0.5945057 0.9286157 0.5945057 0.9376105 0.5945057 0.9073957 0.5945057 0.9073957 0.5945057 0.898401 0.5945057 0.9376105 0.5945057 0.9376105 0.5945057 0.9436205 0.5945057 0.898401 0.5945057 0.898401 0.5945057 0.8923909 0.5945057 0.9436205 0.5945057 0.9436205 0.5945057 0.9457311 0.5945057 0.8923909 0.5945057 0.8923909 0.5945057 0.8902804 0.5777761 0.8257191 0.5922367 0.8301048 0.6066973 0.8257191 0.6066973 0.8257191 0.6189563 0.8132298 0.5777761 0.8257191 0.6189563 0.8132298 0.6271476 0.7945383 0.5777761 0.8257191 0.6271476 0.7945383 0.630024 0.7724902 0.6271476 0.7504421 0.6271476 0.7504421 0.6189563 0.7317506 0.6271476 0.7945383 0.6189563 0.7317506 0.6066973 0.7192613 0.6271476 0.7945383 0.6066973 0.7192613 0.5922367 0.7148756 0.5777761 0.7192613 0.5777761 0.7192613 0.5655171 0.7317506 0.6066973 0.7192613 0.5655171 0.7317506 0.5573258 0.7504421 0.6066973 0.7192613 0.5573258 0.7504421 0.5544494 0.7724902 0.5573258 0.7945383 0.5573258 0.7945383 0.5655171 0.8132298 0.5777761 0.8257191 0.5573258 0.7504421 0.5573258 0.7945383 0.5777761 0.8257191 0.5777761 0.8257191 0.6271476 0.7945383 0.5573258 0.7504421 0.6320089 0.9945921 0.6320089 0.960314 0.555452 0.960314 0.6320089 0.8474208 0.6320089 0.8819522 0.555452 0.8819522 0.6320089 0.8819522 0.6320089 0.933632 0.555452 0.933632 0.6320089 0.933632 0.6320089 0.9945924 0.555452 0.9945924 0.5549059 0.9963876 0.5549059 0.9354271 0.6314628 0.9354271 0.5549059 0.9354271 0.5549059 0.8837476 0.6314628 0.8837476 0.5549059 0.8837476 0.5549059 0.8492162 0.6314628 0.8492162 0.6320089 0.960314 0.6320089 0.9945924 0.555452 0.9945924 0.5549059 0.9963876 0.5549059 0.9621092 0.6314628 0.9621092 0.6314628 0.8492162 0.5549059 0.8492162 0.5549059 0.8837476 0.6314628 0.8837476 0.5549059 0.8837476 0.5549059 0.9354271 0.6314628 0.9354271 0.5549059 0.9354271 0.5549059 0.9963876 0.555452 0.9945924 0.6320089 0.9945924 0.6320089 0.933632 0.555452 0.933632 0.6320089 0.933632 0.6320089 0.8819522 0.555452 0.8819522 0.6320089 0.8819522 0.6320089 0.8474208 0.6314628 0.9621092 0.5549059 0.9621092 0.5549059 0.9963878 0.5945057 0.9457311 0.5945057 0.9457311 0.5945057 0.9436205 0.626006 0.8911275 0.6166193 0.899137 0.6114309 0.8831409 0.563005 0.9448841 0.5723918 0.9368745 0.5775805 0.9528707 0.6186151 0.8683413 0.6114309 0.8831409 0.6036655 0.8724525 0.5814578 0.9828955 0.5703963 0.9676701 0.5775805 0.9528707 0.6075536 0.853116 0.6036655 0.8724525 0.5945057 0.8686992 0.6075536 0.9828955 0.5945057 0.9882419 0.5945057 0.9673123 0.5814578 0.9828955 0.5853458 0.963559 0.5945057 0.9673123 0.5814578 0.853116 0.5945057 0.8477696 0.5945057 0.8686992 0.6186151 0.9676701 0.6075536 0.9828955 0.6036655 0.963559 0.5814578 0.853116 0.5853458 0.8724525 0.5775805 0.8831409 0.626006 0.9448841 0.6186151 0.9676701 0.6114309 0.9528707 0.563005 0.8911275 0.5703963 0.8683413 0.5775805 0.8831409 0.626006 0.9448841 0.6166193 0.9368745 0.6184412 0.9180058 0.563005 0.8911275 0.5723918 0.899137 0.5705699 0.9180058 0.626006 0.8911275 0.6286017 0.9180058 0.6184412 0.9180058 0.563005 0.9448841 0.5604096 0.9180058 0.5705699 0.9180058 0.6189563 0.8132298 0.6066973 0.8257191 0.5922367 0.8301048 0.5922367 0.8301048 0.5777761 0.8257191 0.5655171 0.8132298 0.5655171 0.8132298 0.5573258 0.7945383 0.5544494 0.7724902 0.5544494 0.7724902 0.5573258 0.7504421 0.5655171 0.7317506 0.5655171 0.7317506 0.5777761 0.7192613 0.6189563 0.7317506 0.5777761 0.7192613 0.5922367 0.7148756 0.6189563 0.7317506 0.5922367 0.7148756 0.6066973 0.7192613 0.6189563 0.7317506 0.6189563 0.7317506 0.6271476 0.7504421 0.630024 0.7724902 0.630024 0.7724902 0.6271476 0.7945383 0.6189563 0.7317506 0.6271476 0.7945383 0.6189563 0.8132298 0.6189563 0.7317506 0.6189563 0.8132298 0.5922367 0.8301048 0.5655171 0.8132298 0.5655171 0.8132298 0.5544494 0.7724902 0.5655171 0.7317506 0.6189563 0.8132298 0.5655171 0.8132298 0.5655171 0.7317506 0.5945057 0.8902804 0.5945057 0.8902804 0.5945057 0.8923909 0.5945057 0.9436205 0.5945057 0.9436205 0.5945057 0.9376105 0.5945057 0.8923909 0.5945057 0.8923909 0.5945057 0.898401 0.5945057 0.9376105 0.5945057 0.9376105 0.5945057 0.9286157 0.5945057 0.898401 0.5945057 0.898401 0.5945057 0.9073957 0.5945057 0.9286157 0.5945057 0.9286157 0.5945057 0.9180058 0.5945057 0.9180058 0.5945057 0.9180058 0.5945057 0.9286157 0.5945057 0.9073957 0.5945057 0.9073957 0.5945057 0.9180058 0.5945057 0.9180058 0.5945057 0.9180058 0.5945057 0.9073957 0.5945057 0.9286157 0.5945057 0.9286157 0.5945057 0.9376105 0.5945057 0.9073957 0.5945057 0.9073957 0.5945057 0.898401 0.5945057 0.9376105 0.5945057 0.9376105 0.5945057 0.9436205 0.5945057 0.898401 0.5945057 0.898401 0.5945057 0.8923909 0.5945057 0.9436205 0.5945057 0.9436205 0.5945057 0.9457311 0.5945057 0.8923909 0.5945057 0.8923909 0.5945057 0.8902804 0.5777761 0.8257191 0.5922367 0.8301048 0.6066973 0.8257191 0.6066973 0.8257191 0.6189563 0.8132298 0.5777761 0.8257191 0.6189563 0.8132298 0.6271476 0.7945383 0.5777761 0.8257191 0.6271476 0.7945383 0.630024 0.7724902 0.6271476 0.7504421 0.6271476 0.7504421 0.6189563 0.7317506 0.6271476 0.7945383 0.6189563 0.7317506 0.6066973 0.7192613 0.6271476 0.7945383 0.6066973 0.7192613 0.5922367 0.7148756 0.5777761 0.7192613 0.5777761 0.7192613 0.5655171 0.7317506 0.5573258 0.7504421 0.5573258 0.7504421 0.5544494 0.7724902 0.5573258 0.7945383 0.5573258 0.7945383 0.5655171 0.8132298 0.5777761 0.8257191 0.6066973 0.7192613 0.5777761 0.7192613 0.5573258 0.7504421 0.5573258 0.7504421 0.5573258 0.7945383 0.5777761 0.8257191 0.5777761 0.8257191 0.6271476 0.7945383 0.5573258 0.7504421 0.555452 0.960314 0.6320089 0.960314 0.6320089 0.9945921 0.555452 0.8819522 0.6320089 0.8819522 0.6320089 0.8474208 0.555452 0.933632 0.6320089 0.933632 0.6320089 0.8819522 0.555452 0.9945924 0.6320089 0.9945924 0.6320089 0.933632 0.6314628 0.9354271 0.5549059 0.9354271 0.5549059 0.9963876 0.6314628 0.8837476 0.5549059 0.8837476 0.5549059 0.9354271 0.6314628 0.8492162 0.5549059 0.8492162 0.5549059 0.8837476 0.555452 0.960314 0.555452 0.9945924 0.6320089 0.9945924 0.6314628 0.9963876 0.6314628 0.9621092 0.5549059 0.9621092 0.6314628 0.8492162 0.6314628 0.8837476 0.5549059 0.8837476 0.6314628 0.8837476 0.6314628 0.9354271 0.5549059 0.9354271 0.6314628 0.9354271 0.6314628 0.9963876 0.5549059 0.9963876 0.555452 0.9945924 0.555452 0.933632 0.6320089 0.933632 0.555452 0.8819522 0.6320089 0.8819522 0.6320089 0.933632 0.555452 0.8474208 0.6320089 0.8474208 0.6320089 0.8819522 0.6314628 0.9963876 0.5549059 0.9963878 0.5549059 0.9621092 0.5945057 0.9436205 0.5945057 0.9457311 0.5945057 0.9457311 0.6114309 0.8831409 0.6166193 0.899137 0.626006 0.8911275 0.5703963 0.9676701 0.5775805 0.9528707 0.5723918 0.9368745 0.6036655 0.8724525 0.6114309 0.8831409 0.6186151 0.8683413 0.5853458 0.963559 0.5775805 0.9528707 0.5703963 0.9676701 0.5945057 0.8686992 0.6036655 0.8724525 0.6075536 0.853116 0.6036655 0.963559 0.5945057 0.9673123 0.5945057 0.9882419 0.5945057 0.9673123 0.5853458 0.963559 0.5814578 0.9828955 0.5814578 0.853116 0.5853458 0.8724525 0.5945057 0.8686992 0.6186151 0.9676701 0.6114309 0.9528707 0.6036655 0.963559 0.5703963 0.8683413 0.5775805 0.8831409 0.5853458 0.8724525 0.6166193 0.9368745 0.6114309 0.9528707 0.6186151 0.9676701 0.5723918 0.899137 0.5775805 0.8831409 0.5703963 0.8683413 0.6184412 0.9180058 0.6166193 0.9368745 0.626006 0.9448841 0.5705699 0.9180058 0.5723918 0.899137 0.563005 0.8911275 0.626006 0.8911275 0.6166193 0.899137 0.6184412 0.9180058 0.563005 0.9448841 0.5723918 0.9368745 0.5705699 0.9180058 0.5922367 0.8301048 0.6066973 0.8257191 0.6189563 0.8132298 0.6189563 0.8132298 0.6271476 0.7945383 0.5922367 0.8301048 0.6271476 0.7945383 0.630024 0.7724902 0.5922367 0.8301048 0.630024 0.7724902 0.6271476 0.7504421 0.6189563 0.7317506 0.6189563 0.7317506 0.6066973 0.7192613 0.5922367 0.7148756 0.5922367 0.7148756 0.5777761 0.7192613 0.5655171 0.7317506 0.5655171 0.7317506 0.5573258 0.7504421 0.5544494 0.7724902 0.5544494 0.7724902 0.5573258 0.7945383 0.5922367 0.8301048 0.5573258 0.7945383 0.5655171 0.8132298 0.5922367 0.8301048 0.5655171 0.8132298 0.5777761 0.8257191 0.5922367 0.8301048 0.630024 0.7724902 0.6189563 0.7317506 0.5922367 0.8301048 0.6189563 0.7317506 0.5922367 0.7148756 0.5922367 0.8301048 0.5922367 0.7148756 0.5655171 0.7317506 0.5922367 0.8301048 0.5945057 0.8923909 0.5945057 0.8902804 0.5945057 0.8902804 0.5945057 0.9376105 0.5945057 0.9436205 0.5945057 0.9436205 0.5945057 0.898401 0.5945057 0.8923909 0.5945057 0.8923909 0.5945057 0.9286157 0.5945057 0.9376105 0.5945057 0.9376105 0.5945057 0.9073957 0.5945057 0.898401 0.5945057 0.898401 0.5945057 0.9180058 0.5945057 0.9286157 0.5945057 0.9286157 0.5945057 0.9286157 0.5945057 0.9180058 0.5945057 0.9180058 0.5945057 0.9180058 0.5945057 0.9073957 0.5945057 0.9073957 0.5945057 0.9073957 0.5945057 0.9180058 0.5945057 0.9180058 0.5945057 0.9376105 0.5945057 0.9286157 0.5945057 0.9286157 0.5945057 0.898401 0.5945057 0.9073957 0.5945057 0.9073957 0.5945057 0.9436205 0.5945057 0.9376105 0.5945057 0.9376105 0.5945057 0.8923909 0.5945057 0.898401 0.5945057 0.898401 0.5945057 0.9457311 0.5945057 0.9436205 0.5945057 0.9436205 0.5945057 0.8902804 0.5945057 0.8923909 0.5945057 0.8923909 0.6066973 0.8257191 0.5922367 0.8301048 0.5777761 0.8257191 0.5777761 0.8257191 0.5655171 0.8132298 0.5573258 0.7945383 0.5573258 0.7945383 0.5544494 0.7724902 0.5573258 0.7504421 0.5573258 0.7504421 0.5655171 0.7317506 0.5573258 0.7945383 0.5655171 0.7317506 0.5777761 0.7192613 0.5573258 0.7945383 0.5777761 0.7192613 0.5922367 0.7148756 0.6066973 0.7192613 0.6066973 0.7192613 0.6189563 0.7317506 0.5777761 0.7192613 0.6189563 0.7317506 0.6271476 0.7504421 0.5777761 0.7192613 0.6271476 0.7504421 0.630024 0.7724902 0.6271476 0.7945383 0.6271476 0.7945383 0.6189563 0.8132298 0.6066973 0.8257191 0.6066973 0.8257191 0.5777761 0.8257191 0.5777761 0.7192613 0.5777761 0.8257191 0.5573258 0.7945383 0.5777761 0.7192613 0.6271476 0.7504421 0.6271476 0.7945383 0.5777761 0.7192613 0.555452 0.960314 0.6320089 0.960314 0.6320089 0.9945921 0.555452 0.8819522 0.6320089 0.8819522 0.6320089 0.8474208 0.555452 0.933632 0.6320089 0.933632 0.6320089 0.8819522 0.555452 0.9945924 0.6320089 0.9945924 0.6320089 0.933632 0.6314628 0.9354271 0.5549059 0.9354271 0.5549059 0.9963876 0.6314628 0.8837476 0.5549059 0.8837476 0.5549059 0.9354271 0.6314628 0.8492162 0.5549059 0.8492162 0.5549059 0.8837476 0.555452 0.960314 0.555452 0.9945924 0.6320089 0.9945924 0.6314628 0.9963876 0.6314628 0.9621092 0.5549059 0.9621092 0.6314628 0.8492162 0.6314628 0.8837476 0.5549059 0.8837476 0.6314628 0.8837476 0.6314628 0.9354271 0.5549059 0.9354271 0.6314628 0.9354271 0.6314628 0.9963876 0.5549059 0.9963876 0.555452 0.9945924 0.555452 0.933632 0.6320089 0.933632 0.555452 0.933632 0.555452 0.8819522 0.6320089 0.8819522 0.555452 0.8474208 0.6320089 0.8474208 0.6320089 0.8819522 0.6314628 0.9963876 0.5549059 0.9963878 0.5549059 0.9621092 0.5945057 0.9436205 0.5945057 0.9457311 0.5945057 0.9457311 0.6114309 0.8831409 0.6166193 0.899137 0.626006 0.8911275 0.5703963 0.9676701 0.5775805 0.9528707 0.5723918 0.9368745 0.6036655 0.8724525 0.6114309 0.8831409 0.6186151 0.8683413 0.5814578 0.9828955 0.5853458 0.963559 0.5775805 0.9528707 0.5945057 0.8686992 0.6036655 0.8724525 0.6075536 0.853116 0.6075536 0.9828955 0.6036655 0.963559 0.5945057 0.9673123 0.5945057 0.9673123 0.5853458 0.963559 0.5814578 0.9828955 0.5814578 0.853116 0.5853458 0.8724525 0.5945057 0.8686992 0.6186151 0.9676701 0.6114309 0.9528707 0.6036655 0.963559 0.5775805 0.8831409 0.5853458 0.8724525 0.5814578 0.853116 0.626006 0.9448841 0.6166193 0.9368745 0.6114309 0.9528707 0.5723918 0.899137 0.5775805 0.8831409 0.5703963 0.8683413 0.6184412 0.9180058 0.6166193 0.9368745 0.626006 0.9448841 0.5705699 0.9180058 0.5723918 0.899137 0.563005 0.8911275 0.626006 0.8911275 0.6166193 0.899137 0.6184412 0.9180058 0.563005 0.9448841 0.5723918 0.9368745 0.5705699 0.9180058 0.5922367 0.8301048 0.6066973 0.8257191 0.6189563 0.8132298 0.6189563 0.8132298 0.6271476 0.7945383 0.630024 0.7724902 0.630024 0.7724902 0.6271476 0.7504421 0.5922367 0.7148756 0.6271476 0.7504421 0.6189563 0.7317506 0.5922367 0.7148756 0.6189563 0.7317506 0.6066973 0.7192613 0.5922367 0.7148756 0.5922367 0.7148756 0.5777761 0.7192613 0.5655171 0.7317506 0.5655171 0.7317506 0.5573258 0.7504421 0.5922367 0.7148756 0.5573258 0.7504421 0.5544494 0.7724902 0.5922367 0.7148756 0.5544494 0.7724902 0.5573258 0.7945383 0.5655171 0.8132298 0.5655171 0.8132298 0.5777761 0.8257191 0.5922367 0.8301048 0.5922367 0.8301048 0.6189563 0.8132298 0.5922367 0.7148756 0.6189563 0.8132298 0.630024 0.7724902 0.5922367 0.7148756 0.5544494 0.7724902 0.5655171 0.8132298 0.5922367 0.7148756 0.5945057 0.8923909 0.5945057 0.8902804 0.5945057 0.8902804 0.5945057 0.9376105 0.5945057 0.9436205 0.5945057 0.9436205 0.5945057 0.898401 0.5945057 0.8923909 0.5945057 0.8923909 0.5945057 0.9286157 0.5945057 0.9376105 0.5945057 0.9376105 0.5945057 0.9073957 0.5945057 0.898401 0.5945057 0.898401 0.5945057 0.9180058 0.5945057 0.9286157 0.5945057 0.9286157 0.5945057 0.9286157 0.5945057 0.9180058 0.5945057 0.9180058 0.5945057 0.9180058 0.5945057 0.9073957 0.5945057 0.9073957 0.5945057 0.9073957 0.5945057 0.9180058 0.5945057 0.9180058 0.5945057 0.9376105 0.5945057 0.9286157 0.5945057 0.9286157 0.5945057 0.898401 0.5945057 0.9073957 0.5945057 0.9073957 0.5945057 0.9436205 0.5945057 0.9376105 0.5945057 0.9376105 0.5945057 0.8923909 0.5945057 0.898401 0.5945057 0.898401 0.5945057 0.9457311 0.5945057 0.9436205 0.5945057 0.9436205 0.5945057 0.8902804 0.5945057 0.8923909 0.5945057 0.8923909 0.6066973 0.8257191 0.5922367 0.8301048 0.5777761 0.8257191 0.5777761 0.8257191 0.5655171 0.8132298 0.6066973 0.8257191 0.5655171 0.8132298 0.5573258 0.7945383 0.6066973 0.8257191 0.5573258 0.7945383 0.5544494 0.7724902 0.5573258 0.7504421 0.5573258 0.7504421 0.5655171 0.7317506 0.5573258 0.7945383 0.5655171 0.7317506 0.5777761 0.7192613 0.5573258 0.7945383 0.5777761 0.7192613 0.5922367 0.7148756 0.6066973 0.7192613 0.6066973 0.7192613 0.6189563 0.7317506 0.6271476 0.7504421 0.6271476 0.7504421 0.630024 0.7724902 0.6271476 0.7945383 0.6271476 0.7945383 0.6189563 0.8132298 0.6066973 0.8257191 0.5777761 0.7192613 0.6066973 0.7192613 0.6271476 0.7504421 0.6271476 0.7504421 0.6271476 0.7945383 0.6066973 0.8257191 0.6066973 0.8257191 0.5573258 0.7945383 0.5777761 0.7192613 0.555452 0.9945924 0.555452 0.960314 0.6320089 0.960314 0.555452 0.8819522 0.6320089 0.8819522 0.6320089 0.8474208 0.555452 0.933632 0.6320089 0.933632 0.6320089 0.8819522 0.555452 0.9945924 0.6320089 0.9945924 0.6320089 0.933632 0.6314628 0.9354271 0.5549059 0.9354271 0.5549059 0.9963876 0.6314628 0.8837476 0.5549059 0.8837476 0.5549059 0.9354271 0.6314628 0.8492162 0.5549059 0.8492162 0.5549059 0.8837476 0.555452 0.9945924 0.6320089 0.9945924 0.6320089 0.960314 0.6314628 0.9621092 0.5549059 0.9621092 0.5549059 0.9963876 0.6314628 0.8492162 0.6314628 0.8837476 0.5549059 0.8837476 0.6314628 0.8837476 0.6314628 0.9354271 0.5549059 0.9354271 0.6314628 0.9354271 0.6314628 0.9963876 0.5549059 0.9963876 0.555452 0.9945924 0.555452 0.933632 0.6320089 0.933632 0.555452 0.933632 0.555452 0.8819522 0.6320089 0.8819522 0.555452 0.8819522 0.555452 0.8474208 0.6320089 0.8474208 0.6314628 0.9621092 0.6314628 0.9963876 0.5549059 0.9963878 0.5945057 0.9436205 0.5945057 0.9457311 0.5945057 0.9457311 0.6114309 0.8831409 0.6166193 0.899137 0.626006 0.8911275 0.5775805 0.9528707 0.5723918 0.9368745 0.563005 0.9448841 0.6036655 0.8724525 0.6114309 0.8831409 0.6186151 0.8683413 0.5814578 0.9828955 0.5853458 0.963559 0.5775805 0.9528707 0.5945057 0.8686992 0.6036655 0.8724525 0.6075536 0.853116 0.6075536 0.9828955 0.6036655 0.963559 0.5945057 0.9673123 0.5945057 0.9673123 0.5853458 0.963559 0.5814578 0.9828955 0.5814578 0.853116 0.5853458 0.8724525 0.5945057 0.8686992 0.6186151 0.9676701 0.6114309 0.9528707 0.6036655 0.963559 0.5775805 0.8831409 0.5853458 0.8724525 0.5814578 0.853116 0.626006 0.9448841 0.6166193 0.9368745 0.6114309 0.9528707 0.563005 0.8911275 0.5723918 0.899137 0.5775805 0.8831409 0.6184412 0.9180058 0.6166193 0.9368745 0.626006 0.9448841 0.5705699 0.9180058 0.5723918 0.899137 0.563005 0.8911275 0.626006 0.8911275 0.6166193 0.899137 0.6184412 0.9180058 0.563005 0.9448841 0.5723918 0.9368745 0.5705699 0.9180058 0.5922367 0.8301048 0.6066973 0.8257191 0.6189563 0.8132298 0.6189563 0.8132298 0.6271476 0.7945383 0.5922367 0.8301048 0.6271476 0.7945383 0.630024 0.7724902 0.5922367 0.8301048 0.630024 0.7724902 0.6271476 0.7504421 0.5922367 0.7148756 0.6271476 0.7504421 0.6189563 0.7317506 0.5922367 0.7148756 0.6189563 0.7317506 0.6066973 0.7192613 0.5922367 0.7148756 0.5922367 0.7148756 0.5777761 0.7192613 0.5655171 0.7317506 0.5655171 0.7317506 0.5573258 0.7504421 0.5922367 0.7148756 0.5573258 0.7504421 0.5544494 0.7724902 0.5922367 0.7148756 0.5544494 0.7724902 0.5573258 0.7945383 0.5922367 0.8301048 0.5573258 0.7945383 0.5655171 0.8132298 0.5922367 0.8301048 0.5655171 0.8132298 0.5777761 0.8257191 0.5922367 0.8301048 0.5922367 0.8301048 0.630024 0.7724902 0.5544494 0.7724902 0.5945057 0.8923909 0.5945057 0.8902804 0.5945057 0.8902804 0.5945057 0.9376105 0.5945057 0.9436205 0.5945057 0.9436205 0.5945057 0.898401 0.5945057 0.8923909 0.5945057 0.8923909 0.5945057 0.9286157 0.5945057 0.9376105 0.5945057 0.9376105 0.5945057 0.9073957 0.5945057 0.898401 0.5945057 0.898401 0.5945057 0.9180058 0.5945057 0.9286157 0.5945057 0.9286157 0.5945057 0.9286157 0.5945057 0.9180058 0.5945057 0.9180058 0.5945057 0.9180058 0.5945057 0.9073957 0.5945057 0.9073957 0.5945057 0.9073957 0.5945057 0.9180058 0.5945057 0.9180058 0.5945057 0.9376105 0.5945057 0.9286157 0.5945057 0.9286157 0.5945057 0.898401 0.5945057 0.9073957 0.5945057 0.9073957 0.5945057 0.9436205 0.5945057 0.9376105 0.5945057 0.9376105 0.5945057 0.8923909 0.5945057 0.898401 0.5945057 0.898401 0.5945057 0.9457311 0.5945057 0.9436205 0.5945057 0.9436205 0.5945057 0.8902804 0.5945057 0.8923909 0.5945057 0.8923909 0.6066973 0.8257191 0.5922367 0.8301048 0.5777761 0.8257191 0.5777761 0.8257191 0.5655171 0.8132298 0.5573258 0.7945383 0.5573258 0.7945383 0.5544494 0.7724902 0.5573258 0.7504421 0.5573258 0.7504421 0.5655171 0.7317506 0.5777761 0.7192613 0.5777761 0.7192613 0.5922367 0.7148756 0.6066973 0.7192613 0.6066973 0.7192613 0.6189563 0.7317506 0.5777761 0.7192613 0.6189563 0.7317506 0.6271476 0.7504421 0.5777761 0.7192613 0.6271476 0.7504421 0.630024 0.7724902 0.6271476 0.7945383 0.6271476 0.7945383 0.6189563 0.8132298 0.6066973 0.8257191 0.6066973 0.8257191 0.5777761 0.8257191 0.5573258 0.7945383 0.5573258 0.7945383 0.5573258 0.7504421 0.5777761 0.7192613 0.6271476 0.7504421 0.6271476 0.7945383 0.6066973 0.8257191 0.6066973 0.8257191 0.5573258 0.7945383 0.6271476 0.7504421 0.555452 0.960314 0.6320089 0.960314 0.6320089 0.9945921 0.555452 0.8819522 0.6320089 0.8819522 0.6320089 0.8474208 0.555452 0.933632 0.6320089 0.933632 0.6320089 0.8819522 0.555452 0.9945924 0.6320089 0.9945924 0.6320089 0.933632 0.6314628 0.9354271 0.5549059 0.9354271 0.5549059 0.9963876 0.6314628 0.8837476 0.5549059 0.8837476 0.5549059 0.9354271 0.6314628 0.8492162 0.5549059 0.8492162 0.5549059 0.8837476 0.555452 0.960314 0.555452 0.9945924 0.6320089 0.9945924 0.6314628 0.9963876 0.6314628 0.9621092 0.5549059 0.9621092 0.6314628 0.8492162 0.6314628 0.8837476 0.5549059 0.8837476 0.6314628 0.8837476 0.6314628 0.9354271 0.5549059 0.9354271 0.6314628 0.9354271 0.6314628 0.9963876 0.5549059 0.9963876 0.555452 0.9945924 0.555452 0.933632 0.6320089 0.933632 0.555452 0.933632 0.555452 0.8819522 0.6320089 0.8819522 0.555452 0.8819522 0.555452 0.8474208 0.6320089 0.8474208 0.6314628 0.9963876 0.5549059 0.9963878 0.5549059 0.9621092 0.5945057 0.9436205 0.5945057 0.9457311 0.5945057 0.9457311 0.6114309 0.8831409 0.6166193 0.899137 0.626006 0.8911275 0.5775805 0.9528707 0.5723918 0.9368745 0.563005 0.9448841 0.6036655 0.8724525 0.6114309 0.8831409 0.6186151 0.8683413 0.5814578 0.9828955 0.5853458 0.963559 0.5775805 0.9528707 0.5945057 0.8686992 0.6036655 0.8724525 0.6075536 0.853116 0.6036655 0.963559 0.5945057 0.9673123 0.5945057 0.9882419 0.5945057 0.9882419 0.5945057 0.9673123 0.5853458 0.963559 0.5814578 0.853116 0.5853458 0.8724525 0.5945057 0.8686992 0.6186151 0.9676701 0.6114309 0.9528707 0.6036655 0.963559 0.5775805 0.8831409 0.5853458 0.8724525 0.5814578 0.853116 0.626006 0.9448841 0.6166193 0.9368745 0.6114309 0.9528707 0.563005 0.8911275 0.5723918 0.899137 0.5775805 0.8831409 0.6184412 0.9180058 0.6166193 0.9368745 0.626006 0.9448841 0.5705699 0.9180058 0.5723918 0.899137 0.563005 0.8911275 0.626006 0.8911275 0.6166193 0.899137 0.6184412 0.9180058 0.563005 0.9448841 0.5723918 0.9368745 0.5705699 0.9180058 0.5922367 0.8301048 0.6066973 0.8257191 0.6189563 0.8132298 0.6189563 0.8132298 0.6271476 0.7945383 0.5922367 0.8301048 0.6271476 0.7945383 0.630024 0.7724902 0.5922367 0.8301048 0.630024 0.7724902 0.6271476 0.7504421 0.6189563 0.7317506 0.6189563 0.7317506 0.6066973 0.7192613 0.5922367 0.7148756 0.5922367 0.7148756 0.5777761 0.7192613 0.5655171 0.7317506 0.5655171 0.7317506 0.5573258 0.7504421 0.5544494 0.7724902 0.5544494 0.7724902 0.5573258 0.7945383 0.5922367 0.8301048 0.5573258 0.7945383 0.5655171 0.8132298 0.5922367 0.8301048 0.5655171 0.8132298 0.5777761 0.8257191 0.5922367 0.8301048 0.630024 0.7724902 0.6189563 0.7317506 0.5922367 0.8301048 0.6189563 0.7317506 0.5922367 0.7148756 0.5922367 0.8301048 0.5922367 0.7148756 0.5655171 0.7317506 0.5922367 0.8301048 0.5945057 0.8923909 0.5945057 0.8902804 0.5945057 0.8902804 0.5945057 0.9376105 0.5945057 0.9436205 0.5945057 0.9436205 0.5945057 0.898401 0.5945057 0.8923909 0.5945057 0.8923909 0.5945057 0.9286157 0.5945057 0.9376105 0.5945057 0.9376105 0.5945057 0.9073957 0.5945057 0.898401 0.5945057 0.898401 0.5945057 0.9180058 0.5945057 0.9286157 0.5945057 0.9286157 0.5945057 0.9286157 0.5945057 0.9180058 0.5945057 0.9180058 0.5945057 0.9180058 0.5945057 0.9073957 0.5945057 0.9073957 0.5945057 0.9073957 0.5945057 0.9180058 0.5945057 0.9180058 0.5945057 0.9376105 0.5945057 0.9286157 0.5945057 0.9286157 0.5945057 0.898401 0.5945057 0.9073957 0.5945057 0.9073957 0.5945057 0.9436205 0.5945057 0.9376105 0.5945057 0.9376105 0.5945057 0.8923909 0.5945057 0.898401 0.5945057 0.898401 0.5945057 0.9457311 0.5945057 0.9436205 0.5945057 0.9436205 0.5945057 0.8902804 0.5945057 0.8923909 0.5945057 0.8923909 0.6066973 0.8257191 0.5922367 0.8301048 0.5777761 0.8257191 0.5777761 0.8257191 0.5655171 0.8132298 0.5573258 0.7945383 0.5573258 0.7945383 0.5544494 0.7724902 0.5573258 0.7504421 0.5573258 0.7504421 0.5655171 0.7317506 0.5777761 0.7192613 0.5777761 0.7192613 0.5922367 0.7148756 0.6066973 0.7192613 0.6066973 0.7192613 0.6189563 0.7317506 0.5777761 0.7192613 0.6189563 0.7317506 0.6271476 0.7504421 0.5777761 0.7192613 0.6271476 0.7504421 0.630024 0.7724902 0.6271476 0.7945383 0.6271476 0.7945383 0.6189563 0.8132298 0.6066973 0.8257191 0.6066973 0.8257191 0.5777761 0.8257191 0.5573258 0.7945383 0.5573258 0.7945383 0.5573258 0.7504421 0.5777761 0.7192613 0.6271476 0.7504421 0.6271476 0.7945383 0.6066973 0.8257191 0.6066973 0.8257191 0.5573258 0.7945383 0.6271476 0.7504421 0.555452 0.960314 0.6320089 0.960314 0.6320089 0.9945921 0.555452 0.8819522 0.6320089 0.8819522 0.6320089 0.8474208 0.555452 0.933632 0.6320089 0.933632 0.6320089 0.8819522 0.555452 0.9945924 0.6320089 0.9945924 0.6320089 0.933632 0.6314628 0.9354271 0.5549059 0.9354271 0.5549059 0.9963876 0.6314628 0.8837476 0.5549059 0.8837476 0.5549059 0.9354271 0.6314628 0.8492162 0.5549059 0.8492162 0.5549059 0.8837476 0.555452 0.9945924 0.6320089 0.9945924 0.6320089 0.960314 0.6314628 0.9621092 0.5549059 0.9621092 0.5549059 0.9963876 0.6314628 0.8492162 0.6314628 0.8837476 0.5549059 0.8837476 0.6314628 0.8837476 0.6314628 0.9354271 0.5549059 0.9354271 0.6314628 0.9354271 0.6314628 0.9963876 0.5549059 0.9963876 0.555452 0.9945924 0.555452 0.933632 0.6320089 0.933632 0.555452 0.933632 0.555452 0.8819522 0.6320089 0.8819522 0.555452 0.8819522 0.555452 0.8474208 0.6320089 0.8474208 0.6314628 0.9621092 0.6314628 0.9963876 0.5549059 0.9963878 0.5945057 0.9436205 0.5945057 0.9457311 0.5945057 0.9457311 0.6114309 0.8831409 0.6166193 0.899137 0.626006 0.8911275 0.5775805 0.9528707 0.5723918 0.9368745 0.563005 0.9448841 0.6036655 0.8724525 0.6114309 0.8831409 0.6186151 0.8683413 0.5814578 0.9828955 0.5853458 0.963559 0.5775805 0.9528707 0.5945057 0.8686992 0.6036655 0.8724525 0.6075536 0.853116 0.6075536 0.9828955 0.6036655 0.963559 0.5945057 0.9673123 0.5945057 0.9673123 0.5853458 0.963559 0.5814578 0.9828955 0.5814578 0.853116 0.5853458 0.8724525 0.5945057 0.8686992 0.6186151 0.9676701 0.6114309 0.9528707 0.6036655 0.963559 0.5775805 0.8831409 0.5853458 0.8724525 0.5814578 0.853116 0.626006 0.9448841 0.6166193 0.9368745 0.6114309 0.9528707 0.563005 0.8911275 0.5723918 0.899137 0.5775805 0.8831409 0.6184412 0.9180058 0.6166193 0.9368745 0.626006 0.9448841 0.5705699 0.9180058 0.5723918 0.899137 0.563005 0.8911275 0.626006 0.8911275 0.6166193 0.899137 0.6184412 0.9180058 0.563005 0.9448841 0.5723918 0.9368745 0.5705699 0.9180058 0.5922367 0.8301048 0.6066973 0.8257191 0.6189563 0.8132298 0.6189563 0.8132298 0.6271476 0.7945383 0.5922367 0.8301048 0.6271476 0.7945383 0.630024 0.7724902 0.5922367 0.8301048 0.630024 0.7724902 0.6271476 0.7504421 0.6189563 0.7317506 0.6189563 0.7317506 0.6066973 0.7192613 0.5922367 0.7148756 0.5922367 0.7148756 0.5777761 0.7192613 0.5655171 0.7317506 0.5655171 0.7317506 0.5573258 0.7504421 0.5544494 0.7724902 0.5544494 0.7724902 0.5573258 0.7945383 0.5655171 0.8132298 0.5655171 0.8132298 0.5777761 0.8257191 0.5922367 0.8301048 0.630024 0.7724902 0.6189563 0.7317506 0.5922367 0.8301048 0.6189563 0.7317506 0.5922367 0.7148756 0.5922367 0.8301048 0.5922367 0.7148756 0.5655171 0.7317506 0.5922367 0.8301048 0.5655171 0.7317506 0.5544494 0.7724902 0.5922367 0.8301048 0.5945057 0.8923909 0.5945057 0.8902804 0.5945057 0.8902804 0.5945057 0.9376105 0.5945057 0.9436205 0.5945057 0.9436205 0.5945057 0.898401 0.5945057 0.8923909 0.5945057 0.8923909 0.5945057 0.9286157 0.5945057 0.9376105 0.5945057 0.9376105 0.5945057 0.9073957 0.5945057 0.898401 0.5945057 0.898401 0.5945057 0.9180058 0.5945057 0.9286157 0.5945057 0.9286157 0.5945057 0.9286157 0.5945057 0.9180058 0.5945057 0.9180058 0.5945057 0.9180058 0.5945057 0.9073957 0.5945057 0.9073957 0.5945057 0.9073957 0.5945057 0.9180058 0.5945057 0.9180058 0.5945057 0.9376105 0.5945057 0.9286157 0.5945057 0.9286157 0.5945057 0.898401 0.5945057 0.9073957 0.5945057 0.9073957 0.5945057 0.9436205 0.5945057 0.9376105 0.5945057 0.9376105 0.5945057 0.8923909 0.5945057 0.898401 0.5945057 0.898401 0.5945057 0.9457311 0.5945057 0.9436205 0.5945057 0.9436205 0.5945057 0.8902804 0.5945057 0.8923909 0.5945057 0.8923909 0.6066973 0.8257191 0.5922367 0.8301048 0.5777761 0.8257191 0.5777761 0.8257191 0.5655171 0.8132298 0.5573258 0.7945383 0.5573258 0.7945383 0.5544494 0.7724902 0.5573258 0.7504421 0.5573258 0.7504421 0.5655171 0.7317506 0.5777761 0.7192613 0.5777761 0.7192613 0.5922367 0.7148756 0.6066973 0.7192613 0.6066973 0.7192613 0.6189563 0.7317506 0.5777761 0.7192613 0.6189563 0.7317506 0.6271476 0.7504421 0.5777761 0.7192613 0.6271476 0.7504421 0.630024 0.7724902 0.6271476 0.7945383 0.6271476 0.7945383 0.6189563 0.8132298 0.6066973 0.8257191 0.6066973 0.8257191 0.5777761 0.8257191 0.5573258 0.7945383 0.5573258 0.7945383 0.5573258 0.7504421 0.5777761 0.7192613 0.6271476 0.7504421 0.6271476 0.7945383 0.6066973 0.8257191 0.6066973 0.8257191 0.5573258 0.7945383 0.5777761 0.7192613 0.3760738 0.3605551 0.4359489 0.3605551 0.4359489 0.2765182 0.1657854 0.6852304 0.1657854 0.8189478 0.01441127 0.7015911 0.5081025 0.8693769 0.456372 0.8818646 0.456372 0.7045079 0.1828708 0.8820666 0.01208096 0.9057173 0.01208096 0.7101578 0.1822552 0.9057173 0.0114656 0.9057173 0.0114656 0.7101578 0.1792086 0.9057173 0.008418977 0.9057173 0.008418977 0.7101578 0.178593 0.7101578 0.178593 0.9057173 0.00780338 0.8899501 0.4685339 0.6852304 0.4685339 0.8997847 0.3171597 0.8753947 0.3171597 0.6852304 0.3171597 0.8753947 0.1657854 0.8189478 0.545277 0.7978431 0.5081025 0.8693769 0.5081025 0.7045079 0.3161986 0.3605551 0.3161986 0.4249626 0.3760738 0.4249626 0.1649863 0.864325 0.1454158 0.864325 0.1454158 0.9951219 0.1183289 0.864325 0.0865491 0.864325 0.0865491 0.9951219 0.1501086 0.864325 0.1183289 0.864325 0.1183289 0.9951219 0.1818884 0.864325 0.1501086 0.864325 0.1501086 0.9951219 0.2136681 0.864325 0.1818884 0.864325 0.1818884 0.9951219 0.2454478 0.864325 0.2136681 0.864325 0.2136681 0.9951219 0.2772276 0.864325 0.2454478 0.864325 0.2454478 0.9951219 0.3758755 0.5702458 0.3758755 0.4965489 0.4528114 0.4965489 0.1652857 0.3100747 0.1652857 0.2768678 0.08722364 0.2768678 0.2433479 0.3100747 0.2433479 0.2768678 0.1652857 0.2768678 0.08351343 0.2768679 0.005451261 0.2768678 0.005451261 0.3100747 0.1615758 0.2768679 0.08351343 0.2768679 0.08351343 0.3100747 0.2396378 0.2768679 0.1615758 0.2768679 0.1615758 0.3100747 0.3177001 0.2768679 0.2396378 0.2768679 0.2396378 0.3100747 0.3547796 0.2768679 0.3177001 0.2768679 0.3177001 0.3100747 0.1608809 0.5108523 0.1075319 0.5108523 0.1075319 0.63611 0.3920094 0.6448754 0.3920094 0.8108702 0.2760687 0.8108702 0.4374633 0.9084083 0.331708 0.9225397 0.331708 0.8859143 0.3161986 0.2765182 0.3161986 0.2117502 0.3161986 0.2117502 0.4374633 0.8859143 0.331708 0.8859143 0.331708 0.8057156 0.3161986 0.2765182 0.3760738 0.2765182 0.3760738 0.2117501 0.5432185 0.8859143 0.4374633 0.8859143 0.4374633 0.8057156 0.5432185 0.9084083 0.4374633 0.9084083 0.4374633 0.8859143 0.1608809 0.5108523 0.1608809 0.63611 0.2142299 0.63611 0.3547796 0.3100747 0.3177001 0.3100747 0.3177001 0.3432815 0.3177001 0.3100747 0.2396378 0.3100747 0.2396378 0.3432815 0.2396378 0.3100747 0.1615758 0.3100747 0.1615756 0.3432815 0.1615758 0.3100747 0.08351343 0.3100747 0.08351343 0.3432815 0.08351343 0.3100747 0.005451261 0.3100747 0.005451261 0.3432815 0.2433479 0.3100747 0.1652857 0.3100747 0.1652857 0.3432815 0.1652857 0.3100747 0.08722364 0.3100747 0.08722364 0.3432815 0.3760738 0.3605551 0.3760738 0.4249626 0.4359489 0.4249626 0.2177367 0.5176108 0.2177367 0.3834782 0.1119814 0.3834782 0.2177367 0.1978295 0.2177367 -0.01998293 0.1119814 -0.01998293 0.2177367 0.415642 0.2177367 0.1978295 0.1119814 0.1978295 0.2177367 0.6334545 0.2177367 0.415642 0.1119814 0.415642 0.2177367 0.851267 0.2177367 0.6334545 0.1119814 0.6334545 0.2177367 1.069079 0.2177367 0.851267 0.1119814 0.851267 0.2177367 1.286892 0.2177367 1.069079 0.1119814 1.069079 0.1119814 1.390353 0.2177367 1.390353 0.2177367 1.286892 0.4467195 0.7039789 0.4467195 0.8108702 0.3920094 0.8108702 0.3161986 0.3605551 0.3760738 0.3605551 0.3760738 0.2765182 0.3234919 0.6320081 0.3234919 0.5605898 0.2177367 0.5605898 0.331708 0.8859143 0.1075935 0.8859143 0.1075935 0.8057156 0.331708 0.9225397 0.1075935 0.9225397 0.1075935 0.8859143 0.08722364 0.2064965 0.009161412 0.2064965 0.009161412 0.2768678 0.3547796 0.2064965 0.3177001 0.2064965 0.3177001 0.2768679 0.3177001 0.2064965 0.2396378 0.2064965 0.2396378 0.2768679 0.2396378 0.2064965 0.1615758 0.2064965 0.1615758 0.2768679 0.1615758 0.2064965 0.08351343 0.2064965 0.08351343 0.2768679 0.08351343 0.2064965 0.005451261 0.2064965 0.005451261 0.2768678 0.2433479 0.2064965 0.1652857 0.2064965 0.1652857 0.2768678 0.1652857 0.2064965 0.08722364 0.2064965 0.08722364 0.2768678 0.1156687 0.8633041 0.1156687 0.9942465 0.3736321 0.9942465 0.6389164 0.006275594 0.5478012 0.006275594 0.5478012 0.1205437 0.3177001 0.2064965 0.2396378 0.2064965 0.2396378 0.2064965 0.2685465 0.526221 0.3687077 0.526221 0.3687077 0.5729916 0.2396378 0.2768679 0.2396378 0.2768679 0.3177001 0.2768679 0.3177001 0.2768679 0.3177001 0.2064965 0.3177001 0.2064965 0.5290476 0.3638406 0.5104483 0.2967315 0.5290476 0.4210758 0.5104483 0.2967315 0.4845666 0.2775738 0.5290476 0.4210758 0.4845666 0.2775738 0.4300786 0.2775738 0.5290476 0.4210758 0.4300786 0.2775738 0.3755908 0.2775738 0.5290476 0.4210758 0.3755908 0.2775738 0.3211028 0.2775738 0.5290476 0.4210758 0.3211028 0.2775738 0.2666149 0.2775738 0.103151 0.4210758 0.5290476 0.4210758 0.3211028 0.2775738 0.103151 0.4210758 0.2121269 0.2775738 0.157639 0.2775738 0.103151 0.4210758 0.157639 0.2775738 0.103151 0.3809508 0.103151 0.4210758 0.2666149 0.2775738 0.2121269 0.2775738 0.103151 0.4210758 0.3694449 0.6813907 0.3754574 0.6813907 0.3754574 0.6471814 0.3754574 0.6471814 0.2377782 0.6471814 0.3082353 0.6813907 0.2377782 0.6471814 0.2377782 0.6813907 0.2553925 0.6813907 0.2377782 0.6471814 0.2553925 0.6813907 0.2730067 0.6813907 0.3610781 0.6813907 0.3694449 0.6813907 0.3754574 0.6471814 0.3434638 0.6813907 0.3610781 0.6813907 0.3754574 0.6471814 0.2377782 0.6471814 0.2730067 0.6813907 0.290621 0.6813907 0.2377782 0.6471814 0.290621 0.6813907 0.3082353 0.6813907 0.3258495 0.6813907 0.3434638 0.6813907 0.3754574 0.6471814 0.331708 0.8859143 0.331708 0.9225397 0.4374633 0.9084083 0.6190931 0.2368525 0.5493404 0.2580264 0.5493404 0.2031489 0.4374633 0.9084083 0.4374633 0.9084083 0.4374633 0.8859143 0.331708 0.8859143 0.331708 0.8859143 0.331708 0.9225397 0.4374633 0.8859143 0.4374633 0.8859143 0.331708 0.8859143 0.331708 0.9225397 0.331708 0.9225397 0.4374633 0.9084083 0 0 0 0 0 0 0 0 0 0 0 0 -0.112133 0.5176109 -0.112133 0.5176109 0.1119814 0.5176109 0.005252182 0.6382712 0.2126414 0.6382713 0.2126414 0.5236674 0.3161986 0.2765182 0.3161986 0.2765182 0.3161986 0.3605551 0.005252182 0.5236674 0.2126414 0.5236674 0.2126414 0.4363648 0 0 0 0 0 0 0 0 0 0 0 0 0.3275286 0.5165792 0.2275726 0.5165892 0.2297638 0.5201383 0.2275772 0.5818287 0.2275726 0.6316269 0.2297638 0.6280778 0.2275772 0.5818287 0.2297638 0.5818287 0.2297638 0.5201383 0.3275286 0.631637 0.3275286 0.6280778 0.2297638 0.6280778 0.1893123 0.3605551 0.3161986 0.3605551 0.3161986 0.3605551 0.4359489 0.2765182 0.4359489 0.3605551 0.3760738 0.3605551 0.1657854 0.6852304 0.01441127 0.6852304 0.01441127 0.7015911 0.456372 0.7045079 0.456372 0.8818646 0.5081025 0.8693769 0.01208096 0.7101578 0.01208096 0.9057173 0.1828708 0.8820666 0.0114656 0.7101578 0.0114656 0.9057173 0.1822552 0.9057173 0.008418977 0.7101578 0.008418977 0.9057173 0.1792086 0.9057173 0.178593 0.7101578 0.00780338 0.7101578 0.00780338 0.8899501 0.4685339 0.6852304 0.3171597 0.6852304 0.3171597 0.8753947 0.3171597 0.6852304 0.1657854 0.6852304 0.1657854 0.8189478 0.5081025 0.7045079 0.5081025 0.8693769 0.545277 0.7978431 0.3760738 0.4249626 0.3161986 0.4249626 0.3161986 0.3605551 0.2489446 0.989385 0.2489446 0.8646123 0.2744655 0.8646123 0.0865491 0.9951219 0.0865491 0.864325 0.1183289 0.864325 0.1183289 0.9951219 0.1183289 0.864325 0.1501086 0.864325 0.1501086 0.9951219 0.1501086 0.864325 0.1818884 0.864325 0.1818884 0.9951219 0.1818884 0.864325 0.2136681 0.864325 0.2136681 0.9951219 0.2136681 0.864325 0.2454478 0.864325 0.2454478 0.9951219 0.2454478 0.864325 0.2772276 0.864325 0.4528114 0.4965489 0.5297478 0.4965489 0.5297478 0.5702458 0.1652857 0.3100747 0.08722364 0.3100747 0.08722364 0.2768678 0.2433479 0.3100747 0.1652857 0.3100747 0.1652857 0.2768678 0.005451261 0.3100747 0.005451261 0.2768678 0.08351343 0.2768679 0.08351343 0.3100747 0.08351343 0.2768679 0.1615758 0.2768679 0.1615758 0.3100747 0.1615758 0.2768679 0.2396378 0.2768679 0.2396378 0.3100747 0.2396378 0.2768679 0.3177001 0.2768679 0.3177001 0.3100747 0.3177001 0.2768679 0.3547796 0.2768679 0.1608809 0.5108523 0.1608809 0.63611 0.1075319 0.63611 0.2760687 0.8108702 0.1601279 0.8108702 0.1601279 0.6448754 0.331708 0.8859143 0.331708 0.9225397 0.4374633 0.9084083 0.3161986 0.2765182 0.3161986 0.2765182 0.3161986 0.2117502 0.331708 0.8057156 0.331708 0.8859143 0.4374633 0.8859143 0.3760738 0.2117501 0.3760738 0.2765182 0.3161986 0.2765182 0.4374633 0.8057156 0.4374633 0.8859143 0.5432185 0.8859143 0.4374633 0.8859143 0.4374633 0.9084083 0.5432185 0.9084083 0.2142299 0.63611 0.1608809 0.63611 0.1608809 0.5108523 0.3177001 0.3432815 0.3177001 0.3100747 0.3547796 0.3100747 0.2396378 0.3432815 0.2396378 0.3100747 0.3177001 0.3100747 0.1615756 0.3432815 0.1615758 0.3100747 0.2396378 0.3100747 0.08351343 0.3432815 0.08351343 0.3100747 0.1615758 0.3100747 0.005451261 0.3432815 0.005451261 0.3100747 0.08351343 0.3100747 0.1652857 0.3432815 0.1652857 0.3100747 0.2433479 0.3100747 0.08722364 0.3432815 0.08722364 0.3100747 0.1652857 0.3100747 0.4359489 0.4249626 0.3760738 0.4249626 0.3760738 0.3605551 0.1119814 0.3834782 0.2177367 0.3834782 0.2177367 0.5176108 0.1119814 -0.01998293 0.2177367 -0.01998293 0.2177367 0.1978295 0.1119814 0.1978295 0.2177367 0.1978295 0.2177367 0.415642 0.1119814 0.415642 0.2177367 0.415642 0.2177367 0.6334545 0.1119814 0.6334545 0.2177367 0.6334545 0.2177367 0.851267 0.1119814 0.851267 0.2177367 0.851267 0.2177367 1.069079 0.1119814 1.069079 0.2177367 1.069079 0.2177367 1.286892 0.1119814 1.390353 0.1119814 1.286892 0.2177367 1.286892 0.1601279 0.8108702 0.1054179 0.8108702 0.1054179 0.7039789 0.3760738 0.2765182 0.3760738 0.3605551 0.3161986 0.3605551 0.2177367 0.5605898 0.3234919 0.5605898 0.3234919 0.6320081 0.1075935 0.8057156 0.1075935 0.8859143 0.331708 0.8859143 0.1075935 0.8859143 0.1075935 0.9225397 0.331708 0.9225397 0.009161412 0.2768678 0.009161412 0.2064965 0.08722364 0.2064965 0.3177001 0.2768679 0.3177001 0.2064965 0.3547796 0.2064965 0.2396378 0.2768679 0.2396378 0.2064965 0.3177001 0.2064965 0.1615758 0.2768679 0.1615758 0.2064965 0.2396378 0.2064965 0.08351343 0.2768679 0.08351343 0.2064965 0.1615758 0.2064965 0.005451261 0.2768678 0.005451261 0.2064965 0.08351343 0.2064965 0.1652857 0.2768678 0.1652857 0.2064965 0.2433479 0.2064965 0.08722364 0.2768678 0.08722364 0.2064965 0.1652857 0.2064965 0.3736321 0.9942465 0.1156687 0.9942465 0.1156687 0.8633041 0.5478012 0.1205437 0.5478012 0.006275594 0.6389164 0.006275594 0.2396378 0.2064965 0.2396378 0.2064965 0.3177001 0.2064965 0.3687077 0.5729916 0.3687077 0.526221 0.2685465 0.526221 0.2396378 0.2768679 0.3177001 0.2768679 0.3177001 0.2768679 0.3177001 0.2064965 0.3177001 0.2064965 0.3177001 0.2768679 0.103151 0.4210758 0.103151 0.3809508 0.157639 0.2775738 0.103151 0.4210758 0.157639 0.2775738 0.2121269 0.2775738 0.103151 0.4210758 0.2121269 0.2775738 0.2666149 0.2775738 0.103151 0.4210758 0.2666149 0.2775738 0.3211028 0.2775738 0.103151 0.4210758 0.3211028 0.2775738 0.5290476 0.4210758 0.3211028 0.2775738 0.3755908 0.2775738 0.5290476 0.4210758 0.4300786 0.2775738 0.4845666 0.2775738 0.5290476 0.4210758 0.4845666 0.2775738 0.5104483 0.2967315 0.5290476 0.4210758 0.3755908 0.2775738 0.4300786 0.2775738 0.5290476 0.4210758 0.5290476 0.4210758 0.5104483 0.2967315 0.5290476 0.3638406 0.3754574 0.6471814 0.3754574 0.6813907 0.3694449 0.6813907 0.3754574 0.6471814 0.3694449 0.6813907 0.3610781 0.6813907 0.2377782 0.6813907 0.2377782 0.6471814 0.2553925 0.6813907 0.2377782 0.6471814 0.3754574 0.6471814 0.3082353 0.6813907 0.2553925 0.6813907 0.2377782 0.6471814 0.2730067 0.6813907 0.2730067 0.6813907 0.2377782 0.6471814 0.290621 0.6813907 0.3754574 0.6471814 0.3610781 0.6813907 0.3434638 0.6813907 0.3754574 0.6471814 0.3434638 0.6813907 0.3258495 0.6813907 0.290621 0.6813907 0.2377782 0.6471814 0.3082353 0.6813907 0.4374633 0.9084083 0.331708 0.9225397 0.331708 0.8859143 0.5493404 0.2031489 0.5493404 0.2580264 0.6190931 0.2368525 0.4374633 0.8859143 0.4374633 0.9084083 0.4374633 0.9084083 0.331708 0.9225397 0.331708 0.8859143 0.331708 0.8859143 0.331708 0.8859143 0.4374633 0.8859143 0.4374633 0.8859143 0.4374633 0.9084083 0.331708 0.9225397 0.331708 0.9225397 0.1119814 0.5176109 -0.112133 0.5176109 -0.112133 0.5176109 0.2126414 0.5236674 0.2126414 0.6382713 0.005252182 0.6382712 0.3161986 0.3605551 0.3161986 0.2765182 0.3161986 0.2765182 0.2126414 0.4363648 0.2126414 0.5236674 0.005252182 0.5236674 0.3275286 0.5165792 0.3275286 0.5201383 0.2297638 0.5201383 0.2275772 0.5818287 0.2297638 0.5818287 0.2297638 0.6280778 0.2297638 0.5201383 0.2297638 0.5818287 0.2275772 0.5818287 0.2297638 0.6280778 0.3275286 0.6280778 0.3275286 0.631637 0.1893123 0.3605551 0.1893123 0.3605551 0.3161986 0.3605551 0.3760738 0.2765182 0.3760738 0.3605551 0.3161986 0.3605551 0.3161986 0.3605551 0.3760738 0.3605551 0.3760738 0.2765182 0.3760738 0.3605551 0.3760738 0.3605551 0.3161986 0.3605551 0.3161986 0.3605551 0.3161986 0.3605551 0.3760738 0.3605551 0.3161986 0.2765182 0.3161986 0.2765182 0.3760738 0.2765182 0.3760738 0.3605551 0.3760738 0.3605551 0.3760737 0.2765181 0.6597866 0.2107158 0.6597866 0.2396634 0.622671 0.2396633 0.3760738 0.2765182 0.3760738 0.2765182 0.3760738 0.3605551 0.622671 0.2396633 0.6597866 0.2396634 0.6597866 0.2107158 0.3760738 0.2765182 0.3760737 0.2765181 0.3161986 0.2765182 0.3161986 0.2765182 0.3161986 0.2765182 0.3161986 0.3605551 0.3196529 0.2882308 0.3161986 0.2765182 0.3161986 0.3605551 0.3760738 0.3605551 0.3726195 0.3488425 0.3196529 0.3488425 0.3726195 0.2882308 0.3760738 0.2765182 0.3161986 0.2765182 0.3760738 0.3605551 0.3760738 0.2765182 0.3726195 0.2882308 0.3161986 0.3605551 0.3161986 0.2765182 0.3196529 0.2882308 0.3726195 0.3488425 0.3760738 0.3605551 0.3161986 0.3605551 0.3760737 0.2765181 0.3726195 0.2882308 0.3196529 0.2882308 0.3726195 0.2882308 0.3760737 0.2765181 0.3760738 0.3605551 0.3161986 0.3605551 0.3161986 0.3605551 0.3161986 0.2765182 0.6488195 0.3389977 0.6488195 0.4275676 0.7460776 0.4275676 0.7460776 0.4275676 0.6488195 0.4275676 0.6488195 0.3389977 0.2302379 0.6132072 0.2302379 0.5906186 0.3320842 0.6003616 0.3033035 0.6132072 0.3033035 0.5906186 0.2590186 0.5906186 0.2302379 0.6132072 0.3320842 0.6229502 0.3320842 0.6003616 0.2590186 0.6229502 0.2590186 0.6003616 0.3033035 0.6003616 0.6488195 0.3389977 0.6488195 0.4275676 0.7460776 0.4275676 0.7460776 0.4275676 0.6488195 0.4275676 0.6488195 0.3389977 0.2302379 0.6132072 0.2302379 0.5906186 0.3320842 0.6003616 0.3033035 0.6132072 0.3033035 0.5906186 0.2590186 0.5906186 0.2302379 0.6132072 0.3320842 0.6229502 0.3320842 0.6003616 0.2590186 0.6229502 0.2590186 0.6003616 0.3033035 0.6003616 0.4129427 0.2246531 0.4129427 0.2246531 0.4549244 0.2246531 0.4549244 0.2157093 0.4549244 0.2157093 0.4129427 0.2157093 0.3695389 0.2083728 0.4129427 0.2083728 0.4129427 0.2629867 0.4129427 0.2629867 0.4129427 0.2083728 0.4563466 0.2083728 0.4549244 0.2157093 0.4129427 0.2157093 0.4129427 0.2128648 0.4549244 0.2157093 0.4563466 0.2128648 0.4563466 0.2274975 0.3709611 0.2157093 0.3695389 0.2128648 0.4129427 0.2128648 0.3709611 0.2246531 0.3695389 0.2274975 0.3695389 0.2128648 0.3709611 0.2246531 0.4129427 0.2246531 0.4129427 0.2274975 0.4549244 0.2246531 0.4563466 0.2274975 0.4129427 0.2274975 0.6321811 0.7040092 0.6321811 0.6465094 0.7077159 0.6465094 0.5566461 0.6465094 0.6321811 0.6465094 0.6321811 0.7040092 0.3709611 0.2157093 0.3709611 0.2157093 0.3709611 0.2246531 0.4549244 0.2246531 0.4549244 0.2246531 0.4549244 0.2157093 0.3709611 0.2246531 0.3709611 0.2246531 0.4129427 0.2246531 0.4129427 0.2157093 0.4129427 0.2157093 0.3709611 0.2157093 0.9487044 0.7050004 0.8949745 0.7050004 0.8949745 0.5932822 0.9574406 0.7001013 0.9574406 0.6937095 0.9862596 0.6964664 0.9781157 0.7001013 0.9781157 0.6937095 0.9655846 0.6937095 0.9574406 0.7001013 0.9862596 0.7028582 0.9862596 0.6964664 0.9655846 0.7028582 0.9655846 0.6964664 0.9781157 0.6964664 0.9487044 0.7050004 0.8949745 0.7050004 0.8949745 0.5932822 0.9574406 0.7001013 0.9574406 0.6937095 0.9862596 0.6964664 0.9781157 0.7001013 0.9781157 0.6937095 0.9655846 0.6937095 0.9574406 0.7001013 0.9862596 0.7028582 0.9862596 0.6964664 0.9655846 0.7028582 0.9655846 0.6964664 0.9781157 0.6964664 0.8949745 0.5932822 0.8949745 0.7050004 0.9487044 0.7050004 0.9862596 0.6964664 0.9574406 0.6937095 0.9574406 0.7001013 0.9655846 0.6937095 0.9781157 0.6937095 0.9781157 0.7001013 0.9574406 0.7001013 0.9574406 0.6937095 0.9862596 0.6964664 0.9781157 0.6964664 0.9655846 0.6964664 0.9655846 0.7028582 0.8949745 0.5932822 0.8949745 0.7050004 0.9487044 0.7050004 0.9862596 0.6964664 0.9574406 0.6937095 0.9574406 0.7001013 0.9655846 0.6937095 0.9781157 0.6937095 0.9781157 0.7001013 0.9574406 0.7001013 0.9574406 0.6937095 0.9862596 0.6964664 0.9781157 0.6964664 0.9655846 0.6964664 0.9655846 0.7028582 0.2441996 0.6181357 0.2761204 0.5042764 0.3166882 0.5042764 0.2441996 0.6181357 0.348609 0.6181357 0.3166882 0.5042764</float_array>
          <technique_common>
            <accessor source="#Cube_003-mesh-map-0-array" count="5322" stride="2">
              <param name="S" type="float"/>
              <param name="T" type="float"/>
            </accessor>
          </technique_common>
        </source>
        <vertices id="Cube_003-mesh-vertices">
          <input semantic="POSITION" source="#Cube_003-mesh-positions"/>
        </vertices>
        <triangles material="Material_002-material" count="1774">
          <input semantic="VERTEX" source="#Cube_003-mesh-vertices" offset="0"/>
          <input semantic="NORMAL" source="#Cube_003-mesh-normals" offset="1"/>
          <input semantic="TEXCOORD" source="#Cube_003-mesh-map-0" offset="2" set="0"/>
          <p>1 0 0 2 1 1 0 2 2 3 3 3 4 4 4 2 1 5 5 5 6 6 6 7 4 4 8 7 7 9 8 8 10 6 6 11 9 9 12 10 10 13 8 8 14 11 11 15 12 12 16 10 10 17 13 13 18 14 14 19 12 12 20 14 14 21 17 15 22 16 16 23 16 16 24 19 17 25 18 18 26 18 18 27 21 19 28 20 20 29 20 20 30 23 21 31 22 22 32 22 22 33 25 23 34 24 24 35 24 24 36 27 25 37 26 26 38 27 25 39 28 27 40 26 26 41 29 28 42 30 29 43 28 27 44 31 30 45 0 2 46 30 29 47 52 31 48 69 32 49 53 33 50 37 34 51 54 35 52 38 36 53 46 37 54 61 38 55 62 39 56 38 36 57 55 40 58 39 41 59 46 37 60 63 42 61 47 43 62 39 41 63 56 44 64 40 45 65 32 46 66 48 47 67 33 45 68 47 43 69 49 48 70 32 46 71 41 49 72 56 44 73 57 50 74 34 51 75 48 47 76 50 52 77 42 53 78 57 50 79 58 54 80 34 51 81 51 55 82 35 56 83 42 53 84 59 57 85 43 58 86 35 56 87 52 45 88 36 45 89 43 58 90 60 45 91 44 45 92 37 34 93 52 45 94 53 45 95 45 59 96 60 45 97 61 38 98 74 60 99 70 45 100 66 61 101 60 62 102 77 63 103 61 64 104 53 33 105 70 65 106 54 66 107 61 64 108 78 67 109 62 68 110 54 66 111 71 69 112 55 70 113 62 68 114 79 71 115 63 72 116 55 70 117 72 73 118 56 74 119 49 75 120 64 76 121 48 77 122 63 72 123 65 78 124 49 75 125 56 74 126 73 79 127 57 80 128 48 77 129 66 81 130 50 82 131 57 80 132 74 83 133 58 84 134 50 82 135 67 85 136 51 86 137 58 84 138 75 87 139 59 88 140 51 86 141 68 89 142 52 31 143 59 88 144 76 90 145 60 62 146 87 91 147 91 92 148 95 93 149 97 94 150 98 95 151 96 96 152 99 97 153 100 98 154 98 95 155 101 99 156 102 100 157 100 98 158 103 101 159 104 102 160 102 100 161 105 103 162 106 104 163 104 102 164 107 105 165 108 106 166 106 104 167 109 107 168 110 108 169 108 106 170 110 108 171 113 109 172 112 110 173 112 110 174 115 111 175 114 112 176 114 112 177 117 113 178 116 114 179 116 114 180 119 115 181 118 116 182 118 116 183 121 117 184 120 118 185 120 118 186 123 119 187 122 120 188 122 120 189 125 121 190 124 122 191 125 121 192 126 123 193 124 122 194 127 124 195 96 96 196 126 123 197 148 125 198 165 126 199 149 127 200 133 128 201 150 129 202 134 130 203 142 131 204 157 132 205 158 45 206 134 130 207 151 133 208 135 134 209 143 135 210 158 45 211 159 136 212 135 134 213 152 137 214 136 45 215 129 138 216 145 139 217 144 140 218 143 135 219 145 139 220 128 141 221 137 142 222 152 137 223 153 143 224 130 144 225 144 140 226 146 145 227 137 142 228 154 146 229 138 147 230 131 148 231 146 145 232 147 149 233 138 147 234 155 150 235 139 151 236 131 148 237 148 45 238 132 45 239 139 151 240 156 45 241 140 45 242 133 128 243 148 45 244 149 45 245 141 152 246 156 45 247 157 132 248 170 153 249 166 45 250 162 154 251 156 155 252 173 156 253 157 157 254 149 127 255 166 158 256 150 159 257 157 157 258 174 160 259 158 161 260 150 159 261 167 162 262 151 163 263 158 161 264 175 164 265 159 165 266 151 163 267 168 166 268 152 167 269 145 168 270 160 169 271 144 170 272 159 165 273 161 171 274 145 168 275 152 167 276 169 172 277 153 173 278 144 170 279 162 174 280 146 175 281 153 173 282 170 176 283 154 177 284 146 175 285 163 178 286 147 179 287 154 177 288 171 180 289 155 181 290 147 179 291 164 182 292 148 125 293 155 181 294 172 183 295 156 155 296 179 184 297 183 185 298 187 186 299 192 187 300 195 188 301 194 189 302 195 188 303 196 190 304 194 189 305 197 191 306 198 192 307 196 190 308 199 193 309 200 194 310 198 192 311 201 195 312 202 196 313 200 194 314 203 197 315 204 198 316 202 196 317 205 199 318 206 200 319 204 198 320 207 201 321 208 202 322 206 200 323 209 203 324 210 204 325 208 202 326 210 204 327 213 205 328 212 206 329 212 206 330 215 207 331 214 208 332 214 208 333 217 209 334 216 210 335 216 210 336 219 211 337 218 212 338 218 212 339 221 213 340 220 214 341 220 214 342 223 215 343 222 216 344 222 216 345 193 217 346 192 187 347 244 218 348 261 219 349 245 220 350 229 221 351 246 222 352 230 223 353 237 224 354 254 225 355 238 226 356 230 223 357 247 227 358 231 228 359 239 229 360 254 225 361 255 230 362 231 228 363 248 231 364 232 45 365 225 232 366 241 233 367 240 234 368 239 229 369 241 233 370 224 235 371 233 236 372 248 231 373 249 237 374 226 238 375 240 234 376 242 239 377 233 236 378 250 240 379 234 241 380 227 242 381 242 239 382 243 243 383 235 244 384 250 240 385 251 45 386 227 242 387 244 45 388 228 45 389 235 244 390 252 45 391 236 45 392 229 221 393 244 45 394 245 45 395 237 224 396 252 45 397 253 245 398 258 246 399 270 247 400 266 248 401 252 249 402 269 250 403 253 251 404 245 220 405 262 252 406 246 253 407 253 251 408 270 107 409 254 254 410 246 253 411 263 255 412 247 256 413 254 254 414 271 257 415 255 258 416 247 256 417 264 259 418 248 260 419 241 261 420 256 262 421 240 263 422 255 258 423 257 264 424 241 261 425 248 260 426 265 265 427 249 266 428 240 263 429 258 267 430 242 268 431 249 266 432 266 269 433 250 270 434 242 268 435 259 271 436 243 272 437 250 270 438 267 273 439 251 274 440 243 272 441 260 275 442 244 218 443 251 274 444 268 183 445 252 249 446 275 276 447 279 185 448 283 277 449 289 278 450 290 279 451 288 280 452 291 281 453 292 282 454 290 279 455 293 283 456 294 192 457 292 282 458 295 284 459 296 285 460 294 192 461 297 286 462 298 287 463 296 285 464 299 288 465 300 289 466 298 287 467 301 290 468 302 291 469 300 289 470 302 291 471 305 292 472 304 293 473 304 293 474 307 294 475 306 295 476 306 295 477 309 296 478 308 297 479 308 297 480 311 298 481 310 299 482 310 299 483 313 300 484 312 301 485 312 301 486 315 302 487 314 303 488 314 303 489 317 304 490 316 305 491 316 305 492 319 306 493 318 307 494 319 306 495 288 280 496 318 307 497 340 308 498 357 309 499 341 310 500 325 311 501 342 312 502 326 313 503 333 314 504 350 315 505 334 316 506 326 313 507 343 317 508 327 318 509 335 45 510 350 315 511 351 319 512 327 318 513 344 320 514 328 45 515 320 321 516 336 322 517 321 45 518 320 321 519 351 319 520 337 323 521 329 324 522 344 320 523 345 325 524 322 326 525 336 322 526 338 327 527 329 324 528 346 328 529 330 329 530 323 330 531 338 327 532 339 331 533 331 332 534 346 328 535 347 45 536 323 330 537 340 45 538 324 45 539 331 332 540 348 45 541 332 45 542 325 311 543 340 45 544 341 45 545 333 314 546 348 45 547 349 333 548 362 334 549 358 45 550 354 335 551 348 336 552 365 337 553 349 251 554 341 310 555 358 159 556 342 338 557 349 251 558 366 107 559 350 254 560 342 338 561 359 339 562 343 340 563 350 254 564 367 341 565 351 342 566 343 340 567 360 343 568 344 344 569 337 345 570 352 346 571 336 347 572 351 342 573 353 348 574 337 345 575 344 344 576 361 349 577 345 350 578 336 347 579 354 351 580 338 352 581 345 350 582 362 269 583 346 270 584 338 352 585 355 353 586 339 354 587 346 270 588 363 273 589 347 355 590 339 354 591 356 356 592 340 308 593 347 355 594 364 357 595 348 336 596 371 358 597 375 185 598 379 359 599 385 360 600 386 361 601 384 360 602 387 362 603 388 363 604 386 361 605 389 364 606 390 365 607 388 363 608 391 366 609 392 367 610 390 365 611 393 368 612 394 369 613 392 367 614 395 370 615 396 371 616 394 369 617 397 372 618 398 373 619 396 371 620 399 374 621 400 375 622 398 373 623 401 376 624 402 377 625 400 375 626 402 377 627 405 378 628 404 379 629 404 379 630 407 380 631 406 381 632 406 381 633 409 382 634 408 383 635 408 383 636 411 384 637 410 385 638 410 385 639 413 386 640 412 387 641 412 387 642 415 388 643 414 389 644 414 389 645 385 360 646 384 360 647 436 390 648 453 391 649 437 392 650 421 393 651 438 394 652 422 395 653 429 314 654 446 396 655 430 397 656 422 395 657 439 398 658 423 399 659 431 400 660 446 396 661 447 401 662 423 399 663 440 402 664 424 45 665 417 403 666 433 404 667 432 405 668 431 400 669 433 404 670 416 45 671 425 406 672 440 402 673 441 407 674 418 408 675 432 405 676 434 409 677 425 406 678 442 410 679 426 411 680 419 412 681 434 409 682 435 413 683 427 414 684 442 410 685 443 45 686 419 412 687 436 45 688 420 45 689 427 414 690 444 45 691 428 45 692 421 393 693 436 45 694 437 45 695 429 314 696 444 45 697 445 415 698 458 45 699 454 45 700 450 416 701 444 417 702 461 418 703 445 419 704 437 392 705 454 420 706 438 421 707 445 419 708 462 422 709 446 423 710 438 421 711 455 424 712 439 425 713 446 423 714 463 426 715 447 427 716 439 425 717 456 428 718 440 429 719 433 430 720 448 431 721 432 432 722 447 427 723 449 433 724 433 430 725 440 429 726 457 434 727 441 435 728 432 432 729 450 436 730 434 437 731 441 435 732 458 438 733 442 439 734 434 437 735 451 440 736 435 441 737 442 439 738 459 442 739 443 443 740 435 441 741 452 444 742 436 390 743 443 443 744 460 445 745 444 417 746 467 446 747 471 185 748 475 447 749 482 1 750 481 0 751 480 2 752 484 4 753 483 3 754 482 1 755 486 6 756 485 5 757 484 4 758 488 8 759 487 7 760 486 6 761 490 448 762 489 449 763 488 8 764 492 450 765 491 451 766 490 448 767 494 14 768 493 13 769 492 450 770 494 14 771 497 452 772 495 453 773 496 16 774 499 17 775 497 452 776 498 454 777 501 455 778 499 17 779 500 456 780 503 457 781 501 455 782 502 458 783 505 459 784 503 457 785 504 24 786 507 460 787 505 459 788 508 461 789 507 460 790 506 26 791 510 462 792 509 463 793 508 461 794 480 2 795 511 30 796 510 462 797 549 464 798 532 465 799 533 466 800 534 467 801 517 468 802 518 469 803 526 470 804 541 471 805 525 472 806 535 473 807 518 469 808 519 474 809 543 475 810 526 470 811 527 476 812 536 477 813 519 474 814 520 478 815 528 479 816 512 480 817 513 481 818 529 482 819 527 476 820 512 480 821 521 483 822 536 477 823 520 478 824 514 484 825 528 479 826 513 481 827 522 485 828 537 486 829 521 483 830 531 487 831 514 484 832 515 488 833 539 489 834 522 485 835 523 490 836 532 185 837 515 488 838 516 185 839 540 491 840 523 490 841 524 185 842 517 468 843 532 185 844 516 185 845 525 472 846 540 491 847 524 185 848 554 492 849 556 493 850 545 494 851 557 495 852 540 496 853 541 497 854 550 420 855 533 466 856 534 498 857 558 499 858 541 497 859 542 500 860 551 501 861 534 498 862 535 502 863 559 503 864 542 500 865 543 504 866 552 505 867 535 502 868 536 506 869 544 507 870 529 508 871 528 509 872 545 510 873 543 504 874 529 508 875 553 511 876 536 506 877 537 512 878 546 513 879 528 509 880 530 514 881 554 515 882 537 512 883 538 516 884 547 517 885 530 514 886 531 518 887 555 519 888 538 516 889 539 520 890 548 521 891 531 518 892 532 465 893 556 522 894 539 520 895 540 496 896 563 523 897 561 524 898 569 525 899 578 95 900 577 94 901 576 96 902 580 98 903 579 97 904 578 95 905 582 526 906 581 527 907 580 98 908 584 102 909 583 101 910 582 526 911 586 528 912 585 529 913 584 102 914 588 530 915 587 531 916 586 528 917 590 108 918 589 532 919 588 530 920 590 108 921 593 533 922 591 534 923 592 535 924 595 536 925 593 533 926 594 112 927 597 113 928 595 536 929 596 537 930 599 538 931 597 113 932 598 539 933 601 540 934 599 538 935 600 118 936 603 119 937 601 540 938 602 120 939 605 121 940 603 119 941 606 123 942 605 121 943 604 122 944 576 96 945 607 124 946 606 123 947 645 541 948 628 542 949 629 543 950 630 544 951 613 545 952 614 546 953 622 547 954 637 548 955 621 549 956 631 550 957 614 546 958 615 551 959 623 552 960 638 185 961 622 547 962 632 553 963 615 551 964 616 554 965 609 555 966 625 556 967 608 557 968 625 556 969 623 552 970 608 557 971 617 558 972 632 553 973 616 554 974 610 559 975 624 560 976 609 555 977 634 561 978 617 558 979 618 562 980 611 563 981 626 564 982 610 559 983 635 565 984 618 562 985 619 566 986 628 185 987 611 563 988 612 185 989 636 567 990 619 566 991 620 185 992 613 545 993 628 185 994 612 185 995 621 549 996 636 567 997 620 185 998 654 568 999 641 185 1000 648 569 1001 653 570 1002 636 571 1003 637 572 1004 646 573 1005 629 543 1006 630 574 1007 654 372 1008 637 572 1009 638 575 1010 647 576 1011 630 574 1012 631 577 1013 655 578 1014 638 575 1015 639 579 1016 648 580 1017 631 577 1018 632 581 1019 640 582 1020 625 583 1021 624 584 1022 641 585 1023 639 579 1024 625 583 1025 649 586 1026 632 581 1027 633 587 1028 642 588 1029 624 584 1030 626 589 1031 650 177 1032 633 587 1033 634 590 1034 643 591 1035 626 589 1036 627 592 1037 651 593 1038 634 590 1039 635 594 1040 644 595 1041 627 592 1042 628 542 1043 652 596 1044 635 594 1045 636 571 1046 665 597 1047 661 598 1048 657 599 1049 672 600 1050 675 601 1051 673 602 1052 676 603 1053 675 601 1054 674 189 1055 678 604 1056 677 191 1057 676 603 1058 680 194 1059 679 193 1060 678 604 1061 682 605 1062 681 606 1063 680 194 1064 684 607 1065 683 608 1066 682 605 1067 686 200 1068 685 199 1069 684 607 1070 688 609 1071 687 610 1072 686 200 1073 690 611 1074 689 612 1075 688 609 1076 690 611 1077 693 205 1078 691 613 1079 692 614 1080 695 615 1081 693 205 1082 694 616 1083 697 617 1084 695 615 1085 696 210 1086 699 211 1087 697 617 1088 698 212 1089 701 213 1090 699 211 1091 700 618 1092 703 215 1093 701 213 1094 702 619 1095 673 602 1096 703 215 1097 741 620 1098 724 621 1099 725 622 1100 726 623 1101 709 624 1102 710 625 1103 734 626 1104 717 627 1105 718 628 1106 727 629 1107 710 625 1108 711 630 1109 719 631 1110 734 626 1111 718 628 1112 728 632 1113 711 630 1114 712 554 1115 705 633 1116 721 634 1117 704 635 1118 721 634 1119 719 631 1120 704 635 1121 713 636 1122 728 632 1123 712 554 1124 706 637 1125 720 638 1126 705 633 1127 730 639 1128 713 636 1129 714 640 1130 707 641 1131 722 642 1132 706 637 1133 715 643 1134 730 639 1135 714 640 1136 724 185 1137 707 641 1138 708 185 1139 732 644 1140 715 643 1141 716 185 1142 709 624 1143 724 185 1144 708 185 1145 717 627 1146 732 644 1147 716 185 1148 740 185 1149 744 645 1150 748 646 1151 749 647 1152 732 648 1153 733 649 1154 742 650 1155 725 622 1156 726 651 1157 750 652 1158 733 649 1159 734 653 1160 743 654 1161 726 651 1162 727 655 1163 751 656 1164 734 653 1165 735 657 1166 744 658 1167 727 655 1168 728 659 1169 736 660 1170 721 661 1171 720 662 1172 737 663 1173 735 657 1174 721 661 1175 745 664 1176 728 659 1177 729 665 1178 738 666 1179 720 662 1180 722 667 1181 746 668 1182 729 665 1183 730 669 1184 739 670 1185 722 667 1186 723 671 1187 747 672 1188 730 669 1189 731 673 1190 740 674 1191 723 671 1192 724 621 1193 748 675 1194 731 673 1195 732 648 1196 765 676 1197 761 45 1198 757 677 1199 770 678 1200 769 679 1201 768 680 1202 772 282 1203 771 281 1204 770 678 1205 774 192 1206 773 283 1207 772 282 1208 776 681 1209 775 284 1210 774 192 1211 778 682 1212 777 683 1213 776 681 1214 780 684 1215 779 685 1216 778 682 1217 782 686 1218 781 290 1219 780 684 1220 782 686 1221 785 687 1222 783 688 1223 784 689 1224 787 690 1225 785 687 1226 786 691 1227 789 296 1228 787 690 1229 788 692 1230 791 693 1231 789 296 1232 790 694 1233 793 695 1234 791 693 1235 792 301 1236 795 302 1237 793 695 1238 794 303 1239 797 304 1240 795 302 1241 796 696 1242 799 697 1243 797 304 1244 768 680 1245 799 697 1246 798 307 1247 837 698 1248 820 465 1249 821 699 1250 822 700 1251 805 701 1252 806 702 1253 830 703 1254 813 704 1255 814 705 1256 823 706 1257 806 702 1258 807 707 1259 815 185 1260 830 703 1261 814 705 1262 824 708 1263 807 707 1264 808 709 1265 816 710 1266 800 711 1267 801 712 1268 800 711 1269 831 713 1270 815 185 1271 809 714 1272 824 708 1273 808 709 1274 802 715 1275 816 710 1276 801 712 1277 826 716 1278 809 714 1279 810 717 1280 803 718 1281 818 719 1282 802 715 1283 811 720 1284 826 716 1285 810 717 1286 820 185 1287 803 718 1288 804 185 1289 828 721 1290 811 720 1291 812 185 1292 805 701 1293 820 185 1294 804 185 1295 813 704 1296 828 721 1297 812 185 1298 842 722 1299 844 723 1300 833 724 1301 845 725 1302 828 726 1303 829 727 1304 838 728 1305 821 699 1306 822 729 1307 846 652 1308 829 727 1309 830 653 1310 839 163 1311 822 729 1312 823 730 1313 847 731 1314 830 653 1315 831 732 1316 840 733 1317 823 730 1318 824 734 1319 832 735 1320 817 736 1321 816 737 1322 833 738 1323 831 732 1324 817 736 1325 841 739 1326 824 734 1327 825 740 1328 834 741 1329 816 737 1330 818 742 1331 842 668 1332 825 740 1333 826 669 1334 835 743 1335 818 742 1336 819 744 1337 843 745 1338 826 669 1339 827 746 1340 836 747 1341 819 744 1342 820 465 1343 844 748 1344 827 746 1345 828 726 1346 861 749 1347 857 45 1348 853 677 1349 866 361 1350 865 360 1351 864 360 1352 868 363 1353 867 362 1354 866 361 1355 870 750 1356 869 364 1357 868 363 1358 872 751 1359 871 366 1360 870 750 1361 874 752 1362 873 753 1363 872 751 1364 876 754 1365 875 755 1366 874 752 1367 878 373 1368 877 372 1369 876 754 1370 880 756 1371 879 374 1372 878 373 1373 882 377 1374 881 757 1375 880 756 1376 882 377 1377 885 378 1378 883 758 1379 884 759 1380 887 760 1381 885 378 1382 886 761 1383 889 762 1384 887 760 1385 888 763 1386 891 384 1387 889 762 1388 890 385 1389 893 386 1390 891 384 1391 892 387 1392 895 388 1393 893 386 1394 894 389 1395 865 360 1396 895 388 1397 933 764 1398 916 765 1399 917 620 1400 918 467 1401 901 766 1402 902 767 1403 926 703 1404 909 643 1405 910 768 1406 919 769 1407 902 767 1408 903 770 1409 911 771 1410 926 703 1411 910 768 1412 920 772 1413 903 770 1414 904 773 1415 897 774 1416 913 775 1417 896 776 1418 913 775 1419 911 771 1420 896 776 1421 905 777 1422 920 772 1423 904 773 1424 898 778 1425 912 779 1426 897 774 1427 922 780 1428 905 777 1429 906 781 1430 899 782 1431 914 783 1432 898 778 1433 907 784 1434 922 780 1435 906 781 1436 916 185 1437 899 782 1438 900 185 1439 924 785 1440 907 784 1441 908 185 1442 901 766 1443 916 185 1444 900 185 1445 909 643 1446 924 785 1447 908 185 1448 940 786 1449 942 787 1450 929 788 1451 941 789 1452 924 790 1453 925 791 1454 934 792 1455 917 620 1456 918 338 1457 942 793 1458 925 791 1459 926 794 1460 935 795 1461 918 338 1462 919 655 1463 943 796 1464 926 794 1465 927 797 1466 936 658 1467 919 655 1468 920 798 1469 928 660 1470 913 661 1471 912 662 1472 929 799 1473 927 797 1474 913 661 1475 937 800 1476 920 798 1477 921 801 1478 930 437 1479 912 662 1480 914 589 1481 938 802 1482 921 801 1483 922 803 1484 931 591 1485 914 589 1486 915 804 1487 939 805 1488 922 803 1489 923 806 1490 932 807 1491 915 804 1492 916 765 1493 940 808 1494 923 806 1495 924 790 1496 953 809 1497 949 810 1498 945 811 1499 1004 812 1500 992 812 1501 1025 812 1502 1000 45 1503 961 45 1504 993 45 1505 971 45 1506 994 45 1507 1001 45 1508 964 45 1509 995 45 1510 994 45 1511 965 45 1512 996 45 1513 995 45 1514 966 45 1515 997 813 1516 996 45 1517 997 813 1518 968 814 1519 998 815 1520 998 815 1521 969 816 1522 999 817 1523 999 817 1524 970 818 1525 1000 45 1526 963 45 1527 1001 45 1528 992 45 1529 973 819 1530 1013 820 1531 1004 821 1532 972 822 1533 1045 823 1534 1027 824 1535 988 825 1536 1044 826 1537 1043 826 1538 987 827 1539 1043 826 1540 1042 826 1541 986 825 1542 1042 826 1543 1041 826 1544 985 828 1545 1041 826 1546 1040 826 1547 984 825 1548 1040 826 1549 1039 826 1550 983 829 1551 1039 826 1552 1038 826 1553 990 830 1554 1038 831 1555 1045 831 1556 1011 832 1557 982 833 1558 1012 834 1559 1010 835 1560 981 836 1561 1011 832 1562 979 837 1563 1010 835 1564 1009 838 1565 978 360 1566 1009 838 1567 1008 360 1568 977 839 1569 1008 360 1570 1007 840 1571 976 841 1572 1007 840 1573 1006 842 1574 991 843 1575 1006 842 1576 1013 844 1577 1012 834 1578 975 845 1579 1015 846 1580 989 847 1581 1029 848 1582 1044 849 1583 1015 850 1584 1002 850 1585 1024 850 1586 1003 851 1587 1098 852 1588 1097 853 1589 1024 850 1590 974 850 1591 1005 850 1592 1003 812 1593 1014 812 1594 972 812 1595 993 850 1596 1005 850 1597 960 850 1598 961 850 1599 1024 850 1600 993 850 1601 1012 834 1602 961 854 1603 970 855 1604 1013 844 1605 964 856 1606 971 857 1607 1006 842 1608 965 858 1609 964 856 1610 1007 840 1611 966 360 1612 965 858 1613 1008 360 1614 967 859 1615 966 360 1616 1009 838 1617 968 860 1618 967 859 1619 1010 835 1620 969 861 1621 968 860 1622 1011 832 1623 970 855 1624 969 861 1625 1004 821 1626 971 862 1627 963 863 1628 1014 864 1629 990 864 1630 972 865 1631 1021 866 1632 989 867 1633 988 825 1634 1020 868 1635 988 825 1636 987 827 1637 1019 869 1638 987 827 1639 986 825 1640 1018 870 1641 986 825 1642 985 828 1643 1017 868 1644 985 828 1645 984 825 1646 1016 871 1647 984 825 1648 983 829 1649 990 830 1650 1016 872 1651 983 873 1652 1022 874 1653 974 875 1654 989 847 1655 973 812 1656 1025 812 1657 1003 812 1658 993 45 1659 960 45 1660 1000 45 1661 992 812 1662 1026 812 1663 1025 812 1664 1002 850 1665 1029 850 1666 974 850 1667 975 850 1668 1048 850 1669 1002 850 1670 1037 876 1671 975 845 1672 982 833 1673 1046 877 1674 976 841 1675 991 843 1676 1031 878 1677 977 839 1678 976 841 1679 1032 879 1680 978 360 1681 977 839 1682 1033 360 1683 979 837 1684 978 360 1685 1034 880 1686 980 881 1687 979 837 1688 1035 882 1689 981 836 1690 980 881 1691 1036 883 1692 982 833 1693 981 836 1694 1028 884 1695 991 885 1696 973 886 1697 1051 887 1698 1050 888 1699 1049 889 1700 1053 185 1701 1052 185 1702 1051 185 1703 1055 890 1704 1050 888 1705 1052 891 1706 1050 892 1707 1054 893 1708 1049 894 1709 1054 895 1710 1051 896 1711 1049 897 1712 1071 898 1713 1070 898 1714 1060 898 1715 1071 899 1716 1078 900 1717 1079 901 1718 1059 45 1719 1057 45 1720 1058 45 1721 1084 812 1722 1085 812 1723 1086 812 1724 1087 850 1725 1089 850 1726 1090 850 1727 1085 45 1728 1090 45 1729 1086 45 1730 1084 185 1731 1088 185 1732 1083 185 1733 1086 826 1734 1089 826 1735 1084 826 1736 1083 902 1737 1087 903 1738 1085 904 1739 1028 185 1740 1092 185 1741 1093 185 1742 1027 824 1743 1098 905 1744 972 822 1745 1093 812 1746 1096 906 1747 1091 812 1748 1003 851 1749 1094 907 1750 973 908 1751 1091 812 1752 1099 909 1753 1100 812 1754 1047 185 1755 1091 185 1756 1100 185 1757 1092 910 1758 1095 911 1759 1093 912 1760 1097 853 1761 1099 909 1762 1096 906 1763 1097 853 1764 1095 913 1765 1094 907 1766 1101 914 1767 1099 915 1768 1098 905 1769 1028 884 1770 1094 916 1771 1092 910 1772 1134 812 1773 1146 812 1774 1167 812 1775 1142 185 1776 1103 185 1777 1112 917 1778 1136 918 1779 1113 919 1780 1143 185 1781 1137 920 1782 1106 921 1783 1136 918 1784 1138 185 1785 1107 922 1786 1137 920 1787 1139 923 1788 1108 185 1789 1138 185 1790 1139 923 1791 1110 924 1792 1109 925 1793 1140 926 1794 1111 927 1795 1110 924 1796 1141 928 1797 1112 917 1798 1111 927 1799 1143 185 1800 1105 185 1801 1134 185 1802 1155 862 1803 1115 929 1804 1146 821 1805 1045 823 1806 1114 930 1807 1027 824 1808 1044 826 1809 1130 931 1810 1043 826 1811 1043 826 1812 1129 932 1813 1042 826 1814 1042 826 1815 1128 932 1816 1041 826 1817 1041 826 1818 1127 933 1819 1040 826 1820 1040 826 1821 1126 934 1822 1039 826 1823 1039 826 1824 1125 935 1825 1038 826 1826 1038 831 1827 1132 936 1828 1045 831 1829 1153 937 1830 1124 938 1831 1123 939 1832 1152 940 1833 1123 939 1834 1122 881 1835 1152 940 1836 1121 837 1837 1151 941 1838 1151 941 1839 1120 360 1840 1150 360 1841 1150 360 1842 1119 942 1843 1149 840 1844 1149 840 1845 1118 943 1846 1148 944 1847 1148 944 1848 1133 843 1849 1155 844 1850 1154 945 1851 1117 946 1852 1124 938 1853 1029 848 1854 1131 947 1855 1044 849 1856 1144 850 1857 1157 850 1858 1166 850 1859 1145 948 1860 1215 949 1861 1114 950 1862 1116 850 1863 1166 850 1864 1147 850 1865 1156 812 1866 1145 812 1867 1114 812 1868 1147 850 1869 1135 850 1870 1102 850 1871 1166 850 1872 1103 850 1873 1135 850 1874 1103 854 1875 1154 945 1876 1112 855 1877 1106 951 1878 1155 844 1879 1113 857 1880 1107 858 1881 1148 944 1882 1106 951 1883 1108 360 1884 1149 840 1885 1107 858 1886 1109 859 1887 1150 360 1888 1108 360 1889 1110 860 1890 1151 941 1891 1109 859 1892 1111 861 1893 1152 940 1894 1110 860 1895 1112 855 1896 1153 937 1897 1111 861 1898 1113 862 1899 1146 821 1900 1105 863 1901 1132 864 1902 1156 864 1903 1114 952 1904 1131 953 1905 1163 954 1906 1130 931 1907 1130 931 1908 1162 955 1909 1129 932 1910 1129 932 1911 1161 956 1912 1128 932 1913 1128 932 1914 1160 957 1915 1127 933 1916 1127 933 1917 1159 957 1918 1126 934 1919 1126 934 1920 1158 958 1921 1125 935 1922 1132 959 1923 1158 960 1924 1165 961 1925 1116 962 1926 1164 963 1927 1131 947 1928 1167 812 1929 1115 812 1930 1145 812 1931 1135 185 1932 1142 185 1933 1102 185 1934 1168 812 1935 1134 812 1936 1167 812 1937 1029 850 1938 1144 850 1939 1116 850 1940 1048 850 1941 1117 850 1942 1144 850 1943 1117 946 1944 1037 876 1945 1124 938 1946 1118 943 1947 1046 877 1948 1133 843 1949 1119 942 1950 1031 878 1951 1118 943 1952 1120 360 1953 1032 879 1954 1119 942 1955 1121 837 1956 1033 360 1957 1120 360 1958 1122 881 1959 1034 880 1960 1121 837 1961 1123 939 1962 1035 882 1963 1122 881 1964 1124 938 1965 1036 883 1966 1123 939 1967 1133 964 1968 1028 884 1969 1115 929 1970 1170 888 1971 1171 887 1972 1169 889 1973 1172 45 1974 1173 45 1975 1171 45 1976 1170 888 1977 1175 890 1978 1172 891 1979 1170 965 1980 1174 966 1981 1176 967 1982 1171 896 1983 1174 895 1984 1169 897 1985 1190 360 1986 1191 360 1987 1192 360 1988 1191 968 1989 1199 969 1990 1198 970 1991 1179 185 1992 1178 185 1993 1177 185 1994 1205 812 1995 1204 812 1996 1206 812 1997 1209 850 1998 1207 850 1999 1210 850 2000 1210 185 2001 1205 185 2002 1206 185 2003 1208 45 2004 1204 45 2005 1203 45 2006 1209 826 2007 1206 826 2008 1204 826 2009 1207 971 2010 1203 972 2011 1205 973 2012 1215 974 2013 1027 824 2014 1114 930 2015 1213 975 2016 1093 812 2017 1091 812 2018 1211 976 2019 1145 948 2020 1115 977 2021 1216 978 2022 1091 812 2023 1100 812 2024 1092 979 2025 1212 980 2026 1211 981 2027 1214 982 2028 1216 978 2029 1215 949 2030 1212 983 2031 1214 982 2032 1211 976 2033 1216 984 2034 1101 985 2035 1215 974 2036 1028 884 2037 1211 981 2038 1115 929 2039 1220 850 2040 1217 850 2041 1218 850 2042 1221 850 2043 1224 850 2044 1222 850 2045 1219 826 2046 1225 826 2047 1217 826 2048 1221 826 2049 1238 826 2050 1223 826 2051 1218 360 2052 1232 360 2053 1220 360 2054 1223 45 2055 1239 45 2056 1224 45 2057 1240 812 2058 1233 812 2059 1236 812 2060 1220 185 2061 1229 185 2062 1219 185 2063 1226 812 2064 1231 812 2065 1227 812 2066 1224 360 2067 1235 360 2068 1222 360 2069 1222 185 2070 1234 185 2071 1221 185 2072 1227 986 2073 1225 987 2074 1226 988 2075 1229 989 2076 1226 990 2077 1225 991 2078 1231 992 2079 1228 993 2080 1227 994 2081 1229 995 2082 1231 996 2083 1230 997 2084 1234 998 2085 1236 999 2086 1233 1000 2087 1237 1001 2088 1234 1002 2089 1233 1003 2090 1239 1004 2091 1236 1005 2092 1235 1006 2093 1240 1007 2094 1238 1008 2095 1237 1009 2096 1217 45 2097 1228 45 2098 1218 45 2099 1242 1010 2100 1243 1010 2101 1241 1011 2102 1245 1012 2103 1248 1012 2104 1246 1013 2105 1241 45 2106 1248 45 2107 1242 45 2108 1243 812 2109 1246 812 2110 1241 812 2111 1243 185 2112 1247 185 2113 1245 185 2114 1242 850 2115 1247 850 2116 1244 850 2117 1250 1014 2118 1251 1014 2119 1249 1015 2120 1253 1016 2121 1256 1016 2122 1254 1017 2123 1249 1018 2124 1256 1019 2125 1250 1020 2126 1251 812 2127 1254 812 2128 1249 812 2129 1251 1021 2130 1255 1022 2131 1253 1023 2132 1250 850 2133 1255 850 2134 1252 850 2135 1271 826 2136 1276 826 2137 1263 826 2138 1267 360 2139 1272 360 2140 1266 360 2141 1270 1024 2142 1259 1024 2143 1261 1025 2144 1259 1024 2145 1268 1024 2146 1257 1025 2147 1270 1026 2148 1261 1026 2149 1262 1026 2150 1268 1027 2151 1258 1027 2152 1257 1027 2153 1267 850 2154 1260 850 2155 1258 850 2156 1267 850 2157 1268 850 2158 1263 850 2159 1269 850 2160 1260 850 2161 1266 850 2162 1265 850 2163 1262 850 2164 1269 850 2165 1265 850 2166 1264 850 2167 1270 850 2168 1263 850 2169 1264 850 2170 1271 850 2171 1274 850 2172 1273 850 2173 1276 850 2174 1275 850 2175 1274 850 2176 1277 850 2177 1269 45 2178 1277 45 2179 1265 45 2180 1263 185 2181 1273 185 2182 1267 185 2183 1265 826 2184 1274 826 2185 1271 826 2186 1266 360 2187 1275 360 2188 1269 360 2189 1282 1028 2190 1285 1029 2191 1283 1030 2192 1278 1031 2193 1285 1032 2194 1279 1033 2195 1280 1034 2196 1283 1035 2197 1278 1036 2198 1280 1037 2199 1284 1038 2200 1282 1039 2201 1279 1040 2202 1284 1041 2203 1281 1042 2204 1290 1043 2205 1293 1044 2206 1291 1045 2207 1286 1046 2208 1293 1047 2209 1287 1048 2210 1288 1049 2211 1291 1050 2212 1286 1036 2213 1288 1051 2214 1292 1052 2215 1290 1053 2216 1287 1054 2217 1292 1055 2218 1289 1056 2219 1301 1057 2220 1298 1058 2221 1299 1059 2222 1301 1060 2223 1294 1061 2224 1295 1062 2225 1299 1063 2226 1296 1064 2227 1294 1065 2228 1296 1066 2229 1300 1067 2230 1297 1068 2231 1300 1069 2232 1295 1070 2233 1297 1071 2234 1309 1072 2235 1306 1073 2236 1307 1074 2237 1309 1075 2238 1302 1076 2239 1303 1077 2240 1307 1078 2241 1304 1079 2242 1302 1080 2243 1304 1081 2244 1308 1082 2245 1305 1083 2246 1308 1084 2247 1303 1085 2248 1305 1086 2249 1197 45 2250 1313 45 2251 1198 45 2252 1140 926 2253 1310 185 2254 1311 185 2255 1 0 2256 3 3 2257 2 1 2258 3 3 2259 5 5 2260 4 4 2261 5 5 2262 7 7 2263 6 6 2264 7 7 2265 9 9 2266 8 8 2267 9 9 2268 11 11 2269 10 10 2270 11 11 2271 13 13 2272 12 12 2273 13 13 2274 15 453 2275 14 14 2276 14 14 2277 15 453 2278 17 15 2279 16 16 2280 17 15 2281 19 17 2282 18 18 2283 19 17 2284 21 19 2285 20 20 2286 21 19 2287 23 21 2288 22 22 2289 23 21 2290 25 23 2291 24 24 2292 25 23 2293 27 25 2294 27 25 2295 29 28 2296 28 27 2297 29 28 2298 31 30 2299 30 29 2300 31 30 2301 1 0 2302 0 2 2303 52 31 2304 68 89 2305 69 32 2306 37 34 2307 53 45 2308 54 35 2309 46 37 2310 45 59 2311 61 38 2312 38 36 2313 54 35 2314 55 40 2315 46 37 2316 62 39 2317 63 42 2318 39 41 2319 55 40 2320 56 44 2321 32 46 2322 49 48 2323 48 47 2324 47 43 2325 63 42 2326 49 48 2327 41 49 2328 40 45 2329 56 44 2330 34 51 2331 33 45 2332 48 47 2333 42 53 2334 41 49 2335 57 50 2336 34 51 2337 50 52 2338 51 55 2339 42 53 2340 58 54 2341 59 57 2342 35 56 2343 51 55 2344 52 45 2345 43 58 2346 59 57 2347 60 45 2348 37 34 2349 36 45 2350 52 45 2351 45 59 2352 44 45 2353 60 45 2354 66 61 2355 64 1087 2356 65 1088 2357 65 1088 2358 79 1089 2359 66 61 2360 79 1089 2361 78 45 2362 66 61 2363 78 45 2364 77 1090 2365 74 60 2366 77 1090 2367 76 1091 2368 74 60 2369 76 1091 2370 75 45 2371 74 60 2372 74 60 2373 73 45 2374 70 45 2375 73 45 2376 72 45 2377 70 45 2378 72 45 2379 71 45 2380 70 45 2381 70 45 2382 69 1092 2383 66 61 2384 69 1092 2385 68 1093 2386 66 61 2387 68 1093 2388 67 1094 2389 66 61 2390 66 61 2391 78 45 2392 74 60 2393 60 62 2394 76 90 2395 77 63 2396 53 33 2397 69 32 2398 70 65 2399 61 64 2400 77 63 2401 78 67 2402 54 66 2403 70 65 2404 71 69 2405 62 68 2406 78 67 2407 79 71 2408 55 70 2409 71 69 2410 72 73 2411 49 75 2412 65 78 2413 64 76 2414 63 72 2415 79 71 2416 65 78 2417 56 74 2418 72 73 2419 73 79 2420 48 77 2421 64 76 2422 66 81 2423 57 80 2424 73 79 2425 74 83 2426 50 82 2427 66 81 2428 67 85 2429 58 84 2430 74 83 2431 75 87 2432 51 86 2433 67 85 2434 68 89 2435 59 88 2436 75 87 2437 76 90 2438 95 93 2439 80 185 2440 81 185 2441 81 185 2442 82 185 2443 95 93 2444 82 185 2445 83 1095 2446 95 93 2447 83 1095 2448 84 1096 2449 85 1097 2450 85 1097 2451 86 185 2452 83 1095 2453 86 185 2454 87 91 2455 83 1095 2456 87 91 2457 88 185 2458 89 185 2459 89 185 2460 90 185 2461 87 91 2462 90 185 2463 91 92 2464 87 91 2465 91 92 2466 92 1098 2467 93 1099 2468 93 1099 2469 94 1100 2470 95 93 2471 91 92 2472 93 1099 2473 95 93 2474 95 93 2475 83 1095 2476 87 91 2477 97 94 2478 99 97 2479 98 95 2480 99 97 2481 101 99 2482 100 98 2483 101 99 2484 103 101 2485 102 100 2486 103 101 2487 105 103 2488 104 102 2489 105 103 2490 107 105 2491 106 104 2492 107 105 2493 109 107 2494 108 106 2495 109 107 2496 111 534 2497 110 108 2498 110 108 2499 111 534 2500 113 109 2501 112 110 2502 113 109 2503 115 111 2504 114 112 2505 115 111 2506 117 113 2507 116 114 2508 117 113 2509 119 115 2510 118 116 2511 119 115 2512 121 117 2513 120 118 2514 121 117 2515 123 119 2516 122 120 2517 123 119 2518 125 121 2519 125 121 2520 127 124 2521 126 123 2522 127 124 2523 97 94 2524 96 96 2525 148 125 2526 164 182 2527 165 126 2528 133 128 2529 149 45 2530 150 129 2531 142 131 2532 141 152 2533 157 132 2534 134 130 2535 150 129 2536 151 133 2537 143 135 2538 142 131 2539 158 45 2540 135 134 2541 151 133 2542 152 137 2543 129 138 2544 128 141 2545 145 139 2546 143 135 2547 159 136 2548 145 139 2549 137 142 2550 136 45 2551 152 137 2552 130 144 2553 129 138 2554 144 140 2555 137 142 2556 153 143 2557 154 146 2558 131 148 2559 130 144 2560 146 145 2561 138 147 2562 154 146 2563 155 150 2564 131 148 2565 147 149 2566 148 45 2567 139 151 2568 155 150 2569 156 45 2570 133 128 2571 132 45 2572 148 45 2573 141 152 2574 140 45 2575 156 45 2576 162 154 2577 160 1101 2578 161 1102 2579 161 1102 2580 175 1103 2581 162 154 2582 175 1103 2583 174 1104 2584 162 154 2585 174 1104 2586 173 1105 2587 172 1106 2588 172 1106 2589 171 1107 2590 174 1104 2591 171 1107 2592 170 153 2593 174 1104 2594 170 153 2595 169 45 2596 166 45 2597 169 45 2598 168 45 2599 166 45 2600 168 45 2601 167 45 2602 166 45 2603 166 45 2604 165 1108 2605 162 154 2606 165 1108 2607 164 1109 2608 162 154 2609 164 1109 2610 163 1110 2611 162 154 2612 162 154 2613 174 1104 2614 170 153 2615 156 155 2616 172 183 2617 173 156 2618 149 127 2619 165 126 2620 166 158 2621 157 157 2622 173 156 2623 174 160 2624 150 159 2625 166 158 2626 167 162 2627 158 161 2628 174 160 2629 175 164 2630 151 163 2631 167 162 2632 168 166 2633 145 168 2634 161 171 2635 160 169 2636 159 165 2637 175 164 2638 161 171 2639 152 167 2640 168 166 2641 169 172 2642 144 170 2643 160 169 2644 162 174 2645 153 173 2646 169 172 2647 170 176 2648 146 175 2649 162 174 2650 163 178 2651 154 177 2652 170 176 2653 171 180 2654 147 179 2655 163 178 2656 164 182 2657 155 181 2658 171 180 2659 172 183 2660 191 1111 2661 176 185 2662 177 1112 2663 177 1112 2664 178 1113 2665 179 184 2666 179 184 2667 180 1114 2668 181 1115 2669 181 1115 2670 182 185 2671 183 185 2672 183 185 2673 184 185 2674 185 185 2675 185 185 2676 186 185 2677 183 185 2678 186 185 2679 187 186 2680 183 185 2681 187 186 2682 188 1116 2683 189 1117 2684 189 1117 2685 190 1118 2686 187 186 2687 190 1118 2688 191 1111 2689 187 186 2690 191 1111 2691 177 1112 2692 179 184 2693 179 184 2694 181 1115 2695 183 185 2696 191 1111 2697 179 184 2698 187 186 2699 192 187 2700 193 217 2701 195 188 2702 195 188 2703 197 191 2704 196 190 2705 197 191 2706 199 193 2707 198 192 2708 199 193 2709 201 195 2710 200 194 2711 201 195 2712 203 197 2713 202 196 2714 203 197 2715 205 199 2716 204 198 2717 205 199 2718 207 201 2719 206 200 2720 207 201 2721 209 203 2722 208 202 2723 209 203 2724 211 613 2725 210 204 2726 210 204 2727 211 613 2728 213 205 2729 212 206 2730 213 205 2731 215 207 2732 214 208 2733 215 207 2734 217 209 2735 216 210 2736 217 209 2737 219 211 2738 218 212 2739 219 211 2740 221 213 2741 220 214 2742 221 213 2743 223 215 2744 222 216 2745 223 215 2746 193 217 2747 244 218 2748 260 275 2749 261 219 2750 229 221 2751 245 45 2752 246 222 2753 237 224 2754 253 245 2755 254 225 2756 230 223 2757 246 222 2758 247 227 2759 239 229 2760 238 226 2761 254 225 2762 231 228 2763 247 227 2764 248 231 2765 225 232 2766 224 235 2767 241 233 2768 239 229 2769 255 230 2770 241 233 2771 233 236 2772 232 45 2773 248 231 2774 226 238 2775 225 232 2776 240 234 2777 233 236 2778 249 237 2779 250 240 2780 227 242 2781 226 238 2782 242 239 2783 235 244 2784 234 241 2785 250 240 2786 227 242 2787 243 243 2788 244 45 2789 235 244 2790 251 45 2791 252 45 2792 229 221 2793 228 45 2794 244 45 2795 237 224 2796 236 45 2797 252 45 2798 258 246 2799 256 1119 2800 257 1120 2801 257 1120 2802 271 1121 2803 270 247 2804 270 247 2805 269 1122 2806 266 248 2807 269 1122 2808 268 1123 2809 266 248 2810 268 1123 2811 267 45 2812 266 248 2813 266 248 2814 265 45 2815 262 45 2816 265 45 2817 264 45 2818 262 45 2819 264 45 2820 263 45 2821 262 45 2822 262 45 2823 261 45 2824 260 1124 2825 260 1124 2826 259 1125 2827 258 246 2828 258 246 2829 257 1120 2830 270 247 2831 262 45 2832 260 1124 2833 266 248 2834 260 1124 2835 258 246 2836 266 248 2837 252 249 2838 268 183 2839 269 250 2840 245 220 2841 261 219 2842 262 252 2843 253 251 2844 269 250 2845 270 107 2846 246 253 2847 262 252 2848 263 255 2849 254 254 2850 270 107 2851 271 257 2852 247 256 2853 263 255 2854 264 259 2855 241 261 2856 257 264 2857 256 262 2858 255 258 2859 271 257 2860 257 264 2861 248 260 2862 264 259 2863 265 265 2864 240 263 2865 256 262 2866 258 267 2867 249 266 2868 265 265 2869 266 269 2870 242 268 2871 258 267 2872 259 271 2873 250 270 2874 266 269 2875 267 273 2876 243 272 2877 259 271 2878 260 275 2879 251 274 2880 267 273 2881 268 183 2882 287 1126 2883 272 185 2884 275 276 2885 272 185 2886 273 1127 2887 275 276 2888 273 1127 2889 274 1128 2890 275 276 2891 275 276 2892 276 1129 2893 277 1130 2894 277 1130 2895 278 185 2896 279 185 2897 279 185 2898 280 185 2899 281 185 2900 281 185 2901 282 185 2902 283 277 2903 283 277 2904 284 1131 2905 285 1132 2906 285 1132 2907 286 1133 2908 287 1126 2909 275 276 2910 277 1130 2911 279 185 2912 279 185 2913 281 185 2914 283 277 2915 283 277 2916 285 1132 2917 287 1126 2918 287 1126 2919 275 276 2920 283 277 2921 289 278 2922 291 281 2923 290 279 2924 291 281 2925 293 283 2926 292 282 2927 293 283 2928 295 284 2929 294 192 2930 295 284 2931 297 286 2932 296 285 2933 297 286 2934 299 288 2935 298 287 2936 299 288 2937 301 290 2938 300 289 2939 301 290 2940 303 688 2941 302 291 2942 302 291 2943 303 688 2944 305 292 2945 304 293 2946 305 292 2947 307 294 2948 306 295 2949 307 294 2950 309 296 2951 308 297 2952 309 296 2953 311 298 2954 310 299 2955 311 298 2956 313 300 2957 312 301 2958 313 300 2959 315 302 2960 314 303 2961 315 302 2962 317 304 2963 316 305 2964 317 304 2965 319 306 2966 319 306 2967 289 278 2968 288 280 2969 340 308 2970 356 356 2971 357 309 2972 325 311 2973 341 45 2974 342 312 2975 333 314 2976 349 333 2977 350 315 2978 326 313 2979 342 312 2980 343 317 2981 335 45 2982 334 316 2983 350 315 2984 327 318 2985 343 317 2986 344 320 2987 320 321 2988 337 323 2989 336 322 2990 320 321 2991 335 45 2992 351 319 2993 329 324 2994 328 45 2995 344 320 2996 322 326 2997 321 45 2998 336 322 2999 329 324 3000 345 325 3001 346 328 3002 323 330 3003 322 326 3004 338 327 3005 331 332 3006 330 329 3007 346 328 3008 323 330 3009 339 331 3010 340 45 3011 331 332 3012 347 45 3013 348 45 3014 325 311 3015 324 45 3016 340 45 3017 333 314 3018 332 45 3019 348 45 3020 354 335 3021 352 1101 3022 353 1134 3023 353 1134 3024 367 1135 3025 354 335 3026 367 1135 3027 366 1136 3028 354 335 3029 366 1136 3030 365 1137 3031 364 1138 3032 364 1138 3033 363 1139 3034 366 1136 3035 363 1139 3036 362 334 3037 366 1136 3038 362 334 3039 361 45 3040 358 45 3041 361 45 3042 360 45 3043 358 45 3044 360 45 3045 359 45 3046 358 45 3047 358 45 3048 357 1140 3049 354 335 3050 357 1140 3051 356 1141 3052 354 335 3053 356 1141 3054 355 1142 3055 354 335 3056 354 335 3057 366 1136 3058 362 334 3059 348 336 3060 364 357 3061 365 337 3062 341 310 3063 357 309 3064 358 159 3065 349 251 3066 365 337 3067 366 107 3068 342 338 3069 358 159 3070 359 339 3071 350 254 3072 366 107 3073 367 341 3074 343 340 3075 359 339 3076 360 343 3077 337 345 3078 353 348 3079 352 346 3080 351 342 3081 367 341 3082 353 348 3083 344 344 3084 360 343 3085 361 349 3086 336 347 3087 352 346 3088 354 351 3089 345 350 3090 361 349 3091 362 269 3092 338 352 3093 354 351 3094 355 353 3095 346 270 3096 362 269 3097 363 273 3098 339 354 3099 355 353 3100 356 356 3101 347 355 3102 363 273 3103 364 357 3104 383 1143 3105 368 185 3106 369 185 3107 369 185 3108 370 185 3109 383 1143 3110 370 185 3111 371 358 3112 383 1143 3113 371 358 3114 372 1129 3115 373 1144 3116 373 1144 3117 374 185 3118 371 358 3119 374 185 3120 375 185 3121 371 358 3122 375 185 3123 376 185 3124 377 185 3125 377 185 3126 378 185 3127 375 185 3128 378 185 3129 379 359 3130 375 185 3131 379 359 3132 380 1145 3133 381 1146 3134 381 1146 3135 382 1133 3136 383 1143 3137 379 359 3138 381 1146 3139 383 1143 3140 383 1143 3141 371 358 3142 379 359 3143 385 360 3144 387 362 3145 386 361 3146 387 362 3147 389 364 3148 388 363 3149 389 364 3150 391 366 3151 390 365 3152 391 366 3153 393 368 3154 392 367 3155 393 368 3156 395 370 3157 394 369 3158 395 370 3159 397 372 3160 396 371 3161 397 372 3162 399 374 3163 398 373 3164 399 374 3165 401 376 3166 400 375 3167 401 376 3168 403 758 3169 402 377 3170 402 377 3171 403 758 3172 405 378 3173 404 379 3174 405 378 3175 407 380 3176 406 381 3177 407 380 3178 409 382 3179 408 383 3180 409 382 3181 411 384 3182 410 385 3183 411 384 3184 413 386 3185 412 387 3186 413 386 3187 415 388 3188 414 389 3189 415 388 3190 385 360 3191 436 390 3192 452 444 3193 453 391 3194 421 393 3195 437 45 3196 438 394 3197 429 314 3198 445 415 3199 446 396 3200 422 395 3201 438 394 3202 439 398 3203 431 400 3204 430 397 3205 446 396 3206 423 399 3207 439 398 3208 440 402 3209 417 403 3210 416 45 3211 433 404 3212 431 400 3213 447 401 3214 433 404 3215 425 406 3216 424 45 3217 440 402 3218 418 408 3219 417 403 3220 432 405 3221 425 406 3222 441 407 3223 442 410 3224 419 412 3225 418 408 3226 434 409 3227 427 414 3228 426 411 3229 442 410 3230 419 412 3231 435 413 3232 436 45 3233 427 414 3234 443 45 3235 444 45 3236 421 393 3237 420 45 3238 436 45 3239 429 314 3240 428 45 3241 444 45 3242 450 416 3243 448 1101 3244 449 1147 3245 449 1147 3246 463 1121 3247 462 1148 3248 462 1148 3249 461 1149 3250 460 1150 3251 460 1150 3252 459 45 3253 458 45 3254 458 45 3255 457 45 3256 454 45 3257 457 45 3258 456 45 3259 454 45 3260 456 45 3261 455 45 3262 454 45 3263 454 45 3264 453 45 3265 452 45 3266 452 45 3267 451 45 3268 454 45 3269 451 45 3270 450 416 3271 454 45 3272 450 416 3273 449 1147 3274 462 1148 3275 462 1148 3276 460 1150 3277 458 45 3278 450 416 3279 462 1148 3280 458 45 3281 444 417 3282 460 445 3283 461 418 3284 437 392 3285 453 391 3286 454 420 3287 445 419 3288 461 418 3289 462 422 3290 438 421 3291 454 420 3292 455 424 3293 446 423 3294 462 422 3295 463 426 3296 439 425 3297 455 424 3298 456 428 3299 433 430 3300 449 433 3301 448 431 3302 447 427 3303 463 426 3304 449 433 3305 440 429 3306 456 428 3307 457 434 3308 432 432 3309 448 431 3310 450 436 3311 441 435 3312 457 434 3313 458 438 3314 434 437 3315 450 436 3316 451 440 3317 442 439 3318 458 438 3319 459 442 3320 435 441 3321 451 440 3322 452 444 3323 443 443 3324 459 442 3325 460 445 3326 479 1151 3327 464 185 3328 465 185 3329 465 185 3330 466 185 3331 479 1151 3332 466 185 3333 467 446 3334 479 1151 3335 467 446 3336 468 1152 3337 469 1153 3338 469 1153 3339 470 185 3340 467 446 3341 470 185 3342 471 185 3343 467 446 3344 471 185 3345 472 185 3346 473 185 3347 473 185 3348 474 185 3349 475 447 3350 475 447 3351 476 1154 3352 477 1155 3353 477 1155 3354 478 1156 3355 479 1151 3356 471 185 3357 473 185 3358 475 447 3359 475 447 3360 477 1155 3361 479 1151 3362 479 1151 3363 467 446 3364 475 447 3365 482 1 3366 483 3 3367 481 0 3368 484 4 3369 485 5 3370 483 3 3371 486 6 3372 487 7 3373 485 5 3374 488 8 3375 489 449 3376 487 7 3377 490 448 3378 491 451 3379 489 449 3380 492 450 3381 493 13 3382 491 451 3383 494 14 3384 495 453 3385 493 13 3386 494 14 3387 496 16 3388 497 452 3389 496 16 3390 498 454 3391 499 17 3392 498 454 3393 500 456 3394 501 455 3395 500 456 3396 502 458 3397 503 457 3398 502 458 3399 504 24 3400 505 459 3401 504 24 3402 506 26 3403 507 460 3404 508 461 3405 509 463 3406 507 460 3407 510 462 3408 511 30 3409 509 463 3410 480 2 3411 481 0 3412 511 30 3413 549 464 3414 548 521 3415 532 465 3416 534 467 3417 533 185 3418 517 468 3419 526 470 3420 542 1157 3421 541 471 3422 535 473 3423 534 467 3424 518 469 3425 543 475 3426 542 1157 3427 526 470 3428 536 477 3429 535 473 3430 519 474 3431 528 479 3432 529 482 3433 512 480 3434 529 482 3435 543 475 3436 527 476 3437 521 483 3438 537 486 3439 536 477 3440 514 484 3441 530 1158 3442 528 479 3443 522 485 3444 538 1159 3445 537 486 3446 531 487 3447 530 1158 3448 514 484 3449 539 489 3450 538 1159 3451 522 485 3452 532 185 3453 531 487 3454 515 488 3455 540 491 3456 539 489 3457 523 490 3458 517 468 3459 533 185 3460 532 185 3461 525 472 3462 541 471 3463 540 491 3464 545 494 3465 544 185 3466 546 1160 3467 546 1160 3468 547 1161 3469 545 494 3470 547 1161 3471 548 185 3472 545 494 3473 548 185 3474 549 185 3475 550 1162 3476 550 1162 3477 551 1163 3478 552 1164 3479 552 1164 3480 553 1165 3481 554 492 3482 554 492 3483 555 185 3484 556 493 3485 556 493 3486 557 1166 3487 545 494 3488 557 1166 3489 558 1167 3490 545 494 3491 558 1167 3492 559 185 3493 545 494 3494 548 185 3495 550 1162 3496 545 494 3497 550 1162 3498 552 1164 3499 545 494 3500 552 1164 3501 554 492 3502 545 494 3503 557 495 3504 556 522 3505 540 496 3506 550 420 3507 549 464 3508 533 466 3509 558 499 3510 557 495 3511 541 497 3512 551 501 3513 550 420 3514 534 498 3515 559 503 3516 558 499 3517 542 500 3518 552 505 3519 551 501 3520 535 502 3521 544 507 3522 545 510 3523 529 508 3524 545 510 3525 559 503 3526 543 504 3527 553 511 3528 552 505 3529 536 506 3530 546 513 3531 544 507 3532 528 509 3533 554 515 3534 553 511 3535 537 512 3536 547 517 3537 546 513 3538 530 514 3539 555 519 3540 554 515 3541 538 516 3542 548 521 3543 547 517 3544 531 518 3545 556 522 3546 555 519 3547 539 520 3548 561 524 3549 560 45 3550 575 1168 3551 575 1168 3552 574 1169 3553 573 1170 3554 573 1170 3555 572 1171 3556 571 1172 3557 571 1172 3558 570 45 3559 573 1170 3560 570 45 3561 569 525 3562 573 1170 3563 569 525 3564 568 45 3565 567 45 3566 567 45 3567 566 45 3568 569 525 3569 566 45 3570 565 1173 3571 569 525 3572 565 1173 3573 564 1174 3574 563 523 3575 563 523 3576 562 1175 3577 561 524 3578 561 524 3579 575 1168 3580 569 525 3581 575 1168 3582 573 1170 3583 569 525 3584 565 1173 3585 563 523 3586 569 525 3587 578 95 3588 579 97 3589 577 94 3590 580 98 3591 581 527 3592 579 97 3593 582 526 3594 583 101 3595 581 527 3596 584 102 3597 585 529 3598 583 101 3599 586 528 3600 587 531 3601 585 529 3602 588 530 3603 589 532 3604 587 531 3605 590 108 3606 591 534 3607 589 532 3608 590 108 3609 592 535 3610 593 533 3611 592 535 3612 594 112 3613 595 536 3614 594 112 3615 596 537 3616 597 113 3617 596 537 3618 598 539 3619 599 538 3620 598 539 3621 600 118 3622 601 540 3623 600 118 3624 602 120 3625 603 119 3626 602 120 3627 604 122 3628 605 121 3629 606 123 3630 607 124 3631 605 121 3632 576 96 3633 577 94 3634 607 124 3635 645 541 3636 644 595 3637 628 542 3638 630 544 3639 629 185 3640 613 545 3641 622 547 3642 638 185 3643 637 548 3644 631 550 3645 630 544 3646 614 546 3647 623 552 3648 639 185 3649 638 185 3650 632 553 3651 631 550 3652 615 551 3653 609 555 3654 624 560 3655 625 556 3656 625 556 3657 639 185 3658 623 552 3659 617 558 3660 633 1176 3661 632 553 3662 610 559 3663 626 564 3664 624 560 3665 634 561 3666 633 1176 3667 617 558 3668 611 563 3669 627 1177 3670 626 564 3671 635 565 3672 634 561 3673 618 562 3674 628 185 3675 627 1177 3676 611 563 3677 636 567 3678 635 565 3679 619 566 3680 613 545 3681 629 185 3682 628 185 3683 621 549 3684 637 548 3685 636 567 3686 641 185 3687 640 185 3688 642 1178 3689 642 1178 3690 643 185 3691 644 1179 3692 644 1179 3693 645 185 3694 648 569 3695 645 185 3696 646 1180 3697 648 569 3698 646 1180 3699 647 1181 3700 648 569 3701 648 569 3702 649 1182 3703 650 1183 3704 650 1183 3705 651 1184 3706 648 569 3707 651 1184 3708 652 1185 3709 648 569 3710 652 1185 3711 653 185 3712 654 568 3713 654 568 3714 655 185 3715 641 185 3716 641 185 3717 642 1178 3718 648 569 3719 642 1178 3720 644 1179 3721 648 569 3722 652 1185 3723 654 568 3724 648 569 3725 653 570 3726 652 596 3727 636 571 3728 646 573 3729 645 541 3730 629 543 3731 654 372 3732 653 570 3733 637 572 3734 647 576 3735 646 573 3736 630 574 3737 655 578 3738 654 372 3739 638 575 3740 648 580 3741 647 576 3742 631 577 3743 640 582 3744 641 585 3745 625 583 3746 641 585 3747 655 578 3748 639 579 3749 649 586 3750 648 580 3751 632 581 3752 642 588 3753 640 582 3754 624 584 3755 650 177 3756 649 586 3757 633 587 3758 643 591 3759 642 588 3760 626 589 3761 651 593 3762 650 177 3763 634 590 3764 644 595 3765 643 591 3766 627 592 3767 652 596 3768 651 593 3769 635 594 3770 657 599 3771 656 45 3772 671 45 3773 671 45 3774 670 45 3775 657 599 3776 670 45 3777 669 1186 3778 657 599 3779 669 1186 3780 668 1187 3781 667 1188 3782 667 1188 3783 666 45 3784 669 1186 3785 666 45 3786 665 597 3787 669 1186 3788 665 597 3789 664 45 3790 663 45 3791 663 45 3792 662 45 3793 661 598 3794 661 598 3795 660 1189 3796 659 1190 3797 659 1190 3798 658 1191 3799 657 599 3800 665 597 3801 663 45 3802 661 598 3803 661 598 3804 659 1190 3805 657 599 3806 657 599 3807 669 1186 3808 665 597 3809 672 600 3810 674 189 3811 675 601 3812 676 603 3813 677 191 3814 675 601 3815 678 604 3816 679 193 3817 677 191 3818 680 194 3819 681 606 3820 679 193 3821 682 605 3822 683 608 3823 681 606 3824 684 607 3825 685 199 3826 683 608 3827 686 200 3828 687 610 3829 685 199 3830 688 609 3831 689 612 3832 687 610 3833 690 611 3834 691 613 3835 689 612 3836 690 611 3837 692 614 3838 693 205 3839 692 614 3840 694 616 3841 695 615 3842 694 616 3843 696 210 3844 697 617 3845 696 210 3846 698 212 3847 699 211 3848 698 212 3849 700 618 3850 701 213 3851 700 618 3852 702 619 3853 703 215 3854 702 619 3855 672 600 3856 673 602 3857 741 620 3858 740 674 3859 724 621 3860 726 623 3861 725 185 3862 709 624 3863 734 626 3864 733 1192 3865 717 627 3866 727 629 3867 726 623 3868 710 625 3869 719 631 3870 735 185 3871 734 626 3872 728 632 3873 727 629 3874 711 630 3875 705 633 3876 720 638 3877 721 634 3878 721 634 3879 735 185 3880 719 631 3881 713 636 3882 729 1193 3883 728 632 3884 706 637 3885 722 642 3886 720 638 3887 730 639 3888 729 1193 3889 713 636 3890 707 641 3891 723 1194 3892 722 642 3893 715 643 3894 731 1195 3895 730 639 3896 724 185 3897 723 1194 3898 707 641 3899 732 644 3900 731 1195 3901 715 643 3902 709 624 3903 725 185 3904 724 185 3905 717 627 3906 733 1192 3907 732 644 3908 737 1196 3909 736 185 3910 738 1197 3911 738 1197 3912 739 1198 3913 737 1196 3914 739 1198 3915 740 185 3916 737 1196 3917 740 185 3918 741 185 3919 744 645 3920 741 185 3921 742 1199 3922 744 645 3923 742 1199 3924 743 1200 3925 744 645 3926 744 645 3927 745 1201 3928 746 1202 3929 746 1202 3930 747 1203 3931 744 645 3932 747 1203 3933 748 646 3934 744 645 3935 748 646 3936 749 1204 3937 737 1196 3938 749 1204 3939 750 1205 3940 737 1196 3941 750 1205 3942 751 185 3943 737 1196 3944 737 1196 3945 740 185 3946 748 646 3947 749 647 3948 748 675 3949 732 648 3950 742 650 3951 741 620 3952 725 622 3953 750 652 3954 749 647 3955 733 649 3956 743 654 3957 742 650 3958 726 651 3959 751 656 3960 750 652 3961 734 653 3962 744 658 3963 743 654 3964 727 655 3965 736 660 3966 737 663 3967 721 661 3968 737 663 3969 751 656 3970 735 657 3971 745 664 3972 744 658 3973 728 659 3974 738 666 3975 736 660 3976 720 662 3977 746 668 3978 745 664 3979 729 665 3980 739 670 3981 738 666 3982 722 667 3983 747 672 3984 746 668 3985 730 669 3986 740 674 3987 739 670 3988 723 671 3989 748 675 3990 747 672 3991 731 673 3992 753 1206 3993 752 45 3994 767 1207 3995 767 1207 3996 766 1208 3997 765 676 3998 765 676 3999 764 1209 4000 763 1210 4001 763 1210 4002 762 45 4003 761 45 4004 761 45 4005 760 45 4006 759 45 4007 759 45 4008 758 45 4009 761 45 4010 758 45 4011 757 677 4012 761 45 4013 757 677 4014 756 1211 4015 755 1212 4016 755 1212 4017 754 1213 4018 753 1206 4019 753 1206 4020 767 1207 4021 765 676 4022 765 676 4023 763 1210 4024 761 45 4025 757 677 4026 755 1212 4027 753 1206 4028 753 1206 4029 765 676 4030 757 677 4031 770 678 4032 771 281 4033 769 679 4034 772 282 4035 773 283 4036 771 281 4037 774 192 4038 775 284 4039 773 283 4040 776 681 4041 777 683 4042 775 284 4043 778 682 4044 779 685 4045 777 683 4046 780 684 4047 781 290 4048 779 685 4049 782 686 4050 783 688 4051 781 290 4052 782 686 4053 784 689 4054 785 687 4055 784 689 4056 786 691 4057 787 690 4058 786 691 4059 788 692 4060 789 296 4061 788 692 4062 790 694 4063 791 693 4064 790 694 4065 792 301 4066 793 695 4067 792 301 4068 794 303 4069 795 302 4070 794 303 4071 796 696 4072 797 304 4073 796 696 4074 798 307 4075 799 697 4076 768 680 4077 769 679 4078 799 697 4079 837 698 4080 836 747 4081 820 465 4082 822 700 4083 821 185 4084 805 701 4085 830 703 4086 829 1214 4087 813 704 4088 823 706 4089 822 700 4090 806 702 4091 815 185 4092 831 713 4093 830 703 4094 824 708 4095 823 706 4096 807 707 4097 816 710 4098 817 1215 4099 800 711 4100 800 711 4101 817 1215 4102 831 713 4103 809 714 4104 825 1216 4105 824 708 4106 802 715 4107 818 719 4108 816 710 4109 826 716 4110 825 1216 4111 809 714 4112 803 718 4113 819 1217 4114 818 719 4115 811 720 4116 827 1218 4117 826 716 4118 820 185 4119 819 1217 4120 803 718 4121 828 721 4122 827 1218 4123 811 720 4124 805 701 4125 821 185 4126 820 185 4127 813 704 4128 829 1214 4129 828 721 4130 833 724 4131 832 185 4132 834 1219 4133 834 1219 4134 835 1220 4135 833 724 4136 835 1220 4137 836 185 4138 833 724 4139 836 185 4140 837 185 4141 838 1221 4142 838 1221 4143 839 1222 4144 840 1223 4145 840 1223 4146 841 1201 4147 842 722 4148 842 722 4149 843 185 4150 844 723 4151 844 723 4152 845 1224 4153 833 724 4154 845 1224 4155 846 1205 4156 833 724 4157 846 1205 4158 847 185 4159 833 724 4160 836 185 4161 838 1221 4162 833 724 4163 838 1221 4164 840 1223 4165 833 724 4166 840 1223 4167 842 722 4168 833 724 4169 845 725 4170 844 748 4171 828 726 4172 838 728 4173 837 698 4174 821 699 4175 846 652 4176 845 725 4177 829 727 4178 839 163 4179 838 728 4180 822 729 4181 847 731 4182 846 652 4183 830 653 4184 840 733 4185 839 163 4186 823 730 4187 832 735 4188 833 738 4189 817 736 4190 833 738 4191 847 731 4192 831 732 4193 841 739 4194 840 733 4195 824 734 4196 834 741 4197 832 735 4198 816 737 4199 842 668 4200 841 739 4201 825 740 4202 835 743 4203 834 741 4204 818 742 4205 843 745 4206 842 668 4207 826 669 4208 836 747 4209 835 743 4210 819 744 4211 844 748 4212 843 745 4213 827 746 4214 849 1225 4215 848 45 4216 863 1226 4217 863 1226 4218 862 1227 4219 861 749 4220 861 749 4221 860 1228 4222 859 1229 4223 859 1229 4224 858 45 4225 857 45 4226 857 45 4227 856 45 4228 855 45 4229 855 45 4230 854 45 4231 857 45 4232 854 45 4233 853 677 4234 857 45 4235 853 677 4236 852 1211 4237 851 1230 4238 851 1230 4239 850 1231 4240 849 1225 4241 849 1225 4242 863 1226 4243 861 749 4244 861 749 4245 859 1229 4246 857 45 4247 853 677 4248 851 1230 4249 849 1225 4250 849 1225 4251 861 749 4252 853 677 4253 866 361 4254 867 362 4255 865 360 4256 868 363 4257 869 364 4258 867 362 4259 870 750 4260 871 366 4261 869 364 4262 872 751 4263 873 753 4264 871 366 4265 874 752 4266 875 755 4267 873 753 4268 876 754 4269 877 372 4270 875 755 4271 878 373 4272 879 374 4273 877 372 4274 880 756 4275 881 757 4276 879 374 4277 882 377 4278 883 758 4279 881 757 4280 882 377 4281 884 759 4282 885 378 4283 884 759 4284 886 761 4285 887 760 4286 886 761 4287 888 763 4288 889 762 4289 888 763 4290 890 385 4291 891 384 4292 890 385 4293 892 387 4294 893 386 4295 892 387 4296 894 389 4297 895 388 4298 894 389 4299 864 360 4300 865 360 4301 933 764 4302 932 807 4303 916 765 4304 918 467 4305 917 185 4306 901 766 4307 926 703 4308 925 1232 4309 909 643 4310 919 769 4311 918 467 4312 902 767 4313 911 771 4314 927 185 4315 926 703 4316 920 772 4317 919 769 4318 903 770 4319 897 774 4320 912 779 4321 913 775 4322 913 775 4323 927 185 4324 911 771 4325 905 777 4326 921 1233 4327 920 772 4328 898 778 4329 914 783 4330 912 779 4331 922 780 4332 921 1233 4333 905 777 4334 899 782 4335 915 1234 4336 914 783 4337 907 784 4338 923 1235 4339 922 780 4340 916 185 4341 915 1234 4342 899 782 4343 924 785 4344 923 1235 4345 907 784 4346 901 766 4347 917 185 4348 916 185 4349 909 643 4350 925 1232 4351 924 785 4352 929 788 4353 928 185 4354 930 1236 4355 930 1236 4356 931 1237 4357 929 788 4358 931 1237 4359 932 185 4360 929 788 4361 932 185 4362 933 185 4363 934 1238 4364 934 1238 4365 935 1200 4366 936 1239 4367 936 1239 4368 937 1240 4369 938 1241 4370 938 1241 4371 939 185 4372 940 786 4373 940 786 4374 941 185 4375 942 787 4376 942 787 4377 943 185 4378 929 788 4379 932 185 4380 934 1238 4381 929 788 4382 934 1238 4383 936 1239 4384 929 788 4385 936 1239 4386 938 1241 4387 929 788 4388 938 1241 4389 940 786 4390 929 788 4391 941 789 4392 940 808 4393 924 790 4394 934 792 4395 933 764 4396 917 620 4397 942 793 4398 941 789 4399 925 791 4400 935 795 4401 934 792 4402 918 338 4403 943 796 4404 942 793 4405 926 794 4406 936 658 4407 935 795 4408 919 655 4409 928 660 4410 929 799 4411 913 661 4412 929 799 4413 943 796 4414 927 797 4415 937 800 4416 936 658 4417 920 798 4418 930 437 4419 928 660 4420 912 662 4421 938 802 4422 937 800 4423 921 801 4424 931 591 4425 930 437 4426 914 589 4427 939 805 4428 938 802 4429 922 803 4430 932 807 4431 931 591 4432 915 804 4433 940 808 4434 939 805 4435 923 806 4436 945 811 4437 944 45 4438 959 1242 4439 959 1242 4440 958 1243 4441 957 1244 4442 957 1244 4443 956 1245 4444 955 1246 4445 955 1246 4446 954 45 4447 953 809 4448 953 809 4449 952 45 4450 951 45 4451 951 45 4452 950 45 4453 953 809 4454 950 45 4455 949 810 4456 953 809 4457 949 810 4458 948 1247 4459 947 1248 4460 947 1248 4461 946 1249 4462 945 811 4463 945 811 4464 959 1242 4465 957 1244 4466 957 1244 4467 955 1246 4468 953 809 4469 949 810 4470 947 1248 4471 945 811 4472 945 811 4473 957 1244 4474 953 809 4475 1004 812 4476 963 812 4477 992 812 4478 1000 45 4479 970 818 4480 961 45 4481 971 45 4482 964 45 4483 994 45 4484 964 45 4485 965 45 4486 995 45 4487 965 45 4488 966 45 4489 996 45 4490 966 45 4491 967 1250 4492 997 813 4493 997 813 4494 967 1250 4495 968 814 4496 998 815 4497 968 814 4498 969 816 4499 999 817 4500 969 816 4501 970 818 4502 963 45 4503 971 45 4504 1001 45 4505 973 886 4506 991 885 4507 1013 964 4508 972 822 4509 990 1251 4510 1045 823 4511 988 825 4512 989 867 4513 1044 826 4514 987 827 4515 988 825 4516 1043 826 4517 986 825 4518 987 827 4519 1042 826 4520 985 828 4521 986 825 4522 1041 826 4523 984 825 4524 985 828 4525 1040 826 4526 983 829 4527 984 825 4528 1039 826 4529 990 830 4530 983 873 4531 1038 831 4532 1011 832 4533 981 836 4534 982 833 4535 1010 835 4536 980 881 4537 981 836 4538 979 837 4539 980 881 4540 1010 835 4541 978 360 4542 979 837 4543 1009 838 4544 977 839 4545 978 360 4546 1008 360 4547 976 841 4548 977 839 4549 1007 840 4550 991 843 4551 976 841 4552 1006 842 4553 1012 834 4554 982 833 4555 975 845 4556 989 847 4557 974 875 4558 1029 848 4559 1015 850 4560 975 850 4561 1002 850 4562 1003 851 4563 972 1252 4564 1098 852 4565 1024 850 4566 1002 850 4567 974 850 4568 1003 812 4569 1025 812 4570 1014 812 4571 993 850 4572 1024 850 4573 1005 850 4574 961 850 4575 1015 850 4576 1024 850 4577 1012 834 4578 1015 846 4579 961 854 4580 1013 844 4581 1006 842 4582 964 856 4583 1006 842 4584 1007 840 4585 965 858 4586 1007 840 4587 1008 360 4588 966 360 4589 1008 360 4590 1009 838 4591 967 859 4592 1009 838 4593 1010 835 4594 968 860 4595 1010 835 4596 1011 832 4597 969 861 4598 1011 832 4599 1012 834 4600 970 855 4601 1004 821 4602 1013 820 4603 971 862 4604 1014 864 4605 1023 1253 4606 990 864 4607 1021 866 4608 1022 1254 4609 989 867 4610 1020 868 4611 1021 866 4612 988 825 4613 1019 869 4614 1020 868 4615 987 827 4616 1018 870 4617 1019 869 4618 986 825 4619 1017 868 4620 1018 870 4621 985 828 4622 1016 871 4623 1017 868 4624 984 825 4625 990 961 4626 1023 961 4627 1016 961 4628 1022 874 4629 1005 1255 4630 974 875 4631 973 812 4632 1004 812 4633 1025 812 4634 992 812 4635 962 812 4636 1026 812 4637 1002 850 4638 1048 850 4639 1029 850 4640 975 850 4641 1030 850 4642 1048 850 4643 1037 876 4644 1030 1256 4645 975 845 4646 1046 877 4647 1031 878 4648 976 841 4649 1031 878 4650 1032 879 4651 977 839 4652 1032 879 4653 1033 360 4654 978 360 4655 1033 360 4656 1034 880 4657 979 837 4658 1034 880 4659 1035 882 4660 980 881 4661 1035 882 4662 1036 883 4663 981 836 4664 1036 883 4665 1037 876 4666 982 833 4667 1028 884 4668 1046 885 4669 991 885 4670 1051 887 4671 1052 891 4672 1050 888 4673 1053 185 4674 1055 185 4675 1052 185 4676 1055 890 4677 1056 1257 4678 1050 888 4679 1050 892 4680 1056 1258 4681 1054 893 4682 1054 895 4683 1053 1259 4684 1051 896 4685 1060 185 4686 1068 185 4687 1071 185 4688 1068 185 4689 1061 185 4690 1071 185 4691 1061 185 4692 1062 185 4693 1071 185 4694 1062 185 4695 1063 185 4696 1071 185 4697 1063 185 4698 1064 185 4699 1071 185 4700 1064 185 4701 1065 185 4702 1072 1260 4703 1071 185 4704 1064 185 4705 1072 1260 4706 1066 185 4707 1067 1261 4708 1072 1260 4709 1067 1261 4710 1069 1262 4711 1072 1260 4712 1065 185 4713 1066 185 4714 1072 1260 4715 1082 1263 4716 1074 826 4717 1071 899 4718 1071 899 4719 1072 1264 4720 1078 900 4721 1072 1264 4722 1073 826 4723 1075 826 4724 1072 1264 4725 1075 826 4726 1076 826 4727 1081 1265 4728 1082 1263 4729 1071 899 4730 1080 1266 4731 1081 1265 4732 1071 899 4733 1072 1264 4734 1076 826 4735 1077 1267 4736 1072 1264 4737 1077 1267 4738 1078 900 4739 1079 901 4740 1080 1266 4741 1071 899 4742 1084 812 4743 1083 812 4744 1085 812 4745 1087 850 4746 1088 850 4747 1089 850 4748 1085 45 4749 1087 45 4750 1090 45 4751 1084 185 4752 1089 185 4753 1088 185 4754 1086 826 4755 1090 826 4756 1089 826 4757 1083 902 4758 1088 1268 4759 1087 903 4760 1091 185 4761 1047 185 4762 1093 185 4763 1047 185 4764 1028 185 4765 1093 185 4766 1027 824 4767 1101 914 4768 1098 905 4769 1093 812 4770 1095 913 4771 1096 906 4772 1003 851 4773 1097 853 4774 1094 907 4775 1091 812 4776 1096 906 4777 1099 909 4778 1101 185 4779 1027 185 4780 1100 185 4781 1027 185 4782 1047 185 4783 1100 185 4784 1092 910 4785 1094 916 4786 1095 911 4787 1097 853 4788 1098 852 4789 1099 909 4790 1097 853 4791 1096 906 4792 1095 913 4793 1101 914 4794 1100 1269 4795 1099 915 4796 1028 884 4797 973 886 4798 1094 916 4799 1134 812 4800 1105 812 4801 1146 812 4802 1142 185 4803 1135 185 4804 1103 185 4805 1136 918 4806 1106 921 4807 1113 919 4808 1137 920 4809 1107 922 4810 1106 921 4811 1138 185 4812 1108 185 4813 1107 922 4814 1139 923 4815 1109 925 4816 1108 185 4817 1139 923 4818 1140 926 4819 1110 924 4820 1140 926 4821 1141 928 4822 1111 927 4823 1141 928 4824 1142 185 4825 1112 917 4826 1143 185 4827 1113 919 4828 1105 185 4829 1155 862 4830 1133 964 4831 1115 929 4832 1045 823 4833 1132 1251 4834 1114 930 4835 1044 826 4836 1131 953 4837 1130 931 4838 1043 826 4839 1130 931 4840 1129 932 4841 1042 826 4842 1129 932 4843 1128 932 4844 1041 826 4845 1128 932 4846 1127 933 4847 1040 826 4848 1127 933 4849 1126 934 4850 1039 826 4851 1126 934 4852 1125 935 4853 1038 831 4854 1125 1270 4855 1132 936 4856 1153 937 4857 1154 945 4858 1124 938 4859 1152 940 4860 1153 937 4861 1123 939 4862 1152 940 4863 1122 881 4864 1121 837 4865 1151 941 4866 1121 837 4867 1120 360 4868 1150 360 4869 1120 360 4870 1119 942 4871 1149 840 4872 1119 942 4873 1118 943 4874 1148 944 4875 1118 943 4876 1133 843 4877 1154 945 4878 1157 1271 4879 1117 946 4880 1029 848 4881 1116 962 4882 1131 947 4883 1144 850 4884 1117 850 4885 1157 850 4886 1145 948 4887 1214 982 4888 1215 949 4889 1116 850 4890 1144 850 4891 1166 850 4892 1156 812 4893 1167 812 4894 1145 812 4895 1147 850 4896 1166 850 4897 1135 850 4898 1166 850 4899 1157 850 4900 1103 850 4901 1103 854 4902 1157 1271 4903 1154 945 4904 1106 951 4905 1148 944 4906 1155 844 4907 1107 858 4908 1149 840 4909 1148 944 4910 1108 360 4911 1150 360 4912 1149 840 4913 1109 859 4914 1151 941 4915 1150 360 4916 1110 860 4917 1152 940 4918 1151 941 4919 1111 861 4920 1153 937 4921 1152 940 4922 1112 855 4923 1154 945 4924 1153 937 4925 1113 862 4926 1155 862 4927 1146 821 4928 1132 864 4929 1165 1253 4930 1156 864 4931 1131 953 4932 1164 1272 4933 1163 954 4934 1130 931 4935 1163 954 4936 1162 955 4937 1129 932 4938 1162 955 4939 1161 956 4940 1128 932 4941 1161 956 4942 1160 957 4943 1127 933 4944 1160 957 4945 1159 957 4946 1126 934 4947 1159 957 4948 1158 958 4949 1132 936 4950 1125 1270 4951 1158 1273 4952 1116 1274 4953 1147 1255 4954 1164 1275 4955 1167 812 4956 1146 812 4957 1115 812 4958 1168 812 4959 1104 812 4960 1134 812 4961 1029 850 4962 1048 850 4963 1144 850 4964 1048 850 4965 1030 850 4966 1117 850 4967 1117 946 4968 1030 1256 4969 1037 876 4970 1118 943 4971 1031 878 4972 1046 877 4973 1119 942 4974 1032 879 4975 1031 878 4976 1120 360 4977 1033 360 4978 1032 879 4979 1121 837 4980 1034 880 4981 1033 360 4982 1122 881 4983 1035 882 4984 1034 880 4985 1123 939 4986 1036 883 4987 1035 882 4988 1124 938 4989 1037 876 4990 1036 883 4991 1133 964 4992 1046 885 4993 1028 884 4994 1170 888 4995 1172 891 4996 1171 887 4997 1172 45 4998 1175 45 4999 1173 45 5000 1170 888 5001 1176 1257 5002 1175 890 5003 1170 965 5004 1169 1276 5005 1174 966 5006 1171 896 5007 1173 1259 5008 1174 895 5009 1192 1277 5010 1189 1278 5011 1187 1279 5012 1192 1277 5013 1187 1279 5014 1186 45 5015 1192 1277 5016 1186 45 5017 1185 45 5018 1192 1277 5019 1185 45 5020 1184 45 5021 1192 1277 5022 1184 45 5023 1190 1280 5024 1184 45 5025 1183 45 5026 1190 1280 5027 1182 45 5028 1181 1281 5029 1190 1280 5030 1181 1281 5031 1188 1282 5032 1190 1280 5033 1183 45 5034 1182 45 5035 1190 1280 5036 1190 1280 5037 1188 1282 5038 1180 1283 5039 1191 968 5040 1194 826 5041 1202 1284 5042 1191 968 5043 1202 1284 5044 1201 1285 5045 1193 826 5046 1192 1286 5047 1195 826 5048 1192 1286 5049 1191 968 5050 1198 970 5051 1195 826 5052 1192 1286 5053 1196 826 5054 1196 826 5055 1192 1286 5056 1197 826 5057 1191 968 5058 1201 1285 5059 1200 1287 5060 1191 968 5061 1200 1287 5062 1199 969 5063 1197 826 5064 1192 1286 5065 1198 970 5066 1205 812 5067 1203 812 5068 1204 812 5069 1209 850 5070 1208 850 5071 1207 850 5072 1210 185 5073 1207 185 5074 1205 185 5075 1208 45 5076 1209 45 5077 1204 45 5078 1209 826 5079 1210 826 5080 1206 826 5081 1207 971 5082 1208 1288 5083 1203 972 5084 1215 974 5085 1101 985 5086 1027 824 5087 1213 975 5088 1212 983 5089 1093 812 5090 1211 976 5091 1214 982 5092 1145 948 5093 1216 978 5094 1213 975 5095 1091 812 5096 1092 979 5097 1093 912 5098 1212 980 5099 1214 982 5100 1213 975 5101 1216 978 5102 1212 983 5103 1213 975 5104 1214 982 5105 1216 984 5106 1100 1269 5107 1101 985 5108 1028 884 5109 1092 979 5110 1211 981 5111 1220 850 5112 1219 850 5113 1217 850 5114 1221 850 5115 1223 850 5116 1224 850 5117 1219 826 5118 1229 826 5119 1225 826 5120 1221 826 5121 1234 826 5122 1238 826 5123 1218 360 5124 1228 360 5125 1232 360 5126 1223 45 5127 1238 45 5128 1239 45 5129 1240 812 5130 1237 812 5131 1233 812 5132 1220 185 5133 1232 185 5134 1229 185 5135 1226 812 5136 1230 812 5137 1231 812 5138 1224 360 5139 1239 360 5140 1235 360 5141 1222 185 5142 1235 185 5143 1234 185 5144 1227 986 5145 1228 1289 5146 1225 987 5147 1229 989 5148 1230 1290 5149 1226 990 5150 1231 992 5151 1232 1291 5152 1228 993 5153 1229 995 5154 1232 1292 5155 1231 996 5156 1234 998 5157 1235 1292 5158 1236 999 5159 1237 1001 5160 1238 1293 5161 1234 1002 5162 1239 1004 5163 1240 1294 5164 1236 1005 5165 1240 1007 5166 1239 1289 5167 1238 1008 5168 1217 45 5169 1225 45 5170 1228 45 5171 1242 1010 5172 1244 1011 5173 1243 1010 5174 1245 1012 5175 1247 1013 5176 1248 1012 5177 1241 45 5178 1246 45 5179 1248 45 5180 1243 812 5181 1245 812 5182 1246 812 5183 1243 185 5184 1244 185 5185 1247 185 5186 1242 850 5187 1248 850 5188 1247 850 5189 1250 1014 5190 1252 1295 5191 1251 1014 5192 1253 1016 5193 1255 1296 5194 1256 1016 5195 1249 1018 5196 1254 1297 5197 1256 1019 5198 1251 812 5199 1253 812 5200 1254 812 5201 1251 1021 5202 1252 185 5203 1255 1022 5204 1250 850 5205 1256 850 5206 1255 850 5207 1271 826 5208 1274 826 5209 1276 826 5210 1267 360 5211 1273 360 5212 1272 360 5213 1270 1024 5214 1264 1298 5215 1259 1024 5216 1259 1024 5217 1264 1298 5218 1268 1024 5219 1267 850 5220 1266 850 5221 1260 850 5222 1267 850 5223 1258 850 5224 1268 850 5225 1269 850 5226 1262 850 5227 1260 850 5228 1265 850 5229 1270 850 5230 1262 850 5231 1265 850 5232 1271 850 5233 1264 850 5234 1263 850 5235 1268 850 5236 1264 850 5237 1274 850 5238 1272 850 5239 1273 850 5240 1275 850 5241 1272 850 5242 1274 850 5243 1269 45 5244 1275 45 5245 1277 45 5246 1263 185 5247 1276 185 5248 1273 185 5249 1265 826 5250 1277 826 5251 1274 826 5252 1266 360 5253 1272 360 5254 1275 360 5255 1282 1028 5256 1284 1299 5257 1285 1029 5258 1278 1031 5259 1283 1300 5260 1285 1032 5261 1280 1034 5262 1282 1301 5263 1283 1035 5264 1280 1037 5265 1281 1302 5266 1284 1038 5267 1279 1040 5268 1285 1303 5269 1284 1041 5270 1290 1043 5271 1292 1304 5272 1293 1044 5273 1286 1046 5274 1291 1305 5275 1293 1047 5276 1288 1049 5277 1290 1306 5278 1291 1050 5279 1288 1051 5280 1289 1307 5281 1292 1052 5282 1287 1054 5283 1293 1308 5284 1292 1055 5285 1301 1057 5286 1300 1309 5287 1298 1058 5288 1301 1060 5289 1299 1310 5290 1294 1061 5291 1299 1063 5292 1298 1311 5293 1296 1064 5294 1296 1066 5295 1298 1312 5296 1300 1067 5297 1300 1069 5298 1301 1313 5299 1295 1070 5300 1309 1072 5301 1308 1314 5302 1306 1073 5303 1309 1075 5304 1307 1315 5305 1302 1076 5306 1307 1078 5307 1306 1311 5308 1304 1079 5309 1304 1081 5310 1306 1316 5311 1308 1082 5312 1308 1084 5313 1309 1317 5314 1303 1085 5315 1197 45 5316 1312 45 5317 1313 45 5318 1140 926 5319 1139 923 5320 1310 185 5321</p>
        </triangles>
      </mesh>
    </geometry>
  </library_geometries>
  <library_visual_scenes>
    <visual_scene id="Scene" name="Scene">
      <node id="mammoth" name="mammoth" type="NODE">
        <matrix sid="transform">1 0 0 0 0 1 0 0 0 0 1 0 0 0 0 1</matrix>
        <instance_geometry url="#Cube_003-mesh" name="mammoth">
          <bind_material>
            <technique_common>
              <instance_material symbol="Material_002-material" target="#Material_002-material">
                <bind_vertex_input semantic="Cube_003-mesh-map-0" input_semantic="TEXCOORD" input_set="0"/>
              </instance_material>
            </technique_common>
          </bind_material>
        </instance_geometry>
        <node id="prop_w_01" name="prop_w_01" type="NODE">
          <matrix sid="transform">1.013047 0 0 4.873893 0 1 0 7.921251 0 0 1 -0.1581191 0 0 0 1</matrix>
        </node>
        <node id="prop_w_02" name="prop_w_02" type="NODE">
          <matrix sid="transform">1.013047 0 0 -4.87389 0 1 0 7.921251 0 0 1 -0.1581191 0 0 0 1</matrix>
        </node>
      </node>
    </visual_scene>
  </library_visual_scenes>
  <scene>
    <instance_visual_scene url="#Scene"/>
  </scene>
</COLLADA>