<?xml version="1.0" encoding="utf-8"?>
<COLLADA xmlns="http://www.collada.org/2005/11/COLLADASchema" version="1.4.1" xmlns:xsi="http://www.w3.org/2001/XMLSchema-instance">
  <asset>
    <contributor>
      <author>Blender User</author>
      <authoring_tool>Blender 4.3.1 commit date:2024-12-10, commit time:07:46, hash:33d812126174</authoring_tool>
    </contributor>
    <created>2026-08-21T21:49:13</created>
    <modified>2026-08-21T21:49:13</modified>
    <unit name="inch" meter="0.0254"/>
    <up_axis>Z_UP</up_axis>
  </asset>
  <library_effects>
    <effect id="Material_001-effect">
      <profile_COMMON>
        <newparam sid="mcc_aero_png-surface">
          <surface type="2D">
            <init_from>mcc_aero_png</init_from>
          </surface>
        </newparam>
        <newparam sid="mcc_aero_png-sampler">
          <sampler2D>
            <source>mcc_aero_png-surface</source>
          </sampler2D>
        </newparam>
        <technique sid="common">
          <lambert>
            <emission>
              <color sid="emission">0 0 0 1</color>
            </emission>
            <diffuse>
              <texture texture="mcc_aero_png-sampler" texcoord="UVMap"/>
            </diffuse>
            <index_of_refraction>
              <float sid="ior">1.45</float>
            </index_of_refraction>
          </lambert>
        </technique>
      </profile_COMMON>
    </effect>
  </library_effects>
  <library_images>
    <image id="mcc_aero_png" name="mcc_aero_png">
      <init_from>/home/welton/snap/0ad/739/.local/share/0ad/mods/mars_wars/art/textures/skins/mechanical/mcc_aero.png</init_from>
    </image>
  </library_images>
  <library_materials>
    <material id="Material_001-material" name="Material.001">
      <instance_effect url="#Material_001-effect"/>
    </material>
  </library_materials>
  <library_geometries>
    <geometry id="Cube_011-mesh" name="Cube.011">
      <mesh>
        <source id="Cube_011-mesh-positions">
          <float_array id="Cube_011-mesh-positions-array" count="1815">1.977458 10.50143 7.928443 2.777405 -6.497452 1.335425 2.309545 -6.497452 7.698805 -1.970058 10.50143 7.928443 -2.769995 -6.497454 1.335425 -2.302135 -6.497454 7.698805 2.777401 2.797968 1.335425 2.309542 4.173715 8.292385 -2.769998 2.797966 1.335425 -2.302138 4.173713 8.292385 0.1002382 23.01001 10.20681 -0.09284478 23.01001 10.20681 1.205976 14.59561 7.861683 0.7839826 18.58253 10.43189 -0.7765868 18.58253 10.43189 -1.198577 14.59561 7.861683 1.243993 -13.60738 2.063847 1.094982 -13.32349 4.417397 -1.23658 -13.60738 2.063847 -1.087569 -13.32349 4.417397 3.056136 10.50143 6.29456 2.651473 10.50143 7.111502 3.096962 -6.497452 6.454515 3.56971 -6.497453 5.210224 3.974379 -6.497452 3.965934 3.98599 -6.497452 3.315223 3.880915 -6.497452 2.636247 -3.089553 -6.497455 6.454515 -3.5623 -6.497456 5.210224 -3.966969 -6.497455 3.965934 -3.97858 -6.497455 3.315223 -3.873506 -6.497455 2.636247 -2.644073 10.50143 7.111502 -3.089555 4.173712 7.048094 -3.562303 4.173712 5.803804 -3.966972 4.173712 4.559514 -3.978583 4.173712 3.315223 -3.873508 2.797966 2.636247 3.096959 4.173715 7.048094 3.569707 4.173715 5.803804 3.974376 4.173715 4.559514 3.985987 4.173715 3.315223 3.880912 2.797969 2.636247 0.1699423 20.97035 7.738029 0.1529995 21.07159 8.356488 0.1332064 21.17284 8.974947 -0.125812 21.17284 8.974947 -0.1456051 21.07159 8.356488 -0.1625478 20.97035 7.738029 2.074028 13.95955 6.237111 1.863032 14.17157 6.778635 1.616539 14.38359 7.320158 1.347355 16.72687 6.910536 1.210417 16.72687 7.533138 1.050441 16.72687 8.155742 -1.609141 14.38359 7.320158 -1.855634 14.17156 6.778635 -2.06663 13.95954 6.237111 -1.043044 16.72687 8.155742 -1.20302 16.72687 7.533138 -1.339958 16.72687 6.910536 1.089167 -13.09185 4.434962 1.59828 -13.60738 3.30993 1.779232 -13.60738 2.83121 1.784424 -13.60738 2.580859 1.737439 -13.60738 2.319634 -1.081754 -13.09185 4.434962 -1.590867 -13.60738 3.30993 -1.771819 -13.60738 2.83121 -1.77701 -13.60738 2.580859 -1.730026 -13.60738 2.319634 1.822386 -10.81372 1.731517 -1.814973 -10.81372 1.731517 -1.508204 -10.81372 6.511646 1.442506 -11.11454 6.371094 -1.461723 -11.3734 5.32846 -2.334478 -10.81373 4.531848 -2.599814 -10.81372 3.965934 -2.607427 -10.81372 3.315223 -2.538531 -10.81372 2.636247 2.545943 -10.81372 2.636247 2.614839 -10.81372 3.315223 2.607226 -10.81372 3.965934 2.34189 -10.81372 4.531848 1.469135 -11.3734 5.32846 1.034786 -13.60738 4.267371 -1.027372 -13.60738 4.267371 1.386887 -13.60738 3.78865 -1.379473 -13.60738 3.78865 -2.024503 -10.81372 5.267356 2.031915 -10.81372 5.267356 -1.435094 -11.11454 6.371094 1.515616 -10.81372 6.511646 0.9276949 -13.04559 4.587374 -0.9202816 -13.04559 4.587374 1.334068 -13.36456 4.152323 -1.326654 -13.36457 4.152323 -1.838064 -11.0895 5.34326 1.845476 -11.0895 5.34326 -1.164239 -11.40128 6.108202 1.171651 -11.40128 6.108202 2.777405 -6.497452 0.6845826 -2.769995 -6.497454 0.6845826 2.777401 4.173715 0.6845826 -2.769998 4.173713 0.6845826 -1.660515 -6.497454 0.6845826 -2.769995 -6.497454 1.462067 -2.769998 4.173713 1.462067 1.667925 -6.497453 0.6845826 -1.660518 4.173713 0.6845826 2.777405 -6.497452 1.462067 1.667925 -6.497453 1.462067 1.667922 4.173714 0.6845826 2.777401 4.173715 1.462067 1.667922 4.173714 1.462067 -1.660515 -6.497454 1.462067 -1.660518 4.173713 1.462067 0.1699423 20.97035 7.738029 0.1529995 21.07159 8.356488 -0.1456051 21.07159 8.356488 -0.1625478 20.97035 7.738029 1.347355 16.72687 6.910536 1.210417 16.72687 7.533138 -1.20302 16.72687 7.533138 -1.339958 16.72687 6.910536 0.8646627 17.93545 9.498183 0.627871 18.0349 9.604082 2.999064 18.61825 9.498183 3.235854 18.86823 9.609144 0.8646627 17.93545 9.495071 0.627871 18.0349 9.401909 2.999064 18.61825 9.495071 3.235854 18.86823 9.406971 0.8071184 20.27441 9.653573 0.6278696 20.16252 9.72243 3.235853 20.16302 9.719186 3.056604 20.27441 9.653573 0.6278696 20.16252 9.520257 0.8071184 20.27441 9.601561 3.056604 20.27441 9.601561 3.235853 20.16302 9.517014 -0.8572561 17.93545 9.498183 -0.6204646 18.0349 9.604082 -2.991657 18.61825 9.498183 -3.228448 18.86823 9.609144 -0.8572561 17.93545 9.495071 -0.6204646 18.0349 9.401909 -2.991657 18.61825 9.495071 -3.228448 18.86823 9.406971 -0.7997119 20.27441 9.653573 -0.620463 20.16252 9.72243 -3.228446 20.16302 9.719186 -3.049198 20.27441 9.653573 -0.620463 20.16252 9.520257 -0.7997119 20.27441 9.601561 -3.049198 20.27441 9.601561 -3.228446 20.16302 9.517014 -2.10591 -5.508787 5.909962 -1.834112 -5.2803 6.434751 -9.020435 -4.48781 5.760925 -9.558585 -4.030431 6.278982 -2.10591 -5.511131 5.893903 -1.834112 -5.432599 5.391433 -9.020435 -4.490155 5.744866 -9.558585 -4.182729 5.235664 -2.039863 -1.89434 6.201332 -1.834114 -2.009768 6.581089 -9.558588 -2.011469 6.564244 -9.151213 -1.89434 6.201332 -1.834114 -2.162066 5.537771 -2.039863 -1.933521 5.932919 -9.151213 -1.933521 5.932919 -9.558588 -2.163767 5.520926 -11.47675 -5.60892 5.493585 -11.47675 -5.60892 6.724331 -12.34671 -5.435873 5.493585 -12.34671 -5.435873 6.724331 -13.08423 -4.943078 5.493585 -13.08423 -4.943078 6.724331 -13.57703 -4.205559 5.493585 -13.57703 -4.205559 6.724331 -13.75007 -3.335595 5.493585 -13.75007 -3.335595 6.724331 -13.57703 -2.465631 5.493585 -13.57703 -2.465631 6.724331 -13.08423 -1.72811 5.493585 -13.08423 -1.72811 6.724331 -12.34671 -1.235316 5.493585 -12.34671 -1.235316 6.724331 -11.47675 -1.062268 5.493585 -11.47675 -1.062268 6.724331 -10.60679 -1.235314 5.493585 -10.60679 -1.235314 6.724331 -9.869266 -1.728109 5.493585 -9.869266 -1.728109 6.724331 -9.376471 -2.46563 5.493585 -9.376471 -2.46563 6.724331 -9.203423 -3.335594 5.493585 -9.203423 -3.335594 6.724331 -9.376469 -4.205558 5.493585 -9.376469 -4.205558 6.724331 -9.869263 -4.943078 5.493585 -9.869263 -4.943078 6.724331 -10.60678 -5.435873 5.493585 -10.60678 -5.435873 6.724331 -11.47675 -6.650806 5.493585 -12.74542 -6.39845 5.493585 -12.74542 -6.39845 6.724331 -11.47675 -6.650806 6.724331 -13.82096 -5.679804 5.493585 -13.82096 -5.679804 6.724331 -14.5396 -4.604272 5.493585 -14.5396 -4.604272 6.724331 -14.79196 -3.335595 5.493585 -14.79196 -3.335595 6.724331 -14.5396 -2.066918 5.493585 -14.5396 -2.066918 6.724331 -13.82096 -0.9913859 5.493585 -13.82096 -0.9913859 6.724331 -12.74543 -0.2727382 5.493585 -12.74543 -0.2727382 6.724331 -11.47675 -0.02038145 5.493585 -11.47675 -0.02038145 6.724331 -10.20807 -0.272737 5.493585 -10.20807 -0.272737 6.724331 -9.132541 -0.9913845 5.493585 -9.132541 -0.9913845 6.724331 -8.413893 -2.066916 5.493585 -8.413893 -2.066916 6.724331 -8.161537 -3.335593 5.493585 -8.161537 -3.335593 6.724331 -8.413891 -4.60427 5.493585 -8.413891 -4.60427 6.724331 -9.13254 -5.679802 5.493585 -9.13254 -5.679802 6.724331 -10.20807 -6.398449 5.493585 -10.20807 -6.398449 6.724331 -11.47675 -5.608921 5.667024 -12.34671 -5.435874 5.667024 -12.34671 -5.435874 6.550891 -11.47675 -5.608921 6.550891 -13.08423 -4.943079 5.667024 -13.08423 -4.943079 6.550891 -13.57703 -4.205559 5.667024 -13.57703 -4.205559 6.550891 -13.75007 -3.335595 5.667024 -13.75007 -3.335595 6.550891 -13.57703 -2.465631 5.667024 -13.57703 -2.465631 6.550891 -13.08423 -1.72811 5.667024 -13.08423 -1.72811 6.550891 -12.34671 -1.235315 5.667024 -12.34671 -1.235315 6.550891 -11.47675 -1.062268 5.667024 -11.47675 -1.062268 6.550891 -10.60679 -1.235314 5.667024 -10.60679 -1.235314 6.550891 -9.869265 -1.728109 5.667024 -9.869265 -1.728109 6.550891 -9.376471 -2.465629 5.667024 -9.376471 -2.465629 6.550891 -9.203422 -3.335594 5.667024 -9.203422 -3.335594 6.550891 -9.376469 -4.205558 5.667024 -9.376469 -4.205558 6.550891 -9.869263 -4.943078 5.667024 -9.869263 -4.943078 6.550891 -10.60678 -5.435873 5.667024 -10.60678 -5.435873 6.550891 2.105912 -5.508785 5.909962 1.834114 -5.2803 6.434751 9.020437 -4.487809 5.760925 9.558585 -4.030429 6.278982 2.105912 -5.511129 5.893903 1.834114 -5.432598 5.391433 9.020437 -4.490153 5.744866 9.558585 -4.182727 5.235663 2.039861 -1.894339 6.201332 1.834112 -2.009768 6.581089 9.558584 -2.011467 6.564244 9.151209 -1.894338 6.201332 1.834112 -2.162066 5.537771 2.039861 -1.93352 5.932919 9.151209 -1.93352 5.932919 9.558584 -2.163765 5.520926 11.47675 -5.608913 5.493585 11.47675 -5.608913 6.724331 12.34671 -5.435865 5.493585 12.34671 -5.435865 6.724331 13.08423 -4.94307 5.493585 13.08423 -4.94307 6.724331 13.57703 -4.205551 5.493585 13.57703 -4.205551 6.724331 13.75007 -3.335586 5.493585 13.75007 -3.335586 6.724331 13.57703 -2.465622 5.493585 13.57703 -2.465622 6.724331 13.08423 -1.728102 5.493585 13.08423 -1.728102 6.724331 12.34671 -1.235307 5.493585 12.34671 -1.235307 6.724331 11.47675 -1.062261 5.493585 11.47675 -1.062261 6.724331 10.60678 -1.235308 5.493585 10.60678 -1.235308 6.724331 9.869263 -1.728103 5.493585 9.869263 -1.728103 6.724331 9.376468 -2.465623 5.493585 9.376468 -2.465623 6.724331 9.203423 -3.335588 5.493585 9.203423 -3.335588 6.724331 9.376469 -4.205552 5.493585 9.376469 -4.205552 6.724331 9.869263 -4.943071 5.493585 9.869263 -4.943071 6.724331 10.60678 -5.435866 5.493585 10.60678 -5.435866 6.724331 11.47675 -6.650799 5.493585 12.74542 -6.398442 5.493585 12.74542 -6.398442 6.724331 11.47675 -6.650799 6.724331 13.82096 -5.679794 5.493585 13.82096 -5.679794 6.724331 14.5396 -4.604263 5.493585 14.5396 -4.604263 6.724331 14.79196 -3.335586 5.493585 14.79196 -3.335586 6.724331 14.5396 -2.066909 5.493585 14.5396 -2.066909 6.724331 13.82096 -0.9913771 5.493585 13.82096 -0.9913771 6.724331 12.74542 -0.2727294 5.493585 12.74542 -0.2727294 6.724331 11.47675 -0.02037429 5.493585 11.47675 -0.02037429 6.724331 10.20807 -0.2727306 5.493585 10.20807 -0.2727306 6.724331 9.132538 -0.9913786 5.493585 9.132538 -0.9913786 6.724331 8.413891 -2.066911 5.493585 8.413891 -2.066911 6.724331 8.161536 -3.335588 5.493585 8.161536 -3.335588 6.724331 8.413893 -4.604265 5.493585 8.413893 -4.604265 6.724331 9.132541 -5.679796 5.493585 9.132541 -5.679796 6.724331 10.20807 -6.398443 5.493585 10.20807 -6.398443 6.724331 11.47675 -5.608913 5.667024 12.34671 -5.435866 5.667024 12.34671 -5.435866 6.550891 11.47675 -5.608913 6.550891 13.08423 -4.94307 5.667024 13.08423 -4.94307 6.550891 13.57703 -4.205551 5.667024 13.57703 -4.205551 6.550891 13.75007 -3.335586 5.667024 13.75007 -3.335586 6.550891 13.57703 -2.465622 5.667024 13.57703 -2.465622 6.550891 13.08423 -1.728102 5.667024 13.08423 -1.728102 6.550891 12.34671 -1.235306 5.667024 12.34671 -1.235306 6.550891 11.47675 -1.062261 5.667024 11.47675 -1.062261 6.550891 10.60678 -1.235307 5.667024 10.60678 -1.235307 6.550891 9.869263 -1.728103 5.667024 9.869263 -1.728103 6.550891 9.376468 -2.465623 5.667024 9.376468 -2.465623 6.550891 9.203421 -3.335588 5.667024 9.203421 -3.335588 6.550891 9.376469 -4.205552 5.667024 9.376469 -4.205552 6.550891 9.869263 -4.943071 5.667024 9.869263 -4.943071 6.550891 10.60678 -5.435866 5.667024 10.60678 -5.435866 6.550891 -2.10591 3.370668 7.488661 -1.834112 3.599154 8.01345 -9.020435 4.391644 7.339624 -9.558585 4.849023 7.857681 -2.10591 3.368324 7.472602 -1.834112 3.446856 6.970132 -9.020435 4.3893 7.323565 -9.558585 4.696725 6.814363 -2.039863 6.985115 7.780031 -1.834114 6.869686 8.159789 -9.558588 6.867986 8.142944 -9.151213 6.985114 7.780031 -1.834114 6.717388 7.11647 -2.039863 6.945933 7.511619 -9.151213 6.945933 7.511619 -9.558588 6.715688 7.099626 -11.47675 3.270534 7.072284 -11.47675 3.270534 8.30303 -12.34671 3.443581 7.072284 -12.34671 3.443581 8.30303 -13.08423 3.936376 7.072284 -13.08423 3.936376 8.30303 -13.57703 4.673895 7.072284 -13.57703 4.673895 8.30303 -13.75007 5.543859 7.072284 -13.75007 5.543859 8.30303 -13.57703 6.413824 7.072284 -13.57703 6.413824 8.30303 -13.08423 7.151344 7.072284 -13.08423 7.151344 8.30303 -12.34671 7.644139 7.072284 -12.34671 7.644139 8.30303 -11.47675 7.817186 7.072284 -11.47675 7.817186 8.30303 -10.60679 7.64414 7.072284 -10.60679 7.64414 8.30303 -9.869266 7.151345 7.072284 -9.869266 7.151345 8.30303 -9.376471 6.413825 7.072284 -9.376471 6.413825 8.30303 -9.203423 5.543861 7.072284 -9.203423 5.543861 8.30303 -9.376469 4.673897 7.072284 -9.376469 4.673897 8.30303 -9.869263 3.936377 7.072284 -9.869263 3.936377 8.30303 -10.60678 3.443582 7.072284 -10.60678 3.443582 8.30303 -11.47675 2.228648 7.072284 -12.74542 2.481004 7.072284 -12.74542 2.481004 8.30303 -11.47675 2.228648 8.30303 -13.82096 3.199651 7.072284 -13.82096 3.199651 8.30303 -14.5396 4.275182 7.072284 -14.5396 4.275182 8.30303 -14.79196 5.543859 7.072284 -14.79196 5.543859 8.30303 -14.5396 6.812536 7.072284 -14.5396 6.812536 8.30303 -13.82096 7.888068 7.072284 -13.82096 7.888068 8.30303 -12.74543 8.606717 7.072284 -12.74543 8.606717 8.30303 -11.47675 8.859073 7.072284 -11.47675 8.859073 8.30303 -10.20807 8.606718 7.072284 -10.20807 8.606718 8.30303 -9.132541 7.88807 7.072284 -9.132541 7.88807 8.30303 -8.413893 6.812538 7.072284 -8.413893 6.812538 8.30303 -8.161537 5.543861 7.072284 -8.161537 5.543861 8.30303 -8.413891 4.275184 7.072284 -8.413891 4.275184 8.30303 -9.13254 3.199653 7.072284 -9.13254 3.199653 8.30303 -10.20807 2.481005 7.072284 -10.20807 2.481005 8.30303 -11.47675 3.270534 7.245723 -12.34671 3.443581 7.245723 -12.34671 3.443581 8.129591 -11.47675 3.270534 8.129591 -13.08423 3.936376 7.245723 -13.08423 3.936376 8.129591 -13.57703 4.673895 7.245723 -13.57703 4.673895 8.129591 -13.75007 5.543859 7.245723 -13.75007 5.543859 8.129591 -13.57703 6.413824 7.245723 -13.57703 6.413824 8.129591 -13.08423 7.151344 7.245723 -13.08423 7.151344 8.129591 -12.34671 7.644139 7.245723 -12.34671 7.644139 8.129591 -11.47675 7.817187 7.245723 -11.47675 7.817187 8.129591 -10.60679 7.64414 7.245723 -10.60679 7.64414 8.129591 -9.869265 7.151345 7.245723 -9.869265 7.151345 8.129591 -9.376471 6.413825 7.245723 -9.376471 6.413825 8.129591 -9.203422 5.543861 7.245723 -9.203422 5.543861 8.129591 -9.376469 4.673897 7.245723 -9.376469 4.673897 8.129591 -9.869263 3.936377 7.245723 -9.869263 3.936377 8.129591 -10.60678 3.443581 7.245723 -10.60678 3.443581 8.129591 2.105912 3.370669 7.488661 1.834114 3.599155 8.013451 9.020437 4.391645 7.339624 9.558585 4.849025 7.857681 2.105912 3.368325 7.472602 1.834114 3.446856 6.970132 9.020437 4.389301 7.323565 9.558585 4.696727 6.814363 2.039861 6.985116 7.780031 1.834112 6.869687 8.159789 9.558584 6.867987 8.142944 9.151209 6.985116 7.780031 1.834112 6.717389 7.11647 2.039861 6.945934 7.511619 9.151209 6.945935 7.511619 9.558584 6.715689 7.099625 11.47675 3.270541 7.072284 11.47675 3.270541 8.30303 12.34671 3.443589 7.072284 12.34671 3.443589 8.30303 13.08423 3.936384 7.072284 13.08423 3.936384 8.30303 13.57703 4.673904 7.072284 13.57703 4.673904 8.30303 13.75007 5.543868 7.072284 13.75007 5.543868 8.30303 13.57703 6.413833 7.072284 13.57703 6.413833 8.30303 13.08423 7.151352 7.072284 13.08423 7.151352 8.30303 12.34671 7.644147 7.072284 12.34671 7.644147 8.30303 11.47675 7.817193 7.072284 11.47675 7.817193 8.30303 10.60678 7.644147 7.072284 10.60678 7.644147 8.30303 9.869263 7.151351 7.072284 9.869263 7.151351 8.30303 9.376468 6.413831 7.072284 9.376468 6.413831 8.30303 9.203423 5.543867 7.072284 9.203423 5.543867 8.30303 9.376469 4.673903 7.072284 9.376469 4.673903 8.30303 9.869263 3.936383 7.072284 9.869263 3.936383 8.30303 10.60678 3.443588 7.072284 10.60678 3.443588 8.30303 11.47675 2.228655 7.072284 12.74542 2.481012 7.072284 12.74542 2.481012 8.30303 11.47675 2.228655 8.30303 13.82096 3.19966 7.072284 13.82096 3.19966 8.30303 14.5396 4.275191 7.072284 14.5396 4.275191 8.30303 14.79196 5.543869 7.072284 14.79196 5.543869 8.30303 14.5396 6.812545 7.072284 14.5396 6.812545 8.30303 13.82096 7.888077 7.072284 13.82096 7.888077 8.30303 12.74542 8.606725 7.072284 12.74542 8.606725 8.30303 11.47675 8.859081 7.072284 11.47675 8.859081 8.30303 10.20807 8.606724 7.072284 10.20807 8.606724 8.30303 9.132538 7.888076 7.072284 9.132538 7.888076 8.30303 8.413891 6.812543 7.072284 8.413891 6.812543 8.30303 8.161536 5.543867 7.072284 8.161536 5.543867 8.30303 8.413893 4.275189 7.072284 8.413893 4.275189 8.30303 9.132541 3.199658 7.072284 9.132541 3.199658 8.30303 10.20807 2.481011 7.072284 10.20807 2.481011 8.30303 11.47675 3.270541 7.245723 12.34671 3.443588 7.245723 12.34671 3.443588 8.129591 11.47675 3.270541 8.129591 13.08423 3.936384 7.245723 13.08423 3.936384 8.129591 13.57703 4.673904 7.245723 13.57703 4.673904 8.129591 13.75007 5.543868 7.245723 13.75007 5.543868 8.129591 13.57703 6.413833 7.245723 13.57703 6.413833 8.129591 13.08423 7.151352 7.245723 13.08423 7.151352 8.129591 12.34671 7.644148 7.245723 12.34671 7.644148 8.129591 11.47675 7.817194 7.245723 11.47675 7.817194 8.129591 10.60678 7.644147 7.245723 10.60678 7.644147 8.129591 9.869263 7.151351 7.245723 9.869263 7.151351 8.129591 9.376468 6.413831 7.245723 9.376468 6.413831 8.129591 9.203421 5.543867 7.245723 9.203421 5.543867 8.129591 9.376469 4.673902 7.245723 9.376469 4.673902 8.129591 9.869263 3.936383 7.245723 9.869263 3.936383 8.129591 10.60678 3.443588 7.245723 10.60678 3.443588 8.129591</float_array>
          <technique_common>
            <accessor source="#Cube_011-mesh-positions-array" count="605" stride="3">
              <param name="X" type="float"/>
              <param name="Y" type="float"/>
              <param name="Z" type="float"/>
            </accessor>
          </technique_common>
        </source>
        <source id="Cube_011-mesh-normals">
          <float_array id="Cube_011-mesh-normals-array" count="4635">0.8932275 0.01336777 0.4494063 0.8349903 -0.153565 0.5284025 0.8845766 -0.1644167 0.4364532 0 -0.1029858 -0.9946829 0 -0.1181258 -0.9929987 1.71554e-7 -0.1181257 -0.9929987 -0.8413255 0.01377981 0.5403531 -0.9134754 0.1513689 0.3776907 -0.8941651 0.01670241 0.447426 0 0.05077016 0.9987103 0 0.05077028 0.9987104 0 0.05077034 0.9987105 0 -1.59866e-5 1 0 0.03850114 0.9992586 0 -1.41509e-5 1 0 -0.1550402 0.9879083 0 -0.1550386 0.9879084 0 -0.04234874 -0.9991029 0.3284599 0.6236327 -0.7093634 0 -0.04234749 -0.999103 -0.8349899 -0.1535655 0.5284029 -0.8845766 -0.1644172 0.4364533 0.8380743 0.1344006 0.5287419 0.8413254 0.01378029 0.5403533 0 0.5569134 -0.8305706 0 0.5569138 -0.8305703 -0.9811503 0.1814878 -0.06638073 -0.9791946 0.173013 -0.1060408 -0.9796084 0.1281967 0.1547033 -0.7683655 0.1240991 0.6278648 -0.8775717 0.1370299 0.4594462 -0.8413611 0.04638916 0.5384789 0 0.03850066 0.9992586 0 0.01630401 0.9998671 0 -0.5418289 0.8404889 0 -0.5418291 0.8404888 0 -0.5418292 0.8404887 4.57588e-7 -1 -1.34137e-6 6.28282e-7 -1 0 6.8948e-7 -1 7.32694e-6 0 -0.6770857 0.7359042 0 -0.5955476 0.8033201 0 -0.5955448 0.8033221 0.7360399 -0.6187415 0.2745984 0.5919143 -0.4789527 0.6482607 0.5249012 -0.4811303 0.7021343 -0.7507857 -0.1912536 -0.6322523 -0.5264137 -0.1904479 -0.8286243 -0.7638236 -0.1947668 -0.615337 -0.7360396 -0.6187422 0.2745978 -0.5919142 -0.4789536 0.64826 -0.7021533 -0.6659926 0.2518625 -0.856613 -0.3489192 0.3800917 -0.8050796 -0.4362394 0.4019228 -0.8540046 -0.3666285 0.3691339 -0.9160485 -0.3325965 0.2241311 -0.852841 -0.3881111 0.3493311 -0.956807 -0.2880047 -0.03966879 -0.9312678 -0.3340245 0.1454917 -0.9560071 -0.2761014 -0.09908843 -0.9585365 -0.2714498 -0.08673435 0.7507859 -0.1912534 -0.6322522 0.5264138 -0.1904478 -0.8286243 0.4511997 -0.1969589 -0.8704172 0.9560073 -0.2761009 -0.09908771 0.9585365 -0.2714492 -0.08673655 0.9514216 -0.2559538 -0.1711276 0.9568073 -0.2880042 -0.0396685 0.9312682 -0.3340241 0.1454903 0.9160487 -0.332596 0.2241312 0.8528411 -0.3881109 0.3493309 0.8566132 -0.3489186 0.3800917 0.8050798 -0.4362386 0.4019234 5.88632e-7 -1 1.87031e-6 5.57118e-7 -1 -5.85646e-6 7.68914e-7 -1 1.20243e-5 5.42059e-7 -1 -4.27136e-6 5.39157e-7 -1 5.64819e-6 5.36271e-7 -1 -6.54166e-6 5.36344e-7 -1 5.09933e-6 5.62711e-7 -1 -2.86078e-6 5.60371e-7 -1 -1.37979e-6 6.27552e-7 -1 -1.51393e-7 -0.9307321 0.1941266 0.309924 -0.955901 0.1993506 0.215668 -0.9087109 0.2903036 -0.2999473 -0.9562748 0.1831817 0.2279978 0.8413615 0.04638975 0.5384783 0.9796085 0.1281971 0.1547023 0.9811502 0.1814883 -0.06638073 0.8775718 0.1370304 0.4594457 0.9562749 0.1831822 0.2279971 0.9282085 0.2010877 0.3130381 0.9559009 0.1993513 0.2156683 0.7683653 0.1240995 0.6278647 0.9791945 0.1730135 -0.1060405 0.9727687 0.1408699 -0.1840566 0.9763641 0.2160715 0.005116701 0.9712674 0.2379588 0.003916263 -0.9114285 0.3991398 -0.09992796 0.6105975 0.6699418 -0.4223135 -0.6106082 0.6699463 -0.4222911 0.7583458 0.3141625 -0.5711512 -0.7583522 0.3141534 -0.5711478 -0.9712676 0.2379583 0.003915369 -0.9763643 0.216071 0.005115866 0.9135196 0.3932486 -0.1041033 0.8916367 0.3210207 -0.3192647 0.9786019 0.2023029 0.03757774 0 0.9868649 -0.1615477 0 0.986865 -0.1615477 0 0.9868651 -0.1615465 0 0.9868648 -0.1615486 0 0.9868651 -0.1615472 0.9431649 0.01617085 0.3319315 -0.7587503 -0.1176837 -0.6406627 -0.3284608 0.6236289 -0.7093663 -0.9861987 -0.1516283 -0.06649112 -0.9769011 -0.1534116 -0.148759 -0.9754162 -0.153199 0.1584089 -0.9296686 -0.1612181 0.3312476 -0.9433423 0.0252034 0.3308628 0.7587505 -0.1176832 -0.6406626 0.9861988 -0.1516278 -0.0664913 0.9769011 -0.1534111 -0.1487594 0.9754163 -0.1531985 0.1584089 0.9296687 -0.1612176 0.3312477 0.8540048 -0.3666285 0.3691335 0.7638238 -0.1947664 -0.6153367 -0.8642512 -0.343199 0.3678103 -0.7581102 -0.1080142 -0.6431189 0.8642513 -0.3431983 0.3678107 2.14713e-7 -0.3354185 0.9420693 0 -0.1029855 -0.994683 0 -0.491572 0.870837 0 -0.4672306 0.8841356 0 -0.4672286 0.8841367 0.7484288 -0.4719628 0.4659458 0.6393989 -0.51954 0.5667869 -0.7484281 -0.471964 0.4659458 -0.6393966 -0.5195413 0.5667882 -0.6202424 -0.4652546 0.631536 0.7744519 -0.5197753 0.3606356 -0.7744522 -0.5197749 0.3606356 0.7844558 -0.5459369 0.2942486 2.06194e-7 -0.51714 0.8559009 1.88319e-7 -0.3354197 0.9420689 3.09901e-7 -0.5171408 0.8559004 0.6996654 -0.0365411 0.7135356 0.7243036 -0.03403484 0.6886407 0.7396788 -0.03240066 0.6721796 -0.6996651 -0.03654277 0.7135359 -0.724303 -0.03403639 0.6886412 -0.6800587 -0.03844648 0.7321489 -0.3434336 -0.4948096 0.7982588 -0.3607351 -0.4923574 0.7921202 -0.3648502 -0.4917466 0.7906135 0.3434342 -0.4948093 0.7982587 0.3607379 -0.4923569 0.7921193 0.3420037 -0.4950037 0.7987521 0.7021551 -0.6659908 0.2518624 2.30156e-7 -0.6770881 0.735902 0 0 -1 0 0 -1 0 0 -1 0 0 -1 0 0 -1 0 0 -1 -8.59569e-7 1 0 -8.59569e-7 1 0 1.44765e-7 0 1 0 0 1 1.61101e-7 0 1 0 0 1 0 0 1 0 0 1 -1 -2.5996e-7 0 -1 -2.86036e-7 0 -1 -2.5863e-7 0 -1 -2.32554e-7 0 -1 -2.84706e-7 0 -1 -2.29893e-7 0 -4.29784e-7 1 0 -4.29784e-7 1 0 1 2.84706e-7 0 1 2.32554e-7 0 1 2.87367e-7 0 0 -1 0 1 2.87367e-7 0 8.59569e-7 -1 0 8.59569e-7 -1 0 0.9550706 0.2248542 0.1930826 0.9710162 0.2386884 -0.01247191 -0.9550706 0.2248537 0.1930826 -0.9519923 0.2233117 0.2093865 0.3046943 -0.9524502 0 0.3046944 -0.9524502 0 -1 -6.92843e-7 0 -1 -6.92843e-7 0 -0.007224202 0.07273626 -0.9973251 -0.01152616 0.06411635 -0.9978759 -0.001254916 0.08468365 -0.9964071 0 1 0 0.1669362 -0.5273209 0.8331056 0.163653 -0.5121523 0.8431594 0.1632583 -0.510334 0.8443377 0.1481615 -0.4626747 -0.8740597 0.1450223 -0.4486433 -0.8818661 0.1485185 -0.4642738 -0.8731507 -0.3872412 -0.9219785 0 -0.3871504 -0.9220167 0 -0.3872426 -0.921978 0 0.7260048 -0.6876896 0 0.7257936 -0.6879126 0 0.7257008 -0.6880105 0 1 1.11707e-6 0 1 9.3222e-7 0 1 9.10793e-7 0 8.28707e-5 0.5088812 0.8608368 9.40289e-4 0.5226681 0.8525357 9.60641e-4 0.5229938 0.8523359 -0.001081645 0.6031062 -0.7976603 -9.6707e-5 0.5892198 -0.8079729 0 0.5878468 -0.8089722 0.5278128 0.8493608 0 0.5278112 0.8493617 0 0.5278093 0.8493629 0 -0.5295109 0.8483033 0 -0.5295118 0.8483026 0 -0.5295105 0.8483034 0 0.00722444 -0.07273626 0.9973251 0.01152592 -0.06411635 0.9978759 0.01580566 -0.05553203 0.9983318 -0.3046943 -0.9524502 0 -0.3046943 -0.9524502 0 1 -7.29507e-7 0 1 -7.60106e-7 0 1 -7.62127e-7 0 0.007224202 0.07273632 -0.9973251 0.01152616 0.06411641 -0.9978759 0.01580637 0.05553209 -0.9983318 -0.1636515 -0.5121461 0.8431634 -0.1669352 -0.5273178 0.8331078 -0.1632567 -0.5103275 0.8443419 -0.1481593 -0.4626678 -0.8740637 -0.1450206 -0.4486382 -0.881869 -0.1449107 -0.4481477 -0.8821364 0.3871483 -0.9220176 0 0.3872413 -0.9219784 0 0.3872427 -0.9219779 0 -0.726005 -0.6876894 0 -0.7258062 -0.6878992 0 -0.7260068 -0.6876875 0 -1 1.15992e-6 0 -1 1.34477e-6 0 -1 1.13849e-6 0 -9.40212e-4 0.5226608 0.8525402 -8.28639e-5 0.5088758 0.86084 -9.60562e-4 0.5229864 0.8523405 9.66961e-5 0.5892115 -0.807979 0.001081526 0.6031016 -0.7976636 0 0.5878382 -0.8089787 -0.5278127 0.849361 0 -0.5278106 0.8493622 0 -0.5278135 0.8493603 0 0.5295115 0.8483028 0 0.5295106 0.8483034 0 0.5295102 0.8483036 0 -0.00722444 -0.07273632 0.9973251 -0.01152592 -0.06411641 0.9978759 -0.00125575 -0.08468365 0.9964071 -0.1475821 -0.9786733 0.1428918 -0.1475911 -0.9786816 0.1428261 -0.1475821 -0.9786733 0.142892 1 5.78357e-7 0 1 5.11784e-7 0 1 4.92322e-7 0 0.008216321 0.1170673 -0.99309 0.02324002 0.06035494 -0.9979065 0.02736783 0.04468303 -0.9986262 0 0.9895131 -0.1444432 0 0.9895131 -0.1444432 0 0.9895132 -0.1444432 -0.1399657 -0.8747377 0.4639437 -0.1425785 -0.8134351 0.5639103 -0.1396564 -0.8793697 0.455198 -0.1377763 -0.9616866 -0.2370165 -0.1385253 -0.9079899 -0.3954305 -0.1384837 -0.9057735 -0.4004955 0.4838926 -0.8659506 0.1264024 0.4838921 -0.8659504 0.1264061 0.483892 -0.8659504 0.1264066 -0.5745309 -0.8098995 0.118225 -0.5745465 -0.8098875 0.1182305 -0.5745303 -0.8099 0.1182248 -1 -1.18663e-6 2.11214e-7 -1 -1.58705e-6 2.11213e-7 -1 -9.24563e-7 2.11214e-7 -4.20255e-5 0.9565537 0.2915564 -8.57534e-4 0.9520621 0.3059036 -8.77427e-4 0.9519499 0.3062527 4.87924e-5 0.8660315 -0.4999895 8.49373e-4 0.8723757 -0.4888352 0 0.8656398 -0.5006675 -0.3818719 0.914523 -0.1334971 -0.3818721 0.914523 -0.1334971 -0.3818722 0.9145229 -0.1334972 0.6348821 0.7645067 -0.1115986 0.6348821 0.7645067 -0.1115986 0.6348821 0.7645068 -0.1115986 -0.008216321 -0.1170673 0.99309 -0.02324014 -0.06035506 0.9979064 -0.002128541 -0.1399018 0.9901632 -0.1950905 -0.9807853 0 -0.1950905 -0.9807853 0 -0.5555697 -0.8314701 0 -0.5555697 -0.83147 0 -0.8314693 -0.5555707 0 -0.83147 -0.5555697 0 -0.9807854 -0.1950898 0 -0.9807854 -0.1950898 0 -0.9807854 0.1950899 0 -0.9807854 0.1950898 0 -0.83147 0.5555697 0 -0.5555704 0.8314695 0 -0.5555704 0.8314697 0 -0.1950913 0.9807851 0 -0.1950913 0.9807851 0 0.1950904 0.9807854 0 0.1950903 0.9807854 0 0.1950904 0.9807853 0 0.5555702 0.8314698 0 0.5555701 0.8314697 0 0.5555707 0.8314693 0 0.8314697 0.5555701 0 0.8314695 0.5555706 0 0.9807852 0.1950911 0 0.9807852 0.195091 0 0.980785 0.1950922 0 0.9807856 -0.1950893 0 0.9807856 -0.1950893 0 0.9807854 -0.1950898 0 0.8314691 -0.555571 0 0.8314692 -0.555571 0 0.8314689 -0.5555714 0 0.195091 -0.9807853 2.2294e-6 0.1950905 -0.9807853 1.645e-6 0.1950904 -0.9807853 1.54976e-6 0.5555704 -0.8314696 0 0.5555701 -0.8314697 0 0.1950916 -0.9807851 0 0.1950916 -0.9807851 0 0.1950914 -0.9807851 0 -0.8314701 0.5555697 0 -0.83147 0.5555697 0 0 0 -1 0 0 -1 0 0 -1 0 0 1 0 0 1 1.80372e-7 0 1 -4.14032e-7 0 -1 -3.95287e-7 0 -1 -7.21487e-7 0 -1 4.14032e-7 0 -1 3.95287e-7 0 -1 7.21487e-7 0 -1 0 0 -1 1.20451e-7 0 -1 2.66413e-7 0 -1 1.62382e-7 0 1 1.72282e-7 0 1 -5.27563e-7 0 -1 -5.15739e-7 0 -1 -7.21489e-7 0 -1 -1.62382e-7 0 1 -1.72283e-7 0 1 -3.81054e-7 0 1 2.07016e-7 0 -1 1.97644e-7 0 -1 -2.07016e-7 0 -1 -1.97643e-7 0 -1 -3.60744e-7 0 -1 0 0 1 0 0 1 0 0 -1 0 0 -1 -1.80372e-7 0 -1 2.07016e-7 0 1 1.97644e-7 0 1 4.48365e-7 0 -1 4.75701e-7 0 -1 2.24182e-7 0 -1 2.3785e-7 0 -1 5.26076e-7 0 -1 -1.8985e-7 0 1 -1.57437e-7 0 1 -7.21487e-7 0 1 -1.8985e-7 0 -1 -1.57437e-7 0 -1 -7.21487e-7 0 -1 2.24182e-7 0 1 2.3785e-7 0 1 5.26075e-7 0 1 1.92727e-7 0 -1 1.60489e-7 0 -1 7.21488e-7 0 -1 -1.236e-7 0 1 -1.31136e-7 0 1 -2.90045e-7 0 1 0 0 -1 0 0 -1 -1.05216e-6 0 -1 -4.48364e-7 0 1 -4.75701e-7 0 1 -1.05215e-6 0 1 0 0 -1 0 0 -1 1.80372e-7 0 -1 2.07016e-7 0 1 1.97644e-7 0 1 -2.20634e-7 0 1 0 0 1 -1.27235e-7 0 1 0 0 -1 0 0 -1 -1.47108e-7 0 -1 0.1950907 0.9807853 0 0.1950898 0.9807855 0 0.1950897 0.9807855 0 -0.5555718 0.8314686 0 -0.5555676 0.8314715 0 -0.5555668 0.8314719 0 0.1950924 -0.9807849 -2.2294e-6 0.1950917 -0.9807851 -1.64499e-6 0.1950926 -0.9807848 -2.32463e-6 0.5555728 0.8314681 5.43714e-6 0.5555692 0.8314703 7.61899e-7 0.5555686 0.8314707 0 -0.5555703 0.8314696 0 -0.5555697 0.83147 0 -0.5555697 0.83147 0 -0.1950901 -0.9807854 2.81381e-6 -0.1950891 -0.9807856 1.06059e-6 -0.1950902 -0.9807853 3.09952e-6 0.5555706 0.8314694 -5.43711e-6 0.5555715 0.8314688 -7.61899e-7 0.5555704 0.8314696 -6.19901e-6 -0.1950913 0.9807852 5.43714e-6 -0.1950906 0.9807853 7.61898e-7 -0.1950905 0.9807853 0 -0.1950909 -0.9807852 -2.8138e-6 -0.1950896 -0.9807854 -1.06059e-6 -0.1950895 -0.9807855 -7.7488e-7 0.83147 0.5555699 6.75163e-7 0.831469 0.5555711 4.81818e-6 0.8314689 0.5555713 5.49334e-6 -0.1950924 0.9807848 -5.43712e-6 -0.1950916 0.9807851 -7.61898e-7 -0.1950926 0.9807848 -6.19902e-6 -0.5555715 -0.8314688 2.90904e-6 -0.5555695 -0.8314702 1.74023e-6 -0.5555692 -0.8314704 1.54976e-6 0.83147 0.5555698 -6.75164e-7 0.8314694 0.5555706 -4.81817e-6 0.83147 0.5555697 0 -0.5555701 -0.8314698 -2.90903e-6 -0.5555685 -0.8314708 -1.74023e-6 -0.5555704 -0.8314696 -3.0995e-6 0.9807854 0.1950901 0 0.9807848 0.1950933 0 0.9807847 0.1950938 0 -0.8314707 -0.5555686 6.04782e-7 -0.8314708 -0.5555686 4.3159e-6 -0.8314707 -0.5555686 4.92068e-6 0.980785 0.1950922 0 0.9807854 0.1950899 0 0.9807854 0.1950896 0 -0.8314704 -0.5555692 -6.04781e-7 -0.8314723 -0.5555663 -4.31588e-6 -0.83147 -0.5555697 0 0.980786 -0.195087 0 0.9807855 -0.1950892 0 0.9807854 -0.1950896 0 -0.9807847 -0.1950935 1.28626e-6 -0.9807854 -0.1950899 4.42424e-6 -0.9807846 -0.1950941 7.74878e-7 0.980786 -0.1950866 0 -0.9807847 -0.1950935 -1.28625e-6 -0.9807854 -0.1950901 -4.42421e-6 -0.9807854 -0.1950896 -4.93559e-6 0.8314684 -0.5555722 0 0.831467 -0.5555744 0 0.8314667 -0.5555747 0 -0.9807857 0.1950885 5.43713e-6 -0.9807853 0.1950904 7.61896e-7 -0.9807857 0.1950881 6.19903e-6 0.8314686 -0.5555719 0 0.8314687 -0.5555719 0 -0.9807854 0.1950896 -5.43713e-6 -0.9807854 0.1950896 -7.61897e-7 -0.9807854 0.1950896 0 0.555571 -0.8314691 0 0.5555706 -0.8314694 0 0.5555704 -0.8314695 0 -0.8314705 0.5555689 0 -0.8314691 0.555571 0 -0.8314688 0.5555714 0 0.5555711 -0.831469 0 0.5555717 -0.8314687 0 0.5555711 -0.8314691 0 0.1950901 0.9807854 0 0.1950895 0.9807855 0 0.1950902 0.9807853 0 0.1475903 -0.9786722 0.1428917 0.1475818 -0.978683 0.1428263 0.1475818 -0.9786829 0.1428263 -1 -4.76618e-7 0 -1 -5.43191e-7 0 -1 -4.57156e-7 0 -0.008216321 0.1170672 -0.99309 -0.02324014 0.06035494 -0.9979064 -0.002128541 0.1399018 -0.9901632 0 0.989513 -0.1444442 0 0.989513 -0.1444442 0 0.989513 -0.1444442 0.1425787 -0.8134337 0.5639123 0.139966 -0.8747389 0.4639412 0.1396567 -0.8793711 0.4551951 0.1377765 -0.9616864 -0.2370163 0.1385255 -0.9079909 -0.395428 0.1375705 -0.9645594 -0.2251657 -0.4838902 -0.8659513 0.1264075 -0.4838907 -0.8659502 0.1264128 -0.4838901 -0.8659514 0.1264067 0.5745339 -0.8098974 0.1182249 0.5745373 -0.8098939 0.1182319 0.5745424 -0.8098888 0.1182423 1 2.62072e-7 0 1 6.62491e-7 0 1 9.24562e-7 0 4.19098e-5 0.9565535 0.2915571 8.57452e-4 0.9520618 0.3059046 0 0.9567788 0.290817 -8.49461e-4 0.8723764 -0.4888343 -4.8922e-5 0.8660311 -0.4999901 0 0.8656393 -0.5006682 0.3818713 0.9145234 -0.1334966 0.3818713 0.9145234 -0.1334967 0.3818709 0.9145236 -0.1334963 -0.6348833 0.7645059 -0.1115985 -0.6348834 0.7645056 -0.1115986 -0.6348835 0.7645056 -0.1115987 0.008216321 -0.1170672 0.99309 0.02324014 -0.06035494 0.9979064 0.02736794 -0.04468303 0.9986263 0.1950916 -0.9807851 0 0.1950917 -0.9807851 0 0.5555707 -0.8314693 0 0.5555698 -0.83147 0 0.8314693 -0.5555707 0 0.83147 -0.5555697 0 0.9807854 -0.1950898 0 0.9807854 0.1950898 0 0.9807854 0.1950898 0 0.8314694 0.5555706 0 0.8314693 0.5555707 0 0.8314689 0.5555714 0 0.5555704 0.8314695 0 0.5555704 0.8314695 0 0.5555692 0.8314704 0 0.1950898 0.9807854 0 0.1950899 0.9807854 0 0.1950901 0.9807854 0 -0.1950907 0.9807853 0 -0.1950907 0.9807852 0 -0.555571 0.8314691 0 -0.5555709 0.8314692 0 -0.8314697 0.5555701 0 -0.8314697 0.5555701 0 -0.8314695 0.5555706 0 -0.9807853 0.1950905 0 -0.9807853 0.1950904 0 -0.980785 -0.1950922 0 -0.980785 -0.1950922 0 -0.980785 -0.1950922 0 -0.8314697 -0.5555703 0 -0.8314697 -0.5555703 0 -0.1950895 -0.9807856 2.90905e-6 -0.1950893 -0.9807856 1.74023e-6 -0.1950895 -0.9807855 3.09952e-6 -0.5555703 -0.8314696 0 -0.5555703 -0.8314696 0 -0.55557 -0.8314699 0 0.8314701 0.5555697 0 -3.56776e-7 0 -1 -3.36273e-7 0 -1 -7.89112e-7 0 -1 2.07016e-7 0 1 1.97643e-7 0 1 3.95288e-7 0 -1 4.14033e-7 0 -1 0 0 -1 0 0 -1 1.05215e-6 0 -1 0 0 1 0 0 1 1.05215e-6 0 1 2.24182e-7 0 -1 2.3785e-7 0 -1 5.26075e-7 0 -1 -2.52128e-7 0 1 -2.64084e-7 0 1 0 0 -1 0 0 -1 -6.03883e-7 0 1 -5.52724e-7 0 1 5.26075e-7 0 1 -2.78057e-7 0 -1 -2.41349e-7 0 -1 -1.05215e-6 0 -1 4.14032e-7 0 1 3.95287e-7 0 1 -2.07016e-7 0 -1 -1.97644e-7 0 -1 -2.3785e-7 0 1 -2.24183e-7 0 1 -5.26076e-7 0 1 0 0 -1 0 0 -1 1.31519e-7 0 -1 0 0 1 0 0 1 -2.76362e-7 0 1 -3.01941e-7 0 1 2.63038e-7 0 1 -6.5538e-7 0 -1 -6.73344e-7 0 -1 -1.05215e-6 0 -1 3.95287e-7 0 1 4.14032e-7 0 1 0 0 -1 0 0 -1 1.05215e-6 0 -1 -1.62382e-7 0 1 -1.72282e-7 0 1 -3.81053e-7 0 1 -3.75612e-7 0 -1 -3.43529e-7 0 -1 -1.05215e-6 0 -1 2.24183e-7 0 1 2.37851e-7 0 1 5.26077e-7 0 1 2.24182e-7 0 -1 2.37851e-7 0 -1 5.26076e-7 0 -1 3.95288e-7 0 1 4.14034e-7 0 1 -2.07016e-7 0 -1 -1.97643e-7 0 -1 -2.37851e-7 0 1 -2.24182e-7 0 1 3.44856e-7 0 -1 3.76879e-7 0 -1 1.05215e-6 0 -1 0 0 1 0 0 1 -2.63038e-7 0 1 0 0 1 0 0 1 2.57987e-7 0 1 1.86566e-7 0 -1 5.39506e-7 0 -1 0 0 -1 -0.1950907 0.9807853 0 -0.1950921 0.980785 0 -0.1950905 0.9807853 0 0.5555674 0.8314715 0 0.5555712 0.831469 0 0.5555668 0.8314719 0 -0.1950879 -0.9807859 -1.74023e-6 -0.1950899 -0.9807854 -2.90904e-6 -0.1950903 -0.9807853 -3.09951e-6 -0.5555697 0.83147 3.18628e-6 -0.555574 0.8314672 3.7186e-6 -0.555569 0.8314706 3.09953e-6 0.5555707 0.8314693 0 0.5555686 0.8314707 0 0.5555711 0.8314691 0 0.1950905 -0.9807853 1.25107e-6 0.1950905 -0.9807853 4.1731e-6 0.1950904 -0.9807853 4.64929e-6 -0.5555718 0.8314686 -3.09951e-6 -0.5555717 0.8314687 -3.09952e-6 -0.5555717 0.8314687 -3.09952e-6 0.1950901 0.9807854 0 0.1950911 0.9807851 0 0.1950899 0.9807854 0 0.1950899 -0.9807854 -4.17309e-6 0.1950903 -0.9807854 -1.25107e-6 0.1950899 -0.9807854 -4.64928e-6 -0.8314684 0.5555722 2.71858e-6 -0.8314698 0.55557 3.8095e-7 -0.8314682 0.5555726 3.09953e-6 0.1950913 0.9807852 0 0.1950908 0.9807852 0 0.1950914 0.9807851 0 0.5555703 -0.8314697 2.71857e-6 0.5555691 -0.8314704 3.80949e-7 0.555569 -0.8314705 0 -0.8314701 0.5555697 -2.94201e-7 -0.83147 0.5555697 -2.0995e-6 -0.83147 0.5555697 -2.3937e-6 0.5555686 -0.8314707 -3.80949e-7 0.5555712 -0.8314689 -2.71856e-6 0.5555682 -0.831471 0 -0.980785 0.1950922 0 -0.9807854 0.1950899 0 -0.9807848 0.1950926 0 0.8314707 -0.5555689 1.90475e-7 0.8314698 -0.5555701 1.35929e-6 0.8314697 -0.5555703 1.54976e-6 0.8314705 -0.5555691 -1.35927e-6 0.8314701 -0.5555695 -1.90474e-7 0.8314705 -0.555569 -1.54975e-6 -0.9807847 -0.1950936 0 -0.9807848 -0.1950925 0 -0.9807847 -0.1950938 0 0.9807854 -0.1950895 1.98809e-6 0.9807853 -0.1950909 9.4327e-6 0.9807856 -0.1950893 7.74883e-7 -0.9807854 -0.1950899 0 -0.980785 -0.1950922 0 -0.9807848 -0.1950926 0 0.980785 -0.1950918 -9.61021e-6 0.980786 -0.195087 -2.01296e-6 0.9807862 -0.1950863 -7.74878e-7 -0.8314713 -0.5555678 0 -0.8314702 -0.5555694 0 -0.8314715 -0.5555676 0 0.9807851 0.195091 9.51498e-6 0.9807853 0.1950908 1.33332e-6 0.9807852 0.1950908 0 -0.8314689 -0.5555713 0 -0.8314711 -0.5555682 0 -0.8314714 -0.5555678 0 0.9807854 0.1950899 -1.3582e-6 0.980785 0.1950922 -9.69249e-6 -0.5555682 -0.831471 3.8095e-7 -0.5555723 -0.8314684 2.71857e-6 -0.5555676 -0.8314715 0 0.8314691 0.555571 0 0.8314705 0.5555689 0 0.8314688 0.5555714 0 -0.5555697 -0.83147 -2.71857e-6 -0.5555697 -0.8314701 -3.8095e-7 -0.5555697 -0.83147 0 -0.1950915 0.9807851 0 -0.1950914 0.9807851 0 -0.1950914 0.9807851 0 -0.1475829 -0.978678 0.142859 -0.1475976 -0.9786758 0.1428588 -0.1475828 -0.9786781 0.142859 1 5.91332e-7 0 1 5.69141e-7 0 1 5.62654e-7 0 0.008216381 0.1170673 -0.9930901 0.02324014 0.06035494 -0.9979064 0.02736794 0.04468303 -0.9986263 0 0.9895135 -0.1444404 0 0.989513 -0.1444441 0 0.9895136 -0.1444403 -0.1399657 -0.8747376 0.4639438 -0.1425786 -0.8134341 0.5639117 -0.1377762 -0.9616858 -0.2370193 -0.1385253 -0.9079902 -0.3954296 -0.1384838 -0.9057739 -0.4004945 0.4838942 -0.8659496 0.1264028 0.483892 -0.8659502 0.1264068 0.4838917 -0.8659504 0.1264073 -0.5745306 -0.8098998 0.1182243 -0.5745387 -0.8098956 0.1182133 -1 -1.18663e-6 2.11214e-7 -1 -1.58705e-6 2.11213e-7 -4.20404e-5 0.9565542 0.2915544 -8.57534e-4 0.9520621 0.3059037 -8.77427e-4 0.9519498 0.306253 4.88404e-5 0.8660314 -0.4999897 8.49313e-4 0.8723775 -0.4888323 0 0.8656395 -0.5006679 -0.3818716 0.9145234 -0.1334965 -0.3818717 0.9145233 -0.1334967 -0.3818718 0.9145231 -0.1334973 0.6348818 0.7645069 -0.1115988 0.6348819 0.7645068 -0.1115992 0.6348818 0.7645071 -0.1115985 -0.008216381 -0.1170673 0.99309 -0.02324008 -0.06035494 0.9979065 -0.00212866 -0.1399018 0.9901631 -0.1950907 -0.9807853 0 -0.1950908 -0.9807853 0 -0.5555694 -0.8314702 0 -0.5555692 -0.8314704 0 -0.8314692 -0.555571 0 -0.8314691 -0.555571 0 -0.8314698 -0.55557 0 -0.9807856 -0.1950888 0 -0.9807856 -0.1950888 0 -0.9807856 0.1950888 0 -0.9807856 0.1950888 0 -0.9807859 0.1950875 0 -0.8314692 0.5555708 0 -0.8314693 0.5555709 0 -0.5555709 0.8314693 0 -0.5555709 0.8314692 0 -0.5555701 0.8314697 0 -0.195091 0.9807852 0 -0.195091 0.9807852 0 0.1950904 0.9807854 0 0.1950905 0.9807853 0 0.55557 0.8314698 0 0.55557 0.8314698 0 0.5555703 0.8314696 0 0.8314693 0.5555707 0 0.8314693 0.5555709 0 0.9807852 0.1950911 0 0.9807854 -0.1950899 0 0.9807854 -0.1950899 0 0.9807852 -0.195091 0 0.8314689 -0.5555713 0 0.8314689 -0.5555714 0 0.8314693 -0.5555709 0 0.1950911 -0.9807851 6.19903e-6 0.1950911 -0.9807851 6.19904e-6 0.1950911 -0.9807852 6.19905e-6 0.5555709 -0.8314692 0 0.5555709 -0.8314692 0 0.5555707 -0.8314693 0 0.1950919 -0.9807851 0 0.1950918 -0.9807851 0 -0.8314713 0.5555679 0 -0.8314715 0.5555676 0 3.10524e-7 0 -1 2.96465e-7 0 -1 6.5538e-7 0 1 6.73344e-7 0 1 3.60743e-7 0 1 4.48366e-7 0 -1 4.75701e-7 0 -1 0 0 1 0 0 1 -1.05216e-6 0 1 0 0 -1 0 0 -1 -7.21487e-7 0 -1 7.95655e-7 0 -1 7.56189e-7 0 -1 0 0 -1 -3.12497e-7 0 1 -3.31549e-7 0 1 0 0 -1 0 0 -1 3.12497e-7 0 1 3.3155e-7 0 1 7.3332e-7 0 1 0 0 1 0 0 1 7.21487e-7 0 1 0 0 -1 0 0 -1 1.80372e-7 0 -1 2.07016e-7 0 1 1.97643e-7 0 1 -2.07016e-7 0 -1 -1.97644e-7 0 -1 -3.60744e-7 0 -1 -8.96731e-7 0 1 -9.51403e-7 0 1 -2.10431e-6 0 1 0 0 1 0 0 1 1.05215e-6 0 1 0 0 -1 0 0 -1 4.48365e-7 0 1 4.75701e-7 0 1 -4.48364e-7 0 -1 -4.75701e-7 0 -1 -8.28064e-7 0 -1 -7.90574e-7 0 -1 -1.44297e-6 0 -1 0 0 -1 0 0 -1 -1.05215e-6 0 -1 -4.14033e-7 0 1 -3.95287e-7 0 1 -3.10524e-7 0 -1 -2.96466e-7 0 -1 -5.41116e-7 0 -1 0 0 1 0 0 1 1.05215e-6 0 1 5.15946e-7 0 1 0 0 1 -4.48282e-7 0 1 0 0 -1 0 0 -1 0 0 -1 0.1950906 0.9807853 -2.71858e-6 0.1950892 0.9807856 -3.80949e-7 0.195089 0.9807856 0 -0.55557 0.8314698 0 -0.5555675 0.8314715 0 -0.5555672 0.8314718 0 0.1950916 -0.9807851 -6.19905e-6 0.195091 -0.9807851 -6.19906e-6 0.1950917 -0.980785 -6.19904e-6 0.5555708 0.8314692 2.71857e-6 0.555569 0.8314706 3.80951e-7 -0.5555711 0.8314691 0 -0.5555664 0.8314722 0 -0.5555719 0.8314686 0 -0.1950902 -0.9807853 0 -0.1950902 -0.9807854 0 0.555572 0.8314684 -2.71858e-6 0.5555692 0.8314703 -3.8095e-7 0.5555726 0.8314682 -3.09953e-6 -0.1950926 0.9807848 0 -0.1950912 0.9807851 0 -0.195091 0.9807852 0 -0.1950904 -0.9807853 0 -0.1950897 -0.9807854 0 -0.1950896 -0.9807855 0 0.8314698 0.55557 4.77903e-7 0.8314684 0.5555722 3.41045e-6 0.8314682 0.5555726 3.88836e-6 -0.1950907 0.9807853 0 -0.1950915 0.9807851 0 -0.5555695 -0.8314701 0 -0.5555684 -0.8314709 0 -0.5555682 -0.831471 0 0.8314684 0.5555723 -4.77901e-7 0.8314694 0.5555707 -3.41046e-6 0.8314682 0.5555726 0 -0.5555706 -0.8314694 0 -0.5555673 -0.8314716 0 -0.5555711 -0.8314691 0 0.9807854 0.1950901 0 0.9807848 0.1950933 0 -0.8314705 -0.5555689 6.11573e-7 -0.8314691 -0.5555711 4.36436e-6 -0.8314688 -0.5555714 4.97593e-6 0.9807853 0.1950907 0 0.9807855 0.1950898 0 -0.8314712 -0.5555679 -6.1157e-7 -0.8314697 -0.5555701 -4.36437e-6 0.9807859 -0.1950871 0 0.9807854 -0.1950903 0 0.9807852 -0.1950908 0 -0.9807852 -0.1950913 5.43713e-6 -0.980785 -0.1950922 7.61897e-7 -0.980785 -0.1950923 0 0.9807858 -0.1950882 0 0.9807853 -0.1950904 0 0.9807858 -0.1950878 0 -0.9807849 -0.1950923 -5.43717e-6 -0.9807849 -0.1950923 -7.61899e-7 -0.980785 -0.1950923 -6.19906e-6 0.8314684 -0.5555721 0 0.8314672 -0.5555739 0 0.831467 -0.5555742 0 -0.9807857 0.1950885 4.75749e-6 -0.9807853 0.1950904 6.66659e-7 -0.9807857 0.1950881 5.42415e-6 0.8314687 -0.5555717 0 0.8314691 -0.5555711 0 -0.9807856 0.1950895 -4.75752e-6 -0.9807853 0.1950906 -6.66662e-7 -0.9807852 0.1950908 0 0.5555713 -0.831469 0 0.5555724 -0.8314683 0 0.5555726 -0.8314682 0 -0.8314691 0.5555711 0 0.5555688 -0.8314707 0 0.555572 -0.8314684 0 0.5555683 -0.831471 0 0.1950913 0.9807852 2.71857e-6 0.195089 0.9807856 3.80948e-7 0.1950917 0.980785 3.09952e-6 0.1475993 -0.9786757 0.1428586 0.1475821 -0.9786782 0.1428592 0.147582 -0.9786782 0.1428592 -1 -5.4695e-7 0 -1 -6.13523e-7 0 -1 -5.27488e-7 0 -0.008216261 0.1170673 -0.99309 -0.02324014 0.06035494 -0.9979064 -0.002128481 0.1399019 -0.9901632 0 0.989513 -0.1444442 0 0.989513 -0.1444442 0.1425788 -0.8134337 0.5639123 0.1399657 -0.8747388 0.4639414 0.1396564 -0.879371 0.4551954 0.1377763 -0.9616861 -0.2370183 0.1385256 -0.9079903 -0.3954293 0.1375702 -0.964559 -0.2251676 -0.4838902 -0.8659512 0.1264073 -0.4838913 -0.8659505 0.1264082 -0.4838901 -0.8659514 0.1264072 0.5745344 -0.809897 0.1182248 0.5745289 -0.8098999 0.1182327 0.5745205 -0.809904 0.1182446 1 2.62072e-7 0 1 6.62491e-7 0 1 9.24563e-7 0 4.18949e-5 0.9565542 0.2915546 8.57452e-4 0.9520612 0.3059067 0 0.9567796 0.2908142 -8.4946e-4 0.8723753 -0.4888361 -4.89219e-5 0.866032 -0.4999887 0 0.8656403 -0.5006665 0.3818714 0.9145232 -0.1334974 0.3818716 0.9145233 -0.1334974 0.3818704 0.9145236 -0.1334983 -0.634883 0.7645059 -0.111599 -0.634883 0.764506 -0.1115987 -0.634883 0.7645061 -0.1115984 0.00821644 -0.1170672 0.99309 0.02324008 -0.0603547 0.9979064 0.02736783 -0.04468274 0.9986263 0.5555704 -0.8314697 0 0.8314691 -0.555571 0 0.8314692 -0.5555709 0 0.8314698 -0.55557 0 0.9807856 -0.1950888 0 0.9807856 -0.1950888 0 0.9807854 0.1950899 0 0.9807854 0.1950899 0 0.8314692 0.5555708 0 0.83147 0.5555697 0 0.5555702 0.8314697 0 0.5555701 0.8314697 0 0.1950902 0.9807853 0 0.1950902 0.9807853 0 -0.1950908 0.9807852 0 -0.1950909 0.9807852 0 -0.5555707 0.8314693 0 -0.8314699 0.5555698 0 -0.8314698 0.55557 0 -0.9807853 0.1950905 0 -0.9807851 -0.1950917 0 -0.980785 -0.1950917 0 -0.8314691 -0.5555711 0 -0.8314691 -0.5555711 0 -0.1950902 -0.9807853 5.43715e-6 -0.1950901 -0.9807854 7.61898e-7 -0.1950902 -0.9807853 6.19905e-6 0.8314698 0.5555702 -3.09954e-6 0.8314709 0.5555685 -3.09953e-6 0.831471 0.5555682 -3.09952e-6 -3.56776e-7 0 -1 -3.36273e-7 0 -1 -7.89113e-7 0 -1 0 0 1 0 0 1 1.05215e-6 0 1 2.37851e-7 0 -1 2.24183e-7 0 -1 5.26077e-7 0 -1 -4.14033e-7 0 1 -3.95288e-7 0 1 -4.14032e-7 0 -1 -3.95287e-7 0 -1 -3.12497e-7 0 1 -3.3155e-7 0 1 -7.3332e-7 0 1 -3.66714e-7 0 -1 -3.84105e-7 0 -1 4.48364e-7 0 1 4.75701e-7 0 1 1.05215e-6 0 1 4.48365e-7 0 1 4.75701e-7 0 1 -4.75701e-7 0 1 -4.48365e-7 0 1 -1.05215e-6 0 1 -4.75701e-7 0 -1 -4.48364e-7 0 -1 -1.05215e-6 0 -1 0 0 -1 0 0 -1 -4.757e-7 0 1 -4.48365e-7 0 1 -1.05215e-6 0 1 0 0 -1 0 0 -1 1.05215e-6 0 -1 -3.95287e-7 0 1 -4.14032e-7 0 1 2.24182e-7 0 1 2.3785e-7 0 1 5.26075e-7 0 1 3.95287e-7 0 -1 4.14032e-7 0 -1 -2.24183e-7 0 1 -2.37851e-7 0 1 -5.26078e-7 0 1 2.24182e-7 0 -1 2.37851e-7 0 -1 5.26076e-7 0 -1 -3.95288e-7 0 1 -4.14034e-7 0 1 -4.14033e-7 0 -1 -3.95287e-7 0 -1 8.70989e-7 0 1 8.62397e-7 0 1 3.44856e-7 0 -1 3.76879e-7 0 -1 1.05215e-6 0 -1 0 0 1 0 0 1 -2.63038e-7 0 1 -1.71959e-7 0 1 -7.73944e-7 0 1 0 0 1 2.26205e-7 0 -1 1.45168e-7 0 -1 0 0 -1 -0.1950907 0.9807853 -5.43717e-6 -0.19509 0.9807854 -7.61897e-7 -0.1950908 0.9807852 -6.19907e-6 0.5555672 0.8314717 2.71857e-6 0.5555693 0.8314703 3.80948e-7 0.5555668 0.8314719 3.09952e-6 -0.19509 -0.9807854 -7.61896e-7 -0.1950891 -0.9807856 -5.43715e-6 -0.1950889 -0.9807856 -6.19905e-6 -0.5555697 0.83147 5.72117e-6 -0.5555743 0.8314669 2.7887e-6 -0.555569 0.8314706 6.19906e-6 0.5555666 0.8314721 -3.80948e-7 0.5555691 0.8314704 -2.71858e-6 0.5555695 0.8314701 -3.09952e-6 0.1950904 -0.9807853 6.19906e-6 0.19509 -0.9807854 6.19906e-6 0.1950899 -0.9807854 6.19906e-6 -0.5555722 0.8314684 -3.48048e-6 -0.5555697 0.8314701 -5.81813e-6 -0.5555692 0.8314703 -6.19908e-6 0.1950899 0.9807854 0 0.1950904 0.9807853 0 0.1950895 -0.9807856 -6.19907e-6 0.1950907 -0.9807853 -6.19907e-6 0.1950893 -0.9807856 -6.19907e-6 -0.831467 0.5555744 5.43719e-6 -0.8314713 0.5555679 7.61906e-7 -0.8314663 0.5555754 6.1991e-6 0.1950908 0.9807853 0 0.1950908 0.9807852 0 0.5555718 -0.8314687 5.43713e-6 0.5555676 -0.8314715 7.61896e-7 0.5555668 -0.8314719 0 -0.83147 0.5555697 -8.58838e-7 -0.8314698 0.5555701 -6.12895e-6 -0.8314697 0.5555701 -6.98779e-6 0.5555707 -0.8314694 -7.61897e-7 0.5555725 -0.8314682 -5.43716e-6 -0.9807848 0.1950933 0 -0.9807854 0.1950901 0 -0.9807847 0.1950938 0 0.8314704 -0.5555691 3.80951e-7 0.8314687 -0.5555717 2.71858e-6 0.8314684 -0.5555721 3.09953e-6 0.8314686 -0.555572 -2.71858e-6 0.8314711 -0.5555682 -3.80949e-7 0.8314682 -0.5555726 -3.09953e-6 -0.9807847 -0.1950936 0 -0.9807848 -0.1950927 0 0.9807853 -0.1950909 2.7494e-6 0.9807854 -0.1950895 1.01108e-5 0.9807856 -0.1950893 1.13104e-5 -0.9807849 -0.1950924 0 -0.9807853 -0.195091 0 0.9807857 -0.1950881 -9.70552e-6 0.9807853 -0.1950902 -2.69261e-6 0.9807858 -0.1950878 -1.08484e-5 -0.8314697 -0.5555704 0 -0.83147 -0.5555697 0 -0.8314695 -0.5555704 0 0.9807852 0.1950908 9.51504e-6 0.9807852 0.1950912 1.33332e-6 0.9807852 0.1950908 1.08484e-5 -0.8314697 -0.5555701 0 -0.8314712 -0.5555679 0 0.980785 0.1950919 -1.37177e-6 0.9807854 0.1950896 -9.78944e-6 0.9807856 0.1950893 -1.11612e-5 -0.5555682 -0.8314711 0 -0.555572 -0.8314685 0 0.831469 0.5555711 3.09953e-6 0.8314702 0.5555694 3.09952e-6 0.8314688 0.5555714 3.09953e-6 -0.5555718 -0.8314686 0 -0.5555676 -0.8314715 0 -0.5555668 -0.8314719 0 -0.1950908 0.9807852 7.61898e-7 -0.1950911 0.9807851 5.43715e-6 -0.1950911 0.9807852 6.19905e-6 0 0.05077016 0.9987105 -0.9727687 0.1408693 -0.1840565 0 0.01630401 0.9998671 0 -0.5418288 0.840489 0 -1 -7.72834e-6 -0.4511997 -0.1969591 -0.8704172 -0.5249014 -0.4811312 0.7021334 -0.9514218 -0.2559545 -0.1711253 0.7581104 -0.1080136 -0.6431189 0 -0.4915717 0.8708372 0.6202465 -0.465255 0.6315315 -0.7844545 -0.5459389 0.2942479 0.6800588 -0.03844475 0.732149 -0.7396781 -0.03240215 0.6721804 -0.3420032 -0.4950039 0.7987521 0.3648536 -0.491746 0.7906122 0 0 -1 0 0 1 0 0 1 -1 -2.87367e-7 0 -4.29785e-7 1 0 1 2.29893e-7 0 8.59569e-7 -1 0 0.9519922 0.2233123 0.2093864 -0.9710162 0.2386878 -0.0124728 0.3046943 -0.9524503 0 -0.01580631 0.05553203 -0.9983318 0.1670551 -0.5278723 0.8327325 0.1449124 -0.4481527 -0.8821336 -0.3870934 -0.9220406 0 0.7260068 -0.6876875 0 1 1.1385e-6 0 0 0.5075416 0.8616273 -0.001107037 0.6034618 -0.7973912 0.5278135 0.8493603 0 -0.5295128 0.848302 0 0.00125575 -0.08468365 0.9964071 1 -7.27485e-7 0 0.001254916 0.08468365 -0.9964071 -0.1670542 -0.5278694 0.8327347 -0.1485162 -0.4642667 -0.8731549 0.3870898 -0.922042 0 -0.725719 -0.6879913 0 -1 1.3662e-6 0 0 0.5075365 0.8616303 0.001106917 0.6034574 -0.7973946 -0.5278081 0.8493637 0 0.5295125 0.8483021 0 -0.01580566 -0.05553209 0.9983318 -0.1475911 -0.9786816 0.142826 1 5.97819e-7 0 0.002128541 0.1399018 -0.9901632 0 0.9895132 -0.1444432 -0.1426409 -0.8108073 0.5676666 -0.1375702 -0.9645595 -0.2251657 0.4838947 -0.8659517 0.1263866 -0.5745698 -0.8098699 0.1182388 -1 -1.84912e-6 2.11213e-7 0 0.956779 0.2908163 8.73198e-4 0.8725624 -0.4885021 -0.3818714 0.9145233 -0.1334968 0.6348822 0.7645067 -0.1115987 -0.02736794 -0.04468321 0.9986262 -0.1950907 -0.9807853 0 -0.8314688 -0.5555717 0 -0.9807854 0.1950899 0 -0.5555706 0.8314695 0 -0.1950913 0.9807851 0 0.1950902 0.9807853 0 0.5555696 0.8314701 0 0.9807854 0.1950899 0 0.9807856 -0.1950888 0 0.8314695 -0.5555706 0 0.1950911 -0.9807851 2.32463e-6 0.1950917 -0.980785 0 -1.80372e-7 0 -1 3.81053e-7 0 1 -2.66413e-7 0 -1 3.60744e-7 0 -1 1.80372e-7 0 1 3.60744e-7 0 1 1.05215e-6 0 -1 5.26076e-7 0 1 -5.19326e-7 0 -1 3.60744e-7 0 1 0 0 1 -7.91853e-7 0 1 4.59858e-7 0 1 1.58215e-7 0 1 -3.16743e-6 0 1 -2.26201e-7 0 1 0 0 1 -1.58372e-6 0 1 0 0 -1 5.15957e-7 0 -1 -2.06563e-6 0 -1 -3.17768e-7 0 -1 -3.16739e-6 0 -1 -3.3931e-7 0 -1 -1.5837e-6 0 -1 -0.5555725 0.8314681 0 0.1950916 -0.9807851 -1.54975e-6 0.5555733 0.8314677 6.19904e-6 -0.5555704 0.8314696 0 -0.1950889 -0.9807856 7.74881e-7 0.5555717 0.8314687 0 -0.1950914 0.9807851 6.19904e-6 -0.1950911 -0.9807851 -3.09951e-6 -0.1950914 0.9807851 0 -0.5555719 -0.8314687 3.09951e-6 0.8314693 0.5555707 -5.49333e-6 -0.5555682 -0.8314711 -1.54976e-6 -0.8314707 -0.5555686 0 0.9807848 0.1950926 0 -0.8314726 -0.5555658 -4.92065e-6 -0.9807856 -0.1950893 4.93562e-6 -0.9807846 -0.1950941 -7.74878e-7 -0.9807854 0.1950896 -6.19903e-6 -0.8314707 0.5555686 0 0.5555719 -0.8314687 0 0.1950893 0.9807856 0 0.1475903 -0.978672 0.1428917 -1 -5.62653e-7 0 -0.02736794 0.04468303 -0.9986263 0 0.989513 -0.1444442 0.1426411 -0.8108057 0.5676687 0.138484 -0.9057747 -0.400493 -0.4838932 -0.8659454 0.1264353 0.5745338 -0.8098976 0.1182246 1 0 0 8.77346e-4 0.9519495 0.3062539 -8.73285e-4 0.872563 -0.488501 0.3818715 0.9145234 -0.1334968 -0.6348831 0.7645061 -0.111598 0.002128481 -0.1399018 0.9901631 0.1950915 -0.9807851 0 0.5555717 -0.8314688 0 0.8314688 -0.5555717 0 0.8314698 0.55557 0 0.5555717 0.8314688 0 0.1950896 0.9807855 0 -0.1950907 0.9807853 0 -0.9807851 0.1950911 0 -0.980785 -0.1950922 0 -0.8314693 -0.5555709 0 -0.1950893 -0.9807856 1.54976e-6 -0.5555707 -0.8314693 0 3.60744e-7 0 1 7.21489e-7 0 -1 -7.21488e-7 0 1 -4.6019e-7 0 1 -1.82686e-7 0 -1 -1.44298e-6 0 1 3.60744e-7 0 -1 -3.60744e-7 0 -1 1.80372e-7 0 1 -7.21487e-7 0 1 -3.60744e-7 0 -1 7.21488e-7 0 1 1.82686e-7 0 -1 7.2149e-7 0 1 -3.60744e-7 0 -1 -1.80372e-7 0 -1 -1.58371e-6 0 1 0 0 1 1.03192e-6 0 1 0 0 -1 3.95929e-7 0 -1 0 0 -1 3.1674e-6 0 -1 -1.83943e-6 0 -1 1.74606e-6 0 -1 5.15959e-7 0 -1 3.1674e-6 0 -1 -1.83943e-6 0 -1 -3.17769e-7 0 -1 -0.1950923 0.9807849 0 0.5555719 0.8314687 0 -0.1950875 -0.9807859 -1.54975e-6 -0.5555747 0.8314667 3.80535e-6 0.5555682 0.831471 0 0.1950905 -0.9807853 7.74882e-7 -0.5555719 0.8314687 -3.09951e-6 0.1950913 0.9807852 0 0.1950903 -0.9807853 -7.7488e-7 0.5555704 -0.8314696 3.09952e-6 0.5555716 -0.8314687 -3.09951e-6 0.8314707 -0.5555686 0 0.83147 -0.5555697 0 -0.9807849 -0.1950923 0 0.9807851 -0.1950911 1.06459e-5 -0.9807854 -0.1950896 0 0.9807848 -0.1950926 -1.08483e-5 0.9807851 0.1950911 1.08483e-5 -0.8314687 -0.5555719 0 0.9807848 0.1950926 -1.10507e-5 -0.5555729 -0.8314679 3.09952e-6 0.8314707 0.5555686 0 -0.5555697 -0.83147 -3.09952e-6 -0.1950916 0.9807851 0 -0.1475976 -0.9786758 0.1428588 1 5.9782e-7 0 0.002128541 0.1399018 -0.9901632 0 0.989513 -0.1444442 -0.142641 -0.8108062 0.567668 -0.1375701 -0.9645587 -0.2251687 0.4839038 -0.8659468 0.1263859 -0.5745509 -0.8098895 0.118197 -1 -1.84912e-6 2.11213e-7 0 0.9567796 0.2908142 8.73134e-4 0.872564 -0.488499 -0.3818712 0.9145238 -0.1334949 0.6348821 0.7645065 -0.1116003 -0.02736783 -0.04468303 0.9986264 -0.195091 -0.9807851 0 -0.8314685 -0.5555719 0 -0.9807859 -0.1950877 0 -0.9807854 0.1950901 0 -0.8314685 0.5555719 0 -0.5555717 0.8314688 0 -0.195091 0.9807851 0 0.5555697 0.83147 0 0.9807851 0.1950912 0 0.9807856 -0.1950889 0 0.8314685 -0.5555719 0 0.1950911 -0.9807851 6.19903e-6 0.5555711 -0.8314691 0 0.1950919 -0.980785 0 -0.8314695 0.5555704 0 5.41115e-7 0 -1 1.05216e-6 0 -1 1.44297e-6 0 -1 -7.33318e-7 0 1 0 0 -1 -1.05215e-6 0 1 3.60744e-7 0 1 -7.21487e-7 0 1 -7.21488e-7 0 1 -7.21488e-7 0 1 7.91855e-7 0 1 0 0 1 1.33727e-7 0 1 0 0 1 3.16743e-6 0 1 -3.90506e-6 0 1 1.4283e-6 0 1 -3.16739e-6 0 1 3.90506e-6 0 1 -1.42829e-6 0 1 0 0 -1 7.91852e-7 0 -1 5.72959e-7 0 -1 0 0 -1 -7.63742e-7 0 -1 0.1950908 0.9807852 -3.09953e-6 0.195091 -0.9807853 -6.19907e-6 0.5555711 0.8314691 3.09952e-6 -0.5555657 0.8314727 0 0.5555688 0.8314707 0 -0.1950929 0.9807848 0 -0.1950905 -0.9807853 0 -0.1950916 0.9807851 0 0.8314695 0.5555704 -3.88836e-6 -0.8314695 -0.5555704 -4.97594e-6 -0.9807851 -0.1950911 6.19903e-6 -0.9807856 0.1950893 -5.42418e-6 0.1950886 0.9807857 0 0.1475993 -0.9786757 0.1428586 -1 -6.32985e-7 0 -0.02736794 0.04468303 -0.9986263 0 0.989513 -0.1444442 0.1426413 -0.8108056 0.5676687 0.1384841 -0.9057741 -0.4004943 -0.4838961 -0.8659473 0.126412 0.5745347 -0.8098968 0.1182245 1 0 0 8.77346e-4 0.9519489 0.3062559 -8.73284e-4 0.8725618 -0.4885029 0.3818719 0.9145231 -0.133497 -0.6348831 0.7645058 -0.1116002 0.00212866 -0.1399018 0.9901631 0.5555706 -0.8314695 0 0.9807859 -0.1950877 0 0.9807854 0.1950901 0 0.8314685 0.5555719 0 0.19509 0.9807854 0 -0.1950908 0.9807852 0 -0.9807851 0.1950912 0 -0.9807851 -0.1950912 0 -0.1950901 -0.9807854 0 0.8314695 0.5555704 -3.09954e-6 -7.21489e-7 0 1 -7.21488e-7 0 -1 -6.69336e-7 0 -1 1.80372e-7 0 -1 -7.21488e-7 0 -1 -7.2149e-7 0 1 -7.21489e-7 0 -1 7.21489e-7 0 1 -1.80372e-7 0 -1 9.8995e-7 0 1 3.16742e-6 0 1 5.79684e-7 0 1 3.16742e-6 0 1 2.26199e-7 0 1 -2.06383e-6 0 1 -1.03192e-6 0 1 0 0 1 7.91858e-7 0 1 0 0 -1 2.26201e-7 0 -1 5.16409e-7 0 -1 0 0 -1 -3.1674e-6 0 -1 3.90507e-6 0 -1 6.35537e-7 0 -1 -0.1950899 0.9807854 0 0.5555697 0.83147 0 -0.555575 0.8314664 2.31081e-6 0.5555661 0.8314724 0 0.1950905 -0.9807853 6.19906e-6 -0.5555726 0.8314682 -3.09953e-6 0.1950905 0.9807853 0 0.1950908 -0.9807852 -6.19907e-6 -0.8314719 0.5555668 0 0.5555725 -0.8314681 6.19903e-6 0.5555728 -0.831468 -6.19905e-6 0.8314715 -0.5555676 0 0.9807851 -0.1950911 1.54976e-6 -0.9807852 -0.1950908 0 0.9807853 -0.1950905 -1.54976e-6 0.9807851 0.1950913 0 0.980785 0.1950923 0 -0.5555726 -0.8314681 0 0.8314704 0.5555691 3.09952e-6 -0.5555726 -0.8314682 0 -0.1950908 0.9807852 0</float_array>
          <technique_common>
            <accessor source="#Cube_011-mesh-normals-array" count="1545" stride="3">
              <param name="X" type="float"/>
              <param name="Y" type="float"/>
              <param name="Z" type="float"/>
            </accessor>
          </technique_common>
        </source>
        <source id="Cube_011-mesh-map-0">
          <float_array id="Cube_011-mesh-map-0-array" count="6852">0.3089164 0.6731615 0.1299772 0.6932732 0.1299772 0.6548156 0.127002 0.1998733 0.1668905 0.2287205 0.1345442 0.2287205 0.3089164 0.7116191 0.4150226 0.6751213 0.3089164 0.6731615 0.2788548 0.8950648 0.2160577 0.8883044 0.2160577 0.8883044 0.01166182 0.9668981 0.07023 0.8543489 0.01166182 0.8456156 0.1091536 0.9558743 0.1734067 0.8769764 0.1091536 0.8769764 0.1145488 0.1553036 0.186886 0.04511338 0.186886 0.1553036 0.1299772 0.6932732 0.3089164 0.6731615 0.1299772 0.6548156 0.4150226 0.6751213 0.3089164 0.7116191 0.3089164 0.6731615 0.2421156 0.8513027 0.2160577 0.8883044 0.2421156 0.8513027 0.07465022 0.6169216 0.05051547 0.5881733 0.09194028 0.5720086 0.1961404 0.6625698 0.1007014 0.5963647 0.1961404 0.5736561 0.3354032 0.8178632 0.3051745 0.826696 0.3384106 0.8015973 0.264405 0.5561891 0.2193651 0.6119828 0.2084246 0.5561891 0.2193651 0.6119828 0.2474801 0.6663147 0.2253494 0.6663147 0.2189262 0.6487762 0.1037966 0.6848332 0.08700573 0.6487758 0.4764373 0.1883572 0.504772 0.1536836 0.4804879 0.1542849 0.4870322 0.1711688 0.504772 0.1536836 0.5046597 0.1495141 0.1280948 0.5481868 0.1052916 0.5501571 0.1280948 0.5314058 0.4870323 0.1711688 0.504772 0.1536836 0.4869702 0.189282 0.0575999 0.5953912 0.01075452 0.5724209 0.05760002 0.6181237 0.05760002 0.5779002 0.01075452 0.557625 0.0575999 0.5953912 0.05760002 0.5577886 0.01075452 0.542829 0.05760002 0.5779002 0.05760002 0.5368033 0.01075452 0.5350914 0.05760002 0.5577886 0.1280948 0.6325461 0.1052916 0.630576 0.1052916 0.6191318 0.05760002 0.5368033 0.01075452 0.5350914 0.01075452 0.5270176 0.05760002 0.5577886 0.01075452 0.542829 0.01075452 0.5350914 0.05760002 0.5779002 0.01075452 0.557625 0.01075452 0.542829 0.0575999 0.5953912 0.01075452 0.5724209 0.01075452 0.557625 0.235643 0.538129 0.09382009 0.5188631 0.2121119 0.5188631 0.2378836 0.5578046 0.07028907 0.538129 0.235643 0.538129 0.2376361 0.5766611 0.06804823 0.5578046 0.2378836 0.5578046 0.2290068 0.6127187 0.06829595 0.5766611 0.2376361 0.5766611 0.2189262 0.6487762 0.07692497 0.6127185 0.2290068 0.6127187 0.3414174 0.7853315 0.3051745 0.7892938 0.3444247 0.7690656 0.3384106 0.8015973 0.3051745 0.8079949 0.3414174 0.7853315 0.3354032 0.8178632 0.3051745 0.826696 0.2788548 0.8950648 0.3384106 0.8015973 0.3051745 0.8079949 0.3051745 0.826696 0.3414174 0.7853315 0.3051745 0.7892938 0.3051745 0.8079949 0.2679442 0.6501128 0.2098891 0.6098405 0.2067182 0.6456926 0.2679442 0.596027 0.2130594 0.573989 0.2098891 0.6098405 0.07465022 0.6169216 0.05051547 0.5881733 0.03339737 0.6124805 0.3051745 0.826696 0.2435513 0.8327261 0.2421156 0.8513027 0.3051745 0.8079949 0.2449872 0.8141492 0.2435513 0.8327261 0.3600016 0.5072833 0.3089164 0.5577886 0.3600016 0.5314825 0.3600016 0.5314825 0.3089164 0.5368033 0.3600016 0.5153254 0.3089164 0.4965984 0.3600016 0.5153254 0.3089164 0.5368033 0.3051745 0.8079949 0.2449872 0.8141492 0.3051745 0.7892938 0.3051745 0.826696 0.2435513 0.8327261 0.3051745 0.8079949 0.3444247 0.7690656 0.3089164 0.5962463 0.3600016 0.5072833 0.3444247 0.7690656 0.2130594 0.573989 0.4150226 0.6498718 0.3444247 0.7690656 0.3600016 0.5072833 0.1961404 0.5736561 0.2449872 0.8141492 0.2435513 0.8327261 0.2449872 0.8141492 0.2435513 0.8327261 0.2421156 0.8513027 0.2435513 0.8327261 0.4150226 0.6498718 0.3089164 0.6731615 0.3089164 0.6347039 0.2222326 0.4843709 0.3600016 0.5153254 0.3600016 0.4843709 0.2222326 0.5314825 0.3600016 0.5153254 0.2222326 0.5153254 0.2222326 0.5469669 0.3600016 0.5314825 0.2222326 0.5314825 0.2222326 0.5227677 0.3600016 0.5072833 0.2222326 0.4931584 0.2222326 0.5523771 0.3600016 0.5368927 0.2222326 0.5227677 0.3089164 0.5368033 0.1299772 0.4965984 0.3089164 0.4965984 0.3089164 0.5368033 0.1299772 0.5577886 0.1299772 0.5368033 0.3089164 0.5577886 0.1299772 0.5779002 0.1299772 0.5577886 0.3089164 0.5962463 0.1299772 0.6163579 0.1299772 0.5779002 0.3089164 0.6347039 0.1299772 0.6548156 0.1299772 0.6163579 0.4378738 0.09861004 0.3092182 0.1688745 0.298418 0.1311947 0.1299772 0.6163579 0.05760002 0.5779002 0.1299772 0.5779002 0.1299772 0.5779002 0.05760002 0.5577886 0.1299772 0.5577886 0.1299772 0.5368033 0.05760002 0.5577886 0.05760002 0.5368033 0.2809013 0.4808147 0.2214357 0.5138472 0.2214357 0.4908729 0.2791764 0.511258 0.2234517 0.527415 0.2791764 0.527415 0.2791764 0.5428994 0.2234517 0.527415 0.2234517 0.5428994 0.2791764 0.5725088 0.2234517 0.5428994 0.2234517 0.556366 0.4378738 0.09861004 0.3092182 0.1688745 0.4398754 0.1623543 0.4398754 0.1623543 0.3220661 0.2326188 0.441877 0.2260988 0.2791764 0.4803035 0.2234517 0.511258 0.2791764 0.511258 0.4398754 0.1623543 0.3220661 0.2326188 0.3092182 0.1688745 0.430479 0.5475162 0.4044899 0.6128314 0.430479 0.6264141 0.1145488 0.1553036 0.1744326 0.1998733 0.127002 0.1998733 0.3014389 0.5218649 0.3304735 0.5182957 0.3022625 0.5182957 0.3262023 0.5157765 0.3286101 0.5182957 0.3286101 0.5089112 0.3262023 0.5157765 0.3286101 0.5182957 0.3263069 0.5214111 0.3262023 0.5157765 0.3041259 0.5378986 0.3286101 0.5089112 0.3262023 0.5157765 0.3041259 0.5378986 0.3066829 0.5395187 0.306683 0.5395187 0.3041259 0.5622906 0.3041259 0.5378986 0.3066829 0.5395187 0.3041259 0.5622906 0.3066293 0.5594097 0.2966847 0.5587214 0.3370515 0.5622906 0.3360514 0.5587214 0.504772 0.1536836 0.4808005 0.1528925 0.4804879 0.1542849 0.5046597 0.1495141 0.5056685 0.1524388 0.5055639 0.1468041 0.5046597 0.1495141 0.5056684 0.1524388 0.504772 0.1536836 0.4870323 0.1711688 0.5055639 0.1468041 0.5046597 0.1495141 0.4870322 0.1711688 0.5055639 0.1468041 0.4860445 0.1705464 0.4869702 0.189282 0.4860445 0.1705464 0.4870323 0.1711688 0.4869703 0.1892821 0.4860445 0.1705464 0.4859908 0.1904374 0.5148335 0.1883416 0.4760463 0.189749 0.5154129 0.189749 0.1290162 0.1553036 0.1145488 0.04511338 0.1290162 0.04511338 0.186886 0.1553036 0.1724185 0.04511338 0.186886 0.04511338 0.1724185 0.04511338 0.186886 0.04511338 0.1724185 0.04511338 0.186886 0.1553036 0.1724185 0.04511338 0.1724185 0.1553036 0.1290162 0.1553036 0.1145488 0.04511338 0.1145488 0.1553036 0.1724185 0.1553036 0.1724185 0.04511338 0.1724185 0.1553036 0.1145488 0.1553036 0.1145488 0.04511338 0.1145488 0.1553036 0.1145488 0.04511338 0.1290162 0.04511338 0.1145488 0.04511338 0.1290162 0.04511338 0.1290162 0.1553036 0.1290162 0.04511338 0.1290162 0.1553036 0.1145488 0.1553036 0.1290162 0.1553036 0.186886 0.04511338 0.186886 0.1553036 0.186886 0.04511338 0.186886 0.1553036 0.1724185 0.1553036 0.186886 0.1553036 0.3051745 0.8079949 0.2449872 0.8141492 0.2435513 0.8327261 0.3051745 0.8079949 0.2449872 0.8141492 0.3051745 0.7892938 0.1091536 0.9487109 0.1091536 0.8841399 0.1091536 0.88414 0.1138156 0.9558743 0.1704296 0.9558743 0.1138156 0.9558743 0.1162371 0.8769764 0.1704296 0.9558743 0.1688781 0.8769764 0.1734067 0.8823991 0.1734067 0.9504516 0.1734067 0.9504517 0.1091536 0.88414 0.1138156 0.9558743 0.1091536 0.9487109 0.1138156 0.9558743 0.1091536 0.8841399 0.1091536 0.9487109 0.1138156 0.9558743 0.1091536 0.9487109 0.1138156 0.9558743 0.1162371 0.8769764 0.1091536 0.88414 0.1091536 0.8841399 0.1162371 0.8769764 0.1688781 0.8769764 0.1688781 0.8769764 0.1688781 0.8769764 0.1734067 0.9504517 0.1704296 0.9558743 0.1734067 0.8823992 0.1704296 0.9558743 0.1734067 0.9504516 0.1688781 0.8769764 0.1734067 0.8823992 0.1734067 0.8823991 0.1704296 0.9558743 0.1734067 0.9504516 0.1704296 0.9558743 0.1162371 0.8769764 0.1704296 0.9558743 0.1138156 0.9558743 0.1091536 0.8841399 0.1091536 0.9487109 0.1091536 0.88414 0.1138156 0.9558743 0.1704296 0.9558743 0.1704296 0.9558743 0.1162371 0.8769764 0.1704296 0.9558743 0.1138156 0.9558743 0.1734067 0.9504516 0.1734067 0.8823991 0.1734067 0.9504517 0.1138156 0.9558743 0.1091536 0.88414 0.1091536 0.9487109 0.1138156 0.9558743 0.1091536 0.8841399 0.1162371 0.8769764 0.1091536 0.9487109 0.1138156 0.9558743 0.1138156 0.9558743 0.1162371 0.8769764 0.1091536 0.88414 0.1162371 0.8769764 0.1688781 0.8769764 0.1162371 0.8769764 0.1688781 0.8769764 0.1734067 0.9504517 0.1688781 0.8769764 0.1704296 0.9558743 0.1704296 0.9558743 0.1734067 0.8823992 0.1734067 0.9504516 0.1688781 0.8769764 0.1734067 0.8823992 0.1688781 0.8769764 0.1734067 0.9504516 0.1704296 0.9558743 0.1704296 0.9558743 0.1162371 0.8769764 0.1704296 0.9558743 0.1688781 0.8769764 0.1091536 0.8841399 0.1091536 0.9487109 0.1091536 0.88414 0.1138156 0.9558743 0.1704296 0.9558743 0.1704296 0.9558743 0.1162371 0.8769764 0.1704296 0.9558743 0.1138156 0.9558743 0.1734067 0.9504516 0.1734067 0.8823991 0.1734067 0.9504517 0.1138156 0.9558743 0.1091536 0.88414 0.1091536 0.9487109 0.1138156 0.9558743 0.1091536 0.8841399 0.1162371 0.8769764 0.1091536 0.9487109 0.1138156 0.9558743 0.1138156 0.9558743 0.1162371 0.8769764 0.1091536 0.88414 0.1162371 0.8769764 0.1688781 0.8769764 0.1162371 0.8769764 0.1688781 0.8769764 0.1704296 0.9558743 0.1734067 0.8823991 0.1688781 0.8769764 0.1704296 0.9558743 0.1734067 0.8823992 0.1734067 0.9504516 0.1688781 0.8769764 0.1734067 0.8823992 0.1688781 0.8769764 0.1734067 0.9504516 0.1704296 0.9558743 0.1704296 0.9558743 0.1162371 0.8769764 0.1704296 0.9558743 0.1688781 0.8769764 0.3610142 0.6591952 0.3571264 0.6137018 0.3610142 0.6137018 0.3571264 0.6591952 0.3532386 0.6137018 0.3571264 0.6137018 0.3532386 0.6591952 0.3493508 0.6137018 0.3532386 0.6137018 0.3493508 0.6591952 0.3454631 0.6137018 0.3493508 0.6137018 0.3454631 0.6591952 0.3415754 0.6137018 0.3454631 0.6137018 0.3415754 0.6591952 0.3376876 0.6137018 0.3415754 0.6137018 0.3376876 0.6591952 0.3337998 0.6137018 0.3376876 0.6137018 0.3337998 0.6591952 0.3299121 0.6137018 0.3337998 0.6137018 0.3299121 0.6591952 0.3260244 0.6137018 0.3299121 0.6137018 0.3260244 0.6591952 0.3221366 0.6137018 0.3260244 0.6137018 0.3221366 0.6591952 0.3182488 0.6137018 0.3221366 0.6137018 0.3182488 0.6591952 0.314361 0.6137018 0.3182488 0.6137018 0.314361 0.6591952 0.3104733 0.6137018 0.314361 0.6137018 0.3104733 0.6591952 0.3065856 0.6137018 0.3104733 0.6137018 0.2372697 0.5919131 0.2437041 0.5937851 0.2437041 0.5937851 0.3065856 0.6591952 0.3026978 0.6137018 0.3065856 0.6137018 0.3026978 0.6591952 0.2988101 0.6137018 0.3026978 0.6137018 0.2214692 0.625919 0.2251141 0.6338979 0.2251141 0.6338979 0.2372698 0.6411013 0.2466531 0.6496428 0.2437041 0.6392291 0.2370035 0.6411013 0.2463868 0.6496428 0.2370034 0.6523729 0.249159 0.6338979 0.2466531 0.6496428 0.254608 0.6418681 0.2488927 0.6338979 0.2463868 0.6496428 0.2434378 0.6392291 0.2528039 0.6259189 0.254608 0.6418681 0.2599233 0.6302324 0.2525376 0.6259189 0.2543418 0.6418681 0.2488927 0.6338979 0.2528039 0.6259189 0.2617898 0.6165071 0.2540838 0.6165072 0.2525376 0.6259189 0.2615236 0.6165071 0.259657 0.6302324 0.2528039 0.6070954 0.2617898 0.6165071 0.2599233 0.6027818 0.2525376 0.6070953 0.2615236 0.6165071 0.2538175 0.6165071 0.2528039 0.6070954 0.254608 0.5911461 0.249159 0.5991164 0.2525376 0.6070953 0.2543418 0.5911461 0.259657 0.6027818 0.249159 0.5991164 0.2466531 0.5833714 0.2437041 0.5937851 0.2434378 0.5937851 0.2543418 0.5911461 0.2488927 0.5991165 0.2372697 0.5919131 0.2466531 0.5833714 0.2372697 0.5806413 0.2370034 0.591913 0.2463868 0.5833714 0.2434378 0.5937851 0.2308353 0.5937852 0.2372697 0.5806413 0.2278863 0.5833714 0.230569 0.5937852 0.2370034 0.5806413 0.2370034 0.591913 0.2253804 0.5991165 0.2278863 0.5833714 0.2199314 0.5911461 0.2251141 0.5991165 0.22762 0.5833714 0.230569 0.5937852 0.2253804 0.5991165 0.2146161 0.6027818 0.2217355 0.6070954 0.2251141 0.5991165 0.2143498 0.6027818 0.219665 0.5911461 0.2204557 0.6165071 0.2146161 0.6027818 0.2127497 0.6165071 0.2201893 0.6165071 0.2143498 0.6027818 0.2214692 0.6070954 0.2217355 0.6259189 0.2127497 0.6165071 0.2146161 0.6302324 0.2214692 0.625919 0.2124832 0.6165071 0.2201893 0.6165071 0.2217355 0.6259189 0.2199314 0.6418681 0.2253804 0.6338978 0.2214692 0.625919 0.219665 0.6418681 0.2143498 0.6302324 0.2308353 0.6392292 0.2199314 0.6418681 0.2278863 0.6496428 0.230569 0.6392292 0.219665 0.6418681 0.2251141 0.6338979 0.2372698 0.6411013 0.2278863 0.6496428 0.2372697 0.6523729 0.2370035 0.6411013 0.22762 0.6496428 0.230569 0.6392292 0.5826981 0.9795433 0.5826981 0.9289036 0.6173184 0.9289036 0.6230127 0.9679263 0.6097641 0.9211415 0.5777792 0.9405204 0.2370035 0.6411013 0.2434378 0.6392291 0.2434378 0.6392291 0.2308353 0.6392292 0.2253804 0.6338978 0.2253804 0.6338978 0.2370034 0.591913 0.2434378 0.5937851 0.2370034 0.591913 0.249159 0.6338979 0.2437041 0.6392291 0.2437041 0.6392291 0.2251141 0.6338979 0.230569 0.6392292 0.230569 0.6392292 0.2372697 0.5919131 0.2308353 0.5937852 0.2372697 0.5919131 0.2488927 0.6338979 0.2434378 0.6392291 0.2488927 0.6338979 0.2372698 0.6411013 0.2308353 0.6392292 0.2308353 0.6392292 0.2370034 0.591913 0.230569 0.5937852 0.230569 0.5937852 0.2528039 0.6259189 0.249159 0.6338979 0.249159 0.6338979 0.2370035 0.6411013 0.230569 0.6392292 0.2370035 0.6411013 0.2253804 0.5991165 0.2308353 0.5937852 0.2308353 0.5937852 0.2525376 0.6259189 0.2488927 0.6338979 0.2525376 0.6259189 0.2251141 0.5991165 0.230569 0.5937852 0.2251141 0.5991165 0.2540838 0.6165072 0.2528039 0.6259189 0.2528039 0.6259189 0.2217355 0.6070954 0.2253804 0.5991165 0.2253804 0.5991165 0.2525376 0.6259189 0.2538175 0.6165071 0.2538175 0.6165071 0.2214692 0.6070954 0.2251141 0.5991165 0.2214692 0.6070954 0.2528039 0.6070954 0.2540838 0.6165072 0.2540838 0.6165072 0.2217355 0.6070954 0.2204557 0.6165071 0.2217355 0.6070954 0.2538175 0.6165071 0.2525376 0.6070953 0.2525376 0.6070953 0.2214692 0.6070954 0.2201893 0.6165071 0.2201893 0.6165071 0.249159 0.5991164 0.2528039 0.6070954 0.2528039 0.6070954 0.2204557 0.6165071 0.2217355 0.6259189 0.2204557 0.6165071 0.2525376 0.6070953 0.2488927 0.5991165 0.2488927 0.5991165 0.2201893 0.6165071 0.2214692 0.625919 0.2214692 0.625919 0.2437041 0.5937851 0.249159 0.5991164 0.249159 0.5991164 0.2253804 0.6338978 0.2217355 0.6259189 0.2217355 0.6259189 0.2434378 0.5937851 0.2488927 0.5991165 0.2434378 0.5937851 0.2372698 0.6411013 0.2437041 0.6392291 0.2372698 0.6411013 0.1091536 0.9487109 0.1091536 0.8841399 0.1091536 0.88414 0.1138156 0.9558743 0.1704296 0.9558743 0.1138156 0.9558743 0.1162371 0.8769764 0.1704296 0.9558743 0.1688781 0.8769764 0.1734067 0.8823991 0.1734067 0.9504516 0.1734067 0.9504517 0.1091536 0.88414 0.1138156 0.9558743 0.1091536 0.9487109 0.1138156 0.9558743 0.1091536 0.8841399 0.1091536 0.9487109 0.1138156 0.9558743 0.1091536 0.9487109 0.1138156 0.9558743 0.1162371 0.8769764 0.1091536 0.88414 0.1091536 0.8841399 0.1162371 0.8769764 0.1688781 0.8769764 0.1688781 0.8769764 0.1704296 0.9558743 0.1734067 0.8823991 0.1734067 0.9504517 0.1734067 0.8823992 0.1704296 0.9558743 0.1734067 0.9504516 0.1688781 0.8769764 0.1734067 0.8823992 0.1734067 0.8823991 0.1704296 0.9558743 0.1734067 0.9504516 0.1704296 0.9558743 0.1162371 0.8769764 0.1704296 0.9558743 0.1138156 0.9558743 0.3571264 0.6137018 0.3610142 0.6591952 0.3610142 0.6137018 0.3532386 0.6137018 0.3571264 0.6591952 0.3571264 0.6137018 0.3493508 0.6137018 0.3532386 0.6591952 0.3532386 0.6137018 0.3454631 0.6137018 0.3493508 0.6591952 0.3493508 0.6137018 0.3415754 0.6137018 0.3454631 0.6591952 0.3454631 0.6137018 0.3376876 0.6137018 0.3415754 0.6591952 0.3415754 0.6137018 0.3337998 0.6137018 0.3376876 0.6591952 0.3376876 0.6137018 0.3299121 0.6137018 0.3337998 0.6591952 0.3337998 0.6137018 0.3260244 0.6137018 0.3299121 0.6591952 0.3299121 0.6137018 0.3221366 0.6137018 0.3260244 0.6591952 0.3260244 0.6137018 0.3182488 0.6137018 0.3221366 0.6591952 0.3221366 0.6137018 0.314361 0.6137018 0.3182488 0.6591952 0.3182488 0.6137018 0.3104733 0.6137018 0.314361 0.6591952 0.314361 0.6137018 0.3065856 0.6137018 0.3104733 0.6591952 0.3104733 0.6137018 0.2437041 0.5937851 0.2372697 0.5919131 0.2437041 0.5937851 0.3026978 0.6137018 0.3065856 0.6591952 0.3065856 0.6137018 0.2988101 0.6137018 0.3026978 0.6591952 0.3026978 0.6137018 0.2251141 0.6338979 0.2214692 0.625919 0.2251141 0.6338979 0.2466531 0.6496428 0.2372698 0.6411013 0.2437041 0.6392291 0.2370035 0.6411013 0.2463868 0.6496428 0.2434378 0.6392291 0.254608 0.6418681 0.2437041 0.6392291 0.249159 0.6338979 0.2434378 0.6392291 0.2543418 0.6418681 0.2488927 0.6338979 0.2528039 0.6259189 0.254608 0.6418681 0.249159 0.6338979 0.2543418 0.6418681 0.2525376 0.6259189 0.2488927 0.6338979 0.2540838 0.6165072 0.2599233 0.6302324 0.2528039 0.6259189 0.259657 0.6302324 0.2538175 0.6165071 0.2525376 0.6259189 0.2599233 0.6027818 0.2540838 0.6165072 0.2528039 0.6070954 0.2538175 0.6165071 0.259657 0.6027818 0.2525376 0.6070953 0.254608 0.5911461 0.2528039 0.6070954 0.249159 0.5991164 0.2525376 0.6070953 0.2543418 0.5911461 0.2488927 0.5991165 0.2437041 0.5937851 0.254608 0.5911461 0.249159 0.5991164 0.2543418 0.5911461 0.2434378 0.5937851 0.2488927 0.5991165 0.2372697 0.5806413 0.2437041 0.5937851 0.2372697 0.5919131 0.2434378 0.5937851 0.2370034 0.5806413 0.2370034 0.591913 0.2308353 0.5937852 0.2372697 0.5806413 0.2372697 0.5919131 0.2370034 0.5806413 0.230569 0.5937852 0.2370034 0.591913 0.2253804 0.5991165 0.2278863 0.5833714 0.2308353 0.5937852 0.22762 0.5833714 0.2251141 0.5991165 0.230569 0.5937852 0.2146161 0.6027818 0.2253804 0.5991165 0.2217355 0.6070954 0.2251141 0.5991165 0.2143498 0.6027818 0.2214692 0.6070954 0.2127497 0.6165071 0.2217355 0.6070954 0.2204557 0.6165071 0.2214692 0.6070954 0.2124832 0.6165071 0.2201893 0.6165071 0.2146161 0.6302324 0.2204557 0.6165071 0.2217355 0.6259189 0.2201893 0.6165071 0.2143498 0.6302324 0.2214692 0.625919 0.2253804 0.6338978 0.2146161 0.6302324 0.2217355 0.6259189 0.2143498 0.6302324 0.2251141 0.6338979 0.2214692 0.625919 0.2308353 0.6392292 0.2199314 0.6418681 0.2253804 0.6338978 0.219665 0.6418681 0.230569 0.6392292 0.2251141 0.6338979 0.2372698 0.6411013 0.2278863 0.6496428 0.2308353 0.6392292 0.22762 0.6496428 0.2370035 0.6411013 0.230569 0.6392292 0.6000083 0.9184158 0.575528 0.9542233 0.6000083 0.9900309 0.5777792 0.9679263 0.5910278 0.9211416 0.6230129 0.9405204 0.2434378 0.6392291 0.2370035 0.6411013 0.2434378 0.6392291 0.2253804 0.6338978 0.2308353 0.6392292 0.2253804 0.6338978 0.2370034 0.591913 0.2434378 0.5937851 0.2434378 0.5937851 0.2437041 0.6392291 0.249159 0.6338979 0.2437041 0.6392291 0.230569 0.6392292 0.2251141 0.6338979 0.230569 0.6392292 0.2372697 0.5919131 0.2308353 0.5937852 0.2308353 0.5937852 0.2488927 0.6338979 0.2434378 0.6392291 0.2434378 0.6392291 0.2308353 0.6392292 0.2372698 0.6411013 0.2308353 0.6392292 0.230569 0.5937852 0.2370034 0.591913 0.230569 0.5937852 0.249159 0.6338979 0.2528039 0.6259189 0.249159 0.6338979 0.2370035 0.6411013 0.230569 0.6392292 0.2370035 0.6411013 0.2308353 0.5937852 0.2253804 0.5991165 0.2253804 0.5991165 0.2525376 0.6259189 0.2488927 0.6338979 0.2488927 0.6338979 0.2251141 0.5991165 0.230569 0.5937852 0.2251141 0.5991165 0.2528039 0.6259189 0.2540838 0.6165072 0.2528039 0.6259189 0.2253804 0.5991165 0.2217355 0.6070954 0.2217355 0.6070954 0.2538175 0.6165071 0.2525376 0.6259189 0.2538175 0.6165071 0.2214692 0.6070954 0.2251141 0.5991165 0.2214692 0.6070954 0.2540838 0.6165072 0.2528039 0.6070954 0.2540838 0.6165072 0.2217355 0.6070954 0.2204557 0.6165071 0.2217355 0.6070954 0.2525376 0.6070953 0.2538175 0.6165071 0.2538175 0.6165071 0.2201893 0.6165071 0.2214692 0.6070954 0.2214692 0.6070954 0.2528039 0.6070954 0.249159 0.5991164 0.2528039 0.6070954 0.2204557 0.6165071 0.2217355 0.6259189 0.2217355 0.6259189 0.2488927 0.5991165 0.2525376 0.6070953 0.2525376 0.6070953 0.2214692 0.625919 0.2201893 0.6165071 0.2214692 0.625919 0.249159 0.5991164 0.2437041 0.5937851 0.249159 0.5991164 0.2217355 0.6259189 0.2253804 0.6338978 0.2217355 0.6259189 0.2434378 0.5937851 0.2488927 0.5991165 0.2488927 0.5991165 0.2372698 0.6411013 0.2437041 0.6392291 0.2437041 0.6392291 0.1091536 0.8841399 0.1091536 0.9487109 0.1091536 0.88414 0.1138156 0.9558743 0.1704296 0.9558743 0.1704296 0.9558743 0.1162371 0.8769764 0.1704296 0.9558743 0.1138156 0.9558743 0.1734067 0.9504516 0.1734067 0.8823991 0.1734067 0.9504517 0.1138156 0.9558743 0.1091536 0.88414 0.1091536 0.9487109 0.1138156 0.9558743 0.1091536 0.8841399 0.1162371 0.8769764 0.1091536 0.9487109 0.1138156 0.9558743 0.1138156 0.9558743 0.1162371 0.8769764 0.1091536 0.88414 0.1162371 0.8769764 0.1688781 0.8769764 0.1162371 0.8769764 0.1688781 0.8769764 0.1704296 0.9558743 0.1734067 0.8823991 0.1688781 0.8769764 0.1704296 0.9558743 0.1734067 0.8823992 0.1734067 0.9504516 0.1688781 0.8769764 0.1734067 0.8823992 0.1688781 0.8769764 0.1734067 0.9504516 0.1704296 0.9558743 0.1704296 0.9558743 0.1162371 0.8769764 0.1704296 0.9558743 0.1688781 0.8769764 0.3610142 0.6591952 0.3571264 0.6137018 0.3610142 0.6137018 0.3571264 0.6591952 0.3532386 0.6137018 0.3571264 0.6137018 0.3532386 0.6591952 0.3493508 0.6137018 0.3532386 0.6137018 0.3493508 0.6591952 0.3454631 0.6137018 0.3493508 0.6137018 0.3454631 0.6591952 0.3415754 0.6137018 0.3454631 0.6137018 0.3415754 0.6591952 0.3376876 0.6137018 0.3415754 0.6137018 0.3376876 0.6591952 0.3337998 0.6137018 0.3376876 0.6137018 0.3337998 0.6591952 0.3299121 0.6137018 0.3337998 0.6137018 0.3299121 0.6591952 0.3260244 0.6137018 0.3299121 0.6137018 0.3260244 0.6591952 0.3221366 0.6137018 0.3260244 0.6137018 0.3221366 0.6591952 0.3182488 0.6137018 0.3221366 0.6137018 0.3182488 0.6591952 0.314361 0.6137018 0.3182488 0.6137018 0.314361 0.6591952 0.3104733 0.6137018 0.314361 0.6137018 0.3104733 0.6591952 0.3065856 0.6137018 0.3104733 0.6137018 0.2372697 0.5919131 0.2437041 0.5937851 0.2437041 0.5937851 0.3065856 0.6591952 0.3026978 0.6137018 0.3065856 0.6137018 0.3026978 0.6591952 0.2988101 0.6137018 0.3026978 0.6137018 0.2251141 0.6338979 0.2214692 0.625919 0.2251141 0.6338979 0.2372698 0.6411013 0.2466531 0.6496428 0.2437041 0.6392291 0.2370035 0.6411013 0.2463868 0.6496428 0.2370034 0.6523729 0.249159 0.6338979 0.2466531 0.6496428 0.254608 0.6418681 0.2488927 0.6338979 0.2463868 0.6496428 0.2434378 0.6392291 0.2528039 0.6259189 0.254608 0.6418681 0.2599233 0.6302324 0.2525376 0.6259189 0.2543418 0.6418681 0.2488927 0.6338979 0.2528039 0.6259189 0.2617898 0.6165071 0.2540838 0.6165072 0.2525376 0.6259189 0.2615236 0.6165071 0.259657 0.6302324 0.2528039 0.6070954 0.2617898 0.6165071 0.2599233 0.6027818 0.2525376 0.6070953 0.2615236 0.6165071 0.2538175 0.6165071 0.2528039 0.6070954 0.254608 0.5911461 0.249159 0.5991164 0.2525376 0.6070953 0.2543418 0.5911461 0.259657 0.6027818 0.249159 0.5991164 0.2466531 0.5833714 0.2437041 0.5937851 0.2488927 0.5991165 0.2463868 0.5833714 0.2543418 0.5911461 0.2372697 0.5919131 0.2466531 0.5833714 0.2372697 0.5806413 0.2370034 0.591913 0.2463868 0.5833714 0.2434378 0.5937851 0.2308353 0.5937852 0.2372697 0.5806413 0.2278863 0.5833714 0.230569 0.5937852 0.2370034 0.5806413 0.2370034 0.591913 0.2253804 0.5991165 0.2278863 0.5833714 0.2199314 0.5911461 0.2251141 0.5991165 0.22762 0.5833714 0.230569 0.5937852 0.2217355 0.6070954 0.2199314 0.5911461 0.2146161 0.6027818 0.2214692 0.6070954 0.219665 0.5911461 0.2251141 0.5991165 0.2204557 0.6165071 0.2146161 0.6027818 0.2127497 0.6165071 0.2201893 0.6165071 0.2143498 0.6027818 0.2214692 0.6070954 0.2217355 0.6259189 0.2127497 0.6165071 0.2146161 0.6302324 0.2214692 0.625919 0.2124832 0.6165071 0.2201893 0.6165071 0.2217355 0.6259189 0.2199314 0.6418681 0.2253804 0.6338978 0.2214692 0.625919 0.219665 0.6418681 0.2143498 0.6302324 0.2308353 0.6392292 0.2199314 0.6418681 0.2278863 0.6496428 0.230569 0.6392292 0.219665 0.6418681 0.2251141 0.6338979 0.2372698 0.6411013 0.2278863 0.6496428 0.2372697 0.6523729 0.2370035 0.6411013 0.22762 0.6496428 0.230569 0.6392292 0.5826981 0.9289036 0.6173184 0.9289036 0.6173184 0.9795431 0.6230127 0.9679263 0.6097641 0.9211415 0.5777792 0.9405204 0.2370035 0.6411013 0.2434378 0.6392291 0.2434378 0.6392291 0.2308353 0.6392292 0.2253804 0.6338978 0.2253804 0.6338978 0.2370034 0.591913 0.2434378 0.5937851 0.2370034 0.591913 0.249159 0.6338979 0.2437041 0.6392291 0.2437041 0.6392291 0.230569 0.6392292 0.2251141 0.6338979 0.230569 0.6392292 0.2372697 0.5919131 0.2308353 0.5937852 0.2372697 0.5919131 0.2488927 0.6338979 0.2434378 0.6392291 0.2488927 0.6338979 0.2372698 0.6411013 0.2308353 0.6392292 0.2308353 0.6392292 0.2370034 0.591913 0.230569 0.5937852 0.230569 0.5937852 0.2528039 0.6259189 0.249159 0.6338979 0.249159 0.6338979 0.2370035 0.6411013 0.230569 0.6392292 0.2370035 0.6411013 0.2253804 0.5991165 0.2308353 0.5937852 0.2308353 0.5937852 0.2525376 0.6259189 0.2488927 0.6338979 0.2525376 0.6259189 0.2251141 0.5991165 0.230569 0.5937852 0.2251141 0.5991165 0.2540838 0.6165072 0.2528039 0.6259189 0.2528039 0.6259189 0.2217355 0.6070954 0.2253804 0.5991165 0.2253804 0.5991165 0.2525376 0.6259189 0.2538175 0.6165071 0.2538175 0.6165071 0.2214692 0.6070954 0.2251141 0.5991165 0.2214692 0.6070954 0.2528039 0.6070954 0.2540838 0.6165072 0.2540838 0.6165072 0.2204557 0.6165071 0.2217355 0.6070954 0.2217355 0.6070954 0.2525376 0.6070953 0.2538175 0.6165071 0.2525376 0.6070953 0.2201893 0.6165071 0.2214692 0.6070954 0.2201893 0.6165071 0.249159 0.5991164 0.2528039 0.6070954 0.2528039 0.6070954 0.2204557 0.6165071 0.2217355 0.6259189 0.2204557 0.6165071 0.2488927 0.5991165 0.2525376 0.6070953 0.2488927 0.5991165 0.2201893 0.6165071 0.2214692 0.625919 0.2214692 0.625919 0.2437041 0.5937851 0.249159 0.5991164 0.249159 0.5991164 0.2253804 0.6338978 0.2217355 0.6259189 0.2217355 0.6259189 0.2434378 0.5937851 0.2488927 0.5991165 0.2434378 0.5937851 0.2372698 0.6411013 0.2437041 0.6392291 0.2372698 0.6411013 0.1091536 0.9487109 0.1091536 0.8841399 0.1091536 0.88414 0.1138156 0.9558743 0.1704296 0.9558743 0.1138156 0.9558743 0.1162371 0.8769764 0.1704296 0.9558743 0.1688781 0.8769764 0.1734067 0.8823991 0.1734067 0.9504516 0.1734067 0.9504517 0.1091536 0.88414 0.1138156 0.9558743 0.1091536 0.9487109 0.1138156 0.9558743 0.1091536 0.8841399 0.1091536 0.9487109 0.1138156 0.9558743 0.1091536 0.9487109 0.1138156 0.9558743 0.1162371 0.8769764 0.1091536 0.88414 0.1091536 0.8841399 0.1162371 0.8769764 0.1688781 0.8769764 0.1688781 0.8769764 0.1704296 0.9558743 0.1734067 0.8823991 0.1734067 0.9504517 0.1734067 0.8823992 0.1704296 0.9558743 0.1734067 0.9504516 0.1688781 0.8769764 0.1734067 0.8823992 0.1734067 0.8823991 0.1704296 0.9558743 0.1734067 0.9504516 0.1704296 0.9558743 0.1162371 0.8769764 0.1704296 0.9558743 0.1138156 0.9558743 0.3571264 0.6137018 0.3610142 0.6591952 0.3610142 0.6137018 0.3532386 0.6137018 0.3571264 0.6591952 0.3571264 0.6137018 0.3493508 0.6137018 0.3532386 0.6591952 0.3532386 0.6137018 0.3454631 0.6137018 0.3493508 0.6591952 0.3493508 0.6137018 0.3415754 0.6137018 0.3454631 0.6591952 0.3454631 0.6137018 0.3376876 0.6137018 0.3415754 0.6591952 0.3415754 0.6137018 0.3337998 0.6137018 0.3376876 0.6591952 0.3376876 0.6137018 0.3299121 0.6137018 0.3337998 0.6591952 0.3337998 0.6137018 0.3260244 0.6137018 0.3299121 0.6591952 0.3299121 0.6137018 0.3221366 0.6137018 0.3260244 0.6591952 0.3260244 0.6137018 0.3182488 0.6137018 0.3221366 0.6591952 0.3221366 0.6137018 0.314361 0.6137018 0.3182488 0.6591952 0.3182488 0.6137018 0.3104733 0.6137018 0.314361 0.6591952 0.314361 0.6137018 0.3065856 0.6137018 0.3104733 0.6591952 0.3104733 0.6137018 0.2437041 0.5937851 0.2372697 0.5919131 0.2437041 0.5937851 0.3026978 0.6137018 0.3065856 0.6591952 0.3065856 0.6137018 0.2988101 0.6137018 0.3026978 0.6591952 0.3026978 0.6137018 0.2251141 0.6338979 0.2214692 0.625919 0.2214692 0.625919 0.2466531 0.6496428 0.2372698 0.6411013 0.2437041 0.6392291 0.2370035 0.6411013 0.2463868 0.6496428 0.2434378 0.6392291 0.254608 0.6418681 0.2437041 0.6392291 0.249159 0.6338979 0.2434378 0.6392291 0.2543418 0.6418681 0.2488927 0.6338979 0.2528039 0.6259189 0.254608 0.6418681 0.249159 0.6338979 0.2543418 0.6418681 0.2525376 0.6259189 0.2488927 0.6338979 0.2617898 0.6165071 0.2528039 0.6259189 0.2540838 0.6165072 0.2525376 0.6259189 0.2615236 0.6165071 0.2538175 0.6165071 0.2599233 0.6027818 0.2540838 0.6165072 0.2528039 0.6070954 0.2538175 0.6165071 0.259657 0.6027818 0.2525376 0.6070953 0.254608 0.5911461 0.2528039 0.6070954 0.249159 0.5991164 0.2525376 0.6070953 0.2543418 0.5911461 0.2488927 0.5991165 0.2437041 0.5937851 0.254608 0.5911461 0.249159 0.5991164 0.2543418 0.5911461 0.2434378 0.5937851 0.2488927 0.5991165 0.2372697 0.5806413 0.2437041 0.5937851 0.2372697 0.5919131 0.2434378 0.5937851 0.2370034 0.5806413 0.2370034 0.591913 0.2308353 0.5937852 0.2372697 0.5806413 0.2372697 0.5919131 0.2370034 0.5806413 0.230569 0.5937852 0.2370034 0.591913 0.2253804 0.5991165 0.2278863 0.5833714 0.2308353 0.5937852 0.22762 0.5833714 0.2251141 0.5991165 0.230569 0.5937852 0.2146161 0.6027818 0.2253804 0.5991165 0.2217355 0.6070954 0.2251141 0.5991165 0.2143498 0.6027818 0.2214692 0.6070954 0.2127497 0.6165071 0.2217355 0.6070954 0.2204557 0.6165071 0.2214692 0.6070954 0.2124832 0.6165071 0.2201893 0.6165071 0.2146161 0.6302324 0.2204557 0.6165071 0.2217355 0.6259189 0.2201893 0.6165071 0.2143498 0.6302324 0.2214692 0.625919 0.2253804 0.6338978 0.2146161 0.6302324 0.2217355 0.6259189 0.2143498 0.6302324 0.2251141 0.6338979 0.2214692 0.625919 0.2308353 0.6392292 0.2199314 0.6418681 0.2253804 0.6338978 0.219665 0.6418681 0.230569 0.6392292 0.2251141 0.6338979 0.2372698 0.6411013 0.2278863 0.6496428 0.2308353 0.6392292 0.22762 0.6496428 0.2370035 0.6411013 0.230569 0.6392292 0.6000083 0.9184158 0.575528 0.9542233 0.6000083 0.9900309 0.5777792 0.9679263 0.5910278 0.9211416 0.6230129 0.9405204 0.2434378 0.6392291 0.2370035 0.6411013 0.2434378 0.6392291 0.2253804 0.6338978 0.2308353 0.6392292 0.2253804 0.6338978 0.2370034 0.591913 0.2434378 0.5937851 0.2434378 0.5937851 0.2437041 0.6392291 0.249159 0.6338979 0.2437041 0.6392291 0.230569 0.6392292 0.2251141 0.6338979 0.2251141 0.6338979 0.2372697 0.5919131 0.2308353 0.5937852 0.2308353 0.5937852 0.2488927 0.6338979 0.2434378 0.6392291 0.2434378 0.6392291 0.2308353 0.6392292 0.2372698 0.6411013 0.2308353 0.6392292 0.230569 0.5937852 0.2370034 0.591913 0.230569 0.5937852 0.249159 0.6338979 0.2528039 0.6259189 0.249159 0.6338979 0.2370035 0.6411013 0.230569 0.6392292 0.2370035 0.6411013 0.2308353 0.5937852 0.2253804 0.5991165 0.2253804 0.5991165 0.2525376 0.6259189 0.2488927 0.6338979 0.2488927 0.6338979 0.2251141 0.5991165 0.230569 0.5937852 0.2251141 0.5991165 0.2528039 0.6259189 0.2540838 0.6165072 0.2528039 0.6259189 0.2253804 0.5991165 0.2217355 0.6070954 0.2217355 0.6070954 0.2538175 0.6165071 0.2525376 0.6259189 0.2538175 0.6165071 0.2214692 0.6070954 0.2251141 0.5991165 0.2214692 0.6070954 0.2540838 0.6165072 0.2528039 0.6070954 0.2540838 0.6165072 0.2217355 0.6070954 0.2204557 0.6165071 0.2204557 0.6165071 0.2525376 0.6070953 0.2538175 0.6165071 0.2525376 0.6070953 0.2201893 0.6165071 0.2214692 0.6070954 0.2201893 0.6165071 0.2528039 0.6070954 0.249159 0.5991164 0.2528039 0.6070954 0.2204557 0.6165071 0.2217355 0.6259189 0.2204557 0.6165071 0.2488927 0.5991165 0.2525376 0.6070953 0.2488927 0.5991165 0.2214692 0.625919 0.2201893 0.6165071 0.2201893 0.6165071 0.249159 0.5991164 0.2437041 0.5937851 0.249159 0.5991164 0.2217355 0.6259189 0.2253804 0.6338978 0.2217355 0.6259189 0.2434378 0.5937851 0.2488927 0.5991165 0.2488927 0.5991165 0.2372698 0.6411013 0.2437041 0.6392291 0.2437041 0.6392291 0.3089164 0.6731615 0.3089164 0.7116191 0.1299772 0.6932732 0.127002 0.1998733 0.1744326 0.1998733 0.1668905 0.2287205 0.3089164 0.7116191 0.4150226 0.7003707 0.4150226 0.6751213 0.2788548 0.8950648 0.2788548 0.8950648 0.2160577 0.8883044 0.01166182 0.9668981 0.07022994 0.9581647 0.07023 0.8543489 0.1091536 0.9558743 0.1734067 0.9558743 0.1734067 0.8769764 0.1145488 0.1553036 0.1145488 0.04511338 0.186886 0.04511338 0.1299772 0.6932732 0.3089164 0.7116191 0.3089164 0.6731615 0.4150226 0.6751213 0.4150226 0.7003707 0.3089164 0.7116191 0.2421156 0.8513027 0.2160577 0.8883044 0.2160577 0.8883044 0.07465022 0.6169216 0.03339737 0.6124805 0.05051547 0.5881733 0.1961404 0.6625698 0.09548866 0.6553033 0.1007014 0.5963647 0.3354032 0.8178632 0.2788548 0.8950648 0.3051745 0.826696 0.264405 0.5561891 0.2534645 0.6119828 0.2193651 0.6119828 0.2193651 0.6119828 0.2534645 0.6119828 0.2474801 0.6663147 0.2189262 0.6487762 0.2021354 0.6848334 0.1037966 0.6848332 0.4764373 0.1883572 0.5148335 0.1883416 0.504772 0.1536836 0.4870322 0.1711688 0.4869703 0.1892821 0.504772 0.1536836 0.1280948 0.5481868 0.1052916 0.5616014 0.1052916 0.5501571 0.4870323 0.1711688 0.5046597 0.1495141 0.504772 0.1536836 0.0575999 0.5953912 0.01075452 0.557625 0.01075452 0.5724209 0.05760002 0.5779002 0.01075452 0.542829 0.01075452 0.557625 0.05760002 0.5577886 0.01075452 0.5350914 0.01075452 0.542829 0.05760002 0.5368033 0.01075452 0.5270176 0.01075452 0.5350914 0.1280948 0.6325461 0.1280948 0.6493271 0.1052916 0.630576 0.05760002 0.5368033 0.05760002 0.5577886 0.01075452 0.5350914 0.05760002 0.5577886 0.05760002 0.5779002 0.01075452 0.542829 0.05760002 0.5779002 0.0575999 0.5953912 0.01075452 0.557625 0.0575999 0.5953912 0.05760002 0.6181237 0.01075452 0.5724209 0.235643 0.538129 0.07028907 0.538129 0.09382009 0.5188631 0.2378836 0.5578046 0.06804823 0.5578046 0.07028907 0.538129 0.2376361 0.5766611 0.06829595 0.5766611 0.06804823 0.5578046 0.2290068 0.6127187 0.07692497 0.6127185 0.06829595 0.5766611 0.2189262 0.6487762 0.08700573 0.6487758 0.07692497 0.6127185 0.3414174 0.7853315 0.3051745 0.8079949 0.3051745 0.7892938 0.3384106 0.8015973 0.3051745 0.826696 0.3051745 0.8079949 0.3354032 0.8178632 0.3384106 0.8015973 0.3051745 0.826696 0.3384106 0.8015973 0.3414174 0.7853315 0.3051745 0.8079949 0.3414174 0.7853315 0.3444247 0.7690656 0.3051745 0.7892938 0.2679442 0.6501128 0.2679442 0.596027 0.2098891 0.6098405 0.2679442 0.596027 0.2679442 0.5419414 0.2130594 0.573989 0.07465022 0.6169216 0.09194028 0.5720086 0.05051547 0.5881733 0.3051745 0.826696 0.3051745 0.8079949 0.2435513 0.8327261 0.3051745 0.8079949 0.3051745 0.7892938 0.2449872 0.8141492 0.3600016 0.5072833 0.3089164 0.5962463 0.3089164 0.5577886 0.3600016 0.5314825 0.3089164 0.5577886 0.3089164 0.5368033 0.3089164 0.4965984 0.3600016 0.4843709 0.3600016 0.5153254 0.3051745 0.8079949 0.2435513 0.8327261 0.2449872 0.8141492 0.3051745 0.826696 0.2421156 0.8513027 0.2435513 0.8327261 0.3444247 0.7690656 0.3444247 0.7690656 0.3089164 0.5962463 0.4150226 0.6498718 0.3089164 0.6347039 0.3089164 0.5962463 0.3089164 0.5962463 0.3444247 0.7690656 0.4150226 0.6498718 0.3600016 0.5072833 0.3600016 0.5368927 0.1961404 0.5736561 0.3600016 0.5368927 0.3089164 0.6731615 0.1961404 0.5736561 0.1961404 0.5736561 0.3384106 0.8015973 0.3414174 0.7853315 0.3414174 0.7853315 0.3444247 0.7690656 0.1961404 0.5736561 0.2449872 0.8141492 0.2435513 0.8327261 0.2435513 0.8327261 0.2435513 0.8327261 0.2421156 0.8513027 0.2421156 0.8513027 0.4150226 0.6498718 0.4150226 0.6751213 0.3089164 0.6731615 0.2222326 0.4843709 0.2222326 0.5153254 0.3600016 0.5153254 0.2222326 0.5314825 0.3600016 0.5314825 0.3600016 0.5153254 0.2222326 0.5469669 0.3600016 0.5610918 0.3600016 0.5314825 0.2222326 0.5227677 0.3600016 0.5368927 0.3600016 0.5072833 0.2222326 0.5523771 0.3600016 0.566502 0.3600016 0.5368927 0.3089164 0.5368033 0.1299772 0.5368033 0.1299772 0.4965984 0.3089164 0.5368033 0.3089164 0.5577886 0.1299772 0.5577886 0.3089164 0.5577886 0.3089164 0.5962463 0.1299772 0.5779002 0.3089164 0.5962463 0.3089164 0.6347039 0.1299772 0.6163579 0.3089164 0.6347039 0.3089164 0.6731615 0.1299772 0.6548156 0.4378738 0.09861004 0.4398754 0.1623543 0.3092182 0.1688745 0.1299772 0.6163579 0.0575999 0.5953912 0.05760002 0.5779002 0.1299772 0.5779002 0.05760002 0.5779002 0.05760002 0.5577886 0.1299772 0.5368033 0.1299772 0.5577886 0.05760002 0.5577886 0.2809013 0.4808147 0.2809013 0.5138472 0.2214357 0.5138472 0.2791764 0.511258 0.2234517 0.511258 0.2234517 0.527415 0.2791764 0.5428994 0.2791764 0.527415 0.2234517 0.527415 0.2791764 0.5725088 0.2791764 0.5428994 0.2234517 0.5428994 0.4378738 0.09861004 0.298418 0.1311947 0.3092182 0.1688745 0.4398754 0.1623543 0.3092182 0.1688745 0.3220661 0.2326188 0.2791764 0.4803035 0.2234517 0.4897289 0.2234517 0.511258 0.4398754 0.1623543 0.441877 0.2260988 0.3220661 0.2326188 0.430479 0.5475162 0.4044899 0.5610988 0.4044899 0.6128314 0.1145488 0.1553036 0.186886 0.1553036 0.1744326 0.1998733 0.3014389 0.5218649 0.3263069 0.5214111 0.3304735 0.5182957 0.3262023 0.5157765 0.3263069 0.5214111 0.3286101 0.5182957 0.3262023 0.5157765 0.3286101 0.5089112 0.3286101 0.5182957 0.3262023 0.5157765 0.306683 0.5395187 0.3041259 0.5378986 0.3262023 0.5157765 0.3286101 0.5089112 0.3041259 0.5378986 0.306683 0.5395187 0.3066292 0.5594097 0.3041259 0.5622906 0.3066829 0.5395187 0.3041259 0.5378986 0.3041259 0.5622906 0.2966847 0.5587214 0.2956845 0.5622906 0.3370515 0.5622906 0.504772 0.1536836 0.5056684 0.1524388 0.4808005 0.1528925 0.5046597 0.1495141 0.504772 0.1536836 0.5056685 0.1524388 0.5046597 0.1495141 0.5055639 0.1468041 0.5056684 0.1524388 0.4870323 0.1711688 0.4860445 0.1705464 0.5055639 0.1468041 0.4870322 0.1711688 0.5046597 0.1495141 0.5055639 0.1468041 0.4869702 0.189282 0.4859908 0.1904373 0.4860445 0.1705464 0.4869703 0.1892821 0.4870322 0.1711688 0.4860445 0.1705464 0.5148335 0.1883416 0.4764373 0.1883572 0.4760463 0.189749 0.1290162 0.1553036 0.1145488 0.1553036 0.1145488 0.04511338 0.186886 0.1553036 0.1724185 0.1553036 0.1724185 0.04511338 0.1724185 0.04511338 0.186886 0.04511338 0.186886 0.04511338 0.186886 0.1553036 0.186886 0.04511338 0.1724185 0.04511338 0.1290162 0.1553036 0.1290162 0.04511338 0.1145488 0.04511338 0.1724185 0.1553036 0.1724185 0.04511338 0.1724185 0.04511338 0.1145488 0.1553036 0.1145488 0.04511338 0.1145488 0.04511338 0.1145488 0.04511338 0.1290162 0.04511338 0.1290162 0.04511338 0.1290162 0.04511338 0.1290162 0.1553036 0.1290162 0.1553036 0.1290162 0.1553036 0.1145488 0.1553036 0.1145488 0.1553036 0.186886 0.04511338 0.186886 0.1553036 0.186886 0.1553036 0.186886 0.1553036 0.1724185 0.1553036 0.1724185 0.1553036 0.3051745 0.8079949 0.3051745 0.7892938 0.2449872 0.8141492 0.3051745 0.8079949 0.2435513 0.8327261 0.2449872 0.8141492 0.1091536 0.9487109 0.1091536 0.9487109 0.1091536 0.8841399 0.1138156 0.9558743 0.1704296 0.9558743 0.1704296 0.9558743 0.1162371 0.8769764 0.1138156 0.9558743 0.1704296 0.9558743 0.1734067 0.8823991 0.1734067 0.8823992 0.1734067 0.9504516 0.1091536 0.88414 0.1162371 0.8769764 0.1138156 0.9558743 0.1138156 0.9558743 0.1162371 0.8769764 0.1091536 0.8841399 0.1138156 0.9558743 0.1091536 0.9487109 0.1091536 0.9487109 0.1162371 0.8769764 0.1162371 0.8769764 0.1091536 0.88414 0.1162371 0.8769764 0.1162371 0.8769764 0.1688781 0.8769764 0.1688781 0.8769764 0.1734067 0.8823991 0.1734067 0.9504517 0.1734067 0.8823992 0.1688781 0.8769764 0.1704296 0.9558743 0.1688781 0.8769764 0.1688781 0.8769764 0.1734067 0.8823992 0.1704296 0.9558743 0.1734067 0.9504517 0.1734067 0.9504516 0.1162371 0.8769764 0.1688781 0.8769764 0.1704296 0.9558743 0.1091536 0.8841399 0.1091536 0.9487109 0.1091536 0.9487109 0.1138156 0.9558743 0.1138156 0.9558743 0.1704296 0.9558743 0.1162371 0.8769764 0.1688781 0.8769764 0.1704296 0.9558743 0.1734067 0.9504516 0.1734067 0.8823992 0.1734067 0.8823991 0.1138156 0.9558743 0.1162371 0.8769764 0.1091536 0.88414 0.1138156 0.9558743 0.1091536 0.9487109 0.1091536 0.8841399 0.1091536 0.9487109 0.1091536 0.9487109 0.1138156 0.9558743 0.1162371 0.8769764 0.1091536 0.8841399 0.1091536 0.88414 0.1688781 0.8769764 0.1162371 0.8769764 0.1162371 0.8769764 0.1734067 0.9504517 0.1734067 0.8823991 0.1688781 0.8769764 0.1704296 0.9558743 0.1688781 0.8769764 0.1734067 0.8823992 0.1688781 0.8769764 0.1734067 0.8823991 0.1734067 0.8823992 0.1734067 0.9504516 0.1734067 0.9504517 0.1704296 0.9558743 0.1162371 0.8769764 0.1138156 0.9558743 0.1704296 0.9558743 0.1091536 0.8841399 0.1091536 0.9487109 0.1091536 0.9487109 0.1138156 0.9558743 0.1138156 0.9558743 0.1704296 0.9558743 0.1162371 0.8769764 0.1688781 0.8769764 0.1704296 0.9558743 0.1734067 0.9504516 0.1734067 0.8823992 0.1734067 0.8823991 0.1138156 0.9558743 0.1162371 0.8769764 0.1091536 0.88414 0.1138156 0.9558743 0.1091536 0.9487109 0.1091536 0.8841399 0.1091536 0.9487109 0.1091536 0.9487109 0.1138156 0.9558743 0.1162371 0.8769764 0.1091536 0.8841399 0.1091536 0.88414 0.1688781 0.8769764 0.1162371 0.8769764 0.1162371 0.8769764 0.1704296 0.9558743 0.1734067 0.9504517 0.1734067 0.8823991 0.1704296 0.9558743 0.1688781 0.8769764 0.1734067 0.8823992 0.1688781 0.8769764 0.1734067 0.8823991 0.1734067 0.8823992 0.1734067 0.9504516 0.1734067 0.9504517 0.1704296 0.9558743 0.1162371 0.8769764 0.1138156 0.9558743 0.1704296 0.9558743 0.3610142 0.6591952 0.3571264 0.6591952 0.3571264 0.6137018 0.3571264 0.6591952 0.3532386 0.6591952 0.3532386 0.6137018 0.3532386 0.6591952 0.3493508 0.6591952 0.3493508 0.6137018 0.3493508 0.6591952 0.3454631 0.6591952 0.3454631 0.6137018 0.3454631 0.6591952 0.3415754 0.6591952 0.3415754 0.6137018 0.3415754 0.6591952 0.3376876 0.6591952 0.3376876 0.6137018 0.3376876 0.6591952 0.3337998 0.6591952 0.3337998 0.6137018 0.3337998 0.6591952 0.3299121 0.6591952 0.3299121 0.6137018 0.3299121 0.6591952 0.3260244 0.6591952 0.3260244 0.6137018 0.3260244 0.6591952 0.3221366 0.6591952 0.3221366 0.6137018 0.3221366 0.6591952 0.3182488 0.6591952 0.3182488 0.6137018 0.3182488 0.6591952 0.314361 0.6591952 0.314361 0.6137018 0.314361 0.6591952 0.3104733 0.6591952 0.3104733 0.6137018 0.3104733 0.6591952 0.3065856 0.6591952 0.3065856 0.6137018 0.2372697 0.5919131 0.2372697 0.5919131 0.2437041 0.5937851 0.3065856 0.6591952 0.3026978 0.6591952 0.3026978 0.6137018 0.3026978 0.6591952 0.2988101 0.6591952 0.2988101 0.6137018 0.2214692 0.625919 0.2214692 0.625919 0.2251141 0.6338979 0.2372698 0.6411013 0.2372697 0.6523729 0.2466531 0.6496428 0.2370035 0.6411013 0.2434378 0.6392291 0.2463868 0.6496428 0.249159 0.6338979 0.2437041 0.6392291 0.2466531 0.6496428 0.2488927 0.6338979 0.2543418 0.6418681 0.2463868 0.6496428 0.2528039 0.6259189 0.249159 0.6338979 0.254608 0.6418681 0.2525376 0.6259189 0.259657 0.6302324 0.2543418 0.6418681 0.2528039 0.6259189 0.2599233 0.6302324 0.2617898 0.6165071 0.2525376 0.6259189 0.2538175 0.6165071 0.2615236 0.6165071 0.2528039 0.6070954 0.2540838 0.6165072 0.2617898 0.6165071 0.2525376 0.6070953 0.259657 0.6027818 0.2615236 0.6165071 0.2528039 0.6070954 0.2599233 0.6027818 0.254608 0.5911461 0.2525376 0.6070953 0.2488927 0.5991165 0.2543418 0.5911461 0.249159 0.5991164 0.254608 0.5911461 0.2466531 0.5833714 0.2434378 0.5937851 0.2463868 0.5833714 0.2543418 0.5911461 0.2372697 0.5919131 0.2437041 0.5937851 0.2466531 0.5833714 0.2370034 0.591913 0.2370034 0.5806413 0.2463868 0.5833714 0.2308353 0.5937852 0.2372697 0.5919131 0.2372697 0.5806413 0.230569 0.5937852 0.22762 0.5833714 0.2370034 0.5806413 0.2253804 0.5991165 0.2308353 0.5937852 0.2278863 0.5833714 0.2251141 0.5991165 0.219665 0.5911461 0.22762 0.5833714 0.2253804 0.5991165 0.2199314 0.5911461 0.2146161 0.6027818 0.2251141 0.5991165 0.2214692 0.6070954 0.2143498 0.6027818 0.2204557 0.6165071 0.2217355 0.6070954 0.2146161 0.6027818 0.2201893 0.6165071 0.2124832 0.6165071 0.2143498 0.6027818 0.2217355 0.6259189 0.2204557 0.6165071 0.2127497 0.6165071 0.2214692 0.625919 0.2143498 0.6302324 0.2124832 0.6165071 0.2217355 0.6259189 0.2146161 0.6302324 0.2199314 0.6418681 0.2214692 0.625919 0.2251141 0.6338979 0.219665 0.6418681 0.2308353 0.6392292 0.2253804 0.6338978 0.2199314 0.6418681 0.230569 0.6392292 0.22762 0.6496428 0.219665 0.6418681 0.2372698 0.6411013 0.2308353 0.6392292 0.2278863 0.6496428 0.2370035 0.6411013 0.2370034 0.6523729 0.22762 0.6496428 0.6173184 0.9795431 0.6093764 0.9873051 0.6000083 0.9900309 0.6000083 0.9900309 0.5906401 0.9873052 0.6173184 0.9795431 0.5906401 0.9873052 0.5826981 0.9795433 0.6173184 0.9795431 0.5826981 0.9795433 0.5773915 0.9679265 0.575528 0.9542233 0.575528 0.9542233 0.5773915 0.9405204 0.5826981 0.9795433 0.5773915 0.9405204 0.5826981 0.9289036 0.5826981 0.9795433 0.5826981 0.9289036 0.5906401 0.9211416 0.6173184 0.9289036 0.5906401 0.9211416 0.6000083 0.9184158 0.6173184 0.9289036 0.6000083 0.9184158 0.6093764 0.9211415 0.6173184 0.9289036 0.6173184 0.9289036 0.622625 0.9405202 0.6244885 0.9542233 0.6244885 0.9542233 0.622625 0.9679263 0.6173184 0.9289036 0.622625 0.9679263 0.6173184 0.9795431 0.6173184 0.9289036 0.6173184 0.9795431 0.5826981 0.9795433 0.6173184 0.9289036 0.5910278 0.9873052 0.6003962 0.9900309 0.6097641 0.9873051 0.6097641 0.9873051 0.6177061 0.9795433 0.5910278 0.9873052 0.6177061 0.9795433 0.6230127 0.9679263 0.5910278 0.9873052 0.6230127 0.9679263 0.6248763 0.9542234 0.6230129 0.9405204 0.6230129 0.9405204 0.6177061 0.9289034 0.6230127 0.9679263 0.6177061 0.9289034 0.6097641 0.9211415 0.6230127 0.9679263 0.6097641 0.9211415 0.6003959 0.9184158 0.5910278 0.9211416 0.5910278 0.9211416 0.5830859 0.9289036 0.5777792 0.9405204 0.5777792 0.9405204 0.5759157 0.9542233 0.5777792 0.9679263 0.5777792 0.9679263 0.5830858 0.9795431 0.5910278 0.9873052 0.6097641 0.9211415 0.5910278 0.9211416 0.5777792 0.9405204 0.5777792 0.9405204 0.5777792 0.9679263 0.5910278 0.9873052 0.5910278 0.9873052 0.6230127 0.9679263 0.5777792 0.9405204 0.2370035 0.6411013 0.2370035 0.6411013 0.2434378 0.6392291 0.2308353 0.6392292 0.2308353 0.6392292 0.2253804 0.6338978 0.2370034 0.591913 0.2434378 0.5937851 0.2434378 0.5937851 0.249159 0.6338979 0.249159 0.6338979 0.2437041 0.6392291 0.2251141 0.6338979 0.2251141 0.6338979 0.230569 0.6392292 0.2372697 0.5919131 0.2308353 0.5937852 0.2308353 0.5937852 0.2488927 0.6338979 0.2434378 0.6392291 0.2434378 0.6392291 0.2372698 0.6411013 0.2372698 0.6411013 0.2308353 0.6392292 0.2370034 0.591913 0.2370034 0.591913 0.230569 0.5937852 0.2528039 0.6259189 0.2528039 0.6259189 0.249159 0.6338979 0.2370035 0.6411013 0.230569 0.6392292 0.230569 0.6392292 0.2253804 0.5991165 0.2253804 0.5991165 0.2308353 0.5937852 0.2525376 0.6259189 0.2488927 0.6338979 0.2488927 0.6338979 0.2251141 0.5991165 0.230569 0.5937852 0.230569 0.5937852 0.2540838 0.6165072 0.2540838 0.6165072 0.2528039 0.6259189 0.2217355 0.6070954 0.2217355 0.6070954 0.2253804 0.5991165 0.2525376 0.6259189 0.2525376 0.6259189 0.2538175 0.6165071 0.2214692 0.6070954 0.2251141 0.5991165 0.2251141 0.5991165 0.2528039 0.6070954 0.2528039 0.6070954 0.2540838 0.6165072 0.2217355 0.6070954 0.2204557 0.6165071 0.2204557 0.6165071 0.2538175 0.6165071 0.2538175 0.6165071 0.2525376 0.6070953 0.2214692 0.6070954 0.2214692 0.6070954 0.2201893 0.6165071 0.249159 0.5991164 0.249159 0.5991164 0.2528039 0.6070954 0.2204557 0.6165071 0.2217355 0.6259189 0.2217355 0.6259189 0.2525376 0.6070953 0.2525376 0.6070953 0.2488927 0.5991165 0.2201893 0.6165071 0.2201893 0.6165071 0.2214692 0.625919 0.2437041 0.5937851 0.2437041 0.5937851 0.249159 0.5991164 0.2253804 0.6338978 0.2253804 0.6338978 0.2217355 0.6259189 0.2434378 0.5937851 0.2488927 0.5991165 0.2488927 0.5991165 0.2372698 0.6411013 0.2437041 0.6392291 0.2437041 0.6392291 0.1091536 0.9487109 0.1091536 0.9487109 0.1091536 0.8841399 0.1138156 0.9558743 0.1704296 0.9558743 0.1704296 0.9558743 0.1162371 0.8769764 0.1138156 0.9558743 0.1704296 0.9558743 0.1734067 0.8823991 0.1734067 0.8823992 0.1734067 0.9504516 0.1091536 0.88414 0.1162371 0.8769764 0.1138156 0.9558743 0.1138156 0.9558743 0.1162371 0.8769764 0.1091536 0.8841399 0.1138156 0.9558743 0.1091536 0.9487109 0.1091536 0.9487109 0.1162371 0.8769764 0.1162371 0.8769764 0.1091536 0.88414 0.1162371 0.8769764 0.1162371 0.8769764 0.1688781 0.8769764 0.1704296 0.9558743 0.1688781 0.8769764 0.1734067 0.8823991 0.1734067 0.8823992 0.1688781 0.8769764 0.1704296 0.9558743 0.1688781 0.8769764 0.1688781 0.8769764 0.1734067 0.8823992 0.1704296 0.9558743 0.1734067 0.9504517 0.1734067 0.9504516 0.1162371 0.8769764 0.1688781 0.8769764 0.1704296 0.9558743 0.3571264 0.6137018 0.3571264 0.6591952 0.3610142 0.6591952 0.3532386 0.6137018 0.3532386 0.6591952 0.3571264 0.6591952 0.3493508 0.6137018 0.3493508 0.6591952 0.3532386 0.6591952 0.3454631 0.6137018 0.3454631 0.6591952 0.3493508 0.6591952 0.3415754 0.6137018 0.3415754 0.6591952 0.3454631 0.6591952 0.3376876 0.6137018 0.3376876 0.6591952 0.3415754 0.6591952 0.3337998 0.6137018 0.3337998 0.6591952 0.3376876 0.6591952 0.3299121 0.6137018 0.3299121 0.6591952 0.3337998 0.6591952 0.3260244 0.6137018 0.3260244 0.6591952 0.3299121 0.6591952 0.3221366 0.6137018 0.3221366 0.6591952 0.3260244 0.6591952 0.3182488 0.6137018 0.3182488 0.6591952 0.3221366 0.6591952 0.314361 0.6137018 0.314361 0.6591952 0.3182488 0.6591952 0.3104733 0.6137018 0.3104733 0.6591952 0.314361 0.6591952 0.3065856 0.6137018 0.3065856 0.6591952 0.3104733 0.6591952 0.2437041 0.5937851 0.2372697 0.5919131 0.2372697 0.5919131 0.3026978 0.6137018 0.3026978 0.6591952 0.3065856 0.6591952 0.2988101 0.6137018 0.2988101 0.6591952 0.3026978 0.6591952 0.2251141 0.6338979 0.2214692 0.625919 0.2214692 0.625919 0.2466531 0.6496428 0.2372697 0.6523729 0.2372698 0.6411013 0.2370035 0.6411013 0.2370034 0.6523729 0.2463868 0.6496428 0.254608 0.6418681 0.2466531 0.6496428 0.2437041 0.6392291 0.2434378 0.6392291 0.2463868 0.6496428 0.2543418 0.6418681 0.2528039 0.6259189 0.2599233 0.6302324 0.254608 0.6418681 0.2543418 0.6418681 0.259657 0.6302324 0.2525376 0.6259189 0.2540838 0.6165072 0.2617898 0.6165071 0.2599233 0.6302324 0.259657 0.6302324 0.2615236 0.6165071 0.2538175 0.6165071 0.2599233 0.6027818 0.2617898 0.6165071 0.2540838 0.6165072 0.2538175 0.6165071 0.2615236 0.6165071 0.259657 0.6027818 0.254608 0.5911461 0.2599233 0.6027818 0.2528039 0.6070954 0.2525376 0.6070953 0.259657 0.6027818 0.2543418 0.5911461 0.2437041 0.5937851 0.2466531 0.5833714 0.254608 0.5911461 0.2543418 0.5911461 0.2463868 0.5833714 0.2434378 0.5937851 0.2372697 0.5806413 0.2466531 0.5833714 0.2437041 0.5937851 0.2434378 0.5937851 0.2463868 0.5833714 0.2370034 0.5806413 0.2308353 0.5937852 0.2278863 0.5833714 0.2372697 0.5806413 0.2370034 0.5806413 0.22762 0.5833714 0.230569 0.5937852 0.2253804 0.5991165 0.2199314 0.5911461 0.2278863 0.5833714 0.22762 0.5833714 0.219665 0.5911461 0.2251141 0.5991165 0.2146161 0.6027818 0.2199314 0.5911461 0.2253804 0.5991165 0.2251141 0.5991165 0.219665 0.5911461 0.2143498 0.6027818 0.2127497 0.6165071 0.2146161 0.6027818 0.2217355 0.6070954 0.2214692 0.6070954 0.2143498 0.6027818 0.2124832 0.6165071 0.2146161 0.6302324 0.2127497 0.6165071 0.2204557 0.6165071 0.2201893 0.6165071 0.2124832 0.6165071 0.2143498 0.6302324 0.2253804 0.6338978 0.2199314 0.6418681 0.2146161 0.6302324 0.2143498 0.6302324 0.219665 0.6418681 0.2251141 0.6338979 0.2308353 0.6392292 0.2278863 0.6496428 0.2199314 0.6418681 0.219665 0.6418681 0.22762 0.6496428 0.230569 0.6392292 0.2372698 0.6411013 0.2372697 0.6523729 0.2278863 0.6496428 0.22762 0.6496428 0.2370034 0.6523729 0.2370035 0.6411013 0.6000083 0.9900309 0.6093764 0.9873051 0.6173184 0.9795431 0.6173184 0.9795431 0.622625 0.9679263 0.6244885 0.9542233 0.6244885 0.9542233 0.622625 0.9405202 0.6000083 0.9184158 0.622625 0.9405202 0.6173184 0.9289036 0.6000083 0.9184158 0.6173184 0.9289036 0.6093764 0.9211415 0.6000083 0.9184158 0.6000083 0.9184158 0.5906401 0.9211416 0.5826981 0.9289036 0.5826981 0.9289036 0.5773915 0.9405204 0.6000083 0.9184158 0.5773915 0.9405204 0.575528 0.9542233 0.6000083 0.9184158 0.575528 0.9542233 0.5773915 0.9679265 0.5826981 0.9795433 0.5826981 0.9795433 0.5906401 0.9873052 0.575528 0.9542233 0.5906401 0.9873052 0.6000083 0.9900309 0.575528 0.9542233 0.6000083 0.9900309 0.6173184 0.9795431 0.6000083 0.9184158 0.6173184 0.9795431 0.6244885 0.9542233 0.6000083 0.9184158 0.6097641 0.9873051 0.6003962 0.9900309 0.5910278 0.9873052 0.5910278 0.9873052 0.5830858 0.9795431 0.5777792 0.9679263 0.5777792 0.9679263 0.5759157 0.9542233 0.5777792 0.9405204 0.5777792 0.9405204 0.5830859 0.9289036 0.5777792 0.9679263 0.5830859 0.9289036 0.5910278 0.9211416 0.5777792 0.9679263 0.5910278 0.9211416 0.6003959 0.9184158 0.6230129 0.9405204 0.6003959 0.9184158 0.6097641 0.9211415 0.6230129 0.9405204 0.6097641 0.9211415 0.6177061 0.9289034 0.6230129 0.9405204 0.6230129 0.9405204 0.6248763 0.9542234 0.6230127 0.9679263 0.6230127 0.9679263 0.6177061 0.9795433 0.6230129 0.9405204 0.6177061 0.9795433 0.6097641 0.9873051 0.6230129 0.9405204 0.6097641 0.9873051 0.5910278 0.9873052 0.5777792 0.9679263 0.6097641 0.9873051 0.5777792 0.9679263 0.6230129 0.9405204 0.2434378 0.6392291 0.2370035 0.6411013 0.2370035 0.6411013 0.2253804 0.6338978 0.2308353 0.6392292 0.2308353 0.6392292 0.2370034 0.591913 0.2370034 0.591913 0.2434378 0.5937851 0.2437041 0.6392291 0.249159 0.6338979 0.249159 0.6338979 0.230569 0.6392292 0.2251141 0.6338979 0.2251141 0.6338979 0.2372697 0.5919131 0.2372697 0.5919131 0.2308353 0.5937852 0.2488927 0.6338979 0.2488927 0.6338979 0.2434378 0.6392291 0.2308353 0.6392292 0.2372698 0.6411013 0.2372698 0.6411013 0.230569 0.5937852 0.2370034 0.591913 0.2370034 0.591913 0.249159 0.6338979 0.2528039 0.6259189 0.2528039 0.6259189 0.2370035 0.6411013 0.230569 0.6392292 0.230569 0.6392292 0.2308353 0.5937852 0.2308353 0.5937852 0.2253804 0.5991165 0.2525376 0.6259189 0.2525376 0.6259189 0.2488927 0.6338979 0.2251141 0.5991165 0.230569 0.5937852 0.230569 0.5937852 0.2528039 0.6259189 0.2540838 0.6165072 0.2540838 0.6165072 0.2253804 0.5991165 0.2253804 0.5991165 0.2217355 0.6070954 0.2538175 0.6165071 0.2525376 0.6259189 0.2525376 0.6259189 0.2214692 0.6070954 0.2251141 0.5991165 0.2251141 0.5991165 0.2540838 0.6165072 0.2528039 0.6070954 0.2528039 0.6070954 0.2217355 0.6070954 0.2204557 0.6165071 0.2204557 0.6165071 0.2525376 0.6070953 0.2525376 0.6070953 0.2538175 0.6165071 0.2201893 0.6165071 0.2201893 0.6165071 0.2214692 0.6070954 0.2528039 0.6070954 0.249159 0.5991164 0.249159 0.5991164 0.2204557 0.6165071 0.2204557 0.6165071 0.2217355 0.6259189 0.2488927 0.5991165 0.2488927 0.5991165 0.2525376 0.6070953 0.2214692 0.625919 0.2201893 0.6165071 0.2201893 0.6165071 0.249159 0.5991164 0.2437041 0.5937851 0.2437041 0.5937851 0.2217355 0.6259189 0.2253804 0.6338978 0.2253804 0.6338978 0.2434378 0.5937851 0.2434378 0.5937851 0.2488927 0.5991165 0.2372698 0.6411013 0.2372698 0.6411013 0.2437041 0.6392291 0.1091536 0.8841399 0.1091536 0.9487109 0.1091536 0.9487109 0.1138156 0.9558743 0.1138156 0.9558743 0.1704296 0.9558743 0.1162371 0.8769764 0.1688781 0.8769764 0.1704296 0.9558743 0.1734067 0.9504516 0.1734067 0.8823992 0.1734067 0.8823991 0.1138156 0.9558743 0.1162371 0.8769764 0.1091536 0.88414 0.1138156 0.9558743 0.1091536 0.9487109 0.1091536 0.8841399 0.1091536 0.9487109 0.1091536 0.9487109 0.1138156 0.9558743 0.1162371 0.8769764 0.1091536 0.8841399 0.1091536 0.88414 0.1688781 0.8769764 0.1162371 0.8769764 0.1162371 0.8769764 0.1704296 0.9558743 0.1734067 0.9504517 0.1734067 0.8823991 0.1704296 0.9558743 0.1688781 0.8769764 0.1734067 0.8823992 0.1688781 0.8769764 0.1734067 0.8823991 0.1734067 0.8823992 0.1734067 0.9504516 0.1734067 0.9504517 0.1704296 0.9558743 0.1162371 0.8769764 0.1138156 0.9558743 0.1704296 0.9558743 0.3610142 0.6591952 0.3571264 0.6591952 0.3571264 0.6137018 0.3571264 0.6591952 0.3532386 0.6591952 0.3532386 0.6137018 0.3532386 0.6591952 0.3493508 0.6591952 0.3493508 0.6137018 0.3493508 0.6591952 0.3454631 0.6591952 0.3454631 0.6137018 0.3454631 0.6591952 0.3415754 0.6591952 0.3415754 0.6137018 0.3415754 0.6591952 0.3376876 0.6591952 0.3376876 0.6137018 0.3376876 0.6591952 0.3337998 0.6591952 0.3337998 0.6137018 0.3337998 0.6591952 0.3299121 0.6591952 0.3299121 0.6137018 0.3299121 0.6591952 0.3260244 0.6591952 0.3260244 0.6137018 0.3260244 0.6591952 0.3221366 0.6591952 0.3221366 0.6137018 0.3221366 0.6591952 0.3182488 0.6591952 0.3182488 0.6137018 0.3182488 0.6591952 0.314361 0.6591952 0.314361 0.6137018 0.314361 0.6591952 0.3104733 0.6591952 0.3104733 0.6137018 0.3104733 0.6591952 0.3065856 0.6591952 0.3065856 0.6137018 0.2372697 0.5919131 0.2372697 0.5919131 0.2437041 0.5937851 0.3065856 0.6591952 0.3026978 0.6591952 0.3026978 0.6137018 0.3026978 0.6591952 0.2988101 0.6591952 0.2988101 0.6137018 0.2251141 0.6338979 0.2214692 0.625919 0.2214692 0.625919 0.2372698 0.6411013 0.2372697 0.6523729 0.2466531 0.6496428 0.2370035 0.6411013 0.2434378 0.6392291 0.2463868 0.6496428 0.249159 0.6338979 0.2437041 0.6392291 0.2466531 0.6496428 0.2488927 0.6338979 0.2543418 0.6418681 0.2463868 0.6496428 0.2528039 0.6259189 0.249159 0.6338979 0.254608 0.6418681 0.2525376 0.6259189 0.259657 0.6302324 0.2543418 0.6418681 0.2528039 0.6259189 0.2599233 0.6302324 0.2617898 0.6165071 0.2525376 0.6259189 0.2538175 0.6165071 0.2615236 0.6165071 0.2528039 0.6070954 0.2540838 0.6165072 0.2617898 0.6165071 0.2525376 0.6070953 0.259657 0.6027818 0.2615236 0.6165071 0.2528039 0.6070954 0.2599233 0.6027818 0.254608 0.5911461 0.2525376 0.6070953 0.2488927 0.5991165 0.2543418 0.5911461 0.249159 0.5991164 0.254608 0.5911461 0.2466531 0.5833714 0.2488927 0.5991165 0.2434378 0.5937851 0.2463868 0.5833714 0.2372697 0.5919131 0.2437041 0.5937851 0.2466531 0.5833714 0.2370034 0.591913 0.2370034 0.5806413 0.2463868 0.5833714 0.2308353 0.5937852 0.2372697 0.5919131 0.2372697 0.5806413 0.230569 0.5937852 0.22762 0.5833714 0.2370034 0.5806413 0.2253804 0.5991165 0.2308353 0.5937852 0.2278863 0.5833714 0.2251141 0.5991165 0.219665 0.5911461 0.22762 0.5833714 0.2217355 0.6070954 0.2253804 0.5991165 0.2199314 0.5911461 0.2214692 0.6070954 0.2143498 0.6027818 0.219665 0.5911461 0.2204557 0.6165071 0.2217355 0.6070954 0.2146161 0.6027818 0.2201893 0.6165071 0.2124832 0.6165071 0.2143498 0.6027818 0.2217355 0.6259189 0.2204557 0.6165071 0.2127497 0.6165071 0.2214692 0.625919 0.2143498 0.6302324 0.2124832 0.6165071 0.2217355 0.6259189 0.2146161 0.6302324 0.2199314 0.6418681 0.2214692 0.625919 0.2251141 0.6338979 0.219665 0.6418681 0.2308353 0.6392292 0.2253804 0.6338978 0.2199314 0.6418681 0.230569 0.6392292 0.22762 0.6496428 0.219665 0.6418681 0.2372698 0.6411013 0.2308353 0.6392292 0.2278863 0.6496428 0.2370035 0.6411013 0.2370034 0.6523729 0.22762 0.6496428 0.6173184 0.9795431 0.6093764 0.9873051 0.6000083 0.9900309 0.6000083 0.9900309 0.5906401 0.9873052 0.6173184 0.9795431 0.5906401 0.9873052 0.5826981 0.9795433 0.6173184 0.9795431 0.5826981 0.9795433 0.5773915 0.9679265 0.575528 0.9542233 0.575528 0.9542233 0.5773915 0.9405204 0.5826981 0.9795433 0.5773915 0.9405204 0.5826981 0.9289036 0.5826981 0.9795433 0.5826981 0.9289036 0.5906401 0.9211416 0.6173184 0.9289036 0.5906401 0.9211416 0.6000083 0.9184158 0.6173184 0.9289036 0.6000083 0.9184158 0.6093764 0.9211415 0.6173184 0.9289036 0.6173184 0.9289036 0.622625 0.9405202 0.6244885 0.9542233 0.6244885 0.9542233 0.622625 0.9679263 0.6173184 0.9289036 0.622625 0.9679263 0.6173184 0.9795431 0.6173184 0.9289036 0.6173184 0.9795431 0.5826981 0.9795433 0.5826981 0.9289036 0.5910278 0.9873052 0.6003962 0.9900309 0.6097641 0.9873051 0.6097641 0.9873051 0.6177061 0.9795433 0.5910278 0.9873052 0.6177061 0.9795433 0.6230127 0.9679263 0.5910278 0.9873052 0.6230127 0.9679263 0.6248763 0.9542234 0.6230129 0.9405204 0.6230129 0.9405204 0.6177061 0.9289034 0.6230127 0.9679263 0.6177061 0.9289034 0.6097641 0.9211415 0.6230127 0.9679263 0.6097641 0.9211415 0.6003959 0.9184158 0.5910278 0.9211416 0.5910278 0.9211416 0.5830859 0.9289036 0.5777792 0.9405204 0.5777792 0.9405204 0.5759157 0.9542233 0.5777792 0.9679263 0.5777792 0.9679263 0.5830858 0.9795431 0.5910278 0.9873052 0.6097641 0.9211415 0.5910278 0.9211416 0.5777792 0.9405204 0.5777792 0.9405204 0.5777792 0.9679263 0.5910278 0.9873052 0.5910278 0.9873052 0.6230127 0.9679263 0.5777792 0.9405204 0.2370035 0.6411013 0.2370035 0.6411013 0.2434378 0.6392291 0.2308353 0.6392292 0.2308353 0.6392292 0.2253804 0.6338978 0.2370034 0.591913 0.2434378 0.5937851 0.2434378 0.5937851 0.249159 0.6338979 0.249159 0.6338979 0.2437041 0.6392291 0.230569 0.6392292 0.2251141 0.6338979 0.2251141 0.6338979 0.2372697 0.5919131 0.2308353 0.5937852 0.2308353 0.5937852 0.2488927 0.6338979 0.2434378 0.6392291 0.2434378 0.6392291 0.2372698 0.6411013 0.2372698 0.6411013 0.2308353 0.6392292 0.2370034 0.591913 0.2370034 0.591913 0.230569 0.5937852 0.2528039 0.6259189 0.2528039 0.6259189 0.249159 0.6338979 0.2370035 0.6411013 0.230569 0.6392292 0.230569 0.6392292 0.2253804 0.5991165 0.2253804 0.5991165 0.2308353 0.5937852 0.2525376 0.6259189 0.2488927 0.6338979 0.2488927 0.6338979 0.2251141 0.5991165 0.230569 0.5937852 0.230569 0.5937852 0.2540838 0.6165072 0.2540838 0.6165072 0.2528039 0.6259189 0.2217355 0.6070954 0.2217355 0.6070954 0.2253804 0.5991165 0.2525376 0.6259189 0.2525376 0.6259189 0.2538175 0.6165071 0.2214692 0.6070954 0.2251141 0.5991165 0.2251141 0.5991165 0.2528039 0.6070954 0.2528039 0.6070954 0.2540838 0.6165072 0.2204557 0.6165071 0.2204557 0.6165071 0.2217355 0.6070954 0.2525376 0.6070953 0.2538175 0.6165071 0.2538175 0.6165071 0.2201893 0.6165071 0.2214692 0.6070954 0.2214692 0.6070954 0.249159 0.5991164 0.249159 0.5991164 0.2528039 0.6070954 0.2204557 0.6165071 0.2217355 0.6259189 0.2217355 0.6259189 0.2488927 0.5991165 0.2525376 0.6070953 0.2525376 0.6070953 0.2201893 0.6165071 0.2201893 0.6165071 0.2214692 0.625919 0.2437041 0.5937851 0.2437041 0.5937851 0.249159 0.5991164 0.2253804 0.6338978 0.2253804 0.6338978 0.2217355 0.6259189 0.2434378 0.5937851 0.2488927 0.5991165 0.2488927 0.5991165 0.2372698 0.6411013 0.2437041 0.6392291 0.2437041 0.6392291 0.1091536 0.9487109 0.1091536 0.9487109 0.1091536 0.8841399 0.1138156 0.9558743 0.1704296 0.9558743 0.1704296 0.9558743 0.1162371 0.8769764 0.1138156 0.9558743 0.1704296 0.9558743 0.1734067 0.8823991 0.1734067 0.8823992 0.1734067 0.9504516 0.1091536 0.88414 0.1162371 0.8769764 0.1138156 0.9558743 0.1138156 0.9558743 0.1162371 0.8769764 0.1091536 0.8841399 0.1138156 0.9558743 0.1091536 0.9487109 0.1091536 0.9487109 0.1162371 0.8769764 0.1162371 0.8769764 0.1091536 0.88414 0.1162371 0.8769764 0.1162371 0.8769764 0.1688781 0.8769764 0.1704296 0.9558743 0.1688781 0.8769764 0.1734067 0.8823991 0.1734067 0.8823992 0.1688781 0.8769764 0.1704296 0.9558743 0.1688781 0.8769764 0.1688781 0.8769764 0.1734067 0.8823992 0.1704296 0.9558743 0.1734067 0.9504517 0.1734067 0.9504516 0.1162371 0.8769764 0.1688781 0.8769764 0.1704296 0.9558743 0.3571264 0.6137018 0.3571264 0.6591952 0.3610142 0.6591952 0.3532386 0.6137018 0.3532386 0.6591952 0.3571264 0.6591952 0.3493508 0.6137018 0.3493508 0.6591952 0.3532386 0.6591952 0.3454631 0.6137018 0.3454631 0.6591952 0.3493508 0.6591952 0.3415754 0.6137018 0.3415754 0.6591952 0.3454631 0.6591952 0.3376876 0.6137018 0.3376876 0.6591952 0.3415754 0.6591952 0.3337998 0.6137018 0.3337998 0.6591952 0.3376876 0.6591952 0.3299121 0.6137018 0.3299121 0.6591952 0.3337998 0.6591952 0.3260244 0.6137018 0.3260244 0.6591952 0.3299121 0.6591952 0.3221366 0.6137018 0.3221366 0.6591952 0.3260244 0.6591952 0.3182488 0.6137018 0.3182488 0.6591952 0.3221366 0.6591952 0.314361 0.6137018 0.314361 0.6591952 0.3182488 0.6591952 0.3104733 0.6137018 0.3104733 0.6591952 0.314361 0.6591952 0.3065856 0.6137018 0.3065856 0.6591952 0.3104733 0.6591952 0.2437041 0.5937851 0.2372697 0.5919131 0.2372697 0.5919131 0.3026978 0.6137018 0.3026978 0.6591952 0.3065856 0.6591952 0.2988101 0.6137018 0.2988101 0.6591952 0.3026978 0.6591952 0.2251141 0.6338979 0.2251141 0.6338979 0.2214692 0.625919 0.2466531 0.6496428 0.2372697 0.6523729 0.2372698 0.6411013 0.2370035 0.6411013 0.2370034 0.6523729 0.2463868 0.6496428 0.254608 0.6418681 0.2466531 0.6496428 0.2437041 0.6392291 0.2434378 0.6392291 0.2463868 0.6496428 0.2543418 0.6418681 0.2528039 0.6259189 0.2599233 0.6302324 0.254608 0.6418681 0.2543418 0.6418681 0.259657 0.6302324 0.2525376 0.6259189 0.2617898 0.6165071 0.2599233 0.6302324 0.2528039 0.6259189 0.2525376 0.6259189 0.259657 0.6302324 0.2615236 0.6165071 0.2599233 0.6027818 0.2617898 0.6165071 0.2540838 0.6165072 0.2538175 0.6165071 0.2615236 0.6165071 0.259657 0.6027818 0.254608 0.5911461 0.2599233 0.6027818 0.2528039 0.6070954 0.2525376 0.6070953 0.259657 0.6027818 0.2543418 0.5911461 0.2437041 0.5937851 0.2466531 0.5833714 0.254608 0.5911461 0.2543418 0.5911461 0.2463868 0.5833714 0.2434378 0.5937851 0.2372697 0.5806413 0.2466531 0.5833714 0.2437041 0.5937851 0.2434378 0.5937851 0.2463868 0.5833714 0.2370034 0.5806413 0.2308353 0.5937852 0.2278863 0.5833714 0.2372697 0.5806413 0.2370034 0.5806413 0.22762 0.5833714 0.230569 0.5937852 0.2253804 0.5991165 0.2199314 0.5911461 0.2278863 0.5833714 0.22762 0.5833714 0.219665 0.5911461 0.2251141 0.5991165 0.2146161 0.6027818 0.2199314 0.5911461 0.2253804 0.5991165 0.2251141 0.5991165 0.219665 0.5911461 0.2143498 0.6027818 0.2127497 0.6165071 0.2146161 0.6027818 0.2217355 0.6070954 0.2214692 0.6070954 0.2143498 0.6027818 0.2124832 0.6165071 0.2146161 0.6302324 0.2127497 0.6165071 0.2204557 0.6165071 0.2201893 0.6165071 0.2124832 0.6165071 0.2143498 0.6302324 0.2253804 0.6338978 0.2199314 0.6418681 0.2146161 0.6302324 0.2143498 0.6302324 0.219665 0.6418681 0.2251141 0.6338979 0.2308353 0.6392292 0.2278863 0.6496428 0.2199314 0.6418681 0.219665 0.6418681 0.22762 0.6496428 0.230569 0.6392292 0.2372698 0.6411013 0.2372697 0.6523729 0.2278863 0.6496428 0.22762 0.6496428 0.2370034 0.6523729 0.2370035 0.6411013 0.6000083 0.9900309 0.6093764 0.9873051 0.6173184 0.9795431 0.6173184 0.9795431 0.622625 0.9679263 0.6244885 0.9542233 0.6244885 0.9542233 0.622625 0.9405202 0.6173184 0.9289036 0.6173184 0.9289036 0.6093764 0.9211415 0.6000083 0.9184158 0.6000083 0.9184158 0.5906401 0.9211416 0.5826981 0.9289036 0.5826981 0.9289036 0.5773915 0.9405204 0.6000083 0.9184158 0.5773915 0.9405204 0.575528 0.9542233 0.6000083 0.9184158 0.575528 0.9542233 0.5773915 0.9679265 0.6000083 0.9900309 0.5773915 0.9679265 0.5826981 0.9795433 0.6000083 0.9900309 0.5826981 0.9795433 0.5906401 0.9873052 0.6000083 0.9900309 0.6000083 0.9900309 0.6173184 0.9795431 0.6244885 0.9542233 0.6244885 0.9542233 0.6173184 0.9289036 0.6000083 0.9900309 0.6173184 0.9289036 0.6000083 0.9184158 0.6000083 0.9900309 0.6097641 0.9873051 0.6003962 0.9900309 0.5910278 0.9873052 0.5910278 0.9873052 0.5830858 0.9795431 0.5777792 0.9679263 0.5777792 0.9679263 0.5759157 0.9542233 0.5777792 0.9405204 0.5777792 0.9405204 0.5830859 0.9289036 0.5777792 0.9679263 0.5830859 0.9289036 0.5910278 0.9211416 0.5777792 0.9679263 0.5910278 0.9211416 0.6003959 0.9184158 0.6097641 0.9211415 0.6097641 0.9211415 0.6177061 0.9289034 0.5910278 0.9211416 0.6177061 0.9289034 0.6230129 0.9405204 0.5910278 0.9211416 0.6230129 0.9405204 0.6248763 0.9542234 0.6230127 0.9679263 0.6230127 0.9679263 0.6177061 0.9795433 0.6230129 0.9405204 0.6177061 0.9795433 0.6097641 0.9873051 0.6230129 0.9405204 0.6097641 0.9873051 0.5910278 0.9873052 0.5777792 0.9679263 0.6097641 0.9873051 0.5777792 0.9679263 0.6230129 0.9405204 0.2434378 0.6392291 0.2370035 0.6411013 0.2370035 0.6411013 0.2253804 0.6338978 0.2308353 0.6392292 0.2308353 0.6392292 0.2370034 0.591913 0.2370034 0.591913 0.2434378 0.5937851 0.2437041 0.6392291 0.249159 0.6338979 0.249159 0.6338979 0.230569 0.6392292 0.230569 0.6392292 0.2251141 0.6338979 0.2372697 0.5919131 0.2372697 0.5919131 0.2308353 0.5937852 0.2488927 0.6338979 0.2488927 0.6338979 0.2434378 0.6392291 0.2308353 0.6392292 0.2372698 0.6411013 0.2372698 0.6411013 0.230569 0.5937852 0.2370034 0.591913 0.2370034 0.591913 0.249159 0.6338979 0.2528039 0.6259189 0.2528039 0.6259189 0.2370035 0.6411013 0.230569 0.6392292 0.230569 0.6392292 0.2308353 0.5937852 0.2308353 0.5937852 0.2253804 0.5991165 0.2525376 0.6259189 0.2525376 0.6259189 0.2488927 0.6338979 0.2251141 0.5991165 0.230569 0.5937852 0.230569 0.5937852 0.2528039 0.6259189 0.2540838 0.6165072 0.2540838 0.6165072 0.2253804 0.5991165 0.2253804 0.5991165 0.2217355 0.6070954 0.2538175 0.6165071 0.2525376 0.6259189 0.2525376 0.6259189 0.2214692 0.6070954 0.2251141 0.5991165 0.2251141 0.5991165 0.2540838 0.6165072 0.2528039 0.6070954 0.2528039 0.6070954 0.2217355 0.6070954 0.2217355 0.6070954 0.2204557 0.6165071 0.2525376 0.6070953 0.2538175 0.6165071 0.2538175 0.6165071 0.2201893 0.6165071 0.2214692 0.6070954 0.2214692 0.6070954 0.2528039 0.6070954 0.249159 0.5991164 0.249159 0.5991164 0.2204557 0.6165071 0.2217355 0.6259189 0.2217355 0.6259189 0.2488927 0.5991165 0.2525376 0.6070953 0.2525376 0.6070953 0.2214692 0.625919 0.2214692 0.625919 0.2201893 0.6165071 0.249159 0.5991164 0.2437041 0.5937851 0.2437041 0.5937851 0.2217355 0.6259189 0.2253804 0.6338978 0.2253804 0.6338978 0.2434378 0.5937851 0.2434378 0.5937851 0.2488927 0.5991165 0.2372698 0.6411013 0.2372698 0.6411013 0.2437041 0.6392291</float_array>
          <technique_common>
            <accessor source="#Cube_011-mesh-map-0-array" count="3426" stride="2">
              <param name="S" type="float"/>
              <param name="T" type="float"/>
            </accessor>
          </technique_common>
        </source>
        <source id="Cube_011-mesh-map-1">
          <float_array id="Cube_011-mesh-map-1-array" count="6852">0.3089164 0.6731615 0.1299772 0.6932732 0.1299772 0.6548156 0.127002 0.1998733 0.1668905 0.2287205 0.1345442 0.2287205 0.3089164 0.7116191 0.4150226 0.6751213 0.3089164 0.6731615 0.2788548 0.8950648 0.2160577 0.8883044 0.2160577 0.8883044 0.1734067 0.9558743 0.2115072 0.8826577 0.1734067 0.8769764 0.1091536 0.9558743 0.1734067 0.8769764 0.1091536 0.8769764 0.1145488 0.1553036 0.186886 0.04511338 0.186886 0.1553036 0.1299772 0.6932732 0.3089164 0.6731615 0.1299772 0.6548156 0.4150226 0.6751213 0.3089164 0.7116191 0.3089164 0.6731615 0.2421156 0.8513027 0.2160577 0.8883044 0.2421156 0.8513027 0.07465022 0.6169216 0.05051547 0.5881733 0.09194028 0.5720086 0.3934725 0.8198688 0.3384106 0.8015973 0.3934725 0.7953301 0.3354032 0.8178632 0.3051745 0.826696 0.3384106 0.8015973 0.264405 0.5561891 0.2193651 0.6119828 0.2084246 0.5561891 0.2193651 0.6119828 0.2474801 0.6663147 0.2253494 0.6663147 0.2189262 0.6487762 0.1037966 0.6848332 0.08700573 0.6487758 0.4764373 0.1883572 0.504772 0.1536836 0.4804879 0.1542849 0.4870322 0.1711688 0.504772 0.1536836 0.5046597 0.1495141 0.1280948 0.5481868 0.1052916 0.5501571 0.1280948 0.5314058 0.4870323 0.1711688 0.504772 0.1536836 0.4869702 0.189282 0.0575999 0.5953912 0.01075452 0.5724209 0.05760002 0.6181237 0.05760002 0.5779002 0.01075452 0.557625 0.0575999 0.5953912 0.05760002 0.5577886 0.01075452 0.542829 0.05760002 0.5779002 0.05760002 0.5368033 0.01075452 0.5350914 0.05760002 0.5577886 0.1280948 0.6325461 0.1052916 0.630576 0.1052916 0.6191318 0.05760002 0.5368033 0.01075452 0.5350914 0.01075452 0.5270176 0.05760002 0.5577886 0.01075452 0.542829 0.01075452 0.5350914 0.05760002 0.5779002 0.01075452 0.557625 0.01075452 0.542829 0.0575999 0.5953912 0.01075452 0.5724209 0.01075452 0.557625 0.235643 0.538129 0.09382009 0.5188631 0.2121119 0.5188631 0.2378836 0.5578046 0.07028907 0.538129 0.235643 0.538129 0.2376361 0.5766611 0.06804823 0.5578046 0.2378836 0.5578046 0.2290068 0.6127187 0.06829595 0.5766611 0.2376361 0.5766611 0.2189262 0.6487762 0.07692497 0.6127185 0.2290068 0.6127187 0.3414174 0.7853315 0.3051745 0.7892938 0.3444247 0.7690656 0.3384106 0.8015973 0.3051745 0.8079949 0.3414174 0.7853315 0.3354032 0.8178632 0.3051745 0.826696 0.2788548 0.8950648 0.3384106 0.8015973 0.3051745 0.8079949 0.3051745 0.826696 0.3414174 0.7853315 0.3051745 0.7892938 0.3051745 0.8079949 0.3934725 0.8198688 0.3384106 0.8015973 0.3354032 0.8178632 0.3934725 0.7953301 0.3414174 0.7853315 0.3384106 0.8015973 0.07465022 0.6169216 0.05051547 0.5881733 0.03339737 0.6124805 0.3051745 0.826696 0.2435513 0.8327261 0.2421156 0.8513027 0.3051745 0.8079949 0.2449872 0.8141492 0.2435513 0.8327261 0.3600016 0.5072833 0.3089164 0.5577886 0.3600016 0.5314825 0.3600016 0.5314825 0.3089164 0.5368033 0.3600016 0.5153254 0.3089164 0.4965984 0.3600016 0.5153254 0.3089164 0.5368033 0.3051745 0.8079949 0.2449872 0.8141492 0.3051745 0.7892938 0.3051745 0.826696 0.2435513 0.8327261 0.3051745 0.8079949 0.3444247 0.7690656 0.3089164 0.5962463 0.3600016 0.5072833 0.3444247 0.7690656 0.3414174 0.7853315 0.4150226 0.6498718 0.3444247 0.7690656 0.3600016 0.5072833 0.3934725 0.7953301 0.2449872 0.8141492 0.2435513 0.8327261 0.2449872 0.8141492 0.2435513 0.8327261 0.2421156 0.8513027 0.2435513 0.8327261 0.4150226 0.6498718 0.3089164 0.6731615 0.3089164 0.6347039 0.2222326 0.4843709 0.3600016 0.5153254 0.3600016 0.4843709 0.2222326 0.5314825 0.3600016 0.5153254 0.2222326 0.5153254 0.2222326 0.5469669 0.3600016 0.5314825 0.2222326 0.5314825 0.2222326 0.5227677 0.3600016 0.5072833 0.2222326 0.4931584 0.2222326 0.5523771 0.3600016 0.5368927 0.2222326 0.5227677 0.3089164 0.5368033 0.1299772 0.4965984 0.3089164 0.4965984 0.3089164 0.5368033 0.1299772 0.5577886 0.1299772 0.5368033 0.3089164 0.5577886 0.1299772 0.5779002 0.1299772 0.5577886 0.3089164 0.5962463 0.1299772 0.6163579 0.1299772 0.5779002 0.3089164 0.6347039 0.1299772 0.6548156 0.1299772 0.6163579 0.4378738 0.09861004 0.3092182 0.1688745 0.298418 0.1311947 0.1299772 0.6163579 0.05760002 0.5779002 0.1299772 0.5779002 0.1299772 0.5779002 0.05760002 0.5577886 0.1299772 0.5577886 0.1299772 0.5368033 0.05760002 0.5577886 0.05760002 0.5368033 0.1299772 0.4965984 0.05760002 0.5368033 0.05760002 0.5088405 0.2791764 0.511258 0.2234517 0.527415 0.2791764 0.527415 0.2791764 0.5428994 0.2234517 0.527415 0.2234517 0.5428994 0.2791764 0.5725088 0.2234517 0.5428994 0.2234517 0.556366 0.4378738 0.09861004 0.3092182 0.1688745 0.4398754 0.1623543 0.4398754 0.1623543 0.3220661 0.2326188 0.441877 0.2260988 0.2791764 0.4803035 0.2234517 0.511258 0.2791764 0.511258 0.4398754 0.1623543 0.3220661 0.2326188 0.3092182 0.1688745 0.1091536 0.8769764 0.08316451 0.9422916 0.1091536 0.9558743 0.1145488 0.1553036 0.1744326 0.1998733 0.127002 0.1998733 0.3014389 0.5218649 0.3304735 0.5182957 0.3022625 0.5182957 0.3262023 0.5157765 0.3286101 0.5182957 0.3286101 0.5089112 0.3262023 0.5157765 0.3286101 0.5182957 0.3263069 0.5214111 0.3262023 0.5157765 0.3041259 0.5378986 0.3286101 0.5089112 0.3262023 0.5157765 0.3041259 0.5378986 0.3066829 0.5395187 0.306683 0.5395187 0.3041259 0.5622906 0.3041259 0.5378986 0.3066829 0.5395187 0.3041259 0.5622906 0.3066293 0.5594097 0.2966847 0.5587214 0.3370515 0.5622906 0.3360514 0.5587214 0.504772 0.1536836 0.4808005 0.1528925 0.4804879 0.1542849 0.5046597 0.1495141 0.5056685 0.1524388 0.5055639 0.1468041 0.5046597 0.1495141 0.5056684 0.1524388 0.504772 0.1536836 0.4870323 0.1711688 0.5055639 0.1468041 0.5046597 0.1495141 0.4870322 0.1711688 0.5055639 0.1468041 0.4860445 0.1705464 0.4869702 0.189282 0.4860445 0.1705464 0.4870323 0.1711688 0.4869703 0.1892821 0.4860445 0.1705464 0.4859908 0.1904374 0.5148335 0.1883416 0.4760463 0.189749 0.5154129 0.189749 0.1290162 0.1553036 0.1145488 0.04511338 0.1290162 0.04511338 0.186886 0.1553036 0.1724185 0.04511338 0.186886 0.04511338 0.1724185 0.04511338 0.186886 0.04511338 0.1724185 0.04511338 0.186886 0.1553036 0.1724185 0.04511338 0.1724185 0.1553036 0.1290162 0.1553036 0.1145488 0.04511338 0.1145488 0.1553036 0.1724185 0.1553036 0.1724185 0.04511338 0.1724185 0.1553036 0.1145488 0.1553036 0.1145488 0.04511338 0.1145488 0.1553036 0.1145488 0.04511338 0.1290162 0.04511338 0.1145488 0.04511338 0.1290162 0.04511338 0.1290162 0.1553036 0.1290162 0.04511338 0.1290162 0.1553036 0.1145488 0.1553036 0.1290162 0.1553036 0.186886 0.04511338 0.186886 0.1553036 0.186886 0.04511338 0.186886 0.1553036 0.1724185 0.1553036 0.186886 0.1553036 0.3051745 0.8079949 0.2449872 0.8141492 0.2435513 0.8327261 0.3051745 0.8079949 0.2449872 0.8141492 0.3051745 0.7892938 0.1091536 0.9487109 0.1091536 0.8841399 0.1091536 0.88414 0.1138156 0.9558743 0.1704296 0.9558743 0.1138156 0.9558743 0.1162371 0.8769764 0.1704296 0.9558743 0.1688781 0.8769764 0.1734067 0.8823991 0.1734067 0.9504516 0.1734067 0.9504517 0.1091536 0.88414 0.1138156 0.9558743 0.1091536 0.9487109 0.1138156 0.9558743 0.1091536 0.8841399 0.1091536 0.9487109 0.1138156 0.9558743 0.1091536 0.9487109 0.1138156 0.9558743 0.1162371 0.8769764 0.1091536 0.88414 0.1091536 0.8841399 0.1162371 0.8769764 0.1688781 0.8769764 0.1688781 0.8769764 0.1688781 0.8769764 0.1734067 0.9504517 0.1704296 0.9558743 0.1734067 0.8823992 0.1704296 0.9558743 0.1734067 0.9504516 0.1688781 0.8769764 0.1734067 0.8823992 0.1734067 0.8823991 0.1704296 0.9558743 0.1734067 0.9504516 0.1704296 0.9558743 0.1162371 0.8769764 0.1704296 0.9558743 0.1138156 0.9558743 0.1091536 0.8841399 0.1091536 0.9487109 0.1091536 0.88414 0.1138156 0.9558743 0.1704296 0.9558743 0.1704296 0.9558743 0.1162371 0.8769764 0.1704296 0.9558743 0.1138156 0.9558743 0.1734067 0.9504516 0.1734067 0.8823991 0.1734067 0.9504517 0.1138156 0.9558743 0.1091536 0.88414 0.1091536 0.9487109 0.1138156 0.9558743 0.1091536 0.8841399 0.1162371 0.8769764 0.1091536 0.9487109 0.1138156 0.9558743 0.1138156 0.9558743 0.1162371 0.8769764 0.1091536 0.88414 0.1162371 0.8769764 0.1688781 0.8769764 0.1162371 0.8769764 0.1688781 0.8769764 0.1734067 0.9504517 0.1688781 0.8769764 0.1704296 0.9558743 0.1704296 0.9558743 0.1734067 0.8823992 0.1734067 0.9504516 0.1688781 0.8769764 0.1734067 0.8823992 0.1688781 0.8769764 0.1734067 0.9504516 0.1704296 0.9558743 0.1704296 0.9558743 0.1162371 0.8769764 0.1704296 0.9558743 0.1688781 0.8769764 0.1091536 0.8841399 0.1091536 0.9487109 0.1091536 0.88414 0.1138156 0.9558743 0.1704296 0.9558743 0.1704296 0.9558743 0.1162371 0.8769764 0.1704296 0.9558743 0.1138156 0.9558743 0.1734067 0.9504516 0.1734067 0.8823991 0.1734067 0.9504517 0.1138156 0.9558743 0.1091536 0.88414 0.1091536 0.9487109 0.1138156 0.9558743 0.1091536 0.8841399 0.1162371 0.8769764 0.1091536 0.9487109 0.1138156 0.9558743 0.1138156 0.9558743 0.1162371 0.8769764 0.1091536 0.88414 0.1162371 0.8769764 0.1688781 0.8769764 0.1162371 0.8769764 0.1688781 0.8769764 0.1704296 0.9558743 0.1734067 0.8823991 0.1688781 0.8769764 0.1704296 0.9558743 0.1734067 0.8823992 0.1734067 0.9504516 0.1688781 0.8769764 0.1734067 0.8823992 0.1688781 0.8769764 0.1734067 0.9504516 0.1704296 0.9558743 0.1704296 0.9558743 0.1162371 0.8769764 0.1704296 0.9558743 0.1688781 0.8769764 0.3610142 0.6591952 0.3571264 0.6137018 0.3610142 0.6137018 0.3571264 0.6591952 0.3532386 0.6137018 0.3571264 0.6137018 0.3532386 0.6591952 0.3493508 0.6137018 0.3532386 0.6137018 0.3493508 0.6591952 0.3454631 0.6137018 0.3493508 0.6137018 0.3454631 0.6591952 0.3415754 0.6137018 0.3454631 0.6137018 0.3415754 0.6591952 0.3376876 0.6137018 0.3415754 0.6137018 0.3376876 0.6591952 0.3337998 0.6137018 0.3376876 0.6137018 0.3337998 0.6591952 0.3299121 0.6137018 0.3337998 0.6137018 0.3299121 0.6591952 0.3260244 0.6137018 0.3299121 0.6137018 0.3260244 0.6591952 0.3221366 0.6137018 0.3260244 0.6137018 0.3221366 0.6591952 0.3182488 0.6137018 0.3221366 0.6137018 0.3182488 0.6591952 0.314361 0.6137018 0.3182488 0.6137018 0.314361 0.6591952 0.3104733 0.6137018 0.314361 0.6137018 0.3104733 0.6591952 0.3065856 0.6137018 0.3104733 0.6137018 0.2372697 0.5919131 0.2437041 0.5937851 0.2437041 0.5937851 0.3065856 0.6591952 0.3026978 0.6137018 0.3065856 0.6137018 0.3026978 0.6591952 0.2988101 0.6137018 0.3026978 0.6137018 0.2214692 0.625919 0.2251141 0.6338979 0.2251141 0.6338979 0.2372698 0.6411013 0.2466531 0.6496428 0.2437041 0.6392291 0.2370035 0.6411013 0.2463868 0.6496428 0.2370034 0.6523729 0.249159 0.6338979 0.2466531 0.6496428 0.254608 0.6418681 0.2488927 0.6338979 0.2463868 0.6496428 0.2434378 0.6392291 0.2528039 0.6259189 0.254608 0.6418681 0.2599233 0.6302324 0.2525376 0.6259189 0.2543418 0.6418681 0.2488927 0.6338979 0.2528039 0.6259189 0.2617898 0.6165071 0.2540838 0.6165072 0.2525376 0.6259189 0.2615236 0.6165071 0.259657 0.6302324 0.2528039 0.6070954 0.2617898 0.6165071 0.2599233 0.6027818 0.2525376 0.6070953 0.2615236 0.6165071 0.2538175 0.6165071 0.2528039 0.6070954 0.254608 0.5911461 0.249159 0.5991164 0.2525376 0.6070953 0.2543418 0.5911461 0.259657 0.6027818 0.249159 0.5991164 0.2466531 0.5833714 0.2437041 0.5937851 0.2434378 0.5937851 0.2543418 0.5911461 0.2488927 0.5991165 0.2372697 0.5919131 0.2466531 0.5833714 0.2372697 0.5806413 0.2370034 0.591913 0.2463868 0.5833714 0.2434378 0.5937851 0.2308353 0.5937852 0.2372697 0.5806413 0.2278863 0.5833714 0.230569 0.5937852 0.2370034 0.5806413 0.2370034 0.591913 0.2253804 0.5991165 0.2278863 0.5833714 0.2199314 0.5911461 0.2251141 0.5991165 0.22762 0.5833714 0.230569 0.5937852 0.2253804 0.5991165 0.2146161 0.6027818 0.2217355 0.6070954 0.2251141 0.5991165 0.2143498 0.6027818 0.219665 0.5911461 0.2204557 0.6165071 0.2146161 0.6027818 0.2127497 0.6165071 0.2201893 0.6165071 0.2143498 0.6027818 0.2214692 0.6070954 0.2217355 0.6259189 0.2127497 0.6165071 0.2146161 0.6302324 0.2214692 0.625919 0.2124832 0.6165071 0.2201893 0.6165071 0.2217355 0.6259189 0.2199314 0.6418681 0.2253804 0.6338978 0.2214692 0.625919 0.219665 0.6418681 0.2143498 0.6302324 0.2308353 0.6392292 0.2199314 0.6418681 0.2278863 0.6496428 0.230569 0.6392292 0.219665 0.6418681 0.2251141 0.6338979 0.2372698 0.6411013 0.2278863 0.6496428 0.2372697 0.6523729 0.2370035 0.6411013 0.22762 0.6496428 0.230569 0.6392292 0.5298346 0.9795433 0.5298346 0.9289036 0.5644549 0.9289036 0.5701493 0.9679263 0.5569006 0.9211415 0.5249157 0.9405204 0.2370035 0.6411013 0.2434378 0.6392291 0.2434378 0.6392291 0.2308353 0.6392292 0.2253804 0.6338978 0.2253804 0.6338978 0.2370034 0.591913 0.2434378 0.5937851 0.2370034 0.591913 0.249159 0.6338979 0.2437041 0.6392291 0.2437041 0.6392291 0.2251141 0.6338979 0.230569 0.6392292 0.230569 0.6392292 0.2372697 0.5919131 0.2308353 0.5937852 0.2372697 0.5919131 0.2488927 0.6338979 0.2434378 0.6392291 0.2488927 0.6338979 0.2372698 0.6411013 0.2308353 0.6392292 0.2308353 0.6392292 0.2370034 0.591913 0.230569 0.5937852 0.230569 0.5937852 0.2528039 0.6259189 0.249159 0.6338979 0.249159 0.6338979 0.2370035 0.6411013 0.230569 0.6392292 0.2370035 0.6411013 0.2253804 0.5991165 0.2308353 0.5937852 0.2308353 0.5937852 0.2525376 0.6259189 0.2488927 0.6338979 0.2525376 0.6259189 0.2251141 0.5991165 0.230569 0.5937852 0.2251141 0.5991165 0.2540838 0.6165072 0.2528039 0.6259189 0.2528039 0.6259189 0.2217355 0.6070954 0.2253804 0.5991165 0.2253804 0.5991165 0.2525376 0.6259189 0.2538175 0.6165071 0.2538175 0.6165071 0.2214692 0.6070954 0.2251141 0.5991165 0.2214692 0.6070954 0.2528039 0.6070954 0.2540838 0.6165072 0.2540838 0.6165072 0.2217355 0.6070954 0.2204557 0.6165071 0.2217355 0.6070954 0.2538175 0.6165071 0.2525376 0.6070953 0.2525376 0.6070953 0.2214692 0.6070954 0.2201893 0.6165071 0.2201893 0.6165071 0.249159 0.5991164 0.2528039 0.6070954 0.2528039 0.6070954 0.2204557 0.6165071 0.2217355 0.6259189 0.2204557 0.6165071 0.2525376 0.6070953 0.2488927 0.5991165 0.2488927 0.5991165 0.2201893 0.6165071 0.2214692 0.625919 0.2214692 0.625919 0.2437041 0.5937851 0.249159 0.5991164 0.249159 0.5991164 0.2253804 0.6338978 0.2217355 0.6259189 0.2217355 0.6259189 0.2434378 0.5937851 0.2488927 0.5991165 0.2434378 0.5937851 0.2372698 0.6411013 0.2437041 0.6392291 0.2372698 0.6411013 0.1091536 0.9487109 0.1091536 0.8841399 0.1091536 0.88414 0.1138156 0.9558743 0.1704296 0.9558743 0.1138156 0.9558743 0.1162371 0.8769764 0.1704296 0.9558743 0.1688781 0.8769764 0.1734067 0.8823991 0.1734067 0.9504516 0.1734067 0.9504517 0.1091536 0.88414 0.1138156 0.9558743 0.1091536 0.9487109 0.1138156 0.9558743 0.1091536 0.8841399 0.1091536 0.9487109 0.1138156 0.9558743 0.1091536 0.9487109 0.1138156 0.9558743 0.1162371 0.8769764 0.1091536 0.88414 0.1091536 0.8841399 0.1162371 0.8769764 0.1688781 0.8769764 0.1688781 0.8769764 0.1704296 0.9558743 0.1734067 0.8823991 0.1734067 0.9504517 0.1734067 0.8823992 0.1704296 0.9558743 0.1734067 0.9504516 0.1688781 0.8769764 0.1734067 0.8823992 0.1734067 0.8823991 0.1704296 0.9558743 0.1734067 0.9504516 0.1704296 0.9558743 0.1162371 0.8769764 0.1704296 0.9558743 0.1138156 0.9558743 0.3571264 0.6137018 0.3610142 0.6591952 0.3610142 0.6137018 0.3532386 0.6137018 0.3571264 0.6591952 0.3571264 0.6137018 0.3493508 0.6137018 0.3532386 0.6591952 0.3532386 0.6137018 0.3454631 0.6137018 0.3493508 0.6591952 0.3493508 0.6137018 0.3415754 0.6137018 0.3454631 0.6591952 0.3454631 0.6137018 0.3376876 0.6137018 0.3415754 0.6591952 0.3415754 0.6137018 0.3337998 0.6137018 0.3376876 0.6591952 0.3376876 0.6137018 0.3299121 0.6137018 0.3337998 0.6591952 0.3337998 0.6137018 0.3260244 0.6137018 0.3299121 0.6591952 0.3299121 0.6137018 0.3221366 0.6137018 0.3260244 0.6591952 0.3260244 0.6137018 0.3182488 0.6137018 0.3221366 0.6591952 0.3221366 0.6137018 0.314361 0.6137018 0.3182488 0.6591952 0.3182488 0.6137018 0.3104733 0.6137018 0.314361 0.6591952 0.314361 0.6137018 0.3065856 0.6137018 0.3104733 0.6591952 0.3104733 0.6137018 0.2437041 0.5937851 0.2372697 0.5919131 0.2437041 0.5937851 0.3026978 0.6137018 0.3065856 0.6591952 0.3065856 0.6137018 0.2988101 0.6137018 0.3026978 0.6591952 0.3026978 0.6137018 0.2251141 0.6338979 0.2214692 0.625919 0.2251141 0.6338979 0.2466531 0.6496428 0.2372698 0.6411013 0.2437041 0.6392291 0.2370035 0.6411013 0.2463868 0.6496428 0.2434378 0.6392291 0.254608 0.6418681 0.2437041 0.6392291 0.249159 0.6338979 0.2434378 0.6392291 0.2543418 0.6418681 0.2488927 0.6338979 0.2528039 0.6259189 0.254608 0.6418681 0.249159 0.6338979 0.2543418 0.6418681 0.2525376 0.6259189 0.2488927 0.6338979 0.2540838 0.6165072 0.2599233 0.6302324 0.2528039 0.6259189 0.259657 0.6302324 0.2538175 0.6165071 0.2525376 0.6259189 0.2599233 0.6027818 0.2540838 0.6165072 0.2528039 0.6070954 0.2538175 0.6165071 0.259657 0.6027818 0.2525376 0.6070953 0.254608 0.5911461 0.2528039 0.6070954 0.249159 0.5991164 0.2525376 0.6070953 0.2543418 0.5911461 0.2488927 0.5991165 0.2437041 0.5937851 0.254608 0.5911461 0.249159 0.5991164 0.2543418 0.5911461 0.2434378 0.5937851 0.2488927 0.5991165 0.2372697 0.5806413 0.2437041 0.5937851 0.2372697 0.5919131 0.2434378 0.5937851 0.2370034 0.5806413 0.2370034 0.591913 0.2308353 0.5937852 0.2372697 0.5806413 0.2372697 0.5919131 0.2370034 0.5806413 0.230569 0.5937852 0.2370034 0.591913 0.2253804 0.5991165 0.2278863 0.5833714 0.2308353 0.5937852 0.22762 0.5833714 0.2251141 0.5991165 0.230569 0.5937852 0.2146161 0.6027818 0.2253804 0.5991165 0.2217355 0.6070954 0.2251141 0.5991165 0.2143498 0.6027818 0.2214692 0.6070954 0.2127497 0.6165071 0.2217355 0.6070954 0.2204557 0.6165071 0.2214692 0.6070954 0.2124832 0.6165071 0.2201893 0.6165071 0.2146161 0.6302324 0.2204557 0.6165071 0.2217355 0.6259189 0.2201893 0.6165071 0.2143498 0.6302324 0.2214692 0.625919 0.2253804 0.6338978 0.2146161 0.6302324 0.2217355 0.6259189 0.2143498 0.6302324 0.2251141 0.6338979 0.2214692 0.625919 0.2308353 0.6392292 0.2199314 0.6418681 0.2253804 0.6338978 0.219665 0.6418681 0.230569 0.6392292 0.2251141 0.6338979 0.2372698 0.6411013 0.2278863 0.6496428 0.2308353 0.6392292 0.22762 0.6496428 0.2370035 0.6411013 0.230569 0.6392292 0.5471448 0.9184158 0.5226645 0.9542233 0.5471448 0.9900309 0.5249157 0.9679263 0.5381643 0.9211416 0.5701494 0.9405204 0.2434378 0.6392291 0.2370035 0.6411013 0.2434378 0.6392291 0.2253804 0.6338978 0.2308353 0.6392292 0.2253804 0.6338978 0.2370034 0.591913 0.2434378 0.5937851 0.2434378 0.5937851 0.2437041 0.6392291 0.249159 0.6338979 0.2437041 0.6392291 0.230569 0.6392292 0.2251141 0.6338979 0.230569 0.6392292 0.2372697 0.5919131 0.2308353 0.5937852 0.2308353 0.5937852 0.2488927 0.6338979 0.2434378 0.6392291 0.2434378 0.6392291 0.2308353 0.6392292 0.2372698 0.6411013 0.2308353 0.6392292 0.230569 0.5937852 0.2370034 0.591913 0.230569 0.5937852 0.249159 0.6338979 0.2528039 0.6259189 0.249159 0.6338979 0.2370035 0.6411013 0.230569 0.6392292 0.2370035 0.6411013 0.2308353 0.5937852 0.2253804 0.5991165 0.2253804 0.5991165 0.2525376 0.6259189 0.2488927 0.6338979 0.2488927 0.6338979 0.2251141 0.5991165 0.230569 0.5937852 0.2251141 0.5991165 0.2528039 0.6259189 0.2540838 0.6165072 0.2528039 0.6259189 0.2253804 0.5991165 0.2217355 0.6070954 0.2217355 0.6070954 0.2538175 0.6165071 0.2525376 0.6259189 0.2538175 0.6165071 0.2214692 0.6070954 0.2251141 0.5991165 0.2214692 0.6070954 0.2540838 0.6165072 0.2528039 0.6070954 0.2540838 0.6165072 0.2217355 0.6070954 0.2204557 0.6165071 0.2217355 0.6070954 0.2525376 0.6070953 0.2538175 0.6165071 0.2538175 0.6165071 0.2201893 0.6165071 0.2214692 0.6070954 0.2214692 0.6070954 0.2528039 0.6070954 0.249159 0.5991164 0.2528039 0.6070954 0.2204557 0.6165071 0.2217355 0.6259189 0.2217355 0.6259189 0.2488927 0.5991165 0.2525376 0.6070953 0.2525376 0.6070953 0.2214692 0.625919 0.2201893 0.6165071 0.2214692 0.625919 0.249159 0.5991164 0.2437041 0.5937851 0.249159 0.5991164 0.2217355 0.6259189 0.2253804 0.6338978 0.2217355 0.6259189 0.2434378 0.5937851 0.2488927 0.5991165 0.2488927 0.5991165 0.2372698 0.6411013 0.2437041 0.6392291 0.2437041 0.6392291 0.1091536 0.8841399 0.1091536 0.9487109 0.1091536 0.88414 0.1138156 0.9558743 0.1704296 0.9558743 0.1704296 0.9558743 0.1162371 0.8769764 0.1704296 0.9558743 0.1138156 0.9558743 0.1734067 0.9504516 0.1734067 0.8823991 0.1734067 0.9504517 0.1138156 0.9558743 0.1091536 0.88414 0.1091536 0.9487109 0.1138156 0.9558743 0.1091536 0.8841399 0.1162371 0.8769764 0.1091536 0.9487109 0.1138156 0.9558743 0.1138156 0.9558743 0.1162371 0.8769764 0.1091536 0.88414 0.1162371 0.8769764 0.1688781 0.8769764 0.1162371 0.8769764 0.1688781 0.8769764 0.1704296 0.9558743 0.1734067 0.8823991 0.1688781 0.8769764 0.1704296 0.9558743 0.1734067 0.8823992 0.1734067 0.9504516 0.1688781 0.8769764 0.1734067 0.8823992 0.1688781 0.8769764 0.1734067 0.9504516 0.1704296 0.9558743 0.1704296 0.9558743 0.1162371 0.8769764 0.1704296 0.9558743 0.1688781 0.8769764 0.3610142 0.6591952 0.3571264 0.6137018 0.3610142 0.6137018 0.3571264 0.6591952 0.3532386 0.6137018 0.3571264 0.6137018 0.3532386 0.6591952 0.3493508 0.6137018 0.3532386 0.6137018 0.3493508 0.6591952 0.3454631 0.6137018 0.3493508 0.6137018 0.3454631 0.6591952 0.3415754 0.6137018 0.3454631 0.6137018 0.3415754 0.6591952 0.3376876 0.6137018 0.3415754 0.6137018 0.3376876 0.6591952 0.3337998 0.6137018 0.3376876 0.6137018 0.3337998 0.6591952 0.3299121 0.6137018 0.3337998 0.6137018 0.3299121 0.6591952 0.3260244 0.6137018 0.3299121 0.6137018 0.3260244 0.6591952 0.3221366 0.6137018 0.3260244 0.6137018 0.3221366 0.6591952 0.3182488 0.6137018 0.3221366 0.6137018 0.3182488 0.6591952 0.314361 0.6137018 0.3182488 0.6137018 0.314361 0.6591952 0.3104733 0.6137018 0.314361 0.6137018 0.3104733 0.6591952 0.3065856 0.6137018 0.3104733 0.6137018 0.2372697 0.5919131 0.2437041 0.5937851 0.2437041 0.5937851 0.3065856 0.6591952 0.3026978 0.6137018 0.3065856 0.6137018 0.3026978 0.6591952 0.2988101 0.6137018 0.3026978 0.6137018 0.2251141 0.6338979 0.2214692 0.625919 0.2251141 0.6338979 0.2372698 0.6411013 0.2466531 0.6496428 0.2437041 0.6392291 0.2370035 0.6411013 0.2463868 0.6496428 0.2370034 0.6523729 0.249159 0.6338979 0.2466531 0.6496428 0.254608 0.6418681 0.2488927 0.6338979 0.2463868 0.6496428 0.2434378 0.6392291 0.2528039 0.6259189 0.254608 0.6418681 0.2599233 0.6302324 0.2525376 0.6259189 0.2543418 0.6418681 0.2488927 0.6338979 0.2528039 0.6259189 0.2617898 0.6165071 0.2540838 0.6165072 0.2525376 0.6259189 0.2615236 0.6165071 0.259657 0.6302324 0.2528039 0.6070954 0.2617898 0.6165071 0.2599233 0.6027818 0.2525376 0.6070953 0.2615236 0.6165071 0.2538175 0.6165071 0.2528039 0.6070954 0.254608 0.5911461 0.249159 0.5991164 0.2525376 0.6070953 0.2543418 0.5911461 0.259657 0.6027818 0.249159 0.5991164 0.2466531 0.5833714 0.2437041 0.5937851 0.2488927 0.5991165 0.2463868 0.5833714 0.2543418 0.5911461 0.2372697 0.5919131 0.2466531 0.5833714 0.2372697 0.5806413 0.2370034 0.591913 0.2463868 0.5833714 0.2434378 0.5937851 0.2308353 0.5937852 0.2372697 0.5806413 0.2278863 0.5833714 0.230569 0.5937852 0.2370034 0.5806413 0.2370034 0.591913 0.2253804 0.5991165 0.2278863 0.5833714 0.2199314 0.5911461 0.2251141 0.5991165 0.22762 0.5833714 0.230569 0.5937852 0.2217355 0.6070954 0.2199314 0.5911461 0.2146161 0.6027818 0.2214692 0.6070954 0.219665 0.5911461 0.2251141 0.5991165 0.2204557 0.6165071 0.2146161 0.6027818 0.2127497 0.6165071 0.2201893 0.6165071 0.2143498 0.6027818 0.2214692 0.6070954 0.2217355 0.6259189 0.2127497 0.6165071 0.2146161 0.6302324 0.2214692 0.625919 0.2124832 0.6165071 0.2201893 0.6165071 0.2217355 0.6259189 0.2199314 0.6418681 0.2253804 0.6338978 0.2214692 0.625919 0.219665 0.6418681 0.2143498 0.6302324 0.2308353 0.6392292 0.2199314 0.6418681 0.2278863 0.6496428 0.230569 0.6392292 0.219665 0.6418681 0.2251141 0.6338979 0.2372698 0.6411013 0.2278863 0.6496428 0.2372697 0.6523729 0.2370035 0.6411013 0.22762 0.6496428 0.230569 0.6392292 0.5298346 0.9289036 0.5644549 0.9289036 0.5644549 0.9795431 0.5701493 0.9679263 0.5569006 0.9211415 0.5249157 0.9405204 0.2370035 0.6411013 0.2434378 0.6392291 0.2434378 0.6392291 0.2308353 0.6392292 0.2253804 0.6338978 0.2253804 0.6338978 0.2370034 0.591913 0.2434378 0.5937851 0.2370034 0.591913 0.249159 0.6338979 0.2437041 0.6392291 0.2437041 0.6392291 0.230569 0.6392292 0.2251141 0.6338979 0.230569 0.6392292 0.2372697 0.5919131 0.2308353 0.5937852 0.2372697 0.5919131 0.2488927 0.6338979 0.2434378 0.6392291 0.2488927 0.6338979 0.2372698 0.6411013 0.2308353 0.6392292 0.2308353 0.6392292 0.2370034 0.591913 0.230569 0.5937852 0.230569 0.5937852 0.2528039 0.6259189 0.249159 0.6338979 0.249159 0.6338979 0.2370035 0.6411013 0.230569 0.6392292 0.2370035 0.6411013 0.2253804 0.5991165 0.2308353 0.5937852 0.2308353 0.5937852 0.2525376 0.6259189 0.2488927 0.6338979 0.2525376 0.6259189 0.2251141 0.5991165 0.230569 0.5937852 0.2251141 0.5991165 0.2540838 0.6165072 0.2528039 0.6259189 0.2528039 0.6259189 0.2217355 0.6070954 0.2253804 0.5991165 0.2253804 0.5991165 0.2525376 0.6259189 0.2538175 0.6165071 0.2538175 0.6165071 0.2214692 0.6070954 0.2251141 0.5991165 0.2214692 0.6070954 0.2528039 0.6070954 0.2540838 0.6165072 0.2540838 0.6165072 0.2204557 0.6165071 0.2217355 0.6070954 0.2217355 0.6070954 0.2525376 0.6070953 0.2538175 0.6165071 0.2525376 0.6070953 0.2201893 0.6165071 0.2214692 0.6070954 0.2201893 0.6165071 0.249159 0.5991164 0.2528039 0.6070954 0.2528039 0.6070954 0.2204557 0.6165071 0.2217355 0.6259189 0.2204557 0.6165071 0.2488927 0.5991165 0.2525376 0.6070953 0.2488927 0.5991165 0.2201893 0.6165071 0.2214692 0.625919 0.2214692 0.625919 0.2437041 0.5937851 0.249159 0.5991164 0.249159 0.5991164 0.2253804 0.6338978 0.2217355 0.6259189 0.2217355 0.6259189 0.2434378 0.5937851 0.2488927 0.5991165 0.2434378 0.5937851 0.2372698 0.6411013 0.2437041 0.6392291 0.2372698 0.6411013 0.1091536 0.9487109 0.1091536 0.8841399 0.1091536 0.88414 0.1138156 0.9558743 0.1704296 0.9558743 0.1138156 0.9558743 0.1162371 0.8769764 0.1704296 0.9558743 0.1688781 0.8769764 0.1734067 0.8823991 0.1734067 0.9504516 0.1734067 0.9504517 0.1091536 0.88414 0.1138156 0.9558743 0.1091536 0.9487109 0.1138156 0.9558743 0.1091536 0.8841399 0.1091536 0.9487109 0.1138156 0.9558743 0.1091536 0.9487109 0.1138156 0.9558743 0.1162371 0.8769764 0.1091536 0.88414 0.1091536 0.8841399 0.1162371 0.8769764 0.1688781 0.8769764 0.1688781 0.8769764 0.1704296 0.9558743 0.1734067 0.8823991 0.1734067 0.9504517 0.1734067 0.8823992 0.1704296 0.9558743 0.1734067 0.9504516 0.1688781 0.8769764 0.1734067 0.8823992 0.1734067 0.8823991 0.1704296 0.9558743 0.1734067 0.9504516 0.1704296 0.9558743 0.1162371 0.8769764 0.1704296 0.9558743 0.1138156 0.9558743 0.3571264 0.6137018 0.3610142 0.6591952 0.3610142 0.6137018 0.3532386 0.6137018 0.3571264 0.6591952 0.3571264 0.6137018 0.3493508 0.6137018 0.3532386 0.6591952 0.3532386 0.6137018 0.3454631 0.6137018 0.3493508 0.6591952 0.3493508 0.6137018 0.3415754 0.6137018 0.3454631 0.6591952 0.3454631 0.6137018 0.3376876 0.6137018 0.3415754 0.6591952 0.3415754 0.6137018 0.3337998 0.6137018 0.3376876 0.6591952 0.3376876 0.6137018 0.3299121 0.6137018 0.3337998 0.6591952 0.3337998 0.6137018 0.3260244 0.6137018 0.3299121 0.6591952 0.3299121 0.6137018 0.3221366 0.6137018 0.3260244 0.6591952 0.3260244 0.6137018 0.3182488 0.6137018 0.3221366 0.6591952 0.3221366 0.6137018 0.314361 0.6137018 0.3182488 0.6591952 0.3182488 0.6137018 0.3104733 0.6137018 0.314361 0.6591952 0.314361 0.6137018 0.3065856 0.6137018 0.3104733 0.6591952 0.3104733 0.6137018 0.2437041 0.5937851 0.2372697 0.5919131 0.2437041 0.5937851 0.3026978 0.6137018 0.3065856 0.6591952 0.3065856 0.6137018 0.2988101 0.6137018 0.3026978 0.6591952 0.3026978 0.6137018 0.2251141 0.6338979 0.2214692 0.625919 0.2214692 0.625919 0.2466531 0.6496428 0.2372698 0.6411013 0.2437041 0.6392291 0.2370035 0.6411013 0.2463868 0.6496428 0.2434378 0.6392291 0.254608 0.6418681 0.2437041 0.6392291 0.249159 0.6338979 0.2434378 0.6392291 0.2543418 0.6418681 0.2488927 0.6338979 0.2528039 0.6259189 0.254608 0.6418681 0.249159 0.6338979 0.2543418 0.6418681 0.2525376 0.6259189 0.2488927 0.6338979 0.2617898 0.6165071 0.2528039 0.6259189 0.2540838 0.6165072 0.2525376 0.6259189 0.2615236 0.6165071 0.2538175 0.6165071 0.2599233 0.6027818 0.2540838 0.6165072 0.2528039 0.6070954 0.2538175 0.6165071 0.259657 0.6027818 0.2525376 0.6070953 0.254608 0.5911461 0.2528039 0.6070954 0.249159 0.5991164 0.2525376 0.6070953 0.2543418 0.5911461 0.2488927 0.5991165 0.2437041 0.5937851 0.254608 0.5911461 0.249159 0.5991164 0.2543418 0.5911461 0.2434378 0.5937851 0.2488927 0.5991165 0.2372697 0.5806413 0.2437041 0.5937851 0.2372697 0.5919131 0.2434378 0.5937851 0.2370034 0.5806413 0.2370034 0.591913 0.2308353 0.5937852 0.2372697 0.5806413 0.2372697 0.5919131 0.2370034 0.5806413 0.230569 0.5937852 0.2370034 0.591913 0.2253804 0.5991165 0.2278863 0.5833714 0.2308353 0.5937852 0.22762 0.5833714 0.2251141 0.5991165 0.230569 0.5937852 0.2146161 0.6027818 0.2253804 0.5991165 0.2217355 0.6070954 0.2251141 0.5991165 0.2143498 0.6027818 0.2214692 0.6070954 0.2127497 0.6165071 0.2217355 0.6070954 0.2204557 0.6165071 0.2214692 0.6070954 0.2124832 0.6165071 0.2201893 0.6165071 0.2146161 0.6302324 0.2204557 0.6165071 0.2217355 0.6259189 0.2201893 0.6165071 0.2143498 0.6302324 0.2214692 0.625919 0.2253804 0.6338978 0.2146161 0.6302324 0.2217355 0.6259189 0.2143498 0.6302324 0.2251141 0.6338979 0.2214692 0.625919 0.2308353 0.6392292 0.2199314 0.6418681 0.2253804 0.6338978 0.219665 0.6418681 0.230569 0.6392292 0.2251141 0.6338979 0.2372698 0.6411013 0.2278863 0.6496428 0.2308353 0.6392292 0.22762 0.6496428 0.2370035 0.6411013 0.230569 0.6392292 0.5471448 0.9184158 0.5226645 0.9542233 0.5471448 0.9900309 0.5249157 0.9679263 0.5381643 0.9211416 0.5701494 0.9405204 0.2434378 0.6392291 0.2370035 0.6411013 0.2434378 0.6392291 0.2253804 0.6338978 0.2308353 0.6392292 0.2253804 0.6338978 0.2370034 0.591913 0.2434378 0.5937851 0.2434378 0.5937851 0.2437041 0.6392291 0.249159 0.6338979 0.2437041 0.6392291 0.230569 0.6392292 0.2251141 0.6338979 0.2251141 0.6338979 0.2372697 0.5919131 0.2308353 0.5937852 0.2308353 0.5937852 0.2488927 0.6338979 0.2434378 0.6392291 0.2434378 0.6392291 0.2308353 0.6392292 0.2372698 0.6411013 0.2308353 0.6392292 0.230569 0.5937852 0.2370034 0.591913 0.230569 0.5937852 0.249159 0.6338979 0.2528039 0.6259189 0.249159 0.6338979 0.2370035 0.6411013 0.230569 0.6392292 0.2370035 0.6411013 0.2308353 0.5937852 0.2253804 0.5991165 0.2253804 0.5991165 0.2525376 0.6259189 0.2488927 0.6338979 0.2488927 0.6338979 0.2251141 0.5991165 0.230569 0.5937852 0.2251141 0.5991165 0.2528039 0.6259189 0.2540838 0.6165072 0.2528039 0.6259189 0.2253804 0.5991165 0.2217355 0.6070954 0.2217355 0.6070954 0.2538175 0.6165071 0.2525376 0.6259189 0.2538175 0.6165071 0.2214692 0.6070954 0.2251141 0.5991165 0.2214692 0.6070954 0.2540838 0.6165072 0.2528039 0.6070954 0.2540838 0.6165072 0.2217355 0.6070954 0.2204557 0.6165071 0.2204557 0.6165071 0.2525376 0.6070953 0.2538175 0.6165071 0.2525376 0.6070953 0.2201893 0.6165071 0.2214692 0.6070954 0.2201893 0.6165071 0.2528039 0.6070954 0.249159 0.5991164 0.2528039 0.6070954 0.2204557 0.6165071 0.2217355 0.6259189 0.2204557 0.6165071 0.2488927 0.5991165 0.2525376 0.6070953 0.2488927 0.5991165 0.2214692 0.625919 0.2201893 0.6165071 0.2201893 0.6165071 0.249159 0.5991164 0.2437041 0.5937851 0.249159 0.5991164 0.2217355 0.6259189 0.2253804 0.6338978 0.2217355 0.6259189 0.2434378 0.5937851 0.2488927 0.5991165 0.2488927 0.5991165 0.2372698 0.6411013 0.2437041 0.6392291 0.2437041 0.6392291 0.3089164 0.6731615 0.3089164 0.7116191 0.1299772 0.6932732 0.127002 0.1998733 0.1744326 0.1998733 0.1668905 0.2287205 0.3089164 0.7116191 0.4150226 0.7003707 0.4150226 0.6751213 0.2788548 0.8950648 0.2788548 0.8950648 0.2160577 0.8883044 0.1734067 0.9558743 0.2115071 0.950193 0.2115072 0.8826577 0.1091536 0.9558743 0.1734067 0.9558743 0.1734067 0.8769764 0.1145488 0.1553036 0.1145488 0.04511338 0.186886 0.04511338 0.1299772 0.6932732 0.3089164 0.7116191 0.3089164 0.6731615 0.4150226 0.6751213 0.4150226 0.7003707 0.3089164 0.7116191 0.2421156 0.8513027 0.2160577 0.8883044 0.2160577 0.8883044 0.07465022 0.6169216 0.03339737 0.6124805 0.05051547 0.5881733 0.3934725 0.8198688 0.3354032 0.8178632 0.3384106 0.8015973 0.3354032 0.8178632 0.2788548 0.8950648 0.3051745 0.826696 0.264405 0.5561891 0.2534645 0.6119828 0.2193651 0.6119828 0.2193651 0.6119828 0.2534645 0.6119828 0.2474801 0.6663147 0.2189262 0.6487762 0.2021354 0.6848334 0.1037966 0.6848332 0.4764373 0.1883572 0.5148335 0.1883416 0.504772 0.1536836 0.4870322 0.1711688 0.4869703 0.1892821 0.504772 0.1536836 0.1280948 0.5481868 0.1052916 0.5616014 0.1052916 0.5501571 0.4870323 0.1711688 0.5046597 0.1495141 0.504772 0.1536836 0.0575999 0.5953912 0.01075452 0.557625 0.01075452 0.5724209 0.05760002 0.5779002 0.01075452 0.542829 0.01075452 0.557625 0.05760002 0.5577886 0.01075452 0.5350914 0.01075452 0.542829 0.05760002 0.5368033 0.01075452 0.5270176 0.01075452 0.5350914 0.1280948 0.6325461 0.1280948 0.6493271 0.1052916 0.630576 0.05760002 0.5368033 0.05760002 0.5577886 0.01075452 0.5350914 0.05760002 0.5577886 0.05760002 0.5779002 0.01075452 0.542829 0.05760002 0.5779002 0.0575999 0.5953912 0.01075452 0.557625 0.0575999 0.5953912 0.05760002 0.6181237 0.01075452 0.5724209 0.235643 0.538129 0.07028907 0.538129 0.09382009 0.5188631 0.2378836 0.5578046 0.06804823 0.5578046 0.07028907 0.538129 0.2376361 0.5766611 0.06829595 0.5766611 0.06804823 0.5578046 0.2290068 0.6127187 0.07692497 0.6127185 0.06829595 0.5766611 0.2189262 0.6487762 0.08700573 0.6487758 0.07692497 0.6127185 0.3414174 0.7853315 0.3051745 0.8079949 0.3051745 0.7892938 0.3384106 0.8015973 0.3051745 0.826696 0.3051745 0.8079949 0.3354032 0.8178632 0.3384106 0.8015973 0.3051745 0.826696 0.3384106 0.8015973 0.3414174 0.7853315 0.3051745 0.8079949 0.3414174 0.7853315 0.3444247 0.7690656 0.3051745 0.7892938 0.3934725 0.8198688 0.3934725 0.7953301 0.3384106 0.8015973 0.3934725 0.7953301 0.3934725 0.7707916 0.3414174 0.7853315 0.07465022 0.6169216 0.09194028 0.5720086 0.05051547 0.5881733 0.3051745 0.826696 0.3051745 0.8079949 0.2435513 0.8327261 0.3051745 0.8079949 0.3051745 0.7892938 0.2449872 0.8141492 0.3600016 0.5072833 0.3089164 0.5962463 0.3089164 0.5577886 0.3600016 0.5314825 0.3089164 0.5577886 0.3089164 0.5368033 0.3089164 0.4965984 0.3600016 0.4843709 0.3600016 0.5153254 0.3051745 0.8079949 0.2435513 0.8327261 0.2449872 0.8141492 0.3051745 0.826696 0.2421156 0.8513027 0.2435513 0.8327261 0.3444247 0.7690656 0.3444247 0.7690656 0.3089164 0.5962463 0.4150226 0.6498718 0.3089164 0.6347039 0.3089164 0.5962463 0.3089164 0.5962463 0.3444247 0.7690656 0.4150226 0.6498718 0.3600016 0.5072833 0.3600016 0.5368927 0.3934725 0.7953301 0.3600016 0.5368927 0.3089164 0.6731615 0.3934725 0.7953301 0.3934725 0.7953301 0.3384106 0.8015973 0.3414174 0.7853315 0.3414174 0.7853315 0.3444247 0.7690656 0.3934725 0.7953301 0.2449872 0.8141492 0.2435513 0.8327261 0.2435513 0.8327261 0.2435513 0.8327261 0.2421156 0.8513027 0.2421156 0.8513027 0.4150226 0.6498718 0.4150226 0.6751213 0.3089164 0.6731615 0.2222326 0.4843709 0.2222326 0.5153254 0.3600016 0.5153254 0.2222326 0.5314825 0.3600016 0.5314825 0.3600016 0.5153254 0.2222326 0.5469669 0.3600016 0.5610918 0.3600016 0.5314825 0.2222326 0.5227677 0.3600016 0.5368927 0.3600016 0.5072833 0.2222326 0.5523771 0.3600016 0.566502 0.3600016 0.5368927 0.3089164 0.5368033 0.1299772 0.5368033 0.1299772 0.4965984 0.3089164 0.5368033 0.3089164 0.5577886 0.1299772 0.5577886 0.3089164 0.5577886 0.3089164 0.5962463 0.1299772 0.5779002 0.3089164 0.5962463 0.3089164 0.6347039 0.1299772 0.6163579 0.3089164 0.6347039 0.3089164 0.6731615 0.1299772 0.6548156 0.4378738 0.09861004 0.4398754 0.1623543 0.3092182 0.1688745 0.1299772 0.6163579 0.0575999 0.5953912 0.05760002 0.5779002 0.1299772 0.5779002 0.05760002 0.5779002 0.05760002 0.5577886 0.1299772 0.5368033 0.1299772 0.5577886 0.05760002 0.5577886 0.1299772 0.4965984 0.1299772 0.5368033 0.05760002 0.5368033 0.2791764 0.511258 0.2234517 0.511258 0.2234517 0.527415 0.2791764 0.5428994 0.2791764 0.527415 0.2234517 0.527415 0.2791764 0.5725088 0.2791764 0.5428994 0.2234517 0.5428994 0.4378738 0.09861004 0.298418 0.1311947 0.3092182 0.1688745 0.4398754 0.1623543 0.3092182 0.1688745 0.3220661 0.2326188 0.2791764 0.4803035 0.2234517 0.4897289 0.2234517 0.511258 0.4398754 0.1623543 0.441877 0.2260988 0.3220661 0.2326188 0.1091536 0.8769764 0.08316451 0.8905591 0.08316451 0.9422916 0.1145488 0.1553036 0.186886 0.1553036 0.1744326 0.1998733 0.3014389 0.5218649 0.3263069 0.5214111 0.3304735 0.5182957 0.3262023 0.5157765 0.3263069 0.5214111 0.3286101 0.5182957 0.3262023 0.5157765 0.3286101 0.5089112 0.3286101 0.5182957 0.3262023 0.5157765 0.306683 0.5395187 0.3041259 0.5378986 0.3262023 0.5157765 0.3286101 0.5089112 0.3041259 0.5378986 0.306683 0.5395187 0.3066292 0.5594097 0.3041259 0.5622906 0.3066829 0.5395187 0.3041259 0.5378986 0.3041259 0.5622906 0.2966847 0.5587214 0.2956845 0.5622906 0.3370515 0.5622906 0.504772 0.1536836 0.5056684 0.1524388 0.4808005 0.1528925 0.5046597 0.1495141 0.504772 0.1536836 0.5056685 0.1524388 0.5046597 0.1495141 0.5055639 0.1468041 0.5056684 0.1524388 0.4870323 0.1711688 0.4860445 0.1705464 0.5055639 0.1468041 0.4870322 0.1711688 0.5046597 0.1495141 0.5055639 0.1468041 0.4869702 0.189282 0.4859908 0.1904373 0.4860445 0.1705464 0.4869703 0.1892821 0.4870322 0.1711688 0.4860445 0.1705464 0.5148335 0.1883416 0.4764373 0.1883572 0.4760463 0.189749 0.1290162 0.1553036 0.1145488 0.1553036 0.1145488 0.04511338 0.186886 0.1553036 0.1724185 0.1553036 0.1724185 0.04511338 0.1724185 0.04511338 0.186886 0.04511338 0.186886 0.04511338 0.186886 0.1553036 0.186886 0.04511338 0.1724185 0.04511338 0.1290162 0.1553036 0.1290162 0.04511338 0.1145488 0.04511338 0.1724185 0.1553036 0.1724185 0.04511338 0.1724185 0.04511338 0.1145488 0.1553036 0.1145488 0.04511338 0.1145488 0.04511338 0.1145488 0.04511338 0.1290162 0.04511338 0.1290162 0.04511338 0.1290162 0.04511338 0.1290162 0.1553036 0.1290162 0.1553036 0.1290162 0.1553036 0.1145488 0.1553036 0.1145488 0.1553036 0.186886 0.04511338 0.186886 0.1553036 0.186886 0.1553036 0.186886 0.1553036 0.1724185 0.1553036 0.1724185 0.1553036 0.3051745 0.8079949 0.3051745 0.7892938 0.2449872 0.8141492 0.3051745 0.8079949 0.2435513 0.8327261 0.2449872 0.8141492 0.1091536 0.9487109 0.1091536 0.9487109 0.1091536 0.8841399 0.1138156 0.9558743 0.1704296 0.9558743 0.1704296 0.9558743 0.1162371 0.8769764 0.1138156 0.9558743 0.1704296 0.9558743 0.1734067 0.8823991 0.1734067 0.8823992 0.1734067 0.9504516 0.1091536 0.88414 0.1162371 0.8769764 0.1138156 0.9558743 0.1138156 0.9558743 0.1162371 0.8769764 0.1091536 0.8841399 0.1138156 0.9558743 0.1091536 0.9487109 0.1091536 0.9487109 0.1162371 0.8769764 0.1162371 0.8769764 0.1091536 0.88414 0.1162371 0.8769764 0.1162371 0.8769764 0.1688781 0.8769764 0.1688781 0.8769764 0.1734067 0.8823991 0.1734067 0.9504517 0.1734067 0.8823992 0.1688781 0.8769764 0.1704296 0.9558743 0.1688781 0.8769764 0.1688781 0.8769764 0.1734067 0.8823992 0.1704296 0.9558743 0.1734067 0.9504517 0.1734067 0.9504516 0.1162371 0.8769764 0.1688781 0.8769764 0.1704296 0.9558743 0.1091536 0.8841399 0.1091536 0.9487109 0.1091536 0.9487109 0.1138156 0.9558743 0.1138156 0.9558743 0.1704296 0.9558743 0.1162371 0.8769764 0.1688781 0.8769764 0.1704296 0.9558743 0.1734067 0.9504516 0.1734067 0.8823992 0.1734067 0.8823991 0.1138156 0.9558743 0.1162371 0.8769764 0.1091536 0.88414 0.1138156 0.9558743 0.1091536 0.9487109 0.1091536 0.8841399 0.1091536 0.9487109 0.1091536 0.9487109 0.1138156 0.9558743 0.1162371 0.8769764 0.1091536 0.8841399 0.1091536 0.88414 0.1688781 0.8769764 0.1162371 0.8769764 0.1162371 0.8769764 0.1734067 0.9504517 0.1734067 0.8823991 0.1688781 0.8769764 0.1704296 0.9558743 0.1688781 0.8769764 0.1734067 0.8823992 0.1688781 0.8769764 0.1734067 0.8823991 0.1734067 0.8823992 0.1734067 0.9504516 0.1734067 0.9504517 0.1704296 0.9558743 0.1162371 0.8769764 0.1138156 0.9558743 0.1704296 0.9558743 0.1091536 0.8841399 0.1091536 0.9487109 0.1091536 0.9487109 0.1138156 0.9558743 0.1138156 0.9558743 0.1704296 0.9558743 0.1162371 0.8769764 0.1688781 0.8769764 0.1704296 0.9558743 0.1734067 0.9504516 0.1734067 0.8823992 0.1734067 0.8823991 0.1138156 0.9558743 0.1162371 0.8769764 0.1091536 0.88414 0.1138156 0.9558743 0.1091536 0.9487109 0.1091536 0.8841399 0.1091536 0.9487109 0.1091536 0.9487109 0.1138156 0.9558743 0.1162371 0.8769764 0.1091536 0.8841399 0.1091536 0.88414 0.1688781 0.8769764 0.1162371 0.8769764 0.1162371 0.8769764 0.1704296 0.9558743 0.1734067 0.9504517 0.1734067 0.8823991 0.1704296 0.9558743 0.1688781 0.8769764 0.1734067 0.8823992 0.1688781 0.8769764 0.1734067 0.8823991 0.1734067 0.8823992 0.1734067 0.9504516 0.1734067 0.9504517 0.1704296 0.9558743 0.1162371 0.8769764 0.1138156 0.9558743 0.1704296 0.9558743 0.3610142 0.6591952 0.3571264 0.6591952 0.3571264 0.6137018 0.3571264 0.6591952 0.3532386 0.6591952 0.3532386 0.6137018 0.3532386 0.6591952 0.3493508 0.6591952 0.3493508 0.6137018 0.3493508 0.6591952 0.3454631 0.6591952 0.3454631 0.6137018 0.3454631 0.6591952 0.3415754 0.6591952 0.3415754 0.6137018 0.3415754 0.6591952 0.3376876 0.6591952 0.3376876 0.6137018 0.3376876 0.6591952 0.3337998 0.6591952 0.3337998 0.6137018 0.3337998 0.6591952 0.3299121 0.6591952 0.3299121 0.6137018 0.3299121 0.6591952 0.3260244 0.6591952 0.3260244 0.6137018 0.3260244 0.6591952 0.3221366 0.6591952 0.3221366 0.6137018 0.3221366 0.6591952 0.3182488 0.6591952 0.3182488 0.6137018 0.3182488 0.6591952 0.314361 0.6591952 0.314361 0.6137018 0.314361 0.6591952 0.3104733 0.6591952 0.3104733 0.6137018 0.3104733 0.6591952 0.3065856 0.6591952 0.3065856 0.6137018 0.2372697 0.5919131 0.2372697 0.5919131 0.2437041 0.5937851 0.3065856 0.6591952 0.3026978 0.6591952 0.3026978 0.6137018 0.3026978 0.6591952 0.2988101 0.6591952 0.2988101 0.6137018 0.2214692 0.625919 0.2214692 0.625919 0.2251141 0.6338979 0.2372698 0.6411013 0.2372697 0.6523729 0.2466531 0.6496428 0.2370035 0.6411013 0.2434378 0.6392291 0.2463868 0.6496428 0.249159 0.6338979 0.2437041 0.6392291 0.2466531 0.6496428 0.2488927 0.6338979 0.2543418 0.6418681 0.2463868 0.6496428 0.2528039 0.6259189 0.249159 0.6338979 0.254608 0.6418681 0.2525376 0.6259189 0.259657 0.6302324 0.2543418 0.6418681 0.2528039 0.6259189 0.2599233 0.6302324 0.2617898 0.6165071 0.2525376 0.6259189 0.2538175 0.6165071 0.2615236 0.6165071 0.2528039 0.6070954 0.2540838 0.6165072 0.2617898 0.6165071 0.2525376 0.6070953 0.259657 0.6027818 0.2615236 0.6165071 0.2528039 0.6070954 0.2599233 0.6027818 0.254608 0.5911461 0.2525376 0.6070953 0.2488927 0.5991165 0.2543418 0.5911461 0.249159 0.5991164 0.254608 0.5911461 0.2466531 0.5833714 0.2434378 0.5937851 0.2463868 0.5833714 0.2543418 0.5911461 0.2372697 0.5919131 0.2437041 0.5937851 0.2466531 0.5833714 0.2370034 0.591913 0.2370034 0.5806413 0.2463868 0.5833714 0.2308353 0.5937852 0.2372697 0.5919131 0.2372697 0.5806413 0.230569 0.5937852 0.22762 0.5833714 0.2370034 0.5806413 0.2253804 0.5991165 0.2308353 0.5937852 0.2278863 0.5833714 0.2251141 0.5991165 0.219665 0.5911461 0.22762 0.5833714 0.2253804 0.5991165 0.2199314 0.5911461 0.2146161 0.6027818 0.2251141 0.5991165 0.2214692 0.6070954 0.2143498 0.6027818 0.2204557 0.6165071 0.2217355 0.6070954 0.2146161 0.6027818 0.2201893 0.6165071 0.2124832 0.6165071 0.2143498 0.6027818 0.2217355 0.6259189 0.2204557 0.6165071 0.2127497 0.6165071 0.2214692 0.625919 0.2143498 0.6302324 0.2124832 0.6165071 0.2217355 0.6259189 0.2146161 0.6302324 0.2199314 0.6418681 0.2214692 0.625919 0.2251141 0.6338979 0.219665 0.6418681 0.2308353 0.6392292 0.2253804 0.6338978 0.2199314 0.6418681 0.230569 0.6392292 0.22762 0.6496428 0.219665 0.6418681 0.2372698 0.6411013 0.2308353 0.6392292 0.2278863 0.6496428 0.2370035 0.6411013 0.2370034 0.6523729 0.22762 0.6496428 0.5644549 0.9795431 0.5565129 0.9873051 0.5471448 0.9900309 0.5471448 0.9900309 0.5377766 0.9873052 0.5644549 0.9795431 0.5377766 0.9873052 0.5298346 0.9795433 0.5644549 0.9795431 0.5298346 0.9795433 0.524528 0.9679265 0.5226645 0.9542233 0.5226645 0.9542233 0.524528 0.9405204 0.5298346 0.9795433 0.524528 0.9405204 0.5298346 0.9289036 0.5298346 0.9795433 0.5298346 0.9289036 0.5377766 0.9211416 0.5644549 0.9289036 0.5377766 0.9211416 0.5471448 0.9184158 0.5644549 0.9289036 0.5471448 0.9184158 0.5565129 0.9211415 0.5644549 0.9289036 0.5644549 0.9289036 0.5697615 0.9405202 0.5716251 0.9542233 0.5716251 0.9542233 0.5697615 0.9679263 0.5644549 0.9289036 0.5697615 0.9679263 0.5644549 0.9795431 0.5644549 0.9289036 0.5644549 0.9795431 0.5298346 0.9795433 0.5644549 0.9289036 0.5381643 0.9873052 0.5475327 0.9900309 0.5569006 0.9873051 0.5569006 0.9873051 0.5648426 0.9795433 0.5381643 0.9873052 0.5648426 0.9795433 0.5701493 0.9679263 0.5381643 0.9873052 0.5701493 0.9679263 0.5720128 0.9542234 0.5701494 0.9405204 0.5701494 0.9405204 0.5648426 0.9289034 0.5701493 0.9679263 0.5648426 0.9289034 0.5569006 0.9211415 0.5701493 0.9679263 0.5569006 0.9211415 0.5475324 0.9184158 0.5381643 0.9211416 0.5381643 0.9211416 0.5302224 0.9289036 0.5249157 0.9405204 0.5249157 0.9405204 0.5230522 0.9542233 0.5249157 0.9679263 0.5249157 0.9679263 0.5302224 0.9795431 0.5381643 0.9873052 0.5569006 0.9211415 0.5381643 0.9211416 0.5249157 0.9405204 0.5249157 0.9405204 0.5249157 0.9679263 0.5381643 0.9873052 0.5381643 0.9873052 0.5701493 0.9679263 0.5249157 0.9405204 0.2370035 0.6411013 0.2370035 0.6411013 0.2434378 0.6392291 0.2308353 0.6392292 0.2308353 0.6392292 0.2253804 0.6338978 0.2370034 0.591913 0.2434378 0.5937851 0.2434378 0.5937851 0.249159 0.6338979 0.249159 0.6338979 0.2437041 0.6392291 0.2251141 0.6338979 0.2251141 0.6338979 0.230569 0.6392292 0.2372697 0.5919131 0.2308353 0.5937852 0.2308353 0.5937852 0.2488927 0.6338979 0.2434378 0.6392291 0.2434378 0.6392291 0.2372698 0.6411013 0.2372698 0.6411013 0.2308353 0.6392292 0.2370034 0.591913 0.2370034 0.591913 0.230569 0.5937852 0.2528039 0.6259189 0.2528039 0.6259189 0.249159 0.6338979 0.2370035 0.6411013 0.230569 0.6392292 0.230569 0.6392292 0.2253804 0.5991165 0.2253804 0.5991165 0.2308353 0.5937852 0.2525376 0.6259189 0.2488927 0.6338979 0.2488927 0.6338979 0.2251141 0.5991165 0.230569 0.5937852 0.230569 0.5937852 0.2540838 0.6165072 0.2540838 0.6165072 0.2528039 0.6259189 0.2217355 0.6070954 0.2217355 0.6070954 0.2253804 0.5991165 0.2525376 0.6259189 0.2525376 0.6259189 0.2538175 0.6165071 0.2214692 0.6070954 0.2251141 0.5991165 0.2251141 0.5991165 0.2528039 0.6070954 0.2528039 0.6070954 0.2540838 0.6165072 0.2217355 0.6070954 0.2204557 0.6165071 0.2204557 0.6165071 0.2538175 0.6165071 0.2538175 0.6165071 0.2525376 0.6070953 0.2214692 0.6070954 0.2214692 0.6070954 0.2201893 0.6165071 0.249159 0.5991164 0.249159 0.5991164 0.2528039 0.6070954 0.2204557 0.6165071 0.2217355 0.6259189 0.2217355 0.6259189 0.2525376 0.6070953 0.2525376 0.6070953 0.2488927 0.5991165 0.2201893 0.6165071 0.2201893 0.6165071 0.2214692 0.625919 0.2437041 0.5937851 0.2437041 0.5937851 0.249159 0.5991164 0.2253804 0.6338978 0.2253804 0.6338978 0.2217355 0.6259189 0.2434378 0.5937851 0.2488927 0.5991165 0.2488927 0.5991165 0.2372698 0.6411013 0.2437041 0.6392291 0.2437041 0.6392291 0.1091536 0.9487109 0.1091536 0.9487109 0.1091536 0.8841399 0.1138156 0.9558743 0.1704296 0.9558743 0.1704296 0.9558743 0.1162371 0.8769764 0.1138156 0.9558743 0.1704296 0.9558743 0.1734067 0.8823991 0.1734067 0.8823992 0.1734067 0.9504516 0.1091536 0.88414 0.1162371 0.8769764 0.1138156 0.9558743 0.1138156 0.9558743 0.1162371 0.8769764 0.1091536 0.8841399 0.1138156 0.9558743 0.1091536 0.9487109 0.1091536 0.9487109 0.1162371 0.8769764 0.1162371 0.8769764 0.1091536 0.88414 0.1162371 0.8769764 0.1162371 0.8769764 0.1688781 0.8769764 0.1704296 0.9558743 0.1688781 0.8769764 0.1734067 0.8823991 0.1734067 0.8823992 0.1688781 0.8769764 0.1704296 0.9558743 0.1688781 0.8769764 0.1688781 0.8769764 0.1734067 0.8823992 0.1704296 0.9558743 0.1734067 0.9504517 0.1734067 0.9504516 0.1162371 0.8769764 0.1688781 0.8769764 0.1704296 0.9558743 0.3571264 0.6137018 0.3571264 0.6591952 0.3610142 0.6591952 0.3532386 0.6137018 0.3532386 0.6591952 0.3571264 0.6591952 0.3493508 0.6137018 0.3493508 0.6591952 0.3532386 0.6591952 0.3454631 0.6137018 0.3454631 0.6591952 0.3493508 0.6591952 0.3415754 0.6137018 0.3415754 0.6591952 0.3454631 0.6591952 0.3376876 0.6137018 0.3376876 0.6591952 0.3415754 0.6591952 0.3337998 0.6137018 0.3337998 0.6591952 0.3376876 0.6591952 0.3299121 0.6137018 0.3299121 0.6591952 0.3337998 0.6591952 0.3260244 0.6137018 0.3260244 0.6591952 0.3299121 0.6591952 0.3221366 0.6137018 0.3221366 0.6591952 0.3260244 0.6591952 0.3182488 0.6137018 0.3182488 0.6591952 0.3221366 0.6591952 0.314361 0.6137018 0.314361 0.6591952 0.3182488 0.6591952 0.3104733 0.6137018 0.3104733 0.6591952 0.314361 0.6591952 0.3065856 0.6137018 0.3065856 0.6591952 0.3104733 0.6591952 0.2437041 0.5937851 0.2372697 0.5919131 0.2372697 0.5919131 0.3026978 0.6137018 0.3026978 0.6591952 0.3065856 0.6591952 0.2988101 0.6137018 0.2988101 0.6591952 0.3026978 0.6591952 0.2251141 0.6338979 0.2214692 0.625919 0.2214692 0.625919 0.2466531 0.6496428 0.2372697 0.6523729 0.2372698 0.6411013 0.2370035 0.6411013 0.2370034 0.6523729 0.2463868 0.6496428 0.254608 0.6418681 0.2466531 0.6496428 0.2437041 0.6392291 0.2434378 0.6392291 0.2463868 0.6496428 0.2543418 0.6418681 0.2528039 0.6259189 0.2599233 0.6302324 0.254608 0.6418681 0.2543418 0.6418681 0.259657 0.6302324 0.2525376 0.6259189 0.2540838 0.6165072 0.2617898 0.6165071 0.2599233 0.6302324 0.259657 0.6302324 0.2615236 0.6165071 0.2538175 0.6165071 0.2599233 0.6027818 0.2617898 0.6165071 0.2540838 0.6165072 0.2538175 0.6165071 0.2615236 0.6165071 0.259657 0.6027818 0.254608 0.5911461 0.2599233 0.6027818 0.2528039 0.6070954 0.2525376 0.6070953 0.259657 0.6027818 0.2543418 0.5911461 0.2437041 0.5937851 0.2466531 0.5833714 0.254608 0.5911461 0.2543418 0.5911461 0.2463868 0.5833714 0.2434378 0.5937851 0.2372697 0.5806413 0.2466531 0.5833714 0.2437041 0.5937851 0.2434378 0.5937851 0.2463868 0.5833714 0.2370034 0.5806413 0.2308353 0.5937852 0.2278863 0.5833714 0.2372697 0.5806413 0.2370034 0.5806413 0.22762 0.5833714 0.230569 0.5937852 0.2253804 0.5991165 0.2199314 0.5911461 0.2278863 0.5833714 0.22762 0.5833714 0.219665 0.5911461 0.2251141 0.5991165 0.2146161 0.6027818 0.2199314 0.5911461 0.2253804 0.5991165 0.2251141 0.5991165 0.219665 0.5911461 0.2143498 0.6027818 0.2127497 0.6165071 0.2146161 0.6027818 0.2217355 0.6070954 0.2214692 0.6070954 0.2143498 0.6027818 0.2124832 0.6165071 0.2146161 0.6302324 0.2127497 0.6165071 0.2204557 0.6165071 0.2201893 0.6165071 0.2124832 0.6165071 0.2143498 0.6302324 0.2253804 0.6338978 0.2199314 0.6418681 0.2146161 0.6302324 0.2143498 0.6302324 0.219665 0.6418681 0.2251141 0.6338979 0.2308353 0.6392292 0.2278863 0.6496428 0.2199314 0.6418681 0.219665 0.6418681 0.22762 0.6496428 0.230569 0.6392292 0.2372698 0.6411013 0.2372697 0.6523729 0.2278863 0.6496428 0.22762 0.6496428 0.2370034 0.6523729 0.2370035 0.6411013 0.5471448 0.9900309 0.5565129 0.9873051 0.5644549 0.9795431 0.5644549 0.9795431 0.5697615 0.9679263 0.5716251 0.9542233 0.5716251 0.9542233 0.5697615 0.9405202 0.5471448 0.9184158 0.5697615 0.9405202 0.5644549 0.9289036 0.5471448 0.9184158 0.5644549 0.9289036 0.5565129 0.9211415 0.5471448 0.9184158 0.5471448 0.9184158 0.5377766 0.9211416 0.5298346 0.9289036 0.5298346 0.9289036 0.524528 0.9405204 0.5471448 0.9184158 0.524528 0.9405204 0.5226645 0.9542233 0.5471448 0.9184158 0.5226645 0.9542233 0.524528 0.9679265 0.5298346 0.9795433 0.5298346 0.9795433 0.5377766 0.9873052 0.5226645 0.9542233 0.5377766 0.9873052 0.5471448 0.9900309 0.5226645 0.9542233 0.5471448 0.9900309 0.5644549 0.9795431 0.5471448 0.9184158 0.5644549 0.9795431 0.5716251 0.9542233 0.5471448 0.9184158 0.5569006 0.9873051 0.5475327 0.9900309 0.5381643 0.9873052 0.5381643 0.9873052 0.5302224 0.9795431 0.5249157 0.9679263 0.5249157 0.9679263 0.5230522 0.9542233 0.5249157 0.9405204 0.5249157 0.9405204 0.5302224 0.9289036 0.5249157 0.9679263 0.5302224 0.9289036 0.5381643 0.9211416 0.5249157 0.9679263 0.5381643 0.9211416 0.5475324 0.9184158 0.5701494 0.9405204 0.5475324 0.9184158 0.5569006 0.9211415 0.5701494 0.9405204 0.5569006 0.9211415 0.5648426 0.9289034 0.5701494 0.9405204 0.5701494 0.9405204 0.5720128 0.9542234 0.5701493 0.9679263 0.5701493 0.9679263 0.5648426 0.9795433 0.5701494 0.9405204 0.5648426 0.9795433 0.5569006 0.9873051 0.5701494 0.9405204 0.5569006 0.9873051 0.5381643 0.9873052 0.5249157 0.9679263 0.5569006 0.9873051 0.5249157 0.9679263 0.5701494 0.9405204 0.2434378 0.6392291 0.2370035 0.6411013 0.2370035 0.6411013 0.2253804 0.6338978 0.2308353 0.6392292 0.2308353 0.6392292 0.2370034 0.591913 0.2370034 0.591913 0.2434378 0.5937851 0.2437041 0.6392291 0.249159 0.6338979 0.249159 0.6338979 0.230569 0.6392292 0.2251141 0.6338979 0.2251141 0.6338979 0.2372697 0.5919131 0.2372697 0.5919131 0.2308353 0.5937852 0.2488927 0.6338979 0.2488927 0.6338979 0.2434378 0.6392291 0.2308353 0.6392292 0.2372698 0.6411013 0.2372698 0.6411013 0.230569 0.5937852 0.2370034 0.591913 0.2370034 0.591913 0.249159 0.6338979 0.2528039 0.6259189 0.2528039 0.6259189 0.2370035 0.6411013 0.230569 0.6392292 0.230569 0.6392292 0.2308353 0.5937852 0.2308353 0.5937852 0.2253804 0.5991165 0.2525376 0.6259189 0.2525376 0.6259189 0.2488927 0.6338979 0.2251141 0.5991165 0.230569 0.5937852 0.230569 0.5937852 0.2528039 0.6259189 0.2540838 0.6165072 0.2540838 0.6165072 0.2253804 0.5991165 0.2253804 0.5991165 0.2217355 0.6070954 0.2538175 0.6165071 0.2525376 0.6259189 0.2525376 0.6259189 0.2214692 0.6070954 0.2251141 0.5991165 0.2251141 0.5991165 0.2540838 0.6165072 0.2528039 0.6070954 0.2528039 0.6070954 0.2217355 0.6070954 0.2204557 0.6165071 0.2204557 0.6165071 0.2525376 0.6070953 0.2525376 0.6070953 0.2538175 0.6165071 0.2201893 0.6165071 0.2201893 0.6165071 0.2214692 0.6070954 0.2528039 0.6070954 0.249159 0.5991164 0.249159 0.5991164 0.2204557 0.6165071 0.2204557 0.6165071 0.2217355 0.6259189 0.2488927 0.5991165 0.2488927 0.5991165 0.2525376 0.6070953 0.2214692 0.625919 0.2201893 0.6165071 0.2201893 0.6165071 0.249159 0.5991164 0.2437041 0.5937851 0.2437041 0.5937851 0.2217355 0.6259189 0.2253804 0.6338978 0.2253804 0.6338978 0.2434378 0.5937851 0.2434378 0.5937851 0.2488927 0.5991165 0.2372698 0.6411013 0.2372698 0.6411013 0.2437041 0.6392291 0.1091536 0.8841399 0.1091536 0.9487109 0.1091536 0.9487109 0.1138156 0.9558743 0.1138156 0.9558743 0.1704296 0.9558743 0.1162371 0.8769764 0.1688781 0.8769764 0.1704296 0.9558743 0.1734067 0.9504516 0.1734067 0.8823992 0.1734067 0.8823991 0.1138156 0.9558743 0.1162371 0.8769764 0.1091536 0.88414 0.1138156 0.9558743 0.1091536 0.9487109 0.1091536 0.8841399 0.1091536 0.9487109 0.1091536 0.9487109 0.1138156 0.9558743 0.1162371 0.8769764 0.1091536 0.8841399 0.1091536 0.88414 0.1688781 0.8769764 0.1162371 0.8769764 0.1162371 0.8769764 0.1704296 0.9558743 0.1734067 0.9504517 0.1734067 0.8823991 0.1704296 0.9558743 0.1688781 0.8769764 0.1734067 0.8823992 0.1688781 0.8769764 0.1734067 0.8823991 0.1734067 0.8823992 0.1734067 0.9504516 0.1734067 0.9504517 0.1704296 0.9558743 0.1162371 0.8769764 0.1138156 0.9558743 0.1704296 0.9558743 0.3610142 0.6591952 0.3571264 0.6591952 0.3571264 0.6137018 0.3571264 0.6591952 0.3532386 0.6591952 0.3532386 0.6137018 0.3532386 0.6591952 0.3493508 0.6591952 0.3493508 0.6137018 0.3493508 0.6591952 0.3454631 0.6591952 0.3454631 0.6137018 0.3454631 0.6591952 0.3415754 0.6591952 0.3415754 0.6137018 0.3415754 0.6591952 0.3376876 0.6591952 0.3376876 0.6137018 0.3376876 0.6591952 0.3337998 0.6591952 0.3337998 0.6137018 0.3337998 0.6591952 0.3299121 0.6591952 0.3299121 0.6137018 0.3299121 0.6591952 0.3260244 0.6591952 0.3260244 0.6137018 0.3260244 0.6591952 0.3221366 0.6591952 0.3221366 0.6137018 0.3221366 0.6591952 0.3182488 0.6591952 0.3182488 0.6137018 0.3182488 0.6591952 0.314361 0.6591952 0.314361 0.6137018 0.314361 0.6591952 0.3104733 0.6591952 0.3104733 0.6137018 0.3104733 0.6591952 0.3065856 0.6591952 0.3065856 0.6137018 0.2372697 0.5919131 0.2372697 0.5919131 0.2437041 0.5937851 0.3065856 0.6591952 0.3026978 0.6591952 0.3026978 0.6137018 0.3026978 0.6591952 0.2988101 0.6591952 0.2988101 0.6137018 0.2251141 0.6338979 0.2214692 0.625919 0.2214692 0.625919 0.2372698 0.6411013 0.2372697 0.6523729 0.2466531 0.6496428 0.2370035 0.6411013 0.2434378 0.6392291 0.2463868 0.6496428 0.249159 0.6338979 0.2437041 0.6392291 0.2466531 0.6496428 0.2488927 0.6338979 0.2543418 0.6418681 0.2463868 0.6496428 0.2528039 0.6259189 0.249159 0.6338979 0.254608 0.6418681 0.2525376 0.6259189 0.259657 0.6302324 0.2543418 0.6418681 0.2528039 0.6259189 0.2599233 0.6302324 0.2617898 0.6165071 0.2525376 0.6259189 0.2538175 0.6165071 0.2615236 0.6165071 0.2528039 0.6070954 0.2540838 0.6165072 0.2617898 0.6165071 0.2525376 0.6070953 0.259657 0.6027818 0.2615236 0.6165071 0.2528039 0.6070954 0.2599233 0.6027818 0.254608 0.5911461 0.2525376 0.6070953 0.2488927 0.5991165 0.2543418 0.5911461 0.249159 0.5991164 0.254608 0.5911461 0.2466531 0.5833714 0.2488927 0.5991165 0.2434378 0.5937851 0.2463868 0.5833714 0.2372697 0.5919131 0.2437041 0.5937851 0.2466531 0.5833714 0.2370034 0.591913 0.2370034 0.5806413 0.2463868 0.5833714 0.2308353 0.5937852 0.2372697 0.5919131 0.2372697 0.5806413 0.230569 0.5937852 0.22762 0.5833714 0.2370034 0.5806413 0.2253804 0.5991165 0.2308353 0.5937852 0.2278863 0.5833714 0.2251141 0.5991165 0.219665 0.5911461 0.22762 0.5833714 0.2217355 0.6070954 0.2253804 0.5991165 0.2199314 0.5911461 0.2214692 0.6070954 0.2143498 0.6027818 0.219665 0.5911461 0.2204557 0.6165071 0.2217355 0.6070954 0.2146161 0.6027818 0.2201893 0.6165071 0.2124832 0.6165071 0.2143498 0.6027818 0.2217355 0.6259189 0.2204557 0.6165071 0.2127497 0.6165071 0.2214692 0.625919 0.2143498 0.6302324 0.2124832 0.6165071 0.2217355 0.6259189 0.2146161 0.6302324 0.2199314 0.6418681 0.2214692 0.625919 0.2251141 0.6338979 0.219665 0.6418681 0.2308353 0.6392292 0.2253804 0.6338978 0.2199314 0.6418681 0.230569 0.6392292 0.22762 0.6496428 0.219665 0.6418681 0.2372698 0.6411013 0.2308353 0.6392292 0.2278863 0.6496428 0.2370035 0.6411013 0.2370034 0.6523729 0.22762 0.6496428 0.5644549 0.9795431 0.5565129 0.9873051 0.5471448 0.9900309 0.5471448 0.9900309 0.5377766 0.9873052 0.5644549 0.9795431 0.5377766 0.9873052 0.5298346 0.9795433 0.5644549 0.9795431 0.5298346 0.9795433 0.524528 0.9679265 0.5226645 0.9542233 0.5226645 0.9542233 0.524528 0.9405204 0.5298346 0.9795433 0.524528 0.9405204 0.5298346 0.9289036 0.5298346 0.9795433 0.5298346 0.9289036 0.5377766 0.9211416 0.5644549 0.9289036 0.5377766 0.9211416 0.5471448 0.9184158 0.5644549 0.9289036 0.5471448 0.9184158 0.5565129 0.9211415 0.5644549 0.9289036 0.5644549 0.9289036 0.5697615 0.9405202 0.5716251 0.9542233 0.5716251 0.9542233 0.5697615 0.9679263 0.5644549 0.9289036 0.5697615 0.9679263 0.5644549 0.9795431 0.5644549 0.9289036 0.5644549 0.9795431 0.5298346 0.9795433 0.5298346 0.9289036 0.5381643 0.9873052 0.5475327 0.9900309 0.5569006 0.9873051 0.5569006 0.9873051 0.5648426 0.9795433 0.5381643 0.9873052 0.5648426 0.9795433 0.5701493 0.9679263 0.5381643 0.9873052 0.5701493 0.9679263 0.5720128 0.9542234 0.5701494 0.9405204 0.5701494 0.9405204 0.5648426 0.9289034 0.5701493 0.9679263 0.5648426 0.9289034 0.5569006 0.9211415 0.5701493 0.9679263 0.5569006 0.9211415 0.5475324 0.9184158 0.5381643 0.9211416 0.5381643 0.9211416 0.5302224 0.9289036 0.5249157 0.9405204 0.5249157 0.9405204 0.5230522 0.9542233 0.5249157 0.9679263 0.5249157 0.9679263 0.5302224 0.9795431 0.5381643 0.9873052 0.5569006 0.9211415 0.5381643 0.9211416 0.5249157 0.9405204 0.5249157 0.9405204 0.5249157 0.9679263 0.5381643 0.9873052 0.5381643 0.9873052 0.5701493 0.9679263 0.5249157 0.9405204 0.2370035 0.6411013 0.2370035 0.6411013 0.2434378 0.6392291 0.2308353 0.6392292 0.2308353 0.6392292 0.2253804 0.6338978 0.2370034 0.591913 0.2434378 0.5937851 0.2434378 0.5937851 0.249159 0.6338979 0.249159 0.6338979 0.2437041 0.6392291 0.230569 0.6392292 0.2251141 0.6338979 0.2251141 0.6338979 0.2372697 0.5919131 0.2308353 0.5937852 0.2308353 0.5937852 0.2488927 0.6338979 0.2434378 0.6392291 0.2434378 0.6392291 0.2372698 0.6411013 0.2372698 0.6411013 0.2308353 0.6392292 0.2370034 0.591913 0.2370034 0.591913 0.230569 0.5937852 0.2528039 0.6259189 0.2528039 0.6259189 0.249159 0.6338979 0.2370035 0.6411013 0.230569 0.6392292 0.230569 0.6392292 0.2253804 0.5991165 0.2253804 0.5991165 0.2308353 0.5937852 0.2525376 0.6259189 0.2488927 0.6338979 0.2488927 0.6338979 0.2251141 0.5991165 0.230569 0.5937852 0.230569 0.5937852 0.2540838 0.6165072 0.2540838 0.6165072 0.2528039 0.6259189 0.2217355 0.6070954 0.2217355 0.6070954 0.2253804 0.5991165 0.2525376 0.6259189 0.2525376 0.6259189 0.2538175 0.6165071 0.2214692 0.6070954 0.2251141 0.5991165 0.2251141 0.5991165 0.2528039 0.6070954 0.2528039 0.6070954 0.2540838 0.6165072 0.2204557 0.6165071 0.2204557 0.6165071 0.2217355 0.6070954 0.2525376 0.6070953 0.2538175 0.6165071 0.2538175 0.6165071 0.2201893 0.6165071 0.2214692 0.6070954 0.2214692 0.6070954 0.249159 0.5991164 0.249159 0.5991164 0.2528039 0.6070954 0.2204557 0.6165071 0.2217355 0.6259189 0.2217355 0.6259189 0.2488927 0.5991165 0.2525376 0.6070953 0.2525376 0.6070953 0.2201893 0.6165071 0.2201893 0.6165071 0.2214692 0.625919 0.2437041 0.5937851 0.2437041 0.5937851 0.249159 0.5991164 0.2253804 0.6338978 0.2253804 0.6338978 0.2217355 0.6259189 0.2434378 0.5937851 0.2488927 0.5991165 0.2488927 0.5991165 0.2372698 0.6411013 0.2437041 0.6392291 0.2437041 0.6392291 0.1091536 0.9487109 0.1091536 0.9487109 0.1091536 0.8841399 0.1138156 0.9558743 0.1704296 0.9558743 0.1704296 0.9558743 0.1162371 0.8769764 0.1138156 0.9558743 0.1704296 0.9558743 0.1734067 0.8823991 0.1734067 0.8823992 0.1734067 0.9504516 0.1091536 0.88414 0.1162371 0.8769764 0.1138156 0.9558743 0.1138156 0.9558743 0.1162371 0.8769764 0.1091536 0.8841399 0.1138156 0.9558743 0.1091536 0.9487109 0.1091536 0.9487109 0.1162371 0.8769764 0.1162371 0.8769764 0.1091536 0.88414 0.1162371 0.8769764 0.1162371 0.8769764 0.1688781 0.8769764 0.1704296 0.9558743 0.1688781 0.8769764 0.1734067 0.8823991 0.1734067 0.8823992 0.1688781 0.8769764 0.1704296 0.9558743 0.1688781 0.8769764 0.1688781 0.8769764 0.1734067 0.8823992 0.1704296 0.9558743 0.1734067 0.9504517 0.1734067 0.9504516 0.1162371 0.8769764 0.1688781 0.8769764 0.1704296 0.9558743 0.3571264 0.6137018 0.3571264 0.6591952 0.3610142 0.6591952 0.3532386 0.6137018 0.3532386 0.6591952 0.3571264 0.6591952 0.3493508 0.6137018 0.3493508 0.6591952 0.3532386 0.6591952 0.3454631 0.6137018 0.3454631 0.6591952 0.3493508 0.6591952 0.3415754 0.6137018 0.3415754 0.6591952 0.3454631 0.6591952 0.3376876 0.6137018 0.3376876 0.6591952 0.3415754 0.6591952 0.3337998 0.6137018 0.3337998 0.6591952 0.3376876 0.6591952 0.3299121 0.6137018 0.3299121 0.6591952 0.3337998 0.6591952 0.3260244 0.6137018 0.3260244 0.6591952 0.3299121 0.6591952 0.3221366 0.6137018 0.3221366 0.6591952 0.3260244 0.6591952 0.3182488 0.6137018 0.3182488 0.6591952 0.3221366 0.6591952 0.314361 0.6137018 0.314361 0.6591952 0.3182488 0.6591952 0.3104733 0.6137018 0.3104733 0.6591952 0.314361 0.6591952 0.3065856 0.6137018 0.3065856 0.6591952 0.3104733 0.6591952 0.2437041 0.5937851 0.2372697 0.5919131 0.2372697 0.5919131 0.3026978 0.6137018 0.3026978 0.6591952 0.3065856 0.6591952 0.2988101 0.6137018 0.2988101 0.6591952 0.3026978 0.6591952 0.2251141 0.6338979 0.2251141 0.6338979 0.2214692 0.625919 0.2466531 0.6496428 0.2372697 0.6523729 0.2372698 0.6411013 0.2370035 0.6411013 0.2370034 0.6523729 0.2463868 0.6496428 0.254608 0.6418681 0.2466531 0.6496428 0.2437041 0.6392291 0.2434378 0.6392291 0.2463868 0.6496428 0.2543418 0.6418681 0.2528039 0.6259189 0.2599233 0.6302324 0.254608 0.6418681 0.2543418 0.6418681 0.259657 0.6302324 0.2525376 0.6259189 0.2617898 0.6165071 0.2599233 0.6302324 0.2528039 0.6259189 0.2525376 0.6259189 0.259657 0.6302324 0.2615236 0.6165071 0.2599233 0.6027818 0.2617898 0.6165071 0.2540838 0.6165072 0.2538175 0.6165071 0.2615236 0.6165071 0.259657 0.6027818 0.254608 0.5911461 0.2599233 0.6027818 0.2528039 0.6070954 0.2525376 0.6070953 0.259657 0.6027818 0.2543418 0.5911461 0.2437041 0.5937851 0.2466531 0.5833714 0.254608 0.5911461 0.2543418 0.5911461 0.2463868 0.5833714 0.2434378 0.5937851 0.2372697 0.5806413 0.2466531 0.5833714 0.2437041 0.5937851 0.2434378 0.5937851 0.2463868 0.5833714 0.2370034 0.5806413 0.2308353 0.5937852 0.2278863 0.5833714 0.2372697 0.5806413 0.2370034 0.5806413 0.22762 0.5833714 0.230569 0.5937852 0.2253804 0.5991165 0.2199314 0.5911461 0.2278863 0.5833714 0.22762 0.5833714 0.219665 0.5911461 0.2251141 0.5991165 0.2146161 0.6027818 0.2199314 0.5911461 0.2253804 0.5991165 0.2251141 0.5991165 0.219665 0.5911461 0.2143498 0.6027818 0.2127497 0.6165071 0.2146161 0.6027818 0.2217355 0.6070954 0.2214692 0.6070954 0.2143498 0.6027818 0.2124832 0.6165071 0.2146161 0.6302324 0.2127497 0.6165071 0.2204557 0.6165071 0.2201893 0.6165071 0.2124832 0.6165071 0.2143498 0.6302324 0.2253804 0.6338978 0.2199314 0.6418681 0.2146161 0.6302324 0.2143498 0.6302324 0.219665 0.6418681 0.2251141 0.6338979 0.2308353 0.6392292 0.2278863 0.6496428 0.2199314 0.6418681 0.219665 0.6418681 0.22762 0.6496428 0.230569 0.6392292 0.2372698 0.6411013 0.2372697 0.6523729 0.2278863 0.6496428 0.22762 0.6496428 0.2370034 0.6523729 0.2370035 0.6411013 0.5471448 0.9900309 0.5565129 0.9873051 0.5644549 0.9795431 0.5644549 0.9795431 0.5697615 0.9679263 0.5716251 0.9542233 0.5716251 0.9542233 0.5697615 0.9405202 0.5644549 0.9289036 0.5644549 0.9289036 0.5565129 0.9211415 0.5471448 0.9184158 0.5471448 0.9184158 0.5377766 0.9211416 0.5298346 0.9289036 0.5298346 0.9289036 0.524528 0.9405204 0.5471448 0.9184158 0.524528 0.9405204 0.5226645 0.9542233 0.5471448 0.9184158 0.5226645 0.9542233 0.524528 0.9679265 0.5471448 0.9900309 0.524528 0.9679265 0.5298346 0.9795433 0.5471448 0.9900309 0.5298346 0.9795433 0.5377766 0.9873052 0.5471448 0.9900309 0.5471448 0.9900309 0.5644549 0.9795431 0.5716251 0.9542233 0.5716251 0.9542233 0.5644549 0.9289036 0.5471448 0.9900309 0.5644549 0.9289036 0.5471448 0.9184158 0.5471448 0.9900309 0.5569006 0.9873051 0.5475327 0.9900309 0.5381643 0.9873052 0.5381643 0.9873052 0.5302224 0.9795431 0.5249157 0.9679263 0.5249157 0.9679263 0.5230522 0.9542233 0.5249157 0.9405204 0.5249157 0.9405204 0.5302224 0.9289036 0.5249157 0.9679263 0.5302224 0.9289036 0.5381643 0.9211416 0.5249157 0.9679263 0.5381643 0.9211416 0.5475324 0.9184158 0.5569006 0.9211415 0.5569006 0.9211415 0.5648426 0.9289034 0.5381643 0.9211416 0.5648426 0.9289034 0.5701494 0.9405204 0.5381643 0.9211416 0.5701494 0.9405204 0.5720128 0.9542234 0.5701493 0.9679263 0.5701493 0.9679263 0.5648426 0.9795433 0.5701494 0.9405204 0.5648426 0.9795433 0.5569006 0.9873051 0.5701494 0.9405204 0.5569006 0.9873051 0.5381643 0.9873052 0.5249157 0.9679263 0.5569006 0.9873051 0.5249157 0.9679263 0.5701494 0.9405204 0.2434378 0.6392291 0.2370035 0.6411013 0.2370035 0.6411013 0.2253804 0.6338978 0.2308353 0.6392292 0.2308353 0.6392292 0.2370034 0.591913 0.2370034 0.591913 0.2434378 0.5937851 0.2437041 0.6392291 0.249159 0.6338979 0.249159 0.6338979 0.230569 0.6392292 0.230569 0.6392292 0.2251141 0.6338979 0.2372697 0.5919131 0.2372697 0.5919131 0.2308353 0.5937852 0.2488927 0.6338979 0.2488927 0.6338979 0.2434378 0.6392291 0.2308353 0.6392292 0.2372698 0.6411013 0.2372698 0.6411013 0.230569 0.5937852 0.2370034 0.591913 0.2370034 0.591913 0.249159 0.6338979 0.2528039 0.6259189 0.2528039 0.6259189 0.2370035 0.6411013 0.230569 0.6392292 0.230569 0.6392292 0.2308353 0.5937852 0.2308353 0.5937852 0.2253804 0.5991165 0.2525376 0.6259189 0.2525376 0.6259189 0.2488927 0.6338979 0.2251141 0.5991165 0.230569 0.5937852 0.230569 0.5937852 0.2528039 0.6259189 0.2540838 0.6165072 0.2540838 0.6165072 0.2253804 0.5991165 0.2253804 0.5991165 0.2217355 0.6070954 0.2538175 0.6165071 0.2525376 0.6259189 0.2525376 0.6259189 0.2214692 0.6070954 0.2251141 0.5991165 0.2251141 0.5991165 0.2540838 0.6165072 0.2528039 0.6070954 0.2528039 0.6070954 0.2217355 0.6070954 0.2217355 0.6070954 0.2204557 0.6165071 0.2525376 0.6070953 0.2538175 0.6165071 0.2538175 0.6165071 0.2201893 0.6165071 0.2214692 0.6070954 0.2214692 0.6070954 0.2528039 0.6070954 0.249159 0.5991164 0.249159 0.5991164 0.2204557 0.6165071 0.2217355 0.6259189 0.2217355 0.6259189 0.2488927 0.5991165 0.2525376 0.6070953 0.2525376 0.6070953 0.2214692 0.625919 0.2214692 0.625919 0.2201893 0.6165071 0.249159 0.5991164 0.2437041 0.5937851 0.2437041 0.5937851 0.2217355 0.6259189 0.2253804 0.6338978 0.2253804 0.6338978 0.2434378 0.5937851 0.2434378 0.5937851 0.2488927 0.5991165 0.2372698 0.6411013 0.2372698 0.6411013 0.2437041 0.6392291</float_array>
          <technique_common>
            <accessor source="#Cube_011-mesh-map-1-array" count="3426" stride="2">
              <param name="S" type="float"/>
              <param name="T" type="float"/>
            </accessor>
          </technique_common>
        </source>
        <vertices id="Cube_011-mesh-vertices">
          <input semantic="POSITION" source="#Cube_011-mesh-positions"/>
        </vertices>
        <triangles material="Material_001-material" count="1142">
          <input semantic="VERTEX" source="#Cube_011-mesh-vertices" offset="0"/>
          <input semantic="NORMAL" source="#Cube_011-mesh-normals" offset="1"/>
          <input semantic="TEXCOORD" source="#Cube_011-mesh-map-0" offset="2" set="0"/>
          <input semantic="TEXCOORD" source="#Cube_011-mesh-map-1" offset="2" set="1"/>
          <p>38 0 0 2 1 1 22 2 2 72 3 3 16 4 4 18 5 5 9 6 6 32 7 7 33 8 8 14 9 9 10 10 10 11 11 11 7 12 12 3 13 13 9 14 14 2 15 15 9 14 16 5 16 17 4 17 18 6 18 19 1 19 20 5 20 21 33 8 22 27 21 23 21 22 24 7 23 25 38 0 26 46 24 27 10 25 28 45 24 29 14 26 30 46 27 31 58 28 32 3 29 33 55 30 34 32 7 35 15 31 36 58 28 37 55 30 38 0 32 39 15 33 40 3 13 41 15 34 42 13 35 43 14 36 44 87 37 45 86 38 46 88 39 47 100 40 48 94 41 49 93 42 50 84 43 51 93 44 52 61 45 53 72 46 54 70 47 55 79 48 56 75 49 57 94 50 58 99 51 59 76 52 60 88 53 61 89 54 62 77 55 63 67 56 64 76 52 65 78 57 66 68 58 67 77 55 68 79 59 69 69 60 70 78 57 71 71 61 72 65 62 73 16 63 74 80 64 75 64 65 76 65 66 77 81 67 78 63 68 79 64 65 80 82 69 81 62 70 82 63 68 83 83 71 84 87 72 85 62 70 86 65 73 87 18 74 88 16 75 89 64 76 90 70 77 91 65 73 92 63 78 93 69 79 94 64 76 95 62 80 96 68 81 97 63 78 98 87 37 99 67 82 100 62 80 101 56 83 102 60 84 103 57 85 104 55 30 105 59 86 106 56 83 107 12 87 108 54 88 109 13 89 110 51 90 111 53 91 112 54 88 113 50 92 114 52 93 115 53 91 116 0 94 117 51 90 118 12 87 119 21 22 120 50 92 121 51 90 122 13 89 123 45 95 124 10 96 125 54 88 126 44 97 127 45 95 128 53 91 129 43 98 130 44 97 131 35 99 132 41 100 133 36 101 134 36 101 135 42 102 136 37 103 137 6 18 138 37 103 139 42 102 140 59 86 141 48 104 142 60 84 143 58 28 144 47 105 145 59 86 146 57 85 147 40 106 148 35 99 149 49 107 150 50 92 151 20 108 152 57 85 153 35 99 154 32 7 155 48 109 156 44 110 157 43 111 158 47 112 159 45 113 160 44 110 161 20 108 162 38 0 163 39 114 164 4 115 165 37 103 166 8 116 167 30 117 168 37 103 169 31 118 170 29 119 171 36 101 172 30 117 173 28 120 174 35 99 175 29 119 176 27 21 177 34 121 178 28 120 179 42 102 180 1 122 181 6 18 182 42 102 183 25 123 184 26 124 185 41 100 186 24 125 187 25 123 188 40 106 189 23 126 190 24 125 191 39 114 192 22 2 193 23 126 194 23 126 195 90 127 196 83 71 197 23 126 198 82 69 199 24 125 200 24 125 201 81 67 202 25 123 203 26 124 204 81 67 205 80 64 206 1 122 207 80 128 208 71 61 209 31 118 210 78 57 211 30 117 212 29 119 213 78 57 214 77 55 215 28 120 216 77 55 217 76 52 218 28 120 219 89 54 220 27 21 221 27 21 222 73 129 223 5 20 224 4 115 225 79 48 226 31 130 227 22 2 228 92 131 229 90 127 230 5 16 231 92 132 232 2 15 233 4 17 234 71 133 235 72 3 236 17 134 237 86 135 238 85 136 239 95 137 240 85 138 241 87 72 242 96 139 243 86 140 244 19 141 245 96 139 246 89 54 247 88 53 248 95 137 249 90 127 250 98 142 251 97 143 252 73 129 253 89 54 254 98 142 255 92 131 256 74 144 257 74 145 258 73 146 259 91 147 260 94 41 261 17 134 262 93 42 263 61 148 264 17 149 265 95 150 266 66 151 267 19 152 268 94 153 269 75 154 270 96 155 271 66 156 272 84 157 273 95 158 274 98 159 275 99 51 276 97 143 277 75 49 278 100 160 279 98 142 280 74 144 281 99 161 282 74 145 283 91 147 284 105 162 285 104 163 286 109 164 287 101 165 288 112 166 289 103 167 290 114 168 291 103 168 292 112 169 293 110 170 294 114 171 295 111 172 296 115 173 297 107 174 298 106 175 299 111 176 300 112 177 301 108 178 302 106 179 303 104 180 304 102 181 305 107 182 306 109 182 307 104 183 308 116 184 309 105 185 310 109 186 311 115 187 312 102 187 313 105 187 314 113 188 315 101 188 316 103 188 317 110 189 318 108 189 319 101 190 320 122 191 321 117 98 322 118 192 323 123 193 324 120 104 325 124 194 326 125 195 327 131 196 328 127 195 329 126 197 330 137 197 331 130 198 332 132 199 333 137 200 334 140 201 335 136 202 336 138 202 337 133 202 338 127 203 339 126 204 340 125 205 341 130 206 342 131 207 343 129 208 344 130 209 345 125 210 346 126 211 347 132 212 348 127 213 349 131 214 350 128 215 351 140 216 352 135 217 353 135 218 354 133 219 355 134 220 356 139 221 357 137 222 358 138 223 359 135 224 360 139 225 361 136 226 362 134 227 363 138 228 364 137 229 365 128 230 366 134 231 367 126 232 368 147 233 369 141 233 370 143 234 371 142 235 372 153 236 373 150 237 374 148 238 375 153 239 376 146 240 377 154 202 378 152 202 379 149 202 380 142 241 381 143 242 382 141 243 383 146 244 384 147 245 385 148 246 386 141 247 387 146 248 388 142 249 389 148 250 390 143 251 391 144 252 392 156 253 393 144 254 394 151 255 395 149 256 396 151 257 397 150 258 398 153 259 399 155 260 400 154 261 401 151 262 402 155 263 403 156 264 404 154 265 405 150 266 406 153 267 407 144 268 408 150 269 409 151 270 410 163 271 411 157 272 412 159 273 413 158 274 414 169 275 415 166 276 416 164 277 417 169 278 418 162 279 419 170 280 420 168 281 421 165 282 422 158 283 423 159 284 424 157 285 425 162 286 426 163 287 427 164 288 428 157 289 429 162 290 430 158 291 431 164 292 432 159 293 433 160 294 434 172 295 435 160 296 436 167 297 437 166 298 438 168 299 439 167 300 440 169 301 441 171 302 442 170 303 443 167 304 444 171 305 445 172 306 446 170 307 447 166 308 448 169 309 449 160 310 450 166 311 451 167 312 452 208 313 453 206 313 454 205 314 455 207 315 456 209 315 457 206 316 458 210 317 459 211 317 460 209 318 461 212 319 462 213 319 463 211 320 464 214 321 465 215 321 466 213 322 467 216 323 468 217 323 469 215 323 470 218 324 471 219 324 472 217 325 473 220 326 474 221 326 475 219 327 476 222 328 477 223 329 478 221 330 479 224 331 480 225 332 481 223 333 482 226 334 483 227 334 484 225 335 485 228 336 486 229 337 487 227 338 488 230 339 489 231 340 490 229 341 491 232 342 492 233 343 493 231 344 494 189 345 495 251 346 496 187 347 497 234 348 498 235 348 499 233 349 500 236 350 501 205 351 502 235 352 503 200 353 504 266 353 505 202 354 506 173 355 507 206 356 508 175 357 509 174 358 510 207 359 511 208 360 512 177 361 513 206 362 514 209 363 515 178 175 516 207 175 517 176 175 518 179 364 519 209 365 520 211 366 521 180 175 522 210 175 523 178 175 524 179 367 525 213 368 526 181 369 527 180 370 528 214 371 529 212 175 530 183 372 531 213 373 532 215 374 533 184 375 534 214 376 535 182 377 536 183 357 537 217 357 538 185 357 539 184 175 540 218 175 541 216 175 542 185 378 543 219 379 544 187 357 545 188 175 546 218 175 547 186 175 548 189 380 549 219 381 550 221 382 551 190 383 552 220 384 553 188 175 554 191 385 555 221 386 556 223 387 557 192 388 558 222 389 559 190 175 560 193 390 561 223 391 562 225 357 563 194 175 564 224 175 565 192 175 566 193 392 567 227 393 568 195 394 569 194 395 570 228 396 571 226 397 572 197 398 573 227 399 574 229 400 575 198 401 576 228 402 577 196 403 578 199 404 579 229 405 580 231 406 581 200 407 582 230 408 583 198 409 584 199 410 585 233 411 586 201 412 587 200 175 588 234 175 589 232 175 590 203 357 591 233 357 592 235 357 593 204 413 594 234 414 595 202 415 596 173 416 597 235 417 598 205 418 599 174 419 600 236 420 601 204 175 602 266 421 603 258 422 604 250 423 605 243 424 606 251 425 607 259 426 608 174 427 609 239 428 610 176 429 611 203 430 612 265 431 613 201 432 614 190 433 615 252 434 616 254 435 617 177 436 618 238 437 619 175 438 620 202 439 621 268 440 622 204 441 623 189 442 624 255 443 625 253 444 626 178 445 627 239 446 628 242 447 629 173 448 630 267 449 631 203 450 632 190 451 633 256 452 634 192 453 635 179 454 636 241 455 637 177 456 638 174 457 639 268 458 640 240 459 641 193 460 642 255 461 643 191 462 644 180 463 645 242 464 646 244 465 647 194 466 648 256 467 649 258 468 650 181 469 651 243 470 652 179 471 653 195 472 654 257 473 655 193 474 656 180 475 657 246 476 658 182 477 659 196 478 660 258 479 661 260 480 662 183 481 663 245 482 664 181 483 665 195 484 666 261 485 667 259 486 668 182 482 669 248 481 670 184 487 671 196 488 672 262 489 673 198 490 674 185 491 675 247 492 676 183 493 677 197 494 678 263 495 679 261 496 680 184 497 681 250 497 682 186 498 683 198 499 684 264 500 685 200 501 686 187 502 687 249 503 688 185 504 689 201 505 690 263 506 691 199 507 692 188 508 693 250 509 694 252 510 695 173 511 696 238 512 697 237 513 698 269 514 699 275 515 700 271 516 701 270 517 702 281 518 703 274 519 704 276 520 705 281 521 706 284 522 707 280 523 708 282 524 709 277 525 710 271 526 711 270 527 712 269 528 713 274 529 714 275 530 715 273 531 716 274 532 717 269 533 718 270 534 719 276 535 720 271 536 721 275 537 722 272 538 723 284 539 724 279 540 725 278 541 726 280 542 727 277 543 728 283 544 729 281 545 730 282 546 731 279 547 732 283 548 733 280 549 734 278 550 735 282 551 736 281 552 737 272 553 738 278 554 739 270 555 740 318 351 741 320 556 742 317 557 743 321 558 744 319 558 745 318 559 746 323 560 747 322 560 748 321 561 749 325 562 750 324 562 751 323 341 752 327 563 753 326 563 754 325 564 755 329 565 756 328 566 757 327 567 758 331 568 759 330 569 760 329 570 761 333 571 762 332 572 763 331 573 764 335 574 765 334 574 766 333 575 767 337 576 768 336 576 769 335 577 770 339 578 771 338 579 772 337 580 773 341 581 774 340 582 775 339 322 776 343 583 777 342 584 778 341 585 779 345 586 780 344 587 781 343 318 782 363 588 783 301 589 784 299 590 785 347 591 786 346 592 787 345 593 788 317 313 789 348 313 790 347 314 791 378 594 792 312 594 793 314 465 794 318 595 795 285 596 796 287 597 797 286 598 798 319 599 799 288 175 800 321 600 801 287 601 802 289 357 803 288 175 804 322 175 805 290 175 806 291 602 807 321 603 808 289 604 809 322 605 810 292 606 811 290 607 812 293 608 813 323 609 814 291 610 815 324 611 816 294 612 817 292 175 818 327 613 819 293 614 820 295 357 821 294 615 822 328 616 823 296 617 824 329 618 825 295 619 826 297 620 827 296 621 828 330 622 829 298 175 830 299 623 831 329 624 832 297 357 833 330 625 834 300 626 835 298 627 836 333 628 837 299 629 838 301 630 839 300 631 840 334 632 841 302 175 842 303 357 843 333 357 844 301 357 845 334 633 846 304 634 847 302 635 848 305 636 849 335 637 850 303 638 851 336 639 852 306 640 853 304 175 854 339 357 855 305 357 856 307 357 857 306 175 858 340 175 859 308 175 860 341 641 861 307 642 862 309 643 863 308 644 864 342 645 865 310 646 866 343 647 867 309 648 868 311 649 869 310 650 870 344 651 871 312 652 872 313 653 873 343 654 874 311 655 875 344 656 876 314 657 877 312 175 878 315 658 879 345 659 880 313 357 881 346 660 882 316 661 883 314 627 884 285 662 885 347 663 886 315 664 887 348 665 888 286 666 889 316 667 890 366 668 891 374 669 892 352 670 893 375 671 894 367 672 895 359 673 896 351 674 897 286 675 898 288 676 899 377 677 900 315 678 901 313 679 902 302 680 903 364 681 904 300 682 905 350 683 906 289 684 907 287 685 908 380 686 909 314 687 910 316 688 911 301 689 912 367 690 913 303 691 914 290 692 915 351 693 916 288 694 917 379 695 918 285 696 919 315 697 920 368 698 921 302 699 922 304 700 923 353 701 924 291 702 925 289 703 926 352 704 927 316 705 928 286 706 929 303 707 930 369 708 931 305 709 932 292 710 933 354 711 934 290 712 935 370 713 936 304 714 937 306 715 938 355 716 939 293 717 940 291 718 941 305 719 942 371 720 943 307 721 944 358 717 945 292 716 946 294 501 947 372 722 948 306 723 949 308 724 950 357 725 951 295 726 952 293 727 953 371 728 954 309 729 955 307 730 956 296 731 957 358 732 958 294 733 959 310 734 960 372 735 961 308 736 962 359 737 963 297 738 964 295 739 965 309 740 966 375 741 967 311 742 968 298 743 969 360 744 970 296 745 971 376 746 972 310 747 973 312 477 974 361 748 975 299 749 976 297 750 977 375 751 978 313 752 979 311 753 980 300 754 981 362 755 982 298 756 983 285 757 984 350 758 985 287 759 986 387 760 987 381 761 988 383 762 989 382 763 990 393 764 991 390 765 992 388 766 993 393 767 994 386 768 995 394 769 996 392 770 997 389 771 998 382 772 999 383 773 1000 381 285 1001 386 774 1002 387 775 1003 388 776 1004 381 777 1005 386 778 1006 382 779 1007 388 780 1008 383 781 1009 384 294 1010 396 782 1011 384 783 1012 391 297 1013 390 784 1014 392 785 1015 391 786 1016 393 787 1017 395 788 1018 394 789 1019 391 790 1020 395 791 1021 396 792 1022 394 793 1023 390 794 1024 393 795 1025 384 796 1026 390 797 1027 391 798 1028 432 799 1029 430 800 1030 429 314 1031 431 801 1032 433 801 1033 430 802 1034 434 803 1035 435 804 1036 433 805 1037 436 806 1038 437 807 1039 435 320 1040 438 808 1041 439 809 1042 437 810 1043 440 811 1044 441 812 1045 439 323 1046 442 813 1047 443 814 1048 441 815 1049 444 816 1050 445 816 1051 443 817 1052 446 818 1053 447 818 1054 445 819 1055 448 820 1056 449 821 1057 447 822 1058 450 566 1059 451 823 1060 449 824 1061 452 825 1062 453 825 1063 451 337 1064 454 826 1065 455 827 1066 453 828 1067 456 829 1068 457 830 1069 455 831 1070 413 832 1071 475 833 1072 411 834 1073 458 835 1074 459 836 1075 457 837 1076 460 838 1077 429 838 1078 459 839 1079 426 840 1080 488 578 1081 490 841 1082 397 842 1083 430 843 1084 399 357 1085 398 844 1086 431 845 1087 432 846 1088 401 847 1089 430 848 1090 433 357 1091 402 849 1092 431 850 1093 400 851 1094 403 852 1095 433 853 1096 435 854 1097 404 175 1098 434 175 1099 402 175 1100 403 855 1101 437 856 1102 405 857 1103 404 858 1104 438 859 1105 436 175 1106 407 860 1107 437 861 1108 439 357 1109 408 862 1110 438 863 1111 406 864 1112 407 357 1113 441 357 1114 409 357 1115 408 175 1116 442 175 1117 440 175 1118 409 357 1119 443 357 1120 411 357 1121 410 865 1122 444 866 1123 442 867 1124 413 868 1125 443 869 1126 445 870 1127 414 871 1128 444 872 1129 412 175 1130 415 873 1131 445 874 1132 447 875 1133 416 876 1134 446 877 1135 414 878 1136 417 357 1137 447 357 1138 449 357 1139 418 879 1140 448 880 1141 416 881 1142 419 882 1143 449 883 1144 451 366 1145 420 884 1146 450 885 1147 418 881 1148 421 886 1149 451 887 1150 453 357 1151 422 175 1152 452 175 1153 420 175 1154 423 888 1155 453 889 1156 455 890 1157 424 175 1158 454 175 1159 422 175 1160 423 891 1161 457 892 1162 425 893 1163 424 175 1164 458 175 1165 456 175 1166 427 357 1167 457 357 1168 459 357 1169 428 894 1170 458 895 1171 426 175 1172 397 896 1173 459 897 1174 429 898 1175 398 899 1176 460 900 1177 428 901 1178 482 902 1179 474 903 1180 466 904 1181 467 905 1182 475 906 1183 483 907 1184 398 908 1185 463 909 1186 400 910 1187 427 911 1188 489 912 1189 425 913 1190 414 914 1191 476 915 1192 478 916 1193 401 917 1194 462 918 1195 399 438 1196 428 919 1197 490 920 1198 492 921 1199 413 922 1200 479 923 1201 477 922 1202 402 924 1203 463 925 1204 466 926 1205 397 927 1206 491 928 1207 427 929 1208 414 930 1209 480 931 1210 416 932 1211 403 933 1212 465 934 1213 401 935 1214 398 936 1215 492 937 1216 464 450 1217 417 938 1218 479 939 1219 415 940 1220 404 941 1221 466 942 1222 468 943 1223 418 944 1224 480 945 1225 482 946 1226 405 947 1227 467 948 1228 403 471 1229 419 949 1230 481 950 1231 417 951 1232 404 952 1233 470 953 1234 406 477 1235 420 954 1236 482 955 1237 484 739 1238 407 956 1239 469 957 1240 405 958 1241 421 959 1242 483 960 1243 419 961 1244 408 962 1245 470 963 1246 472 964 1247 422 965 1248 484 966 1249 486 967 1250 409 968 1251 471 969 1252 407 970 1253 421 971 1254 487 972 1255 485 973 1256 410 974 1257 472 975 1258 474 498 1259 422 976 1260 488 977 1261 424 978 1262 411 979 1263 473 980 1264 409 981 1265 425 505 1266 487 982 1267 423 507 1268 412 983 1269 474 984 1270 476 985 1271 397 986 1272 462 987 1273 461 988 1274 493 989 1275 499 990 1276 495 991 1277 494 992 1278 505 993 1279 498 994 1280 500 995 1281 505 996 1282 508 997 1283 504 998 1284 506 999 1285 501 525 1286 495 1000 1287 494 1001 1288 493 1002 1289 498 1003 1290 499 1004 1291 497 1005 1292 498 1006 1293 493 1007 1294 494 1008 1295 500 1009 1296 495 1010 1297 499 1011 1298 496 1012 1299 508 1013 1300 503 1014 1301 502 1015 1302 504 1016 1303 501 1017 1304 507 1018 1305 505 1019 1306 506 1020 1307 503 1021 1308 507 1022 1309 504 1023 1310 502 1024 1311 506 1025 1312 505 1026 1313 496 1027 1314 502 1028 1315 494 1029 1316 542 838 1317 544 838 1318 541 839 1319 545 1030 1320 543 1030 1321 542 349 1322 547 1031 1323 546 1032 1324 545 1033 1325 549 1034 1326 548 1035 1327 547 341 1328 551 1036 1329 550 1037 1330 549 564 1331 553 824 1332 552 1038 1333 551 1039 1334 555 1040 1335 554 1040 1336 553 1041 1337 557 1042 1338 556 1043 1339 555 819 1340 559 1044 1341 558 1045 1342 557 817 1343 561 814 1344 560 813 1345 559 1046 1346 563 1047 1347 562 1047 1348 561 1048 1349 565 1049 1350 564 581 1351 563 322 1352 567 1050 1353 566 1051 1354 565 585 1355 569 1052 1356 568 1052 1357 567 1053 1358 587 1054 1359 525 1055 1360 523 1056 1361 571 592 1362 570 592 1363 569 592 1364 541 800 1365 572 799 1366 571 314 1367 538 1057 1368 600 1058 1369 536 1059 1370 542 1060 1371 509 1061 1372 511 1062 1373 510 1063 1374 543 1064 1375 512 1065 1376 545 1066 1377 511 1067 1378 513 1068 1379 512 1069 1380 546 1070 1381 514 175 1382 515 1071 1383 545 1072 1384 513 357 1385 546 175 1386 516 175 1387 514 175 1388 549 357 1389 515 357 1390 517 357 1391 516 1073 1392 550 1074 1393 518 1075 1394 551 1076 1395 517 1077 1396 519 357 1397 518 1078 1398 552 1079 1399 520 1080 1400 553 357 1401 519 357 1402 521 357 1403 520 1081 1404 554 1082 1405 522 881 1406 523 357 1407 553 357 1408 521 357 1409 554 1083 1410 524 1084 1411 522 1085 1412 557 1086 1413 523 1087 1414 525 1088 1415 524 175 1416 558 175 1417 526 175 1418 527 1089 1419 557 1090 1420 525 357 1421 558 1091 1422 528 1092 1423 526 1093 1424 529 1094 1425 559 1095 1426 527 1096 1427 560 1097 1428 530 1098 1429 528 175 1430 563 357 1431 529 357 1432 531 357 1433 530 1099 1434 564 1100 1435 532 1101 1436 565 1102 1437 531 1103 1438 533 357 1439 532 175 1440 566 175 1441 534 175 1442 567 357 1443 533 357 1444 535 357 1445 534 1104 1446 568 1105 1447 536 1106 1448 537 1107 1449 567 1108 1450 535 1109 1451 568 1110 1452 538 1111 1453 536 175 1454 539 1112 1455 569 1113 1456 537 357 1457 570 1114 1458 540 1115 1459 538 607 1460 509 1116 1461 571 1117 1462 539 1118 1463 572 1119 1464 510 1120 1465 540 1121 1466 590 1122 1467 598 1123 1468 576 1124 1469 599 1125 1470 591 1126 1471 583 1127 1472 575 1128 1473 510 1129 1474 512 1130 1475 601 1131 1476 539 1132 1477 537 1133 1478 526 1134 1479 588 1135 1480 524 1136 1481 574 1137 1482 513 1138 1483 511 1139 1484 540 1140 1485 602 1141 1486 538 1142 1487 525 1143 1488 591 1144 1489 527 1145 1490 514 1146 1491 575 1147 1492 512 1148 1493 603 1149 1494 509 1150 1495 539 697 1496 592 1151 1497 526 1152 1498 528 1153 1499 577 1154 1500 515 1155 1501 513 1156 1502 576 1157 1503 540 1157 1504 510 1158 1505 527 1159 1506 593 1160 1507 529 1161 1508 516 1162 1509 578 1163 1510 514 1164 1511 594 1165 1512 528 1166 1513 530 348 1514 579 1167 1515 517 1168 1516 515 1169 1517 529 1170 1518 595 1171 1519 531 1172 1520 582 978 1521 516 978 1522 518 978 1523 596 1173 1524 530 1174 1525 532 1175 1526 581 1176 1527 519 1177 1528 517 727 1529 531 1178 1530 597 1179 1531 533 1180 1532 584 1181 1533 518 1182 1534 520 733 1535 598 1183 1536 532 1184 1537 534 1185 1538 583 1186 1539 521 1187 1540 519 1188 1541 597 1189 1542 535 1190 1543 533 1191 1544 586 1192 1545 520 1193 1546 522 1188 1547 536 1194 1548 598 1195 1549 534 1196 1550 585 1197 1551 523 1198 1552 521 750 1553 599 1199 1554 537 1200 1555 535 1201 1556 524 1202 1557 586 1203 1558 522 1204 1559 509 1205 1560 574 1206 1561 511 1207 1562 38 0 1563 7 23 1564 2 1 1565 72 3 1566 71 133 1567 16 4 1568 9 6 1569 3 29 1570 32 7 1571 14 9 1572 13 1208 1573 10 10 1574 7 12 1575 0 32 1576 3 13 1577 2 15 1578 7 12 1579 9 14 1580 4 17 1581 8 116 1582 6 18 1583 5 20 1584 9 6 1585 33 8 1586 21 22 1587 0 94 1588 7 23 1589 46 24 1590 11 25 1591 10 25 1592 14 26 1593 11 1209 1594 46 27 1595 3 29 1596 15 31 1597 55 30 1598 15 31 1599 14 26 1600 58 28 1601 0 32 1602 12 1210 1603 15 33 1604 15 34 1605 12 1211 1606 13 35 1607 87 37 1608 85 1212 1609 86 38 1610 100 40 1611 99 161 1612 94 41 1613 84 43 1614 100 160 1615 93 44 1616 72 46 1617 18 1213 1618 70 47 1619 75 49 1620 66 1214 1621 94 50 1622 76 52 1623 67 56 1624 88 53 1625 77 55 1626 68 58 1627 67 56 1628 78 57 1629 69 60 1630 68 58 1631 79 59 1632 70 1215 1633 69 60 1634 71 61 1635 80 128 1636 65 62 1637 80 64 1638 81 67 1639 64 65 1640 81 67 1641 82 69 1642 63 68 1643 82 69 1644 83 71 1645 62 70 1646 83 71 1647 90 127 1648 87 72 1649 65 73 1650 70 77 1651 18 74 1652 64 76 1653 69 79 1654 70 77 1655 63 78 1656 68 81 1657 69 79 1658 62 80 1659 67 82 1660 68 81 1661 87 37 1662 88 39 1663 67 82 1664 56 83 1665 59 86 1666 60 84 1667 55 30 1668 58 28 1669 59 86 1670 12 87 1671 51 90 1672 54 88 1673 51 90 1674 50 92 1675 53 91 1676 50 92 1677 49 107 1678 52 93 1679 0 94 1680 21 22 1681 51 90 1682 21 22 1683 20 108 1684 50 92 1685 13 89 1686 54 88 1687 45 95 1688 54 88 1689 53 91 1690 44 97 1691 53 91 1692 52 93 1693 43 98 1694 35 99 1695 40 106 1696 41 100 1697 36 101 1698 41 100 1699 42 102 1700 6 18 1701 8 116 1702 37 103 1703 59 86 1704 47 105 1705 48 104 1706 58 28 1707 46 27 1708 47 105 1709 57 85 1710 49 107 1711 40 106 1712 20 108 1713 39 114 1714 40 106 1715 40 106 1716 49 107 1717 20 108 1718 35 99 1719 34 121 1720 32 7 1721 34 121 1722 33 8 1723 32 7 1724 32 7 1725 55 30 1726 56 83 1727 56 83 1728 57 85 1729 32 7 1730 48 109 1731 47 112 1732 44 110 1733 47 112 1734 46 109 1735 45 113 1736 20 108 1737 21 22 1738 38 0 1739 4 115 1740 31 130 1741 37 103 1742 30 117 1743 36 101 1744 37 103 1745 29 119 1746 35 99 1747 36 101 1748 28 120 1749 34 121 1750 35 99 1751 27 21 1752 33 8 1753 34 121 1754 42 102 1755 26 1216 1756 1 122 1757 42 102 1758 41 100 1759 25 123 1760 41 100 1761 40 106 1762 24 125 1763 40 106 1764 39 114 1765 23 126 1766 39 114 1767 38 0 1768 22 2 1769 23 126 1770 22 2 1771 90 127 1772 23 126 1773 83 71 1774 82 69 1775 24 125 1776 82 69 1777 81 67 1778 26 124 1779 25 123 1780 81 67 1781 1 122 1782 26 1216 1783 80 128 1784 31 118 1785 79 59 1786 78 57 1787 29 119 1788 30 117 1789 78 57 1790 28 120 1791 29 119 1792 77 55 1793 28 120 1794 76 52 1795 89 54 1796 27 21 1797 89 54 1798 73 129 1799 4 115 1800 72 46 1801 79 48 1802 22 2 1803 2 1 1804 92 131 1805 5 16 1806 73 146 1807 92 132 1808 4 17 1809 1 19 1810 71 133 1811 17 134 1812 19 1217 1813 86 135 1814 95 137 1815 17 1218 1816 85 138 1817 96 139 1818 88 53 1819 86 140 1820 96 139 1821 97 143 1822 89 54 1823 95 137 1824 87 72 1825 90 127 1826 97 143 1827 91 1219 1828 73 129 1829 98 142 1830 90 127 1831 92 131 1832 74 145 1833 92 132 1834 73 146 1835 94 41 1836 19 1217 1837 17 134 1838 61 148 1839 93 1220 1840 17 149 1841 66 151 1842 96 1221 1843 19 152 1844 75 154 1845 97 1222 1846 96 155 1847 84 157 1848 61 1223 1849 95 158 1850 99 51 1851 91 1219 1852 97 143 1853 100 160 1854 84 43 1855 98 142 1856 99 161 1857 100 40 1858 74 145 1859 105 162 1860 102 357 1861 104 163 1862 101 165 1863 108 1224 1864 112 166 1865 114 168 1866 113 169 1867 103 168 1868 110 170 1869 113 1225 1870 114 171 1871 115 173 1872 116 1226 1873 107 174 1874 111 176 1875 114 1227 1876 112 177 1877 106 179 1878 107 1227 1879 104 180 1880 107 182 1881 116 1228 1882 109 182 1883 116 184 1884 115 1229 1885 105 185 1886 115 187 1887 106 187 1888 102 187 1889 113 188 1890 110 188 1891 101 188 1892 110 189 1893 111 1230 1894 108 189 1895 122 191 1896 121 1231 1897 117 98 1898 123 193 1899 119 1232 1900 120 104 1901 125 195 1902 129 1233 1903 131 196 1904 126 197 1905 134 198 1906 137 197 1907 132 199 1908 130 1234 1909 137 200 1910 136 202 1911 139 202 1912 138 202 1913 127 203 1914 128 1235 1915 126 204 1916 130 206 1917 132 1236 1918 131 207 1919 130 209 1920 129 1237 1921 125 210 1922 132 212 1923 128 1238 1924 127 213 1925 128 215 1926 132 1239 1927 140 216 1928 135 218 1929 136 1240 1930 133 219 1931 139 221 1932 140 1241 1933 137 222 1934 135 224 1935 140 1242 1936 139 225 1937 134 227 1938 133 1243 1939 138 228 1940 128 230 1941 135 1244 1942 134 231 1943 147 233 1944 145 234 1945 141 233 1946 142 235 1947 146 1245 1948 153 236 1949 148 238 1950 156 1246 1951 153 239 1952 154 202 1953 155 202 1954 152 202 1955 142 241 1956 144 1247 1957 143 242 1958 146 244 1959 145 1248 1960 147 245 1961 141 247 1962 145 1249 1963 146 248 1964 148 250 1965 147 1250 1966 143 251 1967 156 253 1968 148 1251 1969 144 254 1970 149 256 1971 152 1252 1972 151 257 1973 153 259 1974 156 1253 1975 155 260 1976 151 262 1977 152 1254 1978 155 263 1979 154 265 1980 149 1255 1981 150 266 1982 144 268 1983 142 1256 1984 150 269 1985 163 271 1986 161 1257 1987 157 272 1988 158 274 1989 162 1258 1990 169 275 1991 164 277 1992 172 1259 1993 169 278 1994 170 280 1995 171 1260 1996 168 281 1997 158 283 1998 160 1261 1999 159 284 2000 162 286 2001 161 1262 2002 163 287 2003 157 289 2004 161 1263 2005 162 290 2006 164 292 2007 163 1264 2008 159 293 2009 172 295 2010 164 1265 2011 160 296 2012 166 298 2013 165 1266 2014 168 299 2015 169 301 2016 172 1267 2017 171 302 2018 167 304 2019 168 1268 2020 171 305 2021 170 307 2022 165 1269 2023 166 308 2024 160 310 2025 158 1270 2026 166 311 2027 208 313 2028 207 1271 2029 206 313 2030 207 315 2031 210 316 2032 209 315 2033 210 317 2034 212 1272 2035 211 317 2036 212 319 2037 214 320 2038 213 319 2039 214 321 2040 216 1273 2041 215 321 2042 216 323 2043 218 323 2044 217 323 2045 218 324 2046 220 1274 2047 219 324 2048 220 326 2049 222 1275 2050 221 326 2051 222 328 2052 224 1276 2053 223 329 2054 224 331 2055 226 1277 2056 225 332 2057 226 334 2058 228 1039 2059 227 334 2060 228 336 2061 230 1278 2062 229 337 2063 230 339 2064 232 1279 2065 231 340 2066 232 342 2067 234 1280 2068 233 343 2069 189 345 2070 253 1281 2071 251 346 2072 234 348 2073 236 837 2074 235 348 2075 236 350 2076 208 1282 2077 205 351 2078 200 353 2079 264 354 2080 266 353 2081 173 355 2082 205 1283 2083 206 356 2084 174 358 2085 176 175 2086 207 359 2087 177 361 2088 175 357 2089 206 362 2090 178 175 2091 210 175 2092 207 175 2093 179 364 2094 177 357 2095 209 365 2096 180 175 2097 212 175 2098 210 175 2099 179 367 2100 211 357 2101 213 368 2102 180 370 2103 182 1284 2104 214 371 2105 183 372 2106 181 1285 2107 213 373 2108 184 375 2109 216 175 2110 214 376 2111 183 357 2112 215 357 2113 217 357 2114 184 175 2115 186 175 2116 218 175 2117 185 378 2118 217 1286 2119 219 379 2120 188 175 2121 220 175 2122 218 175 2123 189 380 2124 187 357 2125 219 381 2126 190 383 2127 222 1287 2128 220 384 2129 191 385 2130 189 357 2131 221 386 2132 192 388 2133 224 1288 2134 222 389 2135 193 390 2136 191 1289 2137 223 391 2138 194 175 2139 226 175 2140 224 175 2141 193 392 2142 225 357 2143 227 393 2144 194 395 2145 196 1290 2146 228 396 2147 197 398 2148 195 610 2149 227 399 2150 198 401 2151 230 175 2152 228 402 2153 199 404 2154 197 1291 2155 229 405 2156 200 407 2157 232 175 2158 230 408 2159 199 410 2160 231 366 2161 233 411 2162 200 175 2163 202 175 2164 234 175 2165 203 357 2166 201 357 2167 233 357 2168 204 413 2169 236 175 2170 234 414 2171 173 416 2172 203 357 2173 235 417 2174 174 419 2175 208 1292 2176 236 420 2177 242 1293 2178 239 1294 2179 240 1295 2180 240 1295 2181 268 1296 2182 242 1293 2183 268 1296 2184 266 421 2185 242 1293 2186 266 421 2187 264 1297 2188 262 1298 2189 262 1298 2190 260 175 2191 266 421 2192 260 175 2193 258 422 2194 266 421 2195 258 422 2196 256 175 2197 250 423 2198 256 175 2199 254 1299 2200 250 423 2201 254 1299 2202 252 1300 2203 250 423 2204 250 423 2205 248 175 2206 246 175 2207 246 175 2208 244 175 2209 250 423 2210 244 175 2211 242 1293 2212 250 423 2213 242 1293 2214 266 421 2215 250 423 2216 267 1301 2217 237 357 2218 238 357 2219 238 357 2220 241 1302 2221 267 1301 2222 241 1302 2223 243 424 2224 267 1301 2225 243 424 2226 245 357 2227 247 1303 2228 247 1303 2229 249 1304 2230 243 424 2231 249 1304 2232 251 425 2233 243 424 2234 251 425 2235 253 357 2236 255 357 2237 255 357 2238 257 357 2239 259 426 2240 259 426 2241 261 1305 2242 263 1306 2243 263 1306 2244 265 1307 2245 267 1301 2246 251 425 2247 255 357 2248 259 426 2249 259 426 2250 263 1306 2251 267 1301 2252 267 1301 2253 243 424 2254 259 426 2255 174 427 2256 240 1158 2257 239 428 2258 203 430 2259 267 1308 2260 265 431 2261 190 433 2262 188 1309 2263 252 434 2264 177 436 2265 241 1310 2266 238 437 2267 202 439 2268 266 1311 2269 268 440 2270 189 442 2271 191 1312 2272 255 443 2273 178 445 2274 176 1313 2275 239 446 2276 173 448 2277 237 1314 2278 267 449 2279 190 451 2280 254 1315 2281 256 452 2282 179 454 2283 243 465 2284 241 455 2285 174 457 2286 204 1316 2287 268 458 2288 193 460 2289 257 1317 2290 255 461 2291 180 463 2292 178 1318 2293 242 464 2294 194 466 2295 192 1319 2296 256 467 2297 181 469 2298 245 477 2299 243 470 2300 195 472 2301 259 1320 2302 257 473 2303 180 475 2304 244 1321 2305 246 476 2306 196 478 2307 194 1322 2308 258 479 2309 183 481 2310 247 487 2311 245 482 2312 195 484 2313 197 1323 2314 261 485 2315 182 482 2316 246 483 2317 248 481 2318 196 488 2319 260 1324 2320 262 489 2321 185 491 2322 249 498 2323 247 492 2324 197 494 2325 199 978 2326 263 495 2327 184 497 2328 248 498 2329 250 497 2330 198 499 2331 262 1325 2332 264 500 2333 187 502 2334 251 510 2335 249 503 2336 201 505 2337 265 1326 2338 263 506 2339 188 508 2340 186 1327 2341 250 509 2342 173 511 2343 175 1328 2344 238 512 2345 269 514 2346 273 1329 2347 275 515 2348 270 517 2349 278 1330 2350 281 518 2351 276 520 2352 274 1331 2353 281 521 2354 280 523 2355 283 1332 2356 282 524 2357 271 526 2358 272 1333 2359 270 527 2360 274 529 2361 276 1334 2362 275 530 2363 274 532 2364 273 1335 2365 269 533 2366 276 535 2367 272 1336 2368 271 536 2369 272 538 2370 276 1337 2371 284 539 2372 278 541 2373 279 1338 2374 280 542 2375 283 544 2376 284 1339 2377 281 545 2378 279 547 2379 284 1340 2380 283 548 2381 278 550 2382 277 1341 2383 282 551 2384 272 553 2385 279 1342 2386 278 554 2387 318 351 2388 319 1343 2389 320 556 2390 321 558 2391 322 1344 2392 319 558 2393 323 560 2394 324 1345 2395 322 560 2396 325 562 2397 326 341 2398 324 562 2399 327 563 2400 328 564 2401 326 563 2402 329 565 2403 330 1346 2404 328 566 2405 331 568 2406 332 1347 2407 330 569 2408 333 571 2409 334 1348 2410 332 572 2411 335 574 2412 336 1349 2413 334 574 2414 337 576 2415 338 919 2416 336 576 2417 339 578 2418 340 323 2419 338 579 2420 341 581 2421 342 1350 2422 340 582 2423 343 583 2424 344 1351 2425 342 584 2426 345 586 2427 346 1352 2428 344 587 2429 363 588 2430 365 1353 2431 301 589 2432 347 591 2433 348 1354 2434 346 592 2435 317 313 2436 320 1271 2437 348 313 2438 378 594 2439 376 465 2440 312 594 2441 318 595 2442 317 357 2443 285 596 2444 286 598 2445 320 1355 2446 319 599 2447 321 600 2448 318 1356 2449 287 601 2450 288 175 2451 319 175 2452 322 175 2453 291 602 2454 323 400 2455 321 603 2456 322 605 2457 324 1357 2458 292 606 2459 293 608 2460 325 357 2461 323 609 2462 324 611 2463 326 1358 2464 294 612 2465 327 613 2466 325 1359 2467 293 614 2468 294 615 2469 326 1360 2470 328 616 2471 329 618 2472 327 1361 2473 295 619 2474 296 621 2475 328 867 2476 330 622 2477 299 623 2478 331 1362 2479 329 624 2480 330 625 2481 332 175 2482 300 626 2483 333 628 2484 331 357 2485 299 629 2486 300 631 2487 332 1363 2488 334 632 2489 303 357 2490 335 357 2491 333 357 2492 334 633 2493 336 1364 2494 304 634 2495 305 636 2496 337 1365 2497 335 637 2498 336 639 2499 338 1366 2500 306 640 2501 339 357 2502 337 357 2503 305 357 2504 306 175 2505 338 175 2506 340 175 2507 341 641 2508 339 400 2509 307 642 2510 308 644 2511 340 175 2512 342 645 2513 343 647 2514 341 1367 2515 309 648 2516 310 650 2517 342 175 2518 344 651 2519 313 653 2520 345 357 2521 343 654 2522 344 656 2523 346 1368 2524 314 657 2525 315 658 2526 347 1369 2527 345 659 2528 346 660 2529 348 175 2530 316 661 2531 285 662 2532 317 1370 2533 347 663 2534 348 665 2535 320 175 2536 286 666 2537 352 670 2538 351 175 2539 354 175 2540 354 175 2541 356 175 2542 358 175 2543 358 175 2544 360 175 2545 366 668 2546 360 175 2547 362 175 2548 366 668 2549 362 175 2550 364 175 2551 366 668 2552 366 668 2553 368 1371 2554 370 1372 2555 370 1372 2556 372 175 2557 366 668 2558 372 175 2559 374 669 2560 366 668 2561 374 669 2562 376 175 2563 378 175 2564 378 175 2565 380 1373 2566 374 669 2567 380 1373 2568 352 670 2569 374 669 2570 352 670 2571 354 175 2572 366 668 2573 354 175 2574 358 175 2575 366 668 2576 350 1374 2577 349 1375 2578 379 1376 2579 379 1376 2580 377 357 2581 375 671 2582 375 671 2583 373 1377 2584 371 1378 2585 371 1378 2586 369 1379 2587 375 671 2588 369 1379 2589 367 672 2590 375 671 2591 367 672 2592 365 1380 2593 359 673 2594 365 1380 2595 363 357 2596 359 673 2597 363 357 2598 361 357 2599 359 673 2600 359 673 2601 357 1381 2602 355 1382 2603 355 1382 2604 353 1383 2605 359 673 2606 353 1383 2607 350 1374 2608 359 673 2609 350 1374 2610 379 1376 2611 375 671 2612 350 1374 2613 375 671 2614 359 673 2615 351 674 2616 352 1384 2617 286 675 2618 377 677 2619 379 1385 2620 315 678 2621 302 680 2622 366 1386 2623 364 681 2624 350 683 2625 353 1387 2626 289 684 2627 380 686 2628 378 1388 2629 314 687 2630 301 689 2631 365 1389 2632 367 690 2633 290 692 2634 354 1390 2635 351 693 2636 379 695 2637 349 1391 2638 285 696 2639 368 698 2640 366 1392 2641 302 699 2642 353 701 2643 355 354 2644 291 702 2645 352 704 2646 380 1158 2647 316 705 2648 303 707 2649 367 1393 2650 369 708 2651 292 710 2652 356 354 2653 354 711 2654 370 713 2655 368 1394 2656 304 714 2657 355 716 2658 357 501 2659 293 717 2660 305 719 2661 369 1395 2662 371 720 2663 358 717 2664 356 718 2665 292 716 2666 372 722 2667 370 1396 2668 306 723 2669 357 725 2670 359 1397 2671 295 726 2672 371 728 2673 373 1398 2674 309 729 2675 296 731 2676 360 1399 2677 358 732 2678 310 734 2679 374 1400 2680 372 735 2681 359 737 2682 361 480 2683 297 738 2684 309 740 2685 373 1401 2686 375 741 2687 298 743 2688 362 1402 2689 360 744 2690 376 746 2691 374 1403 2692 310 747 2693 361 748 2694 363 1404 2695 299 749 2696 375 751 2697 377 1405 2698 313 752 2699 300 754 2700 364 1406 2701 362 755 2702 285 757 2703 349 1407 2704 350 758 2705 387 760 2706 385 1408 2707 381 761 2708 382 763 2709 386 1409 2710 393 764 2711 388 766 2712 396 1410 2713 393 767 2714 394 769 2715 395 1411 2716 392 770 2717 382 772 2718 384 1412 2719 383 773 2720 386 774 2721 385 1413 2722 387 775 2723 381 777 2724 385 1414 2725 386 778 2726 388 780 2727 387 1415 2728 383 781 2729 396 782 2730 388 1416 2731 384 783 2732 390 784 2733 389 1417 2734 392 785 2735 393 787 2736 396 1418 2737 395 788 2738 391 790 2739 392 1419 2740 395 791 2741 394 793 2742 389 1420 2743 390 794 2744 384 796 2745 382 1421 2746 390 797 2747 432 799 2748 431 1422 2749 430 800 2750 431 801 2751 434 316 2752 433 801 2753 434 803 2754 436 1423 2755 435 804 2756 436 806 2757 438 1424 2758 437 807 2759 438 808 2760 440 1425 2761 439 809 2762 440 811 2763 442 1426 2764 441 812 2765 442 813 2766 444 1427 2767 443 814 2768 444 816 2769 446 1428 2770 445 816 2771 446 818 2772 448 1276 2773 447 818 2774 448 820 2775 450 1429 2776 449 821 2777 450 566 2778 452 335 2779 451 823 2780 452 825 2781 454 1430 2782 453 825 2783 454 826 2784 456 1431 2785 455 827 2786 456 829 2787 458 1432 2788 457 830 2789 413 832 2790 477 1433 2791 475 833 2792 458 835 2793 460 1434 2794 459 836 2795 460 838 2796 432 1435 2797 429 838 2798 426 840 2799 424 1436 2800 488 578 2801 397 842 2802 429 1437 2803 430 843 2804 398 844 2805 400 607 2806 431 845 2807 401 847 2808 399 1438 2809 430 848 2810 402 849 2811 434 867 2812 431 850 2813 403 852 2814 401 604 2815 433 853 2816 404 175 2817 436 175 2818 434 175 2819 403 855 2820 435 1439 2821 437 856 2822 404 858 2823 406 1440 2824 438 859 2825 407 860 2826 405 1441 2827 437 861 2828 408 862 2829 440 175 2830 438 863 2831 407 357 2832 439 357 2833 441 357 2834 408 175 2835 410 175 2836 442 175 2837 409 357 2838 441 357 2839 443 357 2840 410 865 2841 412 1442 2842 444 866 2843 413 868 2844 411 357 2845 443 869 2846 414 871 2847 446 1443 2848 444 872 2849 415 873 2850 413 357 2851 445 874 2852 416 876 2853 448 175 2854 446 877 2855 417 357 2856 415 357 2857 447 357 2858 418 879 2859 450 1444 2860 448 880 2861 419 882 2862 417 620 2863 449 883 2864 420 884 2865 452 175 2866 450 885 2867 421 886 2868 419 1088 2869 451 887 2870 422 175 2871 454 175 2872 452 175 2873 423 888 2874 421 357 2875 453 889 2876 424 175 2877 456 175 2878 454 175 2879 423 891 2880 455 366 2881 457 892 2882 424 175 2883 426 175 2884 458 175 2885 427 357 2886 425 357 2887 457 357 2888 428 894 2889 460 1445 2890 458 895 2891 397 896 2892 427 357 2893 459 897 2894 398 899 2895 432 1446 2896 460 900 2897 466 904 2898 463 1447 2899 464 1448 2900 464 1448 2901 492 1449 2902 466 904 2903 492 1449 2904 490 1450 2905 466 904 2906 490 1450 2907 488 1451 2908 486 1452 2909 486 1452 2910 484 1453 2911 490 1450 2912 484 1453 2913 482 902 2914 490 1450 2915 482 902 2916 480 175 2917 474 903 2918 480 175 2919 478 175 2920 474 903 2921 478 175 2922 476 175 2923 474 903 2924 474 903 2925 472 1454 2926 470 1455 2927 470 1455 2928 468 1456 2929 474 903 2930 468 1456 2931 466 904 2932 474 903 2933 466 904 2934 490 1450 2935 482 902 2936 491 1457 2937 461 1458 2938 462 1459 2939 462 1459 2940 465 1460 2941 491 1457 2942 465 1460 2943 467 905 2944 491 1457 2945 467 905 2946 469 357 2947 471 357 2948 471 357 2949 473 357 2950 467 905 2951 473 357 2952 475 906 2953 467 905 2954 475 906 2955 477 357 2956 479 357 2957 479 357 2958 481 357 2959 483 907 2960 483 907 2961 485 357 2962 487 1461 2963 487 1461 2964 489 357 2965 491 1457 2966 475 906 2967 479 357 2968 483 907 2969 483 907 2970 487 1461 2971 491 1457 2972 491 1457 2973 467 905 2974 483 907 2975 398 908 2976 464 1462 2977 463 909 2978 427 911 2979 491 1311 2980 489 912 2981 414 914 2982 412 1463 2983 476 915 2984 401 917 2985 465 1464 2986 462 918 2987 428 919 2988 426 1465 2989 490 920 2990 413 922 2991 415 922 2992 479 923 2993 402 924 2994 400 1466 2995 463 925 2996 397 927 2997 461 1467 2998 491 928 2999 414 930 3000 478 1468 3001 480 931 3002 403 933 3003 467 465 3004 465 934 3005 398 936 3006 428 1469 3007 492 937 3008 417 938 3009 481 756 3010 479 939 3011 404 941 3012 402 1470 3013 466 942 3014 418 944 3015 416 1204 3016 480 945 3017 405 947 3018 469 477 3019 467 948 3020 419 949 3021 483 1320 3022 481 950 3023 404 952 3024 468 742 3025 470 953 3026 420 954 3027 418 1471 3028 482 955 3029 407 956 3030 471 487 3031 469 957 3032 421 959 3033 485 1472 3034 483 960 3035 408 962 3036 406 958 3037 470 963 3038 422 965 3039 420 961 3040 484 966 3041 409 968 3042 473 498 3043 471 969 3044 421 971 3045 423 978 3046 487 972 3047 410 974 3048 408 342 3049 472 975 3050 422 976 3051 486 1473 3052 488 977 3053 411 979 3054 475 510 3055 473 980 3056 425 505 3057 489 1326 3058 487 982 3059 412 983 3060 410 981 3061 474 984 3062 397 986 3063 399 1474 3064 462 987 3065 493 989 3066 497 1475 3067 499 990 3068 494 992 3069 502 1476 3070 505 993 3071 500 995 3072 498 1477 3073 505 996 3074 504 998 3075 507 1478 3076 506 999 3077 495 1000 3078 496 1479 3079 494 1001 3080 498 1003 3081 500 1480 3082 499 1004 3083 498 1006 3084 497 1481 3085 493 1007 3086 500 1009 3087 496 1482 3088 495 1010 3089 496 1012 3090 500 1483 3091 508 1013 3092 502 1015 3093 503 1484 3094 504 1016 3095 507 1018 3096 508 1485 3097 505 1019 3098 503 1021 3099 508 1486 3100 507 1022 3101 502 1024 3102 501 1487 3103 506 1025 3104 496 1027 3105 503 1488 3106 502 1028 3107 542 838 3108 543 1435 3109 544 838 3110 545 1030 3111 546 1489 3112 543 1030 3113 547 1031 3114 548 1432 3115 546 1032 3116 549 1034 3117 550 1490 3118 548 1035 3119 551 1036 3120 552 1491 3121 550 1037 3122 553 824 3123 554 1492 3124 552 1038 3125 555 1040 3126 556 822 3127 554 1040 3128 557 1042 3129 558 1493 3130 556 1043 3131 559 1044 3132 560 1494 3133 558 1045 3134 561 814 3135 562 919 3136 560 813 3137 563 1047 3138 564 323 3139 562 1047 3140 565 1049 3141 566 1495 3142 564 581 3143 567 1050 3144 568 1496 3145 566 1051 3146 569 1052 3147 570 1053 3148 568 1052 3149 587 1054 3150 589 1497 3151 525 1055 3152 571 592 3153 572 592 3154 570 592 3155 541 800 3156 544 1422 3157 572 799 3158 538 1057 3159 602 1498 3160 600 1058 3161 542 1060 3162 541 357 3163 509 1061 3164 510 1063 3165 544 1446 3166 543 1064 3167 545 1066 3168 542 357 3169 511 1067 3170 512 1069 3171 543 1499 3172 546 1070 3173 515 1071 3174 547 1500 3175 545 1072 3176 546 175 3177 548 175 3178 516 175 3179 549 357 3180 547 357 3181 515 357 3182 516 1073 3183 548 175 3184 550 1074 3185 551 1076 3186 549 1501 3187 517 1077 3188 518 1078 3189 550 175 3190 552 1079 3191 553 357 3192 551 357 3193 519 357 3194 520 1081 3195 552 175 3196 554 1082 3197 523 357 3198 555 357 3199 553 357 3200 554 1083 3201 556 175 3202 524 1084 3203 557 1086 3204 555 357 3205 523 1087 3206 524 175 3207 556 175 3208 558 175 3209 527 1089 3210 559 1502 3211 557 1090 3212 558 1091 3213 560 175 3214 528 1092 3215 529 1094 3216 561 1503 3217 559 1095 3218 560 1097 3219 562 1357 3220 530 1098 3221 563 357 3222 561 357 3223 529 357 3224 530 1099 3225 562 175 3226 564 1100 3227 565 1102 3228 563 406 3229 531 1103 3230 532 175 3231 564 175 3232 566 175 3233 567 357 3234 565 357 3235 533 357 3236 534 1104 3237 566 175 3238 568 1105 3239 537 1107 3240 569 357 3241 567 1108 3242 568 1110 3243 570 1504 3244 538 1111 3245 539 1112 3246 571 1505 3247 569 1113 3248 570 1114 3249 572 1506 3250 540 1115 3251 509 1116 3252 541 1507 3253 571 1117 3254 572 1119 3255 544 175 3256 510 1120 3257 576 1124 3258 575 175 3259 578 1508 3260 578 1508 3261 580 1509 3262 582 1510 3263 582 1510 3264 584 1511 3265 586 1512 3266 586 1512 3267 588 175 3268 590 1122 3269 590 1122 3270 592 175 3271 594 175 3272 594 175 3273 596 1513 3274 590 1122 3275 596 1513 3276 598 1123 3277 590 1122 3278 598 1123 3279 600 1514 3280 576 1124 3281 600 1514 3282 602 1515 3283 576 1124 3284 602 1515 3285 604 1516 3286 576 1124 3287 576 1124 3288 578 1508 3289 582 1510 3290 582 1510 3291 586 1512 3292 576 1124 3293 586 1512 3294 590 1122 3295 576 1124 3296 574 1517 3297 573 357 3298 603 357 3299 603 357 3300 601 357 3301 599 1125 3302 599 1125 3303 597 1377 3304 595 1518 3305 595 1518 3306 593 357 3307 599 1125 3308 593 357 3309 591 1126 3310 599 1125 3311 591 1126 3312 589 357 3313 587 1519 3314 587 1519 3315 585 1520 3316 591 1126 3317 585 1520 3318 583 1127 3319 591 1126 3320 583 1127 3321 581 1521 3322 579 1522 3323 579 1522 3324 577 1523 3325 583 1127 3326 577 1523 3327 574 1517 3328 583 1127 3329 574 1517 3330 603 357 3331 599 1125 3332 574 1517 3333 599 1125 3334 583 1127 3335 575 1128 3336 576 1524 3337 510 1129 3338 601 1131 3339 603 1525 3340 539 1132 3341 526 1134 3342 590 922 3343 588 1135 3344 574 1137 3345 577 1526 3346 513 1138 3347 540 1140 3348 604 1527 3349 602 1141 3350 525 1143 3351 589 1528 3352 591 1144 3353 514 1146 3354 578 1529 3355 575 1147 3356 603 1149 3357 573 1530 3358 509 1150 3359 592 1151 3360 590 1531 3361 526 1152 3362 577 1154 3363 579 1532 3364 515 1155 3365 576 1157 3366 604 1158 3367 540 1157 3368 527 1159 3369 591 1533 3370 593 1160 3371 516 1162 3372 580 354 3373 578 1163 3374 594 1165 3375 592 1534 3376 528 1166 3377 579 1167 3378 581 501 3379 517 1168 3380 529 1170 3381 593 1395 3382 595 1171 3383 582 978 3384 580 978 3385 516 978 3386 596 1173 3387 594 1535 3388 530 1174 3389 581 1176 3390 583 733 3391 519 1177 3392 531 1178 3393 595 1536 3394 597 1179 3395 584 1181 3396 582 1537 3397 518 1182 3398 598 1183 3399 596 1538 3400 532 1184 3401 583 1186 3402 585 480 3403 521 1187 3404 597 1189 3405 599 1539 3406 535 1190 3407 586 1192 3408 584 739 3409 520 1193 3410 536 1194 3411 600 1540 3412 598 1195 3413 585 1197 3414 587 1541 3415 523 1198 3416 599 1199 3417 601 1542 3418 537 1200 3419 524 1202 3420 588 1543 3421 586 1203 3422 509 1205 3423 573 1544 3424 574 1206 3425</p>
        </triangles>
      </mesh>
    </geometry>
  </library_geometries>
  <library_visual_scenes>
    <visual_scene id="Scene" name="Scene">
      <node id="Cube_005" name="Cube.005" type="NODE">
        <matrix sid="transform">1 0 0 0 0 1 0 0 0 0 1 0 0 0 0 1</matrix>
        <instance_geometry url="#Cube_011-mesh" name="Cube.005">
          <bind_material>
            <technique_common>
              <instance_material symbol="Material_001-material" target="#Material_001-material">
                <bind_vertex_input semantic="UVMap" input_semantic="TEXCOORD" input_set="0"/>
                <bind_vertex_input semantic="UVMap.001" input_semantic="TEXCOORD" input_set="1"/>
              </instance_material>
            </technique_common>
          </bind_material>
        </instance_geometry>
      </node>
    </visual_scene>
  </library_visual_scenes>
  <scene>
    <instance_visual_scene url="#Scene"/>
  </scene>
</COLLADA>