<?xml version="1.0" encoding="utf-8"?>
<COLLADA xmlns="http://www.collada.org/2005/11/COLLADASchema" version="1.4.1" xmlns:xsi="http://www.w3.org/2001/XMLSchema-instance">
  <asset>
    <contributor>
      <author>Blender User</author>
      <authoring_tool>Blender 4.3.1 commit date:2024-12-10, commit time:07:46, hash:33d812126174</authoring_tool>
    </contributor>
    <created>2026-08-31T18:01:20</created>
    <modified>2026-08-31T18:01:20</modified>
    <unit name="meter" meter="1"/>
    <up_axis>Z_UP</up_axis>
  </asset>
  <library_effects>
    <effect id="Material_002-effect">
      <profile_COMMON>
        <newparam sid="mcc_struct_png-surface">
          <surface type="2D">
            <init_from>mcc_struct_png</init_from>
          </surface>
        </newparam>
        <newparam sid="mcc_struct_png-sampler">
          <sampler2D>
            <source>mcc_struct_png-surface</source>
          </sampler2D>
        </newparam>
        <technique sid="common">
          <lambert>
            <emission>
              <color sid="emission">0 0 0 1</color>
            </emission>
            <diffuse>
              <texture texture="mcc_struct_png-sampler" texcoord="Cylinder-mesh-map-0"/>
            </diffuse>
            <index_of_refraction>
              <float sid="ior">1.5</float>
            </index_of_refraction>
          </lambert>
        </technique>
      </profile_COMMON>
    </effect>
  </library_effects>
  <library_images>
    <image id="mcc_struct_png" name="mcc_struct_png">
      <init_from>/home/welton/snap/0ad/739/.local/share/0ad/mods/mars_wars/art/textures/skins/structural/mcc_struct.png</init_from>
    </image>
  </library_images>
  <library_materials>
    <material id="Material_002-material" name="Material.002">
      <instance_effect url="#Material_002-effect"/>
    </material>
  </library_materials>
  <library_geometries>
    <geometry id="Cylinder-mesh" name="Cylinder">
      <mesh>
        <source id="Cylinder-mesh-positions">
          <float_array id="Cylinder-mesh-positions-array" count="2052">0 18.07281 3.609916 0 16.86182 4.764784 9.036407 15.65151 3.609916 8.430912 14.60276 4.764784 15.65151 9.036407 3.609916 14.60276 8.430912 4.764784 18.07281 0 3.609916 15.65151 -9.036407 3.609916 9.036407 -15.65151 3.609916 8.430912 -14.60276 4.764784 0 -18.07281 3.609916 -9.036407 -15.65151 3.609916 -15.65151 -9.036407 3.609916 -14.60276 -8.430912 4.764784 -18.07281 0 3.609916 -16.86182 0 4.764784 -15.65151 9.036407 3.609916 -9.036407 15.65151 3.609916 -8.430912 14.60276 4.764784 9.036407 15.65151 4.405369 0 18.07281 4.405369 15.65151 9.036407 4.405369 18.07281 0 4.405369 15.65151 -9.036407 4.405369 9.036407 -15.65151 4.405369 0 -18.07281 4.405369 -9.036407 -15.65151 4.405369 -15.65151 -9.036407 4.405369 -18.07281 0 4.405369 -15.65151 9.036407 4.405369 -9.036407 15.65151 4.405369 16.86182 0 4.764784 14.60276 -8.430912 4.764784 0 -16.86182 4.764784 -8.430912 -14.60276 4.764784 -14.60276 8.430912 4.764784 7.547334 13.07237 4.764784 0 15.09467 4.764784 13.07237 7.547334 4.764784 15.09467 0 4.764784 13.07237 -7.547334 4.764784 7.547334 -13.07237 4.764784 0 -15.09467 4.764784 -7.547334 -13.07237 4.764784 -13.07237 -7.547334 4.764784 -15.09467 0 4.764784 -13.07237 7.547334 4.764784 -7.547334 13.07237 4.764784 15.09467 0 5.106959 13.07237 7.547334 5.106959 0 -15.09467 5.106959 7.547334 -13.07237 5.106959 -15.09467 0 5.106959 -13.07237 -7.547334 5.106959 0 15.09467 5.106959 -7.547334 13.07237 5.106959 16.86182 0 5.106959 14.60276 8.430912 5.106959 0 -16.86182 5.106959 8.430912 -14.60276 5.106959 -16.86182 0 5.106959 -14.60276 -8.430912 5.106959 0 16.86182 5.106959 -8.430912 14.60276 5.106959 14.5305 1.232128 -7.417532 13.81914 1.422739 -7.417532 15.05126 0.7113696 -7.417532 15.24187 0 -7.417532 15.05126 -0.7113696 -7.417532 14.5305 -1.232128 -7.417532 13.81914 -1.422739 -7.417532 13.10776 -1.232128 -7.417532 12.58701 -0.7113696 -7.417532 12.3964 0 -7.417532 12.58701 0.7113696 -7.417532 13.10776 1.232128 -7.417532 14.5305 1.232128 -3.780949 13.81914 1.422739 -3.780949 15.05126 0.7113696 -3.780949 15.24187 0 -3.780949 15.05126 -0.7113696 -3.780949 14.5305 -1.232128 -3.780949 13.81914 -1.422739 -3.780949 13.10776 -1.232128 -3.780949 12.58701 -0.7113696 -3.780949 12.3964 0 -3.780949 12.58701 0.7113696 -3.780949 13.10776 1.232128 -3.780949 14.5305 1.232128 0.9726739 13.81914 1.422739 0.9726739 15.05126 0.7113696 0.9726739 15.24187 0 0.9726739 15.05126 -0.7113696 0.9726739 14.5305 -1.232128 0.9726739 13.81914 -1.422739 0.9726739 13.10776 -1.232128 0.9726739 12.58701 -0.7113696 0.9726739 12.3964 0 0.9726739 12.58701 0.7113696 0.9726739 13.10776 1.232128 0.9726739 14.21194 0.6803537 0.9726739 13.81914 0.7856054 0.9726739 14.49949 0.3928021 0.9726739 14.60474 0 0.9726739 14.49949 -0.3928021 0.9726739 14.21194 -0.6803537 0.9726739 13.81914 -0.7856054 0.9726739 13.42633 -0.6803537 0.9726739 13.13878 -0.3928021 0.9726739 13.03353 0 0.9726739 13.13878 0.3928021 0.9726739 13.42633 0.6803537 0.9726739 14.21194 0.6803537 4.122119 13.81914 0.7856054 4.122119 14.49949 0.3928021 4.122119 14.60474 0 4.122119 14.49949 -0.3928021 4.122119 14.21194 -0.6803537 4.122119 13.81914 -0.7856054 4.122119 13.42633 -0.6803537 4.122119 13.13878 -0.3928021 4.122119 13.03353 0 4.122119 13.13878 0.3928021 4.122119 13.42633 0.6803537 4.122119 -14.5305 1.232128 -7.417532 -13.81914 1.422739 -7.417532 -15.05126 0.7113696 -7.417532 -15.24187 0 -7.417532 -15.05126 -0.7113696 -7.417532 -14.5305 -1.232128 -7.417532 -13.81914 -1.422739 -7.417532 -13.10776 -1.232128 -7.417532 -12.58701 -0.7113696 -7.417532 -12.3964 0 -7.417532 -12.58701 0.7113696 -7.417532 -13.10776 1.232128 -7.417532 -14.5305 1.232128 -3.780949 -13.81914 1.422739 -3.780949 -15.05126 0.7113696 -3.780949 -15.24187 0 -3.780949 -15.05126 -0.7113696 -3.780949 -14.5305 -1.232128 -3.780949 -13.81914 -1.422739 -3.780949 -13.10776 -1.232128 -3.780949 -12.58701 -0.7113696 -3.780949 -12.3964 0 -3.780949 -12.58701 0.7113696 -3.780949 -13.10776 1.232128 -3.780949 -14.5305 1.232128 0.9726746 -13.81914 1.422739 0.9726746 -15.05126 0.7113696 0.9726746 -15.24187 0 0.9726746 -15.05126 -0.7113696 0.9726746 -14.5305 -1.232128 0.9726746 -13.81914 -1.422739 0.9726746 -13.10776 -1.232128 0.9726746 -12.58701 -0.7113696 0.9726746 -12.3964 0 0.9726746 -12.58701 0.7113696 0.9726746 -13.10776 1.232128 0.9726746 -14.21194 0.6803537 0.9726739 -13.81914 0.7856054 0.9726739 -14.49949 0.3928021 0.9726739 -14.60474 0 0.9726739 -14.49949 -0.3928021 0.9726739 -14.21194 -0.6803537 0.9726739 -13.81914 -0.7856054 0.9726739 -13.42633 -0.6803537 0.9726739 -13.13878 -0.3928021 0.9726739 -13.03353 0 0.9726739 -13.13878 0.3928021 0.9726739 -13.42633 0.6803537 0.9726739 -14.21194 0.6803537 4.122119 -13.81914 0.7856054 4.122119 -14.49949 0.3928021 4.122119 -14.60474 0 4.122119 -14.49949 -0.3928021 4.122119 -14.21194 -0.6803537 4.122119 -13.81914 -0.7856054 4.122119 -13.42633 -0.6803537 4.122119 -13.13878 -0.3928021 4.122119 -13.03353 0 4.122119 -13.13878 0.3928021 4.122119 -13.42633 0.6803537 4.122119 -1.232129 14.5305 -7.417532 -1.422739 13.81914 -7.417532 -0.7113696 15.05126 -7.417532 0 15.24187 -7.417532 0.7113686 15.05126 -7.417532 1.232127 14.5305 -7.417532 1.422738 13.81914 -7.417532 1.232127 13.10776 -7.417532 0.7113686 12.58701 -7.417532 0 12.3964 -7.417532 -0.7113696 12.58701 -7.417532 -1.232129 13.10776 -7.417532 -1.232129 14.5305 -3.780949 -1.422739 13.81914 -3.780949 -0.7113696 15.05126 -3.780949 0 15.24187 -3.780949 0.7113686 15.05126 -3.780949 1.232127 14.5305 -3.780949 1.422738 13.81914 -3.780949 1.232127 13.10776 -3.780949 0.7113686 12.58701 -3.780949 0 12.3964 -3.780949 -0.7113696 12.58701 -3.780949 -1.232129 13.10776 -3.780949 -1.232129 14.5305 0.9726739 -1.422739 13.81914 0.9726739 -0.7113696 15.05126 0.9726739 0 15.24187 0.9726739 0.7113686 15.05126 0.9726739 1.232127 14.5305 0.9726739 1.422738 13.81914 0.9726739 1.232127 13.10776 0.9726739 0.7113686 12.58701 0.9726739 0 12.3964 0.9726739 -0.7113696 12.58701 0.9726739 -1.232129 13.10776 0.9726739 -0.6803547 14.21194 0.9726739 -0.7856054 13.81914 0.9726739 -0.3928031 14.49949 0.9726739 0 14.60474 0.9726739 0.3928021 14.49949 0.9726739 0.6803537 14.21194 0.9726739 0.7856043 13.81914 0.9726739 0.6803537 13.42633 0.9726739 0.3928021 13.13878 0.9726739 0 13.03353 0.9726739 -0.3928031 13.13878 0.9726739 -0.6803547 13.42633 0.9726739 -0.6803547 14.21194 4.122119 -0.7856054 13.81914 4.122119 -0.3928031 14.49949 4.122119 0 14.60474 4.122119 0.3928021 14.49949 4.122119 0.6803537 14.21194 4.122119 0.7856043 13.81914 4.122119 0.6803537 13.42633 4.122119 0.3928021 13.13878 4.122119 0 13.03353 4.122119 -0.3928031 13.13878 4.122119 -0.6803547 13.42633 4.122119 -1.232127 -14.5305 -7.417532 -1.422738 -13.81914 -7.417532 -0.7113686 -15.05126 -7.417532 0 -15.24187 -7.417532 0.7113696 -15.05126 -7.417532 1.232129 -14.5305 -7.417532 1.422739 -13.81914 -7.417532 1.232129 -13.10776 -7.417532 0.7113696 -12.58701 -7.417532 0 -12.3964 -7.417532 -0.7113686 -12.58701 -7.417532 -1.232127 -13.10776 -7.417532 -1.232127 -14.5305 -3.780949 -1.422738 -13.81914 -3.780949 -0.7113686 -15.05126 -3.780949 0 -15.24187 -3.780949 0.7113696 -15.05126 -3.780949 1.232129 -14.5305 -3.780949 1.422739 -13.81914 -3.780949 1.232129 -13.10776 -3.780949 0.7113696 -12.58701 -3.780949 0 -12.3964 -3.780949 -0.7113686 -12.58701 -3.780949 -1.232127 -13.10776 -3.780949 -1.232127 -14.5305 0.9726746 -1.422738 -13.81914 0.9726746 -0.7113686 -15.05126 0.9726746 0 -15.24187 0.9726746 0.7113696 -15.05126 0.9726746 1.232129 -14.5305 0.9726746 1.422739 -13.81914 0.9726746 1.232129 -13.10776 0.9726746 0.7113696 -12.58701 0.9726746 0 -12.3964 0.9726746 -0.7113686 -12.58701 0.9726746 -1.232127 -13.10776 0.9726746 -0.6803537 -14.21194 0.9726739 -0.7856043 -13.81914 0.9726739 -0.3928021 -14.49949 0.9726739 0 -14.60474 0.9726739 0.3928031 -14.49949 0.9726739 0.6803547 -14.21194 0.9726739 0.7856054 -13.81914 0.9726739 0.6803547 -13.42633 0.9726739 0.3928031 -13.13878 0.9726739 0 -13.03353 0.9726739 -0.3928021 -13.13878 0.9726739 -0.6803537 -13.42633 0.9726739 -0.6803537 -14.21194 4.122119 -0.7856043 -13.81914 4.122119 -0.3928021 -14.49949 4.122119 0 -14.60474 4.122119 0.3928031 -14.49949 4.122119 0.6803547 -14.21194 4.122119 0.7856054 -13.81914 4.122119 0.6803547 -13.42633 4.122119 0.3928031 -13.13878 4.122119 0 -13.03353 4.122119 -0.3928021 -13.13878 4.122119 -0.6803537 -13.42633 4.122119 -11.14587 9.403374 -7.417532 -10.77763 8.765577 -7.417532 -11.14587 10.13984 -7.417532 -10.77763 10.77763 -7.417532 -10.13984 11.14587 -7.417532 -9.403374 11.14587 -7.417532 -8.765577 10.77763 -7.417532 -8.397342 10.13984 -7.417532 -8.397345 9.403374 -7.417532 -8.765577 8.765577 -7.417532 -9.403374 8.397345 -7.417532 -10.13984 8.397342 -7.417532 -11.14587 9.403374 -3.780949 -10.77763 8.765577 -3.780949 -11.14587 10.13984 -3.780949 -10.77763 10.77763 -3.780949 -10.13984 11.14587 -3.780949 -9.403374 11.14587 -3.780949 -8.765577 10.77763 -3.780949 -8.397342 10.13984 -3.780949 -8.397345 9.403374 -3.780949 -8.765577 8.765577 -3.780949 -9.403374 8.397345 -3.780949 -10.13984 8.397342 -3.780949 -11.14587 9.403374 0.9726739 -10.77763 8.765577 0.9726739 -11.14587 10.13984 0.9726739 -10.77763 10.77763 0.9726739 -10.13984 11.14587 0.9726739 -9.403374 11.14587 0.9726739 -8.765577 10.77763 0.9726739 -8.397342 10.13984 0.9726739 -8.397345 9.403374 0.9726739 -8.765577 8.765577 0.9726739 -9.403374 8.397345 0.9726739 -10.13984 8.397342 0.9726739 -10.53044 9.568277 0.9726739 -10.32711 9.216098 0.9726739 -10.53044 9.974935 0.9726739 -10.32711 10.32711 0.9726739 -9.974935 10.53044 0.9726739 -9.568277 10.53044 0.9726739 -9.216098 10.32711 0.9726739 -9.012769 9.974935 0.9726739 -9.012769 9.568276 0.9726739 -9.216098 9.216098 0.9726739 -9.568276 9.012769 0.9726739 -9.974935 9.012769 0.9726739 -10.53044 9.568277 4.122119 -10.32711 9.216098 4.122119 -10.53044 9.974935 4.122119 -10.32711 10.32711 4.122119 -9.974935 10.53044 4.122119 -9.568277 10.53044 4.122119 -9.216098 10.32711 4.122119 -9.012769 9.974935 4.122119 -9.012769 9.568276 4.122119 -9.216098 9.216098 4.122119 -9.568276 9.012769 4.122119 -9.974935 9.012769 4.122119 9.403374 -11.14587 -7.417532 8.765577 -10.77763 -7.417532 10.13984 -11.14587 -7.417532 10.77763 -10.77763 -7.417532 11.14587 -10.13984 -7.417532 11.14587 -9.403374 -7.417532 10.77763 -8.765577 -7.417532 10.13984 -8.397342 -7.417532 9.403374 -8.397345 -7.417532 8.765577 -8.765577 -7.417532 8.397345 -9.403374 -7.417532 8.397342 -10.13984 -7.417532 9.403374 -11.14587 -3.780949 8.765577 -10.77763 -3.780949 10.13984 -11.14587 -3.780949 10.77763 -10.77763 -3.780949 11.14587 -10.13984 -3.780949 11.14587 -9.403374 -3.780949 10.77763 -8.765577 -3.780949 10.13984 -8.397342 -3.780949 9.403374 -8.397345 -3.780949 8.765577 -8.765577 -3.780949 8.397345 -9.403374 -3.780949 8.397342 -10.13984 -3.780949 9.403374 -11.14587 0.9726746 8.765577 -10.77763 0.9726746 10.13984 -11.14587 0.9726746 10.77763 -10.77763 0.9726746 11.14587 -10.13984 0.9726746 11.14587 -9.403374 0.9726746 10.77763 -8.765577 0.9726746 10.13984 -8.397342 0.9726746 9.403374 -8.397345 0.9726746 8.765577 -8.765577 0.9726746 8.397345 -9.403374 0.9726746 8.397342 -10.13984 0.9726746 9.568277 -10.53044 0.9726739 9.216098 -10.32711 0.9726739 9.974936 -10.53044 0.9726739 10.32711 -10.32711 0.9726739 10.53044 -9.974935 0.9726739 10.53044 -9.568277 0.9726739 10.32711 -9.216098 0.9726739 9.974935 -9.012769 0.9726739 9.568276 -9.012769 0.9726739 9.216098 -9.216098 0.9726739 9.012769 -9.568276 0.9726739 9.012769 -9.974935 0.9726739 9.568277 -10.53044 4.122119 9.216098 -10.32711 4.122119 9.974936 -10.53044 4.122119 10.32711 -10.32711 4.122119 10.53044 -9.974935 4.122119 10.53044 -9.568277 4.122119 10.32711 -9.216098 4.122119 9.974935 -9.012769 4.122119 9.568276 -9.012769 4.122119 9.216098 -9.216098 4.122119 9.012769 -9.568276 4.122119 9.012769 -9.974935 4.122119 -11.14587 -9.403374 -7.417532 -10.77763 -8.765577 -7.417532 -11.14587 -10.13984 -7.417532 -10.77763 -10.77763 -7.417532 -10.13984 -11.14587 -7.417532 -9.403374 -11.14587 -7.417532 -8.765577 -10.77763 -7.417532 -8.397342 -10.13984 -7.417532 -8.397345 -9.403374 -7.417532 -8.765577 -8.765577 -7.417532 -9.403374 -8.397345 -7.417532 -10.13984 -8.397342 -7.417532 -11.14587 -9.403374 -3.780949 -10.77763 -8.765577 -3.780949 -11.14587 -10.13984 -3.780949 -10.77763 -10.77763 -3.780949 -10.13984 -11.14587 -3.780949 -9.403374 -11.14587 -3.780949 -8.765577 -10.77763 -3.780949 -8.397342 -10.13984 -3.780949 -8.397345 -9.403374 -3.780949 -8.765577 -8.765577 -3.780949 -9.403374 -8.397345 -3.780949 -10.13984 -8.397342 -3.780949 -11.14587 -9.403374 0.9726746 -10.77763 -8.765577 0.9726746 -11.14587 -10.13984 0.9726746 -10.77763 -10.77763 0.9726746 -10.13984 -11.14587 0.9726746 -9.403374 -11.14587 0.9726746 -8.765577 -10.77763 0.9726746 -8.397342 -10.13984 0.9726746 -8.397345 -9.403374 0.9726746 -8.765577 -8.765577 0.9726746 -9.403374 -8.397345 0.9726746 -10.13984 -8.397342 0.9726746 -10.53044 -9.568277 0.9726739 -10.32711 -9.216098 0.9726739 -10.53044 -9.974936 0.9726739 -10.32711 -10.32711 0.9726739 -9.974935 -10.53044 0.9726739 -9.568277 -10.53044 0.9726739 -9.216098 -10.32711 0.9726739 -9.012769 -9.974935 0.9726739 -9.012769 -9.568276 0.9726739 -9.216098 -9.216098 0.9726739 -9.568276 -9.012769 0.9726739 -9.974935 -9.012769 0.9726739 -10.53044 -9.568277 4.122119 -10.32711 -9.216098 4.122119 -10.53044 -9.974936 4.122119 -10.32711 -10.32711 4.122119 -9.974935 -10.53044 4.122119 -9.568277 -10.53044 4.122119 -9.216098 -10.32711 4.122119 -9.012769 -9.974935 4.122119 -9.012769 -9.568276 4.122119 -9.216098 -9.216098 4.122119 -9.568276 -9.012769 4.122119 -9.974935 -9.012769 4.122119 9.403374 11.14587 -7.417532 8.765577 10.77763 -7.417532 10.13984 11.14587 -7.417532 10.77763 10.77763 -7.417532 11.14587 10.13984 -7.417532 11.14587 9.403374 -7.417532 10.77763 8.765577 -7.417532 10.13984 8.397342 -7.417532 9.403374 8.397345 -7.417532 8.765577 8.765577 -7.417532 8.397345 9.403374 -7.417532 8.397342 10.13984 -7.417532 9.403374 11.14587 -3.780949 8.765577 10.77763 -3.780949 10.13984 11.14587 -3.780949 10.77763 10.77763 -3.780949 11.14587 10.13984 -3.780949 11.14587 9.403374 -3.780949 10.77763 8.765577 -3.780949 10.13984 8.397342 -3.780949 9.403374 8.397345 -3.780949 8.765577 8.765577 -3.780949 8.397345 9.403374 -3.780949 8.397342 10.13984 -3.780949 9.403374 11.14587 0.9726739 8.765577 10.77763 0.9726739 10.13984 11.14587 0.9726739 10.77763 10.77763 0.9726739 11.14587 10.13984 0.9726739 11.14587 9.403374 0.9726739 10.77763 8.765577 0.9726739 10.13984 8.397342 0.9726739 9.403374 8.397345 0.9726739 8.765577 8.765577 0.9726739 8.397345 9.403374 0.9726739 8.397342 10.13984 0.9726739 9.568277 10.53044 0.9726739 9.216098 10.32711 0.9726739 9.974935 10.53044 0.9726739 10.32711 10.32711 0.9726739 10.53044 9.974935 0.9726739 10.53044 9.568277 0.9726739 10.32711 9.216098 0.9726739 9.974935 9.012769 0.9726739 9.568276 9.012769 0.9726739 9.216098 9.216098 0.9726739 9.012769 9.568276 0.9726739 9.012769 9.974935 0.9726739 9.568277 10.53044 4.122119 9.216098 10.32711 4.122119 9.974935 10.53044 4.122119 10.32711 10.32711 4.122119 10.53044 9.974935 4.122119 10.53044 9.568277 4.122119 10.32711 9.216098 4.122119 9.974935 9.012769 4.122119 9.568276 9.012769 4.122119 9.216098 9.216098 4.122119 9.012769 9.568276 4.122119 9.012769 9.974935 4.122119 16.90066 -7.69539 3.943084 16.90066 -7.69539 4.257849 24.24505 -7.69539 3.943084 24.24505 -7.69539 4.257849 16.90066 -1.552825 4.257849 16.90066 -1.552825 3.943084 24.24505 -1.552825 4.257849 24.24505 -1.552825 3.943084 16.90066 6.383478 0.4940806 16.90066 6.383478 0.179315 24.24505 6.383478 0.4940806 24.24505 6.383478 0.179315 16.90066 11.82339 0.4940806 16.90066 11.82339 0.179315 24.24505 11.82339 0.4940806 24.24505 11.82339 0.179315 30.47472 6.383478 -2.139196 30.47472 6.383478 -2.453961 30.47472 11.82339 -2.139196 30.47472 11.82339 -2.453961 22.66403 -3.776721 -8.335625 21.95265 -3.58611 -8.335625 23.18479 -4.297481 -8.335625 23.37539 -5.00885 -8.335625 23.18479 -5.720221 -8.335625 22.66403 -6.240978 -8.335625 21.95265 -6.43159 -8.335625 21.24128 -6.240978 -8.335625 20.72052 -5.720221 -8.335625 20.52992 -5.00885 -8.335625 20.72052 -4.297481 -8.335625 21.24128 -3.776721 -8.335625 22.66403 -3.776721 -4.69904 21.95265 -3.58611 -4.69904 23.18479 -4.297481 -4.69904 23.37539 -5.00885 -4.69904 23.18479 -5.720221 -4.69904 22.66403 -6.240978 -4.69904 21.95265 -6.43159 -4.69904 21.24128 -6.240978 -4.69904 20.72052 -5.720221 -4.69904 20.52992 -5.00885 -4.69904 20.72052 -4.297481 -4.69904 21.24128 -3.776721 -4.69904 22.66403 -3.776721 0.05458259 21.95265 -3.58611 0.05458259 23.18479 -4.297481 0.05458259 23.37539 -5.00885 0.05458259 23.18479 -5.720221 0.05458259 22.66403 -6.240978 0.05458259 21.95265 -6.43159 0.05458259 21.24128 -6.240978 0.05458259 20.72052 -5.720221 0.05458259 20.52992 -5.00885 0.05458259 20.72052 -4.297481 0.05458259 21.24128 -3.776721 0.05458259 22.34547 -4.328496 0.05458259 21.95265 -4.223244 0.05458259 22.63301 -4.616046 0.05458259 22.73827 -5.00885 0.05458259 22.63301 -5.401652 0.05458259 22.34547 -5.689203 0.05458259 21.95265 -5.794456 0.05458259 21.55986 -5.689203 0.05458259 21.2723 -5.401652 0.05458259 21.16704 -5.00885 0.05458259 21.2723 -4.616046 0.05458259 21.55986 -4.328496 0.05458259 22.34547 -4.328496 3.204028 21.95265 -4.223244 3.204028 22.63301 -4.616046 3.204028 22.73827 -5.00885 3.204028 22.63301 -5.401652 3.204028 22.34547 -5.689203 3.204028 21.95265 -5.794456 3.204028 21.55986 -5.689203 3.204028 21.2723 -5.401652 3.204028 21.16704 -5.00885 3.204028 21.2723 -4.616046 3.204028 21.55986 -4.328496 3.204028 21.50817 10.63589 -11.20437 20.7968 10.8265 -11.20437 22.02893 10.11513 -11.20437 22.21953 9.403758 -11.20437 22.02893 8.692388 -11.20437 21.50817 8.171628 -11.20437 20.7968 7.981018 -11.20437 20.08542 8.171628 -11.20437 19.56466 8.692388 -11.20437 19.37406 9.403758 -11.20437 19.56466 10.11513 -11.20437 20.08542 10.63589 -11.20437 21.50817 10.63589 -7.567789 20.7968 10.8265 -7.567789 22.02893 10.11513 -7.567789 22.21953 9.403758 -7.567789 22.02893 8.692388 -7.567789 21.50817 8.171628 -7.567789 20.7968 7.981018 -7.567789 20.08542 8.171628 -7.567789 19.56466 8.692388 -7.567789 19.37406 9.403758 -7.567789 19.56466 10.11513 -7.567789 20.08542 10.63589 -7.567789 21.50817 10.63589 -2.814161 20.7968 10.8265 -2.814161 22.02893 10.11513 -2.814161 22.21953 9.403758 -2.814161 22.02893 8.692388 -2.814161 21.50817 8.171628 -2.814161 20.7968 7.981018 -2.814161 20.08542 8.171628 -2.814161 19.56466 8.692388 -2.814161 19.37406 9.403758 -2.814161 19.56466 10.11513 -2.814161 20.08542 10.63589 -2.814161 21.18961 10.08411 -2.814161 20.7968 10.18936 -2.814161 21.47715 9.796561 -2.814161 21.58241 9.403758 -2.814161 21.47715 9.010955 -2.814161 21.18961 8.723403 -2.814161 20.7968 8.618151 -2.814161 20.404 8.723403 -2.814161 20.11644 9.010955 -2.814161 20.01118 9.403758 -2.814161 20.11644 9.796561 -2.814161 20.404 10.08411 -2.814161 21.18961 10.08411 0.335285 20.7968 10.18936 0.335285 21.47715 9.796561 0.335285 21.58241 9.403758 0.335285 21.47715 9.010955 0.335285 21.18961 8.723403 0.335285 20.7968 8.618151 0.335285 20.404 8.723403 0.335285 20.11644 9.010955 0.335285 20.01118 9.403758 0.335285 20.11644 9.796561 0.335285 20.404 10.08411 0.335285</float_array>
          <technique_common>
            <accessor source="#Cylinder-mesh-positions-array" count="684" stride="3">
              <param name="X" type="float"/>
              <param name="Y" type="float"/>
              <param name="Z" type="float"/>
            </accessor>
          </technique_common>
        </source>
        <source id="Cylinder-mesh-normals">
          <float_array id="Cylinder-mesh-normals-array" count="3087">0.2588192 0.9659258 0 0.4999987 0.8660262 0 0.2588192 0.9659258 0 0.5000019 0.8660244 0 0.8660243 0.5000019 0 0.8660262 0.4999987 0 0.9659258 0.2588192 0 0.9659258 -0.2588192 0 0.8660265 -0.4999982 0 0.9659258 -0.2588192 0 0.8660245 -0.5000016 0 0.5000015 -0.8660246 0 0.4999982 -0.8660265 0 0.2588192 -0.9659258 0 -0.2588192 -0.9659258 0 -0.4999987 -0.8660262 0 -0.2588192 -0.9659258 0 -0.5000019 -0.8660244 0 -0.8660243 -0.5000019 0 -0.8660262 -0.4999987 0 -0.9659258 -0.2588192 0 -0.9659258 0.2588192 0 -0.8660265 0.4999982 0 -0.9659258 0.2588192 0 -0.8660245 0.5000016 0 -0.5000015 0.8660246 0 -0.4999982 0.8660265 0 -0.2588192 0.9659258 0 0 0 -1 0 0 -1 0 0 -1 0 0.2108613 0.977516 0.1422633 0.2464069 0.9586683 0 0.2845267 0.9586681 0.1826111 0.1054291 0.9775162 0.08352345 0.1446666 0.985949 0.2108612 0 0.9775161 0.2464064 0.1422647 0.9586682 0.2464073 -0.1422634 0.9586681 0.2845264 0 0.9586682 0.105429 -0.1826108 0.9775164 0.1446667 -0.08352351 0.985949 0 -0.2108613 0.977516 0.1422646 -0.246406 0.9586683 -0.1422633 -0.2464069 0.9586683 0 -0.2845267 0.9586681 -0.1826111 -0.1054291 0.9775162 -0.08352345 -0.1446666 0.985949 -0.2108612 0 0.9775161 -0.2464064 -0.1422647 0.9586682 -0.2464073 0.1422634 0.9586681 -0.2845264 0 0.9586682 -0.105429 0.1826108 0.9775164 -0.1446667 0.08352351 0.985949 -0.1422646 0.246406 0.9586683 1.66056e-7 0 1 0 0 1 0 0 1 0 0 1 0 0 1 0.9659258 0.2588195 0 0.9659261 0.2588182 0 0.9659262 0.2588181 0 -1.69277e-7 0 1 0 0 1 0 0 1 -1 0 0 0 0 1 0 0 1 0.8660245 0.5000016 0 0.8660249 0.5000011 0 0.8660249 0.5000011 0 0 0 1 0.9659257 0.2588197 0 0.9659259 0.2588191 0 0 0 1 0 0 1 1.28022e-7 0 1 0 0 1 0 0 1 -1.28022e-7 0 1 -0.2588192 0.9659259 0 -0.2588192 0.9659258 0 1 0 0 -0.9659258 -0.2588195 0 -0.9659261 -0.2588182 0 -0.9659262 -0.2588181 0 0.2588192 -0.9659259 0 0.2588192 -0.9659258 0 0.5000017 -0.8660245 0 0.5000007 -0.8660251 0 0.5000005 -0.8660252 0 0 1 0 0.2588188 -0.9659259 0 0.2588194 -0.9659258 0 -0.5000017 0.8660245 0 -0.5000007 0.8660251 0 -0.5000005 0.8660252 0 0 -1 0 -0.2588188 0.9659259 0 -0.2588194 0.9659258 0 -0.9659257 -0.2588197 0 -0.9659259 -0.2588191 0 -0.8660245 -0.5000016 0 -0.8660249 -0.5000011 0 -0.8660249 -0.5000011 0 1 -1.19572e-6 0 0.9659267 -0.2588163 0 0.9659265 -0.258817 0 0.5000029 -0.8660237 0 0.2588201 -0.9659256 0 0.25882 -0.9659256 0 0.9659262 0.2588177 0 1 3.23115e-6 0 -1 -3.23115e-6 0 -0.9659259 0.2588191 0 -0.9659262 0.2588177 0 -0.2588188 -0.965926 0 -0.5000011 -0.8660249 0 -0.4999967 -0.8660273 0 0.9659262 -0.2588177 0 -0.7071064 0.7071073 0 -0.4999988 0.8660261 0 -0.5000029 0.8660238 0 0.25882 0.9659256 0 0.5000005 0.8660252 0 0.4999966 0.8660274 0 -0.7071067 -0.7071069 0 -0.7071064 -0.7071073 0 0.7071062 -0.7071075 0 0.4999987 -0.8660262 0 -0.2588195 0.9659258 0 -0.25882 0.9659256 0 0.7071051 0.7071086 0 0.7071049 0.7071087 0 -0.9659262 -0.2588177 0 -1 2.15082e-6 0 0 0 1 0 0 1 0 0 1 -0.7071063 0.7071074 0 -0.4999992 0.866026 0 0.2588201 0.9659255 0 0.5000008 0.8660249 0 -0.7071062 -0.7071074 0 0.7071053 -0.7071083 0 0.4999981 -0.8660266 0 0.7071059 0.7071078 0 -0.9659264 -0.2588172 0 -1 -1.04103e-6 0 0.2588202 -0.9659256 0 0.9659264 0.258817 0 1 -8.5443e-7 0 -0.9659265 0.2588167 0 -0.2588194 -0.9659258 0 -0.5000008 -0.866025 0 0 0 -1 0 0 -1 0 0 -1 0.9659259 0.2588188 0 1 3.63377e-7 0 1 -3.63377e-7 0 -0.9659258 0.2588193 0 -0.8660249 0.500001 0 -0.8660258 0.4999994 0 -0.2588195 -0.9659258 0 -0.2588196 -0.9659258 0 0.965926 -0.2588188 0 -0.7071082 0.7071053 0 0.2588197 0.9659258 0 0.4999995 0.8660257 0 0.4999996 0.8660257 0 -0.7071082 -0.7071053 0 -0.8660258 -0.4999994 0 -0.8660249 -0.500001 0 0.7071053 -0.7071084 0 0.4999997 -0.8660258 0 0.4999995 -0.8660257 0 -0.2588195 0.9659258 0 -0.2588196 0.9659258 0 0.7071053 0.7071084 0 0.7071052 0.7071084 0 -0.9659258 -0.2588192 0 -0.9659245 -0.2588244 0 0.2588197 -0.9659258 0 0.258821 -0.9659253 0 -0.9659265 -0.2588167 0 -1 -2.12627e-6 0 -0.9659259 -0.2588191 0 -0.2588201 -0.9659255 0 -0.5000029 -0.8660237 0 -0.25882 -0.9659256 0 -1 3.23115e-6 0 0.9659259 0.2588191 0 1 -3.23115e-6 0 0.5000013 -0.8660248 0 0.2588188 -0.965926 0 0.4999967 -0.8660273 0 0.4999985 0.8660263 0 0.7071064 0.7071073 0 0.5000029 0.8660238 0 -0.5000013 0.8660248 0 -0.4999966 0.8660274 0 0.7071067 -0.7071068 0 0.7071064 -0.7071073 0 -0.4999988 -0.8660261 0 -0.7071062 -0.7071075 0 0.258819 0.9659259 0 -0.7071062 0.7071074 0 -0.7071049 0.7071087 0 1 2.13118e-6 0 0 0 1 0 0 1 0 0 1 0.4999995 0.8660258 0 0.7071063 0.7071073 0 -0.5000008 0.8660249 0 -0.2588201 0.9659255 0 0.7071062 -0.7071074 0 -0.4999994 -0.8660259 0 -0.7071056 -0.7071081 0 0.2588192 0.9659259 0 -0.7071061 0.7071075 0 1 -1.02139e-6 0 0.9659264 -0.2588172 0 -0.2588202 -0.9659255 0 -1 1.02139e-6 0 -0.9659264 0.2588172 0 0.9659265 0.2588167 0 0.5000004 -0.8660253 0 0.2588196 -0.9659257 0 0 0 -1 0 0 -1 0 0 -1 -1 3.63377e-7 0 -0.9659259 0.2588188 0 -1 -3.63377e-7 0 0.8660249 0.500001 0 0.9659258 0.2588193 0 0.8660258 0.4999994 0 0.2588196 -0.9659258 0 0.2588195 -0.9659258 0 -0.965926 -0.2588188 0 0.7071082 0.7071053 0 -0.4999995 0.8660257 0 -0.2588197 0.9659258 0 -0.4999997 0.8660258 0 0.8660258 -0.4999994 0 0.7071082 -0.7071053 0 0.8660249 -0.500001 0 -0.4999997 -0.8660258 0 -0.7071053 -0.7071084 0 -0.4999995 -0.8660257 0 0.2588196 0.9659258 0 0.2588195 0.9659258 0 -0.7071053 0.7071084 0 -0.7071052 0.7071084 0 0.9659258 -0.2588192 0 0.9659245 -0.2588244 0 -0.2588197 -0.9659258 0 -0.258821 -0.9659253 0 1.35531e-6 1 0 0.2588182 0.9659262 0 0.8660237 0.5000029 0 0.9659256 0.2588201 0 0.9659255 0.2588204 0 -0.2588178 0.9659262 0 -3.09366e-6 1 0 3.37847e-6 -1 0 -0.2588178 -0.9659262 0 0.9659259 -0.2588189 0 0.866025 -0.500001 0 0.8660272 -0.4999969 0 -0.7071064 -0.7071073 0 -1 -2.64188e-6 0 -0.866025 0.5000008 0 -0.8660271 0.4999972 0 0.707107 -0.7071067 0 0.7071071 -0.7071065 0 0.7071075 0.7071061 0 0.8660261 0.4999989 0 -0.9659262 -0.2588179 0 -1 1.64994e-6 0 -0.707107 0.7071067 0 -0.7071069 0.7071067 0 0.2588181 -0.9659261 0 -1.04104e-6 -1 0 0 0 1 0 0 1 0 0 1 -0.7071063 -0.7071074 0 -0.8660252 0.5000006 0 0.7071069 -0.7071067 0 0.7071077 0.707106 0 0.8660259 0.4999991 0 -0.9659261 -0.258818 0 -1 1.41423e-6 0 -0.707107 0.7071066 0 0.2588182 -0.9659262 0 -6.48189e-7 -1 0 0.9659256 0.25882 0 1.04103e-6 1 0 -0.2588178 -0.9659262 0 0.9659259 -0.2588192 0 0.866025 -0.5000008 0 -0.2588169 0.9659264 0 0 1 0 6.8747e-7 1 0 -0.2588191 -0.9659258 0 -0.4999992 -0.8660259 0 -0.5 -0.8660256 0 1 2.84809e-7 0 0.9659264 -0.2588168 0 0.2588176 0.9659262 0 0.2588176 0.9659263 0 -0.7071059 -0.7071077 0 -0.707106 -0.7071076 0 -1 8.15143e-7 0 -0.8660263 0.4999984 0 -0.8660261 0.4999989 0 0.7071059 -0.7071076 0 0.5000001 -0.8660253 0 0.4999995 -0.8660257 0 0.7071082 0.7071054 0 0.8660261 0.4999989 0 0.8660264 0.4999983 0 -0.9659264 -0.2588171 0 -1 4.22303e-7 0 -0.7071083 0.7071053 0 -0.7071083 0.7071053 0 0.2588198 -0.9659256 0 0.2588198 -0.9659257 0 1 9.62458e-7 0 0.2588178 -0.9659262 0 1.02139e-6 -1 0 0.2588178 -0.9659262 0 1 6.77655e-7 0 0.866024 -0.5000026 0 1 -3.54543e-6 0 -0.2588181 -0.9659261 0 -3.37847e-6 -1 0 -0.2588182 0.9659262 0 3.09366e-6 1 0 0.9659261 0.258818 0 0.9659261 0.2588182 0 -0.8660261 0.4999989 0 -0.7071069 0.7071067 0 -0.8660238 0.5000029 0 -0.8660249 -0.500001 0 -0.9659256 -0.2588198 0 -0.8660272 -0.499997 0 0.7071064 0.7071073 0 0.7071062 0.7071073 0 0.7071063 0.7071074 0 0.8660262 -0.4999989 0 0.707107 -0.7071066 0 -0.9659258 0.2588192 0 -0.9659258 0.2588195 0 -0.7071076 -0.7071059 0 -0.7071077 -0.7071059 0 -1.3504e-6 1 0 0.2588178 0.9659262 0 -0.866026 0.499999 0 -0.8660249 -0.5000008 0 -0.9659255 -0.2588202 0 0.7071064 0.7071072 0 0.8660258 -0.4999993 0 0.707107 -0.7071066 0 -0.9659259 0.258819 0 -1.05085e-6 1 0 0.2588178 0.9659262 0 1 2.45526e-7 0 6.87473e-7 -1 0 -0.2588181 0.9659261 0 0.9659261 0.258818 0 -6.8747e-7 -1 0 -0.2588176 -0.9659262 0 0 -1 0 -0.4999995 0.8660258 0 -0.2588198 0.9659258 0 -0.5000001 0.8660254 0 0.9659264 0.2588171 0 1 -4.51766e-7 0 0.9659264 0.2588168 0 0.2588169 -0.9659264 0 -0.7071059 0.7071077 0 -0.7071059 0.7071077 0 -0.8660264 -0.4999983 0 -1 -9.821e-7 0 -0.8660261 -0.4999989 0 0.4999999 0.8660256 0 0.707106 0.7071076 0 0.4999993 0.8660259 0 0.8660261 -0.4999989 0 0.7071083 -0.7071053 0 0.8660263 -0.4999985 0 -1 -2.45525e-7 0 -0.9659264 0.2588168 0 -0.7071082 -0.7071054 0 -0.7071083 -0.7071053 0 0.2588191 0.9659258 0 0.2588191 0.9659258 0 1 -7.8568e-7 0 -0.7071065 0.7071071 0 -0.5000007 0.8660251 0 -0.5000009 0.8660249 0 0.5000007 0.866025 0 0.7071068 0.7071068 0 0.7071034 0.7071101 0 -0.8660247 0.5000012 0 -0.7071086 0.707105 0 0.4999992 -0.866026 0 0.2588193 -0.9659258 0 0.2588235 -0.9659246 0 0.8660238 0.5000029 0 0.8660234 0.5000036 0 -0.5000001 0.8660253 0 3.88482e-6 -1 0 3.88482e-6 -1 0 -0.866025 -0.5000008 0 -0.8660262 -0.4999988 0 1 -5.33509e-6 0 0.965925 -0.2588223 0 0.9659261 -0.2588181 0 -0.5000031 -0.8660236 0 -0.7071083 -0.7071053 0 0.8660258 -0.4999995 0 0.8660262 -0.4999988 0 0 0 1 3.88482e-6 -1 0 -0.8660258 -0.4999994 0 1 -4.48008e-6 0 0.9659254 -0.2588207 0 -0.5000023 -0.8660241 0 -0.7071088 -0.7071048 0 0.8660258 -0.4999992 0 0.7071061 0.7071075 0 -0.8660257 0.4999997 0 -0.7071059 0.7071077 0 0.4999993 -0.8660259 0 0.2588203 -0.9659255 0 0.8660236 0.5000031 0 0 0 -1 0 0 -1 0 0 -1 -0.965926 0.2588185 0 -0.8660264 0.4999982 0 -0.8660265 0.4999983 0 0.4999994 -0.8660259 0 0.2588185 -0.9659261 0 0.2588184 -0.965926 0 0.8660263 0.4999984 0 0.9659257 0.2588196 0 0.9659262 0.2588177 0 -0.4999971 0.8660271 0 -0.2588191 0.9659259 0 -0.258817 0.9659265 0 -0.258817 -0.9659264 0 -0.2588191 -0.9659259 0 -0.866027 -0.4999972 0 -0.9659263 -0.2588171 0 0.9659262 -0.2588177 0 0.9659257 -0.2588196 0 0.2588177 0.9659262 0 0.2588184 0.965926 0 -0.4999971 -0.8660271 0 -0.9659262 0.2588177 0 0.8660263 -0.4999984 0 0.8660252 -0.5000005 0 0.4999983 0.8660265 0 0.4999982 0.8660265 0 0.8660255 -0.5 0 0.7071073 -0.7071064 0 0.8660247 -0.5000013 0 0.866025 0.5000007 0 0.7071096 0.707104 0 0.5000012 -0.8660247 0 -0.9659258 0.2588194 0 -0.8660256 0.4999997 0 -0.9659246 0.2588236 0 0.5000029 0.8660238 0 0.5000021 0.8660243 0 -1 3.75717e-6 0 -1 2.84869e-6 0 -0.5000001 -0.8660253 0 -0.7071081 -0.7071055 0 -0.5000001 -0.8660253 0 -0.2588217 0.9659252 0 -3.88482e-6 1 0 -0.2588176 0.9659263 0 -0.7071048 -0.7071089 0 -0.8660238 -0.5000027 0 -0.4999994 0.8660258 0 -0.4999997 0.8660256 0 0 0 1 0 0 1 0 0 1 -1 6.11147e-6 0 -0.5000007 -0.8660251 0 -0.2588211 0.9659253 0 -3.88482e-6 1 0 -0.7071053 -0.7071083 0 -0.8660236 -0.5000033 0 -0.4999989 0.8660261 0 0.7071071 0.7071066 0 0.866026 0.4999991 0 0.7071078 -0.7071058 0 0.5000003 -0.8660253 0 -0.9659253 0.2588208 0 0.5000027 0.8660239 0 0 0 -1 0 0 -1 0 0 -1 0.4999995 -0.8660258 0 0.2588191 -0.9659259 0 -0.9659257 0.2588196 0 0.2588191 0.9659259 0 0.4999971 0.8660271 0 0.258817 0.9659264 0 0.965926 -0.2588185 0 0.8660264 -0.4999982 0 -0.9659262 -0.2588177 0 -0.9659257 -0.2588196 0 -0.2588184 -0.965926 0 -0.4999982 -0.8660265 0 -0.2588177 -0.9659262 0 -0.2588184 0.965926 0 -0.2588185 0.965926 0 0.9659263 0.2588171 0 0.9659262 0.2588179 0 -0.8660263 -0.4999984 0 -0.8660252 -0.5000005 0 -0.4999994 0.8660258 0 -0.4999982 0.8660265 0 0.8660271 0.4999972 0 0.866027 0.4999973 0 -0.5000008 -0.8660251 0 -0.7071065 -0.7071071 0 -0.5000009 -0.8660249 0 0.7071067 -0.7071069 0 0.5000007 -0.866025 0 0.7071034 -0.7071101 0 -0.8660247 -0.5000012 0 -0.7071086 -0.707105 0 0.2588194 0.9659258 0 0.4999992 0.866026 0 0.2588235 0.9659246 0 0.8660238 -0.5000029 0 0.8660234 -0.5000036 0 3.88482e-6 1 0 3.88482e-6 1 0 -0.8660251 0.5000008 0 -0.8660262 0.4999988 0 0.965925 0.2588223 0 1 5.33509e-6 0 0.9659261 0.2588181 0 -0.7071083 0.7071053 0 -0.5000031 0.8660236 0 0.8660258 0.4999995 0 0.8660262 0.4999988 0 0 0 1 0 0 1 0 0 1 3.88482e-6 1 0 -0.8660259 0.4999994 0 0.9659254 0.2588207 0 1 4.48007e-6 0 -0.7071088 0.7071048 0 -0.5000023 0.8660242 0 0.866026 0.4999992 0 0.7071061 -0.7071076 0 -0.8660256 -0.4999996 0 0.2588199 0.9659256 0 0.4999994 0.8660259 0 0.8660238 -0.500003 0 0 0 -1 0 0 -1 0 0 -1 -0.8660258 -0.4999993 0 -0.9659259 -0.258819 0 -0.8660258 -0.4999992 0 0.2588185 0.9659261 0 0.4999994 0.8660259 0 0.2588184 0.965926 0 -0.258817 -0.9659265 0 -0.258817 0.9659264 0 -0.9659262 0.2588178 0 -0.866027 0.4999972 0 -0.9659263 0.2588171 0 0.2588177 -0.9659262 0 0.2588184 -0.965926 0 -0.9659261 -0.2588183 0 0.8660252 0.5000005 0 0.4999983 -0.8660265 0 0.4999982 -0.8660265 0 0.7071073 0.7071063 0 0.8660255 0.5 0 0.8660247 0.5000013 0 0.866025 -0.5000007 0 0.7071075 -0.7071061 0 0.7071096 -0.707104 0 0.5000012 0.8660247 0 0.7071052 0.7071084 0 -0.8660256 -0.4999997 0 -0.9659258 -0.2588194 0 -0.9659246 -0.2588236 0 0.5000029 -0.8660238 0 0.5000021 -0.8660243 0 -1 -3.75717e-6 0 -1 -2.84869e-6 0 -0.7071081 0.7071055 0 -0.5000001 0.8660253 0 -3.88482e-6 -1 0 -0.2588219 -0.9659251 0 -0.2588176 -0.9659263 0 -0.8660238 0.5000027 0 -0.7071048 0.7071089 0 -0.4999999 -0.8660255 0 -0.4999997 -0.8660256 0 0 0 1 0 0 1 -1 -6.11147e-6 0 -0.5000015 0.8660247 0 -3.88482e-6 -1 0 -0.258821 -0.9659253 0 -0.8660235 0.5000033 0 -0.7071056 0.707108 0 -0.4999989 -0.8660261 0 0.8660261 -0.4999991 0 0.5000004 0.8660253 0 0.7071077 0.7071059 0 -0.866026 -0.499999 0 -0.9659253 -0.258821 0 0.5000026 -0.8660239 0 -1.61293e-7 0 -1 0 0 -1 1.27039e-7 0 -1 0.4999971 -0.8660271 0 0.2588191 -0.9659259 0 0.258817 -0.9659264 0 0.8660264 0.4999982 0 0.965926 0.2588185 0 -0.4999982 0.8660265 0 -0.2588184 0.965926 0 -0.2588177 0.9659262 0 -0.2588184 -0.965926 0 -0.2588185 -0.965926 0 0.9659263 -0.2588171 0 0.9659262 -0.2588179 0 -0.8660252 0.5000005 0 0.258817 0.9659264 0 -0.4999994 -0.8660258 0 -0.4999982 -0.8660265 0 0.8660271 -0.4999972 0 0.866027 -0.4999973 0 -1 0 0 -1 4.21928e-7 0 -1 3.19115e-7 0 0 -0.2196071 -0.9755885 0 0.2196069 0.9755885 1 -2.5529e-6 0 0.1350341 0.1486084 0.9796333 0 0.2196173 0.9755862 0 0.2196173 0.9755862 1 -3.33696e-6 0 1 4.03118e-6 0 0 -0.2196174 -0.9755862 -0.1350296 -0.1486167 -0.9796327 -0.1986313 0 -0.9800743 -0.3893446 0 -0.9210922 0 -0.2196088 -0.9755881 0.3893448 0 0.9210922 0.1986301 0 0.9800745 1 1.03428e-6 0 0.965928 -0.258811 0 0.9659293 -0.2588065 0 0.2588165 -0.9659265 0 -2.50438e-6 -1 0 2.39636e-6 -1 0 0.9659283 0.2588098 0 1 3.57488e-6 0 -1 -2.84812e-6 0 -0.9659285 0.2588092 0 -0.9659284 0.2588098 0 -0.5000011 -0.8660249 0 -0.4999976 -0.8660269 0 0.9659285 -0.2588091 0 -0.7071077 0.7071059 0 -0.7071074 0.7071062 0 -4.71414e-6 1 0 0.2588174 0.9659263 0 0.2588167 0.9659265 0 -0.7071078 -0.7071058 0 0.7071086 -0.7071051 0 0.7071079 -0.7071056 0 0.7071086 -0.707105 0 -0.2588194 0.9659258 0 4.22307e-7 1 0 0.7071102 0.7071034 0 0.7071102 0.7071033 0 -0.9659286 -0.2588091 0 -1 5.69622e-7 0 0 0 1 0 0 1 0 0 1 -0.7071087 0.7071049 0 -0.7071108 0.7071028 0 0.2588162 0.9659267 0 -0.7071056 -0.707108 0 0.707108 -0.7071056 0 0.7071074 -0.7071062 0 -0.2588186 0.965926 0 -2.94631e-7 1 0 0.7071095 0.707104 0 0.7071089 0.7071046 0 -0.9659282 -0.2588103 0 -1 3.0838e-6 0 0.2588161 -0.9659267 0 -1.53208e-6 -1 0 0.965928 0.2588108 0 1 -4.33107e-6 0 -0.9659278 0.2588121 0 -0.4999997 -0.8660256 0 0 0 -1 0 0 -1 0.8660269 0.4999976 0 0.9659205 0.2588391 0 0.9659233 0.258829 0 -0.9659233 0.258829 0 -0.8660187 0.5000118 0 -0.8660202 0.5000092 0 -0.2588256 -0.9659241 0 -0.5000008 -0.866025 0 -0.4999969 -0.8660272 0 0.9659201 -0.2588403 0 0.8660272 -0.4999971 0 0.8660241 -0.5000022 0 -0.4999958 0.8660278 0 -0.4999998 0.8660256 0 0.2588135 0.9659274 0 0.2588135 0.9659274 0 -0.8660205 -0.5000086 0 -0.866019 -0.5000113 0 0.7071199 -0.7070938 0 0.7071199 -0.7070937 0 -0.2588256 0.9659242 0 -0.2588284 0.9659234 0 0.7071181 0.7070955 0 0.8660238 0.5000029 0 -0.9659228 -0.2588301 0 -0.9659229 -0.2588301 0 0.2588135 -0.9659274 0 0.2588135 -0.9659274 0 1 -1.46702e-7 0 0.9659289 -0.258808 0 0.9659293 -0.2588066 0 0.2588157 -0.9659267 0 -1.46334e-6 -1 0 3.90881e-6 -1 0 0.9659296 0.2588049 0 1 6.58014e-7 0 -1 -3.42757e-6 0 -0.9659281 0.2588106 0 -0.9659284 0.2588096 0 -0.258816 -0.9659267 0 -0.2588143 -0.9659272 0 0.9659284 -0.2588099 0 -3.24097e-6 1 0 0.2588185 0.965926 0 0.2588182 0.9659261 0 -0.7071099 -0.7071037 0 -0.7071096 -0.707104 0 -0.7071098 -0.7071037 0 0.7071099 -0.7071037 0 0.7071096 -0.707104 0 0.7071098 -0.7071037 0 -0.258818 0.9659261 0 1.75798e-6 1 0 0.7071086 0.707105 0 0.7071083 0.7071053 0 -0.9659283 -0.2588099 0 -1 1.96421e-6 0 0 0 1 1.67239e-7 0 1 -0.7071084 0.7071053 0 -0.7071081 0.7071055 0 0.2588178 0.9659262 0 -0.7071096 -0.7071039 0 -0.7071094 -0.7071042 0 0.7071096 -0.7071039 0 0.7071094 -0.7071042 0 -0.2588173 0.9659263 0 3.63379e-7 1 0 0.7071084 0.7071053 0 0.7071081 0.7071055 0 -0.9659285 -0.2588091 0 -1 -1.20799e-6 0 0.2588156 -0.9659268 0 -3.43736e-7 -1 0 0.9659286 0.2588086 0 1 -1.03121e-6 0 -0.9659289 0.2588081 0 -0.2588154 -0.9659269 0 0 0 -1 -2.6764e-7 0 -1 -2.66837e-7 0 -1 0.8660271 0.4999971 0 0.9659202 0.2588403 0 0.9659202 0.2588403 0 -0.9659203 0.2588399 0 -0.86602 0.5000095 0 -0.8660182 0.5000124 0 -0.2588254 -0.9659242 0 -0.5 -0.8660254 0 -0.5000007 -0.866025 0 0.96592 -0.2588409 0 0.8660269 -0.4999974 0 0.8660266 -0.499998 0 -0.4999988 0.8660262 0 -0.4999981 0.8660266 0 -5.77474e-6 1 0 0.2588092 0.9659286 0 0.2588091 0.9659285 0 -0.8660181 -0.5000127 0 -0.8660198 -0.5000097 0 0.7071265 -0.7070871 0 -6.48186e-6 1 0 0.7071265 0.7070871 0 0.8660267 0.4999978 0 -0.9659201 -0.2588405 0 -0.9659215 -0.2588353 0 0.2588135 -0.9659274 0 0.2588135 -0.9659274 0 0.9659258 0.2588192 0 0.2588192 -0.9659258 0 -0.9659258 -0.2588192 0 -0.2588192 0.9659258 0 0 0 -1 0 0 -1 0 0 -1 0 0 -1 0.9659258 0.2588195 0 0.8660245 0.5000018 0 0.9659258 0.2588197 0 -1.43009e-7 0 1 1.43009e-7 0 1 -0.9659258 -0.2588195 0 0.5000019 -0.8660244 0 0.2588188 -0.9659259 0 -0.5000019 0.8660244 0 -0.2588188 0.9659259 0 -0.9659258 -0.2588197 0 -0.8660245 -0.5000018 0 0 0 1 1.48631e-7 0 1 -2.97262e-7 0 1 -0.7071071 0.7071065 0 0.2588202 0.9659255 0 0.7071039 -0.7071098 0 -0.9659255 -0.2588204 0 0.9659267 0.2588163 0 -0.2588202 -0.9659255 0 -7.20859e-7 0 -1 0 0 -1 -1.69857e-7 0 -1 -3.6043e-7 0 -1 7.20853e-7 0 -1 -1.90966e-7 0 -1 2.73508e-7 0 -1 3.60426e-7 0 -1 0.9659259 0.2588188 0 -0.9659245 0.2588244 0 0.258821 0.9659253 0 0.7071052 -0.7071084 0 -4.39581e-7 0 1 0 0 1 -3.29686e-7 0 1 0 0 1 4.39578e-7 0 1 -1.48631e-7 0 1 0 0 1 3.29684e-7 0 1 0.7071072 0.7071064 0 -0.2588202 0.9659255 0 -0.7071061 -0.7071076 0 0.9659255 -0.2588203 0 -0.9659255 0.2588203 0 0.2588192 -0.9659259 0 1.69857e-7 0 -1 3.6043e-7 0 -1 -7.20853e-7 0 -1 1.90966e-7 0 -1 -2.73508e-7 0 -1 -3.60426e-7 0 -1 7.20859e-7 0 -1 0 0 -1 -0.9659259 0.2588188 0 0.9659245 0.2588244 0 -0.258821 0.9659253 0 0.7071082 -0.7071054 0 -0.7071052 -0.7071084 0 4.39576e-7 0 1 0 0 1 -4.39579e-7 0 1 0.7071078 0.7071059 0 -0.9659261 -0.258818 0 0.2588182 -0.9659261 0 -0.2588178 0.9659262 0 0.9659259 -0.2588193 0 -0.2588192 -0.9659258 0 0.7071059 -0.7071078 0 0.7071083 0.7071053 0 -0.9659264 -0.2588168 0 -0.7071071 0.7071065 0 -0.9659255 -0.2588204 0 -0.2588198 0.9659257 0 0.7071059 0.7071077 0 0.7071083 -0.7071053 0 0 0 1 0 0 1 0 0 1 0 0 1 1 -2.17929e-6 0 -0.5000026 -0.8660239 0 0.4999997 0.8660256 0 -0.8660246 0.5000014 0 0 0 -1 0 0 -1 7.20843e-7 0 -1 -7.20856e-7 0 -1 -0.4999996 0.8660258 0 -0.8660271 -0.4999972 0 0 0 1 0 0 1 0 0 1 0 0 1 0 0 1 -4.39574e-7 0 1 -3.88481e-6 1 0 -0.8660237 -0.500003 0 0.8660249 0.5000008 0 0.5000008 -0.8660251 0 -0.866026 0.4999992 0 0 0 -1 7.20856e-7 0 -1 0 0 -1 -7.20847e-7 0 -1 0.4999996 0.8660258 0 0.8660265 -0.4999983 0 -0.4999983 -0.8660265 0 4.39578e-7 0 1 0 0 1 0 0 1 0 0 1 4.39575e-7 0 1 -2.19789e-7 0 1 1 2.17929e-6 0 -0.5000027 0.8660239 0 0.4999998 -0.8660256 0 -0.8660246 -0.5000014 0 0.4999997 0.8660256 0 -3.81931e-7 0 -1 4.02867e-7 0 -1 -0.4999996 -0.8660258 0 -0.8660271 0.4999972 0 2.1979e-7 0 1 -3.88481e-6 -1 0 -0.8660237 0.5000031 0 0.8660249 -0.5000009 0 0.5000007 0.8660251 0 -0.8660259 -0.4999993 0 2.43738e-7 0 -1 0 0 -1 0 0 -1 -7.20843e-7 0 -1 -7.2086e-7 0 -1 3.81931e-7 0 -1 -4.02867e-7 0 -1 0.4999996 -0.8660258 0 0.8660265 0.4999983 0 -0.4999983 0.8660265 0 1 4.1994e-6 0 -0.3893446 0 -0.9210923 0.3893448 0 0.9210922 0 0 1 0 0 1 0 0 1 0 0 1 0 0 1 0 0 1 0 0 1 -0.7071111 0.7071024 0 0.7071074 -0.7071062 0 -0.2588182 0.9659261 0 0.707109 0.7071046 0 -0.9659289 -0.2588077 0 0.2588179 -0.9659262 0 0.9659298 0.2588043 0 0 0 -1 0 0 -1 0 0 -1 0 0 -1 -0.9659232 0.2588289 0 -0.2588284 -0.9659234 0 0.9659229 -0.2588301 0 0.7071182 0.7070955 0 -8.79143e-7 0 1 2.01715e-7 0 1 0 0 1 0 0 1 8.79143e-7 0 1 0 0 1 5.94529e-7 0 1 -0.7071095 -0.7071042 0 0.7071095 -0.7071042 0 -0.2588188 0.965926 0 -0.9659277 -0.258812 0 0.2588163 -0.9659266 0 0.965929 0.2588077 0 -1.89977e-6 0 -1 -4.22161e-7 0 -1 0 0 -1 7.20818e-7 0 -1 2.11081e-7 0 -1 8.77823e-7 0 -1 -7.20872e-7 0 -1 -0.9659217 0.2588348 0 -0.2588254 -0.9659242 0 0.96592 -0.2588409 0</float_array>
          <technique_common>
            <accessor source="#Cylinder-mesh-normals-array" count="1029" stride="3">
              <param name="X" type="float"/>
              <param name="Y" type="float"/>
              <param name="Z" type="float"/>
            </accessor>
          </technique_common>
        </source>
        <source id="Cylinder-mesh-map-0">
          <float_array id="Cylinder-mesh-map-0-array" count="6480">0.3112903 0.0460909 0.1140534 0.006851196 0.3112903 0.006851196 0.311666 0.0460909 0.1144291 0.006851196 0.311666 0.006851196 0.3202495 0.0460909 0.1230127 0.006851196 0.3202495 0.006851196 0.3171226 0.0460909 0.119885 0.006851196 0.3171226 0.006851196 0.3174976 0.0460909 0.1202607 0.006851196 0.3174976 0.006851196 0.3143706 0.0460909 0.1171338 0.006851196 0.3143706 0.006851196 0.3147463 0.0460909 0.1175094 0.006851196 0.3147463 0.006851196 0.3116194 0.0460909 0.1143825 0.006851196 0.3116194 0.006851196 0.311995 0.0460909 0.1147578 0.006851196 0.311995 0.006851196 0.3205783 0.0460909 0.1233414 0.006851196 0.3205783 0.006851196 0.3174511 0.0460909 0.1202141 0.006851196 0.3174511 0.006851196 0.3178266 0.0460909 0.1205898 0.006851196 0.3178266 0.006851196 0.3062735 0.4301744 0.2625917 0.4049547 0.2625917 0.4553942 0.3843432 0.393491 0.4004684 0.3925866 0.3843432 0.3969073 0.4093142 0.3790739 0.4004684 0.3925866 0.3987602 0.3896279 0.4131773 0.3646569 0.4122729 0.3807821 0.4093142 0.3790739 0.4131773 0.3646569 0.4122729 0.3485317 0.4165936 0.3646569 0.3987602 0.3396859 0.4122729 0.3485317 0.4093142 0.3502399 0.3843432 0.3358229 0.4004684 0.3367273 0.3987602 0.3396859 0.3843432 0.3358229 0.368218 0.3367273 0.3843432 0.3324065 0.3593722 0.3502399 0.368218 0.3367273 0.3699262 0.3396859 0.3555092 0.3646569 0.3564136 0.3485317 0.3593722 0.3502399 0.3555092 0.3646569 0.3564136 0.3807821 0.3520928 0.3646569 0.3699262 0.3896279 0.3564136 0.3807821 0.3593722 0.3790739 0.3843432 0.393491 0.368218 0.3925866 0.3699262 0.3896279 0.04609692 0.35082 0.1010092 0.3190178 0.1010945 0.3824744 0.5790638 0.02783626 0.6484768 0.01353645 0.6446337 0.02785933 0.5793933 0.02956861 0.6486675 0.01461088 0.6449604 0.02896958 0.2537618 0.4301745 0.2568844 0.4185206 0.2568844 0.4185206 0.5796104 0.02784353 0.6491386 0.01411485 0.6451778 0.0284056 0.5798629 0.02930468 0.6492577 0.01491695 0.6454327 0.02924472 0.2770695 0.4041381 0.2770695 0.4068667 0.2770695 0.4068667 0.5784955 0.02870643 0.647957 0.0146439 0.6440649 0.02895361 0.5784688 0.0298227 0.6477937 0.01510185 0.6440376 0.02944779 0.2887234 0.4099894 0.2900876 0.4076263 0.2900876 0.4076263 0.5788926 0.02711915 0.6487016 0.01489853 0.6444324 0.02910023 0.5796081 0.02690184 0.6492981 0.01401942 0.6451638 0.028261 0 0 0 0 0 0 0.7606962 0.01564383 0.8378516 0.03156059 0.7564309 0.03156691 0.7620794 0.01407706 0.8390243 0.03098285 0.7576101 0.02994424 0.7619426 0.01704913 0.839098 0.03296595 0.7576773 0.03297221 0.7606582 0.01530534 0.8376028 0.03221112 0.7561888 0.03117257 0 0 0 0 0 0 0.2770695 0.4562107 0.2770695 0.4534821 0.2770695 0.4534821 0.3003772 0.4301744 0.2972546 0.4418283 0.2972546 0.4418283 0 0 0 0 0 0 0.2568844 0.4185206 0.2545214 0.4171562 0.2545214 0.4171562 0.2510331 0.4301744 0.2537618 0.4301745 0.2537618 0.4301745 0.2770695 0.4534821 0.2654157 0.4503596 0.2654157 0.4503596 0.2972546 0.4418283 0.2996177 0.4431926 0.2996177 0.4431926 0.3031058 0.4301744 0.3003772 0.4301744 0.3003772 0.4301744 0.2770695 0.4068667 0.2887234 0.4099894 0.2887234 0.4099894 0 0 0 0 0 0 0.2654157 0.4503596 0.2640513 0.4527226 0.2640513 0.4527226 0.2602678 0.09128564 0.08420133 0.08973538 0.2602678 0.08973538 0.3949609 0.1053341 0.2602678 0.1039916 0.3949609 0.1039916 0.3949609 0.09262818 0.2602678 0.09128564 0.3949609 0.09128564 0.3949609 0.09975624 0.2602678 0.09820604 0.3949609 0.09820604 0.3949609 0.1039916 0.2602678 0.1024413 0.3949609 0.1024413 0.3949609 0.09128564 0.2602678 0.08973538 0.3949609 0.08973538 0.3949609 0.09820604 0.2602678 0.09686344 0.3949609 0.09686344 0.3949609 0.09552097 0.2602678 0.09397071 0.3949609 0.09397071 0.3949609 0.1024413 0.2602678 0.1010988 0.3949609 0.1010988 0.3949609 0.08973538 0.2602678 0.08839285 0.3949609 0.08839285 0.3949609 0.09686344 0.2602678 0.09552097 0.3949609 0.09552097 0.3949609 0.09397071 0.2602678 0.09262818 0.3949609 0.09262818 0.3949609 0.1010988 0.2602678 0.09975624 0.3949609 0.09975624 0.08998686 0.08472496 0.08921176 0.08761775 0.08420133 0.08627521 0.2602678 0.09820604 0.08420133 0.0968635 0.2602678 0.09686344 0.2602678 0.09552097 0.08420133 0.09397071 0.2602678 0.09397071 0.2602678 0.1024413 0.08420133 0.1010988 0.2602678 0.1010988 0.2602678 0.08973538 0.08420133 0.08839285 0.2602678 0.08839285 0.2602678 0.09686344 0.08420133 0.09552097 0.2602678 0.09552097 0.2602678 0.09397071 0.08420133 0.09262818 0.2602678 0.09262818 0.2602678 0.1010988 0.08420133 0.09975624 0.2602678 0.09975624 0.2602678 0.1053341 0.08420133 0.1039916 0.2602678 0.1039916 0.2602678 0.09262818 0.08420133 0.09128564 0.2602678 0.09128564 0.2602678 0.09975624 0.08420133 0.09820604 0.2602678 0.09820604 0.2602678 0.1039916 0.08420133 0.1024413 0.2602678 0.1024413 0.6862154 0.409389 0.682114 0.4100618 0.6862154 0.4120804 0.6885834 0.3669229 0.6862154 0.4618484 0.6862154 0.3669229 0.6862154 0.3669229 0.6885834 0.4618484 0.6885834 0.3669229 0.6862154 0.3669229 0.6838474 0.4618484 0.6838474 0.3669229 0.6862154 0.3669229 0.6838474 0.4618484 0.6838474 0.3669229 0.6885834 0.3669229 0.6903168 0.4618484 0.6903168 0.3669229 0.6862154 0.3669229 0.6885834 0.4618484 0.6885834 0.3669229 0.682114 0.3669229 0.6838474 0.4618484 0.6838474 0.3669229 0.6838474 0.3669229 0.682114 0.4618484 0.682114 0.3669229 0.6838474 0.3669229 0.6862154 0.4618484 0.6862154 0.3669229 0.6903168 0.3669229 0.6885834 0.4618484 0.6885834 0.3669229 0.6838474 0.3669229 0.6862154 0.4618484 0.6862154 0.3669229 0.6885834 0.3669229 0.6862154 0.4618484 0.6862154 0.3669229 0.08420133 0.08973538 0.2602678 0.09128564 0.2602678 0.08973538 0.2602678 0.1039916 0.3949609 0.1053341 0.3949609 0.1039916 0.2602678 0.09128564 0.3949609 0.09262818 0.3949609 0.09128564 0.2602678 0.09820604 0.3949609 0.09975624 0.3949609 0.09820604 0.2602678 0.1024413 0.3949609 0.1039916 0.3949609 0.1024413 0.2602678 0.08973538 0.3949609 0.09128564 0.3949609 0.08973538 0.2602678 0.09686344 0.3949609 0.09820604 0.3949609 0.09686344 0.2602678 0.09397071 0.3949609 0.09552097 0.3949609 0.09397071 0.2602678 0.1010988 0.3949609 0.1024413 0.3949609 0.1010988 0.2602678 0.08839285 0.3949609 0.08973538 0.3949609 0.08839285 0.2602678 0.09552097 0.3949609 0.09686344 0.3949609 0.09552097 0.2602678 0.09262818 0.3949609 0.09397071 0.3949609 0.09262818 0.2602678 0.09975624 0.3949609 0.1010988 0.3949609 0.09975624 0.08497643 0.08338242 0.08631902 0.08839285 0.08998686 0.08472496 0.08420133 0.0968635 0.2602678 0.09820604 0.2602678 0.09686344 0.08420133 0.09397071 0.2602678 0.09552097 0.2602678 0.09397071 0.08420133 0.1010988 0.2602678 0.1024413 0.2602678 0.1010988 0.08420133 0.08839285 0.2602678 0.08973538 0.2602678 0.08839285 0.08420133 0.09552097 0.2602678 0.09686344 0.2602678 0.09552097 0.08420133 0.09262818 0.2602678 0.09397071 0.2602678 0.09262818 0.08420133 0.09975624 0.2602678 0.1010988 0.2602678 0.09975624 0.08420133 0.1039916 0.2602678 0.1053341 0.2602678 0.1039916 0.08420133 0.09128564 0.2602678 0.09262818 0.2602678 0.09128564 0.08420133 0.09820604 0.2602678 0.09975624 0.2602678 0.09820604 0.08420133 0.1024413 0.2602678 0.1039916 0.2602678 0.1024413 0.6862154 0.4120804 0.682114 0.4114075 0.6862154 0.409389 0.6862154 0.4618484 0.6885834 0.3669229 0.6862154 0.3669229 0.6885834 0.4618484 0.6862154 0.3669229 0.6885834 0.3669229 0.6838474 0.4618484 0.6862154 0.3669229 0.6838474 0.3669229 0.6838474 0.4618484 0.6862154 0.3669229 0.6838474 0.3669229 0.6903168 0.4618484 0.6885834 0.3669229 0.6903168 0.3669229 0.6885834 0.4618484 0.6862154 0.3669229 0.6885834 0.3669229 0.6838474 0.4618484 0.682114 0.3669229 0.6838474 0.3669229 0.682114 0.4618484 0.6838474 0.3669229 0.682114 0.3669229 0.6862154 0.4618484 0.6838474 0.3669229 0.6862154 0.3669229 0.6885834 0.4618484 0.6903168 0.3669229 0.6885834 0.3669229 0.6862154 0.4618484 0.6838474 0.3669229 0.6862154 0.3669229 0.6862154 0.4618484 0.6885834 0.3669229 0.6862154 0.3669229 0.2602678 0.09128564 0.08420133 0.08973538 0.2602678 0.08973538 0.3949609 0.1053341 0.2602678 0.1039916 0.3949609 0.1039916 0.3949609 0.09262818 0.2602678 0.09128564 0.3949609 0.09128564 0.3949609 0.09975624 0.2602678 0.09820604 0.3949609 0.09820604 0.3949609 0.1039916 0.2602678 0.1024413 0.3949609 0.1024413 0.3949609 0.09128564 0.2602678 0.08973538 0.3949609 0.08973538 0.3949609 0.09820604 0.2602678 0.09686344 0.3949609 0.09686344 0.3949609 0.09552097 0.2602678 0.09397071 0.3949609 0.09397071 0.3949609 0.1024413 0.2602678 0.1010988 0.3949609 0.1010988 0.3949609 0.08973538 0.2602678 0.08839285 0.3949609 0.08839285 0.3949609 0.09686344 0.2602678 0.09552097 0.3949609 0.09552097 0.3949609 0.09397071 0.2602678 0.09262818 0.3949609 0.09262818 0.3949609 0.1010988 0.2602678 0.09975624 0.3949609 0.09975624 0.08998686 0.08472496 0.08921176 0.08761775 0.08420133 0.08627521 0.2602678 0.09820604 0.08420133 0.0968635 0.2602678 0.09686344 0.2602678 0.09552097 0.08420133 0.09397071 0.2602678 0.09397071 0.2602678 0.1024413 0.08420133 0.1010988 0.2602678 0.1010988 0.2602678 0.08973538 0.08420133 0.08839285 0.2602678 0.08839285 0.2602678 0.09686344 0.08420133 0.09552097 0.2602678 0.09552097 0.2602678 0.09397071 0.08420133 0.09262818 0.2602678 0.09262818 0.2602678 0.1010988 0.08420133 0.09975624 0.2602678 0.09975624 0.2602678 0.1053341 0.08420133 0.1039916 0.2602678 0.1039916 0.2602678 0.09262818 0.08420133 0.09128564 0.2602678 0.09128564 0.2602678 0.09975624 0.08420133 0.09820604 0.2602678 0.09820604 0.2602678 0.1039916 0.08420133 0.1024413 0.2602678 0.1024413 0.6862154 0.409389 0.682114 0.4100618 0.6862154 0.4120804 0.6885834 0.3669229 0.6862154 0.4618484 0.6862154 0.3669229 0.6862154 0.3669229 0.6885834 0.4618484 0.6885834 0.3669229 0.6862154 0.3669229 0.6838474 0.4618484 0.6838474 0.3669229 0.6862154 0.3669229 0.6838474 0.4618484 0.6838474 0.3669229 0.6885834 0.3669229 0.6903168 0.4618484 0.6903168 0.3669229 0.6862154 0.3669229 0.6885834 0.4618484 0.6885834 0.3669229 0.682114 0.3669229 0.6838474 0.4618484 0.6838474 0.3669229 0.6838474 0.3669229 0.682114 0.4618484 0.682114 0.3669229 0.6838474 0.3669229 0.6862154 0.4618484 0.6862154 0.3669229 0.6903168 0.3669229 0.6885834 0.4618484 0.6885834 0.3669229 0.6838474 0.3669229 0.6862154 0.4618484 0.6862154 0.3669229 0.6885834 0.3669229 0.6862154 0.4618484 0.6862154 0.3669229 0.08420133 0.08973538 0.2602678 0.09128564 0.2602678 0.08973538 0.2602678 0.1039916 0.3949609 0.1053341 0.3949609 0.1039916 0.2602678 0.09128564 0.3949609 0.09262818 0.3949609 0.09128564 0.2602678 0.09820604 0.3949609 0.09975624 0.3949609 0.09820604 0.2602678 0.1024413 0.3949609 0.1039916 0.3949609 0.1024413 0.2602678 0.08973538 0.3949609 0.09128564 0.3949609 0.08973538 0.2602678 0.09686344 0.3949609 0.09820604 0.3949609 0.09686344 0.2602678 0.09397071 0.3949609 0.09552097 0.3949609 0.09397071 0.2602678 0.1010988 0.3949609 0.1024413 0.3949609 0.1010988 0.2602678 0.08839285 0.3949609 0.08973538 0.3949609 0.08839285 0.2602678 0.09552097 0.3949609 0.09686344 0.3949609 0.09552097 0.2602678 0.09262818 0.3949609 0.09397071 0.3949609 0.09262818 0.2602678 0.09975624 0.3949609 0.1010988 0.3949609 0.09975624 0.08420133 0.08627521 0.08631902 0.08839285 0.08998686 0.08472496 0.08420133 0.0968635 0.2602678 0.09820604 0.2602678 0.09686344 0.08420133 0.09397071 0.2602678 0.09552097 0.2602678 0.09397071 0.08420133 0.1010988 0.2602678 0.1024413 0.2602678 0.1010988 0.08420133 0.08839285 0.2602678 0.08973538 0.2602678 0.08839285 0.08420133 0.09552097 0.2602678 0.09686344 0.2602678 0.09552097 0.08420133 0.09262818 0.2602678 0.09397071 0.2602678 0.09262818 0.08420133 0.09975624 0.2602678 0.1010988 0.2602678 0.09975624 0.08420133 0.1039916 0.2602678 0.1053341 0.2602678 0.1039916 0.08420133 0.09128564 0.2602678 0.09262818 0.2602678 0.09128564 0.08420133 0.09820604 0.2602678 0.09975624 0.2602678 0.09820604 0.08420133 0.1024413 0.2602678 0.1039916 0.2602678 0.1024413 0.6862154 0.4120804 0.682114 0.4114075 0.6862154 0.409389 0.6862154 0.4618484 0.6885834 0.3669229 0.6862154 0.3669229 0.6885834 0.4618484 0.6862154 0.3669229 0.6885834 0.3669229 0.6838474 0.4618484 0.6862154 0.3669229 0.6838474 0.3669229 0.6838474 0.4618484 0.6862154 0.3669229 0.6838474 0.3669229 0.6903168 0.4618484 0.6885834 0.3669229 0.6903168 0.3669229 0.6885834 0.4618484 0.6862154 0.3669229 0.6885834 0.3669229 0.6838474 0.4618484 0.682114 0.3669229 0.6838474 0.3669229 0.682114 0.4618484 0.6838474 0.3669229 0.682114 0.3669229 0.6862154 0.4618484 0.6838474 0.3669229 0.6862154 0.3669229 0.6885834 0.4618484 0.6903168 0.3669229 0.6885834 0.3669229 0.6862154 0.4618484 0.6838474 0.3669229 0.6862154 0.3669229 0.6862154 0.4618484 0.6885834 0.3669229 0.6862154 0.3669229 0.2602678 0.09128564 0.08420133 0.08973538 0.2602678 0.08973538 0.3949609 0.1053341 0.2602678 0.1039916 0.3949609 0.1039916 0.3949609 0.09262818 0.2602678 0.09128564 0.3949609 0.09128564 0.3949609 0.09975624 0.2602678 0.09820604 0.3949609 0.09820604 0.3949609 0.1039916 0.2602678 0.1024413 0.3949609 0.1024413 0.3949609 0.09128564 0.2602678 0.08973538 0.3949609 0.08973538 0.3949609 0.09820604 0.2602678 0.09686344 0.3949609 0.09686344 0.3949609 0.09552097 0.2602678 0.09397071 0.3949609 0.09397071 0.3949609 0.1024413 0.2602678 0.1010988 0.3949609 0.1010988 0.3949609 0.08973538 0.2602678 0.08839285 0.3949609 0.08839285 0.3949609 0.09686344 0.2602678 0.09552097 0.3949609 0.09552097 0.3949609 0.09397071 0.2602678 0.09262818 0.3949609 0.09262818 0.3949609 0.1010988 0.2602678 0.09975624 0.3949609 0.09975624 0.08497643 0.08338242 0.08786922 0.08260732 0.08921176 0.08761775 0.2602678 0.09820604 0.08420133 0.0968635 0.2602678 0.09686344 0.2602678 0.09552097 0.08420133 0.09397071 0.2602678 0.09397071 0.2602678 0.1024413 0.08420133 0.1010988 0.2602678 0.1010988 0.2602678 0.08973538 0.08420133 0.08839285 0.2602678 0.08839285 0.2602678 0.09686344 0.08420133 0.09552097 0.2602678 0.09552097 0.2602678 0.09397071 0.08420133 0.09262818 0.2602678 0.09262818 0.2602678 0.1010988 0.08420133 0.09975624 0.2602678 0.09975624 0.2602678 0.1053341 0.08420133 0.1039916 0.2602678 0.1039916 0.2602678 0.09262818 0.08420133 0.09128564 0.2602678 0.09128564 0.2602678 0.09975624 0.08420133 0.09820604 0.2602678 0.09820604 0.2602678 0.1039916 0.08420133 0.1024413 0.2602678 0.1024413 0.6862154 0.409389 0.682114 0.4100618 0.6862154 0.4120804 0.6885834 0.3669229 0.6862154 0.4618484 0.6862154 0.3669229 0.6862154 0.3669229 0.6885834 0.4618484 0.6885834 0.3669229 0.6862154 0.3669229 0.6838474 0.4618484 0.6838474 0.3669229 0.6862154 0.3669229 0.6838474 0.4618484 0.6838474 0.3669229 0.6885834 0.3669229 0.6903168 0.4618484 0.6903168 0.3669229 0.6862154 0.3669229 0.6885834 0.4618484 0.6885834 0.3669229 0.682114 0.3669229 0.6838474 0.4618484 0.6838474 0.3669229 0.6838474 0.3669229 0.682114 0.4618484 0.682114 0.3669229 0.6838474 0.3669229 0.6862154 0.4618484 0.6862154 0.3669229 0.6903168 0.3669229 0.6885834 0.4618484 0.6885834 0.3669229 0.6838474 0.3669229 0.6862154 0.4618484 0.6862154 0.3669229 0.6885834 0.3669229 0.6862154 0.4618484 0.6862154 0.3669229 0.08420133 0.08973538 0.2602678 0.09128564 0.2602678 0.08973538 0.2602678 0.1039916 0.3949609 0.1053341 0.3949609 0.1039916 0.2602678 0.09128564 0.3949609 0.09262818 0.3949609 0.09128564 0.2602678 0.09820604 0.3949609 0.09975624 0.3949609 0.09820604 0.2602678 0.1024413 0.3949609 0.1039916 0.3949609 0.1024413 0.2602678 0.08973538 0.3949609 0.09128564 0.3949609 0.08973538 0.2602678 0.09686344 0.3949609 0.09820604 0.3949609 0.09686344 0.2602678 0.09397071 0.3949609 0.09552097 0.3949609 0.09397071 0.2602678 0.1010988 0.3949609 0.1024413 0.3949609 0.1010988 0.2602678 0.08839285 0.3949609 0.08973538 0.3949609 0.08839285 0.2602678 0.09552097 0.3949609 0.09686344 0.3949609 0.09552097 0.2602678 0.09262818 0.3949609 0.09397071 0.3949609 0.09262818 0.2602678 0.09975624 0.3949609 0.1010988 0.3949609 0.09975624 0.08631902 0.08839285 0.08921176 0.08761775 0.08998686 0.08472496 0.08420133 0.0968635 0.2602678 0.09820604 0.2602678 0.09686344 0.08420133 0.09397071 0.2602678 0.09552097 0.2602678 0.09397071 0.08420133 0.1010988 0.2602678 0.1024413 0.2602678 0.1010988 0.08420133 0.08839285 0.2602678 0.08973538 0.2602678 0.08839285 0.08420133 0.09552097 0.2602678 0.09686344 0.2602678 0.09552097 0.08420133 0.09262818 0.2602678 0.09397071 0.2602678 0.09262818 0.08420133 0.09975624 0.2602678 0.1010988 0.2602678 0.09975624 0.08420133 0.1039916 0.2602678 0.1053341 0.2602678 0.1039916 0.08420133 0.09128564 0.2602678 0.09262818 0.2602678 0.09128564 0.08420133 0.09820604 0.2602678 0.09975624 0.2602678 0.09820604 0.08420133 0.1024413 0.2602678 0.1039916 0.2602678 0.1024413 0.6862154 0.4120804 0.682114 0.4114075 0.6862154 0.409389 0.6862154 0.4618484 0.6885834 0.3669229 0.6862154 0.3669229 0.6885834 0.4618484 0.6862154 0.3669229 0.6885834 0.3669229 0.6838474 0.4618484 0.6862154 0.3669229 0.6838474 0.3669229 0.6838474 0.4618484 0.6862154 0.3669229 0.6838474 0.3669229 0.6903168 0.4618484 0.6885834 0.3669229 0.6903168 0.3669229 0.6885834 0.4618484 0.6862154 0.3669229 0.6885834 0.3669229 0.6838474 0.4618484 0.682114 0.3669229 0.6838474 0.3669229 0.682114 0.4618484 0.6838474 0.3669229 0.682114 0.3669229 0.6862154 0.4618484 0.6838474 0.3669229 0.6862154 0.3669229 0.6885834 0.4618484 0.6903168 0.3669229 0.6885834 0.3669229 0.6862154 0.4618484 0.6838474 0.3669229 0.6862154 0.3669229 0.6862154 0.4618484 0.6885834 0.3669229 0.6862154 0.3669229 0.08420133 0.08973538 0.2602678 0.09128564 0.2602678 0.08973538 0.2602678 0.1039916 0.3949609 0.1053341 0.3949609 0.1039916 0.2602678 0.09128564 0.3949609 0.09262818 0.3949609 0.09128564 0.2602678 0.09820604 0.3949609 0.09975624 0.3949609 0.09820604 0.2602678 0.1024413 0.3949609 0.1039916 0.3949609 0.1024413 0.2602678 0.08973538 0.3949609 0.09128564 0.3949609 0.08973538 0.2602678 0.09686344 0.3949609 0.09820604 0.3949609 0.09686344 0.2602678 0.09397071 0.3949609 0.09552097 0.3949609 0.09397071 0.2602678 0.1010988 0.3949609 0.1024413 0.3949609 0.1010988 0.2602678 0.08839285 0.3949609 0.08973538 0.3949609 0.08839285 0.2602678 0.09552097 0.3949609 0.09686344 0.3949609 0.09552097 0.2602678 0.09262818 0.3949609 0.09397071 0.3949609 0.09262818 0.2602678 0.09975624 0.3949609 0.1010988 0.3949609 0.09975624 0.08631902 0.08839285 0.08921176 0.08761775 0.08998686 0.08472496 0.08420133 0.0968635 0.2602678 0.09820604 0.2602678 0.09686344 0.08420133 0.09397071 0.2602678 0.09552097 0.2602678 0.09397071 0.08420133 0.1010988 0.2602678 0.1024413 0.2602678 0.1010988 0.08420133 0.08839285 0.2602678 0.08973538 0.2602678 0.08839285 0.08420133 0.09552097 0.2602678 0.09686344 0.2602678 0.09552097 0.08420133 0.09262818 0.2602678 0.09397071 0.2602678 0.09262818 0.08420133 0.09975624 0.2602678 0.1010988 0.2602678 0.09975624 0.08420133 0.1039916 0.2602678 0.1053341 0.2602678 0.1039916 0.08420133 0.09128564 0.2602678 0.09262818 0.2602678 0.09128564 0.08420133 0.09820604 0.2602678 0.09975624 0.2602678 0.09820604 0.08420133 0.1024413 0.2602678 0.1039916 0.2602678 0.1024413 0.6862154 0.4120804 0.682114 0.4114075 0.6862154 0.409389 0.6862154 0.4618484 0.6885834 0.3669229 0.6862154 0.3669229 0.6885834 0.4618484 0.6862154 0.3669229 0.6885834 0.3669229 0.6838474 0.4618484 0.6862154 0.3669229 0.6838474 0.3669229 0.6838474 0.4618484 0.6862154 0.3669229 0.6838474 0.3669229 0.6903168 0.4618484 0.6885834 0.3669229 0.6903168 0.3669229 0.6885834 0.4618484 0.6862154 0.3669229 0.6885834 0.3669229 0.6838474 0.4618484 0.682114 0.3669229 0.6838474 0.3669229 0.682114 0.4618484 0.6838474 0.3669229 0.682114 0.3669229 0.6862154 0.4618484 0.6838474 0.3669229 0.6862154 0.3669229 0.6885834 0.4618484 0.6903168 0.3669229 0.6885834 0.3669229 0.6862154 0.4618484 0.6838474 0.3669229 0.6862154 0.3669229 0.6862154 0.4618484 0.6885834 0.3669229 0.6862154 0.3669229 0.2602678 0.09128564 0.08420133 0.08973538 0.2602678 0.08973538 0.3949609 0.1053341 0.2602678 0.1039916 0.3949609 0.1039916 0.3949609 0.09262818 0.2602678 0.09128564 0.3949609 0.09128564 0.3949609 0.09975624 0.2602678 0.09820604 0.3949609 0.09820604 0.3949609 0.1039916 0.2602678 0.1024413 0.3949609 0.1024413 0.3949609 0.09128564 0.2602678 0.08973538 0.3949609 0.08973538 0.3949609 0.09820604 0.2602678 0.09686344 0.3949609 0.09686344 0.3949609 0.09552097 0.2602678 0.09397071 0.3949609 0.09397071 0.3949609 0.1024413 0.2602678 0.1010988 0.3949609 0.1010988 0.3949609 0.08973538 0.2602678 0.08839285 0.3949609 0.08839285 0.3949609 0.09686344 0.2602678 0.09552097 0.3949609 0.09552097 0.3949609 0.09397071 0.2602678 0.09262818 0.3949609 0.09262818 0.3949609 0.1010988 0.2602678 0.09975624 0.3949609 0.09975624 0.08497643 0.08338242 0.08786922 0.08260732 0.08921176 0.08761775 0.2602678 0.09820604 0.08420133 0.0968635 0.2602678 0.09686344 0.2602678 0.09552097 0.08420133 0.09397071 0.2602678 0.09397071 0.2602678 0.1024413 0.08420133 0.1010988 0.2602678 0.1010988 0.2602678 0.08973538 0.08420133 0.08839285 0.2602678 0.08839285 0.2602678 0.09686344 0.08420133 0.09552097 0.2602678 0.09552097 0.2602678 0.09397071 0.08420133 0.09262818 0.2602678 0.09262818 0.2602678 0.1010988 0.08420133 0.09975624 0.2602678 0.09975624 0.2602678 0.1053341 0.08420133 0.1039916 0.2602678 0.1039916 0.2602678 0.09262818 0.08420133 0.09128564 0.2602678 0.09128564 0.2602678 0.09975624 0.08420133 0.09820604 0.2602678 0.09820604 0.2602678 0.1039916 0.08420133 0.1024413 0.2602678 0.1024413 0.6862154 0.409389 0.682114 0.4100618 0.6862154 0.4120804 0.6885834 0.3669229 0.6862154 0.4618484 0.6862154 0.3669229 0.6862154 0.3669229 0.6885834 0.4618484 0.6885834 0.3669229 0.6862154 0.3669229 0.6838474 0.4618484 0.6838474 0.3669229 0.6862154 0.3669229 0.6838474 0.4618484 0.6838474 0.3669229 0.6885834 0.3669229 0.6903168 0.4618484 0.6903168 0.3669229 0.6862154 0.3669229 0.6885834 0.4618484 0.6885834 0.3669229 0.682114 0.3669229 0.6838474 0.4618484 0.6838474 0.3669229 0.6838474 0.3669229 0.682114 0.4618484 0.682114 0.3669229 0.6838474 0.3669229 0.6862154 0.4618484 0.6862154 0.3669229 0.6903168 0.3669229 0.6885834 0.4618484 0.6885834 0.3669229 0.6838474 0.3669229 0.6862154 0.4618484 0.6862154 0.3669229 0.6885834 0.3669229 0.6862154 0.4618484 0.6862154 0.3669229 0 0 0 0 0 0 0 0 0 0 0 0 0 0 0 0 0 0 0 0 0 0 0 0 0.419035 0.3490666 0.3386241 0.4163194 0.3386241 0.3490666 0 0 0 0 0 0 0.4236456 0.4171736 0.3348485 0.3466954 0.4236456 0.3466954 0.2228592 0.4613248 0.1759166 0.4093368 0.1759166 0.4613248 0 0 0 0 0 0 0 0 0 0 0 0 0 0 0 0 0 0 0 0 0 0 0 0 0 0 0 0 0 0 0 0 0 0 0 0 0 0 0 0 0 0 0 0 0 0 0 0 0.1720327 0.4652194 0.2305005 0.4040561 0.2305005 0.4652194 0 0 0 0 0 0 0.2602678 0.09128564 0.08420133 0.08973538 0.2602678 0.08973538 0.3949609 0.1053341 0.2602678 0.1039916 0.3949609 0.1039916 0.3949609 0.09262818 0.2602678 0.09128564 0.3949609 0.09128564 0.3949609 0.09975624 0.2602678 0.09820604 0.3949609 0.09820604 0.3949609 0.1039916 0.2602678 0.1024413 0.3949609 0.1024413 0.3949609 0.09128564 0.2602678 0.08973538 0.3949609 0.08973538 0.3949609 0.09820604 0.2602678 0.09686344 0.3949609 0.09686344 0.3949609 0.09552097 0.2602678 0.09397071 0.3949609 0.09397071 0.3949609 0.1024413 0.2602678 0.1010988 0.3949609 0.1010988 0.3949609 0.08973538 0.2602678 0.08839285 0.3949609 0.08839285 0.3949609 0.09686344 0.2602678 0.09552097 0.3949609 0.09552097 0.3949609 0.09397071 0.2602678 0.09262818 0.3949609 0.09262818 0.3949609 0.1010988 0.2602678 0.09975624 0.3949609 0.09975624 0.08998686 0.08472496 0.08921176 0.08761775 0.08420133 0.08627521 0.2602678 0.09820604 0.08420133 0.0968635 0.2602678 0.09686344 0.2602678 0.09552097 0.08420133 0.09397071 0.2602678 0.09397071 0.2602678 0.1024413 0.08420133 0.1010988 0.2602678 0.1010988 0.2602678 0.08973538 0.08420133 0.08839285 0.2602678 0.08839285 0.2602678 0.09686344 0.08420133 0.09552097 0.2602678 0.09552097 0.2602678 0.09397071 0.08420133 0.09262818 0.2602678 0.09262818 0.2602678 0.1010988 0.08420133 0.09975624 0.2602678 0.09975624 0.2602678 0.1053341 0.08420133 0.1039916 0.2602678 0.1039916 0.2602678 0.09262818 0.08420133 0.09128564 0.2602678 0.09128564 0.2602678 0.09975624 0.08420133 0.09820604 0.2602678 0.09820604 0.2602678 0.1039916 0.08420133 0.1024413 0.2602678 0.1024413 0.6862154 0.409389 0.682114 0.4100618 0.6862154 0.4120804 0.6885834 0.3669229 0.6862154 0.4618484 0.6862154 0.3669229 0.6862154 0.3669229 0.6885834 0.4618484 0.6885834 0.3669229 0.6862154 0.3669229 0.6838474 0.4618484 0.6838474 0.3669229 0.6862154 0.3669229 0.6838474 0.4618484 0.6838474 0.3669229 0.6885834 0.3669229 0.6903168 0.4618484 0.6903168 0.3669229 0.6862154 0.3669229 0.6885834 0.4618484 0.6885834 0.3669229 0.682114 0.3669229 0.6838474 0.4618484 0.6838474 0.3669229 0.6838474 0.3669229 0.682114 0.4618484 0.682114 0.3669229 0.6838474 0.3669229 0.6862154 0.4618484 0.6862154 0.3669229 0.6903168 0.3669229 0.6885834 0.4618484 0.6885834 0.3669229 0.6838474 0.3669229 0.6862154 0.4618484 0.6862154 0.3669229 0.6885834 0.3669229 0.6862154 0.4618484 0.6862154 0.3669229 0.2602678 0.09128564 0.08420133 0.08973538 0.2602678 0.08973538 0.3949609 0.1053341 0.2602678 0.1039916 0.3949609 0.1039916 0.3949609 0.09262818 0.2602678 0.09128564 0.3949609 0.09128564 0.3949609 0.09975624 0.2602678 0.09820604 0.3949609 0.09820604 0.3949609 0.1039916 0.2602678 0.1024413 0.3949609 0.1024413 0.3949609 0.09128564 0.2602678 0.08973538 0.3949609 0.08973538 0.3949609 0.09820604 0.2602678 0.09686344 0.3949609 0.09686344 0.3949609 0.09552097 0.2602678 0.09397071 0.3949609 0.09397071 0.3949609 0.1024413 0.2602678 0.1010988 0.3949609 0.1010988 0.3949609 0.08973538 0.2602678 0.08839285 0.3949609 0.08839285 0.3949609 0.09686344 0.2602678 0.09552097 0.3949609 0.09552097 0.3949609 0.09397071 0.2602678 0.09262818 0.3949609 0.09262818 0.3949609 0.1010988 0.2602678 0.09975624 0.3949609 0.09975624 0.08921176 0.08761775 0.08420133 0.08627521 0.08786922 0.08260732 0.2602678 0.09820604 0.08420133 0.0968635 0.2602678 0.09686344 0.2602678 0.09552097 0.08420133 0.09397071 0.2602678 0.09397071 0.2602678 0.1024413 0.08420133 0.1010988 0.2602678 0.1010988 0.2602678 0.08973538 0.08420133 0.08839285 0.2602678 0.08839285 0.2602678 0.09686344 0.08420133 0.09552097 0.2602678 0.09552097 0.2602678 0.09397071 0.08420133 0.09262818 0.2602678 0.09262818 0.2602678 0.1010988 0.08420133 0.09975624 0.2602678 0.09975624 0.2602678 0.1053341 0.08420133 0.1039916 0.2602678 0.1039916 0.2602678 0.09262818 0.08420133 0.09128564 0.2602678 0.09128564 0.2602678 0.09975624 0.08420133 0.09820604 0.2602678 0.09820604 0.2602678 0.1039916 0.08420133 0.1024413 0.2602678 0.1024413 0.6862154 0.409389 0.682114 0.4100618 0.6862154 0.4120804 0.6885834 0.3669229 0.6862154 0.4618484 0.6862154 0.3669229 0.6862154 0.3669229 0.6885834 0.4618484 0.6885834 0.3669229 0.6862154 0.3669229 0.6838474 0.4618484 0.6838474 0.3669229 0.6862154 0.3669229 0.6838474 0.4618484 0.6838474 0.3669229 0.6885834 0.3669229 0.6903168 0.4618484 0.6903168 0.3669229 0.6862154 0.3669229 0.6885834 0.4618484 0.6885834 0.3669229 0.682114 0.3669229 0.6838474 0.4618484 0.6838474 0.3669229 0.6838474 0.3669229 0.682114 0.4618484 0.682114 0.3669229 0.6838474 0.3669229 0.6862154 0.4618484 0.6862154 0.3669229 0.6903168 0.3669229 0.6885834 0.4618484 0.6885834 0.3669229 0.6838474 0.3669229 0.6862154 0.4618484 0.6862154 0.3669229 0.6885834 0.3669229 0.6862154 0.4618484 0.6862154 0.3669229 0.3112903 0.0460909 0.1140534 0.0460909 0.1140534 0.006851196 0.311666 0.0460909 0.1144291 0.0460909 0.1144291 0.006851196 0.3202495 0.0460909 0.1230127 0.0460909 0.1230127 0.006851196 0.3171226 0.0460909 0.119885 0.0460909 0.119885 0.006851196 0.3174976 0.0460909 0.1202607 0.0460909 0.1202607 0.006851196 0.3143706 0.0460909 0.1171338 0.0460909 0.1171338 0.006851196 0.3147463 0.0460909 0.1175094 0.0460909 0.1175094 0.006851196 0.3116194 0.0460909 0.1143825 0.0460909 0.1143825 0.006851196 0.311995 0.0460909 0.1147578 0.0460909 0.1147578 0.006851196 0.3205783 0.0460909 0.1233414 0.0460909 0.1233414 0.006851196 0.3174511 0.0460909 0.1202141 0.0460909 0.1202141 0.006851196 0.3178266 0.0460909 0.1205898 0.0460909 0.1205898 0.006851196 0.2625917 0.4553942 0.2771522 0.4592956 0.2917129 0.4553942 0.2917129 0.4553942 0.302372 0.4447351 0.2625917 0.4553942 0.302372 0.4447351 0.3062735 0.4301744 0.2625917 0.4553942 0.3062735 0.4301744 0.302372 0.4156138 0.2917129 0.4049547 0.2917129 0.4049547 0.2771522 0.4010532 0.2625917 0.4049547 0.2625917 0.4049547 0.2519326 0.4156138 0.248031 0.4301744 0.248031 0.4301744 0.2519326 0.4447351 0.2625917 0.4553942 0.3062735 0.4301744 0.2917129 0.4049547 0.2625917 0.4049547 0.2625917 0.4049547 0.248031 0.4301744 0.2625917 0.4553942 0.3843432 0.393491 0.3987602 0.3896279 0.4004684 0.3925866 0.4093142 0.3790739 0.4122729 0.3807821 0.4004684 0.3925866 0.4131773 0.3646569 0.4165936 0.3646569 0.4122729 0.3807821 0.4131773 0.3646569 0.4093142 0.3502399 0.4122729 0.3485317 0.3987602 0.3396859 0.4004684 0.3367273 0.4122729 0.3485317 0.3843432 0.3358229 0.3843432 0.3324065 0.4004684 0.3367273 0.3843432 0.3358229 0.3699262 0.3396859 0.368218 0.3367273 0.3593722 0.3502399 0.3564136 0.3485317 0.368218 0.3367273 0.3555092 0.3646569 0.3520928 0.3646569 0.3564136 0.3485317 0.3555092 0.3646569 0.3593722 0.3790739 0.3564136 0.3807821 0.3699262 0.3896279 0.368218 0.3925866 0.3564136 0.3807821 0.3843432 0.393491 0.3843432 0.3969073 0.368218 0.3925866 0.1010945 0.3824744 0.0827828 0.3874073 0.06445783 0.3825235 0.06445783 0.3825235 0.05102992 0.3691318 0.04609692 0.35082 0.04609692 0.35082 0.05098056 0.332495 0.06437259 0.319067 0.06437259 0.319067 0.08268427 0.3141342 0.1010092 0.3190178 0.1010092 0.3190178 0.1144372 0.3324098 0.1193702 0.3507215 0.1193702 0.3507215 0.1144864 0.3690464 0.1010945 0.3824744 0.1010945 0.3824744 0.06445783 0.3825235 0.04609692 0.35082 0.04609692 0.35082 0.06437259 0.319067 0.1010092 0.3190178 0.1010092 0.3190178 0.1193702 0.3507215 0.1010945 0.3824744 0.5790638 0.02783626 0.5752307 0.0135107 0.6484768 0.01353645 0.5793933 0.02956861 0.5754244 0.01528 0.6486675 0.01461088 0.2537618 0.4301745 0.2537618 0.4301745 0.2568844 0.4185206 0.5796104 0.02784353 0.5758953 0.01348698 0.6491386 0.01411485 0.5798629 0.02930468 0.5760117 0.01498401 0.6492577 0.01491695 0.2770695 0.4041381 0.2770695 0.4041381 0.2770695 0.4068667 0.5784955 0.02870643 0.5747114 0.01436781 0.647957 0.0146439 0.5784688 0.0298227 0.5745489 0.01552069 0.6477937 0.01510185 0.2887234 0.4099894 0.2887234 0.4099894 0.2900876 0.4076263 0.5788926 0.02711915 0.5754889 0.01268553 0.6487016 0.01489853 0.5796081 0.02690184 0.5760677 0.01250112 0.6492981 0.01401942 0 0 0 0 0 0 0.7606962 0.01564383 0.8335838 0.01563811 0.8378516 0.03156059 0.7620794 0.01407706 0.8349611 0.01500684 0.8390243 0.03098285 0.7619426 0.01704913 0.8348302 0.01704353 0.839098 0.03296595 0.7606582 0.01530534 0.8335398 0.01623511 0.8376028 0.03221112 0 0 0 0 0 0 0.2770695 0.4562107 0.2770695 0.4562107 0.2770695 0.4534821 0.3003772 0.4301744 0.3003772 0.4301744 0.2972546 0.4418283 0 0 0 0 0 0 0.2568844 0.4185206 0.2568844 0.4185206 0.2545214 0.4171562 0.2510331 0.4301744 0.2510331 0.4301744 0.2537618 0.4301745 0.2770695 0.4534821 0.2770695 0.4534821 0.2654157 0.4503596 0.2972546 0.4418283 0.2972546 0.4418283 0.2996177 0.4431926 0.3031058 0.4301744 0.3031058 0.4301744 0.3003772 0.4301744 0.2770695 0.4068667 0.2770695 0.4068667 0.2887234 0.4099894 0 0 0 0 0 0 0.2654157 0.4503596 0.2654157 0.4503596 0.2640513 0.4527226 0.2602678 0.09128564 0.08420133 0.09128564 0.08420133 0.08973538 0.3949609 0.1053341 0.2602678 0.1053341 0.2602678 0.1039916 0.3949609 0.09262818 0.2602678 0.09262818 0.2602678 0.09128564 0.3949609 0.09975624 0.2602678 0.09975624 0.2602678 0.09820604 0.3949609 0.1039916 0.2602678 0.1039916 0.2602678 0.1024413 0.3949609 0.09128564 0.2602678 0.09128564 0.2602678 0.08973538 0.3949609 0.09820604 0.2602678 0.09820604 0.2602678 0.09686344 0.3949609 0.09552097 0.2602678 0.09552097 0.2602678 0.09397071 0.3949609 0.1024413 0.2602678 0.1024413 0.2602678 0.1010988 0.3949609 0.08973538 0.2602678 0.08973538 0.2602678 0.08839285 0.3949609 0.09686344 0.2602678 0.09686344 0.2602678 0.09552097 0.3949609 0.09397071 0.2602678 0.09397071 0.2602678 0.09262818 0.3949609 0.1010988 0.2602678 0.1010988 0.2602678 0.09975624 0.08786922 0.08260732 0.08921176 0.08338242 0.08998686 0.08472496 0.08998686 0.08472496 0.08998686 0.08627521 0.08921176 0.08761775 0.08921176 0.08761775 0.08786922 0.08839285 0.08420133 0.08627521 0.08786922 0.08839285 0.08631902 0.08839285 0.08420133 0.08627521 0.08631902 0.08839285 0.08497643 0.08761775 0.08420133 0.08627521 0.08420133 0.08627521 0.08420133 0.08472496 0.08497643 0.08338242 0.08497643 0.08338242 0.08631902 0.08260732 0.08420133 0.08627521 0.08631902 0.08260732 0.08786922 0.08260732 0.08420133 0.08627521 0.08786922 0.08260732 0.08998686 0.08472496 0.08420133 0.08627521 0.2602678 0.09820604 0.08420133 0.09820604 0.08420133 0.0968635 0.2602678 0.09552097 0.08420133 0.09552097 0.08420133 0.09397071 0.2602678 0.1024413 0.08420133 0.1024413 0.08420133 0.1010988 0.2602678 0.08973538 0.08420133 0.08973538 0.08420133 0.08839285 0.2602678 0.09686344 0.08420133 0.0968635 0.08420133 0.09552097 0.2602678 0.09397071 0.08420133 0.09397071 0.08420133 0.09262818 0.2602678 0.1010988 0.08420133 0.1010988 0.08420133 0.09975624 0.2602678 0.1053341 0.08420133 0.1053341 0.08420133 0.1039916 0.2602678 0.09262818 0.08420133 0.09262818 0.08420133 0.09128564 0.2602678 0.09975624 0.08420133 0.09975624 0.08420133 0.09820604 0.2602678 0.1039916 0.08420133 0.1039916 0.08420133 0.1024413 0.6862154 0.4120804 0.6885834 0.4119001 0.6903168 0.4114075 0.6903168 0.4114075 0.6909514 0.4107347 0.6862154 0.4120804 0.6909514 0.4107347 0.6903168 0.4100618 0.6862154 0.4120804 0.6903168 0.4100618 0.6885834 0.4095693 0.6862154 0.409389 0.6862154 0.409389 0.6838474 0.4095693 0.682114 0.4100618 0.682114 0.4100618 0.6814795 0.4107347 0.6862154 0.4120804 0.6814795 0.4107347 0.682114 0.4114075 0.6862154 0.4120804 0.682114 0.4114075 0.6838474 0.4119001 0.6862154 0.4120804 0.6903168 0.4100618 0.6862154 0.409389 0.6862154 0.4120804 0.6885834 0.3669229 0.6885834 0.4618484 0.6862154 0.4618484 0.6862154 0.3669229 0.6862154 0.4618484 0.6885834 0.4618484 0.6862154 0.3669229 0.6862154 0.4618484 0.6838474 0.4618484 0.6862154 0.3669229 0.6862154 0.4618484 0.6838474 0.4618484 0.6885834 0.3669229 0.6885834 0.4618484 0.6903168 0.4618484 0.6862154 0.3669229 0.6862154 0.4618484 0.6885834 0.4618484 0.682114 0.3669229 0.682114 0.4618484 0.6838474 0.4618484 0.6838474 0.3669229 0.6838474 0.4618484 0.682114 0.4618484 0.6838474 0.3669229 0.6838474 0.4618484 0.6862154 0.4618484 0.6903168 0.3669229 0.6903168 0.4618484 0.6885834 0.4618484 0.6838474 0.3669229 0.6838474 0.4618484 0.6862154 0.4618484 0.6885834 0.3669229 0.6885834 0.4618484 0.6862154 0.4618484 0.08420133 0.08973538 0.08420133 0.09128564 0.2602678 0.09128564 0.2602678 0.1039916 0.2602678 0.1053341 0.3949609 0.1053341 0.2602678 0.09128564 0.2602678 0.09262818 0.3949609 0.09262818 0.2602678 0.09820604 0.2602678 0.09975624 0.3949609 0.09975624 0.2602678 0.1024413 0.2602678 0.1039916 0.3949609 0.1039916 0.2602678 0.08973538 0.2602678 0.09128564 0.3949609 0.09128564 0.2602678 0.09686344 0.2602678 0.09820604 0.3949609 0.09820604 0.2602678 0.09397071 0.2602678 0.09552097 0.3949609 0.09552097 0.2602678 0.1010988 0.2602678 0.1024413 0.3949609 0.1024413 0.2602678 0.08839285 0.2602678 0.08973538 0.3949609 0.08973538 0.2602678 0.09552097 0.2602678 0.09686344 0.3949609 0.09686344 0.2602678 0.09262818 0.2602678 0.09397071 0.3949609 0.09397071 0.2602678 0.09975624 0.2602678 0.1010988 0.3949609 0.1010988 0.08998686 0.08472496 0.08921176 0.08338242 0.08786922 0.08260732 0.08786922 0.08260732 0.08631902 0.08260732 0.08998686 0.08472496 0.08631902 0.08260732 0.08497643 0.08338242 0.08998686 0.08472496 0.08497643 0.08338242 0.08420133 0.08472496 0.08420133 0.08627521 0.08420133 0.08627521 0.08497643 0.08761775 0.08631902 0.08839285 0.08631902 0.08839285 0.08786922 0.08839285 0.08998686 0.08472496 0.08786922 0.08839285 0.08921176 0.08761775 0.08998686 0.08472496 0.08921176 0.08761775 0.08998686 0.08627521 0.08998686 0.08472496 0.08497643 0.08338242 0.08420133 0.08627521 0.08631902 0.08839285 0.08420133 0.0968635 0.08420133 0.09820604 0.2602678 0.09820604 0.08420133 0.09397071 0.08420133 0.09552097 0.2602678 0.09552097 0.08420133 0.1010988 0.08420133 0.1024413 0.2602678 0.1024413 0.08420133 0.08839285 0.08420133 0.08973538 0.2602678 0.08973538 0.08420133 0.09552097 0.08420133 0.0968635 0.2602678 0.09686344 0.08420133 0.09262818 0.08420133 0.09397071 0.2602678 0.09397071 0.08420133 0.09975624 0.08420133 0.1010988 0.2602678 0.1010988 0.08420133 0.1039916 0.08420133 0.1053341 0.2602678 0.1053341 0.08420133 0.09128564 0.08420133 0.09262818 0.2602678 0.09262818 0.08420133 0.09820604 0.08420133 0.09975624 0.2602678 0.09975624 0.08420133 0.1024413 0.08420133 0.1039916 0.2602678 0.1039916 0.6903168 0.4114075 0.6885834 0.4119001 0.6862154 0.4120804 0.6862154 0.4120804 0.6838474 0.4119001 0.682114 0.4114075 0.682114 0.4114075 0.6814795 0.4107347 0.6862154 0.409389 0.6814795 0.4107347 0.682114 0.4100618 0.6862154 0.409389 0.682114 0.4100618 0.6838474 0.4095693 0.6862154 0.409389 0.6862154 0.409389 0.6885834 0.4095693 0.6903168 0.4100618 0.6903168 0.4100618 0.6909514 0.4107347 0.6862154 0.409389 0.6909514 0.4107347 0.6903168 0.4114075 0.6862154 0.409389 0.6903168 0.4114075 0.6862154 0.4120804 0.6862154 0.409389 0.6862154 0.4618484 0.6885834 0.4618484 0.6885834 0.3669229 0.6885834 0.4618484 0.6862154 0.4618484 0.6862154 0.3669229 0.6838474 0.4618484 0.6862154 0.4618484 0.6862154 0.3669229 0.6838474 0.4618484 0.6862154 0.4618484 0.6862154 0.3669229 0.6903168 0.4618484 0.6885834 0.4618484 0.6885834 0.3669229 0.6885834 0.4618484 0.6862154 0.4618484 0.6862154 0.3669229 0.6838474 0.4618484 0.682114 0.4618484 0.682114 0.3669229 0.682114 0.4618484 0.6838474 0.4618484 0.6838474 0.3669229 0.6862154 0.4618484 0.6838474 0.4618484 0.6838474 0.3669229 0.6885834 0.4618484 0.6903168 0.4618484 0.6903168 0.3669229 0.6862154 0.4618484 0.6838474 0.4618484 0.6838474 0.3669229 0.6862154 0.4618484 0.6885834 0.4618484 0.6885834 0.3669229 0.2602678 0.09128564 0.08420133 0.09128564 0.08420133 0.08973538 0.3949609 0.1053341 0.2602678 0.1053341 0.2602678 0.1039916 0.3949609 0.09262818 0.2602678 0.09262818 0.2602678 0.09128564 0.3949609 0.09975624 0.2602678 0.09975624 0.2602678 0.09820604 0.3949609 0.1039916 0.2602678 0.1039916 0.2602678 0.1024413 0.3949609 0.09128564 0.2602678 0.09128564 0.2602678 0.08973538 0.3949609 0.09820604 0.2602678 0.09820604 0.2602678 0.09686344 0.3949609 0.09552097 0.2602678 0.09552097 0.2602678 0.09397071 0.3949609 0.1024413 0.2602678 0.1024413 0.2602678 0.1010988 0.3949609 0.08973538 0.2602678 0.08973538 0.2602678 0.08839285 0.3949609 0.09686344 0.2602678 0.09686344 0.2602678 0.09552097 0.3949609 0.09397071 0.2602678 0.09397071 0.2602678 0.09262818 0.3949609 0.1010988 0.2602678 0.1010988 0.2602678 0.09975624 0.08786922 0.08260732 0.08921176 0.08338242 0.08998686 0.08472496 0.08998686 0.08472496 0.08998686 0.08627521 0.08921176 0.08761775 0.08921176 0.08761775 0.08786922 0.08839285 0.08420133 0.08627521 0.08786922 0.08839285 0.08631902 0.08839285 0.08420133 0.08627521 0.08631902 0.08839285 0.08497643 0.08761775 0.08420133 0.08627521 0.08420133 0.08627521 0.08420133 0.08472496 0.08497643 0.08338242 0.08497643 0.08338242 0.08631902 0.08260732 0.08420133 0.08627521 0.08631902 0.08260732 0.08786922 0.08260732 0.08420133 0.08627521 0.08786922 0.08260732 0.08998686 0.08472496 0.08420133 0.08627521 0.2602678 0.09820604 0.08420133 0.09820604 0.08420133 0.0968635 0.2602678 0.09552097 0.08420133 0.09552097 0.08420133 0.09397071 0.2602678 0.1024413 0.08420133 0.1024413 0.08420133 0.1010988 0.2602678 0.08973538 0.08420133 0.08973538 0.08420133 0.08839285 0.2602678 0.09686344 0.08420133 0.0968635 0.08420133 0.09552097 0.2602678 0.09397071 0.08420133 0.09397071 0.08420133 0.09262818 0.2602678 0.1010988 0.08420133 0.1010988 0.08420133 0.09975624 0.2602678 0.1053341 0.08420133 0.1053341 0.08420133 0.1039916 0.2602678 0.09262818 0.08420133 0.09262818 0.08420133 0.09128564 0.2602678 0.09975624 0.08420133 0.09975624 0.08420133 0.09820604 0.2602678 0.1039916 0.08420133 0.1039916 0.08420133 0.1024413 0.6862154 0.4120804 0.6885834 0.4119001 0.6903168 0.4114075 0.6903168 0.4114075 0.6909514 0.4107347 0.6862154 0.4120804 0.6909514 0.4107347 0.6903168 0.4100618 0.6862154 0.4120804 0.6903168 0.4100618 0.6885834 0.4095693 0.6862154 0.409389 0.6862154 0.409389 0.6838474 0.4095693 0.682114 0.4100618 0.682114 0.4100618 0.6814795 0.4107347 0.6862154 0.4120804 0.6814795 0.4107347 0.682114 0.4114075 0.6862154 0.4120804 0.682114 0.4114075 0.6838474 0.4119001 0.6862154 0.4120804 0.6903168 0.4100618 0.6862154 0.409389 0.6862154 0.4120804 0.6885834 0.3669229 0.6885834 0.4618484 0.6862154 0.4618484 0.6862154 0.3669229 0.6862154 0.4618484 0.6885834 0.4618484 0.6862154 0.3669229 0.6862154 0.4618484 0.6838474 0.4618484 0.6862154 0.3669229 0.6862154 0.4618484 0.6838474 0.4618484 0.6885834 0.3669229 0.6885834 0.4618484 0.6903168 0.4618484 0.6862154 0.3669229 0.6862154 0.4618484 0.6885834 0.4618484 0.682114 0.3669229 0.682114 0.4618484 0.6838474 0.4618484 0.6838474 0.3669229 0.6838474 0.4618484 0.682114 0.4618484 0.6838474 0.3669229 0.6838474 0.4618484 0.6862154 0.4618484 0.6903168 0.3669229 0.6903168 0.4618484 0.6885834 0.4618484 0.6838474 0.3669229 0.6838474 0.4618484 0.6862154 0.4618484 0.6885834 0.3669229 0.6885834 0.4618484 0.6862154 0.4618484 0.08420133 0.08973538 0.08420133 0.09128564 0.2602678 0.09128564 0.2602678 0.1039916 0.2602678 0.1053341 0.3949609 0.1053341 0.2602678 0.09128564 0.2602678 0.09262818 0.3949609 0.09262818 0.2602678 0.09820604 0.2602678 0.09975624 0.3949609 0.09975624 0.2602678 0.1024413 0.2602678 0.1039916 0.3949609 0.1039916 0.2602678 0.08973538 0.2602678 0.09128564 0.3949609 0.09128564 0.2602678 0.09686344 0.2602678 0.09820604 0.3949609 0.09820604 0.2602678 0.09397071 0.2602678 0.09552097 0.3949609 0.09552097 0.2602678 0.1010988 0.2602678 0.1024413 0.3949609 0.1024413 0.2602678 0.08839285 0.2602678 0.08973538 0.3949609 0.08973538 0.2602678 0.09552097 0.2602678 0.09686344 0.3949609 0.09686344 0.2602678 0.09262818 0.2602678 0.09397071 0.3949609 0.09397071 0.2602678 0.09975624 0.2602678 0.1010988 0.3949609 0.1010988 0.08998686 0.08472496 0.08921176 0.08338242 0.08786922 0.08260732 0.08786922 0.08260732 0.08631902 0.08260732 0.08998686 0.08472496 0.08631902 0.08260732 0.08497643 0.08338242 0.08998686 0.08472496 0.08497643 0.08338242 0.08420133 0.08472496 0.08420133 0.08627521 0.08420133 0.08627521 0.08497643 0.08761775 0.08631902 0.08839285 0.08631902 0.08839285 0.08786922 0.08839285 0.08998686 0.08472496 0.08786922 0.08839285 0.08921176 0.08761775 0.08998686 0.08472496 0.08921176 0.08761775 0.08998686 0.08627521 0.08998686 0.08472496 0.08497643 0.08338242 0.08420133 0.08627521 0.08998686 0.08472496 0.08420133 0.0968635 0.08420133 0.09820604 0.2602678 0.09820604 0.08420133 0.09397071 0.08420133 0.09552097 0.2602678 0.09552097 0.08420133 0.1010988 0.08420133 0.1024413 0.2602678 0.1024413 0.08420133 0.08839285 0.08420133 0.08973538 0.2602678 0.08973538 0.08420133 0.09552097 0.08420133 0.0968635 0.2602678 0.09686344 0.08420133 0.09262818 0.08420133 0.09397071 0.2602678 0.09397071 0.08420133 0.09975624 0.08420133 0.1010988 0.2602678 0.1010988 0.08420133 0.1039916 0.08420133 0.1053341 0.2602678 0.1053341 0.08420133 0.09128564 0.08420133 0.09262818 0.2602678 0.09262818 0.08420133 0.09820604 0.08420133 0.09975624 0.2602678 0.09975624 0.08420133 0.1024413 0.08420133 0.1039916 0.2602678 0.1039916 0.6903168 0.4114075 0.6885834 0.4119001 0.6862154 0.4120804 0.6862154 0.4120804 0.6838474 0.4119001 0.682114 0.4114075 0.682114 0.4114075 0.6814795 0.4107347 0.6862154 0.409389 0.6814795 0.4107347 0.682114 0.4100618 0.6862154 0.409389 0.682114 0.4100618 0.6838474 0.4095693 0.6862154 0.409389 0.6862154 0.409389 0.6885834 0.4095693 0.6903168 0.4100618 0.6903168 0.4100618 0.6909514 0.4107347 0.6862154 0.409389 0.6909514 0.4107347 0.6903168 0.4114075 0.6862154 0.409389 0.6903168 0.4114075 0.6862154 0.4120804 0.6862154 0.409389 0.6862154 0.4618484 0.6885834 0.4618484 0.6885834 0.3669229 0.6885834 0.4618484 0.6862154 0.4618484 0.6862154 0.3669229 0.6838474 0.4618484 0.6862154 0.4618484 0.6862154 0.3669229 0.6838474 0.4618484 0.6862154 0.4618484 0.6862154 0.3669229 0.6903168 0.4618484 0.6885834 0.4618484 0.6885834 0.3669229 0.6885834 0.4618484 0.6862154 0.4618484 0.6862154 0.3669229 0.6838474 0.4618484 0.682114 0.4618484 0.682114 0.3669229 0.682114 0.4618484 0.6838474 0.4618484 0.6838474 0.3669229 0.6862154 0.4618484 0.6838474 0.4618484 0.6838474 0.3669229 0.6885834 0.4618484 0.6903168 0.4618484 0.6903168 0.3669229 0.6862154 0.4618484 0.6838474 0.4618484 0.6838474 0.3669229 0.6862154 0.4618484 0.6885834 0.4618484 0.6885834 0.3669229 0.2602678 0.09128564 0.08420133 0.09128564 0.08420133 0.08973538 0.3949609 0.1053341 0.2602678 0.1053341 0.2602678 0.1039916 0.3949609 0.09262818 0.2602678 0.09262818 0.2602678 0.09128564 0.3949609 0.09975624 0.2602678 0.09975624 0.2602678 0.09820604 0.3949609 0.1039916 0.2602678 0.1039916 0.2602678 0.1024413 0.3949609 0.09128564 0.2602678 0.09128564 0.2602678 0.08973538 0.3949609 0.09820604 0.2602678 0.09820604 0.2602678 0.09686344 0.3949609 0.09552097 0.2602678 0.09552097 0.2602678 0.09397071 0.3949609 0.1024413 0.2602678 0.1024413 0.2602678 0.1010988 0.3949609 0.08973538 0.2602678 0.08973538 0.2602678 0.08839285 0.3949609 0.09686344 0.2602678 0.09686344 0.2602678 0.09552097 0.3949609 0.09397071 0.2602678 0.09397071 0.2602678 0.09262818 0.3949609 0.1010988 0.2602678 0.1010988 0.2602678 0.09975624 0.08786922 0.08260732 0.08921176 0.08338242 0.08921176 0.08761775 0.08921176 0.08338242 0.08998686 0.08472496 0.08921176 0.08761775 0.08998686 0.08472496 0.08998686 0.08627521 0.08921176 0.08761775 0.08921176 0.08761775 0.08786922 0.08839285 0.08631902 0.08839285 0.08631902 0.08839285 0.08497643 0.08761775 0.08420133 0.08627521 0.08420133 0.08627521 0.08420133 0.08472496 0.08497643 0.08338242 0.08497643 0.08338242 0.08631902 0.08260732 0.08786922 0.08260732 0.08921176 0.08761775 0.08631902 0.08839285 0.08420133 0.08627521 0.08420133 0.08627521 0.08497643 0.08338242 0.08921176 0.08761775 0.2602678 0.09820604 0.08420133 0.09820604 0.08420133 0.0968635 0.2602678 0.09552097 0.08420133 0.09552097 0.08420133 0.09397071 0.2602678 0.1024413 0.08420133 0.1024413 0.08420133 0.1010988 0.2602678 0.08973538 0.08420133 0.08973538 0.08420133 0.08839285 0.2602678 0.09686344 0.08420133 0.0968635 0.08420133 0.09552097 0.2602678 0.09397071 0.08420133 0.09397071 0.08420133 0.09262818 0.2602678 0.1010988 0.08420133 0.1010988 0.08420133 0.09975624 0.2602678 0.1053341 0.08420133 0.1053341 0.08420133 0.1039916 0.2602678 0.09262818 0.08420133 0.09262818 0.08420133 0.09128564 0.2602678 0.09975624 0.08420133 0.09975624 0.08420133 0.09820604 0.2602678 0.1039916 0.08420133 0.1039916 0.08420133 0.1024413 0.6862154 0.4120804 0.6885834 0.4119001 0.6903168 0.4100618 0.6885834 0.4119001 0.6903168 0.4114075 0.6903168 0.4100618 0.6903168 0.4114075 0.6909514 0.4107347 0.6903168 0.4100618 0.6903168 0.4100618 0.6885834 0.4095693 0.6862154 0.409389 0.6862154 0.409389 0.6838474 0.4095693 0.682114 0.4100618 0.682114 0.4100618 0.6814795 0.4107347 0.6862154 0.4120804 0.6814795 0.4107347 0.682114 0.4114075 0.6862154 0.4120804 0.682114 0.4114075 0.6838474 0.4119001 0.6862154 0.4120804 0.6903168 0.4100618 0.6862154 0.409389 0.6862154 0.4120804 0.6885834 0.3669229 0.6885834 0.4618484 0.6862154 0.4618484 0.6862154 0.3669229 0.6862154 0.4618484 0.6885834 0.4618484 0.6862154 0.3669229 0.6862154 0.4618484 0.6838474 0.4618484 0.6862154 0.3669229 0.6862154 0.4618484 0.6838474 0.4618484 0.6885834 0.3669229 0.6885834 0.4618484 0.6903168 0.4618484 0.6862154 0.3669229 0.6862154 0.4618484 0.6885834 0.4618484 0.682114 0.3669229 0.682114 0.4618484 0.6838474 0.4618484 0.6838474 0.3669229 0.6838474 0.4618484 0.682114 0.4618484 0.6838474 0.3669229 0.6838474 0.4618484 0.6862154 0.4618484 0.6903168 0.3669229 0.6903168 0.4618484 0.6885834 0.4618484 0.6838474 0.3669229 0.6838474 0.4618484 0.6862154 0.4618484 0.6885834 0.3669229 0.6885834 0.4618484 0.6862154 0.4618484 0.08420133 0.08973538 0.08420133 0.09128564 0.2602678 0.09128564 0.2602678 0.1039916 0.2602678 0.1053341 0.3949609 0.1053341 0.2602678 0.09128564 0.2602678 0.09262818 0.3949609 0.09262818 0.2602678 0.09820604 0.2602678 0.09975624 0.3949609 0.09975624 0.2602678 0.1024413 0.2602678 0.1039916 0.3949609 0.1039916 0.2602678 0.08973538 0.2602678 0.09128564 0.3949609 0.09128564 0.2602678 0.09686344 0.2602678 0.09820604 0.3949609 0.09820604 0.2602678 0.09397071 0.2602678 0.09552097 0.3949609 0.09552097 0.2602678 0.1010988 0.2602678 0.1024413 0.3949609 0.1024413 0.2602678 0.08839285 0.2602678 0.08973538 0.3949609 0.08973538 0.2602678 0.09552097 0.2602678 0.09686344 0.3949609 0.09686344 0.2602678 0.09262818 0.2602678 0.09397071 0.3949609 0.09397071 0.2602678 0.09975624 0.2602678 0.1010988 0.3949609 0.1010988 0.08998686 0.08472496 0.08921176 0.08338242 0.08786922 0.08260732 0.08786922 0.08260732 0.08631902 0.08260732 0.08497643 0.08338242 0.08497643 0.08338242 0.08420133 0.08472496 0.08631902 0.08839285 0.08420133 0.08472496 0.08420133 0.08627521 0.08631902 0.08839285 0.08420133 0.08627521 0.08497643 0.08761775 0.08631902 0.08839285 0.08631902 0.08839285 0.08786922 0.08839285 0.08921176 0.08761775 0.08921176 0.08761775 0.08998686 0.08627521 0.08998686 0.08472496 0.08998686 0.08472496 0.08786922 0.08260732 0.08631902 0.08839285 0.08786922 0.08260732 0.08497643 0.08338242 0.08631902 0.08839285 0.08420133 0.0968635 0.08420133 0.09820604 0.2602678 0.09820604 0.08420133 0.09397071 0.08420133 0.09552097 0.2602678 0.09552097 0.08420133 0.1010988 0.08420133 0.1024413 0.2602678 0.1024413 0.08420133 0.08839285 0.08420133 0.08973538 0.2602678 0.08973538 0.08420133 0.09552097 0.08420133 0.0968635 0.2602678 0.09686344 0.08420133 0.09262818 0.08420133 0.09397071 0.2602678 0.09397071 0.08420133 0.09975624 0.08420133 0.1010988 0.2602678 0.1010988 0.08420133 0.1039916 0.08420133 0.1053341 0.2602678 0.1053341 0.08420133 0.09128564 0.08420133 0.09262818 0.2602678 0.09262818 0.08420133 0.09820604 0.08420133 0.09975624 0.2602678 0.09975624 0.08420133 0.1024413 0.08420133 0.1039916 0.2602678 0.1039916 0.6903168 0.4114075 0.6885834 0.4119001 0.6862154 0.4120804 0.6862154 0.4120804 0.6838474 0.4119001 0.682114 0.4114075 0.682114 0.4114075 0.6814795 0.4107347 0.6862154 0.409389 0.6814795 0.4107347 0.682114 0.4100618 0.6862154 0.409389 0.682114 0.4100618 0.6838474 0.4095693 0.6862154 0.409389 0.6862154 0.409389 0.6885834 0.4095693 0.6903168 0.4114075 0.6885834 0.4095693 0.6903168 0.4100618 0.6903168 0.4114075 0.6903168 0.4100618 0.6909514 0.4107347 0.6903168 0.4114075 0.6903168 0.4114075 0.6862154 0.4120804 0.6862154 0.409389 0.6862154 0.4618484 0.6885834 0.4618484 0.6885834 0.3669229 0.6885834 0.4618484 0.6862154 0.4618484 0.6862154 0.3669229 0.6838474 0.4618484 0.6862154 0.4618484 0.6862154 0.3669229 0.6838474 0.4618484 0.6862154 0.4618484 0.6862154 0.3669229 0.6903168 0.4618484 0.6885834 0.4618484 0.6885834 0.3669229 0.6885834 0.4618484 0.6862154 0.4618484 0.6862154 0.3669229 0.6838474 0.4618484 0.682114 0.4618484 0.682114 0.3669229 0.682114 0.4618484 0.6838474 0.4618484 0.6838474 0.3669229 0.6862154 0.4618484 0.6838474 0.4618484 0.6838474 0.3669229 0.6885834 0.4618484 0.6903168 0.4618484 0.6903168 0.3669229 0.6862154 0.4618484 0.6838474 0.4618484 0.6838474 0.3669229 0.6862154 0.4618484 0.6885834 0.4618484 0.6885834 0.3669229 0.08420133 0.08973538 0.08420133 0.09128564 0.2602678 0.09128564 0.2602678 0.1039916 0.2602678 0.1053341 0.3949609 0.1053341 0.2602678 0.09128564 0.2602678 0.09262818 0.3949609 0.09262818 0.2602678 0.09820604 0.2602678 0.09975624 0.3949609 0.09975624 0.2602678 0.1024413 0.2602678 0.1039916 0.3949609 0.1039916 0.2602678 0.08973538 0.2602678 0.09128564 0.3949609 0.09128564 0.2602678 0.09686344 0.2602678 0.09820604 0.3949609 0.09820604 0.2602678 0.09397071 0.2602678 0.09552097 0.3949609 0.09552097 0.2602678 0.1010988 0.2602678 0.1024413 0.3949609 0.1024413 0.2602678 0.08839285 0.2602678 0.08973538 0.3949609 0.08973538 0.2602678 0.09552097 0.2602678 0.09686344 0.3949609 0.09686344 0.2602678 0.09262818 0.2602678 0.09397071 0.3949609 0.09397071 0.2602678 0.09975624 0.2602678 0.1010988 0.3949609 0.1010988 0.08998686 0.08472496 0.08921176 0.08338242 0.08786922 0.08260732 0.08786922 0.08260732 0.08631902 0.08260732 0.08497643 0.08338242 0.08497643 0.08338242 0.08420133 0.08472496 0.08631902 0.08839285 0.08420133 0.08472496 0.08420133 0.08627521 0.08631902 0.08839285 0.08420133 0.08627521 0.08497643 0.08761775 0.08631902 0.08839285 0.08631902 0.08839285 0.08786922 0.08839285 0.08921176 0.08761775 0.08921176 0.08761775 0.08998686 0.08627521 0.08998686 0.08472496 0.08998686 0.08472496 0.08786922 0.08260732 0.08631902 0.08839285 0.08786922 0.08260732 0.08497643 0.08338242 0.08631902 0.08839285 0.08420133 0.0968635 0.08420133 0.09820604 0.2602678 0.09820604 0.08420133 0.09397071 0.08420133 0.09552097 0.2602678 0.09552097 0.08420133 0.1010988 0.08420133 0.1024413 0.2602678 0.1024413 0.08420133 0.08839285 0.08420133 0.08973538 0.2602678 0.08973538 0.08420133 0.09552097 0.08420133 0.0968635 0.2602678 0.09686344 0.08420133 0.09262818 0.08420133 0.09397071 0.2602678 0.09397071 0.08420133 0.09975624 0.08420133 0.1010988 0.2602678 0.1010988 0.08420133 0.1039916 0.08420133 0.1053341 0.2602678 0.1053341 0.08420133 0.09128564 0.08420133 0.09262818 0.2602678 0.09262818 0.08420133 0.09820604 0.08420133 0.09975624 0.2602678 0.09975624 0.08420133 0.1024413 0.08420133 0.1039916 0.2602678 0.1039916 0.6903168 0.4114075 0.6885834 0.4119001 0.6862154 0.4120804 0.6862154 0.4120804 0.6838474 0.4119001 0.682114 0.4114075 0.682114 0.4114075 0.6814795 0.4107347 0.6862154 0.409389 0.6814795 0.4107347 0.682114 0.4100618 0.6862154 0.409389 0.682114 0.4100618 0.6838474 0.4095693 0.6862154 0.409389 0.6862154 0.409389 0.6885834 0.4095693 0.6903168 0.4114075 0.6885834 0.4095693 0.6903168 0.4100618 0.6903168 0.4114075 0.6903168 0.4100618 0.6909514 0.4107347 0.6903168 0.4114075 0.6903168 0.4114075 0.6862154 0.4120804 0.6862154 0.409389 0.6862154 0.4618484 0.6885834 0.4618484 0.6885834 0.3669229 0.6885834 0.4618484 0.6862154 0.4618484 0.6862154 0.3669229 0.6838474 0.4618484 0.6862154 0.4618484 0.6862154 0.3669229 0.6838474 0.4618484 0.6862154 0.4618484 0.6862154 0.3669229 0.6903168 0.4618484 0.6885834 0.4618484 0.6885834 0.3669229 0.6885834 0.4618484 0.6862154 0.4618484 0.6862154 0.3669229 0.6838474 0.4618484 0.682114 0.4618484 0.682114 0.3669229 0.682114 0.4618484 0.6838474 0.4618484 0.6838474 0.3669229 0.6862154 0.4618484 0.6838474 0.4618484 0.6838474 0.3669229 0.6885834 0.4618484 0.6903168 0.4618484 0.6903168 0.3669229 0.6862154 0.4618484 0.6838474 0.4618484 0.6838474 0.3669229 0.6862154 0.4618484 0.6885834 0.4618484 0.6885834 0.3669229 0.2602678 0.09128564 0.08420133 0.09128564 0.08420133 0.08973538 0.3949609 0.1053341 0.2602678 0.1053341 0.2602678 0.1039916 0.3949609 0.09262818 0.2602678 0.09262818 0.2602678 0.09128564 0.3949609 0.09975624 0.2602678 0.09975624 0.2602678 0.09820604 0.3949609 0.1039916 0.2602678 0.1039916 0.2602678 0.1024413 0.3949609 0.09128564 0.2602678 0.09128564 0.2602678 0.08973538 0.3949609 0.09820604 0.2602678 0.09820604 0.2602678 0.09686344 0.3949609 0.09552097 0.2602678 0.09552097 0.2602678 0.09397071 0.3949609 0.1024413 0.2602678 0.1024413 0.2602678 0.1010988 0.3949609 0.08973538 0.2602678 0.08973538 0.2602678 0.08839285 0.3949609 0.09686344 0.2602678 0.09686344 0.2602678 0.09552097 0.3949609 0.09397071 0.2602678 0.09397071 0.2602678 0.09262818 0.3949609 0.1010988 0.2602678 0.1010988 0.2602678 0.09975624 0.08786922 0.08260732 0.08921176 0.08338242 0.08921176 0.08761775 0.08921176 0.08338242 0.08998686 0.08472496 0.08921176 0.08761775 0.08998686 0.08472496 0.08998686 0.08627521 0.08921176 0.08761775 0.08921176 0.08761775 0.08786922 0.08839285 0.08631902 0.08839285 0.08631902 0.08839285 0.08497643 0.08761775 0.08420133 0.08627521 0.08420133 0.08627521 0.08420133 0.08472496 0.08497643 0.08338242 0.08497643 0.08338242 0.08631902 0.08260732 0.08786922 0.08260732 0.08921176 0.08761775 0.08631902 0.08839285 0.08420133 0.08627521 0.08420133 0.08627521 0.08497643 0.08338242 0.08921176 0.08761775 0.2602678 0.09820604 0.08420133 0.09820604 0.08420133 0.0968635 0.2602678 0.09552097 0.08420133 0.09552097 0.08420133 0.09397071 0.2602678 0.1024413 0.08420133 0.1024413 0.08420133 0.1010988 0.2602678 0.08973538 0.08420133 0.08973538 0.08420133 0.08839285 0.2602678 0.09686344 0.08420133 0.0968635 0.08420133 0.09552097 0.2602678 0.09397071 0.08420133 0.09397071 0.08420133 0.09262818 0.2602678 0.1010988 0.08420133 0.1010988 0.08420133 0.09975624 0.2602678 0.1053341 0.08420133 0.1053341 0.08420133 0.1039916 0.2602678 0.09262818 0.08420133 0.09262818 0.08420133 0.09128564 0.2602678 0.09975624 0.08420133 0.09975624 0.08420133 0.09820604 0.2602678 0.1039916 0.08420133 0.1039916 0.08420133 0.1024413 0.6862154 0.4120804 0.6885834 0.4119001 0.6903168 0.4100618 0.6885834 0.4119001 0.6903168 0.4114075 0.6903168 0.4100618 0.6903168 0.4114075 0.6909514 0.4107347 0.6903168 0.4100618 0.6903168 0.4100618 0.6885834 0.4095693 0.6862154 0.409389 0.6862154 0.409389 0.6838474 0.4095693 0.682114 0.4100618 0.682114 0.4100618 0.6814795 0.4107347 0.6862154 0.4120804 0.6814795 0.4107347 0.682114 0.4114075 0.6862154 0.4120804 0.682114 0.4114075 0.6838474 0.4119001 0.6862154 0.4120804 0.6903168 0.4100618 0.6862154 0.409389 0.6862154 0.4120804 0.6885834 0.3669229 0.6885834 0.4618484 0.6862154 0.4618484 0.6862154 0.3669229 0.6862154 0.4618484 0.6885834 0.4618484 0.6862154 0.3669229 0.6862154 0.4618484 0.6838474 0.4618484 0.6862154 0.3669229 0.6862154 0.4618484 0.6838474 0.4618484 0.6885834 0.3669229 0.6885834 0.4618484 0.6903168 0.4618484 0.6862154 0.3669229 0.6862154 0.4618484 0.6885834 0.4618484 0.682114 0.3669229 0.682114 0.4618484 0.6838474 0.4618484 0.6838474 0.3669229 0.6838474 0.4618484 0.682114 0.4618484 0.6838474 0.3669229 0.6838474 0.4618484 0.6862154 0.4618484 0.6903168 0.3669229 0.6903168 0.4618484 0.6885834 0.4618484 0.6838474 0.3669229 0.6838474 0.4618484 0.6862154 0.4618484 0.6885834 0.3669229 0.6885834 0.4618484 0.6862154 0.4618484 0 0 0 0 0 0 0 0 0 0 0 0 0 0 0 0 0 0 0 0 0 0 0 0 0.419035 0.3490666 0.419035 0.4163194 0.3386241 0.4163194 0 0 0 0 0 0 0.4236456 0.4171736 0.3348485 0.4171736 0.3348485 0.3466954 0.2228592 0.4613248 0.2228592 0.4093368 0.1759166 0.4093368 0 0 0 0 0 0 0 0 0 0 0 0 0 0 0 0 0 0 0 0 0 0 0 0 0 0 0 0 0 0 0 0 0 0 0 0 0 0 0 0 0 0 0 0 0 0 0 0 0.1720327 0.4652194 0.1720327 0.4040561 0.2305005 0.4040561 0 0 0 0 0 0 0.2602678 0.09128564 0.08420133 0.09128564 0.08420133 0.08973538 0.3949609 0.1053341 0.2602678 0.1053341 0.2602678 0.1039916 0.3949609 0.09262818 0.2602678 0.09262818 0.2602678 0.09128564 0.3949609 0.09975624 0.2602678 0.09975624 0.2602678 0.09820604 0.3949609 0.1039916 0.2602678 0.1039916 0.2602678 0.1024413 0.3949609 0.09128564 0.2602678 0.09128564 0.2602678 0.08973538 0.3949609 0.09820604 0.2602678 0.09820604 0.2602678 0.09686344 0.3949609 0.09552097 0.2602678 0.09552097 0.2602678 0.09397071 0.3949609 0.1024413 0.2602678 0.1024413 0.2602678 0.1010988 0.3949609 0.08973538 0.2602678 0.08973538 0.2602678 0.08839285 0.3949609 0.09686344 0.2602678 0.09686344 0.2602678 0.09552097 0.3949609 0.09397071 0.2602678 0.09397071 0.2602678 0.09262818 0.3949609 0.1010988 0.2602678 0.1010988 0.2602678 0.09975624 0.08786922 0.08260732 0.08921176 0.08338242 0.08998686 0.08472496 0.08998686 0.08472496 0.08998686 0.08627521 0.08921176 0.08761775 0.08921176 0.08761775 0.08786922 0.08839285 0.08420133 0.08627521 0.08786922 0.08839285 0.08631902 0.08839285 0.08420133 0.08627521 0.08631902 0.08839285 0.08497643 0.08761775 0.08420133 0.08627521 0.08420133 0.08627521 0.08420133 0.08472496 0.08497643 0.08338242 0.08497643 0.08338242 0.08631902 0.08260732 0.08420133 0.08627521 0.08631902 0.08260732 0.08786922 0.08260732 0.08420133 0.08627521 0.08786922 0.08260732 0.08998686 0.08472496 0.08420133 0.08627521 0.2602678 0.09820604 0.08420133 0.09820604 0.08420133 0.0968635 0.2602678 0.09552097 0.08420133 0.09552097 0.08420133 0.09397071 0.2602678 0.1024413 0.08420133 0.1024413 0.08420133 0.1010988 0.2602678 0.08973538 0.08420133 0.08973538 0.08420133 0.08839285 0.2602678 0.09686344 0.08420133 0.0968635 0.08420133 0.09552097 0.2602678 0.09397071 0.08420133 0.09397071 0.08420133 0.09262818 0.2602678 0.1010988 0.08420133 0.1010988 0.08420133 0.09975624 0.2602678 0.1053341 0.08420133 0.1053341 0.08420133 0.1039916 0.2602678 0.09262818 0.08420133 0.09262818 0.08420133 0.09128564 0.2602678 0.09975624 0.08420133 0.09975624 0.08420133 0.09820604 0.2602678 0.1039916 0.08420133 0.1039916 0.08420133 0.1024413 0.6862154 0.4120804 0.6885834 0.4119001 0.6903168 0.4114075 0.6903168 0.4114075 0.6909514 0.4107347 0.6862154 0.4120804 0.6909514 0.4107347 0.6903168 0.4100618 0.6862154 0.4120804 0.6903168 0.4100618 0.6885834 0.4095693 0.6862154 0.409389 0.6862154 0.409389 0.6838474 0.4095693 0.682114 0.4100618 0.682114 0.4100618 0.6814795 0.4107347 0.6862154 0.4120804 0.6814795 0.4107347 0.682114 0.4114075 0.6862154 0.4120804 0.682114 0.4114075 0.6838474 0.4119001 0.6862154 0.4120804 0.6903168 0.4100618 0.6862154 0.409389 0.6862154 0.4120804 0.6885834 0.3669229 0.6885834 0.4618484 0.6862154 0.4618484 0.6862154 0.3669229 0.6862154 0.4618484 0.6885834 0.4618484 0.6862154 0.3669229 0.6862154 0.4618484 0.6838474 0.4618484 0.6862154 0.3669229 0.6862154 0.4618484 0.6838474 0.4618484 0.6885834 0.3669229 0.6885834 0.4618484 0.6903168 0.4618484 0.6862154 0.3669229 0.6862154 0.4618484 0.6885834 0.4618484 0.682114 0.3669229 0.682114 0.4618484 0.6838474 0.4618484 0.6838474 0.3669229 0.6838474 0.4618484 0.682114 0.4618484 0.6838474 0.3669229 0.6838474 0.4618484 0.6862154 0.4618484 0.6903168 0.3669229 0.6903168 0.4618484 0.6885834 0.4618484 0.6838474 0.3669229 0.6838474 0.4618484 0.6862154 0.4618484 0.6885834 0.3669229 0.6885834 0.4618484 0.6862154 0.4618484 0.2602678 0.09128564 0.08420133 0.09128564 0.08420133 0.08973538 0.3949609 0.1053341 0.2602678 0.1053341 0.2602678 0.1039916 0.3949609 0.09262818 0.2602678 0.09262818 0.2602678 0.09128564 0.3949609 0.09975624 0.2602678 0.09975624 0.2602678 0.09820604 0.3949609 0.1039916 0.2602678 0.1039916 0.2602678 0.1024413 0.3949609 0.09128564 0.2602678 0.09128564 0.2602678 0.08973538 0.3949609 0.09820604 0.2602678 0.09820604 0.2602678 0.09686344 0.3949609 0.09552097 0.2602678 0.09552097 0.2602678 0.09397071 0.3949609 0.1024413 0.2602678 0.1024413 0.2602678 0.1010988 0.3949609 0.08973538 0.2602678 0.08973538 0.2602678 0.08839285 0.3949609 0.09686344 0.2602678 0.09686344 0.2602678 0.09552097 0.3949609 0.09397071 0.2602678 0.09397071 0.2602678 0.09262818 0.3949609 0.1010988 0.2602678 0.1010988 0.2602678 0.09975624 0.08786922 0.08260732 0.08921176 0.08338242 0.08998686 0.08472496 0.08998686 0.08472496 0.08998686 0.08627521 0.08786922 0.08260732 0.08998686 0.08627521 0.08921176 0.08761775 0.08786922 0.08260732 0.08921176 0.08761775 0.08786922 0.08839285 0.08420133 0.08627521 0.08786922 0.08839285 0.08631902 0.08839285 0.08420133 0.08627521 0.08631902 0.08839285 0.08497643 0.08761775 0.08420133 0.08627521 0.08420133 0.08627521 0.08420133 0.08472496 0.08497643 0.08338242 0.08497643 0.08338242 0.08631902 0.08260732 0.08420133 0.08627521 0.08631902 0.08260732 0.08786922 0.08260732 0.08420133 0.08627521 0.2602678 0.09820604 0.08420133 0.09820604 0.08420133 0.0968635 0.2602678 0.09552097 0.08420133 0.09552097 0.08420133 0.09397071 0.2602678 0.1024413 0.08420133 0.1024413 0.08420133 0.1010988 0.2602678 0.08973538 0.08420133 0.08973538 0.08420133 0.08839285 0.2602678 0.09686344 0.08420133 0.0968635 0.08420133 0.09552097 0.2602678 0.09397071 0.08420133 0.09397071 0.08420133 0.09262818 0.2602678 0.1010988 0.08420133 0.1010988 0.08420133 0.09975624 0.2602678 0.1053341 0.08420133 0.1053341 0.08420133 0.1039916 0.2602678 0.09262818 0.08420133 0.09262818 0.08420133 0.09128564 0.2602678 0.09975624 0.08420133 0.09975624 0.08420133 0.09820604 0.2602678 0.1039916 0.08420133 0.1039916 0.08420133 0.1024413 0.6862154 0.4120804 0.6885834 0.4119001 0.6903168 0.4114075 0.6903168 0.4114075 0.6909514 0.4107347 0.6862154 0.4120804 0.6909514 0.4107347 0.6903168 0.4100618 0.6862154 0.4120804 0.6903168 0.4100618 0.6885834 0.4095693 0.6862154 0.409389 0.6862154 0.409389 0.6838474 0.4095693 0.682114 0.4100618 0.682114 0.4100618 0.6814795 0.4107347 0.6862154 0.4120804 0.6814795 0.4107347 0.682114 0.4114075 0.6862154 0.4120804 0.682114 0.4114075 0.6838474 0.4119001 0.6862154 0.4120804 0.6903168 0.4100618 0.6862154 0.409389 0.6862154 0.4120804 0.6885834 0.3669229 0.6885834 0.4618484 0.6862154 0.4618484 0.6862154 0.3669229 0.6862154 0.4618484 0.6885834 0.4618484 0.6862154 0.3669229 0.6862154 0.4618484 0.6838474 0.4618484 0.6862154 0.3669229 0.6862154 0.4618484 0.6838474 0.4618484 0.6885834 0.3669229 0.6885834 0.4618484 0.6903168 0.4618484 0.6862154 0.3669229 0.6862154 0.4618484 0.6885834 0.4618484 0.682114 0.3669229 0.682114 0.4618484 0.6838474 0.4618484 0.6838474 0.3669229 0.6838474 0.4618484 0.682114 0.4618484 0.6838474 0.3669229 0.6838474 0.4618484 0.6862154 0.4618484 0.6903168 0.3669229 0.6903168 0.4618484 0.6885834 0.4618484 0.6838474 0.3669229 0.6838474 0.4618484 0.6862154 0.4618484 0.6885834 0.3669229 0.6885834 0.4618484 0.6862154 0.4618484</float_array>
          <technique_common>
            <accessor source="#Cylinder-mesh-map-0-array" count="3240" stride="2">
              <param name="S" type="float"/>
              <param name="T" type="float"/>
            </accessor>
          </technique_common>
        </source>
        <vertices id="Cylinder-mesh-vertices">
          <input semantic="POSITION" source="#Cylinder-mesh-positions"/>
        </vertices>
        <triangles material="Material_002-material" count="1080">
          <input semantic="VERTEX" source="#Cylinder-mesh-vertices" offset="0"/>
          <input semantic="NORMAL" source="#Cylinder-mesh-normals" offset="1"/>
          <input semantic="TEXCOORD" source="#Cylinder-mesh-map-0" offset="2" set="0"/>
          <p>20 0 0 2 1 1 0 2 2 19 3 3 4 4 4 2 1 5 21 5 6 6 6 7 4 4 8 22 7 9 7 8 10 6 9 11 23 10 12 8 11 13 7 8 14 24 12 15 10 13 16 8 11 17 25 14 18 11 15 19 10 16 20 26 17 21 12 18 22 11 15 23 27 19 24 14 20 25 12 18 26 28 21 27 16 22 28 14 23 29 29 24 30 17 25 31 16 22 32 30 26 33 0 27 34 17 25 35 6 28 36 11 29 37 17 30 38 1 31 39 19 32 40 20 33 41 5 34 42 19 32 43 3 35 44 31 36 45 21 37 46 5 34 47 31 36 48 23 38 49 22 39 50 9 40 51 23 38 52 32 41 53 33 42 54 24 43 55 9 40 56 33 42 57 26 44 58 25 45 59 13 46 60 26 44 61 34 47 62 15 48 63 27 49 64 13 46 65 15 48 66 29 50 67 28 51 68 18 52 69 29 50 70 35 53 71 1 31 72 30 54 73 18 52 74 46 55 75 42 56 76 38 57 77 36 58 78 1 31 79 37 59 80 38 57 81 3 35 82 36 58 83 45 60 84 53 61 85 44 62 86 40 63 87 31 36 88 39 64 89 41 65 90 32 41 91 40 63 92 33 66 93 50 66 94 42 66 95 43 67 96 33 42 97 42 56 98 44 68 99 34 47 100 43 67 101 41 69 102 59 70 103 9 71 104 46 55 105 15 48 106 45 64 107 47 72 108 35 53 109 46 55 110 5 73 111 56 74 112 31 74 113 49 64 114 56 64 115 57 64 116 51 75 117 58 76 118 59 77 119 53 64 120 60 64 121 61 64 122 55 78 123 62 79 124 63 80 125 18 81 126 62 81 127 1 82 128 1 83 129 54 83 130 37 83 131 39 84 132 49 85 133 38 86 134 9 87 135 58 87 136 33 88 137 44 89 138 61 90 139 13 91 140 15 92 141 52 92 142 45 92 143 37 93 144 55 94 145 47 94 146 38 95 147 57 96 148 5 97 149 31 98 150 48 98 151 39 98 152 42 99 153 51 100 154 41 100 155 13 101 156 60 102 157 15 102 158 47 103 159 63 104 160 18 105 161 79 106 162 92 107 163 80 108 164 69 109 165 82 110 166 70 111 167 66 112 168 79 106 169 67 113 170 73 114 171 86 115 172 74 116 173 70 117 174 83 118 175 71 119 176 67 113 177 80 108 178 68 120 179 74 121 180 87 122 181 75 123 182 65 124 183 76 125 184 64 126 185 71 119 186 84 127 187 72 128 188 68 129 189 81 130 190 69 109 191 75 123 192 77 131 193 65 132 194 64 126 195 78 133 196 66 134 197 72 135 198 85 136 199 73 114 200 89 137 201 98 138 202 94 139 203 86 140 204 99 141 205 87 122 206 77 142 207 88 143 208 76 125 209 83 118 210 96 144 211 84 127 212 80 145 213 93 146 214 81 130 215 87 122 216 89 99 217 77 131 218 76 125 219 90 147 220 78 133 221 84 148 222 97 149 223 85 136 224 81 130 225 94 150 226 82 110 227 78 151 228 91 152 229 79 106 230 85 136 231 98 153 232 86 115 233 82 154 234 95 155 235 83 118 236 106 156 237 108 157 238 101 158 239 102 159 240 115 160 241 103 161 242 109 162 243 122 163 244 110 164 245 106 165 246 119 166 247 107 165 248 103 161 249 116 167 250 104 167 251 110 164 252 123 168 253 111 168 254 101 169 255 112 170 256 100 171 257 107 172 258 120 173 259 108 174 260 104 175 261 117 176 262 105 177 263 111 178 264 113 179 265 101 178 266 100 171 267 114 180 268 102 181 269 108 174 270 121 182 271 109 183 272 105 177 273 118 184 274 106 185 275 152 186 276 139 187 277 140 188 278 142 189 279 129 190 280 130 191 281 139 187 282 126 116 283 127 192 284 146 193 285 133 194 286 134 112 287 143 195 288 130 196 289 131 197 290 140 188 291 127 192 292 128 135 293 147 198 294 134 199 295 135 200 296 136 201 297 125 132 298 124 202 299 144 203 300 131 197 301 132 204 302 141 205 303 128 206 304 129 190 305 137 207 306 135 200 307 125 124 308 138 208 309 124 202 310 126 209 311 145 210 312 132 120 313 133 194 314 152 211 315 156 212 316 149 213 317 159 214 318 146 215 319 147 198 320 148 216 321 137 217 322 136 201 323 156 218 324 143 195 325 144 203 326 153 219 327 140 220 328 141 205 329 149 221 330 147 198 331 137 207 332 150 222 333 136 201 334 138 208 335 157 223 336 144 224 337 145 210 338 154 225 339 141 205 340 142 189 341 151 226 342 138 227 343 139 187 344 158 228 345 145 210 346 146 193 347 155 229 348 142 230 349 143 195 350 161 231 351 170 232 352 166 233 353 175 234 354 162 235 355 163 236 356 182 237 357 169 238 358 170 239 359 179 240 360 166 241 361 167 241 362 176 242 363 163 236 364 164 242 365 183 243 366 170 239 367 171 243 368 172 244 369 161 245 370 160 246 371 180 247 372 167 248 373 168 249 374 177 250 375 164 251 376 165 252 377 173 253 378 171 254 379 161 254 380 174 255 381 160 246 382 162 256 383 181 257 384 168 249 385 169 258 386 178 259 387 165 252 388 166 260 389 199 261 390 212 262 391 200 262 392 189 263 393 202 264 394 190 265 395 186 266 396 199 261 397 187 267 398 193 268 399 206 269 400 194 269 401 190 270 402 203 271 403 191 272 404 187 267 405 200 262 406 188 262 407 194 273 408 207 128 409 195 128 410 185 274 411 196 275 412 184 276 413 191 272 414 204 277 415 192 278 416 188 279 417 201 280 418 189 263 419 195 281 420 197 282 421 185 274 422 184 276 423 198 283 424 186 284 425 192 285 426 205 286 427 193 268 428 209 287 429 218 288 430 214 289 431 206 128 432 219 290 433 207 128 434 197 282 435 208 291 436 196 275 437 203 271 438 216 292 439 204 277 440 200 293 441 213 294 442 201 280 443 207 295 444 209 296 445 197 282 446 196 275 447 210 297 448 198 283 449 204 298 450 217 299 451 205 286 452 201 280 453 214 300 454 202 264 455 198 266 456 211 301 457 199 261 458 205 286 459 218 302 460 206 269 461 202 303 462 215 304 463 203 271 464 226 29 465 228 29 466 221 29 467 222 305 468 235 306 469 223 307 470 229 308 471 242 309 472 230 310 473 226 311 474 239 312 475 227 312 476 223 307 477 236 313 478 224 314 479 230 310 480 243 315 481 231 316 482 221 317 483 232 318 484 220 319 485 227 320 486 240 321 487 228 322 488 224 323 489 237 324 490 225 325 491 231 326 492 233 327 493 221 317 494 220 319 495 234 328 496 222 329 497 228 322 498 241 330 499 229 331 500 225 325 501 238 332 502 226 311 503 272 333 504 259 334 505 260 335 506 262 336 507 249 337 508 250 338 509 259 334 510 246 339 511 247 340 512 266 341 513 253 342 514 254 341 515 263 343 516 250 338 517 251 344 518 260 335 519 247 340 520 248 335 521 267 345 522 254 346 523 255 347 524 256 348 525 245 349 526 244 350 527 264 351 528 251 352 529 252 353 530 261 354 531 248 355 532 249 337 533 257 356 534 255 347 535 245 357 536 258 358 537 244 350 538 246 359 539 265 360 540 252 361 541 253 342 542 274 287 543 276 288 544 269 289 545 279 362 546 266 283 547 267 345 548 268 363 549 257 364 550 256 348 551 276 365 552 263 215 553 264 351 554 273 366 555 260 367 556 261 354 557 269 368 558 267 345 559 257 356 560 270 358 561 256 348 562 258 358 563 277 369 564 264 370 565 265 360 566 274 371 567 261 354 568 262 336 569 271 372 570 258 339 571 259 334 572 278 373 573 265 360 574 266 341 575 275 374 576 262 336 577 263 343 578 281 29 579 290 29 580 286 29 581 295 375 582 282 376 583 283 377 584 302 378 585 289 379 586 290 380 587 299 381 588 286 382 589 287 383 590 296 384 591 283 377 592 284 384 593 303 385 594 290 380 595 291 386 596 292 387 597 281 388 598 280 389 599 300 390 600 287 391 601 288 392 602 297 393 603 284 394 604 285 395 605 293 396 606 291 397 607 281 388 608 294 398 609 280 389 610 282 399 611 301 400 612 288 392 613 289 401 614 298 402 615 285 395 616 286 382 617 319 403 618 332 404 619 320 405 620 309 406 621 322 407 622 310 408 623 306 409 624 319 403 625 307 410 626 313 411 627 326 412 628 314 413 629 310 408 630 323 414 631 311 415 632 307 410 633 320 405 634 308 416 635 314 413 636 327 417 637 315 418 638 305 290 639 316 419 640 304 420 641 311 421 642 324 422 643 312 423 644 308 92 645 321 92 646 309 92 647 315 424 648 317 425 649 305 290 650 304 66 651 318 66 652 306 66 653 312 423 654 325 426 655 313 427 656 332 64 657 330 64 658 338 428 659 326 412 660 339 429 661 327 417 662 317 425 663 328 430 664 316 419 665 323 431 666 336 432 667 324 422 668 320 92 669 333 92 670 321 92 671 327 433 672 329 434 673 317 425 674 316 66 675 330 66 676 318 66 677 324 422 678 337 435 679 325 426 680 321 406 681 334 436 682 322 407 683 318 437 684 331 438 685 319 403 686 325 439 687 338 440 688 326 412 689 322 407 690 335 441 691 323 414 692 346 442 693 348 443 694 341 444 695 342 445 696 355 446 697 343 447 698 349 448 699 362 449 700 350 450 701 346 451 702 359 452 703 347 453 704 343 454 705 356 455 706 344 456 707 350 450 708 363 457 709 351 458 710 341 459 711 352 281 712 340 460 713 347 453 714 360 461 715 348 462 716 344 456 717 357 463 718 345 464 719 351 458 720 353 465 721 341 252 722 340 460 723 354 466 724 342 445 725 348 462 726 361 467 727 349 468 728 345 464 729 358 469 730 346 470 731 392 471 732 379 472 733 380 473 734 382 279 735 369 474 736 370 475 737 379 472 738 366 476 739 367 175 740 386 477 741 373 478 742 374 479 743 383 480 744 370 475 745 371 481 746 380 473 747 367 175 748 368 247 749 387 482 750 374 479 751 375 483 752 376 484 753 365 485 754 364 486 755 384 487 756 371 488 757 372 489 758 381 83 759 368 83 760 369 83 761 377 490 762 375 491 763 365 485 764 378 98 765 364 98 766 366 98 767 385 492 768 372 489 769 373 493 770 396 494 771 398 495 772 389 496 773 399 497 774 386 477 775 387 482 776 388 498 777 377 490 778 376 484 779 396 499 780 383 500 781 384 487 782 393 83 783 380 83 784 381 83 785 389 501 786 387 502 787 377 490 788 390 98 789 376 98 790 378 98 791 397 503 792 384 487 793 385 492 794 394 504 795 381 505 796 382 279 797 391 506 798 378 507 799 379 472 800 398 508 801 385 319 802 386 477 803 395 509 804 382 279 805 383 480 806 401 510 807 410 511 808 406 512 809 415 513 810 402 514 811 403 177 812 422 515 813 409 318 814 410 466 815 419 516 816 406 517 817 407 518 818 416 519 819 403 520 820 404 461 821 423 521 822 410 466 823 411 522 824 412 523 825 401 524 826 400 525 827 420 526 828 407 518 829 408 527 830 417 528 831 404 461 832 405 529 833 413 530 834 411 522 835 401 531 836 414 450 837 400 525 838 402 514 839 421 532 840 408 527 841 409 533 842 418 534 843 405 529 844 406 535 845 452 536 846 439 537 847 440 538 848 442 539 849 429 540 850 430 541 851 439 537 852 426 542 853 427 543 854 446 544 855 433 545 856 434 546 857 443 547 858 430 541 859 431 548 860 440 538 861 427 543 862 428 486 863 447 549 864 434 546 865 435 550 866 436 551 867 425 140 868 424 552 869 444 553 870 431 554 871 432 555 872 441 98 873 428 98 874 429 98 875 437 556 876 435 557 877 425 140 878 438 66 879 424 66 880 426 66 881 445 558 882 432 555 883 433 559 884 456 560 885 458 561 886 449 562 887 459 563 888 446 544 889 447 549 890 448 564 891 437 556 892 436 551 893 456 565 894 443 566 895 444 553 896 453 98 897 440 98 898 441 98 899 449 567 900 447 568 901 437 556 902 450 66 903 436 66 904 438 66 905 457 569 906 444 553 907 445 558 908 454 570 909 441 507 910 442 539 911 451 315 912 438 571 913 439 537 914 458 572 915 445 573 916 446 544 917 455 574 918 442 539 919 443 547 920 461 575 921 470 576 922 466 577 923 475 578 924 462 579 925 463 580 926 482 581 927 469 582 928 470 583 929 479 462 930 466 467 931 467 461 932 476 458 933 463 465 934 464 584 935 483 585 936 470 583 937 471 455 938 472 586 939 461 587 940 460 588 941 480 453 942 467 461 943 468 452 944 477 589 945 464 584 946 465 590 947 473 454 948 471 455 949 461 244 950 474 591 951 460 588 952 462 579 953 481 451 954 468 452 955 469 592 956 478 593 957 465 590 958 466 594 959 499 595 960 512 596 961 500 597 962 489 598 963 502 599 964 490 600 965 486 601 966 499 595 967 487 602 968 493 603 969 506 604 970 494 605 971 490 600 972 503 606 973 491 607 974 487 602 975 500 597 976 488 239 977 494 605 978 507 608 979 495 609 980 485 610 981 496 611 982 484 416 983 491 612 984 504 613 985 492 614 986 488 83 987 501 83 988 489 83 989 495 615 990 497 616 991 485 610 992 484 92 993 498 92 994 486 92 995 492 614 996 505 617 997 493 618 998 512 619 999 510 620 1000 518 64 1001 506 604 1002 519 621 1003 507 608 1004 497 616 1005 508 622 1006 496 611 1007 503 623 1008 516 624 1009 504 613 1010 500 83 1011 513 83 1012 501 83 1013 507 625 1014 509 626 1015 497 616 1016 496 92 1017 510 92 1018 498 92 1019 504 613 1020 517 627 1021 505 617 1022 501 628 1023 514 277 1024 502 599 1025 498 629 1026 511 630 1027 499 595 1028 505 631 1029 518 632 1030 506 604 1031 502 599 1032 515 633 1033 503 606 1034 526 634 1035 528 635 1036 521 636 1037 522 516 1038 535 517 1039 523 170 1040 529 530 1041 542 522 1042 530 521 1043 526 637 1044 539 638 1045 527 639 1046 523 640 1047 536 641 1048 524 453 1049 530 521 1050 543 466 1051 531 515 1052 521 642 1053 532 643 1054 520 644 1055 527 639 1056 540 645 1057 528 646 1058 524 453 1059 537 647 1060 525 648 1061 531 515 1062 533 318 1063 521 649 1064 520 644 1065 534 650 1066 522 516 1067 528 646 1068 541 651 1069 529 652 1070 525 648 1071 538 653 1072 526 654 1073 546 98 1074 545 98 1075 544 98 1076 549 655 1077 552 656 1078 553 657 1079 544 29 1080 551 658 1081 546 29 1082 545 66 1083 549 655 1084 544 66 1085 547 64 1086 548 659 1087 545 64 1088 546 83 1089 550 660 1090 547 83 1091 554 661 1092 556 64 1093 552 662 1094 550 663 1095 552 662 1096 548 659 1097 551 664 1098 554 665 1099 550 660 1100 549 666 1101 555 667 1102 551 658 1103 556 92 1104 559 92 1105 557 92 1106 559 668 1107 561 669 1108 555 667 1109 553 670 1110 559 668 1111 555 667 1112 552 656 1113 557 66 1114 553 657 1115 561 83 1116 562 83 1117 560 83 1118 555 98 1119 560 98 1120 554 98 1121 554 661 1122 562 671 1123 558 672 1124 559 92 1125 562 92 1126 563 92 1127 579 673 1128 592 674 1129 580 675 1130 569 676 1131 582 677 1132 570 678 1133 566 679 1134 579 673 1135 567 680 1136 573 681 1137 586 682 1138 574 683 1139 570 678 1140 583 684 1141 571 685 1142 567 680 1143 580 675 1144 568 686 1145 574 687 1146 587 329 1147 575 688 1148 565 689 1149 576 690 1150 564 691 1151 571 685 1152 584 692 1153 572 543 1154 568 693 1155 581 694 1156 569 695 1157 575 696 1158 577 697 1159 565 689 1160 564 698 1161 578 475 1162 566 699 1163 572 700 1164 585 701 1165 573 681 1166 589 702 1167 598 703 1168 594 704 1169 586 705 1170 599 706 1171 587 329 1172 577 697 1173 588 707 1174 576 690 1175 583 684 1176 596 708 1177 584 692 1178 580 709 1179 593 710 1180 581 694 1181 587 711 1182 589 712 1183 577 697 1184 576 713 1185 590 714 1186 578 475 1187 584 715 1188 597 716 1189 585 701 1190 581 717 1191 594 718 1192 582 677 1193 578 719 1194 591 720 1195 579 673 1196 585 701 1197 598 721 1198 586 682 1199 582 677 1200 595 722 1201 583 684 1202 606 723 1203 608 29 1204 601 724 1205 602 725 1206 615 726 1207 603 727 1208 609 728 1209 622 729 1210 610 730 1211 606 731 1212 619 732 1213 607 733 1214 603 734 1215 616 735 1216 604 736 1217 610 730 1218 623 737 1219 611 738 1220 601 739 1221 612 739 1222 600 740 1223 607 733 1224 620 741 1225 608 742 1226 604 736 1227 617 743 1228 605 744 1229 611 738 1230 613 745 1231 601 746 1232 600 747 1233 614 748 1234 602 725 1235 608 742 1236 621 749 1237 609 750 1238 605 751 1239 618 751 1240 606 752 1241 639 753 1242 652 754 1243 640 755 1244 629 756 1245 642 757 1246 630 758 1247 626 759 1248 639 753 1249 627 760 1250 633 761 1251 646 762 1252 634 763 1253 630 758 1254 643 764 1255 631 765 1256 627 760 1257 640 755 1258 628 766 1259 634 410 1260 647 329 1261 635 410 1262 625 767 1263 636 768 1264 624 769 1265 631 770 1266 644 771 1267 632 772 1268 628 773 1269 641 774 1270 629 775 1271 635 776 1272 637 777 1273 625 767 1274 624 778 1275 638 779 1276 626 778 1277 632 780 1278 645 781 1279 633 761 1280 658 64 1281 654 782 1282 650 783 1283 646 784 1284 659 785 1285 647 329 1286 637 777 1287 648 786 1288 636 768 1289 643 787 1290 656 788 1291 644 771 1292 640 789 1293 653 790 1294 641 774 1295 647 791 1296 649 792 1297 637 777 1298 636 793 1299 650 794 1300 638 779 1301 644 795 1302 657 796 1303 645 781 1304 641 797 1305 654 798 1306 642 757 1307 638 799 1308 651 800 1309 639 753 1310 645 781 1311 658 801 1312 646 762 1313 642 757 1314 655 802 1315 643 764 1316 666 803 1317 668 804 1318 661 805 1319 662 806 1320 675 807 1321 663 808 1322 669 809 1323 682 810 1324 670 811 1325 666 812 1326 679 813 1327 667 814 1328 663 815 1329 676 816 1330 664 817 1331 670 811 1332 683 818 1333 671 819 1334 661 820 1335 672 821 1336 660 822 1337 667 814 1338 680 823 1339 668 824 1340 664 817 1341 677 825 1342 665 825 1343 671 819 1344 673 826 1345 661 820 1346 660 827 1347 674 828 1348 662 806 1349 668 824 1350 681 829 1351 669 830 1352 665 831 1353 678 831 1354 666 832 1355 20 0 1356 19 3 1357 2 1 1358 19 3 1359 21 5 1360 4 4 1361 21 5 1362 22 833 1363 6 6 1364 22 7 1365 23 10 1366 7 8 1367 23 10 1368 24 12 1369 8 11 1370 24 12 1371 25 834 1372 10 13 1373 25 14 1374 26 17 1375 11 15 1376 26 17 1377 27 19 1378 12 18 1379 27 19 1380 28 835 1381 14 20 1382 28 21 1383 29 24 1384 16 22 1385 29 24 1386 30 26 1387 17 25 1388 30 26 1389 20 836 1390 0 27 1391 17 30 1392 0 29 1393 2 29 1394 2 29 1395 4 29 1396 17 30 1397 4 29 1398 6 28 1399 17 30 1400 6 28 1401 7 837 1402 8 838 1403 8 838 1404 10 29 1405 11 29 1406 11 29 1407 12 29 1408 14 839 1409 14 839 1410 16 840 1411 17 30 1412 6 28 1413 8 838 1414 11 29 1415 11 29 1416 14 839 1417 17 30 1418 1 31 1419 3 35 1420 19 32 1421 5 34 1422 21 37 1423 19 32 1424 31 36 1425 22 39 1426 21 37 1427 31 36 1428 32 41 1429 23 38 1430 9 40 1431 24 43 1432 23 38 1433 33 42 1434 25 45 1435 24 43 1436 33 42 1437 34 47 1438 26 44 1439 13 46 1440 27 49 1441 26 44 1442 15 48 1443 28 51 1444 27 49 1445 15 48 1446 35 53 1447 29 50 1448 18 52 1449 30 54 1450 29 50 1451 1 31 1452 20 33 1453 30 54 1454 38 57 1455 36 58 1456 37 59 1457 37 59 1458 47 72 1459 46 55 1460 46 55 1461 45 64 1462 44 68 1463 44 68 1464 43 67 1465 42 56 1466 42 56 1467 41 65 1468 40 63 1469 40 63 1470 39 64 1471 38 57 1472 38 57 1473 37 59 1474 46 55 1475 46 55 1476 44 68 1477 42 56 1478 42 56 1479 40 63 1480 38 57 1481 36 58 1482 3 35 1483 1 31 1484 38 57 1485 5 34 1486 3 35 1487 45 60 1488 52 841 1489 53 61 1490 40 63 1491 32 41 1492 31 36 1493 41 65 1494 9 40 1495 32 41 1496 33 66 1497 58 66 1498 50 66 1499 43 67 1500 34 47 1501 33 42 1502 44 68 1503 13 46 1504 34 47 1505 41 69 1506 51 842 1507 59 70 1508 46 55 1509 35 53 1510 15 48 1511 47 72 1512 18 52 1513 35 53 1514 5 73 1515 57 843 1516 56 74 1517 49 64 1518 48 64 1519 56 64 1520 51 75 1521 50 844 1522 58 76 1523 53 64 1524 52 64 1525 60 64 1526 55 78 1527 54 845 1528 62 79 1529 18 81 1530 63 82 1531 62 81 1532 1 83 1533 62 83 1534 54 83 1535 39 84 1536 48 846 1537 49 85 1538 9 87 1539 59 88 1540 58 87 1541 44 89 1542 53 847 1543 61 90 1544 15 92 1545 60 92 1546 52 92 1547 37 93 1548 54 848 1549 55 94 1550 38 95 1551 49 849 1552 57 96 1553 31 98 1554 56 98 1555 48 98 1556 42 99 1557 50 850 1558 51 100 1559 13 101 1560 61 851 1561 60 102 1562 47 103 1563 55 852 1564 63 104 1565 79 106 1566 91 152 1567 92 107 1568 69 109 1569 81 130 1570 82 110 1571 66 112 1572 78 151 1573 79 106 1574 73 114 1575 85 136 1576 86 115 1577 70 117 1578 82 154 1579 83 118 1580 67 113 1581 79 106 1582 80 108 1583 74 121 1584 86 140 1585 87 122 1586 65 124 1587 77 142 1588 76 125 1589 71 119 1590 83 118 1591 84 127 1592 68 129 1593 80 145 1594 81 130 1595 75 123 1596 87 122 1597 77 131 1598 64 126 1599 76 125 1600 78 133 1601 72 135 1602 84 148 1603 85 136 1604 90 853 1605 88 64 1606 89 137 1607 89 137 1608 99 64 1609 98 138 1610 98 138 1611 97 854 1612 94 139 1613 97 854 1614 96 64 1615 94 139 1616 96 64 1617 95 64 1618 94 139 1619 94 139 1620 93 64 1621 92 64 1622 92 64 1623 91 855 1624 94 139 1625 91 855 1626 90 853 1627 94 139 1628 90 853 1629 89 137 1630 94 139 1631 86 140 1632 98 856 1633 99 141 1634 77 142 1635 89 857 1636 88 143 1637 83 118 1638 95 155 1639 96 144 1640 80 145 1641 92 858 1642 93 146 1643 87 122 1644 99 141 1645 89 99 1646 76 125 1647 88 143 1648 90 147 1649 84 148 1650 96 859 1651 97 149 1652 81 130 1653 93 146 1654 94 150 1655 78 151 1656 90 860 1657 91 152 1658 85 136 1659 97 149 1660 98 153 1661 82 154 1662 94 861 1663 95 155 1664 101 158 1665 100 862 1666 102 863 1667 102 863 1668 103 29 1669 101 158 1670 103 29 1671 104 864 1672 101 158 1673 104 864 1674 105 865 1675 106 156 1676 106 156 1677 107 866 1678 108 157 1679 108 157 1680 109 867 1681 101 158 1682 109 867 1683 110 868 1684 101 158 1685 110 868 1686 111 869 1687 101 158 1688 104 864 1689 106 156 1690 101 158 1691 102 159 1692 114 870 1693 115 160 1694 109 162 1695 121 871 1696 122 163 1697 106 165 1698 118 166 1699 119 166 1700 103 161 1701 115 160 1702 116 167 1703 110 164 1704 122 163 1705 123 168 1706 101 169 1707 113 872 1708 112 170 1709 107 172 1710 119 398 1711 120 173 1712 104 175 1713 116 873 1714 117 176 1715 111 178 1716 123 179 1717 113 179 1718 100 171 1719 112 170 1720 114 180 1721 108 174 1722 120 173 1723 121 182 1724 105 177 1725 117 176 1726 118 184 1727 152 186 1728 151 226 1729 139 187 1730 142 189 1731 141 205 1732 129 190 1733 139 187 1734 138 227 1735 126 116 1736 146 193 1737 145 210 1738 133 194 1739 143 195 1740 142 230 1741 130 196 1742 140 188 1743 139 187 1744 127 192 1745 147 198 1746 146 215 1747 134 199 1748 136 201 1749 137 217 1750 125 132 1751 144 203 1752 143 195 1753 131 197 1754 141 205 1755 140 220 1756 128 206 1757 137 207 1758 147 198 1759 135 200 1760 138 208 1761 136 201 1762 124 202 1763 145 210 1764 144 224 1765 132 120 1766 149 213 1767 148 874 1768 150 875 1769 150 875 1770 151 64 1771 149 213 1772 151 64 1773 152 211 1774 149 213 1775 152 211 1776 153 876 1777 154 877 1778 154 877 1779 155 878 1780 156 212 1781 156 212 1782 157 879 1783 149 213 1784 157 879 1785 158 880 1786 149 213 1787 158 880 1788 159 881 1789 149 213 1790 152 211 1791 154 877 1792 156 212 1793 159 214 1794 158 882 1795 146 215 1796 148 216 1797 149 883 1798 137 217 1799 156 218 1800 155 229 1801 143 195 1802 153 219 1803 152 884 1804 140 220 1805 149 221 1806 159 214 1807 147 198 1808 150 222 1809 148 216 1810 136 201 1811 157 223 1812 156 885 1813 144 224 1814 154 225 1815 153 219 1816 141 205 1817 151 226 1818 150 886 1819 138 227 1820 158 228 1821 157 223 1822 145 210 1823 155 229 1824 154 887 1825 142 230 1826 162 888 1827 160 889 1828 161 231 1829 161 231 1830 171 890 1831 170 232 1832 170 232 1833 169 891 1834 166 233 1835 169 891 1836 168 892 1837 166 233 1838 168 892 1839 167 893 1840 166 233 1841 166 233 1842 165 894 1843 164 895 1844 164 895 1845 163 29 1846 166 233 1847 163 29 1848 162 888 1849 166 233 1850 162 888 1851 161 231 1852 166 233 1853 175 234 1854 174 896 1855 162 235 1856 182 237 1857 181 897 1858 169 238 1859 179 240 1860 178 240 1861 166 241 1862 176 242 1863 175 234 1864 163 236 1865 183 243 1866 182 237 1867 170 239 1868 172 244 1869 173 898 1870 161 245 1871 180 247 1872 179 899 1873 167 248 1874 177 250 1875 176 900 1876 164 251 1877 173 253 1878 183 253 1879 171 254 1880 174 255 1881 172 244 1882 160 246 1883 181 257 1884 180 247 1885 168 249 1886 178 259 1887 177 250 1888 165 252 1889 199 261 1890 211 301 1891 212 262 1892 189 263 1893 201 280 1894 202 264 1895 186 266 1896 198 266 1897 199 261 1898 193 268 1899 205 286 1900 206 269 1901 190 270 1902 202 303 1903 203 271 1904 187 267 1905 199 261 1906 200 262 1907 194 273 1908 206 128 1909 207 128 1910 185 274 1911 197 282 1912 196 275 1913 191 272 1914 203 271 1915 204 277 1916 188 279 1917 200 293 1918 201 280 1919 195 281 1920 207 295 1921 197 282 1922 184 276 1923 196 275 1924 198 283 1925 192 285 1926 204 298 1927 205 286 1928 210 64 1929 208 64 1930 209 287 1931 209 287 1932 219 901 1933 218 288 1934 218 288 1935 217 64 1936 214 289 1937 217 64 1938 216 902 1939 214 289 1940 216 902 1941 215 903 1942 214 289 1943 214 289 1944 213 64 1945 212 64 1946 212 64 1947 211 64 1948 214 289 1949 211 64 1950 210 64 1951 214 289 1952 210 64 1953 209 287 1954 214 289 1955 206 128 1956 218 290 1957 219 290 1958 197 282 1959 209 296 1960 208 291 1961 203 271 1962 215 304 1963 216 292 1964 200 293 1965 212 904 1966 213 294 1967 207 295 1968 219 905 1969 209 296 1970 196 275 1971 208 291 1972 210 297 1973 204 298 1974 216 906 1975 217 299 1976 201 280 1977 213 294 1978 214 300 1979 198 266 1980 210 907 1981 211 301 1982 205 286 1983 217 299 1984 218 302 1985 202 303 1986 214 908 1987 215 304 1988 221 29 1989 220 29 1990 222 29 1991 222 29 1992 223 29 1993 221 29 1994 223 29 1995 224 29 1996 221 29 1997 224 29 1998 225 29 1999 226 29 2000 226 29 2001 227 29 2002 228 29 2003 228 29 2004 229 29 2005 221 29 2006 229 29 2007 230 29 2008 221 29 2009 230 29 2010 231 29 2011 221 29 2012 224 29 2013 226 29 2014 221 29 2015 222 305 2016 234 305 2017 235 306 2018 229 308 2019 241 909 2020 242 309 2021 226 311 2022 238 332 2023 239 312 2024 223 307 2025 235 306 2026 236 313 2027 230 310 2028 242 309 2029 243 315 2030 221 317 2031 233 327 2032 232 318 2033 227 320 2034 239 910 2035 240 321 2036 224 323 2037 236 911 2038 237 324 2039 231 326 2040 243 912 2041 233 327 2042 220 319 2043 232 318 2044 234 328 2045 228 322 2046 240 321 2047 241 330 2048 225 325 2049 237 324 2050 238 332 2051 272 333 2052 271 372 2053 259 334 2054 262 336 2055 261 354 2056 249 337 2057 259 334 2058 258 339 2059 246 339 2060 266 341 2061 265 360 2062 253 342 2063 263 343 2064 262 336 2065 250 338 2066 260 335 2067 259 334 2068 247 340 2069 267 345 2070 266 283 2071 254 346 2072 256 348 2073 257 364 2074 245 349 2075 264 351 2076 263 215 2077 251 352 2078 261 354 2079 260 367 2080 248 355 2081 257 356 2082 267 345 2083 255 347 2084 258 358 2085 256 348 2086 244 350 2087 265 360 2088 264 370 2089 252 361 2090 269 289 2091 268 64 2092 270 64 2093 270 64 2094 271 64 2095 269 289 2096 271 64 2097 272 64 2098 269 289 2099 272 64 2100 273 64 2101 274 287 2102 274 287 2103 275 901 2104 276 288 2105 276 288 2106 277 64 2107 269 289 2108 277 64 2109 278 902 2110 269 289 2111 278 902 2112 279 903 2113 269 289 2114 272 64 2115 274 287 2116 269 289 2117 279 362 2118 278 913 2119 266 283 2120 268 363 2121 269 914 2122 257 364 2123 276 365 2124 275 365 2125 263 215 2126 273 366 2127 272 292 2128 260 367 2129 269 368 2130 279 362 2131 267 345 2132 270 358 2133 268 363 2134 256 348 2135 277 369 2136 276 786 2137 264 370 2138 274 371 2139 273 366 2140 261 354 2141 271 372 2142 270 339 2143 258 339 2144 278 373 2145 277 369 2146 265 360 2147 275 374 2148 274 371 2149 262 336 2150 282 29 2151 280 29 2152 281 29 2153 281 29 2154 291 29 2155 290 29 2156 290 29 2157 289 29 2158 286 29 2159 289 29 2160 288 29 2161 286 29 2162 288 29 2163 287 29 2164 286 29 2165 286 29 2166 285 29 2167 284 29 2168 284 29 2169 283 29 2170 286 29 2171 283 29 2172 282 29 2173 286 29 2174 282 29 2175 281 29 2176 286 29 2177 295 375 2178 294 614 2179 282 376 2180 302 378 2181 301 915 2182 289 379 2183 299 381 2184 298 402 2185 286 382 2186 296 384 2187 295 375 2188 283 377 2189 303 385 2190 302 378 2191 290 380 2192 292 387 2193 293 396 2194 281 388 2195 300 390 2196 299 916 2197 287 391 2198 297 393 2199 296 917 2200 284 394 2201 293 396 2202 303 397 2203 291 397 2204 294 398 2205 292 387 2206 280 389 2207 301 400 2208 300 390 2209 288 392 2210 298 402 2211 297 393 2212 285 395 2213 319 403 2214 331 438 2215 332 404 2216 309 406 2217 321 406 2218 322 407 2219 306 409 2220 318 437 2221 319 403 2222 313 411 2223 325 439 2224 326 412 2225 310 408 2226 322 407 2227 323 414 2228 307 410 2229 319 403 2230 320 405 2231 314 413 2232 326 412 2233 327 417 2234 305 290 2235 317 425 2236 316 419 2237 311 421 2238 323 431 2239 324 422 2240 308 92 2241 320 92 2242 321 92 2243 315 424 2244 327 433 2245 317 425 2246 304 66 2247 316 66 2248 318 66 2249 312 423 2250 324 422 2251 325 426 2252 330 64 2253 328 64 2254 338 428 2255 328 64 2256 329 918 2257 338 428 2258 329 918 2259 339 919 2260 338 428 2261 338 428 2262 337 64 2263 336 920 2264 336 920 2265 335 64 2266 334 921 2267 334 921 2268 333 64 2269 332 64 2270 332 64 2271 331 64 2272 330 64 2273 338 428 2274 336 920 2275 334 921 2276 334 921 2277 332 64 2278 338 428 2279 326 412 2280 338 440 2281 339 429 2282 317 425 2283 329 434 2284 328 430 2285 323 431 2286 335 922 2287 336 432 2288 320 92 2289 332 92 2290 333 92 2291 327 433 2292 339 923 2293 329 434 2294 316 66 2295 328 66 2296 330 66 2297 324 422 2298 336 432 2299 337 435 2300 321 406 2301 333 924 2302 334 436 2303 318 437 2304 330 925 2305 331 438 2306 325 439 2307 337 90 2308 338 440 2309 322 407 2310 334 436 2311 335 441 2312 341 444 2313 340 29 2314 344 926 2315 340 29 2316 342 927 2317 344 926 2318 342 927 2319 343 928 2320 344 926 2321 344 926 2322 345 29 2323 346 442 2324 346 442 2325 347 929 2326 348 443 2327 348 443 2328 349 29 2329 341 444 2330 349 29 2331 350 29 2332 341 444 2333 350 29 2334 351 29 2335 341 444 2336 344 926 2337 346 442 2338 341 444 2339 342 445 2340 354 466 2341 355 446 2342 349 448 2343 361 593 2344 362 449 2345 346 451 2346 358 592 2347 359 452 2348 343 454 2349 355 930 2350 356 455 2351 350 450 2352 362 449 2353 363 457 2354 341 459 2355 353 931 2356 352 281 2357 347 453 2358 359 452 2359 360 461 2360 344 456 2361 356 455 2362 357 463 2363 351 458 2364 363 457 2365 353 465 2366 340 460 2367 352 281 2368 354 466 2369 348 462 2370 360 461 2371 361 467 2372 345 464 2373 357 463 2374 358 469 2375 392 471 2376 391 506 2377 379 472 2378 382 279 2379 381 505 2380 369 474 2381 379 472 2382 378 507 2383 366 476 2384 386 477 2385 385 319 2386 373 478 2387 383 480 2388 382 279 2389 370 475 2390 380 473 2391 379 472 2392 367 175 2393 387 482 2394 386 477 2395 374 479 2396 376 484 2397 377 490 2398 365 485 2399 384 487 2400 383 500 2401 371 488 2402 381 83 2403 380 83 2404 368 83 2405 377 490 2406 387 502 2407 375 491 2408 378 98 2409 376 98 2410 364 98 2411 385 492 2412 384 487 2413 372 489 2414 389 496 2415 388 64 2416 390 932 2417 390 932 2418 391 64 2419 392 933 2420 392 933 2421 393 934 2422 396 494 2423 393 934 2424 394 935 2425 396 494 2426 394 935 2427 395 936 2428 396 494 2429 396 494 2430 397 64 2431 398 495 2432 398 495 2433 399 937 2434 389 496 2435 389 496 2436 390 932 2437 396 494 2438 390 932 2439 392 933 2440 396 494 2441 399 497 2442 398 508 2443 386 477 2444 388 498 2445 389 501 2446 377 490 2447 396 499 2448 395 938 2449 383 500 2450 393 83 2451 392 83 2452 380 83 2453 389 501 2454 399 939 2455 387 502 2456 390 98 2457 388 98 2458 376 98 2459 397 503 2460 396 499 2461 384 487 2462 394 504 2463 393 940 2464 381 505 2465 391 506 2466 390 941 2467 378 507 2468 398 508 2469 397 942 2470 385 319 2471 395 509 2472 394 504 2473 382 279 2474 402 943 2475 400 29 2476 401 510 2477 401 510 2478 411 944 2479 410 511 2480 410 511 2481 409 29 2482 406 512 2483 409 29 2484 408 29 2485 406 512 2486 408 29 2487 407 29 2488 406 512 2489 406 512 2490 405 29 2491 402 943 2492 405 29 2493 404 945 2494 402 943 2495 404 945 2496 403 946 2497 402 943 2498 402 943 2499 401 510 2500 406 512 2501 415 513 2502 414 450 2503 402 514 2504 422 515 2505 421 649 2506 409 318 2507 419 516 2508 418 947 2509 406 517 2510 416 519 2511 415 948 2512 403 520 2513 423 521 2514 422 515 2515 410 466 2516 412 523 2517 413 949 2518 401 524 2519 420 526 2520 419 516 2521 407 518 2522 417 528 2523 416 519 2524 404 461 2525 413 530 2526 423 521 2527 411 522 2528 414 450 2529 412 523 2530 400 525 2531 421 532 2532 420 526 2533 408 527 2534 418 534 2535 417 528 2536 405 529 2537 452 536 2538 451 315 2539 439 537 2540 442 539 2541 441 507 2542 429 540 2543 439 537 2544 438 571 2545 426 542 2546 446 544 2547 445 573 2548 433 545 2549 443 547 2550 442 539 2551 430 541 2552 440 538 2553 439 537 2554 427 543 2555 447 549 2556 446 544 2557 434 546 2558 436 551 2559 437 556 2560 425 140 2561 444 553 2562 443 566 2563 431 554 2564 441 98 2565 440 98 2566 428 98 2567 437 556 2568 447 568 2569 435 557 2570 438 66 2571 436 66 2572 424 66 2573 445 558 2574 444 553 2575 432 555 2576 449 562 2577 448 950 2578 450 951 2579 450 951 2580 451 64 2581 452 952 2582 452 952 2583 453 64 2584 456 560 2585 453 64 2586 454 953 2587 456 560 2588 454 953 2589 455 954 2590 456 560 2591 456 560 2592 457 955 2593 458 561 2594 458 561 2595 459 64 2596 449 562 2597 449 562 2598 450 951 2599 456 560 2600 450 951 2601 452 952 2602 456 560 2603 459 563 2604 458 572 2605 446 544 2606 448 564 2607 449 567 2608 437 556 2609 456 565 2610 455 956 2611 443 566 2612 453 98 2613 452 98 2614 440 98 2615 449 567 2616 459 957 2617 447 568 2618 450 66 2619 448 66 2620 436 66 2621 457 569 2622 456 565 2623 444 553 2624 454 570 2625 453 958 2626 441 507 2627 451 315 2628 450 959 2629 438 571 2630 458 572 2631 457 960 2632 445 573 2633 455 574 2634 454 570 2635 442 539 2636 462 29 2637 460 29 2638 461 575 2639 461 575 2640 471 29 2641 470 576 2642 470 576 2643 469 961 2644 466 577 2645 469 961 2646 468 962 2647 466 577 2648 468 962 2649 467 929 2650 466 577 2651 466 577 2652 465 29 2653 462 29 2654 465 29 2655 464 29 2656 462 29 2657 464 29 2658 463 29 2659 462 29 2660 462 29 2661 461 575 2662 466 577 2663 475 578 2664 474 591 2665 462 579 2666 482 581 2667 481 469 2668 469 582 2669 479 462 2670 478 468 2671 466 467 2672 476 458 2673 475 963 2674 463 465 2675 483 585 2676 482 581 2677 470 583 2678 472 586 2679 473 964 2680 461 587 2681 480 453 2682 479 462 2683 467 461 2684 477 589 2685 476 458 2686 464 584 2687 473 454 2688 483 585 2689 471 455 2690 474 591 2691 472 586 2692 460 588 2693 481 451 2694 480 453 2695 468 452 2696 478 593 2697 477 589 2698 465 590 2699 499 595 2700 511 630 2701 512 596 2702 489 598 2703 501 628 2704 502 599 2705 486 601 2706 498 629 2707 499 595 2708 493 603 2709 505 631 2710 506 604 2711 490 600 2712 502 599 2713 503 606 2714 487 602 2715 499 595 2716 500 597 2717 494 605 2718 506 604 2719 507 608 2720 485 610 2721 497 616 2722 496 611 2723 491 612 2724 503 623 2725 504 613 2726 488 83 2727 500 83 2728 501 83 2729 495 615 2730 507 625 2731 497 616 2732 484 92 2733 496 92 2734 498 92 2735 492 614 2736 504 613 2737 505 617 2738 510 620 2739 508 64 2740 518 64 2741 508 64 2742 509 64 2743 518 64 2744 509 64 2745 519 64 2746 518 64 2747 518 64 2748 517 64 2749 516 64 2750 516 64 2751 515 64 2752 514 64 2753 514 64 2754 513 64 2755 512 619 2756 512 619 2757 511 965 2758 510 620 2759 518 64 2760 516 64 2761 514 64 2762 514 64 2763 512 619 2764 518 64 2765 506 604 2766 518 632 2767 519 621 2768 497 616 2769 509 626 2770 508 622 2771 503 623 2772 515 966 2773 516 624 2774 500 83 2775 512 83 2776 513 83 2777 507 625 2778 519 967 2779 509 626 2780 496 92 2781 508 92 2782 510 92 2783 504 613 2784 516 624 2785 517 627 2786 501 628 2787 513 968 2788 514 277 2789 498 629 2790 510 969 2791 511 630 2792 505 631 2793 517 970 2794 518 632 2795 502 599 2796 514 277 2797 515 633 2798 521 636 2799 520 971 2800 524 972 2801 520 971 2802 522 973 2803 524 972 2804 522 973 2805 523 974 2806 524 972 2807 524 972 2808 525 975 2809 526 634 2810 526 634 2811 527 29 2812 528 635 2813 528 635 2814 529 976 2815 521 636 2816 529 976 2817 530 977 2818 521 636 2819 530 977 2820 531 944 2821 521 636 2822 524 972 2823 526 634 2824 521 636 2825 522 516 2826 534 650 2827 535 517 2828 529 530 2829 541 531 2830 542 522 2831 526 637 2832 538 978 2833 539 638 2834 523 640 2835 535 979 2836 536 641 2837 530 521 2838 542 522 2839 543 466 2840 521 642 2841 533 980 2842 532 643 2843 527 639 2844 539 638 2845 540 645 2846 524 453 2847 536 641 2848 537 647 2849 531 515 2850 543 466 2851 533 318 2852 520 644 2853 532 643 2854 534 650 2855 528 646 2856 540 645 2857 541 651 2858 525 648 2859 537 647 2860 538 653 2861 546 98 2862 547 98 2863 545 98 2864 549 655 2865 548 66 2866 552 656 2867 544 29 2868 549 666 2869 551 658 2870 545 66 2871 548 66 2872 549 655 2873 547 64 2874 550 663 2875 548 659 2876 546 83 2877 551 664 2878 550 660 2879 554 661 2880 558 672 2881 556 64 2882 550 663 2883 554 661 2884 552 662 2885 551 664 2886 555 981 2887 554 665 2888 549 666 2889 553 670 2890 555 667 2891 556 92 2892 558 92 2893 559 92 2894 559 668 2895 563 982 2896 561 669 2897 553 670 2898 557 29 2899 559 668 2900 552 656 2901 556 66 2902 557 66 2903 561 83 2904 563 83 2905 562 83 2906 555 98 2907 561 98 2908 560 98 2909 554 661 2910 560 983 2911 562 671 2912 559 92 2913 558 92 2914 562 92 2915 579 673 2916 591 720 2917 592 674 2918 569 676 2919 581 717 2920 582 677 2921 566 679 2922 578 719 2923 579 673 2924 573 681 2925 585 701 2926 586 682 2927 570 678 2928 582 677 2929 583 684 2930 567 680 2931 579 673 2932 580 675 2933 574 687 2934 586 705 2935 587 329 2936 565 689 2937 577 697 2938 576 690 2939 571 685 2940 583 684 2941 584 692 2942 568 693 2943 580 709 2944 581 694 2945 575 696 2946 587 711 2947 577 697 2948 564 698 2949 576 713 2950 578 475 2951 572 700 2952 584 715 2953 585 701 2954 590 984 2955 588 985 2956 589 702 2957 589 702 2958 599 986 2959 598 703 2960 598 703 2961 597 987 2962 594 704 2963 597 987 2964 596 988 2965 594 704 2966 596 988 2967 595 64 2968 594 704 2969 594 704 2970 593 64 2971 592 989 2972 592 989 2973 591 990 2974 594 704 2975 591 990 2976 590 984 2977 594 704 2978 590 984 2979 589 702 2980 594 704 2981 586 705 2982 598 991 2983 599 706 2984 577 697 2985 589 712 2986 588 707 2987 583 684 2988 595 722 2989 596 708 2990 580 709 2991 592 992 2992 593 710 2993 587 711 2994 599 993 2995 589 712 2996 576 713 2997 588 994 2998 590 714 2999 584 715 3000 596 995 3001 597 716 3002 581 717 3003 593 996 3004 594 718 3005 578 719 3006 590 997 3007 591 720 3008 585 701 3009 597 716 3010 598 721 3011 582 677 3012 594 718 3013 595 722 3014 601 724 3015 600 29 3016 602 29 3017 602 29 3018 603 29 3019 601 724 3020 603 29 3021 604 998 3022 601 724 3023 604 998 3024 605 999 3025 606 723 3026 606 723 3027 607 29 3028 608 29 3029 608 29 3030 609 29 3031 601 724 3032 609 29 3033 610 1000 3034 601 724 3035 610 1000 3036 611 1001 3037 601 724 3038 604 998 3039 606 723 3040 601 724 3041 602 725 3042 614 748 3043 615 726 3044 609 728 3045 621 1002 3046 622 729 3047 606 731 3048 618 1003 3049 619 732 3050 603 734 3051 615 1004 3052 616 735 3053 610 730 3054 622 729 3055 623 737 3056 601 739 3057 613 740 3058 612 739 3059 607 733 3060 619 732 3061 620 741 3062 604 736 3063 616 735 3064 617 743 3065 611 738 3066 623 737 3067 613 745 3068 600 747 3069 612 1005 3070 614 748 3071 608 742 3072 620 741 3073 621 749 3074 605 751 3075 617 752 3076 618 751 3077 639 753 3078 651 800 3079 652 754 3080 629 756 3081 641 797 3082 642 757 3083 626 759 3084 638 799 3085 639 753 3086 633 761 3087 645 781 3088 646 762 3089 630 758 3090 642 757 3091 643 764 3092 627 760 3093 639 753 3094 640 755 3095 634 410 3096 646 784 3097 647 329 3098 625 767 3099 637 777 3100 636 768 3101 631 770 3102 643 787 3103 644 771 3104 628 773 3105 640 789 3106 641 774 3107 635 776 3108 647 791 3109 637 777 3110 624 778 3111 636 793 3112 638 779 3113 632 780 3114 644 795 3115 645 781 3116 650 783 3117 648 1006 3118 649 1007 3119 649 1007 3120 659 1008 3121 650 783 3122 659 1008 3123 658 64 3124 650 783 3125 658 64 3126 657 64 3127 654 782 3128 657 64 3129 656 1009 3130 654 782 3131 656 1009 3132 655 1010 3133 654 782 3134 654 782 3135 653 1006 3136 652 1011 3137 652 1011 3138 651 1012 3139 654 782 3140 651 1012 3141 650 783 3142 654 782 3143 646 784 3144 658 785 3145 659 785 3146 637 777 3147 649 792 3148 648 786 3149 643 787 3150 655 1013 3151 656 788 3152 640 789 3153 652 1014 3154 653 790 3155 647 791 3156 659 1015 3157 649 792 3158 636 793 3159 648 794 3160 650 794 3161 644 795 3162 656 1016 3163 657 796 3164 641 797 3165 653 1017 3166 654 798 3167 638 799 3168 650 1018 3169 651 800 3170 645 781 3171 657 796 3172 658 801 3173 642 757 3174 654 798 3175 655 802 3176 661 805 3177 660 29 3178 662 1019 3179 662 1019 3180 663 1020 3181 661 805 3182 663 1020 3183 664 1021 3184 661 805 3185 664 1021 3186 665 1022 3187 666 803 3188 666 803 3189 667 29 3190 668 804 3191 668 804 3192 669 1023 3193 661 805 3194 669 1023 3195 670 1024 3196 661 805 3197 670 1024 3198 671 1025 3199 661 805 3200 664 1021 3201 666 803 3202 661 805 3203 662 806 3204 674 828 3205 675 807 3206 669 809 3207 681 1026 3208 682 810 3209 666 812 3210 678 1027 3211 679 813 3212 663 815 3213 675 1028 3214 676 816 3215 670 811 3216 682 810 3217 683 818 3218 661 820 3219 673 826 3220 672 821 3221 667 814 3222 679 813 3223 680 823 3224 664 817 3225 676 816 3226 677 825 3227 671 819 3228 683 818 3229 673 826 3230 660 827 3231 672 827 3232 674 828 3233 668 824 3234 680 823 3235 681 829 3236 665 831 3237 677 832 3238 678 831 3239</p>
        </triangles>
      </mesh>
    </geometry>
  </library_geometries>
  <library_visual_scenes>
    <visual_scene id="Scene" name="Scene">
      <node id="aero" name="aero" type="NODE">
        <matrix sid="transform">1 0 0 0 0 1 0 0 0 0 1 0 0 0 0 1</matrix>
        <instance_geometry url="#Cylinder-mesh" name="aero">
          <bind_material>
            <technique_common>
              <instance_material symbol="Material_002-material" target="#Material_002-material">
                <bind_vertex_input semantic="Cylinder-mesh-map-0" input_semantic="TEXCOORD" input_set="0"/>
              </instance_material>
            </technique_common>
          </bind_material>
        </instance_geometry>
      </node>
    </visual_scene>
  </library_visual_scenes>
  <scene>
    <instance_visual_scene url="#Scene"/>
  </scene>
</COLLADA>