<?xml version="1.0" encoding="utf-8"?>
<COLLADA xmlns="http://www.collada.org/2005/11/COLLADASchema" version="1.4.1" xmlns:xsi="http://www.w3.org/2001/XMLSchema-instance">
  <asset>
    <contributor>
      <author>Blender User</author>
      <authoring_tool>Blender 4.3.1 commit date:2024-12-10, commit time:07:46, hash:33d812126174</authoring_tool>
    </contributor>
    <created>2026-08-29T18:29:48</created>
    <modified>2026-08-29T18:29:48</modified>
    <unit name="meter" meter="1"/>
    <up_axis>Z_UP</up_axis>
  </asset>
  <library_effects>
    <effect id="Material_003-effect">
      <profile_COMMON>
        <newparam sid="mcc_struct_png_001-surface">
          <surface type="2D">
            <init_from>mcc_struct_png_001</init_from>
          </surface>
        </newparam>
        <newparam sid="mcc_struct_png_001-sampler">
          <sampler2D>
            <source>mcc_struct_png_001-surface</source>
          </sampler2D>
        </newparam>
        <technique sid="common">
          <lambert>
            <emission>
              <color sid="emission">0 0 0 1</color>
            </emission>
            <diffuse>
              <texture texture="mcc_struct_png_001-sampler" texcoord="Cubo_007-mesh-map-0"/>
            </diffuse>
            <index_of_refraction>
              <float sid="ior">1.5</float>
            </index_of_refraction>
          </lambert>
        </technique>
      </profile_COMMON>
    </effect>
  </library_effects>
  <library_images>
    <image id="mcc_struct_png_001" name="mcc_struct_png_001">
      <init_from>/home/welton/snap/0ad/735/.local/share/0ad/mods/mars_wars/art/textures/skins/structural/mcc_struct.png</init_from>
    </image>
  </library_images>
  <library_materials>
    <material id="Material_003-material" name="Material.003">
      <instance_effect url="#Material_003-effect"/>
    </material>
  </library_materials>
  <library_geometries>
    <geometry id="Cubo_007-mesh" name="Cubo.007">
      <mesh>
        <source id="Cubo_007-mesh-positions">
          <float_array id="Cubo_007-mesh-positions-array" count="2040">-8.973129 3.611897 2.159668 9.553112 3.611898 2.159668 9.553112 -7.937838 9.216139 8.80982 -8.509253 9.216139 -8.22984 -8.509257 9.216139 -8.973129 -7.937838 9.216139 9.553112 10.16163 2.159668 8.80982 10.73305 2.159668 -8.22984 10.73305 2.159668 -8.973129 10.16163 2.159668 0.2899907 -12.26625 9.567257 0.2899907 -12.26625 7.373091 9.597434 -12.26625 7.373091 -9.01745 -12.26625 7.373091 0.2899906 -10.23947 9.567257 0.2899906 -10.23947 7.373091 9.597434 -10.23947 7.373091 -9.01745 -10.23947 7.373091 5.305192 -12.26625 7.373091 8.921695 -12.26625 7.373091 5.305192 -10.23947 7.373091 8.921695 -10.23947 7.373091 8.921695 -12.26625 -2.860227 5.305192 -12.26625 -2.860227 5.305192 -10.23947 -2.860227 8.921695 -10.23947 -2.860227 -8.341717 -12.26625 7.373091 -4.725218 -12.26625 7.373091 -8.341717 -10.23947 7.373091 -4.725218 -10.23947 7.373091 -4.725218 -12.26625 -2.860227 -8.341717 -12.26625 -2.860227 -8.341717 -10.23947 -2.860227 -4.725218 -10.23947 -2.860227 6.958649 -12.26625 9.567257 -6.378665 -12.26625 9.567257 6.958649 -10.23947 9.567257 -6.378665 -10.23947 9.567257 7.222337 -12.26625 9.439726 9.597434 -12.26625 7.373091 -9.01745 -12.26625 7.373091 -6.642353 -12.26625 9.439726 9.597434 -10.23947 7.373091 7.222337 -10.23947 9.439726 -6.642353 -10.23947 9.439726 -9.01745 -10.23947 7.373091 -9.58325 -18.55231 -3.052589 -9.58325 -18.55231 -6.149159 10.16323 -18.55231 -3.052589 10.16323 -18.55231 -6.149159 0.2899895 -18.55231 -3.052589 0.2899895 -18.55231 -6.149159 -9.58325 -14.57864 0.2716971 -9.58325 -14.57864 -6.149159 10.16323 -14.57864 0.2716971 10.16323 -14.57864 -6.149159 0.2899895 -14.57864 0.2716971 -9.58325 -8.414484 0.2716971 -9.58325 -8.414484 -6.149159 10.16323 -8.414484 0.2716971 10.16323 -8.414484 -6.149159 0.2899895 -8.414484 0.2716971 0.2899901 -10.3881 -5.004108 0.2899901 -10.59156 9.987024 0.28999 -8.509257 10.19235 0.28999 -8.509257 9.216139 0.2899894 12.6119 -12.06058 0.2899894 12.6119 3.135874 0.2899894 10.73305 3.135874 0.2899894 10.73305 2.159668 0.2899894 12.6119 -4.716578 11.28999 3.611898 -12.06058 11.28999 3.611898 3.135874 9.617974 -10.3881 -5.004108 11.28999 -8.716082 -5.004108 9.411146 -7.937838 10.19235 8.83973 -8.509257 10.19235 9.617974 -10.3881 10.19235 11.28999 -8.716082 10.19235 9.411146 3.611898 3.135874 9.411146 3.611898 2.159668 8.83973 -8.509257 9.216139 9.411146 -7.937838 9.216139 11.28999 3.611898 -4.716578 11.28999 -8.716082 2.339892 9.617974 -10.3881 2.339892 2.289984 -10.3881 -5.004108 2.289984 -10.3881 10.19235 2.289984 -8.509257 10.19235 2.289984 -8.509257 9.216139 2.289984 -10.3881 2.339892 2.289984 -10.3881 -5.004108 2.289984 -10.3881 10.19235 2.289984 -8.509257 10.19235 2.289984 -8.509257 9.216139 2.289984 -10.3881 2.339892 9.617974 -10.3881 10.27449 9.70241 -9.963604 10.46686 10.86549 -8.80052 10.46686 11.28999 -8.716082 10.27449 9.123371 -8.565674 10.46686 8.83973 -8.509257 10.27449 9.411146 -7.937838 10.27449 9.467564 -8.22148 10.46686 9.617974 12.6119 -12.06058 11.28999 10.93988 -12.06058 9.411146 10.16163 3.135874 8.83973 10.73305 3.135874 9.617974 12.6119 3.135874 11.28999 10.93988 3.135874 8.83973 10.73305 2.159668 9.411146 10.16163 2.159668 11.28999 10.93988 -4.716578 9.617974 12.6119 -4.716578 2.289984 12.6119 -12.06058 2.289984 12.6119 3.135874 2.289984 10.73305 3.135874 2.289984 10.73305 2.159668 2.289984 12.6119 -4.716578 2.289984 12.6119 -12.06058 2.289984 12.6119 3.135874 2.289984 10.73305 3.135874 2.289984 10.73305 2.159668 2.289984 12.6119 -4.716578 9.617974 12.6119 3.218022 9.70241 12.1874 3.410392 10.86549 11.02432 3.410392 11.28999 10.93988 3.218022 9.123371 10.78947 3.410392 8.83973 10.73305 3.218022 9.411146 10.16163 3.218022 9.467564 10.44528 3.410392 9.617974 -10.3881 8.963683 11.28999 3.611898 1.90721 11.28999 -8.716082 8.963683 2.289984 -10.3881 8.963683 9.617974 12.6119 1.90721 11.28999 10.93988 1.90721 2.289984 12.6119 1.90721 0.2899901 -10.3881 8.949494 2.289984 -10.3881 8.949494 0.2899894 12.6119 1.958008 2.289984 12.6119 1.958008 0.2899901 -10.05319 8.949494 2.289984 -10.05319 8.949494 2.289984 -10.05319 2.339892 -10.71001 3.611897 -12.06058 -10.71001 3.611897 3.135874 -9.037991 -10.3881 -5.004108 -10.71001 -8.716084 -5.004108 -8.831165 -7.937839 10.19235 -8.259747 -8.509257 10.19235 -9.037991 -10.3881 10.19235 -10.71001 -8.716084 10.19235 -8.831165 3.611897 3.135874 -8.831165 3.611897 2.159668 -8.259747 -8.509257 9.216139 -8.831165 -7.937839 9.216139 -10.71001 3.611897 -4.716578 -10.71001 -8.716084 2.339892 -9.037991 -10.3881 2.339892 -1.710004 -10.3881 -5.004108 -1.710004 -10.3881 10.19235 -1.710004 -8.509257 10.19235 -1.710004 -8.509257 9.216139 -1.710004 -10.3881 2.339892 -1.710004 -10.3881 -5.004108 -1.710004 -10.3881 10.19235 -1.710004 -8.509257 10.19235 -1.710004 -8.509257 9.216139 -1.710004 -10.3881 2.339892 -9.037991 -10.3881 10.27449 -9.122429 -9.963604 10.46686 -10.28551 -8.800522 10.46686 -10.71001 -8.716084 10.27449 -8.54339 -8.565676 10.46686 -8.259747 -8.509257 10.27449 -8.831165 -7.937839 10.27449 -8.887583 -8.221484 10.46686 -9.037991 12.6119 -12.06058 -10.71001 10.93988 -12.06058 -8.831165 10.16163 3.135874 -8.259747 10.73305 3.135874 -9.037991 12.6119 3.135874 -10.71001 10.93988 3.135874 -8.259747 10.73305 2.159668 -8.831165 10.16163 2.159668 -10.71001 10.93988 -4.716578 -9.037991 12.6119 -4.716578 -1.710005 12.6119 -12.06058 -1.710005 12.6119 3.135874 -1.710005 10.73305 3.135874 -1.710005 10.73305 2.159668 -1.710005 12.6119 -4.716578 -1.710005 12.6119 -12.06058 -1.710005 12.6119 3.135874 -1.710005 10.73305 3.135874 -1.710005 10.73305 2.159668 -1.710005 12.6119 -4.716578 -9.037991 12.6119 3.218022 -9.122429 12.1874 3.410392 -10.28551 11.02432 3.410392 -10.71001 10.93988 3.218022 -8.54339 10.78947 3.410392 -8.259747 10.73305 3.218022 -8.831165 10.16163 3.218022 -8.887583 10.44528 3.410392 -9.037991 -10.3881 8.963683 -10.71001 3.611897 1.90721 -10.71001 -8.716084 8.963683 -1.710004 -10.3881 8.963683 -9.037991 12.6119 1.90721 -10.71001 10.93988 1.90721 -1.710005 12.6119 1.90721 -1.710004 -10.3881 8.949494 -1.710005 12.6119 1.958008 -1.710004 -10.05319 8.949494 -1.710004 -10.05319 2.339892 0.2899901 -10.01443 -5.004108 2.289984 -10.01443 2.339892 2.289984 -10.01443 -5.004108 -1.710004 -10.01443 2.339892 -1.710004 -10.01443 -5.004108 0.2899901 -10.3881 7.79598 2.289984 -10.3881 7.79598 -1.710004 -10.3881 7.79598 -5.753999 -12.48017 0.1234302 -8.37819 -12.48017 0.1234302 -5.753999 -12.48017 3.367178 -8.37819 -12.48017 3.367178 -8.37819 -12.19194 3.367178 -8.37819 -12.19194 0.1234302 -5.753999 -12.19194 0.1234302 -5.753999 -12.19194 3.367178 -11.1595 -7.712386 2.053996 -11.1595 -5.758936 2.053996 -11.1595 -7.712386 5.355645 -11.1595 -5.758936 5.355645 -10.26587 -5.758936 5.355645 -10.26587 -5.758936 2.053996 -10.26587 -7.712386 2.053996 -10.26587 -7.712386 5.355645 11.47518 -4.573495 1.350722 11.47518 -6.526946 1.350722 11.47518 -4.573495 4.652373 11.47518 -6.526946 4.652373 10.58155 -6.526946 4.652373 10.58155 -6.526946 1.350722 10.58155 -4.573495 1.350722 10.58155 -4.573495 4.652373 -7.554089 -5.006636 6.631339 -4.699303 -5.006635 6.631337 -4.699303 -7.789169 8.421028 -4.81384 -8.031925 8.577162 -7.439553 -8.031925 8.577162 -7.554089 -7.789169 8.421028 -7.455901 -4.585083 7.286752 -4.797492 -4.585082 7.286752 -4.797492 -7.176208 8.95333 -4.90415 -7.402265 9.098728 -7.349243 -7.402265 9.098728 -7.455901 -7.176208 8.95333 -6.126696 -8.031925 8.577162 -6.126696 -7.402265 9.098728 -4.699303 -6.397903 7.526181 -4.797492 -5.880646 8.120039 -4.699303 -2.224102 4.841649 -4.81384 -1.981347 4.685513 -7.439553 -1.981347 4.685513 -7.554089 -2.224102 4.841649 -4.797492 -1.993955 5.620173 -4.90415 -1.767899 5.474777 -7.349243 -1.767899 5.474777 -7.455901 -1.993955 5.620173 -6.126697 -1.981347 4.685513 -6.126697 -1.767899 5.474777 -4.699303 -3.615368 5.736494 -4.797492 -3.289519 6.453462 5.44591 -5.006636 6.631339 8.3007 -5.006635 6.631337 8.3007 -7.789169 8.421028 8.186161 -8.031925 8.577162 5.560447 -8.031925 8.577162 5.44591 -7.789169 8.421028 5.544099 -4.585083 7.286752 8.202508 -4.585082 7.286752 8.202508 -7.176208 8.95333 8.09585 -7.402265 9.098728 5.650757 -7.402265 9.098728 5.544099 -7.176208 8.95333 6.873304 -8.031925 8.577162 6.873304 -7.402265 9.098728 8.3007 -6.397903 7.526181 8.202508 -5.880646 8.120039 8.3007 -2.224102 4.841649 8.186161 -1.981347 4.685513 5.560447 -1.981347 4.685513 5.44591 -2.224102 4.841649 8.202508 -1.993955 5.620173 8.09585 -1.767899 5.474777 5.650757 -1.767899 5.474777 5.544099 -1.993955 5.620173 6.873303 -1.981347 4.685513 6.873303 -1.767899 5.474777 8.3007 -3.615368 5.736494 8.202508 -3.289519 6.453462 8.806352 -12.49728 1.382764 6.550385 -12.49728 1.382764 8.806352 -12.37906 2.942082 6.550385 -12.37906 2.942082 6.550385 -12.12509 2.942082 6.550385 -12.12509 1.382764 8.806352 -12.12509 1.382764 8.806352 -12.12509 2.942082 6.550385 -12.37906 1.811609 8.806352 -12.37906 1.811609 6.550385 -12.12509 1.811609 8.806352 -12.12509 1.811609 14.03097 -6.656112 5.75752 14.53604 -6.758625 5.75752 14.74525 -7.006113 5.75752 14.53604 -7.253601 5.75752 14.03097 -7.356112 5.75752 13.52589 -7.253601 5.75752 13.31668 -7.006113 5.75752 13.52589 -6.758625 5.75752 12.38875 -6.656112 6.757522 12.38875 -6.758625 6.403966 12.38875 -7.006113 6.257522 12.38875 -7.253601 6.403966 12.38875 -7.356112 6.757522 12.38875 -7.253601 7.111073 12.38875 -7.006113 7.257522 12.38875 -6.758625 7.111073 13.63437 -6.758625 7.055657 14.36975 -6.758625 6.639213 14.55287 -7.006113 6.710036 13.70682 -7.006113 7.19304 14.36975 -7.253601 6.639213 13.63437 -7.253601 7.055657 13.92767 -7.356112 6.468228 13.45944 -7.356112 6.723985 13.48558 -7.253601 6.297242 13.28451 -7.253601 6.392314 13.30247 -7.006113 6.226417 13.21205 -7.006113 6.254931 13.48558 -6.758625 6.297242 13.28451 -6.758625 6.392314 13.92767 -6.656112 6.468228 13.45944 -6.656112 6.723985 14.03097 -6.656112 -6.511996 14.53604 -6.758625 -6.511996 14.74525 -7.006113 -6.511996 14.53604 -7.253601 -6.511996 14.03097 -7.356112 -6.511996 13.52589 -7.253601 -6.511996 13.31668 -7.006113 -6.511996 13.52589 -6.758625 -6.511996 8.277186 -6.656112 6.757522 8.277186 -6.758625 6.403966 8.277186 -7.006113 6.257522 8.277186 -7.253601 6.403966 8.277186 -7.356112 6.757522 8.277186 -7.253601 7.111073 8.277186 -7.006113 7.257522 8.277186 -6.758625 7.111073 14.03097 -7.637616 5.75752 14.53604 -7.740128 5.75752 14.74525 -7.987616 5.75752 14.53604 -8.235104 5.75752 14.03097 -8.337616 5.75752 13.52589 -8.235104 5.75752 13.31668 -7.987616 5.75752 13.52589 -7.740128 5.75752 12.38875 -7.637616 6.757522 12.38875 -7.740128 6.403966 12.38875 -7.987616 6.257522 12.38875 -8.235104 6.403966 12.38875 -8.337616 6.757522 12.38875 -8.235104 7.111073 12.38875 -7.987616 7.257522 12.38875 -7.740128 7.111073 13.63437 -7.740128 7.055657 14.36975 -7.740128 6.639213 14.55287 -7.987616 6.710036 13.70682 -7.987616 7.19304 14.36975 -8.235104 6.639213 13.63437 -8.235104 7.055657 13.92767 -8.337616 6.468228 13.45944 -8.337616 6.723985 13.48558 -8.235104 6.297242 13.28451 -8.235104 6.392314 13.30247 -7.987616 6.226417 13.21205 -7.987616 6.254931 13.48558 -7.740128 6.297242 13.28451 -7.740128 6.392314 13.92767 -7.637616 6.468228 13.45944 -7.637616 6.723985 14.03097 -7.637616 -6.511996 14.53604 -7.740128 -6.511996 14.74525 -7.987616 -6.511996 14.53604 -8.235104 -6.511996 14.03097 -8.337616 -6.511996 13.52589 -8.235104 -6.511996 13.31668 -7.987616 -6.511996 13.52589 -7.740128 -6.511996 8.277186 -7.637616 6.757522 8.277186 -7.740128 6.403966 8.277186 -7.987616 6.257522 8.277186 -8.235104 6.403966 8.277186 -8.337616 6.757522 8.277186 -8.235104 7.111073 8.277186 -7.987616 7.257522 8.277186 -7.740128 7.111073 13.58118 -8.839468 4.672132 13.91737 -8.907703 4.672132 14.05662 -9.072437 4.672132 13.91737 -9.237171 4.672132 13.58118 -9.305405 4.672132 13.24499 -9.237171 4.672132 13.10574 -9.072437 4.672132 13.24499 -8.907703 4.672132 12.48808 -8.839468 5.337754 12.48808 -8.907703 5.10242 12.48808 -9.072437 5.004943 12.48808 -9.237171 5.10242 12.48808 -9.305405 5.337754 12.48808 -9.237171 5.573087 12.48808 -9.072437 5.670566 12.48808 -8.907703 5.573087 13.31719 -8.907703 5.536201 13.80668 -8.907703 5.259006 13.92857 -9.072437 5.306148 13.36542 -9.072437 5.627646 13.80668 -9.237171 5.259006 13.31719 -9.237171 5.536201 13.51242 -9.305405 5.145194 13.20075 -9.305405 5.315433 13.21817 -9.237171 5.031383 13.08432 -9.237171 5.094663 13.09628 -9.072437 4.984241 13.0361 -9.072437 5.003219 13.21817 -8.907703 5.031383 13.08432 -8.907703 5.094663 13.51242 -8.839468 5.145194 13.20075 -8.839468 5.315433 13.58118 -8.839468 -6.49724 13.91737 -8.907703 -6.49724 14.05662 -9.072437 -6.49724 13.91737 -9.237171 -6.49724 13.58118 -9.305405 -6.49724 13.24499 -9.237171 -6.49724 13.10574 -9.072437 -6.49724 13.24499 -8.907703 -6.49724 9.751338 -8.839468 5.337754 9.751338 -8.907703 5.10242 9.751338 -9.072437 5.004943 9.751338 -9.237171 5.10242 9.751338 -9.305403 5.337754 9.751338 -9.237171 5.573087 9.751338 -9.072437 5.670566 9.751338 -8.907703 5.573087 -0.3125267 -2.413817 6.68259 -0.3125267 -1.400322 6.030725 0.8925067 -2.413817 6.68259 0.8925067 -1.400322 6.030725 -0.6640402 -3.344091 5.886045 -0.6640402 -1.739312 4.853874 1.24402 -1.739312 4.853874 1.24402 -3.344091 5.886045 0.2899889 -3.526191 5.869602 0.2899898 -6.636173 7.894741 -3.018405 -6.636173 7.894741 -3.307038 -6.511396 7.81349 -3.307038 -3.650967 5.950852 -3.018405 -3.526191 5.869602 0.2899889 -3.207922 6.592284 0.2899898 -6.103971 8.478116 -2.790824 -6.103971 8.478116 -3.059602 -5.987778 8.402456 -3.059602 -3.324114 6.667946 -2.790824 -3.207922 6.592284 -3.307038 -5.081183 6.882172 -3.059602 -4.655948 7.535201 -1.364208 -6.636173 7.894741 -1.250417 -6.103971 8.478116 3.598386 -6.636173 7.894742 3.887017 -6.511398 7.813491 3.887017 -3.650967 5.950852 3.598386 -3.526191 5.869602 3.370805 -6.103971 8.478116 3.639583 -5.98778 8.402457 3.639583 -3.324114 6.667946 3.370805 -3.207922 6.592284 3.887017 -5.081181 6.882172 3.639583 -4.655947 7.5352 1.944188 -6.636173 7.894742 1.830397 -6.103971 8.478116 -14.27085 -5.437898 2.993579 -14.77592 -5.335385 2.993579 -14.98514 -5.087897 2.993579 -14.77592 -4.84041 2.993579 -14.27085 -4.737898 2.993579 -13.76578 -4.84041 2.993579 -13.55657 -5.087897 2.993579 -13.76578 -5.335385 2.993579 -12.62864 -5.437898 3.993581 -12.62864 -5.335385 3.640025 -12.62864 -5.087897 3.493581 -12.62864 -4.84041 3.640025 -12.62864 -4.737898 3.993581 -12.62864 -4.84041 4.347133 -12.62864 -5.087897 4.493581 -12.62864 -5.335385 4.347133 -13.87425 -5.335385 4.291717 -14.60964 -5.335385 3.875272 -14.79275 -5.087897 3.946095 -13.94671 -5.087897 4.429099 -14.60964 -4.84041 3.875272 -13.87425 -4.84041 4.291717 -14.16755 -4.737898 3.704287 -13.69932 -4.737898 3.960044 -13.72547 -4.84041 3.533301 -13.52439 -4.84041 3.628373 -13.54235 -5.087897 3.462476 -13.45194 -5.087897 3.49099 -13.72547 -5.335385 3.533301 -13.52439 -5.335385 3.628373 -14.16755 -5.437898 3.704287 -13.69932 -5.437898 3.960044 -14.27085 -5.437898 -9.275937 -14.77592 -5.335385 -9.275937 -14.98514 -5.087897 -9.275937 -14.77592 -4.84041 -9.275937 -14.27085 -4.737898 -9.275937 -13.76578 -4.84041 -9.275937 -13.55657 -5.087897 -9.275937 -13.76578 -5.335385 -9.275937 -8.517069 -5.437898 3.993581 -8.517069 -5.335385 3.640025 -8.517069 -5.087897 3.493581 -8.517069 -4.840409 3.640025 -8.517069 -4.737897 3.993581 -8.517069 -4.840409 4.347133 -8.517069 -5.087897 4.493581 -8.517069 -5.335385 4.347133 -14.27085 -4.456394 2.993579 -14.77592 -4.353882 2.993579 -14.98514 -4.106394 2.993579 -14.77592 -3.858906 2.993579 -14.27085 -3.756394 2.993579 -13.76578 -3.858906 2.993579 -13.55657 -4.106394 2.993579 -13.76578 -4.353882 2.993579 -12.62864 -4.456394 3.993581 -12.62864 -4.353882 3.640025 -12.62864 -4.106394 3.493581 -12.62864 -3.858906 3.640025 -12.62864 -3.756394 3.993581 -12.62864 -3.858906 4.347133 -12.62864 -4.106394 4.493581 -12.62864 -4.353882 4.347133 -13.87425 -4.353882 4.291717 -14.60964 -4.353882 3.875272 -14.79275 -4.106394 3.946095 -13.94671 -4.106394 4.429099 -14.60964 -3.858906 3.875272 -13.87425 -3.858906 4.291717 -14.16755 -3.756394 3.704287 -13.69932 -3.756394 3.960044 -13.72547 -3.858906 3.533301 -13.52439 -3.858906 3.628373 -13.54235 -4.106394 3.462476 -13.45194 -4.106394 3.49099 -13.72547 -4.353882 3.533301 -13.52439 -4.353882 3.628373 -14.16755 -4.456394 3.704287 -13.69932 -4.456394 3.960044 -14.27085 -4.456394 -9.275937 -14.77592 -4.353882 -9.275937 -14.98514 -4.106394 -9.275937 -14.77592 -3.858906 -9.275937 -14.27085 -3.756394 -9.275937 -13.76578 -3.858906 -9.275937 -13.55657 -4.106394 -9.275937 -13.76578 -4.353882 -9.275937 -8.517069 -4.456394 3.993581 -8.517069 -4.353882 3.640025 -8.517069 -4.106394 3.493581 -8.517069 -3.858906 3.640025 -8.517069 -3.756393 3.993581 -8.517069 -3.858906 4.347133 -8.517069 -4.106394 4.493581 -8.517069 -4.353882 4.347133 -13.82107 -3.254542 1.90819 -14.15725 -3.186308 1.90819 -14.29651 -3.021574 1.90819 -14.15725 -2.856841 1.90819 -13.82107 -2.788605 1.90819 -13.48488 -2.856841 1.90819 -13.34562 -3.021574 1.90819 -13.48488 -3.186308 1.90819 -12.72797 -3.254542 2.573813 -12.72797 -3.186308 2.338479 -12.72797 -3.021574 2.241002 -12.72797 -2.856841 2.338479 -12.72797 -2.788605 2.573813 -12.72797 -2.856841 2.809146 -12.72797 -3.021574 2.906625 -12.72797 -3.186308 2.809146 -13.55708 -3.186308 2.772259 -14.04656 -3.186308 2.495064 -14.16845 -3.021574 2.542207 -13.60531 -3.021574 2.863705 -14.04656 -2.856841 2.495064 -13.55708 -2.856841 2.772259 -13.75231 -2.788605 2.381253 -13.44064 -2.788605 2.551491 -13.45805 -2.856841 2.267441 -13.32421 -2.856841 2.330722 -13.33616 -3.021574 2.220299 -13.27598 -3.021574 2.239278 -13.45805 -3.186308 2.267441 -13.32421 -3.186308 2.330722 -13.75231 -3.254542 2.381253 -13.44064 -3.254542 2.551491 -13.82107 -3.254542 -9.261181 -14.15725 -3.186308 -9.261181 -14.29651 -3.021574 -9.261181 -14.15725 -2.856841 -9.261181 -13.82107 -2.788605 -9.261181 -13.48488 -2.856841 -9.261181 -13.34562 -3.021574 -9.261181 -13.48488 -3.186308 -9.261181 -9.991224 -3.254542 2.573813 -9.991224 -3.186308 2.338479 -9.991224 -3.021574 2.241002 -9.991224 -2.85684 2.338479 -9.991224 -2.788605 2.573813 -9.991224 -2.85684 2.809146 -9.991224 -3.021574 2.906625 -9.991224 -3.186308 2.809146 0.2899901 -10.3881 10.19235 2.084661 -10.59156 9.154817 2.084661 -10.59156 9.987024 0.2899901 -10.59156 9.154817 -1.504681 -10.59156 9.987024 -1.504681 -10.59156 9.154817 5.305192 -12.26625 5.966933 8.921695 -12.26625 5.966933 8.921695 -12.26625 7.085812 5.305192 -12.26625 7.085812 -8.341717 -12.26625 5.966933 -4.725218 -12.26625 5.966933 -4.725218 -12.26625 7.085812 -8.341717 -12.26625 7.085812 5.305192 -12.43307 5.966933 8.921695 -12.43307 5.966933 8.921695 -12.43307 7.085812 5.305192 -12.43307 7.085812 -8.341717 -12.43307 5.966933 -4.725218 -12.43307 5.966933 -4.725218 -12.43307 7.085812 -8.341717 -12.43307 7.085812 -0.1309893 -11.36602 7.438665 -0.1309893 -11.36602 0.03069281 5.492839 -11.36602 7.438665 5.492839 -11.36602 0.03069281 -0.1309893 -10.86178 0.03069281 5.492839 -10.86178 0.03069281 -0.1309893 -10.86178 7.438665 5.492839 -10.86178 7.438665 0.1309893 -11.36602 7.438665 0.1309893 -11.36602 0.03069281 -5.492839 -11.36602 7.438665 -5.492839 -11.36602 0.03069281 0.1309893 -10.86178 0.03069281 -5.492839 -10.86178 0.03069281 0.1309893 -10.86178 7.438665 -5.492839 -10.86178 7.438665</float_array>
          <technique_common>
            <accessor source="#Cubo_007-mesh-positions-array" count="680" stride="3">
              <param name="X" type="float"/>
              <param name="Y" type="float"/>
              <param name="Z" type="float"/>
            </accessor>
          </technique_common>
        </source>
        <source id="Cubo_007-mesh-normals">
          <float_array id="Cubo_007-mesh-normals-array" count="2043">-0.372031 0.4839351 0.7920857 0 0 1 0 -1 7.93279e-7 0 -1 -1.9832e-7 0 0 -1 -0.4353936 0 0.9002403 1 0 0 0 -1 0 -1 0 0 -0.6564196 0 0.754396 0.6564202 0 0.7543954 0.4353942 0 0.90024 0 -0.6416524 0.7669957 0 -0.6416523 0.7669957 1 6.29613e-7 0 0.7071074 -0.7071062 0 0.3826835 0.9238796 0 0 0.5213586 0.8533378 -0.7071074 0.7071062 0 0.7071071 -0.7071065 0 1 1.68537e-7 0 0 1 0 -0.9238785 -0.3826862 0 0.7071099 -0.7071037 0 -0.7071068 0.7071068 0 0.4417369 -0.4417308 0.78086 -0.4417303 0.4417303 0.7808641 -0.5771489 -0.2390652 0.780863 0.2390608 0.5771487 0.7808645 -1.40151e-6 0 1 0.7071078 0.7071058 0 0.3826876 -0.9238778 0 -2.77067e-7 0 1 -0.7071095 -0.7071041 0 0.7071079 0.7071058 0 -0.9238803 0.3826815 0 0.7071068 0.7071068 0 -0.7071095 -0.7071042 0 0.4417271 0.4417275 0.7808675 -0.4417273 -0.4417337 0.780864 -0.5771499 0.2390629 0.7808631 0.2390556 -0.5771332 0.7808777 0.7071076 0.7071059 0 0.7071068 -0.7071068 0 1 3.73725e-7 0 -1 1.00738e-6 0 -0.7071061 -0.7071076 0 -0.3826832 0.9238797 0 -0.2015467 0.4865769 0.8500717 1 6.7667e-7 0 0.7071068 0.7071068 0 -0.7071062 -0.7071074 0 0.9238787 -0.3826856 0 -0.7071096 -0.7071041 0 0.707105 0.7071086 0 -0.441735 -0.4417332 0.7808598 0.4417297 0.4417313 0.7808638 0.5771483 -0.2390637 0.780864 -0.2390609 0.5771451 0.780867 -0.7071069 0.7071067 0 -0.3826874 -0.9238779 0 0.7071083 -0.7071053 0 -0.7071068 0.7071067 0 0.9238803 0.3826815 0 -0.7071065 0.7071071 0 0.7071077 -0.7071059 0 -0.4417284 0.4417294 0.7808658 0.4417259 -0.4417235 0.7808705 0.5771475 0.2390617 0.7808651 -0.2390621 -0.5771411 0.7808698 -0.7071073 0.7071063 0 -0.7071062 -0.7071075 0 0.9921554 0.06762588 0.1051411 6.90558e-7 0.5409549 0.8410516 0.9921554 0.06762552 0.1051413 -0.9921556 0.06762456 0.1051402 0.9068511 -0.184006 0.3791607 0 -0.637908 0.7701126 -0.9068532 -0.1840015 0.379158 0 -0.6379072 0.7701132 0.9921554 0.06762629 0.1051411 -6.04239e-7 0.5409535 0.8410526 0.9921554 0.06762558 0.1051413 -0.9921555 0.06762468 0.10514 0.9068524 0.4213256 -0.01017785 0 0.9653223 -0.261061 -0.9068522 0.4213259 -0.01017796 0 0.9653223 -0.2610611 0.992155 0.06762695 0.1051436 0.992155 0.06762623 0.1051438 -0.9921553 0.06762534 0.1051413 0.9068492 -0.1840075 0.3791646 -0.9068535 -0.1839973 0.3791592 0.9921551 0.06762623 0.1051436 0.992155 0.06762629 0.1051438 -0.9921553 0.06762611 0.105141 0.9068508 0.4213292 -0.0101782 0 0.9653223 -0.2610611 -0.9068508 0.4213292 -0.0101788 0 -0.9640389 0.2657614 0.7636926 -0.6455801 0 0 -0.9604433 0.2784759 0.0382595 0.508889 0.8599816 0.04247337 -0.4943835 0.8682057 0.01286041 -0.9572219 0.2890691 -0.009111344 -0.9567132 -0.29089 -0.01135379 -0.4878515 -0.8728529 -0.002707839 0.5092445 -0.8606177 -0.003622353 0.9604374 -0.2784728 0.008722543 0.9604044 0.2784733 0.4174398 0.5313919 0.7371342 0.755893 0.6389847 0.1425632 0.4222458 -0.5240821 0.7396259 0.7721757 -0.6159725 0.1559572 0.1326912 -0.9630632 0.2343126 0.2110732 -0.9766594 0.03980827 -0.1306174 -0.9621622 -0.23913 -0.214326 -0.9762653 -0.03115141 -0.3705671 -0.4984565 -0.7837228 -0.7942798 -0.6046492 -0.05932241 -0.2559118 0.5253757 -0.8114739 -0.7634904 0.6454045 -0.0231384 -0.112824 0.9645382 -0.2386146 -0.1988867 0.97991 -0.01485407 0.1264262 0.9645953 0.2314571 0.1988289 0.979608 0.02889937 -0.1989036 -0.9800192 0 -0.7636964 0.6455757 0 0.7636964 0.6455757 0 0.1989083 -0.9800181 0 -0.7636964 -0.6455757 0 0 0.5092593 0.8606132 0 0.5092471 -0.8606204 0 -0.9604437 -0.2784745 0 -0.5092607 0.8606123 0 0.9604412 0.278483 0.04247331 0.494383 0.8682059 0.0382595 -0.508889 0.8599816 0.008722245 -0.9604063 0.2784667 -0.003622353 -0.9604381 -0.2784701 -0.002707839 -0.5092462 -0.8606166 -0.01135379 0.4878516 -0.8728528 -0.009111642 0.9567112 -0.2908964 0.01286065 0.9572206 0.2890736 0.4222471 0.5240837 0.739624 0.7721759 0.6159726 0.1559565 0.4174386 -0.5313903 0.7371359 0.7558932 -0.6389849 0.1425625 0.1264241 -0.9645972 0.2314507 0.1988251 -0.9796088 0.02889811 -0.1128215 -0.9645398 -0.2386095 -0.198883 -0.9799107 -0.01485407 -0.2559109 -0.5253738 -0.8114752 -0.7634904 -0.6454045 -0.0231384 -0.3705671 0.4984565 -0.7837228 -0.7942798 0.6046492 -0.05932205 -0.1306191 0.9621608 -0.2391344 -0.21433 0.9762645 -0.03115248 0.1326932 0.9630613 0.2343195 0.211077 0.9766585 0.03980934 0.1989119 0.9800174 0 -0.1989081 0.9800182 0 0 -0.5092471 -0.8606204 0 0.960443 -0.2784768 0.763692 -0.6455808 0 0 -0.9604418 0.2784806 0.03825932 0.5088866 0.859983 0.04247403 -0.494384 0.8682054 0.01286065 -0.9572204 0.2890741 -0.009111642 -0.9567121 -0.2908934 -0.01135474 -0.4878533 -0.8728519 -0.002707839 0.5092462 -0.8606166 0.008722543 0.9604057 0.2784689 0.4174386 0.5313903 0.7371359 0.4222466 -0.5240842 0.739624 0.7721756 -0.615973 0.1559558 0.1326929 -0.9630623 0.2343153 0.2110759 -0.9766588 0.0398088 -0.1306185 -0.962161 -0.2391344 -0.214329 -0.9762647 -0.03115034 -0.7942792 -0.6046499 -0.05932247 -0.2559109 0.5253738 -0.8114752 -0.7634904 0.6454045 -0.02314001 -0.1128227 0.964539 -0.2386121 -0.1988847 0.9799104 -0.01485234 0.1264251 0.964596 0.231455 0.198827 0.9796085 0.02890068 -0.1989063 -0.9800186 0 0.198911 -0.9800177 0 -0.7636958 -0.6455764 0 0 0.5092621 0.8606115 0 -0.960443 -0.2784768 0.04247349 0.4943848 0.8682048 0.008722245 -0.9604057 0.2784689 -0.003622353 -0.9604365 -0.2784754 -0.002706825 -0.5092462 -0.8606166 -0.01135373 0.4878513 -0.8728529 -0.009111344 0.9567123 -0.2908929 0.01286041 0.9572214 0.2890706 0.4222466 0.5240831 0.7396248 0.417437 -0.5313908 0.7371366 0.7558923 -0.6389856 0.1425626 0.1264257 -0.9645959 0.231455 0.1988279 -0.9796082 0.02890199 -0.1128227 -0.9645383 -0.2386147 -0.1988859 -0.9799101 -0.01485407 -0.2559037 -0.5253768 -0.8114756 -0.7634898 -0.6454053 -0.02313846 -0.7942798 0.6046492 -0.0593217 -0.130618 0.9621616 -0.2391322 -0.2143284 0.9762648 -0.0311535 0.1326922 0.9630627 0.234314 0.2110751 0.9766589 0.03980827 0.1989101 0.9800179 0 -0.1989063 0.9800186 0 0 0.9604437 -0.2784745 0.7637082 -0.6455618 0 0 -0.9604423 0.2784795 0.0382601 0.5088835 0.8599849 0.04247349 -0.4943844 0.8682051 0.01286059 -0.9572203 0.2890744 -0.00911051 -0.9567143 -0.2908861 -0.01135534 -0.4878444 -0.8728567 -0.002706944 0.5092467 -0.8606163 -0.003622889 0.9604353 -0.2784798 0.008721411 0.9604073 0.2784637 0.4174297 0.5314042 0.7371309 0.7558974 0.6389775 0.1425721 0.4222471 -0.5240827 0.7396247 0.7721734 -0.6159761 0.1559541 0.1326922 -0.9630613 0.2343199 0.2110748 -0.9766589 0.03981065 -0.1306225 -0.9621592 -0.239139 -0.2143366 -0.9762629 -0.0311551 -0.3705291 -0.4984511 -0.783744 -0.7942818 -0.604649 -0.05929529 -0.2558993 0.5253548 -0.8114913 -0.763498 0.6453956 -0.02314037 -0.1128131 0.9645373 -0.2386232 -0.1988856 0.9799103 -0.01484829 0.1264239 0.9645967 0.2314523 0.1988251 0.9796088 0.02890115 -0.1989081 -0.9800181 0 -0.7637082 0.6455618 0 0.7637082 0.6455618 0 0.1989081 -0.9800181 0 -0.7637082 -0.6455618 0 0 0.509258 0.860614 0 0.5092471 -0.8606204 -6.76976e-7 -0.9604408 -0.2784842 0 -0.5092577 0.8606141 0 0.9604438 0.2784742 0.04247331 0.4943827 0.8682061 0.0382601 -0.5088835 0.8599849 0.008721411 -0.9604073 0.2784637 -0.003622889 -0.9604353 -0.2784798 -0.002706944 -0.5092507 -0.860614 -0.0113554 0.4878467 -0.8728556 -0.00911051 0.9567136 -0.2908887 0.01286059 0.95722 0.2890754 0.4222471 0.5240827 0.7396247 0.772174 0.6159765 0.1559507 0.4174297 -0.5314042 0.7371309 0.7558977 -0.6389778 0.1425702 0.1264239 -0.9645967 0.2314523 0.1988251 -0.9796088 0.02890115 -0.1128133 -0.9645388 -0.2386174 -0.1988856 -0.9799104 -0.01484441 -0.2558993 -0.5253548 -0.8114913 -0.763498 -0.6453956 -0.02314037 -0.3705316 0.4984545 -0.7837408 -0.7942818 0.604649 -0.05929851 -0.1306225 0.9621592 -0.239139 -0.2143366 0.976263 -0.03115433 0.1326922 0.9630613 0.2343199 0.2110748 0.976659 0.03981 0.1989081 0.9800181 0 -0.1989081 0.9800181 0 0 -0.5092471 -0.8606204 0 0.9604408 -0.2784842 0 0.5409529 0.8410529 0 -0.6503992 0.7595926 0 0.9609292 -0.2767944 0.9579247 0.1552641 0.2413989 -0.9579247 0.1552643 0.2413989 0 0.5031154 0.8642193 0.3720354 0.4839341 0.7920844 -1.9154e-7 0.5031154 0.8642192 -3.91786e-7 0 1 2.44865e-7 0 1 0 -1 -1.06777e-5 0 -1 -7.00723e-6 -0.4353985 0 0.9002379 -0.6564202 0 0.7543954 0.6564196 0 0.754396 0.4353994 0 0.9002374 0 -0.6416521 0.7669959 0 -0.641652 0.7669959 1 -1.00738e-6 0 0.7071069 -0.7071067 0 0.3826829 0.9238798 0 0.2015463 0.4865772 0.8500717 -1 6.76667e-7 0 -0.7071092 0.7071044 0 0.7071073 -0.7071064 0 1 -1.68537e-7 0 -0.9238787 -0.3826856 0 -0.7071131 0.7071005 0 0.4417256 -0.4417305 0.7808668 -0.4417351 0.4417303 0.7808613 -0.5771488 -0.2390606 0.7808645 0.2390649 0.5771442 0.7808666 0.7071074 0.7071062 0 0.382685 -0.9238789 0 -0.7071092 -0.7071044 0 0.7071076 0.707106 0 -0.9238793 0.3826841 0 0.7071071 0.7071065 0 -0.7071086 -0.707105 0 0.4417303 0.441729 0.780865 -0.4417263 -0.4417219 0.7808711 -0.5771499 0.2390619 0.7808634 0.2390627 -0.5771428 0.7808684 0.7071077 0.7071059 0 0.7071078 -0.7071058 0 1 -1.86862e-7 0 -1 -8.81461e-7 0 -0.707106 -0.7071076 0 -0.3826829 0.9238798 0 0 0.5213589 0.8533377 1 -6.76667e-7 0 0.7071062 0.7071074 0 -0.7070991 -0.7071145 0 0.7071059 0.7071077 0 -0.441731 -0.4417297 0.780864 0.4417277 0.4417296 0.7808659 0.5771473 -0.2390615 0.7808653 -0.2390632 0.5771467 0.7808653 8.29508e-7 0 1 -0.707107 0.7071067 0 -0.3826847 -0.923879 0 0.7071068 -0.7071068 0 -0.7071071 0.7071065 0 0.9238796 0.3826835 0 -0.7071059 0.7071077 0 0.7071086 -0.707105 0 -0.4417321 0.4417307 0.7808628 0.4417248 -0.4417327 0.7808659 0.5771465 0.2390613 0.780866 -0.2390555 -0.5771335 0.7808774 -2.07377e-7 0 1 -0.7071071 0.7071066 0 0.9921554 0.0676248 0.1051411 0 0.5409526 0.8410531 6.98657e-7 0.540954 0.8410523 0 0.5409517 0.8410537 0 0.5409545 0.8410518 -9.31543e-7 0.5409553 0.8410513 0.9921553 0.06762522 0.1051412 -0.9921556 0.06762492 0.10514 0.9068536 -0.1839969 0.3791592 0 -0.6379068 0.7701137 -0.906852 -0.1840042 0.3791596 0.9921554 0.06762516 0.1051411 0 0.5409535 0.8410526 0 0.5409542 0.8410521 8.15099e-7 0.5409535 0.8410525 0 0.540952 0.8410534 0 0.5409525 0.8410532 0.9921554 0.06762474 0.1051409 -0.9921555 0.06762534 0.1051403 0.9068531 0.4213241 -0.01017826 0 0.9653224 -0.261061 -0.9068523 0.4213258 -0.01017916 0.9921548 0.06762832 0.1051434 0 0.5409548 0.8410518 -9.31543e-7 0.5409552 0.8410514 0.992155 0.06762677 0.1051437 -0.9921553 0.06762564 0.1051411 0.9068519 -0.1840012 0.3791611 0 -0.6379069 0.7701136 -0.9068507 -0.1840078 0.379161 0.9921549 0.06762748 0.1051436 0 0.5409536 0.8410525 8.15099e-7 0.5409536 0.8410524 0 0.5409523 0.8410533 0 0.5409527 0.841053 0.9921549 0.06762742 0.1051434 -0.9921553 0.06762534 0.1051414 0.9068492 0.4213326 -0.01017576 -0.9068541 0.4213219 -0.01017826 0 -0.9640409 0.2657544 0.7636964 -0.6455757 0 0 -0.9604426 0.2784783 -0.1989046 -0.980019 0 0.7636926 0.6455801 0 0 0.5092607 0.8606123 0 0.5092458 -0.8606212 0 -0.9604443 -0.2784722 0 0.9604418 0.2784806 -0.1989071 0.9800183 0 0 -0.5092473 -0.8606203 0 0.9604424 -0.2784792 0.7636957 -0.6455764 0 -0.1989072 -0.9800184 0 -0.7636957 -0.6455764 0 0 0.5092487 -0.8606196 0 0.9604426 0.2784783 -0.1989054 0.9800188 0 -6.22205e-7 -0.9604452 0.278469 0 0.5092545 0.860616 0 0.5092506 -0.8606183 0 -0.960447 -0.2784632 0 -0.5092548 0.8606158 0 0.9604407 0.2784847 0 -0.5092506 -0.8606183 0 0.960444 -0.2784737 0 0.5409529 0.841053 0 -0.6503994 0.7595925 0 0.9609293 -0.276794 0.9579247 0.1552643 0.2413988 -0.9579246 0.1552643 0.241399 0 -0.738766 0.6739621 -5.31198e-7 0.5456799 0.8379938 0 -0.7387655 0.6739626 0 0.9151801 -0.4030454 -0.4415472 -0.570385 0.6926016 -0.9531078 0.1651399 0.2536028 -0.441545 0.8641237 -0.2415126 -0.9531078 0.1651397 0.2536031 0 -0.7387663 0.6739618 1.0624e-6 0.5456796 0.8379939 -7.30083e-7 -0.7387655 0.6739626 0 0.9151802 -0.4030449 0.4415525 -0.570384 0.6925992 0.9531084 0.1651384 0.2536015 0.4415478 0.8641226 -0.2415118 0.9531086 0.1651384 0.253601 0 -0.7387662 0.6739619 0 0.5456798 0.8379939 0 0.5456797 0.8379939 0 0.545679 0.8379943 4.74413e-6 0.5456811 0.8379931 0 0.5456796 0.8379939 0 -0.7387661 0.6739619 0 0.91518 -0.4030453 -0.4415438 -0.5703855 0.6926035 -0.9531081 0.1651391 0.2536025 -0.4415448 0.8641241 -0.241512 -0.953108 0.1651391 0.2536026 0 -0.7387655 0.6739627 0 0.5456797 0.8379939 0 0.5456798 0.8379938 0 0.5456801 0.8379936 -8.93012e-6 0.5456807 0.8379932 -1.6744e-6 0.5456791 0.8379942 0 -0.7387662 0.6739618 0 0.9151802 -0.403045 0.4415377 -0.570388 0.6926052 0.9531084 0.165139 0.2536011 0.4415456 0.8641234 -0.2415125 0.9531084 0.1651386 0.2536017 -0.7636762 0.6455995 0 -2.0117e-7 0.9604423 0.2784795 -0.0382598 -0.5088832 0.8599849 -0.04247349 0.4943836 0.8682056 -0.01286041 0.9572221 0.2890685 0.009111583 0.9567121 -0.2908936 0.0113539 0.4878547 -0.872851 0.002708852 -0.5092443 -0.8606178 0.003622412 -0.960436 -0.2784776 -0.008722901 -0.9604046 0.2784725 -0.4174312 -0.5314014 0.7371321 -0.7558813 -0.6390009 0.1425535 -0.4222519 0.5240767 0.7396262 -0.7721856 0.6159575 0.1559672 -0.1326908 0.9630631 0.2343134 -0.2110723 0.9766595 0.0398069 0.1306192 0.9621616 -0.2391316 0.2143314 0.9762641 -0.0311523 0.3705505 0.4984622 -0.7837268 0.7942649 0.6046689 -0.05932122 0.2559249 -0.5253645 -0.8114768 0.7634905 -0.6454039 -0.02315407 0.1128198 -0.9645378 -0.2386181 0.1988907 -0.9799091 -0.01485431 -0.126426 -0.964596 0.2314544 -0.1988295 -0.9796079 0.02889937 0.1989101 0.9800179 0 -0.7636813 -0.6455936 0 -0.1989101 0.9800179 0 0.7636913 0.6455816 0 0 -0.5092574 0.8606144 0 -0.5092477 -0.86062 -2.28196e-7 0.960443 -0.2784765 0 0.5092561 0.860615 0 -0.9604416 0.2784818 -0.04247403 -0.4943828 0.868206 -0.03825998 0.5088856 0.8599836 -0.008722722 0.9604052 0.2784702 0.003622412 0.9604374 -0.2784723 0.002708852 0.5092478 -0.8606157 0.0113539 -0.4878544 -0.8728512 0.009111702 -0.9567111 -0.2908967 -0.01286053 -0.9572206 0.2890732 -0.4222526 -0.5240753 0.7396269 -0.7721867 -0.6159563 0.1559668 -0.4174316 0.5314031 0.7371307 -0.7558801 0.6390023 0.142553 -0.1264243 0.9645962 0.2314545 -0.198827 0.9796085 0.02889943 0.1128186 0.9645392 -0.2386129 0.1988882 0.9799097 -0.01485604 0.2559263 0.5253673 -0.8114746 0.7634892 0.6454054 -0.02315413 0.3705504 -0.4984596 -0.7837284 0.794266 -0.6046676 -0.05932021 0.1306208 -0.9621601 -0.239136 0.2143344 -0.9762635 -0.03115189 -0.1326925 -0.9630618 0.2343176 -0.2110753 -0.9766589 0.03980714 -0.1989127 -0.9800173 0 0.1989127 -0.9800173 0 -1.25061e-7 0.5092491 -0.8606191 0 -0.9604417 -0.2784813 -0.7636772 0.6455984 0 0 0.9604426 0.2784783 -0.03825986 -0.5088844 0.8599843 -0.04247337 0.4943822 0.8682064 -0.01286041 0.957221 0.289072 0.009111583 0.9567125 -0.2908921 0.0113539 0.4878541 -0.8728514 0.002708852 -0.5092452 -0.8606173 0.003622412 -0.9604367 -0.2784749 -0.008722722 -0.960406 0.278468 -0.7558813 -0.6390009 0.1425531 -0.4222518 0.5240749 0.7396275 -0.7721865 0.6159564 0.1559673 -0.1326909 0.9630625 0.2343155 -0.2110731 0.9766594 0.0398066 0.1306194 0.9621609 -0.2391338 0.2143319 0.9762641 -0.0311526 0.3705499 0.4984615 -0.7837277 0.7942657 0.6046679 -0.05932062 0.2559254 -0.5253655 -0.8114761 0.1128192 -0.9645385 -0.2386155 0.198889 -0.9799095 -0.01485258 -0.1264247 -0.9645956 0.2314566 -0.1988278 -0.9796084 0.02889811 0.1989105 0.9800177 0 -0.1989105 0.9800177 0 0.7636923 0.6455805 0 -2.28196e-7 0.9604427 -0.2784777 0 -0.9604423 0.2784795 -0.04247397 -0.4943819 0.8682065 -0.008722722 0.960406 0.278468 0.003622412 0.9604371 -0.2784736 0.002708375 0.5092452 -0.8606173 0.01135385 -0.4878535 -0.8728518 0.009111583 -0.9567125 -0.2908921 -0.01286041 -0.9572209 0.2890722 -0.7721867 -0.6159562 0.1559676 -0.4174317 0.5314021 0.7371313 -0.7558809 0.6390013 0.1425532 -0.1264246 0.9645962 0.2314545 -0.1988273 0.9796084 0.02889943 0.1128192 0.9645385 -0.2386155 0.1988886 0.9799095 -0.01485431 0.2559299 0.5253658 -0.8114745 0.7634902 0.6454043 -0.02315491 0.3705515 -0.4984611 -0.7837271 0.7942659 -0.6046676 -0.0593211 0.1306197 -0.9621606 -0.239135 0.2143324 -0.9762639 -0.03115296 -0.1326913 -0.9630624 0.2343162 -0.2110734 -0.9766594 0.0398072 -0.198911 -0.9800177 0 0 0.5092477 -0.86062 0 -0.9604424 -0.2784789 -0.7636813 0.6455935 0 -4.32504e-7 0.9604403 0.2784858 -0.03826045 -0.5088848 0.859984 -0.04247313 0.4943875 0.8682035 -0.01286083 0.9572187 0.2890798 0.009111583 0.9567108 -0.290898 0.01135492 0.4878493 -0.8728541 0.00270754 -0.5092484 -0.8606154 0.003622651 -0.9604369 -0.2784743 -0.008721947 -0.960407 0.2784643 -0.4174372 -0.5314086 0.7371236 -0.7558836 -0.6389954 0.1425661 -0.42225 0.5240874 0.7396198 -0.7721707 0.615977 0.1559644 -0.1326994 0.963059 0.2343254 -0.2110859 0.9766565 0.03981274 0.1306219 0.962159 -0.2391403 0.2143356 0.9762632 -0.0311535 0.3705539 0.4984576 -0.7837282 0.7942664 0.6046671 -0.05931758 0.2559164 -0.5253813 -0.8114686 0.7634769 -0.6454204 -0.02313971 0.112818 -0.9645391 -0.2386134 0.1988842 -0.9799104 -0.01485407 -0.1264229 -0.964596 0.231456 -0.1988303 -0.9796078 0.0289005 0.1989127 0.9800173 0 0.7636831 -0.6455913 0 -0.7636831 -0.6455913 0 -0.1989189 0.9800159 0 0.7636813 0.6455935 0 0 -0.5092577 0.8606141 0 -0.5092496 -0.8606188 0 0.9604415 -0.2784823 0 -0.9604423 0.2784793 -0.04247307 -0.4943866 0.8682038 -0.03825986 0.5088874 0.8599824 -0.008722424 0.9604042 0.2784744 0.003622889 0.9604343 -0.2784834 0.002708137 0.5092504 -0.8606142 0.0113554 -0.4878474 -0.8728551 0.009111285 -0.9567134 -0.2908892 -0.01286059 -0.9572209 0.2890726 -0.4222508 -0.5240854 0.7396208 -0.7721723 -0.6159747 0.1559656 -0.4174368 0.5314109 0.7371222 -0.7558816 0.6389976 0.142567 -0.1264266 0.9645946 0.2314596 -0.1988363 0.9796066 0.0289005 0.1128216 0.964537 -0.2386206 0.1988902 0.9799092 -0.01485407 0.2559168 0.5253823 -0.8114678 0.7634751 0.6454226 -0.02313977 0.3705557 -0.4984573 -0.7837277 0.7942681 -0.6046648 -0.05931818 0.1306181 -0.9621607 -0.2391353 0.2143294 -0.9762645 -0.03115296 -0.1326956 -0.9630613 0.2343176 -0.2110795 -0.9766578 0.03981184 -0.1989129 -0.9800172 0 0.1989067 -0.9800185 0 -2.88913e-7 0.5092521 -0.8606175 0 -0.9604433 -0.2784757 -0.76368 0.645595 0 -2.36288e-7 0.9604423 0.2784795 -0.7636774 -0.645598 0 -0.1989101 0.9800179 0 0.7636952 0.6455771 0 0 -0.5092576 0.8606142 -2.36285e-7 0.9604431 -0.2784765 0 0.5092588 0.8606135 0 -0.9604409 0.2784841 0 0.5092463 -0.8606209 0 -0.9604424 -0.2784788 -0.7636809 0.645594 0 -1.96906e-7 0.9604412 0.2784829 0.1989105 0.9800177 0 -0.1989105 0.9800177 0 0.763696 0.6455761 0 0 0.9604427 -0.2784777 0 0.5092574 0.8606144 0 -0.9604431 -0.2784765 -0.7636812 0.6455935 0 0 0.9604418 0.278481 0.7636812 0.6455935 0 0 -0.5092492 -0.8606193 -4.44429e-7 0.9604414 -0.2784824 -2.9972e-7 0.5092601 0.8606127 0 -0.960443 0.2784771 0 0.5092476 -0.8606202 0 -0.9604426 -0.2784785 0 -0.7103282 0.7038707 0.7038761 -0.7103229 0 0 -0.7103235 -0.7038755 0 -0.7103284 0.7038705 0 -0.7103233 -0.7038756 -0.7038763 -0.7103226 0 0 -0.7103284 0.7038705 0.7038775 -0.7103214 0 0 -0.7103233 -0.7038756 0 -0.7103234 -0.7038755 -0.7038772 -0.7103218 0</float_array>
          <technique_common>
            <accessor source="#Cubo_007-mesh-normals-array" count="681" stride="3">
              <param name="X" type="float"/>
              <param name="Y" type="float"/>
              <param name="Z" type="float"/>
            </accessor>
          </technique_common>
        </source>
        <source id="Cubo_007-mesh-map-0">
          <float_array id="Cubo_007-mesh-map-0-array" count="6120">0.1612558 0.3946751 0.1676613 0.3883602 0.2410821 0.3883602 0.3269395 0.4516934 0.4336937 0.4516934 0.3222827 0.4963077 0.6713392 0.6793937 0.6547213 0.6984756 0.6062175 0.6793937 0.6062175 0.6793937 0.5577139 0.6984756 0.541096 0.6793937 0.6743776 0.7406392 0.6794569 0.756605 0.6794569 0.7406392 0.6743776 0.7246734 0.6794569 0.7406392 0.6794569 0.7246734 0.1579511 0.801326 0.1231055 0.758742 0.1579511 0.758742 0.6743776 0.7287476 0.6794569 0.7292 0.6743776 0.7292 0.6536272 0.6309564 0.6641631 0.6518796 0.6536272 0.6518796 0.1988156 0.8034791 0.3606068 0.9789481 0.1988156 0.9789481 0.6390876 0.2134994 0.611855 0.3250815 0.6390876 0.3250815 0.5610751 0.5694844 0.5505391 0.6893737 0.5610751 0.6893737 0.6536272 0.6309564 0.6641631 0.6518796 0.6536272 0.6518796 0.5505391 0.5694844 0.5610751 0.6893737 0.5505391 0.6893737 0.6399059 0.2134994 0.6126734 0.3250815 0.6399059 0.3250815 0.3656287 0.8034791 0.1919025 0.9789481 0.3656287 0.9789481 0.6743776 0.6976776 0.6794569 0.6976776 0.6794569 0.6976776 0.6743776 0.6976776 0.6794569 0.6976776 0.6794569 0.6976776 0.1927968 0.801326 0.1579511 0.758742 0.1927968 0.758742 0.1217277 0.758742 0.1093171 0.801326 0.1093171 0.758742 0.1941747 0.801326 0.2065852 0.758742 0.2065852 0.801326 0.679457 0.7525309 0.6743776 0.7520785 0.679457 0.7520785 0.04440301 0.4423708 0.08496099 0.3917201 0.08496099 0.4423708 0.08496099 0.4423708 0.1255187 0.3917201 0.1255187 0.4423708 0.1255187 0.4817886 0.08496099 0.4423708 0.1255187 0.4423708 0.06263053 0.4423708 0.09610992 0.3917201 0.06263053 0.3917201 0.09610992 0.3917201 0.06263053 0.4423708 0.06263053 0.3917201 0.08496099 0.4817886 0.04440301 0.4423708 0.08496099 0.4423708 0.09610992 0.3917201 0.1073239 0.4817886 0.09610992 0.4817886 0.1255187 0.4560625 0.08496099 0.4672765 0.08496099 0.4560625 0.09610992 0.4817886 0.1073239 0.3917201 0.09610992 0.3917201 0.08496099 0.4560625 0.04440325 0.4672765 0.04440301 0.4560625 0.5884781 0.9634653 0.4970621 0.9761435 0.4970621 0.9634653 0.1264595 0.9647955 0.01006048 0.9790955 0.01006048 0.9647955 0.667324 0.4224902 0.7083124 0.3428862 0.7083124 0.4224902 0.5251143 0.5895866 0.5026622 0.5802868 0.5251143 0.5895866 0.5019649 0.5924336 0.5264263 0.6573453 0.5264263 0.5924336 0.5251143 0.5895866 0.5026622 0.6678558 0.5251143 0.6678558 0.2272518 0.0125038 0.03483819 0.04059422 0.2272518 0.04059422 0.03483819 0.0125038 0.0180518 0.04059422 0.03483819 0.04059422 0.667324 0.4942876 0.7083124 0.4224902 0.7083124 0.4942876 0.2081236 0.002086818 0.01622813 0.100988 0.01622813 0.002086818 0.2090185 0.005640447 0.01439154 0.1016669 0.01439154 0.005640447 0.4784199 0.0125038 0.2860063 0.04059422 0.4784199 0.04059422 0.5264263 0.5924336 0.5019649 0.5726125 0.5019649 0.5924336 0 0 0 0 0 0 0.8367744 0.07038205 0.7573023 0.02460676 0.8367745 0.02460676 0.2860063 0.0125038 0.2272518 0.04059422 0.2860063 0.04059422 0.5019649 0.6650581 0.5264263 0.6573453 0.5019649 0.6650581 0.7083124 0.5020942 0.667324 0.5020942 0.7083124 0.5020942 0.0180518 0.04059422 0.03483819 0.04059422 0.0180518 0.04059422 0.3642606 0.5996077 0.3516734 0.5897166 0.3608949 0.5989381 0.349364 0.605778 0.3470824 0.6008002 0.3448335 0.6012476 0.3608949 0.5989381 0.349364 0.605778 0.3642606 0.5996077 0.3448335 0.6012476 0.3516734 0.5897166 0.3510038 0.5863509 0.3498113 0.6035292 0.3516734 0.5897166 0.3470824 0.6008002 0.4970621 0.9761435 0.5884781 0.9634653 0.4970621 0.9634653 0.01006048 0.9790955 0.1264595 0.9647955 0.01006048 0.9647955 0.7083124 0.3428862 0.667324 0.4224902 0.7083124 0.4224902 0.5026622 0.5802868 0.5251143 0.5895866 0.5251143 0.5895866 0.5264263 0.6573453 0.5019649 0.5924336 0.5264263 0.5924336 0.5251143 0.5895866 0.5026622 0.6678558 0.5026622 0.5802868 0.03483819 0.04059422 0.2272518 0.0125038 0.2272518 0.04059422 0.0180518 0.04059422 0.03483819 0.0125038 0.03483819 0.04059422 0.7083124 0.4224902 0.667324 0.4942876 0.7083124 0.4942876 0.01622813 0.100988 0.2081236 0.002086818 0.01622813 0.002086818 0.01439154 0.1016669 0.2090185 0.005640447 0.01439154 0.005640447 0.2860063 0.04059422 0.4784199 0.0125038 0.4784199 0.04059422 0.5019649 0.5726125 0.5264263 0.5924336 0.5019649 0.5924336 0.2378243 0.01131051 0.2576485 0.06722331 0.2576485 0.01131051 0.06183499 0.9577224 0.0933395 0.9794133 0.0933395 0.9577224 0.2272518 0.04059422 0.2860063 0.0125038 0.2860063 0.04059422 0.5264263 0.6573453 0.5019649 0.6650581 0.5019649 0.6650581 0.667324 0.5020942 0.7083124 0.5020942 0.7083124 0.5020942 0.03483819 0.04059422 0.0180518 0.04059422 0.0180518 0.04059422 0.3516734 0.5897166 0.3642606 0.5996077 0.3608949 0.5989381 0.349364 0.605778 0.3470824 0.6008002 0.3498113 0.6035292 0.349364 0.605778 0.3608949 0.5989381 0.3642606 0.5996077 0.3448335 0.6012476 0.3516734 0.5897166 0.3470824 0.6008002 0.3470824 0.6008002 0.3608949 0.5989381 0.3498113 0.6035292 0.7083124 0.4803824 0.667324 0.496313 0.7083124 0.496313 0.01006048 0.9647955 0.1264595 0.833279 0.01006048 0.833279 0.4970621 0.9634653 0.5884781 0.8468639 0.4970621 0.8468639 0.667324 0.496313 0.7083124 0.4803824 0.7083124 0.496313 0.1264595 0.833279 0.01006048 0.9647955 0.01006048 0.833279 0.5884781 0.8468639 0.4970621 0.9634653 0.4970621 0.8468639 0.06183499 0.9649527 0.0933395 0.9649527 0.0933395 0.9649527 0.06183499 0.8348073 0.0933395 0.9577224 0.0933395 0.8348073 0.8634112 0.6536931 0.9106256 0.69436 0.8634112 0.69436 0 0 0 0 0 0 0.4970621 0.9761435 0.5884781 0.9634653 0.4970621 0.9634653 0.1123736 0.9790955 0.2287724 0.9647955 0.1123736 0.9647955 0.7083124 0.3428862 0.667324 0.4224902 0.7083124 0.4224902 0.5026622 0.5802868 0.5251143 0.5895866 0.5251143 0.5895866 0.5264263 0.6573453 0.5019649 0.5924336 0.5264263 0.5924336 0.5251143 0.5895866 0.5026622 0.6678558 0.5026622 0.5802868 0.03483819 0.04059422 0.2272518 0.0125038 0.2272518 0.04059422 0.0180518 0.04059422 0.03483819 0.0125038 0.03483819 0.04059422 0.7083124 0.4224902 0.667324 0.4942876 0.7083124 0.4942876 0.01622813 0.100988 0.2081236 0.002086818 0.01622813 0.002086818 0.01439154 0.1016669 0.2090185 0.005640447 0.01439154 0.005640447 0.2860063 0.04059422 0.4784199 0.0125038 0.4784199 0.04059422 0.5019649 0.5726125 0.5264263 0.5924336 0.5019649 0.5924336 0 0 0 0 0 0 0.7573023 0.02460676 0.8367745 0.07038205 0.8367745 0.02460676 0.2272518 0.04059422 0.2860063 0.0125038 0.2860063 0.04059422 0.5264263 0.6573453 0.5019649 0.6650581 0.5019649 0.6650581 0.667324 0.5020942 0.7083124 0.5020942 0.7083124 0.5020942 0.03483819 0.04059422 0.0180518 0.04059422 0.0180518 0.04059422 0.3516734 0.5897166 0.3642606 0.5996077 0.3608949 0.5989381 0.349364 0.605778 0.3470824 0.6008002 0.3498113 0.6035292 0.349364 0.605778 0.3608949 0.5989381 0.3642606 0.5996077 0.3448335 0.6012476 0.3516734 0.5897166 0.3470824 0.6008002 0.3470824 0.6008002 0.3608949 0.5989381 0.3498113 0.6035292 0.5884781 0.9634653 0.4970621 0.9761435 0.4970621 0.9634653 0.2287724 0.9647955 0.1123736 0.9790955 0.1123736 0.9647955 0.667324 0.4224902 0.7083124 0.3428862 0.7083124 0.4224902 0.5251143 0.5895866 0.5026622 0.5802868 0.5251143 0.5895866 0.5019649 0.5924336 0.5264263 0.6573453 0.5264263 0.5924336 0.5251143 0.5895866 0.5026622 0.6678558 0.5251143 0.6678558 0.2272518 0.0125038 0.03483819 0.04059422 0.2272518 0.04059422 0.03483819 0.0125038 0.0180518 0.04059422 0.03483819 0.04059422 0.667324 0.4942876 0.7083124 0.4224902 0.7083124 0.4942876 0.2081236 0.002086818 0.01622813 0.100988 0.01622813 0.002086818 0.2090185 0.005640447 0.01439154 0.1016669 0.01439154 0.005640447 0.4784199 0.0125038 0.2860063 0.04059422 0.4784199 0.04059422 0.5264263 0.5924336 0.5019649 0.5726125 0.5019649 0.5924336 0.2576485 0.06722331 0.2378243 0.01131051 0.2576485 0.01131051 0.0933395 0.9794133 0.06183499 0.9577224 0.0933395 0.9577224 0.2860063 0.0125038 0.2272518 0.04059422 0.2860063 0.04059422 0.5019649 0.6650581 0.5264263 0.6573453 0.5019649 0.6650581 0.7083124 0.5020942 0.667324 0.5020942 0.7083124 0.5020942 0.0180518 0.04059422 0.03483819 0.04059422 0.0180518 0.04059422 0.3642606 0.5996077 0.3516734 0.5897166 0.3608949 0.5989381 0.349364 0.605778 0.3470824 0.6008002 0.3448335 0.6012476 0.3608949 0.5989381 0.349364 0.605778 0.3642606 0.5996077 0.3448335 0.6012476 0.3516734 0.5897166 0.3510038 0.5863509 0.3498113 0.6035292 0.3516734 0.5897166 0.3470824 0.6008002 0.667324 0.496313 0.7083124 0.4803824 0.7083124 0.496313 0.2287724 0.833279 0.1123736 0.9647955 0.1123736 0.833279 0.5884781 0.8468639 0.4970621 0.9634653 0.4970621 0.8468639 0.7083124 0.4803824 0.667324 0.496313 0.7083124 0.496313 0.1123736 0.9647955 0.2287724 0.833279 0.1123736 0.833279 0.5941796 0.9634653 0.7042512 0.8468639 0.5941796 0.8468639 0.0933395 0.9649527 0.0933395 0.9649527 0.06183499 0.9649527 0.0933395 0.9577224 0.06183499 0.8348073 0.0933395 0.8348073 0.8088726 0.6536931 0.8634112 0.69436 0.8088726 0.69436 0 0 0 0 0 0 0 0 0 0 0 0 0 0 0 0 0 0 0.9027719 0.8165525 0.8684977 0.862082 0.8684977 0.8165525 0.9637713 0.8602091 0.9843581 0.7739409 0.9843581 0.8602091 0.9637713 0.8415018 0.9843581 0.7926481 0.9843581 0.8415018 0.9637713 0.7926481 0.9843581 0.8415018 0.9843581 0.7926481 0.9637713 0.7739409 0.9843581 0.8602091 0.9843581 0.7739409 0.9468984 0.8163083 0.9112601 0.8618378 0.9112601 0.8163083 0.9637713 0.8602091 0.9843581 0.7739409 0.9843581 0.8602091 0.9637713 0.8415018 0.9843581 0.7926481 0.9843581 0.8415018 0.9637713 0.7926481 0.9843581 0.8415018 0.9843581 0.7926481 0.9637713 0.7739409 0.9843581 0.8602091 0.9843581 0.7739409 0.9834537 0.2492127 0.9289617 0.306621 0.9289617 0.2492127 0.9637713 0.8602091 0.9843581 0.7739409 0.9843581 0.8602091 0.9637713 0.8415018 0.9843581 0.7926481 0.9843581 0.8415018 0.9637713 0.7926481 0.9843581 0.8415018 0.9843581 0.7926481 0.9637713 0.7739409 0.9843581 0.8602091 0.9843581 0.7739409 0.5639454 0.07845765 0.5141394 0.108676 0.5061941 0.07845765 0.7831522 0.1471922 0.8069093 0.1432049 0.8306663 0.1700437 0.6216966 0.07845765 0.5679181 0.108676 0.5639454 0.07845765 0.6216966 0.07845765 0.5141394 0.108676 0.6216966 0.108676 0.5061941 0.07845765 0.5047559 0.108676 0.4961174 0.07845765 0.6216966 0.07845765 0.5141392 0.108676 0.6216966 0.108676 0.5061941 0.07845765 0.5047559 0.108676 0.5141394 0.108676 0.6216966 0.07845765 0.7292538 0.108676 0.7371991 0.07845765 0.5141394 0.108676 0.5639454 0.07845765 0.5061941 0.07845765 0.8306663 0.2157467 0.8069093 0.2425854 0.7831522 0.2385982 0.5679181 0.108676 0.6216966 0.07845765 0.5639454 0.07845765 0.6216966 0.07845765 0.5141394 0.108676 0.5061941 0.07845765 0.5047559 0.108676 0.5061941 0.07845765 0.4961174 0.07845765 0.6216966 0.07845765 0.5141392 0.108676 0.5061939 0.07845765 0.5061941 0.07845765 0.5047559 0.108676 0.4961174 0.07845765 0.7292538 0.108676 0.6216966 0.07845765 0.7371991 0.07845765 0.5639454 0.07845765 0.5141394 0.108676 0.5061941 0.07845765 0.7831522 0.1471922 0.8069093 0.1432049 0.8306663 0.1700437 0.6216966 0.07845765 0.5679181 0.108676 0.5639454 0.07845765 0.6216966 0.07845765 0.5141394 0.108676 0.6216966 0.108676 0.5061941 0.07845765 0.5047559 0.108676 0.4961174 0.07845765 0.6216966 0.07845765 0.5141392 0.108676 0.6216966 0.108676 0.5061941 0.07845765 0.5047559 0.108676 0.5141394 0.108676 0.6216966 0.07845765 0.7292538 0.108676 0.7371991 0.07845765 0.5141394 0.108676 0.5639454 0.07845765 0.5061941 0.07845765 0.8306663 0.2157467 0.8069093 0.2425854 0.7831522 0.2385982 0.5679181 0.108676 0.6216966 0.07845765 0.5639454 0.07845765 0.6216966 0.07845765 0.5141394 0.108676 0.5061941 0.07845765 0.5047559 0.108676 0.5061941 0.07845765 0.4961174 0.07845765 0.6216966 0.07845765 0.5141392 0.108676 0.5061939 0.07845765 0.5061941 0.07845765 0.5047559 0.108676 0.4961174 0.07845765 0.7292538 0.108676 0.6216966 0.07845765 0.7371991 0.07845765 0.9526062 0.8790053 0.923717 0.9022895 0.923717 0.8790053 0.984358 0.7976663 0.9637713 0.7739409 0.9843581 0.7739409 0.9637713 0.8415018 0.9843581 0.7926481 0.9843581 0.8415018 0.9637713 0.7926481 0.9843581 0.8415018 0.9843581 0.7926481 0.9637713 0.7976664 0.9843581 0.8602091 0.9843581 0.7976663 0.9637713 0.7739409 0.9843581 0.7976663 0.9843581 0.7739409 0.9637713 0.8602091 0.984358 0.7976663 0.9843581 0.8602091 0.9526063 0.8701725 0.923717 0.8790053 0.923717 0.8701725 0.6266466 0.5345548 0.6318137 0.4103004 0.6318137 0.5345548 0.6325538 0.4173228 0.6377208 0.4173228 0.6377208 0.5260165 0.5916717 0.2689922 0.5757678 0.2767974 0.5916717 0.2767974 0.5916717 0.2689922 0.5757678 0.2611868 0.5748427 0.2689922 0.5916717 0.2838451 0.5780013 0.2752993 0.5757678 0.2826216 0.5916717 0.2760398 0.5802348 0.2679775 0.5780013 0.2752993 0.5916717 0.2611868 0.5811598 0.2689922 0.5802348 0.2611868 0.5916717 0.2767974 0.5811598 0.2689922 0.5916717 0.2689922 0.5916717 0.2760398 0.5802348 0.2679775 0.5916717 0.2682346 0.5916717 0.2838451 0.5780013 0.2752993 0.5916717 0.2760398 0.5748427 0.2689922 0.5663785 0.2767974 0.5757678 0.2767974 0.5715214 0.273428 0.57797 0.2539633 0.5715214 0.2539633 0.5748427 0.2689922 0.5663785 0.2611868 0.5640403 0.2689922 0.584419 0.273428 0.57797 0.2539633 0.57797 0.2749915 0.5757678 0.2826216 0.5720228 0.2696532 0.5663785 0.273428 0.5720228 0.2696532 0.5642551 0.2539633 0.5663785 0.273428 0.5780013 0.2752993 0.5776674 0.2658784 0.5720228 0.2696532 0.5776674 0.2658784 0.5707041 0.2539633 0.5720228 0.2696532 0.5802348 0.2611868 0.5800054 0.2689922 0.5776674 0.2611868 0.57797 0.2643149 0.584419 0.2539633 0.584419 0.2658784 0.5802348 0.2767974 0.5800054 0.2689922 0.5811598 0.2689922 0.57797 0.2643149 0.5715214 0.2539633 0.57797 0.2539633 0.5780013 0.2752993 0.5776674 0.2658784 0.5802348 0.2679775 0.5776674 0.2658784 0.5707041 0.2539633 0.5771527 0.2539633 0.5757678 0.2826216 0.5720228 0.2696532 0.5780013 0.2752993 0.5720228 0.2696532 0.5642551 0.2539633 0.5707041 0.2539633 0.6266127 0.5345548 0.6317797 0.4103004 0.6317797 0.5345548 0.6369808 0.5345548 0.6318137 0.4103004 0.6318137 0.5345548 0.6318137 0.5345548 0.6369808 0.4103004 0.6369808 0.5345548 0.6317797 0.5345548 0.6369468 0.4103004 0.6369468 0.5345548 0.6318137 0.5345548 0.6266466 0.4103004 0.6266466 0.5345548 0.6321751 0.4173228 0.6373423 0.4173228 0.6373423 0.5260165 0.6373423 0.4173228 0.6321751 0.4173228 0.6321751 0.5260165 0.6273868 0.4173228 0.6325538 0.4173228 0.6325538 0.5260165 0.6321751 0.4173228 0.6321751 0.5260165 0.6270081 0.5260165 0.6377208 0.4173228 0.6325538 0.4173228 0.6325538 0.5260165 0.5916717 0.2689922 0.5748427 0.2689922 0.5757678 0.2767974 0.5916717 0.2689922 0.5916717 0.2611868 0.5757678 0.2611868 0.5916717 0.2838451 0.5916717 0.2760398 0.5780013 0.2752993 0.5916717 0.2760398 0.5916717 0.2682346 0.5802348 0.2679775 0.5916717 0.2611868 0.5916717 0.2689922 0.5811598 0.2689922 0.5916717 0.2767974 0.5802348 0.2767974 0.5811598 0.2689922 0.5916717 0.2760398 0.5780013 0.2752993 0.5802348 0.2679775 0.5916717 0.2838451 0.5757678 0.2826216 0.5780013 0.2752993 0.5748427 0.2689922 0.5640403 0.2689922 0.5663785 0.2767974 0.5715214 0.273428 0.57797 0.2749915 0.57797 0.2539633 0.5748427 0.2689922 0.5757678 0.2611868 0.5663785 0.2611868 0.584419 0.273428 0.584419 0.2539633 0.57797 0.2539633 0.5757678 0.2826216 0.5780013 0.2752993 0.5720228 0.2696532 0.5720228 0.2696532 0.5707041 0.2539633 0.5642551 0.2539633 0.5780013 0.2752993 0.5802348 0.2679775 0.5776674 0.2658784 0.5776674 0.2658784 0.5771527 0.2539633 0.5707041 0.2539633 0.5802348 0.2611868 0.5811598 0.2689922 0.5800054 0.2689922 0.57797 0.2643149 0.57797 0.2539633 0.584419 0.2539633 0.5802348 0.2767974 0.5776674 0.2767974 0.5800054 0.2689922 0.57797 0.2643149 0.5715214 0.2658784 0.5715214 0.2539633 0.5780013 0.2752993 0.5720228 0.2696532 0.5776674 0.2658784 0.5776674 0.2658784 0.5720228 0.2696532 0.5707041 0.2539633 0.5757678 0.2826216 0.5663785 0.273428 0.5720228 0.2696532 0.5720228 0.2696532 0.5663785 0.273428 0.5642551 0.2539633 0.6369468 0.5345548 0.6317797 0.4103004 0.6317797 0.5345548 0.6317797 0.5345548 0.6266127 0.4103004 0.6266127 0.5345548 0.6321751 0.4173228 0.6270081 0.4173228 0.6270081 0.5260165 0.6325538 0.4173228 0.6273868 0.4173228 0.6273868 0.5260165 0.6266466 0.5345548 0.6318137 0.4103004 0.6318137 0.5345548 0.6325538 0.4173228 0.6377208 0.4173228 0.6377208 0.5260165 0.5916717 0.2689922 0.5757678 0.2767974 0.5916717 0.2767974 0.5916717 0.2689922 0.5757678 0.2611868 0.5748427 0.2689922 0.5916717 0.2838451 0.5780013 0.2752993 0.5757678 0.2826216 0.5916717 0.2760398 0.5802348 0.2679775 0.5780013 0.2752993 0.5916717 0.2611868 0.5811598 0.2689922 0.5802348 0.2611868 0.5916717 0.2767974 0.5811598 0.2689922 0.5916717 0.2689922 0.5916717 0.2760398 0.5802348 0.2679775 0.5916717 0.2682346 0.5916717 0.2838451 0.5780013 0.2752993 0.5916717 0.2760398 0.5748427 0.2689922 0.5663785 0.2767974 0.5757678 0.2767974 0.5715214 0.273428 0.57797 0.2539633 0.5715214 0.2539633 0.5748427 0.2689922 0.5663785 0.2611868 0.5640403 0.2689922 0.584419 0.273428 0.57797 0.2539633 0.57797 0.2749915 0.5757678 0.2826216 0.5720228 0.2696532 0.5663785 0.273428 0.5720228 0.2696532 0.5642551 0.2539633 0.5663785 0.273428 0.5780013 0.2752993 0.5776674 0.2658784 0.5720228 0.2696532 0.5776674 0.2658784 0.5707041 0.2539633 0.5720228 0.2696532 0.5802348 0.2611868 0.5800054 0.2689922 0.5776674 0.2611868 0.57797 0.2643149 0.584419 0.2539633 0.584419 0.2658784 0.5802348 0.2767974 0.5800054 0.2689922 0.5811598 0.2689922 0.57797 0.2643149 0.5715214 0.2539633 0.57797 0.2539633 0.5780013 0.2752993 0.5776674 0.2658784 0.5802348 0.2679775 0.5776674 0.2658784 0.5707041 0.2539633 0.5771527 0.2539633 0.5757678 0.2826216 0.5720228 0.2696532 0.5780013 0.2752993 0.5720228 0.2696532 0.5642551 0.2539633 0.5707041 0.2539633 0.6266127 0.5345548 0.6317797 0.4103004 0.6317797 0.5345548 0.6369808 0.5345548 0.6318137 0.4103004 0.6318137 0.5345548 0.6318137 0.5345548 0.6369808 0.4103004 0.6369808 0.5345548 0.6317797 0.5345548 0.6369468 0.4103004 0.6369468 0.5345548 0.6318137 0.5345548 0.6266466 0.4103004 0.6266466 0.5345548 0.6321751 0.4173228 0.6373423 0.4173228 0.6373423 0.5260165 0.6373423 0.4173228 0.6321751 0.4173228 0.6321751 0.5260165 0.6273868 0.4173228 0.6325538 0.4173228 0.6325538 0.5260165 0.6321751 0.4173228 0.6321751 0.5260165 0.6270081 0.5260165 0.6377208 0.4173228 0.6325538 0.4173228 0.6325538 0.5260165 0.5916717 0.2689922 0.5748427 0.2689922 0.5757678 0.2767974 0.5916717 0.2689922 0.5916717 0.2611868 0.5757678 0.2611868 0.5916717 0.2838451 0.5916717 0.2760398 0.5780013 0.2752993 0.5916717 0.2760398 0.5916717 0.2682346 0.5802348 0.2679775 0.5916717 0.2611868 0.5916717 0.2689922 0.5811598 0.2689922 0.5916717 0.2767974 0.5802348 0.2767974 0.5811598 0.2689922 0.5916717 0.2760398 0.5780013 0.2752993 0.5802348 0.2679775 0.5916717 0.2838451 0.5757678 0.2826216 0.5780013 0.2752993 0.5748427 0.2689922 0.5640403 0.2689922 0.5663785 0.2767974 0.5715214 0.273428 0.57797 0.2749915 0.57797 0.2539633 0.5748427 0.2689922 0.5757678 0.2611868 0.5663785 0.2611868 0.584419 0.273428 0.584419 0.2539633 0.57797 0.2539633 0.5757678 0.2826216 0.5780013 0.2752993 0.5720228 0.2696532 0.5720228 0.2696532 0.5707041 0.2539633 0.5642551 0.2539633 0.5780013 0.2752993 0.5802348 0.2679775 0.5776674 0.2658784 0.5776674 0.2658784 0.5771527 0.2539633 0.5707041 0.2539633 0.5802348 0.2611868 0.5811598 0.2689922 0.5800054 0.2689922 0.57797 0.2643149 0.57797 0.2539633 0.584419 0.2539633 0.5802348 0.2767974 0.5776674 0.2767974 0.5800054 0.2689922 0.57797 0.2643149 0.5715214 0.2658784 0.5715214 0.2539633 0.5780013 0.2752993 0.5720228 0.2696532 0.5776674 0.2658784 0.5776674 0.2658784 0.5720228 0.2696532 0.5707041 0.2539633 0.5757678 0.2826216 0.5663785 0.273428 0.5720228 0.2696532 0.5720228 0.2696532 0.5663785 0.273428 0.5642551 0.2539633 0.6369468 0.5345548 0.6317797 0.4103004 0.6317797 0.5345548 0.6317797 0.5345548 0.6266127 0.4103004 0.6266127 0.5345548 0.6321751 0.4173228 0.6270081 0.4173228 0.6270081 0.5260165 0.6325538 0.4173228 0.6273868 0.4173228 0.6273868 0.5260165 0.6266466 0.5345548 0.6318137 0.4103004 0.6318137 0.5345548 0.6325538 0.4173228 0.6377208 0.4173228 0.6377208 0.5260165 0.5916717 0.2689922 0.5757678 0.2767974 0.5916717 0.2767974 0.5916717 0.2689922 0.5757678 0.2611868 0.5748427 0.2689922 0.5916717 0.2838451 0.5780013 0.2752993 0.5757678 0.2826216 0.5916717 0.2760398 0.5802348 0.2679775 0.5780013 0.2752993 0.5916717 0.2611868 0.5811598 0.2689922 0.5802348 0.2611868 0.5916717 0.2767974 0.5811598 0.2689922 0.5916717 0.2689922 0.5916717 0.2760398 0.5802348 0.2679775 0.5916717 0.2682346 0.5916717 0.2838451 0.5780013 0.2752993 0.5916717 0.2760398 0.5748427 0.2689922 0.5663785 0.2767974 0.5757678 0.2767974 0.5715214 0.273428 0.57797 0.2539633 0.5715214 0.2539633 0.5748427 0.2689922 0.5663785 0.2611868 0.5640403 0.2689922 0.584419 0.273428 0.57797 0.2539633 0.57797 0.2749915 0.5757678 0.2826216 0.5720228 0.2696532 0.5663785 0.273428 0.5720228 0.2696532 0.5642551 0.2539633 0.5663785 0.273428 0.5780013 0.2752993 0.5776674 0.2658784 0.5720228 0.2696532 0.5776674 0.2658784 0.5707041 0.2539633 0.5720228 0.2696532 0.5802348 0.2611868 0.5800054 0.2689922 0.5776674 0.2611868 0.57797 0.2643149 0.584419 0.2539633 0.584419 0.2658784 0.5802348 0.2767974 0.5800054 0.2689922 0.5811598 0.2689922 0.57797 0.2643149 0.5715214 0.2539633 0.57797 0.2539633 0.5780013 0.2752993 0.5776674 0.2658784 0.5802348 0.2679775 0.5776674 0.2658784 0.5707041 0.2539633 0.5771527 0.2539633 0.5757678 0.2826216 0.5720228 0.2696532 0.5780013 0.2752993 0.5720228 0.2696532 0.5642551 0.2539633 0.5707041 0.2539633 0.6266127 0.5345548 0.6317797 0.4103004 0.6317797 0.5345548 0.6369808 0.5345548 0.6318137 0.4103004 0.6318137 0.5345548 0.6318137 0.5345548 0.6369808 0.4103004 0.6369808 0.5345548 0.6317797 0.5345548 0.6369468 0.4103004 0.6369468 0.5345548 0.6318137 0.5345548 0.6266466 0.4103004 0.6266466 0.5345548 0.6321751 0.4173228 0.6373423 0.4173228 0.6373423 0.5260165 0.6373423 0.4173228 0.6321751 0.4173228 0.6321751 0.5260165 0.6273868 0.4173228 0.6325538 0.4173228 0.6325538 0.5260165 0.6321751 0.4173228 0.6321751 0.5260165 0.6270081 0.5260165 0.6377208 0.4173228 0.6325538 0.4173228 0.6325538 0.5260165 0.5916717 0.2689922 0.5748427 0.2689922 0.5757678 0.2767974 0.5916717 0.2689922 0.5916717 0.2611868 0.5757678 0.2611868 0.5916717 0.2838451 0.5916717 0.2760398 0.5780013 0.2752993 0.5916717 0.2760398 0.5916717 0.2682346 0.5802348 0.2679775 0.5916717 0.2611868 0.5916717 0.2689922 0.5811598 0.2689922 0.5916717 0.2767974 0.5802348 0.2767974 0.5811598 0.2689922 0.5916717 0.2760398 0.5780013 0.2752993 0.5802348 0.2679775 0.5916717 0.2838451 0.5757678 0.2826216 0.5780013 0.2752993 0.5748427 0.2689922 0.5640403 0.2689922 0.5663785 0.2767974 0.5715214 0.273428 0.57797 0.2749915 0.57797 0.2539633 0.5748427 0.2689922 0.5757678 0.2611868 0.5663785 0.2611868 0.584419 0.273428 0.584419 0.2539633 0.57797 0.2539633 0.5757678 0.2826216 0.5780013 0.2752993 0.5720228 0.2696532 0.5720228 0.2696532 0.5707041 0.2539633 0.5642551 0.2539633 0.5780013 0.2752993 0.5802348 0.2679775 0.5776674 0.2658784 0.5776674 0.2658784 0.5771527 0.2539633 0.5707041 0.2539633 0.5802348 0.2611868 0.5811598 0.2689922 0.5800054 0.2689922 0.57797 0.2643149 0.57797 0.2539633 0.584419 0.2539633 0.5802348 0.2767974 0.5776674 0.2767974 0.5800054 0.2689922 0.57797 0.2643149 0.5715214 0.2658784 0.5715214 0.2539633 0.5780013 0.2752993 0.5720228 0.2696532 0.5776674 0.2658784 0.5776674 0.2658784 0.5720228 0.2696532 0.5707041 0.2539633 0.5757678 0.2826216 0.5663785 0.273428 0.5720228 0.2696532 0.5720228 0.2696532 0.5663785 0.273428 0.5642551 0.2539633 0.6369468 0.5345548 0.6317797 0.4103004 0.6317797 0.5345548 0.6317797 0.5345548 0.6266127 0.4103004 0.6266127 0.5345548 0.6321751 0.4173228 0.6270081 0.4173228 0.6270081 0.5260165 0.6325538 0.4173228 0.6273868 0.4173228 0.6273868 0.5260165 0.7895353 0.5340757 0.7937536 0.5302653 0.7937536 0.5340757 0.7895353 0.5302653 0.7937536 0.5302653 0.7895353 0.5302653 0.7937536 0.5340757 0.7895353 0.5340757 0.7937536 0.5340757 0.7937536 0.5302653 0.7937536 0.5340757 0.7937536 0.5302653 0.7895353 0.5340757 0.7895353 0.5302653 0.7895353 0.5340757 0.3303797 0.3468406 0.4302534 0.3468406 0.4262464 0.4121849 0.2410821 0.5457557 0.1676613 0.5457557 0.1612558 0.5394408 0.4262464 0.4121849 0.3343868 0.4121849 0.3303797 0.3468406 0.1676613 0.5457557 0.2410821 0.5457557 0.1612558 0.5394408 0.4383505 0.4963077 0.3222827 0.4963077 0.4336937 0.4516934 0.2410821 0.3883602 0.1676613 0.3883602 0.1612558 0.3946751 0.6547213 0.6984756 0.6528763 0.6996532 0.6062175 0.6793937 0.6528763 0.6996532 0.6062175 0.6996532 0.6062175 0.6793937 0.6713392 0.6793937 0.6713392 0.6793937 0.6547213 0.6984756 0.6062175 0.6793937 0.6062175 0.6996532 0.5595588 0.6996532 0.6062175 0.6793937 0.5595588 0.6996532 0.5577139 0.6984756 0.541096 0.6793937 0.541096 0.6793937 0.6062175 0.6793937 0.6743776 0.7406392 0.6743776 0.756605 0.6794569 0.756605 0.6743776 0.7246734 0.6743776 0.7406392 0.6794569 0.7406392 0.1579511 0.801326 0.1231055 0.801326 0.1231055 0.758742 0.6743776 0.7287476 0.6794569 0.7287476 0.6794569 0.7292 0.6536272 0.6309564 0.6641631 0.6309564 0.6641631 0.6518796 0.1988156 0.8034791 0.3606068 0.8034791 0.3606068 0.9789481 0.6390876 0.2134994 0.611855 0.2134994 0.611855 0.3250815 0.5610751 0.5694844 0.5505391 0.5694844 0.5505391 0.6893737 0.6536272 0.6309564 0.6641631 0.6309564 0.6641631 0.6518796 0.5505391 0.5694844 0.5610751 0.5694844 0.5610751 0.6893737 0.6399059 0.2134994 0.6126734 0.2134994 0.6126734 0.3250815 0.3656287 0.8034791 0.1919025 0.8034791 0.1919025 0.9789481 0.6743776 0.6976776 0.6743776 0.6976776 0.6794569 0.6976776 0.6743776 0.6976776 0.6743776 0.6976776 0.6794569 0.6976776 0.1927968 0.801326 0.1579511 0.801326 0.1579511 0.758742 0.1217277 0.758742 0.1217277 0.801326 0.1093171 0.801326 0.1941747 0.801326 0.1941747 0.758742 0.2065852 0.758742 0.679457 0.7525309 0.6743776 0.7525309 0.6743776 0.7520785 0.04440301 0.4423708 0.04440301 0.3917201 0.08496099 0.3917201 0.08496099 0.4423708 0.08496099 0.3917201 0.1255187 0.3917201 0.1255187 0.4817886 0.08496099 0.4817886 0.08496099 0.4423708 0.06263053 0.4423708 0.09610992 0.4817886 0.09610992 0.3917201 0.09610992 0.3917201 0.09610992 0.4817886 0.06263053 0.4423708 0.08496099 0.4817886 0.04440301 0.4817886 0.04440301 0.4423708 0.09610992 0.3917201 0.1073239 0.3917201 0.1073239 0.4817886 0.1255187 0.4560625 0.1255187 0.4672765 0.08496099 0.4672765 0.09610992 0.4817886 0.1073239 0.4817886 0.1073239 0.3917201 0.08496099 0.4560625 0.08496099 0.4672765 0.04440325 0.4672765 0.5884781 0.9634653 0.5884781 0.9761435 0.4970621 0.9761435 0.1264595 0.9647955 0.1264595 0.9790955 0.01006048 0.9790955 0.667324 0.4224902 0.667324 0.3428862 0.7083124 0.3428862 0.5251143 0.5895866 0.5026622 0.5802868 0.5026622 0.5802868 0.5019649 0.5924336 0.5019649 0.6650581 0.5264263 0.6573453 0.5251143 0.5895866 0.5026622 0.5802868 0.5026622 0.6678558 0.2272518 0.0125038 0.03483819 0.0125038 0.03483819 0.04059422 0.03483819 0.0125038 0.0180518 0.0125038 0.0180518 0.04059422 0.667324 0.4942876 0.667324 0.4224902 0.7083124 0.4224902 0.2081236 0.002086818 0.2081236 0.100988 0.01622813 0.100988 0.2090185 0.005640447 0.2090185 0.1016669 0.01439154 0.1016669 0.4784199 0.0125038 0.2860063 0.0125038 0.2860063 0.04059422 0.5264263 0.5924336 0.5264263 0.5726125 0.5019649 0.5726125 0 0 0 0 0 0 0.8367744 0.07038205 0.7573023 0.07038205 0.7573023 0.02460676 0.2860063 0.0125038 0.2272518 0.0125038 0.2272518 0.04059422 0.5019649 0.6650581 0.5264263 0.6573453 0.5264263 0.6573453 0.7083124 0.5020942 0.667324 0.5020942 0.667324 0.5020942 0.0180518 0.04059422 0.03483819 0.04059422 0.03483819 0.04059422 0.3642606 0.5996077 0.3510038 0.5863509 0.3516734 0.5897166 0.349364 0.605778 0.3498113 0.6035292 0.3470824 0.6008002 0.3608949 0.5989381 0.3498113 0.6035292 0.349364 0.605778 0.3448335 0.6012476 0.3470824 0.6008002 0.3516734 0.5897166 0.3498113 0.6035292 0.3608949 0.5989381 0.3516734 0.5897166 0.4970621 0.9761435 0.5884781 0.9761435 0.5884781 0.9634653 0.01006048 0.9790955 0.1264595 0.9790955 0.1264595 0.9647955 0.7083124 0.3428862 0.667324 0.3428862 0.667324 0.4224902 0.5026622 0.5802868 0.5026622 0.5802868 0.5251143 0.5895866 0.5264263 0.6573453 0.5019649 0.6650581 0.5019649 0.5924336 0.5251143 0.5895866 0.5251143 0.6678558 0.5026622 0.6678558 0.03483819 0.04059422 0.03483819 0.0125038 0.2272518 0.0125038 0.0180518 0.04059422 0.0180518 0.0125038 0.03483819 0.0125038 0.7083124 0.4224902 0.667324 0.4224902 0.667324 0.4942876 0.01622813 0.100988 0.2081236 0.100988 0.2081236 0.002086818 0.01439154 0.1016669 0.2090185 0.1016669 0.2090185 0.005640447 0.2860063 0.04059422 0.2860063 0.0125038 0.4784199 0.0125038 0.5019649 0.5726125 0.5264263 0.5726125 0.5264263 0.5924336 0.2378243 0.01131051 0.2378243 0.06722331 0.2576485 0.06722331 0.06183499 0.9577224 0.06183499 0.9794133 0.0933395 0.9794133 0.2272518 0.04059422 0.2272518 0.0125038 0.2860063 0.0125038 0.5264263 0.6573453 0.5264263 0.6573453 0.5019649 0.6650581 0.667324 0.5020942 0.667324 0.5020942 0.7083124 0.5020942 0.03483819 0.04059422 0.03483819 0.04059422 0.0180518 0.04059422 0.3516734 0.5897166 0.3510038 0.5863509 0.3642606 0.5996077 0.349364 0.605778 0.3448335 0.6012476 0.3470824 0.6008002 0.349364 0.605778 0.3498113 0.6035292 0.3608949 0.5989381 0.3448335 0.6012476 0.3510038 0.5863509 0.3516734 0.5897166 0.3470824 0.6008002 0.3516734 0.5897166 0.3608949 0.5989381 0.7083124 0.4803824 0.667324 0.4803824 0.667324 0.496313 0.01006048 0.9647955 0.1264595 0.9647955 0.1264595 0.833279 0.4970621 0.9634653 0.5884781 0.9634653 0.5884781 0.8468639 0.667324 0.496313 0.667324 0.4803824 0.7083124 0.4803824 0.1264595 0.833279 0.1264595 0.9647955 0.01006048 0.9647955 0.5884781 0.8468639 0.5884781 0.9634653 0.4970621 0.9634653 0.06183499 0.9649527 0.0933395 0.9649527 0.06183499 0.9649527 0.06183499 0.8348073 0.06183499 0.9577224 0.0933395 0.9577224 0.8634112 0.6536931 0.9106256 0.6536931 0.9106256 0.69436 0 0 0 0 0 0 0.4970621 0.9761435 0.5884781 0.9761435 0.5884781 0.9634653 0.1123736 0.9790955 0.2287724 0.9790955 0.2287724 0.9647955 0.7083124 0.3428862 0.667324 0.3428862 0.667324 0.4224902 0.5026622 0.5802868 0.5026622 0.5802868 0.5251143 0.5895866 0.5264263 0.6573453 0.5019649 0.6650581 0.5019649 0.5924336 0.5251143 0.5895866 0.5251143 0.6678558 0.5026622 0.6678558 0.03483819 0.04059422 0.03483819 0.0125038 0.2272518 0.0125038 0.0180518 0.04059422 0.0180518 0.0125038 0.03483819 0.0125038 0.7083124 0.4224902 0.667324 0.4224902 0.667324 0.4942876 0.01622813 0.100988 0.2081236 0.100988 0.2081236 0.002086818 0.01439154 0.1016669 0.2090185 0.1016669 0.2090185 0.005640447 0.2860063 0.04059422 0.2860063 0.0125038 0.4784199 0.0125038 0.5019649 0.5726125 0.5264263 0.5726125 0.5264263 0.5924336 0 0 0 0 0 0 0.7573023 0.02460676 0.7573023 0.07038205 0.8367745 0.07038205 0.2272518 0.04059422 0.2272518 0.0125038 0.2860063 0.0125038 0.5264263 0.6573453 0.5264263 0.6573453 0.5019649 0.6650581 0.667324 0.5020942 0.667324 0.5020942 0.7083124 0.5020942 0.03483819 0.04059422 0.03483819 0.04059422 0.0180518 0.04059422 0.3516734 0.5897166 0.3510038 0.5863509 0.3642606 0.5996077 0.349364 0.605778 0.3448335 0.6012476 0.3470824 0.6008002 0.349364 0.605778 0.3498113 0.6035292 0.3608949 0.5989381 0.3448335 0.6012476 0.3510038 0.5863509 0.3516734 0.5897166 0.3470824 0.6008002 0.3516734 0.5897166 0.3608949 0.5989381 0.5884781 0.9634653 0.5884781 0.9761435 0.4970621 0.9761435 0.2287724 0.9647955 0.2287724 0.9790955 0.1123736 0.9790955 0.667324 0.4224902 0.667324 0.3428862 0.7083124 0.3428862 0.5251143 0.5895866 0.5026622 0.5802868 0.5026622 0.5802868 0.5019649 0.5924336 0.5019649 0.6650581 0.5264263 0.6573453 0.5251143 0.5895866 0.5026622 0.5802868 0.5026622 0.6678558 0.2272518 0.0125038 0.03483819 0.0125038 0.03483819 0.04059422 0.03483819 0.0125038 0.0180518 0.0125038 0.0180518 0.04059422 0.667324 0.4942876 0.667324 0.4224902 0.7083124 0.4224902 0.2081236 0.002086818 0.2081236 0.100988 0.01622813 0.100988 0.2090185 0.005640447 0.2090185 0.1016669 0.01439154 0.1016669 0.4784199 0.0125038 0.2860063 0.0125038 0.2860063 0.04059422 0.5264263 0.5924336 0.5264263 0.5726125 0.5019649 0.5726125 0.2576485 0.06722331 0.2378243 0.06722331 0.2378243 0.01131051 0.0933395 0.9794133 0.06183499 0.9794133 0.06183499 0.9577224 0.2860063 0.0125038 0.2272518 0.0125038 0.2272518 0.04059422 0.5019649 0.6650581 0.5264263 0.6573453 0.5264263 0.6573453 0.7083124 0.5020942 0.667324 0.5020942 0.667324 0.5020942 0.0180518 0.04059422 0.03483819 0.04059422 0.03483819 0.04059422 0.3642606 0.5996077 0.3510038 0.5863509 0.3516734 0.5897166 0.349364 0.605778 0.3498113 0.6035292 0.3470824 0.6008002 0.3608949 0.5989381 0.3498113 0.6035292 0.349364 0.605778 0.3448335 0.6012476 0.3470824 0.6008002 0.3516734 0.5897166 0.3498113 0.6035292 0.3608949 0.5989381 0.3516734 0.5897166 0.667324 0.496313 0.667324 0.4803824 0.7083124 0.4803824 0.2287724 0.833279 0.2287724 0.9647955 0.1123736 0.9647955 0.5884781 0.8468639 0.5884781 0.9634653 0.4970621 0.9634653 0.7083124 0.4803824 0.667324 0.4803824 0.667324 0.496313 0.1123736 0.9647955 0.2287724 0.9647955 0.2287724 0.833279 0.5941796 0.9634653 0.7042512 0.9634653 0.7042512 0.8468639 0.0933395 0.9649527 0.06183499 0.9649527 0.06183499 0.9649527 0.0933395 0.9577224 0.06183499 0.9577224 0.06183499 0.8348073 0.8088726 0.6536931 0.8634112 0.6536931 0.8634112 0.69436 0 0 0 0 0 0 0 0 0 0 0 0 0 0 0 0 0 0 0.9027719 0.8165525 0.9027719 0.862082 0.8684977 0.862082 0.9637713 0.8602091 0.9637713 0.7739409 0.9843581 0.7739409 0.9637713 0.8415018 0.9637713 0.7926481 0.9843581 0.7926481 0.9637713 0.7926481 0.9637713 0.8415018 0.9843581 0.8415018 0.9637713 0.7739409 0.9637713 0.8602091 0.9843581 0.8602091 0.9468984 0.8163083 0.9468984 0.8618378 0.9112601 0.8618378 0.9637713 0.8602091 0.9637713 0.7739409 0.9843581 0.7739409 0.9637713 0.8415018 0.9637713 0.7926481 0.9843581 0.7926481 0.9637713 0.7926481 0.9637713 0.8415018 0.9843581 0.8415018 0.9637713 0.7739409 0.9637713 0.8602091 0.9843581 0.8602091 0.9834537 0.2492127 0.9834537 0.306621 0.9289617 0.306621 0.9637713 0.8602091 0.9637713 0.7739409 0.9843581 0.7739409 0.9637713 0.8415018 0.9637713 0.7926481 0.9843581 0.7926481 0.9637713 0.7926481 0.9637713 0.8415018 0.9843581 0.8415018 0.9637713 0.7739409 0.9637713 0.8602091 0.9843581 0.8602091 0.5639454 0.07845765 0.5679181 0.108676 0.5141394 0.108676 0.8306663 0.1928952 0.7831522 0.1928952 0.8306663 0.1700437 0.7831522 0.1928952 0.7831522 0.1471922 0.8306663 0.1700437 0.7831522 0.1471922 0.7850586 0.1432049 0.8069093 0.1432049 0.8069093 0.1432049 0.82876 0.1432049 0.8306663 0.1471922 0.8069093 0.1432049 0.8306663 0.1471922 0.8306663 0.1700437 0.6216966 0.07845765 0.6216966 0.108676 0.5679181 0.108676 0.6216966 0.07845765 0.5061941 0.07845765 0.5141394 0.108676 0.5061941 0.07845765 0.5141394 0.108676 0.5047559 0.108676 0.6216966 0.07845765 0.5061939 0.07845765 0.5141392 0.108676 0.5061941 0.07845765 0.4961174 0.07845765 0.5047559 0.108676 0.6216966 0.07845765 0.6216966 0.108676 0.7292538 0.108676 0.5141394 0.108676 0.5679181 0.108676 0.5639454 0.07845765 0.7831522 0.2385982 0.7831522 0.1928952 0.8306663 0.2157467 0.7831522 0.1928952 0.8306663 0.1928952 0.8306663 0.2157467 0.8306663 0.2157467 0.8306663 0.2385982 0.8069093 0.2425854 0.8306663 0.2385982 0.82876 0.2425854 0.8069093 0.2425854 0.8069093 0.2425854 0.7850586 0.2425854 0.7831522 0.2385982 0.5679181 0.108676 0.6216966 0.108676 0.6216966 0.07845765 0.6216966 0.07845765 0.6216966 0.108676 0.5141394 0.108676 0.5047559 0.108676 0.5141394 0.108676 0.5061941 0.07845765 0.6216966 0.07845765 0.6216966 0.108676 0.5141392 0.108676 0.5061941 0.07845765 0.5141394 0.108676 0.5047559 0.108676 0.7292538 0.108676 0.6216966 0.108676 0.6216966 0.07845765 0.5639454 0.07845765 0.5679181 0.108676 0.5141394 0.108676 0.8306663 0.1928952 0.7831522 0.1928952 0.8306663 0.1700437 0.7831522 0.1928952 0.7831522 0.1471922 0.8306663 0.1700437 0.7831522 0.1471922 0.7850586 0.1432049 0.8069093 0.1432049 0.8069093 0.1432049 0.82876 0.1432049 0.8306663 0.1471922 0.8069093 0.1432049 0.8306663 0.1471922 0.8306663 0.1700437 0.6216966 0.07845765 0.6216966 0.108676 0.5679181 0.108676 0.6216966 0.07845765 0.5061941 0.07845765 0.5141394 0.108676 0.5061941 0.07845765 0.5141394 0.108676 0.5047559 0.108676 0.6216966 0.07845765 0.5061939 0.07845765 0.5141392 0.108676 0.5061941 0.07845765 0.4961174 0.07845765 0.5047559 0.108676 0.6216966 0.07845765 0.6216966 0.108676 0.7292538 0.108676 0.5141394 0.108676 0.5679181 0.108676 0.5639454 0.07845765 0.7831522 0.2385982 0.7831522 0.1928952 0.8306663 0.2157467 0.7831522 0.1928952 0.8306663 0.1928952 0.8306663 0.2157467 0.8306663 0.2157467 0.8306663 0.2385982 0.8069093 0.2425854 0.8306663 0.2385982 0.82876 0.2425854 0.8069093 0.2425854 0.8069093 0.2425854 0.7850586 0.2425854 0.7831522 0.2385982 0.5679181 0.108676 0.6216966 0.108676 0.6216966 0.07845765 0.6216966 0.07845765 0.6216966 0.108676 0.5141394 0.108676 0.5047559 0.108676 0.5141394 0.108676 0.5061941 0.07845765 0.6216966 0.07845765 0.6216966 0.108676 0.5141392 0.108676 0.5061941 0.07845765 0.5141394 0.108676 0.5047559 0.108676 0.7292538 0.108676 0.6216966 0.108676 0.6216966 0.07845765 0.9526062 0.8790053 0.9526063 0.9022895 0.923717 0.9022895 0.984358 0.7976663 0.9637712 0.7976663 0.9637713 0.7739409 0.9637713 0.8415018 0.9637713 0.7926481 0.9843581 0.7926481 0.9637713 0.7926481 0.9637713 0.8415018 0.9843581 0.8415018 0.9637713 0.7976664 0.9637713 0.8602091 0.9843581 0.8602091 0.9637713 0.7739409 0.9637713 0.7976664 0.9843581 0.7976663 0.9637713 0.8602091 0.9637712 0.7976663 0.984358 0.7976663 0.9526063 0.8701725 0.9526062 0.8790053 0.923717 0.8790053 0.6266466 0.5345548 0.6266466 0.4103004 0.6318137 0.4103004 0.6325538 0.4173228 0.6377208 0.5260165 0.6325538 0.5260165 0.6266127 0.5345548 0.6266127 0.4103004 0.6317797 0.4103004 0.6369808 0.5345548 0.6369808 0.4103004 0.6318137 0.4103004 0.6318137 0.5345548 0.6318137 0.4103004 0.6369808 0.4103004 0.6317797 0.5345548 0.6317797 0.4103004 0.6369468 0.4103004 0.6318137 0.5345548 0.6318137 0.4103004 0.6266466 0.4103004 0.6321751 0.4173228 0.6373423 0.5260165 0.6321751 0.5260165 0.6373423 0.4173228 0.6321751 0.5260165 0.6373423 0.5260165 0.6273868 0.4173228 0.6325538 0.5260165 0.6273868 0.5260165 0.6321751 0.4173228 0.6270081 0.5260165 0.6270081 0.4173228 0.6377208 0.4173228 0.6325538 0.5260165 0.6377208 0.5260165 0.6369468 0.5345548 0.6369468 0.4103004 0.6317797 0.4103004 0.6317797 0.5345548 0.6317797 0.4103004 0.6266127 0.4103004 0.6321751 0.4173228 0.6270081 0.5260165 0.6321751 0.5260165 0.6325538 0.4173228 0.6273868 0.5260165 0.6325538 0.5260165 0.6266466 0.5345548 0.6266466 0.4103004 0.6318137 0.4103004 0.6325538 0.4173228 0.6377208 0.5260165 0.6325538 0.5260165 0.6266127 0.5345548 0.6266127 0.4103004 0.6317797 0.4103004 0.6369808 0.5345548 0.6369808 0.4103004 0.6318137 0.4103004 0.6318137 0.5345548 0.6318137 0.4103004 0.6369808 0.4103004 0.6317797 0.5345548 0.6317797 0.4103004 0.6369468 0.4103004 0.6318137 0.5345548 0.6318137 0.4103004 0.6266466 0.4103004 0.6321751 0.4173228 0.6373423 0.5260165 0.6321751 0.5260165 0.6373423 0.4173228 0.6321751 0.5260165 0.6373423 0.5260165 0.6273868 0.4173228 0.6325538 0.5260165 0.6273868 0.5260165 0.6321751 0.4173228 0.6270081 0.5260165 0.6270081 0.4173228 0.6377208 0.4173228 0.6325538 0.5260165 0.6377208 0.5260165 0.6369468 0.5345548 0.6369468 0.4103004 0.6317797 0.4103004 0.6317797 0.5345548 0.6317797 0.4103004 0.6266127 0.4103004 0.6321751 0.4173228 0.6270081 0.5260165 0.6321751 0.5260165 0.6325538 0.4173228 0.6273868 0.5260165 0.6325538 0.5260165 0.6266466 0.5345548 0.6266466 0.4103004 0.6318137 0.4103004 0.6325538 0.4173228 0.6377208 0.5260165 0.6325538 0.5260165 0.6266127 0.5345548 0.6266127 0.4103004 0.6317797 0.4103004 0.6369808 0.5345548 0.6369808 0.4103004 0.6318137 0.4103004 0.6318137 0.5345548 0.6318137 0.4103004 0.6369808 0.4103004 0.6317797 0.5345548 0.6317797 0.4103004 0.6369468 0.4103004 0.6318137 0.5345548 0.6318137 0.4103004 0.6266466 0.4103004 0.6321751 0.4173228 0.6373423 0.5260165 0.6321751 0.5260165 0.6373423 0.4173228 0.6321751 0.5260165 0.6373423 0.5260165 0.6273868 0.4173228 0.6325538 0.5260165 0.6273868 0.5260165 0.6321751 0.4173228 0.6270081 0.5260165 0.6270081 0.4173228 0.6377208 0.4173228 0.6325538 0.5260165 0.6377208 0.5260165 0.6369468 0.5345548 0.6369468 0.4103004 0.6317797 0.4103004 0.6317797 0.5345548 0.6317797 0.4103004 0.6266127 0.4103004 0.6321751 0.4173228 0.6270081 0.5260165 0.6321751 0.5260165 0.6325538 0.4173228 0.6273868 0.5260165 0.6325538 0.5260165 0.7895353 0.5340757 0.7895353 0.5302653 0.7937536 0.5302653 0.7895353 0.5302653 0.7937536 0.5302653 0.7937536 0.5302653 0.7937536 0.5340757 0.7895353 0.5340757 0.7895353 0.5340757 0.7937536 0.5302653 0.7937536 0.5340757 0.7937536 0.5340757 0.7895353 0.5340757 0.7895353 0.5302653 0.7895353 0.5302653 0.5639454 0.07845765 0.5141394 0.108676 0.5061941 0.07845765 0.7804113 0.143501 0.8001422 0.1395137 0.819873 0.1663525 0.6216966 0.07845765 0.5679181 0.108676 0.5639454 0.07845765 0.6216966 0.07845765 0.5141394 0.108676 0.6216966 0.108676 0.5061941 0.07845765 0.5047559 0.108676 0.4961174 0.07845765 0.6216966 0.07845765 0.5141392 0.108676 0.6216966 0.108676 0.5061941 0.07845765 0.5047559 0.108676 0.5141394 0.108676 0.6216966 0.07845765 0.7292538 0.108676 0.7371991 0.07845765 0.5141394 0.108676 0.5639454 0.07845765 0.5061941 0.07845765 0.819873 0.2120555 0.8001422 0.2388942 0.7804113 0.234907 0.5679181 0.108676 0.6216966 0.07845765 0.5639454 0.07845765 0.6216966 0.07845765 0.5141394 0.108676 0.5061941 0.07845765 0.5047559 0.108676 0.5061941 0.07845765 0.4961174 0.07845765 0.6216966 0.07845765 0.5141392 0.108676 0.5061939 0.07845765 0.5061941 0.07845765 0.5047559 0.108676 0.4961174 0.07845765 0.7292538 0.108676 0.6216966 0.07845765 0.7371991 0.07845765 0.5639454 0.07845765 0.5679181 0.108676 0.5141394 0.108676 0.819873 0.189204 0.7804113 0.189204 0.819873 0.1663525 0.7804113 0.189204 0.7804113 0.143501 0.819873 0.1663525 0.7804113 0.143501 0.7819946 0.1395137 0.8001422 0.1395137 0.8001422 0.1395137 0.8182897 0.1395137 0.819873 0.143501 0.8001422 0.1395137 0.819873 0.143501 0.819873 0.1663525 0.6216966 0.07845765 0.6216966 0.108676 0.5679181 0.108676 0.6216966 0.07845765 0.5061941 0.07845765 0.5141394 0.108676 0.5061941 0.07845765 0.5141394 0.108676 0.5047559 0.108676 0.6216966 0.07845765 0.5061939 0.07845765 0.5141392 0.108676 0.5061941 0.07845765 0.4961174 0.07845765 0.5047559 0.108676 0.6216966 0.07845765 0.6216966 0.108676 0.7292538 0.108676 0.5141394 0.108676 0.5679181 0.108676 0.5639454 0.07845765 0.7804113 0.234907 0.7804113 0.189204 0.819873 0.2120555 0.7804113 0.189204 0.819873 0.189204 0.819873 0.2120555 0.819873 0.2120555 0.819873 0.234907 0.8001422 0.2388942 0.819873 0.234907 0.8182897 0.2388942 0.8001422 0.2388942 0.8001422 0.2388942 0.7819946 0.2388942 0.7804113 0.234907 0.5679181 0.108676 0.6216966 0.108676 0.6216966 0.07845765 0.6216966 0.07845765 0.6216966 0.108676 0.5141394 0.108676 0.5047559 0.108676 0.5141394 0.108676 0.5061941 0.07845765 0.6216966 0.07845765 0.6216966 0.108676 0.5141392 0.108676 0.5061941 0.07845765 0.5141394 0.108676 0.5047559 0.108676 0.7292538 0.108676 0.6216966 0.108676 0.6216966 0.07845765 0.6266466 0.5345548 0.6318137 0.4103004 0.6318137 0.5345548 0.6325538 0.4173228 0.6377208 0.4173228 0.6377208 0.5260165 0.5916717 0.2689922 0.5757678 0.2767974 0.5916717 0.2767974 0.5916717 0.2689922 0.5757678 0.2611868 0.5748427 0.2689922 0.5916717 0.2838451 0.5780013 0.2752993 0.5757678 0.2826216 0.5916717 0.2760398 0.5802348 0.2679775 0.5780013 0.2752993 0.5916717 0.2611868 0.5811598 0.2689922 0.5802348 0.2611868 0.5916717 0.2767974 0.5811598 0.2689922 0.5916717 0.2689922 0.5916717 0.2760398 0.5802348 0.2679775 0.5916717 0.2682346 0.5916717 0.2838451 0.5780013 0.2752993 0.5916717 0.2760398 0.5748427 0.2689922 0.5663785 0.2767974 0.5757678 0.2767974 0.5715214 0.273428 0.57797 0.2539633 0.5715214 0.2539633 0.5748427 0.2689922 0.5663785 0.2611868 0.5640403 0.2689922 0.584419 0.273428 0.57797 0.2539633 0.57797 0.2749915 0.5757678 0.2826216 0.5720228 0.2696532 0.5663785 0.273428 0.5720228 0.2696532 0.5642551 0.2539633 0.5663785 0.273428 0.5780013 0.2752993 0.5776674 0.2658784 0.5720228 0.2696532 0.5776674 0.2658784 0.5707041 0.2539633 0.5720228 0.2696532 0.5802348 0.2611868 0.5800054 0.2689922 0.5776674 0.2611868 0.57797 0.2643149 0.584419 0.2539633 0.584419 0.2658784 0.5802348 0.2767974 0.5800054 0.2689922 0.5811598 0.2689922 0.57797 0.2643149 0.5715214 0.2539633 0.57797 0.2539633 0.5780013 0.2752993 0.5776674 0.2658784 0.5802348 0.2679775 0.5776674 0.2658784 0.5707041 0.2539633 0.5771527 0.2539633 0.5757678 0.2826216 0.5720228 0.2696532 0.5780013 0.2752993 0.5720228 0.2696532 0.5642551 0.2539633 0.5707041 0.2539633 0.6266127 0.5345548 0.6317797 0.4103004 0.6317797 0.5345548 0.6369808 0.5345548 0.6318137 0.4103004 0.6318137 0.5345548 0.6318137 0.5345548 0.6369808 0.4103004 0.6369808 0.5345548 0.6317797 0.5345548 0.6369468 0.4103004 0.6369468 0.5345548 0.6318137 0.5345548 0.6266466 0.4103004 0.6266466 0.5345548 0.6321751 0.4173228 0.6373423 0.4173228 0.6373423 0.5260165 0.6373423 0.4173228 0.6321751 0.4173228 0.6321751 0.5260165 0.6273868 0.4173228 0.6325538 0.4173228 0.6325538 0.5260165 0.6321751 0.4173228 0.6321751 0.5260165 0.6270081 0.5260165 0.6377208 0.4173228 0.6325538 0.4173228 0.6325538 0.5260165 0.5916717 0.2689922 0.5748427 0.2689922 0.5757678 0.2767974 0.5916717 0.2689922 0.5916717 0.2611868 0.5757678 0.2611868 0.5916717 0.2838451 0.5916717 0.2760398 0.5780013 0.2752993 0.5916717 0.2760398 0.5916717 0.2682346 0.5802348 0.2679775 0.5916717 0.2611868 0.5916717 0.2689922 0.5811598 0.2689922 0.5916717 0.2767974 0.5802348 0.2767974 0.5811598 0.2689922 0.5916717 0.2760398 0.5780013 0.2752993 0.5802348 0.2679775 0.5916717 0.2838451 0.5757678 0.2826216 0.5780013 0.2752993 0.5748427 0.2689922 0.5640403 0.2689922 0.5663785 0.2767974 0.5715214 0.273428 0.57797 0.2749915 0.57797 0.2539633 0.5748427 0.2689922 0.5757678 0.2611868 0.5663785 0.2611868 0.584419 0.273428 0.584419 0.2539633 0.57797 0.2539633 0.5757678 0.2826216 0.5780013 0.2752993 0.5720228 0.2696532 0.5720228 0.2696532 0.5707041 0.2539633 0.5642551 0.2539633 0.5780013 0.2752993 0.5802348 0.2679775 0.5776674 0.2658784 0.5776674 0.2658784 0.5771527 0.2539633 0.5707041 0.2539633 0.5802348 0.2611868 0.5811598 0.2689922 0.5800054 0.2689922 0.57797 0.2643149 0.57797 0.2539633 0.584419 0.2539633 0.5802348 0.2767974 0.5776674 0.2767974 0.5800054 0.2689922 0.57797 0.2643149 0.5715214 0.2658784 0.5715214 0.2539633 0.5780013 0.2752993 0.5720228 0.2696532 0.5776674 0.2658784 0.5776674 0.2658784 0.5720228 0.2696532 0.5707041 0.2539633 0.5757678 0.2826216 0.5663785 0.273428 0.5720228 0.2696532 0.5720228 0.2696532 0.5663785 0.273428 0.5642551 0.2539633 0.6369468 0.5345548 0.6317797 0.4103004 0.6317797 0.5345548 0.6317797 0.5345548 0.6266127 0.4103004 0.6266127 0.5345548 0.6321751 0.4173228 0.6270081 0.4173228 0.6270081 0.5260165 0.6325538 0.4173228 0.6273868 0.4173228 0.6273868 0.5260165 0.6266466 0.5345548 0.6318137 0.4103004 0.6318137 0.5345548 0.6325538 0.4173228 0.6377208 0.4173228 0.6377208 0.5260165 0.5916717 0.2689922 0.5757678 0.2767974 0.5916717 0.2767974 0.5916717 0.2689922 0.5757678 0.2611868 0.5748427 0.2689922 0.5916717 0.2838451 0.5780013 0.2752993 0.5757678 0.2826216 0.5916717 0.2760398 0.5802348 0.2679775 0.5780013 0.2752993 0.5916717 0.2611868 0.5811598 0.2689922 0.5802348 0.2611868 0.5916717 0.2767974 0.5811598 0.2689922 0.5916717 0.2689922 0.5916717 0.2760398 0.5802348 0.2679775 0.5916717 0.2682346 0.5916717 0.2838451 0.5780013 0.2752993 0.5916717 0.2760398 0.5748427 0.2689922 0.5663785 0.2767974 0.5757678 0.2767974 0.5715214 0.273428 0.57797 0.2539633 0.5715214 0.2539633 0.5748427 0.2689922 0.5663785 0.2611868 0.5640403 0.2689922 0.584419 0.273428 0.57797 0.2539633 0.57797 0.2749915 0.5757678 0.2826216 0.5720228 0.2696532 0.5663785 0.273428 0.5720228 0.2696532 0.5642551 0.2539633 0.5663785 0.273428 0.5780013 0.2752993 0.5776674 0.2658784 0.5720228 0.2696532 0.5776674 0.2658784 0.5707041 0.2539633 0.5720228 0.2696532 0.5802348 0.2611868 0.5800054 0.2689922 0.5776674 0.2611868 0.57797 0.2643149 0.584419 0.2539633 0.584419 0.2658784 0.5802348 0.2767974 0.5800054 0.2689922 0.5811598 0.2689922 0.57797 0.2643149 0.5715214 0.2539633 0.57797 0.2539633 0.5780013 0.2752993 0.5776674 0.2658784 0.5802348 0.2679775 0.5776674 0.2658784 0.5707041 0.2539633 0.5771527 0.2539633 0.5757678 0.2826216 0.5720228 0.2696532 0.5780013 0.2752993 0.5720228 0.2696532 0.5642551 0.2539633 0.5707041 0.2539633 0.6266127 0.5345548 0.6317797 0.4103004 0.6317797 0.5345548 0.6369808 0.5345548 0.6318137 0.4103004 0.6318137 0.5345548 0.6318137 0.5345548 0.6369808 0.4103004 0.6369808 0.5345548 0.6317797 0.5345548 0.6369468 0.4103004 0.6369468 0.5345548 0.6318137 0.5345548 0.6266466 0.4103004 0.6266466 0.5345548 0.6321751 0.4173228 0.6373423 0.4173228 0.6373423 0.5260165 0.6373423 0.4173228 0.6321751 0.4173228 0.6321751 0.5260165 0.6273868 0.4173228 0.6325538 0.4173228 0.6325538 0.5260165 0.6321751 0.4173228 0.6321751 0.5260165 0.6270081 0.5260165 0.6377208 0.4173228 0.6325538 0.4173228 0.6325538 0.5260165 0.5916717 0.2689922 0.5748427 0.2689922 0.5757678 0.2767974 0.5916717 0.2689922 0.5916717 0.2611868 0.5757678 0.2611868 0.5916717 0.2838451 0.5916717 0.2760398 0.5780013 0.2752993 0.5916717 0.2760398 0.5916717 0.2682346 0.5802348 0.2679775 0.5916717 0.2611868 0.5916717 0.2689922 0.5811598 0.2689922 0.5916717 0.2767974 0.5802348 0.2767974 0.5811598 0.2689922 0.5916717 0.2760398 0.5780013 0.2752993 0.5802348 0.2679775 0.5916717 0.2838451 0.5757678 0.2826216 0.5780013 0.2752993 0.5748427 0.2689922 0.5640403 0.2689922 0.5663785 0.2767974 0.5715214 0.273428 0.57797 0.2749915 0.57797 0.2539633 0.5748427 0.2689922 0.5757678 0.2611868 0.5663785 0.2611868 0.584419 0.273428 0.584419 0.2539633 0.57797 0.2539633 0.5757678 0.2826216 0.5780013 0.2752993 0.5720228 0.2696532 0.5720228 0.2696532 0.5707041 0.2539633 0.5642551 0.2539633 0.5780013 0.2752993 0.5802348 0.2679775 0.5776674 0.2658784 0.5776674 0.2658784 0.5771527 0.2539633 0.5707041 0.2539633 0.5802348 0.2611868 0.5811598 0.2689922 0.5800054 0.2689922 0.57797 0.2643149 0.57797 0.2539633 0.584419 0.2539633 0.5802348 0.2767974 0.5776674 0.2767974 0.5800054 0.2689922 0.57797 0.2643149 0.5715214 0.2658784 0.5715214 0.2539633 0.5780013 0.2752993 0.5720228 0.2696532 0.5776674 0.2658784 0.5776674 0.2658784 0.5720228 0.2696532 0.5707041 0.2539633 0.5757678 0.2826216 0.5663785 0.273428 0.5720228 0.2696532 0.5720228 0.2696532 0.5663785 0.273428 0.5642551 0.2539633 0.6369468 0.5345548 0.6317797 0.4103004 0.6317797 0.5345548 0.6317797 0.5345548 0.6266127 0.4103004 0.6266127 0.5345548 0.6321751 0.4173228 0.6270081 0.4173228 0.6270081 0.5260165 0.6325538 0.4173228 0.6273868 0.4173228 0.6273868 0.5260165 0.6266466 0.5345548 0.6318137 0.4103004 0.6318137 0.5345548 0.6325538 0.4173228 0.6377208 0.4173228 0.6377208 0.5260165 0.5916717 0.2689922 0.5757678 0.2767974 0.5916717 0.2767974 0.5916717 0.2689922 0.5757678 0.2611868 0.5748427 0.2689922 0.5916717 0.2838451 0.5780013 0.2752993 0.5757678 0.2826216 0.5916717 0.2760398 0.5802348 0.2679775 0.5780013 0.2752993 0.5916717 0.2611868 0.5811598 0.2689922 0.5802348 0.2611868 0.5916717 0.2767974 0.5811598 0.2689922 0.5916717 0.2689922 0.5916717 0.2760398 0.5802348 0.2679775 0.5916717 0.2682346 0.5916717 0.2838451 0.5780013 0.2752993 0.5916717 0.2760398 0.5748427 0.2689922 0.5663785 0.2767974 0.5757678 0.2767974 0.5715214 0.273428 0.57797 0.2539633 0.5715214 0.2539633 0.5748427 0.2689922 0.5663785 0.2611868 0.5640403 0.2689922 0.584419 0.273428 0.57797 0.2539633 0.57797 0.2749915 0.5757678 0.2826216 0.5720228 0.2696532 0.5663785 0.273428 0.5720228 0.2696532 0.5642551 0.2539633 0.5663785 0.273428 0.5780013 0.2752993 0.5776674 0.2658784 0.5720228 0.2696532 0.5776674 0.2658784 0.5707041 0.2539633 0.5720228 0.2696532 0.5802348 0.2611868 0.5800054 0.2689922 0.5776674 0.2611868 0.57797 0.2643149 0.584419 0.2539633 0.584419 0.2658784 0.5802348 0.2767974 0.5800054 0.2689922 0.5811598 0.2689922 0.57797 0.2643149 0.5715214 0.2539633 0.57797 0.2539633 0.5780013 0.2752993 0.5776674 0.2658784 0.5802348 0.2679775 0.5776674 0.2658784 0.5707041 0.2539633 0.5771527 0.2539633 0.5757678 0.2826216 0.5720228 0.2696532 0.5780013 0.2752993 0.5720228 0.2696532 0.5642551 0.2539633 0.5707041 0.2539633 0.6266127 0.5345548 0.6317797 0.4103004 0.6317797 0.5345548 0.6369808 0.5345548 0.6318137 0.4103004 0.6318137 0.5345548 0.6318137 0.5345548 0.6369808 0.4103004 0.6369808 0.5345548 0.6317797 0.5345548 0.6369468 0.4103004 0.6369468 0.5345548 0.6318137 0.5345548 0.6266466 0.4103004 0.6266466 0.5345548 0.6321751 0.4173228 0.6373423 0.4173228 0.6373423 0.5260165 0.6373423 0.4173228 0.6321751 0.4173228 0.6321751 0.5260165 0.6273868 0.4173228 0.6325538 0.4173228 0.6325538 0.5260165 0.6321751 0.4173228 0.6321751 0.5260165 0.6270081 0.5260165 0.6377208 0.4173228 0.6325538 0.4173228 0.6325538 0.5260165 0.5916717 0.2689922 0.5748427 0.2689922 0.5757678 0.2767974 0.5916717 0.2689922 0.5916717 0.2611868 0.5757678 0.2611868 0.5916717 0.2838451 0.5916717 0.2760398 0.5780013 0.2752993 0.5916717 0.2760398 0.5916717 0.2682346 0.5802348 0.2679775 0.5916717 0.2611868 0.5916717 0.2689922 0.5811598 0.2689922 0.5916717 0.2767974 0.5802348 0.2767974 0.5811598 0.2689922 0.5916717 0.2760398 0.5780013 0.2752993 0.5802348 0.2679775 0.5916717 0.2838451 0.5757678 0.2826216 0.5780013 0.2752993 0.5748427 0.2689922 0.5640403 0.2689922 0.5663785 0.2767974 0.5715214 0.273428 0.57797 0.2749915 0.57797 0.2539633 0.5748427 0.2689922 0.5757678 0.2611868 0.5663785 0.2611868 0.584419 0.273428 0.584419 0.2539633 0.57797 0.2539633 0.5757678 0.2826216 0.5780013 0.2752993 0.5720228 0.2696532 0.5720228 0.2696532 0.5707041 0.2539633 0.5642551 0.2539633 0.5780013 0.2752993 0.5802348 0.2679775 0.5776674 0.2658784 0.5776674 0.2658784 0.5771527 0.2539633 0.5707041 0.2539633 0.5802348 0.2611868 0.5811598 0.2689922 0.5800054 0.2689922 0.57797 0.2643149 0.57797 0.2539633 0.584419 0.2539633 0.5802348 0.2767974 0.5776674 0.2767974 0.5800054 0.2689922 0.57797 0.2643149 0.5715214 0.2658784 0.5715214 0.2539633 0.5780013 0.2752993 0.5720228 0.2696532 0.5776674 0.2658784 0.5776674 0.2658784 0.5720228 0.2696532 0.5707041 0.2539633 0.5757678 0.2826216 0.5663785 0.273428 0.5720228 0.2696532 0.5720228 0.2696532 0.5663785 0.273428 0.5642551 0.2539633 0.6369468 0.5345548 0.6317797 0.4103004 0.6317797 0.5345548 0.6317797 0.5345548 0.6266127 0.4103004 0.6266127 0.5345548 0.6321751 0.4173228 0.6270081 0.4173228 0.6270081 0.5260165 0.6325538 0.4173228 0.6273868 0.4173228 0.6273868 0.5260165 0.6266466 0.5345548 0.6266466 0.4103004 0.6318137 0.4103004 0.6325538 0.4173228 0.6377208 0.5260165 0.6325538 0.5260165 0.6266127 0.5345548 0.6266127 0.4103004 0.6317797 0.4103004 0.6369808 0.5345548 0.6369808 0.4103004 0.6318137 0.4103004 0.6318137 0.5345548 0.6318137 0.4103004 0.6369808 0.4103004 0.6317797 0.5345548 0.6317797 0.4103004 0.6369468 0.4103004 0.6318137 0.5345548 0.6318137 0.4103004 0.6266466 0.4103004 0.6321751 0.4173228 0.6373423 0.5260165 0.6321751 0.5260165 0.6373423 0.4173228 0.6321751 0.5260165 0.6373423 0.5260165 0.6273868 0.4173228 0.6325538 0.5260165 0.6273868 0.5260165 0.6321751 0.4173228 0.6270081 0.5260165 0.6270081 0.4173228 0.6377208 0.4173228 0.6325538 0.5260165 0.6377208 0.5260165 0.6369468 0.5345548 0.6369468 0.4103004 0.6317797 0.4103004 0.6317797 0.5345548 0.6317797 0.4103004 0.6266127 0.4103004 0.6321751 0.4173228 0.6270081 0.5260165 0.6321751 0.5260165 0.6325538 0.4173228 0.6273868 0.5260165 0.6325538 0.5260165 0.6266466 0.5345548 0.6266466 0.4103004 0.6318137 0.4103004 0.6325538 0.4173228 0.6377208 0.5260165 0.6325538 0.5260165 0.6266127 0.5345548 0.6266127 0.4103004 0.6317797 0.4103004 0.6369808 0.5345548 0.6369808 0.4103004 0.6318137 0.4103004 0.6318137 0.5345548 0.6318137 0.4103004 0.6369808 0.4103004 0.6317797 0.5345548 0.6317797 0.4103004 0.6369468 0.4103004 0.6318137 0.5345548 0.6318137 0.4103004 0.6266466 0.4103004 0.6321751 0.4173228 0.6373423 0.5260165 0.6321751 0.5260165 0.6373423 0.4173228 0.6321751 0.5260165 0.6373423 0.5260165 0.6273868 0.4173228 0.6325538 0.5260165 0.6273868 0.5260165 0.6321751 0.4173228 0.6270081 0.5260165 0.6270081 0.4173228 0.6377208 0.4173228 0.6325538 0.5260165 0.6377208 0.5260165 0.6369468 0.5345548 0.6369468 0.4103004 0.6317797 0.4103004 0.6317797 0.5345548 0.6317797 0.4103004 0.6266127 0.4103004 0.6321751 0.4173228 0.6270081 0.5260165 0.6321751 0.5260165 0.6325538 0.4173228 0.6273868 0.5260165 0.6325538 0.5260165 0.6266466 0.5345548 0.6266466 0.4103004 0.6318137 0.4103004 0.6325538 0.4173228 0.6377208 0.5260165 0.6325538 0.5260165 0.6266127 0.5345548 0.6266127 0.4103004 0.6317797 0.4103004 0.6369808 0.5345548 0.6369808 0.4103004 0.6318137 0.4103004 0.6318137 0.5345548 0.6318137 0.4103004 0.6369808 0.4103004 0.6317797 0.5345548 0.6317797 0.4103004 0.6369468 0.4103004 0.6318137 0.5345548 0.6318137 0.4103004 0.6266466 0.4103004 0.6321751 0.4173228 0.6373423 0.5260165 0.6321751 0.5260165 0.6373423 0.4173228 0.6321751 0.5260165 0.6373423 0.5260165 0.6273868 0.4173228 0.6325538 0.5260165 0.6273868 0.5260165 0.6321751 0.4173228 0.6270081 0.5260165 0.6270081 0.4173228 0.6377208 0.4173228 0.6325538 0.5260165 0.6377208 0.5260165 0.6369468 0.5345548 0.6369468 0.4103004 0.6317797 0.4103004 0.6317797 0.5345548 0.6317797 0.4103004 0.6266127 0.4103004 0.6321751 0.4173228 0.6270081 0.5260165 0.6321751 0.5260165 0.6325538 0.4173228 0.6273868 0.5260165 0.6325538 0.5260165 0.8367744 0.06704038 0.7573023 0.07210737 0.7573023 0.06704038 0.8367745 0.046503 0.8458667 0.07210737 0.8367744 0.06704038 0.8367745 0.046503 0.7573023 0.04143607 0.8458667 0.04143607 0.8367745 0.06704038 0.7573023 0.07210737 0.8458667 0.07210737 0.8367745 0.046503 0.7573023 0.04143607 0.7573023 0.046503 0.8367745 0.06704038 0.8458667 0.04143607 0.8367745 0.046503 0.6390876 0.2134994 0.611855 0.3250815 0.6390876 0.3250815 0.6399059 0.2134994 0.6126734 0.3250815 0.6399059 0.3250815 0.6390876 0.2134994 0.611855 0.2134994 0.611855 0.3250815 0.6399059 0.2134994 0.6126734 0.2134994 0.6126734 0.3250815 0.7584338 0.06998318 0.7584338 0.04265755 0.8469216 0.04265755 0.7557744 0.06998318 0.7557744 0.04265755 0.8442623 0.04265755 0.7584338 0.06998318 0.8469216 0.04265755 0.8469216 0.06998318 0.7557744 0.06998318 0.8442623 0.04265755 0.8442623 0.06998318 0.6126734 0.2134994 0.6126734 0.3250815 0.6126734 0.2134994 0.611855 0.2134994 0.611855 0.3250815 0.611855 0.2134994 0.6390876 0.2134994 0.611855 0.2134994 0.6390876 0.2134994 0.6399059 0.3250815 0.6399059 0.2134994 0.6399059 0.3250815 0.6126734 0.3250815 0.6399059 0.3250815 0.6126734 0.3250815 0.6390876 0.3250815 0.6390876 0.2134994 0.6390876 0.3250815 0.611855 0.3250815 0.6390876 0.3250815 0.611855 0.3250815 0.6399059 0.2134994 0.6126734 0.2134994 0.6399059 0.2134994 0.7797722 0.6082183 0.7232972 0.6981608 0.7232972 0.6082183 0 0 0 0 0 0 0 0 0 0 0 0 0 0 0 0 0 0 0 0 0 0 0 0 0.7797722 0.6082183 0.7797722 0.6981608 0.7232972 0.6981608 0 0 0 0 0 0 0 0 0 0 0 0 0 0 0 0 0 0 0 0 0 0 0 0 0.7797722 0.6082183 0.7232972 0.6082183 0.7232972 0.6981608 0 0 0 0 0 0 0 0 0 0 0 0 0 0 0 0 0 0 0 0 0 0 0 0 0.7797722 0.6082183 0.7232972 0.6981608 0.7797722 0.6981608 0 0 0 0 0 0 0 0 0 0 0 0 0 0 0 0 0 0 0 0 0 0 0 0 0.8367744 0.06704038 0.8458667 0.07210737 0.7573023 0.07210737 0.8367745 0.046503 0.8458667 0.04143607 0.8458667 0.07210737 0.8367745 0.046503 0.7573023 0.046503 0.7573023 0.04143607 0.8367745 0.06704038 0.7573023 0.06704038 0.7573023 0.07210737 0.8367745 0.046503 0.8458667 0.04143607 0.7573023 0.04143607 0.8367745 0.06704038 0.8458667 0.07210737 0.8458667 0.04143607 0.6126734 0.2134994 0.6126734 0.3250815 0.6126734 0.3250815 0.611855 0.2134994 0.611855 0.3250815 0.611855 0.3250815 0.6390876 0.2134994 0.611855 0.2134994 0.611855 0.2134994 0.6399059 0.3250815 0.6399059 0.2134994 0.6399059 0.2134994 0.6126734 0.3250815 0.6399059 0.3250815 0.6399059 0.3250815 0.6390876 0.3250815 0.6390876 0.2134994 0.6390876 0.2134994 0.611855 0.3250815 0.6390876 0.3250815 0.6390876 0.3250815 0.6399059 0.2134994 0.6126734 0.2134994 0.6126734 0.2134994</float_array>
          <technique_common>
            <accessor source="#Cubo_007-mesh-map-0-array" count="3060" stride="2">
              <param name="S" type="float"/>
              <param name="T" type="float"/>
            </accessor>
          </technique_common>
        </source>
        <source id="Cubo_007-mesh-map-1">
          <float_array id="Cubo_007-mesh-map-1-array" count="6120">0 0 0 0 0 0 0 0 0 0 0 0 0 0 0 0 0 0 0 0 0 0 0 0 0 0 0 0 0 0 0 0 0 0 0 0 0 0 0 0 0 0 0 0 0 0 0 0 0 0 0 0 0 0 0 0 0 0 0 0 0 0 0 0 0 0 0 0 0 0 0 0 0 0 0 0 0 0 0 0 0 0 0 0 0 0 0 0 0 0 0 0 0 0 0 0 0 0 0 0 0 0 0 0 0 0 0 0 0 0 0 0 0 0 0 0 0 0 0 0 0 0 0 0 0 0 0 0 0 0 0 0 0.479458 0.07192063 0.2444498 0.008357882 0.2444498 0.07278728 0.2444498 0.07278728 0.009441673 0.008357882 0.009441673 0.07192063 0.1544697 0.3881195 0.08489185 0.3153504 0.1544697 0.3153504 0.479458 0.07192063 0.479458 0.008357882 0.479458 0.008357882 0.009441673 0.008357882 0.009441673 0.07192063 0.009441673 0.008357882 0.08489185 0.3881195 0.01531386 0.3153504 0.08489185 0.3153504 0.009441673 0.008357882 0.009441673 0.07192063 0.009441673 0.07192063 0.1544697 0.3881195 0.08489185 0.3881195 0.08489185 0.3881195 0.479458 0.07192063 0.479458 0.008357882 0.479458 0.008357882 0.08489185 0.3881195 0.01531386 0.3881195 0.01531386 0.3881195 0 0 0 0 0 0 0 0 0 0 0 0 0 0 0 0 0 0 0 0 0 0 0 0 0 0 0 0 0 0 0 0 0 0 0 0 0 0 0 0 0 0 0 0 0 0 0 0 0 0 0 0 0 0 0 0 0 0 0 0 0 0 0 0 0 0 0 0 0 0 0 0 0 0 0 0 0 0 0 0 0 0 0 0 0 0 0 0 0 0 0 0 0 0 0 0 0 0 0 0 0 0 0 0 0 0 0 0 0 0 0 0 0 0 0 0 0 0 0 0 0 0 0 0 0 0 0 0 0 0 0 0 0 0 0 0 0 0 0 0 0 0 0 0 0 0 0 0 0 0 0 0 0 0 0 0 0 0 0 0 0 0 0 0 0 0 0 0 0 0 0 0 0 0 0 0 0 0 0 0 0 0 0 0 0 0 0 0 0 0 0 0 0 0 0 0 0 0 0 0 0 0 0 0 0 0 0 0 0 0 0 0 0 0 0 0 0 0 0 0 0 0 0 0 0 0 0 0 0 0 0 0 0 0 0 0 0 0 0 0 0 0 0 0 0 0 0 0 0 0 0 0 0 0 0 0 0 0 0 0 0 0 0 0 0 0 0 0 0 0 0 0 0 0 0 0 0 0 0 0 0 0 0 0 0 0 0 0 0 0 0 0 0 0 0 0 0 0 0 0 0 0 0 0 0 0 0 0 0 0 0 0 0 0 0 0 0 0 0 0 0 0 0 0 0 0 0 0 0 0 0 0 0 0 0 0 0 0 0 0 0 0 0 0 0 0 0 0 0 0 0 0 0 0 0 0 0 0 0 0 0 0 0 0 0 0 0 0 0 0 0 0 0 0 0 0 0 0 0 0 0 0 0 0 0 0 0 0 0 0 0 0 0 0 0 0 0 0 0 0 0 0 0 0 0 0 0 0 0 0 0 0 0 0 0 0 0 0 0 0 0 0 0 0 0 0 0 0 0 0 0 0 0 0 0 0 0 0 0 0 0 0 0 0 0 0 0 0 0 0 0 0 0 0 0 0 0 0 0 0 0 0 0 0 0 0 0 0 0 0 0 0 0 0 0 0 0 0 0 0 0 0 0 0 0 0 0 0 0 0 0 0 0 0 0 0 0 0 0 0 0 0 0 0 0 0 0 0 0 0 0 0 0 0 0 0 0 0 0 0 0 0 0 0 0 0 0 0 0 0 0 0 0 0 0 0 0 0 0 0 0 0 0 0 0 0 0 0 0 0 0 0 0 0 0 0 0 0 0 0 0 0 0 0 0 0 0 0 0 0 0 0 0 0 0 0 0 0 0 0 0 0 0 0 0 0 0 0 0 0 0 0 0 0 0 0 0 0 0 0 0 0 0 0 0 0 0 0 0 0 0 0 0 0 0 0 0 0 0 0 0 0 0 0 0 0 0 0 0 0 0 0 0 0 0 0 0 0 0 0 0 0 0 0 0 0 0 0 0 0 0 0 0 0 0 0 0 0 0 0 0 0 0 0 0 0 0 0 0 0 0 0 0 0 0 0 0 0 0 0 0 0 0 0 0 0 0 0 0 0 0 0 0 0 0 0 0 0 0 0 0 0 0 0 0 0 0 0 0 0 0 0 0 0 0 0 0 0 0 0 0 0 0 0 0 0 0 0 0 0 0 0 0 0 0 0 0 0 0 0 0 0 0 0 0 0 0 0 0 0 0 0 0 0 0 0 0 0 0 0 0 0 0 0 0 0 0 0 0 0 0 0 0 0 0 0 0 0 0 0 0 0 0 0 0 0 0 0 0 0 0 0 0 0 0 0 0 0 0 0 0 0 0 0 0 0 0 0 0 0 0 0 0 0 0 0 0 0 0 0 0 0 0 0 0 0 0 0 0 0 0 0 0 0 0 0 0 0 0 0 0 0 0 0 0 0 0 0 0 0 0 0 0 0 0 0 0 0 0 0 0 0 0 0 0 0 0 0 0 0 0 0 0 0 0 0 0 0 0 0 0 0 0 0 0 0 0 0 0 0 0 0 0 0 0 0 0 0 0 0 0 0 0 0 0 0 0 0 0 0 0 0 0 0 0 0 0 0 0 0 0 0 0 0 0 0 0 0 0 0 0 0 0 0 0 0 0 0 0 0 0 0 0 0 0 0 0 0 0 0 0 0 0 0 0 0 0 0 0 0 0 0 0 0 0 0 0 0 0 0 0 0 0 0 0 0 0 0 0 0 0 0 0 0 0 0 0 0 0 0 0 0 0 0 0 0 0 0 0 0 0 0 0 0 0 0 0 0 0 0 0 0 0 0 0 0 0 0 0 0 0 0 0 0 0 0 0 0 0 0 0 0 0 0 0 0 0 0 0 0 0 0 0 0 0 0 0 0 0 0 0 0 0 0 0 0 0 0 0 0 0 0 0 0 0 0 0 0 0 0 0 0 0 0 0 0 0 0 0 0 0 0 0 0 0 0 0 0 0 0 0 0 0 0 0 0 0 0 0 0 0 0 0 0 0 0 0 0 0 0 0 0 0 0 0 0 0 0 0 0 0 0 0 0 0 0 0 0 0 0 0 0 0 0 0 0 0 0 0 0 0 0 0 0 0 0 0 0 0 0 0 0 0 0 0 0 0 0 0 0 0 0 0 0 0 0 0 0 0 0 0 0 0 0 0 0 0 0 0 0 0 0 0 0 0 0 0 0 0 0 0 0 0 0 0 0 0 0 0 0 0 0 0 0 0 0 0 0 0 0 0 0 0 0 0 0 0 0 0 0 0 0 0 0 0 0 0 0 0 0 0 0 0 0 0 0 0 0 0 0 0 0 0 0 0 0 0 0 0 0 0 0 0 0 0 0 0 0 0 0 0 0 0 0 0 0 0 0 0 0 0 0 0 0 0 0 0 0 0 0 0 0 0 0 0 0 0 0 0 0 0 0 0 0 0 0 0 0 0 0 0 0 0 0 0 0 0 0 0 0 0 0 0 0 0 0 0 0 0 0 0 0 0 0 0 0 0 0 0 0 0 0 0 0 0 0 0 0 0 0 0 0 0 0 0 0 0 0 0 0 0 0 0 0 0 0 0 0 0 0 0 0 0 0 0 0 0 0 0 0 0 0 0 0 0 0 0 0 0 0 0 0 0 0 0 0 0 0 0 0 0 0 0 0 0 0 0 0 0 0 0 0 0 0 0 0 0 0 0 0 0 0 0 0 0 0 0 0 0 0 0 0 0 0 0 0 0 0 0 0 0 0 0 0 0 0 0 0 0 0 0 0 0 0 0 0 0 0 0 0 0 0 0 0 0 0 0 0 0 0 0 0 0 0 0 0 0 0 0 0 0 0 0 0 0 0 0 0 0 0 0 0 0 0 0 0 0 0 0 0 0 0 0 0 0 0 0 0 0 0 0 0 0 0 0 0 0 0 0 0 0 0 0 0 0 0 0 0 0 0 0 0 0 0 0 0 0 0 0 0 0 0 0 0 0 0 0 0 0 0 0 0 0 0 0 0 0 0 0 0 0 0 0 0 0 0 0 0 0 0 0 0 0 0 0 0 0 0 0 0 0 0 0 0 0 0 0 0 0 0 0 0 0 0 0 0 0 0 0 0 0 0 0 0 0 0 0 0 0 0 0 0 0 0 0 0 0 0 0 0 0 0 0 0 0 0 0 0 0 0 0 0 0 0 0 0 0 0 0 0 0 0 0 0 0 0 0 0 0 0 0 0 0 0 0 0 0 0 0 0 0 0 0 0 0 0 0 0 0 0 0 0 0 0 0 0 0 0 0 0 0 0 0 0 0 0 0 0 0 0 0 0 0 0 0 0 0 0 0 0 0 0 0 0 0 0 0 0 0 0 0 0 0 0 0 0 0 0 0 0 0 0 0 0 0 0 0 0 0 0 0 0 0 0 0 0 0 0 0 0 0 0 0 0 0 0 0 0 0 0 0 0 0 0 0 0 0 0 0 0 0 0 0 0 0 0 0 0 0 0 0 0 0 0 0 0 0 0 0 0 0 0 0 0 0 0 0 0 0 0 0 0 0 0 0 0 0 0 0 0 0 0 0 0 0 0 0 0 0 0 0 0 0 0 0 0 0 0 0 0 0 0 0 0 0 0 0 0 0 0 0 0 0 0 0 0 0 0 0 0 0 0 0 0 0 0 0 0 0 0 0 0 0 0 0 0 0 0 0 0 0 0 0 0 0 0 0 0 0 0 0 0 0 0 0 0 0 0 0 0 0 0 0 0 0 0 0 0 0 0 0 0 0 0 0 0 0 0 0 0 0 0 0 0 0 0 0 0 0 0 0 0 0 0 0 0 0 0 0 0 0 0 0 0 0 0 0 0 0 0 0 0 0 0 0 0 0 0 0 0 0 0 0 0 0 0 0 0 0 0 0 0 0 0 0 0 0 0 0 0 0 0 0 0 0 0 0 0 0 0 0 0 0 0 0 0 0 0 0 0 0 0 0 0 0 0 0 0 0 0 0 0 0 0 0 0 0 0 0 0 0 0 0 0 0 0 0 0 0 0 0 0 0 0 0 0 0 0 0 0 0 0 0 0 0 0 0 0 0 0 0 0 0 0 0 0 0 0 0 0 0 0 0 0 0 0 0 0 0 0 0 0 0 0 0 0 0 0 0 0 0 0 0 0 0 0 0 0 0 0 0 0 0 0 0 0 0 0 0 0 0 0 0 0 0 0 0 0 0 0 0 0 0 0 0 0 0 0 0 0 0 0 0 0 0 0 0 0 0 0 0 0 0 0 0 0 0 0 0 0 0 0 0 0 0 0 0 0 0 0 0 0 0 0 0 0 0 0 0 0 0 0 0 0 0 0 0 0 0 0 0 0 0 0 0 0 0 0 0 0 0 0 0 0 0 0 0 0 0 0 0 0 0 0 0 0 0 0 0 0 0 0 0 0 0 0 0 0 0 0 0 0 0 0 0 0 0 0 0 0 0 0 0 0 0 0 0 0 0 0 0 0 0 0 0 0 0 0 0 0 0 0 0 0 0 0 0 0 0 0 0 0 0 0 0 0 0 0 0 0 0 0 0 0 0 0 0 0 0 0 0 0 0 0 0 0 0 0 0 0 0 0 0 0 0 0 0 0 0 0 0 0 0 0 0 0 0 0 0 0 0 0 0 0 0 0 0 0 0 0 0 0 0 0 0 0 0 0 0 0 0 0 0 0 0 0 0 0 0 0 0 0 0 0 0 0 0 0 0 0 0 0 0 0 0 0 0 0 0 0 0 0 0 0 0 0 0 0 0 0 0 0 0 0 0 0 0 0 0 0 0 0 0 0 0 0 0 0 0 0 0 0 0 0 0 0 0 0 0 0 0 0 0 0 0 0 0 0 0 0 0 0 0 0 0 0 0 0 0 0 0 0 0 0 0 0 0 0 0 0 0 0 0 0 0 0 0 0 0 0 0.479458 0.07192063 0.479458 0.008357882 0.2444498 0.008357882 0.2444498 0.07278728 0.2444498 0.008357882 0.009441673 0.008357882 0.1544697 0.3881195 0.08489185 0.3881195 0.08489185 0.3153504 0.479458 0.07192063 0.479458 0.07192063 0.479458 0.008357882 0.009441673 0.008357882 0.009441673 0.07192063 0.009441673 0.07192063 0.08489185 0.3881195 0.01531386 0.3881195 0.01531386 0.3153504 0.009441673 0.008357882 0.009441673 0.008357882 0.009441673 0.07192063 0.1544697 0.3881195 0.1544697 0.3881195 0.08489185 0.3881195 0.479458 0.07192063 0.479458 0.07192063 0.479458 0.008357882 0.08489185 0.3881195 0.08489185 0.3881195 0.01531386 0.3881195 0 0 0 0 0 0 0 0 0 0 0 0 0 0 0 0 0 0 0 0 0 0 0 0 0 0 0 0 0 0 0 0 0 0 0 0 0 0 0 0 0 0 0 0 0 0 0 0 0 0 0 0 0 0 0 0 0 0 0 0 0 0 0 0 0 0 0 0 0 0 0 0 0 0 0 0 0 0 0 0 0 0 0 0 0 0 0 0 0 0 0 0 0 0 0 0 0 0 0 0 0 0 0 0 0 0 0 0 0 0 0 0 0 0 0 0 0 0 0 0 0 0 0 0 0 0 0 0 0 0 0 0 0 0 0 0 0 0 0 0 0 0 0 0 0 0 0 0 0 0 0 0 0 0 0 0 0 0 0 0 0 0 0 0 0 0 0 0 0 0 0 0 0 0 0 0 0 0 0 0 0 0 0 0 0 0 0 0 0 0 0 0 0 0 0 0 0 0 0 0 0 0 0 0 0 0 0 0 0 0 0 0 0 0 0 0 0 0 0 0 0 0 0 0 0 0 0 0 0 0 0 0 0 0 0 0 0 0 0 0 0 0 0 0 0 0 0 0 0 0 0 0 0 0 0 0 0 0 0 0 0 0 0 0 0 0 0 0 0 0 0 0 0 0 0 0 0 0 0 0 0 0 0 0 0 0 0 0 0 0 0 0 0 0 0 0 0 0 0 0 0 0 0 0 0 0 0 0 0 0 0 0 0 0 0 0 0 0 0 0 0 0 0 0 0 0 0 0 0 0 0 0 0 0 0 0 0 0 0 0 0 0 0 0 0 0 0 0 0 0 0 0 0 0 0 0 0 0 0 0 0 0 0 0 0 0 0 0 0 0 0 0 0 0 0 0 0 0 0 0 0 0 0 0 0 0 0 0 0 0 0 0 0 0 0 0 0 0 0 0 0 0 0 0 0 0 0 0 0 0 0 0 0 0 0 0 0 0 0 0 0 0 0 0 0 0 0 0 0 0 0 0 0 0 0 0 0 0 0 0 0 0 0 0 0 0 0 0 0 0 0 0 0 0 0 0 0 0 0 0 0 0 0 0 0 0 0 0 0 0 0 0 0 0 0 0 0 0 0 0 0 0 0 0 0 0 0 0 0 0 0 0 0 0 0 0 0 0 0 0 0 0 0 0 0 0 0 0 0 0 0 0 0 0 0 0 0 0 0 0 0 0 0 0 0 0 0 0 0 0 0 0 0 0 0 0 0 0 0 0 0 0 0 0 0 0 0 0 0 0 0 0 0 0 0 0 0 0 0 0 0 0 0 0 0 0 0 0 0 0 0 0 0 0 0 0 0 0 0 0 0 0 0 0 0 0 0 0 0 0 0 0 0 0 0 0 0 0 0 0 0 0 0 0 0 0 0 0 0 0 0 0 0 0 0 0 0 0 0 0 0 0 0 0 0 0 0 0 0 0 0 0 0 0 0 0 0 0 0 0 0 0 0 0 0 0 0 0 0 0 0 0 0 0 0 0 0 0 0 0 0 0 0 0 0 0 0 0 0 0 0 0 0 0 0 0 0 0 0 0 0 0 0 0 0 0 0 0 0 0 0 0 0 0 0 0 0 0 0 0 0 0 0 0 0 0 0 0 0 0 0 0 0 0 0 0 0 0 0 0 0 0 0 0 0 0 0 0 0 0 0 0 0 0 0 0 0 0 0 0 0 0 0 0 0 0 0 0 0 0 0 0 0 0 0 0 0 0 0 0 0 0 0 0 0 0 0 0 0 0 0 0 0 0 0 0 0 0 0 0 0 0 0 0 0 0 0 0 0 0 0 0 0 0 0 0 0 0 0 0 0 0 0 0 0 0 0 0 0 0 0 0 0 0 0 0 0 0 0 0 0 0 0 0 0 0 0 0 0 0 0 0 0 0 0 0 0 0 0 0 0 0 0 0 0 0 0 0 0 0 0 0 0 0 0 0 0 0 0 0 0 0 0 0 0 0 0 0 0 0 0 0 0 0 0 0 0 0 0 0 0 0 0 0 0 0 0 0 0 0 0 0 0 0 0 0 0 0 0 0 0 0 0 0 0 0 0 0 0 0 0 0 0 0 0 0 0 0 0 0 0 0 0 0 0 0 0 0 0 0 0 0 0 0 0 0 0 0 0 0 0 0 0 0 0 0 0 0 0 0 0 0 0 0 0 0 0 0 0 0 0 0 0 0 0 0 0 0 0 0 0 0 0 0 0 0 0 0 0 0 0 0 0 0 0 0 0 0 0 0 0 0 0 0 0 0 0 0 0 0 0 0 0 0 0 0 0 0 0 0 0 0 0 0 0 0 0 0 0 0 0 0 0 0 0 0 0 0 0 0 0 0 0 0 0 0 0 0 0 0 0 0 0 0 0 0 0 0 0 0 0 0 0 0 0 0 0 0 0 0 0 0 0 0 0 0 0 0 0 0 0 0 0 0 0 0 0 0 0 0 0 0 0 0 0 0 0 0 0 0 0 0 0 0 0 0 0 0 0 0 0 0 0 0 0 0 0 0 0 0 0 0 0 0 0 0 0 0 0 0 0 0 0 0 0 0 0 0 0 0 0 0 0 0 0 0 0 0 0 0 0 0 0 0 0 0 0 0 0 0 0 0 0 0 0 0 0 0 0 0 0 0 0 0 0 0 0 0 0 0 0 0 0 0 0 0 0 0 0 0 0 0 0 0 0 0 0 0 0 0 0 0 0 0 0 0 0 0 0 0 0 0 0 0 0 0 0 0 0 0 0 0 0 0 0 0 0 0 0 0 0 0 0 0 0 0 0 0 0 0 0 0 0 0 0 0 0 0 0 0 0 0 0 0 0 0 0 0 0 0 0 0 0 0 0 0 0 0 0 0 0 0 0 0 0 0 0 0 0 0 0 0 0 0 0 0 0 0 0 0 0 0 0 0 0 0 0 0 0 0 0 0 0 0 0 0 0 0 0 0 0 0 0 0 0 0 0 0 0 0 0 0 0 0 0 0 0 0 0 0 0 0 0 0 0 0 0 0 0 0 0 0 0 0 0 0 0 0 0 0 0 0 0 0 0 0 0 0 0 0 0 0 0 0 0 0 0 0 0 0 0 0 0 0 0 0 0 0 0 0 0 0 0 0 0 0 0 0 0 0 0 0 0 0 0 0 0 0 0 0 0 0 0 0 0 0 0 0 0 0 0 0 0 0 0 0 0 0 0 0 0 0 0 0 0 0 0 0 0 0 0 0 0 0 0 0 0 0 0 0 0 0 0 0 0 0 0 0 0 0 0 0 0 0 0 0 0 0 0 0 0 0 0 0 0 0 0 0 0 0 0 0 0 0 0 0 0 0 0 0 0 0 0 0 0 0 0 0 0 0 0 0 0 0 0 0 0 0 0 0 0 0 0 0 0 0 0 0 0 0 0 0 0 0 0 0 0 0 0 0 0 0 0 0 0 0 0 0 0 0 0 0 0 0 0 0 0 0 0 0 0 0 0 0 0 0 0 0 0 0 0 0 0 0 0 0 0 0 0 0 0 0 0 0 0 0 0 0 0 0 0 0 0 0 0 0 0 0 0 0 0 0 0 0 0 0 0 0 0 0 0 0 0 0 0 0 0 0 0 0 0 0 0 0 0 0 0 0 0 0 0 0 0 0 0 0 0 0 0 0 0 0 0 0 0 0 0 0 0 0 0 0 0 0 0 0 0 0 0 0 0 0 0 0 0 0 0 0 0 0 0 0 0 0 0 0 0 0 0 0 0 0 0 0 0 0 0 0 0 0 0 0 0 0 0 0 0 0 0 0 0 0 0 0 0 0 0 0 0 0 0 0 0 0 0 0 0 0 0 0 0 0 0 0 0 0 0 0 0 0 0 0 0 0 0 0 0 0 0 0 0 0 0 0 0 0 0 0 0 0 0 0 0 0 0 0 0 0 0 0 0 0 0 0 0 0 0 0 0 0 0 0 0 0 0 0 0 0 0 0 0 0 0 0 0 0 0 0 0 0 0 0 0 0 0 0 0 0 0 0 0 0 0 0 0 0 0 0 0 0 0 0 0 0 0 0 0 0 0 0 0 0 0 0 0 0 0 0 0 0 0 0 0 0 0 0 0 0 0 0 0 0 0 0 0 0 0 0 0 0 0 0 0 0 0 0 0 0 0 0 0 0 0 0 0 0 0 0 0 0 0 0 0 0 0 0 0 0 0 0 0 0 0 0 0 0 0 0 0 0 0 0 0 0 0 0 0 0 0 0 0 0 0 0 0 0 0 0 0 0 0 0 0 0 0 0 0 0 0 0 0 0 0 0 0 0 0 0 0 0 0 0 0 0 0 0 0 0 0 0 0 0 0 0 0 0 0 0 0 0 0 0 0 0 0 0 0 0 0 0 0 0 0 0 0 0 0 0 0 0 0 0 0 0 0 0 0 0 0 0 0 0 0 0 0 0 0 0 0 0 0 0 0 0 0 0 0 0 0 0 0 0 0 0 0 0 0 0 0 0 0 0 0 0 0 0 0 0 0 0 0 0 0 0 0 0 0 0 0 0 0 0 0 0 0 0 0 0 0 0 0 0 0 0 0 0 0 0 0 0 0 0 0 0 0 0 0 0 0 0 0 0 0 0 0 0 0 0 0 0 0 0 0 0 0 0 0 0 0 0 0 0 0 0 0 0 0 0 0 0 0 0 0 0 0 0 0 0 0 0 0 0 0 0 0 0 0 0 0 0 0 0 0 0 0 0 0 0 0 0 0 0 0 0 0 0 0 0 0 0 0 0 0 0 0 0 0 0 0 0 0 0 0 0 0 0 0 0 0 0 0 0 0 0 0 0 0 0 0 0 0 0 0 0 0 0 0 0 0 0 0 0 0 0 0 0 0 0 0 0 0 0 0 0 0 0 0 0 0 0 0 0 0 0 0 0 0 0 0 0 0 0 0 0 0 0 0 0 0 0 0 0 0 0 0 0 0 0 0 0 0 0 0 0 0 0 0 0 0 0 0 0 0 0 0 0 0 0 0 0 0 0 0 0 0 0 0 0 0 0 0 0 0 0 0 0 0 0 0 0 0 0 0 0 0 0 0 0 0 0 0 0 0 0 0 0 0 0 0 0 0 0 0 0 0 0 0 0 0 0 0 0 0 0 0 0 0 0 0 0 0 0 0 0 0 0 0 0 0 0 0 0 0 0 0 0 0 0 0 0 0 0 0 0 0 0 0 0 0 0 0 0 0 0 0 0 0 0 0 0 0 0 0 0 0 0 0 0 0 0 0 0 0 0 0 0 0 0 0 0 0 0 0 0 0 0 0 0 0 0 0 0 0 0 0 0 0 0 0 0 0 0 0 0 0 0 0 0 0 0 0 0 0 0 0 0 0 0 0 0 0 0 0 0 0 0 0 0 0 0 0 0 0 0 0 0 0 0 0 0 0 0 0 0 0 0 0 0 0 0 0 0 0 0 0 0 0 0 0 0 0 0 0 0 0 0 0 0 0 0 0 0 0 0 0 0 0 0 0 0 0 0 0 0 0 0 0 0 0 0 0 0 0 0 0 0 0 0 0 0 0 0 0 0 0 0 0 0 0 0 0 0 0 0 0 0 0 0 0 0 0 0 0 0 0 0 0 0 0 0 0 0 0 0 0 0 0 0 0 0 0 0 0 0 0 0 0 0 0 0 0 0 0 0 0 0 0 0 0 0 0 0 0 0 0 0 0 0 0 0 0 0 0 0 0 0 0 0 0 0 0 0 0 0 0 0 0 0 0 0 0 0 0 0 0 0 0 0 0 0 0 0 0 0 0 0 0 0 0 0 0 0 0 0 0 0 0 0 0 0 0 0 0 0 0 0 0 0 0 0 0 0 0 0 0 0 0 0 0 0 0 0 0 0 0 0 0 0 0 0 0 0 0 0 0 0 0 0 0 0 0 0 0 0 0 0 0 0 0 0 0 0 0 0 0 0 0 0 0 0 0 0 0 0 0 0 0 0 0 0 0 0 0 0 0 0 0 0 0 0 0 0 0 0 0 0 0 0 0 0 0 0 0 0 0 0 0 0 0 0 0 0 0 0 0 0 0 0 0 0 0 0 0 0 0 0 0 0 0 0 0 0 0 0 0 0 0 0 0 0 0 0 0 0 0 0 0 0 0 0 0 0 0 0 0 0 0 0 0 0 0 0 0 0 0 0 0 0 0 0 0 0 0 0 0 0 0 0 0 0 0 0 0 0 0 0 0 0 0 0 0 0 0 0 0 0 0 0 0 0 0 0 0 0 0 0 0 0 0 0 0 0 0 0 0 0 0 0 0 0 0 0 0 0 0 0 0 0 0 0 0 0 0 0 0 0 0 0 0 0 0 0 0 0 0 0 0 0 0 0 0 0 0 0 0 0 0 0 0 0 0 0 0 0 0 0 0 0 0 0 0 0 0 0 0 0 0 0 0 0 0 0 0 0 0 0 0 0 0 0 0 0 0 0 0 0 0 0 0 0 0 0 0 0 0 0 0 0 0 0 0 0 0 0 0 0 0 0 0 0 0 0 0 0 0 0 0 0 0 0 0 0 0 0 0 0 0 0 0 0 0 0 0 0 0 0 0 0 0 0 0 0 0 0 0 0 0 0 0 0 0 0 0 0 0 0 0 0 0 0 0 0 0 0 0 0 0 0 0 0 0 0 0 0 0 0 0 0 0 0 0 0 0 0 0 0 0 0 0 0 0 0 0 0 0 0 0 0 0 0 0 0 0 0 0 0 0 0 0 0 0 0 0 0 0 0 0 0 0 0 0 0 0 0 0 0 0 0 0 0 0 0 0 0 0 0 0 0 0 0 0 0 0 0 0 0 0 0 0 0 0 0 0 0 0 0 0 0 0 0 0 0 0 0 0 0 0 0 0 0 0 0 0 0 0 0 0 0 0 0 0 0 0 0 0 0 0 0 0 0 0 0 0 0 0 0 0 0 0 0 0 0 0 0 0 0 0 0 0 0 0 0 0 0 0 0 0 0 0 0 0 0 0 0 0 0 0 0 0 0 0 0 0 0 0 0 0 0 0 0 0 0 0 0 0 0 0 0 0 0 0 0 0 0 0 0 0 0 0 0 0 0 0 0 0 0 0 0 0 0 0 0 0 0 0 0 0 0 0 0 0 0 0 0 0 0 0 0 0 0 0 0 0 0 0 0 0 0 0 0 0 0 0 0 0 0 0 0 0 0 0 0 0 0 0 0 0 0 0 0 0 0 0 0 0 0 0 0 0 0 0 0 0 0 0 0 0 0 0 0 0 0 0 0 0 0 0 0 0 0 0 0 0 0 0 0 0 0 0 0 0 0 0 0 0 0 0 0 0 0 0 0 0 0 0 0 0 0 0 0 0 0 0 0 0 0 0 0 0 0 0 0 0 0 0.5893405 0.8440769 0.7041323 0.9773099 0.7041323 0.8440769 0.5208602 0.9619362 0.5448347 0.974706 0.5208602 0.974706 0.5216844 0.8470069 0.5456591 0.974706 0.5216844 0.974706 0.5208602 0.9491662 0.5448347 0.9619362 0.5208602 0.9619362 0.5452467 0.974706 0.5212722 0.8470069 0.5452467 0.8470069 0.5893405 0.8440769 0.5893405 0.9773099 0.7041323 0.9773099 0.5208602 0.9619362 0.5448349 0.9619362 0.5448347 0.974706 0.5216844 0.8470069 0.5456591 0.8470069 0.5456591 0.974706 0.5208602 0.9491662 0.5448347 0.9491662 0.5448347 0.9619362 0.5452467 0.974706 0.5212722 0.974706 0.5212722 0.8470069 0.5893405 0.8440769 0.7041323 0.8440769 0.7041323 0.9773099 0.5208602 0.9619362 0.5208602 0.974706 0.5448347 0.974706 0.5216844 0.8470069 0.5216844 0.974706 0.5456591 0.974706 0.5208602 0.9491662 0.5208602 0.9619362 0.5448347 0.9619362 0.5452467 0.974706 0.5452467 0.8470069 0.5212722 0.8470069 0.5893405 0.8440769 0.7041323 0.9773099 0.5893405 0.9773099 0.5208602 0.9619362 0.5448347 0.974706 0.5448349 0.9619362 0.5216844 0.8470069 0.5456591 0.974706 0.5456591 0.8470069 0.5208602 0.9491662 0.5448347 0.9619362 0.5448347 0.9491662 0.5452467 0.974706 0.5212722 0.8470069 0.5212722 0.974706 0 0 0 0 0 0 0 0 0 0 0 0 0 0 0 0 0 0 0 0 0 0 0 0 0 0 0 0 0 0 0 0 0 0 0 0 0 0 0 0 0 0 0 0 0 0 0 0 0 0 0 0 0 0 0 0 0 0 0 0 0 0 0 0 0 0 0 0 0 0 0 0 0 0 0 0 0 0 0 0 0 0 0 0</float_array>
          <technique_common>
            <accessor source="#Cubo_007-mesh-map-1-array" count="3060" stride="2">
              <param name="S" type="float"/>
              <param name="T" type="float"/>
            </accessor>
          </technique_common>
        </source>
        <vertices id="Cubo_007-mesh-vertices">
          <input semantic="POSITION" source="#Cubo_007-mesh-positions"/>
        </vertices>
        <triangles material="Material_003-material" count="1020">
          <input semantic="VERTEX" source="#Cubo_007-mesh-vertices" offset="0"/>
          <input semantic="NORMAL" source="#Cubo_007-mesh-normals" offset="1"/>
          <input semantic="TEXCOORD" source="#Cubo_007-mesh-map-0" offset="2" set="0"/>
          <input semantic="TEXCOORD" source="#Cubo_007-mesh-map-1" offset="2" set="1"/>
          <p>3 0 0 2 0 1 1 0 2 7 1 3 8 1 4 1 1 5 12 2 6 38 2 7 11 2 8 11 3 9 41 3 10 40 3 11 15 4 12 12 4 13 11 4 14 17 4 15 11 4 16 13 4 17 14 1 18 35 1 19 10 1 20 44 5 21 35 5 22 37 5 23 19 1 24 20 1 25 18 1 26 22 6 27 21 6 28 19 6 29 23 7 30 19 7 31 18 7 32 24 8 33 18 8 34 20 8 35 27 1 36 28 1 37 26 1 38 30 6 39 29 6 40 27 6 41 31 7 42 27 7 43 26 7 44 32 8 45 26 8 46 28 8 47 45 1 48 13 1 49 40 1 50 16 1 51 39 1 52 12 1 53 36 1 54 10 1 55 34 1 56 41 9 57 45 9 58 40 9 59 43 10 60 39 10 61 42 10 62 38 11 63 36 11 64 34 11 65 46 7 66 51 7 67 50 7 68 50 7 69 49 7 70 48 7 71 54 12 72 50 12 73 48 12 74 46 8 75 53 8 76 47 8 77 55 6 78 48 6 79 49 6 80 56 13 81 46 13 82 50 13 83 55 6 84 59 6 85 54 6 86 54 1 87 61 1 88 56 1 89 52 8 90 58 8 91 53 8 92 56 1 93 57 1 94 52 1 95 133 14 96 78 14 97 134 14 98 132 7 99 87 7 100 135 7 101 85 15 102 74 15 103 84 15 104 102 16 105 78 16 106 75 16 107 87 1 108 76 1 109 88 1 110 75 17 111 72 17 112 79 17 113 80 8 114 75 8 115 79 8 116 82 18 117 76 18 118 75 18 119 132 19 120 84 19 121 134 19 122 73 7 123 90 7 124 86 7 125 71 20 126 84 20 127 74 20 128 81 21 129 88 21 130 76 21 131 93 1 132 642 1 133 92 1 134 62 4 135 166 4 136 222 4 137 644 7 138 645 7 139 643 7 140 94 21 141 64 21 142 93 21 143 96 22 144 76 22 145 77 22 146 99 23 147 77 23 148 78 23 149 101 24 150 75 24 151 76 24 152 96 25 153 98 25 154 97 25 155 101 26 156 103 26 157 102 26 158 97 27 159 101 27 160 96 27 161 102 28 162 98 28 163 99 28 164 100 29 165 98 29 166 103 29 167 109 6 168 133 6 169 137 6 170 115 21 171 136 21 172 138 21 173 105 30 174 113 30 175 112 30 176 109 31 177 130 31 178 106 31 179 107 1 180 115 1 181 116 1 182 106 32 183 72 32 184 109 32 185 106 8 186 80 8 187 79 8 188 107 33 189 111 33 190 106 33 191 112 34 192 136 34 193 137 34 194 118 21 195 104 21 196 114 21 197 112 6 198 71 6 199 105 6 200 116 7 201 110 7 202 107 7 203 67 1 204 121 1 205 120 1 206 66 21 207 123 21 208 119 21 209 141 21 210 120 21 211 142 21 212 68 7 213 122 7 214 121 7 215 107 35 216 124 35 217 108 35 218 108 36 219 127 36 220 109 36 221 106 37 222 129 37 223 107 37 224 126 38 225 124 38 226 125 38 227 129 39 228 131 39 229 128 39 230 129 40 231 125 40 232 124 40 233 130 41 234 126 41 235 131 41 236 131 1 237 125 1 238 128 1 239 137 42 240 108 42 241 109 42 242 138 21 243 113 21 244 118 21 245 137 6 246 83 6 247 112 6 248 77 43 249 134 43 250 78 43 251 85 7 252 135 7 253 90 7 254 83 44 255 134 44 256 84 44 257 139 1 258 140 1 259 144 1 260 70 21 261 142 21 262 123 21 263 223 7 264 140 7 265 139 7 266 140 6 267 95 6 268 145 6 269 153 45 270 208 45 271 209 45 272 162 7 273 207 7 274 210 7 275 149 46 276 160 46 277 159 46 278 153 47 279 177 47 280 150 47 281 151 1 282 162 1 283 163 1 284 150 48 285 147 48 286 153 48 287 150 49 288 155 49 289 154 49 290 151 50 291 157 50 292 150 50 293 159 51 294 207 51 295 209 51 296 165 7 297 148 7 298 161 7 299 159 8 300 146 8 301 149 8 302 163 21 303 156 21 304 151 21 305 642 1 306 168 1 307 167 1 308 95 6 309 91 6 310 220 6 311 645 7 312 646 7 313 647 7 314 64 21 315 169 21 316 168 21 317 151 52 318 171 52 319 152 52 320 152 53 321 174 53 322 153 53 323 150 54 324 176 54 325 151 54 326 173 55 327 171 55 328 172 55 329 176 56 330 178 56 331 175 56 332 176 57 333 172 57 334 171 57 335 177 58 336 173 58 337 178 58 338 178 1 339 172 1 340 175 1 341 208 8 342 184 8 343 212 8 344 211 21 345 190 21 346 213 21 347 188 59 348 180 59 349 187 59 350 205 60 351 184 60 352 181 60 353 190 1 354 182 1 355 191 1 356 181 1 357 147 1 358 154 1 359 155 6 360 181 6 361 154 6 362 186 61 363 182 61 364 181 61 365 211 62 366 187 62 367 212 62 368 179 21 369 193 21 370 189 21 371 146 8 372 187 8 373 180 8 374 185 7 375 191 7 376 182 7 377 196 1 378 67 1 379 195 1 380 198 21 381 66 21 382 194 21 383 195 21 384 141 21 385 215 21 386 197 7 387 68 7 388 196 7 389 199 63 390 182 63 391 183 63 392 202 64 393 183 64 394 184 64 395 204 65 396 181 65 397 182 65 398 199 66 399 201 66 400 200 66 401 204 67 402 206 67 403 205 67 404 200 68 405 204 68 406 199 68 407 205 69 408 201 69 409 202 69 410 203 1 411 201 1 412 206 1 413 183 70 414 212 70 415 184 70 416 188 21 417 213 21 418 193 21 419 158 8 420 212 8 421 187 8 422 209 71 423 152 71 424 153 71 425 210 7 426 160 7 427 165 7 428 209 8 429 158 8 430 159 8 431 216 1 432 214 1 433 139 1 434 215 21 435 70 21 436 198 21 437 225 7 438 139 7 439 214 7 440 217 8 441 170 8 442 214 8 443 166 8 444 170 8 445 221 8 446 91 4 447 62 4 448 218 4 449 226 7 450 229 7 451 227 7 452 230 8 453 227 8 454 229 8 455 233 1 456 229 1 457 228 1 458 231 4 459 226 4 460 227 4 461 232 6 462 228 6 463 226 6 464 234 8 465 237 8 466 235 8 467 238 21 468 235 21 469 237 21 470 241 1 471 237 1 472 236 1 473 239 4 474 234 4 475 235 4 476 240 7 477 236 7 478 234 7 479 242 6 480 245 6 481 243 6 482 246 7 483 243 7 484 245 7 485 249 1 486 245 1 487 244 1 488 247 4 489 242 4 490 243 4 491 248 21 492 244 21 493 242 21 494 264 72 495 258 72 496 252 72 497 261 73 498 263 73 499 265 73 500 251 74 501 265 74 502 264 74 503 250 75 504 261 75 505 256 75 506 252 76 507 259 76 508 253 76 509 262 77 510 259 77 511 263 77 512 255 78 513 260 78 514 261 78 515 262 79 516 260 79 517 254 79 518 270 80 519 276 80 520 266 80 521 277 81 522 275 81 523 273 81 524 277 82 525 251 82 526 276 82 527 250 83 528 273 83 529 269 83 530 271 84 531 266 84 532 267 84 533 274 85 534 271 85 535 267 85 536 269 86 537 272 86 538 268 86 539 272 87 540 274 87 541 268 87 542 292 88 543 286 88 544 280 88 545 289 73 546 291 73 547 293 73 548 279 89 549 293 89 550 292 89 551 278 90 552 289 90 553 284 90 554 280 91 555 287 91 556 281 91 557 290 77 558 287 77 559 291 77 560 283 92 561 288 92 562 289 92 563 290 79 564 288 79 565 282 79 566 298 93 567 304 93 568 294 93 569 305 81 570 303 81 571 301 81 572 305 94 573 279 94 574 304 94 575 278 95 576 301 95 577 297 95 578 299 96 579 294 96 580 295 96 581 302 97 582 299 97 583 295 97 584 297 98 585 300 98 586 296 98 587 300 87 588 302 87 589 296 87 590 315 7 591 309 7 592 314 7 593 314 8 594 311 8 595 307 8 596 313 1 597 309 1 598 308 1 599 311 4 600 306 4 601 307 4 602 317 6 603 308 6 604 315 6 605 312 6 606 315 6 607 306 6 608 310 8 609 314 8 610 309 8 611 306 99 612 314 99 613 307 99 614 321 100 615 352 100 616 320 100 617 330 101 618 331 101 619 363 101 620 332 102 621 334 102 622 333 102 623 332 103 624 339 103 625 337 103 626 331 104 627 341 104 628 339 104 629 330 105 630 343 105 631 341 105 632 329 106 633 345 106 634 343 106 635 327 107 636 345 107 637 328 107 638 326 108 639 347 108 640 327 108 641 333 109 642 349 109 643 326 109 644 337 110 645 335 110 646 334 110 647 335 111 648 320 111 649 319 111 650 337 112 651 338 112 652 336 112 653 338 113 654 320 113 655 336 113 656 339 114 657 340 114 658 338 114 659 340 115 660 321 115 661 338 115 662 341 116 663 342 116 664 340 116 665 342 117 666 322 117 667 340 117 668 343 118 669 344 118 670 342 118 671 344 119 672 323 119 673 342 119 674 347 120 675 344 120 676 345 120 677 344 121 678 325 121 679 324 121 680 349 122 681 346 122 682 347 122 683 346 123 684 318 123 685 325 123 686 334 124 687 348 124 688 349 124 689 348 125 690 319 125 691 318 125 692 323 126 693 354 126 694 322 126 695 325 127 696 356 127 697 324 127 698 320 128 699 351 128 700 319 128 701 322 129 702 353 129 703 321 129 704 324 130 705 355 130 706 323 130 707 332 131 708 333 131 709 365 131 710 327 132 711 328 132 712 360 132 713 329 133 714 330 133 715 362 133 716 332 134 717 364 134 718 363 134 719 333 135 720 326 135 721 358 135 722 332 136 723 337 136 724 334 136 725 332 137 726 331 137 727 339 137 728 331 138 729 330 138 730 341 138 731 330 139 732 329 139 733 343 139 734 329 140 735 328 140 736 345 140 737 327 141 738 347 141 739 345 141 740 326 142 741 349 142 742 347 142 743 333 143 744 334 143 745 349 143 746 337 144 747 336 144 748 335 144 749 335 145 750 336 145 751 320 145 752 337 146 753 339 146 754 338 146 755 338 147 756 321 147 757 320 147 758 339 148 759 341 148 760 340 148 761 340 149 762 322 149 763 321 149 764 341 150 765 343 150 766 342 150 767 342 151 768 323 151 769 322 151 770 343 152 771 345 152 772 344 152 773 344 153 774 324 153 775 323 153 776 347 154 777 346 154 778 344 154 779 344 155 780 346 155 781 325 155 782 349 156 783 348 156 784 346 156 785 346 157 786 348 157 787 318 157 788 334 158 789 335 158 790 348 158 791 348 159 792 335 159 793 319 159 794 319 160 795 350 160 796 318 160 797 318 161 798 357 161 799 325 161 800 328 162 801 329 162 802 361 162 803 326 163 804 327 163 805 359 163 806 369 164 807 400 164 808 368 164 809 378 165 810 379 165 811 411 165 812 380 166 813 382 166 814 381 166 815 380 167 816 387 167 817 385 167 818 379 168 819 389 168 820 387 168 821 378 169 822 391 169 823 389 169 824 377 170 825 393 170 826 391 170 827 375 171 828 393 171 829 376 171 830 374 108 831 395 108 832 375 108 833 381 172 834 397 172 835 374 172 836 385 173 837 383 173 838 382 173 839 383 111 840 368 111 841 367 111 842 385 174 843 386 174 844 384 174 845 386 175 846 368 175 847 384 175 848 387 176 849 388 176 850 386 176 851 388 177 852 369 177 853 386 177 854 389 178 855 390 178 856 388 178 857 390 179 858 370 179 859 388 179 860 391 118 861 392 118 862 390 118 863 392 180 864 371 180 865 390 180 866 395 181 867 392 181 868 393 181 869 392 182 870 373 182 871 372 182 872 397 183 873 394 183 874 395 183 875 394 184 876 366 184 877 373 184 878 382 185 879 396 185 880 397 185 881 396 186 882 367 186 883 366 186 884 371 187 885 402 187 886 370 187 887 373 127 888 404 127 889 372 127 890 368 128 891 399 128 892 367 128 893 370 188 894 401 188 895 369 188 896 372 189 897 403 189 898 371 189 899 380 190 900 381 190 901 413 190 902 375 132 903 376 132 904 408 132 905 377 191 906 378 191 907 410 191 908 380 134 909 412 134 910 411 134 911 381 135 912 374 135 913 406 135 914 380 192 915 385 192 916 382 192 917 380 137 918 379 137 919 387 137 920 379 193 921 378 193 922 389 193 923 378 194 924 377 194 925 391 194 926 377 195 927 376 195 928 393 195 929 375 196 930 395 196 931 393 196 932 374 197 933 397 197 934 395 197 935 381 198 936 382 198 937 397 198 938 385 199 939 384 199 940 383 199 941 383 145 942 384 145 943 368 145 944 385 200 945 387 200 946 386 200 947 386 201 948 369 201 949 368 201 950 387 202 951 389 202 952 388 202 953 388 203 954 370 203 955 369 203 956 389 204 957 391 204 958 390 204 959 390 205 960 371 205 961 370 205 962 391 206 963 393 206 964 392 206 965 392 207 966 372 207 967 371 207 968 395 154 969 394 154 970 392 154 971 392 208 972 394 208 973 373 208 974 397 209 975 396 209 976 394 209 977 394 210 978 396 210 979 366 210 980 382 211 981 383 211 982 396 211 983 396 212 984 383 212 985 367 212 986 367 213 987 398 213 988 366 213 989 366 214 990 405 214 991 373 214 992 376 162 993 377 162 994 409 162 995 374 215 996 375 215 997 407 215 998 417 216 999 448 216 1000 416 216 1001 426 217 1002 427 217 1003 459 217 1004 428 218 1005 430 218 1006 429 218 1007 428 219 1008 435 219 1009 433 219 1010 427 220 1011 437 220 1012 435 220 1013 426 221 1014 439 221 1015 437 221 1016 425 222 1017 441 222 1018 439 222 1019 423 223 1020 441 223 1021 424 223 1022 422 224 1023 443 224 1024 423 224 1025 429 225 1026 445 225 1027 422 225 1028 433 226 1029 431 226 1030 430 226 1031 431 227 1032 416 227 1033 415 227 1034 433 228 1035 434 228 1036 432 228 1037 434 229 1038 416 229 1039 432 229 1040 435 230 1041 436 230 1042 434 230 1043 436 231 1044 417 231 1045 434 231 1046 437 232 1047 438 232 1048 436 232 1049 438 233 1050 418 233 1051 436 233 1052 439 234 1053 440 234 1054 438 234 1055 440 235 1056 419 235 1057 438 235 1058 443 236 1059 440 236 1060 441 236 1061 440 237 1062 421 237 1063 420 237 1064 445 238 1065 442 238 1066 443 238 1067 442 239 1068 414 239 1069 421 239 1070 430 240 1071 444 240 1072 445 240 1073 444 241 1074 415 241 1075 414 241 1076 419 242 1077 450 242 1078 418 242 1079 421 243 1080 452 243 1081 420 243 1082 416 244 1083 447 244 1084 415 244 1085 418 245 1086 449 245 1087 417 245 1088 420 246 1089 451 246 1090 419 246 1091 428 247 1092 429 247 1093 461 247 1094 423 248 1095 424 248 1096 456 248 1097 425 249 1098 426 249 1099 458 249 1100 428 250 1101 460 250 1102 459 250 1103 429 251 1104 422 251 1105 454 251 1106 428 252 1107 433 252 1108 430 252 1109 428 253 1110 427 253 1111 435 253 1112 427 254 1113 426 254 1114 437 254 1115 426 255 1116 425 255 1117 439 255 1118 425 256 1119 424 256 1120 441 256 1121 423 257 1122 443 257 1123 441 257 1124 422 258 1125 445 258 1126 443 258 1127 429 259 1128 430 259 1129 445 259 1130 433 260 1131 432 260 1132 431 260 1133 431 261 1134 432 261 1135 416 261 1136 433 262 1137 435 262 1138 434 262 1139 434 263 1140 417 263 1141 416 263 1142 435 264 1143 437 264 1144 436 264 1145 436 265 1146 418 265 1147 417 265 1148 437 266 1149 439 266 1150 438 266 1151 438 267 1152 419 267 1153 418 267 1154 439 268 1155 441 268 1156 440 268 1157 440 269 1158 420 269 1159 419 269 1160 443 270 1161 442 270 1162 440 270 1163 440 271 1164 442 271 1165 421 271 1166 445 272 1167 444 272 1168 442 272 1169 442 273 1170 444 273 1171 414 273 1172 430 274 1173 431 274 1174 444 274 1175 444 275 1176 431 275 1177 415 275 1178 415 276 1179 446 276 1180 414 276 1181 414 277 1182 453 277 1183 421 277 1184 424 278 1185 425 278 1186 457 278 1187 422 279 1188 423 279 1189 455 279 1190 463 280 1191 464 280 1192 465 280 1193 466 281 1194 464 281 1195 462 281 1196 468 282 1197 463 282 1198 465 282 1199 469 283 1200 465 283 1201 464 283 1202 467 284 1203 462 284 1204 463 284 1205 1 285 1206 0 285 1207 4 285 1208 0 286 1209 5 286 1210 4 286 1211 4 287 1212 3 287 1213 1 287 1214 9 288 1215 0 288 1216 8 288 1217 0 1 1218 1 1 1219 8 1 1220 1 289 1221 6 289 1222 7 289 1223 38 290 1224 34 290 1225 11 290 1226 34 7 1227 10 7 1228 11 7 1229 12 1 1230 39 1 1231 38 1 1232 11 7 1233 10 7 1234 35 7 1235 11 291 1236 35 291 1237 41 291 1238 40 1 1239 13 1 1240 11 1 1241 15 4 1242 16 4 1243 12 4 1244 17 4 1245 15 4 1246 11 4 1247 14 1 1248 37 1 1249 35 1 1250 44 292 1251 41 292 1252 35 292 1253 19 1 1254 21 1 1255 20 1 1256 22 6 1257 25 6 1258 21 6 1259 23 7 1260 22 7 1261 19 7 1262 24 8 1263 23 8 1264 18 8 1265 27 1 1266 29 1 1267 28 1 1268 30 6 1269 33 6 1270 29 6 1271 31 7 1272 30 7 1273 27 7 1274 32 8 1275 31 8 1276 26 8 1277 45 1 1278 17 1 1279 13 1 1280 16 1 1281 42 1 1282 39 1 1283 36 1 1284 14 1 1285 10 1 1286 41 293 1287 44 293 1288 45 293 1289 43 294 1290 38 294 1291 39 294 1292 38 295 1293 43 295 1294 36 295 1295 46 7 1296 47 7 1297 51 7 1298 50 7 1299 51 7 1300 49 7 1301 54 296 1302 56 296 1303 50 296 1304 46 8 1305 52 8 1306 53 8 1307 55 6 1308 54 6 1309 48 6 1310 56 297 1311 52 297 1312 46 297 1313 55 6 1314 60 6 1315 59 6 1316 54 1 1317 59 1 1318 61 1 1319 52 8 1320 57 8 1321 58 8 1322 56 1 1323 61 1 1324 57 1 1325 133 298 1326 72 298 1327 78 298 1328 132 7 1329 77 7 1330 87 7 1331 85 299 1332 73 299 1333 74 299 1334 102 300 1335 99 300 1336 78 300 1337 87 1 1338 77 1 1339 76 1 1340 75 301 1341 78 301 1342 72 301 1343 80 302 1344 82 302 1345 75 302 1346 82 303 1347 81 303 1348 76 303 1349 132 304 1350 85 304 1351 84 304 1352 73 7 1353 85 7 1354 90 7 1355 71 305 1356 83 305 1357 84 305 1358 81 21 1359 89 21 1360 88 21 1361 93 1 1362 64 1 1363 642 1 1364 62 4 1365 222 4 1366 218 4 1367 644 7 1368 63 7 1369 645 7 1370 94 21 1371 65 21 1372 64 21 1373 96 306 1374 101 306 1375 76 306 1376 99 23 1377 96 23 1378 77 23 1379 101 307 1380 102 307 1381 75 307 1382 96 308 1383 99 308 1384 98 308 1385 101 309 1386 100 309 1387 103 309 1388 97 310 1389 100 310 1390 101 310 1391 102 311 1392 103 311 1393 98 311 1394 100 1 1395 97 1 1396 98 1 1397 109 6 1398 72 6 1399 133 6 1400 115 21 1401 108 21 1402 136 21 1403 105 312 1404 104 312 1405 113 312 1406 109 313 1407 127 313 1408 130 313 1409 107 1 1410 108 1 1411 115 1 1412 106 1 1413 79 1 1414 72 1 1415 106 8 1416 111 8 1417 80 8 1418 107 314 1419 110 314 1420 111 314 1421 112 315 1422 113 315 1423 136 315 1424 118 21 1425 113 21 1426 104 21 1427 112 6 1428 83 6 1429 71 6 1430 116 7 1431 117 7 1432 110 7 1433 67 1 1434 68 1 1435 121 1 1436 66 21 1437 70 21 1438 123 21 1439 141 21 1440 67 21 1441 120 21 1442 68 7 1443 69 7 1444 122 7 1445 107 316 1446 129 316 1447 124 316 1448 108 317 1449 124 317 1450 127 317 1451 106 318 1452 130 318 1453 129 318 1454 126 319 1455 127 319 1456 124 319 1457 129 320 1458 130 320 1459 131 320 1460 129 321 1461 128 321 1462 125 321 1463 130 322 1464 127 322 1465 126 322 1466 131 1 1467 126 1 1468 125 1 1469 137 323 1470 136 323 1471 108 323 1472 138 21 1473 136 21 1474 113 21 1475 137 6 1476 133 6 1477 83 6 1478 77 324 1479 132 324 1480 134 324 1481 85 7 1482 132 7 1483 135 7 1484 83 325 1485 133 325 1486 134 325 1487 139 1 1488 144 1 1489 143 1 1490 70 21 1491 141 21 1492 142 21 1493 223 7 1494 224 7 1495 140 7 1496 140 6 1497 145 6 1498 144 6 1499 153 326 1500 147 326 1501 208 326 1502 162 7 1503 152 7 1504 207 7 1505 149 327 1506 148 327 1507 160 327 1508 153 328 1509 174 328 1510 177 328 1511 151 1 1512 152 1 1513 162 1 1514 150 329 1515 154 329 1516 147 329 1517 150 330 1518 157 330 1519 155 330 1520 151 331 1521 156 331 1522 157 331 1523 159 71 1524 160 71 1525 207 71 1526 165 7 1527 160 7 1528 148 7 1529 159 8 1530 158 8 1531 146 8 1532 163 21 1533 164 21 1534 156 21 1535 642 1 1536 64 1 1537 168 1 1538 95 6 1539 220 6 1540 219 6 1541 645 7 1542 63 7 1543 646 7 1544 64 21 1545 65 21 1546 169 21 1547 151 52 1548 176 52 1549 171 52 1550 152 332 1551 171 332 1552 174 332 1553 150 333 1554 177 333 1555 176 333 1556 173 334 1557 174 334 1558 171 334 1559 176 335 1560 177 335 1561 178 335 1562 176 336 1563 175 336 1564 172 336 1565 177 337 1566 174 337 1567 173 337 1568 178 338 1569 173 338 1570 172 338 1571 208 8 1572 147 8 1573 184 8 1574 211 21 1575 183 21 1576 190 21 1577 188 339 1578 179 339 1579 180 339 1580 205 340 1581 202 340 1582 184 340 1583 190 1 1584 183 1 1585 182 1 1586 181 1 1587 184 1 1588 147 1 1589 155 6 1590 186 6 1591 181 6 1592 186 341 1593 185 341 1594 182 341 1595 211 342 1596 188 342 1597 187 342 1598 179 21 1599 188 21 1600 193 21 1601 146 8 1602 158 8 1603 187 8 1604 185 7 1605 192 7 1606 191 7 1607 196 1 1608 68 1 1609 67 1 1610 198 21 1611 70 21 1612 66 21 1613 195 21 1614 67 21 1615 141 21 1616 197 7 1617 69 7 1618 68 7 1619 199 343 1620 204 343 1621 182 343 1622 202 344 1623 199 344 1624 183 344 1625 204 345 1626 205 345 1627 181 345 1628 199 346 1629 202 346 1630 201 346 1631 204 347 1632 203 347 1633 206 347 1634 200 348 1635 203 348 1636 204 348 1637 205 349 1638 206 349 1639 201 349 1640 203 350 1641 200 350 1642 201 350 1643 183 351 1644 211 351 1645 212 351 1646 188 21 1647 211 21 1648 213 21 1649 158 8 1650 208 8 1651 212 8 1652 209 71 1653 207 71 1654 152 71 1655 210 7 1656 207 7 1657 160 7 1658 209 8 1659 208 8 1660 158 8 1661 216 1 1662 139 1 1663 143 1 1664 215 21 1665 141 21 1666 70 21 1667 225 7 1668 223 7 1669 139 7 1670 217 8 1671 214 8 1672 216 8 1673 166 8 1674 221 8 1675 222 8 1676 91 4 1677 218 4 1678 220 4 1679 226 7 1680 228 7 1681 229 7 1682 230 8 1683 231 8 1684 227 8 1685 233 1 1686 230 1 1687 229 1 1688 231 4 1689 232 4 1690 226 4 1691 232 6 1692 233 6 1693 228 6 1694 234 8 1695 236 8 1696 237 8 1697 238 21 1698 239 21 1699 235 21 1700 241 1 1701 238 1 1702 237 1 1703 239 4 1704 240 4 1705 234 4 1706 240 7 1707 241 7 1708 236 7 1709 242 6 1710 244 6 1711 245 6 1712 246 7 1713 247 7 1714 243 7 1715 249 1 1716 246 1 1717 245 1 1718 247 4 1719 248 4 1720 242 4 1721 248 21 1722 249 21 1723 244 21 1724 264 352 1725 265 352 1726 258 352 1727 257 353 1728 256 353 1729 265 353 1730 256 354 1731 261 354 1732 265 354 1733 261 355 1734 260 355 1735 263 355 1736 263 356 1737 259 356 1738 258 356 1739 263 357 1740 258 357 1741 265 357 1742 251 358 1743 257 358 1744 265 358 1745 250 359 1746 255 359 1747 261 359 1748 252 360 1749 258 360 1750 259 360 1751 262 361 1752 253 361 1753 259 361 1754 255 362 1755 254 362 1756 260 362 1757 262 77 1758 263 77 1759 260 77 1760 270 363 1761 277 363 1762 276 363 1763 273 364 1764 256 364 1765 277 364 1766 256 365 1767 257 365 1768 277 365 1769 277 366 1770 270 366 1771 275 366 1772 270 367 1773 271 367 1774 275 367 1775 275 368 1776 272 368 1777 273 368 1778 277 369 1779 257 369 1780 251 369 1781 250 370 1782 256 370 1783 273 370 1784 271 371 1785 270 371 1786 266 371 1787 274 372 1788 275 372 1789 271 372 1790 269 373 1791 273 373 1792 272 373 1793 272 372 1794 275 372 1795 274 372 1796 292 374 1797 293 374 1798 286 374 1799 285 353 1800 284 353 1801 293 353 1802 284 354 1803 289 354 1804 293 354 1805 289 355 1806 288 355 1807 291 355 1808 291 375 1809 287 375 1810 286 375 1811 291 376 1812 286 376 1813 293 376 1814 279 377 1815 285 377 1816 293 377 1817 278 378 1818 283 378 1819 289 378 1820 280 379 1821 286 379 1822 287 379 1823 290 380 1824 281 380 1825 287 380 1826 283 381 1827 282 381 1828 288 381 1829 290 77 1830 291 77 1831 288 77 1832 298 382 1833 305 382 1834 304 382 1835 301 383 1836 284 383 1837 305 383 1838 284 365 1839 285 365 1840 305 365 1841 305 384 1842 298 384 1843 303 384 1844 298 385 1845 299 385 1846 303 385 1847 303 386 1848 300 386 1849 301 386 1850 305 387 1851 285 387 1852 279 387 1853 278 388 1854 284 388 1855 301 388 1856 299 389 1857 298 389 1858 294 389 1859 302 372 1860 303 372 1861 299 372 1862 297 390 1863 301 390 1864 300 390 1865 300 372 1866 303 372 1867 302 372 1868 315 7 1869 308 7 1870 309 7 1871 314 8 1872 316 8 1873 311 8 1874 313 1 1875 310 1 1876 309 1 1877 311 4 1878 312 4 1879 306 4 1880 317 6 1881 313 6 1882 308 6 1883 312 6 1884 317 6 1885 315 6 1886 310 8 1887 316 8 1888 314 8 1889 306 391 1890 315 391 1891 314 391 1892 321 392 1893 353 392 1894 352 392 1895 330 393 1896 363 393 1897 362 393 1898 323 394 1899 355 394 1900 354 394 1901 325 127 1902 357 127 1903 356 127 1904 320 395 1905 352 395 1906 351 395 1907 322 129 1908 354 129 1909 353 129 1910 324 130 1911 356 130 1912 355 130 1913 332 396 1914 365 396 1915 364 396 1916 327 397 1917 360 397 1918 359 397 1919 329 398 1920 362 398 1921 361 398 1922 332 134 1923 363 134 1924 331 134 1925 333 399 1926 358 399 1927 365 399 1928 319 160 1929 351 160 1930 350 160 1931 318 400 1932 350 400 1933 357 400 1934 328 401 1935 361 401 1936 360 401 1937 326 402 1938 359 402 1939 358 402 1940 369 403 1941 401 403 1942 400 403 1943 378 165 1944 411 165 1945 410 165 1946 371 404 1947 403 404 1948 402 404 1949 373 127 1950 405 127 1951 404 127 1952 368 395 1953 400 395 1954 399 395 1955 370 188 1956 402 188 1957 401 188 1958 372 405 1959 404 405 1960 403 405 1961 380 396 1962 413 396 1963 412 396 1964 375 406 1965 408 406 1966 407 406 1967 377 191 1968 410 191 1969 409 191 1970 380 134 1971 411 134 1972 379 134 1973 381 407 1974 406 407 1975 413 407 1976 367 213 1977 399 213 1978 398 213 1979 366 408 1980 398 408 1981 405 408 1982 376 401 1983 409 401 1984 408 401 1985 374 402 1986 407 402 1987 406 402 1988 417 216 1989 449 216 1990 448 216 1991 426 409 1992 459 409 1993 458 409 1994 419 242 1995 451 242 1996 450 242 1997 421 243 1998 453 243 1999 452 243 2000 416 244 2001 448 244 2002 447 244 2003 418 245 2004 450 245 2005 449 245 2006 420 246 2007 452 246 2008 451 246 2009 428 410 2010 461 410 2011 460 410 2012 423 411 2013 456 411 2014 455 411 2015 425 412 2016 458 412 2017 457 412 2018 428 413 2019 459 413 2020 427 413 2021 429 414 2022 454 414 2023 461 414 2024 415 276 2025 447 276 2026 446 276 2027 414 277 2028 446 277 2029 453 277 2030 424 415 2031 457 415 2032 456 415 2033 422 416 2034 455 416 2035 454 416 2036 463 417 2037 462 417 2038 464 417 2039 466 418 2040 469 418 2041 464 418 2042 468 419 2043 467 419 2044 463 419 2045 469 420 2046 468 420 2047 465 420 2048 467 421 2049 466 421 2050 462 421 2051 484 422 2052 478 422 2053 472 422 2054 481 423 2055 483 423 2056 485 423 2057 471 424 2058 485 424 2059 484 424 2060 470 425 2061 481 425 2062 476 425 2063 472 426 2064 479 426 2065 473 426 2066 482 427 2067 479 427 2068 483 427 2069 475 428 2070 480 428 2071 481 428 2072 482 429 2073 480 429 2074 474 429 2075 490 430 2076 496 430 2077 486 430 2078 497 431 2079 495 431 2080 493 431 2081 497 432 2082 471 432 2083 496 432 2084 470 433 2085 493 433 2086 489 433 2087 491 434 2088 486 434 2089 487 434 2090 494 435 2091 491 435 2092 487 435 2093 489 436 2094 492 436 2095 488 436 2096 492 437 2097 494 437 2098 488 437 2099 484 438 2100 485 438 2101 478 438 2102 477 439 2103 476 439 2104 485 439 2105 476 440 2106 481 440 2107 485 440 2108 481 441 2109 480 441 2110 483 441 2111 483 442 2112 479 442 2113 478 442 2114 483 443 2115 478 443 2116 485 443 2117 471 444 2118 477 444 2119 485 444 2120 470 445 2121 475 445 2122 481 445 2123 472 446 2124 478 446 2125 479 446 2126 482 447 2127 473 447 2128 479 447 2129 475 448 2130 474 448 2131 480 448 2132 482 449 2133 483 449 2134 480 449 2135 490 450 2136 497 450 2137 496 450 2138 493 451 2139 476 451 2140 497 451 2141 476 452 2142 477 452 2143 497 452 2144 497 453 2145 490 453 2146 495 453 2147 490 454 2148 491 454 2149 495 454 2150 495 455 2151 492 455 2152 493 455 2153 497 456 2154 477 456 2155 471 456 2156 470 457 2157 476 457 2158 493 457 2159 491 458 2160 490 458 2161 486 458 2162 494 459 2163 495 459 2164 491 459 2165 489 460 2166 493 460 2167 492 460 2168 492 461 2169 495 461 2170 494 461 2171 501 462 2172 532 462 2173 500 462 2174 510 463 2175 511 463 2176 543 463 2177 512 464 2178 514 464 2179 513 464 2180 512 465 2181 519 465 2182 517 465 2183 511 466 2184 521 466 2185 519 466 2186 510 467 2187 523 467 2188 521 467 2189 509 468 2190 525 468 2191 523 468 2192 507 469 2193 525 469 2194 508 469 2195 506 470 2196 527 470 2197 507 470 2198 513 471 2199 529 471 2200 506 471 2201 517 472 2202 515 472 2203 514 472 2204 515 473 2205 500 473 2206 499 473 2207 517 474 2208 518 474 2209 516 474 2210 518 475 2211 500 475 2212 516 475 2213 519 476 2214 520 476 2215 518 476 2216 520 477 2217 501 477 2218 518 477 2219 521 478 2220 522 478 2221 520 478 2222 522 479 2223 502 479 2224 520 479 2225 523 480 2226 524 480 2227 522 480 2228 524 481 2229 503 481 2230 522 481 2231 527 482 2232 524 482 2233 525 482 2234 524 483 2235 505 483 2236 504 483 2237 529 484 2238 526 484 2239 527 484 2240 526 485 2241 498 485 2242 505 485 2243 514 486 2244 528 486 2245 529 486 2246 528 487 2247 499 487 2248 498 487 2249 503 488 2250 534 488 2251 502 488 2252 505 392 2253 536 392 2254 504 392 2255 500 489 2256 531 489 2257 499 489 2258 502 490 2259 533 490 2260 501 490 2261 504 491 2262 535 491 2263 503 491 2264 512 492 2265 513 492 2266 545 492 2267 507 493 2268 508 493 2269 540 493 2270 509 494 2271 510 494 2272 542 494 2273 512 495 2274 544 495 2275 543 495 2276 513 496 2277 506 496 2278 538 496 2279 512 497 2280 517 497 2281 514 497 2282 512 498 2283 511 498 2284 519 498 2285 511 499 2286 510 499 2287 521 499 2288 510 500 2289 509 500 2290 523 500 2291 509 501 2292 508 501 2293 525 501 2294 507 502 2295 527 502 2296 525 502 2297 506 503 2298 529 503 2299 527 503 2300 513 504 2301 514 504 2302 529 504 2303 517 505 2304 516 505 2305 515 505 2306 515 506 2307 516 506 2308 500 506 2309 517 507 2310 519 507 2311 518 507 2312 518 508 2313 501 508 2314 500 508 2315 519 509 2316 521 509 2317 520 509 2318 520 510 2319 502 510 2320 501 510 2321 521 511 2322 523 511 2323 522 511 2324 522 512 2325 503 512 2326 502 512 2327 523 513 2328 525 513 2329 524 513 2330 524 514 2331 504 514 2332 503 514 2333 527 515 2334 526 515 2335 524 515 2336 524 516 2337 526 516 2338 505 516 2339 529 517 2340 528 517 2341 526 517 2342 526 518 2343 528 518 2344 498 518 2345 514 519 2346 515 519 2347 528 519 2348 528 520 2349 515 520 2350 499 520 2351 499 521 2352 530 521 2353 498 521 2354 498 522 2355 537 522 2356 505 522 2357 508 523 2358 509 523 2359 541 523 2360 506 524 2361 507 524 2362 539 524 2363 549 525 2364 580 525 2365 548 525 2366 558 526 2367 559 526 2368 591 526 2369 560 527 2370 562 527 2371 561 527 2372 560 528 2373 567 528 2374 565 528 2375 559 529 2376 569 529 2377 567 529 2378 558 530 2379 571 530 2380 569 530 2381 557 531 2382 573 531 2383 571 531 2384 555 532 2385 573 532 2386 556 532 2387 554 533 2388 575 533 2389 555 533 2390 561 534 2391 577 534 2392 554 534 2393 565 472 2394 563 472 2395 562 472 2396 563 535 2397 548 535 2398 547 535 2399 565 536 2400 566 536 2401 564 536 2402 566 537 2403 548 537 2404 564 537 2405 567 538 2406 568 538 2407 566 538 2408 568 539 2409 549 539 2410 566 539 2411 569 540 2412 570 540 2413 568 540 2414 570 541 2415 550 541 2416 568 541 2417 571 542 2418 572 542 2419 570 542 2420 572 543 2421 551 543 2422 570 543 2423 575 544 2424 572 544 2425 573 544 2426 572 483 2427 553 483 2428 552 483 2429 577 545 2430 574 545 2431 575 545 2432 574 546 2433 546 546 2434 553 546 2435 562 547 2436 576 547 2437 577 547 2438 576 548 2439 547 548 2440 546 548 2441 551 549 2442 582 549 2443 550 549 2444 553 392 2445 584 392 2446 552 392 2447 548 489 2448 579 489 2449 547 489 2450 550 550 2451 581 550 2452 549 550 2453 552 551 2454 583 551 2455 551 551 2456 560 492 2457 561 492 2458 593 492 2459 555 493 2460 556 493 2461 588 493 2462 557 552 2463 558 552 2464 590 552 2465 560 495 2466 592 495 2467 591 495 2468 561 553 2469 554 553 2470 586 553 2471 560 554 2472 565 554 2473 562 554 2474 560 498 2475 559 498 2476 567 498 2477 559 555 2478 558 555 2479 569 555 2480 558 556 2481 557 556 2482 571 556 2483 557 557 2484 556 557 2485 573 557 2486 555 558 2487 575 558 2488 573 558 2489 554 559 2490 577 559 2491 575 559 2492 561 560 2493 562 560 2494 577 560 2495 565 505 2496 564 505 2497 563 505 2498 563 561 2499 564 561 2500 548 561 2501 565 562 2502 567 562 2503 566 562 2504 566 563 2505 549 563 2506 548 563 2507 567 564 2508 569 564 2509 568 564 2510 568 565 2511 550 565 2512 549 565 2513 569 566 2514 571 566 2515 570 566 2516 570 567 2517 551 567 2518 550 567 2519 571 568 2520 573 568 2521 572 568 2522 572 569 2523 552 569 2524 551 569 2525 575 570 2526 574 570 2527 572 570 2528 572 571 2529 574 571 2530 553 571 2531 577 572 2532 576 572 2533 574 572 2534 574 573 2535 576 573 2536 546 573 2537 562 574 2538 563 574 2539 576 574 2540 576 575 2541 563 575 2542 547 575 2543 547 576 2544 578 576 2545 546 576 2546 546 188 2547 585 188 2548 553 188 2549 556 577 2550 557 577 2551 589 577 2552 554 578 2553 555 578 2554 587 578 2555 597 579 2556 628 579 2557 596 579 2558 606 580 2559 607 580 2560 639 580 2561 608 581 2562 610 581 2563 609 581 2564 608 582 2565 615 582 2566 613 582 2567 607 583 2568 617 583 2569 615 583 2570 606 584 2571 619 584 2572 617 584 2573 605 585 2574 621 585 2575 619 585 2576 603 586 2577 621 586 2578 604 586 2579 602 587 2580 623 587 2581 603 587 2582 609 588 2583 625 588 2584 602 588 2585 613 589 2586 611 589 2587 610 589 2588 611 590 2589 596 590 2590 595 590 2591 613 591 2592 614 591 2593 612 591 2594 614 592 2595 596 592 2596 612 592 2597 615 593 2598 616 593 2599 614 593 2600 616 594 2601 597 594 2602 614 594 2603 617 595 2604 618 595 2605 616 595 2606 618 596 2607 598 596 2608 616 596 2609 619 597 2610 620 597 2611 618 597 2612 620 598 2613 599 598 2614 618 598 2615 623 599 2616 620 599 2617 621 599 2618 620 600 2619 601 600 2620 600 600 2621 625 601 2622 622 601 2623 623 601 2624 622 602 2625 594 602 2626 601 602 2627 610 603 2628 624 603 2629 625 603 2630 624 604 2631 595 604 2632 594 604 2633 599 605 2634 630 605 2635 598 605 2636 601 606 2637 632 606 2638 600 606 2639 596 607 2640 627 607 2641 595 607 2642 598 608 2643 629 608 2644 597 608 2645 600 609 2646 631 609 2647 599 609 2648 608 610 2649 609 610 2650 641 610 2651 603 611 2652 604 611 2653 636 611 2654 605 612 2655 606 612 2656 638 612 2657 608 495 2658 640 495 2659 639 495 2660 609 613 2661 602 613 2662 634 613 2663 608 614 2664 613 614 2665 610 614 2666 608 615 2667 607 615 2668 615 615 2669 607 616 2670 606 616 2671 617 616 2672 606 617 2673 605 617 2674 619 617 2675 605 618 2676 604 618 2677 621 618 2678 603 619 2679 623 619 2680 621 619 2681 602 620 2682 625 620 2683 623 620 2684 609 621 2685 610 621 2686 625 621 2687 613 622 2688 612 622 2689 611 622 2690 611 623 2691 612 623 2692 596 623 2693 613 624 2694 615 624 2695 614 624 2696 614 625 2697 597 625 2698 596 625 2699 615 626 2700 617 626 2701 616 626 2702 616 627 2703 598 627 2704 597 627 2705 617 628 2706 619 628 2707 618 628 2708 618 629 2709 599 629 2710 598 629 2711 619 630 2712 621 630 2713 620 630 2714 620 631 2715 600 631 2716 599 631 2717 623 632 2718 622 632 2719 620 632 2720 620 633 2721 622 633 2722 601 633 2723 625 634 2724 624 634 2725 622 634 2726 622 635 2727 624 635 2728 594 635 2729 610 636 2730 611 636 2731 624 636 2732 624 637 2733 611 637 2734 595 637 2735 595 638 2736 626 638 2737 594 638 2738 594 639 2739 633 639 2740 601 639 2741 604 640 2742 605 640 2743 637 640 2744 602 641 2745 603 641 2746 635 641 2747 501 642 2748 533 642 2749 532 642 2750 510 643 2751 543 643 2752 542 643 2753 503 213 2754 535 213 2755 534 213 2756 505 100 2757 537 100 2758 536 100 2759 500 644 2760 532 644 2761 531 644 2762 502 645 2763 534 645 2764 533 645 2765 504 646 2766 536 646 2767 535 646 2768 512 647 2769 545 647 2770 544 647 2771 507 493 2772 540 493 2773 539 493 2774 509 648 2775 542 648 2776 541 648 2777 512 649 2778 543 649 2779 511 649 2780 513 650 2781 538 650 2782 545 650 2783 499 521 2784 531 521 2785 530 521 2786 498 522 2787 530 522 2788 537 522 2789 508 651 2790 541 651 2791 540 651 2792 506 652 2793 539 652 2794 538 652 2795 549 653 2796 581 653 2797 580 653 2798 558 654 2799 591 654 2800 590 654 2801 551 655 2802 583 655 2803 582 655 2804 553 100 2805 585 100 2806 584 100 2807 548 644 2808 580 644 2809 579 644 2810 550 656 2811 582 656 2812 581 656 2813 552 657 2814 584 657 2815 583 657 2816 560 647 2817 593 647 2818 592 647 2819 555 493 2820 588 493 2821 587 493 2822 557 658 2823 590 658 2824 589 658 2825 560 659 2826 591 659 2827 559 659 2828 561 496 2829 586 496 2830 593 496 2831 547 576 2832 579 576 2833 578 576 2834 546 188 2835 578 188 2836 585 188 2837 556 651 2838 589 651 2839 588 651 2840 554 660 2841 587 660 2842 586 660 2843 597 661 2844 629 661 2845 628 661 2846 606 662 2847 639 662 2848 638 662 2849 599 605 2850 631 605 2851 630 605 2852 601 606 2853 633 606 2854 632 606 2855 596 607 2856 628 607 2857 627 607 2858 598 608 2859 630 608 2860 629 608 2861 600 663 2862 632 663 2863 631 663 2864 608 610 2865 641 610 2866 640 610 2867 603 664 2868 636 664 2869 635 664 2870 605 665 2871 638 665 2872 637 665 2873 608 666 2874 639 666 2875 607 666 2876 609 667 2877 634 667 2878 641 667 2879 595 638 2880 627 638 2881 626 638 2882 594 639 2883 626 639 2884 633 639 2885 604 668 2886 637 668 2887 636 668 2888 602 669 2889 635 669 2890 634 669 2891 644 670 2892 642 670 2893 63 670 2894 643 671 2895 92 671 2896 644 671 2897 643 672 2898 139 672 2899 140 672 2900 646 673 2901 642 673 2902 167 673 2903 647 674 2904 139 674 2905 645 674 2906 646 675 2907 214 675 2908 647 675 2909 651 21 2910 649 21 2911 648 21 2912 655 21 2913 653 21 2914 652 21 2915 651 21 2916 650 21 2917 649 21 2918 655 21 2919 654 21 2920 653 21 2921 659 7 2922 656 7 2923 657 7 2924 663 7 2925 660 7 2926 661 7 2927 659 7 2928 657 7 2929 658 7 2930 663 7 2931 661 7 2932 662 7 2933 662 6 2934 653 6 2935 654 6 2936 658 6 2937 649 6 2938 650 6 2939 659 1 2940 650 1 2941 651 1 2942 660 8 2943 655 8 2944 652 8 2945 661 4 2946 652 4 2947 653 4 2948 656 8 2949 651 8 2950 648 8 2951 657 4 2952 648 4 2953 649 4 2954 663 1 2955 654 1 2956 655 1 2957 667 7 2958 664 7 2959 665 7 2960 665 4 2961 669 4 2962 667 4 2963 667 6 2964 671 6 2965 666 6 2966 666 1 2967 670 1 2968 664 1 2969 664 8 2970 668 8 2971 665 8 2972 667 7 2973 666 7 2974 664 7 2975 665 4 2976 668 4 2977 669 4 2978 667 6 2979 669 6 2980 671 6 2981 666 1 2982 671 1 2983 670 1 2984 664 8 2985 670 8 2986 668 8 2987 675 7 2988 673 7 2989 672 7 2990 673 4 2991 675 4 2992 677 4 2993 675 8 2994 674 8 2995 679 8 2996 674 1 2997 672 1 2998 678 1 2999 672 6 3000 673 6 3001 676 6 3002 675 7 3003 672 7 3004 674 7 3005 673 4 3006 677 4 3007 676 4 3008 675 8 3009 679 8 3010 677 8 3011 674 1 3012 678 1 3013 679 1 3014 672 6 3015 676 6 3016 678 6 3017 644 676 3018 92 676 3019 642 676 3020 643 677 3021 140 677 3022 92 677 3023 643 678 3024 645 678 3025 139 678 3026 646 670 3027 63 670 3028 642 670 3029 647 679 3030 214 679 3031 139 679 3032 646 680 3033 167 680 3034 214 680 3035 662 6 3036 661 6 3037 653 6 3038 658 6 3039 657 6 3040 649 6 3041 659 1 3042 658 1 3043 650 1 3044 660 8 3045 663 8 3046 655 8 3047 661 4 3048 660 4 3049 652 4 3050 656 8 3051 659 8 3052 651 8 3053 657 4 3054 656 4 3055 648 4 3056 663 1 3057 662 1 3058 654 1 3059</p>
        </triangles>
      </mesh>
    </geometry>
  </library_geometries>
  <library_visual_scenes>
    <visual_scene id="Scene" name="Scene">
      <node id="stable" name="stable" type="NODE">
        <matrix sid="transform">0.7 0 0 0 0 1 0 0 0 0 1 0 0 0 0 1</matrix>
        <instance_geometry url="#Cubo_007-mesh" name="stable">
          <bind_material>
            <technique_common>
              <instance_material symbol="Material_003-material" target="#Material_003-material">
                <bind_vertex_input semantic="Cubo_007-mesh-map-0" input_semantic="TEXCOORD" input_set="0"/>
                <bind_vertex_input semantic="Cubo_007-mesh-map-1" input_semantic="TEXCOORD" input_set="1"/>
              </instance_material>
            </technique_common>
          </bind_material>
        </instance_geometry>
        <node id="prop_garrisoned_01" name="prop_garrisoned_01" type="NODE">
          <matrix sid="transform">-0.6047519 8.61979e-8 0 -9.323735 -9.1315e-8 -0.5708631 0 -4.594918 0 0 0.5708632 7.5396 0 0 0 1</matrix>
        </node>
        <node id="prop_garrisoned_02" name="prop_garrisoned_02" type="NODE">
          <matrix sid="transform">-0.6047519 8.61979e-8 0 9.664974 -9.1315e-8 -0.5708631 0 -4.594918 0 0 0.5708632 7.5396 0 0 0 1</matrix>
        </node>
        <node id="prop_projectile" name="prop_projectile" type="NODE">
          <matrix sid="transform">-0.6047519 8.61979e-8 0 0.03216854 -9.1315e-8 -0.5708631 0 -4.594918 0 0 0.5708632 7.5396 0 0 0 1</matrix>
        </node>
        <node id="prop_01" name="prop_01" type="NODE">
          <matrix sid="transform">1.428571 0 0 8.301519 0 1 0 -13.98945 0 0 1 0 0 0 0 1</matrix>
        </node>
        <node id="prop_02" name="prop_02" type="NODE">
          <matrix sid="transform">1.428571 0 0 -8.301515 0 1 0 -13.98945 0 0 1 0 0 0 0 1</matrix>
        </node>
      </node>
    </visual_scene>
  </library_visual_scenes>
  <scene>
    <instance_visual_scene url="#Scene"/>
  </scene>
</COLLADA>