<?xml version="1.0" encoding="utf-8"?>
<COLLADA xmlns="http://www.collada.org/2005/11/COLLADASchema" version="1.4.1" xmlns:xsi="http://www.w3.org/2001/XMLSchema-instance">
  <asset>
    <contributor>
      <author>Blender User</author>
      <authoring_tool>Blender 4.3.1 commit date:2024-12-10, commit time:07:46, hash:33d812126174</authoring_tool>
    </contributor>
    <created>2026-08-18T22:03:29</created>
    <modified>2026-08-18T22:03:29</modified>
    <unit name="meter" meter="1"/>
    <up_axis>Z_UP</up_axis>
  </asset>
  <library_effects>
    <effect id="Material_001-effect">
      <profile_COMMON>
        <technique sid="common">
          <lambert>
            <emission>
              <color sid="emission">0 0 0 1</color>
            </emission>
            <diffuse>
              <color sid="diffuse">0.8 0.8 0.8 1</color>
            </diffuse>
            <index_of_refraction>
              <float sid="ior">1.5</float>
            </index_of_refraction>
          </lambert>
        </technique>
      </profile_COMMON>
    </effect>
  </library_effects>
  <library_images/>
  <library_materials>
    <material id="Material_001-material" name="Material.001">
      <instance_effect url="#Material_001-effect"/>
    </material>
  </library_materials>
  <library_geometries>
    <geometry id="Cubo_001-mesh" name="Cubo.001">
      <mesh>
        <source id="Cubo_001-mesh-positions">
          <float_array id="Cubo_001-mesh-positions-array" count="4122">-9.263117 1.496972 8.811795 9.263119 1.496973 8.811795 9.263119 -8.052764 8.811795 8.519827 -8.62418 8.811795 -8.519829 -8.624181 8.811795 -9.263117 -8.052765 8.811795 9.263119 8.04671 8.811795 8.519827 8.618125 8.811795 -8.519829 8.618124 8.811795 -9.263117 8.04671 8.811795 3.73879e-7 -12.11349 7.483751 3.73879e-7 -12.11349 6.240899 5.040045 -12.11349 6.240899 -5.040043 -12.11349 6.240899 3.28226e-7 -9.115406 7.483751 3.28226e-7 -9.115406 6.240899 5.040045 -9.115406 6.240899 -5.040043 -9.115406 6.240899 2.715767 -12.11349 6.240899 4.674129 -12.11349 6.240899 2.715767 -9.115406 6.240899 4.674129 -9.115406 6.240899 4.674129 -12.11349 0.4443927 2.715767 -12.11349 0.4443927 2.715767 -9.115406 0.4443927 4.674129 -9.115406 0.4443927 -4.674129 -12.11349 6.240899 -2.71577 -12.11349 6.240899 -4.674129 -9.115406 6.240899 -2.71577 -9.115406 6.240899 -2.71577 -12.11349 0.4443927 -4.674129 -12.11349 0.4443927 -4.674129 -9.115406 0.4443927 -2.71577 -9.115406 0.4443927 3.611125 -12.11349 7.483751 -3.611123 -12.11349 7.483751 3.611125 -9.115406 7.483751 -3.611123 -9.115406 7.483751 3.753914 -12.11349 7.411513 5.040045 -12.11349 6.240899 -5.040043 -12.11349 6.240899 -3.753912 -12.11349 7.411513 5.040045 -9.115406 6.240899 3.753914 -9.115406 7.411513 -3.753912 -9.115406 7.411513 -5.040043 -9.115406 6.240899 -2.738913 -10.83579 6.210336 -2.738913 -10.83579 0.4503355 2.738919 -10.83579 6.210336 2.738919 -10.83579 0.4503355 -2.738913 -10.54754 0.4503355 2.738918 -10.54754 0.4503355 -2.738913 -10.54754 6.210336 2.738918 -10.54754 6.210336 -4.788592 -15.19438 -2.387896 -4.788592 -15.19438 -6.659503 4.788592 -15.19438 -2.387896 4.788592 -15.19438 -6.659503 -2.6884e-7 -15.19438 -2.387896 -2.6884e-7 -15.19438 -6.659503 -4.788592 -12.37091 0.9363895 -4.788592 -12.37091 -6.659503 4.788592 -12.37091 0.9363895 4.788592 -12.37091 -6.659503 -2.6884e-7 -12.37091 0.9363895 -4.788592 -10.09239 0.9363895 -4.788592 -11.42518 -6.659503 4.788592 -10.09239 0.9363895 4.788592 -11.42518 -6.659503 -2.6884e-7 -10.09239 0.9363895 1.62434e-7 -10.50303 -5.408452 1.62434e-7 -10.50303 9.788002 0 -8.624181 9.788002 0 -8.624181 8.811795 -6.2437e-7 10.49697 -5.408452 -6.2437e-7 10.49697 9.788002 -5.42243e-7 8.618125 9.788002 -5.42243e-7 8.618125 8.811795 -6.2437e-7 10.49697 1.935549 11 1.496973 -5.408452 11 1.496973 9.788002 9.327981 -10.50303 -5.408452 11 -8.831009 -5.408452 9.121153 -8.052765 9.788002 8.549737 -8.624181 9.788002 9.327981 -10.50303 9.788002 11 -8.831009 9.788002 9.121153 1.496973 9.788002 9.121153 1.496973 8.811795 8.549737 -8.624181 8.811795 9.121153 -8.052765 8.811795 11 1.496973 1.935549 11 -8.831009 1.935549 9.327981 -10.50303 1.935549 1.999994 -10.50303 -5.408452 1.999994 -10.50303 9.788002 1.999994 -8.624181 9.788002 1.999994 -8.624181 8.811795 1.999994 -10.50303 1.935549 1.999994 -10.50303 -5.408452 1.999994 -10.50303 9.788002 1.999994 -8.624181 9.788002 1.999994 -8.624181 8.811795 1.999994 -10.50303 1.935549 9.327981 -10.50303 9.87015 9.41242 -10.07853 10.73548 10.5755 -8.915449 10.73548 11 -8.831009 9.87015 8.833378 -8.680602 10.73548 8.549737 -8.624181 9.87015 9.121153 -8.052765 9.87015 9.177574 -8.336407 10.73548 9.327981 10.49697 -5.408452 11 8.824954 -5.408452 9.121153 8.04671 9.788002 8.549737 8.618125 9.788002 9.327981 10.49697 9.788002 11 8.824954 9.788002 8.549737 8.618125 8.811795 9.121153 8.04671 8.811795 11 8.824954 1.935549 9.327981 10.49697 1.935549 1.999994 10.49697 -5.408452 1.999994 10.49697 9.788002 1.999994 8.618125 9.788002 1.999994 8.618125 8.811795 1.999994 10.49697 1.935549 1.999994 10.49697 -5.408452 1.999994 10.49697 9.788002 1.999994 8.618125 9.788002 1.999994 8.618125 8.811795 1.999994 10.49697 1.935549 9.327981 10.49697 9.87015 9.41242 10.07247 10.73548 10.5755 8.909394 10.73548 11 8.824954 9.87015 8.833378 8.674547 10.73548 8.549737 8.618125 9.87015 9.121153 8.04671 9.87015 9.177574 8.330352 10.73548 9.327981 -10.50303 8.559338 11 1.496973 8.559338 11 -8.831009 8.559338 1.999994 -10.50303 8.559338 9.327981 10.49697 8.559338 11 8.824954 8.559338 1.999994 10.49697 8.559338 1.62434e-7 -10.50303 8.545149 1.999994 -10.50303 8.545149 -6.2437e-7 10.49697 8.610135 1.999994 10.49697 8.610135 1.41495e-7 -10.16811 8.545149 1.999994 -10.16811 8.545149 1.999994 -10.16811 1.935549 -11 1.496972 -5.408452 -11 1.496972 9.788002 -9.327981 -10.50303 -5.408452 -11 -8.83101 -5.408452 -9.121153 -8.052766 9.788002 -8.549737 -8.624182 9.788002 -9.327981 -10.50303 9.788002 -11 -8.83101 9.788002 -9.121153 1.496972 9.788002 -9.121153 1.496972 8.811795 -8.549737 -8.624182 8.811795 -9.121153 -8.052766 8.811795 -11 1.496972 1.935549 -11 -8.83101 1.935549 -9.327981 -10.50303 1.935549 -1.999994 -10.50303 -5.408452 -1.999994 -10.50303 9.788002 -1.999994 -8.624181 9.788002 -1.999994 -8.624181 8.811795 -1.999994 -10.50303 1.935549 -1.999994 -10.50303 -5.408452 -1.999994 -10.50303 9.788002 -1.999994 -8.624181 9.788002 -1.999994 -8.624181 8.811795 -1.999994 -10.50303 1.935549 -9.327981 -10.50303 9.87015 -9.41242 -10.07853 10.73548 -10.5755 -8.91545 10.73548 -11 -8.83101 9.87015 -8.833378 -8.680603 10.73548 -8.549737 -8.624182 9.87015 -9.121153 -8.052766 9.87015 -9.177574 -8.336408 10.73548 -9.327981 10.49697 -5.408452 -11 8.824954 -5.408452 -9.121153 8.04671 9.788002 -8.549737 8.618125 9.788002 -9.327981 10.49697 9.788002 -11 8.824954 9.788002 -8.549737 8.618125 8.811795 -9.121153 8.04671 8.811795 -11 8.824954 1.935549 -9.327981 10.49697 1.935549 -1.999995 10.49697 -5.408452 -1.999995 10.49697 9.788002 -1.999995 8.618125 9.788002 -1.999995 8.618125 8.811795 -1.999995 10.49697 1.935549 -1.999995 10.49697 -5.408452 -1.999995 10.49697 9.788002 -1.999995 8.618125 9.788002 -1.999995 8.618125 8.811795 -1.999995 10.49697 1.935549 -9.327981 10.49697 9.87015 -9.41242 10.07247 10.73548 -10.5755 8.909392 10.73548 -11 8.824954 9.87015 -8.833378 8.674546 10.73548 -8.549737 8.618125 9.87015 -9.121153 8.04671 9.87015 -9.177574 8.33035 10.73548 -9.327981 -10.50303 8.559338 -11 1.496972 8.559338 -11 -8.83101 8.559338 -1.999994 -10.50303 8.559338 -9.327981 10.49697 8.559338 -11 8.824954 8.559338 -1.999995 10.49697 8.559338 -1.999994 -10.50303 8.545149 -1.999995 10.49697 8.610135 -1.999994 -10.16811 8.545149 -1.999994 -10.16811 1.935549 1.62434e-7 -10.12935 -5.408452 1.999994 -10.12935 1.935549 1.999994 -10.12935 -5.408452 -1.999994 -10.12935 1.935549 -1.999994 -10.12935 -5.408452 1.62434e-7 -10.50303 7.391637 1.999994 -10.50303 7.391637 -1.999994 -10.50303 7.391637 -4.910925 -2.668936 8.591225 4.846195 -2.668936 8.591225 4.846195 -7.9099 8.591225 4.45473 -8.183925 8.591225 -4.51946 -8.183925 8.591225 -4.910925 -7.9099 8.591225 -4.575334 -2.668936 11.25464 4.510603 -2.668936 11.25464 4.510603 -7.693836 11.25464 4.146067 -7.949012 11.25464 -4.210797 -7.949012 11.25464 -4.575334 -7.693836 11.25464 -0.03236496 -8.183925 8.591225 -0.03236496 -7.949012 11.25464 4.846195 -6.339417 8.591225 4.510603 -6.231386 11.25464 4.846195 0.4720275 8.591225 4.45473 0.7460525 8.591225 -4.51946 0.7460525 8.591225 -4.910925 0.4720275 8.591225 4.510603 0.2559636 11.25464 4.146067 0.5111392 11.25464 -4.210797 0.5111392 11.25464 -4.575334 0.2559636 11.25464 -0.03236538 0.7460525 8.591225 -0.03236538 0.5111392 11.25464 4.846195 -1.098454 8.591225 4.510603 -1.206486 11.25464 11.49911 -5.361374 0.4972622 11.49911 -8.152018 0.4972622 11.49911 -5.361374 5.425118 11.49911 -8.152018 5.425118 10.87357 -8.152018 5.425118 10.87357 -8.152018 0.4972622 10.87357 -5.361374 0.4972622 10.87357 -5.361374 5.425118 4.3821 10.70168 4.027814 7.172743 10.70168 4.027814 4.3821 10.70168 7.329464 7.172743 10.70168 7.329464 7.172743 10.07614 7.329464 7.172743 10.07614 4.027814 4.3821 10.07614 4.027814 4.3821 10.07614 7.329464 -8.960799 10.70168 2.412517 -6.170154 10.70168 2.412517 -8.960799 10.70168 5.714167 -6.170154 10.70168 5.714167 -6.170154 10.07614 5.714167 -6.170154 10.07614 2.412517 -8.960799 10.07614 2.412517 -8.960799 10.07614 5.714167 -17.26589 2.35154 0.5055018 -17.26589 2.98713 -0.1809358 -17.26589 5.611729 -0.1809358 -17.26589 6.247318 0.5055018 -17.26589 2.98713 6.257388 -17.26589 2.35154 5.57095 -17.26589 6.247318 5.57095 -17.26589 5.611729 6.257388 -17.64339 5.611729 6.257388 -17.64339 6.247318 5.57095 -17.64339 6.247318 0.5055018 -17.64339 5.611729 -0.1809358 -17.64339 2.98713 -0.1809358 -17.64339 2.35154 0.5055018 -17.64339 2.35154 5.57095 -17.64339 2.98713 6.257388 -7.844079 4.480428 8.432538 -4.989293 4.480428 8.432538 -4.989293 1.172032 8.432538 -5.10383 0.8834 8.432538 -7.729543 0.8834 8.432538 -7.844079 1.172032 8.432538 -7.745891 4.480428 9.211814 -5.087482 4.480428 9.211814 -5.087482 1.399614 9.211814 -5.19414 1.130836 9.211814 -7.639233 1.130836 9.211814 -7.745891 1.399614 9.211814 -6.416686 0.8834 8.432538 -6.416686 1.130836 9.211814 -4.989293 2.826231 8.432538 -5.087482 2.940021 9.211814 -4.989293 7.788823 8.432538 -5.10383 8.077456 8.432538 -7.729543 8.077456 8.432538 -7.844079 7.788823 8.432538 -5.087482 7.561242 9.211814 -5.19414 7.83002 9.211814 -7.639233 7.83002 9.211814 -7.745891 7.561242 9.211814 -6.416687 8.077456 8.432538 -6.416687 7.83002 9.211814 -4.989293 6.134626 8.432538 -5.087482 6.020835 9.211814 5.15592 4.480428 8.432538 8.010707 4.480428 8.432538 8.010707 1.172032 8.432538 7.89617 0.8834 8.432538 5.270457 0.8834 8.432538 5.15592 1.172032 8.432538 5.254109 4.480428 9.211814 7.912518 4.480428 9.211814 7.912518 1.399614 9.211814 7.80586 1.130836 9.211814 5.360767 1.130836 9.211814 5.254109 1.399614 9.211814 6.583314 0.8834 8.432538 6.583314 1.130836 9.211814 8.010707 2.826231 8.432538 7.912518 2.940021 9.211814 8.010707 7.788823 8.432538 7.89617 8.077456 8.432538 5.270457 8.077456 8.432538 5.15592 7.788823 8.432538 7.912518 7.561242 9.211814 7.80586 7.83002 9.211814 5.360767 7.83002 9.211814 5.254109 7.561242 9.211814 6.583313 8.077456 8.432538 6.583313 7.83002 9.211814 8.010707 6.134626 8.432538 7.912518 6.020835 9.211814 -17.37062 2.98713 -0.7942022 -17.37062 5.611729 -0.7942022 -17.74811 5.611729 -0.7942022 -17.74811 2.98713 -0.7942022 -17.33851 2.970342 -0.9275723 -17.716 2.970342 -0.9275723 -17.716 5.59494 -0.9275723 -17.33851 5.59494 -0.9275723 -17.37062 2.98713 -1.594423 -17.37062 5.611729 -1.594423 -17.74811 5.611729 -1.594423 -17.74811 2.98713 -1.594423 -17.33851 2.970342 -1.727793 -17.716 2.970342 -1.727793 -17.716 5.59494 -1.727793 -17.33851 5.59494 -1.727793 -17.37062 2.98713 -2.394643 -17.37062 5.611729 -2.394643 -17.74811 5.611729 -2.394643 -17.74811 2.98713 -2.394643 -17.33851 2.970342 -2.528013 -17.716 2.970342 -2.528013 -17.716 5.59494 -2.528013 -17.33851 5.59494 -2.528013 -17.37062 2.98713 -3.194864 -17.37062 5.611729 -3.194864 -17.74811 5.611729 -3.194864 -17.74811 2.98713 -3.194864 -17.33851 2.970342 -3.328234 -17.716 2.970342 -3.328234 -17.716 5.59494 -3.328234 -17.33851 5.59494 -3.328234 -17.37062 2.98713 -3.995085 -17.37062 5.611729 -3.995085 -17.74811 5.611729 -3.995085 -17.74811 2.98713 -3.995085 -17.33851 2.970342 -4.128455 -17.716 2.970342 -4.128455 -17.716 5.59494 -4.128455 -17.33851 5.59494 -4.128455 -17.37062 2.98713 -4.795305 -17.37062 5.611729 -4.795305 -17.74811 5.611729 -4.795305 -17.74811 2.98713 -4.795305 -17.33851 2.970342 -4.928675 -17.716 2.970342 -4.928675 -17.716 5.59494 -4.928675 -17.33851 5.59494 -4.928675 11.53623 -1.421091 2.410426 11.53623 -3.820153 2.410426 11.27966 -1.421091 4.77932 11.27966 -3.820153 4.77932 10.72848 -3.820153 4.77932 10.72848 -3.820153 2.410426 10.72848 -1.421091 2.410426 10.72848 -1.421091 4.77932 11.27966 -3.820153 3.06192 11.27966 -1.421091 3.06192 10.72848 -3.820153 3.06192 10.72848 -1.421091 3.06192 -5.98563 11.44088 1.573615 -5.839184 11.79444 1.573615 -5.48563 11.94088 1.573615 -5.132076 11.79444 1.573615 -4.98563 11.44088 1.573615 -5.132076 11.08733 1.573615 -5.48563 10.94088 1.573615 -5.839184 11.08733 1.573615 -5.98563 10.29133 2.573615 -5.839184 10.29133 2.220061 -5.48563 10.29133 2.073615 -5.132076 10.29133 2.220061 -4.98563 10.29133 2.573615 -5.132076 10.29133 2.927168 -5.48563 10.29133 3.073615 -5.839184 10.29133 2.927168 -5.839184 11.16326 2.871751 -5.839184 11.67803 2.455307 -5.48563 11.80621 2.526131 -5.48563 11.21398 3.009134 -5.132076 11.67803 2.455307 -5.132076 11.16326 2.871751 -4.98563 11.36857 2.284322 -4.98563 11.04081 2.540079 -5.132076 11.05912 2.113337 -5.132076 10.91836 2.208408 -5.48563 10.93094 2.042512 -5.48563 10.86764 2.071025 -5.839184 11.05912 2.113337 -5.839184 10.91836 2.208408 -5.98563 11.36857 2.284322 -5.98563 11.04081 2.540079 -5.98563 11.44088 -4.668405 -5.839184 11.79444 -4.668405 -5.48563 11.94088 -4.668405 -5.132076 11.79444 -4.668405 -4.98563 11.44088 -4.668405 -5.132076 11.08733 -4.668405 -5.48563 10.94088 -4.668405 -5.839184 11.08733 -4.668405 -5.98563 7.413238 2.573615 -5.839184 7.413238 2.220061 -5.48563 7.413238 2.073615 -5.132076 7.413238 2.220061 -4.98563 7.413238 2.573615 -5.132076 7.413238 2.927168 -5.48563 7.413238 3.073615 -5.839184 7.413238 2.927168 -4.583482 11.44088 1.573615 -4.437036 11.79444 1.573615 -4.083482 11.94088 1.573615 -3.729928 11.79444 1.573615 -3.583482 11.44088 1.573615 -3.729928 11.08733 1.573615 -4.083482 10.94088 1.573615 -4.437036 11.08733 1.573615 -4.583482 10.29133 2.573615 -4.437036 10.29133 2.220061 -4.083482 10.29133 2.073615 -3.729928 10.29133 2.220061 -3.583482 10.29133 2.573615 -3.729928 10.29133 2.927168 -4.083482 10.29133 3.073615 -4.437036 10.29133 2.927168 -4.437036 11.16326 2.871751 -4.437036 11.67803 2.455307 -4.083482 11.80621 2.526131 -4.083482 11.21398 3.009134 -3.729928 11.67803 2.455307 -3.729928 11.16326 2.871751 -3.583482 11.36857 2.284322 -3.583482 11.04081 2.540079 -3.729928 11.05912 2.113337 -3.729928 10.91836 2.208408 -4.083482 10.93094 2.042512 -4.083482 10.86764 2.071025 -4.437036 11.05912 2.113337 -4.437036 10.91836 2.208408 -4.583482 11.36857 2.284322 -4.583482 11.04081 2.540079 -4.583482 11.44088 -4.668405 -4.437036 11.79444 -4.668405 -4.083482 11.94088 -4.668405 -3.729928 11.79444 -4.668405 -3.583482 11.44088 -4.668405 -3.729928 11.08733 -4.668405 -4.083482 10.94088 -4.668405 -4.437036 11.08733 -4.668405 -4.583482 7.413238 2.573615 -4.437036 7.413238 2.220061 -4.083482 7.413238 2.073615 -3.729928 7.413238 2.220061 -3.583482 7.413238 2.573615 -3.729928 7.413238 2.927168 -4.083482 7.413238 3.073615 -4.437036 7.413238 2.927168 -2.866551 11.12603 0.4882252 -2.769073 11.36137 0.4882252 -2.533739 11.45885 0.4882252 -2.298406 11.36137 0.4882252 -2.200928 11.12603 0.4882252 -2.298406 10.8907 0.4882252 -2.533739 10.79322 0.4882252 -2.769073 10.8907 0.4882252 -2.866551 10.36087 1.153848 -2.769073 10.36087 0.9185149 -2.533739 10.36087 0.8210366 -2.298406 10.36087 0.9185149 -2.200928 10.36087 1.153848 -2.298406 10.36087 1.389181 -2.533739 10.36087 1.48666 -2.769073 10.36087 1.389181 -2.769073 10.94124 1.352294 -2.769073 11.28389 1.0751 -2.533739 11.36921 1.122242 -2.533739 10.975 1.44374 -2.298406 11.28389 1.0751 -2.298406 10.94124 1.352294 -2.200928 11.0779 0.961288 -2.200928 10.85974 1.131526 -2.298406 10.87192 0.8474764 -2.298406 10.77823 0.9107579 -2.533739 10.7866 0.8003341 -2.533739 10.74447 0.8193127 -2.769073 10.87192 0.8474764 -2.769073 10.77823 0.9107579 -2.866551 11.0779 0.961288 -2.866551 10.85974 1.131526 -2.866551 11.12603 -4.65365 -2.769073 11.36137 -4.65365 -2.533739 11.45885 -4.65365 -2.298406 11.36137 -4.65365 -2.200928 11.12603 -4.65365 -2.298406 10.8907 -4.65365 -2.533739 10.79322 -4.65365 -2.769073 10.8907 -4.65365 -2.866551 8.445142 1.153848 -2.769073 8.445142 0.9185149 -2.533739 8.445142 0.8210366 -2.298406 8.445142 0.9185149 -2.200928 8.445142 1.153848 -2.298406 8.445142 1.389181 -2.533739 8.445142 1.48666 -2.769073 8.445142 1.389181 -0.2645623 5.272869 15.51807 -0.1669048 5.370527 25.82311 -0.2645623 5.801993 15.51807 -0.1669048 5.704336 25.82311 0.2645623 5.272869 15.51807 0.1669048 5.370527 25.82311 0.2645623 5.801993 15.51807 0.1669048 5.704336 25.82311 -0.6025167 4.934915 15.83551 -0.6025167 6.139949 15.83551 0.6025167 4.934915 15.83551 0.6025167 6.139949 15.83551 -1.22142 4.316011 15.07168 -1.22142 6.758852 15.07168 1.22142 6.758852 15.07168 1.22142 4.316011 15.07168 -0.2645623 5.272869 18.95308 -0.2645623 5.272869 22.3881 -0.2645623 5.801993 22.3881 -0.2645623 5.801993 18.95308 0.2645623 5.801993 22.3881 0.2645623 5.801993 18.95308 0.2645623 5.272869 22.3881 0.2645623 5.272869 18.95308 -5.510771 -8.438069 9.349037 -5.447956 -8.375252 15.97748 -5.510771 -8.097723 9.349037 -5.447956 -8.160538 15.97748 -5.170426 -8.438069 9.349037 -5.233242 -8.375252 15.97748 -5.170426 -8.097723 9.349037 -5.233242 -8.160538 15.97748 -5.510771 -8.438069 11.55852 -5.510771 -8.438069 13.768 -5.510771 -8.097723 13.768 -5.510771 -8.097723 11.55852 -5.170426 -8.097723 13.768 -5.170426 -8.097723 11.55852 -5.170426 -8.438069 13.768 -5.170426 -8.438069 11.55852 18.60486 -0.889781 1.573615 18.95842 -1.036227 1.573615 19.10486 -1.389781 1.573615 18.95842 -1.743335 1.573615 18.60486 -1.889781 1.573615 18.25131 -1.743335 1.573615 18.10486 -1.389781 1.573615 18.25131 -1.036227 1.573615 17.45531 -0.889781 2.573615 17.45531 -1.036227 2.220061 17.45531 -1.389781 2.073615 17.45531 -1.743335 2.220061 17.45531 -1.889781 2.573615 17.45531 -1.743335 2.927168 17.45531 -1.389781 3.073615 17.45531 -1.036227 2.927168 18.32724 -1.036227 2.871751 18.84201 -1.036227 2.455307 18.97019 -1.389781 2.526131 18.37796 -1.389781 3.009134 18.84201 -1.743335 2.455307 18.32724 -1.743335 2.871751 18.53256 -1.889781 2.284321 18.20479 -1.889781 2.540079 18.2231 -1.743335 2.113337 18.08234 -1.743335 2.208407 18.09492 -1.389781 2.042512 18.03162 -1.389781 2.071025 18.2231 -1.036227 2.113337 18.08234 -1.036227 2.208407 18.53256 -0.889781 2.284321 18.20479 -0.889781 2.540079 18.60486 -0.889781 -4.668404 18.95842 -1.036227 -4.668404 19.10486 -1.389781 -4.668404 18.95842 -1.743335 -4.668404 18.60486 -1.889781 -4.668404 18.25131 -1.743335 -4.668404 18.10486 -1.389781 -4.668404 18.25131 -1.036227 -4.668404 14.57722 -0.889781 2.573615 14.57722 -1.036227 2.220061 14.57722 -1.389781 2.073615 14.57722 -1.743335 2.220061 14.57722 -1.889781 2.573615 14.57722 -1.743335 2.927168 14.57722 -1.389781 3.073615 14.57722 -1.036227 2.927168 18.60486 -2.291929 1.573615 18.95842 -2.438375 1.573615 19.10486 -2.791929 1.573615 18.95842 -3.145483 1.573615 18.60486 -3.291929 1.573615 18.25131 -3.145483 1.573615 18.10486 -2.791929 1.573615 18.25131 -2.438375 1.573615 17.45531 -2.291929 2.573615 17.45531 -2.438375 2.220061 17.45531 -2.791929 2.073615 17.45531 -3.145483 2.220061 17.45531 -3.291929 2.573615 17.45531 -3.145483 2.927168 17.45531 -2.791929 3.073615 17.45531 -2.438375 2.927168 18.32724 -2.438375 2.871751 18.84201 -2.438375 2.455307 18.97019 -2.791929 2.526131 18.37796 -2.791929 3.009134 18.84201 -3.145483 2.455307 18.32724 -3.145483 2.871751 18.53256 -3.291929 2.284321 18.20479 -3.291929 2.540079 18.2231 -3.145483 2.113337 18.08234 -3.145483 2.208407 18.09492 -2.791929 2.042512 18.03162 -2.791929 2.071025 18.2231 -2.438375 2.113337 18.08234 -2.438375 2.208407 18.53256 -2.291929 2.284321 18.20479 -2.291929 2.540079 18.60486 -2.291929 -4.668404 18.95842 -2.438375 -4.668404 19.10486 -2.791929 -4.668404 18.95842 -3.145483 -4.668404 18.60486 -3.291929 -4.668404 18.25131 -3.145483 -4.668404 18.10486 -2.791929 -4.668404 18.25131 -2.438375 -4.668404 14.57722 -2.291929 2.573615 14.57722 -2.438375 2.220061 14.57722 -2.791929 2.073615 14.57722 -3.145483 2.220061 14.57722 -3.291929 2.573615 14.57722 -3.145483 2.927168 14.57722 -2.791929 3.073615 14.57722 -2.438375 2.927168 -2.561765 4.683506 15.07168 -2.561765 6.39135 15.07168 2.561765 6.39135 15.07168 2.561765 4.683506 15.07168 -2.561765 4.683506 10.31811 -2.561765 6.39135 10.31811 2.561765 6.39135 10.31811 2.561765 4.683506 10.31811 -0.8539215 8.099194 15.07168 0.8539215 8.099194 15.07168 0.8539215 2.975662 15.07168 -0.8539215 2.975662 15.07168 -0.8539215 8.099194 10.31811 0.8539215 8.099194 10.31811 0.8539215 2.975662 10.31811 -0.8539215 2.975662 10.31811 -0.8539215 4.683506 15.07168 0.8539215 4.683506 15.07168 -0.8539215 6.39135 15.07168 0.8539215 6.39135 15.07168 -2.561765 3.674228 15.07168 -1.863198 2.975662 15.07168 -1.863198 8.099194 15.07168 -2.561765 7.400627 15.07168 2.561765 7.400627 15.07168 1.863198 8.099194 15.07168 1.863198 2.975662 15.07168 2.561765 3.674228 15.07168 -1.863198 2.975662 10.31811 -2.561765 3.674228 10.31811 -2.561765 7.400627 10.31811 -1.863198 8.099194 10.31811 1.863198 8.099194 10.31811 2.561765 7.400627 10.31811 2.561765 3.674228 10.31811 1.863198 2.975662 10.31811 1.113003 4.424424 15.38752 2.320875 4.424424 15.38752 1.113003 6.650432 15.38752 2.320875 6.650432 15.38752 -2.320875 4.424424 15.38752 -1.113003 4.424424 15.38752 -2.320875 6.650432 15.38752 -1.113003 6.650432 15.38752 -1.113003 3.216552 15.38752 1.113003 3.216552 15.38752 -1.113003 7.858304 15.38752 1.113003 7.858304 15.38752 2.320875 3.710613 15.38752 1.826814 3.216552 15.38752 -1.826814 3.216552 15.38752 -2.320875 3.710613 15.38752 -2.320875 7.364243 15.38752 -1.826814 7.858304 15.38752 1.826814 7.858304 15.38752 2.320875 7.364243 15.38752 -2.967929 6.121811 8.23974 3.367514 6.121811 8.23974 3.367514 2.718776 8.23974 3.11333 2.540848 8.23974 -2.713745 2.540848 8.23974 -2.967929 2.718776 8.23974 -2.750024 6.121811 10.36109 3.14961 6.121811 10.36109 3.14961 2.859069 10.36109 2.912911 2.69338 10.36109 -2.513325 2.69338 10.36109 -2.750024 2.859069 10.36109 0.1997928 2.540848 8.23974 0.1997928 2.69338 10.36109 3.367514 3.738513 8.23974 3.14961 3.80866 10.36109 3.367514 8.161287 8.23974 3.11333 8.339216 8.23974 -2.713745 8.339216 8.23974 -2.967929 8.161287 8.23974 3.14961 8.020994 10.36109 2.912911 8.186682 10.36109 -2.513325 8.186682 10.36109 -2.750024 8.020994 10.36109 0.1997925 8.339216 8.23974 0.1997925 8.186682 10.36109 3.367514 7.141549 8.23974 3.14961 7.071402 10.36109 -6.15125 7.002357 7.796422 -5.735675 6.586782 7.796422 -16.09372 -2.940108 7.796422 -15.67814 7.002357 7.796422 -10.9147 7.002357 7.796422 -16.09372 1.823337 7.796422 -6.15125 -3.355683 7.796422 -16.09372 6.586782 7.796422 -5.735675 1.823337 7.796422 -15.67814 -3.355683 7.796422 -10.9147 -3.355683 7.796422 -5.735675 -2.940108 7.796422 -10.90909 8.363636 -3.897723 -10.90909 8.363636 7.852678 -17.45455 7.147622 -3.897723 -16.23853 8.363636 -3.897723 -15.67254 6.997201 7.852678 -16.08811 6.581626 7.852678 -17.45455 7.147622 7.852678 -16.23853 8.363636 7.852678 -10.90909 6.997201 7.852678 -10.90909 6.997201 7.478474 -16.08811 6.581626 7.478474 -15.67254 6.997201 7.478474 -10.90909 8.363636 1.977477 -16.23853 8.363636 1.977477 -17.45455 7.147622 1.977477 -17.45455 1.818182 -3.897723 -17.45455 1.818182 7.852678 -16.08811 1.818182 7.852678 -16.08811 1.818182 7.478474 -17.45455 1.818182 1.977477 -17.45455 7.147622 8.036612 -17.2036 7.197537 8.161701 -16.28845 8.112696 8.161701 -16.23853 8.363636 8.036612 -16.12146 6.7493 8.161701 -16.08811 6.581626 8.036612 -15.67254 6.997201 8.036612 -15.84021 7.030554 8.161701 -4.363636 7.147622 -3.897723 -5.57965 8.363636 -3.897723 -6.145645 6.997201 7.852678 -5.730071 6.581626 7.852678 -4.363636 7.147622 7.852678 -5.57965 8.363636 7.852678 -5.730071 6.581626 7.478474 -6.145645 6.997201 7.478474 -5.57965 8.363636 1.977477 -4.363636 7.147622 1.977477 -4.363636 1.818182 -3.897723 -4.363636 1.818182 7.852678 -5.730071 1.818182 7.852678 -5.730071 1.818182 7.478474 -4.363636 1.818182 1.977477 -4.363636 7.147622 8.036612 -4.614577 7.197537 8.161701 -5.529735 8.112696 8.161701 -5.57965 8.363636 8.036612 -5.696718 6.7493 8.161701 -5.730071 6.581626 8.036612 -6.145645 6.997201 8.036612 -5.977973 7.030554 8.161701 -10.90909 -4.727272 -3.897723 -10.90909 -4.727272 7.852678 -17.45455 -3.511259 -3.897723 -16.23853 -4.727272 -3.897723 -15.67254 -3.360838 7.852678 -16.08811 -2.945263 7.852678 -17.45455 -3.511259 7.852678 -16.23853 -4.727272 7.852678 -10.90909 -3.360838 7.852678 -10.90909 -3.360838 7.478474 -16.08811 -2.945263 7.478474 -15.67254 -3.360838 7.478474 -10.90909 -4.727272 1.977477 -16.23853 -4.727272 1.977477 -17.45455 -3.511259 1.977477 -17.45455 -3.511259 8.036612 -17.2036 -3.561174 8.161701 -16.28845 -4.476332 8.161701 -16.23853 -4.727272 8.036612 -16.12146 -3.112936 8.161701 -16.08811 -2.945263 8.036612 -15.67254 -3.360838 8.036612 -15.84021 -3.394191 8.161701 -4.363636 -3.511259 -3.897723 -5.57965 -4.727272 -3.897723 -6.145645 -3.360838 7.852678 -5.730071 -2.945263 7.852678 -4.363636 -3.511259 7.852678 -5.57965 -4.727272 7.852678 -5.730071 -2.945263 7.478474 -6.145645 -3.360838 7.478474 -5.57965 -4.727272 1.977477 -4.363636 -3.511259 1.977477 -4.363636 -3.511259 8.036612 -4.614577 -3.561174 8.161701 -5.529735 -4.476332 8.161701 -5.57965 -4.727272 8.036612 -5.696718 -3.112936 8.161701 -5.730071 -2.945263 8.036612 -6.145645 -3.360838 8.036612 -5.977973 -3.394191 8.161701 -11.80115 -4.595312 0.5766901 -12.37896 -4.595312 -0.1097476 -14.76496 -4.595312 -0.1097476 -15.34277 -4.595312 0.5766901 -12.37896 -4.595312 6.328575 -11.80115 -4.595312 5.642138 -15.34277 -4.595312 5.642138 -14.76496 -4.595312 6.328575 -14.76496 -4.938489 6.328575 -15.34277 -4.938489 5.642138 -15.34277 -4.938489 0.5766901 -14.76496 -4.938489 -0.1097476 -12.37896 -4.938489 -0.1097476 -11.80115 -4.938489 0.5766901 -11.80115 -4.938489 5.642138 -12.37896 -4.938489 6.328575 -17.6509 0.07509487 4.105906 -17.6509 0.07509487 5.724249 -17.6509 -1.299309 5.724249 -17.6509 -1.299309 4.105906 -17.55815 0.07509487 4.105906 -17.55815 0.07509487 5.724249 -17.55815 -1.299309 5.724249 -17.55815 -1.299309 4.105906 -17.6509 -0.0816527 5.928401 -17.6509 0.3070857 5.577004 -17.6509 0.07539051 5.724509 -17.6509 0.3070857 4.253151 -17.6509 -0.0816527 3.901754 -17.6509 0.07539051 4.105647 -17.6509 -1.531301 5.577004 -17.6509 -1.142562 5.928401 -17.6509 -1.299605 5.724509 -17.6509 -1.142562 3.901754 -17.6509 -1.531301 4.253151 -17.6509 -1.299605 4.105647 -17.3594 0.4025485 5.682242 -17.3594 0.0138092 6.033639 -17.3594 0.0138092 3.796516 -17.3594 0.4025485 4.147913 -17.3594 -1.238024 6.033639 -17.3594 -1.626762 5.682242 -17.3594 -1.626762 4.147913 -17.3594 -1.238024 3.796516 -17.73873 -2.56602 -0.4821909 -17.73873 -0.02907174 -0.4821909 -17.73873 -2.56602 2.819459 -17.73873 -0.02907174 2.819459 -17.17006 -0.02907174 2.819459 -17.17006 -0.02907174 -0.4821909 -17.17006 -2.56602 -0.4821909 -17.17006 -2.56602 2.819459 -15.76199 1.418255 7.305689 -12.64768 1.418255 7.305689 -12.64768 -1.589377 7.305689 -12.77263 -1.85177 7.305689 -15.63704 -1.85177 7.305689 -15.76199 -1.589377 7.305689 -15.65488 1.418255 8.084967 -12.7548 1.418255 8.084967 -12.7548 -1.382484 8.084967 -12.87115 -1.626828 8.084967 -15.53852 -1.626828 8.084967 -15.65488 -1.382484 8.084967 -14.20484 -1.85177 7.305689 -14.20484 -1.626828 8.084967 -12.64768 -0.08556014 7.305689 -12.7548 0.01788568 8.084967 -12.64768 4.425887 7.305689 -12.77263 4.688281 7.305689 -15.63704 4.688281 7.305689 -15.76199 4.425887 7.305689 -12.7548 4.218995 8.084967 -12.87115 4.463339 8.084967 -15.53852 4.463339 8.084967 -15.65488 4.218995 8.084967 -14.20484 4.688281 7.305689 -14.20484 4.463339 8.084967 -12.64768 2.922072 7.305689 -12.7548 2.818625 8.084967 -12.18914 8.888933 2.834547 -12.10052 9.10287 2.834547 -11.88658 9.191488 2.834547 -11.67264 9.10287 2.834547 -11.58402 8.888933 2.834547 -11.67264 8.674993 2.834547 -11.88658 8.586377 2.834547 -12.10052 8.674993 2.834547 -12.18914 8.193325 3.500169 -12.10052 8.193325 3.264836 -11.88658 8.193325 3.167358 -11.67264 8.193325 3.264836 -11.58402 8.193325 3.500169 -11.67264 8.193325 3.735503 -11.88658 8.193325 3.832981 -12.10052 8.193325 3.735503 -12.10052 8.720939 3.698616 -12.10052 9.032433 3.421421 -11.88658 9.109996 3.468563 -11.88658 8.751632 3.790061 -11.67264 9.032433 3.421421 -11.67264 8.720939 3.698616 -11.58402 8.845177 3.307609 -11.58402 8.646843 3.477847 -11.67264 8.65792 3.193798 -11.67264 8.57275 3.257079 -11.88658 8.580355 3.146656 -11.88658 8.542057 3.165634 -12.10052 8.65792 3.193798 -12.10052 8.57275 3.257079 -12.18914 8.845177 3.307609 -12.18914 8.646843 3.477847 -12.18914 8.888933 -2.307329 -12.10052 9.10287 -2.307329 -11.88658 9.191488 -2.307329 -11.67264 9.10287 -2.307329 -11.58402 8.888933 -2.307329 -11.67264 8.674993 -2.307329 -11.88658 8.586377 -2.307329 -12.10052 8.674993 -2.307329 -12.18914 6.451756 3.500169 -12.10052 6.451756 3.264836 -11.88658 6.451756 3.167358 -11.67264 6.451756 3.264836 -11.58402 6.451756 3.500169 -11.67264 6.451756 3.735503 -11.88658 6.451756 3.832981 -12.10052 6.451756 3.735503 -15.7451 8.888933 2.834547 -15.65649 9.10287 2.834547 -15.44255 9.191488 2.834547 -15.22861 9.10287 2.834547 -15.13999 8.888933 2.834547 -15.22861 8.674993 2.834547 -15.44255 8.586377 2.834547 -15.65649 8.674993 2.834547 -15.7451 8.193325 3.500169 -15.65649 8.193325 3.264836 -15.44255 8.193325 3.167358 -15.22861 8.193325 3.264836 -15.13999 8.193325 3.500169 -15.22861 8.193325 3.735503 -15.44255 8.193325 3.832981 -15.65649 8.193325 3.735503 -15.65649 8.720939 3.698616 -15.65649 9.032433 3.421421 -15.44255 9.109996 3.468563 -15.44255 8.751632 3.790061 -15.22861 9.032433 3.421421 -15.22861 8.720939 3.698616 -15.13999 8.845177 3.307609 -15.13999 8.646843 3.477847 -15.22861 8.65792 3.193798 -15.22861 8.57275 3.257079 -15.44255 8.580355 3.146656 -15.44255 8.542057 3.165634 -15.65649 8.65792 3.193798 -15.65649 8.57275 3.257079 -15.7451 8.845177 3.307609 -15.7451 8.646843 3.477847 -15.7451 8.888933 -2.307329 -15.65649 9.10287 -2.307329 -15.44255 9.191488 -2.307329 -15.22861 9.10287 -2.307329 -15.13999 8.888933 -2.307329 -15.22861 8.674993 -2.307329 -15.44255 8.586377 -2.307329 -15.65649 8.674993 -2.307329 -15.7451 6.451756 3.500169 -15.65649 6.451756 3.264836 -15.44255 6.451756 3.167358 -15.22861 6.451756 3.264836 -15.13999 6.451756 3.500169 -15.22861 6.451756 3.735503 -15.44255 6.451756 3.832981 -15.65649 6.451756 3.735503 6.15125 7.002357 7.796422 5.735675 6.586782 7.796422 16.09372 -2.940108 7.796422 15.67814 7.002357 7.796422 10.9147 7.002357 7.796422 16.09372 1.823337 7.796422 6.15125 -3.355683 7.796422 16.09372 6.586782 7.796422 5.735675 1.823337 7.796422 15.67814 -3.355683 7.796422 10.9147 -3.355683 7.796422 5.735675 -2.940108 7.796422 10.90909 8.363636 -3.897723 10.90909 8.363636 7.852678 17.45455 7.147622 -3.897723 16.23853 8.363636 -3.897723 15.67254 6.997201 7.852678 16.08811 6.581626 7.852678 17.45455 7.147622 7.852678 16.23853 8.363636 7.852678 10.90909 6.997201 7.852678 10.90909 6.997201 7.478474 16.08811 6.581626 7.478474 15.67254 6.997201 7.478474 10.90909 8.363636 1.977477 16.23853 8.363636 1.977477 17.45455 7.147622 1.977477 17.45455 1.818182 -3.897723 17.45455 1.818182 7.852678 16.08811 1.818182 7.852678 16.08811 1.818182 7.478474 17.45455 1.818182 1.977477 17.45455 7.147622 8.036612 17.2036 7.197537 8.161701 16.28845 8.112696 8.161701 16.23853 8.363636 8.036612 16.12146 6.7493 8.161701 16.08811 6.581626 8.036612 15.67254 6.997201 8.036612 15.84021 7.030554 8.161701 4.363636 7.147622 -3.897723 5.57965 8.363636 -3.897723 6.145645 6.997201 7.852678 5.730071 6.581626 7.852678 4.363636 7.147622 7.852678 5.57965 8.363636 7.852678 5.730071 6.581626 7.478474 6.145645 6.997201 7.478474 5.57965 8.363636 1.977477 4.363636 7.147622 1.977477 4.363636 1.818182 -3.897723 4.363636 1.818182 7.852678 5.730071 1.818182 7.852678 5.730071 1.818182 7.478474 4.363636 1.818182 1.977477 4.363636 7.147622 8.036612 4.614577 7.197537 8.161701 5.529735 8.112696 8.161701 5.57965 8.363636 8.036612 5.696718 6.7493 8.161701 5.730071 6.581626 8.036612 6.145645 6.997201 8.036612 5.977973 7.030554 8.161701 10.90909 -4.727272 -3.897723 10.90909 -4.727272 7.852678 17.45455 -3.511259 -3.897723 16.23853 -4.727272 -3.897723 15.67254 -3.360838 7.852678 16.08811 -2.945263 7.852678 17.45455 -3.511259 7.852678 16.23853 -4.727272 7.852678 10.90909 -3.360838 7.852678 10.90909 -3.360838 7.478474 16.08811 -2.945263 7.478474 15.67254 -3.360838 7.478474 10.90909 -4.727272 1.977477 16.23853 -4.727272 1.977477 17.45455 -3.511259 1.977477 17.45455 -3.511259 8.036612 17.2036 -3.561174 8.161701 16.28845 -4.476332 8.161701 16.23853 -4.727272 8.036612 16.12146 -3.112936 8.161701 16.08811 -2.945263 8.036612 15.67254 -3.360838 8.036612 15.84021 -3.394191 8.161701 4.363636 -3.511259 -3.897723 5.57965 -4.727272 -3.897723 6.145645 -3.360838 7.852678 5.730071 -2.945263 7.852678 4.363636 -3.511259 7.852678 5.57965 -4.727272 7.852678 5.730071 -2.945263 7.478474 6.145645 -3.360838 7.478474 5.57965 -4.727272 1.977477 4.363636 -3.511259 1.977477 4.363636 -3.511259 8.036612 4.614577 -3.561174 8.161701 5.529735 -4.476332 8.161701 5.57965 -4.727272 8.036612 5.696718 -3.112936 8.161701 5.730071 -2.945263 8.036612 6.145645 -3.360838 8.036612 5.977973 -3.394191 8.161701 11.80115 -4.595312 0.5766901 12.37896 -4.595312 -0.1097476 14.76496 -4.595312 -0.1097476 15.34277 -4.595312 0.5766901 12.37896 -4.595312 6.328575 11.80115 -4.595312 5.642138 15.34277 -4.595312 5.642138 14.76496 -4.595312 6.328575 14.76496 -4.938489 6.328575 15.34277 -4.938489 5.642138 15.34277 -4.938489 0.5766901 14.76496 -4.938489 -0.1097476 12.37896 -4.938489 -0.1097476 11.80115 -4.938489 0.5766901 11.80115 -4.938489 5.642138 12.37896 -4.938489 6.328575 17.6509 0.07509487 4.105906 17.6509 0.07509487 5.724249 17.6509 -1.299309 5.724249 17.6509 -1.299309 4.105906 17.55815 0.07509487 4.105906 17.55815 0.07509487 5.724249 17.55815 -1.299309 5.724249 17.55815 -1.299309 4.105906 17.6509 -0.0816527 5.928401 17.6509 0.3070857 5.577004 17.6509 0.07539051 5.724509 17.6509 0.3070857 4.253151 17.6509 -0.0816527 3.901754 17.6509 0.07539051 4.105647 17.6509 -1.531301 5.577004 17.6509 -1.142562 5.928401 17.6509 -1.299605 5.724509 17.6509 -1.142562 3.901754 17.6509 -1.531301 4.253151 17.6509 -1.299605 4.105647 17.3594 0.4025485 5.682242 17.3594 0.0138092 6.033639 17.3594 0.0138092 3.796516 17.3594 0.4025485 4.147913 17.3594 -1.238024 6.033639 17.3594 -1.626762 5.682242 17.3594 -1.626762 4.147913 17.3594 -1.238024 3.796516 17.73873 1.400657 -0.4821909 17.73873 3.937605 -0.4821909 17.73873 1.400657 2.819459 17.73873 3.937605 2.819459 17.17006 3.937605 2.819459 17.17006 3.937605 -0.4821909 17.17006 1.400657 -0.4821909 17.17006 1.400657 2.819459 15.76199 1.418255 7.305689 12.64768 1.418255 7.305689 12.64768 -1.589377 7.305689 12.77263 -1.85177 7.305689 15.63704 -1.85177 7.305689 15.76199 -1.589377 7.305689 15.65488 1.418255 8.084967 12.7548 1.418255 8.084967 12.7548 -1.382484 8.084967 12.87115 -1.626828 8.084967 15.53852 -1.626828 8.084967 15.65488 -1.382484 8.084967 14.20484 -1.85177 7.305689 14.20484 -1.626828 8.084967 12.64768 -0.08556014 7.305689 12.7548 0.01788568 8.084967 12.64768 4.425887 7.305689 12.77263 4.688281 7.305689 15.63704 4.688281 7.305689 15.76199 4.425887 7.305689 12.7548 4.218995 8.084967 12.87115 4.463339 8.084967 15.53852 4.463339 8.084967 15.65488 4.218995 8.084967 14.20484 4.688281 7.305689 14.20484 4.463339 8.084967 12.64768 2.922072 7.305689 12.7548 2.818625 8.084967 12.18914 8.888933 2.834547 12.10052 9.10287 2.834547 11.88658 9.191488 2.834547 11.67264 9.10287 2.834547 11.58402 8.888933 2.834547 11.67264 8.674993 2.834547 11.88658 8.586377 2.834547 12.10052 8.674993 2.834547 12.18914 8.193325 3.500169 12.10052 8.193325 3.264836 11.88658 8.193325 3.167358 11.67264 8.193325 3.264836 11.58402 8.193325 3.500169 11.67264 8.193325 3.735503 11.88658 8.193325 3.832981 12.10052 8.193325 3.735503 12.10052 8.720939 3.698616 12.10052 9.032433 3.421421 11.88658 9.109996 3.468563 11.88658 8.751632 3.790061 11.67264 9.032433 3.421421 11.67264 8.720939 3.698616 11.58402 8.845177 3.307609 11.58402 8.646843 3.477847 11.67264 8.65792 3.193798 11.67264 8.57275 3.257079 11.88658 8.580355 3.146656 11.88658 8.542057 3.165634 12.10052 8.65792 3.193798 12.10052 8.57275 3.257079 12.18914 8.845177 3.307609 12.18914 8.646843 3.477847 12.18914 8.888933 -2.307329 12.10052 9.10287 -2.307329 11.88658 9.191488 -2.307329 11.67264 9.10287 -2.307329 11.58402 8.888933 -2.307329 11.67264 8.674993 -2.307329 11.88658 8.586377 -2.307329 12.10052 8.674993 -2.307329 12.18914 6.451756 3.500169 12.10052 6.451756 3.264836 11.88658 6.451756 3.167358 11.67264 6.451756 3.264836 11.58402 6.451756 3.500169 11.67264 6.451756 3.735503 11.88658 6.451756 3.832981 12.10052 6.451756 3.735503 15.7451 8.888933 2.834547 15.65649 9.10287 2.834547 15.44255 9.191488 2.834547 15.22861 9.10287 2.834547 15.13999 8.888933 2.834547 15.22861 8.674993 2.834547 15.44255 8.586377 2.834547 15.65649 8.674993 2.834547 15.7451 8.193325 3.500169 15.65649 8.193325 3.264836 15.44255 8.193325 3.167358 15.22861 8.193325 3.264836 15.13999 8.193325 3.500169 15.22861 8.193325 3.735503 15.44255 8.193325 3.832981 15.65649 8.193325 3.735503 15.65649 8.720939 3.698616 15.65649 9.032433 3.421421 15.44255 9.109996 3.468563 15.44255 8.751632 3.790061 15.22861 9.032433 3.421421 15.22861 8.720939 3.698616 15.13999 8.845177 3.307609 15.13999 8.646843 3.477847 15.22861 8.65792 3.193798 15.22861 8.57275 3.257079 15.44255 8.580355 3.146656 15.44255 8.542057 3.165634 15.65649 8.65792 3.193798 15.65649 8.57275 3.257079 15.7451 8.845177 3.307609 15.7451 8.646843 3.477847 15.7451 8.888933 -2.307329 15.65649 9.10287 -2.307329 15.44255 9.191488 -2.307329 15.22861 9.10287 -2.307329 15.13999 8.888933 -2.307329 15.22861 8.674993 -2.307329 15.44255 8.586377 -2.307329 15.65649 8.674993 -2.307329 15.7451 6.451756 3.500169 15.65649 6.451756 3.264836 15.44255 6.451756 3.167358 15.22861 6.451756 3.264836 15.13999 6.451756 3.500169 15.22861 6.451756 3.735503 15.44255 6.451756 3.832981 15.65649 6.451756 3.735503 7.216501 -8.438069 9.349037 7.279316 -8.375252 15.97748 7.216501 -8.097723 9.349037 7.279316 -8.160538 15.97748 7.556846 -8.438069 9.349037 7.49403 -8.375252 15.97748 7.556846 -8.097723 9.349037 7.49403 -8.160538 15.97748 7.216501 -8.438069 11.55852 7.216501 -8.438069 13.768 7.216501 -8.097723 13.768 7.216501 -8.097723 11.55852 7.556846 -8.097723 13.768 7.556846 -8.097723 11.55852 7.556846 -8.438069 13.768 7.556846 -8.438069 11.55852 7.259829 -5.212731 8.405472 7.306651 -5.165909 13.34621 7.259829 -4.959043 8.405472 7.306651 -5.005865 13.34621 7.513517 -5.212731 8.405472 7.466696 -5.165909 13.34621 7.513517 -4.959043 8.405472 7.466696 -5.005865 13.34621 7.259829 -5.212731 10.05239 7.259829 -5.212731 11.6993 7.259829 -4.959043 11.6993 7.259829 -4.959043 10.05239 7.513517 -4.959043 11.6993 7.513517 -4.959043 10.05239 7.513517 -5.212731 11.6993 7.513517 -5.212731 10.05239</float_array>
          <technique_common>
            <accessor source="#Cubo_001-mesh-positions-array" count="1374" stride="3">
              <param name="X" type="float"/>
              <param name="Y" type="float"/>
              <param name="Z" type="float"/>
            </accessor>
          </technique_common>
        </source>
        <source id="Cubo_001-mesh-normals">
          <float_array id="Cubo_001-mesh-normals-array" count="6702">0 0 1 0 0 1 0 -1 0 0 -1 0 0 0 -1 0 0 -1 0 0 1 -0.4514257 0 0.8923087 0 0 1 1 0 0 0 -1 0 -1 0 0 0 1 0 0 0 1 1 0 0 0 -1 0 -1 0 0 0 1 0 0 0 1 0 0 1 0 0 1 -0.6731147 0 0.7395382 0.6731147 0 0.7395382 0.4514257 0 0.8923087 0 -1 0 0 0 -1 1 3.3085e-6 0 0 0 1 -1 0 0 0 -1 0 0 -1 0 0 -0.762185 0.6473592 -1 0 0 1 0 0 0 -0.762185 0.6473592 1 0 0 0 0 1 -1 0 0 0 0 1 1 0 0 0 -1 0 0.7071071 -0.7071064 0 0.3826835 0.9238796 0 0 0 1 0 0 1 -1 0 0 -0.7071068 0.7071068 0 0.7071072 -0.7071064 0 0 -1 0 1 0 0 0 1 0 0 0 1 0 0 1 0 -1 0 0 1 0 -0.9238796 -0.3826831 0 0.7071072 -0.7071064 0 -0.7071068 0.7071068 0 0.6812919 -0.6812914 0.2677376 -0.6812916 0.6812916 0.2677378 -0.8901506 -0.3687121 0.2677375 0.3687123 0.8901502 0.2677386 0 0 1 1 0 0 0 1 0 0.7071062 0.7071074 0 0.3826835 -0.9238796 0 0 0 1 0 0 1 -1 0 0 -0.7071062 -0.7071074 0 0.7071061 0.7071074 0 0 1 0 1 0 0 0 -1 0 0 0 1 0 1 0 0 1 0 0 -1 0 -0.9238794 0.3826838 0 0.7071062 0.7071074 0 -0.7071062 -0.7071074 0 0.6812903 0.6812925 0.2677384 -0.6812907 -0.6812925 0.2677376 -0.8901503 0.3687127 0.2677378 0.3687132 -0.8901502 0.2677371 0 0 1 0.7071062 0.7071074 0 0 1 0 1 0 0 0.7071072 -0.7071064 0 0 -1 0 1 0 0 0 0 -1 0 1 0 0 -1 0 -1 0 0 -1 0 0 0 -1 0 -0.707107 -0.7071066 0 -0.3826835 0.9238796 0 0 0 1 0 0 1 1 0 0 0.7071068 0.7071068 0 -0.707107 -0.7071066 0 0 -1 0 -1 0 0 -1.45605e-7 1 0 0 0 1 -1 0 0 0 -1 0 0 1 0 0.9238796 -0.3826833 0 -0.707107 -0.7071066 0 0.7071068 0.7071068 0 -0.6812915 -0.6812916 0.2677378 0.6812909 0.6812927 0.2677369 0.8901504 -0.3687122 0.2677376 -0.3687132 0.8901502 0.2677371 0 0 1 -1 0 0 0 1 0 -0.7071064 0.7071073 0 -0.3826835 -0.9238796 0 0 0 1 0 0 1 1 0 0 0.7071068 -0.7071068 0 -0.7071064 0.7071072 0 0 1 0 -1 0 0 0 -1 0 0 0 1 0 1 0 0 1 0 0 -1 0 0.9238794 0.3826838 0 -0.7071064 0.7071072 0 0.7071068 -0.7071068 0 -0.6812909 0.6812921 0.2677381 0.6812918 -0.6812918 0.2677371 0.8901503 0.3687127 0.2677379 -0.3687124 -0.8901504 0.2677377 0 0 1 -0.7071064 0.7071071 0 0 1 0 -1 0 0 -0.707107 -0.7071066 0 0 -1 0 -1 0 0 0 0 -1 0 1 0 0 -1 0 1 0 0 1 0 0 0 0 1 0.9921552 0 0.1250123 0 0 1 0.9921552 0 0.1250123 -0.9921553 0 0.1250118 0.5680243 -0.8114616 0.137399 0 -0.9961329 0.08785879 -0.5680226 -0.8114628 0.137399 0 -0.996133 0.08785879 0.9921552 0 0.1250122 0 0 1 0.9921552 0 0.1250123 -0.9921552 0 0.1250118 0.5680226 0.8114627 0.1373994 0 0.9961329 0.08785891 -0.5680226 0.8114627 0.1373991 0 0.996133 0.08785891 1 0 0 0 -1 0 0 0 1 0 0 -1 0 1 0 0 1 0 1 0 0 0 0 1 0 0 -1 -1 0 0 0 1 0 1 0 0 0 0 1 0 0 -1 -1 0 0 0 1 0 0 0 1 -1 0 0 0 -1 0 0 -0.7337611 0.6794076 0 -0.7337609 -0.6794079 0 0.7337616 -0.6794071 0 0.7337618 0.6794068 0 0 -1 0.9921553 0 0.1250117 0 0 1 0.9921553 0 0.1250117 -0.9921554 0 0.1250105 0.9068521 -0.3598627 0.2193586 0 -0.9531078 0.3026312 -0.9068525 -0.3598623 0.2193576 0 -0.9531077 0.3026311 0.9921553 0 0.1250117 0 0 1 0.9921553 0 0.1250117 -0.9921555 0 0.1250105 0.9068523 0.3598623 0.2193583 0 0.9531079 0.3026307 -0.9068534 0.3598598 0.2193576 0 0.953108 0.3026307 0.9921553 0 0.1250117 0 0 1 0.9921553 0 0.1250117 -0.9921553 0 0.1250117 0.9068515 -0.3598639 0.2193589 0 -0.9531078 0.3026312 -0.9068523 -0.3598622 0.2193587 0 -0.9531077 0.3026311 0.9921553 0 0.1250117 0 0 1 0.9921553 0 0.1250117 -0.9921553 0 0.1250117 0.9068517 0.3598636 0.2193586 0 0.9531079 0.3026307 -0.9068523 0.3598623 0.2193583 0 0.953108 0.3026307 0 0 1 0 0 -1 -0.9722225 0 -0.2340586 0 0.9921693 -0.1249002 0 -0.9921706 0.1248898 0 0 1 0 0 -1 -0.9722225 0 -0.2340587 0 0.9921693 -0.1249003 0 -0.9921706 0.1248899 0 0 1 0 0 -1 -0.9722224 0 -0.2340589 0 0.9921693 -0.1249004 0 -0.9921706 0.1248899 0 0 1 0 0 -1 -0.9722224 0 -0.2340589 0 0.9921693 -0.1249004 0 -0.9921706 0.1248899 0 0 1 0 0 -1 -0.9722225 0 -0.2340585 0 0.9921693 -0.1249002 0 -0.9921706 0.1248897 0 0 1 0 0 -1 -0.9722226 0 -0.2340581 0 0.9921694 -0.1249 0 -0.9921707 0.1248895 1 0 0 0 -1 0 0 0 1 0 0 -1 0 1 0 0 1 0 0 -1 0 0.9304466 0 0.3664277 0.382669 0.9238855 0 -0.9238801 0 -0.3826821 -0.3820263 0.05861753 0.9222905 0.3694936 0.06478303 0.9269723 0.9179063 0.02516824 0.3959983 0.9170649 -0.01782405 -0.3983396 0.3642952 -0.01730465 -0.9311227 -0.3826784 -0.004152238 -0.9238723 -0.9238567 -0.007111847 -0.3826723 -0.9237442 0.01712095 0.382627 -0.3652243 0.5854994 0.7237414 -0.379854 0.9170878 0.1210826 0.3587836 0.5899436 0.7233539 0.3609307 0.9234092 0.130555 0.9129191 0.256699 0.3173081 0.9136632 0.402975 0.05320453 0.9117966 -0.252622 -0.3237423 0.911795 -0.4085365 -0.04156625 0.3461228 -0.5251098 -0.7774694 0.3490771 -0.9358167 -0.04891234 -0.381893 -0.3795706 -0.8426648 -0.3826174 -0.9236994 -0.01958149 -0.9198423 -0.2195659 -0.325086 -0.9236938 -0.3826092 -0.01999783 -0.9170646 0.2452992 0.3143579 -0.9231827 0.3823872 0.03890573 0.923879 -0.3826847 0 -0.3826907 -0.9238765 0 -0.3826695 0.9238853 0 0.9238827 0.3826759 0 0.3826903 -0.9238767 0 0.3826844 0 -0.9238791 0.3826817 0 0.9238802 -0.9238805 0 0.382681 -0.3826839 0 -0.9238793 0.9238797 0 -0.3826832 -0.369494 0.06478303 0.9269722 0.3820259 0.05861753 0.9222907 0.9237447 0.01712095 0.3826259 0.9238572 -0.007111787 -0.3826712 0.382678 -0.004152238 -0.9238725 -0.3642957 -0.01730465 -0.9311226 -0.9170644 -0.01782411 -0.3983407 -0.9179058 0.02516829 0.3959994 -0.358784 0.5899435 0.7233538 -0.3609311 0.923409 0.130555 0.3652238 0.5854995 0.7237416 0.3798535 0.917088 0.1210826 0.917065 0.2452985 0.3143571 0.9231832 0.3823861 0.03890562 0.9198427 -0.2195653 -0.3250851 0.9236943 -0.3826081 -0.01999777 0.3818925 -0.3795706 -0.842665 0.3826169 -0.9236996 -0.01958149 -0.3461232 -0.5251097 -0.7774693 -0.3490775 -0.9358165 -0.04891234 -0.9117962 -0.2526227 -0.3237432 -0.9117945 -0.4085376 -0.04156637 -0.9129186 0.2566996 0.3173089 -0.9136627 0.402976 0.05320465 -0.9238822 0.382677 0 -0.9238786 -0.3826857 0 -0.3826813 0 0.9238804 0.9238802 0 0.382682 0.3826695 0.9238853 0 -0.9238799 0 -0.3826826 -0.3820259 0.05861753 0.9222907 0.369494 0.06478303 0.9269722 0.9179061 0.02516829 0.3959988 0.9170646 -0.01782405 -0.3983401 0.3642956 -0.01730465 -0.9311226 -0.382678 -0.004152238 -0.9238725 -0.9238572 -0.007111787 -0.3826712 -0.9237447 0.01712095 0.3826259 -0.3652239 0.5854995 0.7237416 -0.3798535 0.917088 0.1210826 0.358784 0.5899435 0.7233538 0.360931 0.923409 0.130555 0.9129189 0.2566993 0.3173085 0.9136629 0.4029756 0.05320459 0.9117965 -0.2526223 -0.3237428 0.9117949 -0.4085371 -0.04156631 0.3461232 -0.5251097 -0.7774693 0.3490775 -0.9358165 -0.04891234 -0.3818925 -0.3795706 -0.842665 -0.3826169 -0.9236996 -0.01958149 -0.9198427 -0.2195653 -0.3250851 -0.9236943 -0.3826081 -0.01999777 -0.917065 0.2452985 0.3143571 -0.9231832 0.3823861 0.03890562 0.9238788 -0.3826852 0 -0.3826903 -0.9238767 0 -0.382669 0.9238855 0 0.9238825 0.3826764 0 0.3826907 -0.9238765 0 0.3826839 0 -0.9238793 0.3826813 0 0.9238804 -0.9238803 0 0.3826815 -0.3826844 0 -0.9238791 0.9238801 0 -0.3826821 -0.3694936 0.06478303 0.9269723 0.3820263 0.05861753 0.9222905 0.9237445 0.01712095 0.3826265 0.923857 -0.007111847 -0.3826718 0.3826784 -0.004152238 -0.9238723 -0.3642952 -0.01730465 -0.9311227 -0.9170649 -0.01782405 -0.3983396 -0.9179063 0.02516824 0.3959983 -0.3587836 0.5899436 0.7233539 -0.3609307 0.9234092 0.130555 0.3652243 0.5854994 0.7237414 0.379854 0.9170878 0.1210826 0.9170648 0.2452988 0.3143575 0.923183 0.3823867 0.03890568 0.9198426 -0.2195656 -0.3250855 0.9236941 -0.3826087 -0.01999783 0.381893 -0.3795706 -0.8426648 0.3826174 -0.9236994 -0.01958149 -0.3461228 -0.5251098 -0.7774694 -0.3490771 -0.9358167 -0.04891234 -0.9117966 -0.252622 -0.3237423 -0.911795 -0.4085365 -0.04156625 -0.9129191 0.2566989 0.317308 -0.9136632 0.402975 0.05320453 -0.9238827 0.3826759 0 -0.923879 -0.3826847 0 -0.3826817 0 0.9238802 0.9238805 0 0.382681 0.3826888 0.9238772 0 -0.9238798 0 -0.3826828 -0.382027 0.05861872 0.9222902 0.3694972 0.06478351 0.9269708 0.9179053 0.02516889 0.3960005 0.9170647 -0.01782381 -0.3983399 0.3642959 -0.01730573 -0.9311225 -0.3826794 -0.00415194 -0.9238719 -0.9238566 -0.007112264 -0.3826729 -0.9237444 0.01712071 0.3826267 -0.365228 0.58549 0.7237471 -0.3798726 0.9170811 0.1210747 0.3587839 0.5899372 0.723359 0.3609327 0.9234082 0.1305563 0.9129207 0.256693 0.3173083 0.9136663 0.4029685 0.05320066 0.9117985 -0.2526225 -0.3237366 0.9117972 -0.408532 -0.04156458 0.3461243 -0.5251236 -0.7774595 0.3490777 -0.9358161 -0.04891949 -0.381891 -0.3795927 -0.8426557 -0.3826144 -0.9237004 -0.01959055 -0.9198433 -0.2195705 -0.32508 -0.9236937 -0.3826095 -0.02000075 -0.9170617 0.2453062 0.3143607 -0.9231845 0.3823832 0.03890413 0.9238784 -0.3826861 0 -0.3826879 -0.9238777 0 -0.3826879 0.9238777 0 0.9238839 0.3826729 0 0.3826888 -0.9238772 0 0.3826851 0 -0.9238789 0.3826827 0 0.9238799 -0.9238799 0 0.3826825 -0.3826861 0 -0.9238785 0.9238798 0 -0.3826828 -0.3694963 0.06478357 0.9269713 0.382028 0.05861872 0.9222898 0.9237444 0.01712071 0.3826267 0.9238565 -0.007112264 -0.3826728 0.3826803 -0.00415194 -0.9238715 -0.364295 -0.01730573 -0.9311228 -0.9170647 -0.01782381 -0.3983399 -0.9179053 0.02516889 0.3960005 -0.358783 0.5899374 0.7233592 -0.3609316 0.9234085 0.1305563 0.365229 0.5854897 0.7237469 0.3798735 0.9170807 0.1210747 0.9170617 0.2453062 0.3143607 0.9231845 0.3823832 0.03890413 0.9198433 -0.2195705 -0.32508 0.9236937 -0.3826095 -0.02000075 0.381892 -0.3795926 -0.8426554 0.3826154 -0.9237 -0.01959055 -0.3461233 -0.5251238 -0.7774598 -0.3490767 -0.9358165 -0.04891949 -0.9117985 -0.2526225 -0.3237366 -0.9117972 -0.408532 -0.04156458 -0.9129207 0.2566929 0.3173082 -0.9136663 0.4029685 0.05320066 -0.9238839 0.3826729 0 -0.9238784 -0.3826861 0 -0.3826836 0 0.9238795 0.9238799 0 0.3826825 -0.9995961 0 0.02841854 0 0.9995961 0.0284183 0.9995961 0 0.02841854 0 -0.9995961 0.0284186 0 0 1 0 0 1 0 -1 0 0 -0.7769632 0.6295461 0 0.7769636 0.6295455 0.7769636 0 0.6295456 -0.7769637 0 0.6295456 0 -1 0 1 0 0 1 0 0 0 1 0 0 1 0 -1 0 0 -1 0 0 -0.9995961 0 0.02841812 0 0.9995961 0.02841812 0.9995961 0 0.02841877 0 -0.9995961 0.02841901 0 0 1 0 -1 0 0 -1 0 1 0 0 1 0 0 0 1 0 0 1 0 -1 0 0 -1 0 0 0 0 -1 0.9238854 -0.3826693 0 0 0.9238799 -0.3826826 0.05861747 0.3820261 0.9222906 0.06478297 -0.3694938 0.9269723 0.02516824 -0.9179061 0.3959988 -0.01782399 -0.917065 -0.3983392 -0.01730602 -0.3642934 -0.9311234 -0.004152238 0.3826782 -0.9238724 -0.007112383 0.923857 -0.3826718 0.01712095 0.9237445 0.3826265 0.5855008 0.3652238 0.7237405 0.9170877 0.3798537 0.1210845 0.5899429 -0.3587866 0.723353 0.9234074 -0.3609352 0.1305547 0.2567043 -0.9129157 0.3173134 0.4029876 -0.9136574 0.05320709 -0.2526147 -0.9117987 -0.3237421 -0.4085269 -0.9117996 -0.04155933 -0.5251112 -0.346122 -0.7774688 -0.9358171 -0.3490756 -0.04891568 -0.3795756 0.3818907 -0.8426635 -0.9236994 0.3826171 -0.01958334 -0.2195659 0.9198428 -0.3250847 -0.3826087 0.923694 -0.01999914 0.2452936 0.9170655 0.3143597 0.3823868 0.9231832 0.03890007 -0.3826852 -0.9238788 0 -0.9238767 0.3826906 0 0.9238854 0.3826693 0 0.3826764 -0.9238824 0 -0.9238767 -0.3826906 0 0 -0.3826841 -0.9238793 0 -0.3826814 0.9238803 0 0.9238803 0.3826814 0 0.3826841 -0.9238793 0 -0.9238799 -0.3826826 0.06478297 0.3694938 0.9269722 0.05861747 -0.3820261 0.9222906 0.01712095 -0.9237445 0.3826265 -0.007112383 -0.923857 -0.3826718 -0.004152238 -0.3826782 -0.9238724 -0.01730602 0.3642934 -0.9311234 -0.01782399 0.917065 -0.3983392 0.02516824 0.9179061 0.3959988 0.5899429 0.3587865 0.7233531 0.9234074 0.3609352 0.1305547 0.5855008 -0.3652238 0.7237405 0.9170877 -0.3798537 0.1210845 0.2452936 -0.9170655 0.3143597 0.3823868 -0.9231832 0.03890007 -0.2195659 -0.9198428 -0.3250847 -0.3826087 -0.923694 -0.01999914 -0.3795756 -0.3818907 -0.8426635 -0.9236994 -0.3826171 -0.01958334 -0.5251113 0.346122 -0.7774689 -0.9358171 0.3490756 -0.04891568 -0.2526147 0.9117987 -0.3237421 -0.408527 0.9117997 -0.04155933 0.2567043 0.9129157 0.3173134 0.4029876 0.9136574 0.05320709 0.3826764 0.9238824 0 -0.3826852 0.9238788 0 0 0.3826814 0.9238803 0 -0.9238803 0.3826814 0.9238854 -0.3826693 0 0 0.9238799 -0.3826826 0.05861747 0.3820261 0.9222906 0.06478297 -0.3694938 0.9269723 0.02516824 -0.9179061 0.3959988 -0.01782399 -0.917065 -0.3983392 -0.01730602 -0.3642934 -0.9311234 -0.004152238 0.3826782 -0.9238724 -0.007112383 0.923857 -0.3826718 0.01712095 0.9237445 0.3826265 0.5855008 0.3652238 0.7237405 0.9170877 0.3798537 0.1210845 0.5899429 -0.3587866 0.723353 0.9234074 -0.3609352 0.1305547 0.2567043 -0.9129157 0.3173134 0.4029876 -0.9136574 0.05320709 -0.2526147 -0.9117987 -0.3237421 -0.4085269 -0.9117996 -0.04155933 -0.5251112 -0.346122 -0.7774688 -0.9358171 -0.3490756 -0.04891568 -0.3795756 0.3818907 -0.8426635 -0.9236994 0.3826171 -0.01958334 -0.2195659 0.9198428 -0.3250847 -0.3826087 0.923694 -0.01999914 0.2452936 0.9170655 0.3143597 0.3823868 0.9231832 0.03890007 -0.3826852 -0.9238788 0 -0.9238767 0.3826906 0 0.9238854 0.3826693 0 0.3826764 -0.9238824 0 -0.9238767 -0.3826906 0 0 -0.3826841 -0.9238793 0 -0.3826814 0.9238803 0 0.9238803 0.3826814 0 0.3826841 -0.9238793 0 -0.9238799 -0.3826826 0.06478297 0.3694938 0.9269722 0.05861747 -0.3820261 0.9222906 0.01712095 -0.9237445 0.3826265 -0.007112383 -0.923857 -0.3826718 -0.004152238 -0.3826782 -0.9238724 -0.01730602 0.3642934 -0.9311234 -0.01782399 0.917065 -0.3983392 0.02516824 0.9179061 0.3959988 0.5899429 0.3587865 0.7233531 0.9234074 0.3609352 0.1305547 0.5855008 -0.3652238 0.7237405 0.9170877 -0.3798537 0.1210845 0.2452936 -0.9170655 0.3143597 0.3823868 -0.9231832 0.03890007 -0.2195659 -0.9198428 -0.3250847 -0.3826087 -0.923694 -0.01999914 -0.3795756 -0.3818907 -0.8426635 -0.9236994 -0.3826171 -0.01958334 -0.5251113 0.346122 -0.7774689 -0.9358171 0.3490756 -0.04891568 -0.2526147 0.9117987 -0.3237421 -0.408527 0.9117997 -0.04155933 0.2567043 0.9129157 0.3173134 0.4029876 0.9136574 0.05320709 0.3826764 0.9238824 0 -0.3826852 0.9238788 0 0 0.3826814 0.9238803 0 -0.9238803 0.3826814 -0.6007654 -0.6007654 0.5274106 0 1 0 0 1 0 0 -0.795128 0.6064417 0.7731564 0 0.6342155 -1 0 0 0 -1 0 1 0 0 1 0 0 0 0 1 0 0 1 0 0 1 -0.7951279 0 0.6064417 0 0 1 1 0 0 0 1 0 -1 0 0 0 -1 0 -1 0 0 0 0 1 0.7071063 -0.7071073 0 -0.7071063 -0.7071073 0 -0.7071066 0.7071071 0 0.7071066 0.7071071 0 0 -1 0 0 0 1 0 0 1 0 0 1 0 0 1 0 0.7951285 0.6064409 -0.7731563 0 0.6342155 0.600766 0.600766 0.5274094 0.7951279 0 0.6064416 0.7731563 0 0.6342155 0.6007654 -0.6007663 0.5274096 -0.7731563 0 0.6342156 -0.600766 0.6007664 0.5274088 0 0.7731559 0.634216 0 -0.7951279 0.6064417 0 0.7951285 0.6064409 0 0.7731559 0.634216 0 -0.7731553 0.6342167 -0.7951279 0 0.6064417 0 -0.7731553 0.6342168 0.7951281 0 0.6064417 0.9947658 0 0.1021819 0 0 1 0.9947657 0 0.1021818 -0.9947657 0 0.1021822 0.5698304 -0.8140434 0.1123682 0 -0.997425 0.07171803 -0.5698286 -0.8140446 0.1123686 0 -0.997425 0.07171803 0.9947657 0 0.1021819 0 0 1 0.9947658 0 0.1021819 -0.9947657 0 0.1021822 0.5698307 0.8140432 0.1123685 0 0.9974249 0.07171881 -0.5698307 0.8140432 0.1123687 0 0.9974249 0.07171881 0 0 -1 0 0 1 0 1 0 0 0 -1 0 1 0 0 0 -1 0 0 1 0 0 1 0 0 1 0 0 1 1 0 0 0 0 1 0 0 1 1 0 0 0 0 1 0 1 0 0 0 1 0 0 1 0 0 1 0 1 0 -1 0 0 -0.7071048 0.7071087 0 0.9238811 0.3826797 0 0 0 1 0 0 1 0 -1 0 0.7071108 -0.7071027 0 -0.7071049 0.7071087 0 -1 0 0 0 1 0 1 0 0 -0.3826825 -0.9238799 0 -0.7071048 0.7071087 0 0.7071109 -0.7071027 0 -0.4671213 0.4671239 0.7507283 0.4671396 -0.4671342 0.7507105 -0.2528075 -0.6103332 0.7507209 0.6103471 0.2528154 0.7507069 0 0 1 0 1 0 1 0 0 0.7071068 0.7071068 0 -0.9238797 0.382683 0 0 0 1 0 0 1 0 -1 0 -0.7071076 -0.7071059 0 0.7071068 0.7071068 0 1 0 0 0 1 0 -1 0 0 0.3826836 -0.9238795 0 0.7071068 0.7071068 0 -0.7071076 -0.7071059 0 0.4671342 0.467134 0.750714 -0.4671329 -0.4671318 0.7507162 0.2528115 -0.6103407 0.7507135 -0.6103415 0.2528114 0.7507128 0 0 1 0 -1 0 -1 0 0 -0.7071046 -0.707109 0 0.9238809 -0.3826799 0 0 0 1 0 0 1 0 1 0 0.7071108 0.7071027 0 -0.7071046 -0.707109 0 -1 0 0 0 -1 0 1 0 0 -0.3826825 0.9238799 0 -0.7071046 -0.707109 0 0.7071109 0.7071027 0 -0.4671468 -0.4671424 0.7507009 0.4671408 0.4671354 0.750709 -0.2528075 0.6103332 0.7507209 0.6103306 -0.2528045 0.7507239 0 0 1 0 -1 0 1 0 0 0.7071065 -0.7071071 0 -0.9238796 -0.3826832 0 0 0 1 0 0 1 0 1 0 -0.7071076 0.7071059 0 0.7071065 -0.7071071 0 1 0 0 0 -1 0 -1 0 0 0.3826836 0.9238795 0 0.7071065 -0.7071071 0 -0.7071076 0.7071059 0 0.4671334 -0.4671338 0.7507147 -0.4671341 0.467133 0.7507146 0.2528115 0.6103406 0.7507135 -0.610343 -0.2528126 0.7507111 0 0 1 -1 0 0 0 0 1 0 -1 0 1 0 0 0.7650441 0 0.6439779 0.7650443 0 -0.6439776 -0.7650443 0 -0.6439776 -0.7650441 0 0.6439779 0 0 -1 0 1 0 -0.3395704 0 0.9405807 -0.3395704 0 -0.9405806 -0.3112186 -0.9503384 0 -1 0 0 0 0 -1 0 0 1 0 -1 0 -1 0 0 -1 0 0 -1 0 0 -1 0 0 -1 0 0 -1 0 0 -1 0 0 -1 0 0 -0.4381489 0.6027842 0.6668409 -0.4381475 -0.6027849 0.6668412 -0.4381459 -0.6027863 -0.666841 -0.4381474 0.6027854 -0.6668407 -0.3112239 0.9503366 0 -1 0 0 0 1 0 0 0 1 0 0 -1 0 -1 0 0.990684 0 0.1361806 0 0 1 0.990684 0 0.1361806 -0.9906859 0 0.1361676 0.8782764 -0.4182316 0.2317605 0 -0.9607742 0.2773317 -0.8782713 -0.418244 0.2317574 0 -0.9607742 0.2773317 0.990684 0 0.1361806 0 0 1 0.990684 0 0.1361806 -0.9906858 0 0.1361675 0.8782771 0.4182302 0.2317603 0 0.9607742 0.277332 -0.8782773 0.4182303 0.2317594 0 0.9607741 0.277332 0.3826857 0.9238786 0 -0.9358447 0 -0.3524129 -0.4137847 0.0634917 0.908158 0.4005669 0.07023078 0.913572 0.9306523 0.02551907 0.3650138 0.9299533 -0.01807498 -0.367233 0.3952422 -0.01877599 -0.918385 -0.4146178 -0.0044986 -0.9099845 -0.9358211 -0.007204651 -0.3524017 -0.9357051 0.01734274 0.3523566 -0.3830518 0.6140762 0.6900593 -0.380353 0.9182512 0.1102098 0.3762762 0.6187052 0.6896522 0.3614675 0.9247772 0.1188636 0.9209941 0.2589832 0.2910286 0.9138786 0.4030948 0.04837995 0.9201996 -0.254957 -0.2970346 0.9119288 -0.4086045 -0.03779357 0.3658487 -0.5550463 -0.7470464 0.3491573 -0.9360078 -0.04448187 -0.4078488 -0.4053961 -0.8181158 -0.3826199 -0.9237339 -0.01782155 -0.92839 -0.2216235 -0.2982869 -0.9237229 -0.3826295 -0.0181837 -0.9250274 0.247435 0.2882713 -0.9232962 0.3824561 0.03537493 0.9238743 -0.3826962 0 -0.3826807 -0.9238807 0 -0.3826842 0.9238792 0 0.923873 0.3826991 0 0.3826822 -0.9238801 0 0.4146212 0 -0.9099941 0.4146221 0 0.9099937 -0.9358441 0 0.3524142 -0.4146228 0 -0.9099934 0.9358459 0 -0.3524096 -0.4005655 0.07023084 0.9135727 0.4137859 0.06349176 0.9081574 0.9357039 0.01734298 0.35236 0.9358199 -0.007204771 -0.3524051 0.4146195 -0.0044986 -0.9099838 -0.3952407 -0.01877599 -0.9183857 -0.9299547 -0.01807481 -0.3672297 -0.9306536 0.02551883 0.3650104 -0.3762748 0.6187056 0.6896526 -0.3614661 0.9247777 0.1188637 0.3830531 0.6140757 0.6900588 0.3803545 0.9182506 0.1102097 0.9250259 0.2474373 0.2882739 0.9232948 0.3824596 0.03537529 0.9283886 -0.2216256 -0.2982897 0.9237214 -0.382633 -0.01818382 0.4078503 -0.4053958 -0.8181152 0.3826214 -0.9237333 -0.01782149 -0.3658473 -0.5550467 -0.7470469 -0.3491559 -0.9360083 -0.04448187 -0.9202011 -0.2549547 -0.2970319 -0.9119304 -0.4086008 -0.03779321 -0.9209955 0.2589808 0.2910259 -0.9138802 0.4030912 0.04837954 -0.9238744 0.3826956 0 -0.9238758 -0.3826928 0 -0.4146236 0 0.909993 0.9358454 0 0.3524109 0.3826857 0.9238786 0 -0.9358447 0 -0.3524129 -0.4137862 0.06349164 0.9081574 0.4005669 0.07023078 0.913572 0.9306523 0.02551907 0.3650138 0.9299533 -0.01807498 -0.367233 0.3952422 -0.01877599 -0.918385 -0.4146194 -0.0044986 -0.9099838 -0.9358324 -0.007204055 -0.3523718 -0.9357164 0.01734131 0.3523268 -0.3830532 0.6140757 0.6900588 -0.3803545 0.9182506 0.1102097 0.3762762 0.6187052 0.6896522 0.3614675 0.9247772 0.1188636 0.9209941 0.2589832 0.2910286 0.9138786 0.4030948 0.04837995 0.9201996 -0.254957 -0.2970346 0.9119288 -0.4086045 -0.03779357 0.3658487 -0.5550463 -0.7470464 0.3491573 -0.9360078 -0.04448187 -0.4078503 -0.4053958 -0.8181152 -0.3826214 -0.9237333 -0.01782149 -0.9284024 -0.221605 -0.298262 -0.923736 -0.3825978 -0.01818215 -0.9250403 0.2474145 0.2882474 -0.9233095 0.3824245 0.03537207 0.9238743 -0.3826962 0 -0.3826822 -0.9238801 0 -0.3826857 0.9238786 0 0.923873 0.3826991 0 0.3826822 -0.9238801 0 0.4146228 0 -0.9099934 0.4146236 0 0.9099929 -0.9358441 0 0.3524142 -0.4146228 0 -0.9099934 0.9358571 0 -0.3523797 -0.4005669 0.07023078 0.913572 0.4137859 0.06349176 0.9081574 0.9357039 0.01734298 0.35236 0.9358199 -0.007204771 -0.3524051 0.4146195 -0.0044986 -0.9099838 -0.3952422 -0.01877599 -0.918385 -0.9299669 -0.01807332 -0.3671989 -0.9306657 0.02551668 0.3649799 -0.3762762 0.6187052 0.6896522 -0.3614675 0.9247772 0.1188636 0.3830531 0.6140757 0.6900588 0.3803545 0.9182506 0.1102097 0.9250259 0.2474373 0.2882739 0.9232948 0.3824596 0.03537529 0.9283886 -0.2216256 -0.2982897 0.9237214 -0.382633 -0.01818382 0.4078503 -0.4053958 -0.8181152 0.3826214 -0.9237333 -0.01782149 -0.3658487 -0.5550463 -0.7470464 -0.3491573 -0.9360078 -0.04448187 -0.9202148 -0.2549338 -0.2970076 -0.9119452 -0.4085679 -0.03779017 -0.9210091 0.2589595 0.2910021 -0.9138948 0.4030586 0.0483756 -0.9238876 0.382664 0 -0.9238888 -0.3826611 0 -0.4146236 0 0.909993 0.9358566 0 0.352381 0 0 1 0 1 0 0 0 -1 0 1 0 0 0 -1 0 0 1 0 0 1 0 0 1 0 0 1 -1 0 0 0 0 1 0 0 1 -1 0 0 0 0 1 0 1 0 0 0 1 0 0 1 0 0 1 0 1 0 1 0 0 0.7071048 0.7071087 0 -0.9238811 0.3826797 0 0 0 1 0 0 1 0 -1 0 -0.7071108 -0.7071027 0 0.7071049 0.7071087 0 1 0 0 0 1 0 -1 0 0 0.3826825 -0.9238799 0 0.7071048 0.7071087 0 -0.7071109 -0.7071027 0 0.4671464 0.4671418 0.7507016 -0.4671396 -0.4671342 0.7507106 0.2528075 -0.6103332 0.7507209 -0.6103304 0.2528043 0.7507242 0 0 1 0 1 0 -1 0 0 -0.7071068 0.7071068 0 0.9238797 0.382683 0 0 0 1 0 0 1 0 -1 0 0.7071076 -0.7071059 0 -0.7071068 0.7071068 0 -1 0 0 0 1 0 1 0 0 -0.3826836 -0.9238795 0 -0.7071068 0.7071068 0 0.7071076 -0.7071059 0 -0.4671335 0.4671335 0.7507148 0.4671329 -0.4671318 0.7507162 -0.2528115 -0.6103406 0.7507135 0.610343 0.2528124 0.7507113 0 0 1 0 -1 0 1 0 0 0.7071046 -0.707109 0 -0.9238809 -0.3826799 0 0 0 1 0 0 1 0 1 0 -0.7071108 0.7071027 0 0.7071046 -0.707109 0 1 0 0 0 -1 0 -1 0 0 0.3826825 0.9238799 0 0.7071046 -0.707109 0 -0.7071109 0.7071027 0 0.4671213 -0.4671242 0.7507281 -0.4671408 0.4671354 0.7507089 0.2528075 0.6103332 0.7507209 -0.6103474 -0.2528157 0.7507065 0 0 1 0 -1 0 -1 0 0 -0.7071065 -0.7071071 0 0.9238796 -0.3826832 0 0 0 1 0 0 1 0 1 0 0.7071076 0.7071059 0 -0.7071065 -0.7071071 0 -1 0 0 0 -1 0 1 0 0 -0.3826836 0.9238795 0 -0.7071065 -0.7071071 0 0.7071076 0.7071059 0 -0.4671347 -0.4671346 0.7507133 0.4671341 0.467133 0.7507146 -0.2528115 0.6103407 0.7507135 0.6103417 -0.2528117 0.7507125 0 0 1 1 0 0 0 0 1 0 -1 0 -1 0 0 -0.7650441 0 0.6439779 -0.7650443 0 -0.6439776 0.7650443 0 -0.6439776 0.7650441 0 0.6439779 0 0 -1 0 1 0 0.3395704 0 0.9405807 0.3395704 0 -0.9405807 0.3112186 -0.9503384 0 1 0 0 0 0 -1 0 0 1 0 -1 0 1 0 0 1 0 0 1 0 0 1 0 0 1 0 0 1 0 0 1 0 0 1 0 0 0.4381489 0.6027842 0.6668409 0.4381459 -0.6027863 0.666841 0.4381459 -0.6027863 -0.666841 0.4381489 0.6027842 -0.6668409 0.3112239 0.9503366 0 1 0 0 0 1 0 0 0 1 0 0 -1 0 -1 0 -0.990684 0 0.1361806 0 0 1 -0.990684 0 0.1361806 0.9906858 0 0.1361675 -0.8782764 -0.4182316 0.2317605 0 -0.9607743 0.2773317 0.8782767 -0.4182317 0.2317596 0 -0.9607742 0.2773317 -0.990684 0 0.1361806 0 0 1 -0.990684 0 0.1361806 0.9906859 0 0.1361675 -0.8782771 0.4182302 0.2317604 0 0.9607742 0.277332 0.8782713 0.4182443 0.2317569 0 0.9607741 0.277332 -0.3826857 0.9238786 0 0.9358447 0 -0.3524129 0.4137847 0.0634917 0.9081581 -0.4005669 0.07023078 0.913572 -0.9306523 0.02551913 0.3650138 -0.9299533 -0.01807498 -0.367233 -0.3952422 -0.01877599 -0.918385 0.4146179 -0.0044986 -0.9099845 0.9358211 -0.007204651 -0.3524017 0.9357051 0.01734274 0.3523566 0.3830518 0.6140762 0.6900593 0.380353 0.9182512 0.1102098 -0.3762762 0.6187052 0.6896522 -0.3614675 0.9247772 0.1188636 -0.920994 0.2589832 0.2910286 -0.9138786 0.4030948 0.04837995 -0.9201996 -0.2549571 -0.2970346 -0.9119288 -0.4086045 -0.03779357 -0.3658487 -0.5550463 -0.7470464 -0.3491573 -0.9360078 -0.04448187 0.4078488 -0.4053961 -0.8181158 0.3826199 -0.9237339 -0.01782149 0.92839 -0.2216235 -0.2982869 0.9237229 -0.3826295 -0.01818364 0.9250274 0.247435 0.2882713 0.9232962 0.3824561 0.03537499 -0.9238743 -0.3826962 0 0.3826807 -0.9238807 0 0.3826842 0.9238792 0 -0.923873 0.3826991 0 -0.3826822 -0.9238801 0 -0.4146212 0 -0.9099941 -0.4146221 0 0.9099937 0.9358441 0 0.3524142 0.4146228 0 -0.9099934 -0.9358459 0 -0.3524096 0.4005655 0.07023084 0.9135727 -0.4137859 0.06349176 0.9081574 -0.9357039 0.01734298 0.35236 -0.9358199 -0.007204771 -0.3524051 -0.4146195 -0.0044986 -0.9099838 0.3952407 -0.01877599 -0.9183857 0.9299547 -0.01807481 -0.3672297 0.9306536 0.02551883 0.3650105 0.3762748 0.6187056 0.6896526 0.3614661 0.9247777 0.1188637 -0.3830532 0.6140757 0.6900588 -0.3803545 0.9182506 0.1102097 -0.9250259 0.2474374 0.2882739 -0.9232948 0.3824596 0.03537529 -0.9283886 -0.2216255 -0.2982897 -0.9237214 -0.382633 -0.01818382 -0.4078503 -0.4053958 -0.8181152 -0.3826214 -0.9237333 -0.01782149 0.3658474 -0.5550467 -0.7470468 0.3491559 -0.9360083 -0.04448187 0.9202011 -0.2549548 -0.2970319 0.9119304 -0.4086008 -0.03779321 0.9209956 0.2589809 0.291026 0.9138802 0.4030912 0.04837954 0.9238744 0.3826956 0 0.9238758 -0.3826928 0 0.4146236 0 0.909993 -0.9358454 0 0.3524109 -0.3826857 0.9238786 0 0.9358447 0 -0.3524129 0.4137862 0.06349164 0.9081574 -0.4005669 0.07023078 0.913572 -0.9306523 0.02551913 0.3650138 -0.9299533 -0.01807498 -0.367233 -0.3952422 -0.01877599 -0.918385 0.4146195 -0.0044986 -0.9099838 0.9358324 -0.007204055 -0.3523718 0.9357164 0.01734131 0.3523268 0.3830531 0.6140757 0.6900588 0.3803545 0.9182506 0.1102097 -0.3762762 0.6187052 0.6896522 -0.3614675 0.9247772 0.1188636 -0.920994 0.2589832 0.2910286 -0.9138786 0.4030948 0.04837995 -0.9201996 -0.2549571 -0.2970346 -0.9119288 -0.4086045 -0.03779357 -0.3658487 -0.5550463 -0.7470464 -0.3491573 -0.9360078 -0.04448187 0.4078503 -0.4053958 -0.8181152 0.3826214 -0.9237333 -0.01782149 0.9284024 -0.221605 -0.298262 0.923736 -0.3825978 -0.01818215 0.9250403 0.2474145 0.2882474 0.9233095 0.3824245 0.03537207 -0.9238743 -0.3826962 0 0.3826822 -0.9238801 0 0.3826857 0.9238786 0 -0.923873 0.3826991 0 -0.3826822 -0.9238801 0 -0.4146228 0 -0.9099934 -0.4146236 0 0.9099929 0.9358441 0 0.3524142 0.4146228 0 -0.9099934 -0.9358571 0 -0.3523797 0.4005669 0.07023078 0.913572 -0.4137859 0.06349176 0.9081574 -0.9357039 0.01734298 0.35236 -0.9358199 -0.007204771 -0.3524051 -0.4146195 -0.0044986 -0.9099838 0.3952422 -0.01877599 -0.918385 0.9299669 -0.01807332 -0.3671989 0.9306656 0.02551668 0.3649799 0.3762762 0.6187052 0.6896522 0.3614675 0.9247772 0.1188636 -0.3830532 0.6140757 0.6900588 -0.3803545 0.9182506 0.1102097 -0.9250259 0.2474374 0.2882739 -0.9232948 0.3824596 0.03537529 -0.9283886 -0.2216255 -0.2982897 -0.9237214 -0.382633 -0.01818382 -0.4078503 -0.4053958 -0.8181152 -0.3826214 -0.9237333 -0.01782149 0.3658487 -0.5550463 -0.7470464 0.3491573 -0.9360078 -0.04448187 0.9202148 -0.2549338 -0.2970076 0.9119452 -0.4085679 -0.03779017 0.9210091 0.2589595 0.2910021 0.9138948 0.4030586 0.0483756 0.9238876 0.382664 0 0.9238888 -0.3826611 0 0.4146236 0 0.909993 -0.9358566 0 0.352381 -0.9995961 0 0.02841836 0 0.9995961 0.02841812 0.9995961 0 0.02841877 0 -0.9995961 0.02841901 0 0 1 0 -1 0 0 -1 0 1 0 0 1 0 0 0 1 0 0 1 0 -1 0 0 -1 0 0 -0.9995961 0 0.02841877 0 0.9995961 0.02841877 0.9995961 0 0.02841818 0 -0.9995961 0.02841877 0 0 1 0 -1 0 0 -1 0 1 0 0 1 0 0 0 1 0 0 1 0 -1 0 0 -1 0 0 0 0 1 0 0 1 0 0 1 0 0 1 0 0 1 0 0 1 0 -1 0 0 -1 0 0 0 1 0 -1 0 0 -1 0 0 0 1 0 0 -1 0 0 -1 0 0 1 -0.4514257 0 0.8923087 0 0 1 1 0 0 0 -1 0 -1 0 0 0 1 0 0 0 1 1 0 0 0 -1 0 -1 0 0 0 1 0 0 0 1 0 0 1 0 0 1 -0.6731147 0 0.7395382 0.6731147 0 0.7395382 0.4514257 0 0.8923087 0 -1 0 0 0 -1 1 3.3085e-6 0 0 0 1 -1 0 0 0 -1 0 0 -1 0 0 -0.762185 0.6473592 -1 0 0 1 0 0 0 -0.762185 0.6473592 1 0 0 0 0 1 -1 0 0 0 0 1 1 0 0 0 -1 0 0.7071071 -0.7071064 0 0.3826835 0.9238796 0 0 0 1 0 0 1 -1 0 0 -0.7071068 0.7071068 0 0.7071072 -0.7071064 0 0 -1 0 1 0 0 0 1 0 0 0 1 0 0 1 0 -1 0 0 1 0 -0.9238796 -0.3826831 0 0.7071072 -0.7071064 0 -0.7071068 0.7071068 0 0.6812921 -0.6812913 0.2677373 -0.6812909 0.6812927 0.2677369 -0.8901507 -0.3687129 0.2677363 0.3687132 0.8901502 0.2677371 0 0 1 1 0 0 0 1 0 0.7071062 0.7071074 0 0.3826835 -0.9238796 0 0 0 1 0 0 1 -1 0 0 -0.7071062 -0.7071074 0 0.7071061 0.7071074 0 0 1 0 1 0 0 0 -1 0 0 0 1 0 1 0 0 1 0 0 -1 0 -0.9238794 0.3826838 0 0.7071062 0.7071074 0 -0.7071062 -0.7071074 0 0.6812912 0.6812924 0.2677368 -0.681291 -0.6812921 0.2677379 -0.8901503 0.368714 0.2677357 0.3687123 -0.8901502 0.2677386 0 0 1 0.7071062 0.7071074 0 0 1 0 1 0 0 0.7071072 -0.7071064 0 0 -1 0 1 0 0 0 0 -1 0 1 0 0 -1 0 -1 0 0 -1 0 0 0 -1 0 -0.707107 -0.7071066 0 -0.3826835 0.9238796 0 0 0 1 0 0 1 1 0 0 0.7071068 0.7071068 0 -0.707107 -0.7071066 0 0 -1 0 -1 0 0 -1.45605e-7 1 0 0 0 1 -1 0 0 0 -1 0 0 1 0 0.9238796 -0.3826833 0 -0.707107 -0.7071066 0 0.7071068 0.7071068 0 -0.6812919 -0.6812915 0.2677372 0.6812916 0.6812916 0.2677378 0.8901505 -0.3687131 0.2677363 -0.3687123 0.8901502 0.2677386 0 0 1 -1 0 0 0 1 0 -0.7071064 0.7071073 0 -0.3826835 -0.9238796 0 0 0 1 0 0 1 1 0 0 0.7071068 -0.7071068 0 -0.7071064 0.7071072 0 0 1 0 -1 0 0 0 -1 0 0 0 1 0 1 0 0 1 0 0 -1 0 0.9238794 0.3826838 0 -0.7071064 0.7071072 0 0.7071068 -0.7071068 0 -0.6812912 0.6812921 0.2677376 0.6812917 -0.6812917 0.2677371 0.8901503 0.3687137 0.2677361 -0.3687133 -0.8901504 0.2677362 0 0 1 -0.7071064 0.7071071 0 0 1 0 -1 0 0 -0.707107 -0.7071066 0 0 -1 0 -1 0 0 0 0 -1 0 1 0 0 -1 0 1 0 0 1 0 0 0 0 1 0.9921552 0 0.1250123 0 0 1 0 0 1 0 0 1 0 0 1 0 0 1 0.9921551 0 0.1250123 -0.9921553 0 0.1250118 0.5680226 -0.8114628 0.1373993 0 -0.9961329 0.08785879 -0.5680228 -0.8114627 0.137399 0 -0.9961329 0.08785879 0.9921552 0 0.1250123 0 0 1 0 0 1 0 0 1 0 0 1 0 0 1 0.9921552 0 0.1250123 -0.9921553 0 0.1250118 0.5680243 0.8114616 0.1373992 0 0.9961329 0.08785891 -0.5680228 0.8114626 0.1373991 0 0.9961329 0.08785891 1 0 0 0 -1 0 0 0 1 0 0 -1 0 1 0 0 1 0 1 0 0 0 0 1 0 0 -1 -1 0 0 0 1 0 1 0 0 0 0 1 0 0 -1 -1 0 0 0 1 0 0 0 1 -1 0 0 -1 0 0 -1 0 0 -1 0 0 -1 0 0 0 -1 0 0 -0.7337611 0.6794076 0 -0.7337609 -0.6794079 0 0.7337616 -0.6794071 0 0.7337618 0.6794068 0 0 -1 0.9921553 0 0.1250117 0 0 1 0 0 1 0 0 1 0 0 1 0 0 1 0.9921553 0 0.1250117 -0.9921555 0 0.1250105 0.9068523 -0.3598622 0.2193587 0 -0.9531078 0.3026312 -0.9068532 -0.3598601 0.2193579 0 -0.9531078 0.3026312 0.9921553 0 0.1250117 0 0 1 0 0 1 0 0 1 0 0 1 0 0 1 0.9921553 0 0.1250117 -0.9921554 0 0.1250105 0.9068523 0.3598624 0.2193583 0 0.9531079 0.3026307 -0.9068525 0.3598625 0.2193573 0 0.953108 0.3026307 0.9921553 0 0.1250117 0 0 1 0 0 1 0 0 1 0 0 1 0 0 1 0.9921553 0 0.1250117 -0.9921553 0 0.1250117 0.9068516 -0.3598635 0.219359 0 -0.9531077 0.3026312 -0.9068521 -0.3598627 0.2193586 0 -0.9531078 0.3026312 0.9921553 0 0.1250117 0 0 1 0 0 1 0 0 1 0 0 1 0 0 1 0.9921553 0 0.1250117 -0.9921553 0 0.1250117 0.9068516 0.3598637 0.2193586 0 0.9531079 0.3026307 -0.9068523 0.3598624 0.2193583 0 0.953108 0.3026307 0 0 1 0 0 -1 -0.9722225 0 -0.2340586 0 0.9921693 -0.1249002 0 -0.9921706 0.1248898 0 0 1 0 0 -1 -0.9722225 0 -0.2340587 0 0.9921693 -0.1249003 0 -0.9921706 0.1248899 0 0 1 0 0 -1 -0.9722224 0 -0.2340589 0 0.9921693 -0.1249004 0 -0.9921706 0.1248899 0 0 1 0 0 -1 -0.9722224 0 -0.2340589 0 0.9921693 -0.1249004 0 -0.9921706 0.1248899 0 0 1 0 0 -1 -0.9722225 0 -0.2340584 0 0.9921693 -0.1249002 0 -0.9921706 0.1248897 0 0 1 0 0 -1 -0.9722226 0 -0.2340581 0 0.9921694 -0.1249 0 -0.9921707 0.1248895 1 0 0 0 -1 0 0 0 1 0 0 -1 0 1 0 0 1 0 0 -1 0 0.9304466 0 0.3664277 0.382669 0.9238855 0 -0.9238801 0 -0.3826821 0.923879 -0.3826847 0 -0.3826907 -0.9238765 0 -0.3826695 0.9238853 0 0.9238827 0.3826759 0 0.3826903 -0.9238767 0 0.3826844 0 -0.9238791 0.3826817 0 0.9238802 -0.9238805 0 0.382681 -0.3826839 0 -0.9238793 0.9238797 0 -0.3826832 -0.9238822 0.382677 0 -0.9238786 -0.3826857 0 -0.3826813 0 0.9238804 0.9238802 0 0.382682 0.3826695 0.9238853 0 -0.9238799 0 -0.3826826 0.9238788 -0.3826852 0 -0.3826903 -0.9238767 0 -0.382669 0.9238855 0 0.9238825 0.3826764 0 0.3826907 -0.9238765 0 0.3826839 0 -0.9238793 0.3826813 0 0.9238804 -0.9238803 0 0.3826815 -0.3826844 0 -0.9238791 0.9238801 0 -0.3826821 -0.9238827 0.3826759 0 -0.923879 -0.3826847 0 -0.3826817 0 0.9238802 0.9238805 0 0.382681 0.3826888 0.9238772 0 -0.9238798 0 -0.3826828 0.9238784 -0.3826861 0 -0.3826879 -0.9238777 0 -0.3826879 0.9238777 0 0.9238839 0.3826729 0 0.3826888 -0.9238772 0 0.3826851 0 -0.9238789 0.3826827 0 0.9238799 -0.9238799 0 0.3826825 -0.3826861 0 -0.9238785 0.9238798 0 -0.3826828 -0.9238839 0.3826729 0 -0.9238784 -0.3826861 0 -0.3826836 0 0.9238795 0.9238799 0 0.3826825 -0.9995961 0 0.02841854 0 0.9995962 0.0284183 0.9995961 0 0.02841854 0 -0.9995961 0.0284186 0 0 1 0 0 1 0 -1 0 0 -0.7769632 0.6295461 0 0.7769637 0.6295455 0.7769636 0 0.6295455 -0.7769636 0 0.6295455 0 -1 0 1 0 0 1 0 0 0 1 0 0 1 0 -1 0 0 -1 0 0 -0.9995962 0 0.02841812 0 0.9995962 0.02841812 0.9995961 0 0.02841877 0 -0.9995961 0.02841901 0 0 1 0 -1 0 0 -1 0 1 0 0 1 0 0 0 1 0 0 1 0 -1 0 0 -1 0 0 0 0 -1 0 0 -1 0 0 -1 0 0 -1 0 0 -1 0 0 -1 0 0 -1 0 0 -1 0 0 -1 0 0 -1 0 0 -1 0.9238854 -0.3826693 0 0 0.9238799 -0.3826826 -0.3826852 -0.9238788 0 -0.9238767 0.3826906 0 0.9238854 0.3826693 0 0.3826764 -0.9238824 0 -0.9238767 -0.3826906 0 0 -0.3826841 -0.9238793 0 -0.3826814 0.9238803 0 0.9238803 0.3826814 0 0.3826841 -0.9238793 0 -0.9238799 -0.3826826 0.3826764 0.9238824 0 -0.3826852 0.9238788 0 0 0.3826814 0.9238803 0 -0.9238803 0.3826814 0.9238854 -0.3826693 0 0 0.9238799 -0.3826826 -0.3826852 -0.9238788 0 -0.9238767 0.3826906 0 0.9238854 0.3826693 0 0.3826764 -0.9238824 0 -0.9238767 -0.3826906 0 0 -0.3826841 -0.9238793 0 -0.3826814 0.9238803 0 0.9238803 0.3826814 0 0.3826841 -0.9238793 0 -0.9238799 -0.3826826 0.3826764 0.9238824 0 -0.3826852 0.9238788 0 0 0.3826814 0.9238803 0 -0.9238803 0.3826814 -0.6007654 -0.6007663 0.5274096 0 1 0 0 1 0 0 -0.7951279 0.6064417 0.7731563 0 0.6342155 -1 0 0 0 -1 0 1 0 0 1 0 0 0 0 1 0 0 1 0 0 1 -0.7951281 0 0.6064417 0 0 1 1 0 0 0 1 0 -1 0 0 0 -1 0 -1 0 0 0 0 1 0.7071063 -0.7071073 0 -0.7071063 -0.7071073 0 -0.7071066 0.7071071 0 0.7071066 0.7071071 0 0 -1 0 0 0 1 0 0 1 0 0 1 0 0 1 0 0 1 0 0 1 0 0 1 0 0 1 0 0.7951285 0.6064409 -0.7731563 0 0.6342155 0.600766 0.6007664 0.5274088 0.7951279 0 0.6064417 0.7731563 0 0.6342155 0.6007654 -0.6007654 0.5274106 -0.7731563 0 0.6342155 -0.600766 0.600766 0.5274094 0 0.7731559 0.634216 0 -0.795128 0.6064417 0 0.7951286 0.6064409 0 0.7731559 0.634216 0 -0.7731553 0.6342168 -0.7951279 0 0.6064416 0 -0.7731553 0.6342167 0.7951279 0 0.6064417 0.9947658 0 0.1021819 0 0 1 0 0 1 0 0 1 0 0 1 0 0 1 0.9947657 0 0.1021818 -0.9947657 0 0.1021822 0.5698286 -0.8140447 0.1123684 0 -0.997425 0.07171803 -0.5698301 -0.8140437 0.1123685 0 -0.997425 0.07171803 0.9947658 0 0.1021819 0 0 1 0 0 1 0 0 1 0 0 1 0 0 1 0.9947658 0 0.1021819 -0.9947656 0 0.1021822 0.5698288 0.8140445 0.1123688 0 0.9974249 0.07171881 -0.5698284 0.8140448 0.112369 0 0.9974249 0.07171881 0 0 -1 0 0 -1 0 0 -1 0 0 -1 0 0 -1 0 0 -1 0 0 -1 0 0 -1 0 0 -1 0 0 -1 0 0 -1 0 1 0 0 1 0 0 1 0 0 1 0 0 1 0 0 0 -1 0 0 -1 0 0 -1 0 0 -1 0 0 -1 0 1 0 0 1 0 0 1 0 0 1 0 0 1 0 0 0 -1 0 0 -1 0 0 -1 0 0 -1 0 0 -1 1 0 0 1 0 0 1 0 0 1 0 0 1 0 0 1 0 0 0 1 0 0 1 0 0 1 0 0 1 0 0 1 0 0 0 1 0 0 1 0 0 1 0 0 1 0 0 1 0 0 1 0 0 1 0 0 1 0 0 1 0 1 0 -1 0 0 -0.7071048 0.7071087 0 0.9238811 0.3826797 0 0 0 1 0 0 1 0 -1 0 0.7071108 -0.7071027 0 -0.7071049 0.7071087 0 -1 0 0 0 1 0 1 0 0 -0.3826825 -0.9238799 0 -0.7071048 0.7071087 0 0.7071109 -0.7071027 0 -0.4671464 0.4671418 0.7507016 0.4671391 -0.4671328 0.7507117 -0.2528094 -0.610336 0.7507179 0.6103304 0.2528042 0.7507241 0 0 1 0 1 0 1 0 0 0.7071068 0.7071068 0 -0.9238797 0.382683 0 0 0 1 0 0 1 0 -1 0 -0.7071076 -0.7071059 0 0.7071068 0.7071068 0 1 0 0 0 1 0 -1 0 0 0.3826836 -0.9238795 0 0.7071068 0.7071068 0 -0.7071076 -0.7071059 0 0.4671334 0.4671334 0.7507148 -0.4671341 -0.4671357 0.750713 0.2528101 -0.6103386 0.7507155 -0.6103429 0.2528123 0.7507113 0 0 1 0 -1 0 -1 0 0 -0.7071046 -0.707109 0 0.9238809 -0.3826799 0 0 0 1 0 0 1 0 1 0 0.7071108 0.7071027 0 -0.7071046 -0.707109 0 -1 0 0 0 -1 0 1 0 0 -0.3826825 0.9238799 0 -0.7071046 -0.707109 0 0.7071109 0.7071027 0 -0.4671213 -0.4671242 0.7507281 0.4671394 0.4671311 0.7507125 -0.2528108 0.6103381 0.7507157 0.6103474 -0.2528157 0.7507066 0 0 1 0 -1 0 1 0 0 0.7071065 -0.7071071 0 -0.9238796 -0.3826832 0 0 0 1 0 0 1 0 1 0 -0.7071076 0.7071059 0 0.7071065 -0.7071071 0 1 0 0 0 -1 0 -1 0 0 0.3826836 0.9238795 0 0.7071065 -0.7071071 0 -0.7071076 0.7071059 0 0.4671346 -0.4671346 0.7507134 -0.4671344 0.4671341 0.7507138 0.2528116 0.6103407 0.7507133 -0.6103418 -0.2528117 0.7507124 0 0 1 -1 0 0 0 0 1 0 -1 0 0 -1 0 0 -1 0 0 -1 0 0 -1 0 1 0 0 0.7650441 0 0.6439779 0.7650443 0 -0.6439776 -0.7650443 0 -0.6439776 -0.7650441 0 0.6439779 0 0 -1 0 1 0 -0.3395704 0 0.9405806 -0.3395704 0 -0.9405807 -0.3112186 -0.9503383 0 -1 0 0 0 0 -1 0 0 1 0 -1 0 -1 0 0 -1 0 0 -1 0 0 -1 0 0 -1 0 0 -1 0 0 -1 0 0 -1 0 0 -1 0 0 -1 0 0 -1 0 0 -1 0 0 -0.4381474 0.6027854 0.6668407 -0.4381459 -0.6027863 0.666841 -0.4381475 -0.6027849 -0.6668412 -0.4381489 0.6027842 -0.6668409 -0.3112239 0.9503366 0 -1 0 0 0 1 0 0 0 1 0 0 -1 0 -1 0 0.9906839 0 0.1361806 0 0 1 0 0 1 0 0 1 0 0 1 0 0 1 0.990684 0 0.1361806 -0.9906858 0 0.1361676 0.8782833 -0.4182154 0.2317633 0 -0.9607743 0.2773317 -0.8782766 -0.4182317 0.2317595 0 -0.9607743 0.2773317 0.990684 0 0.1361806 0 0 1 0 0 1 0 0 1 0 0 1 0 0 1 0.990684 0 0.1361806 -0.9906859 0 0.1361675 0.8782833 0.4182158 0.2317628 0 0.9607742 0.277332 -0.8782713 0.4182443 0.2317569 0 0.9607741 0.277332 0.3826857 0.9238786 0 -0.9358447 0 -0.3524129 0.9238743 -0.3826962 0 -0.3826807 -0.9238807 0 -0.3826842 0.9238792 0 0.923873 0.3826991 0 0.3826822 -0.9238801 0 0.4146212 0 -0.9099941 0.4146221 0 0.9099937 -0.9358441 0 0.3524142 -0.4146228 0 -0.9099934 0.9358459 0 -0.3524096 -0.9238744 0.3826956 0 -0.9238758 -0.3826928 0 -0.4146236 0 0.9099929 0.9358454 0 0.3524109 0.3826857 0.9238786 0 -0.9358447 0 -0.3524129 0.9238743 -0.3826962 0 -0.3826822 -0.9238801 0 -0.3826857 0.9238786 0 0.923873 0.3826991 0 0.3826822 -0.9238801 0 0.4146228 0 -0.9099934 0.4146236 0 0.9099929 -0.9358441 0 0.3524142 -0.4146228 0 -0.9099934 0.9358571 0 -0.3523797 -0.9238876 0.382664 0 -0.9238888 -0.3826611 0 -0.4146236 0 0.9099929 0.9358566 0 0.352381 0 1 0 0 1 0 0 1 0 0 1 0 0 1 0 0 0 -1 0 0 -1 0 0 -1 0 0 -1 0 0 -1 0 1 0 0 1 0 0 1 0 0 1 0 0 1 0 0 0 -1 0 0 -1 0 0 -1 0 0 -1 0 0 -1 -1 0 0 -1 0 0 -1 0 0 -1 0 0 -1 0 0 -1 0 0 0 1 0 0 1 0 0 1 0 0 1 0 0 1 0 0 0 1 0 0 1 0 0 1 0 0 1 0 0 1 0 0 1 0 0 1 0 0 1 0 0 1 0 1 0 1 0 0 0.7071048 0.7071087 0 -0.9238811 0.3826797 0 0 0 1 0 0 1 0 -1 0 -0.7071108 -0.7071027 0 0.7071049 0.7071087 0 1 0 0 0 1 0 -1 0 0 0.3826825 -0.9238799 0 0.7071048 0.7071087 0 -0.7071109 -0.7071027 0 0.4671213 0.4671239 0.7507283 -0.4671391 -0.4671328 0.7507117 0.2528094 -0.610336 0.7507179 -0.6103471 0.2528154 0.7507069 0 0 1 0 1 0 -1 0 0 -0.7071068 0.7071068 0 0.9238797 0.382683 0 0 0 1 0 0 1 0 -1 0 0.7071076 -0.7071059 0 -0.7071068 0.7071068 0 -1 0 0 0 1 0 1 0 0 -0.3826836 -0.9238795 0 -0.7071068 0.7071068 0 0.7071076 -0.7071059 0 -0.4671342 0.467134 0.750714 0.4671341 -0.4671357 0.750713 -0.2528101 -0.6103386 0.7507155 0.6103415 0.2528114 0.7507128 0 0 1 0 -1 0 1 0 0 0.7071046 -0.707109 0 -0.9238809 -0.3826799 0 0 0 1 0 0 1 0 1 0 -0.7071108 0.7071027 0 0.7071046 -0.707109 0 1 0 0 0 -1 0 -1 0 0 0.3826825 0.9238799 0 0.7071046 -0.707109 0 -0.7071109 0.7071027 0 0.4671468 -0.4671424 0.7507009 -0.4671394 0.4671311 0.7507125 0.2528108 0.6103381 0.7507157 -0.6103307 -0.2528045 0.7507239 0 0 1 0 -1 0 -1 0 0 -0.7071065 -0.7071071 0 0.9238796 -0.3826832 0 0 0 1 0 0 1 0 1 0 0.7071076 0.7071059 0 -0.7071065 -0.7071071 0 -1 0 0 0 -1 0 1 0 0 -0.3826836 0.9238795 0 -0.7071065 -0.7071071 0 0.7071076 0.7071059 0 -0.4671334 -0.4671338 0.7507147 0.4671344 0.4671341 0.7507138 -0.2528116 0.6103407 0.7507133 0.6103431 -0.2528126 0.750711 0 0 1 1 0 0 0 0 1 0 -1 0 0 -1 0 0 -1 0 0 -1 0 0 -1 0 -1 0 0 -0.7650441 0 0.6439779 -0.7650443 0 -0.6439776 0.7650443 0 -0.6439776 0.7650441 0 0.6439779 0 0 -1 0 1 0 0.3395704 0 0.9405806 0.3395704 0 -0.9405806 0.3112186 -0.9503383 0 1 0 0 0 0 -1 0 0 1 0 -1 0 1 0 0 1 0 0 1 0 0 1 0 0 1 0 0 1 0 0 1 0 0 1 0 0 1 0 0 1 0 0 1 0 0 1 0 0 0.4381474 0.6027854 0.6668407 0.4381475 -0.6027849 0.6668412 0.4381475 -0.6027849 -0.6668412 0.4381474 0.6027854 -0.6668407 0.3112239 0.9503366 0 1 0 0 0 1 0 0 0 1 0 0 -1 0 -1 0 -0.9906839 0 0.1361806 0 0 1 0 0 1 0 0 1 0 0 1 0 0 1 -0.990684 0 0.1361806 0.9906859 0 0.1361676 -0.8782833 -0.4182154 0.2317633 0 -0.9607742 0.2773317 0.8782713 -0.418244 0.2317574 0 -0.9607743 0.2773317 -0.990684 0 0.1361806 0 0 1 0 0 1 0 0 1 0 0 1 0 0 1 -0.990684 0 0.1361806 0.9906858 0 0.1361675 -0.8782833 0.4182158 0.2317628 0 0.9607742 0.277332 0.8782773 0.4182303 0.2317593 0 0.9607741 0.277332 -0.3826857 0.9238786 0 0.9358447 0 -0.3524129 -0.9238743 -0.3826962 0 0.3826807 -0.9238807 0 0.3826842 0.9238792 0 -0.923873 0.3826991 0 -0.3826822 -0.9238801 0 -0.4146212 0 -0.9099941 -0.4146221 0 0.9099937 0.9358441 0 0.3524142 0.4146228 0 -0.9099934 -0.9358459 0 -0.3524096 0.9238744 0.3826956 0 0.9238758 -0.3826928 0 0.4146236 0 0.9099929 -0.9358454 0 0.3524109 -0.3826857 0.9238786 0 0.9358447 0 -0.3524129 -0.9238743 -0.3826962 0 0.3826822 -0.9238801 0 0.3826857 0.9238786 0 -0.923873 0.3826991 0 -0.3826822 -0.9238801 0 -0.4146228 0 -0.9099934 -0.4146236 0 0.9099929 0.9358441 0 0.3524142 0.4146228 0 -0.9099934 -0.9358571 0 -0.3523797 0.9238876 0.382664 0 0.9238888 -0.3826611 0 0.4146236 0 0.9099929 -0.9358566 0 0.352381 -0.9995961 0 0.02841836 0 0.9995962 0.02841812 0.9995961 0 0.02841877 0 -0.9995961 0.02841901 0 0 1 0 -1 0 0 -1 0 1 0 0 1 0 0 0 1 0 0 1 0 -1 0 0 -1 0 0 -0.9995961 0 0.02841877 0 0.9995961 0.02841877 0.9995961 0 0.02841818 0 -0.9995961 0.02841877 0 0 1 0 -1 0 0 -1 0 1 0 0 1 0 0 0 1 0 0 1 0 -1 0 0 -1 0 0</float_array>
          <technique_common>
            <accessor source="#Cubo_001-mesh-normals-array" count="2234" stride="3">
              <param name="X" type="float"/>
              <param name="Y" type="float"/>
              <param name="Z" type="float"/>
            </accessor>
          </technique_common>
        </source>
        <source id="Cubo_001-mesh-map-0">
          <float_array id="Cubo_001-mesh-map-0-array" count="13404">0.1612558 0.3946751 0.1676613 0.3883602 0.2410821 0.3883602 0.1612558 0.3946751 0.1612558 0.5394408 0.2410821 0.3883602 0.6713392 0.6793937 0.6547213 0.6984756 0.6062175 0.6793937 0.6062175 0.6793937 0.5577139 0.6984756 0.541096 0.6793937 0.6743776 0.7406392 0.6794569 0.756605 0.6794569 0.7406392 0.6743776 0.7246734 0.6794569 0.7406392 0.6794569 0.7246734 0.6743776 0.7406392 0.6794569 0.7292 0.6794569 0.7406392 0.6743776 0.7287476 0.6794569 0.7292 0.6743776 0.7292 0.6536272 0.6309564 0.6641631 0.6518796 0.6536272 0.6518796 0.5505391 0.5694844 0.5610751 0.6893737 0.5505391 0.6893737 0.6693647 0.5694844 0.6484256 0.6893737 0.6693647 0.6893737 0.5611639 0.8510489 0.5182712 0.9695187 0.5611639 0.9695187 0.6484256 0.5694844 0.6693647 0.6893737 0.6484256 0.6893737 0.6536272 0.6309564 0.6641631 0.6518796 0.6536272 0.6518796 0.5182712 0.8510489 0.5611639 0.9695187 0.5182712 0.9695187 0.5655016 0.5694844 0.5445625 0.6893737 0.5655016 0.6893737 0.5610751 0.5694844 0.5505391 0.6893737 0.5610751 0.6893737 0.6484256 0.5694844 0.6693647 0.6893737 0.6484256 0.6893737 0.6743776 0.6976776 0.6794569 0.6976776 0.6794569 0.6976776 0.6743776 0.6976776 0.6794569 0.6976776 0.6794569 0.6976776 0.6743776 0.7520785 0.6794569 0.7406392 0.679457 0.7520785 0.6833052 0.7551482 0.6613012 0.7374984 0.6833052 0.7374984 0.6613012 0.7341278 0.6833052 0.7517775 0.6613012 0.7517775 0.679457 0.7525309 0.6743776 0.7520785 0.679457 0.7520785 0.7797722 0.6082183 0.7232972 0.6981608 0.7232972 0.6082183 0 0 0 0 0 0 0 0 0 0 0 0 0 0 0 0 0 0 0 0 0 0 0 0 0.04440313 0.4423708 0.08496099 0.3917201 0.08496099 0.4423708 0.08496099 0.4423708 0.1255187 0.3917201 0.1255187 0.4423708 0.1255187 0.4817886 0.08496099 0.4423708 0.1255187 0.4423708 0.06263053 0.4423708 0.09610992 0.3917201 0.06263053 0.3917201 0.09610992 0.3917201 0.06263053 0.4423708 0.06263053 0.3917201 0.08496099 0.4817886 0.04440313 0.4423708 0.08496099 0.4423708 0.09610992 0.4817886 0.1073239 0.3917201 0.1073239 0.4817886 0.1255187 0.4560625 0.08496099 0.4672765 0.08496099 0.4560625 0.09610992 0.4817886 0.1073239 0.3917201 0.09610992 0.3917201 0.08496099 0.4560625 0.04440325 0.4672765 0.04440313 0.4560625 0.5884781 0.9634653 0.4970621 0.9761435 0.4970621 0.9634653 0.1264595 0.9647955 0.0100606 0.9790955 0.0100606 0.9647955 0.667324 0.4224902 0.7083124 0.3428862 0.7083124 0.4224902 0.5251143 0.5895866 0.5026622 0.5802868 0.5251143 0.5895866 0.5019649 0.5924336 0.5264263 0.6573453 0.5264263 0.5924336 0.5251143 0.5895866 0.5026622 0.6678558 0.5251143 0.6678558 0.2272518 0.0125038 0.03483831 0.04059427 0.2272518 0.04059427 0.03483831 0.0125038 0.0180518 0.04059427 0.03483831 0.04059427 0.667324 0.4942876 0.7083124 0.4224902 0.7083124 0.4942876 0.2081236 0.002086818 0.01622825 0.100988 0.01622825 0.002086818 0.2090185 0.005640447 0.01439154 0.1016669 0.01439154 0.005640447 0.4784199 0.0125038 0.2860063 0.04059427 0.4784199 0.04059427 0.5264263 0.5924336 0.5019649 0.5726125 0.5019649 0.5924336 0 0 0 0 0 0 0.0933395 0.9794133 0.06183499 0.9649527 0.0933395 0.9649527 0.2860063 0.0125038 0.2272518 0.04059427 0.2860063 0.04059427 0.5019649 0.6650581 0.5264263 0.6573453 0.5019649 0.6650581 0.7083124 0.5020942 0.667324 0.5020942 0.7083124 0.5020942 0.0180518 0.04059427 0.03483831 0.04059427 0.0180518 0.04059427 0.9377526 0.462789 0.986546 0.4893847 0.9507993 0.4893847 0.349364 0.605778 0.3470824 0.6008002 0.3448335 0.6012476 0.3608949 0.5989381 0.349364 0.605778 0.3642606 0.5996077 0.3448335 0.6012476 0.3516734 0.5897166 0.3510038 0.5863509 0.3608949 0.5989381 0.3470824 0.6008002 0.3498113 0.6035292 0.4970621 0.9761435 0.5884781 0.9634653 0.4970621 0.9634653 0.0100606 0.9790955 0.1264595 0.9647955 0.0100606 0.9647955 0.7083124 0.3428862 0.667324 0.4224902 0.7083124 0.4224902 0.5026622 0.5802868 0.5251143 0.5895866 0.5251143 0.5895866 0.5264263 0.6573453 0.5019649 0.5924336 0.5264263 0.5924336 0.5251143 0.5895866 0.5026622 0.6678558 0.5026622 0.5802868 0.03483831 0.04059427 0.2272518 0.0125038 0.2272518 0.04059427 0.0180518 0.04059427 0.03483831 0.0125038 0.03483831 0.04059427 0.7083124 0.4224902 0.667324 0.4942876 0.7083124 0.4942876 0.01622825 0.100988 0.2081236 0.002086818 0.01622825 0.002086818 0.01439154 0.1016669 0.2090185 0.005640447 0.01439154 0.005640447 0.2860063 0.04059427 0.4784199 0.0125038 0.4784199 0.04059427 0.5019649 0.5726125 0.5264263 0.5924336 0.5019649 0.5924336 0.2378243 0.01131063 0.2576485 0.06722331 0.2576485 0.01131063 0.06183499 0.9577224 0.0933395 0.9794133 0.0933395 0.9577224 0.2272518 0.04059427 0.2860063 0.0125038 0.2860063 0.04059427 0.5264263 0.6573453 0.5019649 0.6650581 0.5019649 0.6650581 0.667324 0.5020942 0.7083124 0.5020942 0.7083124 0.5020942 0.03483831 0.04059427 0.0180518 0.04059427 0.0180518 0.04059427 0.3516734 0.5897166 0.3642606 0.5996077 0.3608949 0.5989381 0.349364 0.605778 0.3470824 0.6008002 0.3498113 0.6035292 0.349364 0.605778 0.3608949 0.5989381 0.3642606 0.5996077 0.3448335 0.6012476 0.3516734 0.5897166 0.3470824 0.6008002 0.3470824 0.6008002 0.3608949 0.5989381 0.3498113 0.6035292 0.7083124 0.4803824 0.667324 0.496313 0.7083124 0.496313 0.0100606 0.9647955 0.1264595 0.833279 0.0100606 0.833279 0.4970621 0.9634653 0.5884781 0.8468639 0.4970621 0.8468639 0.667324 0.496313 0.7083124 0.4803824 0.7083124 0.496313 0.1264595 0.833279 0.0100606 0.9647955 0.0100606 0.833279 0.5884781 0.8468639 0.4970621 0.9634653 0.4970621 0.8468639 0.06183499 0.9649527 0.0933395 0.9649527 0.0933395 0.9649527 0.06183499 0.8348073 0.0933395 0.9577224 0.0933395 0.8348073 0.8634112 0.6536931 0.9106256 0.69436 0.8634112 0.69436 0 0 0 0 0 0 0.4970621 0.9761435 0.5884781 0.9634653 0.4970621 0.9634653 0.0100606 0.9790955 0.1264595 0.9647955 0.0100606 0.9647955 0.7083124 0.3428862 0.667324 0.4224902 0.7083124 0.4224902 0.5026622 0.5802868 0.5251143 0.5895866 0.5251143 0.5895866 0.5264263 0.6573453 0.5019649 0.5924336 0.5264263 0.5924336 0.5251143 0.5895866 0.5026622 0.6678558 0.5026622 0.5802868 0.03483831 0.04059427 0.2272518 0.0125038 0.2272518 0.04059427 0.0180518 0.04059427 0.03483831 0.0125038 0.03483831 0.04059427 0.7083124 0.4224902 0.667324 0.4942876 0.7083124 0.4942876 0.01622825 0.100988 0.2081236 0.002086818 0.01622825 0.002086818 0.01439154 0.1016669 0.2090185 0.005640447 0.01439154 0.005640447 0.2860063 0.04059427 0.4784199 0.0125038 0.4784199 0.04059427 0.5019649 0.5726125 0.5264263 0.5924336 0.5019649 0.5924336 0 0 0 0 0 0 0.06183499 0.9649527 0.0933395 0.9794133 0.0933395 0.9649527 0.2272518 0.04059427 0.2860063 0.0125038 0.2860063 0.04059427 0.5264263 0.6573453 0.5019649 0.6650581 0.5019649 0.6650581 0.667324 0.5020942 0.7083124 0.5020942 0.7083124 0.5020942 0.03483831 0.04059427 0.0180518 0.04059427 0.0180518 0.04059427 0.9505975 0.4893847 0.9889392 0.462789 0.9863441 0.4893847 0.349364 0.605778 0.3470824 0.6008002 0.3498113 0.6035292 0.349364 0.605778 0.3608949 0.5989381 0.3642606 0.5996077 0.3448335 0.6012476 0.3516734 0.5897166 0.3470824 0.6008002 0.3470824 0.6008002 0.3608949 0.5989381 0.3498113 0.6035292 0.5884781 0.9634653 0.4970621 0.9761435 0.4970621 0.9634653 0.1264595 0.9647955 0.0100606 0.9790955 0.0100606 0.9647955 0.667324 0.4224902 0.7083124 0.3428862 0.7083124 0.4224902 0.5251143 0.5895866 0.5026622 0.5802868 0.5251143 0.5895866 0.5019649 0.5924336 0.5264263 0.6573453 0.5264263 0.5924336 0.5251143 0.5895866 0.5026622 0.6678558 0.5251143 0.6678558 0.2272518 0.0125038 0.03483831 0.04059427 0.2272518 0.04059427 0.03483831 0.0125038 0.0180518 0.04059427 0.03483831 0.04059427 0.667324 0.4942876 0.7083124 0.4224902 0.7083124 0.4942876 0.2081236 0.002086818 0.01622825 0.100988 0.01622825 0.002086818 0.2090185 0.005640447 0.01439154 0.1016669 0.01439154 0.005640447 0.4784199 0.0125038 0.2860063 0.04059427 0.4784199 0.04059427 0.5264263 0.5924336 0.5019649 0.5726125 0.5019649 0.5924336 0.2576485 0.06722331 0.2378243 0.01131063 0.2576485 0.01131063 0.0933395 0.9794133 0.06183499 0.9577224 0.0933395 0.9577224 0.2860063 0.0125038 0.2272518 0.04059427 0.2860063 0.04059427 0.5019649 0.6650581 0.5264263 0.6573453 0.5019649 0.6650581 0.7083124 0.5020942 0.667324 0.5020942 0.7083124 0.5020942 0.0180518 0.04059427 0.03483831 0.04059427 0.0180518 0.04059427 0.3642606 0.5996077 0.3516734 0.5897166 0.3608949 0.5989381 0.349364 0.605778 0.3470824 0.6008002 0.3448335 0.6012476 0.3608949 0.5989381 0.349364 0.605778 0.3642606 0.5996077 0.3448335 0.6012476 0.3516734 0.5897166 0.3510038 0.5863509 0.3498113 0.6035292 0.3516734 0.5897166 0.3470824 0.6008002 0.667324 0.496313 0.7083124 0.4803824 0.7083124 0.496313 0.1264595 0.833279 0.0100606 0.9647955 0.0100606 0.833279 0.5884781 0.8468639 0.4970621 0.9634653 0.4970621 0.8468639 0.7083124 0.4803824 0.667324 0.496313 0.7083124 0.496313 0.0100606 0.9647955 0.1264595 0.833279 0.0100606 0.833279 0.5941796 0.9634653 0.7042512 0.8468639 0.5941796 0.8468639 0.0933395 0.9649527 0.06183499 0.9649527 0.0933395 0.9649527 0.0933395 0.9577224 0.06183499 0.8348073 0.0933395 0.8348073 0.8088726 0.6536931 0.8634112 0.69436 0.8088726 0.69436 0 0 0 0 0 0 0 0 0 0 0 0 0 0 0 0 0 0 0.5639454 0.07845765 0.5141394 0.108676 0.5061941 0.07845765 0.01239198 0.3647333 0.01239198 0.3437875 0.08230799 0.3893339 0.6216966 0.07845765 0.5679181 0.108676 0.5639454 0.07845765 0.6216966 0.07845765 0.5141394 0.108676 0.6216966 0.108676 0.4961174 0.07845765 0.5141394 0.108676 0.5047559 0.108676 0.6216966 0.07845765 0.5141392 0.108676 0.6216966 0.108676 0.4961174 0.07845765 0.5141394 0.108676 0.5061941 0.07845765 0.6216966 0.07845765 0.7292538 0.108676 0.7371991 0.07845765 0.5141394 0.108676 0.5639454 0.07845765 0.5061941 0.07845765 0.01239198 0.3647333 0.01800221 0.3893339 0.08230799 0.3893339 0.5679181 0.108676 0.6216966 0.07845765 0.5639454 0.07845765 0.6216966 0.07845765 0.5141394 0.108676 0.5061941 0.07845765 0.4961174 0.07845765 0.5141394 0.108676 0.5061941 0.07845765 0.6216966 0.07845765 0.5141392 0.108676 0.5061939 0.07845765 0.5141394 0.108676 0.4961174 0.07845765 0.5061941 0.07845765 0.7292538 0.108676 0.6216966 0.07845765 0.7371991 0.07845765 0.9027719 0.8165525 0.8684977 0.862082 0.8684977 0.8165525 0.9637713 0.8602091 0.9843581 0.7739409 0.9843581 0.8602091 0.9637713 0.8415018 0.9843581 0.7926481 0.9843581 0.8415018 0.9637713 0.7926481 0.9843581 0.8415018 0.9843581 0.7926481 0.9637713 0.7739409 0.9843581 0.8602091 0.9843581 0.7739409 0.9468984 0.8163083 0.9112601 0.8618378 0.9112601 0.8163083 0.9637713 0.8602091 0.9843581 0.7739409 0.9843581 0.8602091 0.9637713 0.8415018 0.9843581 0.7926481 0.9843581 0.8415018 0.9637713 0.7926481 0.9843581 0.8415018 0.9843581 0.7926481 0.9637713 0.7739409 0.9843581 0.8602091 0.9843581 0.7739409 0.9834537 0.2492127 0.9289617 0.306621 0.9289617 0.2492127 0.9637713 0.8602091 0.9843581 0.7739409 0.9843581 0.8602091 0.9637713 0.8415018 0.9843581 0.7926481 0.9843581 0.8415018 0.9637713 0.7926481 0.9843581 0.8415018 0.9843581 0.7926481 0.9637713 0.7739409 0.9843581 0.8602091 0.9843581 0.7739409 0.4970621 0.8592957 0.4970621 0.9510336 0.4970621 0.9510336 0.5119765 0.9634653 0.5735637 0.9634653 0.5735637 0.9634653 0.7679663 0.6988417 0.7322158 0.6988417 0.7235583 0.6891838 0.5884781 0.9510336 0.5884781 0.8592957 0.5884781 0.8592957 0.5735637 0.9634653 0.5884781 0.9510336 0.5735637 0.9634653 0.5735637 0.8468639 0.5884781 0.8592957 0.5735637 0.8468639 0.5119765 0.8468639 0.4970621 0.8592957 0.5119765 0.846864 0.5119765 0.9634653 0.4970621 0.9510336 0.5119765 0.9634653 0.5735637 0.8468639 0.5119765 0.8468639 0.5119765 0.846864 0.5639454 0.07845765 0.5141394 0.108676 0.5061941 0.07845765 0.7831522 0.1471922 0.8069093 0.1432049 0.8306663 0.1700437 0.6216966 0.07845765 0.5679181 0.108676 0.5639454 0.07845765 0.6216966 0.07845765 0.5141394 0.108676 0.6216966 0.108676 0.5061941 0.07845765 0.5047559 0.108676 0.4961174 0.07845765 0.6216966 0.07845765 0.5141392 0.108676 0.6216966 0.108676 0.5061941 0.07845765 0.5047559 0.108676 0.5141394 0.108676 0.6216966 0.07845765 0.7292538 0.108676 0.7371991 0.07845765 0.5141394 0.108676 0.5639454 0.07845765 0.5061941 0.07845765 0.8306663 0.2157467 0.8069093 0.2425854 0.7831522 0.2385982 0.5679181 0.108676 0.6216966 0.07845765 0.5639454 0.07845765 0.6216966 0.07845765 0.5141394 0.108676 0.5061941 0.07845765 0.5047559 0.108676 0.5061941 0.07845765 0.4961174 0.07845765 0.6216966 0.07845765 0.5141392 0.108676 0.5061939 0.07845765 0.5061941 0.07845765 0.5047559 0.108676 0.4961174 0.07845765 0.7292538 0.108676 0.6216966 0.07845765 0.7371991 0.07845765 0.5639454 0.07845765 0.5141394 0.108676 0.5061941 0.07845765 0.7831522 0.1471922 0.8069093 0.1432049 0.8306663 0.1700437 0.6216966 0.07845765 0.5679181 0.108676 0.5639454 0.07845765 0.6216966 0.07845765 0.5141394 0.108676 0.6216966 0.108676 0.5061941 0.07845765 0.5047559 0.108676 0.4961174 0.07845765 0.6216966 0.07845765 0.5141392 0.108676 0.6216966 0.108676 0.5061941 0.07845765 0.5047559 0.108676 0.5141394 0.108676 0.6216966 0.07845765 0.7292538 0.108676 0.7371991 0.07845765 0.5141394 0.108676 0.5639454 0.07845765 0.5061941 0.07845765 0.8306663 0.2157467 0.8069093 0.2425854 0.7831522 0.2385982 0.5679181 0.108676 0.6216966 0.07845765 0.5639454 0.07845765 0.6216966 0.07845765 0.5141394 0.108676 0.5061941 0.07845765 0.5047559 0.108676 0.5061941 0.07845765 0.4961174 0.07845765 0.6216966 0.07845765 0.5141392 0.108676 0.5061939 0.07845765 0.5061941 0.07845765 0.5047559 0.108676 0.4961174 0.07845765 0.7292538 0.108676 0.6216966 0.07845765 0.7371991 0.07845765 0.6159083 0.8183869 0.6082051 0.7648293 0.6159083 0.7648293 0.6088604 0.7644867 0.6165636 0.8180444 0.6165636 0.7644867 0.6382216 0.790076 0.5850065 0.7927976 0.6385641 0.7927976 0.6159083 0.7927976 0.6088604 0.790076 0.6082051 0.7927976 0.6088604 0.790076 0.6159083 0.7927976 0.6082051 0.7927976 0.6159083 0.8183869 0.6082051 0.7648293 0.6159083 0.7648293 0.6088604 0.7644867 0.6165636 0.8180444 0.6165636 0.7644867 0.6382216 0.790076 0.5850065 0.7927976 0.6385641 0.7927976 0.6159083 0.7927976 0.6088604 0.790076 0.6082051 0.7927976 0.6088604 0.790076 0.6159083 0.7927976 0.6082051 0.7927976 0.6159083 0.8183869 0.6082051 0.7648293 0.6159083 0.7648293 0.6088604 0.7644867 0.6165636 0.8180444 0.6165636 0.7644867 0.6382216 0.790076 0.5850065 0.7927976 0.6385641 0.7927976 0.6159083 0.7927976 0.6088604 0.790076 0.6082051 0.7927976 0.6088604 0.790076 0.6159083 0.7927976 0.6082051 0.7927976 0.6159083 0.8183869 0.6082051 0.7648293 0.6159083 0.7648293 0.6088604 0.7644867 0.6165636 0.8180444 0.6165636 0.7644867 0.6382216 0.790076 0.5850065 0.7927976 0.6385641 0.7927976 0.6159083 0.7927976 0.6088604 0.790076 0.6082051 0.7927976 0.6088604 0.790076 0.6159083 0.7927976 0.6082051 0.7927976 0.6159083 0.8183869 0.6082051 0.7648293 0.6159083 0.7648293 0.6088604 0.7644867 0.6165636 0.8180444 0.6165636 0.7644867 0.6382216 0.790076 0.5850065 0.7927976 0.6385641 0.7927976 0.6159083 0.7927976 0.6088604 0.790076 0.6082051 0.7927976 0.6088604 0.790076 0.6159083 0.7927976 0.6082051 0.7927976 0.6159083 0.8183869 0.6082051 0.7648293 0.6159083 0.7648293 0.6088604 0.7644867 0.6165636 0.8180444 0.6165636 0.7644867 0.6382216 0.790076 0.5850065 0.7927976 0.6385641 0.7927976 0.6159083 0.7927976 0.6088604 0.790076 0.6082051 0.7927976 0.6088604 0.790076 0.6159083 0.7927976 0.6082051 0.7927976 0.9526062 0.8790053 0.923717 0.9022895 0.923717 0.8790053 0.984358 0.7976663 0.9637713 0.7739409 0.9843581 0.7739409 0.9637713 0.8415018 0.9843581 0.7926481 0.9843581 0.8415018 0.9637713 0.7926481 0.9843581 0.8415018 0.9843581 0.7926481 0.9637713 0.7976664 0.9843581 0.8602091 0.9843581 0.7976663 0.9637713 0.7739409 0.9843581 0.7976663 0.9843581 0.7739409 0.9637713 0.8602091 0.984358 0.7976663 0.9843581 0.8602091 0.9526063 0.8701725 0.923717 0.8790053 0.923717 0.8701725 0.5431102 0.5383753 0.5468255 0.4616042 0.5468255 0.5383753 0.5473577 0.465943 0.551073 0.5330999 0.551073 0.465943 0.5984501 0.5120386 0.5870146 0.5168611 0.5984501 0.5168611 0.5984501 0.5120386 0.5870146 0.507216 0.5863494 0.5120386 0.5984501 0.5212155 0.5886206 0.5159355 0.5870146 0.5204596 0.5984501 0.516393 0.5902265 0.5114116 0.5886206 0.5159355 0.5984501 0.507216 0.5908917 0.5120386 0.5902265 0.507216 0.5984501 0.5168611 0.5908917 0.5120386 0.5984501 0.5120386 0.5984501 0.516393 0.5902265 0.5114116 0.5984501 0.5115705 0.5984501 0.5212155 0.5886206 0.5159355 0.5984501 0.516393 0.5863494 0.5120386 0.5802633 0.5168611 0.5870146 0.5168611 0.5839613 0.5147792 0.5885981 0.5027529 0.5839613 0.5027529 0.5863494 0.5120386 0.5802633 0.507216 0.5785821 0.5120386 0.5932351 0.5147792 0.5885981 0.5027529 0.5885981 0.5157453 0.5870146 0.5204596 0.5843218 0.512447 0.5802633 0.5147792 0.5843218 0.512447 0.5787366 0.5027529 0.5802633 0.5147792 0.5886206 0.5159355 0.5883805 0.5101147 0.5843218 0.512447 0.5883805 0.5101147 0.5833736 0.5027529 0.5843218 0.512447 0.5902265 0.507216 0.5900616 0.5120386 0.5883805 0.507216 0.5885981 0.5091487 0.5932351 0.5027529 0.5932351 0.5101147 0.5902265 0.5168611 0.5900616 0.5120386 0.5908917 0.5120386 0.5885981 0.5091487 0.5839613 0.5027529 0.5885981 0.5027529 0.5886206 0.5159355 0.5883805 0.5101147 0.5902265 0.5114116 0.5883805 0.5101147 0.5833736 0.5027529 0.5880104 0.5027529 0.5870146 0.5204596 0.5843218 0.512447 0.5886206 0.5159355 0.5843218 0.512447 0.5787366 0.5027529 0.5833736 0.5027529 0.5430858 0.5383753 0.5468011 0.4616042 0.5468011 0.5383753 0.5505409 0.5383753 0.5468255 0.4616042 0.5468255 0.5383753 0.5468255 0.5383753 0.5505409 0.4616042 0.5505409 0.5383753 0.5468011 0.5383753 0.5505164 0.4616042 0.5505164 0.5383753 0.5468255 0.5383753 0.5431102 0.4616042 0.5431102 0.5383753 0.5470854 0.465943 0.5508008 0.5330999 0.5508008 0.465943 0.5508008 0.465943 0.5470854 0.5330999 0.5470854 0.465943 0.5436424 0.465943 0.5473577 0.5330999 0.5473577 0.465943 0.5470854 0.465943 0.5433701 0.5330999 0.5470854 0.5330999 0.551073 0.465943 0.5473577 0.5330999 0.5473577 0.465943 0.5984501 0.5120386 0.5863494 0.5120386 0.5870146 0.5168611 0.5984501 0.5120386 0.5984501 0.507216 0.5870146 0.507216 0.5984501 0.5212155 0.5984501 0.516393 0.5886206 0.5159355 0.5984501 0.516393 0.5984501 0.5115705 0.5902265 0.5114116 0.5984501 0.507216 0.5984501 0.5120386 0.5908917 0.5120386 0.5984501 0.5168611 0.5902265 0.5168611 0.5908917 0.5120386 0.5984501 0.516393 0.5886206 0.5159355 0.5902265 0.5114116 0.5984501 0.5212155 0.5870146 0.5204596 0.5886206 0.5159355 0.5863494 0.5120386 0.5785821 0.5120386 0.5802633 0.5168611 0.5839613 0.5147792 0.5885981 0.5157453 0.5885981 0.5027529 0.5863494 0.5120386 0.5870146 0.507216 0.5802633 0.507216 0.5932351 0.5147792 0.5932351 0.5027529 0.5885981 0.5027529 0.5870146 0.5204596 0.5886206 0.5159355 0.5843218 0.512447 0.5843218 0.512447 0.5833736 0.5027529 0.5787366 0.5027529 0.5886206 0.5159355 0.5902265 0.5114116 0.5883805 0.5101147 0.5883805 0.5101147 0.5880104 0.5027529 0.5833736 0.5027529 0.5902265 0.507216 0.5908917 0.5120386 0.5900616 0.5120386 0.5885981 0.5091487 0.5885981 0.5027529 0.5932351 0.5027529 0.5902265 0.5168611 0.5883805 0.5168611 0.5900616 0.5120386 0.5885981 0.5091487 0.5839613 0.5101147 0.5839613 0.5027529 0.5886206 0.5159355 0.5843218 0.512447 0.5883805 0.5101147 0.5883805 0.5101147 0.5843218 0.512447 0.5833736 0.5027529 0.5870146 0.5204596 0.5802633 0.5147792 0.5843218 0.512447 0.5843218 0.512447 0.5802633 0.5147792 0.5787366 0.5027529 0.5505164 0.5383753 0.5468011 0.4616042 0.5468011 0.5383753 0.5468011 0.5383753 0.5430858 0.4616042 0.5430858 0.5383753 0.5470854 0.465943 0.5433701 0.5330999 0.5433701 0.465943 0.5473577 0.465943 0.5436424 0.5330999 0.5436424 0.465943 0.5431102 0.5383753 0.5468255 0.4616042 0.5468255 0.5383753 0.5473577 0.465943 0.551073 0.5330999 0.551073 0.465943 0.5984501 0.5120386 0.5870146 0.5168611 0.5984501 0.5168611 0.5984501 0.5120386 0.5870146 0.507216 0.5863494 0.5120386 0.5984501 0.5212155 0.5886206 0.5159355 0.5870146 0.5204596 0.5984501 0.516393 0.5902265 0.5114116 0.5886206 0.5159355 0.5984501 0.507216 0.5908917 0.5120386 0.5902265 0.507216 0.5984501 0.5168611 0.5908917 0.5120386 0.5984501 0.5120386 0.5984501 0.516393 0.5902265 0.5114116 0.5984501 0.5115705 0.5984501 0.5212155 0.5886206 0.5159355 0.5984501 0.516393 0.5863494 0.5120386 0.5802633 0.5168611 0.5870146 0.5168611 0.5839613 0.5147792 0.5885981 0.5027529 0.5839613 0.5027529 0.5863494 0.5120386 0.5802633 0.507216 0.5785821 0.5120386 0.5932351 0.5147792 0.5885981 0.5027529 0.5885981 0.5157453 0.5870146 0.5204596 0.5843218 0.512447 0.5802633 0.5147792 0.5843218 0.512447 0.5787366 0.5027529 0.5802633 0.5147792 0.5886206 0.5159355 0.5883805 0.5101147 0.5843218 0.512447 0.5883805 0.5101147 0.5833736 0.5027529 0.5843218 0.512447 0.5902265 0.507216 0.5900616 0.5120386 0.5883805 0.507216 0.5885981 0.5091487 0.5932351 0.5027529 0.5932351 0.5101147 0.5902265 0.5168611 0.5900616 0.5120386 0.5908917 0.5120386 0.5885981 0.5091487 0.5839613 0.5027529 0.5885981 0.5027529 0.5886206 0.5159355 0.5883805 0.5101147 0.5902265 0.5114116 0.5883805 0.5101147 0.5833736 0.5027529 0.5880104 0.5027529 0.5870146 0.5204596 0.5843218 0.512447 0.5886206 0.5159355 0.5843218 0.512447 0.5787366 0.5027529 0.5833736 0.5027529 0.5430858 0.5383753 0.5468011 0.4616042 0.5468011 0.5383753 0.5505409 0.5383753 0.5468255 0.4616042 0.5468255 0.5383753 0.5468255 0.5383753 0.5505409 0.4616042 0.5505409 0.5383753 0.5468011 0.5383753 0.5505164 0.4616042 0.5505164 0.5383753 0.5468255 0.5383753 0.5431102 0.4616042 0.5431102 0.5383753 0.5470854 0.465943 0.5508008 0.5330999 0.5508008 0.465943 0.5508008 0.465943 0.5470854 0.5330999 0.5470854 0.465943 0.5436424 0.465943 0.5473577 0.5330999 0.5473577 0.465943 0.5470854 0.465943 0.5433701 0.5330999 0.5470854 0.5330999 0.551073 0.465943 0.5473577 0.5330999 0.5473577 0.465943 0.5984501 0.5120386 0.5863494 0.5120386 0.5870146 0.5168611 0.5984501 0.5120386 0.5984501 0.507216 0.5870146 0.507216 0.5984501 0.5212155 0.5984501 0.516393 0.5886206 0.5159355 0.5984501 0.516393 0.5984501 0.5115705 0.5902265 0.5114116 0.5984501 0.507216 0.5984501 0.5120386 0.5908917 0.5120386 0.5984501 0.5168611 0.5902265 0.5168611 0.5908917 0.5120386 0.5984501 0.516393 0.5886206 0.5159355 0.5902265 0.5114116 0.5984501 0.5212155 0.5870146 0.5204596 0.5886206 0.5159355 0.5863494 0.5120386 0.5785821 0.5120386 0.5802633 0.5168611 0.5839613 0.5147792 0.5885981 0.5157453 0.5885981 0.5027529 0.5863494 0.5120386 0.5870146 0.507216 0.5802633 0.507216 0.5932351 0.5147792 0.5932351 0.5027529 0.5885981 0.5027529 0.5870146 0.5204596 0.5886206 0.5159355 0.5843218 0.512447 0.5843218 0.512447 0.5833736 0.5027529 0.5787366 0.5027529 0.5886206 0.5159355 0.5902265 0.5114116 0.5883805 0.5101147 0.5883805 0.5101147 0.5880104 0.5027529 0.5833736 0.5027529 0.5902265 0.507216 0.5908917 0.5120386 0.5900616 0.5120386 0.5885981 0.5091487 0.5885981 0.5027529 0.5932351 0.5027529 0.5902265 0.5168611 0.5883805 0.5168611 0.5900616 0.5120386 0.5885981 0.5091487 0.5839613 0.5101147 0.5839613 0.5027529 0.5886206 0.5159355 0.5843218 0.512447 0.5883805 0.5101147 0.5883805 0.5101147 0.5843218 0.512447 0.5833736 0.5027529 0.5870146 0.5204596 0.5802633 0.5147792 0.5843218 0.512447 0.5843218 0.512447 0.5802633 0.5147792 0.5787366 0.5027529 0.5505164 0.5383753 0.5468011 0.4616042 0.5468011 0.5383753 0.5468011 0.5383753 0.5430858 0.4616042 0.5430858 0.5383753 0.5470854 0.465943 0.5433701 0.5330999 0.5433701 0.465943 0.5473577 0.465943 0.5436424 0.5330999 0.5436424 0.465943 0.5431102 0.5383753 0.5468255 0.4616042 0.5468255 0.5383753 0.5473577 0.465943 0.551073 0.5330999 0.551073 0.465943 0.5984501 0.5120386 0.5870146 0.5168611 0.5984501 0.5168611 0.5984501 0.5120386 0.5870146 0.507216 0.5863494 0.5120386 0.5984501 0.5212155 0.5886206 0.5159355 0.5870146 0.5204596 0.5984501 0.516393 0.5902265 0.5114116 0.5886206 0.5159355 0.5984501 0.507216 0.5908917 0.5120386 0.5902265 0.507216 0.5984501 0.5168611 0.5908917 0.5120386 0.5984501 0.5120386 0.5984501 0.516393 0.5902265 0.5114116 0.5984501 0.5115705 0.5984501 0.5212155 0.5886206 0.5159355 0.5984501 0.516393 0.5863494 0.5120386 0.5802633 0.5168611 0.5870146 0.5168611 0.5839613 0.5147792 0.5885981 0.5027529 0.5839613 0.5027529 0.5863494 0.5120386 0.5802633 0.507216 0.5785821 0.5120386 0.5932351 0.5147792 0.5885981 0.5027529 0.5885981 0.5157453 0.5870146 0.5204596 0.5843218 0.512447 0.5802633 0.5147792 0.5843218 0.512447 0.5787366 0.5027529 0.5802633 0.5147792 0.5886206 0.5159355 0.5883805 0.5101147 0.5843218 0.512447 0.5883805 0.5101147 0.5833736 0.5027529 0.5843218 0.512447 0.5902265 0.507216 0.5900616 0.5120386 0.5883805 0.507216 0.5885981 0.5091487 0.5932351 0.5027529 0.5932351 0.5101147 0.5902265 0.5168611 0.5900616 0.5120386 0.5908917 0.5120386 0.5885981 0.5091487 0.5839613 0.5027529 0.5885981 0.5027529 0.5886206 0.5159355 0.5883805 0.5101147 0.5902265 0.5114116 0.5883805 0.5101147 0.5833736 0.5027529 0.5880104 0.5027529 0.5870146 0.5204596 0.5843218 0.512447 0.5886206 0.5159355 0.5843218 0.512447 0.5787366 0.5027529 0.5833736 0.5027529 0.5430858 0.5383753 0.5468011 0.4616042 0.5468011 0.5383753 0.5505409 0.5383753 0.5468255 0.4616042 0.5468255 0.5383753 0.5468255 0.5383753 0.5505409 0.4616042 0.5505409 0.5383753 0.5468011 0.5383753 0.5505164 0.4616042 0.5505164 0.5383753 0.5468255 0.5383753 0.5431102 0.4616042 0.5431102 0.5383753 0.5470854 0.465943 0.5508008 0.5330999 0.5508008 0.465943 0.5508008 0.465943 0.5470854 0.5330999 0.5470854 0.465943 0.5436424 0.465943 0.5473577 0.5330999 0.5473577 0.465943 0.5470854 0.465943 0.5433701 0.5330999 0.5470854 0.5330999 0.551073 0.465943 0.5473577 0.5330999 0.5473577 0.465943 0.5984501 0.5120386 0.5863494 0.5120386 0.5870146 0.5168611 0.5984501 0.5120386 0.5984501 0.507216 0.5870146 0.507216 0.5984501 0.5212155 0.5984501 0.516393 0.5886206 0.5159355 0.5984501 0.516393 0.5984501 0.5115705 0.5902265 0.5114116 0.5984501 0.507216 0.5984501 0.5120386 0.5908917 0.5120386 0.5984501 0.5168611 0.5902265 0.5168611 0.5908917 0.5120386 0.5984501 0.516393 0.5886206 0.5159355 0.5902265 0.5114116 0.5984501 0.5212155 0.5870146 0.5204596 0.5886206 0.5159355 0.5863494 0.5120386 0.5785821 0.5120386 0.5802633 0.5168611 0.5839613 0.5147792 0.5885981 0.5157453 0.5885981 0.5027529 0.5863494 0.5120386 0.5870146 0.507216 0.5802633 0.507216 0.5932351 0.5147792 0.5932351 0.5027529 0.5885981 0.5027529 0.5870146 0.5204596 0.5886206 0.5159355 0.5843218 0.512447 0.5843218 0.512447 0.5833736 0.5027529 0.5787366 0.5027529 0.5886206 0.5159355 0.5902265 0.5114116 0.5883805 0.5101147 0.5883805 0.5101147 0.5880104 0.5027529 0.5833736 0.5027529 0.5902265 0.507216 0.5908917 0.5120386 0.5900616 0.5120386 0.5885981 0.5091487 0.5885981 0.5027529 0.5932351 0.5027529 0.5902265 0.5168611 0.5883805 0.5168611 0.5900616 0.5120386 0.5885981 0.5091487 0.5839613 0.5101147 0.5839613 0.5027529 0.5886206 0.5159355 0.5843218 0.512447 0.5883805 0.5101147 0.5883805 0.5101147 0.5843218 0.512447 0.5833736 0.5027529 0.5870146 0.5204596 0.5802633 0.5147792 0.5843218 0.512447 0.5843218 0.512447 0.5802633 0.5147792 0.5787366 0.5027529 0.5505164 0.5383753 0.5468011 0.4616042 0.5468011 0.5383753 0.5468011 0.5383753 0.5430858 0.4616042 0.5430858 0.5383753 0.5470854 0.465943 0.5433701 0.5330999 0.5433701 0.465943 0.5473577 0.465943 0.5436424 0.5330999 0.5436424 0.465943 0.7779386 0.5323567 0.7952619 0.4715698 0.7779385 0.4715698 0.7779386 0.5323567 0.7952619 0.4715698 0.7779386 0.4715698 0.7952619 0.4715698 0.7779386 0.5323567 0.7779386 0.4715698 0.7952619 0.5323567 0.7779385 0.4715698 0.7952619 0.4715698 0.812494 0.5540117 0.8329297 0.5355523 0.8329297 0.5540117 0.7895353 0.5340757 0.7937536 0.5302653 0.7937536 0.5340757 0.7952619 0.4107829 0.7779386 0.349996 0.7952619 0.349996 0.7895353 0.5302653 0.7937536 0.5302653 0.7895353 0.5302653 0.7937536 0.5340757 0.7895353 0.5340757 0.7937536 0.5340757 0.7937536 0.5302653 0.7937536 0.5340757 0.7937536 0.5340757 0.7895353 0.5340757 0.7895353 0.5302653 0.7895353 0.5340757 0.7952619 0.4715698 0.7779386 0.4107829 0.7952619 0.4107829 0.7952619 0.4107829 0.7779386 0.349996 0.7952619 0.349996 0.7952619 0.4715698 0.7779386 0.4107829 0.7952619 0.4107829 0.7779386 0.4107829 0.7952619 0.349996 0.7779386 0.349996 0.7779386 0.4715698 0.7952619 0.4107829 0.7779386 0.4107829 0.7779386 0.4107829 0.7952619 0.349996 0.7779386 0.349996 0.7779385 0.4715698 0.7952619 0.4107829 0.7779386 0.4107829 0.7779386 0.5323567 0.7952619 0.4715698 0.7779385 0.4715698 0.7779386 0.5323567 0.7952619 0.4715698 0.7779386 0.4715698 0.7952619 0.5323567 0.7779386 0.4715698 0.7952619 0.4715698 0.7952619 0.5323567 0.7779385 0.4715698 0.7952619 0.4715698 0.812494 0.5540117 0.8329297 0.5355523 0.8329297 0.5540117 0.7952619 0.4107829 0.7779386 0.349996 0.7952619 0.349996 0.7952619 0.4715698 0.7779386 0.4107829 0.7952619 0.4107829 0.7952619 0.4107829 0.7779386 0.349996 0.7952619 0.349996 0.7952619 0.4715698 0.7779386 0.4107829 0.7952619 0.4107829 0.7779386 0.4107829 0.7952619 0.349996 0.7779386 0.349996 0.7779386 0.4715698 0.7952619 0.4107829 0.7779386 0.4107829 0.7779386 0.4107829 0.7952619 0.349996 0.7779386 0.349996 0.7779385 0.4715698 0.7952619 0.4107829 0.7779386 0.4107829 0.5639454 0.07845765 0.6216966 0.07845765 0.6216966 0.07845765 0.5431102 0.5383753 0.5468255 0.4616042 0.5468255 0.5383753 0.5473577 0.465943 0.551073 0.5330999 0.551073 0.465943 0.5984501 0.5120386 0.5870146 0.5168611 0.5984501 0.5168611 0.5984501 0.5120386 0.5870146 0.507216 0.5863494 0.5120386 0.5984501 0.5212155 0.5886206 0.5159355 0.5870146 0.5204596 0.5984501 0.516393 0.5902265 0.5114116 0.5886206 0.5159355 0.5984501 0.507216 0.5908917 0.5120386 0.5902265 0.507216 0.5984501 0.5168611 0.5908917 0.5120386 0.5984501 0.5120386 0.5984501 0.516393 0.5902265 0.5114116 0.5984501 0.5115705 0.5984501 0.5212155 0.5886206 0.5159355 0.5984501 0.516393 0.5863494 0.5120386 0.5802633 0.5168611 0.5870146 0.5168611 0.5839613 0.5147792 0.5885981 0.5027529 0.5839613 0.5027529 0.5863494 0.5120386 0.5802633 0.507216 0.5785821 0.5120386 0.5932351 0.5147792 0.5885981 0.5027529 0.5885981 0.5157453 0.5870146 0.5204596 0.5843218 0.512447 0.5802633 0.5147792 0.5843218 0.512447 0.5787366 0.5027529 0.5802633 0.5147792 0.5886206 0.5159355 0.5883805 0.5101147 0.5843218 0.512447 0.5883805 0.5101147 0.5833736 0.5027529 0.5843218 0.512447 0.5902265 0.507216 0.5900616 0.5120386 0.5883805 0.507216 0.5885981 0.5091487 0.5932351 0.5027529 0.5932351 0.5101147 0.5902265 0.5168611 0.5900616 0.5120386 0.5908917 0.5120386 0.5885981 0.5091487 0.5839613 0.5027529 0.5885981 0.5027529 0.5886206 0.5159355 0.5883805 0.5101147 0.5902265 0.5114116 0.5883805 0.5101147 0.5833736 0.5027529 0.5880104 0.5027529 0.5870146 0.5204596 0.5843218 0.512447 0.5886206 0.5159355 0.5843218 0.512447 0.5787366 0.5027529 0.5833736 0.5027529 0.5430858 0.5383753 0.5468011 0.4616042 0.5468011 0.5383753 0.5505409 0.5383753 0.5468255 0.4616042 0.5468255 0.5383753 0.5468255 0.5383753 0.5505409 0.4616042 0.5505409 0.5383753 0.5468011 0.5383753 0.5505164 0.4616042 0.5505164 0.5383753 0.5468255 0.5383753 0.5431102 0.4616042 0.5431102 0.5383753 0.5470854 0.465943 0.5508008 0.5330999 0.5508008 0.465943 0.5508008 0.465943 0.5470854 0.5330999 0.5470854 0.465943 0.5436424 0.465943 0.5473577 0.5330999 0.5473577 0.465943 0.5470854 0.465943 0.5433701 0.5330999 0.5470854 0.5330999 0.551073 0.465943 0.5473577 0.5330999 0.5473577 0.465943 0.5984501 0.5120386 0.5863494 0.5120386 0.5870146 0.5168611 0.5984501 0.5120386 0.5984501 0.507216 0.5870146 0.507216 0.5984501 0.5212155 0.5984501 0.516393 0.5886206 0.5159355 0.5984501 0.516393 0.5984501 0.5115705 0.5902265 0.5114116 0.5984501 0.507216 0.5984501 0.5120386 0.5908917 0.5120386 0.5984501 0.5168611 0.5902265 0.5168611 0.5908917 0.5120386 0.5984501 0.516393 0.5886206 0.5159355 0.5902265 0.5114116 0.5984501 0.5212155 0.5870146 0.5204596 0.5886206 0.5159355 0.5863494 0.5120386 0.5785821 0.5120386 0.5802633 0.5168611 0.5839613 0.5147792 0.5885981 0.5157453 0.5885981 0.5027529 0.5863494 0.5120386 0.5870146 0.507216 0.5802633 0.507216 0.5932351 0.5147792 0.5932351 0.5027529 0.5885981 0.5027529 0.5870146 0.5204596 0.5886206 0.5159355 0.5843218 0.512447 0.5843218 0.512447 0.5833736 0.5027529 0.5787366 0.5027529 0.5886206 0.5159355 0.5902265 0.5114116 0.5883805 0.5101147 0.5883805 0.5101147 0.5880104 0.5027529 0.5833736 0.5027529 0.5902265 0.507216 0.5908917 0.5120386 0.5900616 0.5120386 0.5885981 0.5091487 0.5885981 0.5027529 0.5932351 0.5027529 0.5902265 0.5168611 0.5883805 0.5168611 0.5900616 0.5120386 0.5885981 0.5091487 0.5839613 0.5101147 0.5839613 0.5027529 0.5886206 0.5159355 0.5843218 0.512447 0.5883805 0.5101147 0.5883805 0.5101147 0.5843218 0.512447 0.5833736 0.5027529 0.5870146 0.5204596 0.5802633 0.5147792 0.5843218 0.512447 0.5843218 0.512447 0.5802633 0.5147792 0.5787366 0.5027529 0.5505164 0.5383753 0.5468011 0.4616042 0.5468011 0.5383753 0.5468011 0.5383753 0.5430858 0.4616042 0.5430858 0.5383753 0.5470854 0.465943 0.5433701 0.5330999 0.5433701 0.465943 0.5473577 0.465943 0.5436424 0.5330999 0.5436424 0.465943 0.5431102 0.5383753 0.5468255 0.4616042 0.5468255 0.5383753 0.5473577 0.465943 0.551073 0.5330999 0.551073 0.465943 0.5984501 0.5120386 0.5870146 0.5168611 0.5984501 0.5168611 0.5984501 0.5120386 0.5870146 0.507216 0.5863494 0.5120386 0.5984501 0.5212155 0.5886206 0.5159355 0.5870146 0.5204596 0.5984501 0.516393 0.5902265 0.5114116 0.5886206 0.5159355 0.5984501 0.507216 0.5908917 0.5120386 0.5902265 0.507216 0.5984501 0.5168611 0.5908917 0.5120386 0.5984501 0.5120386 0.5984501 0.516393 0.5902265 0.5114116 0.5984501 0.5115705 0.5984501 0.5212155 0.5886206 0.5159355 0.5984501 0.516393 0.5863494 0.5120386 0.5802633 0.5168611 0.5870146 0.5168611 0.5839613 0.5147792 0.5885981 0.5027529 0.5839613 0.5027529 0.5863494 0.5120386 0.5802633 0.507216 0.5785821 0.5120386 0.5932351 0.5147792 0.5885981 0.5027529 0.5885981 0.5157453 0.5870146 0.5204596 0.5843218 0.512447 0.5802633 0.5147792 0.5843218 0.512447 0.5787366 0.5027529 0.5802633 0.5147792 0.5886206 0.5159355 0.5883805 0.5101147 0.5843218 0.512447 0.5883805 0.5101147 0.5833736 0.5027529 0.5843218 0.512447 0.5902265 0.507216 0.5900616 0.5120386 0.5883805 0.507216 0.5885981 0.5091487 0.5932351 0.5027529 0.5932351 0.5101147 0.5902265 0.5168611 0.5900616 0.5120386 0.5908917 0.5120386 0.5885981 0.5091487 0.5839613 0.5027529 0.5885981 0.5027529 0.5886206 0.5159355 0.5883805 0.5101147 0.5902265 0.5114116 0.5883805 0.5101147 0.5833736 0.5027529 0.5880104 0.5027529 0.5870146 0.5204596 0.5843218 0.512447 0.5886206 0.5159355 0.5843218 0.512447 0.5787366 0.5027529 0.5833736 0.5027529 0.5430858 0.5383753 0.5468011 0.4616042 0.5468011 0.5383753 0.5505409 0.5383753 0.5468255 0.4616042 0.5468255 0.5383753 0.5468255 0.5383753 0.5505409 0.4616042 0.5505409 0.5383753 0.5468011 0.5383753 0.5505164 0.4616042 0.5505164 0.5383753 0.5468255 0.5383753 0.5431102 0.4616042 0.5431102 0.5383753 0.5470854 0.465943 0.5508008 0.5330999 0.5508008 0.465943 0.5508008 0.465943 0.5470854 0.5330999 0.5470854 0.465943 0.5436424 0.465943 0.5473577 0.5330999 0.5473577 0.465943 0.5470854 0.465943 0.5433701 0.5330999 0.5470854 0.5330999 0.551073 0.465943 0.5473577 0.5330999 0.5473577 0.465943 0.5984501 0.5120386 0.5863494 0.5120386 0.5870146 0.5168611 0.5984501 0.5120386 0.5984501 0.507216 0.5870146 0.507216 0.5984501 0.5212155 0.5984501 0.516393 0.5886206 0.5159355 0.5984501 0.516393 0.5984501 0.5115705 0.5902265 0.5114116 0.5984501 0.507216 0.5984501 0.5120386 0.5908917 0.5120386 0.5984501 0.5168611 0.5902265 0.5168611 0.5908917 0.5120386 0.5984501 0.516393 0.5886206 0.5159355 0.5902265 0.5114116 0.5984501 0.5212155 0.5870146 0.5204596 0.5886206 0.5159355 0.5863494 0.5120386 0.5785821 0.5120386 0.5802633 0.5168611 0.5839613 0.5147792 0.5885981 0.5157453 0.5885981 0.5027529 0.5863494 0.5120386 0.5870146 0.507216 0.5802633 0.507216 0.5932351 0.5147792 0.5932351 0.5027529 0.5885981 0.5027529 0.5870146 0.5204596 0.5886206 0.5159355 0.5843218 0.512447 0.5843218 0.512447 0.5833736 0.5027529 0.5787366 0.5027529 0.5886206 0.5159355 0.5902265 0.5114116 0.5883805 0.5101147 0.5883805 0.5101147 0.5880104 0.5027529 0.5833736 0.5027529 0.5902265 0.507216 0.5908917 0.5120386 0.5900616 0.5120386 0.5885981 0.5091487 0.5885981 0.5027529 0.5932351 0.5027529 0.5902265 0.5168611 0.5883805 0.5168611 0.5900616 0.5120386 0.5885981 0.5091487 0.5839613 0.5101147 0.5839613 0.5027529 0.5886206 0.5159355 0.5843218 0.512447 0.5883805 0.5101147 0.5883805 0.5101147 0.5843218 0.512447 0.5833736 0.5027529 0.5870146 0.5204596 0.5802633 0.5147792 0.5843218 0.512447 0.5843218 0.512447 0.5802633 0.5147792 0.5787366 0.5027529 0.5505164 0.5383753 0.5468011 0.4616042 0.5468011 0.5383753 0.5468011 0.5383753 0.5430858 0.4616042 0.5430858 0.5383753 0.5470854 0.465943 0.5433701 0.5330999 0.5433701 0.465943 0.5473577 0.465943 0.5436424 0.5330999 0.5436424 0.465943 0.5142763 0.7763527 0.5142763 0.7763527 0.5142763 0.7763527 0.5242235 0.7295025 0.5142763 0.7763527 0.5242235 0.7763527 0.5510029 0.7295025 0.5410556 0.7763527 0.5510029 0.7763527 0.5510029 0.7763527 0.5410556 0.7763527 0.5410556 0.7763527 0.5350748 0.937034 0.5350748 0.9202018 0.5350748 0.9202018 0.8341239 0.9197952 0.7956083 0.9727787 0.8341239 0.9727787 0.5410556 0.7295025 0.5510029 0.7763527 0.5410556 0.7763527 0.7978807 0.9216173 0.8318514 0.9709565 0.7978807 0.9709565 0.5142763 0.7295025 0.5242235 0.7763527 0.5142763 0.7763527 0.5687391 0.9033697 0.551907 0.9202018 0.551907 0.9033697 0.5350748 0.9033697 0.5182427 0.9202018 0.5182427 0.9033697 0.551907 0.9033697 0.5350748 0.9202018 0.5350748 0.9033697 0.5510029 0.7763527 0.5410556 0.7763527 0.5510029 0.7763527 0.551907 0.8865376 0.5350748 0.9033697 0.5350748 0.8865376 0.5410556 0.7295025 0.5510029 0.7763528 0.5410556 0.7763527 0.8629496 0.8231325 0.8456609 0.865646 0.8629496 0.865646 0.5242235 0.7295025 0.5142763 0.7763527 0.5242235 0.7763527 0.9628253 0.7744178 0.9845153 0.8290998 0.9628253 0.8290998 0.5510029 0.7295025 0.5410556 0.7763527 0.5510029 0.7763527 0.551907 0.9202018 0.5350748 0.937034 0.5350748 0.9202018 0.5510029 0.7295025 0.5578877 0.7763527 0.5510029 0.7763527 0.5142763 0.7763527 0.5142763 0.7295025 0.5142763 0.7295025 0.5578878 0.7295025 0.5510029 0.7763527 0.5578878 0.7763527 0.5510029 0.7763527 0.5510029 0.7295025 0.5510029 0.7295025 0.5142763 0.7295025 0.5242235 0.7763527 0.5142763 0.7763527 0.5687391 0.8934225 0.5687391 0.9033697 0.551907 0.9033697 0.5618543 0.937034 0.551907 0.9202018 0.5687391 0.9301491 0.5251277 0.8865376 0.5350748 0.8865376 0.5350748 0.9033697 0.5350748 0.9202018 0.5251277 0.937034 0.5182427 0.9301491 0.5142763 0.7763527 0.5242235 0.7763527 0.5242235 0.7763527 0.551907 0.937034 0.551907 0.9202018 0.551907 0.937034 0.5510029 0.7763528 0.5510029 0.7763527 0.5510029 0.7763528 0.5142763 0.7763527 0.5242235 0.7763527 0.5142763 0.7763527 0.5350748 0.8865376 0.5350748 0.9033697 0.5350748 0.8865376 0.5578877 0.7763527 0.5510029 0.7763527 0.5510029 0.7763527 0.551907 0.8865376 0.551907 0.9033697 0.551907 0.9033697 0.5510029 0.7763527 0.5578878 0.7763527 0.5578878 0.7763527 0.5182427 0.9033697 0.5350748 0.9033697 0.5350748 0.9033697 0.5142763 0.7763527 0.5242235 0.7763527 0.5142763 0.7763527 0.5510029 0.7763527 0.5410556 0.7763527 0.5510029 0.7763527 0.5687391 0.9033697 0.551907 0.9033697 0.5687391 0.9033697 0.5182427 0.9202018 0.5350748 0.9202018 0.5182427 0.9202018 0.5142763 0.7763527 0.5242235 0.7763527 0.5242235 0.7763527 0.5687391 0.9202018 0.551907 0.9202018 0.551907 0.9202018 0.5510029 0.7763528 0.5410556 0.7763527 0.5410556 0.7763527 0.5639454 0.07845765 0.5141394 0.108676 0.5061941 0.07845765 0.01239198 0.3647333 0.01239198 0.3437875 0.08230799 0.3893339 0.6216966 0.07845765 0.5679181 0.108676 0.5639454 0.07845765 0.6216966 0.07845765 0.5141394 0.108676 0.6216966 0.108676 0.4961174 0.07845765 0.5141394 0.108676 0.5047559 0.108676 0.6216966 0.07845765 0.5141392 0.108676 0.6216966 0.108676 0.4961174 0.07845765 0.5141394 0.108676 0.5061941 0.07845765 0.6216966 0.07845765 0.7292538 0.108676 0.7371991 0.07845765 0.5141394 0.108676 0.5639454 0.07845765 0.5061941 0.07845765 0.01239198 0.3647333 0.01800221 0.3893339 0.08230799 0.3893339 0.5679181 0.108676 0.6216966 0.07845765 0.5639454 0.07845765 0.6216966 0.07845765 0.5141394 0.108676 0.5061941 0.07845765 0.4961174 0.07845765 0.5141394 0.108676 0.5061941 0.07845765 0.6216966 0.07845765 0.5141392 0.108676 0.5061939 0.07845765 0.5141394 0.108676 0.4961174 0.07845765 0.5061941 0.07845765 0.7292538 0.108676 0.6216966 0.07845765 0.7371991 0.07845765 0.5639454 0.07845765 0.6216966 0.07845765 0.6216966 0.07845765 0.2397007 0.4686763 0.2336898 0.3937659 0.2397007 0.3997768 0.5473577 0.5330999 0.5433701 0.5330999 0.5508008 0.5330999 0.5431102 0.4616042 0.5468255 0.4616042 0.5430858 0.4616042 0.5473577 0.5330999 0.5433701 0.5330999 0.5508008 0.5330999 0.5431102 0.4616042 0.5468255 0.4616042 0.5430858 0.4616042 0.1643527 0.4686763 0.1703636 0.5435867 0.1643527 0.5375758 0.1643527 0.4686763 0.2392629 0.5435867 0.1703636 0.5435867 0.1643527 0.3997768 0.2392629 0.3937659 0.1643527 0.4686763 0.1643527 0.4686763 0.2392629 0.3937659 0.2392629 0.5435867 0.9637713 0.7926481 0.9637713 0.8415018 0.9637713 0.7926481 0.1647904 0.5435867 0.2397007 0.4686763 0.2336898 0.5435867 0.1647904 0.3937659 0.2397007 0.4686763 0.1647904 0.5435867 0.3307921 0.02787172 0.3185967 0.01656907 0.09215223 0.01656907 0.1703636 0.3937659 0.2392629 0.3937659 0.1643527 0.3997768 0.4970621 0.9510336 0.5119765 0.9634653 0.5884781 0.9510336 0.2336898 0.5435867 0.2397007 0.4686763 0.2397007 0.5375758 0.542174 0.9347703 0.5421739 0.9347703 0.542174 0.9347703 0.2336898 0.3937659 0.2397007 0.4686763 0.1647904 0.3937659 0.5026573 0.8406006 0.5737822 0.7271929 0.5026573 0.7271929 0.5027429 0.8406006 0.5738678 0.7271929 0.5027429 0.7271929 0.7083124 0.3428862 0.667324 0.4224902 0.7083124 0.4224902 0.509533 0.9365729 0.5129995 0.9282039 0.5129995 0.9282039 0.5104542 0.9256587 0.5020853 0.8964843 0.5104542 0.8964843 0.5129995 0.9282039 0.542174 0.9365729 0.509533 0.9365729 0.5129995 0.9373747 0.542174 0.9347703 0.542174 0.9373747 0.5104542 0.9373747 0.5129995 0.9347703 0.5129995 0.9373747 0.7083124 0.4139641 0.667324 0.4935681 0.7083124 0.4935681 0.01622825 0.100988 0.2081236 0.002086818 0.01622825 0.002086818 0.01439154 0.1016669 0.2090185 0.005640447 0.01439154 0.005640447 0.5421739 0.9373747 0.5713484 0.9347703 0.5713484 0.9373747 0.5104542 0.9256587 0.5020853 0.9291252 0.5020853 0.9291253 0.667324 0.4935681 0.7083124 0.4935681 0.7083124 0.4935681 0.5129995 0.9373747 0.5104542 0.9373747 0.5104542 0.9373747 0.5036222 0.929431 0.509533 0.9365729 0.5020853 0.9291252 0.5129995 0.9282039 0.51025 0.9266858 0.5104542 0.9256587 0.5104542 0.9256587 0.5036222 0.929431 0.5020853 0.9291252 0.5129995 0.9282039 0.5092273 0.935036 0.5119726 0.9284083 0.51025 0.9266858 0.5092273 0.935036 0.5036222 0.929431 0.5737822 0.7271929 0.5026573 0.8406006 0.5026573 0.7271929 0.5738678 0.7271929 0.5027429 0.8406006 0.5027429 0.7271929 0.667324 0.4224902 0.7083124 0.3428862 0.7083124 0.4224902 0.5129995 0.9282039 0.509533 0.9365729 0.5129995 0.9282039 0.5020853 0.8964843 0.5104542 0.9256587 0.5104542 0.8964843 0.5129995 0.9282039 0.542174 0.9365729 0.542174 0.9282039 0.542174 0.9347703 0.5129995 0.9373747 0.542174 0.9373747 0.5129995 0.9347703 0.5104542 0.9373747 0.5129995 0.9373747 0.667324 0.4935681 0.7083124 0.4139641 0.7083124 0.4935681 0.2081236 0.002086818 0.01622825 0.100988 0.01622825 0.002086818 0.2090185 0.005640447 0.01439154 0.1016669 0.01439154 0.005640447 0.5713484 0.9347703 0.5421739 0.9373747 0.5713484 0.9373747 0.5020853 0.9291252 0.5104542 0.9256587 0.5020853 0.9291253 0.7083124 0.4935681 0.667324 0.4935681 0.7083124 0.4935681 0.5104542 0.9373747 0.5129995 0.9373747 0.5104542 0.9373747 0.5036222 0.929431 0.509533 0.9365729 0.5092273 0.935036 0.51025 0.9266858 0.5129995 0.9282039 0.5104542 0.9256587 0.5036222 0.929431 0.5104542 0.9256587 0.5020853 0.9291252 0.5129995 0.9282039 0.5092273 0.935036 0.509533 0.9365729 0.5036222 0.929431 0.5119726 0.9284083 0.51025 0.9266858 0.5737822 0.7271929 0.5026573 0.8406006 0.5026573 0.7271929 0.5738678 0.7271929 0.5027429 0.8406006 0.5027429 0.7271929 0.667324 0.4224902 0.7083124 0.3428862 0.7083124 0.4224902 0.5129995 0.9282039 0.509533 0.9365729 0.5129995 0.9282039 0.5020853 0.8964843 0.5104542 0.9256587 0.5104542 0.8964843 0.5129995 0.9282039 0.542174 0.9365729 0.542174 0.9282039 0.542174 0.9347703 0.5129995 0.9373747 0.542174 0.9373747 0.5129995 0.9347703 0.5104542 0.9373747 0.5129995 0.9373747 0.667324 0.4935681 0.7083124 0.4139641 0.7083124 0.4935681 0.2081236 0.002086818 0.01622825 0.100988 0.01622825 0.002086818 0.2090185 0.005640447 0.01439154 0.1016669 0.01439154 0.005640447 0.5713484 0.9347703 0.5421739 0.9373747 0.5713484 0.9373747 0.5020853 0.9291252 0.5104542 0.9256587 0.5020853 0.9291253 0.7083124 0.4935681 0.667324 0.4935681 0.7083124 0.4935681 0.5104542 0.9373747 0.5129995 0.9373747 0.5104542 0.9373747 0.5036222 0.929431 0.509533 0.9365729 0.5092273 0.935036 0.51025 0.9266858 0.5129995 0.9282039 0.5104542 0.9256587 0.5036222 0.929431 0.5104542 0.9256587 0.5020853 0.9291252 0.5129995 0.9282039 0.5092273 0.935036 0.509533 0.9365729 0.51025 0.9266858 0.5092273 0.935036 0.5119726 0.9284083 0.5026573 0.8406006 0.5737822 0.7271929 0.5026573 0.7271929 0.5027429 0.8406006 0.5738678 0.7271929 0.5027429 0.7271929 0.7083124 0.3428862 0.667324 0.4224902 0.7083124 0.4224902 0.509533 0.9365729 0.5129995 0.9282039 0.5129995 0.9282039 0.5104542 0.9256587 0.5020853 0.8964843 0.5104542 0.8964843 0.5129995 0.9282039 0.542174 0.9365729 0.509533 0.9365729 0.5129995 0.9373747 0.542174 0.9347703 0.542174 0.9373747 0.5104542 0.9373747 0.5129995 0.9347703 0.5129995 0.9373747 0.7083124 0.4139641 0.667324 0.4935681 0.7083124 0.4935681 0.01622825 0.100988 0.2081236 0.002086818 0.01622825 0.002086818 0.01439154 0.1016669 0.2090185 0.005640447 0.01439154 0.005640447 0.5421739 0.9373747 0.5713484 0.9347703 0.5713484 0.9373747 0.5104542 0.9256587 0.5020853 0.9291252 0.5020853 0.9291253 0.667324 0.4935681 0.7083124 0.4935681 0.7083124 0.4935681 0.5129995 0.9373747 0.5104542 0.9373747 0.5104542 0.9373747 0.5036222 0.929431 0.509533 0.9365729 0.5020853 0.9291252 0.5129995 0.9282039 0.51025 0.9266858 0.5104542 0.9256587 0.5104542 0.9256587 0.5036222 0.929431 0.5020853 0.9291252 0.5129995 0.9282039 0.5092273 0.935036 0.5119726 0.9284083 0.51025 0.9266858 0.5092273 0.935036 0.5036222 0.929431 0.4970621 0.8592957 0.4970621 0.9510336 0.4970621 0.9510336 0.5119765 0.9634653 0.5735637 0.9634653 0.5735637 0.9634653 0.7679663 0.6988417 0.7322158 0.6988417 0.7235583 0.6891838 0.5884781 0.9510336 0.5884781 0.8592957 0.5884781 0.8592957 0.5735637 0.9634653 0.5884781 0.9510336 0.5735637 0.9634653 0.5735637 0.8468639 0.5884781 0.8592957 0.5735637 0.8468639 0.5119765 0.8468639 0.4970621 0.8592957 0.5119765 0.846864 0.5119765 0.9634653 0.4970621 0.9510336 0.5119765 0.9634653 0.5735637 0.8468639 0.5119765 0.8468639 0.5119765 0.846864 0.3350719 0.2773379 0.3350719 0.2482272 0.3350719 0.2482272 0.1355834 0.04222196 0.2857672 0.01656907 0.2733691 0.04222196 0.1355834 0.04222196 0.2857672 0.01656907 0.1231853 0.01656907 0.1076838 0.04222196 0.3185967 0.01656907 0.3030651 0.04222196 0.3350719 0.2773379 0.3629841 0.2482272 0.3350719 0.2482272 0.3629841 0.2773379 0.3350719 0.2773379 0.3350719 0.2773379 0.3350719 0.2482272 0.3629841 0.2482272 0.3629841 0.2482272 0.3629841 0.2482272 0.3629841 0.2773379 0.3629841 0.2773379 0.3382552 0.2810102 0.3598008 0.2810102 0.3629841 0.2773379 0.3598008 0.2445549 0.3382552 0.2445549 0.3350719 0.2482272 0.3676955 0.2746893 0.3676955 0.2508758 0.3629841 0.2482272 0.3303605 0.2508758 0.3303605 0.2746893 0.3350719 0.2773379 0.3637481 0.2779334 0.3676955 0.2746893 0.3629901 0.2773426 0.3676955 0.2508758 0.3637481 0.2476317 0.3629901 0.2482225 0.3303605 0.2746893 0.3343079 0.2779334 0.3350659 0.2773426 0.3343079 0.2476316 0.3303605 0.2508758 0.3350659 0.2482225 0.3238566 0.04222196 0.2857672 0.01656907 0.3307921 0.02787172 0.08509588 0.04222196 0.1231853 0.01656907 0.1355834 0.04222196 0.08509588 0.04222196 0.1231853 0.01656907 0.0781604 0.02787172 0.3238566 0.04222196 0.2857672 0.01656907 0.2733691 0.04222196 0.303065 0.04222196 0.09215223 0.01656907 0.1076838 0.04222196 0.9834537 0.2492127 0.9289617 0.306621 0.9289617 0.2492127 0.9637713 0.8602091 0.9843581 0.7739409 0.9843581 0.8602091 0.9637713 0.8415018 0.9843581 0.7926481 0.9843581 0.8415018 0.9637713 0.7926481 0.9843581 0.8415018 0.9843581 0.7926481 0.9637713 0.7739409 0.9843581 0.8602091 0.9843581 0.7739409 0.5639454 0.07845765 0.5141394 0.108676 0.5061941 0.07845765 0.8069093 0.1432049 0.8306663 0.1471922 0.8306663 0.1700437 0.6216966 0.07845765 0.5679181 0.108676 0.5639454 0.07845765 0.6216966 0.07845765 0.5141394 0.108676 0.6216966 0.108676 0.5061941 0.07845765 0.5047559 0.108676 0.4961174 0.07845765 0.6216966 0.07845765 0.5141392 0.108676 0.6216966 0.108676 0.5061941 0.07845765 0.5047559 0.108676 0.5141394 0.108676 0.6216966 0.07845765 0.7292538 0.108676 0.7371991 0.07845765 0.5141394 0.108676 0.5639454 0.07845765 0.5061941 0.07845765 0.8069093 0.2425854 0.7850586 0.2425854 0.7831522 0.2385982 0.5679181 0.108676 0.6216966 0.07845765 0.5639454 0.07845765 0.6216966 0.07845765 0.5141394 0.108676 0.5061941 0.07845765 0.5047559 0.108676 0.5061941 0.07845765 0.4961174 0.07845765 0.6216966 0.07845765 0.5141392 0.108676 0.5061939 0.07845765 0.5061941 0.07845765 0.5047559 0.108676 0.4961174 0.07845765 0.7292538 0.108676 0.6216966 0.07845765 0.7371991 0.07845765 0.5431102 0.5383753 0.5468255 0.4616042 0.5468255 0.5383753 0.5473577 0.465943 0.551073 0.5330999 0.551073 0.465943 0.5984501 0.5120386 0.5870146 0.5168611 0.5984501 0.5168611 0.5984501 0.5120386 0.5870146 0.507216 0.5863494 0.5120386 0.5984501 0.5212155 0.5886206 0.5159355 0.5870146 0.5204596 0.5984501 0.516393 0.5902265 0.5114116 0.5886206 0.5159355 0.5984501 0.507216 0.5908917 0.5120386 0.5902265 0.507216 0.5984501 0.5168611 0.5908917 0.5120386 0.5984501 0.5120386 0.5984501 0.516393 0.5902265 0.5114116 0.5984501 0.5115705 0.5984501 0.5212155 0.5886206 0.5159355 0.5984501 0.516393 0.5863494 0.5120386 0.5802633 0.5168611 0.5870146 0.5168611 0.5839613 0.5147792 0.5885981 0.5027529 0.5839613 0.5027529 0.5863494 0.5120386 0.5802633 0.507216 0.5785821 0.5120386 0.5932351 0.5147792 0.5885981 0.5027529 0.5885981 0.5157453 0.5870146 0.5204596 0.5843218 0.512447 0.5802633 0.5147792 0.5843218 0.512447 0.5787366 0.5027529 0.5802633 0.5147792 0.5886206 0.5159355 0.5883805 0.5101147 0.5843218 0.512447 0.5883805 0.5101147 0.5833736 0.5027529 0.5843218 0.512447 0.5902265 0.507216 0.5900616 0.5120386 0.5883805 0.507216 0.5885981 0.5091487 0.5932351 0.5027529 0.5932351 0.5101147 0.5902265 0.5168611 0.5900616 0.5120386 0.5908917 0.5120386 0.5885981 0.5091487 0.5839613 0.5027529 0.5885981 0.5027529 0.5886206 0.5159355 0.5883805 0.5101147 0.5902265 0.5114116 0.5883805 0.5101147 0.5833736 0.5027529 0.5880104 0.5027529 0.5870146 0.5204596 0.5843218 0.512447 0.5886206 0.5159355 0.5843218 0.512447 0.5787366 0.5027529 0.5833736 0.5027529 0.5430858 0.5383753 0.5468011 0.4616042 0.5468011 0.5383753 0.5505409 0.5383753 0.5468255 0.4616042 0.5468255 0.5383753 0.5468255 0.5383753 0.5505409 0.4616042 0.5505409 0.5383753 0.5468011 0.5383753 0.5505164 0.4616042 0.5505164 0.5383753 0.5468255 0.5383753 0.5431102 0.4616042 0.5431102 0.5383753 0.5470854 0.465943 0.5508008 0.5330999 0.5508008 0.465943 0.5508008 0.465943 0.5470854 0.5330999 0.5470854 0.465943 0.5436424 0.465943 0.5473577 0.5330999 0.5473577 0.465943 0.5470854 0.465943 0.5433701 0.5330999 0.5470854 0.5330999 0.551073 0.465943 0.5473577 0.5330999 0.5473577 0.465943 0.5984501 0.5120386 0.5863494 0.5120386 0.5870146 0.5168611 0.5984501 0.5120386 0.5984501 0.507216 0.5870146 0.507216 0.5984501 0.5212155 0.5984501 0.516393 0.5886206 0.5159355 0.5984501 0.516393 0.5984501 0.5115705 0.5902265 0.5114116 0.5984501 0.507216 0.5984501 0.5120386 0.5908917 0.5120386 0.5984501 0.5168611 0.5902265 0.5168611 0.5908917 0.5120386 0.5984501 0.516393 0.5886206 0.5159355 0.5902265 0.5114116 0.5984501 0.5212155 0.5870146 0.5204596 0.5886206 0.5159355 0.5863494 0.5120386 0.5785821 0.5120386 0.5802633 0.5168611 0.5839613 0.5147792 0.5885981 0.5157453 0.5885981 0.5027529 0.5863494 0.5120386 0.5870146 0.507216 0.5802633 0.507216 0.5932351 0.5147792 0.5932351 0.5027529 0.5885981 0.5027529 0.5870146 0.5204596 0.5886206 0.5159355 0.5843218 0.512447 0.5843218 0.512447 0.5833736 0.5027529 0.5787366 0.5027529 0.5886206 0.5159355 0.5902265 0.5114116 0.5883805 0.5101147 0.5883805 0.5101147 0.5880104 0.5027529 0.5833736 0.5027529 0.5902265 0.507216 0.5908917 0.5120386 0.5900616 0.5120386 0.5885981 0.5091487 0.5885981 0.5027529 0.5932351 0.5027529 0.5902265 0.5168611 0.5883805 0.5168611 0.5900616 0.5120386 0.5885981 0.5091487 0.5839613 0.5101147 0.5839613 0.5027529 0.5886206 0.5159355 0.5843218 0.512447 0.5883805 0.5101147 0.5883805 0.5101147 0.5843218 0.512447 0.5833736 0.5027529 0.5870146 0.5204596 0.5802633 0.5147792 0.5843218 0.512447 0.5843218 0.512447 0.5802633 0.5147792 0.5787366 0.5027529 0.5505164 0.5383753 0.5468011 0.4616042 0.5468011 0.5383753 0.5468011 0.5383753 0.5430858 0.4616042 0.5430858 0.5383753 0.5470854 0.465943 0.5433701 0.5330999 0.5433701 0.465943 0.5473577 0.465943 0.5436424 0.5330999 0.5436424 0.465943 0.5431102 0.5383753 0.5468255 0.4616042 0.5468255 0.5383753 0.5473577 0.465943 0.551073 0.5330999 0.551073 0.465943 0.5984501 0.5120386 0.5870146 0.5168611 0.5984501 0.5168611 0.5984501 0.5120386 0.5870146 0.507216 0.5863494 0.5120386 0.5984501 0.5212155 0.5886206 0.5159355 0.5870146 0.5204596 0.5984501 0.516393 0.5902265 0.5114116 0.5886206 0.5159355 0.5984501 0.507216 0.5908917 0.5120386 0.5902265 0.507216 0.5984501 0.5168611 0.5908917 0.5120386 0.5984501 0.5120386 0.5984501 0.516393 0.5902265 0.5114116 0.5984501 0.5115705 0.5984501 0.5212155 0.5886206 0.5159355 0.5984501 0.516393 0.5863494 0.5120386 0.5802633 0.5168611 0.5870146 0.5168611 0.5839613 0.5147792 0.5885981 0.5027529 0.5839613 0.5027529 0.5863494 0.5120386 0.5802633 0.507216 0.5785821 0.5120386 0.5932351 0.5147792 0.5885981 0.5027529 0.5885981 0.5157453 0.5870146 0.5204596 0.5843218 0.512447 0.5802633 0.5147792 0.5843218 0.512447 0.5787366 0.5027529 0.5802633 0.5147792 0.5886206 0.5159355 0.5883805 0.5101147 0.5843218 0.512447 0.5883805 0.5101147 0.5833736 0.5027529 0.5843218 0.512447 0.5902265 0.507216 0.5900616 0.5120386 0.5883805 0.507216 0.5885981 0.5091487 0.5932351 0.5027529 0.5932351 0.5101147 0.5902265 0.5168611 0.5900616 0.5120386 0.5908917 0.5120386 0.5885981 0.5091487 0.5839613 0.5027529 0.5885981 0.5027529 0.5886206 0.5159355 0.5883805 0.5101147 0.5902265 0.5114116 0.5883805 0.5101147 0.5833736 0.5027529 0.5880104 0.5027529 0.5870146 0.5204596 0.5843218 0.512447 0.5886206 0.5159355 0.5843218 0.512447 0.5787366 0.5027529 0.5833736 0.5027529 0.5430858 0.5383753 0.5468011 0.4616042 0.5468011 0.5383753 0.5505409 0.5383753 0.5468255 0.4616042 0.5468255 0.5383753 0.5468255 0.5383753 0.5505409 0.4616042 0.5505409 0.5383753 0.5468011 0.5383753 0.5505164 0.4616042 0.5505164 0.5383753 0.5468255 0.5383753 0.5431102 0.4616042 0.5431102 0.5383753 0.5470854 0.465943 0.5508008 0.5330999 0.5508008 0.465943 0.5508008 0.465943 0.5470854 0.5330999 0.5470854 0.465943 0.5436424 0.465943 0.5473577 0.5330999 0.5473577 0.465943 0.5470854 0.465943 0.5433701 0.5330999 0.5470854 0.5330999 0.551073 0.465943 0.5473577 0.5330999 0.5473577 0.465943 0.5984501 0.5120386 0.5863494 0.5120386 0.5870146 0.5168611 0.5984501 0.5120386 0.5984501 0.507216 0.5870146 0.507216 0.5984501 0.5212155 0.5984501 0.516393 0.5886206 0.5159355 0.5984501 0.516393 0.5984501 0.5115705 0.5902265 0.5114116 0.5984501 0.507216 0.5984501 0.5120386 0.5908917 0.5120386 0.5984501 0.5168611 0.5902265 0.5168611 0.5908917 0.5120386 0.5984501 0.516393 0.5886206 0.5159355 0.5902265 0.5114116 0.5984501 0.5212155 0.5870146 0.5204596 0.5886206 0.5159355 0.5863494 0.5120386 0.5785821 0.5120386 0.5802633 0.5168611 0.5839613 0.5147792 0.5885981 0.5157453 0.5885981 0.5027529 0.5863494 0.5120386 0.5870146 0.507216 0.5802633 0.507216 0.5932351 0.5147792 0.5932351 0.5027529 0.5885981 0.5027529 0.5870146 0.5204596 0.5886206 0.5159355 0.5843218 0.512447 0.5843218 0.512447 0.5833736 0.5027529 0.5787366 0.5027529 0.5886206 0.5159355 0.5902265 0.5114116 0.5883805 0.5101147 0.5883805 0.5101147 0.5880104 0.5027529 0.5833736 0.5027529 0.5902265 0.507216 0.5908917 0.5120386 0.5900616 0.5120386 0.5885981 0.5091487 0.5885981 0.5027529 0.5932351 0.5027529 0.5902265 0.5168611 0.5883805 0.5168611 0.5900616 0.5120386 0.5885981 0.5091487 0.5839613 0.5101147 0.5839613 0.5027529 0.5886206 0.5159355 0.5843218 0.512447 0.5883805 0.5101147 0.5883805 0.5101147 0.5843218 0.512447 0.5833736 0.5027529 0.5870146 0.5204596 0.5802633 0.5147792 0.5843218 0.512447 0.5843218 0.512447 0.5802633 0.5147792 0.5787366 0.5027529 0.5505164 0.5383753 0.5468011 0.4616042 0.5468011 0.5383753 0.5468011 0.5383753 0.5430858 0.4616042 0.5430858 0.5383753 0.5470854 0.465943 0.5433701 0.5330999 0.5433701 0.465943 0.5473577 0.465943 0.5436424 0.5330999 0.5436424 0.465943 0.2397007 0.4686763 0.2397007 0.3997768 0.2336898 0.3937659 0.5508008 0.5330999 0.5473577 0.5330999 0.5473577 0.5330999 0.5505409 0.4616042 0.5430858 0.4616042 0.5431102 0.4616042 0.5508008 0.5330999 0.5473577 0.5330999 0.5473577 0.5330999 0.5505409 0.4616042 0.5430858 0.4616042 0.5431102 0.4616042 0.1643527 0.4686763 0.1643527 0.5375758 0.1703636 0.5435867 0.1643527 0.4686763 0.1703636 0.5435867 0.2392629 0.5435867 0.1643527 0.3997768 0.1643527 0.4686763 0.2392629 0.3937659 0.1643527 0.4686763 0.2392629 0.5435867 0.2392629 0.3937659 0.9637713 0.8415018 0.9637713 0.7926481 0.9637713 0.7926481 0.1647904 0.5435867 0.2336898 0.5435867 0.2397007 0.4686763 0.1647904 0.3937659 0.1647904 0.5435867 0.2397007 0.4686763 0.0781604 0.02787172 0.1231853 0.01656907 0.3185967 0.01656907 0.1703636 0.3937659 0.1643527 0.3997768 0.2392629 0.3937659 0.5884781 0.8592957 0.5884781 0.9510336 0.4970621 0.8592957 0.2336898 0.5435867 0.2397007 0.5375758 0.2397007 0.4686763 0.5421739 0.9347703 0.542174 0.9347703 0.5421739 0.9347703 0.2336898 0.3937659 0.1647904 0.3937659 0.2397007 0.4686763 0.5737822 0.7271929 0.5026573 0.8406006 0.5026573 0.7271929 0.5738678 0.7271929 0.5027429 0.8406006 0.5027429 0.7271929 0.667324 0.4224902 0.7083124 0.3428862 0.7083124 0.4224902 0.5129995 0.9282039 0.509533 0.9365729 0.5129995 0.9282039 0.5020853 0.8964843 0.5104542 0.9256587 0.5104542 0.8964843 0.5129995 0.9282039 0.542174 0.9365729 0.542174 0.9282039 0.542174 0.9347703 0.5129995 0.9373747 0.542174 0.9373747 0.5129995 0.9347703 0.5104542 0.9373747 0.5129995 0.9373747 0.667324 0.4935681 0.7083124 0.4139641 0.7083124 0.4935681 0.2081236 0.002086818 0.01622825 0.100988 0.01622825 0.002086818 0.2090185 0.005640447 0.01439154 0.1016669 0.01439154 0.005640447 0.5713484 0.9347703 0.5421739 0.9373747 0.5713484 0.9373747 0.5020853 0.9291252 0.5104542 0.9256587 0.5020853 0.9291253 0.7083124 0.4935681 0.667324 0.4935681 0.7083124 0.4935681 0.5104542 0.9373747 0.5129995 0.9373747 0.5104542 0.9373747 0.5036222 0.929431 0.509533 0.9365729 0.5092273 0.935036 0.51025 0.9266858 0.5129995 0.9282039 0.5104542 0.9256587 0.5036222 0.929431 0.5104542 0.9256587 0.5020853 0.9291252 0.5129995 0.9282039 0.5092273 0.935036 0.509533 0.9365729 0.51025 0.9266858 0.5092273 0.935036 0.5119726 0.9284083 0.5026573 0.8406006 0.5737822 0.7271929 0.5026573 0.7271929 0.5027429 0.8406006 0.5738678 0.7271929 0.5027429 0.7271929 0.7083124 0.3428862 0.667324 0.4224902 0.7083124 0.4224902 0.509533 0.9365729 0.5129995 0.9282039 0.5129995 0.9282039 0.5104542 0.9256587 0.5020853 0.8964843 0.5104542 0.8964843 0.5129995 0.9282039 0.542174 0.9365729 0.509533 0.9365729 0.5129995 0.9373747 0.542174 0.9347703 0.542174 0.9373747 0.5104542 0.9373747 0.5129995 0.9347703 0.5129995 0.9373747 0.7083124 0.4139641 0.667324 0.4935681 0.7083124 0.4935681 0.01622825 0.100988 0.2081236 0.002086818 0.01622825 0.002086818 0.01439154 0.1016669 0.2090185 0.005640447 0.01439154 0.005640447 0.5421739 0.9373747 0.5713484 0.9347703 0.5713484 0.9373747 0.5104542 0.9256587 0.5020853 0.9291252 0.5020853 0.9291253 0.667324 0.4935681 0.7083124 0.4935681 0.7083124 0.4935681 0.5129995 0.9373747 0.5104542 0.9373747 0.5104542 0.9373747 0.5036222 0.929431 0.509533 0.9365729 0.5020853 0.9291252 0.5129995 0.9282039 0.51025 0.9266858 0.5104542 0.9256587 0.5104542 0.9256587 0.5036222 0.929431 0.5020853 0.9291252 0.5129995 0.9282039 0.5092273 0.935036 0.5119726 0.9284083 0.5119726 0.9284083 0.5036222 0.929431 0.51025 0.9266858 0.5026573 0.8406006 0.5737822 0.7271929 0.5026573 0.7271929 0.5027429 0.8406006 0.5738678 0.7271929 0.5027429 0.7271929 0.7083124 0.3428862 0.667324 0.4224902 0.7083124 0.4224902 0.509533 0.9365729 0.5129995 0.9282039 0.5129995 0.9282039 0.5104542 0.9256587 0.5020853 0.8964843 0.5104542 0.8964843 0.5129995 0.9282039 0.542174 0.9365729 0.509533 0.9365729 0.5129995 0.9373747 0.542174 0.9347703 0.542174 0.9373747 0.5104542 0.9373747 0.5129995 0.9347703 0.5129995 0.9373747 0.7083124 0.4139641 0.667324 0.4935681 0.7083124 0.4935681 0.01622825 0.100988 0.2081236 0.002086818 0.01622825 0.002086818 0.01439154 0.1016669 0.2090185 0.005640447 0.01439154 0.005640447 0.5421739 0.9373747 0.5713484 0.9347703 0.5713484 0.9373747 0.5104542 0.9256587 0.5020853 0.9291252 0.5020853 0.9291253 0.667324 0.4935681 0.7083124 0.4935681 0.7083124 0.4935681 0.5129995 0.9373747 0.5104542 0.9373747 0.5104542 0.9373747 0.5036222 0.929431 0.509533 0.9365729 0.5020853 0.9291252 0.5129995 0.9282039 0.51025 0.9266858 0.5104542 0.9256587 0.5104542 0.9256587 0.5036222 0.929431 0.5020853 0.9291252 0.5129995 0.9282039 0.5092273 0.935036 0.5119726 0.9284083 0.51025 0.9266858 0.5092273 0.935036 0.5036222 0.929431 0.5737822 0.7271929 0.5026573 0.8406006 0.5026573 0.7271929 0.5738678 0.7271929 0.5027429 0.8406006 0.5027429 0.7271929 0.667324 0.4224902 0.7083124 0.3428862 0.7083124 0.4224902 0.5129995 0.9282039 0.509533 0.9365729 0.5129995 0.9282039 0.5020853 0.8964843 0.5104542 0.9256587 0.5104542 0.8964843 0.5129995 0.9282039 0.542174 0.9365729 0.542174 0.9282039 0.542174 0.9347703 0.5129995 0.9373747 0.542174 0.9373747 0.5129995 0.9347703 0.5104542 0.9373747 0.5129995 0.9373747 0.667324 0.4935681 0.7083124 0.4139641 0.7083124 0.4935681 0.2081236 0.002086818 0.01622825 0.100988 0.01622825 0.002086818 0.2090185 0.005640447 0.01439154 0.1016669 0.01439154 0.005640447 0.5713484 0.9347703 0.5421739 0.9373747 0.5713484 0.9373747 0.5020853 0.9291252 0.5104542 0.9256587 0.5020853 0.9291253 0.7083124 0.4935681 0.667324 0.4935681 0.7083124 0.4935681 0.5104542 0.9373747 0.5129995 0.9373747 0.5104542 0.9373747 0.5036222 0.929431 0.509533 0.9365729 0.5092273 0.935036 0.51025 0.9266858 0.5129995 0.9282039 0.5104542 0.9256587 0.5036222 0.929431 0.5104542 0.9256587 0.5020853 0.9291252 0.5129995 0.9282039 0.5092273 0.935036 0.509533 0.9365729 0.51025 0.9266858 0.5092273 0.935036 0.5119726 0.9284083 0.4970621 0.9510336 0.4970621 0.8592957 0.4970621 0.9510336 0.5735637 0.9634653 0.5119765 0.9634653 0.5735637 0.9634653 0.7766239 0.6179153 0.7679663 0.6082574 0.7322158 0.6082574 0.5884781 0.8592957 0.5884781 0.9510336 0.5884781 0.8592957 0.5884781 0.9510336 0.5735637 0.9634653 0.5735637 0.9634653 0.5884781 0.8592957 0.5735637 0.8468639 0.5735637 0.8468639 0.4970621 0.8592957 0.5119765 0.8468639 0.5119765 0.846864 0.4970621 0.9510336 0.5119765 0.9634653 0.5119765 0.9634653 0.5119765 0.8468639 0.5735637 0.8468639 0.5119765 0.846864 0.3350719 0.2482272 0.3350719 0.2773379 0.3350719 0.2482272 0.2857672 0.01656907 0.1355834 0.04222196 0.2733691 0.04222196 0.1355834 0.04222196 0.2857672 0.01656907 0.2733691 0.04222196 0.3185967 0.01656907 0.1076838 0.04222196 0.3030651 0.04222196 0.3629841 0.2482272 0.3350719 0.2773379 0.3350719 0.2482272 0.3350719 0.2773379 0.3629841 0.2773379 0.3350719 0.2773379 0.3629841 0.2482272 0.3350719 0.2482272 0.3629841 0.2482272 0.3629841 0.2773379 0.3629841 0.2482272 0.3629841 0.2773379 0.3382552 0.2810102 0.3350659 0.2773426 0.3350719 0.2773379 0.3598008 0.2445549 0.3629901 0.2482225 0.3629841 0.2482272 0.3676955 0.2746893 0.3629901 0.2773426 0.3629841 0.2773379 0.3303605 0.2508758 0.3350659 0.2482225 0.3350719 0.2482272 0.3637481 0.2779334 0.3629901 0.2773426 0.3676955 0.2746893 0.3676955 0.2508758 0.3629901 0.2482225 0.3637481 0.2476317 0.3303605 0.2746893 0.3350659 0.2773426 0.3343079 0.2779334 0.3343079 0.2476316 0.3350659 0.2482225 0.3303605 0.2508758 0.2857672 0.01656907 0.3238566 0.04222196 0.3307921 0.02787172 0.08509588 0.04222196 0.1231853 0.01656907 0.0781604 0.02787172 0.1231853 0.01656907 0.08509588 0.04222196 0.0781604 0.02787172 0.3238566 0.04222196 0.2857672 0.01656907 0.3307921 0.02787172 0.09215223 0.01656907 0.303065 0.04222196 0.1076838 0.04222196 0.9289617 0.306621 0.9834537 0.2492127 0.9289617 0.2492127 0.9843581 0.7739409 0.9637713 0.8602091 0.9843581 0.8602091 0.9843581 0.7926481 0.9637713 0.8415018 0.9843581 0.8415018 0.9843581 0.8415018 0.9637713 0.7926481 0.9843581 0.7926481 0.9843581 0.8602091 0.9637713 0.7739409 0.9843581 0.7739409 0.5141394 0.108676 0.5639454 0.07845765 0.5061941 0.07845765 0.8069093 0.1432049 0.7850586 0.1432049 0.7831522 0.1471922 0.5679181 0.108676 0.6216966 0.07845765 0.5639454 0.07845765 0.6216966 0.07845765 0.5141394 0.108676 0.5061941 0.07845765 0.5047559 0.108676 0.5061941 0.07845765 0.4961174 0.07845765 0.6216966 0.07845765 0.5141392 0.108676 0.5061939 0.07845765 0.5061941 0.07845765 0.5047559 0.108676 0.4961174 0.07845765 0.7292538 0.108676 0.6216966 0.07845765 0.7371991 0.07845765 0.5639454 0.07845765 0.5141394 0.108676 0.5061941 0.07845765 0.8069093 0.2425854 0.8306663 0.2385982 0.8306663 0.2157467 0.6216966 0.07845765 0.5679181 0.108676 0.5639454 0.07845765 0.6216966 0.07845765 0.5141394 0.108676 0.6216966 0.108676 0.5061941 0.07845765 0.5047559 0.108676 0.4961174 0.07845765 0.6216966 0.07845765 0.5141392 0.108676 0.6216966 0.108676 0.5061941 0.07845765 0.5047559 0.108676 0.5141394 0.108676 0.6216966 0.07845765 0.7292538 0.108676 0.7371991 0.07845765 0.5468255 0.4616042 0.5431102 0.5383753 0.5468255 0.5383753 0.551073 0.5330999 0.5473577 0.465943 0.551073 0.465943 0.5984501 0.5120386 0.5984501 0.5168611 0.5870146 0.5168611 0.5984501 0.5120386 0.5863494 0.5120386 0.5870146 0.507216 0.5984501 0.5212155 0.5870146 0.5204596 0.5886206 0.5159355 0.5984501 0.516393 0.5886206 0.5159355 0.5902265 0.5114116 0.5984501 0.507216 0.5902265 0.507216 0.5908917 0.5120386 0.5984501 0.5168611 0.5984501 0.5120386 0.5908917 0.5120386 0.5984501 0.516393 0.5984501 0.5115705 0.5902265 0.5114116 0.5984501 0.5212155 0.5984501 0.516393 0.5886206 0.5159355 0.5863494 0.5120386 0.5870146 0.5168611 0.5802633 0.5168611 0.5839613 0.5147792 0.5839613 0.5027529 0.5885981 0.5027529 0.5863494 0.5120386 0.5785821 0.5120386 0.5802633 0.507216 0.5932351 0.5147792 0.5885981 0.5157453 0.5885981 0.5027529 0.5870146 0.5204596 0.5802633 0.5147792 0.5843218 0.512447 0.5843218 0.512447 0.5802633 0.5147792 0.5787366 0.5027529 0.5886206 0.5159355 0.5843218 0.512447 0.5883805 0.5101147 0.5883805 0.5101147 0.5843218 0.512447 0.5833736 0.5027529 0.5902265 0.507216 0.5883805 0.507216 0.5900616 0.5120386 0.5885981 0.5091487 0.5932351 0.5101147 0.5932351 0.5027529 0.5902265 0.5168611 0.5908917 0.5120386 0.5900616 0.5120386 0.5885981 0.5091487 0.5885981 0.5027529 0.5839613 0.5027529 0.5886206 0.5159355 0.5902265 0.5114116 0.5883805 0.5101147 0.5883805 0.5101147 0.5880104 0.5027529 0.5833736 0.5027529 0.5870146 0.5204596 0.5886206 0.5159355 0.5843218 0.512447 0.5843218 0.512447 0.5833736 0.5027529 0.5787366 0.5027529 0.5468011 0.4616042 0.5430858 0.5383753 0.5468011 0.5383753 0.5468255 0.4616042 0.5505409 0.5383753 0.5468255 0.5383753 0.5505409 0.4616042 0.5468255 0.5383753 0.5505409 0.5383753 0.5505164 0.4616042 0.5468011 0.5383753 0.5505164 0.5383753 0.5431102 0.4616042 0.5468255 0.5383753 0.5431102 0.5383753 0.5508008 0.5330999 0.5470854 0.465943 0.5508008 0.465943 0.5470854 0.5330999 0.5508008 0.465943 0.5470854 0.465943 0.5473577 0.5330999 0.5436424 0.465943 0.5473577 0.465943 0.5470854 0.465943 0.5433701 0.5330999 0.5433701 0.465943 0.5473577 0.5330999 0.551073 0.465943 0.5473577 0.465943 0.5984501 0.5120386 0.5870146 0.5168611 0.5863494 0.5120386 0.5984501 0.5120386 0.5870146 0.507216 0.5984501 0.507216 0.5984501 0.5212155 0.5886206 0.5159355 0.5984501 0.516393 0.5984501 0.516393 0.5902265 0.5114116 0.5984501 0.5115705 0.5984501 0.507216 0.5908917 0.5120386 0.5984501 0.5120386 0.5984501 0.5168611 0.5908917 0.5120386 0.5902265 0.5168611 0.5984501 0.516393 0.5902265 0.5114116 0.5886206 0.5159355 0.5984501 0.5212155 0.5886206 0.5159355 0.5870146 0.5204596 0.5863494 0.5120386 0.5802633 0.5168611 0.5785821 0.5120386 0.5839613 0.5147792 0.5885981 0.5027529 0.5885981 0.5157453 0.5863494 0.5120386 0.5802633 0.507216 0.5870146 0.507216 0.5932351 0.5147792 0.5885981 0.5027529 0.5932351 0.5027529 0.5870146 0.5204596 0.5843218 0.512447 0.5886206 0.5159355 0.5843218 0.512447 0.5787366 0.5027529 0.5833736 0.5027529 0.5886206 0.5159355 0.5883805 0.5101147 0.5902265 0.5114116 0.5883805 0.5101147 0.5833736 0.5027529 0.5880104 0.5027529 0.5902265 0.507216 0.5900616 0.5120386 0.5908917 0.5120386 0.5885981 0.5091487 0.5932351 0.5027529 0.5885981 0.5027529 0.5902265 0.5168611 0.5900616 0.5120386 0.5883805 0.5168611 0.5885981 0.5091487 0.5839613 0.5027529 0.5839613 0.5101147 0.5886206 0.5159355 0.5883805 0.5101147 0.5843218 0.512447 0.5883805 0.5101147 0.5833736 0.5027529 0.5843218 0.512447 0.5870146 0.5204596 0.5843218 0.512447 0.5802633 0.5147792 0.5843218 0.512447 0.5787366 0.5027529 0.5802633 0.5147792 0.5468011 0.4616042 0.5505164 0.5383753 0.5468011 0.5383753 0.5430858 0.4616042 0.5468011 0.5383753 0.5430858 0.5383753 0.5433701 0.5330999 0.5470854 0.465943 0.5433701 0.465943 0.5436424 0.5330999 0.5473577 0.465943 0.5436424 0.465943 0.5468255 0.4616042 0.5431102 0.5383753 0.5468255 0.5383753 0.551073 0.5330999 0.5473577 0.465943 0.551073 0.465943 0.5984501 0.5120386 0.5984501 0.5168611 0.5870146 0.5168611 0.5984501 0.5120386 0.5863494 0.5120386 0.5870146 0.507216 0.5984501 0.5212155 0.5870146 0.5204596 0.5886206 0.5159355 0.5984501 0.516393 0.5886206 0.5159355 0.5902265 0.5114116 0.5984501 0.507216 0.5902265 0.507216 0.5908917 0.5120386 0.5984501 0.5168611 0.5984501 0.5120386 0.5908917 0.5120386 0.5984501 0.516393 0.5984501 0.5115705 0.5902265 0.5114116 0.5984501 0.5212155 0.5984501 0.516393 0.5886206 0.5159355 0.5863494 0.5120386 0.5870146 0.5168611 0.5802633 0.5168611 0.5839613 0.5147792 0.5839613 0.5027529 0.5885981 0.5027529 0.5863494 0.5120386 0.5785821 0.5120386 0.5802633 0.507216 0.5932351 0.5147792 0.5885981 0.5157453 0.5885981 0.5027529 0.5870146 0.5204596 0.5802633 0.5147792 0.5843218 0.512447 0.5843218 0.512447 0.5802633 0.5147792 0.5787366 0.5027529 0.5886206 0.5159355 0.5843218 0.512447 0.5883805 0.5101147 0.5883805 0.5101147 0.5843218 0.512447 0.5833736 0.5027529 0.5902265 0.507216 0.5883805 0.507216 0.5900616 0.5120386 0.5885981 0.5091487 0.5932351 0.5101147 0.5932351 0.5027529 0.5902265 0.5168611 0.5908917 0.5120386 0.5900616 0.5120386 0.5885981 0.5091487 0.5885981 0.5027529 0.5839613 0.5027529 0.5886206 0.5159355 0.5902265 0.5114116 0.5883805 0.5101147 0.5883805 0.5101147 0.5880104 0.5027529 0.5833736 0.5027529 0.5870146 0.5204596 0.5886206 0.5159355 0.5843218 0.512447 0.5843218 0.512447 0.5833736 0.5027529 0.5787366 0.5027529 0.5468011 0.4616042 0.5430858 0.5383753 0.5468011 0.5383753 0.5468255 0.4616042 0.5505409 0.5383753 0.5468255 0.5383753 0.5505409 0.4616042 0.5468255 0.5383753 0.5505409 0.5383753 0.5505164 0.4616042 0.5468011 0.5383753 0.5505164 0.5383753 0.5431102 0.4616042 0.5468255 0.5383753 0.5431102 0.5383753 0.5508008 0.5330999 0.5470854 0.465943 0.5508008 0.465943 0.5470854 0.5330999 0.5508008 0.465943 0.5470854 0.465943 0.5473577 0.5330999 0.5436424 0.465943 0.5473577 0.465943 0.5470854 0.465943 0.5433701 0.5330999 0.5433701 0.465943 0.5473577 0.5330999 0.551073 0.465943 0.5473577 0.465943 0.5984501 0.5120386 0.5870146 0.5168611 0.5863494 0.5120386 0.5984501 0.5120386 0.5870146 0.507216 0.5984501 0.507216 0.5984501 0.5212155 0.5886206 0.5159355 0.5984501 0.516393 0.5984501 0.516393 0.5902265 0.5114116 0.5984501 0.5115705 0.5984501 0.507216 0.5908917 0.5120386 0.5984501 0.5120386 0.5984501 0.5168611 0.5908917 0.5120386 0.5902265 0.5168611 0.5984501 0.516393 0.5902265 0.5114116 0.5886206 0.5159355 0.5984501 0.5212155 0.5886206 0.5159355 0.5870146 0.5204596 0.5863494 0.5120386 0.5802633 0.5168611 0.5785821 0.5120386 0.5839613 0.5147792 0.5885981 0.5027529 0.5885981 0.5157453 0.5863494 0.5120386 0.5802633 0.507216 0.5870146 0.507216 0.5932351 0.5147792 0.5885981 0.5027529 0.5932351 0.5027529 0.5870146 0.5204596 0.5843218 0.512447 0.5886206 0.5159355 0.5843218 0.512447 0.5787366 0.5027529 0.5833736 0.5027529 0.5886206 0.5159355 0.5883805 0.5101147 0.5902265 0.5114116 0.5883805 0.5101147 0.5833736 0.5027529 0.5880104 0.5027529 0.5902265 0.507216 0.5900616 0.5120386 0.5908917 0.5120386 0.5885981 0.5091487 0.5932351 0.5027529 0.5885981 0.5027529 0.5902265 0.5168611 0.5900616 0.5120386 0.5883805 0.5168611 0.5885981 0.5091487 0.5839613 0.5027529 0.5839613 0.5101147 0.5886206 0.5159355 0.5883805 0.5101147 0.5843218 0.512447 0.5883805 0.5101147 0.5833736 0.5027529 0.5843218 0.512447 0.5870146 0.5204596 0.5843218 0.512447 0.5802633 0.5147792 0.5843218 0.512447 0.5787366 0.5027529 0.5802633 0.5147792 0.5468011 0.4616042 0.5505164 0.5383753 0.5468011 0.5383753 0.5430858 0.4616042 0.5468011 0.5383753 0.5430858 0.5383753 0.5433701 0.5330999 0.5470854 0.465943 0.5433701 0.465943 0.5436424 0.5330999 0.5473577 0.465943 0.5436424 0.465943 0.7779386 0.5323567 0.7952619 0.4715698 0.7779385 0.4715698 0.7779386 0.5323567 0.7952619 0.4715698 0.7779386 0.4715698 0.7952619 0.5323567 0.7779386 0.4715698 0.7952619 0.4715698 0.7952619 0.5323567 0.7779385 0.4715698 0.7952619 0.4715698 0.812494 0.5540117 0.8329297 0.5355523 0.8329297 0.5540117 0.7952619 0.4107829 0.7779386 0.349996 0.7952619 0.349996 0.7952619 0.4715698 0.7779386 0.4107829 0.7952619 0.4107829 0.7952619 0.4107829 0.7779386 0.349996 0.7952619 0.349996 0.7952619 0.4715698 0.7779386 0.4107829 0.7952619 0.4107829 0.7779386 0.4107829 0.7952619 0.349996 0.7779386 0.349996 0.7779386 0.4715698 0.7952619 0.4107829 0.7779386 0.4107829 0.7779386 0.4107829 0.7952619 0.349996 0.7779386 0.349996 0.7779385 0.4715698 0.7952619 0.4107829 0.7779386 0.4107829 0.7779386 0.5323567 0.7952619 0.4715698 0.7779385 0.4715698 0.7779386 0.5323567 0.7952619 0.4715698 0.7779386 0.4715698 0.7952619 0.5323567 0.7779386 0.4715698 0.7952619 0.4715698 0.7952619 0.5323567 0.7779385 0.4715698 0.7952619 0.4715698 0.812494 0.5540117 0.8329297 0.5355523 0.8329297 0.5540117 0.7952619 0.4107829 0.7779386 0.349996 0.7952619 0.349996 0.7952619 0.4715698 0.7779386 0.4107829 0.7952619 0.4107829 0.7952619 0.4107829 0.7779386 0.349996 0.7952619 0.349996 0.7952619 0.4715698 0.7779386 0.4107829 0.7952619 0.4107829 0.7779386 0.4107829 0.7952619 0.349996 0.7779386 0.349996 0.7779386 0.4715698 0.7952619 0.4107829 0.7779386 0.4107829 0.7779386 0.4107829 0.7952619 0.349996 0.7779386 0.349996 0.7779385 0.4715698 0.7952619 0.4107829 0.7779386 0.4107829 0.2410821 0.3883602 0.2410821 0.5457557 0.1612558 0.5394408 0.2410821 0.5457557 0.1676613 0.5457557 0.1612558 0.5394408 0.1612558 0.5394408 0.1612558 0.3946751 0.2410821 0.3883602 0.1676613 0.5457557 0.2410821 0.5457557 0.1612558 0.5394408 0.2410821 0.5457557 0.2410821 0.3883602 0.1612558 0.5394408 0.2410821 0.3883602 0.1676613 0.3883602 0.1612558 0.3946751 0.6547213 0.6984756 0.6528763 0.6996532 0.6062175 0.6793937 0.6528763 0.6996532 0.6062175 0.6996532 0.6062175 0.6793937 0.6713392 0.6793937 0.6713392 0.6793937 0.6547213 0.6984756 0.6062175 0.6793937 0.6062175 0.6996532 0.5595588 0.6996532 0.6062175 0.6793937 0.5595588 0.6996532 0.5577139 0.6984756 0.541096 0.6793937 0.541096 0.6793937 0.6062175 0.6793937 0.6743776 0.7406392 0.6743776 0.756605 0.6794569 0.756605 0.6743776 0.7246734 0.6743776 0.7406392 0.6794569 0.7406392 0.6743776 0.7406392 0.6743776 0.7292 0.6794569 0.7292 0.6743776 0.7287476 0.6794569 0.7287476 0.6794569 0.7292 0.6536272 0.6309564 0.6641631 0.6309564 0.6641631 0.6518796 0.5505391 0.5694844 0.5610751 0.5694844 0.5610751 0.6893737 0.6693647 0.5694844 0.6484256 0.5694844 0.6484256 0.6893737 0.5611639 0.8510489 0.5182712 0.8510489 0.5182712 0.9695187 0.6484256 0.5694844 0.6693647 0.5694844 0.6693647 0.6893737 0.6536272 0.6309564 0.6641631 0.6309564 0.6641631 0.6518796 0.5182712 0.8510489 0.5611639 0.8510489 0.5611639 0.9695187 0.5655016 0.5694844 0.5445625 0.5694844 0.5445625 0.6893737 0.5610751 0.5694844 0.5505391 0.5694844 0.5505391 0.6893737 0.6484256 0.5694844 0.6693647 0.5694844 0.6693647 0.6893737 0.6743776 0.6976776 0.6743776 0.6976776 0.6794569 0.6976776 0.6743776 0.6976776 0.6743776 0.6976776 0.6794569 0.6976776 0.6743776 0.7520785 0.6743776 0.7406392 0.6794569 0.7406392 0.6833052 0.7551482 0.6613012 0.7551482 0.6613012 0.7374984 0.6613012 0.7341278 0.6833055 0.7341278 0.6833052 0.7517775 0.679457 0.7525309 0.6743776 0.7525309 0.6743776 0.7520785 0.7797722 0.6082183 0.7797722 0.6981608 0.7232972 0.6981608 0 0 0 0 0 0 0 0 0 0 0 0 0 0 0 0 0 0 0 0 0 0 0 0 0.04440313 0.4423708 0.04440313 0.3917201 0.08496099 0.3917201 0.08496099 0.4423708 0.08496099 0.3917201 0.1255187 0.3917201 0.1255187 0.4817886 0.08496099 0.4817886 0.08496099 0.4423708 0.06263053 0.4423708 0.09610992 0.4817886 0.09610992 0.3917201 0.09610992 0.3917201 0.09610992 0.4817886 0.06263053 0.4423708 0.08496099 0.4817886 0.04440313 0.4817886 0.04440313 0.4423708 0.09610992 0.4817886 0.09610992 0.3917201 0.1073239 0.3917201 0.1255187 0.4560625 0.1255187 0.4672765 0.08496099 0.4672765 0.09610992 0.4817886 0.1073239 0.4817886 0.1073239 0.3917201 0.08496099 0.4560625 0.08496099 0.4672765 0.04440325 0.4672765 0.5884781 0.9634653 0.5884781 0.9761435 0.4970621 0.9761435 0.1264595 0.9647955 0.1264595 0.9790955 0.0100606 0.9790955 0.667324 0.4224902 0.667324 0.3428862 0.7083124 0.3428862 0.5251143 0.5895866 0.5026622 0.5802868 0.5026622 0.5802868 0.5019649 0.5924336 0.5019649 0.6650581 0.5264263 0.6573453 0.5251143 0.5895866 0.5026622 0.5802868 0.5026622 0.6678558 0.2272518 0.0125038 0.03483831 0.0125038 0.03483831 0.04059427 0.03483831 0.0125038 0.0180518 0.0125038 0.0180518 0.04059427 0.667324 0.4942876 0.667324 0.4224902 0.7083124 0.4224902 0.2081236 0.002086818 0.2081236 0.100988 0.01622825 0.100988 0.2090185 0.005640447 0.2090185 0.1016669 0.01439154 0.1016669 0.4784199 0.0125038 0.2860063 0.0125038 0.2860063 0.04059427 0.5264263 0.5924336 0.5264263 0.5726125 0.5019649 0.5726125 0 0 0 0 0 0 0.0933395 0.9794133 0.06183499 0.9794133 0.06183499 0.9649527 0.2860063 0.0125038 0.2272518 0.0125038 0.2272518 0.04059427 0.5019649 0.6650581 0.5264263 0.6573453 0.5264263 0.6573453 0.7083124 0.5020942 0.667324 0.5020942 0.667324 0.5020942 0.0180518 0.04059427 0.03483831 0.04059427 0.03483831 0.04059427 0.9377526 0.462789 0.9891412 0.462789 0.986546 0.4893847 0.349364 0.605778 0.3498113 0.6035292 0.3470824 0.6008002 0.3608949 0.5989381 0.3498113 0.6035292 0.349364 0.605778 0.3448335 0.6012476 0.3470824 0.6008002 0.3516734 0.5897166 0.3608949 0.5989381 0.3516734 0.5897166 0.3470824 0.6008002 0.4970621 0.9761435 0.5884781 0.9761435 0.5884781 0.9634653 0.0100606 0.9790955 0.1264595 0.9790955 0.1264595 0.9647955 0.7083124 0.3428862 0.667324 0.3428862 0.667324 0.4224902 0.5026622 0.5802868 0.5026622 0.5802868 0.5251143 0.5895866 0.5264263 0.6573453 0.5019649 0.6650581 0.5019649 0.5924336 0.5251143 0.5895866 0.5251143 0.6678558 0.5026622 0.6678558 0.03483831 0.04059427 0.03483831 0.0125038 0.2272518 0.0125038 0.0180518 0.04059427 0.0180518 0.0125038 0.03483831 0.0125038 0.7083124 0.4224902 0.667324 0.4224902 0.667324 0.4942876 0.01622825 0.100988 0.2081236 0.100988 0.2081236 0.002086818 0.01439154 0.1016669 0.2090185 0.1016669 0.2090185 0.005640447 0.2860063 0.04059427 0.2860063 0.0125038 0.4784199 0.0125038 0.5019649 0.5726125 0.5264263 0.5726125 0.5264263 0.5924336 0.2378243 0.01131063 0.2378243 0.06722331 0.2576485 0.06722331 0.06183499 0.9577224 0.06183499 0.9794133 0.0933395 0.9794133 0.2272518 0.04059427 0.2272518 0.0125038 0.2860063 0.0125038 0.5264263 0.6573453 0.5264263 0.6573453 0.5019649 0.6650581 0.667324 0.5020942 0.667324 0.5020942 0.7083124 0.5020942 0.03483831 0.04059427 0.03483831 0.04059427 0.0180518 0.04059427 0.3516734 0.5897166 0.3510038 0.5863509 0.3642606 0.5996077 0.349364 0.605778 0.3448335 0.6012476 0.3470824 0.6008002 0.349364 0.605778 0.3498113 0.6035292 0.3608949 0.5989381 0.3448335 0.6012476 0.3510038 0.5863509 0.3516734 0.5897166 0.3470824 0.6008002 0.3516734 0.5897166 0.3608949 0.5989381 0.7083124 0.4803824 0.667324 0.4803824 0.667324 0.496313 0.0100606 0.9647955 0.1264595 0.9647955 0.1264595 0.833279 0.4970621 0.9634653 0.5884781 0.9634653 0.5884781 0.8468639 0.667324 0.496313 0.667324 0.4803824 0.7083124 0.4803824 0.1264595 0.833279 0.1264595 0.9647955 0.0100606 0.9647955 0.5884781 0.8468639 0.5884781 0.9634653 0.4970621 0.9634653 0.06183499 0.9649527 0.06183499 0.9649527 0.0933395 0.9649527 0.06183499 0.8348073 0.06183499 0.9577224 0.0933395 0.9577224 0.8634112 0.6536931 0.9106256 0.6536931 0.9106256 0.69436 0 0 0 0 0 0 0.4970621 0.9761435 0.5884781 0.9761435 0.5884781 0.9634653 0.0100606 0.9790955 0.1264595 0.9790955 0.1264595 0.9647955 0.7083124 0.3428862 0.667324 0.3428862 0.667324 0.4224902 0.5026622 0.5802868 0.5026622 0.5802868 0.5251143 0.5895866 0.5264263 0.6573453 0.5019649 0.6650581 0.5019649 0.5924336 0.5251143 0.5895866 0.5251143 0.6678558 0.5026622 0.6678558 0.03483831 0.04059427 0.03483831 0.0125038 0.2272518 0.0125038 0.0180518 0.04059427 0.0180518 0.0125038 0.03483831 0.0125038 0.7083124 0.4224902 0.667324 0.4224902 0.667324 0.4942876 0.01622825 0.100988 0.2081236 0.100988 0.2081236 0.002086818 0.01439154 0.1016669 0.2090185 0.1016669 0.2090185 0.005640447 0.2860063 0.04059427 0.2860063 0.0125038 0.4784199 0.0125038 0.5019649 0.5726125 0.5264263 0.5726125 0.5264263 0.5924336 0 0 0 0 0 0 0.06183499 0.9649527 0.06183499 0.9794133 0.0933395 0.9794133 0.2272518 0.04059427 0.2272518 0.0125038 0.2860063 0.0125038 0.5264263 0.6573453 0.5264263 0.6573453 0.5019649 0.6650581 0.667324 0.5020942 0.667324 0.5020942 0.7083124 0.5020942 0.03483831 0.04059427 0.03483831 0.04059427 0.0180518 0.04059427 0.9505975 0.4893847 0.9375507 0.462789 0.9889392 0.462789 0.349364 0.605778 0.3448335 0.6012476 0.3470824 0.6008002 0.349364 0.605778 0.3498113 0.6035292 0.3608949 0.5989381 0.3448335 0.6012476 0.3510038 0.5863509 0.3516734 0.5897166 0.3470824 0.6008002 0.3516734 0.5897166 0.3608949 0.5989381 0.5884781 0.9634653 0.5884781 0.9761435 0.4970621 0.9761435 0.1264595 0.9647955 0.1264595 0.9790955 0.0100606 0.9790955 0.667324 0.4224902 0.667324 0.3428862 0.7083124 0.3428862 0.5251143 0.5895866 0.5026622 0.5802868 0.5026622 0.5802868 0.5019649 0.5924336 0.5019649 0.6650581 0.5264263 0.6573453 0.5251143 0.5895866 0.5026622 0.5802868 0.5026622 0.6678558 0.2272518 0.0125038 0.03483831 0.0125038 0.03483831 0.04059427 0.03483831 0.0125038 0.0180518 0.0125038 0.0180518 0.04059427 0.667324 0.4942876 0.667324 0.4224902 0.7083124 0.4224902 0.2081236 0.002086818 0.2081236 0.100988 0.01622825 0.100988 0.2090185 0.005640447 0.2090185 0.1016669 0.01439154 0.1016669 0.4784199 0.0125038 0.2860063 0.0125038 0.2860063 0.04059427 0.5264263 0.5924336 0.5264263 0.5726125 0.5019649 0.5726125 0.2576485 0.06722331 0.2378243 0.06722331 0.2378243 0.01131063 0.0933395 0.9794133 0.06183499 0.9794133 0.06183499 0.9577224 0.2860063 0.0125038 0.2272518 0.0125038 0.2272518 0.04059427 0.5019649 0.6650581 0.5264263 0.6573453 0.5264263 0.6573453 0.7083124 0.5020942 0.667324 0.5020942 0.667324 0.5020942 0.0180518 0.04059427 0.03483831 0.04059427 0.03483831 0.04059427 0.3642606 0.5996077 0.3510038 0.5863509 0.3516734 0.5897166 0.349364 0.605778 0.3498113 0.6035292 0.3470824 0.6008002 0.3608949 0.5989381 0.3498113 0.6035292 0.349364 0.605778 0.3448335 0.6012476 0.3470824 0.6008002 0.3516734 0.5897166 0.3498113 0.6035292 0.3608949 0.5989381 0.3516734 0.5897166 0.667324 0.496313 0.667324 0.4803824 0.7083124 0.4803824 0.1264595 0.833279 0.1264595 0.9647955 0.0100606 0.9647955 0.5884781 0.8468639 0.5884781 0.9634653 0.4970621 0.9634653 0.7083124 0.4803824 0.667324 0.4803824 0.667324 0.496313 0.0100606 0.9647955 0.1264595 0.9647955 0.1264595 0.833279 0.5941796 0.9634653 0.7042512 0.9634653 0.7042512 0.8468639 0.0933395 0.9649527 0.06183499 0.9649527 0.06183499 0.9649527 0.0933395 0.9577224 0.06183499 0.9577224 0.06183499 0.8348073 0.8088726 0.6536931 0.8634112 0.6536931 0.8634112 0.69436 0 0 0 0 0 0 0 0 0 0 0 0 0 0 0 0 0 0 0.5639454 0.07845765 0.5679181 0.108676 0.5141394 0.108676 0.01239198 0.3437875 0.152224 0.3437875 0.08230799 0.3893339 0.152224 0.3437875 0.152224 0.3856791 0.1466138 0.3893339 0.08230799 0.3893339 0.152224 0.3437875 0.1466138 0.3893339 0.08230799 0.3893339 0.01800221 0.3893339 0.01239198 0.3647333 0.01800221 0.3893339 0.01239198 0.3856791 0.01239198 0.3647333 0.6216966 0.07845765 0.6216966 0.108676 0.5679181 0.108676 0.6216966 0.07845765 0.5061941 0.07845765 0.5141394 0.108676 0.4961174 0.07845765 0.5061941 0.07845765 0.5141394 0.108676 0.6216966 0.07845765 0.5061939 0.07845765 0.5141392 0.108676 0.4961174 0.07845765 0.5047559 0.108676 0.5141394 0.108676 0.6216966 0.07845765 0.6216966 0.108676 0.7292538 0.108676 0.5141394 0.108676 0.5679181 0.108676 0.5639454 0.07845765 0.152224 0.3856791 0.152224 0.3437875 0.1466138 0.3893339 0.152224 0.3437875 0.01239198 0.3437875 0.08230799 0.3893339 0.01239198 0.3647333 0.01239198 0.3856791 0.01800221 0.3893339 0.152224 0.3437875 0.08230799 0.3893339 0.1466138 0.3893339 0.01239198 0.3437875 0.01239198 0.3647333 0.08230799 0.3893339 0.5679181 0.108676 0.6216966 0.108676 0.6216966 0.07845765 0.6216966 0.07845765 0.6216966 0.108676 0.5141394 0.108676 0.4961174 0.07845765 0.5047559 0.108676 0.5141394 0.108676 0.6216966 0.07845765 0.6216966 0.108676 0.5141392 0.108676 0.5141394 0.108676 0.5047559 0.108676 0.4961174 0.07845765 0.7292538 0.108676 0.6216966 0.108676 0.6216966 0.07845765 0.9027719 0.8165525 0.9027719 0.862082 0.8684977 0.862082 0.9637713 0.8602091 0.9637713 0.7739409 0.9843581 0.7739409 0.9637713 0.8415018 0.9637713 0.7926481 0.9843581 0.7926481 0.9637713 0.7926481 0.9637713 0.8415018 0.9843581 0.8415018 0.9637713 0.7739409 0.9637713 0.8602091 0.9843581 0.8602091 0.9468984 0.8163083 0.9468984 0.8618378 0.9112601 0.8618378 0.9637713 0.8602091 0.9637713 0.7739409 0.9843581 0.7739409 0.9637713 0.8415018 0.9637713 0.7926481 0.9843581 0.7926481 0.9637713 0.7926481 0.9637713 0.8415018 0.9843581 0.8415018 0.9637713 0.7739409 0.9637713 0.8602091 0.9843581 0.8602091 0.9834537 0.2492127 0.9834537 0.306621 0.9289617 0.306621 0.9637713 0.8602091 0.9637713 0.7739409 0.9843581 0.7739409 0.9637713 0.8415018 0.9637713 0.7926481 0.9843581 0.7926481 0.9637713 0.7926481 0.9637713 0.8415018 0.9843581 0.8415018 0.9637713 0.7739409 0.9637713 0.8602091 0.9843581 0.8602091 0.4970621 0.8592957 0.497062 0.8592957 0.4970621 0.9510336 0.5119765 0.9634653 0.5119765 0.9634653 0.5735637 0.9634653 0.7235583 0.6891838 0.7235583 0.6179153 0.7766239 0.6179153 0.7235583 0.6179153 0.7322158 0.6082574 0.7766239 0.6179153 0.7322158 0.6082574 0.7679663 0.6082574 0.7766239 0.6179153 0.7766239 0.6179153 0.7766239 0.6891838 0.7235583 0.6891838 0.7766239 0.6891838 0.7679663 0.6988417 0.7235583 0.6891838 0.5884781 0.9510336 0.5884781 0.9510336 0.5884781 0.8592957 0.5735637 0.9634653 0.5884781 0.9510336 0.5884781 0.9510336 0.5735637 0.8468639 0.5884781 0.8592957 0.5884781 0.8592957 0.5119765 0.8468639 0.497062 0.8592957 0.4970621 0.8592957 0.5119765 0.9634653 0.4970621 0.9510336 0.4970621 0.9510336 0.5735637 0.8468639 0.5735637 0.8468639 0.5119765 0.8468639 0.5639454 0.07845765 0.5679181 0.108676 0.5141394 0.108676 0.8306663 0.1928952 0.7831522 0.1928952 0.8306663 0.1700437 0.7831522 0.1928952 0.7831522 0.1471922 0.8306663 0.1700437 0.7831522 0.1471922 0.7850586 0.1432049 0.8069093 0.1432049 0.8069093 0.1432049 0.82876 0.1432049 0.8306663 0.1471922 0.8069093 0.1432049 0.8306663 0.1471922 0.8306663 0.1700437 0.6216966 0.07845765 0.6216966 0.108676 0.5679181 0.108676 0.6216966 0.07845765 0.5061941 0.07845765 0.5141394 0.108676 0.5061941 0.07845765 0.5141394 0.108676 0.5047559 0.108676 0.6216966 0.07845765 0.5061939 0.07845765 0.5141392 0.108676 0.5061941 0.07845765 0.4961174 0.07845765 0.5047559 0.108676 0.6216966 0.07845765 0.6216966 0.108676 0.7292538 0.108676 0.5141394 0.108676 0.5679181 0.108676 0.5639454 0.07845765 0.7831522 0.2385982 0.7831522 0.1928952 0.8306663 0.2157467 0.7831522 0.1928952 0.8306663 0.1928952 0.8306663 0.2157467 0.8306663 0.2157467 0.8306663 0.2385982 0.8069093 0.2425854 0.8306663 0.2385982 0.82876 0.2425854 0.8069093 0.2425854 0.8069093 0.2425854 0.7850586 0.2425854 0.7831522 0.2385982 0.5679181 0.108676 0.6216966 0.108676 0.6216966 0.07845765 0.6216966 0.07845765 0.6216966 0.108676 0.5141394 0.108676 0.5047559 0.108676 0.5141394 0.108676 0.5061941 0.07845765 0.6216966 0.07845765 0.6216966 0.108676 0.5141392 0.108676 0.5061941 0.07845765 0.5141394 0.108676 0.5047559 0.108676 0.7292538 0.108676 0.6216966 0.108676 0.6216966 0.07845765 0.5639454 0.07845765 0.5679181 0.108676 0.5141394 0.108676 0.8306663 0.1928952 0.7831522 0.1928952 0.8306663 0.1700437 0.7831522 0.1928952 0.7831522 0.1471922 0.8306663 0.1700437 0.7831522 0.1471922 0.7850586 0.1432049 0.8069093 0.1432049 0.8069093 0.1432049 0.82876 0.1432049 0.8306663 0.1471922 0.8069093 0.1432049 0.8306663 0.1471922 0.8306663 0.1700437 0.6216966 0.07845765 0.6216966 0.108676 0.5679181 0.108676 0.6216966 0.07845765 0.5061941 0.07845765 0.5141394 0.108676 0.5061941 0.07845765 0.5141394 0.108676 0.5047559 0.108676 0.6216966 0.07845765 0.5061939 0.07845765 0.5141392 0.108676 0.5061941 0.07845765 0.4961174 0.07845765 0.5047559 0.108676 0.6216966 0.07845765 0.6216966 0.108676 0.7292538 0.108676 0.5141394 0.108676 0.5679181 0.108676 0.5639454 0.07845765 0.7831522 0.2385982 0.7831522 0.1928952 0.8306663 0.2157467 0.7831522 0.1928952 0.8306663 0.1928952 0.8306663 0.2157467 0.8306663 0.2157467 0.8306663 0.2385982 0.8069093 0.2425854 0.8306663 0.2385982 0.82876 0.2425854 0.8069093 0.2425854 0.8069093 0.2425854 0.7850586 0.2425854 0.7831522 0.2385982 0.5679181 0.108676 0.6216966 0.108676 0.6216966 0.07845765 0.6216966 0.07845765 0.6216966 0.108676 0.5141394 0.108676 0.5047559 0.108676 0.5141394 0.108676 0.5061941 0.07845765 0.6216966 0.07845765 0.6216966 0.108676 0.5141392 0.108676 0.5061941 0.07845765 0.5141394 0.108676 0.5047559 0.108676 0.7292538 0.108676 0.6216966 0.108676 0.6216966 0.07845765 0.6159083 0.8183869 0.6082051 0.8183869 0.6082051 0.7648293 0.6088604 0.7644867 0.6088604 0.8180444 0.6165636 0.8180444 0.6382216 0.790076 0.584664 0.790076 0.5850065 0.7927976 0.6159083 0.7927976 0.6165636 0.790076 0.6088604 0.790076 0.6088604 0.790076 0.6165636 0.790076 0.6159083 0.7927976 0.6159083 0.8183869 0.6082051 0.8183869 0.6082051 0.7648293 0.6088604 0.7644867 0.6088604 0.8180444 0.6165636 0.8180444 0.6382216 0.790076 0.584664 0.790076 0.5850065 0.7927976 0.6159083 0.7927976 0.6165636 0.790076 0.6088604 0.790076 0.6088604 0.790076 0.6165636 0.790076 0.6159083 0.7927976 0.6159083 0.8183869 0.6082051 0.8183869 0.6082051 0.7648293 0.6088604 0.7644867 0.6088604 0.8180444 0.6165636 0.8180444 0.6382216 0.790076 0.584664 0.790076 0.5850065 0.7927976 0.6159083 0.7927976 0.6165636 0.790076 0.6088604 0.790076 0.6088604 0.790076 0.6165636 0.790076 0.6159083 0.7927976 0.6159083 0.8183869 0.6082051 0.8183869 0.6082051 0.7648293 0.6088604 0.7644867 0.6088604 0.8180444 0.6165636 0.8180444 0.6382216 0.790076 0.584664 0.790076 0.5850065 0.7927976 0.6159083 0.7927976 0.6165636 0.790076 0.6088604 0.790076 0.6088604 0.790076 0.6165636 0.790076 0.6159083 0.7927976 0.6159083 0.8183869 0.6082051 0.8183869 0.6082051 0.7648293 0.6088604 0.7644867 0.6088604 0.8180444 0.6165636 0.8180444 0.6382216 0.790076 0.584664 0.790076 0.5850065 0.7927976 0.6159083 0.7927976 0.6165636 0.790076 0.6088604 0.790076 0.6088604 0.790076 0.6165636 0.790076 0.6159083 0.7927976 0.6159083 0.8183869 0.6082051 0.8183869 0.6082051 0.7648293 0.6088604 0.7644867 0.6088604 0.8180444 0.6165636 0.8180444 0.6382216 0.790076 0.584664 0.790076 0.5850065 0.7927976 0.6159083 0.7927976 0.6165636 0.790076 0.6088604 0.790076 0.6088604 0.790076 0.6165636 0.790076 0.6159083 0.7927976 0.9526062 0.8790053 0.9526063 0.9022895 0.923717 0.9022895 0.984358 0.7976663 0.9637712 0.7976663 0.9637713 0.7739409 0.9637713 0.8415018 0.9637713 0.7926481 0.9843581 0.7926481 0.9637713 0.7926481 0.9637713 0.8415018 0.9843581 0.8415018 0.9637713 0.7976664 0.9637713 0.8602091 0.9843581 0.8602091 0.9637713 0.7739409 0.9637713 0.7976664 0.9843581 0.7976663 0.9637713 0.8602091 0.9637712 0.7976663 0.984358 0.7976663 0.9526063 0.8701725 0.9526062 0.8790053 0.923717 0.8790053 0.5431102 0.5383753 0.5431102 0.4616042 0.5468255 0.4616042 0.5473577 0.465943 0.5473577 0.5330999 0.551073 0.5330999 0.5430858 0.5383753 0.5430858 0.4616042 0.5468011 0.4616042 0.5505409 0.5383753 0.5505409 0.4616042 0.5468255 0.4616042 0.5468255 0.5383753 0.5468255 0.4616042 0.5505409 0.4616042 0.5468011 0.5383753 0.5468011 0.4616042 0.5505164 0.4616042 0.5468255 0.5383753 0.5468255 0.4616042 0.5431102 0.4616042 0.5470854 0.465943 0.5470854 0.5330999 0.5508008 0.5330999 0.5508008 0.465943 0.5508008 0.5330999 0.5470854 0.5330999 0.5436424 0.465943 0.5436424 0.5330999 0.5473577 0.5330999 0.5470854 0.465943 0.5433701 0.465943 0.5433701 0.5330999 0.551073 0.465943 0.551073 0.5330999 0.5473577 0.5330999 0.5505164 0.5383753 0.5505164 0.4616042 0.5468011 0.4616042 0.5468011 0.5383753 0.5468011 0.4616042 0.5430858 0.4616042 0.5470854 0.465943 0.5470854 0.5330999 0.5433701 0.5330999 0.5473577 0.465943 0.5473577 0.5330999 0.5436424 0.5330999 0.5431102 0.5383753 0.5431102 0.4616042 0.5468255 0.4616042 0.5473577 0.465943 0.5473577 0.5330999 0.551073 0.5330999 0.5430858 0.5383753 0.5430858 0.4616042 0.5468011 0.4616042 0.5505409 0.5383753 0.5505409 0.4616042 0.5468255 0.4616042 0.5468255 0.5383753 0.5468255 0.4616042 0.5505409 0.4616042 0.5468011 0.5383753 0.5468011 0.4616042 0.5505164 0.4616042 0.5468255 0.5383753 0.5468255 0.4616042 0.5431102 0.4616042 0.5470854 0.465943 0.5470854 0.5330999 0.5508008 0.5330999 0.5508008 0.465943 0.5508008 0.5330999 0.5470854 0.5330999 0.5436424 0.465943 0.5436424 0.5330999 0.5473577 0.5330999 0.5470854 0.465943 0.5433701 0.465943 0.5433701 0.5330999 0.551073 0.465943 0.551073 0.5330999 0.5473577 0.5330999 0.5505164 0.5383753 0.5505164 0.4616042 0.5468011 0.4616042 0.5468011 0.5383753 0.5468011 0.4616042 0.5430858 0.4616042 0.5470854 0.465943 0.5470854 0.5330999 0.5433701 0.5330999 0.5473577 0.465943 0.5473577 0.5330999 0.5436424 0.5330999 0.5431102 0.5383753 0.5431102 0.4616042 0.5468255 0.4616042 0.5473577 0.465943 0.5473577 0.5330999 0.551073 0.5330999 0.5430858 0.5383753 0.5430858 0.4616042 0.5468011 0.4616042 0.5505409 0.5383753 0.5505409 0.4616042 0.5468255 0.4616042 0.5468255 0.5383753 0.5468255 0.4616042 0.5505409 0.4616042 0.5468011 0.5383753 0.5468011 0.4616042 0.5505164 0.4616042 0.5468255 0.5383753 0.5468255 0.4616042 0.5431102 0.4616042 0.5470854 0.465943 0.5470854 0.5330999 0.5508008 0.5330999 0.5508008 0.465943 0.5508008 0.5330999 0.5470854 0.5330999 0.5436424 0.465943 0.5436424 0.5330999 0.5473577 0.5330999 0.5470854 0.465943 0.5433701 0.465943 0.5433701 0.5330999 0.551073 0.465943 0.551073 0.5330999 0.5473577 0.5330999 0.5505164 0.5383753 0.5505164 0.4616042 0.5468011 0.4616042 0.5468011 0.5383753 0.5468011 0.4616042 0.5430858 0.4616042 0.5470854 0.465943 0.5470854 0.5330999 0.5433701 0.5330999 0.5473577 0.465943 0.5473577 0.5330999 0.5436424 0.5330999 0.7779386 0.5323567 0.7952619 0.5323567 0.7952619 0.4715698 0.7779386 0.5323567 0.7952619 0.5323567 0.7952619 0.4715698 0.7952619 0.4715698 0.7952619 0.5323567 0.7779386 0.5323567 0.7952619 0.5323567 0.7779386 0.5323567 0.7779385 0.4715698 0.812494 0.5540117 0.812494 0.5355523 0.8329297 0.5355523 0.7895353 0.5340757 0.7895353 0.5302653 0.7937536 0.5302653 0.7952619 0.4107829 0.7779386 0.4107829 0.7779386 0.349996 0.7895353 0.5302653 0.7937536 0.5302653 0.7937536 0.5302653 0.7937536 0.5340757 0.7895353 0.5340757 0.7895353 0.5340757 0.7937536 0.5302653 0.7937536 0.5302653 0.7937536 0.5340757 0.7895353 0.5340757 0.7895353 0.5302653 0.7895353 0.5302653 0.7952619 0.4715698 0.7779385 0.4715698 0.7779386 0.4107829 0.7952619 0.4107829 0.7779386 0.4107829 0.7779386 0.349996 0.7952619 0.4715698 0.7779386 0.4715698 0.7779386 0.4107829 0.7779386 0.4107829 0.7952619 0.4107829 0.7952619 0.349996 0.7779386 0.4715698 0.7952619 0.4715698 0.7952619 0.4107829 0.7779386 0.4107829 0.7952619 0.4107829 0.7952619 0.349996 0.7779385 0.4715698 0.7952619 0.4715698 0.7952619 0.4107829 0.7779386 0.5323567 0.7952619 0.5323567 0.7952619 0.4715698 0.7779386 0.5323567 0.7952619 0.5323567 0.7952619 0.4715698 0.7952619 0.5323567 0.7779386 0.5323567 0.7779386 0.4715698 0.7952619 0.5323567 0.7779386 0.5323567 0.7779385 0.4715698 0.812494 0.5540117 0.812494 0.5355523 0.8329297 0.5355523 0.7952619 0.4107829 0.7779386 0.4107829 0.7779386 0.349996 0.7952619 0.4715698 0.7779385 0.4715698 0.7779386 0.4107829 0.7952619 0.4107829 0.7779386 0.4107829 0.7779386 0.349996 0.7952619 0.4715698 0.7779386 0.4715698 0.7779386 0.4107829 0.7779386 0.4107829 0.7952619 0.4107829 0.7952619 0.349996 0.7779386 0.4715698 0.7952619 0.4715698 0.7952619 0.4107829 0.7779386 0.4107829 0.7952619 0.4107829 0.7952619 0.349996 0.7779385 0.4715698 0.7952619 0.4715698 0.7952619 0.4107829 0.5639454 0.07845765 0.5061941 0.07845765 0.5061939 0.07845765 0.6216966 0.07845765 0.4961174 0.07845765 0.6216966 0.07845765 0.4961174 0.07845765 0.5061941 0.07845765 0.6216966 0.07845765 0.5639454 0.07845765 0.5061939 0.07845765 0.6216966 0.07845765 0.6216966 0.07845765 0.5639454 0.07845765 0.6216966 0.07845765 0.6216966 0.07845765 0.5061941 0.07845765 0.7371991 0.07845765 0.6216966 0.07845765 0.4961174 0.07845765 0.5639454 0.07845765 0.4961174 0.07845765 0.5061941 0.07845765 0.5639454 0.07845765 0.6216966 0.07845765 0.7371991 0.07845765 0.6216966 0.07845765 0.6216966 0.07845765 0.6216966 0.07845765 0.6216966 0.07845765 0.6216966 0.07845765 0.6216966 0.07845765 0.6216966 0.07845765 0.5431102 0.5383753 0.5431102 0.4616042 0.5468255 0.4616042 0.5473577 0.465943 0.5473577 0.5330999 0.551073 0.5330999 0.5430858 0.5383753 0.5430858 0.4616042 0.5468011 0.4616042 0.5505409 0.5383753 0.5505409 0.4616042 0.5468255 0.4616042 0.5468255 0.5383753 0.5468255 0.4616042 0.5505409 0.4616042 0.5468011 0.5383753 0.5468011 0.4616042 0.5505164 0.4616042 0.5468255 0.5383753 0.5468255 0.4616042 0.5431102 0.4616042 0.5470854 0.465943 0.5470854 0.5330999 0.5508008 0.5330999 0.5508008 0.465943 0.5508008 0.5330999 0.5470854 0.5330999 0.5436424 0.465943 0.5436424 0.5330999 0.5473577 0.5330999 0.5470854 0.465943 0.5433701 0.465943 0.5433701 0.5330999 0.551073 0.465943 0.551073 0.5330999 0.5473577 0.5330999 0.5505164 0.5383753 0.5505164 0.4616042 0.5468011 0.4616042 0.5468011 0.5383753 0.5468011 0.4616042 0.5430858 0.4616042 0.5470854 0.465943 0.5470854 0.5330999 0.5433701 0.5330999 0.5473577 0.465943 0.5473577 0.5330999 0.5436424 0.5330999 0.5431102 0.5383753 0.5431102 0.4616042 0.5468255 0.4616042 0.5473577 0.465943 0.5473577 0.5330999 0.551073 0.5330999 0.5430858 0.5383753 0.5430858 0.4616042 0.5468011 0.4616042 0.5505409 0.5383753 0.5505409 0.4616042 0.5468255 0.4616042 0.5468255 0.5383753 0.5468255 0.4616042 0.5505409 0.4616042 0.5468011 0.5383753 0.5468011 0.4616042 0.5505164 0.4616042 0.5468255 0.5383753 0.5468255 0.4616042 0.5431102 0.4616042 0.5470854 0.465943 0.5470854 0.5330999 0.5508008 0.5330999 0.5508008 0.465943 0.5508008 0.5330999 0.5470854 0.5330999 0.5436424 0.465943 0.5436424 0.5330999 0.5473577 0.5330999 0.5470854 0.465943 0.5433701 0.465943 0.5433701 0.5330999 0.551073 0.465943 0.551073 0.5330999 0.5473577 0.5330999 0.5505164 0.5383753 0.5505164 0.4616042 0.5468011 0.4616042 0.5468011 0.5383753 0.5468011 0.4616042 0.5430858 0.4616042 0.5470854 0.465943 0.5470854 0.5330999 0.5433701 0.5330999 0.5473577 0.465943 0.5473577 0.5330999 0.5436424 0.5330999 0.5142763 0.7763527 0.5142763 0.7763527 0.5142763 0.7763527 0.5242235 0.7295025 0.5142763 0.7295025 0.5142763 0.7763527 0.5510029 0.7295025 0.5410556 0.7295025 0.5410556 0.7763527 0.5510029 0.7763527 0.5510029 0.7763527 0.5410556 0.7763527 0.5350748 0.937034 0.5350748 0.937034 0.5350748 0.9202018 0.8341239 0.9197952 0.7956083 0.9197952 0.7956083 0.9727787 0.5410556 0.7295025 0.5510029 0.7295025 0.5510029 0.7763527 0.7978807 0.9216173 0.8318514 0.9216173 0.8318514 0.9709565 0.5142763 0.7295025 0.5242235 0.7295025 0.5242235 0.7763527 0.5687391 0.9033697 0.5687391 0.9202018 0.551907 0.9202018 0.5350748 0.9033697 0.5350748 0.9202018 0.5182427 0.9202018 0.551907 0.9033697 0.551907 0.9202018 0.5350748 0.9202018 0.5510029 0.7763527 0.5410556 0.7763527 0.5410556 0.7763527 0.551907 0.8865376 0.551907 0.9033697 0.5350748 0.9033697 0.5410556 0.7295025 0.5510029 0.7295025 0.5510029 0.7763528 0.8629496 0.8231325 0.8456609 0.8231325 0.8456609 0.865646 0.5242235 0.7295025 0.5142763 0.7295025 0.5142763 0.7763527 0.9628253 0.7744178 0.9845153 0.7744178 0.9845153 0.8290998 0.5510029 0.7295025 0.5410556 0.7295025 0.5410556 0.7763527 0.551907 0.9202018 0.551907 0.937034 0.5350748 0.937034 0.5510029 0.7295025 0.5578877 0.7295025 0.5578877 0.7763527 0.5142763 0.7763527 0.5142763 0.7763527 0.5142763 0.7295025 0.5578878 0.7295025 0.5510029 0.7295025 0.5510029 0.7763527 0.5510029 0.7763527 0.5510029 0.7763528 0.5510029 0.7295025 0.5142763 0.7295025 0.5242235 0.7295025 0.5242235 0.7763527 0.551907 0.9033697 0.551907 0.8865376 0.5618543 0.8865376 0.5618543 0.8865376 0.5687391 0.8934225 0.551907 0.9033697 0.551907 0.937034 0.551907 0.9202018 0.5618543 0.937034 0.551907 0.9202018 0.5687391 0.9202018 0.5687391 0.9301491 0.5182427 0.9033697 0.5182427 0.8934225 0.5350748 0.9033697 0.5182427 0.8934225 0.5251277 0.8865376 0.5350748 0.9033697 0.5182427 0.9301491 0.5182427 0.9202018 0.5350748 0.9202018 0.5350748 0.9202018 0.5350748 0.937034 0.5251277 0.937034 0.5142763 0.7763527 0.5142763 0.7763527 0.5242235 0.7763527 0.551907 0.937034 0.551907 0.9202018 0.551907 0.9202018 0.5510029 0.7763528 0.5510029 0.7763527 0.5510029 0.7763527 0.5142763 0.7763527 0.5242235 0.7763527 0.5242235 0.7763527 0.5350748 0.8865376 0.5350748 0.9033697 0.5350748 0.9033697 0.5578877 0.7763527 0.5578877 0.7763527 0.5510029 0.7763527 0.551907 0.8865376 0.551907 0.8865376 0.551907 0.9033697 0.5510029 0.7763527 0.5510029 0.7763527 0.5578878 0.7763527 0.5182427 0.9033697 0.5182427 0.9033697 0.5350748 0.9033697 0.5142763 0.7763527 0.5242235 0.7763527 0.5242235 0.7763527 0.5510029 0.7763527 0.5410556 0.7763527 0.5410556 0.7763527 0.5687391 0.9033697 0.551907 0.9033697 0.551907 0.9033697 0.5182427 0.9202018 0.5350748 0.9202018 0.5350748 0.9202018 0.5142763 0.7763527 0.5142763 0.7763527 0.5242235 0.7763527 0.5687391 0.9202018 0.5687391 0.9202018 0.551907 0.9202018 0.5510029 0.7763528 0.5510029 0.7763528 0.5410556 0.7763527 0.5639454 0.07845765 0.5679181 0.108676 0.5141394 0.108676 0.01239198 0.3437875 0.152224 0.3437875 0.08230799 0.3893339 0.152224 0.3437875 0.152224 0.3856791 0.1466138 0.3893339 0.08230799 0.3893339 0.152224 0.3437875 0.1466138 0.3893339 0.08230799 0.3893339 0.01800221 0.3893339 0.01239198 0.3647333 0.01800221 0.3893339 0.01239198 0.3856791 0.01239198 0.3647333 0.6216966 0.07845765 0.6216966 0.108676 0.5679181 0.108676 0.6216966 0.07845765 0.5061941 0.07845765 0.5141394 0.108676 0.4961174 0.07845765 0.5061941 0.07845765 0.5141394 0.108676 0.6216966 0.07845765 0.5061939 0.07845765 0.5141392 0.108676 0.4961174 0.07845765 0.5047559 0.108676 0.5141394 0.108676 0.6216966 0.07845765 0.6216966 0.108676 0.7292538 0.108676 0.5141394 0.108676 0.5679181 0.108676 0.5639454 0.07845765 0.152224 0.3856791 0.152224 0.3437875 0.1466138 0.3893339 0.152224 0.3437875 0.01239198 0.3437875 0.08230799 0.3893339 0.01239198 0.3647333 0.01239198 0.3856791 0.01800221 0.3893339 0.152224 0.3437875 0.08230799 0.3893339 0.1466138 0.3893339 0.01239198 0.3437875 0.01239198 0.3647333 0.08230799 0.3893339 0.5679181 0.108676 0.6216966 0.108676 0.6216966 0.07845765 0.6216966 0.07845765 0.6216966 0.108676 0.5141394 0.108676 0.4961174 0.07845765 0.5047559 0.108676 0.5141394 0.108676 0.6216966 0.07845765 0.6216966 0.108676 0.5141392 0.108676 0.5141394 0.108676 0.5047559 0.108676 0.4961174 0.07845765 0.7292538 0.108676 0.6216966 0.108676 0.6216966 0.07845765 0.5639454 0.07845765 0.5061941 0.07845765 0.5061939 0.07845765 0.6216966 0.07845765 0.4961174 0.07845765 0.6216966 0.07845765 0.4961174 0.07845765 0.5061941 0.07845765 0.6216966 0.07845765 0.5639454 0.07845765 0.5061939 0.07845765 0.6216966 0.07845765 0.6216966 0.07845765 0.5639454 0.07845765 0.6216966 0.07845765 0.6216966 0.07845765 0.5061941 0.07845765 0.7371991 0.07845765 0.6216966 0.07845765 0.4961174 0.07845765 0.5639454 0.07845765 0.4961174 0.07845765 0.5061941 0.07845765 0.5639454 0.07845765 0.6216966 0.07845765 0.7371991 0.07845765 0.6216966 0.07845765 0.6216966 0.07845765 0.6216966 0.07845765 0.6216966 0.07845765 0.6216966 0.07845765 0.6216966 0.07845765 0.6216966 0.07845765 0.5470854 0.5330999 0.5508008 0.5330999 0.5433701 0.5330999 0.5508008 0.5330999 0.5473577 0.5330999 0.5473577 0.5330999 0.5473577 0.5330999 0.5508008 0.5330999 0.5473577 0.5330999 0.5508008 0.5330999 0.5470854 0.5330999 0.551073 0.5330999 0.5473577 0.5330999 0.5508008 0.5330999 0.551073 0.5330999 0.5430858 0.4616042 0.5468011 0.4616042 0.5505409 0.4616042 0.5505409 0.4616042 0.5468255 0.4616042 0.5430858 0.4616042 0.5468255 0.4616042 0.5505164 0.4616042 0.5430858 0.4616042 0.5505164 0.4616042 0.5468011 0.4616042 0.5430858 0.4616042 0.5468011 0.4616042 0.5431102 0.4616042 0.5430858 0.4616042 0.5470854 0.5330999 0.5508008 0.5330999 0.5433701 0.5330999 0.5508008 0.5330999 0.5473577 0.5330999 0.5473577 0.5330999 0.5473577 0.5330999 0.5508008 0.5330999 0.5473577 0.5330999 0.5508008 0.5330999 0.5470854 0.5330999 0.551073 0.5330999 0.5473577 0.5330999 0.5508008 0.5330999 0.551073 0.5330999 0.5430858 0.4616042 0.5468011 0.4616042 0.5505409 0.4616042 0.5505409 0.4616042 0.5468255 0.4616042 0.5430858 0.4616042 0.5468255 0.4616042 0.5505164 0.4616042 0.5430858 0.4616042 0.5505164 0.4616042 0.5468011 0.4616042 0.5430858 0.4616042 0.5468011 0.4616042 0.5431102 0.4616042 0.5430858 0.4616042 0.9637713 0.7926481 0.9637713 0.8602091 0.9637713 0.8415018 0.3185967 0.01656907 0.2857672 0.01656907 0.1231853 0.01656907 0.1231853 0.01656907 0.0781604 0.02787172 0.3185967 0.01656907 0.0781604 0.02787172 0.09215223 0.01656907 0.3185967 0.01656907 0.09215223 0.01656907 0.1231853 0.01656907 0.2857672 0.01656907 0.2857672 0.01656907 0.3307921 0.02787172 0.09215223 0.01656907 0.5119765 0.9634653 0.5735637 0.9634653 0.5884781 0.9510336 0.5884781 0.9510336 0.5884781 0.8592957 0.4970621 0.8592957 0.5884781 0.8592957 0.5735637 0.8468639 0.4970621 0.8592957 0.5735637 0.8468639 0.5119765 0.846864 0.4970621 0.8592957 0.4970621 0.8592957 0.4970621 0.9510336 0.5884781 0.9510336 0.5129995 0.9347703 0.5713484 0.9347703 0.542174 0.9347703 0.5713484 0.9347703 0.5421739 0.9347703 0.542174 0.9347703 0.5421739 0.9347703 0.5713484 0.9347703 0.5129995 0.9347703 0.542174 0.9347703 0.5129995 0.9347703 0.5104542 0.9347703 0.5421739 0.9347703 0.5129995 0.9347703 0.542174 0.9347703 0.5713484 0.9347703 0.5129995 0.9347703 0.542174 0.9347703 0.542174 0.9347703 0.5104542 0.9347703 0.5421739 0.9347703 0.5421739 0.9347703 0.5713484 0.9347703 0.542174 0.9347703 0.542174 0.9347703 0.5421739 0.9347703 0.542174 0.9347703 0.5026573 0.8406006 0.5737822 0.8406006 0.5737822 0.7271929 0.5027429 0.8406006 0.5738678 0.8406006 0.5738678 0.7271929 0.7083124 0.3428862 0.667324 0.3428862 0.667324 0.4224902 0.509533 0.9365729 0.509533 0.9365729 0.5129995 0.9282039 0.5104542 0.9256587 0.5020853 0.9291253 0.5020853 0.8964843 0.5129995 0.9282039 0.542174 0.9282039 0.542174 0.9365729 0.5129995 0.9373747 0.5129995 0.9347703 0.542174 0.9347703 0.5104542 0.9373747 0.5104542 0.9347703 0.5129995 0.9347703 0.7083124 0.4139641 0.667324 0.4139641 0.667324 0.4935681 0.01622825 0.100988 0.2081236 0.100988 0.2081236 0.002086818 0.01439154 0.1016669 0.2090185 0.1016669 0.2090185 0.005640447 0.5421739 0.9373747 0.5421739 0.9347703 0.5713484 0.9347703 0.5104542 0.9256587 0.5104542 0.9256587 0.5020853 0.9291252 0.667324 0.4935681 0.667324 0.4935681 0.7083124 0.4935681 0.5129995 0.9373747 0.5129995 0.9373747 0.5104542 0.9373747 0.5036222 0.929431 0.5092273 0.935036 0.509533 0.9365729 0.5129995 0.9282039 0.5119726 0.9284083 0.51025 0.9266858 0.5104542 0.9256587 0.51025 0.9266858 0.5036222 0.929431 0.5129995 0.9282039 0.509533 0.9365729 0.5092273 0.935036 0.51025 0.9266858 0.5119726 0.9284083 0.5092273 0.935036 0.5737822 0.7271929 0.5737822 0.8406006 0.5026573 0.8406006 0.5738678 0.7271929 0.5738678 0.8406006 0.5027429 0.8406006 0.667324 0.4224902 0.667324 0.3428862 0.7083124 0.3428862 0.5129995 0.9282039 0.509533 0.9365729 0.509533 0.9365729 0.5020853 0.8964843 0.5020853 0.9291253 0.5104542 0.9256587 0.5129995 0.9282039 0.509533 0.9365729 0.542174 0.9365729 0.542174 0.9347703 0.5129995 0.9347703 0.5129995 0.9373747 0.5129995 0.9347703 0.5104542 0.9347703 0.5104542 0.9373747 0.667324 0.4935681 0.667324 0.4139641 0.7083124 0.4139641 0.2081236 0.002086818 0.2081236 0.100988 0.01622825 0.100988 0.2090185 0.005640447 0.2090185 0.1016669 0.01439154 0.1016669 0.5713484 0.9347703 0.5421739 0.9347703 0.5421739 0.9373747 0.5020853 0.9291252 0.5104542 0.9256587 0.5104542 0.9256587 0.7083124 0.4935681 0.667324 0.4935681 0.667324 0.4935681 0.5104542 0.9373747 0.5129995 0.9373747 0.5129995 0.9373747 0.5036222 0.929431 0.5020853 0.9291252 0.509533 0.9365729 0.51025 0.9266858 0.5119726 0.9284083 0.5129995 0.9282039 0.5036222 0.929431 0.51025 0.9266858 0.5104542 0.9256587 0.5129995 0.9282039 0.5119726 0.9284083 0.5092273 0.935036 0.5036222 0.929431 0.5092273 0.935036 0.5119726 0.9284083 0.5737822 0.7271929 0.5737822 0.8406006 0.5026573 0.8406006 0.5738678 0.7271929 0.5738678 0.8406006 0.5027429 0.8406006 0.667324 0.4224902 0.667324 0.3428862 0.7083124 0.3428862 0.5129995 0.9282039 0.509533 0.9365729 0.509533 0.9365729 0.5020853 0.8964843 0.5020853 0.9291253 0.5104542 0.9256587 0.5129995 0.9282039 0.509533 0.9365729 0.542174 0.9365729 0.542174 0.9347703 0.5129995 0.9347703 0.5129995 0.9373747 0.5129995 0.9347703 0.5104542 0.9347703 0.5104542 0.9373747 0.667324 0.4935681 0.667324 0.4139641 0.7083124 0.4139641 0.2081236 0.002086818 0.2081236 0.100988 0.01622825 0.100988 0.2090185 0.005640447 0.2090185 0.1016669 0.01439154 0.1016669 0.5713484 0.9347703 0.5421739 0.9347703 0.5421739 0.9373747 0.5020853 0.9291252 0.5104542 0.9256587 0.5104542 0.9256587 0.7083124 0.4935681 0.667324 0.4935681 0.667324 0.4935681 0.5104542 0.9373747 0.5129995 0.9373747 0.5129995 0.9373747 0.5036222 0.929431 0.5020853 0.9291252 0.509533 0.9365729 0.51025 0.9266858 0.5119726 0.9284083 0.5129995 0.9282039 0.5036222 0.929431 0.51025 0.9266858 0.5104542 0.9256587 0.5129995 0.9282039 0.5119726 0.9284083 0.5092273 0.935036 0.51025 0.9266858 0.5036222 0.929431 0.5092273 0.935036 0.5026573 0.8406006 0.5737822 0.8406006 0.5737822 0.7271929 0.5027429 0.8406006 0.5738678 0.8406006 0.5738678 0.7271929 0.7083124 0.3428862 0.667324 0.3428862 0.667324 0.4224902 0.509533 0.9365729 0.509533 0.9365729 0.5129995 0.9282039 0.5104542 0.9256587 0.5020853 0.9291253 0.5020853 0.8964843 0.5129995 0.9282039 0.542174 0.9282039 0.542174 0.9365729 0.5129995 0.9373747 0.5129995 0.9347703 0.542174 0.9347703 0.5104542 0.9373747 0.5104542 0.9347703 0.5129995 0.9347703 0.7083124 0.4139641 0.667324 0.4139641 0.667324 0.4935681 0.01622825 0.100988 0.2081236 0.100988 0.2081236 0.002086818 0.01439154 0.1016669 0.2090185 0.1016669 0.2090185 0.005640447 0.5421739 0.9373747 0.5421739 0.9347703 0.5713484 0.9347703 0.5104542 0.9256587 0.5104542 0.9256587 0.5020853 0.9291252 0.667324 0.4935681 0.667324 0.4935681 0.7083124 0.4935681 0.5129995 0.9373747 0.5129995 0.9373747 0.5104542 0.9373747 0.5036222 0.929431 0.5092273 0.935036 0.509533 0.9365729 0.5129995 0.9282039 0.5119726 0.9284083 0.51025 0.9266858 0.5104542 0.9256587 0.51025 0.9266858 0.5036222 0.929431 0.5129995 0.9282039 0.509533 0.9365729 0.5092273 0.935036 0.51025 0.9266858 0.5119726 0.9284083 0.5092273 0.935036 0.4970621 0.8592957 0.497062 0.8592957 0.4970621 0.9510336 0.5119765 0.9634653 0.5119765 0.9634653 0.5735637 0.9634653 0.7235583 0.6891838 0.7235583 0.6179153 0.7766239 0.6179153 0.7235583 0.6179153 0.7322158 0.6082574 0.7766239 0.6179153 0.7322158 0.6082574 0.7679663 0.6082574 0.7766239 0.6179153 0.7766239 0.6179153 0.7766239 0.6891838 0.7235583 0.6891838 0.7766239 0.6891838 0.7679663 0.6988417 0.7235583 0.6891838 0.5884781 0.9510336 0.5884781 0.9510336 0.5884781 0.8592957 0.5735637 0.9634653 0.5884781 0.9510336 0.5884781 0.9510336 0.5735637 0.8468639 0.5884781 0.8592957 0.5884781 0.8592957 0.5119765 0.8468639 0.497062 0.8592957 0.4970621 0.8592957 0.5119765 0.9634653 0.4970621 0.9510336 0.4970621 0.9510336 0.5735637 0.8468639 0.5735637 0.8468639 0.5119765 0.8468639 0.3350719 0.2773379 0.3350719 0.2773379 0.3350719 0.2482272 0.1355834 0.04222196 0.1231853 0.01656907 0.2857672 0.01656907 0.1355834 0.04222196 0.2733691 0.04222196 0.2857672 0.01656907 0.1076838 0.04222196 0.09215223 0.01656907 0.3185967 0.01656907 0.3350719 0.2773379 0.3629841 0.2773379 0.3629841 0.2482272 0.3629841 0.2773379 0.3629841 0.2773379 0.3350719 0.2773379 0.3350719 0.2482272 0.3350719 0.2482272 0.3629841 0.2482272 0.3629841 0.2482272 0.3629841 0.2482272 0.3629841 0.2773379 0.3629901 0.2773426 0.3629841 0.2773379 0.3598008 0.2810102 0.3629841 0.2773379 0.3350719 0.2773379 0.3382552 0.2810102 0.3350719 0.2773379 0.3350659 0.2773426 0.3382552 0.2810102 0.3350659 0.2482225 0.3350719 0.2482272 0.3382552 0.2445549 0.3350719 0.2482272 0.3629841 0.2482272 0.3598008 0.2445549 0.3629841 0.2482272 0.3629901 0.2482225 0.3598008 0.2445549 0.3629901 0.2482225 0.3629841 0.2482272 0.3676955 0.2508758 0.3629841 0.2482272 0.3629841 0.2773379 0.3676955 0.2746893 0.3629841 0.2773379 0.3629901 0.2773426 0.3676955 0.2746893 0.3350659 0.2773426 0.3350719 0.2773379 0.3303605 0.2746893 0.3350719 0.2773379 0.3350719 0.2482272 0.3303605 0.2508758 0.3350719 0.2482272 0.3350659 0.2482225 0.3303605 0.2508758 0.3238566 0.04222196 0.2733691 0.04222196 0.2857672 0.01656907 0.08509588 0.04222196 0.0781604 0.02787172 0.1231853 0.01656907 0.08509588 0.04222196 0.1355834 0.04222196 0.1231853 0.01656907 0.3238566 0.04222196 0.3307921 0.02787172 0.2857672 0.01656907 0.303065 0.04222196 0.3185967 0.01656907 0.09215223 0.01656907 0.9834537 0.2492127 0.9834537 0.306621 0.9289617 0.306621 0.9637713 0.8602091 0.9637713 0.7739409 0.9843581 0.7739409 0.9637713 0.8415018 0.9637713 0.7926481 0.9843581 0.7926481 0.9637713 0.7926481 0.9637713 0.8415018 0.9843581 0.8415018 0.9637713 0.7739409 0.9637713 0.8602091 0.9843581 0.8602091 0.5639454 0.07845765 0.5679181 0.108676 0.5141394 0.108676 0.8306663 0.1928952 0.7831522 0.1928952 0.8306663 0.1700437 0.7831522 0.1928952 0.7831522 0.1471922 0.8069093 0.1432049 0.8306663 0.1700437 0.7831522 0.1928952 0.8069093 0.1432049 0.7831522 0.1471922 0.7850586 0.1432049 0.8069093 0.1432049 0.8069093 0.1432049 0.82876 0.1432049 0.8306663 0.1471922 0.6216966 0.07845765 0.6216966 0.108676 0.5679181 0.108676 0.6216966 0.07845765 0.5061941 0.07845765 0.5141394 0.108676 0.5061941 0.07845765 0.5141394 0.108676 0.5047559 0.108676 0.6216966 0.07845765 0.5061939 0.07845765 0.5141392 0.108676 0.5061941 0.07845765 0.4961174 0.07845765 0.5047559 0.108676 0.6216966 0.07845765 0.6216966 0.108676 0.7292538 0.108676 0.5141394 0.108676 0.5679181 0.108676 0.5639454 0.07845765 0.7831522 0.2385982 0.7831522 0.1928952 0.8069093 0.2425854 0.7831522 0.1928952 0.8306663 0.1928952 0.8306663 0.2157467 0.8306663 0.2157467 0.8306663 0.2385982 0.8069093 0.2425854 0.8306663 0.2385982 0.82876 0.2425854 0.8069093 0.2425854 0.7831522 0.1928952 0.8306663 0.2157467 0.8069093 0.2425854 0.5679181 0.108676 0.6216966 0.108676 0.6216966 0.07845765 0.6216966 0.07845765 0.6216966 0.108676 0.5141394 0.108676 0.5047559 0.108676 0.5141394 0.108676 0.5061941 0.07845765 0.6216966 0.07845765 0.6216966 0.108676 0.5141392 0.108676 0.5061941 0.07845765 0.5141394 0.108676 0.5047559 0.108676 0.7292538 0.108676 0.6216966 0.108676 0.6216966 0.07845765 0.5431102 0.5383753 0.5431102 0.4616042 0.5468255 0.4616042 0.5473577 0.465943 0.5473577 0.5330999 0.551073 0.5330999 0.5430858 0.5383753 0.5430858 0.4616042 0.5468011 0.4616042 0.5505409 0.5383753 0.5505409 0.4616042 0.5468255 0.4616042 0.5468255 0.5383753 0.5468255 0.4616042 0.5505409 0.4616042 0.5468011 0.5383753 0.5468011 0.4616042 0.5505164 0.4616042 0.5468255 0.5383753 0.5468255 0.4616042 0.5431102 0.4616042 0.5470854 0.465943 0.5470854 0.5330999 0.5508008 0.5330999 0.5508008 0.465943 0.5508008 0.5330999 0.5470854 0.5330999 0.5436424 0.465943 0.5436424 0.5330999 0.5473577 0.5330999 0.5470854 0.465943 0.5433701 0.465943 0.5433701 0.5330999 0.551073 0.465943 0.551073 0.5330999 0.5473577 0.5330999 0.5505164 0.5383753 0.5505164 0.4616042 0.5468011 0.4616042 0.5468011 0.5383753 0.5468011 0.4616042 0.5430858 0.4616042 0.5470854 0.465943 0.5470854 0.5330999 0.5433701 0.5330999 0.5473577 0.465943 0.5473577 0.5330999 0.5436424 0.5330999 0.5431102 0.5383753 0.5431102 0.4616042 0.5468255 0.4616042 0.5473577 0.465943 0.5473577 0.5330999 0.551073 0.5330999 0.5430858 0.5383753 0.5430858 0.4616042 0.5468011 0.4616042 0.5505409 0.5383753 0.5505409 0.4616042 0.5468255 0.4616042 0.5468255 0.5383753 0.5468255 0.4616042 0.5505409 0.4616042 0.5468011 0.5383753 0.5468011 0.4616042 0.5505164 0.4616042 0.5468255 0.5383753 0.5468255 0.4616042 0.5431102 0.4616042 0.5470854 0.465943 0.5470854 0.5330999 0.5508008 0.5330999 0.5508008 0.465943 0.5508008 0.5330999 0.5470854 0.5330999 0.5436424 0.465943 0.5436424 0.5330999 0.5473577 0.5330999 0.5470854 0.465943 0.5433701 0.465943 0.5433701 0.5330999 0.551073 0.465943 0.551073 0.5330999 0.5473577 0.5330999 0.5505164 0.5383753 0.5505164 0.4616042 0.5468011 0.4616042 0.5468011 0.5383753 0.5468011 0.4616042 0.5430858 0.4616042 0.5470854 0.465943 0.5470854 0.5330999 0.5433701 0.5330999 0.5473577 0.465943 0.5473577 0.5330999 0.5436424 0.5330999 0.5473577 0.5330999 0.5508008 0.5330999 0.5473577 0.5330999 0.5508008 0.5330999 0.5470854 0.5330999 0.5433701 0.5330999 0.5473577 0.5330999 0.5508008 0.5330999 0.5433701 0.5330999 0.5473577 0.5330999 0.551073 0.5330999 0.5508008 0.5330999 0.551073 0.5330999 0.5470854 0.5330999 0.5508008 0.5330999 0.5505409 0.4616042 0.5468011 0.4616042 0.5430858 0.4616042 0.5430858 0.4616042 0.5468255 0.4616042 0.5431102 0.4616042 0.5431102 0.4616042 0.5468011 0.4616042 0.5505409 0.4616042 0.5468011 0.4616042 0.5505164 0.4616042 0.5505409 0.4616042 0.5505164 0.4616042 0.5468255 0.4616042 0.5505409 0.4616042 0.5473577 0.5330999 0.5508008 0.5330999 0.5473577 0.5330999 0.5508008 0.5330999 0.5470854 0.5330999 0.5433701 0.5330999 0.5473577 0.5330999 0.5508008 0.5330999 0.5433701 0.5330999 0.5473577 0.5330999 0.551073 0.5330999 0.5508008 0.5330999 0.551073 0.5330999 0.5470854 0.5330999 0.5508008 0.5330999 0.5505409 0.4616042 0.5468011 0.4616042 0.5430858 0.4616042 0.5430858 0.4616042 0.5468255 0.4616042 0.5431102 0.4616042 0.5431102 0.4616042 0.5468011 0.4616042 0.5505164 0.4616042 0.5505164 0.4616042 0.5468255 0.4616042 0.5431102 0.4616042 0.5468255 0.4616042 0.5505409 0.4616042 0.5431102 0.4616042 0.9637713 0.8415018 0.9637713 0.8602091 0.9637713 0.7926481 0.1231853 0.01656907 0.2857672 0.01656907 0.3185967 0.01656907 0.3185967 0.01656907 0.3307921 0.02787172 0.09215223 0.01656907 0.3307921 0.02787172 0.2857672 0.01656907 0.09215223 0.01656907 0.2857672 0.01656907 0.1231853 0.01656907 0.09215223 0.01656907 0.09215223 0.01656907 0.0781604 0.02787172 0.3185967 0.01656907 0.5884781 0.9510336 0.5735637 0.9634653 0.5119765 0.9634653 0.5119765 0.9634653 0.4970621 0.9510336 0.5884781 0.9510336 0.4970621 0.9510336 0.4970621 0.8592957 0.5884781 0.9510336 0.4970621 0.8592957 0.5119765 0.846864 0.5735637 0.8468639 0.5735637 0.8468639 0.5884781 0.8592957 0.4970621 0.8592957 0.5421739 0.9347703 0.5713484 0.9347703 0.542174 0.9347703 0.5713484 0.9347703 0.5129995 0.9347703 0.542174 0.9347703 0.542174 0.9347703 0.5129995 0.9347703 0.5713484 0.9347703 0.5129995 0.9347703 0.5713484 0.9347703 0.542174 0.9347703 0.5713484 0.9347703 0.5421739 0.9347703 0.542174 0.9347703 0.5104542 0.9347703 0.5129995 0.9347703 0.542174 0.9347703 0.5421739 0.9347703 0.542174 0.9347703 0.5421739 0.9347703 0.542174 0.9347703 0.5713484 0.9347703 0.5421739 0.9347703 0.5421739 0.9347703 0.5104542 0.9347703 0.542174 0.9347703 0.5737822 0.7271929 0.5737822 0.8406006 0.5026573 0.8406006 0.5738678 0.7271929 0.5738678 0.8406006 0.5027429 0.8406006 0.667324 0.4224902 0.667324 0.3428862 0.7083124 0.3428862 0.5129995 0.9282039 0.509533 0.9365729 0.509533 0.9365729 0.5020853 0.8964843 0.5020853 0.9291253 0.5104542 0.9256587 0.5129995 0.9282039 0.509533 0.9365729 0.542174 0.9365729 0.542174 0.9347703 0.5129995 0.9347703 0.5129995 0.9373747 0.5129995 0.9347703 0.5104542 0.9347703 0.5104542 0.9373747 0.667324 0.4935681 0.667324 0.4139641 0.7083124 0.4139641 0.2081236 0.002086818 0.2081236 0.100988 0.01622825 0.100988 0.2090185 0.005640447 0.2090185 0.1016669 0.01439154 0.1016669 0.5713484 0.9347703 0.5421739 0.9347703 0.5421739 0.9373747 0.5020853 0.9291252 0.5104542 0.9256587 0.5104542 0.9256587 0.7083124 0.4935681 0.667324 0.4935681 0.667324 0.4935681 0.5104542 0.9373747 0.5129995 0.9373747 0.5129995 0.9373747 0.5036222 0.929431 0.5020853 0.9291252 0.509533 0.9365729 0.51025 0.9266858 0.5119726 0.9284083 0.5129995 0.9282039 0.5036222 0.929431 0.51025 0.9266858 0.5104542 0.9256587 0.5129995 0.9282039 0.5119726 0.9284083 0.5092273 0.935036 0.51025 0.9266858 0.5036222 0.929431 0.5092273 0.935036 0.5026573 0.8406006 0.5737822 0.8406006 0.5737822 0.7271929 0.5027429 0.8406006 0.5738678 0.8406006 0.5738678 0.7271929 0.7083124 0.3428862 0.667324 0.3428862 0.667324 0.4224902 0.509533 0.9365729 0.509533 0.9365729 0.5129995 0.9282039 0.5104542 0.9256587 0.5020853 0.9291253 0.5020853 0.8964843 0.5129995 0.9282039 0.542174 0.9282039 0.542174 0.9365729 0.5129995 0.9373747 0.5129995 0.9347703 0.542174 0.9347703 0.5104542 0.9373747 0.5104542 0.9347703 0.5129995 0.9347703 0.7083124 0.4139641 0.667324 0.4139641 0.667324 0.4935681 0.01622825 0.100988 0.2081236 0.100988 0.2081236 0.002086818 0.01439154 0.1016669 0.2090185 0.1016669 0.2090185 0.005640447 0.5421739 0.9373747 0.5421739 0.9347703 0.5713484 0.9347703 0.5104542 0.9256587 0.5104542 0.9256587 0.5020853 0.9291252 0.667324 0.4935681 0.667324 0.4935681 0.7083124 0.4935681 0.5129995 0.9373747 0.5129995 0.9373747 0.5104542 0.9373747 0.5036222 0.929431 0.5092273 0.935036 0.509533 0.9365729 0.5129995 0.9282039 0.5119726 0.9284083 0.51025 0.9266858 0.5104542 0.9256587 0.51025 0.9266858 0.5036222 0.929431 0.5129995 0.9282039 0.509533 0.9365729 0.5092273 0.935036 0.5119726 0.9284083 0.5092273 0.935036 0.5036222 0.929431 0.5026573 0.8406006 0.5737822 0.8406006 0.5737822 0.7271929 0.5027429 0.8406006 0.5738678 0.8406006 0.5738678 0.7271929 0.7083124 0.3428862 0.667324 0.3428862 0.667324 0.4224902 0.509533 0.9365729 0.509533 0.9365729 0.5129995 0.9282039 0.5104542 0.9256587 0.5020853 0.9291253 0.5020853 0.8964843 0.5129995 0.9282039 0.542174 0.9282039 0.542174 0.9365729 0.5129995 0.9373747 0.5129995 0.9347703 0.542174 0.9347703 0.5104542 0.9373747 0.5104542 0.9347703 0.5129995 0.9347703 0.7083124 0.4139641 0.667324 0.4139641 0.667324 0.4935681 0.01622825 0.100988 0.2081236 0.100988 0.2081236 0.002086818 0.01439154 0.1016669 0.2090185 0.1016669 0.2090185 0.005640447 0.5421739 0.9373747 0.5421739 0.9347703 0.5713484 0.9347703 0.5104542 0.9256587 0.5104542 0.9256587 0.5020853 0.9291252 0.667324 0.4935681 0.667324 0.4935681 0.7083124 0.4935681 0.5129995 0.9373747 0.5129995 0.9373747 0.5104542 0.9373747 0.5036222 0.929431 0.5092273 0.935036 0.509533 0.9365729 0.5129995 0.9282039 0.5119726 0.9284083 0.51025 0.9266858 0.5104542 0.9256587 0.51025 0.9266858 0.5036222 0.929431 0.5129995 0.9282039 0.509533 0.9365729 0.5092273 0.935036 0.51025 0.9266858 0.5119726 0.9284083 0.5092273 0.935036 0.5737822 0.7271929 0.5737822 0.8406006 0.5026573 0.8406006 0.5738678 0.7271929 0.5738678 0.8406006 0.5027429 0.8406006 0.667324 0.4224902 0.667324 0.3428862 0.7083124 0.3428862 0.5129995 0.9282039 0.509533 0.9365729 0.509533 0.9365729 0.5020853 0.8964843 0.5020853 0.9291253 0.5104542 0.9256587 0.5129995 0.9282039 0.509533 0.9365729 0.542174 0.9365729 0.542174 0.9347703 0.5129995 0.9347703 0.5129995 0.9373747 0.5129995 0.9347703 0.5104542 0.9347703 0.5104542 0.9373747 0.667324 0.4935681 0.667324 0.4139641 0.7083124 0.4139641 0.2081236 0.002086818 0.2081236 0.100988 0.01622825 0.100988 0.2090185 0.005640447 0.2090185 0.1016669 0.01439154 0.1016669 0.5713484 0.9347703 0.5421739 0.9347703 0.5421739 0.9373747 0.5020853 0.9291252 0.5104542 0.9256587 0.5104542 0.9256587 0.7083124 0.4935681 0.667324 0.4935681 0.667324 0.4935681 0.5104542 0.9373747 0.5129995 0.9373747 0.5129995 0.9373747 0.5036222 0.929431 0.5020853 0.9291252 0.509533 0.9365729 0.51025 0.9266858 0.5119726 0.9284083 0.5129995 0.9282039 0.5036222 0.929431 0.51025 0.9266858 0.5104542 0.9256587 0.5129995 0.9282039 0.5119726 0.9284083 0.5092273 0.935036 0.51025 0.9266858 0.5036222 0.929431 0.5092273 0.935036 0.4970621 0.9510336 0.497062 0.8592957 0.4970621 0.8592957 0.5735637 0.9634653 0.5119765 0.9634653 0.5119765 0.9634653 0.7322158 0.6082574 0.7235583 0.6179153 0.7766239 0.6179153 0.7235583 0.6179153 0.7235583 0.6891838 0.7766239 0.6179153 0.7235583 0.6891838 0.7322158 0.6988417 0.7679663 0.6988417 0.7679663 0.6988417 0.7766239 0.6891838 0.7235583 0.6891838 0.7766239 0.6891838 0.7766239 0.6179153 0.7235583 0.6891838 0.5884781 0.8592957 0.5884781 0.9510336 0.5884781 0.9510336 0.5884781 0.9510336 0.5884781 0.9510336 0.5735637 0.9634653 0.5884781 0.8592957 0.5884781 0.8592957 0.5735637 0.8468639 0.4970621 0.8592957 0.497062 0.8592957 0.5119765 0.8468639 0.4970621 0.9510336 0.4970621 0.9510336 0.5119765 0.9634653 0.5119765 0.8468639 0.5735637 0.8468639 0.5735637 0.8468639 0.3350719 0.2482272 0.3350719 0.2773379 0.3350719 0.2773379 0.2857672 0.01656907 0.1231853 0.01656907 0.1355834 0.04222196 0.1355834 0.04222196 0.1231853 0.01656907 0.2857672 0.01656907 0.3185967 0.01656907 0.09215223 0.01656907 0.1076838 0.04222196 0.3629841 0.2482272 0.3629841 0.2773379 0.3350719 0.2773379 0.3350719 0.2773379 0.3629841 0.2773379 0.3629841 0.2773379 0.3629841 0.2482272 0.3350719 0.2482272 0.3350719 0.2482272 0.3629841 0.2773379 0.3629841 0.2482272 0.3629841 0.2482272 0.3350719 0.2773379 0.3629841 0.2773379 0.3382552 0.2810102 0.3629841 0.2773379 0.3629901 0.2773426 0.3598008 0.2810102 0.3382552 0.2810102 0.3629841 0.2773379 0.3598008 0.2810102 0.3629841 0.2482272 0.3350719 0.2482272 0.3598008 0.2445549 0.3350719 0.2482272 0.3350659 0.2482225 0.3382552 0.2445549 0.3598008 0.2445549 0.3350719 0.2482272 0.3382552 0.2445549 0.3629841 0.2773379 0.3629841 0.2482272 0.3676955 0.2746893 0.3629841 0.2482272 0.3629901 0.2482225 0.3676955 0.2508758 0.3676955 0.2746893 0.3629841 0.2482272 0.3676955 0.2508758 0.3350719 0.2482272 0.3350719 0.2773379 0.3303605 0.2508758 0.3350719 0.2773379 0.3350659 0.2773426 0.3303605 0.2746893 0.3303605 0.2508758 0.3350719 0.2773379 0.3303605 0.2746893 0.2857672 0.01656907 0.2733691 0.04222196 0.3238566 0.04222196 0.08509588 0.04222196 0.1355834 0.04222196 0.1231853 0.01656907 0.1231853 0.01656907 0.1355834 0.04222196 0.08509588 0.04222196 0.3238566 0.04222196 0.2733691 0.04222196 0.2857672 0.01656907 0.09215223 0.01656907 0.3185967 0.01656907 0.303065 0.04222196 0.9289617 0.306621 0.9834537 0.306621 0.9834537 0.2492127 0.9843581 0.7739409 0.9637713 0.7739409 0.9637713 0.8602091 0.9843581 0.7926481 0.9637713 0.7926481 0.9637713 0.8415018 0.9843581 0.8415018 0.9637713 0.8415018 0.9637713 0.7926481 0.9843581 0.8602091 0.9637713 0.8602091 0.9637713 0.7739409 0.5141394 0.108676 0.5679181 0.108676 0.5639454 0.07845765 0.7831522 0.1471922 0.7831522 0.1928952 0.8069093 0.1432049 0.7831522 0.1928952 0.8306663 0.1928952 0.8306663 0.1700437 0.8306663 0.1700437 0.8306663 0.1471922 0.8069093 0.1432049 0.8306663 0.1471922 0.82876 0.1432049 0.8069093 0.1432049 0.7831522 0.1928952 0.8306663 0.1700437 0.8069093 0.1432049 0.5679181 0.108676 0.6216966 0.108676 0.6216966 0.07845765 0.6216966 0.07845765 0.6216966 0.108676 0.5141394 0.108676 0.5047559 0.108676 0.5141394 0.108676 0.5061941 0.07845765 0.6216966 0.07845765 0.6216966 0.108676 0.5141392 0.108676 0.5061941 0.07845765 0.5141394 0.108676 0.5047559 0.108676 0.7292538 0.108676 0.6216966 0.108676 0.6216966 0.07845765 0.5639454 0.07845765 0.5679181 0.108676 0.5141394 0.108676 0.8306663 0.1928952 0.7831522 0.1928952 0.8306663 0.2157467 0.7831522 0.1928952 0.7831522 0.2385982 0.8069093 0.2425854 0.8306663 0.2157467 0.7831522 0.1928952 0.8069093 0.2425854 0.7831522 0.2385982 0.7850586 0.2425854 0.8069093 0.2425854 0.8069093 0.2425854 0.82876 0.2425854 0.8306663 0.2385982 0.6216966 0.07845765 0.6216966 0.108676 0.5679181 0.108676 0.6216966 0.07845765 0.5061941 0.07845765 0.5141394 0.108676 0.5061941 0.07845765 0.5141394 0.108676 0.5047559 0.108676 0.6216966 0.07845765 0.5061939 0.07845765 0.5141392 0.108676 0.5061941 0.07845765 0.4961174 0.07845765 0.5047559 0.108676 0.6216966 0.07845765 0.6216966 0.108676 0.7292538 0.108676 0.5468255 0.4616042 0.5431102 0.4616042 0.5431102 0.5383753 0.551073 0.5330999 0.5473577 0.5330999 0.5473577 0.465943 0.5468011 0.4616042 0.5430858 0.4616042 0.5430858 0.5383753 0.5468255 0.4616042 0.5505409 0.4616042 0.5505409 0.5383753 0.5505409 0.4616042 0.5468255 0.4616042 0.5468255 0.5383753 0.5505164 0.4616042 0.5468011 0.4616042 0.5468011 0.5383753 0.5431102 0.4616042 0.5468255 0.4616042 0.5468255 0.5383753 0.5508008 0.5330999 0.5470854 0.5330999 0.5470854 0.465943 0.5470854 0.5330999 0.5508008 0.5330999 0.5508008 0.465943 0.5473577 0.5330999 0.5436424 0.5330999 0.5436424 0.465943 0.5470854 0.465943 0.5470854 0.5330999 0.5433701 0.5330999 0.5473577 0.5330999 0.551073 0.5330999 0.551073 0.465943 0.5468011 0.4616042 0.5505164 0.4616042 0.5505164 0.5383753 0.5430858 0.4616042 0.5468011 0.4616042 0.5468011 0.5383753 0.5433701 0.5330999 0.5470854 0.5330999 0.5470854 0.465943 0.5436424 0.5330999 0.5473577 0.5330999 0.5473577 0.465943 0.5468255 0.4616042 0.5431102 0.4616042 0.5431102 0.5383753 0.551073 0.5330999 0.5473577 0.5330999 0.5473577 0.465943 0.5468011 0.4616042 0.5430858 0.4616042 0.5430858 0.5383753 0.5468255 0.4616042 0.5505409 0.4616042 0.5505409 0.5383753 0.5505409 0.4616042 0.5468255 0.4616042 0.5468255 0.5383753 0.5505164 0.4616042 0.5468011 0.4616042 0.5468011 0.5383753 0.5431102 0.4616042 0.5468255 0.4616042 0.5468255 0.5383753 0.5508008 0.5330999 0.5470854 0.5330999 0.5470854 0.465943 0.5470854 0.5330999 0.5508008 0.5330999 0.5508008 0.465943 0.5473577 0.5330999 0.5436424 0.5330999 0.5436424 0.465943 0.5470854 0.465943 0.5470854 0.5330999 0.5433701 0.5330999 0.5473577 0.5330999 0.551073 0.5330999 0.551073 0.465943 0.5468011 0.4616042 0.5505164 0.4616042 0.5505164 0.5383753 0.5430858 0.4616042 0.5468011 0.4616042 0.5468011 0.5383753 0.5433701 0.5330999 0.5470854 0.5330999 0.5470854 0.465943 0.5436424 0.5330999 0.5473577 0.5330999 0.5473577 0.465943 0.7779386 0.5323567 0.7952619 0.5323567 0.7952619 0.4715698 0.7779386 0.5323567 0.7952619 0.5323567 0.7952619 0.4715698 0.7952619 0.5323567 0.7779386 0.5323567 0.7779386 0.4715698 0.7952619 0.5323567 0.7779386 0.5323567 0.7779385 0.4715698 0.812494 0.5540117 0.812494 0.5355523 0.8329297 0.5355523 0.7952619 0.4107829 0.7779386 0.4107829 0.7779386 0.349996 0.7952619 0.4715698 0.7779385 0.4715698 0.7779386 0.4107829 0.7952619 0.4107829 0.7779386 0.4107829 0.7779386 0.349996 0.7952619 0.4715698 0.7779386 0.4715698 0.7779386 0.4107829 0.7779386 0.4107829 0.7952619 0.4107829 0.7952619 0.349996 0.7779386 0.4715698 0.7952619 0.4715698 0.7952619 0.4107829 0.7779386 0.4107829 0.7952619 0.4107829 0.7952619 0.349996 0.7779385 0.4715698 0.7952619 0.4715698 0.7952619 0.4107829 0.7779386 0.5323567 0.7952619 0.5323567 0.7952619 0.4715698 0.7779386 0.5323567 0.7952619 0.5323567 0.7952619 0.4715698 0.7952619 0.5323567 0.7779386 0.5323567 0.7779386 0.4715698 0.7952619 0.5323567 0.7779386 0.5323567 0.7779385 0.4715698 0.812494 0.5540117 0.812494 0.5355523 0.8329297 0.5355523 0.7952619 0.4107829 0.7779386 0.4107829 0.7779386 0.349996 0.7952619 0.4715698 0.7779385 0.4715698 0.7779386 0.4107829 0.7952619 0.4107829 0.7779386 0.4107829 0.7779386 0.349996 0.7952619 0.4715698 0.7779386 0.4715698 0.7779386 0.4107829 0.7779386 0.4107829 0.7952619 0.4107829 0.7952619 0.349996 0.7779386 0.4715698 0.7952619 0.4715698 0.7952619 0.4107829 0.7779386 0.4107829 0.7952619 0.4107829 0.7952619 0.349996 0.7779385 0.4715698 0.7952619 0.4715698 0.7952619 0.4107829</float_array>
          <technique_common>
            <accessor source="#Cubo_001-mesh-map-0-array" count="6702" stride="2">
              <param name="S" type="float"/>
              <param name="T" type="float"/>
            </accessor>
          </technique_common>
        </source>
        <source id="Cubo_001-mesh-map-1">
          <float_array id="Cubo_001-mesh-map-1-array" count="13404">0 0 0 0 0 0 0 0 0 0 0 0 0 0 0 0 0 0 0 0 0 0 0 0 0 0 0 0 0 0 0 0 0 0 0 0 0 0 0 0 0 0 0 0 0 0 0 0 0 0 0 0 0 0 0 0 0 0 0 0 0 0 0 0 0 0 0 0 0 0 0 0 0 0 0 0 0 0 0 0 0 0 0 0 0 0 0 0 0 0 0 0 0 0 0 0 0 0 0 0 0 0 0 0 0 0 0 0 0 0 0 0 0 0 0 0 0 0 0 0 0 0 0 0 0 0 0 0 0 0 0 0 0 0 0 0 0 0 0 0 0 0 0 0 0.5893405 0.8440769 0.7041323 0.9773099 0.7041323 0.8440769 0.5208602 0.974706 0.5448349 0.9619362 0.5448347 0.974706 0.5216844 0.8470069 0.5456591 0.974706 0.5216844 0.974706 0.5208602 0.9491662 0.5448347 0.9619362 0.5208602 0.9619362 0.5452467 0.974706 0.5212722 0.8470069 0.5452467 0.8470069 0.479458 0.07192063 0.2444498 0.008357882 0.2444498 0.07278728 0.2444498 0.07278728 0.009441673 0.008357882 0.009441673 0.07192063 0.1544697 0.3881195 0.08489185 0.3153504 0.1544697 0.3153504 0.479458 0.07192063 0.479458 0.008357882 0.479458 0.008357882 0.009441673 0.008357882 0.009441673 0.07192063 0.009441673 0.008357882 0.08489185 0.3881195 0.01531386 0.3153504 0.08489185 0.3153504 0.009441673 0.07192063 0.009441673 0.008357882 0.009441673 0.07192063 0.1544697 0.3881195 0.08489185 0.3881195 0.08489185 0.3881195 0.479458 0.07192063 0.479458 0.008357882 0.479458 0.008357882 0.08489185 0.3881195 0.01531386 0.3881195 0.01531386 0.3881195 0 0 0 0 0 0 0 0 0 0 0 0 0 0 0 0 0 0 0 0 0 0 0 0 0 0 0 0 0 0 0 0 0 0 0 0 0 0 0 0 0 0 0 0 0 0 0 0 0 0 0 0 0 0 0 0 0 0 0 0 0 0 0 0 0 0 0 0 0 0 0 0 0 0 0 0 0 0 0 0 0 0 0 0 0 0 0 0 0 0 0 0 0 0 0 0 0 0 0 0 0 0 0 0 0 0 0 0 0 0 0 0 0 0 0 0 0 0 0 0 0 0 0 0 0 0 0 0 0 0 0 0 0 0 0 0 0 0 0 0 0 0 0 0 0 0 0 0 0 0 0 0 0 0 0 0 0 0 0 0 0 0 0 0 0 0 0 0 0 0 0 0 0 0 0 0 0 0 0 0 0 0 0 0 0 0 0 0 0 0 0 0 0 0 0 0 0 0 0 0 0 0 0 0 0 0 0 0 0 0 0 0 0 0 0 0 0 0 0 0 0 0 0 0 0 0 0 0 0 0 0 0 0 0 0 0 0 0 0 0 0 0 0 0 0 0 0 0 0 0 0 0 0 0 0 0 0 0 0 0 0 0 0 0 0 0 0 0 0 0 0 0 0 0 0 0 0 0 0 0 0 0 0 0 0 0 0 0 0 0 0 0 0 0 0 0 0 0 0 0 0 0 0 0 0 0 0 0 0 0 0 0 0 0 0 0 0 0 0 0 0 0 0 0 0 0 0 0 0 0 0 0 0 0 0 0 0 0 0 0 0 0 0 0 0 0 0 0 0 0 0 0 0 0 0 0 0 0 0 0 0 0 0 0 0 0 0 0 0 0 0 0 0 0 0 0 0 0 0 0 0 0 0 0 0 0 0 0 0 0 0 0 0 0 0 0 0 0 0 0 0 0 0 0 0 0 0 0 0 0 0 0 0 0 0 0 0 0 0 0 0 0 0 0 0 0 0 0 0 0 0 0 0 0 0 0 0 0 0 0 0 0 0 0 0 0 0 0 0 0 0 0 0 0 0 0 0 0 0 0 0 0 0 0 0 0 0 0 0 0 0 0 0 0 0 0 0 0 0 0 0 0 0 0 0 0 0 0 0 0 0 0 0 0 0 0 0 0 0 0 0 0 0 0 0 0 0 0 0 0 0 0 0 0 0 0 0 0 0 0 0 0 0 0 0 0 0 0 0 0 0 0 0 0 0 0 0 0 0 0 0 0 0 0 0 0 0 0 0 0 0 0 0 0 0 0 0 0 0 0 0 0 0 0 0 0 0 0 0 0 0 0 0 0 0 0 0 0 0 0 0 0 0 0 0 0 0 0 0 0 0 0 0 0 0 0 0 0 0 0 0 0 0 0 0 0 0 0 0 0 0 0 0 0 0 0 0 0 0 0 0 0 0 0 0 0 0 0 0 0 0 0 0 0 0 0 0 0 0 0 0 0 0 0 0 0 0 0 0 0 0 0 0 0 0 0 0 0 0 0 0 0 0 0 0 0 0 0 0 0 0 0 0 0 0 0 0 0 0 0 0 0 0 0 0 0 0 0 0 0 0 0 0 0 0 0 0 0 0 0 0 0 0 0 0 0 0 0 0 0 0 0 0 0 0 0 0 0 0 0 0 0 0 0 0 0 0 0 0 0 0 0 0 0 0 0 0 0 0 0 0 0 0 0 0 0 0 0 0 0 0 0 0 0 0 0 0 0 0 0 0 0 0 0 0 0 0 0 0 0 0 0 0 0 0 0 0 0 0 0 0 0 0 0 0 0 0 0 0 0 0 0 0 0 0 0 0 0 0 0 0 0 0 0 0 0 0 0 0 0 0 0 0 0 0 0 0 0 0 0 0 0 0 0 0 0 0 0 0 0 0 0 0 0 0 0 0 0 0 0 0 0 0 0 0 0 0 0 0 0 0 0 0 0 0 0 0 0 0 0 0 0 0 0 0 0 0 0 0 0 0 0 0 0 0 0 0 0 0 0 0 0 0 0 0 0 0 0 0 0 0 0 0 0 0 0 0 0 0 0 0 0 0 0 0 0 0 0 0 0 0 0 0 0 0 0 0 0 0 0 0 0 0 0 0 0 0 0 0 0 0 0 0 0 0 0 0 0 0 0 0 0 0 0 0 0 0 0 0 0 0 0 0 0 0 0 0 0 0 0 0 0 0 0 0 0 0 0 0 0 0 0 0 0 0 0 0 0 0 0 0 0 0 0 0 0 0 0 0 0 0 0 0 0 0 0 0 0 0 0 0 0 0 0 0 0 0 0 0 0 0 0 0 0 0 0 0 0 0 0 0 0 0 0 0 0 0 0 0 0 0 0 0 0 0 0 0 0 0 0 0 0 0 0 0 0 0 0 0 0 0 0 0 0 0 0 0 0 0 0 0 0 0 0 0 0 0 0 0 0 0 0 0 0 0 0 0 0 0 0 0 0 0 0 0 0 0 0 0 0 0 0 0 0 0 0 0 0 0 0 0 0 0 0 0 0 0 0 0 0 0 0 0 0 0 0 0 0 0 0 0 0 0 0 0 0 0 0 0 0 0 0 0 0 0 0 0 0 0 0 0 0 0 0 0 0 0 0 0 0 0 0 0 0 0 0 0 0 0 0 0 0 0 0 0 0 0 0 0 0 0 0 0 0 0 0 0 0 0 0 0 0 0 0 0 0 0 0 0 0 0 0 0 0 0 0 0 0 0 0 0 0 0 0 0 0 0 0 0 0 0 0 0 0 0 0 0 0 0 0 0 0 0 0 0 0 0 0 0 0 0 0 0 0 0 0 0 0 0 0 0 0 0 0 0 0 0 0 0 0 0 0 0 0 0 0 0 0 0 0 0 0 0 0 0 0 0 0 0 0 0 0 0 0 0 0 0 0 0 0 0 0 0 0 0 0 0 0 0 0 0 0 0 0 0 0 0 0 0 0 0 0 0 0 0 0 0 0 0 0 0 0 0 0 0 0 0 0 0 0 0 0 0 0 0 0 0 0 0 0 0 0 0 0 0 0 0 0 0 0 0 0 0 0 0 0 0 0 0 0 0 0 0 0 0 0 0 0 0 0 0 0 0 0 0 0 0 0 0 0 0 0 0 0 0 0 0 0 0 0 0 0 0 0 0 0 0 0 0 0 0 0 0 0 0 0 0 0 0 0 0 0 0 0 0 0 0 0 0 0 0 0 0 0 0 0 0 0 0 0 0 0 0 0 0 0 0 0 0 0 0 0 0 0 0 0 0 0 0 0 0 0 0 0 0 0 0 0 0 0 0 0 0 0 0 0 0 0 0 0 0 0 0 0 0 0 0 0 0 0 0 0 0 0 0 0 0 0 0 0 0 0 0 0 0 0 0 0 0 0 0 0 0 0 0 0 0 0 0 0 0 0 0 0 0 0 0 0 0 0 0 0 0 0 0 0 0 0 0 0 0 0 0 0 0 0 0 0 0 0 0 0 0 0 0 0 0 0 0 0 0 0 0 0 0 0 0 0 0 0 0 0 0 0 0 0 0 0 0 0 0 0 0 0 0 0 0 0 0 0 0 0 0 0 0 0 0 0 0 0 0 0 0 0 0 0 0 0 0 0 0 0 0 0 0 0 0 0 0 0 0 0 0 0 0 0 0 0 0 0 0 0 0 0 0 0 0 0 0 0 0 0 0 0 0 0 0 0 0 0 0 0 0 0 0 0 0 0 0 0 0 0 0 0 0 0 0 0 0 0 0 0 0 0 0 0 0 0 0 0 0 0 0 0 0 0 0 0 0 0 0 0 0 0 0 0 0 0 0 0 0 0 0 0 0 0 0 0 0 0 0 0 0 0 0 0 0 0 0 0 0 0 0 0 0 0 0 0 0 0 0 0 0 0 0 0 0 0 0 0 0 0 0 0 0 0 0 0 0 0 0 0 0 0 0 0 0 0 0 0 0 0 0 0 0 0 0 0 0 0 0 0 0 0 0 0 0 0 0 0 0 0 0 0 0 0 0 0 0 0 0 0 0 0 0 0 0 0 0 0 0 0 0 0 0 0 0 0 0 0 0 0 0 0 0 0 0 0 0 0 0 0 0 0 0 0 0 0 0 0 0 0 0 0 0 0 0 0 0 0 0 0 0 0 0 0 0 0 0 0 0 0 0 0 0 0 0 0 0 0 0 0 0 0 0 0 0 0 0 0 0 0 0 0 0 0 0 0 0 0 0 0 0 0 0 0 0 0 0 0 0 0 0 0 0 0 0 0 0 0 0 0 0 0 0 0 0 0 0 0 0 0 0 0 0 0 0 0 0 0 0 0 0 0 0 0 0 0 0 0 0 0 0 0 0 0 0 0 0 0 0 0 0 0 0 0 0 0 0 0 0 0 0 0 0 0 0 0 0 0 0 0 0 0 0 0 0 0 0 0 0 0 0 0 0 0 0 0 0 0 0 0 0 0 0 0 0 0 0 0 0 0 0 0 0 0 0 0 0 0 0 0 0 0 0 0 0 0 0 0 0 0 0 0 0 0 0 0 0 0 0 0 0 0 0 0 0 0 0 0 0 0 0 0 0 0 0 0 0 0 0 0 0 0 0 0 0 0 0 0 0 0 0 0 0 0 0 0 0 0 0 0 0 0 0 0 0 0 0 0 0 0 0 0 0 0 0 0 0 0 0 0 0 0 0 0 0 0 0 0 0 0 0 0 0 0 0 0 0 0 0 0 0 0 0 0 0 0 0 0 0 0 0 0 0 0 0 0 0 0 0 0 0 0 0 0 0 0 0 0 0 0 0 0 0 0 0 0 0 0 0 0 0 0 0 0 0 0 0 0 0 0 0 0 0 0 0 0 0 0 0 0 0 0 0 0 0 0 0 0 0 0 0 0 0 0 0 0 0 0 0 0 0 0 0 0 0 0 0 0 0 0 0 0 0 0 0 0 0 0 0 0 0 0 0 0 0 0 0 0 0 0 0 0 0 0 0 0 0 0 0 0 0 0 0 0 0 0 0 0 0 0 0 0 0 0 0 0 0 0 0 0 0 0 0 0 0 0 0 0 0 0 0 0 0 0 0 0 0 0 0 0 0 0 0 0 0 0 0 0 0 0 0 0 0 0 0 0 0 0 0 0 0 0 0 0 0 0 0 0 0 0 0 0 0 0 0 0 0 0 0 0 0 0 0 0 0 0 0 0 0 0 0 0 0 0 0 0 0 0 0 0 0 0 0 0 0 0 0 0 0 0 0 0 0 0 0 0 0 0 0 0 0 0 0 0 0 0 0 0 0 0 0 0 0 0 0 0 0 0 0 0 0 0 0 0 0 0 0 0 0 0 0 0 0 0 0 0 0 0 0 0 0 0 0 0 0 0 0 0 0 0 0 0 0 0 0 0 0 0 0 0 0 0 0 0 0 0 0 0 0 0 0 0 0 0 0 0 0 0 0 0 0 0 0 0 0 0 0 0 0 0 0 0 0 0 0 0 0 0 0 0 0 0 0 0 0 0 0 0 0 0 0 0 0 0 0 0 0 0 0 0 0 0 0 0 0 0 0 0 0 0 0 0 0 0 0 0 0 0 0 0 0 0 0 0 0 0 0 0 0 0 0 0 0 0 0 0 0 0 0 0 0 0 0 0 0 0 0 0 0 0 0 0 0 0 0 0 0 0 0 0 0 0 0 0 0 0 0 0 0 0 0 0 0 0 0 0 0 0 0 0 0 0 0 0 0 0 0 0 0 0 0 0 0 0 0 0 0 0 0 0 0 0 0 0 0 0 0 0 0 0 0 0 0 0 0 0 0 0 0 0 0 0 0 0 0 0 0 0 0 0 0 0 0 0 0 0 0 0 0 0 0 0 0 0 0 0 0 0 0 0 0 0 0 0 0 0 0 0 0 0 0 0 0 0 0 0 0 0 0 0 0 0 0 0 0 0 0 0 0 0 0 0 0 0 0 0 0 0 0 0 0 0 0 0 0 0 0 0 0 0 0 0 0 0 0 0 0 0 0 0 0 0 0 0 0 0 0 0 0 0 0 0 0 0 0 0 0 0 0 0 0 0 0 0 0 0 0 0 0 0 0 0 0 0 0 0 0 0 0 0 0 0 0 0 0 0 0 0 0 0 0 0 0 0 0 0 0 0 0 0 0 0 0 0 0 0 0 0 0 0 0 0 0 0 0 0 0 0 0 0 0 0 0 0 0 0 0 0 0 0 0 0 0 0 0 0 0 0 0 0 0 0 0 0 0 0 0 0 0 0 0 0 0 0 0 0 0 0 0 0 0 0 0 0 0 0 0 0 0 0 0 0 0 0 0 0 0 0 0 0 0 0 0 0 0 0 0 0 0 0 0 0 0 0 0 0 0 0 0 0 0 0 0 0 0 0 0 0 0 0 0 0 0 0 0 0 0 0 0 0 0 0 0 0 0 0 0 0 0 0 0 0 0 0 0 0 0 0 0 0 0 0 0 0 0 0 0 0 0 0 0 0 0 0 0 0 0 0 0 0 0 0 0 0 0 0 0 0 0 0 0 0 0 0 0 0 0 0 0 0 0 0 0 0 0 0 0 0 0 0 0 0 0 0 0 0 0 0 0 0 0 0 0 0 0 0 0 0 0 0 0 0 0 0 0 0 0 0 0 0 0 0 0 0 0 0 0 0 0 0 0 0 0 0 0 0 0 0 0 0 0 0 0 0 0 0 0 0 0 0 0 0 0 0 0 0 0 0 0 0 0 0 0 0 0 0 0 0 0 0 0 0 0 0 0 0 0 0 0 0 0 0 0 0 0 0 0 0 0 0 0 0 0 0 0 0 0 0 0 0 0 0 0 0 0 0 0 0 0 0 0 0 0 0 0 0 0 0 0 0 0 0 0 0 0 0 0 0 0 0 0 0 0 0 0 0 0 0 0 0 0 0 0 0 0 0 0 0 0 0 0 0 0 0 0 0 0 0 0 0 0 0 0 0 0 0 0 0 0 0 0 0 0 0 0 0 0 0 0 0 0 0 0 0 0 0 0 0 0 0 0 0 0 0 0 0 0 0 0 0 0 0 0 0 0 0 0 0 0 0 0 0 0 0 0 0 0 0 0 0 0 0 0 0 0 0 0 0 0 0 0 0 0 0 0 0 0 0 0 0 0 0 0 0 0 0 0 0 0 0 0 0 0 0 0 0 0 0 0 0 0 0 0 0 0 0 0 0 0 0 0 0 0 0 0 0 0 0 0 0 0 0 0 0 0 0 0 0 0 0 0 0 0 0 0 0 0 0 0 0 0 0 0 0 0 0 0 0 0 0 0 0 0 0 0 0 0 0 0 0 0 0 0 0 0 0 0 0 0 0 0 0 0 0 0 0 0 0 0 0 0 0 0 0 0 0 0 0 0 0 0 0 0 0 0 0 0 0 0 0 0 0 0 0 0 0 0 0 0 0 0 0 0 0 0 0 0 0 0 0 0 0 0 0 0 0 0 0 0 0 0 0 0 0 0 0 0 0 0 0 0 0 0 0 0 0 0 0 0 0 0 0 0 0 0 0 0 0 0 0 0 0 0 0 0 0 0 0 0 0 0 0 0 0 0 0 0 0 0 0 0 0 0 0 0 0 0 0 0 0 0 0 0 0 0 0 0 0 0 0 0 0 0 0 0 0 0 0 0 0 0 0 0 0 0 0 0 0 0 0 0 0 0 0 0 0 0 0 0 0 0 0 0 0 0 0 0 0 0 0 0 0 0 0 0 0 0 0 0 0 0 0 0 0 0 0 0 0 0 0 0 0 0 0 0 0 0 0 0 0 0 0 0 0 0 0 0 0 0 0 0 0 0 0 0 0 0 0 0 0 0 0 0 0 0 0 0 0 0 0 0 0 0 0 0 0 0 0 0 0 0 0 0 0 0 0 0 0 0 0 0 0 0 0 0 0 0 0 0 0 0 0 0 0 0 0 0 0 0 0 0 0 0 0 0 0 0 0 0 0 0 0 0 0 0 0 0 0 0 0 0 0 0 0 0 0 0 0 0 0 0 0 0 0 0 0 0 0 0 0 0 0 0 0 0 0 0 0 0 0 0 0 0 0 0 0 0 0 0 0 0 0 0 0 0 0 0 0 0 0 0 0 0 0 0 0 0 0 0 0 0 0 0 0 0 0 0 0 0 0 0 0 0 0 0 0 0 0 0 0 0 0 0 0 0 0 0 0 0 0 0 0 0 0 0 0 0 0 0 0 0 0 0 0 0 0 0 0 0 0 0 0 0 0 0 0 0 0 0 0 0 0 0 0 0 0 0 0 0 0 0 0 0 0 0 0 0 0 0 0 0 0 0 0 0 0 0 0 0 0 0 0 0 0 0 0 0 0 0 0 0 0 0 0 0 0 0 0 0 0 0 0 0 0 0 0 0 0 0 0 0 0 0 0 0 0 0 0 0 0 0 0 0 0 0 0 0 0 0 0 0 0 0 0 0 0 0 0 0 0 0 0 0 0 0 0 0 0 0 0 0 0 0 0 0 0 0 0 0 0 0 0 0 0 0 0 0 0 0 0 0 0 0 0 0 0 0 0 0 0 0 0 0 0 0 0 0 0 0 0 0 0 0 0 0 0 0 0 0 0 0 0 0 0 0 0 0 0 0 0 0 0 0 0 0 0 0 0 0 0 0 0 0 0 0 0 0 0 0 0 0 0 0 0 0 0 0 0 0 0 0 0 0 0 0 0 0 0 0 0 0.7906011 0.3570865 0.6390828 0.3695397 0.651241 0.3570865 0.7383372 0.3114624 0.7431203 0.3163616 0.7383372 0.3282106 0.7556923 0.3114818 0.7604666 0.3163994 0.7604666 0.3233345 0.7383372 0.3292908 0.7431203 0.33419 0.7383372 0.346039 0.7441662 0.3411683 0.7441662 0.3342331 0.7489405 0.3293155 0.7906011 0.6674775 0.9421195 0.6550243 0.9299614 0.6674775 0.7906011 0.6674775 0.9421195 0.512282 0.9421195 0.6550243 0.651241 0.6674775 0.6390828 0.512282 0.7906011 0.6674775 0.7906011 0.6674775 0.6390828 0.512282 0.9421195 0.512282 0.5564504 0.7141838 0.6306717 0.804111 0.5564504 0.8041025 0.9421195 0.512282 0.7906011 0.3570865 0.9421195 0.3695397 0.6390828 0.512282 0.7906011 0.3570865 0.9421195 0.512282 0.1496223 0.7657938 0.1496223 0.724071 0.2089927 0.7657938 0.6390829 0.6550243 0.6390828 0.512282 0.651241 0.6674775 0.743744 0.6872151 0.7606487 0.6685489 0.8473592 0.6872151 0.9421195 0.3695397 0.7906011 0.3570865 0.9299614 0.3570865 0.6392294 0.1551955 0.7907477 0 0.942266 0.1551955 0.6390828 0.3695397 0.7906011 0.3570865 0.6390828 0.512282 0.00701797 0.3558453 0.1629979 0.1961423 0.1629979 0.3558453 0.6325082 0.5534114 0.4762879 0.7131124 0.4762732 0.5534114 0.3189777 0.3558453 0.1608631 0.3922846 0.1629979 0.3558453 0.9535721 1.05222e-5 0.9581526 0.04086625 0.9532619 0.0408768 0.9704276 0.9709912 0.9304506 0.8282504 0.9704276 0.8282504 0.8484053 0.9709942 0.8883819 0.8282518 0.8883819 0.9879549 0.2100388 0.7145154 0.2199909 0.8572576 0.2100387 0.8572576 0.9535721 0.05338847 0.9433121 0.04089814 0.9532619 0.0408768 0.1629979 0.3558453 0.00488317 0.3922846 0.00701797 0.3558453 0.4762732 0.5534114 0.3200529 0.7131124 0.3200383 0.5534114 0.1629979 0.3558453 0.3189777 0.1961423 0.3189777 0.3558453 0.9538487 0.196129 0.9436222 0.05340993 0.9535721 0.05338847 0.317779 0.5186155 0.3128872 0.4776474 0.317779 0.4776683 0.00488317 0.3922846 0.00213474 0.3558453 0.00701797 0.3558453 0.9532619 0.0408768 0.9584627 0.05337798 0.9535721 0.05338847 0.225206 0.7771582 0.2210369 0.8223266 0.2210369 0.7707939 0.2610138 0.8053663 0.2568655 0.7905904 0.2610138 0.7877549 0.2610138 0.7877549 0.225206 0.7771582 0.2210369 0.7707939 0.2610138 0.8053663 0.225206 0.815941 0.2568655 0.8025095 0.2568655 0.7905904 0.225206 0.815941 0.225206 0.7771582 0.1629979 0.1961423 0.00701797 0.03643923 0.1629979 0.03643923 0.4762769 0 0.6324778 0.1597012 0.4762594 0.1597012 0.1608631 0 0.3189777 0.03643923 0.1629979 0.03643923 0.9597516 0.04086053 0.9643998 8.26173e-6 0.9646428 0.04086875 0.9831424 0.507776 0.9431654 0.6505169 0.9431654 0.507776 0.8484053 0.6855096 0.8883819 0.8282518 0.8484053 0.8282518 0.2199909 0.8572576 0.2100387 1 0.2100387 0.8572576 0.9745936 0.04088556 0.9643998 0.05338472 0.9646428 0.04086875 0.00488317 0 0.1629979 0.03643923 0.00701797 0.03643923 0.3200587 0 0.4762594 0.1597012 0.3200412 0.1597012 0.3189777 0.1961423 0.1629979 0.03643923 0.3189777 0.03643923 0.9743508 0.05340147 0.964183 0.196125 0.9643998 0.05338472 0.317779 0.5196869 0.3128871 0.5606549 0.3128871 0.5197078 0.00213474 0.03643923 0.00488317 0 0.00701797 0.03643923 0.9595086 0.05337643 0.9646428 0.04086875 0.9643998 0.05338472 0.1854299 0.7827849 0.189599 0.8279534 0.1854299 0.8215679 0.1537705 0.7962172 0.1496222 0.8109931 0.1496222 0.7933818 0.1854299 0.7827849 0.1496222 0.7933818 0.189599 0.7764207 0.1496222 0.8109931 0.1854299 0.8215679 0.189599 0.8279534 0.1854299 0.7827849 0.1537705 0.8081363 0.1537705 0.7962172 0.1559206 0.5534 0.3118411 0.393356 0.3118411 0.5534 0.4762586 0.3937105 0.6325082 0.5534114 0.4762732 0.5534114 0.4762586 0.3937105 0.3206756 0.3570865 0.4769105 0.3570865 0.3128872 0.4343851 0.3177776 0.3934042 0.3177776 0.4344333 0.9304506 0.8282504 0.9704276 0.6855094 0.9704276 0.8282504 0.9294047 0.9709942 0.8894281 0.8282519 0.9294047 0.8282519 0.9992705 0.5442169 0.9893358 0.6869592 0.9893358 0.5442169 0.9992704 0.6869592 0.9900653 0.6994124 0.9893358 0.6869592 0.6324936 0.3937105 0.4769105 0.3570865 0.6331455 0.3570865 0.3200237 0.3937105 0.4762732 0.5534114 0.3200383 0.5534114 0.1559206 0.713444 0.3118411 0.5534 0.3118411 0.713444 0.9441755 0.3388907 0.9538487 0.196129 0.9541254 0.3388694 0.9841884 0.7403592 0.9900653 0.6994124 0.9890717 0.7403592 0.6380367 0.3570865 0.6324936 0.3937105 0.6331455 0.3570865 0.9851821 0.6994124 0.9893358 0.6869592 0.9900653 0.6994124 0.5605986 0.8503295 0.5564504 0.8051823 0.5605986 0.8115465 0.592258 0.8368973 0.5964272 0.8221426 0.5964272 0.839754 0.5605986 0.8503295 0.5964272 0.839754 0.5564504 0.856715 0.5964272 0.8221426 0.5605986 0.8115465 0.5564504 0.8051823 0.592258 0.8368973 0.5605986 0.8115465 0.592258 0.8249781 0 0.393356 0.1559206 0.5534 0 0.5534 0.6324778 0.1597012 0.476242 0.3194025 0.4762594 0.1597012 0.3208562 0.356015 0.476242 0.3194025 0.4770744 0.356015 0.3128871 0.4355423 0.3177782 0.4765383 0.3128871 0.476576 0.9431654 0.3650351 0.9831424 0.507776 0.9431654 0.507776 0.9294047 0.6855096 0.8894281 0.8282519 0.8894281 0.6685489 0.9893358 0.4014746 0.9992705 0.5442169 0.9893358 0.5442169 0.9900653 0.3890214 0.9992705 0.4014746 0.9893358 0.4014746 0.4770744 0.356015 0.6324602 0.3194025 0.6332927 0.356015 0.4762594 0.1597012 0.3200237 0.3194025 0.3200412 0.1597012 0 0.5534 0.1559206 0.713444 0 0.713444 0.964183 0.196125 0.9739172 0.3388821 0.9639663 0.3388653 0.9900653 0.3890214 0.9841884 0.3480746 0.9890717 0.3480746 0.6324602 0.3194025 0.6381834 0.356015 0.6332927 0.356015 0.9893358 0.4014746 0.9851822 0.3890214 0.9900653 0.3890214 0.6333019 0.8503295 0.6374502 0.8051825 0.6374502 0.8567152 0.5974734 0.8221427 0.6016424 0.8368973 0.5974734 0.8397541 0.5974734 0.8397541 0.6333019 0.8503295 0.6374502 0.8567152 0.5974734 0.8221427 0.6333019 0.8115466 0.6016424 0.8249782 0.6016424 0.8368973 0.6333019 0.8115466 0.6333019 0.8503295 0.5184376 0.9621757 0.5083976 0.8242072 0.5184376 0.8242062 0.8068346 0.9161962 0.7967945 0.8446969 0.8068346 0.8446969 0.6559875 0.668549 0.7257934 0.668549 0.742698 0.6872479 0.5194837 0.8242924 0.5295237 0.9622483 0.5194837 0.9622472 0.5296044 0.8051917 0.5194837 0.8242924 0.5195643 0.8051906 0.5195643 0.9805348 0.5295237 0.9622483 0.5296044 0.980536 0.5083118 0.9805545 0.5184376 0.9621757 0.5183517 0.9805535 0.5183517 0.8051906 0.5083976 0.8242072 0.5083118 0.8051915 0.8178809 0.9161961 0.8078806 0.8446968 0.8178809 0.8446968 0.3128871 0.5617266 0.3156004 0.6058057 0.3128871 0.605806 0.7310786 0.8595137 0.7395943 0.8941658 0.7310786 0.8913051 0.7212892 0.891305 0.7300326 0.856653 0.7300326 0.8941657 0.698615 0.3503167 0.6900737 0.3114624 0.698615 0.3142622 0.6392294 0.3114624 0.6794396 0.355547 0.6392294 0.355547 0.3128872 0.6942809 0.3155897 0.7354665 0.3128872 0.7354665 0.3128871 0.6520237 0.3156004 0.6932095 0.3128871 0.6932095 0.3156004 0.6509523 0.3128871 0.6068773 0.3156004 0.6068777 0.2324101 0.7145155 0.2634485 0.7145155 0.2680344 0.7200767 0.2634485 0.7697225 0.2324101 0.7697225 0.2278242 0.7641613 0.2748216 0.7240877 0.2748216 0.7601503 0.2680344 0.7641613 0.2210369 0.7601503 0.2210369 0.7240877 0.2278242 0.7200767 0.2634485 0.7145155 0.2748216 0.7240877 0.2680431 0.7200696 0.2748216 0.7601503 0.2634485 0.7697225 0.2680431 0.7641684 0.2210369 0.7240877 0.2324101 0.7145155 0.2278155 0.7200696 0.2324101 0.7697225 0.2210369 0.7601503 0.2278155 0.7641684 0.7311201 0.9029541 0.7395943 0.8941658 0.7396357 0.9058148 0.7311201 0.8478646 0.7395943 0.8566531 0.7310786 0.8595137 0.7204571 0.9029541 0.7300326 0.8941657 0.7292006 0.9058147 0.7204571 0.8478646 0.7300326 0.856653 0.7212892 0.8595137 0.6804856 0.3142769 0.6890277 0.3532535 0.6804856 0.3503352 0.4811832 0.8041192 0.5554044 0.7141838 0.5554044 0.804112 0.1662598 0.8290247 0.1496223 0.9188061 0.1496223 0.8290247 0.1839432 0.8290248 0.1673058 0.9050467 0.1673058 0.8290248 0.743744 0.9204177 0.7603815 0.8446969 0.7603815 0.9204177 0.2428745 0.913337 0.2595119 0.823398 0.2595119 0.913337 0.1058128 0.8575498 0.126607 0.8964262 0.1058128 0.902613 0.3624468 0.7141838 0.4048698 0.7215058 0.4048698 0.7634691 0.1058128 0.8124867 0.126607 0.8544629 0.1058128 0.8575498 0.1485762 0.8124853 0.1277958 0.8964262 0.1277958 0.8124997 0.1058128 0.902613 0.1266871 0.9037647 0.1058987 0.9104936 0.2418285 0.8663158 0.2210369 0.9062812 0.2210369 0.8663158 0.1485762 0.9026115 0.1277331 0.9037658 0.1277958 0.8964262 0.2418285 0.8663158 0.2210369 0.8263503 0.2418285 0.8233979 0.126607 0.7285731 0.1058128 0.7674236 0.1058128 0.7223604 0.3624467 0.8966811 0.3234278 0.8966811 0.3200237 0.8893591 0.126607 0.7705364 0.1058128 0.8124867 0.1058128 0.7674236 0.1485762 0.8124853 0.1277958 0.7285733 0.1485762 0.7223593 0.1266871 0.7212677 0.1058128 0.7223604 0.1058987 0.7145155 0.5517342 0.8481082 0.5306503 0.8081428 0.5517342 0.8051905 0.1485762 0.7223593 0.1277331 0.7212691 0.1485089 0.7145155 0.5306503 0.8880738 0.5517342 0.8481082 0.5517342 0.891026 0.274578 0.7880219 0.268319 0.9280037 0.268319 0.7881812 0.6724216 0.8450182 0.6662113 0.8971917 0.6662113 0.8450042 0.7059201 0.3114624 0.699661 0.3272891 0.699661 0.3114742 0.7059201 0.3114624 0.7121793 0.3272891 0.7059201 0.3281978 0.07712858 0.7145155 0.06456202 0.7228497 0.06185472 0.7170108 0.07771456 0.7209592 0.06728237 0.7285618 0.06456202 0.7228497 0.7132253 0.3400468 0.7194843 0.350696 0.7132253 0.3513903 0.7257435 0.3400467 0.7194843 0.350696 0.7194843 0.3402831 6.01079e-4 0.7209465 0.01103121 0.7285633 0 0.7272776 0.00118494 0.7145155 0.01375359 0.7228372 6.01079e-4 0.7209465 0.7059201 0.3281978 0.699661 0.3366568 0.699661 0.3272891 0.2620598 0.7719364 0.268319 0.7881812 0.2620598 0.7880219 0.7059201 0.3281978 0.7121793 0.3366568 0.7059201 0.3389753 0.274578 0.7719364 0.268319 0.7881812 0.268319 0.7707939 0.06185472 0.7170108 0.05921417 0.7280273 0.0534802 0.7254089 0.05921417 0.7280273 0.05290639 0.7415199 0.0534802 0.7254089 0.06456202 0.7228497 0.06496107 0.7305189 0.05921417 0.7280273 0.06496107 0.7305189 0.05913072 0.740977 0.05921417 0.7280273 0.7132253 0.3513903 0.7194843 0.3518851 0.7132253 0.3540859 0.4874423 0.8064982 0.4811832 0.8149717 0.4811832 0.8051906 0.7257435 0.3513903 0.7194843 0.3518851 0.7194843 0.350696 0.4874423 0.8064982 0.4937014 0.8149717 0.4874423 0.8149985 0.01375359 0.7228372 0.01335251 0.7305206 0.01103121 0.7285633 0.01335251 0.7305206 0.01918476 0.7409664 0.01294529 0.7403101 0.0164588 0.717011 0.01910144 0.7280153 0.01375359 0.7228372 0.01910144 0.7280153 0.02540713 0.7415227 0.01918476 0.7409664 0.06536829 0.7403073 0.07207608 0.880384 0.05913072 0.740977 0.4937014 0.8149717 0.4874423 0.9550662 0.4874423 0.8149985 0.268319 0.7881812 0.2620598 0.9278444 0.2620598 0.7880219 0.05913072 0.740977 0.06585168 0.880927 0.05290639 0.7415199 0.4874423 0.8149985 0.4811832 0.9550395 0.4811832 0.8149717 0.825186 0.8966777 0.831445 0.8449333 0.831445 0.8969141 0.6390827 0.8971917 0.6453419 0.8450158 0.6453419 0.8972035 0.6787274 0.8450053 0.6724216 0.8972057 0.6724216 0.8450182 0.825186 0.8966777 0.8189268 0.8449333 0.825186 0.8446968 0.7194111 0.845004 0.7132146 0.8972049 0.7132146 0.8450174 0.7059201 0.3114624 0.7059201 0.3281978 0.699661 0.3272891 0.7059201 0.3114624 0.7121793 0.3114742 0.7121793 0.3272891 0.07712858 0.7145155 0.07771456 0.7209592 0.06456202 0.7228497 0.07771456 0.7209592 0.07831358 0.7272763 0.06728237 0.7285618 0.7132253 0.3400468 0.7194843 0.3402831 0.7194843 0.350696 0.7257435 0.3400467 0.7257435 0.3513903 0.7194843 0.350696 6.01079e-4 0.7209465 0.01375359 0.7228372 0.01103121 0.7285633 0.00118494 0.7145155 0.0164588 0.717011 0.01375359 0.7228372 0.7059201 0.3281978 0.7059201 0.3389753 0.699661 0.3366568 0.2620598 0.7719364 0.268319 0.7707939 0.268319 0.7881812 0.7059201 0.3281978 0.7121793 0.3272891 0.7121793 0.3366568 0.274578 0.7719364 0.274578 0.7880219 0.268319 0.7881812 0.06185472 0.7170108 0.06456202 0.7228497 0.05921417 0.7280273 0.05921417 0.7280273 0.05913072 0.740977 0.05290639 0.7415199 0.06456202 0.7228497 0.06728237 0.7285618 0.06496107 0.7305189 0.06496107 0.7305189 0.06536829 0.7403073 0.05913072 0.740977 0.7132253 0.3513903 0.7194843 0.350696 0.7194843 0.3518851 0.4874423 0.8064982 0.4874423 0.8149985 0.4811832 0.8149717 0.7257435 0.3513903 0.7257435 0.3540859 0.7194843 0.3518851 0.4874423 0.8064982 0.4937014 0.8051906 0.4937014 0.8149717 0.01375359 0.7228372 0.01910144 0.7280153 0.01335251 0.7305206 0.01335251 0.7305206 0.01910144 0.7280153 0.01918476 0.7409664 0.0164588 0.717011 0.02483326 0.72541 0.01910144 0.7280153 0.01910144 0.7280153 0.02483326 0.72541 0.02540713 0.7415227 0.02540713 0.7415227 0.006239533 0.8803884 0.01918476 0.7409664 0.01918476 0.7409664 0 0.8797321 0.01294529 0.7403101 0.6453419 0.8972035 0.651601 0.8450041 0.651601 0.8971917 0.7132146 0.8450174 0.7068963 0.897193 0.7068963 0.8450055 0.2031634 0.7936487 0.1969043 0.9336305 0.1969043 0.793808 0.6859837 0.8450181 0.6797735 0.8971915 0.6797735 0.8450041 0.7194843 0.3114624 0.7132251 0.3272891 0.7132251 0.3114741 0.7194843 0.3114624 0.7257434 0.3272891 0.7194843 0.3281978 0.1035819 0.7145155 0.09101521 0.7228497 0.08830791 0.7170108 0.1041678 0.7209592 0.09373557 0.7285618 0.09101521 0.7228497 0.699661 0.3400468 0.7059201 0.350696 0.699661 0.3513903 0.7121793 0.3400467 0.7059201 0.350696 0.7059201 0.3402831 0.02705419 0.7209465 0.03748428 0.7285633 0.02645307 0.7272776 0.02763801 0.7145155 0.04020673 0.7228372 0.02705419 0.7209465 0.7194843 0.3281978 0.7132251 0.3366567 0.7132251 0.3272891 0.1906452 0.7775632 0.1969043 0.793808 0.1906452 0.7936487 0.7194843 0.3281978 0.7257434 0.3366567 0.7194843 0.3389753 0.2031634 0.7775632 0.1969043 0.793808 0.1969043 0.7764207 0.08830791 0.7170108 0.08566737 0.7280272 0.07993352 0.7254089 0.08566737 0.7280272 0.07935959 0.7415199 0.07993352 0.7254089 0.09101521 0.7228497 0.09141433 0.7305189 0.08566737 0.7280272 0.09141433 0.7305189 0.08558404 0.7409769 0.08566737 0.7280272 0.699661 0.3513903 0.7059201 0.3518851 0.699661 0.3540859 0.5010066 0.8064982 0.4947474 0.8149717 0.4947474 0.8051906 0.7121793 0.3513903 0.7059201 0.3518851 0.7059201 0.350696 0.5010066 0.8064982 0.5072657 0.8149717 0.5010066 0.8149985 0.04020673 0.7228372 0.03980565 0.7305206 0.03748428 0.7285633 0.03980565 0.7305206 0.04563796 0.7409664 0.03939843 0.7403101 0.04291194 0.717011 0.04555457 0.7280153 0.04020673 0.7228372 0.04555457 0.7280153 0.05186033 0.7415227 0.04563796 0.7409664 0.09182149 0.7403073 0.09852933 0.880384 0.08558404 0.7409769 0.5072657 0.8149717 0.5010066 0.9550662 0.5010066 0.8149985 0.1969043 0.793808 0.1906452 0.9334712 0.1906452 0.7936487 0.08558404 0.7409769 0.09230488 0.880927 0.07935959 0.7415199 0.5010066 0.8149985 0.4947474 0.9550395 0.4947474 0.8149717 0.8387502 0.8966777 0.8450093 0.8449333 0.8450093 0.8969142 0.652647 0.8971917 0.6589061 0.845016 0.6589061 0.8972035 0.6922895 0.8450052 0.6859837 0.8972057 0.6859837 0.8450181 0.8387502 0.8966777 0.8324911 0.8449333 0.8387502 0.8446969 0.7058503 0.8450041 0.6996539 0.8972049 0.6996539 0.8450174 0.7194843 0.3114624 0.7194843 0.3281978 0.7132251 0.3272891 0.7194843 0.3114624 0.7257434 0.3114742 0.7257434 0.3272891 0.1035819 0.7145155 0.1041678 0.7209592 0.09101521 0.7228497 0.1041678 0.7209592 0.1047668 0.7272763 0.09373557 0.7285618 0.699661 0.3400468 0.7059201 0.3402831 0.7059201 0.350696 0.7121793 0.3400467 0.7121793 0.3513903 0.7059201 0.350696 0.02705419 0.7209465 0.04020673 0.7228372 0.03748428 0.7285633 0.02763801 0.7145155 0.04291194 0.717011 0.04020673 0.7228372 0.7194843 0.3281978 0.7194843 0.3389753 0.7132251 0.3366567 0.1906452 0.7775632 0.1969043 0.7764207 0.1969043 0.793808 0.7194843 0.3281978 0.7257434 0.3272891 0.7257434 0.3366567 0.2031634 0.7775632 0.2031634 0.7936487 0.1969043 0.793808 0.08830791 0.7170108 0.09101521 0.7228497 0.08566737 0.7280272 0.08566737 0.7280272 0.08558404 0.7409769 0.07935959 0.7415199 0.09101521 0.7228497 0.09373557 0.7285618 0.09141433 0.7305189 0.09141433 0.7305189 0.09182149 0.7403073 0.08558404 0.7409769 0.699661 0.3513903 0.7059201 0.350696 0.7059201 0.3518851 0.5010066 0.8064982 0.5010066 0.8149985 0.4947474 0.8149717 0.7121793 0.3513903 0.7121793 0.3540859 0.7059201 0.3518851 0.5010066 0.8064982 0.5072657 0.8051906 0.5072657 0.8149717 0.04020673 0.7228372 0.04555457 0.7280153 0.03980565 0.7305206 0.03980565 0.7305206 0.04555457 0.7280153 0.04563796 0.7409664 0.04291194 0.717011 0.05128633 0.72541 0.04555457 0.7280153 0.04555457 0.7280153 0.05128633 0.72541 0.05186033 0.7415227 0.05186033 0.7415227 0.03269267 0.8803884 0.04563796 0.7409664 0.04563796 0.7409664 0.02645307 0.8797321 0.03939843 0.7403101 0.6589061 0.8972035 0.6651653 0.8450042 0.6651653 0.8971918 0.6996539 0.8450174 0.6933356 0.8971931 0.6933356 0.8450055 0.7906011 0.3570865 0.651241 0.3570865 0.6390828 0.3695397 0.7267896 0.3233203 0.7315728 0.3282194 0.7383372 0.3114624 0.7489406 0.3282052 0.7604666 0.3233345 0.7556923 0.3114818 0.7267896 0.3411487 0.7315728 0.3460478 0.7383372 0.3292908 0.7604665 0.3341862 0.7489405 0.3293155 0.7441662 0.3411683 0.7906011 0.6674775 0.9299614 0.6674775 0.9421195 0.6550243 0.7906011 0.6674775 0.9421195 0.6550243 0.9421195 0.512282 0.651241 0.6674775 0.7906011 0.6674775 0.6390828 0.512282 0.7906011 0.6674775 0.9421195 0.512282 0.6390828 0.512282 0.6306717 0.804111 0.5564504 0.7141838 0.5564504 0.8041025 0.9421195 0.512282 0.9421195 0.3695397 0.7906011 0.3570865 0.6390828 0.512282 0.9421195 0.512282 0.7906011 0.3570865 0.2089927 0.724071 0.1976196 0.7145155 0.1496223 0.724071 0.6390829 0.6550243 0.651241 0.6674775 0.6390828 0.512282 0.8473592 0.8249593 0.8473592 0.6872151 0.743744 0.8249593 0.9421195 0.3695397 0.9299614 0.3570865 0.7906011 0.3570865 0.7907477 0 0.6392294 0.1551955 0.7907477 0.310391 0.6390828 0.3695397 0.6390828 0.512282 0.7906011 0.3570865 0.1629979 0.1961423 0.00701797 0.3558453 0.1629979 0.3558453 0.4762879 0.7131124 0.6325082 0.5534114 0.4762732 0.5534114 0.1608631 0.3922846 0.3189777 0.3558453 0.1629979 0.3558453 0.9581526 0.04086625 0.9535721 1.05222e-5 0.9532619 0.0408768 0.9304506 0.8282504 0.9704276 0.9709912 0.9704276 0.8282504 0.8484053 0.9709942 0.8883819 0.8282518 0.8484053 0.8282518 0.2199909 0.8572576 0.2100388 0.7145154 0.2100387 0.8572576 0.9433121 0.04089814 0.9535721 0.05338847 0.9532619 0.0408768 0.00488317 0.3922846 0.1629979 0.3558453 0.00701797 0.3558453 0.3200529 0.7131124 0.4762732 0.5534114 0.3200383 0.5534114 0.3189777 0.1961423 0.1629979 0.3558453 0.3189777 0.3558453 0.9436222 0.05340993 0.9538487 0.196129 0.9535721 0.05338847 0.3128872 0.4776474 0.317779 0.5186155 0.317779 0.4776683 0.00213474 0.3558453 0.00488317 0.3922846 0.00701797 0.3558453 0.9584627 0.05337798 0.9532619 0.0408768 0.9535721 0.05338847 0.225206 0.7771582 0.2210369 0.8223266 0.225206 0.815941 0.2568655 0.7905904 0.2610138 0.8053663 0.2610138 0.7877549 0.225206 0.7771582 0.2610138 0.7877549 0.2210369 0.7707939 0.2610138 0.8053663 0.225206 0.815941 0.2210369 0.8223266 0.2568655 0.7905904 0.225206 0.815941 0.2568655 0.8025095 0.00701797 0.03643923 0.1629979 0.1961423 0.1629979 0.03643923 0.6324778 0.1597012 0.4762769 0 0.4762594 0.1597012 0.3189777 0.03643923 0.1608631 0 0.1629979 0.03643923 0.9643998 8.26173e-6 0.9597516 0.04086053 0.9646428 0.04086875 0.9431654 0.6505169 0.9831424 0.507776 0.9431654 0.507776 0.8484053 0.6855096 0.8883819 0.8282518 0.8883819 0.6685489 0.2100387 1 0.2199909 0.8572576 0.2100387 0.8572576 0.9643998 0.05338472 0.9745936 0.04088556 0.9646428 0.04086875 0.1629979 0.03643923 0.00488317 0 0.00701797 0.03643923 0.4762594 0.1597012 0.3200587 0 0.3200412 0.1597012 0.1629979 0.03643923 0.3189777 0.1961423 0.3189777 0.03643923 0.964183 0.196125 0.9743508 0.05340147 0.9643998 0.05338472 0.3128871 0.5606549 0.317779 0.5196869 0.3128871 0.5197078 0.00488317 0 0.00213474 0.03643923 0.00701797 0.03643923 0.9646428 0.04086875 0.9595086 0.05337643 0.9643998 0.05338472 0.1854299 0.7827849 0.189599 0.8279534 0.189599 0.7764207 0.1496222 0.8109931 0.1537705 0.7962172 0.1496222 0.7933818 0.1496222 0.7933818 0.1854299 0.7827849 0.189599 0.7764207 0.1496222 0.8109931 0.1854299 0.8215679 0.1537705 0.8081363 0.1537705 0.8081363 0.1854299 0.7827849 0.1537705 0.7962172 0.3118411 0.393356 0.1559206 0.5534 0.3118411 0.5534 0.6325082 0.5534114 0.4762586 0.3937105 0.4762732 0.5534114 0.3206756 0.3570865 0.4762586 0.3937105 0.4769105 0.3570865 0.3177776 0.3934042 0.3128872 0.4343851 0.3177776 0.4344333 0.9704276 0.6855094 0.9304506 0.8282504 0.9704276 0.8282504 0.9294047 0.9709942 0.8894281 0.8282519 0.8894281 0.9879549 0.9893358 0.6869592 0.9992705 0.5442169 0.9893358 0.5442169 0.9900653 0.6994124 0.9992704 0.6869592 0.9893358 0.6869592 0.4769105 0.3570865 0.6324936 0.3937105 0.6331455 0.3570865 0.4762732 0.5534114 0.3200237 0.3937105 0.3200383 0.5534114 0.3118411 0.5534 0.1559206 0.713444 0.3118411 0.713444 0.9538487 0.196129 0.9441755 0.3388907 0.9541254 0.3388694 0.9900653 0.6994124 0.9841884 0.7403592 0.9890717 0.7403592 0.6324936 0.3937105 0.6380367 0.3570865 0.6331455 0.3570865 0.9893358 0.6869592 0.9851821 0.6994124 0.9900653 0.6994124 0.5605986 0.8503295 0.5564504 0.8051823 0.5564504 0.856715 0.5964272 0.8221426 0.592258 0.8368973 0.5964272 0.839754 0.5964272 0.839754 0.5605986 0.8503295 0.5564504 0.856715 0.5964272 0.8221426 0.5605986 0.8115465 0.592258 0.8249781 0.592258 0.8368973 0.5605986 0.8115465 0.5605986 0.8503295 0.1559206 0.5534 0 0.393356 0 0.5534 0.476242 0.3194025 0.6324778 0.1597012 0.4762594 0.1597012 0.476242 0.3194025 0.3208562 0.356015 0.4770744 0.356015 0.3177782 0.4765383 0.3128871 0.4355423 0.3128871 0.476576 0.9831424 0.507776 0.9431654 0.3650351 0.9431654 0.507776 0.9294047 0.6855096 0.8894281 0.8282519 0.9294047 0.8282519 0.9992705 0.5442169 0.9893358 0.4014746 0.9893358 0.5442169 0.9992705 0.4014746 0.9900653 0.3890214 0.9893358 0.4014746 0.6324602 0.3194025 0.4770744 0.356015 0.6332927 0.356015 0.3200237 0.3194025 0.4762594 0.1597012 0.3200412 0.1597012 0.1559206 0.713444 0 0.5534 0 0.713444 0.9739172 0.3388821 0.964183 0.196125 0.9639663 0.3388653 0.9841884 0.3480746 0.9900653 0.3890214 0.9890717 0.3480746 0.6381834 0.356015 0.6324602 0.3194025 0.6332927 0.356015 0.9851822 0.3890214 0.9893358 0.4014746 0.9900653 0.3890214 0.6333019 0.8503295 0.6374502 0.8051825 0.6333019 0.8115466 0.6016424 0.8368973 0.5974734 0.8221427 0.5974734 0.8397541 0.6333019 0.8503295 0.5974734 0.8397541 0.6374502 0.8567152 0.5974734 0.8221427 0.6333019 0.8115466 0.6374502 0.8051825 0.6016424 0.8368973 0.6333019 0.8115466 0.6016424 0.8249782 0.5083976 0.8242072 0.5184376 0.9621757 0.5184376 0.8242062 0.7967945 0.8446969 0.8068346 0.9161962 0.8068346 0.8446969 0.6390828 0.8252337 0.6559875 0.8439328 0.7257934 0.8439328 0.5295237 0.9622483 0.5194837 0.8242924 0.5194837 0.9622472 0.5194837 0.8242924 0.5296044 0.8051917 0.5195643 0.8051906 0.5295237 0.9622483 0.5195643 0.9805348 0.5296044 0.980536 0.5184376 0.9621757 0.5083118 0.9805545 0.5183517 0.9805535 0.5083976 0.8242072 0.5183517 0.8051906 0.5083118 0.8051915 0.8078806 0.8446968 0.8178809 0.9161961 0.8178809 0.8446968 0.3156004 0.6058057 0.3128871 0.5617266 0.3128871 0.605806 0.7395943 0.8941658 0.7310786 0.8595137 0.7310786 0.8913051 0.7212892 0.891305 0.7300326 0.856653 0.7212892 0.8595137 0.6900737 0.3114624 0.698615 0.3503167 0.698615 0.3142622 0.6794396 0.355547 0.6392294 0.3114624 0.6392294 0.355547 0.3155897 0.7354665 0.3128872 0.6942809 0.3128872 0.7354665 0.3156004 0.6932095 0.3128871 0.6520237 0.3128871 0.6932095 0.3128871 0.6068773 0.3156004 0.6509523 0.3156004 0.6068777 0.2324101 0.7145155 0.2278155 0.7200696 0.2278242 0.7200767 0.2634485 0.7697225 0.2680431 0.7641684 0.2680344 0.7641613 0.2748216 0.7240877 0.2680431 0.7200696 0.2680344 0.7200767 0.2210369 0.7601503 0.2278155 0.7641684 0.2278242 0.7641613 0.2634485 0.7145155 0.2680431 0.7200696 0.2748216 0.7240877 0.2748216 0.7601503 0.2680431 0.7641684 0.2634485 0.7697225 0.2210369 0.7240877 0.2278155 0.7200696 0.2324101 0.7145155 0.2324101 0.7697225 0.2278155 0.7641684 0.2210369 0.7601503 0.7395943 0.8941658 0.7311201 0.9029541 0.7396357 0.9058148 0.7311201 0.8478646 0.7395943 0.8566531 0.7396357 0.8450041 0.7300326 0.8941657 0.7204571 0.9029541 0.7292006 0.9058147 0.7204571 0.8478646 0.7300326 0.856653 0.7292006 0.845004 0.6890277 0.3532535 0.6804856 0.3142769 0.6804856 0.3503352 0.5554044 0.7141838 0.4811832 0.8041192 0.5554044 0.804112 0.1496223 0.9188061 0.1662598 0.8290247 0.1496223 0.8290247 0.1673058 0.9050467 0.1839432 0.8290248 0.1673058 0.8290248 0.7603815 0.8446969 0.743744 0.9204177 0.7603815 0.9204177 0.2595119 0.823398 0.2428745 0.913337 0.2595119 0.913337 0.126607 0.8964262 0.1058128 0.8575498 0.1058128 0.902613 0.3624468 0.7141838 0.3234278 0.7141838 0.3200237 0.7215058 0.126607 0.8544629 0.1058128 0.8124867 0.1058128 0.8575498 0.1485762 0.8124853 0.1277958 0.8964262 0.1485762 0.9026115 0.1266871 0.9037647 0.1058128 0.902613 0.1058987 0.9104936 0.2418285 0.8663158 0.2210369 0.9062812 0.2418285 0.9092335 0.1485762 0.9026115 0.1277331 0.9037658 0.1485089 0.9104933 0.2210369 0.8263503 0.2418285 0.8663158 0.2418285 0.8233979 0.1058128 0.7674236 0.126607 0.7285731 0.1058128 0.7223604 0.3624467 0.8966811 0.4048698 0.8893591 0.4048698 0.8473958 0.1058128 0.8124867 0.126607 0.7705364 0.1058128 0.7674236 0.1485762 0.8124853 0.1277958 0.7285733 0.1277958 0.8124997 0.1058128 0.7223604 0.1266871 0.7212677 0.1058987 0.7145155 0.5517342 0.8481082 0.5306503 0.8081428 0.5306503 0.8481082 0.1485762 0.7223593 0.1277331 0.7212691 0.1277958 0.7285733 0.5517342 0.8481082 0.5306503 0.8880738 0.5517342 0.891026 0.268319 0.9280037 0.274578 0.7880219 0.268319 0.7881812 0.6662113 0.8971917 0.6724216 0.8450182 0.6662113 0.8450042 0.7059201 0.3114624 0.699661 0.3114742 0.699661 0.3272891 0.7059201 0.3114624 0.7059201 0.3281978 0.7121793 0.3272891 0.07712858 0.7145155 0.06185472 0.7170108 0.06456202 0.7228497 0.07771456 0.7209592 0.06456202 0.7228497 0.06728237 0.7285618 0.7132253 0.3400468 0.7132253 0.3513903 0.7194843 0.350696 0.7257435 0.3400467 0.7194843 0.3402831 0.7194843 0.350696 6.01079e-4 0.7209465 0 0.7272776 0.01103121 0.7285633 0.00118494 0.7145155 6.01079e-4 0.7209465 0.01375359 0.7228372 0.7059201 0.3281978 0.699661 0.3272891 0.699661 0.3366568 0.2620598 0.7719364 0.2620598 0.7880219 0.268319 0.7881812 0.7059201 0.3281978 0.7059201 0.3389753 0.7121793 0.3366568 0.274578 0.7719364 0.268319 0.7707939 0.268319 0.7881812 0.06185472 0.7170108 0.0534802 0.7254089 0.05921417 0.7280273 0.05921417 0.7280273 0.0534802 0.7254089 0.05290639 0.7415199 0.06456202 0.7228497 0.05921417 0.7280273 0.06496107 0.7305189 0.06496107 0.7305189 0.05921417 0.7280273 0.05913072 0.740977 0.7132253 0.3513903 0.7132253 0.3540859 0.7194843 0.3518851 0.4874423 0.8064982 0.4811832 0.8051906 0.4811832 0.8149717 0.7257435 0.3513903 0.7194843 0.350696 0.7194843 0.3518851 0.4874423 0.8064982 0.4874423 0.8149985 0.4937014 0.8149717 0.01375359 0.7228372 0.01103121 0.7285633 0.01335251 0.7305206 0.01335251 0.7305206 0.01294529 0.7403101 0.01918476 0.7409664 0.0164588 0.717011 0.01375359 0.7228372 0.01910144 0.7280153 0.01910144 0.7280153 0.01918476 0.7409664 0.02540713 0.7415227 0.07207608 0.880384 0.06536829 0.7403073 0.05913072 0.740977 0.4874423 0.9550662 0.4937014 0.8149717 0.4874423 0.8149985 0.2620598 0.9278444 0.268319 0.7881812 0.2620598 0.7880219 0.06585168 0.880927 0.05913072 0.740977 0.05290639 0.7415199 0.4811832 0.9550395 0.4874423 0.8149985 0.4811832 0.8149717 0.831445 0.8449333 0.825186 0.8966777 0.831445 0.8969141 0.6453419 0.8450158 0.6390827 0.8971917 0.6453419 0.8972035 0.6724216 0.8972057 0.6787274 0.8450053 0.6724216 0.8450182 0.825186 0.8966777 0.8189268 0.8449333 0.8189268 0.8969142 0.7132146 0.8972049 0.7194111 0.845004 0.7132146 0.8450174 0.7059201 0.3114624 0.699661 0.3272891 0.7059201 0.3281978 0.7059201 0.3114624 0.7121793 0.3272891 0.7121793 0.3114742 0.07712858 0.7145155 0.06456202 0.7228497 0.07771456 0.7209592 0.07771456 0.7209592 0.06728237 0.7285618 0.07831358 0.7272763 0.7132253 0.3400468 0.7194843 0.350696 0.7194843 0.3402831 0.7257435 0.3400467 0.7194843 0.350696 0.7257435 0.3513903 6.01079e-4 0.7209465 0.01103121 0.7285633 0.01375359 0.7228372 0.00118494 0.7145155 0.01375359 0.7228372 0.0164588 0.717011 0.7059201 0.3281978 0.699661 0.3366568 0.7059201 0.3389753 0.2620598 0.7719364 0.268319 0.7881812 0.268319 0.7707939 0.7059201 0.3281978 0.7121793 0.3366568 0.7121793 0.3272891 0.274578 0.7719364 0.268319 0.7881812 0.274578 0.7880219 0.06185472 0.7170108 0.05921417 0.7280273 0.06456202 0.7228497 0.05921417 0.7280273 0.05290639 0.7415199 0.05913072 0.740977 0.06456202 0.7228497 0.06496107 0.7305189 0.06728237 0.7285618 0.06496107 0.7305189 0.05913072 0.740977 0.06536829 0.7403073 0.7132253 0.3513903 0.7194843 0.3518851 0.7194843 0.350696 0.4874423 0.8064982 0.4811832 0.8149717 0.4874423 0.8149985 0.7257435 0.3513903 0.7194843 0.3518851 0.7257435 0.3540859 0.4874423 0.8064982 0.4937014 0.8149717 0.4937014 0.8051906 0.01375359 0.7228372 0.01335251 0.7305206 0.01910144 0.7280153 0.01335251 0.7305206 0.01918476 0.7409664 0.01910144 0.7280153 0.0164588 0.717011 0.01910144 0.7280153 0.02483326 0.72541 0.01910144 0.7280153 0.02540713 0.7415227 0.02483326 0.72541 0.006239533 0.8803884 0.02540713 0.7415227 0.01918476 0.7409664 0 0.8797321 0.01918476 0.7409664 0.01294529 0.7403101 0.651601 0.8450041 0.6453419 0.8972035 0.651601 0.8971917 0.7068963 0.897193 0.7132146 0.8450174 0.7068963 0.8450055 0.1969043 0.9336305 0.2031634 0.7936487 0.1969043 0.793808 0.6797735 0.8971915 0.6859837 0.8450181 0.6797735 0.8450041 0.7194843 0.3114624 0.7132251 0.3114741 0.7132251 0.3272891 0.7194843 0.3114624 0.7194843 0.3281978 0.7257434 0.3272891 0.1035819 0.7145155 0.08830791 0.7170108 0.09101521 0.7228497 0.1041678 0.7209592 0.09101521 0.7228497 0.09373557 0.7285618 0.699661 0.3400468 0.699661 0.3513903 0.7059201 0.350696 0.7121793 0.3400467 0.7059201 0.3402831 0.7059201 0.350696 0.02705419 0.7209465 0.02645307 0.7272776 0.03748428 0.7285633 0.02763801 0.7145155 0.02705419 0.7209465 0.04020673 0.7228372 0.7194843 0.3281978 0.7132251 0.3272891 0.7132251 0.3366567 0.1906452 0.7775632 0.1906452 0.7936487 0.1969043 0.793808 0.7194843 0.3281978 0.7194843 0.3389753 0.7257434 0.3366567 0.2031634 0.7775632 0.1969043 0.7764207 0.1969043 0.793808 0.08830791 0.7170108 0.07993352 0.7254089 0.08566737 0.7280272 0.08566737 0.7280272 0.07993352 0.7254089 0.07935959 0.7415199 0.09101521 0.7228497 0.08566737 0.7280272 0.09141433 0.7305189 0.09141433 0.7305189 0.08566737 0.7280272 0.08558404 0.7409769 0.699661 0.3513903 0.699661 0.3540859 0.7059201 0.3518851 0.5010066 0.8064982 0.4947474 0.8051906 0.4947474 0.8149717 0.7121793 0.3513903 0.7059201 0.350696 0.7059201 0.3518851 0.5010066 0.8064982 0.5010066 0.8149985 0.5072657 0.8149717 0.04020673 0.7228372 0.03748428 0.7285633 0.03980565 0.7305206 0.03980565 0.7305206 0.03939843 0.7403101 0.04563796 0.7409664 0.04291194 0.717011 0.04020673 0.7228372 0.04555457 0.7280153 0.04555457 0.7280153 0.04563796 0.7409664 0.05186033 0.7415227 0.09852933 0.880384 0.09182149 0.7403073 0.08558404 0.7409769 0.5010066 0.9550662 0.5072657 0.8149717 0.5010066 0.8149985 0.1906452 0.9334712 0.1969043 0.793808 0.1906452 0.7936487 0.09230488 0.880927 0.08558404 0.7409769 0.07935959 0.7415199 0.4947474 0.9550395 0.5010066 0.8149985 0.4947474 0.8149717 0.8450093 0.8449333 0.8387502 0.8966777 0.8450093 0.8969142 0.6589061 0.845016 0.652647 0.8971917 0.6589061 0.8972035 0.6859837 0.8972057 0.6922895 0.8450052 0.6859837 0.8450181 0.8387502 0.8966777 0.8324911 0.8449333 0.8324911 0.8969143 0.6996539 0.8972049 0.7058503 0.8450041 0.6996539 0.8450174 0.7194843 0.3114624 0.7132251 0.3272891 0.7194843 0.3281978 0.7194843 0.3114624 0.7257434 0.3272891 0.7257434 0.3114742 0.1035819 0.7145155 0.09101521 0.7228497 0.1041678 0.7209592 0.1041678 0.7209592 0.09373557 0.7285618 0.1047668 0.7272763 0.699661 0.3400468 0.7059201 0.350696 0.7059201 0.3402831 0.7121793 0.3400467 0.7059201 0.350696 0.7121793 0.3513903 0.02705419 0.7209465 0.03748428 0.7285633 0.04020673 0.7228372 0.02763801 0.7145155 0.04020673 0.7228372 0.04291194 0.717011 0.7194843 0.3281978 0.7132251 0.3366567 0.7194843 0.3389753 0.1906452 0.7775632 0.1969043 0.793808 0.1969043 0.7764207 0.7194843 0.3281978 0.7257434 0.3366567 0.7257434 0.3272891 0.2031634 0.7775632 0.1969043 0.793808 0.2031634 0.7936487 0.08830791 0.7170108 0.08566737 0.7280272 0.09101521 0.7228497 0.08566737 0.7280272 0.07935959 0.7415199 0.08558404 0.7409769 0.09101521 0.7228497 0.09141433 0.7305189 0.09373557 0.7285618 0.09141433 0.7305189 0.08558404 0.7409769 0.09182149 0.7403073 0.699661 0.3513903 0.7059201 0.3518851 0.7059201 0.350696 0.5010066 0.8064982 0.4947474 0.8149717 0.5010066 0.8149985 0.7121793 0.3513903 0.7059201 0.3518851 0.7121793 0.3540859 0.5010066 0.8064982 0.5072657 0.8149717 0.5072657 0.8051906 0.04020673 0.7228372 0.03980565 0.7305206 0.04555457 0.7280153 0.03980565 0.7305206 0.04563796 0.7409664 0.04555457 0.7280153 0.04291194 0.717011 0.04555457 0.7280153 0.05128633 0.72541 0.04555457 0.7280153 0.05186033 0.7415227 0.05128633 0.72541 0.03269267 0.8803884 0.05186033 0.7415227 0.04563796 0.7409664 0.02645307 0.8797321 0.04563796 0.7409664 0.03939843 0.7403101 0.6651653 0.8450042 0.6589061 0.8972035 0.6651653 0.8971918 0.6933356 0.8971931 0.6996539 0.8450174 0.6933356 0.8450055 0 0 0 0 0 0 0 0 0 0 0 0 0 0 0 0 0 0 0 0 0 0 0 0 0 0 0 0 0 0 0 0 0 0 0 0 0 0 0 0 0 0 0 0 0 0 0 0 0 0 0 0 0 0 0 0 0 0 0 0 0 0 0 0 0 0 0 0 0 0 0 0 0 0 0 0 0 0 0 0 0 0 0 0 0 0 0 0 0 0 0 0 0 0 0 0 0 0 0 0 0 0 0 0 0 0 0 0 0 0 0 0 0 0 0 0 0 0 0 0 0 0 0 0 0 0 0 0 0 0 0 0 0 0 0 0 0 0 0 0 0 0 0 0 0 0 0 0 0 0 0 0 0 0 0 0 0 0 0 0 0 0 0 0 0 0 0 0 0 0 0 0 0 0 0 0 0 0 0 0 0 0 0 0 0 0 0 0 0 0 0 0 0 0 0 0 0 0 0 0 0 0 0 0 0 0 0 0 0 0 0 0 0 0 0 0 0 0 0 0 0 0 0 0 0 0 0 0 0 0 0 0 0 0 0 0 0 0 0 0 0 0 0 0 0 0 0 0 0 0 0 0 0 0 0 0 0 0 0 0 0 0 0 0 0 0 0 0 0 0 0 0 0 0 0 0 0 0 0 0 0 0 0 0 0 0 0 0 0 0 0 0 0 0 0 0 0 0 0 0 0 0 0 0 0 0 0 0 0 0 0 0 0 0 0 0 0 0 0 0 0 0 0 0 0 0 0 0 0 0 0 0 0 0 0 0 0 0 0 0 0 0 0 0 0 0 0 0 0.5893405 0.8440769 0.5893405 0.9773099 0.7041323 0.9773099 0.5208602 0.974706 0.5208602 0.9619362 0.5448349 0.9619362 0.5216844 0.8470069 0.5456591 0.8470069 0.5456591 0.974706 0.5208602 0.9491662 0.5448347 0.9491662 0.5448347 0.9619362 0.5452467 0.974706 0.5212722 0.974706 0.5212722 0.8470069 0.479458 0.07192063 0.479458 0.008357882 0.2444498 0.008357882 0.2444498 0.07278728 0.2444498 0.008357882 0.009441673 0.008357882 0.1544697 0.3881195 0.08489185 0.3881195 0.08489185 0.3153504 0.479458 0.07192063 0.479458 0.07192063 0.479458 0.008357882 0.009441673 0.008357882 0.009441673 0.07192063 0.009441673 0.07192063 0.08489185 0.3881195 0.01531386 0.3881195 0.01531386 0.3153504 0.009441673 0.07192063 0.009441673 0.008357882 0.009441673 0.008357882 0.1544697 0.3881195 0.1544697 0.3881195 0.08489185 0.3881195 0.479458 0.07192063 0.479458 0.07192063 0.479458 0.008357882 0.08489185 0.3881195 0.08489185 0.3881195 0.01531386 0.3881195 0 0 0 0 0 0 0 0 0 0 0 0 0 0 0 0 0 0 0 0 0 0 0 0 0 0 0 0 0 0 0 0 0 0 0 0 0 0 0 0 0 0 0 0 0 0 0 0 0 0 0 0 0 0 0 0 0 0 0 0 0 0 0 0 0 0 0 0 0 0 0 0 0 0 0 0 0 0 0 0 0 0 0 0 0 0 0 0 0 0 0 0 0 0 0 0 0 0 0 0 0 0 0 0 0 0 0 0 0 0 0 0 0 0 0 0 0 0 0 0 0 0 0 0 0 0 0 0 0 0 0 0 0 0 0 0 0 0 0 0 0 0 0 0 0 0 0 0 0 0 0 0 0 0 0 0 0 0 0 0 0 0 0 0 0 0 0 0 0 0 0 0 0 0 0 0 0 0 0 0 0 0 0 0 0 0 0 0 0 0 0 0 0 0 0 0 0 0 0 0 0 0 0 0 0 0 0 0 0 0 0 0 0 0 0 0 0 0 0 0 0 0 0 0 0 0 0 0 0 0 0 0 0 0 0 0 0 0 0 0 0 0 0 0 0 0 0 0 0 0 0 0 0 0 0 0 0 0 0 0 0 0 0 0 0 0 0 0 0 0 0 0 0 0 0 0 0 0 0 0 0 0 0 0 0 0 0 0 0 0 0 0 0 0 0 0 0 0 0 0 0 0 0 0 0 0 0 0 0 0 0 0 0 0 0 0 0 0 0 0 0 0 0 0 0 0 0 0 0 0 0 0 0 0 0 0 0 0 0 0 0 0 0 0 0 0 0 0 0 0 0 0 0 0 0 0 0 0 0 0 0 0 0 0 0 0 0 0 0 0 0 0 0 0 0 0 0 0 0 0 0 0 0 0 0 0 0 0 0 0 0 0 0 0 0 0 0 0 0 0 0 0 0 0 0 0 0 0 0 0 0 0 0 0 0 0 0 0 0 0 0 0 0 0 0 0 0 0 0 0 0 0 0 0 0 0 0 0 0 0 0 0 0 0 0 0 0 0 0 0 0 0 0 0 0 0 0 0 0 0 0 0 0 0 0 0 0 0 0 0 0 0 0 0 0 0 0 0 0 0 0 0 0 0 0 0 0 0 0 0 0 0 0 0 0 0 0 0 0 0 0 0 0 0 0 0 0 0 0 0 0 0 0 0 0 0 0 0 0 0 0 0 0 0 0 0 0 0 0 0 0 0 0 0 0 0 0 0 0 0 0 0 0 0 0 0 0 0 0 0 0 0 0 0 0 0 0 0 0 0 0 0 0 0 0 0 0 0 0 0 0 0 0 0 0 0 0 0 0 0 0 0 0 0 0 0 0 0 0 0 0 0 0 0 0 0 0 0 0 0 0 0 0 0 0 0 0 0 0 0 0 0 0 0 0 0 0 0 0 0 0 0 0 0 0 0 0 0 0 0 0 0 0 0 0 0 0 0 0 0 0 0 0 0 0 0 0 0 0 0 0 0 0 0 0 0 0 0 0 0 0 0 0 0 0 0 0 0 0 0 0 0 0 0 0 0 0 0 0 0 0 0 0 0 0 0 0 0 0 0 0 0 0 0 0 0 0 0 0 0 0 0 0 0 0 0 0 0 0 0 0 0 0 0 0 0 0 0 0 0 0 0 0 0 0 0 0 0 0 0 0 0 0 0 0 0 0 0 0 0 0 0 0 0 0 0 0 0 0 0 0 0 0 0 0 0 0 0 0 0 0 0 0 0 0 0 0 0 0 0 0 0 0 0 0 0 0 0 0 0 0 0 0 0 0 0 0 0 0 0 0 0 0 0 0 0 0 0 0 0 0 0 0 0 0 0 0 0 0 0 0 0 0 0 0 0 0 0 0 0 0 0 0 0 0 0 0 0 0 0 0 0 0 0 0 0 0 0 0 0 0 0 0 0 0 0 0 0 0 0 0 0 0 0 0 0 0 0 0 0 0 0 0 0 0 0 0 0 0 0 0 0 0 0 0 0 0 0 0 0 0 0 0 0 0 0 0 0 0 0 0 0 0 0 0 0 0 0 0 0 0 0 0 0 0 0 0 0 0 0 0 0 0 0 0 0 0 0 0 0 0 0 0 0 0 0 0 0 0 0 0 0 0 0 0 0 0 0 0 0 0 0 0 0 0 0 0 0 0 0 0 0 0 0 0 0 0 0 0 0 0 0 0 0 0 0 0 0 0 0 0 0 0 0 0 0 0 0 0 0 0 0 0 0 0 0 0 0 0 0 0 0 0 0 0 0 0 0 0 0 0 0 0 0 0 0 0 0 0 0 0 0 0 0 0 0 0 0 0 0 0 0 0 0 0 0 0 0 0 0 0 0 0 0 0 0 0 0 0 0 0 0 0 0 0 0 0 0 0 0 0 0 0 0 0 0 0 0 0 0 0 0 0 0 0 0 0 0 0 0 0 0 0 0 0 0 0 0 0 0 0 0 0 0 0 0 0 0 0 0 0 0 0 0 0 0 0 0 0 0 0 0 0 0 0 0 0 0 0 0 0 0 0 0 0 0 0 0 0 0 0 0 0 0 0 0 0 0 0 0 0 0 0 0 0 0 0 0 0 0 0 0 0 0 0 0 0 0 0 0 0 0 0 0 0 0 0 0 0 0 0 0 0 0 0 0 0 0 0 0 0 0 0 0 0 0 0 0 0 0 0 0 0 0 0 0 0 0 0 0 0 0 0 0 0 0 0 0 0 0 0 0 0 0 0 0 0 0 0 0 0 0 0 0 0 0 0 0 0 0 0 0 0 0 0 0 0 0 0 0 0 0 0 0 0 0 0 0 0 0 0 0 0 0 0 0 0 0 0 0 0 0 0 0 0 0 0 0 0 0 0 0 0 0 0 0 0 0 0 0 0 0 0 0 0 0 0 0 0 0 0 0 0 0 0 0 0 0 0 0 0 0 0 0 0 0 0 0 0 0 0 0 0 0 0 0 0 0 0 0 0 0 0 0 0 0 0 0 0 0 0 0 0 0 0 0 0 0 0 0 0 0 0 0 0 0 0 0 0 0 0 0 0 0 0 0 0 0 0 0 0 0 0 0 0 0 0 0 0 0 0 0 0 0 0 0 0 0 0 0 0 0 0 0 0 0 0 0 0 0 0 0 0 0 0 0 0 0 0 0 0 0 0 0 0 0 0 0 0 0 0 0 0 0 0 0 0 0 0 0 0 0 0 0 0 0 0 0 0 0 0 0 0 0 0 0 0 0 0 0 0 0 0 0 0 0 0 0 0 0 0 0 0 0 0 0 0 0 0 0 0 0 0 0 0 0 0 0 0 0 0 0 0 0 0 0 0 0 0 0 0 0 0 0 0 0 0 0 0 0 0 0 0 0 0 0 0 0 0 0 0 0 0 0 0 0 0 0 0 0 0 0 0 0 0 0 0 0 0 0 0 0 0 0 0 0 0 0 0 0 0 0 0 0 0 0 0 0 0 0 0 0 0 0 0 0 0 0 0 0 0 0 0 0 0 0 0 0 0 0 0 0 0 0 0 0 0 0 0 0 0 0 0 0 0 0 0 0 0 0 0 0 0 0 0 0 0 0 0 0 0 0 0 0 0 0 0 0 0 0 0 0 0 0 0 0 0 0 0 0 0 0 0 0 0 0 0 0 0 0 0 0 0 0 0 0 0 0 0 0 0 0 0 0 0 0 0 0 0 0 0 0 0 0 0 0 0 0 0 0 0 0 0 0 0 0 0 0 0 0 0 0 0 0 0 0 0 0 0 0 0 0 0 0 0 0 0 0 0 0 0 0 0 0 0 0 0 0 0 0 0 0 0 0 0 0 0 0 0 0 0 0 0 0 0 0 0 0 0 0 0 0 0 0 0 0 0 0 0 0 0 0 0 0 0 0 0 0 0 0 0 0 0 0 0 0 0 0 0 0 0 0 0 0 0 0 0 0 0 0 0 0 0 0 0 0 0 0 0 0 0 0 0 0 0 0 0 0 0 0 0 0 0 0 0 0 0 0 0 0 0 0 0 0 0 0 0 0 0 0 0 0 0 0 0 0 0 0 0 0 0 0 0 0 0 0 0 0 0 0 0 0 0 0 0 0 0 0 0 0 0 0 0 0 0 0 0 0 0 0 0 0 0 0 0 0 0 0 0 0 0 0 0 0 0 0 0 0 0 0 0 0 0 0 0 0 0 0 0 0 0 0 0 0 0 0 0 0 0 0 0 0 0 0 0 0 0 0 0 0 0 0 0 0 0 0 0 0 0 0 0 0 0 0 0 0 0 0 0 0 0 0 0 0 0 0 0 0 0 0 0 0 0 0 0 0 0 0 0 0 0 0 0 0 0 0 0 0 0 0 0 0 0 0 0 0 0 0 0 0 0 0 0 0 0 0 0 0 0 0 0 0 0 0 0 0 0 0 0 0 0 0 0 0 0 0 0 0 0 0 0 0 0 0 0 0 0 0 0 0 0 0 0 0 0 0 0 0 0 0 0 0 0 0 0 0 0 0 0 0 0 0 0 0 0 0 0 0 0 0 0 0 0 0 0 0 0 0 0 0 0 0 0 0 0 0 0 0 0 0 0 0 0 0 0 0 0 0 0 0 0 0 0 0 0 0 0 0 0 0 0 0 0 0 0 0 0 0 0 0 0 0 0 0 0 0 0 0 0 0 0 0 0 0 0 0 0 0 0 0 0 0 0 0 0 0 0 0 0 0 0 0 0 0 0 0 0 0 0 0 0 0 0 0 0 0 0 0 0 0 0 0 0 0 0 0 0 0 0 0 0 0 0 0 0 0 0 0 0 0 0 0 0 0 0 0 0 0 0 0 0 0 0 0 0 0 0 0 0 0 0 0 0 0 0 0 0 0 0 0 0 0 0 0 0 0 0 0 0 0 0 0 0 0 0 0 0 0 0 0 0 0 0 0 0 0 0 0 0 0 0 0 0 0 0 0 0 0 0 0 0 0 0 0 0 0 0 0 0 0 0 0 0 0 0 0 0 0 0 0 0 0 0 0 0 0 0 0 0 0 0 0 0 0 0 0 0 0 0 0 0 0 0 0 0 0 0 0 0 0 0 0 0 0 0 0 0 0 0 0 0 0 0 0 0 0 0 0 0 0 0 0 0 0 0 0 0 0 0 0 0 0 0 0 0 0 0 0 0 0 0 0 0 0 0 0 0 0 0 0 0 0 0 0 0 0 0 0 0 0 0 0 0 0 0 0 0 0 0 0 0 0 0 0 0 0 0 0 0 0 0 0 0 0 0 0 0 0 0 0 0 0 0 0 0 0 0 0 0 0 0 0 0 0 0 0 0 0 0 0 0 0 0 0 0 0 0 0 0 0 0 0 0 0 0 0 0 0 0 0 0 0 0 0 0 0 0 0 0 0 0 0 0 0 0 0 0 0 0 0 0 0 0 0 0 0 0 0 0 0 0 0 0 0 0 0 0 0 0 0 0 0 0 0 0 0 0 0 0 0 0 0 0 0 0 0 0 0 0 0 0 0 0 0 0 0 0 0 0 0 0 0 0 0 0 0 0 0 0 0 0 0 0 0 0 0 0 0 0 0 0 0 0 0 0 0 0 0 0 0 0 0 0 0 0 0 0 0 0 0 0 0 0 0 0 0 0 0 0 0 0 0 0 0 0 0 0 0 0 0 0 0 0 0 0 0 0 0 0 0 0 0 0 0 0 0 0 0 0 0 0 0 0 0 0 0 0 0 0 0 0 0 0 0 0 0 0 0 0 0 0 0 0 0 0 0 0 0 0 0 0 0 0 0 0 0 0 0 0 0 0 0 0 0 0 0 0 0 0 0 0 0 0 0 0 0 0 0 0 0 0 0 0 0 0 0 0 0 0 0 0 0 0 0 0 0 0 0 0 0 0 0 0 0 0 0 0 0 0 0 0 0 0 0 0 0 0 0 0 0 0 0 0 0 0 0 0 0 0 0 0 0 0 0 0 0 0 0 0 0 0 0 0 0 0 0 0 0 0 0 0 0 0 0 0 0 0 0 0 0 0 0 0 0 0 0 0 0 0 0 0 0 0 0 0 0 0 0 0 0 0 0 0 0 0 0 0 0 0 0 0 0 0 0 0 0 0 0 0 0 0 0 0 0 0 0 0 0 0 0 0 0 0 0 0 0 0 0 0 0 0 0 0 0 0 0 0 0 0 0 0 0 0 0 0 0 0 0 0 0 0 0 0 0 0 0 0 0 0 0 0 0 0 0 0 0 0 0 0 0 0 0 0 0 0 0 0 0 0 0 0 0 0.7431203 0.3232989 0.7383372 0.3282106 0.7431203 0.3163616 0.7383372 0.3282106 0.7315728 0.3282194 0.7383372 0.3114624 0.7315728 0.3282194 0.7267896 0.3233203 0.7383372 0.3114624 0.7267896 0.3233203 0.7267896 0.316383 0.7315728 0.3114712 0.7383372 0.3114624 0.7267896 0.3233203 0.7315728 0.3114712 0.7604666 0.3233345 0.7556924 0.3282247 0.7489406 0.3282052 0.7489406 0.3282052 0.7441663 0.3232876 0.7604666 0.3233345 0.7441663 0.3232876 0.7441663 0.3163524 0.7604666 0.3233345 0.7441663 0.3163524 0.7489405 0.3114624 0.7604666 0.3233345 0.7489405 0.3114624 0.7556923 0.3114818 0.7604666 0.3233345 0.7431203 0.3411273 0.7383372 0.346039 0.7431203 0.33419 0.7383372 0.346039 0.7315728 0.3460478 0.7383372 0.3292908 0.7315728 0.3460478 0.7267896 0.3411487 0.7383372 0.3292908 0.7267896 0.3411487 0.7267896 0.3342113 0.7315728 0.3292996 0.7383372 0.3292908 0.7267896 0.3411487 0.7315728 0.3292996 0.7489405 0.3293155 0.7556923 0.3292961 0.7604665 0.3341862 0.7604665 0.3341862 0.7604665 0.3411213 0.7489405 0.3293155 0.7604665 0.3411213 0.7556923 0.3460389 0.7489405 0.3293155 0.7556923 0.3460389 0.7489404 0.3460584 0.7489405 0.3293155 0.7489404 0.3460584 0.7441662 0.3411683 0.7489405 0.3293155 0.5564504 0.7141838 0.6306717 0.7141923 0.6306717 0.804111 0.1496223 0.724071 0.1609954 0.7145155 0.1976196 0.7145155 0.1976196 0.7145155 0.2089927 0.724071 0.1496223 0.724071 0.2089927 0.724071 0.2089927 0.7657938 0.1496223 0.724071 0.2089927 0.7657938 0.1976196 0.7753493 0.1609954 0.7753493 0.1609954 0.7753493 0.1496223 0.7657938 0.2089927 0.7657938 0.7606487 0.6685489 0.8304545 0.6685489 0.8473592 0.6872151 0.8473592 0.6872151 0.8473592 0.8249593 0.743744 0.8249593 0.8473592 0.8249593 0.8304545 0.8436255 0.743744 0.8249593 0.8304545 0.8436255 0.7606487 0.8436255 0.743744 0.8249593 0.743744 0.8249593 0.743744 0.6872151 0.8473592 0.6872151 0.942266 0.2979378 0.9301078 0.310391 0.942266 0.1551955 0.9301078 0.310391 0.7907477 0.310391 0.942266 0.1551955 0.7907477 0.310391 0.6513875 0.310391 0.6392294 0.2979378 0.6392294 0.1551955 0.6392294 0.01245313 0.6513875 0 0.7907477 0.310391 0.6392294 0.2979378 0.6392294 0.1551955 0.9301078 0 0.9422659 0.01245313 0.942266 0.1551955 0.6392294 0.1551955 0.6513875 0 0.7907477 0 0.7907477 0 0.9301078 0 0.942266 0.1551955 0.942266 0.1551955 0.7907477 0.310391 0.6392294 0.1551955 0.00701797 0.3558453 0.00701797 0.1961423 0.1629979 0.1961423 0.6325082 0.5534114 0.6325228 0.7131124 0.4762879 0.7131124 0.3189777 0.3558453 0.3168429 0.3922846 0.1608631 0.3922846 0.9535721 1.05222e-5 0.9584627 0 0.9581526 0.04086625 0.9704276 0.9709912 0.9304506 0.9879518 0.9304506 0.8282504 0.8484053 0.9709942 0.8484053 0.8282518 0.8883819 0.8282518 0.2100388 0.7145154 0.2199909 0.7145154 0.2199909 0.8572576 0.9535721 0.05338847 0.9436222 0.05340993 0.9433121 0.04089814 0.1629979 0.3558453 0.1608631 0.3922846 0.00488317 0.3922846 0.4762732 0.5534114 0.4762879 0.7131124 0.3200529 0.7131124 0.1629979 0.3558453 0.1629979 0.1961423 0.3189777 0.1961423 0.9538487 0.196129 0.9438988 0.1961503 0.9436222 0.05340993 0.317779 0.5186155 0.3128872 0.5185946 0.3128872 0.4776474 0.00488317 0.3922846 0 0.3922846 0.00213474 0.3558453 0.9532619 0.0408768 0.9581526 0.04086625 0.9584627 0.05337798 0.225206 0.7771582 0.225206 0.815941 0.2210369 0.8223266 0.2610138 0.8053663 0.2568655 0.8025095 0.2568655 0.7905904 0.2610138 0.7877549 0.2568655 0.7905904 0.225206 0.7771582 0.2610138 0.8053663 0.2210369 0.8223266 0.225206 0.815941 0.2568655 0.7905904 0.2568655 0.8025095 0.225206 0.815941 0.1629979 0.1961423 0.00701797 0.1961423 0.00701797 0.03643923 0.4762769 0 0.6324952 0 0.6324778 0.1597012 0.1608631 0 0.3168429 0 0.3189777 0.03643923 0.9597516 0.04086053 0.9595086 0 0.9643998 8.26173e-6 0.9831424 0.507776 0.9831424 0.6674774 0.9431654 0.6505169 0.8484053 0.6855096 0.8883819 0.6685489 0.8883819 0.8282518 0.2199909 0.8572576 0.2199909 1 0.2100387 1 0.9745936 0.04088556 0.9743508 0.05340147 0.9643998 0.05338472 0.00488317 0 0.1608631 0 0.1629979 0.03643923 0.3200587 0 0.4762769 0 0.4762594 0.1597012 0.3189777 0.1961423 0.1629979 0.1961423 0.1629979 0.03643923 0.9743508 0.05340147 0.974134 0.1961418 0.964183 0.196125 0.317779 0.5196869 0.317779 0.5606341 0.3128871 0.5606549 0.00213474 0.03643923 0 0 0.00488317 0 0.9595086 0.05337643 0.9597516 0.04086053 0.9646428 0.04086875 0.1854299 0.7827849 0.189599 0.7764207 0.189599 0.8279534 0.1537705 0.7962172 0.1537705 0.8081363 0.1496222 0.8109931 0.1854299 0.7827849 0.1537705 0.7962172 0.1496222 0.7933818 0.1496222 0.8109931 0.1537705 0.8081363 0.1854299 0.8215679 0.1854299 0.7827849 0.1854299 0.8215679 0.1537705 0.8081363 0.1559206 0.5534 0.1559206 0.393356 0.3118411 0.393356 0.4762586 0.3937105 0.6324936 0.3937105 0.6325082 0.5534114 0.4762586 0.3937105 0.3200237 0.3937105 0.3206756 0.3570865 0.3128872 0.4343851 0.3128872 0.393356 0.3177776 0.3934042 0.9304506 0.8282504 0.9304506 0.6685489 0.9704276 0.6855094 0.9294047 0.9709942 0.8894281 0.9879549 0.8894281 0.8282519 0.9992705 0.5442169 0.9992704 0.6869592 0.9893358 0.6869592 0.9992704 0.6869592 1 0.6994124 0.9900653 0.6994124 0.6324936 0.3937105 0.4762586 0.3937105 0.4769105 0.3570865 0.3200237 0.3937105 0.4762586 0.3937105 0.4762732 0.5534114 0.1559206 0.713444 0.1559206 0.5534 0.3118411 0.5534 0.9441755 0.3388907 0.9438988 0.1961503 0.9538487 0.196129 0.9841884 0.7403592 0.9851821 0.6994124 0.9900653 0.6994124 0.6380367 0.3570865 0.6373848 0.3937105 0.6324936 0.3937105 0.9851821 0.6994124 0.9844526 0.6869592 0.9893358 0.6869592 0.5605986 0.8503295 0.5564504 0.856715 0.5564504 0.8051823 0.592258 0.8368973 0.592258 0.8249781 0.5964272 0.8221426 0.5605986 0.8503295 0.592258 0.8368973 0.5964272 0.839754 0.5964272 0.8221426 0.592258 0.8249781 0.5605986 0.8115465 0.592258 0.8368973 0.5605986 0.8503295 0.5605986 0.8115465 0 0.393356 0.1559206 0.393356 0.1559206 0.5534 0.6324778 0.1597012 0.6324602 0.3194025 0.476242 0.3194025 0.3208562 0.356015 0.3200237 0.3194025 0.476242 0.3194025 0.3128871 0.4355423 0.3177782 0.4355046 0.3177782 0.4765383 0.9431654 0.3650351 0.9831424 0.3480745 0.9831424 0.507776 0.9294047 0.6855096 0.9294047 0.8282519 0.8894281 0.8282519 0.9893358 0.4014746 0.9992705 0.4014746 0.9992705 0.5442169 0.9900653 0.3890214 1 0.3890214 0.9992705 0.4014746 0.4770744 0.356015 0.476242 0.3194025 0.6324602 0.3194025 0.4762594 0.1597012 0.476242 0.3194025 0.3200237 0.3194025 0 0.5534 0.1559206 0.5534 0.1559206 0.713444 0.964183 0.196125 0.974134 0.1961418 0.9739172 0.3388821 0.9900653 0.3890214 0.9851822 0.3890214 0.9841884 0.3480746 0.6324602 0.3194025 0.6373509 0.3194025 0.6381834 0.356015 0.9893358 0.4014746 0.9844526 0.4014746 0.9851822 0.3890214 0.6333019 0.8503295 0.6333019 0.8115466 0.6374502 0.8051825 0.5974734 0.8221427 0.6016424 0.8249782 0.6016424 0.8368973 0.5974734 0.8397541 0.6016424 0.8368973 0.6333019 0.8503295 0.5974734 0.8221427 0.6374502 0.8051825 0.6333019 0.8115466 0.6016424 0.8368973 0.6016424 0.8249782 0.6333019 0.8115466 0.5184376 0.9621757 0.5083976 0.9621766 0.5083976 0.8242072 0.8068346 0.9161962 0.7967945 0.9161962 0.7967945 0.8446969 0.742698 0.6872479 0.742698 0.8252337 0.6390828 0.8252337 0.742698 0.8252337 0.7257934 0.8439328 0.6390828 0.8252337 0.7257934 0.8439328 0.6559875 0.8439328 0.6390828 0.8252337 0.6390828 0.8252337 0.6390828 0.6872479 0.742698 0.6872479 0.6390828 0.6872479 0.6559875 0.668549 0.742698 0.6872479 0.5194837 0.8242924 0.5295237 0.8242936 0.5295237 0.9622483 0.5296044 0.8051917 0.5295237 0.8242936 0.5194837 0.8242924 0.5195643 0.9805348 0.5194837 0.9622472 0.5295237 0.9622483 0.5083118 0.9805545 0.5083976 0.9621766 0.5184376 0.9621757 0.5183517 0.8051906 0.5184376 0.8242062 0.5083976 0.8242072 0.8178809 0.9161961 0.8078806 0.9161961 0.8078806 0.8446968 0.3128871 0.5617266 0.3156004 0.5617264 0.3156004 0.6058057 0.7310786 0.8595137 0.7395943 0.8566531 0.7395943 0.8941658 0.7212892 0.891305 0.7212892 0.8595137 0.7300326 0.856653 0.698615 0.3503167 0.6900737 0.353249 0.6900737 0.3114624 0.6392294 0.3114624 0.6794396 0.3114624 0.6794396 0.355547 0.3128872 0.6942809 0.3155897 0.6942809 0.3155897 0.7354665 0.3128871 0.6520237 0.3156004 0.6520237 0.3156004 0.6932095 0.3156004 0.6509523 0.3128871 0.6509521 0.3128871 0.6068773 0.2680431 0.7200696 0.2680344 0.7200767 0.2634485 0.7145155 0.2680344 0.7200767 0.2278242 0.7200767 0.2324101 0.7145155 0.2278242 0.7200767 0.2278155 0.7200696 0.2324101 0.7145155 0.2278155 0.7641684 0.2278242 0.7641613 0.2324101 0.7697225 0.2278242 0.7641613 0.2680344 0.7641613 0.2634485 0.7697225 0.2680344 0.7641613 0.2680431 0.7641684 0.2634485 0.7697225 0.2680431 0.7641684 0.2680344 0.7641613 0.2748216 0.7601503 0.2680344 0.7641613 0.2680344 0.7200767 0.2748216 0.7240877 0.2680344 0.7200767 0.2680431 0.7200696 0.2748216 0.7240877 0.2278155 0.7200696 0.2278242 0.7200767 0.2210369 0.7240877 0.2278242 0.7200767 0.2278242 0.7641613 0.2210369 0.7601503 0.2278242 0.7641613 0.2278155 0.7641684 0.2210369 0.7601503 0.7311201 0.9029541 0.7310786 0.8913051 0.7395943 0.8941658 0.7311201 0.8478646 0.7396357 0.8450041 0.7395943 0.8566531 0.7204571 0.9029541 0.7212892 0.891305 0.7300326 0.8941657 0.7204571 0.8478646 0.7292006 0.845004 0.7300326 0.856653 0.6804856 0.3142769 0.6890277 0.3114624 0.6890277 0.3532535 0.4811832 0.8041192 0.4811832 0.7141909 0.5554044 0.7141838 0.1662598 0.8290247 0.1662598 0.9188061 0.1496223 0.9188061 0.1839432 0.8290248 0.1839432 0.9050467 0.1673058 0.9050467 0.743744 0.9204177 0.743744 0.8446969 0.7603815 0.8446969 0.2428745 0.913337 0.2428745 0.823398 0.2595119 0.823398 0.1058128 0.8575498 0.126607 0.8544629 0.126607 0.8964262 0.4048698 0.8054324 0.3200237 0.8054324 0.4048698 0.7634691 0.3200237 0.8054324 0.3200237 0.7215058 0.3624468 0.7141838 0.4048698 0.7634691 0.3200237 0.8054324 0.3624468 0.7141838 0.3200237 0.7215058 0.3234278 0.7141838 0.3624468 0.7141838 0.3624468 0.7141838 0.4014657 0.7141838 0.4048698 0.7215058 0.1058128 0.8124867 0.126607 0.8124996 0.126607 0.8544629 0.1485762 0.8124853 0.1485762 0.9026115 0.1277958 0.8964262 0.1058128 0.902613 0.126607 0.8964262 0.1266871 0.9037647 0.2418285 0.8663158 0.2418285 0.9092335 0.2210369 0.9062812 0.1485762 0.9026115 0.1485089 0.9104933 0.1277331 0.9037658 0.2418285 0.8663158 0.2210369 0.8663158 0.2210369 0.8263503 0.126607 0.7285731 0.126607 0.7705364 0.1058128 0.7674236 0.3200237 0.8893591 0.3200237 0.8054324 0.3624467 0.8966811 0.3200237 0.8054324 0.4048698 0.8054324 0.4048698 0.8473958 0.4048698 0.8473958 0.4048698 0.8893591 0.3624467 0.8966811 0.4048698 0.8893591 0.4014657 0.8966811 0.3624467 0.8966811 0.3200237 0.8054324 0.4048698 0.8473958 0.3624467 0.8966811 0.126607 0.7705364 0.126607 0.8124996 0.1058128 0.8124867 0.1485762 0.8124853 0.1277958 0.8124997 0.1277958 0.7285733 0.1266871 0.7212677 0.126607 0.7285731 0.1058128 0.7223604 0.5517342 0.8481082 0.5306503 0.8481082 0.5306503 0.8081428 0.1485762 0.7223593 0.1277958 0.7285733 0.1277331 0.7212691 0.5306503 0.8880738 0.5306503 0.8481082 0.5517342 0.8481082 0.274578 0.7880219 0.274578 0.9278444 0.268319 0.9280037 0.6724216 0.8450182 0.6724216 0.8972057 0.6662113 0.8971917 0.06536829 0.7403073 0.07831358 0.8797144 0.07207608 0.880384 0.4937014 0.8149717 0.4937014 0.9550395 0.4874423 0.9550662 0.268319 0.7881812 0.268319 0.9280037 0.2620598 0.9278444 0.05913072 0.740977 0.07207608 0.880384 0.06585168 0.880927 0.4874423 0.8149985 0.4874423 0.9550662 0.4811832 0.9550395 0.825186 0.8966777 0.825186 0.8446968 0.831445 0.8449333 0.6390827 0.8971917 0.6390827 0.8450041 0.6453419 0.8450158 0.6787274 0.8450053 0.6787274 0.8971928 0.6724216 0.8972057 0.825186 0.8966777 0.8189268 0.8969142 0.8189268 0.8449333 0.7194111 0.845004 0.7194111 0.8971915 0.7132146 0.8972049 0.02540713 0.7415227 0.01246184 0.8809448 0.006239533 0.8803884 0.01918476 0.7409664 0.006239533 0.8803884 0 0.8797321 0.6453419 0.8972035 0.6453419 0.8450158 0.651601 0.8450041 0.7132146 0.8450174 0.7132146 0.8972049 0.7068963 0.897193 0.2031634 0.7936487 0.2031634 0.9334712 0.1969043 0.9336305 0.6859837 0.8450181 0.6859837 0.8972057 0.6797735 0.8971915 0.09182149 0.7403073 0.1047668 0.8797144 0.09852933 0.880384 0.5072657 0.8149717 0.5072657 0.9550395 0.5010066 0.9550662 0.1969043 0.793808 0.1969043 0.9336305 0.1906452 0.9334712 0.08558404 0.7409769 0.09852933 0.880384 0.09230488 0.880927 0.5010066 0.8149985 0.5010066 0.9550662 0.4947474 0.9550395 0.8387502 0.8966777 0.8387502 0.8446969 0.8450093 0.8449333 0.652647 0.8971917 0.652647 0.8450042 0.6589061 0.845016 0.6922895 0.8450052 0.6922895 0.8971927 0.6859837 0.8972057 0.8387502 0.8966777 0.8324911 0.8969143 0.8324911 0.8449333 0.7058503 0.8450041 0.7058503 0.8971916 0.6996539 0.8972049 0.05186033 0.7415227 0.03891497 0.8809448 0.03269267 0.8803884 0.04563796 0.7409664 0.03269267 0.8803884 0.02645307 0.8797321 0.6589061 0.8972035 0.6589061 0.845016 0.6651653 0.8450042 0.6996539 0.8450174 0.6996539 0.8972049 0.6933356 0.8971931 0.7315728 0.3282194 0.7383372 0.3282106 0.7383372 0.3114624 0.7383372 0.3282106 0.7431203 0.3232989 0.7431203 0.3163616 0.7383372 0.3114624 0.7383372 0.3282106 0.7431203 0.3163616 0.7383372 0.3114624 0.7315728 0.3114712 0.7267896 0.3233203 0.7315728 0.3114712 0.7267896 0.316383 0.7267896 0.3233203 0.7489406 0.3282052 0.7556924 0.3282247 0.7604666 0.3233345 0.7604666 0.3233345 0.7604666 0.3163994 0.7556923 0.3114818 0.7556923 0.3114818 0.7489405 0.3114624 0.7489406 0.3282052 0.7489405 0.3114624 0.7441663 0.3163524 0.7489406 0.3282052 0.7441663 0.3163524 0.7441663 0.3232876 0.7489406 0.3282052 0.7315728 0.3460478 0.7383372 0.346039 0.7383372 0.3292908 0.7383372 0.346039 0.7431203 0.3411273 0.7431203 0.33419 0.7383372 0.3292908 0.7383372 0.346039 0.7431203 0.33419 0.7383372 0.3292908 0.7315728 0.3292996 0.7267896 0.3411487 0.7315728 0.3292996 0.7267896 0.3342113 0.7267896 0.3411487 0.7604665 0.3341862 0.7556923 0.3292961 0.7489405 0.3293155 0.7489405 0.3293155 0.7441662 0.3342331 0.7441662 0.3411683 0.7441662 0.3411683 0.7489404 0.3460584 0.7556923 0.3460389 0.7556923 0.3460389 0.7604665 0.3411213 0.7441662 0.3411683 0.7604665 0.3411213 0.7604665 0.3341862 0.7441662 0.3411683 0.6306717 0.804111 0.6306717 0.7141923 0.5564504 0.7141838 0.1976196 0.7145155 0.1609954 0.7145155 0.1496223 0.724071 0.1496223 0.724071 0.1496223 0.7657938 0.2089927 0.7657938 0.1496223 0.7657938 0.1609954 0.7753493 0.2089927 0.7657938 0.1609954 0.7753493 0.1976196 0.7753493 0.2089927 0.7657938 0.2089927 0.7657938 0.2089927 0.724071 0.1496223 0.724071 0.8473592 0.6872151 0.8304545 0.6685489 0.7606487 0.6685489 0.7606487 0.6685489 0.743744 0.6872151 0.8473592 0.6872151 0.743744 0.6872151 0.743744 0.8249593 0.8473592 0.6872151 0.743744 0.8249593 0.7606487 0.8436255 0.8304545 0.8436255 0.8304545 0.8436255 0.8473592 0.8249593 0.743744 0.8249593 0.7907477 0.310391 0.9301078 0.310391 0.942266 0.1551955 0.9301078 0.310391 0.942266 0.2979378 0.942266 0.1551955 0.942266 0.1551955 0.9422659 0.01245313 0.9301078 0 0.6392294 0.2979378 0.6513875 0.310391 0.6392294 0.1551955 0.6513875 0.310391 0.7907477 0.310391 0.6392294 0.1551955 0.6513875 0 0.6392294 0.01245313 0.6392294 0.1551955 0.7907477 0.310391 0.942266 0.1551955 0.7907477 0 0.942266 0.1551955 0.9301078 0 0.7907477 0 0.7907477 0 0.6513875 0 0.6392294 0.1551955 0.1629979 0.1961423 0.00701797 0.1961423 0.00701797 0.3558453 0.4762879 0.7131124 0.6325228 0.7131124 0.6325082 0.5534114 0.1608631 0.3922846 0.3168429 0.3922846 0.3189777 0.3558453 0.9581526 0.04086625 0.9584627 0 0.9535721 1.05222e-5 0.9304506 0.8282504 0.9304506 0.9879518 0.9704276 0.9709912 0.8484053 0.9709942 0.8883819 0.9879549 0.8883819 0.8282518 0.2199909 0.8572576 0.2199909 0.7145154 0.2100388 0.7145154 0.9433121 0.04089814 0.9436222 0.05340993 0.9535721 0.05338847 0.00488317 0.3922846 0.1608631 0.3922846 0.1629979 0.3558453 0.3200529 0.7131124 0.4762879 0.7131124 0.4762732 0.5534114 0.3189777 0.1961423 0.1629979 0.1961423 0.1629979 0.3558453 0.9436222 0.05340993 0.9438988 0.1961503 0.9538487 0.196129 0.3128872 0.4776474 0.3128872 0.5185946 0.317779 0.5186155 0.00213474 0.3558453 0 0.3922846 0.00488317 0.3922846 0.9584627 0.05337798 0.9581526 0.04086625 0.9532619 0.0408768 0.225206 0.7771582 0.2210369 0.7707939 0.2210369 0.8223266 0.2568655 0.7905904 0.2568655 0.8025095 0.2610138 0.8053663 0.225206 0.7771582 0.2568655 0.7905904 0.2610138 0.7877549 0.2610138 0.8053663 0.2568655 0.8025095 0.225206 0.815941 0.2568655 0.7905904 0.225206 0.7771582 0.225206 0.815941 0.00701797 0.03643923 0.00701797 0.1961423 0.1629979 0.1961423 0.6324778 0.1597012 0.6324952 0 0.4762769 0 0.3189777 0.03643923 0.3168429 0 0.1608631 0 0.9643998 8.26173e-6 0.9595086 0 0.9597516 0.04086053 0.9431654 0.6505169 0.9831424 0.6674774 0.9831424 0.507776 0.8484053 0.6855096 0.8484053 0.8282518 0.8883819 0.8282518 0.2100387 1 0.2199909 1 0.2199909 0.8572576 0.9643998 0.05338472 0.9743508 0.05340147 0.9745936 0.04088556 0.1629979 0.03643923 0.1608631 0 0.00488317 0 0.4762594 0.1597012 0.4762769 0 0.3200587 0 0.1629979 0.03643923 0.1629979 0.1961423 0.3189777 0.1961423 0.964183 0.196125 0.974134 0.1961418 0.9743508 0.05340147 0.3128871 0.5606549 0.317779 0.5606341 0.317779 0.5196869 0.00488317 0 0 0 0.00213474 0.03643923 0.9646428 0.04086875 0.9597516 0.04086053 0.9595086 0.05337643 0.1854299 0.7827849 0.1854299 0.8215679 0.189599 0.8279534 0.1496222 0.8109931 0.1537705 0.8081363 0.1537705 0.7962172 0.1496222 0.7933818 0.1537705 0.7962172 0.1854299 0.7827849 0.1496222 0.8109931 0.189599 0.8279534 0.1854299 0.8215679 0.1537705 0.8081363 0.1854299 0.8215679 0.1854299 0.7827849 0.3118411 0.393356 0.1559206 0.393356 0.1559206 0.5534 0.6325082 0.5534114 0.6324936 0.3937105 0.4762586 0.3937105 0.3206756 0.3570865 0.3200237 0.3937105 0.4762586 0.3937105 0.3177776 0.3934042 0.3128872 0.393356 0.3128872 0.4343851 0.9704276 0.6855094 0.9304506 0.6685489 0.9304506 0.8282504 0.9294047 0.9709942 0.9294047 0.8282519 0.8894281 0.8282519 0.9893358 0.6869592 0.9992704 0.6869592 0.9992705 0.5442169 0.9900653 0.6994124 1 0.6994124 0.9992704 0.6869592 0.4769105 0.3570865 0.4762586 0.3937105 0.6324936 0.3937105 0.4762732 0.5534114 0.4762586 0.3937105 0.3200237 0.3937105 0.3118411 0.5534 0.1559206 0.5534 0.1559206 0.713444 0.9538487 0.196129 0.9438988 0.1961503 0.9441755 0.3388907 0.9900653 0.6994124 0.9851821 0.6994124 0.9841884 0.7403592 0.6324936 0.3937105 0.6373848 0.3937105 0.6380367 0.3570865 0.9893358 0.6869592 0.9844526 0.6869592 0.9851821 0.6994124 0.5605986 0.8503295 0.5605986 0.8115465 0.5564504 0.8051823 0.5964272 0.8221426 0.592258 0.8249781 0.592258 0.8368973 0.5964272 0.839754 0.592258 0.8368973 0.5605986 0.8503295 0.5964272 0.8221426 0.5564504 0.8051823 0.5605986 0.8115465 0.592258 0.8368973 0.592258 0.8249781 0.5605986 0.8115465 0.1559206 0.5534 0.1559206 0.393356 0 0.393356 0.476242 0.3194025 0.6324602 0.3194025 0.6324778 0.1597012 0.476242 0.3194025 0.3200237 0.3194025 0.3208562 0.356015 0.3177782 0.4765383 0.3177782 0.4355046 0.3128871 0.4355423 0.9831424 0.507776 0.9831424 0.3480745 0.9431654 0.3650351 0.9294047 0.6855096 0.8894281 0.6685489 0.8894281 0.8282519 0.9992705 0.5442169 0.9992705 0.4014746 0.9893358 0.4014746 0.9992705 0.4014746 1 0.3890214 0.9900653 0.3890214 0.6324602 0.3194025 0.476242 0.3194025 0.4770744 0.356015 0.3200237 0.3194025 0.476242 0.3194025 0.4762594 0.1597012 0.1559206 0.713444 0.1559206 0.5534 0 0.5534 0.9739172 0.3388821 0.974134 0.1961418 0.964183 0.196125 0.9841884 0.3480746 0.9851822 0.3890214 0.9900653 0.3890214 0.6381834 0.356015 0.6373509 0.3194025 0.6324602 0.3194025 0.9851822 0.3890214 0.9844526 0.4014746 0.9893358 0.4014746 0.6333019 0.8503295 0.6374502 0.8567152 0.6374502 0.8051825 0.6016424 0.8368973 0.6016424 0.8249782 0.5974734 0.8221427 0.6333019 0.8503295 0.6016424 0.8368973 0.5974734 0.8397541 0.5974734 0.8221427 0.6016424 0.8249782 0.6333019 0.8115466 0.6016424 0.8368973 0.6333019 0.8503295 0.6333019 0.8115466 0.5083976 0.8242072 0.5083976 0.9621766 0.5184376 0.9621757 0.7967945 0.8446969 0.7967945 0.9161962 0.8068346 0.9161962 0.7257934 0.8439328 0.742698 0.8252337 0.6390828 0.8252337 0.742698 0.8252337 0.742698 0.6872479 0.6390828 0.8252337 0.742698 0.6872479 0.7257934 0.668549 0.6559875 0.668549 0.6559875 0.668549 0.6390828 0.6872479 0.742698 0.6872479 0.6390828 0.6872479 0.6390828 0.8252337 0.742698 0.6872479 0.5295237 0.9622483 0.5295237 0.8242936 0.5194837 0.8242924 0.5194837 0.8242924 0.5295237 0.8242936 0.5296044 0.8051917 0.5295237 0.9622483 0.5194837 0.9622472 0.5195643 0.9805348 0.5184376 0.9621757 0.5083976 0.9621766 0.5083118 0.9805545 0.5083976 0.8242072 0.5184376 0.8242062 0.5183517 0.8051906 0.8078806 0.8446968 0.8078806 0.9161961 0.8178809 0.9161961 0.3156004 0.6058057 0.3156004 0.5617264 0.3128871 0.5617266 0.7395943 0.8941658 0.7395943 0.8566531 0.7310786 0.8595137 0.7212892 0.891305 0.7300326 0.8941657 0.7300326 0.856653 0.6900737 0.3114624 0.6900737 0.353249 0.698615 0.3503167 0.6794396 0.355547 0.6794396 0.3114624 0.6392294 0.3114624 0.3155897 0.7354665 0.3155897 0.6942809 0.3128872 0.6942809 0.3156004 0.6932095 0.3156004 0.6520237 0.3128871 0.6520237 0.3128871 0.6068773 0.3128871 0.6509521 0.3156004 0.6509523 0.2278242 0.7200767 0.2680344 0.7200767 0.2324101 0.7145155 0.2680344 0.7200767 0.2680431 0.7200696 0.2634485 0.7145155 0.2324101 0.7145155 0.2680344 0.7200767 0.2634485 0.7145155 0.2680344 0.7641613 0.2278242 0.7641613 0.2634485 0.7697225 0.2278242 0.7641613 0.2278155 0.7641684 0.2324101 0.7697225 0.2634485 0.7697225 0.2278242 0.7641613 0.2324101 0.7697225 0.2680344 0.7200767 0.2680344 0.7641613 0.2748216 0.7240877 0.2680344 0.7641613 0.2680431 0.7641684 0.2748216 0.7601503 0.2748216 0.7240877 0.2680344 0.7641613 0.2748216 0.7601503 0.2278242 0.7641613 0.2278242 0.7200767 0.2210369 0.7601503 0.2278242 0.7200767 0.2278155 0.7200696 0.2210369 0.7240877 0.2210369 0.7601503 0.2278242 0.7200767 0.2210369 0.7240877 0.7395943 0.8941658 0.7310786 0.8913051 0.7311201 0.9029541 0.7311201 0.8478646 0.7310786 0.8595137 0.7395943 0.8566531 0.7300326 0.8941657 0.7212892 0.891305 0.7204571 0.9029541 0.7204571 0.8478646 0.7212892 0.8595137 0.7300326 0.856653 0.6890277 0.3532535 0.6890277 0.3114624 0.6804856 0.3142769 0.5554044 0.7141838 0.4811832 0.7141909 0.4811832 0.8041192 0.1496223 0.9188061 0.1662598 0.9188061 0.1662598 0.8290247 0.1673058 0.9050467 0.1839432 0.9050467 0.1839432 0.8290248 0.7603815 0.8446969 0.743744 0.8446969 0.743744 0.9204177 0.2595119 0.823398 0.2428745 0.823398 0.2428745 0.913337 0.126607 0.8964262 0.126607 0.8544629 0.1058128 0.8575498 0.3200237 0.7215058 0.3200237 0.8054324 0.3624468 0.7141838 0.3200237 0.8054324 0.4048698 0.8054324 0.4048698 0.7634691 0.4048698 0.7634691 0.4048698 0.7215058 0.3624468 0.7141838 0.4048698 0.7215058 0.4014657 0.7141838 0.3624468 0.7141838 0.3200237 0.8054324 0.4048698 0.7634691 0.3624468 0.7141838 0.126607 0.8544629 0.126607 0.8124996 0.1058128 0.8124867 0.1485762 0.8124853 0.1277958 0.8124997 0.1277958 0.8964262 0.1266871 0.9037647 0.126607 0.8964262 0.1058128 0.902613 0.2418285 0.8663158 0.2210369 0.8663158 0.2210369 0.9062812 0.1485762 0.9026115 0.1277958 0.8964262 0.1277331 0.9037658 0.2210369 0.8263503 0.2210369 0.8663158 0.2418285 0.8663158 0.1058128 0.7674236 0.126607 0.7705364 0.126607 0.7285731 0.4048698 0.8054324 0.3200237 0.8054324 0.4048698 0.8473958 0.3200237 0.8054324 0.3200237 0.8893591 0.3624467 0.8966811 0.4048698 0.8473958 0.3200237 0.8054324 0.3624467 0.8966811 0.3200237 0.8893591 0.3234278 0.8966811 0.3624467 0.8966811 0.3624467 0.8966811 0.4014657 0.8966811 0.4048698 0.8893591 0.1058128 0.8124867 0.126607 0.8124996 0.126607 0.7705364 0.1485762 0.8124853 0.1485762 0.7223593 0.1277958 0.7285733 0.1058128 0.7223604 0.126607 0.7285731 0.1266871 0.7212677 0.5517342 0.8481082 0.5517342 0.8051905 0.5306503 0.8081428 0.1485762 0.7223593 0.1485089 0.7145155 0.1277331 0.7212691 0.5517342 0.8481082 0.5306503 0.8481082 0.5306503 0.8880738 0.268319 0.9280037 0.274578 0.9278444 0.274578 0.7880219 0.6662113 0.8971917 0.6724216 0.8972057 0.6724216 0.8450182 0.07207608 0.880384 0.07831358 0.8797144 0.06536829 0.7403073 0.4874423 0.9550662 0.4937014 0.9550395 0.4937014 0.8149717 0.2620598 0.9278444 0.268319 0.9280037 0.268319 0.7881812 0.06585168 0.880927 0.07207608 0.880384 0.05913072 0.740977 0.4811832 0.9550395 0.4874423 0.9550662 0.4874423 0.8149985 0.831445 0.8449333 0.825186 0.8446968 0.825186 0.8966777 0.6453419 0.8450158 0.6390827 0.8450041 0.6390827 0.8971917 0.6724216 0.8972057 0.6787274 0.8971928 0.6787274 0.8450053 0.825186 0.8966777 0.825186 0.8446968 0.8189268 0.8449333 0.7132146 0.8972049 0.7194111 0.8971915 0.7194111 0.845004 0.006239533 0.8803884 0.01246184 0.8809448 0.02540713 0.7415227 0 0.8797321 0.006239533 0.8803884 0.01918476 0.7409664 0.651601 0.8450041 0.6453419 0.8450158 0.6453419 0.8972035 0.7068963 0.897193 0.7132146 0.8972049 0.7132146 0.8450174 0.1969043 0.9336305 0.2031634 0.9334712 0.2031634 0.7936487 0.6797735 0.8971915 0.6859837 0.8972057 0.6859837 0.8450181 0.09852933 0.880384 0.1047668 0.8797144 0.09182149 0.7403073 0.5010066 0.9550662 0.5072657 0.9550395 0.5072657 0.8149717 0.1906452 0.9334712 0.1969043 0.9336305 0.1969043 0.793808 0.09230488 0.880927 0.09852933 0.880384 0.08558404 0.7409769 0.4947474 0.9550395 0.5010066 0.9550662 0.5010066 0.8149985 0.8450093 0.8449333 0.8387502 0.8446969 0.8387502 0.8966777 0.6589061 0.845016 0.652647 0.8450042 0.652647 0.8971917 0.6859837 0.8972057 0.6922895 0.8971927 0.6922895 0.8450052 0.8387502 0.8966777 0.8387502 0.8446969 0.8324911 0.8449333 0.6996539 0.8972049 0.7058503 0.8971916 0.7058503 0.8450041 0.03269267 0.8803884 0.03891497 0.8809448 0.05186033 0.7415227 0.02645307 0.8797321 0.03269267 0.8803884 0.04563796 0.7409664 0.6651653 0.8450042 0.6589061 0.845016 0.6589061 0.8972035 0.6933356 0.8971931 0.6996539 0.8972049 0.6996539 0.8450174 0 0 0 0 0 0 0 0 0 0 0 0 0 0 0 0 0 0 0 0 0 0 0 0 0 0 0 0 0 0 0 0 0 0 0 0 0 0 0 0 0 0 0 0 0 0 0 0 0 0 0 0 0 0 0 0 0 0 0 0 0 0 0 0 0 0 0 0 0 0 0 0 0 0 0 0 0 0 0 0 0 0 0 0 0 0 0 0 0 0 0 0 0 0 0 0 0 0 0 0 0 0 0 0 0 0 0 0 0 0 0 0 0 0 0 0 0 0 0 0 0 0 0 0 0 0 0 0 0 0 0 0 0 0 0 0 0 0 0 0 0 0 0 0 0 0 0 0 0 0 0 0 0 0 0 0</float_array>
          <technique_common>
            <accessor source="#Cubo_001-mesh-map-1-array" count="6702" stride="2">
              <param name="S" type="float"/>
              <param name="T" type="float"/>
            </accessor>
          </technique_common>
        </source>
        <vertices id="Cubo_001-mesh-vertices">
          <input semantic="POSITION" source="#Cubo_001-mesh-positions"/>
        </vertices>
        <triangles material="Material_001-material" count="2234">
          <input semantic="VERTEX" source="#Cubo_001-mesh-vertices" offset="0"/>
          <input semantic="NORMAL" source="#Cubo_001-mesh-normals" offset="1"/>
          <input semantic="TEXCOORD" source="#Cubo_001-mesh-map-0" offset="2" set="0"/>
          <input semantic="TEXCOORD" source="#Cubo_001-mesh-map-1" offset="2" set="1"/>
          <p>3 0 0 2 0 1 1 0 2 7 1 3 8 1 4 1 1 5 12 2 6 38 2 7 11 2 8 11 3 9 41 3 10 40 3 11 15 4 12 12 4 13 11 4 14 17 5 15 11 5 16 13 5 17 14 6 18 35 6 19 10 6 20 44 7 21 35 7 22 37 7 23 19 8 24 20 8 25 18 8 26 22 9 27 21 9 28 19 9 29 23 10 30 19 10 31 18 10 32 24 11 33 18 11 34 20 11 35 25 12 36 20 12 37 21 12 38 27 13 39 28 13 40 26 13 41 30 14 42 29 14 43 27 14 44 31 15 45 27 15 46 26 15 47 32 16 48 26 16 49 28 16 50 33 17 51 28 17 52 29 17 53 45 18 54 13 18 55 40 18 56 16 19 57 39 19 58 12 19 59 36 20 60 10 20 61 34 20 62 41 21 63 45 21 64 40 21 65 43 22 66 39 22 67 42 22 68 38 23 69 36 23 70 34 23 71 49 24 72 46 24 73 47 24 74 49 25 75 50 25 76 51 25 77 49 26 78 53 26 79 48 26 80 48 27 81 52 27 82 46 27 83 46 28 84 50 28 85 47 28 86 54 29 87 59 29 88 58 29 89 58 30 90 57 30 91 56 30 92 62 31 93 58 31 94 56 31 95 54 32 96 61 32 97 55 32 98 63 33 99 56 33 100 57 33 101 64 34 102 54 34 103 58 34 104 62 35 105 68 35 106 67 35 107 62 36 108 69 36 109 64 36 110 60 37 111 66 37 112 61 37 113 64 38 114 65 38 115 60 38 116 141 39 117 86 39 118 142 39 119 140 40 120 95 40 121 143 40 122 93 41 123 82 41 124 92 41 125 110 42 126 86 42 127 83 42 128 95 43 129 84 43 130 96 43 131 83 44 132 80 44 133 87 44 134 88 45 135 83 45 136 87 45 137 90 46 138 84 46 139 83 46 140 140 47 141 92 47 142 142 47 143 81 48 144 98 48 145 94 48 146 79 49 147 92 49 148 82 49 149 89 50 150 96 50 151 84 50 152 101 51 153 71 51 154 100 51 155 70 52 156 230 52 157 174 52 158 100 53 159 147 53 160 148 53 161 102 54 162 72 54 163 101 54 164 104 55 165 84 55 166 85 55 167 107 56 168 85 56 169 86 56 170 109 57 171 83 57 172 84 57 173 104 58 174 106 58 175 105 58 176 109 59 177 111 59 178 110 59 179 105 60 180 109 60 181 104 60 182 110 61 183 106 61 184 107 61 185 105 62 186 111 62 187 108 62 188 117 63 189 141 63 190 145 63 191 123 64 192 144 64 193 146 64 194 113 65 195 121 65 196 120 65 197 117 66 198 138 66 199 114 66 200 115 67 201 123 67 202 124 67 203 114 68 204 80 68 205 117 68 206 114 69 207 88 69 208 87 69 209 115 70 210 119 70 211 114 70 212 120 71 213 144 71 214 145 71 215 126 72 216 112 72 217 122 72 218 120 73 219 79 73 220 113 73 221 124 74 222 118 74 223 115 74 224 75 75 225 129 75 226 128 75 227 74 76 228 131 76 229 127 76 230 149 77 231 128 77 232 150 77 233 76 78 234 130 78 235 129 78 236 115 79 237 132 79 238 116 79 239 116 80 240 135 80 241 117 80 242 114 81 243 137 81 244 115 81 245 134 82 246 132 82 247 133 82 248 137 83 249 139 83 250 136 83 251 137 84 252 133 84 253 132 84 254 138 85 255 134 85 256 139 85 257 139 86 258 133 86 259 136 86 260 145 87 261 116 87 262 117 87 263 146 88 264 121 88 265 126 88 266 145 89 267 91 89 268 120 89 269 85 90 270 142 90 271 86 90 272 93 91 273 143 91 274 98 91 275 91 92 276 142 92 277 92 92 278 147 93 279 152 93 280 148 93 281 78 94 282 150 94 283 131 94 284 231 95 285 148 95 286 147 95 287 148 96 288 153 96 289 103 96 290 161 97 291 216 97 292 217 97 293 170 98 294 215 98 295 218 98 296 157 99 297 168 99 298 167 99 299 161 100 300 185 100 301 158 100 302 159 101 303 170 101 304 171 101 305 158 102 306 155 102 307 161 102 308 158 103 309 163 103 310 162 103 311 159 104 312 165 104 313 158 104 314 167 105 315 215 105 316 217 105 317 173 106 318 156 106 319 169 106 320 167 107 321 154 107 322 157 107 323 171 108 324 164 108 325 159 108 326 71 109 327 176 109 328 175 109 329 103 110 330 228 110 331 99 110 332 147 111 333 175 111 334 222 111 335 72 112 336 177 112 337 176 112 338 159 113 339 179 113 340 160 113 341 160 114 342 182 114 343 161 114 344 158 115 345 184 115 346 159 115 347 181 116 348 179 116 349 180 116 350 184 117 351 186 117 352 183 117 353 184 118 354 180 118 355 179 118 356 185 119 357 181 119 358 186 119 359 186 120 360 180 120 361 183 120 362 216 121 363 192 121 364 220 121 365 219 122 366 198 122 367 221 122 368 196 123 369 188 123 370 195 123 371 213 124 372 192 124 373 189 124 374 198 125 375 190 125 376 199 125 377 189 126 378 155 126 379 162 126 380 163 127 381 189 127 382 162 127 383 194 128 384 190 128 385 189 128 386 219 129 387 195 129 388 220 129 389 187 130 390 201 130 391 197 130 392 154 131 393 195 131 394 188 131 395 193 132 396 199 132 397 190 132 398 204 133 399 75 133 400 203 133 401 206 134 402 74 134 403 202 134 404 203 135 405 149 135 406 223 135 407 205 136 408 76 136 409 204 136 410 207 137 411 190 137 412 191 137 413 210 138 414 191 138 415 192 138 416 212 139 417 189 139 418 190 139 419 207 140 420 209 140 421 208 140 422 212 141 423 214 141 424 213 141 425 208 142 426 212 142 427 207 142 428 213 143 429 209 143 430 210 143 431 211 144 432 209 144 433 214 144 434 191 145 435 220 145 436 192 145 437 196 146 438 221 146 439 201 146 440 166 147 441 220 147 442 195 147 443 217 148 444 160 148 445 161 148 446 218 149 447 168 149 448 173 149 449 217 150 450 166 150 451 167 150 452 224 151 453 147 151 454 222 151 455 223 152 456 78 152 457 206 152 458 233 153 459 147 153 460 222 153 461 225 154 462 222 154 463 178 154 464 174 155 465 229 155 466 178 155 467 99 156 468 226 156 469 70 156 470 248 157 471 242 157 472 236 157 473 249 158 474 241 158 475 247 158 476 235 159 477 249 159 478 248 159 479 234 160 480 245 160 481 240 160 482 237 161 483 242 161 484 243 161 485 246 162 486 243 162 487 247 162 488 238 163 489 245 163 490 239 163 491 246 164 492 244 164 493 238 164 494 254 165 495 260 165 496 250 165 497 261 166 498 255 166 499 259 166 500 261 167 501 235 167 502 260 167 503 234 168 504 257 168 505 253 168 506 251 169 507 254 169 508 250 169 509 258 170 510 255 170 511 251 170 512 257 171 513 252 171 514 253 171 515 256 172 516 258 172 517 252 172 518 262 173 519 265 173 520 263 173 521 266 174 522 263 174 523 265 174 524 269 175 525 265 175 526 264 175 527 267 176 528 262 176 529 263 176 530 268 177 531 264 177 532 262 177 533 270 178 534 273 178 535 271 178 536 274 179 537 271 179 538 273 179 539 277 180 540 273 180 541 272 180 542 275 181 543 270 181 544 271 181 545 276 182 546 272 182 547 270 182 548 278 183 549 281 183 550 279 183 551 282 184 552 279 184 553 281 184 554 285 185 555 281 185 556 280 185 557 283 186 558 278 186 559 279 186 560 284 187 561 280 187 562 278 187 563 289 188 564 295 188 565 292 188 566 293 189 567 301 189 568 290 189 569 301 190 570 294 190 571 295 190 572 291 191 573 299 191 574 286 191 575 301 192 576 291 192 577 290 192 578 287 193 579 299 193 580 298 193 581 297 194 582 289 194 583 288 194 584 293 195 585 295 195 586 294 195 587 287 196 588 297 196 589 288 196 590 316 197 591 310 197 592 304 197 593 313 198 594 315 198 595 317 198 596 303 199 597 317 199 598 316 199 599 302 200 600 313 200 601 308 200 602 304 201 603 311 201 604 305 201 605 314 202 606 311 202 607 315 202 608 307 203 609 312 203 610 313 203 611 314 204 612 312 204 613 306 204 614 322 205 615 328 205 616 318 205 617 329 206 618 327 206 619 325 206 620 329 207 621 303 207 622 328 207 623 302 208 624 325 208 625 321 208 626 323 209 627 318 209 628 319 209 629 326 210 630 323 210 631 319 210 632 321 211 633 324 211 634 320 211 635 324 212 636 326 212 637 320 212 638 344 213 639 338 213 640 332 213 641 341 214 642 343 214 643 345 214 644 331 215 645 345 215 646 344 215 647 330 216 648 341 216 649 336 216 650 332 217 651 339 217 652 333 217 653 342 218 654 339 218 655 343 218 656 335 219 657 340 219 658 341 219 659 342 220 660 340 220 661 334 220 662 350 221 663 356 221 664 346 221 665 357 222 666 355 222 667 353 222 668 357 223 669 331 223 670 356 223 671 330 224 672 353 224 673 349 224 674 351 225 675 346 225 676 347 225 677 354 226 678 351 226 679 347 226 680 349 227 681 352 227 682 348 227 683 352 228 684 354 228 685 348 228 686 359 229 687 361 229 688 358 229 689 363 230 690 365 230 691 362 230 692 364 231 693 361 231 694 360 231 695 359 232 696 364 232 697 360 232 698 363 233 699 358 233 700 361 233 701 367 234 702 369 234 703 366 234 704 371 235 705 373 235 706 370 235 707 372 236 708 369 236 709 368 236 710 367 237 711 372 237 712 368 237 713 371 238 714 366 238 715 369 238 716 375 239 717 377 239 718 374 239 719 379 240 720 381 240 721 378 240 722 380 241 723 377 241 724 376 241 725 375 242 726 380 242 727 376 242 728 379 243 729 374 243 730 377 243 731 383 244 732 385 244 733 382 244 734 387 245 735 389 245 736 386 245 737 388 246 738 385 246 739 384 246 740 383 247 741 388 247 742 384 247 743 387 248 744 382 248 745 385 248 746 391 249 747 393 249 748 390 249 749 395 250 750 397 250 751 394 250 752 396 251 753 393 251 754 392 251 755 391 252 756 396 252 757 392 252 758 395 253 759 390 253 760 393 253 761 399 254 762 401 254 763 398 254 764 403 255 765 405 255 766 402 255 767 404 256 768 401 256 769 400 256 770 399 257 771 404 257 772 400 257 773 403 258 774 398 258 775 401 258 776 415 259 777 409 259 778 414 259 779 414 260 780 411 260 781 407 260 782 413 261 783 409 261 784 408 261 785 411 262 786 406 262 787 407 262 788 417 263 789 408 263 790 415 263 791 412 264 792 415 264 793 406 264 794 410 265 795 414 265 796 409 265 797 406 266 798 414 266 799 407 266 800 421 267 801 452 267 802 420 267 803 430 268 804 463 268 805 431 268 806 432 269 807 434 269 808 433 269 809 432 270 810 439 270 811 437 270 812 431 271 813 441 271 814 439 271 815 430 272 816 443 272 817 441 272 818 429 273 819 445 273 820 443 273 821 427 274 822 445 274 823 428 274 824 426 275 825 447 275 826 427 275 827 433 276 828 449 276 829 426 276 830 437 277 831 435 277 832 434 277 833 435 278 834 420 278 835 419 278 836 437 279 837 438 279 838 436 279 839 438 280 840 420 280 841 436 280 842 439 281 843 440 281 844 438 281 845 440 282 846 421 282 847 438 282 848 441 283 849 442 283 850 440 283 851 442 284 852 422 284 853 440 284 854 443 285 855 444 285 856 442 285 857 444 286 858 423 286 859 442 286 860 447 287 861 444 287 862 445 287 863 444 288 864 425 288 865 424 288 866 449 289 867 446 289 868 447 289 869 446 290 870 418 290 871 425 290 872 434 291 873 448 291 874 449 291 875 448 292 876 419 292 877 418 292 878 423 293 879 454 293 880 422 293 881 425 294 882 456 294 883 424 294 884 420 295 885 451 295 886 419 295 887 422 296 888 453 296 889 421 296 890 424 297 891 455 297 892 423 297 893 432 298 894 465 298 895 433 298 896 427 299 897 460 299 898 428 299 899 429 300 900 462 300 901 430 300 902 432 301 903 463 301 904 464 301 905 433 302 906 458 302 907 426 302 908 432 303 909 437 303 910 434 303 911 432 304 912 431 304 913 439 304 914 431 305 915 430 305 916 441 305 917 430 306 918 429 306 919 443 306 920 429 307 921 428 307 922 445 307 923 427 308 924 447 308 925 445 308 926 426 309 927 449 309 928 447 309 929 433 310 930 434 310 931 449 310 932 437 311 933 436 311 934 435 311 935 435 312 936 436 312 937 420 312 938 437 313 939 439 313 940 438 313 941 438 314 942 421 314 943 420 314 944 439 315 945 441 315 946 440 315 947 440 316 948 422 316 949 421 316 950 441 317 951 443 317 952 442 317 953 442 318 954 423 318 955 422 318 956 443 319 957 445 319 958 444 319 959 444 320 960 424 320 961 423 320 962 447 321 963 446 321 964 444 321 965 444 322 966 446 322 967 425 322 968 449 323 969 448 323 970 446 323 971 446 324 972 448 324 973 418 324 974 434 325 975 435 325 976 448 325 977 448 326 978 435 326 979 419 326 980 419 327 981 450 327 982 418 327 983 418 328 984 457 328 985 425 328 986 428 329 987 461 329 988 429 329 989 426 330 990 459 330 991 427 330 992 469 331 993 500 331 994 468 331 995 478 332 996 511 332 997 479 332 998 480 333 999 482 333 1000 481 333 1001 480 334 1002 487 334 1003 485 334 1004 479 335 1005 489 335 1006 487 335 1007 478 336 1008 491 336 1009 489 336 1010 477 337 1011 493 337 1012 491 337 1013 475 338 1014 493 338 1015 476 338 1016 474 339 1017 495 339 1018 475 339 1019 481 340 1020 497 340 1021 474 340 1022 485 341 1023 483 341 1024 482 341 1025 483 342 1026 468 342 1027 467 342 1028 485 343 1029 486 343 1030 484 343 1031 486 344 1032 468 344 1033 484 344 1034 487 345 1035 488 345 1036 486 345 1037 488 346 1038 469 346 1039 486 346 1040 489 347 1041 490 347 1042 488 347 1043 490 348 1044 470 348 1045 488 348 1046 491 349 1047 492 349 1048 490 349 1049 492 350 1050 471 350 1051 490 350 1052 495 351 1053 492 351 1054 493 351 1055 492 352 1056 473 352 1057 472 352 1058 497 353 1059 494 353 1060 495 353 1061 494 354 1062 466 354 1063 473 354 1064 482 355 1065 496 355 1066 497 355 1067 496 356 1068 467 356 1069 466 356 1070 471 357 1071 502 357 1072 470 357 1073 473 358 1074 504 358 1075 472 358 1076 468 359 1077 499 359 1078 467 359 1079 470 360 1080 501 360 1081 469 360 1082 472 361 1083 503 361 1084 471 361 1085 480 362 1086 513 362 1087 481 362 1088 475 363 1089 508 363 1090 476 363 1091 477 364 1092 510 364 1093 478 364 1094 480 365 1095 511 365 1096 512 365 1097 481 366 1098 506 366 1099 474 366 1100 480 367 1101 485 367 1102 482 367 1103 480 368 1104 479 368 1105 487 368 1106 479 369 1107 478 369 1108 489 369 1109 478 370 1110 477 370 1111 491 370 1112 477 371 1113 476 371 1114 493 371 1115 475 372 1116 495 372 1117 493 372 1118 474 373 1119 497 373 1120 495 373 1121 481 374 1122 482 374 1123 497 374 1124 485 375 1125 484 375 1126 483 375 1127 483 376 1128 484 376 1129 468 376 1130 485 377 1131 487 377 1132 486 377 1133 486 378 1134 469 378 1135 468 378 1136 487 379 1137 489 379 1138 488 379 1139 488 380 1140 470 380 1141 469 380 1142 489 381 1143 491 381 1144 490 381 1145 490 382 1146 471 382 1147 470 382 1148 491 383 1149 493 383 1150 492 383 1151 492 384 1152 472 384 1153 471 384 1154 495 385 1155 494 385 1156 492 385 1157 492 386 1158 494 386 1159 473 386 1160 497 387 1161 496 387 1162 494 387 1163 494 388 1164 496 388 1165 466 388 1166 482 389 1167 483 389 1168 496 389 1169 496 390 1170 483 390 1171 467 390 1172 467 391 1173 498 391 1174 466 391 1175 466 392 1176 505 392 1177 473 392 1178 476 393 1179 509 393 1180 477 393 1181 474 394 1182 507 394 1183 475 394 1184 517 395 1185 548 395 1186 516 395 1187 526 396 1188 559 396 1189 527 396 1190 528 397 1191 530 397 1192 529 397 1193 528 398 1194 535 398 1195 533 398 1196 527 399 1197 537 399 1198 535 399 1199 526 400 1200 539 400 1201 537 400 1202 525 401 1203 541 401 1204 539 401 1205 523 402 1206 541 402 1207 524 402 1208 522 403 1209 543 403 1210 523 403 1211 529 404 1212 545 404 1213 522 404 1214 533 405 1215 531 405 1216 530 405 1217 531 406 1218 516 406 1219 515 406 1220 533 407 1221 534 407 1222 532 407 1223 534 408 1224 516 408 1225 532 408 1226 535 409 1227 536 409 1228 534 409 1229 536 410 1230 517 410 1231 534 410 1232 537 411 1233 538 411 1234 536 411 1235 538 412 1236 518 412 1237 536 412 1238 539 413 1239 540 413 1240 538 413 1241 540 414 1242 519 414 1243 538 414 1244 543 415 1245 540 415 1246 541 415 1247 540 416 1248 521 416 1249 520 416 1250 545 417 1251 542 417 1252 543 417 1253 542 418 1254 514 418 1255 521 418 1256 530 419 1257 544 419 1258 545 419 1259 544 420 1260 515 420 1261 514 420 1262 519 421 1263 550 421 1264 518 421 1265 521 422 1266 552 422 1267 520 422 1268 516 423 1269 547 423 1270 515 423 1271 518 424 1272 549 424 1273 517 424 1274 520 425 1275 551 425 1276 519 425 1277 528 426 1278 561 426 1279 529 426 1280 523 427 1281 556 427 1282 524 427 1283 525 428 1284 558 428 1285 526 428 1286 528 429 1287 559 429 1288 560 429 1289 529 430 1290 554 430 1291 522 430 1292 528 431 1293 533 431 1294 530 431 1295 528 432 1296 527 432 1297 535 432 1298 527 433 1299 526 433 1300 537 433 1301 526 434 1302 525 434 1303 539 434 1304 525 435 1305 524 435 1306 541 435 1307 523 436 1308 543 436 1309 541 436 1310 522 437 1311 545 437 1312 543 437 1313 529 438 1314 530 438 1315 545 438 1316 533 439 1317 532 439 1318 531 439 1319 531 440 1320 532 440 1321 516 440 1322 533 441 1323 535 441 1324 534 441 1325 534 442 1326 517 442 1327 516 442 1328 535 443 1329 537 443 1330 536 443 1331 536 444 1332 518 444 1333 517 444 1334 537 445 1335 539 445 1336 538 445 1337 538 446 1338 519 446 1339 518 446 1340 539 447 1341 541 447 1342 540 447 1343 540 448 1344 520 448 1345 519 448 1346 543 449 1347 542 449 1348 540 449 1349 540 450 1350 542 450 1351 521 450 1352 545 451 1353 544 451 1354 542 451 1355 542 452 1356 544 452 1357 514 452 1358 530 453 1359 531 453 1360 544 453 1361 544 454 1362 531 454 1363 515 454 1364 515 455 1365 546 455 1366 514 455 1367 514 456 1368 553 456 1369 521 456 1370 524 457 1371 557 457 1372 525 457 1373 522 458 1374 555 458 1375 523 458 1376 563 459 1377 580 459 1378 579 459 1379 565 460 1380 582 460 1381 580 460 1382 582 461 1383 567 461 1384 584 461 1385 567 462 1386 579 462 1387 584 462 1388 565 463 1389 567 463 1390 569 463 1391 571 464 1392 572 464 1393 573 464 1394 585 465 1395 562 465 1396 566 465 1397 574 466 1398 572 466 1399 570 466 1400 576 467 1401 571 467 1402 573 467 1403 572 468 1404 576 468 1405 573 468 1406 575 469 1407 570 469 1408 571 469 1409 584 470 1410 578 470 1411 585 470 1412 583 471 1413 566 471 1414 568 471 1415 582 472 1416 585 472 1417 583 472 1418 581 473 1419 568 473 1420 564 473 1421 580 474 1422 583 474 1423 581 474 1424 578 475 1425 564 475 1426 562 475 1427 579 476 1428 581 476 1429 578 476 1430 587 477 1431 596 477 1432 595 477 1433 589 478 1434 598 478 1435 596 478 1436 593 479 1437 600 479 1438 598 479 1439 591 480 1440 595 480 1441 600 480 1442 589 481 1443 591 481 1444 593 481 1445 601 482 1446 586 482 1447 590 482 1448 600 483 1449 594 483 1450 601 483 1451 599 484 1452 590 484 1453 592 484 1454 598 485 1455 601 485 1456 599 485 1457 597 486 1458 592 486 1459 588 486 1460 596 487 1461 599 487 1462 597 487 1463 594 488 1464 588 488 1465 586 488 1466 595 489 1467 597 489 1468 594 489 1469 260 490 1470 235 490 1471 258 490 1472 605 491 1473 636 491 1474 604 491 1475 614 492 1476 647 492 1477 615 492 1478 616 493 1479 618 493 1480 617 493 1481 616 494 1482 623 494 1483 621 494 1484 615 495 1485 625 495 1486 623 495 1487 614 496 1488 627 496 1489 625 496 1490 613 497 1491 629 497 1492 627 497 1493 611 498 1494 629 498 1495 612 498 1496 610 499 1497 631 499 1498 611 499 1499 617 500 1500 633 500 1501 610 500 1502 621 501 1503 619 501 1504 618 501 1505 619 502 1506 604 502 1507 603 502 1508 621 503 1509 622 503 1510 620 503 1511 622 504 1512 604 504 1513 620 504 1514 623 505 1515 624 505 1516 622 505 1517 624 506 1518 605 506 1519 622 506 1520 625 507 1521 626 507 1522 624 507 1523 626 508 1524 606 508 1525 624 508 1526 627 509 1527 628 509 1528 626 509 1529 628 510 1530 607 510 1531 626 510 1532 631 511 1533 628 511 1534 629 511 1535 628 512 1536 609 512 1537 608 512 1538 633 513 1539 630 513 1540 631 513 1541 630 514 1542 602 514 1543 609 514 1544 618 515 1545 632 515 1546 633 515 1547 632 516 1548 603 516 1549 602 516 1550 607 517 1551 638 517 1552 606 517 1553 609 518 1554 640 518 1555 608 518 1556 604 519 1557 635 519 1558 603 519 1559 606 520 1560 637 520 1561 605 520 1562 608 521 1563 639 521 1564 607 521 1565 616 522 1566 649 522 1567 617 522 1568 611 523 1569 644 523 1570 612 523 1571 613 524 1572 646 524 1573 614 524 1574 616 525 1575 647 525 1576 648 525 1577 617 526 1578 642 526 1579 610 526 1580 616 527 1581 621 527 1582 618 527 1583 616 528 1584 615 528 1585 623 528 1586 615 529 1587 614 529 1588 625 529 1589 614 530 1590 613 530 1591 627 530 1592 613 531 1593 612 531 1594 629 531 1595 611 532 1596 631 532 1597 629 532 1598 610 533 1599 633 533 1600 631 533 1601 617 534 1602 618 534 1603 633 534 1604 621 535 1605 620 535 1606 619 535 1607 619 536 1608 620 536 1609 604 536 1610 621 537 1611 623 537 1612 622 537 1613 622 538 1614 605 538 1615 604 538 1616 623 539 1617 625 539 1618 624 539 1619 624 540 1620 606 540 1621 605 540 1622 625 541 1623 627 541 1624 626 541 1625 626 542 1626 607 542 1627 606 542 1628 627 543 1629 629 543 1630 628 543 1631 628 544 1632 608 544 1633 607 544 1634 631 545 1635 630 545 1636 628 545 1637 628 546 1638 630 546 1639 609 546 1640 633 547 1641 632 547 1642 630 547 1643 630 548 1644 632 548 1645 602 548 1646 618 549 1647 619 549 1648 632 549 1649 632 550 1650 619 550 1651 603 550 1652 603 551 1653 634 551 1654 602 551 1655 602 552 1656 641 552 1657 609 552 1658 612 553 1659 645 553 1660 613 553 1661 610 554 1662 643 554 1663 611 554 1664 653 555 1665 684 555 1666 652 555 1667 662 556 1668 695 556 1669 663 556 1670 664 557 1671 666 557 1672 665 557 1673 664 558 1674 671 558 1675 669 558 1676 663 559 1677 673 559 1678 671 559 1679 662 560 1680 675 560 1681 673 560 1682 661 561 1683 677 561 1684 675 561 1685 659 562 1686 677 562 1687 660 562 1688 658 563 1689 679 563 1690 659 563 1691 665 564 1692 681 564 1693 658 564 1694 669 565 1695 667 565 1696 666 565 1697 667 566 1698 652 566 1699 651 566 1700 669 567 1701 670 567 1702 668 567 1703 670 568 1704 652 568 1705 668 568 1706 671 569 1707 672 569 1708 670 569 1709 672 570 1710 653 570 1711 670 570 1712 673 571 1713 674 571 1714 672 571 1715 674 572 1716 654 572 1717 672 572 1718 675 573 1719 676 573 1720 674 573 1721 676 574 1722 655 574 1723 674 574 1724 679 575 1725 676 575 1726 677 575 1727 676 576 1728 657 576 1729 656 576 1730 681 577 1731 678 577 1732 679 577 1733 678 578 1734 650 578 1735 657 578 1736 666 579 1737 680 579 1738 681 579 1739 680 580 1740 651 580 1741 650 580 1742 655 581 1743 686 581 1744 654 581 1745 657 582 1746 688 582 1747 656 582 1748 652 583 1749 683 583 1750 651 583 1751 654 584 1752 685 584 1753 653 584 1754 656 585 1755 687 585 1756 655 585 1757 664 586 1758 697 586 1759 665 586 1760 659 587 1761 692 587 1762 660 587 1763 661 588 1764 694 588 1765 662 588 1766 664 589 1767 695 589 1768 696 589 1769 665 590 1770 690 590 1771 658 590 1772 664 591 1773 669 591 1774 666 591 1775 664 592 1776 663 592 1777 671 592 1778 663 593 1779 662 593 1780 673 593 1781 662 594 1782 661 594 1783 675 594 1784 661 595 1785 660 595 1786 677 595 1787 659 596 1788 679 596 1789 677 596 1790 658 597 1791 681 597 1792 679 597 1793 665 598 1794 666 598 1795 681 598 1796 669 599 1797 668 599 1798 667 599 1799 667 600 1800 668 600 1801 652 600 1802 669 601 1803 671 601 1804 670 601 1805 670 602 1806 653 602 1807 652 602 1808 671 603 1809 673 603 1810 672 603 1811 672 604 1812 654 604 1813 653 604 1814 673 605 1815 675 605 1816 674 605 1817 674 606 1818 655 606 1819 654 606 1820 675 607 1821 677 607 1822 676 607 1823 676 608 1824 656 608 1825 655 608 1826 679 609 1827 678 609 1828 676 609 1829 676 610 1830 678 610 1831 657 610 1832 681 611 1833 680 611 1834 678 611 1835 678 612 1836 680 612 1837 650 612 1838 666 613 1839 667 613 1840 680 613 1841 680 614 1842 667 614 1843 651 614 1844 651 615 1845 682 615 1846 650 615 1847 650 616 1848 689 616 1849 657 616 1850 660 617 1851 693 617 1852 661 617 1853 658 618 1854 691 618 1855 659 618 1856 718 619 1857 748 619 1858 749 619 1859 710 620 1860 720 620 1861 706 620 1862 730 621 1863 707 621 1864 723 621 1865 724 622 1866 743 622 1867 708 622 1868 706 623 1869 741 623 1870 716 623 1871 703 624 1872 698 624 1873 699 624 1874 712 625 1875 724 625 1876 708 625 1877 705 626 1878 700 626 1879 701 626 1880 732 627 1881 701 627 1882 725 627 1883 701 628 1884 717 628 1885 715 628 1886 714 629 1887 699 629 1888 698 629 1889 715 630 1890 716 630 1891 714 630 1892 721 631 1893 740 631 1894 750 631 1895 708 632 1896 714 632 1897 709 632 1898 704 633 1899 722 633 1900 700 633 1901 711 634 1902 706 634 1903 707 634 1904 702 635 1905 718 635 1906 698 635 1907 713 636 1908 708 636 1909 709 636 1910 728 637 1911 699 637 1912 721 637 1913 717 638 1914 706 638 1915 716 638 1916 733 639 1917 725 639 1918 724 639 1919 719 640 1920 727 640 1921 726 640 1922 729 641 1923 721 641 1924 720 641 1925 723 642 1926 731 642 1927 730 642 1928 726 643 1929 709 643 1930 719 643 1931 746 644 1932 735 644 1933 734 644 1934 752 645 1935 736 645 1936 753 645 1937 748 646 1938 742 646 1939 739 646 1940 741 647 1941 751 647 1942 750 647 1943 720 648 1944 744 648 1945 706 648 1946 707 649 1947 736 649 1948 745 649 1949 722 650 1950 752 650 1951 753 650 1952 725 651 1953 735 651 1954 746 651 1955 709 652 1956 739 652 1957 742 652 1958 725 653 1959 747 653 1960 724 653 1961 708 654 1962 734 654 1963 715 654 1964 721 655 1965 751 655 1966 720 655 1967 698 656 1968 739 656 1969 714 656 1970 719 657 1971 742 657 1972 748 657 1973 723 658 1974 745 658 1975 752 658 1976 701 659 1977 734 659 1978 735 659 1979 699 660 1980 741 660 1981 740 660 1982 718 661 1983 738 661 1984 698 661 1985 700 662 1986 736 662 1987 717 662 1988 722 663 1989 737 663 1990 700 663 1991 768 664 1992 762 664 1993 756 664 1994 769 665 1995 761 665 1996 767 665 1997 755 666 1998 769 666 1999 768 666 2000 754 667 2001 765 667 2002 760 667 2003 757 668 2004 762 668 2005 763 668 2006 766 669 2007 763 669 2008 767 669 2009 758 670 2010 765 670 2011 759 670 2012 766 671 2013 764 671 2014 758 671 2015 774 672 2016 780 672 2017 770 672 2018 781 673 2019 775 673 2020 779 673 2021 781 674 2022 755 674 2023 780 674 2024 754 675 2025 777 675 2026 773 675 2027 771 676 2028 774 676 2029 770 676 2030 778 677 2031 775 677 2032 771 677 2033 777 678 2034 772 678 2035 773 678 2036 776 679 2037 778 679 2038 772 679 2039 780 680 2040 755 680 2041 778 680 2042 790 681 2043 788 681 2044 793 681 2045 1058 682 2046 1057 682 2047 1055 682 2048 1051 683 2049 1052 683 2050 1053 683 2051 1010 684 2052 1009 684 2053 1007 684 2054 1003 685 2055 1004 685 2056 1005 685 2057 787 686 2058 785 686 2059 789 686 2060 787 687 2061 786 687 2062 785 687 2063 784 688 2064 792 688 2065 787 688 2066 787 689 2067 792 689 2068 786 689 2069 934 690 2070 936 690 2071 935 690 2072 786 691 2073 790 691 2074 782 691 2075 792 692 2076 790 692 2077 786 692 2078 925 693 2079 922 693 2080 928 693 2081 791 694 2082 792 694 2083 784 694 2084 892 695 2085 893 695 2086 891 695 2087 782 696 2088 790 696 2089 783 696 2090 854 697 2091 835 697 2092 803 697 2093 788 698 2094 790 698 2095 792 698 2096 801 699 2097 806 699 2098 807 699 2099 810 700 2100 808 700 2101 813 700 2102 797 701 2103 808 701 2104 807 701 2105 801 702 2106 820 702 2107 798 702 2108 799 703 2109 810 703 2110 811 703 2111 798 704 2112 795 704 2113 801 704 2114 798 705 2115 803 705 2116 802 705 2117 799 706 2118 805 706 2119 798 706 2120 807 707 2121 800 707 2122 801 707 2123 813 708 2124 796 708 2125 809 708 2126 807 709 2127 794 709 2128 797 709 2129 811 710 2130 804 710 2131 799 710 2132 799 711 2133 814 711 2134 800 711 2135 800 712 2136 817 712 2137 801 712 2138 798 713 2139 819 713 2140 799 713 2141 815 714 2142 817 714 2143 814 714 2144 820 715 2145 818 715 2146 819 715 2147 819 716 2148 815 716 2149 814 716 2150 820 717 2151 816 717 2152 821 717 2153 818 718 2154 816 718 2155 815 718 2156 806 719 2157 827 719 2158 830 719 2159 831 720 2160 833 720 2161 836 720 2162 831 721 2163 823 721 2164 830 721 2165 843 722 2166 827 722 2167 824 722 2168 833 723 2169 825 723 2170 834 723 2171 824 724 2172 795 724 2173 802 724 2174 803 725 2175 824 725 2176 802 725 2177 829 726 2178 825 726 2179 824 726 2180 826 727 2181 830 727 2182 827 727 2183 822 728 2184 836 728 2185 832 728 2186 794 729 2187 830 729 2188 823 729 2189 828 730 2190 834 730 2191 825 730 2192 837 731 2193 825 731 2194 826 731 2195 840 732 2196 826 732 2197 827 732 2198 842 733 2199 824 733 2200 825 733 2201 838 734 2202 840 734 2203 839 734 2204 841 735 2205 843 735 2206 842 735 2207 838 736 2208 842 736 2209 837 736 2210 843 737 2211 839 737 2212 840 737 2213 838 738 2214 844 738 2215 841 738 2216 857 739 2217 852 739 2218 858 739 2219 859 740 2220 810 740 2221 813 740 2222 859 741 2223 848 741 2224 858 741 2225 866 742 2226 852 742 2227 849 742 2228 810 743 2229 850 743 2230 811 743 2231 849 744 2232 846 744 2233 853 744 2234 854 745 2235 849 745 2236 853 745 2237 856 746 2238 850 746 2239 849 746 2240 851 747 2241 858 747 2242 852 747 2243 847 748 2244 813 748 2245 809 748 2246 845 749 2247 858 749 2248 848 749 2249 855 750 2250 811 750 2251 850 750 2252 860 751 2253 850 751 2254 851 751 2255 863 752 2256 851 752 2257 852 752 2258 865 753 2259 849 753 2260 850 753 2261 861 754 2262 863 754 2263 862 754 2264 864 755 2265 866 755 2266 865 755 2267 861 756 2268 865 756 2269 860 756 2270 866 757 2271 862 757 2272 863 757 2273 864 758 2274 862 758 2275 867 758 2276 873 759 2277 857 759 2278 876 759 2279 833 760 2280 877 760 2281 836 760 2282 869 761 2283 877 761 2284 876 761 2285 873 762 2286 884 762 2287 870 762 2288 871 763 2289 833 763 2290 834 763 2291 870 764 2292 846 764 2293 873 764 2294 870 765 2295 854 765 2296 853 765 2297 871 766 2298 875 766 2299 870 766 2300 876 767 2301 872 767 2302 873 767 2303 836 768 2304 868 768 2305 832 768 2306 876 769 2307 845 769 2308 869 769 2309 834 770 2310 874 770 2311 871 770 2312 871 771 2313 878 771 2314 872 771 2315 872 772 2316 881 772 2317 873 772 2318 870 773 2319 883 773 2320 871 773 2321 879 774 2322 881 774 2323 878 774 2324 884 775 2325 882 775 2326 883 775 2327 883 776 2328 879 776 2329 878 776 2330 884 777 2331 880 777 2332 885 777 2333 882 778 2334 880 778 2335 879 778 2336 889 779 2337 895 779 2338 892 779 2339 893 780 2340 901 780 2341 890 780 2342 901 781 2343 894 781 2344 895 781 2345 891 782 2346 899 782 2347 886 782 2348 901 783 2349 891 783 2350 890 783 2351 887 784 2352 899 784 2353 898 784 2354 897 785 2355 889 785 2356 888 785 2357 893 786 2358 895 786 2359 894 786 2360 887 787 2361 897 787 2362 888 787 2363 904 788 2364 909 788 2365 905 788 2366 917 789 2367 923 789 2368 910 789 2369 919 790 2370 924 790 2371 929 790 2372 920 791 2373 927 791 2374 916 791 2375 908 792 2376 906 792 2377 909 792 2378 903 793 2379 908 793 2380 904 793 2381 905 794 2382 906 794 2383 902 794 2384 902 795 2385 907 795 2386 903 795 2387 917 796 2388 910 796 2389 903 796 2390 914 797 2391 919 797 2392 905 797 2393 911 798 2394 913 798 2395 902 798 2396 920 799 2397 916 799 2398 904 799 2399 910 800 2400 911 800 2401 912 800 2402 913 801 2403 914 801 2404 915 801 2405 916 802 2406 917 802 2407 918 802 2408 919 803 2409 920 803 2410 921 803 2411 911 804 2412 923 804 2413 922 804 2414 916 805 2415 926 805 2416 917 805 2417 920 806 2418 929 806 2419 928 806 2420 913 807 2421 924 807 2422 914 807 2423 911 808 2424 925 808 2425 913 808 2426 930 809 2427 933 809 2428 931 809 2429 934 810 2430 931 810 2431 933 810 2432 937 811 2433 933 811 2434 932 811 2435 935 812 2436 930 812 2437 931 812 2438 936 813 2439 932 813 2440 930 813 2441 952 814 2442 946 814 2443 940 814 2444 951 815 2445 946 815 2446 953 815 2447 939 816 2448 953 816 2449 952 816 2450 938 817 2451 949 817 2452 944 817 2453 940 818 2454 947 818 2455 941 818 2456 950 819 2457 947 819 2458 951 819 2459 943 820 2460 948 820 2461 949 820 2462 950 821 2463 948 821 2464 942 821 2465 958 822 2466 964 822 2467 954 822 2468 963 823 2469 960 823 2470 961 823 2471 965 824 2472 939 824 2473 964 824 2474 938 825 2475 961 825 2476 957 825 2477 959 826 2478 954 826 2479 955 826 2480 962 827 2481 959 827 2482 955 827 2483 957 828 2484 960 828 2485 956 828 2486 960 829 2487 962 829 2488 956 829 2489 969 830 2490 1000 830 2491 968 830 2492 978 831 2493 1011 831 2494 979 831 2495 980 832 2496 982 832 2497 981 832 2498 980 833 2499 987 833 2500 985 833 2501 979 834 2502 989 834 2503 987 834 2504 978 835 2505 991 835 2506 989 835 2507 977 836 2508 993 836 2509 991 836 2510 975 837 2511 993 837 2512 976 837 2513 974 838 2514 995 838 2515 975 838 2516 981 839 2517 997 839 2518 974 839 2519 985 840 2520 983 840 2521 982 840 2522 983 841 2523 968 841 2524 967 841 2525 985 842 2526 986 842 2527 984 842 2528 986 843 2529 968 843 2530 984 843 2531 987 844 2532 988 844 2533 986 844 2534 988 845 2535 969 845 2536 986 845 2537 989 846 2538 990 846 2539 988 846 2540 990 847 2541 970 847 2542 988 847 2543 991 848 2544 992 848 2545 990 848 2546 992 849 2547 971 849 2548 990 849 2549 995 850 2550 992 850 2551 993 850 2552 992 851 2553 973 851 2554 972 851 2555 997 852 2556 994 852 2557 995 852 2558 994 853 2559 966 853 2560 973 853 2561 982 854 2562 996 854 2563 997 854 2564 996 855 2565 967 855 2566 966 855 2567 971 856 2568 1002 856 2569 970 856 2570 973 857 2571 1004 857 2572 972 857 2573 968 858 2574 999 858 2575 967 858 2576 970 859 2577 1001 859 2578 969 859 2579 972 860 2580 1003 860 2581 971 860 2582 980 861 2583 1013 861 2584 981 861 2585 975 862 2586 1008 862 2587 976 862 2588 977 863 2589 1010 863 2590 978 863 2591 980 864 2592 1011 864 2593 1012 864 2594 981 865 2595 1006 865 2596 974 865 2597 980 866 2598 985 866 2599 982 866 2600 980 867 2601 979 867 2602 987 867 2603 979 868 2604 978 868 2605 989 868 2606 978 869 2607 977 869 2608 991 869 2609 977 870 2610 976 870 2611 993 870 2612 975 871 2613 995 871 2614 993 871 2615 974 872 2616 997 872 2617 995 872 2618 981 873 2619 982 873 2620 997 873 2621 985 874 2622 984 874 2623 983 874 2624 983 875 2625 984 875 2626 968 875 2627 985 876 2628 987 876 2629 986 876 2630 986 877 2631 969 877 2632 968 877 2633 987 878 2634 989 878 2635 988 878 2636 988 879 2637 970 879 2638 969 879 2639 989 880 2640 991 880 2641 990 880 2642 990 881 2643 971 881 2644 970 881 2645 991 882 2646 993 882 2647 992 882 2648 992 883 2649 972 883 2650 971 883 2651 995 884 2652 994 884 2653 992 884 2654 992 885 2655 994 885 2656 973 885 2657 997 886 2658 996 886 2659 994 886 2660 994 887 2661 996 887 2662 966 887 2663 982 888 2664 983 888 2665 996 888 2666 996 889 2667 983 889 2668 967 889 2669 967 890 2670 998 890 2671 966 890 2672 966 891 2673 1005 891 2674 973 891 2675 976 892 2676 1009 892 2677 977 892 2678 974 893 2679 1007 893 2680 975 893 2681 1017 894 2682 1048 894 2683 1016 894 2684 1026 895 2685 1059 895 2686 1027 895 2687 1028 896 2688 1030 896 2689 1029 896 2690 1028 897 2691 1035 897 2692 1033 897 2693 1027 898 2694 1037 898 2695 1035 898 2696 1026 899 2697 1039 899 2698 1037 899 2699 1025 900 2700 1041 900 2701 1039 900 2702 1023 901 2703 1041 901 2704 1024 901 2705 1022 902 2706 1043 902 2707 1023 902 2708 1029 903 2709 1045 903 2710 1022 903 2711 1033 904 2712 1031 904 2713 1030 904 2714 1031 905 2715 1016 905 2716 1015 905 2717 1033 906 2718 1034 906 2719 1032 906 2720 1034 907 2721 1016 907 2722 1032 907 2723 1035 908 2724 1036 908 2725 1034 908 2726 1036 909 2727 1017 909 2728 1034 909 2729 1037 910 2730 1038 910 2731 1036 910 2732 1038 911 2733 1018 911 2734 1036 911 2735 1039 912 2736 1040 912 2737 1038 912 2738 1040 913 2739 1019 913 2740 1038 913 2741 1043 914 2742 1040 914 2743 1041 914 2744 1040 915 2745 1021 915 2746 1020 915 2747 1045 916 2748 1042 916 2749 1043 916 2750 1042 917 2751 1014 917 2752 1021 917 2753 1030 918 2754 1044 918 2755 1045 918 2756 1044 919 2757 1015 919 2758 1014 919 2759 1019 920 2760 1050 920 2761 1018 920 2762 1021 921 2763 1052 921 2764 1020 921 2765 1016 922 2766 1047 922 2767 1015 922 2768 1018 923 2769 1049 923 2770 1017 923 2771 1020 924 2772 1051 924 2773 1019 924 2774 1028 925 2775 1061 925 2776 1029 925 2777 1023 926 2778 1056 926 2779 1024 926 2780 1025 927 2781 1058 927 2782 1026 927 2783 1028 928 2784 1059 928 2785 1060 928 2786 1029 929 2787 1054 929 2788 1022 929 2789 1028 930 2790 1033 930 2791 1030 930 2792 1028 931 2793 1027 931 2794 1035 931 2795 1027 932 2796 1026 932 2797 1037 932 2798 1026 933 2799 1025 933 2800 1039 933 2801 1025 934 2802 1024 934 2803 1041 934 2804 1023 935 2805 1043 935 2806 1041 935 2807 1022 936 2808 1045 936 2809 1043 936 2810 1029 937 2811 1030 937 2812 1045 937 2813 1033 938 2814 1032 938 2815 1031 938 2816 1031 939 2817 1032 939 2818 1016 939 2819 1033 940 2820 1035 940 2821 1034 940 2822 1034 941 2823 1017 941 2824 1016 941 2825 1035 942 2826 1037 942 2827 1036 942 2828 1036 943 2829 1018 943 2830 1017 943 2831 1037 944 2832 1039 944 2833 1038 944 2834 1038 945 2835 1019 945 2836 1018 945 2837 1039 946 2838 1041 946 2839 1040 946 2840 1040 947 2841 1020 947 2842 1019 947 2843 1043 948 2844 1042 948 2845 1040 948 2846 1040 949 2847 1042 949 2848 1021 949 2849 1045 950 2850 1044 950 2851 1042 950 2852 1042 951 2853 1044 951 2854 1014 951 2855 1030 952 2856 1031 952 2857 1044 952 2858 1044 953 2859 1031 953 2860 1015 953 2861 1015 954 2862 1046 954 2863 1014 954 2864 1014 955 2865 1053 955 2866 1021 955 2867 1024 956 2868 1057 956 2869 1025 956 2870 1022 957 2871 1055 957 2872 1023 957 2873 1070 958 2874 1073 958 2875 1068 958 2876 1341 959 2877 1334 959 2878 1338 959 2879 1327 960 2880 1333 960 2881 1331 960 2882 1293 961 2883 1286 961 2884 1290 961 2885 1279 962 2886 1285 962 2887 1283 962 2888 1067 963 2889 1069 963 2890 1065 963 2891 1067 964 2892 1065 964 2893 1066 964 2894 1064 965 2895 1067 965 2896 1072 965 2897 1067 966 2898 1066 966 2899 1072 966 2900 1216 967 2901 1214 967 2902 1215 967 2903 1066 968 2904 1062 968 2905 1070 968 2906 1072 969 2907 1066 969 2908 1070 969 2909 1207 970 2910 1206 970 2911 1202 970 2912 1071 971 2913 1064 971 2914 1072 971 2915 1166 972 2916 1171 972 2917 1169 972 2918 1062 973 2919 1063 973 2920 1070 973 2921 1115 974 2922 1134 974 2923 1092 974 2924 1068 975 2925 1072 975 2926 1070 975 2927 1086 976 2928 1081 976 2929 1087 976 2930 1088 977 2931 1090 977 2932 1093 977 2933 1088 978 2934 1077 978 2935 1087 978 2936 1100 979 2937 1081 979 2938 1078 979 2939 1090 980 2940 1079 980 2941 1091 980 2942 1078 981 2943 1075 981 2944 1082 981 2945 1083 982 2946 1078 982 2947 1082 982 2948 1085 983 2949 1079 983 2950 1078 983 2951 1080 984 2952 1087 984 2953 1081 984 2954 1076 985 2955 1093 985 2956 1089 985 2957 1074 986 2958 1087 986 2959 1077 986 2960 1084 987 2961 1091 987 2962 1079 987 2963 1094 988 2964 1079 988 2965 1080 988 2966 1097 989 2967 1080 989 2968 1081 989 2969 1099 990 2970 1078 990 2971 1079 990 2972 1095 991 2973 1097 991 2974 1096 991 2975 1098 992 2976 1100 992 2977 1099 992 2978 1095 993 2979 1099 993 2980 1094 993 2981 1100 994 2982 1096 994 2983 1097 994 2984 1098 995 2985 1096 995 2986 1101 995 2987 1107 996 2988 1086 996 2989 1110 996 2990 1113 997 2991 1111 997 2992 1116 997 2993 1103 998 2994 1111 998 2995 1110 998 2996 1107 999 2997 1123 999 2998 1104 999 2999 1105 1000 3000 1113 1000 3001 1114 1000 3002 1104 1001 3003 1075 1001 3004 1107 1001 3005 1104 1002 3006 1083 1002 3007 1082 1002 3008 1105 1003 3009 1109 1003 3010 1104 1003 3011 1110 1004 3012 1106 1004 3013 1107 1004 3014 1116 1005 3015 1102 1005 3016 1112 1005 3017 1110 1006 3018 1074 1006 3019 1103 1006 3020 1114 1007 3021 1108 1007 3022 1105 1007 3023 1105 1008 3024 1117 1008 3025 1106 1008 3026 1106 1009 3027 1120 1009 3028 1107 1009 3029 1104 1010 3030 1122 1010 3031 1105 1010 3032 1118 1011 3033 1120 1011 3034 1117 1011 3035 1123 1012 3036 1121 1012 3037 1122 1012 3038 1122 1013 3039 1118 1013 3040 1117 1013 3041 1123 1014 3042 1119 1014 3043 1124 1014 3044 1124 1015 3045 1118 1015 3046 1121 1015 3047 1132 1016 3048 1137 1016 3049 1138 1016 3050 1090 1017 3051 1139 1017 3052 1093 1017 3053 1128 1018 3054 1139 1018 3055 1138 1018 3056 1132 1019 3057 1146 1019 3058 1129 1019 3059 1130 1020 3060 1090 1020 3061 1091 1020 3062 1129 1021 3063 1126 1021 3064 1132 1021 3065 1129 1022 3066 1134 1022 3067 1133 1022 3068 1130 1023 3069 1136 1023 3070 1129 1023 3071 1138 1024 3072 1131 1024 3073 1132 1024 3074 1093 1025 3075 1127 1025 3076 1089 1025 3077 1138 1026 3078 1125 1026 3079 1128 1026 3080 1091 1027 3081 1135 1027 3082 1130 1027 3083 1130 1028 3084 1140 1028 3085 1131 1028 3086 1131 1029 3087 1143 1029 3088 1132 1029 3089 1129 1030 3090 1145 1030 3091 1130 1030 3092 1141 1031 3093 1143 1031 3094 1140 1031 3095 1146 1032 3096 1144 1032 3097 1145 1032 3098 1145 1033 3099 1141 1033 3100 1140 1033 3101 1146 1034 3102 1142 1034 3103 1147 1034 3104 1144 1035 3105 1142 1035 3106 1141 1035 3107 1137 1036 3108 1153 1036 3109 1156 1036 3110 1157 1037 3111 1113 1037 3112 1116 1037 3113 1157 1038 3114 1149 1038 3115 1156 1038 3116 1164 1039 3117 1153 1039 3118 1150 1039 3119 1113 1040 3120 1151 1040 3121 1114 1040 3122 1150 1041 3123 1126 1041 3124 1133 1041 3125 1134 1042 3126 1150 1042 3127 1133 1042 3128 1155 1043 3129 1151 1043 3130 1150 1043 3131 1152 1044 3132 1156 1044 3133 1153 1044 3134 1148 1045 3135 1116 1045 3136 1112 1045 3137 1125 1046 3138 1156 1046 3139 1149 1046 3140 1154 1047 3141 1114 1047 3142 1151 1047 3143 1158 1048 3144 1151 1048 3145 1152 1048 3146 1161 1049 3147 1152 1049 3148 1153 1049 3149 1163 1050 3150 1150 1050 3151 1151 1050 3152 1159 1051 3153 1161 1051 3154 1160 1051 3155 1162 1052 3156 1164 1052 3157 1163 1052 3158 1159 1053 3159 1163 1053 3160 1158 1053 3161 1164 1054 3162 1160 1054 3163 1161 1054 3164 1162 1055 3165 1160 1055 3166 1165 1055 3167 1175 1056 3168 1169 1056 3169 1172 1056 3170 1181 1057 3171 1173 1057 3172 1170 1057 3173 1179 1058 3174 1178 1058 3175 1177 1058 3176 1179 1059 3177 1171 1059 3178 1166 1059 3179 1171 1060 3180 1181 1060 3181 1170 1060 3182 1179 1061 3183 1167 1061 3184 1178 1061 3185 1169 1062 3186 1177 1062 3187 1168 1062 3188 1175 1063 3189 1173 1063 3190 1174 1063 3191 1177 1064 3192 1167 1064 3193 1168 1064 3194 1189 1065 3195 1184 1065 3196 1185 1065 3197 1203 1066 3198 1197 1066 3199 1190 1066 3200 1199 1067 3201 1204 1067 3202 1194 1067 3203 1207 1068 3204 1200 1068 3205 1196 1068 3206 1186 1069 3207 1188 1069 3208 1189 1069 3209 1188 1070 3210 1183 1070 3211 1184 1070 3212 1186 1071 3213 1185 1071 3214 1182 1071 3215 1187 1072 3216 1182 1072 3217 1183 1072 3218 1197 1073 3219 1198 1073 3220 1184 1073 3221 1194 1074 3222 1195 1074 3223 1182 1074 3224 1191 1075 3225 1192 1075 3226 1183 1075 3227 1200 1076 3228 1201 1076 3229 1185 1076 3230 1190 1077 3231 1192 1077 3232 1191 1077 3233 1193 1078 3234 1195 1078 3235 1194 1078 3236 1196 1079 3237 1198 1079 3238 1197 1079 3239 1199 1080 3240 1201 1080 3241 1200 1080 3242 1203 1081 3243 1191 1081 3244 1202 1081 3245 1196 1082 3246 1206 1082 3247 1207 1082 3248 1209 1083 3249 1200 1083 3250 1208 1083 3251 1193 1084 3252 1204 1084 3253 1205 1084 3254 1205 1085 3255 1191 1085 3256 1193 1085 3257 1213 1086 3258 1210 1086 3259 1211 1086 3260 1211 1087 3261 1214 1087 3262 1213 1087 3263 1213 1088 3264 1217 1088 3265 1212 1088 3266 1210 1089 3267 1215 1089 3268 1211 1089 3269 1212 1090 3270 1216 1090 3271 1210 1090 3272 1226 1091 3273 1232 1091 3274 1220 1091 3275 1231 1092 3276 1228 1092 3277 1229 1092 3278 1233 1093 3279 1219 1093 3280 1232 1093 3281 1218 1094 3282 1229 1094 3283 1223 1094 3284 1227 1095 3285 1220 1095 3286 1221 1095 3287 1230 1096 3288 1227 1096 3289 1221 1096 3290 1223 1097 3291 1228 1097 3292 1222 1097 3293 1228 1098 3294 1230 1098 3295 1222 1098 3296 1244 1099 3297 1238 1099 3298 1234 1099 3299 1243 1100 3300 1238 1100 3301 1245 1100 3302 1219 1101 3303 1245 1101 3304 1244 1101 3305 1218 1102 3306 1241 1102 3307 1224 1102 3308 1234 1103 3309 1239 1103 3310 1235 1103 3311 1242 1104 3312 1239 1104 3313 1243 1104 3314 1237 1105 3315 1240 1105 3316 1241 1105 3317 1242 1106 3318 1240 1106 3319 1236 1106 3320 1280 1107 3321 1249 1107 3322 1248 1107 3323 1291 1108 3324 1258 1108 3325 1259 1108 3326 1260 1109 3327 1261 1109 3328 1262 1109 3329 1260 1110 3330 1265 1110 3331 1267 1110 3332 1259 1111 3333 1267 1111 3334 1269 1111 3335 1258 1112 3336 1269 1112 3337 1271 1112 3338 1257 1113 3339 1271 1113 3340 1273 1113 3341 1255 1114 3342 1256 1114 3343 1273 1114 3344 1254 1115 3345 1255 1115 3346 1275 1115 3347 1261 1116 3348 1254 1116 3349 1277 1116 3350 1265 1117 3351 1262 1117 3352 1263 1117 3353 1263 1118 3354 1247 1118 3355 1248 1118 3356 1265 1119 3357 1264 1119 3358 1266 1119 3359 1266 1120 3360 1264 1120 3361 1248 1120 3362 1267 1121 3363 1266 1121 3364 1268 1121 3365 1268 1122 3366 1266 1122 3367 1249 1122 3368 1269 1123 3369 1268 1123 3370 1270 1123 3371 1270 1124 3372 1268 1124 3373 1250 1124 3374 1271 1125 3375 1270 1125 3376 1272 1125 3377 1272 1126 3378 1270 1126 3379 1251 1126 3380 1275 1127 3381 1273 1127 3382 1272 1127 3383 1272 1128 3384 1252 1128 3385 1253 1128 3386 1277 1129 3387 1275 1129 3388 1274 1129 3389 1274 1130 3390 1253 1130 3391 1246 1130 3392 1262 1131 3393 1277 1131 3394 1276 1131 3395 1276 1132 3396 1246 1132 3397 1247 1132 3398 1282 1133 3399 1251 1133 3400 1250 1133 3401 1284 1134 3402 1253 1134 3403 1252 1134 3404 1279 1135 3405 1248 1135 3406 1247 1135 3407 1281 1136 3408 1250 1136 3409 1249 1136 3410 1283 1137 3411 1252 1137 3412 1251 1137 3413 1293 1138 3414 1260 1138 3415 1261 1138 3416 1288 1139 3417 1255 1139 3418 1256 1139 3419 1290 1140 3420 1257 1140 3421 1258 1140 3422 1260 1141 3423 1291 1141 3424 1259 1141 3425 1286 1142 3426 1261 1142 3427 1254 1142 3428 1260 1143 3429 1262 1143 3430 1265 1143 3431 1260 1144 3432 1267 1144 3433 1259 1144 3434 1259 1145 3435 1269 1145 3436 1258 1145 3437 1258 1146 3438 1271 1146 3439 1257 1146 3440 1257 1147 3441 1273 1147 3442 1256 1147 3443 1255 1148 3444 1273 1148 3445 1275 1148 3446 1254 1149 3447 1275 1149 3448 1277 1149 3449 1261 1150 3450 1277 1150 3451 1262 1150 3452 1265 1151 3453 1263 1151 3454 1264 1151 3455 1263 1152 3456 1248 1152 3457 1264 1152 3458 1265 1153 3459 1266 1153 3460 1267 1153 3461 1266 1154 3462 1248 1154 3463 1249 1154 3464 1267 1155 3465 1268 1155 3466 1269 1155 3467 1268 1156 3468 1249 1156 3469 1250 1156 3470 1269 1157 3471 1270 1157 3472 1271 1157 3473 1270 1158 3474 1250 1158 3475 1251 1158 3476 1271 1159 3477 1272 1159 3478 1273 1159 3479 1272 1160 3480 1251 1160 3481 1252 1160 3482 1275 1161 3483 1272 1161 3484 1274 1161 3485 1272 1162 3486 1253 1162 3487 1274 1162 3488 1277 1163 3489 1274 1163 3490 1276 1163 3491 1274 1164 3492 1246 1164 3493 1276 1164 3494 1262 1165 3495 1276 1165 3496 1263 1165 3497 1276 1166 3498 1247 1166 3499 1263 1166 3500 1278 1167 3501 1247 1167 3502 1246 1167 3503 1285 1168 3504 1246 1168 3505 1253 1168 3506 1289 1169 3507 1256 1169 3508 1257 1169 3509 1287 1170 3510 1254 1170 3511 1255 1170 3512 1328 1171 3513 1297 1171 3514 1296 1171 3515 1339 1172 3516 1306 1172 3517 1307 1172 3518 1308 1173 3519 1309 1173 3520 1310 1173 3521 1308 1174 3522 1313 1174 3523 1315 1174 3524 1307 1175 3525 1315 1175 3526 1317 1175 3527 1306 1176 3528 1317 1176 3529 1319 1176 3530 1305 1177 3531 1319 1177 3532 1321 1177 3533 1303 1178 3534 1304 1178 3535 1321 1178 3536 1302 1179 3537 1303 1179 3538 1323 1179 3539 1309 1180 3540 1302 1180 3541 1325 1180 3542 1313 1181 3543 1310 1181 3544 1311 1181 3545 1311 1182 3546 1295 1182 3547 1296 1182 3548 1313 1183 3549 1312 1183 3550 1314 1183 3551 1314 1184 3552 1312 1184 3553 1296 1184 3554 1315 1185 3555 1314 1185 3556 1316 1185 3557 1316 1186 3558 1314 1186 3559 1297 1186 3560 1317 1187 3561 1316 1187 3562 1318 1187 3563 1318 1188 3564 1316 1188 3565 1298 1188 3566 1319 1189 3567 1318 1189 3568 1320 1189 3569 1320 1190 3570 1318 1190 3571 1299 1190 3572 1323 1191 3573 1321 1191 3574 1320 1191 3575 1320 1192 3576 1300 1192 3577 1301 1192 3578 1325 1193 3579 1323 1193 3580 1322 1193 3581 1322 1194 3582 1301 1194 3583 1294 1194 3584 1310 1195 3585 1325 1195 3586 1324 1195 3587 1324 1196 3588 1294 1196 3589 1295 1196 3590 1330 1197 3591 1299 1197 3592 1298 1197 3593 1332 1198 3594 1301 1198 3595 1300 1198 3596 1327 1199 3597 1296 1199 3598 1295 1199 3599 1329 1200 3600 1298 1200 3601 1297 1200 3602 1331 1201 3603 1300 1201 3604 1299 1201 3605 1341 1202 3606 1308 1202 3607 1309 1202 3608 1336 1203 3609 1303 1203 3610 1304 1203 3611 1338 1204 3612 1305 1204 3613 1306 1204 3614 1308 1205 3615 1339 1205 3616 1307 1205 3617 1334 1206 3618 1309 1206 3619 1302 1206 3620 1308 1207 3621 1310 1207 3622 1313 1207 3623 1308 1208 3624 1315 1208 3625 1307 1208 3626 1307 1209 3627 1317 1209 3628 1306 1209 3629 1306 1210 3630 1319 1210 3631 1305 1210 3632 1305 1211 3633 1321 1211 3634 1304 1211 3635 1303 1212 3636 1321 1212 3637 1323 1212 3638 1302 1213 3639 1323 1213 3640 1325 1213 3641 1309 1214 3642 1325 1214 3643 1310 1214 3644 1313 1215 3645 1311 1215 3646 1312 1215 3647 1311 1216 3648 1296 1216 3649 1312 1216 3650 1313 1217 3651 1314 1217 3652 1315 1217 3653 1314 1218 3654 1296 1218 3655 1297 1218 3656 1315 1219 3657 1316 1219 3658 1317 1219 3659 1316 1220 3660 1297 1220 3661 1298 1220 3662 1317 1221 3663 1318 1221 3664 1319 1221 3665 1318 1222 3666 1298 1222 3667 1299 1222 3668 1319 1223 3669 1320 1223 3670 1321 1223 3671 1320 1224 3672 1299 1224 3673 1300 1224 3674 1323 1225 3675 1320 1225 3676 1322 1225 3677 1320 1226 3678 1301 1226 3679 1322 1226 3680 1325 1227 3681 1322 1227 3682 1324 1227 3683 1322 1228 3684 1294 1228 3685 1324 1228 3686 1310 1229 3687 1324 1229 3688 1311 1229 3689 1324 1230 3690 1295 1230 3691 1311 1230 3692 1326 1231 3693 1295 1231 3694 1294 1231 3695 1333 1232 3696 1294 1232 3697 1301 1232 3698 1337 1233 3699 1304 1233 3700 1305 1233 3701 1335 1234 3702 1302 1234 3703 1303 1234 3704 1343 1235 3705 1352 1235 3706 1351 1235 3707 1345 1236 3708 1354 1236 3709 1352 1236 3710 1349 1237 3711 1356 1237 3712 1354 1237 3713 1347 1238 3714 1351 1238 3715 1356 1238 3716 1345 1239 3717 1347 1239 3718 1349 1239 3719 1357 1240 3720 1342 1240 3721 1346 1240 3722 1356 1241 3723 1350 1241 3724 1357 1241 3725 1355 1242 3726 1346 1242 3727 1348 1242 3728 1354 1243 3729 1357 1243 3730 1355 1243 3731 1353 1244 3732 1348 1244 3733 1344 1244 3734 1352 1245 3735 1355 1245 3736 1353 1245 3737 1350 1246 3738 1344 1246 3739 1342 1246 3740 1351 1247 3741 1353 1247 3742 1350 1247 3743 1359 1248 3744 1368 1248 3745 1367 1248 3746 1361 1249 3747 1370 1249 3748 1368 1249 3749 1365 1250 3750 1372 1250 3751 1370 1250 3752 1363 1251 3753 1367 1251 3754 1372 1251 3755 1361 1252 3756 1363 1252 3757 1365 1252 3758 1373 1253 3759 1358 1253 3760 1362 1253 3761 1372 1254 3762 1366 1254 3763 1373 1254 3764 1371 1255 3765 1362 1255 3766 1364 1255 3767 1370 1256 3768 1373 1256 3769 1371 1256 3770 1369 1257 3771 1364 1257 3772 1360 1257 3773 1368 1258 3774 1371 1258 3775 1369 1258 3776 1366 1259 3777 1360 1259 3778 1358 1259 3779 1367 1260 3780 1369 1260 3781 1366 1260 3782 1 1261 3783 0 1261 3784 4 1261 3785 0 1262 3786 5 1262 3787 4 1262 3788 4 1263 3789 3 1263 3790 1 1263 3791 9 1264 3792 0 1264 3793 8 1264 3794 0 1265 3795 1 1265 3796 8 1265 3797 1 1266 3798 6 1266 3799 7 1266 3800 38 1267 3801 34 1267 3802 11 1267 3803 34 1268 3804 10 1268 3805 11 1268 3806 12 1269 3807 39 1269 3808 38 1269 3809 11 1270 3810 10 1270 3811 35 1270 3812 11 1271 3813 35 1271 3814 41 1271 3815 40 1272 3816 13 1272 3817 11 1272 3818 15 1273 3819 16 1273 3820 12 1273 3821 17 1274 3822 15 1274 3823 11 1274 3824 14 1275 3825 37 1275 3826 35 1275 3827 44 1276 3828 41 1276 3829 35 1276 3830 19 1277 3831 21 1277 3832 20 1277 3833 22 1278 3834 25 1278 3835 21 1278 3836 23 1279 3837 22 1279 3838 19 1279 3839 24 1280 3840 23 1280 3841 18 1280 3842 25 1281 3843 24 1281 3844 20 1281 3845 27 1282 3846 29 1282 3847 28 1282 3848 30 1283 3849 33 1283 3850 29 1283 3851 31 1284 3852 30 1284 3853 27 1284 3854 32 1285 3855 31 1285 3856 26 1285 3857 33 1286 3858 32 1286 3859 28 1286 3860 45 1287 3861 17 1287 3862 13 1287 3863 16 1288 3864 42 1288 3865 39 1288 3866 36 1289 3867 14 1289 3868 10 1289 3869 41 1290 3870 44 1290 3871 45 1290 3872 43 1291 3873 38 1291 3874 39 1291 3875 38 1292 3876 43 1292 3877 36 1292 3878 49 1293 3879 48 1293 3880 46 1293 3881 49 1294 3882 47 1294 3883 50 1294 3884 49 1295 3885 51 1295 3886 53 1295 3887 48 1296 3888 53 1296 3889 52 1296 3890 46 1297 3891 52 1297 3892 50 1297 3893 54 1298 3894 55 1298 3895 59 1298 3896 58 1299 3897 59 1299 3898 57 1299 3899 62 1300 3900 64 1300 3901 58 1300 3902 54 1301 3903 60 1301 3904 61 1301 3905 63 1302 3906 62 1302 3907 56 1302 3908 64 1303 3909 60 1303 3910 54 1303 3911 62 1304 3912 63 1304 3913 68 1304 3914 62 1305 3915 67 1305 3916 69 1305 3917 60 1306 3918 65 1306 3919 66 1306 3920 64 1307 3921 69 1307 3922 65 1307 3923 141 1308 3924 80 1308 3925 86 1308 3926 140 1309 3927 85 1309 3928 95 1309 3929 93 1310 3930 81 1310 3931 82 1310 3932 110 1311 3933 107 1311 3934 86 1311 3935 95 1312 3936 85 1312 3937 84 1312 3938 83 1313 3939 86 1313 3940 80 1313 3941 88 1314 3942 90 1314 3943 83 1314 3944 90 1315 3945 89 1315 3946 84 1315 3947 140 1316 3948 93 1316 3949 92 1316 3950 81 1317 3951 93 1317 3952 98 1317 3953 79 1318 3954 91 1318 3955 92 1318 3956 89 1319 3957 97 1319 3958 96 1319 3959 101 1320 3960 72 1320 3961 71 1320 3962 70 1321 3963 226 1321 3964 230 1321 3965 100 1322 3966 71 1322 3967 147 1322 3968 102 1323 3969 73 1323 3970 72 1323 3971 104 1324 3972 109 1324 3973 84 1324 3974 107 1325 3975 104 1325 3976 85 1325 3977 109 1326 3978 110 1326 3979 83 1326 3980 104 1327 3981 107 1327 3982 106 1327 3983 109 1328 3984 108 1328 3985 111 1328 3986 105 1329 3987 108 1329 3988 109 1329 3989 110 1330 3990 111 1330 3991 106 1330 3992 105 1331 3993 106 1331 3994 111 1331 3995 117 1332 3996 80 1332 3997 141 1332 3998 123 1333 3999 116 1333 4000 144 1333 4001 113 1334 4002 112 1334 4003 121 1334 4004 117 1335 4005 135 1335 4006 138 1335 4007 115 1336 4008 116 1336 4009 123 1336 4010 114 1337 4011 87 1337 4012 80 1337 4013 114 1338 4014 119 1338 4015 88 1338 4016 115 1339 4017 118 1339 4018 119 1339 4019 120 1340 4020 121 1340 4021 144 1340 4022 126 1341 4023 121 1341 4024 112 1341 4025 120 1342 4026 91 1342 4027 79 1342 4028 124 1343 4029 125 1343 4030 118 1343 4031 75 1344 4032 76 1344 4033 129 1344 4034 74 1345 4035 78 1345 4036 131 1345 4037 149 1346 4038 75 1346 4039 128 1346 4040 76 1347 4041 77 1347 4042 130 1347 4043 115 1348 4044 137 1348 4045 132 1348 4046 116 1349 4047 132 1349 4048 135 1349 4049 114 1350 4050 138 1350 4051 137 1350 4052 134 1351 4053 135 1351 4054 132 1351 4055 137 1352 4056 138 1352 4057 139 1352 4058 137 1353 4059 136 1353 4060 133 1353 4061 138 1354 4062 135 1354 4063 134 1354 4064 139 1355 4065 134 1355 4066 133 1355 4067 145 1356 4068 144 1356 4069 116 1356 4070 146 1357 4071 144 1357 4072 121 1357 4073 145 1358 4074 141 1358 4075 91 1358 4076 85 1359 4077 140 1359 4078 142 1359 4079 93 1360 4080 140 1360 4081 143 1360 4082 91 1361 4083 141 1361 4084 142 1361 4085 147 1362 4086 151 1362 4087 152 1362 4088 78 1363 4089 149 1363 4090 150 1363 4091 231 1364 4092 232 1364 4093 148 1364 4094 148 1365 4095 152 1365 4096 153 1365 4097 161 1366 4098 155 1366 4099 216 1366 4100 170 1367 4101 160 1367 4102 215 1367 4103 157 1368 4104 156 1368 4105 168 1368 4106 161 1369 4107 182 1369 4108 185 1369 4109 159 1370 4110 160 1370 4111 170 1370 4112 158 1371 4113 162 1371 4114 155 1371 4115 158 1372 4116 165 1372 4117 163 1372 4118 159 1373 4119 164 1373 4120 165 1373 4121 167 1374 4122 168 1374 4123 215 1374 4124 173 1375 4125 168 1375 4126 156 1375 4127 167 1376 4128 166 1376 4129 154 1376 4130 171 1377 4131 172 1377 4132 164 1377 4133 71 1378 4134 72 1378 4135 176 1378 4136 103 1379 4137 227 1379 4138 228 1379 4139 147 1380 4140 71 1380 4141 175 1380 4142 72 1381 4143 73 1381 4144 177 1381 4145 159 1382 4146 184 1382 4147 179 1382 4148 160 1383 4149 179 1383 4150 182 1383 4151 158 1384 4152 185 1384 4153 184 1384 4154 181 1385 4155 182 1385 4156 179 1385 4157 184 1386 4158 185 1386 4159 186 1386 4160 184 1387 4161 183 1387 4162 180 1387 4163 185 1388 4164 182 1388 4165 181 1388 4166 186 1389 4167 181 1389 4168 180 1389 4169 216 1390 4170 155 1390 4171 192 1390 4172 219 1391 4173 191 1391 4174 198 1391 4175 196 1392 4176 187 1392 4177 188 1392 4178 213 1393 4179 210 1393 4180 192 1393 4181 198 1394 4182 191 1394 4183 190 1394 4184 189 1395 4185 192 1395 4186 155 1395 4187 163 1396 4188 194 1396 4189 189 1396 4190 194 1397 4191 193 1397 4192 190 1397 4193 219 1398 4194 196 1398 4195 195 1398 4196 187 1399 4197 196 1399 4198 201 1399 4199 154 1400 4200 166 1400 4201 195 1400 4202 193 1401 4203 200 1401 4204 199 1401 4205 204 1402 4206 76 1402 4207 75 1402 4208 206 1403 4209 78 1403 4210 74 1403 4211 203 1404 4212 75 1404 4213 149 1404 4214 205 1405 4215 77 1405 4216 76 1405 4217 207 1406 4218 212 1406 4219 190 1406 4220 210 1407 4221 207 1407 4222 191 1407 4223 212 1408 4224 213 1408 4225 189 1408 4226 207 1409 4227 210 1409 4228 209 1409 4229 212 1410 4230 211 1410 4231 214 1410 4232 208 1411 4233 211 1411 4234 212 1411 4235 213 1412 4236 214 1412 4237 209 1412 4238 211 1413 4239 208 1413 4240 209 1413 4241 191 1414 4242 219 1414 4243 220 1414 4244 196 1415 4245 219 1415 4246 221 1415 4247 166 1416 4248 216 1416 4249 220 1416 4250 217 1417 4251 215 1417 4252 160 1417 4253 218 1418 4254 215 1418 4255 168 1418 4256 217 1419 4257 216 1419 4258 166 1419 4259 224 1420 4260 151 1420 4261 147 1420 4262 223 1421 4263 149 1421 4264 78 1421 4265 233 1422 4266 231 1422 4267 147 1422 4268 225 1423 4269 224 1423 4270 222 1423 4271 174 1424 4272 230 1424 4273 229 1424 4274 99 1425 4275 228 1425 4276 226 1425 4277 248 1426 4278 249 1426 4279 242 1426 4280 241 1427 4281 240 1427 4282 247 1427 4283 240 1428 4284 245 1428 4285 244 1428 4286 247 1429 4287 240 1429 4288 244 1429 4289 247 1430 4290 243 1430 4291 249 1430 4292 243 1431 4293 242 1431 4294 249 1431 4295 235 1432 4296 241 1432 4297 249 1432 4298 234 1433 4299 239 1433 4300 245 1433 4301 237 1434 4302 236 1434 4303 242 1434 4304 246 1435 4305 237 1435 4306 243 1435 4307 238 1436 4308 244 1436 4309 245 1436 4310 246 1437 4311 247 1437 4312 244 1437 4313 254 1438 4314 261 1438 4315 260 1438 4316 257 1439 4317 240 1439 4318 256 1439 4319 240 1440 4320 241 1440 4321 259 1440 4322 261 1441 4323 254 1441 4324 255 1441 4325 240 1442 4326 259 1442 4327 256 1442 4328 241 1443 4329 261 1443 4330 259 1443 4331 261 1444 4332 241 1444 4333 235 1444 4334 234 1445 4335 240 1445 4336 257 1445 4337 251 1446 4338 255 1446 4339 254 1446 4340 258 1447 4341 259 1447 4342 255 1447 4343 257 1448 4344 256 1448 4345 252 1448 4346 256 1449 4347 259 1449 4348 258 1449 4349 262 1450 4350 264 1450 4351 265 1450 4352 266 1451 4353 267 1451 4354 263 1451 4355 269 1452 4356 266 1452 4357 265 1452 4358 267 1453 4359 268 1453 4360 262 1453 4361 268 1454 4362 269 1454 4363 264 1454 4364 270 1455 4365 272 1455 4366 273 1455 4367 274 1456 4368 275 1456 4369 271 1456 4370 277 1457 4371 274 1457 4372 273 1457 4373 275 1458 4374 276 1458 4375 270 1458 4376 276 1459 4377 277 1459 4378 272 1459 4379 278 1460 4380 280 1460 4381 281 1460 4382 282 1461 4383 283 1461 4384 279 1461 4385 285 1462 4386 282 1462 4387 281 1462 4388 283 1463 4389 284 1463 4390 278 1463 4391 284 1464 4392 285 1464 4393 280 1464 4394 289 1465 4395 296 1465 4396 295 1465 4397 293 1466 4398 294 1466 4399 301 1466 4400 295 1467 4401 296 1467 4402 299 1467 4403 296 1468 4404 297 1468 4405 299 1468 4406 297 1469 4407 298 1469 4408 299 1469 4409 299 1470 4410 300 1470 4411 295 1470 4412 300 1471 4413 301 1471 4414 295 1471 4415 291 1472 4416 300 1472 4417 299 1472 4418 301 1473 4419 300 1473 4420 291 1473 4421 287 1474 4422 286 1474 4423 299 1474 4424 297 1475 4425 296 1475 4426 289 1475 4427 293 1476 4428 292 1476 4429 295 1476 4430 287 1477 4431 298 1477 4432 297 1477 4433 316 1478 4434 317 1478 4435 310 1478 4436 309 1479 4437 308 1479 4438 317 1479 4439 308 1480 4440 313 1480 4441 317 1480 4442 313 1481 4443 312 1481 4444 315 1481 4445 315 1482 4446 311 1482 4447 310 1482 4448 315 1483 4449 310 1483 4450 317 1483 4451 303 1484 4452 309 1484 4453 317 1484 4454 302 1485 4455 307 1485 4456 313 1485 4457 304 1486 4458 310 1486 4459 311 1486 4460 314 1487 4461 305 1487 4462 311 1487 4463 307 1488 4464 306 1488 4465 312 1488 4466 314 1489 4467 315 1489 4468 312 1489 4469 322 1490 4470 329 1490 4471 328 1490 4472 325 1491 4473 308 1491 4474 329 1491 4475 308 1492 4476 309 1492 4477 329 1492 4478 329 1493 4479 322 1493 4480 327 1493 4481 322 1494 4482 323 1494 4483 327 1494 4484 327 1495 4485 324 1495 4486 325 1495 4487 329 1496 4488 309 1496 4489 303 1496 4490 302 1497 4491 308 1497 4492 325 1497 4493 323 1498 4494 322 1498 4495 318 1498 4496 326 1499 4497 327 1499 4498 323 1499 4499 321 1500 4500 325 1500 4501 324 1500 4502 324 1501 4503 327 1501 4504 326 1501 4505 344 1502 4506 345 1502 4507 338 1502 4508 337 1503 4509 336 1503 4510 345 1503 4511 336 1504 4512 341 1504 4513 345 1504 4514 341 1505 4515 340 1505 4516 343 1505 4517 343 1506 4518 339 1506 4519 338 1506 4520 343 1507 4521 338 1507 4522 345 1507 4523 331 1508 4524 337 1508 4525 345 1508 4526 330 1509 4527 335 1509 4528 341 1509 4529 332 1510 4530 338 1510 4531 339 1510 4532 342 1511 4533 333 1511 4534 339 1511 4535 335 1512 4536 334 1512 4537 340 1512 4538 342 1513 4539 343 1513 4540 340 1513 4541 350 1514 4542 357 1514 4543 356 1514 4544 353 1515 4545 336 1515 4546 357 1515 4547 336 1516 4548 337 1516 4549 357 1516 4550 357 1517 4551 350 1517 4552 355 1517 4553 350 1518 4554 351 1518 4555 355 1518 4556 355 1519 4557 352 1519 4558 353 1519 4559 357 1520 4560 337 1520 4561 331 1520 4562 330 1521 4563 336 1521 4564 353 1521 4565 351 1522 4566 350 1522 4567 346 1522 4568 354 1523 4569 355 1523 4570 351 1523 4571 349 1524 4572 353 1524 4573 352 1524 4574 352 1525 4575 355 1525 4576 354 1525 4577 359 1526 4578 360 1526 4579 361 1526 4580 363 1527 4581 364 1527 4582 365 1527 4583 364 1528 4584 363 1528 4585 361 1528 4586 359 1529 4587 365 1529 4588 364 1529 4589 363 1530 4590 362 1530 4591 358 1530 4592 367 1531 4593 368 1531 4594 369 1531 4595 371 1532 4596 372 1532 4597 373 1532 4598 372 1533 4599 371 1533 4600 369 1533 4601 367 1534 4602 373 1534 4603 372 1534 4604 371 1535 4605 370 1535 4606 366 1535 4607 375 1536 4608 376 1536 4609 377 1536 4610 379 1537 4611 380 1537 4612 381 1537 4613 380 1538 4614 379 1538 4615 377 1538 4616 375 1539 4617 381 1539 4618 380 1539 4619 379 1540 4620 378 1540 4621 374 1540 4622 383 1541 4623 384 1541 4624 385 1541 4625 387 1542 4626 388 1542 4627 389 1542 4628 388 1543 4629 387 1543 4630 385 1543 4631 383 1544 4632 389 1544 4633 388 1544 4634 387 1545 4635 386 1545 4636 382 1545 4637 391 1546 4638 392 1546 4639 393 1546 4640 395 1547 4641 396 1547 4642 397 1547 4643 396 1548 4644 395 1548 4645 393 1548 4646 391 1549 4647 397 1549 4648 396 1549 4649 395 1550 4650 394 1550 4651 390 1550 4652 399 1551 4653 400 1551 4654 401 1551 4655 403 1552 4656 404 1552 4657 405 1552 4658 404 1553 4659 403 1553 4660 401 1553 4661 399 1554 4662 405 1554 4663 404 1554 4664 403 1555 4665 402 1555 4666 398 1555 4667 415 1556 4668 408 1556 4669 409 1556 4670 414 1557 4671 416 1557 4672 411 1557 4673 413 1558 4674 410 1558 4675 409 1558 4676 411 1559 4677 412 1559 4678 406 1559 4679 417 1560 4680 413 1560 4681 408 1560 4682 412 1561 4683 417 1561 4684 415 1561 4685 410 1562 4686 416 1562 4687 414 1562 4688 406 1563 4689 415 1563 4690 414 1563 4691 421 1564 4692 453 1564 4693 452 1564 4694 430 1565 4695 462 1565 4696 463 1565 4697 423 1566 4698 455 1566 4699 454 1566 4700 425 1567 4701 457 1567 4702 456 1567 4703 420 1568 4704 452 1568 4705 451 1568 4706 422 1569 4707 454 1569 4708 453 1569 4709 424 1570 4710 456 1570 4711 455 1570 4712 432 1571 4713 464 1571 4714 465 1571 4715 427 1572 4716 459 1572 4717 460 1572 4718 429 1573 4719 461 1573 4720 462 1573 4721 432 1574 4722 431 1574 4723 463 1574 4724 433 1575 4725 465 1575 4726 458 1575 4727 419 1576 4728 451 1576 4729 450 1576 4730 418 1577 4731 450 1577 4732 457 1577 4733 428 1578 4734 460 1578 4735 461 1578 4736 426 1579 4737 458 1579 4738 459 1579 4739 469 1580 4740 501 1580 4741 500 1580 4742 478 1581 4743 510 1581 4744 511 1581 4745 471 1582 4746 503 1582 4747 502 1582 4748 473 1583 4749 505 1583 4750 504 1583 4751 468 1584 4752 500 1584 4753 499 1584 4754 470 1585 4755 502 1585 4756 501 1585 4757 472 1586 4758 504 1586 4759 503 1586 4760 480 1587 4761 512 1587 4762 513 1587 4763 475 1588 4764 507 1588 4765 508 1588 4766 477 1589 4767 509 1589 4768 510 1589 4769 480 1590 4770 479 1590 4771 511 1590 4772 481 1591 4773 513 1591 4774 506 1591 4775 467 1592 4776 499 1592 4777 498 1592 4778 466 1593 4779 498 1593 4780 505 1593 4781 476 1594 4782 508 1594 4783 509 1594 4784 474 1595 4785 506 1595 4786 507 1595 4787 517 1596 4788 549 1596 4789 548 1596 4790 526 1597 4791 558 1597 4792 559 1597 4793 519 1598 4794 551 1598 4795 550 1598 4796 521 1599 4797 553 1599 4798 552 1599 4799 516 1600 4800 548 1600 4801 547 1600 4802 518 1601 4803 550 1601 4804 549 1601 4805 520 1602 4806 552 1602 4807 551 1602 4808 528 1603 4809 560 1603 4810 561 1603 4811 523 1604 4812 555 1604 4813 556 1604 4814 525 1605 4815 557 1605 4816 558 1605 4817 528 1606 4818 527 1606 4819 559 1606 4820 529 1607 4821 561 1607 4822 554 1607 4823 515 1608 4824 547 1608 4825 546 1608 4826 514 1609 4827 546 1609 4828 553 1609 4829 524 1610 4830 556 1610 4831 557 1610 4832 522 1611 4833 554 1611 4834 555 1611 4835 563 1612 4836 565 1612 4837 580 1612 4838 565 1613 4839 569 1613 4840 582 1613 4841 582 1614 4842 569 1614 4843 567 1614 4844 567 1615 4845 563 1615 4846 579 1615 4847 565 1616 4848 563 1616 4849 567 1616 4850 571 1617 4851 570 1617 4852 572 1617 4853 585 1618 4854 578 1618 4855 562 1618 4856 574 1619 4857 577 1619 4858 572 1619 4859 576 1620 4860 575 1620 4861 571 1620 4862 572 1621 4863 577 1621 4864 576 1621 4865 575 1622 4866 574 1622 4867 570 1622 4868 584 1623 4869 579 1623 4870 578 1623 4871 583 1624 4872 585 1624 4873 566 1624 4874 582 1625 4875 584 1625 4876 585 1625 4877 581 1626 4878 583 1626 4879 568 1626 4880 580 1627 4881 582 1627 4882 583 1627 4883 578 1628 4884 581 1628 4885 564 1628 4886 579 1629 4887 580 1629 4888 581 1629 4889 587 1630 4890 589 1630 4891 596 1630 4892 589 1631 4893 593 1631 4894 598 1631 4895 593 1632 4896 591 1632 4897 600 1632 4898 591 1633 4899 587 1633 4900 595 1633 4901 589 1634 4902 587 1634 4903 591 1634 4904 601 1635 4905 594 1635 4906 586 1635 4907 600 1636 4908 595 1636 4909 594 1636 4910 599 1637 4911 601 1637 4912 590 1637 4913 598 1638 4914 600 1638 4915 601 1638 4916 597 1639 4917 599 1639 4918 592 1639 4919 596 1640 4920 598 1640 4921 599 1640 4922 594 1641 4923 597 1641 4924 588 1641 4925 595 1642 4926 596 1642 4927 597 1642 4928 248 1643 4929 236 1643 4930 237 1643 4931 246 1644 4932 238 1644 4933 234 1644 4934 238 1645 4935 239 1645 4936 234 1645 4937 248 1646 4938 237 1646 4939 246 1646 4940 235 1647 4941 248 1647 4942 246 1647 4943 234 1648 4944 253 1648 4945 252 1648 4946 258 1649 4947 251 1649 4948 260 1649 4949 251 1650 4950 250 1650 4951 260 1650 4952 234 1651 4953 252 1651 4954 258 1651 4955 235 1652 4956 246 1652 4957 258 1652 4958 246 1653 4959 234 1653 4960 258 1653 4961 605 1654 4962 637 1654 4963 636 1654 4964 614 1655 4965 646 1655 4966 647 1655 4967 607 1656 4968 639 1656 4969 638 1656 4970 609 1657 4971 641 1657 4972 640 1657 4973 604 1658 4974 636 1658 4975 635 1658 4976 606 1659 4977 638 1659 4978 637 1659 4979 608 1660 4980 640 1660 4981 639 1660 4982 616 1661 4983 648 1661 4984 649 1661 4985 611 1662 4986 643 1662 4987 644 1662 4988 613 1663 4989 645 1663 4990 646 1663 4991 616 1664 4992 615 1664 4993 647 1664 4994 617 1665 4995 649 1665 4996 642 1665 4997 603 1666 4998 635 1666 4999 634 1666 5000 602 1667 5001 634 1667 5002 641 1667 5003 612 1668 5004 644 1668 5005 645 1668 5006 610 1669 5007 642 1669 5008 643 1669 5009 653 1670 5010 685 1670 5011 684 1670 5012 662 1671 5013 694 1671 5014 695 1671 5015 655 1672 5016 687 1672 5017 686 1672 5018 657 1673 5019 689 1673 5020 688 1673 5021 652 1674 5022 684 1674 5023 683 1674 5024 654 1675 5025 686 1675 5026 685 1675 5027 656 1676 5028 688 1676 5029 687 1676 5030 664 1677 5031 696 1677 5032 697 1677 5033 659 1678 5034 691 1678 5035 692 1678 5036 661 1679 5037 693 1679 5038 694 1679 5039 664 1680 5040 663 1680 5041 695 1680 5042 665 1681 5043 697 1681 5044 690 1681 5045 651 1682 5046 683 1682 5047 682 1682 5048 650 1683 5049 682 1683 5050 689 1683 5051 660 1684 5052 692 1684 5053 693 1684 5054 658 1685 5055 690 1685 5056 691 1685 5057 718 1686 5058 719 1686 5059 748 1686 5060 710 1687 5061 729 1687 5062 720 1687 5063 730 1688 5064 711 1688 5065 707 1688 5066 724 1689 5067 747 1689 5068 743 1689 5069 706 1690 5070 744 1690 5071 741 1690 5072 703 1691 5073 702 1691 5074 698 1691 5075 712 1692 5076 733 1692 5077 724 1692 5078 705 1693 5079 704 1693 5080 700 1693 5081 732 1694 5082 705 1694 5083 701 1694 5084 701 1695 5085 700 1695 5086 717 1695 5087 714 1696 5088 716 1696 5089 699 1696 5090 715 1697 5091 717 1697 5092 716 1697 5093 721 1698 5094 699 1698 5095 740 1698 5096 708 1699 5097 715 1699 5098 714 1699 5099 704 1700 5100 731 1700 5101 722 1700 5102 711 1701 5103 710 1701 5104 706 1701 5105 702 1702 5106 727 1702 5107 718 1702 5108 713 1703 5109 712 1703 5110 708 1703 5111 728 1704 5112 703 1704 5113 699 1704 5114 717 1705 5115 707 1705 5116 706 1705 5117 733 1706 5118 732 1706 5119 725 1706 5120 719 1707 5121 718 1707 5122 727 1707 5123 729 1708 5124 728 1708 5125 721 1708 5126 723 1709 5127 722 1709 5128 731 1709 5129 726 1710 5130 713 1710 5131 709 1710 5132 734 1711 5133 743 1711 5134 747 1711 5135 747 1712 5136 746 1712 5137 734 1712 5138 745 1713 5139 736 1713 5140 752 1713 5141 736 1714 5142 737 1714 5143 753 1714 5144 738 1715 5145 749 1715 5146 739 1715 5147 749 1716 5148 748 1716 5149 739 1716 5150 750 1717 5151 740 1717 5152 741 1717 5153 741 1718 5154 744 1718 5155 751 1718 5156 720 1719 5157 751 1719 5158 744 1719 5159 707 1720 5160 717 1720 5161 736 1720 5162 722 1721 5163 723 1721 5164 752 1721 5165 725 1722 5166 701 1722 5167 735 1722 5168 709 1723 5169 714 1723 5170 739 1723 5171 725 1724 5172 746 1724 5173 747 1724 5174 708 1725 5175 743 1725 5176 734 1725 5177 721 1726 5178 750 1726 5179 751 1726 5180 698 1727 5181 738 1727 5182 739 1727 5183 719 1728 5184 709 1728 5185 742 1728 5186 723 1729 5187 707 1729 5188 745 1729 5189 701 1730 5190 715 1730 5191 734 1730 5192 699 1731 5193 716 1731 5194 741 1731 5195 718 1732 5196 749 1732 5197 738 1732 5198 700 1733 5199 737 1733 5200 736 1733 5201 722 1734 5202 753 1734 5203 737 1734 5204 768 1735 5205 769 1735 5206 762 1735 5207 761 1736 5208 760 1736 5209 767 1736 5210 760 1737 5211 765 1737 5212 764 1737 5213 767 1738 5214 760 1738 5215 764 1738 5216 767 1739 5217 763 1739 5218 769 1739 5219 763 1740 5220 762 1740 5221 769 1740 5222 755 1741 5223 761 1741 5224 769 1741 5225 754 1742 5226 759 1742 5227 765 1742 5228 757 1743 5229 756 1743 5230 762 1743 5231 766 1744 5232 757 1744 5233 763 1744 5234 758 1745 5235 764 1745 5236 765 1745 5237 766 1746 5238 767 1746 5239 764 1746 5240 774 1747 5241 781 1747 5242 780 1747 5243 777 1748 5244 760 1748 5245 776 1748 5246 760 1749 5247 761 1749 5248 779 1749 5249 781 1750 5250 774 1750 5251 775 1750 5252 760 1751 5253 779 1751 5254 776 1751 5255 761 1752 5256 781 1752 5257 779 1752 5258 781 1753 5259 761 1753 5260 755 1753 5261 754 1754 5262 760 1754 5263 777 1754 5264 771 1755 5265 775 1755 5266 774 1755 5267 778 1756 5268 779 1756 5269 775 1756 5270 777 1757 5271 776 1757 5272 772 1757 5273 776 1758 5274 779 1758 5275 778 1758 5276 768 1759 5277 756 1759 5278 757 1759 5279 766 1760 5280 758 1760 5281 754 1760 5282 758 1761 5283 759 1761 5284 754 1761 5285 768 1762 5286 757 1762 5287 766 1762 5288 755 1763 5289 768 1763 5290 766 1763 5291 754 1764 5292 773 1764 5293 772 1764 5294 778 1765 5295 771 1765 5296 780 1765 5297 771 1766 5298 770 1766 5299 780 1766 5300 754 1767 5301 772 1767 5302 778 1767 5303 755 1768 5304 766 1768 5305 778 1768 5306 766 1769 5307 754 1769 5308 778 1769 5309 1056 1770 5310 1055 1770 5311 1057 1770 5312 1055 1771 5313 1054 1771 5314 1058 1771 5315 1054 1772 5316 1061 1772 5317 1058 1772 5318 1061 1773 5319 1060 1773 5320 1059 1773 5321 1058 1774 5322 1061 1774 5323 1059 1774 5324 1053 1775 5325 1046 1775 5326 1047 1775 5327 1047 1776 5328 1048 1776 5329 1053 1776 5330 1048 1777 5331 1049 1777 5332 1053 1777 5333 1049 1778 5334 1050 1778 5335 1053 1778 5336 1050 1779 5337 1051 1779 5338 1053 1779 5339 1008 1780 5340 1007 1780 5341 1009 1780 5342 1007 1781 5343 1006 1781 5344 1010 1781 5345 1006 1782 5346 1013 1782 5347 1010 1782 5348 1013 1783 5349 1012 1783 5350 1011 1783 5351 1010 1784 5352 1013 1784 5353 1011 1784 5354 1005 1785 5355 998 1785 5356 999 1785 5357 999 1786 5358 1000 1786 5359 1005 1786 5360 1000 1787 5361 1001 1787 5362 1005 1787 5363 1001 1788 5364 1002 1788 5365 1005 1788 5366 1002 1789 5367 1003 1789 5368 1005 1789 5369 934 1790 5370 937 1790 5371 936 1790 5372 922 1791 5373 923 1791 5374 926 1791 5375 926 1792 5376 927 1792 5377 922 1792 5378 927 1793 5379 928 1793 5380 922 1793 5381 928 1794 5382 929 1794 5383 924 1794 5384 924 1795 5385 925 1795 5386 928 1795 5387 893 1796 5388 890 1796 5389 891 1796 5390 891 1797 5391 886 1797 5392 889 1797 5393 886 1798 5394 887 1798 5395 889 1798 5396 887 1799 5397 888 1799 5398 889 1799 5399 889 1800 5400 892 1800 5401 891 1800 5402 805 1801 5403 804 1801 5404 803 1801 5405 804 1802 5406 812 1802 5407 803 1802 5408 812 1803 5409 855 1803 5410 856 1803 5411 854 1804 5412 875 1804 5413 874 1804 5414 812 1805 5415 856 1805 5416 854 1805 5417 828 1806 5418 829 1806 5419 803 1806 5420 854 1807 5421 874 1807 5422 835 1807 5423 835 1808 5424 828 1808 5425 803 1808 5426 803 1809 5427 812 1809 5428 854 1809 5429 801 1810 5430 795 1810 5431 806 1810 5432 810 1811 5433 800 1811 5434 808 1811 5435 797 1812 5436 796 1812 5437 808 1812 5438 801 1813 5439 817 1813 5440 820 1813 5441 799 1814 5442 800 1814 5443 810 1814 5444 798 1815 5445 802 1815 5446 795 1815 5447 798 1816 5448 805 1816 5449 803 1816 5450 799 1817 5451 804 1817 5452 805 1817 5453 807 1818 5454 808 1818 5455 800 1818 5456 813 1819 5457 808 1819 5458 796 1819 5459 807 1820 5460 806 1820 5461 794 1820 5462 811 1821 5463 812 1821 5464 804 1821 5465 799 1822 5466 819 1822 5467 814 1822 5468 800 1823 5469 814 1823 5470 817 1823 5471 798 1824 5472 820 1824 5473 819 1824 5474 815 1825 5475 816 1825 5476 817 1825 5477 820 1826 5478 821 1826 5479 818 1826 5480 819 1827 5481 818 1827 5482 815 1827 5483 820 1828 5484 817 1828 5485 816 1828 5486 818 1829 5487 821 1829 5488 816 1829 5489 806 1830 5490 795 1830 5491 827 1830 5492 831 1831 5493 826 1831 5494 833 1831 5495 831 1832 5496 822 1832 5497 823 1832 5498 843 1833 5499 840 1833 5500 827 1833 5501 833 1834 5502 826 1834 5503 825 1834 5504 824 1835 5505 827 1835 5506 795 1835 5507 803 1836 5508 829 1836 5509 824 1836 5510 829 1837 5511 828 1837 5512 825 1837 5513 826 1838 5514 831 1838 5515 830 1838 5516 822 1839 5517 831 1839 5518 836 1839 5519 794 1840 5520 806 1840 5521 830 1840 5522 828 1841 5523 835 1841 5524 834 1841 5525 837 1842 5526 842 1842 5527 825 1842 5528 840 1843 5529 837 1843 5530 826 1843 5531 842 1844 5532 843 1844 5533 824 1844 5534 838 1845 5535 837 1845 5536 840 1845 5537 841 1846 5538 844 1846 5539 843 1846 5540 838 1847 5541 841 1847 5542 842 1847 5543 843 1848 5544 844 1848 5545 839 1848 5546 838 1849 5547 839 1849 5548 844 1849 5549 857 1850 5550 846 1850 5551 852 1850 5552 859 1851 5553 851 1851 5554 810 1851 5555 859 1852 5556 847 1852 5557 848 1852 5558 866 1853 5559 863 1853 5560 852 1853 5561 810 1854 5562 851 1854 5563 850 1854 5564 849 1855 5565 852 1855 5566 846 1855 5567 854 1856 5568 856 1856 5569 849 1856 5570 856 1857 5571 855 1857 5572 850 1857 5573 851 1858 5574 859 1858 5575 858 1858 5576 847 1859 5577 859 1859 5578 813 1859 5579 845 1860 5580 857 1860 5581 858 1860 5582 855 1861 5583 812 1861 5584 811 1861 5585 860 1862 5586 865 1862 5587 850 1862 5588 863 1863 5589 860 1863 5590 851 1863 5591 865 1864 5592 866 1864 5593 849 1864 5594 861 1865 5595 860 1865 5596 863 1865 5597 864 1866 5598 867 1866 5599 866 1866 5600 861 1867 5601 864 1867 5602 865 1867 5603 866 1868 5604 867 1868 5605 862 1868 5606 864 1869 5607 861 1869 5608 862 1869 5609 873 1870 5610 846 1870 5611 857 1870 5612 833 1871 5613 872 1871 5614 877 1871 5615 869 1872 5616 868 1872 5617 877 1872 5618 873 1873 5619 881 1873 5620 884 1873 5621 871 1874 5622 872 1874 5623 833 1874 5624 870 1875 5625 853 1875 5626 846 1875 5627 870 1876 5628 875 1876 5629 854 1876 5630 871 1877 5631 874 1877 5632 875 1877 5633 876 1878 5634 877 1878 5635 872 1878 5636 836 1879 5637 877 1879 5638 868 1879 5639 876 1880 5640 857 1880 5641 845 1880 5642 834 1881 5643 835 1881 5644 874 1881 5645 871 1882 5646 883 1882 5647 878 1882 5648 872 1883 5649 878 1883 5650 881 1883 5651 870 1884 5652 884 1884 5653 883 1884 5654 879 1885 5655 880 1885 5656 881 1885 5657 884 1886 5658 885 1886 5659 882 1886 5660 883 1887 5661 882 1887 5662 879 1887 5663 884 1888 5664 881 1888 5665 880 1888 5666 882 1889 5667 885 1889 5668 880 1889 5669 889 1890 5670 896 1890 5671 895 1890 5672 893 1891 5673 894 1891 5674 901 1891 5675 895 1892 5676 896 1892 5677 899 1892 5678 896 1893 5679 897 1893 5680 899 1893 5681 897 1894 5682 898 1894 5683 899 1894 5684 899 1895 5685 900 1895 5686 895 1895 5687 900 1896 5688 901 1896 5689 895 1896 5690 891 1897 5691 900 1897 5692 899 1897 5693 901 1898 5694 900 1898 5695 891 1898 5696 887 1899 5697 886 1899 5698 899 1899 5699 897 1900 5700 896 1900 5701 889 1900 5702 893 1901 5703 892 1901 5704 895 1901 5705 887 1902 5706 898 1902 5707 897 1902 5708 904 1903 5709 908 1903 5710 909 1903 5711 917 1904 5712 926 1904 5713 923 1904 5714 919 1905 5715 914 1905 5716 924 1905 5717 920 1906 5718 928 1906 5719 927 1906 5720 908 1907 5721 907 1907 5722 906 1907 5723 903 1908 5724 907 1908 5725 908 1908 5726 905 1909 5727 909 1909 5728 906 1909 5729 902 1910 5730 906 1910 5731 907 1910 5732 912 1911 5733 903 1911 5734 910 1911 5735 903 1912 5736 904 1912 5737 917 1912 5738 904 1913 5739 918 1913 5740 917 1913 5741 921 1914 5742 905 1914 5743 919 1914 5744 905 1915 5745 902 1915 5746 914 1915 5747 902 1916 5748 915 1916 5749 914 1916 5750 915 1917 5751 902 1917 5752 913 1917 5753 902 1918 5754 903 1918 5755 911 1918 5756 903 1919 5757 912 1919 5758 911 1919 5759 918 1920 5760 904 1920 5761 916 1920 5762 904 1921 5763 905 1921 5764 920 1921 5765 905 1922 5766 921 1922 5767 920 1922 5768 911 1923 5769 910 1923 5770 923 1923 5771 916 1924 5772 927 1924 5773 926 1924 5774 920 1925 5775 919 1925 5776 929 1925 5777 913 1926 5778 925 1926 5779 924 1926 5780 911 1927 5781 922 1927 5782 925 1927 5783 930 1928 5784 932 1928 5785 933 1928 5786 934 1929 5787 935 1929 5788 931 1929 5789 937 1930 5790 934 1930 5791 933 1930 5792 935 1931 5793 936 1931 5794 930 1931 5795 936 1932 5796 937 1932 5797 932 1932 5798 952 1933 5799 953 1933 5800 946 1933 5801 945 1934 5802 944 1934 5803 953 1934 5804 944 1935 5805 949 1935 5806 951 1935 5807 953 1936 5808 944 1936 5809 951 1936 5810 949 1937 5811 948 1937 5812 951 1937 5813 951 1938 5814 947 1938 5815 946 1938 5816 939 1939 5817 945 1939 5818 953 1939 5819 938 1940 5820 943 1940 5821 949 1940 5822 940 1941 5823 946 1941 5824 947 1941 5825 950 1942 5826 941 1942 5827 947 1942 5828 943 1943 5829 942 1943 5830 948 1943 5831 950 1944 5832 951 1944 5833 948 1944 5834 958 1945 5835 965 1945 5836 964 1945 5837 961 1946 5838 944 1946 5839 963 1946 5840 944 1947 5841 945 1947 5842 965 1947 5843 965 1948 5844 958 1948 5845 963 1948 5846 958 1949 5847 959 1949 5848 963 1949 5849 944 1950 5850 965 1950 5851 963 1950 5852 965 1951 5853 945 1951 5854 939 1951 5855 938 1952 5856 944 1952 5857 961 1952 5858 959 1953 5859 958 1953 5860 954 1953 5861 962 1954 5862 963 1954 5863 959 1954 5864 957 1955 5865 961 1955 5866 960 1955 5867 960 1956 5868 963 1956 5869 962 1956 5870 969 1957 5871 1001 1957 5872 1000 1957 5873 978 1958 5874 1010 1958 5875 1011 1958 5876 971 1959 5877 1003 1959 5878 1002 1959 5879 973 1960 5880 1005 1960 5881 1004 1960 5882 968 1961 5883 1000 1961 5884 999 1961 5885 970 1962 5886 1002 1962 5887 1001 1962 5888 972 1963 5889 1004 1963 5890 1003 1963 5891 980 1964 5892 1012 1964 5893 1013 1964 5894 975 1965 5895 1007 1965 5896 1008 1965 5897 977 1966 5898 1009 1966 5899 1010 1966 5900 980 1967 5901 979 1967 5902 1011 1967 5903 981 1968 5904 1013 1968 5905 1006 1968 5906 967 1969 5907 999 1969 5908 998 1969 5909 966 1970 5910 998 1970 5911 1005 1970 5912 976 1971 5913 1008 1971 5914 1009 1971 5915 974 1972 5916 1006 1972 5917 1007 1972 5918 1017 1973 5919 1049 1973 5920 1048 1973 5921 1026 1974 5922 1058 1974 5923 1059 1974 5924 1019 1975 5925 1051 1975 5926 1050 1975 5927 1021 1976 5928 1053 1976 5929 1052 1976 5930 1016 1977 5931 1048 1977 5932 1047 1977 5933 1018 1978 5934 1050 1978 5935 1049 1978 5936 1020 1979 5937 1052 1979 5938 1051 1979 5939 1028 1980 5940 1060 1980 5941 1061 1980 5942 1023 1981 5943 1055 1981 5944 1056 1981 5945 1025 1982 5946 1057 1982 5947 1058 1982 5948 1028 1983 5949 1027 1983 5950 1059 1983 5951 1029 1984 5952 1061 1984 5953 1054 1984 5954 1015 1985 5955 1047 1985 5956 1046 1985 5957 1014 1986 5958 1046 1986 5959 1053 1986 5960 1024 1987 5961 1056 1987 5962 1057 1987 5963 1022 1988 5964 1054 1988 5965 1055 1988 5966 1334 1989 5967 1335 1989 5968 1338 1989 5969 1335 1990 5970 1336 1990 5971 1337 1990 5972 1338 1991 5973 1335 1991 5974 1337 1991 5975 1338 1992 5976 1339 1992 5977 1341 1992 5978 1339 1993 5979 1340 1993 5980 1341 1993 5981 1327 1994 5982 1326 1994 5983 1333 1994 5984 1333 1995 5985 1332 1995 5986 1331 1995 5987 1331 1996 5988 1330 1996 5989 1327 1996 5990 1330 1997 5991 1329 1997 5992 1327 1997 5993 1329 1998 5994 1328 1998 5995 1327 1998 5996 1286 1999 5997 1287 1999 5998 1290 1999 5999 1287 2000 6000 1288 2000 6001 1289 2000 6002 1290 2001 6003 1287 2001 6004 1289 2001 6005 1290 2002 6006 1291 2002 6007 1293 2002 6008 1291 2003 6009 1292 2003 6010 1293 2003 6011 1279 2004 6012 1278 2004 6013 1285 2004 6014 1285 2005 6015 1284 2005 6016 1283 2005 6017 1283 2006 6018 1282 2006 6019 1281 2006 6020 1281 2007 6021 1280 2007 6022 1283 2007 6023 1280 2008 6024 1279 2008 6025 1283 2008 6026 1216 2009 6027 1217 2009 6028 1214 2009 6029 1206 2010 6030 1203 2010 6031 1202 2010 6032 1202 2011 6033 1205 2011 6034 1208 2011 6035 1205 2012 6036 1204 2012 6037 1208 2012 6038 1204 2013 6039 1209 2013 6040 1208 2013 6041 1208 2014 6042 1207 2014 6043 1202 2014 6044 1171 2015 6045 1170 2015 6046 1173 2015 6047 1173 2016 6048 1172 2016 6049 1171 2016 6050 1172 2017 6051 1169 2017 6052 1171 2017 6053 1169 2018 6054 1168 2018 6055 1167 2018 6056 1167 2019 6057 1166 2019 6058 1169 2019 6059 1092 2020 6060 1084 2020 6061 1083 2020 6062 1084 2021 6063 1085 2021 6064 1083 2021 6065 1083 2022 6066 1109 2022 6067 1108 2022 6068 1136 2023 6069 1135 2023 6070 1134 2023 6071 1135 2024 6072 1092 2024 6073 1134 2024 6074 1154 2025 6075 1155 2025 6076 1134 2025 6077 1092 2026 6078 1083 2026 6079 1115 2026 6080 1083 2027 6081 1108 2027 6082 1115 2027 6083 1115 2028 6084 1154 2028 6085 1134 2028 6086 1086 2029 6087 1075 2029 6088 1081 2029 6089 1088 2030 6090 1080 2030 6091 1090 2030 6092 1088 2031 6093 1076 2031 6094 1077 2031 6095 1100 2032 6096 1097 2032 6097 1081 2032 6098 1090 2033 6099 1080 2033 6100 1079 2033 6101 1078 2034 6102 1081 2034 6103 1075 2034 6104 1083 2035 6105 1085 2035 6106 1078 2035 6107 1085 2036 6108 1084 2036 6109 1079 2036 6110 1080 2037 6111 1088 2037 6112 1087 2037 6113 1076 2038 6114 1088 2038 6115 1093 2038 6116 1074 2039 6117 1086 2039 6118 1087 2039 6119 1084 2040 6120 1092 2040 6121 1091 2040 6122 1094 2041 6123 1099 2041 6124 1079 2041 6125 1097 2042 6126 1094 2042 6127 1080 2042 6128 1099 2043 6129 1100 2043 6130 1078 2043 6131 1095 2044 6132 1094 2044 6133 1097 2044 6134 1098 2045 6135 1101 2045 6136 1100 2045 6137 1095 2046 6138 1098 2046 6139 1099 2046 6140 1100 2047 6141 1101 2047 6142 1096 2047 6143 1098 2048 6144 1095 2048 6145 1096 2048 6146 1107 2049 6147 1075 2049 6148 1086 2049 6149 1113 2050 6150 1106 2050 6151 1111 2050 6152 1103 2051 6153 1102 2051 6154 1111 2051 6155 1107 2052 6156 1120 2052 6157 1123 2052 6158 1105 2053 6159 1106 2053 6160 1113 2053 6161 1104 2054 6162 1082 2054 6163 1075 2054 6164 1104 2055 6165 1109 2055 6166 1083 2055 6167 1105 2056 6168 1108 2056 6169 1109 2056 6170 1110 2057 6171 1111 2057 6172 1106 2057 6173 1116 2058 6174 1111 2058 6175 1102 2058 6176 1110 2059 6177 1086 2059 6178 1074 2059 6179 1114 2060 6180 1115 2060 6181 1108 2060 6182 1105 2061 6183 1122 2061 6184 1117 2061 6185 1106 2062 6186 1117 2062 6187 1120 2062 6188 1104 2063 6189 1123 2063 6190 1122 2063 6191 1118 2064 6192 1119 2064 6193 1120 2064 6194 1123 2065 6195 1124 2065 6196 1121 2065 6197 1122 2066 6198 1121 2066 6199 1118 2066 6200 1123 2067 6201 1120 2067 6202 1119 2067 6203 1124 2068 6204 1119 2068 6205 1118 2068 6206 1132 2069 6207 1126 2069 6208 1137 2069 6209 1090 2070 6210 1131 2070 6211 1139 2070 6212 1128 2071 6213 1127 2071 6214 1139 2071 6215 1132 2072 6216 1143 2072 6217 1146 2072 6218 1130 2073 6219 1131 2073 6220 1090 2073 6221 1129 2074 6222 1133 2074 6223 1126 2074 6224 1129 2075 6225 1136 2075 6226 1134 2075 6227 1130 2076 6228 1135 2076 6229 1136 2076 6230 1138 2077 6231 1139 2077 6232 1131 2077 6233 1093 2078 6234 1139 2078 6235 1127 2078 6236 1138 2079 6237 1137 2079 6238 1125 2079 6239 1091 2080 6240 1092 2080 6241 1135 2080 6242 1130 2081 6243 1145 2081 6244 1140 2081 6245 1131 2082 6246 1140 2082 6247 1143 2082 6248 1129 2083 6249 1146 2083 6250 1145 2083 6251 1141 2084 6252 1142 2084 6253 1143 2084 6254 1146 2085 6255 1147 2085 6256 1144 2085 6257 1145 2086 6258 1144 2086 6259 1141 2086 6260 1146 2087 6261 1143 2087 6262 1142 2087 6263 1144 2088 6264 1147 2088 6265 1142 2088 6266 1137 2089 6267 1126 2089 6268 1153 2089 6269 1157 2090 6270 1152 2090 6271 1113 2090 6272 1157 2091 6273 1148 2091 6274 1149 2091 6275 1164 2092 6276 1161 2092 6277 1153 2092 6278 1113 2093 6279 1152 2093 6280 1151 2093 6281 1150 2094 6282 1153 2094 6283 1126 2094 6284 1134 2095 6285 1155 2095 6286 1150 2095 6287 1155 2096 6288 1154 2096 6289 1151 2096 6290 1152 2097 6291 1157 2097 6292 1156 2097 6293 1148 2098 6294 1157 2098 6295 1116 2098 6296 1125 2099 6297 1137 2099 6298 1156 2099 6299 1154 2100 6300 1115 2100 6301 1114 2100 6302 1158 2101 6303 1163 2101 6304 1151 2101 6305 1161 2102 6306 1158 2102 6307 1152 2102 6308 1163 2103 6309 1164 2103 6310 1150 2103 6311 1159 2104 6312 1158 2104 6313 1161 2104 6314 1162 2105 6315 1165 2105 6316 1164 2105 6317 1159 2106 6318 1162 2106 6319 1163 2106 6320 1164 2107 6321 1165 2107 6322 1160 2107 6323 1162 2108 6324 1159 2108 6325 1160 2108 6326 1175 2109 6327 1176 2109 6328 1169 2109 6329 1181 2110 6330 1174 2110 6331 1173 2110 6332 1177 2111 6333 1176 2111 6334 1179 2111 6335 1176 2112 6336 1175 2112 6337 1179 2112 6338 1175 2113 6339 1174 2113 6340 1181 2113 6341 1181 2114 6342 1180 2114 6343 1175 2114 6344 1180 2115 6345 1179 2115 6346 1175 2115 6347 1179 2116 6348 1180 2116 6349 1171 2116 6350 1171 2117 6351 1180 2117 6352 1181 2117 6353 1179 2118 6354 1166 2118 6355 1167 2118 6356 1169 2119 6357 1176 2119 6358 1177 2119 6359 1175 2120 6360 1172 2120 6361 1173 2120 6362 1177 2121 6363 1178 2121 6364 1167 2121 6365 1189 2122 6366 1188 2122 6367 1184 2122 6368 1203 2123 6369 1206 2123 6370 1197 2123 6371 1199 2124 6372 1209 2124 6373 1204 2124 6374 1207 2125 6375 1208 2125 6376 1200 2125 6377 1186 2126 6378 1187 2126 6379 1188 2126 6380 1188 2127 6381 1187 2127 6382 1183 2127 6383 1186 2128 6384 1189 2128 6385 1185 2128 6386 1187 2129 6387 1186 2129 6388 1182 2129 6389 1184 2130 6390 1183 2130 6391 1197 2130 6392 1183 2131 6393 1192 2131 6394 1190 2131 6395 1197 2132 6396 1183 2132 6397 1190 2132 6398 1182 2133 6399 1185 2133 6400 1194 2133 6401 1185 2134 6402 1201 2134 6403 1199 2134 6404 1194 2135 6405 1185 2135 6406 1199 2135 6407 1183 2136 6408 1182 2136 6409 1191 2136 6410 1182 2137 6411 1195 2137 6412 1193 2137 6413 1191 2138 6414 1182 2138 6415 1193 2138 6416 1185 2139 6417 1184 2139 6418 1200 2139 6419 1184 2140 6420 1198 2140 6421 1196 2140 6422 1200 2141 6423 1184 2141 6424 1196 2141 6425 1203 2142 6426 1190 2142 6427 1191 2142 6428 1196 2143 6429 1197 2143 6430 1206 2143 6431 1209 2144 6432 1199 2144 6433 1200 2144 6434 1193 2145 6435 1194 2145 6436 1204 2145 6437 1205 2146 6438 1202 2146 6439 1191 2146 6440 1213 2147 6441 1212 2147 6442 1210 2147 6443 1211 2148 6444 1215 2148 6445 1214 2148 6446 1213 2149 6447 1214 2149 6448 1217 2149 6449 1210 2150 6450 1216 2150 6451 1215 2150 6452 1212 2151 6453 1217 2151 6454 1216 2151 6455 1226 2152 6456 1233 2152 6457 1232 2152 6458 1229 2153 6459 1224 2153 6460 1231 2153 6461 1224 2154 6462 1225 2154 6463 1233 2154 6464 1233 2155 6465 1226 2155 6466 1231 2155 6467 1226 2156 6468 1227 2156 6469 1231 2156 6470 1224 2157 6471 1233 2157 6472 1231 2157 6473 1233 2158 6474 1225 2158 6475 1219 2158 6476 1218 2159 6477 1224 2159 6478 1229 2159 6479 1227 2160 6480 1226 2160 6481 1220 2160 6482 1230 2161 6483 1231 2161 6484 1227 2161 6485 1223 2162 6486 1229 2162 6487 1228 2162 6488 1228 2163 6489 1231 2163 6490 1230 2163 6491 1244 2164 6492 1245 2164 6493 1238 2164 6494 1225 2165 6495 1224 2165 6496 1245 2165 6497 1224 2166 6498 1241 2166 6499 1243 2166 6500 1245 2167 6501 1224 2167 6502 1243 2167 6503 1241 2168 6504 1240 2168 6505 1243 2168 6506 1243 2169 6507 1239 2169 6508 1238 2169 6509 1219 2170 6510 1225 2170 6511 1245 2170 6512 1218 2171 6513 1237 2171 6514 1241 2171 6515 1234 2172 6516 1238 2172 6517 1239 2172 6518 1242 2173 6519 1235 2173 6520 1239 2173 6521 1237 2174 6522 1236 2174 6523 1240 2174 6524 1242 2175 6525 1243 2175 6526 1240 2175 6527 1280 2176 6528 1281 2176 6529 1249 2176 6530 1291 2177 6531 1290 2177 6532 1258 2177 6533 1282 2178 6534 1283 2178 6535 1251 2178 6536 1284 2179 6537 1285 2179 6538 1253 2179 6539 1279 2180 6540 1280 2180 6541 1248 2180 6542 1281 2181 6543 1282 2181 6544 1250 2181 6545 1283 2182 6546 1284 2182 6547 1252 2182 6548 1293 2183 6549 1292 2183 6550 1260 2183 6551 1288 2184 6552 1287 2184 6553 1255 2184 6554 1290 2185 6555 1289 2185 6556 1257 2185 6557 1260 2186 6558 1292 2186 6559 1291 2186 6560 1286 2187 6561 1293 2187 6562 1261 2187 6563 1278 2188 6564 1279 2188 6565 1247 2188 6566 1285 2189 6567 1278 2189 6568 1246 2189 6569 1289 2190 6570 1288 2190 6571 1256 2190 6572 1287 2191 6573 1286 2191 6574 1254 2191 6575 1328 2192 6576 1329 2192 6577 1297 2192 6578 1339 2193 6579 1338 2193 6580 1306 2193 6581 1330 2194 6582 1331 2194 6583 1299 2194 6584 1332 2195 6585 1333 2195 6586 1301 2195 6587 1327 2196 6588 1328 2196 6589 1296 2196 6590 1329 2197 6591 1330 2197 6592 1298 2197 6593 1331 2198 6594 1332 2198 6595 1300 2198 6596 1341 2199 6597 1340 2199 6598 1308 2199 6599 1336 2200 6600 1335 2200 6601 1303 2200 6602 1338 2201 6603 1337 2201 6604 1305 2201 6605 1308 2202 6606 1340 2202 6607 1339 2202 6608 1334 2203 6609 1341 2203 6610 1309 2203 6611 1326 2204 6612 1327 2204 6613 1295 2204 6614 1333 2205 6615 1326 2205 6616 1294 2205 6617 1337 2206 6618 1336 2206 6619 1304 2206 6620 1335 2207 6621 1334 2207 6622 1302 2207 6623 1343 2208 6624 1345 2208 6625 1352 2208 6626 1345 2209 6627 1349 2209 6628 1354 2209 6629 1349 2210 6630 1347 2210 6631 1356 2210 6632 1347 2211 6633 1343 2211 6634 1351 2211 6635 1345 2212 6636 1343 2212 6637 1347 2212 6638 1357 2213 6639 1350 2213 6640 1342 2213 6641 1356 2214 6642 1351 2214 6643 1350 2214 6644 1355 2215 6645 1357 2215 6646 1346 2215 6647 1354 2216 6648 1356 2216 6649 1357 2216 6650 1353 2217 6651 1355 2217 6652 1348 2217 6653 1352 2218 6654 1354 2218 6655 1355 2218 6656 1350 2219 6657 1353 2219 6658 1344 2219 6659 1351 2220 6660 1352 2220 6661 1353 2220 6662 1359 2221 6663 1361 2221 6664 1368 2221 6665 1361 2222 6666 1365 2222 6667 1370 2222 6668 1365 2223 6669 1363 2223 6670 1372 2223 6671 1363 2224 6672 1359 2224 6673 1367 2224 6674 1361 2225 6675 1359 2225 6676 1363 2225 6677 1373 2226 6678 1366 2226 6679 1358 2226 6680 1372 2227 6681 1367 2227 6682 1366 2227 6683 1371 2228 6684 1373 2228 6685 1362 2228 6686 1370 2229 6687 1372 2229 6688 1373 2229 6689 1369 2230 6690 1371 2230 6691 1364 2230 6692 1368 2231 6693 1370 2231 6694 1371 2231 6695 1366 2232 6696 1369 2232 6697 1360 2232 6698 1367 2233 6699 1368 2233 6700 1369 2233 6701</p>
        </triangles>
      </mesh>
    </geometry>
  </library_geometries>
  <library_visual_scenes>
    <visual_scene id="Scene" name="Scene">
      <node id="cc" name="cc" type="NODE">
        <matrix sid="transform">1.1 0 0 0 0 1.1 0 0 0 0 1 0 0 0 0 1</matrix>
        <instance_geometry url="#Cubo_001-mesh" name="cc">
          <bind_material>
            <technique_common>
              <instance_material symbol="Material_001-material" target="#Material_001-material">
                <bind_vertex_input semantic="Cubo_001-mesh-map-0" input_semantic="TEXCOORD" input_set="0"/>
                <bind_vertex_input semantic="Cubo_001-mesh-map-1" input_semantic="TEXCOORD" input_set="1"/>
              </instance_material>
            </technique_common>
          </bind_material>
        </instance_geometry>
        <node id="prop_garrisoned_01" name="prop_garrisoned_01" type="NODE">
          <matrix sid="transform">-0.3848421 7.83617e-8 0 -5.933285 -5.81095e-8 -0.5189664 0 -4.177198 0 0 0.5708632 8.569737 0 0 0 1</matrix>
        </node>
        <node id="prop_garrisoned_02" name="prop_garrisoned_02" type="NODE">
          <matrix sid="transform">-0.3848421 7.83617e-8 0 6.150438 -5.81095e-8 -0.5189664 0 -4.177198 0 0 0.5708632 8.569737 0 0 0 1</matrix>
        </node>
        <node id="prop_projectile" name="prop_projectile" type="NODE">
          <matrix sid="transform">-0.3848421 7.83617e-8 0 0.02047089 -5.81095e-8 -0.5189664 0 -4.177198 0 0 0.5708632 8.569737 0 0 0 1</matrix>
        </node>
        <node id="prop_01" name="prop_01" type="NODE">
          <matrix sid="transform">-0.5274681 7.83617e-8 0 -8.172454 -7.96455e-8 -0.5189664 0 -15.4332 0 0 0.5708632 -0.3490841 0 0 0 1</matrix>
        </node>
        <node id="prop_02" name="prop_02" type="NODE">
          <matrix sid="transform">-0.5274681 7.83617e-8 0 8.389606 -7.96455e-8 -0.5189664 0 -15.4332 0 0 0.5708632 -0.3490841 0 0 0 1</matrix>
        </node>
      </node>
    </visual_scene>
  </library_visual_scenes>
  <scene>
    <instance_visual_scene url="#Scene"/>
  </scene>
</COLLADA>