<?xml version="1.0" encoding="utf-8"?>
<COLLADA xmlns="http://www.collada.org/2005/11/COLLADASchema" version="1.4.1" xmlns:xsi="http://www.w3.org/2001/XMLSchema-instance">
  <asset>
    <contributor>
      <author>Blender User</author>
      <authoring_tool>Blender 4.3.1 commit date:2024-12-10, commit time:07:46, hash:33d812126174</authoring_tool>
    </contributor>
    <created>2026-09-17T13:32:49</created>
    <modified>2026-09-17T13:32:49</modified>
    <unit name="meter" meter="1"/>
    <up_axis>Z_UP</up_axis>
  </asset>
  <library_effects>
    <effect id="Material_001-effect">
      <profile_COMMON>
        <newparam sid="struct_glass_mars_png-surface">
          <surface type="2D">
            <init_from>struct_glass_mars_png</init_from>
          </surface>
        </newparam>
        <newparam sid="struct_glass_mars_png-sampler">
          <sampler2D>
            <source>struct_glass_mars_png-surface</source>
          </sampler2D>
        </newparam>
        <technique sid="common">
          <lambert>
            <emission>
              <color sid="emission">0 0 0 1</color>
            </emission>
            <diffuse>
              <texture texture="struct_glass_mars_png-sampler" texcoord="UVMap"/>
            </diffuse>
            <index_of_refraction>
              <float sid="ior">1.5</float>
            </index_of_refraction>
          </lambert>
        </technique>
      </profile_COMMON>
    </effect>
  </library_effects>
  <library_images>
    <image id="struct_glass_mars_png" name="struct_glass_mars_png">
      <init_from>/home/welton/snap/0ad/743/.local/share/0ad/mods/mars_wars/art/textures/skins/structural/struct_glass_mars.png</init_from>
    </image>
  </library_images>
  <library_materials>
    <material id="Material_001-material" name="Material.001">
      <instance_effect url="#Material_001-effect"/>
    </material>
  </library_materials>
  <library_geometries>
    <geometry id="Cylinder_004-mesh" name="Cylinder.004">
      <mesh>
        <source id="Cylinder_004-mesh-positions">
          <float_array id="Cylinder_004-mesh-positions-array" count="4272">-0.6244456 0.263616 -0.2897778 -0.3244537 0.3412618 -0.3 -0.4744496 0.3412618 -0.3 -0.6244456 0.3412618 -0.3 -0.3244537 0.4189075 -0.2897778 -0.4744496 0.4189075 -0.2897778 -0.6244456 0.4189075 -0.2897778 -0.3244537 0.4912618 -0.2598077 -0.4744496 0.4912618 -0.2598077 -0.6244456 0.4912618 -0.2598077 -0.3244537 0.5533938 -0.212132 -0.4744496 0.5533938 -0.212132 -0.1744578 0.6412618 0.08668518 -0.7744414 0.6412618 0.08668518 -0.1744578 0.6310395 -0.07764565 -0.7744414 0.6310395 -0.07764571 -0.1744578 0.6010694 -0.15 -0.7744414 0.6010694 -0.15 -0.1744578 0.5533938 -0.212132 -0.7744414 0.5533938 -0.212132 -0.1744578 0.4912617 -0.2598077 -0.7744414 0.4912618 -0.2598077 -0.1744578 0.4189075 -0.2897778 -0.7744414 0.4189075 -0.2897778 -0.1744578 0.3412618 -0.3 -0.7744414 0.3412618 -0.3 -0.1744578 0.263616 -0.2897778 -0.7744414 0.263616 -0.2897778 -0.1744578 0.1912617 -0.2598077 -0.7744414 0.1912618 -0.2598077 -0.1744578 0.1291297 -0.212132 -0.7744414 0.1291297 -0.212132 -0.1744578 0.08145409 -0.15 -0.7744414 0.08145409 -0.15 -0.1744578 0.05148398 -0.07764565 -0.7744414 0.05148398 -0.07764571 -0.1744579 0.04126173 0.08668518 -0.7744414 0.04126173 0.08668518 -0.6244456 0.5533938 -0.212132 -0.3244537 0.6010694 -0.15 -0.4744496 0.6010694 -0.15 -0.6244456 0.6010694 -0.15 -0.3244537 0.6310395 -0.07764565 -0.4744496 0.6310395 -0.07764571 -0.6244456 0.6310395 -0.07764571 -0.3244537 0.6412618 0.08668518 -0.4744496 0.6412618 0.08668518 -0.6244456 0.6412618 0.08668518 -0.4744496 0.263616 -0.2897778 -0.3244537 0.263616 -0.2897778 -0.6244456 0.1912617 -0.2598077 -0.4744496 0.1912617 -0.2598077 -0.3244537 0.1912617 -0.2598077 -0.6244456 0.1291297 -0.212132 -0.4744496 0.1291297 -0.212132 -0.3244537 0.1291297 -0.212132 -0.6244456 0.08145409 -0.15 -0.4744496 0.08145409 -0.15 -0.3244537 0.08145409 -0.15 -0.6244456 0.05148398 -0.07764571 -0.4744496 0.05148398 -0.07764571 -0.3244538 0.05148398 -0.07764565 -0.6244456 0.04126173 0.08668518 -0.4744496 0.04126173 0.08668518 -0.3244538 0.04126173 0.08668518 -0.9279443 0.6310395 -0.07764571 -0.9279443 0.6010694 -0.15 -0.9279443 0.5533938 -0.212132 -0.9279443 0.4912618 -0.2598077 -0.9279443 0.4189075 -0.2897778 -0.9279443 0.3412618 -0.3 -0.9279443 0.263616 -0.2897778 -0.9279443 0.1912618 -0.2598077 -0.9279443 0.1291297 -0.212132 -0.9279443 0.08145409 -0.15 -0.9279443 0.05148398 -0.07764571 -0.9972363 0.5378347 0.08668518 -0.9732423 0.5958749 0.08668518 -0.9972363 0.5290802 -0.0540508 -0.9732423 0.5862967 -0.06729155 -0.9972363 0.5109004 -0.09794092 -0.9732423 0.5615005 -0.1271549 -0.9972363 0.479771 -0.1385094 -0.9732423 0.5210859 -0.1798242 -0.9972363 0.4392027 -0.1696385 -0.9732423 0.4684167 -0.2202387 -0.9972363 0.3919597 -0.1892072 -0.9732423 0.407082 -0.2456444 -0.9972363 0.3412618 -0.1958817 -0.9732423 0.3412618 -0.2543098 -0.9972363 0.2905638 -0.1892072 -0.9732423 0.2754415 -0.2456444 -0.9972363 0.2433209 -0.1696385 -0.9732423 0.2141069 -0.2202387 -0.9972363 0.2027524 -0.1385093 -0.9732423 0.1614376 -0.1798242 -0.9972363 0.1716231 -0.09794086 -0.9732423 0.121023 -0.1271549 -0.9972363 0.1534433 -0.05405074 -0.9732423 0.09622675 -0.06729155 -0.9732423 0.08664858 0.08668518 -0.9972363 0.1446887 0.08668518 -0.7744414 0.6545322 0.09768348 -0.7744414 0.6438578 -0.07391649 -0.7744414 0.6125619 -0.1494714 -0.7744414 0.5627774 -0.2143518 -0.7744414 0.497897 -0.2641363 -0.7744414 0.4223421 -0.2954322 -0.7744414 0.3412618 -0.3061066 -0.7744414 0.2601814 -0.2954322 -0.7744414 0.1846265 -0.2641363 -0.7744414 0.1197461 -0.2143518 -0.7744414 0.06996154 -0.1494714 -0.7744414 0.03866571 -0.07391649 -0.7744414 0.02799129 0.09768348 -0.796294 0.6438578 -0.07391649 -0.796294 0.6545322 0.09768348 -0.796294 0.6125619 -0.1494714 -0.796294 0.5627774 -0.2143518 -0.796294 0.497897 -0.2641363 -0.796294 0.4223421 -0.2954322 -0.796294 0.3412618 -0.3061066 -0.796294 0.2601814 -0.2954322 -0.796294 0.1846265 -0.2641363 -0.796294 0.1197461 -0.2143518 -0.796294 0.06996154 -0.1494714 -0.796294 0.03866571 -0.07391649 -0.796294 0.02799129 0.09768348 -0.3399395 0.6545322 0.09768348 -0.3399395 0.6438578 -0.07391649 -0.3399395 0.6125619 -0.1494714 -0.3399395 0.5627774 -0.2143518 -0.3399395 0.497897 -0.2641363 -0.3399395 0.4223421 -0.2954322 -0.3399395 0.3412618 -0.3061066 -0.3399395 0.2601814 -0.2954322 -0.3399395 0.1846265 -0.2641363 -0.3399395 0.1197461 -0.2143518 -0.3399395 0.06996154 -0.1494714 -0.3399395 0.03866571 -0.07391649 -0.3399395 0.02799129 0.09768348 -0.3617922 0.6438578 -0.07391649 -0.3617922 0.6545322 0.09768348 -0.3617922 0.6125619 -0.1494714 -0.3617922 0.5627774 -0.2143518 -0.3617922 0.497897 -0.2641363 -0.3617922 0.4223421 -0.2954322 -0.3617922 0.3412618 -0.3061066 -0.3617922 0.2601814 -0.2954322 -0.3617922 0.1846265 -0.2641363 -0.3617922 0.1197461 -0.2143518 -0.3617922 0.06996154 -0.1494714 -0.3617922 0.03866571 -0.07391649 -0.3617922 0.02799129 0.09768348 -0.5802389 0.6545322 0.09768348 -0.5802389 0.6438578 -0.07391649 -0.5802389 0.6125619 -0.1494714 -0.5802389 0.5627774 -0.2143518 -0.5802389 0.497897 -0.2641363 -0.5802389 0.4223421 -0.2954322 -0.5802389 0.3412618 -0.3061066 -0.5802389 0.2601814 -0.2954322 -0.5802389 0.1846265 -0.2641363 -0.5802389 0.1197461 -0.2143518 -0.5802389 0.06996154 -0.1494714 -0.5802389 0.03866571 -0.07391649 -0.5802389 0.02799129 0.09768348 -0.6020915 0.6438578 -0.07391649 -0.6020915 0.6545322 0.09768348 -0.6020915 0.6125619 -0.1494714 -0.6020915 0.5627774 -0.2143518 -0.6020915 0.497897 -0.2641363 -0.6020915 0.4223421 -0.2954322 -0.6020915 0.3412618 -0.3061066 -0.6020915 0.2601814 -0.2954322 -0.6020915 0.1846265 -0.2641363 -0.6020915 0.1197461 -0.2143518 -0.6020915 0.06996154 -0.1494714 -0.6020915 0.03866571 -0.07391649 -0.6020915 0.02799129 0.09768348 -0.9295538 0.6416115 0.08697491 -0.9295538 0.6313772 -0.07754743 -0.9295538 0.6013721 -0.149986 -0.9295538 0.553641 -0.2121905 -0.9295538 0.4914366 -0.2599217 -0.9295538 0.418998 -0.2899268 -0.9295538 0.3412618 -0.3001609 -0.9295538 0.2635256 -0.2899268 -0.9295538 0.1910869 -0.2599217 -0.9295538 0.1288825 -0.2121905 -0.9295538 0.0811513 -0.149986 -0.9295538 0.05114626 -0.07754743 -0.9295538 0.04091203 0.08697491 -0.950505 0.6313772 -0.07754743 -0.950505 0.6416115 0.08697491 -0.950505 0.6013721 -0.149986 -0.950505 0.553641 -0.2121905 -0.950505 0.4914366 -0.2599217 -0.950505 0.418998 -0.2899268 -0.950505 0.3412618 -0.3001609 -0.950505 0.2635256 -0.2899268 -0.950505 0.1910869 -0.2599217 -0.950505 0.1288825 -0.2121905 -0.950505 0.0811513 -0.149986 -0.950505 0.05114626 -0.07754743 -0.950505 0.04091203 0.08697491 -0.6244456 -0.263616 -0.2897778 -0.3244537 -0.3412618 -0.3 -0.4744496 -0.3412618 -0.3 -0.6244456 -0.3412618 -0.3 -0.3244537 -0.4189075 -0.2897778 -0.4744496 -0.4189075 -0.2897778 -0.6244456 -0.4189075 -0.2897778 -0.3244537 -0.4912618 -0.2598077 -0.4744496 -0.4912618 -0.2598077 -0.6244456 -0.4912618 -0.2598077 -0.3244537 -0.5533938 -0.212132 -0.4744496 -0.5533938 -0.212132 -0.1744578 -0.6412618 0.08668518 -0.7744414 -0.6412618 0.08668518 -0.1744578 -0.6310395 -0.07764565 -0.7744414 -0.6310395 -0.07764571 -0.1744578 -0.6010694 -0.15 -0.7744414 -0.6010694 -0.15 -0.1744578 -0.5533938 -0.212132 -0.7744414 -0.5533938 -0.212132 -0.1744578 -0.4912617 -0.2598077 -0.7744414 -0.4912618 -0.2598077 -0.1744578 -0.4189075 -0.2897778 -0.7744414 -0.4189075 -0.2897778 -0.1744578 -0.3412618 -0.3 -0.7744414 -0.3412618 -0.3 -0.1744578 -0.263616 -0.2897778 -0.7744414 -0.263616 -0.2897778 -0.1744578 -0.1912617 -0.2598077 -0.7744414 -0.1912618 -0.2598077 -0.1744578 -0.1291297 -0.212132 -0.7744414 -0.1291297 -0.212132 -0.1744578 -0.08145409 -0.15 -0.7744414 -0.08145409 -0.15 -0.1744578 -0.05148398 -0.07764565 -0.7744414 -0.05148398 -0.07764571 -0.1744579 -0.04126173 0.08668518 -0.7744414 -0.04126173 0.08668518 -0.6244456 -0.5533938 -0.212132 -0.3244537 -0.6010694 -0.15 -0.4744496 -0.6010694 -0.15 -0.6244456 -0.6010694 -0.15 -0.3244537 -0.6310395 -0.07764565 -0.4744496 -0.6310395 -0.07764571 -0.6244456 -0.6310395 -0.07764571 -0.3244537 -0.6412618 0.08668518 -0.4744496 -0.6412618 0.08668518 -0.6244456 -0.6412618 0.08668518 -0.4744496 -0.263616 -0.2897778 -0.3244537 -0.263616 -0.2897778 -0.6244456 -0.1912617 -0.2598077 -0.4744496 -0.1912617 -0.2598077 -0.3244537 -0.1912617 -0.2598077 -0.6244456 -0.1291297 -0.212132 -0.4744496 -0.1291297 -0.212132 -0.3244537 -0.1291297 -0.212132 -0.6244456 -0.08145409 -0.15 -0.4744496 -0.08145409 -0.15 -0.3244537 -0.08145409 -0.15 -0.6244456 -0.05148398 -0.07764571 -0.4744496 -0.05148398 -0.07764571 -0.3244538 -0.05148398 -0.07764565 -0.6244456 -0.04126173 0.08668518 -0.4744496 -0.04126173 0.08668518 -0.3244538 -0.04126173 0.08668518 -0.9279443 -0.6310395 -0.07764571 -0.9279443 -0.6010694 -0.15 -0.9279443 -0.5533938 -0.212132 -0.9279443 -0.4912618 -0.2598077 -0.9279443 -0.4189075 -0.2897778 -0.9279443 -0.3412618 -0.3 -0.9279443 -0.263616 -0.2897778 -0.9279443 -0.1912618 -0.2598077 -0.9279443 -0.1291297 -0.212132 -0.9279443 -0.08145409 -0.15 -0.9279443 -0.05148398 -0.07764571 -0.9972363 -0.5378347 0.08668518 -0.9732423 -0.5958749 0.08668518 -0.9972363 -0.5290802 -0.0540508 -0.9732423 -0.5862967 -0.06729155 -0.9972363 -0.5109004 -0.09794092 -0.9732423 -0.5615005 -0.1271549 -0.9972363 -0.479771 -0.1385094 -0.9732423 -0.5210859 -0.1798242 -0.9972363 -0.4392027 -0.1696385 -0.9732423 -0.4684167 -0.2202387 -0.9972363 -0.3919597 -0.1892072 -0.9732423 -0.407082 -0.2456444 -0.9972363 -0.3412618 -0.1958817 -0.9732423 -0.3412618 -0.2543098 -0.9972363 -0.2905638 -0.1892072 -0.9732423 -0.2754415 -0.2456444 -0.9972363 -0.2433209 -0.1696385 -0.9732423 -0.2141069 -0.2202387 -0.9972363 -0.2027524 -0.1385093 -0.9732423 -0.1614376 -0.1798242 -0.9972363 -0.1716231 -0.09794086 -0.9732423 -0.121023 -0.1271549 -0.9972363 -0.1534433 -0.05405074 -0.9732423 -0.09622675 -0.06729155 -0.9732423 -0.08664858 0.08668518 -0.9972363 -0.1446887 0.08668518 -0.7744414 -0.6545322 0.09768348 -0.7744414 -0.6438578 -0.07391649 -0.7744414 -0.6125619 -0.1494714 -0.7744414 -0.5627774 -0.2143518 -0.7744414 -0.497897 -0.2641363 -0.7744414 -0.4223421 -0.2954322 -0.7744414 -0.3412618 -0.3061066 -0.7744414 -0.2601814 -0.2954322 -0.7744414 -0.1846265 -0.2641363 -0.7744414 -0.1197461 -0.2143518 -0.7744414 -0.06996154 -0.1494714 -0.7744414 -0.03866571 -0.07391649 -0.7744414 -0.02799129 0.09768348 -0.796294 -0.6438578 -0.07391649 -0.796294 -0.6545322 0.09768348 -0.796294 -0.6125619 -0.1494714 -0.796294 -0.5627774 -0.2143518 -0.796294 -0.497897 -0.2641363 -0.796294 -0.4223421 -0.2954322 -0.796294 -0.3412618 -0.3061066 -0.796294 -0.2601814 -0.2954322 -0.796294 -0.1846265 -0.2641363 -0.796294 -0.1197461 -0.2143518 -0.796294 -0.06996154 -0.1494714 -0.796294 -0.03866571 -0.07391649 -0.796294 -0.02799129 0.09768348 -0.3399395 -0.6545322 0.09768348 -0.3399395 -0.6438578 -0.07391649 -0.3399395 -0.6125619 -0.1494714 -0.3399395 -0.5627774 -0.2143518 -0.3399395 -0.497897 -0.2641363 -0.3399395 -0.4223421 -0.2954322 -0.3399395 -0.3412618 -0.3061066 -0.3399395 -0.2601814 -0.2954322 -0.3399395 -0.1846265 -0.2641363 -0.3399395 -0.1197461 -0.2143518 -0.3399395 -0.06996154 -0.1494714 -0.3399395 -0.03866571 -0.07391649 -0.3399395 -0.02799129 0.09768348 -0.3617922 -0.6438578 -0.07391649 -0.3617922 -0.6545322 0.09768348 -0.3617922 -0.6125619 -0.1494714 -0.3617922 -0.5627774 -0.2143518 -0.3617922 -0.497897 -0.2641363 -0.3617922 -0.4223421 -0.2954322 -0.3617922 -0.3412618 -0.3061066 -0.3617922 -0.2601814 -0.2954322 -0.3617922 -0.1846265 -0.2641363 -0.3617922 -0.1197461 -0.2143518 -0.3617922 -0.06996154 -0.1494714 -0.3617922 -0.03866571 -0.07391649 -0.3617922 -0.02799129 0.09768348 -0.5802389 -0.6545322 0.09768348 -0.5802389 -0.6438578 -0.07391649 -0.5802389 -0.6125619 -0.1494714 -0.5802389 -0.5627774 -0.2143518 -0.5802389 -0.497897 -0.2641363 -0.5802389 -0.4223421 -0.2954322 -0.5802389 -0.3412618 -0.3061066 -0.5802389 -0.2601814 -0.2954322 -0.5802389 -0.1846265 -0.2641363 -0.5802389 -0.1197461 -0.2143518 -0.5802389 -0.06996154 -0.1494714 -0.5802389 -0.03866571 -0.07391649 -0.5802389 -0.02799129 0.09768348 -0.6020915 -0.6438578 -0.07391649 -0.6020915 -0.6545322 0.09768348 -0.6020915 -0.6125619 -0.1494714 -0.6020915 -0.5627774 -0.2143518 -0.6020915 -0.497897 -0.2641363 -0.6020915 -0.4223421 -0.2954322 -0.6020915 -0.3412618 -0.3061066 -0.6020915 -0.2601814 -0.2954322 -0.6020915 -0.1846265 -0.2641363 -0.6020915 -0.1197461 -0.2143518 -0.6020915 -0.06996154 -0.1494714 -0.6020915 -0.03866571 -0.07391649 -0.6020915 -0.02799129 0.09768348 -0.9295538 -0.6416115 0.08697491 -0.9295538 -0.6313772 -0.07754743 -0.9295538 -0.6013721 -0.149986 -0.9295538 -0.553641 -0.2121905 -0.9295538 -0.4914366 -0.2599217 -0.9295538 -0.418998 -0.2899268 -0.9295538 -0.3412618 -0.3001609 -0.9295538 -0.2635256 -0.2899268 -0.9295538 -0.1910869 -0.2599217 -0.9295538 -0.1288825 -0.2121905 -0.9295538 -0.0811513 -0.149986 -0.9295538 -0.05114626 -0.07754743 -0.9295538 -0.04091203 0.08697491 -0.950505 -0.6313772 -0.07754743 -0.950505 -0.6416115 0.08697491 -0.950505 -0.6013721 -0.149986 -0.950505 -0.553641 -0.2121905 -0.950505 -0.4914366 -0.2599217 -0.950505 -0.418998 -0.2899268 -0.950505 -0.3412618 -0.3001609 -0.950505 -0.2635256 -0.2899268 -0.950505 -0.1910869 -0.2599217 -0.950505 -0.1288825 -0.2121905 -0.950505 -0.0811513 -0.149986 -0.950505 -0.05114626 -0.07754743 -0.950505 -0.04091203 0.08697491 0.6244456 0.263616 -0.2897778 0.3244537 0.3412618 -0.3 0.4744496 0.3412618 -0.3 0.6244456 0.3412618 -0.3 0.3244537 0.4189075 -0.2897778 0.4744496 0.4189075 -0.2897778 0.6244456 0.4189075 -0.2897778 0.3244537 0.4912618 -0.2598077 0.4744496 0.4912618 -0.2598077 0.6244456 0.4912618 -0.2598077 0.3244537 0.5533938 -0.212132 0.4744496 0.5533938 -0.212132 0.1744578 0.6412618 0.08668518 0.7744414 0.6412618 0.08668518 0.1744578 0.6310395 -0.07764565 0.7744414 0.6310395 -0.07764571 0.1744578 0.6010694 -0.15 0.7744414 0.6010694 -0.15 0.1744578 0.5533938 -0.212132 0.7744414 0.5533938 -0.212132 0.1744578 0.4912617 -0.2598077 0.7744414 0.4912618 -0.2598077 0.1744578 0.4189075 -0.2897778 0.7744414 0.4189075 -0.2897778 0.1744578 0.3412618 -0.3 0.7744414 0.3412618 -0.3 0.1744578 0.263616 -0.2897778 0.7744414 0.263616 -0.2897778 0.1744578 0.1912617 -0.2598077 0.7744414 0.1912618 -0.2598077 0.1744578 0.1291297 -0.212132 0.7744414 0.1291297 -0.212132 0.1744578 0.08145409 -0.15 0.7744414 0.08145409 -0.15 0.1744578 0.05148398 -0.07764565 0.7744414 0.05148398 -0.07764571 0.1744579 0.04126173 0.08668518 0.7744414 0.04126173 0.08668518 0.6244456 0.5533938 -0.212132 0.3244537 0.6010694 -0.15 0.4744496 0.6010694 -0.15 0.6244456 0.6010694 -0.15 0.3244537 0.6310395 -0.07764565 0.4744496 0.6310395 -0.07764571 0.6244456 0.6310395 -0.07764571 0.3244537 0.6412618 0.08668518 0.4744496 0.6412618 0.08668518 0.6244456 0.6412618 0.08668518 0.4744496 0.263616 -0.2897778 0.3244537 0.263616 -0.2897778 0.6244456 0.1912617 -0.2598077 0.4744496 0.1912617 -0.2598077 0.3244537 0.1912617 -0.2598077 0.6244456 0.1291297 -0.212132 0.4744496 0.1291297 -0.212132 0.3244537 0.1291297 -0.212132 0.6244456 0.08145409 -0.15 0.4744496 0.08145409 -0.15 0.3244537 0.08145409 -0.15 0.6244456 0.05148398 -0.07764571 0.4744496 0.05148398 -0.07764571 0.3244538 0.05148398 -0.07764565 0.6244456 0.04126173 0.08668518 0.4744496 0.04126173 0.08668518 0.3244538 0.04126173 0.08668518 0.9279443 0.6310395 -0.07764571 0.9279443 0.6010694 -0.15 0.9279443 0.5533938 -0.212132 0.9279443 0.4912618 -0.2598077 0.9279443 0.4189075 -0.2897778 0.9279443 0.3412618 -0.3 0.9279443 0.263616 -0.2897778 0.9279443 0.1912618 -0.2598077 0.9279443 0.1291297 -0.212132 0.9279443 0.08145409 -0.15 0.9279443 0.05148398 -0.07764571 0.9972363 0.5378347 0.08668518 0.9732423 0.5958749 0.08668518 0.9972363 0.5290802 -0.0540508 0.9732423 0.5862967 -0.06729155 0.9972363 0.5109004 -0.09794092 0.9732423 0.5615005 -0.1271549 0.9972363 0.479771 -0.1385094 0.9732423 0.5210859 -0.1798242 0.9972363 0.4392027 -0.1696385 0.9732423 0.4684167 -0.2202387 0.9972363 0.3919597 -0.1892072 0.9732423 0.407082 -0.2456444 0.9972363 0.3412618 -0.1958817 0.9732423 0.3412618 -0.2543098 0.9972363 0.2905638 -0.1892072 0.9732423 0.2754415 -0.2456444 0.9972363 0.2433209 -0.1696385 0.9732423 0.2141069 -0.2202387 0.9972363 0.2027524 -0.1385093 0.9732423 0.1614376 -0.1798242 0.9972363 0.1716231 -0.09794086 0.9732423 0.121023 -0.1271549 0.9972363 0.1534433 -0.05405074 0.9732423 0.09622675 -0.06729155 0.9732423 0.08664858 0.08668518 0.9972363 0.1446887 0.08668518 0.7744414 0.6545322 0.09768348 0.7744414 0.6438578 -0.07391649 0.7744414 0.6125619 -0.1494714 0.7744414 0.5627774 -0.2143518 0.7744414 0.497897 -0.2641363 0.7744414 0.4223421 -0.2954322 0.7744414 0.3412618 -0.3061066 0.7744414 0.2601814 -0.2954322 0.7744414 0.1846265 -0.2641363 0.7744414 0.1197461 -0.2143518 0.7744414 0.06996154 -0.1494714 0.7744414 0.03866571 -0.07391649 0.7744414 0.02799129 0.09768348 0.796294 0.6438578 -0.07391649 0.796294 0.6545322 0.09768348 0.796294 0.6125619 -0.1494714 0.796294 0.5627774 -0.2143518 0.796294 0.497897 -0.2641363 0.796294 0.4223421 -0.2954322 0.796294 0.3412618 -0.3061066 0.796294 0.2601814 -0.2954322 0.796294 0.1846265 -0.2641363 0.796294 0.1197461 -0.2143518 0.796294 0.06996154 -0.1494714 0.796294 0.03866571 -0.07391649 0.796294 0.02799129 0.09768348 0.3399395 0.6545322 0.09768348 0.3399395 0.6438578 -0.07391649 0.3399395 0.6125619 -0.1494714 0.3399395 0.5627774 -0.2143518 0.3399395 0.497897 -0.2641363 0.3399395 0.4223421 -0.2954322 0.3399395 0.3412618 -0.3061066 0.3399395 0.2601814 -0.2954322 0.3399395 0.1846265 -0.2641363 0.3399395 0.1197461 -0.2143518 0.3399395 0.06996154 -0.1494714 0.3399395 0.03866571 -0.07391649 0.3399395 0.02799129 0.09768348 0.3617922 0.6438578 -0.07391649 0.3617922 0.6545322 0.09768348 0.3617922 0.6125619 -0.1494714 0.3617922 0.5627774 -0.2143518 0.3617922 0.497897 -0.2641363 0.3617922 0.4223421 -0.2954322 0.3617922 0.3412618 -0.3061066 0.3617922 0.2601814 -0.2954322 0.3617922 0.1846265 -0.2641363 0.3617922 0.1197461 -0.2143518 0.3617922 0.06996154 -0.1494714 0.3617922 0.03866571 -0.07391649 0.3617922 0.02799129 0.09768348 0.5802389 0.6545322 0.09768348 0.5802389 0.6438578 -0.07391649 0.5802389 0.6125619 -0.1494714 0.5802389 0.5627774 -0.2143518 0.5802389 0.497897 -0.2641363 0.5802389 0.4223421 -0.2954322 0.5802389 0.3412618 -0.3061066 0.5802389 0.2601814 -0.2954322 0.5802389 0.1846265 -0.2641363 0.5802389 0.1197461 -0.2143518 0.5802389 0.06996154 -0.1494714 0.5802389 0.03866571 -0.07391649 0.5802389 0.02799129 0.09768348 0.6020915 0.6438578 -0.07391649 0.6020915 0.6545322 0.09768348 0.6020915 0.6125619 -0.1494714 0.6020915 0.5627774 -0.2143518 0.6020915 0.497897 -0.2641363 0.6020915 0.4223421 -0.2954322 0.6020915 0.3412618 -0.3061066 0.6020915 0.2601814 -0.2954322 0.6020915 0.1846265 -0.2641363 0.6020915 0.1197461 -0.2143518 0.6020915 0.06996154 -0.1494714 0.6020915 0.03866571 -0.07391649 0.6020915 0.02799129 0.09768348 0.9295538 0.6416115 0.08697491 0.9295538 0.6313772 -0.07754743 0.9295538 0.6013721 -0.149986 0.9295538 0.553641 -0.2121905 0.9295538 0.4914366 -0.2599217 0.9295538 0.418998 -0.2899268 0.9295538 0.3412618 -0.3001609 0.9295538 0.2635256 -0.2899268 0.9295538 0.1910869 -0.2599217 0.9295538 0.1288825 -0.2121905 0.9295538 0.0811513 -0.149986 0.9295538 0.05114626 -0.07754743 0.9295538 0.04091203 0.08697491 0.950505 0.6313772 -0.07754743 0.950505 0.6416115 0.08697491 0.950505 0.6013721 -0.149986 0.950505 0.553641 -0.2121905 0.950505 0.4914366 -0.2599217 0.950505 0.418998 -0.2899268 0.950505 0.3412618 -0.3001609 0.950505 0.2635256 -0.2899268 0.950505 0.1910869 -0.2599217 0.950505 0.1288825 -0.2121905 0.950505 0.0811513 -0.149986 0.950505 0.05114626 -0.07754743 0.950505 0.04091203 0.08697491 0.6244456 -0.263616 -0.2897778 0.3244537 -0.3412618 -0.3 0.4744496 -0.3412618 -0.3 0.6244456 -0.3412618 -0.3 0.3244537 -0.4189075 -0.2897778 0.4744496 -0.4189075 -0.2897778 0.6244456 -0.4189075 -0.2897778 0.3244537 -0.4912618 -0.2598077 0.4744496 -0.4912618 -0.2598077 0.6244456 -0.4912618 -0.2598077 0.3244537 -0.5533938 -0.212132 0.4744496 -0.5533938 -0.212132 0.1744578 -0.6412618 0.08668518 0.7744414 -0.6412618 0.08668518 0.1744578 -0.6310395 -0.07764565 0.7744414 -0.6310395 -0.07764571 0.1744578 -0.6010694 -0.15 0.7744414 -0.6010694 -0.15 0.1744578 -0.5533938 -0.212132 0.7744414 -0.5533938 -0.212132 0.1744578 -0.4912617 -0.2598077 0.7744414 -0.4912618 -0.2598077 0.1744578 -0.4189075 -0.2897778 0.7744414 -0.4189075 -0.2897778 0.1744578 -0.3412618 -0.3 0.7744414 -0.3412618 -0.3 0.1744578 -0.263616 -0.2897778 0.7744414 -0.263616 -0.2897778 0.1744578 -0.1912617 -0.2598077 0.7744414 -0.1912618 -0.2598077 0.1744578 -0.1291297 -0.212132 0.7744414 -0.1291297 -0.212132 0.1744578 -0.08145409 -0.15 0.7744414 -0.08145409 -0.15 0.1744578 -0.05148398 -0.07764565 0.7744414 -0.05148398 -0.07764571 0.1744579 -0.04126173 0.08668518 0.7744414 -0.04126173 0.08668518 0.6244456 -0.5533938 -0.212132 0.3244537 -0.6010694 -0.15 0.4744496 -0.6010694 -0.15 0.6244456 -0.6010694 -0.15 0.3244537 -0.6310395 -0.07764565 0.4744496 -0.6310395 -0.07764571 0.6244456 -0.6310395 -0.07764571 0.3244537 -0.6412618 0.08668518 0.4744496 -0.6412618 0.08668518 0.6244456 -0.6412618 0.08668518 0.4744496 -0.263616 -0.2897778 0.3244537 -0.263616 -0.2897778 0.6244456 -0.1912617 -0.2598077 0.4744496 -0.1912617 -0.2598077 0.3244537 -0.1912617 -0.2598077 0.6244456 -0.1291297 -0.212132 0.4744496 -0.1291297 -0.212132 0.3244537 -0.1291297 -0.212132 0.6244456 -0.08145409 -0.15 0.4744496 -0.08145409 -0.15 0.3244537 -0.08145409 -0.15 0.6244456 -0.05148398 -0.07764571 0.4744496 -0.05148398 -0.07764571 0.3244538 -0.05148398 -0.07764565 0.6244456 -0.04126173 0.08668518 0.4744496 -0.04126173 0.08668518 0.3244538 -0.04126173 0.08668518 0.9279443 -0.6310395 -0.07764571 0.9279443 -0.6010694 -0.15 0.9279443 -0.5533938 -0.212132 0.9279443 -0.4912618 -0.2598077 0.9279443 -0.4189075 -0.2897778 0.9279443 -0.3412618 -0.3 0.9279443 -0.263616 -0.2897778 0.9279443 -0.1912618 -0.2598077 0.9279443 -0.1291297 -0.212132 0.9279443 -0.08145409 -0.15 0.9279443 -0.05148398 -0.07764571 0.9972363 -0.5378347 0.08668518 0.9732423 -0.5958749 0.08668518 0.9972363 -0.5290802 -0.0540508 0.9732423 -0.5862967 -0.06729155 0.9972363 -0.5109004 -0.09794092 0.9732423 -0.5615005 -0.1271549 0.9972363 -0.479771 -0.1385094 0.9732423 -0.5210859 -0.1798242 0.9972363 -0.4392027 -0.1696385 0.9732423 -0.4684167 -0.2202387 0.9972363 -0.3919597 -0.1892072 0.9732423 -0.407082 -0.2456444 0.9972363 -0.3412618 -0.1958817 0.9732423 -0.3412618 -0.2543098 0.9972363 -0.2905638 -0.1892072 0.9732423 -0.2754415 -0.2456444 0.9972363 -0.2433209 -0.1696385 0.9732423 -0.2141069 -0.2202387 0.9972363 -0.2027524 -0.1385093 0.9732423 -0.1614376 -0.1798242 0.9972363 -0.1716231 -0.09794086 0.9732423 -0.121023 -0.1271549 0.9972363 -0.1534433 -0.05405074 0.9732423 -0.09622675 -0.06729155 0.9732423 -0.08664858 0.08668518 0.9972363 -0.1446887 0.08668518 0.7744414 -0.6545322 0.09768348 0.7744414 -0.6438578 -0.07391649 0.7744414 -0.6125619 -0.1494714 0.7744414 -0.5627774 -0.2143518 0.7744414 -0.497897 -0.2641363 0.7744414 -0.4223421 -0.2954322 0.7744414 -0.3412618 -0.3061066 0.7744414 -0.2601814 -0.2954322 0.7744414 -0.1846265 -0.2641363 0.7744414 -0.1197461 -0.2143518 0.7744414 -0.06996154 -0.1494714 0.7744414 -0.03866571 -0.07391649 0.7744414 -0.02799129 0.09768348 0.796294 -0.6438578 -0.07391649 0.796294 -0.6545322 0.09768348 0.796294 -0.6125619 -0.1494714 0.796294 -0.5627774 -0.2143518 0.796294 -0.497897 -0.2641363 0.796294 -0.4223421 -0.2954322 0.796294 -0.3412618 -0.3061066 0.796294 -0.2601814 -0.2954322 0.796294 -0.1846265 -0.2641363 0.796294 -0.1197461 -0.2143518 0.796294 -0.06996154 -0.1494714 0.796294 -0.03866571 -0.07391649 0.796294 -0.02799129 0.09768348 0.3399395 -0.6545322 0.09768348 0.3399395 -0.6438578 -0.07391649 0.3399395 -0.6125619 -0.1494714 0.3399395 -0.5627774 -0.2143518 0.3399395 -0.497897 -0.2641363 0.3399395 -0.4223421 -0.2954322 0.3399395 -0.3412618 -0.3061066 0.3399395 -0.2601814 -0.2954322 0.3399395 -0.1846265 -0.2641363 0.3399395 -0.1197461 -0.2143518 0.3399395 -0.06996154 -0.1494714 0.3399395 -0.03866571 -0.07391649 0.3399395 -0.02799129 0.09768348 0.3617922 -0.6438578 -0.07391649 0.3617922 -0.6545322 0.09768348 0.3617922 -0.6125619 -0.1494714 0.3617922 -0.5627774 -0.2143518 0.3617922 -0.497897 -0.2641363 0.3617922 -0.4223421 -0.2954322 0.3617922 -0.3412618 -0.3061066 0.3617922 -0.2601814 -0.2954322 0.3617922 -0.1846265 -0.2641363 0.3617922 -0.1197461 -0.2143518 0.3617922 -0.06996154 -0.1494714 0.3617922 -0.03866571 -0.07391649 0.3617922 -0.02799129 0.09768348 0.5802389 -0.6545322 0.09768348 0.5802389 -0.6438578 -0.07391649 0.5802389 -0.6125619 -0.1494714 0.5802389 -0.5627774 -0.2143518 0.5802389 -0.497897 -0.2641363 0.5802389 -0.4223421 -0.2954322 0.5802389 -0.3412618 -0.3061066 0.5802389 -0.2601814 -0.2954322 0.5802389 -0.1846265 -0.2641363 0.5802389 -0.1197461 -0.2143518 0.5802389 -0.06996154 -0.1494714 0.5802389 -0.03866571 -0.07391649 0.5802389 -0.02799129 0.09768348 0.6020915 -0.6438578 -0.07391649 0.6020915 -0.6545322 0.09768348 0.6020915 -0.6125619 -0.1494714 0.6020915 -0.5627774 -0.2143518 0.6020915 -0.497897 -0.2641363 0.6020915 -0.4223421 -0.2954322 0.6020915 -0.3412618 -0.3061066 0.6020915 -0.2601814 -0.2954322 0.6020915 -0.1846265 -0.2641363 0.6020915 -0.1197461 -0.2143518 0.6020915 -0.06996154 -0.1494714 0.6020915 -0.03866571 -0.07391649 0.6020915 -0.02799129 0.09768348 0.9295538 -0.6416115 0.08697491 0.9295538 -0.6313772 -0.07754743 0.9295538 -0.6013721 -0.149986 0.9295538 -0.553641 -0.2121905 0.9295538 -0.4914366 -0.2599217 0.9295538 -0.418998 -0.2899268 0.9295538 -0.3412618 -0.3001609 0.9295538 -0.2635256 -0.2899268 0.9295538 -0.1910869 -0.2599217 0.9295538 -0.1288825 -0.2121905 0.9295538 -0.0811513 -0.149986 0.9295538 -0.05114626 -0.07754743 0.9295538 -0.04091203 0.08697491 0.950505 -0.6313772 -0.07754743 0.950505 -0.6416115 0.08697491 0.950505 -0.6013721 -0.149986 0.950505 -0.553641 -0.2121905 0.950505 -0.4914366 -0.2599217 0.950505 -0.418998 -0.2899268 0.950505 -0.3412618 -0.3001609 0.950505 -0.2635256 -0.2899268 0.950505 -0.1910869 -0.2599217 0.950505 -0.1288825 -0.2121905 0.950505 -0.0811513 -0.149986 0.950505 -0.05114626 -0.07754743 0.950505 -0.04091203 0.08697491 -0.1744578 0.6412618 0.2365755 -0.7744414 0.6412618 0.2365754 -0.1744579 0.04126179 0.2365755 -0.7744414 0.04126179 0.2365754 -0.3244537 0.6412618 0.2365755 -0.4744496 0.6412618 0.2365755 -0.6244456 0.6412618 0.2365755 -0.6244456 0.04126179 0.2365755 -0.4744496 0.04126179 0.2365755 -0.3244538 0.04126179 0.2365755 -0.9972363 0.5378348 0.2365754 -0.9732423 0.595875 0.2365754 -0.9732423 0.08664864 0.2365754 -0.9972363 0.1446888 0.2365754 -0.7744414 0.6545323 0.2475738 -0.7744414 0.02799135 0.2475738 -0.796294 0.6545323 0.2475738 -0.796294 0.02799135 0.2475738 -0.3399395 0.6545323 0.2475738 -0.3399395 0.02799135 0.2475738 -0.3617922 0.6545323 0.2475738 -0.3617922 0.02799135 0.2475738 -0.5802389 0.6545323 0.2475738 -0.5802389 0.02799135 0.2475738 -0.6020915 0.6545323 0.2475738 -0.6020915 0.02799135 0.2475738 -0.9295538 0.6416115 0.2368652 -0.9295538 0.04091209 0.2368652 -0.950505 0.6416115 0.2368652 -0.950505 0.04091209 0.2368652 -0.1744578 -0.6412617 0.2365755 -0.7744414 -0.6412617 0.2365754 -0.1744579 -0.04126167 0.2365755 -0.7744414 -0.04126167 0.2365754 -0.3244537 -0.6412617 0.2365755 -0.4744496 -0.6412617 0.2365755 -0.6244456 -0.6412617 0.2365755 -0.6244456 -0.04126167 0.2365755 -0.4744496 -0.04126167 0.2365755 -0.3244538 -0.04126167 0.2365755 -0.9972363 -0.5378347 0.2365754 -0.9732423 -0.5958749 0.2365754 -0.9732423 -0.08664858 0.2365754 -0.9972363 -0.1446887 0.2365754 -0.7744414 -0.6545321 0.2475738 -0.7744414 -0.02799123 0.2475738 -0.796294 -0.6545321 0.2475738 -0.796294 -0.02799123 0.2475738 -0.3399395 -0.6545321 0.2475738 -0.3399395 -0.02799123 0.2475738 -0.3617922 -0.6545321 0.2475738 -0.3617922 -0.02799123 0.2475738 -0.5802389 -0.6545321 0.2475738 -0.5802389 -0.02799123 0.2475738 -0.6020915 -0.6545321 0.2475738 -0.6020915 -0.02799123 0.2475738 -0.9295538 -0.6416114 0.2368652 -0.9295538 -0.04091197 0.2368652 -0.950505 -0.6416114 0.2368652 -0.950505 -0.04091197 0.2368652 0.1744578 0.6412618 0.2365755 0.7744414 0.6412618 0.2365754 0.1744579 0.04126179 0.2365755 0.7744414 0.04126179 0.2365754 0.3244537 0.6412618 0.2365755 0.4744496 0.6412618 0.2365755 0.6244456 0.6412618 0.2365755 0.6244456 0.04126179 0.2365755 0.4744496 0.04126179 0.2365755 0.3244538 0.04126179 0.2365755 0.9972363 0.5378348 0.2365754 0.9732423 0.595875 0.2365754 0.9732423 0.08664864 0.2365754 0.9972363 0.1446888 0.2365754 0.7744414 0.6545323 0.2475738 0.7744414 0.02799135 0.2475738 0.796294 0.6545323 0.2475738 0.796294 0.02799135 0.2475738 0.3399395 0.6545323 0.2475738 0.3399395 0.02799135 0.2475738 0.3617922 0.6545323 0.2475738 0.3617922 0.02799135 0.2475738 0.5802389 0.6545323 0.2475738 0.5802389 0.02799135 0.2475738 0.6020915 0.6545323 0.2475738 0.6020915 0.02799135 0.2475738 0.9295538 0.6416115 0.2368652 0.9295538 0.04091209 0.2368652 0.950505 0.6416115 0.2368652 0.950505 0.04091209 0.2368652 0.1744578 -0.6412617 0.2365755 0.7744414 -0.6412617 0.2365754 0.1744579 -0.04126167 0.2365755 0.7744414 -0.04126167 0.2365754 0.3244537 -0.6412617 0.2365755 0.4744496 -0.6412617 0.2365755 0.6244456 -0.6412617 0.2365755 0.6244456 -0.04126167 0.2365755 0.4744496 -0.04126167 0.2365755 0.3244538 -0.04126167 0.2365755 0.9972363 -0.5378347 0.2365754 0.9732423 -0.5958749 0.2365754 0.9732423 -0.08664858 0.2365754 0.9972363 -0.1446887 0.2365754 0.7744414 -0.6545321 0.2475738 0.7744414 -0.02799123 0.2475738 0.796294 -0.6545321 0.2475738 0.796294 -0.02799123 0.2475738 0.3399395 -0.6545321 0.2475738 0.3399395 -0.02799123 0.2475738 0.3617922 -0.6545321 0.2475738 0.3617922 -0.02799123 0.2475738 0.5802389 -0.6545321 0.2475738 0.5802389 -0.02799123 0.2475738 0.6020915 -0.6545321 0.2475738 0.6020915 -0.02799123 0.2475738 0.9295538 -0.6416114 0.2368652 0.9295538 -0.04091197 0.2368652 0.950505 -0.6416114 0.2368652 0.950505 -0.04091197 0.2368652 -0.7744414 0.6300318 -0.1595577 -0.7744414 0.5770416 -0.2286159 -0.796294 0.5770416 -0.2286159 -0.796294 0.6300318 -0.1595577 -0.7744414 0.0524916 -0.1595577 -0.7744414 0.01891142 -0.07848793 -0.796294 0.01891142 -0.07848793 -0.796294 0.0524916 -0.1595577 -0.7744414 0.5079833 -0.2816063 -0.796294 0.5079833 -0.2816063 -0.7744414 0.007991254 0.09706205 -0.796294 0.007991254 0.09706205 -0.7744414 0.4275632 -0.3149174 -0.796294 0.4275632 -0.3149174 -0.7744414 0.3412618 -0.3262791 -0.796294 0.3412618 -0.3262791 -0.7744414 0.2549604 -0.3149174 -0.796294 0.2549604 -0.3149174 -0.7744414 0.1745402 -0.2816063 -0.796294 0.1745402 -0.2816063 -0.7744414 0.6745322 0.09706205 -0.7744414 0.6636121 -0.07848793 -0.796294 0.6636121 -0.07848793 -0.796294 0.6745322 0.09706205 -0.7744414 0.1054819 -0.2286159 -0.796294 0.1054819 -0.2286159 -0.3399395 0.6300318 -0.1595577 -0.3399395 0.5770416 -0.2286159 -0.3617922 0.5770416 -0.2286159 -0.3617922 0.6300318 -0.1595577 -0.3399395 0.0524916 -0.1595577 -0.3399395 0.01891142 -0.07848793 -0.3617922 0.01891142 -0.07848793 -0.3617922 0.0524916 -0.1595577 -0.3399395 0.5079833 -0.2816063 -0.3617922 0.5079833 -0.2816063 -0.3399395 0.007991254 0.09706205 -0.3617922 0.007991254 0.09706205 -0.3399395 0.4275632 -0.3149174 -0.3617922 0.4275632 -0.3149174 -0.3399395 0.3412618 -0.3262791 -0.3617922 0.3412618 -0.3262791 -0.3399395 0.2549604 -0.3149174 -0.3617922 0.2549604 -0.3149174 -0.3399395 0.1745402 -0.2816063 -0.3617922 0.1745402 -0.2816063 -0.3399395 0.6745322 0.09706205 -0.3399395 0.6636121 -0.07848793 -0.3617922 0.6636121 -0.07848793 -0.3617922 0.6745322 0.09706205 -0.3399395 0.1054819 -0.2286159 -0.3617922 0.1054819 -0.2286159 -0.5802389 0.6300318 -0.1595577 -0.5802389 0.5770416 -0.2286159 -0.6020915 0.5770416 -0.2286159 -0.6020915 0.6300318 -0.1595577 -0.5802389 0.0524916 -0.1595577 -0.5802389 0.01891142 -0.07848793 -0.6020915 0.01891142 -0.07848793 -0.6020915 0.0524916 -0.1595577 -0.5802389 0.5079833 -0.2816063 -0.6020915 0.5079833 -0.2816063 -0.5802389 0.007991254 0.09706205 -0.6020915 0.007991254 0.09706205 -0.5802389 0.4275632 -0.3149174 -0.6020915 0.4275632 -0.3149174 -0.5802389 0.3412618 -0.3262791 -0.6020915 0.3412618 -0.3262791 -0.5802389 0.2549604 -0.3149174 -0.6020915 0.2549604 -0.3149174 -0.5802389 0.1745402 -0.2816063 -0.6020915 0.1745402 -0.2816063 -0.5802389 0.6745322 0.09706205 -0.5802389 0.6636121 -0.07848793 -0.6020915 0.6636121 -0.07848793 -0.6020915 0.6745322 0.09706205 -0.5802389 0.1054819 -0.2286159 -0.6020915 0.1054819 -0.2286159 -0.9295538 0.6188421 -0.1600723 -0.9295538 0.5679052 -0.2264547 -0.950505 0.5679052 -0.2264547 -0.950505 0.6188421 -0.1600723 -0.9295538 0.0636813 -0.1600723 -0.9295538 0.03139197 -0.08211886 -0.950505 0.03139197 -0.08211886 -0.950505 0.0636813 -0.1600723 -0.9295538 0.5015229 -0.2773916 -0.950505 0.5015229 -0.2773916 -0.9295538 0.02091205 0.08635348 -0.950505 0.02091205 0.08635348 -0.9295538 0.424219 -0.309412 -0.950505 0.424219 -0.309412 -0.9295538 0.3412618 -0.3203334 -0.950505 0.3412618 -0.3203334 -0.9295538 0.2583045 -0.309412 -0.950505 0.2583045 -0.309412 -0.9295538 0.1810007 -0.2773916 -0.950505 0.1810007 -0.2773916 -0.9295538 0.6616114 0.08635348 -0.9295538 0.6511315 -0.08211892 -0.950505 0.6511315 -0.08211892 -0.950505 0.6616114 0.08635348 -0.9295538 0.1146183 -0.2264547 -0.950505 0.1146183 -0.2264547 -0.7744414 -0.6300318 -0.1595577 -0.796294 -0.6300318 -0.1595577 -0.796294 -0.5770416 -0.2286159 -0.7744414 -0.5770416 -0.2286159 -0.7744414 -0.0524916 -0.1595577 -0.796294 -0.0524916 -0.1595577 -0.796294 -0.01891142 -0.07848793 -0.7744414 -0.01891142 -0.07848793 -0.796294 -0.5079833 -0.2816063 -0.7744414 -0.5079833 -0.2816063 -0.796294 -0.007991254 0.09706205 -0.7744414 -0.007991254 0.09706205 -0.796294 -0.4275632 -0.3149174 -0.7744414 -0.4275632 -0.3149174 -0.796294 -0.3412618 -0.3262791 -0.7744414 -0.3412618 -0.3262791 -0.796294 -0.2549604 -0.3149174 -0.7744414 -0.2549604 -0.3149174 -0.796294 -0.1745402 -0.2816063 -0.7744414 -0.1745402 -0.2816063 -0.7744414 -0.6745322 0.09706205 -0.796294 -0.6745322 0.09706205 -0.796294 -0.6636121 -0.07848793 -0.7744414 -0.6636121 -0.07848793 -0.796294 -0.1054819 -0.2286159 -0.7744414 -0.1054819 -0.2286159 -0.3399395 -0.6300318 -0.1595577 -0.3617922 -0.6300318 -0.1595577 -0.3617922 -0.5770416 -0.2286159 -0.3399395 -0.5770416 -0.2286159 -0.3399395 -0.0524916 -0.1595577 -0.3617922 -0.0524916 -0.1595577 -0.3617922 -0.01891142 -0.07848793 -0.3399395 -0.01891142 -0.07848793 -0.3617922 -0.5079833 -0.2816063 -0.3399395 -0.5079833 -0.2816063 -0.3617922 -0.007991254 0.09706205 -0.3399395 -0.007991254 0.09706205 -0.3617922 -0.4275632 -0.3149174 -0.3399395 -0.4275632 -0.3149174 -0.3617922 -0.3412618 -0.3262791 -0.3399395 -0.3412618 -0.3262791 -0.3617922 -0.2549604 -0.3149174 -0.3399395 -0.2549604 -0.3149174 -0.3617922 -0.1745402 -0.2816063 -0.3399395 -0.1745402 -0.2816063 -0.3399395 -0.6745322 0.09706205 -0.3617922 -0.6745322 0.09706205 -0.3617922 -0.6636121 -0.07848793 -0.3399395 -0.6636121 -0.07848793 -0.3617922 -0.1054819 -0.2286159 -0.3399395 -0.1054819 -0.2286159 -0.5802389 -0.6300318 -0.1595577 -0.6020915 -0.6300318 -0.1595577 -0.6020915 -0.5770416 -0.2286159 -0.5802389 -0.5770416 -0.2286159 -0.5802389 -0.0524916 -0.1595577 -0.6020915 -0.0524916 -0.1595577 -0.6020915 -0.01891142 -0.07848793 -0.5802389 -0.01891142 -0.07848793 -0.6020915 -0.5079833 -0.2816063 -0.5802389 -0.5079833 -0.2816063 -0.6020915 -0.007991254 0.09706205 -0.5802389 -0.007991254 0.09706205 -0.6020915 -0.4275632 -0.3149174 -0.5802389 -0.4275632 -0.3149174 -0.6020915 -0.3412618 -0.3262791 -0.5802389 -0.3412618 -0.3262791 -0.6020915 -0.2549604 -0.3149174 -0.5802389 -0.2549604 -0.3149174 -0.6020915 -0.1745402 -0.2816063 -0.5802389 -0.1745402 -0.2816063 -0.5802389 -0.6745322 0.09706205 -0.6020915 -0.6745322 0.09706205 -0.6020915 -0.6636121 -0.07848793 -0.5802389 -0.6636121 -0.07848793 -0.6020915 -0.1054819 -0.2286159 -0.5802389 -0.1054819 -0.2286159 -0.9295538 -0.6188421 -0.1600723 -0.950505 -0.6188421 -0.1600723 -0.950505 -0.5679052 -0.2264547 -0.9295538 -0.5679052 -0.2264547 -0.9295538 -0.0636813 -0.1600723 -0.950505 -0.0636813 -0.1600723 -0.950505 -0.03139197 -0.08211886 -0.9295538 -0.03139197 -0.08211886 -0.950505 -0.5015229 -0.2773916 -0.9295538 -0.5015229 -0.2773916 -0.950505 -0.02091205 0.08635348 -0.9295538 -0.02091205 0.08635348 -0.950505 -0.424219 -0.309412 -0.9295538 -0.424219 -0.309412 -0.950505 -0.3412618 -0.3203334 -0.9295538 -0.3412618 -0.3203334 -0.950505 -0.2583045 -0.309412 -0.9295538 -0.2583045 -0.309412 -0.950505 -0.1810007 -0.2773916 -0.9295538 -0.1810007 -0.2773916 -0.9295538 -0.6616114 0.08635348 -0.950505 -0.6616114 0.08635348 -0.950505 -0.6511315 -0.08211892 -0.9295538 -0.6511315 -0.08211892 -0.950505 -0.1146183 -0.2264547 -0.9295538 -0.1146183 -0.2264547 0.7744414 0.6300318 -0.1595577 0.796294 0.6300318 -0.1595577 0.796294 0.5770416 -0.2286159 0.7744414 0.5770416 -0.2286159 0.7744414 0.0524916 -0.1595577 0.796294 0.0524916 -0.1595577 0.796294 0.01891142 -0.07848793 0.7744414 0.01891142 -0.07848793 0.796294 0.5079833 -0.2816063 0.7744414 0.5079833 -0.2816063 0.796294 0.007991254 0.09706205 0.7744414 0.007991254 0.09706205 0.796294 0.4275632 -0.3149174 0.7744414 0.4275632 -0.3149174 0.796294 0.3412618 -0.3262791 0.7744414 0.3412618 -0.3262791 0.796294 0.2549604 -0.3149174 0.7744414 0.2549604 -0.3149174 0.796294 0.1745402 -0.2816063 0.7744414 0.1745402 -0.2816063 0.7744414 0.6745322 0.09706205 0.796294 0.6745322 0.09706205 0.796294 0.6636121 -0.07848793 0.7744414 0.6636121 -0.07848793 0.796294 0.1054819 -0.2286159 0.7744414 0.1054819 -0.2286159 0.3399395 0.6300318 -0.1595577 0.3617922 0.6300318 -0.1595577 0.3617922 0.5770416 -0.2286159 0.3399395 0.5770416 -0.2286159 0.3399395 0.0524916 -0.1595577 0.3617922 0.0524916 -0.1595577 0.3617922 0.01891142 -0.07848793 0.3399395 0.01891142 -0.07848793 0.3617922 0.5079833 -0.2816063 0.3399395 0.5079833 -0.2816063 0.3617922 0.007991254 0.09706205 0.3399395 0.007991254 0.09706205 0.3617922 0.4275632 -0.3149174 0.3399395 0.4275632 -0.3149174 0.3617922 0.3412618 -0.3262791 0.3399395 0.3412618 -0.3262791 0.3617922 0.2549604 -0.3149174 0.3399395 0.2549604 -0.3149174 0.3617922 0.1745402 -0.2816063 0.3399395 0.1745402 -0.2816063 0.3399395 0.6745322 0.09706205 0.3617922 0.6745322 0.09706205 0.3617922 0.6636121 -0.07848793 0.3399395 0.6636121 -0.07848793 0.3617922 0.1054819 -0.2286159 0.3399395 0.1054819 -0.2286159 0.5802389 0.6300318 -0.1595577 0.6020915 0.6300318 -0.1595577 0.6020915 0.5770416 -0.2286159 0.5802389 0.5770416 -0.2286159 0.5802389 0.0524916 -0.1595577 0.6020915 0.0524916 -0.1595577 0.6020915 0.01891142 -0.07848793 0.5802389 0.01891142 -0.07848793 0.6020915 0.5079833 -0.2816063 0.5802389 0.5079833 -0.2816063 0.6020915 0.007991254 0.09706205 0.5802389 0.007991254 0.09706205 0.6020915 0.4275632 -0.3149174 0.5802389 0.4275632 -0.3149174 0.6020915 0.3412618 -0.3262791 0.5802389 0.3412618 -0.3262791 0.6020915 0.2549604 -0.3149174 0.5802389 0.2549604 -0.3149174 0.6020915 0.1745402 -0.2816063 0.5802389 0.1745402 -0.2816063 0.5802389 0.6745322 0.09706205 0.6020915 0.6745322 0.09706205 0.6020915 0.6636121 -0.07848793 0.5802389 0.6636121 -0.07848793 0.6020915 0.1054819 -0.2286159 0.5802389 0.1054819 -0.2286159 0.9295538 0.6188421 -0.1600723 0.950505 0.6188421 -0.1600723 0.950505 0.5679052 -0.2264547 0.9295538 0.5679052 -0.2264547 0.9295538 0.0636813 -0.1600723 0.950505 0.0636813 -0.1600723 0.950505 0.03139197 -0.08211886 0.9295538 0.03139197 -0.08211886 0.950505 0.5015229 -0.2773916 0.9295538 0.5015229 -0.2773916 0.950505 0.02091205 0.08635348 0.9295538 0.02091205 0.08635348 0.950505 0.424219 -0.309412 0.9295538 0.424219 -0.309412 0.950505 0.3412618 -0.3203334 0.9295538 0.3412618 -0.3203334 0.950505 0.2583045 -0.309412 0.9295538 0.2583045 -0.309412 0.950505 0.1810007 -0.2773916 0.9295538 0.1810007 -0.2773916 0.9295538 0.6616114 0.08635348 0.950505 0.6616114 0.08635348 0.950505 0.6511315 -0.08211892 0.9295538 0.6511315 -0.08211892 0.950505 0.1146183 -0.2264547 0.9295538 0.1146183 -0.2264547 0.7744414 -0.6300318 -0.1595577 0.7744414 -0.5770416 -0.2286159 0.796294 -0.5770416 -0.2286159 0.796294 -0.6300318 -0.1595577 0.7744414 -0.0524916 -0.1595577 0.7744414 -0.01891142 -0.07848793 0.796294 -0.01891142 -0.07848793 0.796294 -0.0524916 -0.1595577 0.7744414 -0.5079833 -0.2816063 0.796294 -0.5079833 -0.2816063 0.7744414 -0.007991254 0.09706205 0.796294 -0.007991254 0.09706205 0.7744414 -0.4275632 -0.3149174 0.796294 -0.4275632 -0.3149174 0.7744414 -0.3412618 -0.3262791 0.796294 -0.3412618 -0.3262791 0.7744414 -0.2549604 -0.3149174 0.796294 -0.2549604 -0.3149174 0.7744414 -0.1745402 -0.2816063 0.796294 -0.1745402 -0.2816063 0.7744414 -0.6745322 0.09706205 0.7744414 -0.6636121 -0.07848793 0.796294 -0.6636121 -0.07848793 0.796294 -0.6745322 0.09706205 0.7744414 -0.1054819 -0.2286159 0.796294 -0.1054819 -0.2286159 0.3399395 -0.6300318 -0.1595577 0.3399395 -0.5770416 -0.2286159 0.3617922 -0.5770416 -0.2286159 0.3617922 -0.6300318 -0.1595577 0.3399395 -0.0524916 -0.1595577 0.3399395 -0.01891142 -0.07848793 0.3617922 -0.01891142 -0.07848793 0.3617922 -0.0524916 -0.1595577 0.3399395 -0.5079833 -0.2816063 0.3617922 -0.5079833 -0.2816063 0.3399395 -0.007991254 0.09706205 0.3617922 -0.007991254 0.09706205 0.3399395 -0.4275632 -0.3149174 0.3617922 -0.4275632 -0.3149174 0.3399395 -0.3412618 -0.3262791 0.3617922 -0.3412618 -0.3262791 0.3399395 -0.2549604 -0.3149174 0.3617922 -0.2549604 -0.3149174 0.3399395 -0.1745402 -0.2816063 0.3617922 -0.1745402 -0.2816063 0.3399395 -0.6745322 0.09706205 0.3399395 -0.6636121 -0.07848793 0.3617922 -0.6636121 -0.07848793 0.3617922 -0.6745322 0.09706205 0.3399395 -0.1054819 -0.2286159 0.3617922 -0.1054819 -0.2286159 0.5802389 -0.6300318 -0.1595577 0.5802389 -0.5770416 -0.2286159 0.6020915 -0.5770416 -0.2286159 0.6020915 -0.6300318 -0.1595577 0.5802389 -0.0524916 -0.1595577 0.5802389 -0.01891142 -0.07848793 0.6020915 -0.01891142 -0.07848793 0.6020915 -0.0524916 -0.1595577 0.5802389 -0.5079833 -0.2816063 0.6020915 -0.5079833 -0.2816063 0.5802389 -0.007991254 0.09706205 0.6020915 -0.007991254 0.09706205 0.5802389 -0.4275632 -0.3149174 0.6020915 -0.4275632 -0.3149174 0.5802389 -0.3412618 -0.3262791 0.6020915 -0.3412618 -0.3262791 0.5802389 -0.2549604 -0.3149174 0.6020915 -0.2549604 -0.3149174 0.5802389 -0.1745402 -0.2816063 0.6020915 -0.1745402 -0.2816063 0.5802389 -0.6745322 0.09706205 0.5802389 -0.6636121 -0.07848793 0.6020915 -0.6636121 -0.07848793 0.6020915 -0.6745322 0.09706205 0.5802389 -0.1054819 -0.2286159 0.6020915 -0.1054819 -0.2286159 0.9295538 -0.6188421 -0.1600723 0.9295538 -0.5679052 -0.2264547 0.950505 -0.5679052 -0.2264547 0.950505 -0.6188421 -0.1600723 0.9295538 -0.0636813 -0.1600723 0.9295538 -0.03139197 -0.08211886 0.950505 -0.03139197 -0.08211886 0.950505 -0.0636813 -0.1600723 0.9295538 -0.5015229 -0.2773916 0.950505 -0.5015229 -0.2773916 0.9295538 -0.02091205 0.08635348 0.950505 -0.02091205 0.08635348 0.9295538 -0.424219 -0.309412 0.950505 -0.424219 -0.309412 0.9295538 -0.3412618 -0.3203334 0.950505 -0.3412618 -0.3203334 0.9295538 -0.2583045 -0.309412 0.950505 -0.2583045 -0.309412 0.9295538 -0.1810007 -0.2773916 0.950505 -0.1810007 -0.2773916 0.9295538 -0.6616114 0.08635348 0.9295538 -0.6511315 -0.08211892 0.950505 -0.6511315 -0.08211892 0.950505 -0.6616114 0.08635348 0.9295538 -0.1146183 -0.2264547 0.950505 -0.1146183 -0.2264547 -0.3399395 0.007991313 0.2475738 -0.3617922 0.007991313 0.2475738 0.7744414 0.6745322 0.2475738 0.796294 0.6745322 0.2475738 0.3399395 -0.007991254 0.2475738 0.3617922 -0.007991254 0.2475738 -0.3617922 0.6745322 0.2475738 -0.3399395 0.6745322 0.2475738 -0.6020915 -0.007991254 0.2475738 -0.5802389 -0.007991254 0.2475738 0.3617922 -0.6745321 0.2475738 0.3399395 -0.6745321 0.2475738 -0.5802389 -0.6745321 0.2475738 -0.6020915 -0.6745321 0.2475738 0.950505 0.02091211 0.2368652 0.9295538 0.02091211 0.2368652 0.9295538 0.6616115 0.2368652 0.950505 0.6616115 0.2368652 -0.796294 -0.007991254 0.2475738 -0.7744414 -0.007991254 0.2475738 -0.7744414 -0.6745321 0.2475738 -0.796294 -0.6745321 0.2475738 0.3617922 0.007991313 0.2475738 0.3399395 0.007991313 0.2475738 -0.5802389 0.007991313 0.2475738 -0.6020915 0.007991313 0.2475738 0.3399395 0.6745322 0.2475738 0.3617922 0.6745322 0.2475738 0.5802389 -0.007991254 0.2475738 0.6020915 -0.007991254 0.2475738 -0.6020915 0.6745322 0.2475738 -0.5802389 0.6745322 0.2475738 -0.950505 -0.02091199 0.2368652 -0.9295538 -0.02091199 0.2368652 0.6020915 -0.6745321 0.2475738 0.5802389 -0.6745321 0.2475738 -0.9295538 -0.6616114 0.2368652 -0.950505 -0.6616114 0.2368652 -0.7744414 0.007991313 0.2475738 -0.796294 0.007991313 0.2475738 0.7744414 -0.007991254 0.2475738 0.796294 -0.007991254 0.2475738 -0.796294 0.6745322 0.2475738 -0.7744414 0.6745322 0.2475738 -0.3617922 -0.007991254 0.2475738 -0.3399395 -0.007991254 0.2475738 0.796294 -0.6745321 0.2475738 0.7744414 -0.6745321 0.2475738 -0.3399395 -0.6745321 0.2475738 -0.3617922 -0.6745321 0.2475738 0.6020915 0.007991313 0.2475738 0.5802389 0.007991313 0.2475738 -0.9295538 0.02091211 0.2368652 -0.950505 0.02091211 0.2368652 0.5802389 0.6745322 0.2475738 0.6020915 0.6745322 0.2475738 0.9295538 -0.02091199 0.2368652 0.950505 -0.02091199 0.2368652 -0.950505 0.6616115 0.2368652 -0.9295538 0.6616115 0.2368652 0.950505 -0.6616114 0.2368652 0.9295538 -0.6616114 0.2368652 0.796294 0.007991313 0.2475738 0.7744414 0.007991313 0.2475738</float_array>
          <technique_common>
            <accessor source="#Cylinder_004-mesh-positions-array" count="1424" stride="3">
              <param name="X" type="float"/>
              <param name="Y" type="float"/>
              <param name="Z" type="float"/>
            </accessor>
          </technique_common>
        </source>
        <source id="Cylinder_004-mesh-normals">
          <float_array id="Cylinder_004-mesh-normals-array" count="6141">0 -0.5 -0.8660255 0 -0.2588191 -0.9659259 0 -0.258819 -0.9659259 0 -0.5000014 -0.8660246 0 -0.2588207 -0.9659255 0 -0.707107 -0.7071067 0 -0.4999985 -0.8660264 0 -0.5000001 -0.8660255 0 -0.7071075 -0.7071062 0 -0.7071069 -0.7071067 0 -0.8660255 -0.5 0 -0.7071057 -0.7071079 0 0.9742539 -0.2254536 -0.08528727 0.9963495 -0.00371623 0 0.9995177 -0.03105747 0 0.8660255 -0.4999999 0 0.9742537 -0.2254546 0 0.7071075 -0.7071061 0 0.8660264 -0.4999985 0 0.5000002 -0.8660253 0 0.7071076 -0.707106 0 0.5000016 -0.8660245 0 0.2588198 -0.9659256 0 8.19296e-7 -1 0 0.2588198 -0.9659256 0 -0.258819 -0.9659259 0 8.755e-7 -1 0 -0.2588173 -0.9659264 0 -0.5 -0.8660256 0 -0.7071067 -0.707107 0 -0.8660253 -0.5000002 0 -0.8660246 -0.5000015 0 -0.9742534 -0.2254561 0 -0.9742542 -0.2254528 -0.08528733 -0.9963495 -0.003715634 0 -0.8660259 -0.4999993 0 -0.9742539 -0.2254539 0 -0.9742538 -0.2254539 0 -0.9995176 -0.03105747 0 -0.9742537 -0.2254551 0 -0.8660254 -0.5 0 -0.9995176 -0.03105747 0 -0.9995177 -0.03105741 0 0 -1 0 -1.71274e-6 -1 0 0 -1 0 0.2588182 -0.9659261 0 0.258819 -0.9659259 0 0.258819 -0.9659259 0 0.5000017 -0.8660244 0 0.4999987 -0.8660262 0 0.5000002 -0.8660254 0 0.7071069 -0.7071067 0 0.7071062 -0.7071075 0 0.7071068 -0.7071068 0 0.8660255 -0.5 0 0.8660245 -0.5000017 0 0.8660255 -0.4999998 0 0.9742539 -0.2254539 0 0.974254 -0.2254533 0 0.9742539 -0.2254539 0 0.9995176 -0.0310586 0 0.9995176 -0.03105729 0 0.9995177 -0.03105807 0 -0.5000017 -0.8660246 0 -0.2588208 -0.9659255 0 -1.95673e-6 -1 0 0.258817 -0.9659264 0 0.4999985 -0.8660263 0 0.7071058 -0.7071079 -0.2363911 -0.9628536 -0.130508 0 0.8660245 -0.5000018 0 -0.8660263 -0.4999985 0 -0.7071081 -0.7071055 -0.6655197 -0.7460107 0.02348554 -0.9772504 -0.2066279 -0.04781794 -0.9772504 0.2066279 -0.0478183 -0.9779089 0 -0.2090318 -0.7101477 0.4978404 -0.4978405 -0.8260745 0.4880573 -0.2817819 -0.7101482 0.6097275 -0.3520255 -0.8260737 0.2817811 -0.4880592 -0.7101485 0.3520254 -0.6097273 -0.7101479 0.1822234 -0.6800623 -0.7101478 1.82249e-6 -0.7040527 -0.8260746 0.1458587 -0.5443584 -0.7101477 -0.1822209 -0.680063 -0.8260741 -1.42136e-6 -0.5635616 -0.710148 -0.3520246 -0.6097282 -0.8260753 -0.1458619 -0.5443566 -0.710148 -0.4978401 -0.4978404 -0.8260747 -0.2817821 -0.4880569 -0.8260751 -0.4880568 -0.2817814 -0.7101481 -0.6097277 -0.3520253 -0.8606413 -0.4842248 -0.1575528 -0.7071179 -0.653271 -0.2705947 -0.860642 0.4842239 -0.1575528 -0.7071163 0.653273 -0.2705937 -0.6655153 0.7460147 0.02348554 -0.9800931 0.1984395 -0.006281733 -0.9779079 0.1810327 -0.1045148 -0.826076 0.3984968 -0.3984956 -0.9779099 0.1478023 -0.147807 -0.9779098 0.1045135 -0.1810232 -0.977909 0.05410194 -0.2019089 -0.9779096 -0.05410027 -0.2019059 -0.9779091 -0.1045141 -0.1810266 -0.9779091 -0.1478055 -0.1478085 -0.9779086 -0.1810305 -0.1045122 -0.9800933 -0.1984384 -0.006281852 -0.2363883 0.9628539 -0.130511 -0.7071166 0.705733 -0.04390043 0 -0.7933536 0.6087613 0 -0.7933542 0.6087604 0 -0.7933534 0.6087615 0 0.9238796 0.3826833 0 0.9238796 0.3826833 0 -0.6087611 0.7933537 0 -0.6087629 0.7933523 0 -0.6087607 0.793354 0 0.9980709 0.06208539 0 0.9980709 0.06208539 0 -0.3826838 0.9238794 0 -0.3826851 0.923879 0 -0.3826836 0.9238796 0 -0.1305254 0.9914451 0 -0.1305252 0.9914451 0 -0.1305254 0.991445 0 0.1305254 0.991445 0 0.1305254 0.9914451 0 0.1305254 0.991445 0 0.3826838 0.9238794 0 0.3826851 0.923879 0 0.3826836 0.9238796 0 -0.9980709 0.06208539 0 -0.998071 0.06208497 0 -0.9980709 0.06208544 0 0.6087611 0.7933536 0 0.6087629 0.7933523 0 0.6087607 0.793354 0 -0.9238795 0.3826838 0 -0.9238792 0.3826842 0 -0.9238796 0.3826836 0 0.7933533 0.6087615 0 0.7933534 0.6087614 0 0.7933534 0.6087615 0 -0.7933534 0.6087614 0 -0.7933535 0.6087612 0 -0.608762 0.7933529 0 0.9980709 0.06208539 0 0.998071 0.06208527 0 -0.3826842 0.9238792 0 -0.3826838 0.9238795 0 -0.3826844 0.9238792 0 0.3826842 0.9238792 0 0.3826838 0.9238795 0 0.3826844 0.9238792 0 -0.9980709 0.06208539 0 -0.998071 0.06208485 0 0.608762 0.7933529 0 0.608762 0.7933529 0 0.7933532 0.6087617 0 0.7933527 0.6087623 0 -0.7933531 0.6087617 0 -0.7933545 0.6087599 0 -0.7933529 0.6087622 0 0.9238795 0.3826837 0 0.9238799 0.3826828 0 0.9238793 0.3826839 0 -0.6087597 0.7933547 0 -0.6087623 0.7933527 0 -0.6087591 0.7933552 0 0.9980708 0.06208568 0 0.998071 0.06208503 0 0.9980709 0.06208574 0 -0.3826835 0.9238796 0 -0.3826855 0.9238787 0 -0.3826829 0.9238799 0 -0.1305248 0.9914451 0 -0.1305255 0.991445 0 -0.1305246 0.9914451 0 0.1305249 0.9914451 0 0.1305255 0.991445 0 0.1305248 0.9914451 0 0.3826833 0.9238796 0 0.3826857 0.9238787 0 0.3826827 0.9238799 0 -0.9980708 0.06208574 0 -0.998071 0.06208431 0 -0.9980709 0.06208592 0 0.6087596 0.7933548 0 0.6087623 0.7933527 0 0.6087589 0.7933554 0 -0.923879 0.3826846 0 -0.9238798 0.3826831 0 -0.9238789 0.382685 0 0.7933529 0.608762 0 0.793354 0.6087608 0 0.7933527 0.6087623 0 -0.7933529 0.608762 0 -0.7933548 0.6087596 0 -0.7933524 0.6087626 0 0.9238792 0.3826845 0 0.9238801 0.3826823 0 0.923879 0.382685 0 -0.6087595 0.793355 0 -0.6087633 0.793352 0 -0.6087585 0.7933557 0 0.9980708 0.06208568 0 0.9980708 0.06208562 0 0.9980709 0.06208568 0 -0.3826822 0.9238801 0 -0.3826851 0.9238789 0 -0.3826816 0.9238804 0 -0.130526 0.9914449 0 -0.1305251 0.991445 0 0.1305261 0.991445 0 0.1305252 0.9914451 0 0.3826823 0.92388 0 0.382685 0.9238789 0 0.3826817 0.9238803 0 -0.9980708 0.06208598 0 -0.9980709 0.06208598 0 0.6087591 0.7933552 0 0.6087629 0.7933524 0 0.6087581 0.793356 0 -0.923879 0.382685 0 -0.9238799 0.3826828 0 -0.9238788 0.3826855 0 0.793353 0.6087621 0 0.7933539 0.6087607 0 0.7933526 0.6087625 0 0.2588191 -0.9659259 0 0.5 -0.8660255 0 0.5000014 -0.8660246 0 0.2588207 -0.9659255 0 0.4999985 -0.8660264 0 0.7071069 -0.7071067 0 0.5000001 -0.8660255 0 0.7071075 -0.7071062 0 0.7071069 -0.7071067 0 0.7071057 -0.7071079 0 0.8660255 -0.4999999 -0.0852862 -0.9963496 -0.003715574 0 -0.9742539 -0.2254536 0 -0.9995176 -0.03105723 0 -0.9742537 -0.2254546 0 -0.8660255 -0.4999999 0 -0.8660263 -0.4999985 0 -0.7071075 -0.7071061 0 -0.5000002 -0.8660253 0 -0.5000016 -0.8660245 0 -0.2588198 -0.9659256 0 -0.2588198 -0.9659257 0 -8.181e-7 -1 0 0.258819 -0.9659259 0 0.2588173 -0.9659264 0 0.5 -0.8660256 0 0.7071067 -0.707107 0 0.8660253 -0.5000002 0 0.8660245 -0.5000016 0 0.9742534 -0.2254561 0 0.9742542 -0.2254527 -0.08528625 0.9963496 -0.003715932 0 0.9995176 -0.03105688 0 0.8660259 -0.4999993 0 0.8660254 -0.5 0 0.9742539 -0.2254539 0 0.9742538 -0.2254538 0 0.9995176 -0.03105819 0 0.9742537 -0.2254551 0 0.9995176 -0.03105777 0 0.9995177 -0.03105777 0 0 -1 0 1.71274e-6 -1 0 0 -1 0 -0.2588182 -0.9659261 0 -0.258819 -0.9659259 0 -0.5000017 -0.8660244 0 -0.5000002 -0.8660253 0 -0.4999986 -0.8660262 0 -0.7071069 -0.7071067 0 -0.7071069 -0.7071068 0 -0.7071062 -0.7071075 0 -0.8660255 -0.5 0 -0.8660245 -0.5000017 0 -0.8660255 -0.4999998 0 -0.9742538 -0.2254539 0 -0.9742541 -0.2254533 0 -0.9742538 -0.2254539 0 -0.9995176 -0.03105729 0 -0.9995176 -0.03105664 0 -0.9995176 -0.03105729 0 0.5000017 -0.8660244 0 -8.755e-7 -1 0 0.2588208 -0.9659255 0 1.95673e-6 -1 0 -0.258817 -0.9659264 0 -0.7071076 -0.707106 0 -0.4999985 -0.8660263 0 -0.7071058 -0.7071078 -0.2363911 0.9628536 -0.130508 0 -0.8660245 -0.5000017 0 0.8660263 -0.4999985 0 0.7071081 -0.7071055 -0.665512 0.7460176 0.02348536 -0.9779098 -0.1045135 -0.1810232 -0.9779099 -0.1478024 -0.147807 -0.9772506 -0.2066271 -0.04781806 -0.7101477 -0.4978404 -0.4978405 -0.8260745 -0.4880574 -0.2817819 -0.8260761 -0.3984968 -0.3984955 -0.8260736 -0.2817813 -0.4880592 -0.7101485 -0.3520254 -0.6097273 -0.7101479 -0.1822234 -0.6800623 -0.8260747 -0.1458588 -0.5443584 -0.7101478 -1.82249e-6 -0.7040527 -0.8260741 1.31372e-6 -0.5635616 -0.7101477 0.1822209 -0.680063 -0.8260753 0.1458618 -0.5443566 -0.710148 0.3520246 -0.6097282 -0.8260746 0.2817822 -0.4880568 -0.7101479 0.4978402 -0.4978404 -0.8260757 0.3984967 -0.3984964 -0.826075 0.4880567 -0.2817814 -0.710148 0.6097279 -0.3520252 -0.8606413 0.4842249 -0.1575527 -0.7071176 0.6532713 -0.2705946 -0.7101482 -0.6097275 -0.3520255 -0.8606418 -0.484224 -0.1575528 -0.6655167 -0.7460134 0.02348536 -0.9800933 -0.1984381 -0.006281733 -0.9779079 -0.1810327 -0.1045148 -0.9779089 -0.05410188 -0.2019089 -0.9779089 0 -0.2090318 -0.9779091 0.1045142 -0.1810266 -0.9779096 0.05409991 -0.2019059 -0.9779091 0.1478056 -0.1478084 -0.9772502 0.2066287 -0.04781818 -0.9779086 0.1810305 -0.1045122 -0.7071158 -0.7057337 -0.04390037 -0.236388 -0.9628539 -0.1305109 0 0.7933542 0.6087604 0 0.7933536 0.6087613 0 -0.9238796 0.3826833 0 -0.9238796 0.3826833 0 0.6087629 0.7933523 0 0.6087611 0.7933537 0 -0.9980709 0.06208539 0 -0.9980709 0.06208539 0 0.1305252 0.9914451 0 0.1305254 0.9914451 0 -0.1305254 0.9914451 0 -0.1305254 0.991445 0 0.998071 0.06208497 0 0.9980709 0.06208539 0 0.9980709 0.06208544 0 -0.6087629 0.7933523 0 -0.6087611 0.7933536 0 0.9238792 0.3826842 0 0.9238795 0.3826838 0 0.9238796 0.3826836 0 -0.7933534 0.6087614 0 -0.7933533 0.6087615 0 0.7933535 0.6087612 0 0.7933534 0.6087614 0 -0.998071 0.06208527 0 -0.9980709 0.06208539 0 0.998071 0.06208485 0 0.9980709 0.06208539 0 -0.608762 0.7933529 0 -0.7933527 0.6087623 0 -0.7933532 0.6087617 0 0.7933545 0.6087599 0 0.7933531 0.6087617 0 0.7933529 0.6087622 0 -0.9238799 0.3826828 0 -0.9238795 0.3826837 0 -0.9238793 0.3826839 0 0.6087597 0.7933547 0 0.6087591 0.7933552 0 -0.998071 0.06208503 0 -0.9980708 0.06208568 0 -0.9980709 0.06208574 0 0.3826855 0.9238787 0 0.3826835 0.9238796 0 0.3826829 0.9238799 0 0.1305255 0.991445 0 0.1305248 0.9914451 0 0.1305246 0.9914451 0 -0.1305255 0.991445 0 -0.1305249 0.9914451 0 -0.1305248 0.9914451 0 -0.3826857 0.9238787 0 -0.3826833 0.9238796 0 -0.3826827 0.9238799 0 0.998071 0.06208431 0 0.9980708 0.06208574 0 0.9980709 0.06208592 0 -0.6087596 0.7933548 0 -0.6087589 0.7933554 0 0.9238798 0.3826831 0 0.923879 0.3826846 0 0.9238789 0.382685 0 -0.793354 0.6087608 0 -0.7933527 0.6087623 0 0.7933548 0.6087596 0 0.7933524 0.6087626 0 -0.9238801 0.3826823 0 -0.9238792 0.3826845 0 -0.923879 0.382685 0 0.6087633 0.793352 0 0.6087595 0.793355 0 0.6087585 0.7933557 0 -0.9980708 0.06208562 0 -0.9980708 0.06208568 0 -0.9980709 0.06208568 0 0.3826851 0.9238789 0 0.3826822 0.9238801 0 0.3826816 0.9238804 0 0.130526 0.9914449 0 0.1305251 0.991445 0 -0.1305261 0.991445 0 -0.1305252 0.9914451 0 -0.382685 0.9238789 0 -0.3826823 0.92388 0 -0.3826817 0.9238803 0 0.9980708 0.06208598 0 0.9980709 0.06208598 0 -0.6087629 0.7933524 0 -0.6087591 0.7933552 0 -0.6087581 0.793356 0 0.9238799 0.3826828 0 0.923879 0.382685 0 0.9238788 0.3826855 0 -0.7933539 0.6087607 0 -0.793353 0.6087621 0 -0.7933526 0.6087625 0 -0.2588191 -0.9659259 0 -0.5 -0.8660255 0 -0.4999985 -0.8660264 0 -0.7071069 -0.7071067 0 -0.7071069 -0.7071067 0 -0.7071057 -0.7071079 0 -0.8660255 -0.4999999 0.08528727 0.9963495 -0.00371623 0 0.9742539 -0.2254536 0 0.9995177 -0.03105801 0 0.9742537 -0.2254546 0 0.8660255 -0.4999999 0 0.8660263 -0.4999985 0 0.7071075 -0.7071061 0 0.5000002 -0.8660253 0 0.5000016 -0.8660245 0 0.2588198 -0.9659256 0 0.2588198 -0.9659257 0 8.181e-7 -1 0 -0.258819 -0.9659259 0 -0.2588173 -0.9659264 0 -0.5 -0.8660256 0 -0.7071067 -0.707107 0 -0.8660253 -0.5000002 0 -0.8660245 -0.5000016 0 -0.9742534 -0.2254561 0 -0.9742542 -0.2254527 0.08528625 -0.9963496 -0.003715634 0 -0.9995176 -0.03105658 0 -0.8660259 -0.4999993 0 -0.8660254 -0.5 0 -0.9742539 -0.2254539 0 -0.9742538 -0.2254538 0 -0.9995176 -0.03105789 0 -0.9995176 -0.03105747 0 -0.9995177 -0.03105741 0 0 -1 0 0 -1 0 0.5000017 -0.8660244 0 0.5000002 -0.8660253 0 0.4999986 -0.8660262 0 0.7071069 -0.7071067 0 0.7071069 -0.7071068 0 0.8660255 -0.5 0 0.8660245 -0.5000017 0 0.8660255 -0.4999998 0 0.9742538 -0.2254539 0 0.9742541 -0.2254533 0 0.9742538 -0.2254539 0 0.9995177 -0.03105801 0 0.9995176 -0.03105711 0 0.9995177 -0.03105807 0 -0.5000017 -0.8660244 0 8.755e-7 -1 0 0.7071076 -0.707106 0 0.7071058 -0.7071078 0.2363911 -0.9628536 -0.130508 0 0.8660245 -0.5000017 0.6655167 -0.7460134 0.02348536 0.9779098 0.1045135 -0.1810232 0.9779099 0.1478024 -0.147807 0.9772506 0.2066271 -0.04781806 0.7101477 0.4978404 -0.4978405 0.8260745 0.4880574 -0.2817819 0.8260761 0.3984968 -0.3984955 0.8260736 0.2817813 -0.4880592 0.7101485 0.3520254 -0.6097273 0.7101479 0.1822234 -0.6800623 0.8260747 0.1458588 -0.5443584 0.7101478 1.82249e-6 -0.7040527 0.8260741 -1.31372e-6 -0.5635616 0.7101477 -0.1822209 -0.680063 0.8260753 -0.1458618 -0.5443566 0.710148 -0.3520246 -0.6097282 0.8260746 -0.2817822 -0.4880568 0.7101479 -0.4978402 -0.4978404 0.8260757 -0.3984967 -0.3984964 0.826075 -0.4880567 -0.2817814 0.710148 -0.6097279 -0.3520252 0.8606413 -0.4842249 -0.1575527 0.7071176 -0.6532713 -0.2705946 0.7101482 0.6097275 -0.3520255 0.8606418 0.484224 -0.1575528 0.6655151 0.7460148 0.02348554 0.9800922 0.1984434 -0.006281852 0.9779079 0.1810327 -0.1045148 0.9779089 0.05410188 -0.2019089 0.9779089 0 -0.2090318 0.9779091 -0.1045142 -0.1810266 0.9779096 -0.05409991 -0.2019059 0.9779091 -0.1478056 -0.1478084 0.9772502 -0.2066287 -0.04781818 0.9779086 -0.1810305 -0.1045122 0.7071158 0.7057337 -0.04390037 0.236388 0.9628539 -0.1305109 0 0.5 -0.8660255 0 0.2588191 -0.9659259 0 0.707107 -0.7071067 0 0.4999985 -0.8660264 0 0.7071069 -0.7071067 0 0.8660255 -0.5 0 0.7071057 -0.7071079 0 -0.9742539 -0.2254536 0.0852862 -0.9963496 -0.003715574 0 -0.9995177 -0.031057 0 -0.8660255 -0.4999999 0 -0.9742537 -0.2254546 0 -0.7071075 -0.7071061 0 -0.8660264 -0.4999985 0 -0.5000002 -0.8660253 0 -0.7071076 -0.707106 0 -0.5000016 -0.8660245 0 -0.2588198 -0.9659256 0 -8.19296e-7 -1 0 -0.2588198 -0.9659256 0 0.258819 -0.9659259 0 -8.755e-7 -1 0 0.2588173 -0.9659264 0 0.5 -0.8660256 0 0.7071067 -0.707107 0 0.8660253 -0.5000002 0 0.8660246 -0.5000015 0 0.9742534 -0.2254561 0 0.9742542 -0.2254528 0.08528733 0.9963495 -0.003715932 0 0.8660259 -0.4999993 0 0.9742539 -0.2254539 0 0.9742538 -0.2254539 0 0.9995176 -0.03105777 0 0.8660254 -0.5 0 0.9995176 -0.03105777 0 0.9995177 -0.03105777 0 0 -1 0 0 -1 0 -0.5000017 -0.8660244 0 -0.4999987 -0.8660262 0 -0.5000002 -0.8660254 0 -0.7071069 -0.7071067 0 -0.7071068 -0.7071068 0 -0.8660255 -0.5 0 -0.8660245 -0.5000017 0 -0.8660255 -0.4999998 0 -0.9742539 -0.2254539 0 -0.974254 -0.2254533 0 -0.9742539 -0.2254539 0 -0.9995176 -0.03105759 0 -0.9995176 -0.03105676 0 -0.9995176 -0.03105729 0 0.5000017 -0.8660246 0 -0.7071058 -0.7071079 0.2363911 0.9628536 -0.130508 0 -0.8660245 -0.5000018 0.6655151 0.7460149 0.02348554 0.9772504 0.2066279 -0.04781794 0.9772504 -0.2066279 -0.0478183 0.9779089 0 -0.2090318 0.7101477 -0.4978404 -0.4978405 0.8260745 -0.4880573 -0.2817819 0.7101482 -0.6097275 -0.3520255 0.8260737 -0.2817811 -0.4880592 0.7101485 -0.3520254 -0.6097273 0.7101479 -0.1822234 -0.6800623 0.7101478 -1.82249e-6 -0.7040527 0.8260746 -0.1458587 -0.5443584 0.7101477 0.1822209 -0.680063 0.8260741 1.42136e-6 -0.5635616 0.710148 0.3520246 -0.6097282 0.8260753 0.1458619 -0.5443566 0.710148 0.4978401 -0.4978404 0.8260747 0.2817821 -0.4880569 0.8260751 0.4880568 -0.2817814 0.7101481 0.6097277 -0.3520253 0.8606413 0.4842248 -0.1575528 0.7071179 0.653271 -0.2705947 0.860642 -0.4842239 -0.1575528 0.7071163 -0.653273 -0.2705937 0.6655169 -0.7460133 0.02348536 0.9800941 -0.1984341 -0.006281614 0.9779079 -0.1810327 -0.1045148 0.826076 -0.3984968 -0.3984956 0.9779099 -0.1478023 -0.147807 0.9779098 -0.1045135 -0.1810232 0.977909 -0.05410194 -0.2019089 0.9779096 0.05410027 -0.2019059 0.9779091 0.1045141 -0.1810266 0.9779091 0.1478055 -0.1478085 0.9779086 0.1810305 -0.1045122 0.9800922 0.1984437 -0.006281912 0.2363883 -0.9628539 -0.130511 0.7071166 -0.705733 -0.04390043 0 1 -3.31388e-7 -0.6454525 0.7638005 -3.85157e-7 -0.1119894 0.9937095 -8.2424e-7 0 1 -3.21019e-7 0.1119911 -0.9937093 1.6682e-7 -0.713999 0.7001467 -2.23957e-7 0.5773509 0.5773491 0.5773509 0.7139988 0.700147 -2.23957e-7 0.7139974 -0.7001485 0 -0.5773508 -0.5773482 0.5773518 -0.7139978 -0.7001481 0 0.7139989 -0.7001469 2.23957e-7 -0.577351 -0.577349 0.577351 -0.7139986 -0.7001472 2.23958e-7 -0.9808515 -0.1947569 0 -0.9808538 0.1947461 0 0.9808517 -0.1947568 0 0 1 -3.31537e-7 0 -1 6.63074e-7 0.7139989 -0.7001469 0 -0.5773503 -0.5773493 0.5773513 -0.7139985 -0.7001472 0 0.7139987 -0.700147 2.23958e-7 -0.5773509 -0.577349 0.5773509 -0.7139961 -0.7001497 2.23958e-7 -0.714 0.7001458 0 0.5773509 0.5773492 0.5773507 0.7139981 0.7001478 0 -0.1119912 0.9937093 -3.46211e-7 0 1 -1.65773e-7 0 -1 3.31546e-7 0 1 0 0 -1 0 -0.7139974 0.7001484 0 0.5773509 0.5773494 0.5773507 0.713998 0.7001478 0 -0.7139982 0.7001476 -2.09932e-7 0.5773504 0.5773501 0.5773503 0.713998 0.7001478 -2.07638e-7 0 1 0 0 -1 0 0 1 -3.72812e-7 -0.6454483 -0.763804 1.39501e-7 -0.9808517 -0.1947568 0 0.9800941 -0.1984344 -0.006281733 0.6454482 -0.7638042 2.13421e-7 0.7140043 -0.7001413 0 -0.5773501 -0.57735 0.5773508 -0.7139946 -0.7001512 0 0 -0.9995177 -0.031057 -0.1119894 -0.9937094 3.2005e-7 0 0.9995177 -0.03105735 0.1119894 0.9937094 -3.09632e-7 0.7139989 -0.7001469 2.23957e-7 -0.5773509 -0.577349 0.577351 -0.7139977 -0.7001481 2.23957e-7 0 -1 3.41739e-7 0 1 -3.31388e-7 0 -1 3.31379e-7 0.6454525 0.7638005 -3.85157e-7 0 1 -3.21027e-7 -0.7139992 0.7001466 0 -0.7139999 0.7001459 -2.23957e-7 0.5773509 0.5773491 0.5773508 0.713998 0.7001478 -2.23958e-7 0.9808515 -0.1947569 0 0 1 -1.65773e-7 -0.7139974 0.7001484 -2.2625e-7 0.5773508 0.5773493 0.5773507 0.713998 0.7001478 -2.23958e-7 0.7139996 -0.7001461 0 -0.577351 -0.5773477 0.5773521 0.7139971 -0.7001487 2.23957e-7 -0.7139977 -0.7001481 2.23958e-7 -0.6454422 -0.7638092 1.92962e-7 0.6454524 0.7638006 -2.68116e-7 0 1 -1.65773e-7 0 1 -1.65773e-7 0.7139972 -0.7001487 0 -0.7139977 -0.7001481 0 0.7139949 -0.700151 2.12225e-7 -0.5773504 -0.57735 0.5773505 -0.7140011 -0.7001447 2.07639e-7 -0.713999 0.7001467 0 0.7139964 0.7001494 0 0.1119894 0.9937095 -8.2424e-7 0 -1 3.5209e-7 0 1 -3.31379e-7 -0.9808537 0.1947462 0 -0.6454584 0.7637956 -2.27195e-7 0.6454482 -0.7638041 1.39501e-7 -0.7139983 0.7001475 0 0.5773504 0.5773503 0.5773501 0.1119912 -0.9937093 3.0176e-7 0 -1 3.521e-7 -0.713999 0.7001467 -2.23957e-7 0.713998 0.7001478 -2.23957e-7 0 -1 3.41739e-7 -0.1119911 -0.9937093 1.6682e-7 0 -1 3.3137e-7 0.7139989 -0.7001469 0 -0.5773515 -0.5773469 0.5773525 -0.7139962 -0.7001495 0 0.7139997 -0.7001461 2.23958e-7 -0.7139978 -0.7001481 2.23958e-7 -0.980093 0.1984397 -0.006281793 0 -1 3.31546e-7 -0.7139992 0.7001466 0 0.5773509 0.5773492 0.5773508 0.7139989 0.7001469 0 -0.713999 0.7001467 -2.26251e-7 0.7139963 0.7001495 -2.23958e-7 0 -1 3.31546e-7 0 -1 3.31546e-7 -0.7139982 0.7001476 -2.09934e-7 0.713998 0.7001478 -2.0764e-7 0.7139987 -0.700147 0 -0.577351 -0.5773479 0.5773519 -0.7139962 -0.7001497 0 0.7140013 -0.7001444 2.12229e-7 -0.7139946 -0.7001513 2.07639e-7 0 -1 3.72812e-7 0.9808538 0.1947461 0 0.9808537 0.1947462 0 0.7139949 -0.700151 0 -0.5773487 -0.577353 0.5773493 -0.7140041 -0.7001415 0 -0.7139983 0.7001475 0 0 1 -3.31388e-7 0 0.7933538 -0.6087609 0 0.7933531 -0.6087617 0 0.793353 -0.608762 0 -0.9238795 -0.3826835 0 0.6087616 -0.7933533 0 -0.998071 -0.06208509 0 -0.9980709 -0.0620855 0 -0.9980709 -0.06208556 0 0.382683 -0.9238797 0 0.3826842 -0.9238793 0 0.3826845 -0.9238792 0 0.1305252 -0.991445 0 0.1305252 -0.991445 0 0.1305252 -0.9914451 0 -0.1305252 -0.9914451 0 -0.1305253 -0.991445 0 -0.1305253 -0.991445 0 -0.382683 -0.9238798 0 -0.3826842 -0.9238793 0 -0.3826845 -0.9238792 0 0.998071 -0.06208521 0 0.998071 -0.06208479 0 0.9980709 -0.06208479 0 -0.6087617 -0.7933531 0 -0.6087616 -0.7933533 0 -0.6087615 -0.7933533 0 0.9238791 -0.3826845 0 0.9238793 -0.382684 0 0.9238795 -0.3826839 0 -0.7933536 -0.6087611 0 -0.7933524 -0.6087626 0 -0.7933523 -0.608763 0 0.7933533 -0.6087615 0 0.7933536 -0.6087611 0 0.7933537 -0.608761 0 -0.9238796 -0.3826834 0 -0.9238798 -0.3826829 0 -0.9238799 -0.3826828 0 -0.998071 -0.06208533 0 -0.998071 -0.06208533 0 -0.998071 -0.06208533 0 0.3826836 -0.9238795 0 0.3826836 -0.9238795 0 -0.3826836 -0.9238795 0 -0.3826836 -0.9238795 0 -0.3826836 -0.9238795 0 0.9980709 -0.06208539 0 0.998071 -0.06208461 0 0.998071 -0.06208455 0 -0.7933537 -0.608761 0 -0.7933531 -0.6087619 0 -0.7933529 -0.608762 0 0.7933541 -0.6087604 0 0.7933528 -0.6087622 0 0.7933525 -0.6087626 0 -0.9238798 -0.3826828 0 -0.9238795 -0.3826838 0 -0.9238793 -0.382684 0 0.6087624 -0.7933527 0 0.6087616 -0.7933534 0 0.6087613 -0.7933534 0 -0.998071 -0.06208515 0 -0.9980709 -0.06208539 0 -0.9980709 -0.06208539 0 0.3826838 -0.9238793 0 0.3826838 -0.9238794 0 0.1305255 -0.991445 0 0.1305251 -0.991445 0 0.130525 -0.9914451 0 -0.1305256 -0.991445 0 -0.1305252 -0.991445 0 -0.1305251 -0.991445 0 -0.3826836 -0.9238795 0 -0.3826835 -0.9238795 0 -0.3826835 -0.9238795 0 0.998071 -0.06208497 0 0.998071 -0.06208479 0 -0.6087626 -0.7933526 0 -0.6087616 -0.7933533 0 -0.6087613 -0.7933534 0 0.9238793 -0.3826839 0 0.9238792 -0.3826843 0 0.9238792 -0.3826844 0 -0.7933531 -0.6087618 0 -0.793353 -0.6087619 0 0.7933537 -0.6087611 0 0.7933532 -0.6087616 0 -0.9238801 -0.3826822 0 -0.9238792 -0.3826843 0 -0.923879 -0.3826848 0 0.6087635 -0.7933518 0 0.6087601 -0.7933544 0 0.6087594 -0.793355 0 -0.9980709 -0.06208556 0 -0.9980709 -0.06208556 0 -0.9980708 -0.06208556 0 0.3826837 -0.9238795 0 0.3826825 -0.92388 0 0.3826822 -0.9238801 0 0.1305257 -0.991445 0 0.1305256 -0.991445 0 0.1305256 -0.991445 0 -0.1305258 -0.991445 0 -0.1305258 -0.991445 0 -0.1305258 -0.991445 0 -0.3826836 -0.9238795 0 -0.3826825 -0.92388 0 -0.3826822 -0.9238801 0 0.9980709 -0.06208598 0 0.9980709 -0.06208556 0 0.9980708 -0.0620855 0 -0.6087634 -0.7933519 0 -0.6087598 -0.7933548 0 -0.6087589 -0.7933554 0 0.9238799 -0.3826825 0 0.9238789 -0.3826852 0 0.9238786 -0.3826858 0 -0.7933534 -0.6087613 0 -0.7933524 -0.6087628 0 -0.7933521 -0.608763 0 -0.7933531 -0.6087617 0 -0.7933538 -0.6087609 0 -0.793353 -0.608762 0 0.9238795 -0.3826835 0 0.9980709 -0.0620855 0 0.998071 -0.06208509 0 0.9980709 -0.06208556 0 -0.382683 -0.9238797 0 -0.1305252 -0.991445 0 -0.1305252 -0.9914451 0 0.1305253 -0.991445 0 0.1305252 -0.9914451 0 0.1305253 -0.991445 0 0.382683 -0.9238798 0 -0.998071 -0.06208479 0 -0.998071 -0.06208521 0 -0.9980709 -0.06208479 0 0.6087616 -0.7933533 0 0.6087617 -0.7933531 0 0.6087615 -0.7933533 0 -0.9238791 -0.3826845 0 -0.9238795 -0.3826839 0 0.7933524 -0.6087626 0 0.7933536 -0.6087611 0 0.7933523 -0.608763 0 -0.7933536 -0.6087611 0 -0.7933533 -0.6087615 0 0.9238798 -0.3826829 0 0.9238796 -0.3826834 0 0.9238799 -0.3826828 0 0.998071 -0.06208533 0 0.998071 -0.06208533 0 0.998071 -0.06208533 0 0.3826836 -0.9238795 0 0.3826836 -0.9238795 0 -0.998071 -0.06208461 0 -0.9980709 -0.06208539 0 -0.998071 -0.06208455 0 0.7933531 -0.6087619 0 0.7933529 -0.608762 0 -0.7933528 -0.6087622 0 -0.7933541 -0.6087604 0 -0.7933525 -0.6087626 0 0.9238795 -0.3826838 0 0.9238798 -0.3826828 0 -0.6087616 -0.7933534 0 -0.6087624 -0.7933527 0 0.9980709 -0.06208539 0 0.998071 -0.06208515 0 0.9980709 -0.06208539 0 -0.3826838 -0.9238793 0 -0.3826838 -0.9238794 0 -0.1305251 -0.991445 0 -0.1305255 -0.991445 0 -0.130525 -0.9914451 0 0.1305256 -0.991445 0 0.1305251 -0.991445 0 0.3826835 -0.9238795 0 0.3826835 -0.9238795 0 -0.998071 -0.06208479 0 -0.998071 -0.06208497 0 0.6087626 -0.7933526 0 -0.9238793 -0.3826839 0 -0.9238792 -0.3826844 0 0.7933531 -0.6087618 0 0.793353 -0.6087619 0 -0.7933532 -0.6087616 0 -0.7933537 -0.6087611 0 0.9238801 -0.3826822 0 0.923879 -0.3826848 0 -0.6087601 -0.7933544 0 -0.6087635 -0.7933518 0 -0.6087594 -0.793355 0 0.9980709 -0.06208556 0 0.9980709 -0.06208556 0 0.9980708 -0.06208556 0 -0.3826837 -0.9238795 0 -0.1305256 -0.991445 0 -0.1305257 -0.991445 0 -0.1305256 -0.991445 0 0.1305258 -0.991445 0 0.1305258 -0.991445 0 0.1305258 -0.991445 0 0.3826836 -0.9238795 0 -0.9980709 -0.06208556 0 -0.9980709 -0.06208598 0 -0.9980708 -0.0620855 0 0.6087598 -0.7933548 0 0.6087634 -0.7933519 0 0.6087589 -0.7933554 0 -0.9238789 -0.3826852 0 -0.9238799 -0.3826825 0 -0.9238786 -0.3826858 0 0.7933524 -0.6087628 0 0.7933534 -0.6087613 0 0.7933521 -0.608763 0.5773409 -0.5773385 0.5773714 -0.7000186 -0.7141246 2.27485e-7 0.7000168 -0.7141265 2.27485e-7 -0.5773409 0.5773394 0.5773706 0.7000205 0.7141228 0 -0.7000178 0.7141255 0 -0.5773407 0.5773388 0.5773713 0.7000188 0.7141245 -2.33224e-7 -0.7000169 0.7141263 -2.33804e-7 -0.5773413 0.5773385 0.5773711 0.7000188 0.7141245 0 -0.7000169 0.7141263 0 -0.577341 0.5773384 0.5773715 0.7000189 0.7141244 -2.34384e-7 -0.7000195 0.7141237 -2.33805e-7 0.5773409 -0.5773383 0.5773716 -0.7000178 -0.7141255 0 0.7000176 -0.7141256 0 0.577341 -0.5773382 0.5773717 -0.7000204 -0.7141228 0 0.7000176 -0.7141256 0 0.5773402 -0.5773389 0.5773718 -0.7000179 -0.7141253 2.25251e-7 0.7000176 -0.7141256 2.2409e-7 -0.5773406 0.5773388 0.5773715 0.700011 0.7141321 0 -0.7000211 0.7141222 0 -0.5773408 0.5773387 0.5773714 -0.7000178 0.7141255 -2.33804e-7 -0.7000186 -0.7141246 0 0.577341 -0.5773385 0.5773715 -0.7000178 -0.7141255 2.27485e-7 0.7000176 -0.7141256 2.27485e-7 0.577341 -0.5773383 0.5773715 -0.7000204 -0.7141228 2.21168e-7 0.7000176 -0.7141256 2.21167e-7 -0.5773406 0.5773398 0.5773704 0.7000179 0.7141253 0 -0.5773409 0.5773386 0.5773715 0.7000206 0.7141227 -2.34386e-7 -0.7000178 0.7141255 -2.33806e-7 -0.5773413 0.5773383 0.5773713 0.7000206 0.7141227 0 -0.5773399 0.5773395 0.5773715 0.7000213 0.7141219 -2.36113e-7 -0.7000141 0.714129 -2.37271e-7 0.5773411 -0.577338 0.5773717 -0.7000187 -0.7141245 0 0.7000194 -0.714124 0 0.5773402 -0.5773388 0.5773718 -0.7000179 -0.7141254 0 -0.5773403 0.5773404 0.5773701 -0.7000195 0.7141237 0 0.7000179 0.7141253 -2.33224e-7 0.5773409 -0.5773384 0.5773715 0.7000167 -0.7141265 0 0.5773411 -0.5773382 0.5773717 -0.7000188 -0.7141245 2.21166e-7 0.7000194 -0.7141239 2.21167e-7 -0.7000179 -0.7141253 2.25252e-7 0.7000176 -0.7141256 2.24092e-7 -0.5773408 0.5773394 0.5773708 0.7000189 0.7141244 0 -0.7000195 0.7141238 0 -0.5773402 0.5773388 0.5773718 0.7000144 0.7141288 -2.36112e-7 -0.700021 0.7141222 -2.37275e-7 -0.5773414 0.577337 0.5773724 0.7000214 0.7141219 0 -0.7000107 0.7141324 0 -0.7000179 -0.7141254 0 -0.5773395 0.5773397 0.5773717 -1 3.37716e-7 0 -1 1.97647e-6 0 -1 2.37561e-6 0 1 -3.81439e-7 0 1 -2.38711e-6 0 1 0 0 1 1.84736e-6 0 1 3.45685e-7 0 0.5773392 -0.5773395 0.5773722 -1 -7.26873e-6 0 -1 4.92846e-7 0 -1 -8.83019e-6 0 1 -2.33489e-7 0 1 -1.43227e-6 0 1 -1.70823e-6 0 1 3.11318e-7 0 1 1.90968e-6 0 -1 0 0 -1 -1.17193e-6 0 -1 -1.27121e-6 0 1 -1.55659e-7 0 1 -9.54845e-7 0 1 -1.13882e-6 0 1 3.38339e-6 0 1 -1.21832e-6 0 1 4.27968e-6 0 1 1.55659e-7 0 1 9.54843e-7 0 1 1.13881e-6 0 1 2.28863e-7 0 1 1.43226e-6 0 1 -3.06182e-7 0 1 8.6842e-7 0 1 -5.34961e-7 0 1 7.50846e-6 0 1 -4.93995e-6 0 1 -6.02621e-6 0 1 3.06181e-7 0 1 -8.6842e-7 0 1 -1.13881e-6 0 -1 7.70419e-6 0 -1 -2.21524e-6 0 -1 -3.08082e-6 0 1 -1.55659e-7 0 1 -9.54841e-7 0 -1 -6.59031e-6 0 -1 3.40257e-6 0 -1 -8.49076e-6 0 1 1.55659e-7 0 1 9.54841e-7 0 1 1.13881e-6 0 -1 -1.55659e-7 0 -1 -9.54845e-7 0 -1 -1.13882e-6 0 1 -1.55659e-7 0 1 -9.54842e-7 0 1 -1.13881e-6 0 -1 -1.55659e-7 0 -1 -9.54845e-7 0 -1 -1.13882e-6 0 1 1.52575e-7 0 1 9.54843e-7 0 1 1.13881e-6 0 -1 0 0 1 7.69181e-6 0 1 -2.38749e-6 0 1 8.47189e-6 0 -1 -6.12363e-7 0 -1 1.73684e-6 0 -1 -1.06992e-6 0 -1 6.12363e-7 0 -1 -1.73684e-6 0 -1 -2.27762e-6 0 -1 4.66976e-7 0 -1 2.86452e-6 0 -1 3.41644e-6 0 -1 1.55659e-7 0 -1 9.54842e-7 0 -1 1.13881e-6 0 0.5773399 -0.5773398 0.5773712 -0.5773398 0.57734 0.577371 -1 -7.70419e-6 0 -1 2.21524e-6 0 -1 -8.47189e-6 0 -0.5773399 0.57734 0.5773711 0.5773395 -0.5773394 0.5773719 -0.5773396 0.5773398 0.5773714 -1 -5.9931e-7 0 -1 -7.97562e-6 0 -1 -7.43425e-6 0 -1 -4.95386e-7 0 -1 1.18781e-6 0 -1 5.06575e-7 0 -1 2.9647e-6 0 -1 -3.37717e-7 0 -1 -1.97647e-6 0 -1 3.37715e-7 0 -1 1.97647e-6 0 -1 2.37561e-6 0 -1 -3.37716e-7 0 -1 -1.97647e-6 0 1 -2.02785e-6 0 1 -8.63355e-7 0 1 -2.11797e-6 0 1 -1.52576e-7 0 1 -9.54844e-7 0 1 -1.13882e-6 0 -1 3.37716e-7 0 -1 1.97647e-6 0 1 1.69169e-6 0 1 -6.09162e-7 0 1 2.13984e-6 0 -1 -5.06574e-7 0 -1 -2.9647e-6 0 -1 -3.56342e-6 0 -1 -1.65513e-7 0 -1 -9.88234e-7 0 1 0 0 1 -4.77421e-7 0 -1 0 0 -1 -9.44052e-7 0 -1 -1.02403e-6 0 1 -7.47263e-6 0 1 9.20678e-6 0 1 1.07347e-5 0 0.5773404 -0.5773377 0.5773728 1 7.26873e-6 0 1 -4.92849e-7 0 1 8.83019e-6 0 1 0 0 1 4.7742e-7 0 1 5.69406e-7 0 1 -3.37717e-7 0 1 -1.97647e-6 0 1 -2.37561e-6 0 1 1.92518e-6 0 1 8.23105e-7 0 1 2.13984e-6 0 0.5773392 -0.57734 0.5773716 -1 -7.50846e-6 0 -1 4.93996e-6 0 -1 6.02621e-6 0 1 5.06575e-7 0 1 2.96471e-6 0 1 3.56342e-6 0 -1 3.05151e-7 0 -1 1.90969e-6 0 1 -3.37716e-7 0 1 -1.97647e-6 0 1 -2.37561e-6 0 1 0 0 1 -2.38711e-7 0 -1 3.11318e-7 0 -1 1.90969e-6 0 -1 2.27763e-6 0 1 2.02785e-6 0 1 8.63355e-7 0 1 7.6174e-7 0 -1 -3.11318e-7 0 -1 -1.90969e-6 0 -1 -2.27763e-6 0 -1 3.91396e-6 0 -1 -2.4636e-7 0 -1 -6.09392e-7 0 0.5773378 -0.5773425 0.5773708 -1 -1.84736e-6 0 -1 -3.45684e-7 0 1 3.37715e-7 0 1 1.97646e-6 0 -1 7.68021e-7 0 -1 -7.81999e-7 0 -1 1.06992e-6 0 1 -3.37716e-7 0 1 -1.97647e-6 0 1 -2.37561e-6 0 -1 -7.68021e-7 0 -1 7.81999e-7 0 -1 1.13881e-6 0 1 5.06573e-7 0 1 2.9647e-6 0 1 3.56342e-6 0 -1 1.69169e-6 0 -1 -6.09163e-7 0 -1 1.84736e-6 0 -1 3.45685e-7 0 -1 2.13984e-6 0 1 -7.26873e-6 0 1 4.92846e-7 0 1 2.37561e-6 0 -1 3.11318e-7 0 -1 1.90968e-6 0 -1 2.27763e-6 0 1 0 0 1 -1.17193e-6 0 -1 3.38339e-6 0 -1 -1.21832e-6 0 -1 -2.27763e-6 0 -1 2.28863e-7 0 -1 1.43226e-6 0 -1 1.70822e-6 0 -1 7.50846e-6 0 -1 -4.93995e-6 0 -1 8.47189e-6 0 1 7.70419e-6 0 1 -2.21524e-6 0 1 8.47189e-6 0 -1 -3.11318e-7 0 -1 -1.90968e-6 0 1 -6.59031e-6 0 1 3.40257e-6 0 1 5.69408e-6 0 1 -1.55659e-7 0 1 -9.54845e-7 0 -1 -3.91396e-6 0 -1 2.46358e-7 0 -1 -4.23595e-6 0 1 -6.12363e-7 0 1 1.73684e-6 0 1 2.27762e-6 0 1 6.12363e-7 0 1 -1.73684e-6 0 1 1.06992e-6 0 0.5773399 -0.5773397 0.5773712 1 4.66976e-7 0 1 2.86452e-6 0 1 1.55659e-7 0 1 9.54842e-7 0 1 -7.70419e-6 0 1 2.21524e-6 0 1 3.08081e-6 0 1 -3.83072e-6 0 1 1.40515e-6 0 1 -4.23595e-6 0 1 3.21887e-6 0 1 -2.1787e-6 0 1 -3.41645e-6 0 1 -1.53603e-6 0 1 1.56401e-6 0 1 -2.13983e-6 0 -0.5773508 -0.5773499 0.5773501 -0.5773399 0.57734 0.5773711 1 1.55658e-7 0 1 9.54841e-7 0 1 1.13881e-6 0 1 -1.55658e-7 0 0.5773503 0.577352 0.5773486 1 7.50846e-6 0 1 -4.93996e-6 0 1 -6.02621e-6 0 1 -3.05151e-7 0 1 -1.90969e-6 0 1 -9.54841e-7 0 0.5773507 0.5773501 0.57735 1 -3.11318e-7 0 1 -1.90969e-6 0 1 -2.27763e-6 0 -1 -2.02785e-6 0 -1 -8.63355e-7 0 -1 -7.61741e-7 0 1 -3.38339e-6 0 1 1.21832e-6 0 1 -4.27968e-6 0 1 3.11318e-7 0 1 1.90969e-6 0 1 2.27763e-6 0 -1 -1.52576e-7 0 -1 -9.54844e-7 0 1 -3.37145e-6 0 1 1.22386e-6 0 1 -4.24538e-6 0 1 1.84736e-6 0 1 3.45684e-7 0 -1 1.69169e-6 0 -1 -6.09162e-7 0 1 3.83072e-6 0 1 -1.40514e-6 0 1 -1.86203e-6 0 1 -7.68021e-7 0 1 7.81999e-7 0 1 -1.06992e-6 0 -1 7.69181e-6 0 -1 -2.38749e-6 0 -1 -3.26702e-6 0 1 7.68021e-7 0 1 -7.81999e-7 0 -1 0 0 -1 -4.77421e-7 0 -1 -5.69407e-7 0 -1 3.81439e-7 0 -1 2.38711e-6 0 1 -1.84736e-6 0 1 -3.45685e-7 0 1 -2.13984e-6 0 -1 2.33489e-7 0 -1 1.43227e-6 0 -1 1.70823e-6 0 1 -3.11318e-7 0 1 -1.90968e-6 0 1 -2.27763e-6 0 -1 1.55659e-7 0 -1 9.54845e-7 0 -1 1.13882e-6 0 1 2.27763e-6 0 -1 0 0 -1 4.7742e-7 0 -1 -1.55659e-7 0 -1 -9.54843e-7 0 -1 -1.13881e-6 0 1 -2.28863e-7 0 1 -1.43226e-6 0 1 -1.70822e-6 0 -1 1.92518e-6 0 -1 8.23105e-7 0 -1 5.69407e-7 0 -1 3.06182e-7 0 -1 -8.6842e-7 0 -1 5.34961e-7 0 1 -7.50846e-6 0 1 4.93995e-6 0 1 -8.47189e-6 0 -1 -1.55659e-7 0 -1 -9.54842e-7 0 -1 -1.13881e-6 0 -1 -3.06181e-7 0 -1 8.6842e-7 0 0.5773506 0.5773513 0.5773489 0.57734 -0.5773385 0.5773724 -1 -7.70419e-6 0 -1 2.21524e-6 0 -1 0 0 -1 -2.38711e-7 0 -1 -2.84704e-7 0 -1 1.55659e-7 0 -1 9.54841e-7 0 -1 6.59031e-6 0 -1 -3.40257e-6 0 -1 -5.69408e-6 0 -1 2.02785e-6 0 -1 8.63355e-7 0 -1 2.11797e-6 0 -1 -1.55659e-7 0 -1 -9.54841e-7 0 -1 -1.13881e-6 0 0.5773507 0.5773502 0.57735 -1 1.55659e-7 0 -1 9.54845e-7 0 1 3.91396e-6 0 1 -2.4636e-7 0 1 4.23595e-6 0 -1 -1.52575e-7 0 -1 -9.54843e-7 0 -1 -1.13881e-6 0 -0.5773508 -0.5773499 0.5773501 -1 -7.69181e-6 0 -1 2.38749e-6 0 -1 -8.47189e-6 0 -1 6.12363e-7 0 -1 -1.73684e-6 0 1 1.69169e-6 0 1 -6.09163e-7 0 1 2.13983e-6 0 -1 -6.12363e-7 0 -1 1.73684e-6 0 -1 -4.66976e-7 0 -1 -2.86452e-6 0 -1 7.70419e-6 0 -1 -2.21524e-6 0 -1 -3.08081e-6 0 1 -3.11318e-7 0 1 -1.90968e-6 0 -0.5773509 -0.5773497 0.5773503 1 -3.91396e-6 0 1 2.46358e-7 0 1 6.09392e-7 0 1 8.14533e-6 0 1 -2.54556e-7 0 1 8.8278e-6 0 1 7.43425e-6 0 1 4.95386e-7 0 1 -1.18781e-6 0 1 -5.06575e-7 0 1 -2.9647e-6 0 0.577352 0.5773482 0.5773507 1 3.37717e-7 0 1 1.97647e-6 0 1 -3.37715e-7 0 1 -1.97647e-6 0 1 -2.37561e-6 0 1 3.37716e-7 0 1 1.97647e-6 0 1 2.02785e-6 0 1 8.63355e-7 0 1 7.61741e-7 0 1 1.52576e-7 0 1 9.54844e-7 0 1 -1.69169e-6 0 1 6.09162e-7 0 1 1.13882e-6 0 -1 -3.83072e-6 0 -1 1.40515e-6 0 -1 1.86203e-6 0 1 5.06574e-7 0 1 2.9647e-6 0 1 1.55659e-7 0 1 9.54845e-7 0 1 1.13882e-6 0 -1 3.21887e-6 0 -1 -2.1787e-6 0 -1 4.24538e-6 0 1 1.65513e-7 0 1 9.88234e-7 0 1 0 0 1 4.77421e-7 0 1 5.69407e-7 0 1 -5.99312e-7 0 1 -7.97561e-6 0 1 -8.65132e-6 0 -1 -1.53603e-6 0 -1 1.56401e-6 0 -1 2.27763e-6 0 -1 0 0 -1 -1.17193e-6 0 -1 -1.27122e-6 0 -1 -7.26873e-6 0 -1 4.92849e-7 0 -1 -8.83019e-6 0 1 0 0 1 -4.7742e-7 0 -1 1.55658e-7 0 -1 3.37717e-7 0 -1 1.97647e-6 0 -1 2.37561e-6 0 1 -1.92518e-6 0 1 -8.23105e-7 0 1 -5.69407e-7 0 -1 -1.55658e-7 0 -1 -9.54841e-7 0 -1 -1.13881e-6 0 -1 7.50846e-6 0 -1 -4.93996e-6 0 -1 -5.06575e-7 0 -1 -2.96471e-6 0 -1 -3.56342e-6 0 1 1.13881e-6 0 -1 -3.05151e-7 0 -1 -1.90969e-6 0 -1 -2.27763e-6 0 -1 3.37716e-7 0 -1 1.97647e-6 0 -1 2.37561e-6 0 -0.5773509 -0.5773499 0.5773502 1 0 0 1 2.38711e-7 0 1 2.84704e-7 0 -1 -3.11318e-7 0 -1 -1.90969e-6 0 1 -2.02785e-6 0 1 -8.63355e-7 0 -1 -3.38339e-6 0 -1 1.21832e-6 0 -1 2.27763e-6 0 -1 3.11318e-7 0 -1 1.90969e-6 0 -0.5773508 -0.57735 0.5773501 -1 -3.91396e-6 0 -1 2.4636e-7 0 -1 -3.37145e-6 0 -1 1.22386e-6 0 -1 2.27763e-6 0 -1 1.84736e-6 0 -1 3.45684e-7 0 -1 -3.37715e-7 0 -1 -1.97646e-6 0 -1 3.83072e-6 0 -1 -1.40514e-6 0 -1 4.23595e-6 0 -1 -7.68021e-7 0 -1 7.81999e-7 0 -1 2.37561e-6 0 1 7.69181e-6 0 1 -2.38749e-6 0 -1 7.68021e-7 0 -1 -7.81999e-7 0 -1 -5.06573e-7 0 -1 -2.9647e-6 0 -1 -1.69169e-6 0 -1 6.09163e-7 0 -1 -2.13983e-6 0 1 3.81439e-7 0 1 2.38711e-6 0 1 2.84704e-6 0 -1 -1.84736e-6 0 -1 -3.45685e-7 0 -1 7.26873e-6 0 -1 -4.92846e-7 0 -1 -2.37561e-6 0 1 2.33489e-7 0 1 1.43227e-6 0 -1 -3.11318e-7 0 -1 -1.90968e-6 0 -1 7.43636e-7 0 -1 9.89627e-6 0 -0.5773509 -0.5773497 0.5773502 -1 -4.27968e-6 0 1 -1.55659e-7 0 1 -9.54843e-7 0 -1 -2.28863e-7 0 -1 -1.43226e-6 0 0.5773512 0.57735 0.5773496 1 3.06182e-7 0 1 -8.6842e-7 0 -1 -7.50846e-6 0 -1 4.93995e-6 0 -1 6.02621e-6 0 1 -3.06181e-7 0 1 8.6842e-7 0 1 -7.70419e-6 0 1 2.21524e-6 0 1 3.08082e-6 0 0.5773507 0.57735 0.5773501 -1 3.11318e-7 0 -1 1.90968e-6 0 1 1.13881e-6 0 1 6.59031e-6 0 1 -3.40257e-6 0 1 8.49076e-6 0 1 1.55659e-7 0 1 9.54845e-7 0 -1 3.91396e-6 0 -1 -2.46358e-7 0 -1 -6.09392e-7 0 1 -1.52575e-7 0 1 -9.54843e-7 0 1 -7.69181e-6 0 1 2.38749e-6 0 1 3.26702e-6 0 1 6.12363e-7 0 1 -1.73684e-6 0 1 -6.12363e-7 0 1 1.73684e-6 0 0.5773506 0.577351 0.5773493 0.57734 -0.5773386 0.5773723 1 -4.66976e-7 0 1 -2.86452e-6 0 1 -3.41644e-6 0 0.5773509 0.5773499 0.5773502 -0.5773509 -0.5773499 0.5773502 1 7.70419e-6 0 1 -2.21524e-6 0 -0.5773507 -0.5773499 0.5773502 1 3.83072e-6 0 1 -1.40515e-6 0 1 -1.86203e-6 0 1 -3.21887e-6 0 1 2.1787e-6 0 1 -4.24538e-6 0 -1 8.14533e-6 0 -1 -2.54556e-7 0 -1 -1.02404e-6 0 1 1.53603e-6 0 1 -1.56401e-6 0 1 -2.27763e-6 0 -1 7.43425e-6 0 -1 4.95386e-7 0 -1 8.83019e-6 0 -1 -5.06575e-7 0 -1 -2.9647e-6 0 -1 -3.56342e-6 0 1 -1.55658e-7 0 -1 3.37717e-7 0 -1 1.97647e-6 0 -1 2.37562e-6 0 1 1.55658e-7 0 -1 -3.37715e-7 0 -1 -1.97647e-6 0 -1 1.97647e-6 0 -1 2.37561e-6 0 -1 2.02785e-6 0 -1 8.63355e-7 0 1 -2.27763e-6 0 -1 1.52576e-7 0 -1 9.54844e-7 0 -1 1.13882e-6 0 0.5773508 0.5773509 0.5773492 0.5773397 -0.577339 0.5773721 1 3.37145e-6 0 1 -1.22386e-6 0 1 -2.27763e-6 0 -1 -3.37716e-7 0 -1 -1.97647e-6 0 -1 -2.37561e-6 0 -1 -1.69169e-6 0 -1 6.09162e-7 0 -1 -2.13984e-6 0 1 -3.83072e-6 0 1 1.40514e-6 0 1 -4.23595e-6 0 -1 3.81927e-6 0 -1 7.48044e-7 0 0.5773506 0.5773502 0.57735 -1 -7.69181e-6 0 -1 2.38749e-6 0 -1 1.65513e-7 0 -1 9.88234e-7 0 -1 1.18781e-6 0 -1 0 0 -1 4.77421e-7 0 -1 -3.81439e-7 0 -1 -2.38711e-6 0 -1 -2.84704e-6 0 -1 -5.99312e-7 0 -1 -7.97561e-6 0 -1 -2.33489e-7 0 -1 -1.43227e-6 0 1 0 0 1 -1.17193e-6 0 1 -7.26873e-6 0 1 4.92849e-7 0 1 2.37561e-6 0 -1 0 0 -1 -4.7742e-7 0 -1 -5.69406e-7 0 -1 1.55659e-7 0 -1 9.54843e-7 0 1 3.37717e-7 0 1 1.97647e-6 0 -1 -1.92518e-6 0 -1 -8.23105e-7 0 -1 -2.13984e-6 0 -1 -3.06182e-7 0 -1 8.6842e-7 0 1 -5.06575e-7 0 1 -2.96471e-6 0 -1 3.06181e-7 0 -1 -8.6842e-7 0 1 1.97647e-6 0 -1 0 0 -1 2.38711e-7 0 -1 -1.13881e-6 0 -1 -2.02785e-6 0 -1 -8.63355e-7 0 -1 -7.6174e-7 0 -1 9.54841e-7 0 1 -3.91396e-6 0 1 2.4636e-7 0 1 6.09392e-7 0 1 -3.37715e-7 0 1 -1.97646e-6 0 1 -2.3756e-6 0 -1 1.52575e-7 0 -1 9.54843e-7 0 1 3.37716e-7 0 1 1.97647e-6 0 -1 7.69181e-6 0 -1 -2.38749e-6 0 -1 -3.26702e-6 0 1 -3.37716e-7 0 1 -1.97647e-6 0 1 -2.37561e-6 0 1 -1.69169e-6 0 1 6.09163e-7 0 1 7.26873e-6 0 1 -4.92846e-7 0 1 8.83019e-6 0 1 7.43636e-7 0 1 9.89627e-6 0 1 1.07347e-5 0 0.5773512 0.5773499 0.5773499 0.5773505 0.5773505 0.5773498 1 3.11318e-7 0 1 1.90968e-6 0 0.5773512 0.5773499 0.5773499 1 3.91396e-6 0 1 -2.46358e-7 0 1 -5.9931e-7 0 1 -7.97562e-6 0 1 -8.65133e-6 0 1 -7.43425e-6 0 1 -4.95386e-7 0 1 -8.83019e-6 0 1 5.06575e-7 0 1 2.9647e-6 0 1 3.56342e-6 0 1 -3.37717e-7 0 1 -1.97647e-6 0 1 -2.37562e-6 0 1 3.37715e-7 0 1 1.97647e-6 0 1 -1.97647e-6 0 1 -2.37561e-6 0 1 2.37561e-6 0 -1 3.83072e-6 0 -1 -1.40515e-6 0 -1 4.23595e-6 0 1 -3.81927e-6 0 1 -7.48044e-7 0 -1 -3.21887e-6 0 -1 2.1787e-6 0 -1 3.41645e-6 0 1 -1.65513e-7 0 1 -9.88234e-7 0 1 -1.18781e-6 0 1 0 0 1 -9.44052e-7 0 -1 1.53603e-6 0 -1 -1.56401e-6 0 -1 2.13983e-6 0 -1 -7.47263e-6 0 -1 9.20678e-6 0 -1 -8.8278e-6 0 -1 7.26873e-6 0 -1 -4.92849e-7 0 -1 -2.37561e-6 0 -1 -1.55658e-7 0 -1 -3.37717e-7 0 -1 -1.97647e-6 0 -1 1.55658e-7 0 1 -7.50846e-6 0 1 4.93996e-6 0 -1 5.06575e-7 0 -1 2.96471e-6 0 1 3.05151e-7 0 1 1.90969e-6 0 1 2.27763e-6 0 -1 -1.97647e-6 0 1 3.11318e-7 0 1 1.90969e-6 0 -1 4.27968e-6 0 1 -3.11318e-7 0 1 -1.90969e-6 0 -1 3.37145e-6 0 -1 -1.22386e-6 0 -1 4.24538e-6 0 1 -1.84736e-6 0 1 -3.45684e-7 0 -1 3.37715e-7 0 -1 1.97646e-6 0 -1 2.3756e-6 0 -1 -3.83072e-6 0 -1 1.40514e-6 0 -1 1.86203e-6 0 1 7.68021e-7 0 1 -7.81999e-7 0 1 -7.69181e-6 0 1 2.38749e-6 0 1 3.26702e-6 0 1 -7.68021e-7 0 1 7.81999e-7 0 -0.7071182 -0.7057313 -0.04390037 -0.8260757 -0.3984967 -0.3984963 0 -0.7933543 0.6087601 0 -0.6087633 0.793352 0 -0.3826853 0.9238787 0 -0.1305252 0.991445 0 0.1305254 0.991445 0 0.3826853 0.9238787 0 -0.9980709 0.06208491 0 0.6087633 0.793352 0 -0.9238792 0.3826844 0 -0.7933536 0.6087612 0 0.998071 0.06208527 0 -0.998071 0.06208479 0 0.7933527 0.6087625 0 -0.7933548 0.6087595 0 0.9238799 0.3826825 0 -0.608763 0.7933521 0 0.9980709 0.06208497 0 -0.3826861 0.9238785 0 -0.1305257 0.991445 0 0.1305257 0.991445 0 0.3826862 0.9238784 0 -0.998071 0.06208419 0 0.608763 0.7933521 0 -0.9238799 0.3826826 0 0.7933542 0.6087604 0 -0.7933552 0.608759 0 0.9238802 0.3826818 0 -0.6087642 0.7933513 0 0.9980709 0.06208562 0 -0.3826858 0.9238786 0 -0.1305261 0.991445 0 0.1305264 0.9914448 0 0.3826856 0.9238787 0 0.6087638 0.7933516 0 -0.9238801 0.3826823 0 0.7933542 0.6087604 -0.7071182 0.7057313 -0.04390037 -0.7071163 -0.653273 -0.2705937 0 0.7933543 0.6087601 0 0.1305252 0.991445 0 -0.1305254 0.991445 0 0.9980709 0.06208491 0 0.9238792 0.3826844 0 0.7933536 0.6087612 0 -0.998071 0.06208527 0 0.998071 0.06208479 0 -0.7933527 0.6087625 0 0.7933548 0.6087595 0 -0.9238799 0.3826825 0 -0.9980709 0.06208497 0 0.3826861 0.9238785 0 0.1305257 0.991445 0 -0.1305257 0.991445 0 -0.3826862 0.9238784 0 0.998071 0.06208419 0 0.9238799 0.3826826 0 -0.7933542 0.6087604 0 0.7933552 0.608759 0 -0.9238802 0.3826818 0 0.6087642 0.7933513 0 -0.9980709 0.06208562 0 0.3826858 0.9238786 0 0.1305261 0.991445 0 -0.1305264 0.9914448 0 -0.3826856 0.9238787 0 -0.6087638 0.7933516 0 0.9238801 0.3826823 0 -0.7933542 0.6087604 0.7071182 -0.7057313 -0.04390037 0.7071163 0.653273 -0.2705937 0.7071182 0.7057313 -0.04390037 0.8260757 0.3984967 -0.3984963 0 0.7933539 -0.6087607 0 -0.998071 -0.06208509 0 0.3826828 -0.9238799 0 0.1305252 -0.991445 0 -0.3826828 -0.9238799 0 0.998071 -0.06208527 0 0.9238791 -0.3826847 0 -0.7933539 -0.6087608 0 0.7933533 -0.6087616 0 -0.998071 -0.06208533 0 -0.3826836 -0.9238796 0 0.9980708 -0.0620855 0 0.7933544 -0.6087601 0 -0.92388 -0.3826826 0 0.6087626 -0.7933525 0 -0.998071 -0.06208515 0 0.1305255 -0.991445 0 -0.1305257 -0.991445 0 0.998071 -0.06208503 0 -0.6087628 -0.7933523 0 -0.7933531 -0.6087617 0 -0.9238803 -0.3826817 0 0.6087642 -0.7933513 0 -0.9980708 -0.06208556 0 0.382684 -0.9238793 0 0.1305257 -0.991445 0 -0.1305258 -0.991445 0 -0.3826839 -0.9238794 0 0.9980708 -0.06208604 0 -0.6087642 -0.7933513 0 0.9238802 -0.3826819 0 -0.7933539 -0.6087607 0 0.998071 -0.06208509 0 -0.3826828 -0.9238799 0 -0.1305252 -0.991445 0 0.3826828 -0.9238799 0 -0.998071 -0.06208527 0 -0.9238791 -0.3826847 0 0.7933539 -0.6087608 0 -0.7933533 -0.6087616 0 0.998071 -0.06208533 0 0.3826836 -0.9238796 0 -0.9980708 -0.0620855 0 -0.7933544 -0.6087601 0 0.92388 -0.3826826 0 -0.6087626 -0.7933525 0 0.998071 -0.06208515 0 -0.1305255 -0.991445 0 0.1305257 -0.991445 0 -0.998071 -0.06208503 0 0.6087628 -0.7933523 0 0.7933531 -0.6087617 0 0.9238803 -0.3826817 0 0.9980708 -0.06208556 0 -0.382684 -0.9238793 0 -0.1305257 -0.991445 0 0.1305258 -0.991445 0 0.3826839 -0.9238794 0 -0.9980708 -0.06208604 0 -0.9238802 -0.3826819 1 -2.84704e-6 0 1 2.13984e-6 0 -1 2.37561e-6 0 1 2.27763e-6 0 1 1.70822e-6 0 1 5.34961e-7 0 1 -1.13881e-6 0 -1 5.69408e-6 0 1 -3.26702e-6 0 -1 2.27762e-6 0 -1 3.08081e-6 0 -1 -8.65133e-6 0 -1 3.56342e-6 0 -1 -2.37562e-6 0 1 -7.61741e-7 0 1 -1.13882e-6 0 -1 -1.18781e-6 0 1 -5.69407e-7 0 1 -8.8278e-6 0 1 5.69407e-7 0 -1 2.27763e-6 0 1 -2.84704e-7 0 1 2.11797e-6 0 -1 -2.13984e-6 0 1 2.3756e-6 0 1 -8.83019e-6 0 1 -1.27121e-6 0 -1 -6.02621e-6 0 1 -3.08082e-6 0 1 -8.49076e-6 0 -1 6.09392e-7 0 1 -2.27762e-6 0 1 3.41644e-6 0 1 1.86203e-6 0 1 4.24538e-6 0 1 -2.27763e-6 0 1 -1.13881e-6 0 -1 -2.11797e-6 0 -1 -1.13882e-6 0 1 2.27763e-6 0 -1 2.13984e-6 0 1 4.23595e-6 0 -1 2.84704e-6 0 -1 5.69406e-7 0 -1 2.13984e-6 0 1 6.02621e-6 0 -1 -5.34961e-7 0 -1 3.08082e-6 0 -1 1.13881e-6 0 -1 8.49076e-6 0 -1 7.6174e-7 0 -1 1.13882e-6 0 1 -6.09392e-7 0 -1 3.26702e-6 0 -1 -3.41644e-6 0 1 -1.02404e-6 0 1 -3.56342e-6 0 1 2.37562e-6 0 1 1.13882e-6 0 1 -2.13984e-6 0 -1 -3.41645e-6 0 1 1.18781e-6 0 1 -5.69406e-7 0 1 -2.13984e-6 0 -1 -6.02621e-6 0 -1 -2.27763e-6 0 1 -7.6174e-7 0 -1 6.09392e-7 0 -1 -4.24538e-6 0 -1 -2.3756e-6 0 -1 -1.86203e-6 0 1 -3.26702e-6 0 -1 8.83019e-6 0 1 1.70823e-6 0 -1 -2.27763e-6 0 -1 1.07347e-5 0 1 -1.13881e-6 0 -1 -1.70822e-6 0 1 -5.69408e-6 0 1 -1.13881e-6 0 1 -8.47189e-6 0 1 -3.08081e-6 0 1 3.41645e-6 0 -1 8.8278e-6 0 -1 -1.18781e-6 0 -1 -2.37561e-6 0 -1 7.61741e-7 0 1 4.24538e-6 0 1 1.86203e-6 0 -1 4.4522e-6 0 -1 3.26702e-6 0 -1 5.69407e-7 0 -1 -8.65132e-6 0 -1 -1.70823e-6 0 1 -1.27122e-6 0 -1 1.13881e-6 0 1 2.37561e-6 0 -1 -5.69407e-7 0 1 -3.56342e-6 0 1 2.37561e-6 0 -1 2.84704e-7 0 -1 1.13881e-6 0 -1 1.13881e-6 0 -1 8.47189e-6 0 1 -2.37561e-6 0 1 -6.09392e-7 0 1 1.18781e-6 0 1 2.37561e-6 0 -1 -1.86203e-6 0 1 -4.4522e-6 0 -1 -4.24538e-6 0 1 -1.02403e-6 0 -1 1.07347e-5 0 -1 -2.37561e-6 0 1 6.02621e-6 0 -1 3.56342e-6 0 -1 -2.37561e-6 0 1 2.27763e-6 0 -1 -2.27763e-6 0 -1 -4.23595e-6 0</float_array>
          <technique_common>
            <accessor source="#Cylinder_004-mesh-normals-array" count="2047" stride="3">
              <param name="X" type="float"/>
              <param name="Y" type="float"/>
              <param name="Z" type="float"/>
            </accessor>
          </technique_common>
        </source>
        <source id="Cylinder_004-mesh-map-0">
          <float_array id="Cylinder_004-mesh-map-0-array" count="16008">0.08849859 0.7072523 0.09227555 0.7185821 0.09227496 0.7072526 0.08849859 0.6959222 0.09227496 0.7072526 0.09227502 0.6959225 0.08472317 0.718584 0.08850079 0.7299102 0.08849918 0.7185818 0.08472263 0.7072544 0.08849918 0.7185818 0.08849859 0.7072523 0.08472263 0.6959244 0.08849859 0.7072523 0.08849859 0.6959222 0.08094775 0.7185909 0.08472484 0.7299124 0.08472317 0.718584 0.08484733 0.7299122 0.08862608 0.7412376 0.0886234 0.7299103 0.08107191 0.7299191 0.08485007 0.7412396 0.08484733 0.7299122 0.07729709 0.7299307 0.08107459 0.7412464 0.08107191 0.7299191 0.07729709 0.7299307 0.07352542 0.7412744 0.07729971 0.741258 0.103607 0.7299107 0.09983307 0.7412381 0.1036098 0.7412381 0.09605371 0.7299107 0.09983307 0.7412381 0.09983032 0.7299107 0.09605371 0.7299107 0.09227991 0.7412379 0.0960564 0.7412381 0.09227722 0.7299105 0.08850353 0.7412376 0.09227991 0.7412379 0.08850079 0.7299102 0.08472752 0.7412397 0.08850353 0.7412376 0.08472484 0.7299124 0.08095204 0.7412468 0.08472752 0.7412397 0.08094936 0.7299193 0.07717722 0.7412586 0.08095204 0.7412468 0.07717454 0.7299311 0.07340294 0.741275 0.07717722 0.7412586 0.08094716 0.7072614 0.08472317 0.718584 0.08472263 0.7072544 0.08472263 0.6959244 0.08094716 0.7072614 0.08472263 0.7072544 0.07717293 0.7186027 0.08094936 0.7299193 0.08094775 0.7185909 0.07717239 0.7072732 0.08094775 0.7185909 0.08094716 0.7072614 0.07339811 0.7072896 0.07717293 0.7186027 0.07717239 0.7072732 0.07717239 0.6959431 0.08094716 0.7072614 0.08094716 0.6959313 0.07339864 0.7186192 0.07717454 0.7299311 0.07717293 0.7186027 0.07339811 0.6959596 0.07717239 0.7072732 0.07717239 0.6959431 0.08849918 0.7185818 0.09227722 0.7299105 0.09227555 0.7185821 0.09227502 0.6959225 0.09605145 0.7072528 0.09605145 0.6959227 0.09227496 0.7072526 0.09605205 0.7185823 0.09605145 0.7072528 0.09227555 0.7185821 0.09605371 0.7299107 0.09605205 0.7185823 0.09605145 0.6959227 0.09982812 0.7072529 0.09982812 0.6959228 0.09605145 0.7072528 0.09982866 0.7185823 0.09982812 0.7072529 0.09605205 0.7185823 0.09983032 0.7299107 0.09982866 0.7185823 0.1036048 0.6959228 0.09982812 0.7072529 0.1036048 0.7072529 0.09982812 0.7072529 0.1036053 0.7185823 0.1036048 0.7072529 0.09982866 0.7185823 0.103607 0.7299107 0.1036053 0.7185823 0.07729488 0.6959426 0.0735206 0.707289 0.07729488 0.7072727 0.0735206 0.707289 0.07729542 0.7186022 0.07729488 0.7072727 0.07352119 0.7186186 0.07729709 0.7299307 0.07729542 0.7186022 0.07729488 0.6959426 0.0810697 0.7072611 0.0810697 0.695931 0.07729488 0.7072727 0.08107024 0.7185906 0.0810697 0.7072611 0.07729542 0.7186022 0.08107191 0.7299191 0.08107024 0.7185906 0.0810697 0.695931 0.08484518 0.7072542 0.08484518 0.6959242 0.0810697 0.7072611 0.08484572 0.7185837 0.08484518 0.7072542 0.08107024 0.7185906 0.08484733 0.7299122 0.08484572 0.7185837 0.08484518 0.6959242 0.08862119 0.7072523 0.08862119 0.6959222 0.08484518 0.7072542 0.08862173 0.7185818 0.08862119 0.7072523 0.08484572 0.7185837 0.0886234 0.7299103 0.08862173 0.7185818 0.08850353 0.7412376 0.09227991 0.7412379 0.08850353 0.7412376 0.09227991 0.7412379 0.0960564 0.7412381 0.09227991 0.7412379 0.0960564 0.7412381 0.09983307 0.7412381 0.0960564 0.7412381 0.09983307 0.7412381 0.1036098 0.7412381 0.09983307 0.7412381 0.07352542 0.7412744 0.07729971 0.741258 0.07352542 0.7412744 0.07729971 0.741258 0.08107459 0.7412464 0.07729971 0.741258 0.07717722 0.7412586 0.08095204 0.7412468 0.07717722 0.7412586 0.08107459 0.7412464 0.08485007 0.7412396 0.08107459 0.7412464 0.08095204 0.7412468 0.08472752 0.7412397 0.08095204 0.7412468 0.08472752 0.7412397 0.08850353 0.7412376 0.08472752 0.7412397 0.04658824 0.7742571 0.04586237 0.8145577 0.0916754 0.787564 0.1076643 0.8174461 0.0378825 0.7901323 0.06246042 0.830137 0.126331 0.909931 0.1249166 0.8951047 0.1180127 0.8990905 0.1411574 0.9113455 0.126331 0.909931 0.1371715 0.9182493 0.1497955 0.9234783 0.1411574 0.9113455 0.1371715 0.9182493 0.1633428 0.9252619 0.1518588 0.9157781 0.1497955 0.9234783 0.1484231 0.9234783 0.1619703 0.91729 0.1619703 0.9252619 0.1357991 0.9182493 0.1504863 0.9157781 0.1484231 0.9234783 0.1249585 0.909931 0.1397849 0.9113455 0.1357991 0.9182493 0.1235441 0.8951046 0.1249585 0.909931 0.1166403 0.8990905 0.1192178 0.8846599 0.1166403 0.8990905 0.1114112 0.8864665 0.1180127 0.8990905 0.1205902 0.88466 0.1127837 0.8864665 0.03570747 0.759131 0.0378825 0.7901323 0.04648959 0.7633513 0.0378825 0.7901323 0.02654415 0.8013554 0.03806835 0.7996076 0.03806835 0.7996076 0.03022217 0.8140785 0.04090136 0.8094075 0.04090136 0.8094075 0.03706783 0.825416 0.04617422 0.8181402 0.03706783 0.825416 0.05352759 0.8252107 0.04617422 0.8181402 0.04661458 0.8345953 0.06246042 0.830137 0.05352759 0.8252107 0.06246042 0.830137 0.07106935 0.8441674 0.07236379 0.8325836 0.07106935 0.8441674 0.08256304 0.8323835 0.07236379 0.8325836 0.08431077 0.8439077 0.09236294 0.8295504 0.08256304 0.8323835 0.09236294 0.8295504 0.1083714 0.833384 0.1010956 0.8242776 0.1083714 0.833384 0.1076643 0.8174461 0.1010956 0.8242776 0.1076643 0.8174461 0.1303061 0.7961584 0.119524 0.7919381 0.04586237 0.8145577 0.036282 0.8091774 0.04658824 0.7742571 0.257465 0.8172565 0.2705138 0.8128613 0.257465 0.8128613 0.257465 0.8172565 0.242269 0.8128613 0.257465 0.8128613 0.215423 0.8172565 0.2284717 0.8128613 0.215423 0.8128613 0.242269 0.8172565 0.2077565 0.8128613 0.242269 0.8128613 0.2284717 0.8172565 0.2436676 0.8128613 0.2284717 0.8128613 0.2436676 0.8172565 0.2599748 0.8128613 0.2436676 0.8128613 0.2599748 0.8172565 0.2762818 0.8128613 0.2599748 0.8128613 0.2762818 0.8172565 0.2914776 0.8128613 0.2762818 0.8128613 0.2077565 0.8172565 0.242269 0.8128613 0.2077565 0.8128613 0.2914776 0.8172565 0.3045266 0.8128613 0.2914776 0.8128613 0.242269 0.8172565 0.257465 0.8128613 0.242269 0.8128613 0.2705138 0.8172565 0.257465 0.8128613 0.2705138 0.8128613 0.257465 0.8172565 0.2705138 0.8128613 0.257465 0.8128613 0.257465 0.8172565 0.242269 0.8128613 0.257465 0.8128613 0.215423 0.8172565 0.2284717 0.8128613 0.215423 0.8128613 0.242269 0.8172565 0.2077565 0.8128613 0.242269 0.8128613 0.2284717 0.8172565 0.2436676 0.8128613 0.2284717 0.8128613 0.2436676 0.8172565 0.2599748 0.8128613 0.2436676 0.8128613 0.2599748 0.8172565 0.2762818 0.8128613 0.2599748 0.8128613 0.2762818 0.8172565 0.2914776 0.8128613 0.2762818 0.8128613 0.2077565 0.8172565 0.242269 0.8128613 0.2077565 0.8128613 0.2914776 0.8172565 0.3045266 0.8128613 0.2914776 0.8128613 0.242269 0.8172565 0.257465 0.8128613 0.242269 0.8128613 0.2705138 0.8172565 0.257465 0.8128613 0.2705138 0.8128613 0.257465 0.8172565 0.2705138 0.8128613 0.257465 0.8128613 0.257465 0.8172565 0.242269 0.8128613 0.257465 0.8128613 0.215423 0.8172565 0.2284717 0.8128613 0.215423 0.8128613 0.242269 0.8172565 0.2077565 0.8128613 0.242269 0.8128613 0.2284717 0.8172565 0.2436676 0.8128613 0.2284717 0.8128613 0.2436676 0.8172565 0.2599748 0.8128613 0.2436676 0.8128613 0.2599748 0.8172565 0.2762818 0.8128613 0.2599748 0.8128613 0.2762818 0.8172565 0.2914776 0.8128613 0.2762818 0.8128613 0.2077565 0.8172565 0.242269 0.8128613 0.2077565 0.8128613 0.2914776 0.8172565 0.3045266 0.8128613 0.2914776 0.8128613 0.242269 0.8172565 0.257465 0.8128613 0.242269 0.8128613 0.2705138 0.8172565 0.257465 0.8128613 0.2705138 0.8128613 0.257465 0.8172565 0.2705138 0.8128613 0.257465 0.8128613 0.257465 0.8172565 0.242269 0.8128613 0.257465 0.8128613 0.215423 0.8172565 0.2284717 0.8128613 0.215423 0.8128613 0.242269 0.8172565 0.2077565 0.8128613 0.242269 0.8128613 0.2284717 0.8172565 0.2436676 0.8128613 0.2284717 0.8128613 0.2436676 0.8172565 0.2599748 0.8128613 0.2436676 0.8128613 0.2599748 0.8172565 0.2762818 0.8128613 0.2599748 0.8128613 0.2762818 0.8172565 0.2914776 0.8128613 0.2762818 0.8128613 0.2077565 0.8172565 0.242269 0.8128613 0.2077565 0.8128613 0.2914776 0.8172565 0.3045266 0.8128613 0.2914776 0.8128613 0.242269 0.8172565 0.257465 0.8128613 0.242269 0.8128613 0.2705138 0.8172565 0.257465 0.8128613 0.2705138 0.8128613 0.09227555 0.7185821 0.08849859 0.7072523 0.09227496 0.7072526 0.09227496 0.7072526 0.08849859 0.6959222 0.09227502 0.6959225 0.08850079 0.7299102 0.08472317 0.718584 0.08849918 0.7185818 0.08849918 0.7185818 0.08472263 0.7072544 0.08849859 0.7072523 0.08849859 0.7072523 0.08472263 0.6959244 0.08849859 0.6959222 0.08472484 0.7299124 0.08094775 0.7185909 0.08472317 0.718584 0.08862608 0.7412376 0.08484733 0.7299122 0.0886234 0.7299103 0.08485007 0.7412396 0.08107191 0.7299191 0.08484733 0.7299122 0.08107459 0.7412464 0.07729709 0.7299307 0.08107191 0.7299191 0.07729709 0.7299307 0.07352542 0.7412744 0.0735228 0.729947 0.103607 0.7299107 0.09983307 0.7412381 0.09983032 0.7299107 0.09983307 0.7412381 0.09605371 0.7299107 0.09983032 0.7299107 0.09605371 0.7299107 0.09227991 0.7412379 0.09227722 0.7299105 0.09227722 0.7299105 0.08850353 0.7412376 0.08850079 0.7299102 0.08850079 0.7299102 0.08472752 0.7412397 0.08472484 0.7299124 0.08472484 0.7299124 0.08095204 0.7412468 0.08094936 0.7299193 0.08094936 0.7299193 0.07717722 0.7412586 0.07717454 0.7299311 0.07717454 0.7299311 0.07340294 0.741275 0.07340031 0.7299476 0.08472317 0.718584 0.08094716 0.7072614 0.08472263 0.7072544 0.08472263 0.6959244 0.08094716 0.7072614 0.08094716 0.6959313 0.08094936 0.7299193 0.07717293 0.7186027 0.08094775 0.7185909 0.08094775 0.7185909 0.07717239 0.7072732 0.08094716 0.7072614 0.07717293 0.7186027 0.07339811 0.7072896 0.07717239 0.7072732 0.08094716 0.7072614 0.07717239 0.6959431 0.08094716 0.6959313 0.07717454 0.7299311 0.07339864 0.7186192 0.07717293 0.7186027 0.07717239 0.7072732 0.07339811 0.6959596 0.07717239 0.6959431 0.09227722 0.7299105 0.08849918 0.7185818 0.09227555 0.7185821 0.09605145 0.7072528 0.09227502 0.6959225 0.09605145 0.6959227 0.09605205 0.7185823 0.09227496 0.7072526 0.09605145 0.7072528 0.09605371 0.7299107 0.09227555 0.7185821 0.09605205 0.7185823 0.09982812 0.7072529 0.09605145 0.6959227 0.09982812 0.6959228 0.09982866 0.7185823 0.09605145 0.7072528 0.09982812 0.7072529 0.09983032 0.7299107 0.09605205 0.7185823 0.09982866 0.7185823 0.1036048 0.6959228 0.09982812 0.7072529 0.09982812 0.6959228 0.1036053 0.7185823 0.09982812 0.7072529 0.1036048 0.7072529 0.103607 0.7299107 0.09982866 0.7185823 0.1036053 0.7185823 0.07729488 0.6959426 0.0735206 0.707289 0.0735206 0.6959589 0.07729542 0.7186022 0.0735206 0.707289 0.07729488 0.7072727 0.07729709 0.7299307 0.07352119 0.7186186 0.07729542 0.7186022 0.0810697 0.7072611 0.07729488 0.6959426 0.0810697 0.695931 0.08107024 0.7185906 0.07729488 0.7072727 0.0810697 0.7072611 0.08107191 0.7299191 0.07729542 0.7186022 0.08107024 0.7185906 0.08484518 0.7072542 0.0810697 0.695931 0.08484518 0.6959242 0.08484572 0.7185837 0.0810697 0.7072611 0.08484518 0.7072542 0.08484733 0.7299122 0.08107024 0.7185906 0.08484572 0.7185837 0.08862119 0.7072523 0.08484518 0.6959242 0.08862119 0.6959222 0.08862173 0.7185818 0.08484518 0.7072542 0.08862119 0.7072523 0.0886234 0.7299103 0.08484572 0.7185837 0.08862173 0.7185818 0.09227991 0.7412379 0.08850353 0.7412376 0.08850353 0.7412376 0.0960564 0.7412381 0.09227991 0.7412379 0.09227991 0.7412379 0.09983307 0.7412381 0.0960564 0.7412381 0.0960564 0.7412381 0.1036098 0.7412381 0.09983307 0.7412381 0.09983307 0.7412381 0.07729971 0.741258 0.07352542 0.7412744 0.07352542 0.7412744 0.08107459 0.7412464 0.07729971 0.741258 0.07729971 0.741258 0.08095204 0.7412468 0.07717722 0.7412586 0.07717722 0.7412586 0.08485007 0.7412396 0.08107459 0.7412464 0.08107459 0.7412464 0.08472752 0.7412397 0.08095204 0.7412468 0.08095204 0.7412468 0.08850353 0.7412376 0.08472752 0.7412397 0.08472752 0.7412397 0.0916754 0.787564 0.04586237 0.8145577 0.04658824 0.7742571 0.04617422 0.8181402 0.04090136 0.8094075 0.0378825 0.7901323 0.126331 0.909931 0.1249166 0.8951047 0.1319679 0.9042941 0.126331 0.909931 0.1411574 0.9113455 0.1371715 0.9182493 0.1497955 0.9234783 0.1411574 0.9113455 0.1518588 0.9157781 0.1633428 0.9252619 0.1518588 0.9157781 0.1633428 0.91729 0.1484231 0.9234783 0.1619703 0.91729 0.1504863 0.9157781 0.1357991 0.9182493 0.1504863 0.9157781 0.1397849 0.9113455 0.1249585 0.909931 0.1397849 0.9113455 0.1305954 0.9042941 0.1249585 0.909931 0.1235441 0.8951046 0.1166403 0.8990905 0.1166403 0.8990905 0.1192178 0.8846599 0.1114112 0.8864665 0.1180127 0.8990905 0.1205902 0.88466 0.1249166 0.8951047 0.0378825 0.7901323 0.03570747 0.759131 0.04648959 0.7633513 0.0378825 0.7901323 0.02654415 0.8013554 0.02629065 0.7884315 0.03806835 0.7996076 0.03022217 0.8140785 0.02654415 0.8013554 0.04090136 0.8094075 0.03706783 0.825416 0.03022217 0.8140785 0.05352759 0.8252107 0.03706783 0.825416 0.04617422 0.8181402 0.06246042 0.830137 0.04661458 0.8345953 0.05352759 0.8252107 0.06246042 0.830137 0.07106935 0.8441674 0.05821192 0.8409911 0.08256304 0.8323835 0.07106935 0.8441674 0.07236379 0.8325836 0.09236294 0.8295504 0.08431077 0.8439077 0.08256304 0.8323835 0.09236294 0.8295504 0.1083714 0.833384 0.09703379 0.8402295 0.1076643 0.8174461 0.1083714 0.833384 0.1010956 0.8242776 0.1076643 0.8174461 0.1303061 0.7961584 0.1173306 0.8240662 0.04658824 0.7742571 0.036282 0.8091774 0.04586237 0.8145577 0.2705138 0.8128613 0.257465 0.8172565 0.257465 0.8128613 0.242269 0.8128613 0.257465 0.8172565 0.257465 0.8128613 0.2284717 0.8128613 0.215423 0.8172565 0.215423 0.8128613 0.2077565 0.8128613 0.242269 0.8172565 0.242269 0.8128613 0.2436676 0.8128613 0.2284717 0.8172565 0.2284717 0.8128613 0.2599748 0.8128613 0.2436676 0.8172565 0.2436676 0.8128613 0.2762818 0.8128613 0.2599748 0.8172565 0.2599748 0.8128613 0.2914776 0.8128613 0.2762818 0.8172565 0.2762818 0.8128613 0.242269 0.8128613 0.2077565 0.8172565 0.2077565 0.8128613 0.3045266 0.8128613 0.2914776 0.8172565 0.2914776 0.8128613 0.257465 0.8128613 0.242269 0.8172565 0.242269 0.8128613 0.257465 0.8128613 0.2705138 0.8172565 0.2705138 0.8128613 0.2705138 0.8128613 0.257465 0.8172565 0.257465 0.8128613 0.242269 0.8128613 0.257465 0.8172565 0.257465 0.8128613 0.2284717 0.8128613 0.215423 0.8172565 0.215423 0.8128613 0.2077565 0.8128613 0.242269 0.8172565 0.242269 0.8128613 0.2436676 0.8128613 0.2284717 0.8172565 0.2284717 0.8128613 0.2599748 0.8128613 0.2436676 0.8172565 0.2436676 0.8128613 0.2762818 0.8128613 0.2599748 0.8172565 0.2599748 0.8128613 0.2914776 0.8128613 0.2762818 0.8172565 0.2762818 0.8128613 0.242269 0.8128613 0.2077565 0.8172565 0.2077565 0.8128613 0.3045266 0.8128613 0.2914776 0.8172565 0.2914776 0.8128613 0.257465 0.8128613 0.242269 0.8172565 0.242269 0.8128613 0.257465 0.8128613 0.2705138 0.8172565 0.2705138 0.8128613 0.2705138 0.8128613 0.257465 0.8172565 0.257465 0.8128613 0.242269 0.8128613 0.257465 0.8172565 0.257465 0.8128613 0.2284717 0.8128613 0.215423 0.8172565 0.215423 0.8128613 0.2077565 0.8128613 0.242269 0.8172565 0.242269 0.8128613 0.2436676 0.8128613 0.2284717 0.8172565 0.2284717 0.8128613 0.2599748 0.8128613 0.2436676 0.8172565 0.2436676 0.8128613 0.2762818 0.8128613 0.2599748 0.8172565 0.2599748 0.8128613 0.2914776 0.8128613 0.2762818 0.8172565 0.2762818 0.8128613 0.242269 0.8128613 0.2077565 0.8172565 0.2077565 0.8128613 0.3045266 0.8128613 0.2914776 0.8172565 0.2914776 0.8128613 0.257465 0.8128613 0.242269 0.8172565 0.242269 0.8128613 0.257465 0.8128613 0.2705138 0.8172565 0.2705138 0.8128613 0.2705138 0.8128613 0.257465 0.8172565 0.257465 0.8128613 0.242269 0.8128613 0.257465 0.8172565 0.257465 0.8128613 0.2284717 0.8128613 0.215423 0.8172565 0.215423 0.8128613 0.2077565 0.8128613 0.242269 0.8172565 0.242269 0.8128613 0.2436676 0.8128613 0.2284717 0.8172565 0.2284717 0.8128613 0.2599748 0.8128613 0.2436676 0.8172565 0.2436676 0.8128613 0.2762818 0.8128613 0.2599748 0.8172565 0.2599748 0.8128613 0.2914776 0.8128613 0.2762818 0.8172565 0.2762818 0.8128613 0.242269 0.8128613 0.2077565 0.8172565 0.2077565 0.8128613 0.3045266 0.8128613 0.2914776 0.8172565 0.2914776 0.8128613 0.257465 0.8128613 0.242269 0.8172565 0.242269 0.8128613 0.257465 0.8128613 0.2705138 0.8172565 0.2705138 0.8128613 0.09227555 0.7185821 0.08849859 0.7072523 0.09227496 0.7072526 0.09227496 0.7072526 0.08849859 0.6959222 0.09227502 0.6959225 0.08850079 0.7299102 0.08472317 0.718584 0.08849918 0.7185818 0.08849918 0.7185818 0.08472263 0.7072544 0.08849859 0.7072523 0.08849859 0.7072523 0.08472263 0.6959244 0.08849859 0.6959222 0.08472484 0.7299124 0.08094775 0.7185909 0.08472317 0.718584 0.08862608 0.7412376 0.08484733 0.7299122 0.0886234 0.7299103 0.08485007 0.7412396 0.08107191 0.7299191 0.08484733 0.7299122 0.08107459 0.7412464 0.07729709 0.7299307 0.08107191 0.7299191 0.07729709 0.7299307 0.07352542 0.7412744 0.0735228 0.729947 0.103607 0.7299107 0.09983307 0.7412381 0.09983032 0.7299107 0.09983307 0.7412381 0.09605371 0.7299107 0.09983032 0.7299107 0.09605371 0.7299107 0.09227991 0.7412379 0.09227722 0.7299105 0.09227722 0.7299105 0.08850353 0.7412376 0.08850079 0.7299102 0.08850079 0.7299102 0.08472752 0.7412397 0.08472484 0.7299124 0.08472484 0.7299124 0.08095204 0.7412468 0.08094936 0.7299193 0.08094936 0.7299193 0.07717722 0.7412586 0.07717454 0.7299311 0.07717454 0.7299311 0.07340294 0.741275 0.07340031 0.7299476 0.08472317 0.718584 0.08094716 0.7072614 0.08472263 0.7072544 0.08472263 0.6959244 0.08094716 0.7072614 0.08094716 0.6959313 0.08094936 0.7299193 0.07717293 0.7186027 0.08094775 0.7185909 0.08094775 0.7185909 0.07717239 0.7072732 0.08094716 0.7072614 0.07717293 0.7186027 0.07339811 0.7072896 0.07717239 0.7072732 0.08094716 0.7072614 0.07717239 0.6959431 0.08094716 0.6959313 0.07717454 0.7299311 0.07339864 0.7186192 0.07717293 0.7186027 0.07717239 0.7072732 0.07339811 0.6959596 0.07717239 0.6959431 0.09227722 0.7299105 0.08849918 0.7185818 0.09227555 0.7185821 0.09605145 0.7072528 0.09227502 0.6959225 0.09605145 0.6959227 0.09605205 0.7185823 0.09227496 0.7072526 0.09605145 0.7072528 0.09605371 0.7299107 0.09227555 0.7185821 0.09605205 0.7185823 0.09982812 0.7072529 0.09605145 0.6959227 0.09982812 0.6959228 0.09982866 0.7185823 0.09605145 0.7072528 0.09982812 0.7072529 0.09983032 0.7299107 0.09605205 0.7185823 0.09982866 0.7185823 0.1036048 0.6959228 0.09982812 0.7072529 0.09982812 0.6959228 0.1036053 0.7185823 0.09982812 0.7072529 0.1036048 0.7072529 0.103607 0.7299107 0.09982866 0.7185823 0.1036053 0.7185823 0.07729488 0.6959426 0.0735206 0.707289 0.0735206 0.6959589 0.07729542 0.7186022 0.0735206 0.707289 0.07729488 0.7072727 0.07729709 0.7299307 0.07352119 0.7186186 0.07729542 0.7186022 0.0810697 0.7072611 0.07729488 0.6959426 0.0810697 0.695931 0.08107024 0.7185906 0.07729488 0.7072727 0.0810697 0.7072611 0.08107191 0.7299191 0.07729542 0.7186022 0.08107024 0.7185906 0.08484518 0.7072542 0.0810697 0.695931 0.08484518 0.6959242 0.08484572 0.7185837 0.0810697 0.7072611 0.08484518 0.7072542 0.08484733 0.7299122 0.08107024 0.7185906 0.08484572 0.7185837 0.08862119 0.7072523 0.08484518 0.6959242 0.08862119 0.6959222 0.08862173 0.7185818 0.08484518 0.7072542 0.08862119 0.7072523 0.0886234 0.7299103 0.08484572 0.7185837 0.08862173 0.7185818 0.09227991 0.7412379 0.08850353 0.7412376 0.08850353 0.7412376 0.0960564 0.7412381 0.09227991 0.7412379 0.09227991 0.7412379 0.09983307 0.7412381 0.0960564 0.7412381 0.0960564 0.7412381 0.1036098 0.7412381 0.09983307 0.7412381 0.09983307 0.7412381 0.07729971 0.741258 0.07352542 0.7412744 0.07352542 0.7412744 0.08107459 0.7412464 0.07729971 0.741258 0.07729971 0.741258 0.08095204 0.7412468 0.07717722 0.7412586 0.07717722 0.7412586 0.08485007 0.7412396 0.08107459 0.7412464 0.08107459 0.7412464 0.08472752 0.7412397 0.08095204 0.7412468 0.08095204 0.7412468 0.08850353 0.7412376 0.08472752 0.7412397 0.08472752 0.7412397 0.0916754 0.787564 0.04586237 0.8145577 0.04658824 0.7742571 0.04617422 0.8181402 0.04090136 0.8094075 0.0378825 0.7901323 0.126331 0.909931 0.1249166 0.8951047 0.1319679 0.9042941 0.126331 0.909931 0.1411574 0.9113455 0.1371715 0.9182493 0.1497955 0.9234783 0.1411574 0.9113455 0.1518588 0.9157781 0.1633428 0.9252619 0.1518588 0.9157781 0.1633428 0.91729 0.1484231 0.9234783 0.1619703 0.91729 0.1504863 0.9157781 0.1357991 0.9182493 0.1504863 0.9157781 0.1397849 0.9113455 0.1249585 0.909931 0.1397849 0.9113455 0.1305954 0.9042941 0.1249585 0.909931 0.1235441 0.8951046 0.1166403 0.8990905 0.1166403 0.8990905 0.1192178 0.8846599 0.1114112 0.8864665 0.1180127 0.8990905 0.1205902 0.88466 0.1249166 0.8951047 0.0378825 0.7901323 0.03570747 0.759131 0.04648959 0.7633513 0.0378825 0.7901323 0.02654415 0.8013554 0.02629065 0.7884315 0.03806835 0.7996076 0.03022217 0.8140785 0.02654415 0.8013554 0.04090136 0.8094075 0.03706783 0.825416 0.03022217 0.8140785 0.05352759 0.8252107 0.03706783 0.825416 0.04617422 0.8181402 0.06246042 0.830137 0.04661458 0.8345953 0.05352759 0.8252107 0.06246042 0.830137 0.07106935 0.8441674 0.05821192 0.8409911 0.08256304 0.8323835 0.07106935 0.8441674 0.07236379 0.8325836 0.09236294 0.8295504 0.08431077 0.8439077 0.08256304 0.8323835 0.09236294 0.8295504 0.1083714 0.833384 0.09703379 0.8402295 0.1076643 0.8174461 0.1083714 0.833384 0.1010956 0.8242776 0.1076643 0.8174461 0.1303061 0.7961584 0.1173306 0.8240662 0.04658824 0.7742571 0.036282 0.8091774 0.04586237 0.8145577 0.2705138 0.8128613 0.257465 0.8172565 0.257465 0.8128613 0.242269 0.8128613 0.257465 0.8172565 0.257465 0.8128613 0.2284717 0.8128613 0.215423 0.8172565 0.215423 0.8128613 0.2077565 0.8128613 0.242269 0.8172565 0.242269 0.8128613 0.2436676 0.8128613 0.2284717 0.8172565 0.2284717 0.8128613 0.2599748 0.8128613 0.2436676 0.8172565 0.2436676 0.8128613 0.2762818 0.8128613 0.2599748 0.8172565 0.2599748 0.8128613 0.2914776 0.8128613 0.2762818 0.8172565 0.2762818 0.8128613 0.242269 0.8128613 0.2077565 0.8172565 0.2077565 0.8128613 0.3045266 0.8128613 0.2914776 0.8172565 0.2914776 0.8128613 0.257465 0.8128613 0.242269 0.8172565 0.242269 0.8128613 0.257465 0.8128613 0.2705138 0.8172565 0.2705138 0.8128613 0.2705138 0.8128613 0.257465 0.8172565 0.257465 0.8128613 0.242269 0.8128613 0.257465 0.8172565 0.257465 0.8128613 0.2284717 0.8128613 0.215423 0.8172565 0.215423 0.8128613 0.2077565 0.8128613 0.242269 0.8172565 0.242269 0.8128613 0.2436676 0.8128613 0.2284717 0.8172565 0.2284717 0.8128613 0.2599748 0.8128613 0.2436676 0.8172565 0.2436676 0.8128613 0.2762818 0.8128613 0.2599748 0.8172565 0.2599748 0.8128613 0.2914776 0.8128613 0.2762818 0.8172565 0.2762818 0.8128613 0.242269 0.8128613 0.2077565 0.8172565 0.2077565 0.8128613 0.3045266 0.8128613 0.2914776 0.8172565 0.2914776 0.8128613 0.257465 0.8128613 0.242269 0.8172565 0.242269 0.8128613 0.257465 0.8128613 0.2705138 0.8172565 0.2705138 0.8128613 0.2705138 0.8128613 0.257465 0.8172565 0.257465 0.8128613 0.242269 0.8128613 0.257465 0.8172565 0.257465 0.8128613 0.2284717 0.8128613 0.215423 0.8172565 0.215423 0.8128613 0.2077565 0.8128613 0.242269 0.8172565 0.242269 0.8128613 0.2436676 0.8128613 0.2284717 0.8172565 0.2284717 0.8128613 0.2599748 0.8128613 0.2436676 0.8172565 0.2436676 0.8128613 0.2762818 0.8128613 0.2599748 0.8172565 0.2599748 0.8128613 0.2914776 0.8128613 0.2762818 0.8172565 0.2762818 0.8128613 0.242269 0.8128613 0.2077565 0.8172565 0.2077565 0.8128613 0.3045266 0.8128613 0.2914776 0.8172565 0.2914776 0.8128613 0.257465 0.8128613 0.242269 0.8172565 0.242269 0.8128613 0.257465 0.8128613 0.2705138 0.8172565 0.2705138 0.8128613 0.2705138 0.8128613 0.257465 0.8172565 0.257465 0.8128613 0.242269 0.8128613 0.257465 0.8172565 0.257465 0.8128613 0.2284717 0.8128613 0.215423 0.8172565 0.215423 0.8128613 0.2077565 0.8128613 0.242269 0.8172565 0.242269 0.8128613 0.2436676 0.8128613 0.2284717 0.8172565 0.2284717 0.8128613 0.2599748 0.8128613 0.2436676 0.8172565 0.2436676 0.8128613 0.2762818 0.8128613 0.2599748 0.8172565 0.2599748 0.8128613 0.2914776 0.8128613 0.2762818 0.8172565 0.2762818 0.8128613 0.242269 0.8128613 0.2077565 0.8172565 0.2077565 0.8128613 0.3045266 0.8128613 0.2914776 0.8172565 0.2914776 0.8128613 0.257465 0.8128613 0.242269 0.8172565 0.242269 0.8128613 0.257465 0.8128613 0.2705138 0.8172565 0.2705138 0.8128613 0.08849859 0.7072523 0.09227555 0.7185821 0.09227496 0.7072526 0.08849859 0.6959222 0.09227496 0.7072526 0.09227502 0.6959225 0.08472317 0.718584 0.08850079 0.7299102 0.08849918 0.7185818 0.08472263 0.7072544 0.08849918 0.7185818 0.08849859 0.7072523 0.08472263 0.6959244 0.08849859 0.7072523 0.08849859 0.6959222 0.08094775 0.7185909 0.08472484 0.7299124 0.08472317 0.718584 0.08484733 0.7299122 0.08862608 0.7412376 0.0886234 0.7299103 0.08107191 0.7299191 0.08485007 0.7412396 0.08484733 0.7299122 0.07729709 0.7299307 0.08107459 0.7412464 0.08107191 0.7299191 0.07729709 0.7299307 0.07352542 0.7412744 0.07729971 0.741258 0.103607 0.7299107 0.09983307 0.7412381 0.1036098 0.7412381 0.09605371 0.7299107 0.09983307 0.7412381 0.09983032 0.7299107 0.09605371 0.7299107 0.09227991 0.7412379 0.0960564 0.7412381 0.09227722 0.7299105 0.08850353 0.7412376 0.09227991 0.7412379 0.08850079 0.7299102 0.08472752 0.7412397 0.08850353 0.7412376 0.08472484 0.7299124 0.08095204 0.7412468 0.08472752 0.7412397 0.08094936 0.7299193 0.07717722 0.7412586 0.08095204 0.7412468 0.07717454 0.7299311 0.07340294 0.741275 0.07717722 0.7412586 0.08094716 0.7072614 0.08472317 0.718584 0.08472263 0.7072544 0.08472263 0.6959244 0.08094716 0.7072614 0.08472263 0.7072544 0.07717293 0.7186027 0.08094936 0.7299193 0.08094775 0.7185909 0.07717239 0.7072732 0.08094775 0.7185909 0.08094716 0.7072614 0.07339811 0.7072896 0.07717293 0.7186027 0.07717239 0.7072732 0.07717239 0.6959431 0.08094716 0.7072614 0.08094716 0.6959313 0.07339864 0.7186192 0.07717454 0.7299311 0.07717293 0.7186027 0.07339811 0.6959596 0.07717239 0.7072732 0.07717239 0.6959431 0.08849918 0.7185818 0.09227722 0.7299105 0.09227555 0.7185821 0.09227502 0.6959225 0.09605145 0.7072528 0.09605145 0.6959227 0.09227496 0.7072526 0.09605205 0.7185823 0.09605145 0.7072528 0.09227555 0.7185821 0.09605371 0.7299107 0.09605205 0.7185823 0.09605145 0.6959227 0.09982812 0.7072529 0.09982812 0.6959228 0.09605145 0.7072528 0.09982866 0.7185823 0.09982812 0.7072529 0.09605205 0.7185823 0.09983032 0.7299107 0.09982866 0.7185823 0.1036048 0.6959228 0.09982812 0.7072529 0.1036048 0.7072529 0.09982812 0.7072529 0.1036053 0.7185823 0.1036048 0.7072529 0.09982866 0.7185823 0.103607 0.7299107 0.1036053 0.7185823 0.07729488 0.6959426 0.0735206 0.707289 0.07729488 0.7072727 0.0735206 0.707289 0.07729542 0.7186022 0.07729488 0.7072727 0.07352119 0.7186186 0.07729709 0.7299307 0.07729542 0.7186022 0.07729488 0.6959426 0.0810697 0.7072611 0.0810697 0.695931 0.07729488 0.7072727 0.08107024 0.7185906 0.0810697 0.7072611 0.07729542 0.7186022 0.08107191 0.7299191 0.08107024 0.7185906 0.0810697 0.695931 0.08484518 0.7072542 0.08484518 0.6959242 0.0810697 0.7072611 0.08484572 0.7185837 0.08484518 0.7072542 0.08107024 0.7185906 0.08484733 0.7299122 0.08484572 0.7185837 0.08484518 0.6959242 0.08862119 0.7072523 0.08862119 0.6959222 0.08484518 0.7072542 0.08862173 0.7185818 0.08862119 0.7072523 0.08484572 0.7185837 0.0886234 0.7299103 0.08862173 0.7185818 0.08850353 0.7412376 0.09227991 0.7412379 0.08850353 0.7412376 0.09227991 0.7412379 0.0960564 0.7412381 0.09227991 0.7412379 0.0960564 0.7412381 0.09983307 0.7412381 0.0960564 0.7412381 0.09983307 0.7412381 0.1036098 0.7412381 0.09983307 0.7412381 0.07352542 0.7412744 0.07729971 0.741258 0.07352542 0.7412744 0.07729971 0.741258 0.08107459 0.7412464 0.07729971 0.741258 0.07717722 0.7412586 0.08095204 0.7412468 0.07717722 0.7412586 0.08107459 0.7412464 0.08485007 0.7412396 0.08107459 0.7412464 0.08095204 0.7412468 0.08472752 0.7412397 0.08095204 0.7412468 0.08472752 0.7412397 0.08850353 0.7412376 0.08472752 0.7412397 0.04658824 0.7742571 0.04586237 0.8145577 0.0916754 0.787564 0.1076643 0.8174461 0.0378825 0.7901323 0.06246042 0.830137 0.126331 0.909931 0.1249166 0.8951047 0.1180127 0.8990905 0.1411574 0.9113455 0.126331 0.909931 0.1371715 0.9182493 0.1497955 0.9234783 0.1411574 0.9113455 0.1371715 0.9182493 0.1633428 0.9252619 0.1518588 0.9157781 0.1497955 0.9234783 0.1484231 0.9234783 0.1619703 0.91729 0.1619703 0.9252619 0.1357991 0.9182493 0.1504863 0.9157781 0.1484231 0.9234783 0.1249585 0.909931 0.1397849 0.9113455 0.1357991 0.9182493 0.1235441 0.8951046 0.1249585 0.909931 0.1166403 0.8990905 0.1192178 0.8846599 0.1166403 0.8990905 0.1114112 0.8864665 0.1180127 0.8990905 0.1205902 0.88466 0.1127837 0.8864665 0.03570747 0.759131 0.0378825 0.7901323 0.04648959 0.7633513 0.0378825 0.7901323 0.02654415 0.8013554 0.03806835 0.7996076 0.03806835 0.7996076 0.03022217 0.8140785 0.04090136 0.8094075 0.04090136 0.8094075 0.03706783 0.825416 0.04617422 0.8181402 0.03706783 0.825416 0.05352759 0.8252107 0.04617422 0.8181402 0.04661458 0.8345953 0.06246042 0.830137 0.05352759 0.8252107 0.06246042 0.830137 0.07106935 0.8441674 0.07236379 0.8325836 0.07106935 0.8441674 0.08256304 0.8323835 0.07236379 0.8325836 0.08431077 0.8439077 0.09236294 0.8295504 0.08256304 0.8323835 0.09236294 0.8295504 0.1083714 0.833384 0.1010956 0.8242776 0.1083714 0.833384 0.1076643 0.8174461 0.1010956 0.8242776 0.1076643 0.8174461 0.1303061 0.7961584 0.119524 0.7919381 0.04586237 0.8145577 0.036282 0.8091774 0.04658824 0.7742571 0.257465 0.8172565 0.2705138 0.8128613 0.257465 0.8128613 0.257465 0.8172565 0.242269 0.8128613 0.257465 0.8128613 0.215423 0.8172565 0.2284717 0.8128613 0.215423 0.8128613 0.242269 0.8172565 0.2077565 0.8128613 0.242269 0.8128613 0.2284717 0.8172565 0.2436676 0.8128613 0.2284717 0.8128613 0.2436676 0.8172565 0.2599748 0.8128613 0.2436676 0.8128613 0.2599748 0.8172565 0.2762818 0.8128613 0.2599748 0.8128613 0.2762818 0.8172565 0.2914776 0.8128613 0.2762818 0.8128613 0.2077565 0.8172565 0.242269 0.8128613 0.2077565 0.8128613 0.2914776 0.8172565 0.3045266 0.8128613 0.2914776 0.8128613 0.242269 0.8172565 0.257465 0.8128613 0.242269 0.8128613 0.2705138 0.8172565 0.257465 0.8128613 0.2705138 0.8128613 0.257465 0.8172565 0.2705138 0.8128613 0.257465 0.8128613 0.257465 0.8172565 0.242269 0.8128613 0.257465 0.8128613 0.215423 0.8172565 0.2284717 0.8128613 0.215423 0.8128613 0.242269 0.8172565 0.2077565 0.8128613 0.242269 0.8128613 0.2284717 0.8172565 0.2436676 0.8128613 0.2284717 0.8128613 0.2436676 0.8172565 0.2599748 0.8128613 0.2436676 0.8128613 0.2599748 0.8172565 0.2762818 0.8128613 0.2599748 0.8128613 0.2762818 0.8172565 0.2914776 0.8128613 0.2762818 0.8128613 0.2077565 0.8172565 0.242269 0.8128613 0.2077565 0.8128613 0.2914776 0.8172565 0.3045266 0.8128613 0.2914776 0.8128613 0.242269 0.8172565 0.257465 0.8128613 0.242269 0.8128613 0.2705138 0.8172565 0.257465 0.8128613 0.2705138 0.8128613 0.257465 0.8172565 0.2705138 0.8128613 0.257465 0.8128613 0.257465 0.8172565 0.242269 0.8128613 0.257465 0.8128613 0.215423 0.8172565 0.2284717 0.8128613 0.215423 0.8128613 0.242269 0.8172565 0.2077565 0.8128613 0.242269 0.8128613 0.2284717 0.8172565 0.2436676 0.8128613 0.2284717 0.8128613 0.2436676 0.8172565 0.2599748 0.8128613 0.2436676 0.8128613 0.2599748 0.8172565 0.2762818 0.8128613 0.2599748 0.8128613 0.2762818 0.8172565 0.2914776 0.8128613 0.2762818 0.8128613 0.2077565 0.8172565 0.242269 0.8128613 0.2077565 0.8128613 0.2914776 0.8172565 0.3045266 0.8128613 0.2914776 0.8128613 0.242269 0.8172565 0.257465 0.8128613 0.242269 0.8128613 0.2705138 0.8172565 0.257465 0.8128613 0.2705138 0.8128613 0.257465 0.8172565 0.2705138 0.8128613 0.257465 0.8128613 0.257465 0.8172565 0.242269 0.8128613 0.257465 0.8128613 0.215423 0.8172565 0.2284717 0.8128613 0.215423 0.8128613 0.242269 0.8172565 0.2077565 0.8128613 0.242269 0.8128613 0.2284717 0.8172565 0.2436676 0.8128613 0.2284717 0.8128613 0.2436676 0.8172565 0.2599748 0.8128613 0.2436676 0.8128613 0.2599748 0.8172565 0.2762818 0.8128613 0.2599748 0.8128613 0.2762818 0.8172565 0.2914776 0.8128613 0.2762818 0.8128613 0.2077565 0.8172565 0.242269 0.8128613 0.2077565 0.8128613 0.2914776 0.8172565 0.3045266 0.8128613 0.2914776 0.8128613 0.242269 0.8172565 0.257465 0.8128613 0.242269 0.8128613 0.2705138 0.8172565 0.257465 0.8128613 0.2705138 0.8128613 0.07340031 0.7299476 0.07339864 0.7186192 0.07339864 0.7186192 0.0916754 0.787564 0.04658824 0.7742571 0.0916754 0.787564 0.07339864 0.7186192 0.07339811 0.7072896 0.07339811 0.7072896 0.04658824 0.7742571 0.0916754 0.787564 0.0916754 0.787564 0.2077565 0.8172565 0.2077565 0.8128613 0.2077565 0.8128613 0.2077565 0.8172565 0.2077565 0.8128613 0.2077565 0.8128613 0.2077565 0.8172565 0.2077565 0.8128613 0.2077565 0.8128613 0.04648959 0.7633513 0.119524 0.7919381 0.04648959 0.7633513 0.119524 0.7919381 0.04648959 0.7633513 0.04648959 0.7633513 0.08862173 0.7185818 0.08862119 0.7072523 0.08862119 0.7072523 0.08862173 0.7185818 0.08862119 0.7072523 0.08862119 0.7072523 0.2077565 0.8128613 0.2077565 0.8172565 0.2077565 0.8172565 0.2077565 0.8128613 0.2077565 0.8172565 0.2077565 0.8172565 0.2077565 0.8128613 0.2077565 0.8172565 0.2077565 0.8172565 0.04658824 0.7742571 0.0916754 0.787564 0.0916754 0.787564 0.0886234 0.7299103 0.08862173 0.7185818 0.08862173 0.7185818 0.0886234 0.7299103 0.08862173 0.7185818 0.08862173 0.7185818 0.08862119 0.6959222 0.08862119 0.7072523 0.08862119 0.6959222 0.08862119 0.6959222 0.08862119 0.7072523 0.08862119 0.6959222 0.2077565 0.8172565 0.2077565 0.8128613 0.2077565 0.8128613 0.2077565 0.8128613 0.2077565 0.8172565 0.2077565 0.8172565 0.0886234 0.7299103 0.08862608 0.7412376 0.0886234 0.7299103 0.0886234 0.7299103 0.08862608 0.7412376 0.0886234 0.7299103 0.07339811 0.6959596 0.07339811 0.7072896 0.07339811 0.6959596 0.04648959 0.7633513 0.03570747 0.759131 0.04648959 0.7633513 0.119524 0.7919381 0.1303061 0.7961584 0.1303061 0.7961584 0.2077565 0.8172565 0.2077565 0.8128613 0.2077565 0.8128613 0.07340031 0.7299476 0.07340294 0.741275 0.07340294 0.741275 0.07340031 0.7299476 0.07340294 0.741275 0.07340294 0.741275 0.2077565 0.8128613 0.2077565 0.8172565 0.2077565 0.8172565 0.07339864 0.7186192 0.07340031 0.7299476 0.07340031 0.7299476 0.07339864 0.7186192 0.07340031 0.7299476 0.07340031 0.7299476 0.07339811 0.7072896 0.07339864 0.7186192 0.07339864 0.7186192 0.0916754 0.787564 0.04658824 0.7742571 0.04658824 0.7742571 0.07339811 0.7072896 0.07339864 0.7186192 0.07339864 0.7186192 0.2077565 0.8172565 0.2077565 0.8128613 0.2077565 0.8128613 0.2077565 0.8128613 0.2077565 0.8172565 0.2077565 0.8172565 0.04648959 0.7633513 0.119524 0.7919381 0.119524 0.7919381 0.08862119 0.7072523 0.08862173 0.7185818 0.08862173 0.7185818 0.2077565 0.8172565 0.2077565 0.8128613 0.2077565 0.8128613 0.2077565 0.8172565 0.2077565 0.8128613 0.2077565 0.8128613 0.2077565 0.8172565 0.2077565 0.8128613 0.2077565 0.8128613 0.0916754 0.787564 0.04658824 0.7742571 0.04658824 0.7742571 0.0916754 0.787564 0.04658824 0.7742571 0.04658824 0.7742571 0.08862173 0.7185818 0.0886234 0.7299103 0.0886234 0.7299103 0.08862119 0.6959222 0.08862119 0.7072523 0.08862119 0.7072523 0.2077565 0.8128613 0.2077565 0.8172565 0.2077565 0.8172565 0.2077565 0.8128613 0.2077565 0.8172565 0.2077565 0.8172565 0.2077565 0.8128613 0.2077565 0.8172565 0.2077565 0.8172565 0.0886234 0.7299103 0.08862608 0.7412376 0.08862608 0.7412376 0.07339811 0.6959596 0.07339811 0.7072896 0.07339811 0.7072896 0.07339811 0.6959596 0.07339811 0.7072896 0.07339811 0.7072896 0.03570747 0.759131 0.04648959 0.7633513 0.03570747 0.759131 0.1303061 0.7961584 0.119524 0.7919381 0.1303061 0.7961584 0.04648959 0.7633513 0.03570747 0.759131 0.03570747 0.759131 0.2077565 0.8172565 0.2077565 0.8128613 0.2077565 0.8128613 0.07340031 0.7299476 0.07340294 0.741275 0.07340031 0.7299476 0.2077565 0.8172565 0.2077565 0.8128613 0.2077565 0.8128613 0.2077565 0.8172565 0.2077565 0.8128613 0.2077565 0.8128613 0.07340031 0.7299476 0.07339864 0.7186192 0.07339864 0.7186192 0.04658824 0.7742571 0.0916754 0.787564 0.04658824 0.7742571 0.07339864 0.7186192 0.07339811 0.7072896 0.07339811 0.7072896 0.2077565 0.8128613 0.2077565 0.8172565 0.2077565 0.8172565 0.2077565 0.8128613 0.2077565 0.8172565 0.2077565 0.8172565 0.2077565 0.8128613 0.2077565 0.8172565 0.2077565 0.8172565 0.119524 0.7919381 0.04648959 0.7633513 0.119524 0.7919381 0.08862119 0.7072523 0.08862173 0.7185818 0.08862173 0.7185818 0.2077565 0.8172565 0.2077565 0.8128613 0.2077565 0.8128613 0.2077565 0.8128613 0.2077565 0.8172565 0.2077565 0.8172565 0.04658824 0.7742571 0.0916754 0.787564 0.0916754 0.787564 0.08862173 0.7185818 0.0886234 0.7299103 0.0886234 0.7299103 0.08862119 0.6959222 0.08862119 0.7072523 0.08862119 0.7072523 0.2077565 0.8172565 0.2077565 0.8128613 0.2077565 0.8128613 0.2077565 0.8172565 0.2077565 0.8128613 0.2077565 0.8128613 0.2077565 0.8172565 0.2077565 0.8128613 0.2077565 0.8128613 0.0886234 0.7299103 0.08862608 0.7412376 0.08862608 0.7412376 0.07339811 0.6959596 0.07339811 0.7072896 0.07339811 0.6959596 0.119524 0.7919381 0.1303061 0.7961584 0.119524 0.7919381 0.03570747 0.759131 0.04648959 0.7633513 0.04648959 0.7633513 0.1303061 0.7961584 0.119524 0.7919381 0.119524 0.7919381 0.2077565 0.8128613 0.2077565 0.8172565 0.2077565 0.8172565 0.2077565 0.8128613 0.2077565 0.8172565 0.2077565 0.8172565 0.07340031 0.7299476 0.07340294 0.741275 0.07340031 0.7299476 0.2077565 0.8128613 0.2077565 0.8172565 0.2077565 0.8172565 0.2705138 0.8128613 0.257465 0.8172565 0.257465 0.8128613 0.242269 0.8128613 0.257465 0.8172565 0.257465 0.8128613 0.2284717 0.8128613 0.215423 0.8172565 0.215423 0.8128613 0.2077565 0.8128613 0.242269 0.8172565 0.242269 0.8128613 0.2436676 0.8128613 0.2284717 0.8172565 0.2284717 0.8128613 0.2599748 0.8128613 0.2436676 0.8172565 0.2436676 0.8128613 0.2762818 0.8128613 0.2599748 0.8172565 0.2599748 0.8128613 0.2914776 0.8128613 0.2762818 0.8172565 0.2762818 0.8128613 0.242269 0.8128613 0.2077565 0.8172565 0.2077565 0.8128613 0.3045266 0.8128613 0.2914776 0.8172565 0.2914776 0.8128613 0.257465 0.8128613 0.242269 0.8172565 0.242269 0.8128613 0.257465 0.8128613 0.2705138 0.8172565 0.2705138 0.8128613 0.2705138 0.8128613 0.257465 0.8172565 0.257465 0.8128613 0.242269 0.8128613 0.257465 0.8172565 0.257465 0.8128613 0.2284717 0.8128613 0.215423 0.8172565 0.215423 0.8128613 0.2077565 0.8128613 0.242269 0.8172565 0.242269 0.8128613 0.2436676 0.8128613 0.2284717 0.8172565 0.2284717 0.8128613 0.2599748 0.8128613 0.2436676 0.8172565 0.2436676 0.8128613 0.2762818 0.8128613 0.2599748 0.8172565 0.2599748 0.8128613 0.2914776 0.8128613 0.2762818 0.8172565 0.2762818 0.8128613 0.242269 0.8128613 0.2077565 0.8172565 0.2077565 0.8128613 0.3045266 0.8128613 0.2914776 0.8172565 0.2914776 0.8128613 0.257465 0.8128613 0.242269 0.8172565 0.242269 0.8128613 0.257465 0.8128613 0.2705138 0.8172565 0.2705138 0.8128613 0.2705138 0.8128613 0.257465 0.8172565 0.257465 0.8128613 0.242269 0.8128613 0.257465 0.8172565 0.257465 0.8128613 0.2284717 0.8128613 0.215423 0.8172565 0.215423 0.8128613 0.2077565 0.8128613 0.242269 0.8172565 0.242269 0.8128613 0.2436676 0.8128613 0.2284717 0.8172565 0.2284717 0.8128613 0.2599748 0.8128613 0.2436676 0.8172565 0.2436676 0.8128613 0.2762818 0.8128613 0.2599748 0.8172565 0.2599748 0.8128613 0.2914776 0.8128613 0.2762818 0.8172565 0.2762818 0.8128613 0.242269 0.8128613 0.2077565 0.8172565 0.2077565 0.8128613 0.3045266 0.8128613 0.2914776 0.8172565 0.2914776 0.8128613 0.257465 0.8128613 0.242269 0.8172565 0.242269 0.8128613 0.257465 0.8128613 0.2705138 0.8172565 0.2705138 0.8128613 0.2705138 0.8128613 0.257465 0.8172565 0.257465 0.8128613 0.242269 0.8128613 0.257465 0.8172565 0.257465 0.8128613 0.2284717 0.8128613 0.215423 0.8172565 0.215423 0.8128613 0.2077565 0.8128613 0.242269 0.8172565 0.242269 0.8128613 0.2436676 0.8128613 0.2284717 0.8172565 0.2284717 0.8128613 0.2599748 0.8128613 0.2436676 0.8172565 0.2436676 0.8128613 0.2762818 0.8128613 0.2599748 0.8172565 0.2599748 0.8128613 0.2914776 0.8128613 0.2762818 0.8172565 0.2762818 0.8128613 0.242269 0.8128613 0.2077565 0.8172565 0.2077565 0.8128613 0.3045266 0.8128613 0.2914776 0.8172565 0.2914776 0.8128613 0.257465 0.8128613 0.242269 0.8172565 0.242269 0.8128613 0.257465 0.8128613 0.2705138 0.8172565 0.2705138 0.8128613 0.257465 0.8172565 0.2705138 0.8128613 0.257465 0.8128613 0.257465 0.8172565 0.242269 0.8128613 0.257465 0.8128613 0.215423 0.8172565 0.2284717 0.8128613 0.215423 0.8128613 0.242269 0.8172565 0.2077565 0.8128613 0.242269 0.8128613 0.2284717 0.8172565 0.2436676 0.8128613 0.2284717 0.8128613 0.2436676 0.8172565 0.2599748 0.8128613 0.2436676 0.8128613 0.2599748 0.8172565 0.2762818 0.8128613 0.2599748 0.8128613 0.2762818 0.8172565 0.2914776 0.8128613 0.2762818 0.8128613 0.2077565 0.8172565 0.242269 0.8128613 0.2077565 0.8128613 0.2914776 0.8172565 0.3045266 0.8128613 0.2914776 0.8128613 0.242269 0.8172565 0.257465 0.8128613 0.242269 0.8128613 0.2705138 0.8172565 0.257465 0.8128613 0.2705138 0.8128613 0.257465 0.8172565 0.2705138 0.8128613 0.257465 0.8128613 0.257465 0.8172565 0.242269 0.8128613 0.257465 0.8128613 0.215423 0.8172565 0.2284717 0.8128613 0.215423 0.8128613 0.242269 0.8172565 0.2077565 0.8128613 0.242269 0.8128613 0.2284717 0.8172565 0.2436676 0.8128613 0.2284717 0.8128613 0.2436676 0.8172565 0.2599748 0.8128613 0.2436676 0.8128613 0.2599748 0.8172565 0.2762818 0.8128613 0.2599748 0.8128613 0.2762818 0.8172565 0.2914776 0.8128613 0.2762818 0.8128613 0.2077565 0.8172565 0.242269 0.8128613 0.2077565 0.8128613 0.2914776 0.8172565 0.3045266 0.8128613 0.2914776 0.8128613 0.242269 0.8172565 0.257465 0.8128613 0.242269 0.8128613 0.2705138 0.8172565 0.257465 0.8128613 0.2705138 0.8128613 0.257465 0.8172565 0.2705138 0.8128613 0.257465 0.8128613 0.257465 0.8172565 0.242269 0.8128613 0.257465 0.8128613 0.215423 0.8172565 0.2284717 0.8128613 0.215423 0.8128613 0.242269 0.8172565 0.2077565 0.8128613 0.242269 0.8128613 0.2284717 0.8172565 0.2436676 0.8128613 0.2284717 0.8128613 0.2436676 0.8172565 0.2599748 0.8128613 0.2436676 0.8128613 0.2599748 0.8172565 0.2762818 0.8128613 0.2599748 0.8128613 0.2762818 0.8172565 0.2914776 0.8128613 0.2762818 0.8128613 0.2077565 0.8172565 0.242269 0.8128613 0.2077565 0.8128613 0.2914776 0.8172565 0.3045266 0.8128613 0.2914776 0.8128613 0.242269 0.8172565 0.257465 0.8128613 0.242269 0.8128613 0.2705138 0.8172565 0.257465 0.8128613 0.2705138 0.8128613 0.257465 0.8172565 0.2705138 0.8128613 0.257465 0.8128613 0.257465 0.8172565 0.242269 0.8128613 0.257465 0.8128613 0.215423 0.8172565 0.2284717 0.8128613 0.215423 0.8128613 0.242269 0.8172565 0.2077565 0.8128613 0.242269 0.8128613 0.2284717 0.8172565 0.2436676 0.8128613 0.2284717 0.8128613 0.2436676 0.8172565 0.2599748 0.8128613 0.2436676 0.8128613 0.2599748 0.8172565 0.2762818 0.8128613 0.2599748 0.8128613 0.2762818 0.8172565 0.2914776 0.8128613 0.2762818 0.8128613 0.2077565 0.8172565 0.242269 0.8128613 0.2077565 0.8128613 0.2914776 0.8172565 0.3045266 0.8128613 0.2914776 0.8128613 0.242269 0.8172565 0.257465 0.8128613 0.242269 0.8128613 0.2705138 0.8172565 0.257465 0.8128613 0.2705138 0.8128613 0.257465 0.8172565 0.2705138 0.8128613 0.257465 0.8128613 0.257465 0.8172565 0.242269 0.8128613 0.257465 0.8128613 0.215423 0.8172565 0.2284717 0.8128613 0.215423 0.8128613 0.242269 0.8172565 0.2077565 0.8128613 0.242269 0.8128613 0.2284717 0.8172565 0.2436676 0.8128613 0.2284717 0.8128613 0.2436676 0.8172565 0.2599748 0.8128613 0.2436676 0.8128613 0.2599748 0.8172565 0.2762818 0.8128613 0.2599748 0.8128613 0.2762818 0.8172565 0.2914776 0.8128613 0.2762818 0.8128613 0.2077565 0.8172565 0.242269 0.8128613 0.2077565 0.8128613 0.2914776 0.8172565 0.3045266 0.8128613 0.2914776 0.8128613 0.242269 0.8172565 0.257465 0.8128613 0.242269 0.8128613 0.2705138 0.8172565 0.257465 0.8128613 0.2705138 0.8128613 0.257465 0.8172565 0.2705138 0.8128613 0.257465 0.8128613 0.257465 0.8172565 0.242269 0.8128613 0.257465 0.8128613 0.215423 0.8172565 0.2284717 0.8128613 0.215423 0.8128613 0.242269 0.8172565 0.2077565 0.8128613 0.242269 0.8128613 0.2284717 0.8172565 0.2436676 0.8128613 0.2284717 0.8128613 0.2436676 0.8172565 0.2599748 0.8128613 0.2436676 0.8128613 0.2599748 0.8172565 0.2762818 0.8128613 0.2599748 0.8128613 0.2762818 0.8172565 0.2914776 0.8128613 0.2762818 0.8128613 0.2077565 0.8172565 0.242269 0.8128613 0.2077565 0.8128613 0.2914776 0.8172565 0.3045266 0.8128613 0.2914776 0.8128613 0.242269 0.8172565 0.257465 0.8128613 0.242269 0.8128613 0.2705138 0.8172565 0.257465 0.8128613 0.2705138 0.8128613 0.257465 0.8172565 0.2705138 0.8128613 0.257465 0.8128613 0.257465 0.8172565 0.242269 0.8128613 0.257465 0.8128613 0.215423 0.8172565 0.2284717 0.8128613 0.215423 0.8128613 0.242269 0.8172565 0.2077565 0.8128613 0.242269 0.8128613 0.2284717 0.8172565 0.2436676 0.8128613 0.2284717 0.8128613 0.2436676 0.8172565 0.2599748 0.8128613 0.2436676 0.8128613 0.2599748 0.8172565 0.2762818 0.8128613 0.2599748 0.8128613 0.2762818 0.8172565 0.2914776 0.8128613 0.2762818 0.8128613 0.2077565 0.8172565 0.242269 0.8128613 0.2077565 0.8128613 0.2914776 0.8172565 0.3045266 0.8128613 0.2914776 0.8128613 0.242269 0.8172565 0.257465 0.8128613 0.242269 0.8128613 0.2705138 0.8172565 0.257465 0.8128613 0.2705138 0.8128613 0.257465 0.8172565 0.2705138 0.8128613 0.257465 0.8128613 0.257465 0.8172565 0.242269 0.8128613 0.257465 0.8128613 0.215423 0.8172565 0.2284717 0.8128613 0.215423 0.8128613 0.242269 0.8172565 0.2077565 0.8128613 0.242269 0.8128613 0.2284717 0.8172565 0.2436676 0.8128613 0.2284717 0.8128613 0.2436676 0.8172565 0.2599748 0.8128613 0.2436676 0.8128613 0.2599748 0.8172565 0.2762818 0.8128613 0.2599748 0.8128613 0.2762818 0.8172565 0.2914776 0.8128613 0.2762818 0.8128613 0.2077565 0.8172565 0.242269 0.8128613 0.2077565 0.8128613 0.2914776 0.8172565 0.3045266 0.8128613 0.2914776 0.8128613 0.242269 0.8172565 0.257465 0.8128613 0.242269 0.8128613 0.2705138 0.8172565 0.257465 0.8128613 0.2705138 0.8128613 0.2705138 0.8128613 0.257465 0.8172565 0.257465 0.8128613 0.242269 0.8128613 0.257465 0.8172565 0.257465 0.8128613 0.2284717 0.8128613 0.215423 0.8172565 0.215423 0.8128613 0.2077565 0.8128613 0.242269 0.8172565 0.242269 0.8128613 0.2436676 0.8128613 0.2284717 0.8172565 0.2284717 0.8128613 0.2599748 0.8128613 0.2436676 0.8172565 0.2436676 0.8128613 0.2762818 0.8128613 0.2599748 0.8172565 0.2599748 0.8128613 0.2914776 0.8128613 0.2762818 0.8172565 0.2762818 0.8128613 0.242269 0.8128613 0.2077565 0.8172565 0.2077565 0.8128613 0.3045266 0.8128613 0.2914776 0.8172565 0.2914776 0.8128613 0.257465 0.8128613 0.242269 0.8172565 0.242269 0.8128613 0.257465 0.8128613 0.2705138 0.8172565 0.2705138 0.8128613 0.2705138 0.8128613 0.257465 0.8172565 0.257465 0.8128613 0.242269 0.8128613 0.257465 0.8172565 0.257465 0.8128613 0.2284717 0.8128613 0.215423 0.8172565 0.215423 0.8128613 0.2077565 0.8128613 0.242269 0.8172565 0.242269 0.8128613 0.2436676 0.8128613 0.2284717 0.8172565 0.2284717 0.8128613 0.2599748 0.8128613 0.2436676 0.8172565 0.2436676 0.8128613 0.2762818 0.8128613 0.2599748 0.8172565 0.2599748 0.8128613 0.2914776 0.8128613 0.2762818 0.8172565 0.2762818 0.8128613 0.242269 0.8128613 0.2077565 0.8172565 0.2077565 0.8128613 0.3045266 0.8128613 0.2914776 0.8172565 0.2914776 0.8128613 0.257465 0.8128613 0.242269 0.8172565 0.242269 0.8128613 0.257465 0.8128613 0.2705138 0.8172565 0.2705138 0.8128613 0.2705138 0.8128613 0.257465 0.8172565 0.257465 0.8128613 0.242269 0.8128613 0.257465 0.8172565 0.257465 0.8128613 0.2284717 0.8128613 0.215423 0.8172565 0.215423 0.8128613 0.2077565 0.8128613 0.242269 0.8172565 0.242269 0.8128613 0.2436676 0.8128613 0.2284717 0.8172565 0.2284717 0.8128613 0.2599748 0.8128613 0.2436676 0.8172565 0.2436676 0.8128613 0.2762818 0.8128613 0.2599748 0.8172565 0.2599748 0.8128613 0.2914776 0.8128613 0.2762818 0.8172565 0.2762818 0.8128613 0.242269 0.8128613 0.2077565 0.8172565 0.2077565 0.8128613 0.3045266 0.8128613 0.2914776 0.8172565 0.2914776 0.8128613 0.257465 0.8128613 0.242269 0.8172565 0.242269 0.8128613 0.257465 0.8128613 0.2705138 0.8172565 0.2705138 0.8128613 0.2705138 0.8128613 0.257465 0.8172565 0.257465 0.8128613 0.242269 0.8128613 0.257465 0.8172565 0.257465 0.8128613 0.2284717 0.8128613 0.215423 0.8172565 0.215423 0.8128613 0.2077565 0.8128613 0.242269 0.8172565 0.242269 0.8128613 0.2436676 0.8128613 0.2284717 0.8172565 0.2284717 0.8128613 0.2599748 0.8128613 0.2436676 0.8172565 0.2436676 0.8128613 0.2762818 0.8128613 0.2599748 0.8172565 0.2599748 0.8128613 0.2914776 0.8128613 0.2762818 0.8172565 0.2762818 0.8128613 0.242269 0.8128613 0.2077565 0.8172565 0.2077565 0.8128613 0.3045266 0.8128613 0.2914776 0.8172565 0.2914776 0.8128613 0.257465 0.8128613 0.242269 0.8172565 0.242269 0.8128613 0.257465 0.8128613 0.2705138 0.8172565 0.2705138 0.8128613 0.2077565 0.8128613 0.2077565 0.8172565 0.2077565 0.8128613 0.2077565 0.8128613 0.2077565 0.8172565 0.2077565 0.8128613 0.2077565 0.8128613 0.2077565 0.8172565 0.2077565 0.8128613 0.2077565 0.8172565 0.2077565 0.8128613 0.2077565 0.8172565 0.2077565 0.8172565 0.2077565 0.8128613 0.2077565 0.8172565 0.2077565 0.8172565 0.2077565 0.8128613 0.2077565 0.8172565 0.2077565 0.8128613 0.2077565 0.8172565 0.2077565 0.8128613 0.2077565 0.8172565 0.2077565 0.8128613 0.2077565 0.8172565 0.2077565 0.8128613 0.2077565 0.8172565 0.2077565 0.8128613 0.2077565 0.8172565 0.2077565 0.8128613 0.2077565 0.8172565 0.2077565 0.8128613 0.2077565 0.8172565 0.2077565 0.8128613 0.2077565 0.8172565 0.2077565 0.8128613 0.2077565 0.8172565 0.2077565 0.8128613 0.2077565 0.8172565 0.2077565 0.8128613 0.2077565 0.8128613 0.2077565 0.8172565 0.2077565 0.8128613 0.2077565 0.8128613 0.2077565 0.8172565 0.2077565 0.8128613 0.2077565 0.8172565 0.2077565 0.8128613 0.2077565 0.8172565 0.2077565 0.8172565 0.2077565 0.8128613 0.2077565 0.8172565 0.2077565 0.8172565 0.2077565 0.8128613 0.2077565 0.8172565 0.2077565 0.8128613 0.2077565 0.8172565 0.2077565 0.8128613 0.2077565 0.8128613 0.2077565 0.8172565 0.2077565 0.8128613 0.2077565 0.8128613 0.2077565 0.8172565 0.2077565 0.8128613 0.2077565 0.8172565 0.2077565 0.8128613 0.2077565 0.8172565 0.2077565 0.8172565 0.2077565 0.8128613 0.2077565 0.8172565 0.2077565 0.8172565 0.2077565 0.8128613 0.2077565 0.8172565 0.2077565 0.8128613 0.2077565 0.8172565 0.2077565 0.8128613 0.2077565 0.8172565 0.2077565 0.8128613 0.2077565 0.8172565 0.2077565 0.8128613 0.2077565 0.8172565 0.2077565 0.8128613 0.2077565 0.8128613 0.2077565 0.8172565 0.2077565 0.8128613 0.2077565 0.8128613 0.2077565 0.8172565 0.2077565 0.8128613 0.2077565 0.8172565 0.2077565 0.8128613 0.2077565 0.8172565 0.2077565 0.8172565 0.2077565 0.8128613 0.2077565 0.8172565 0.2077565 0.8172565 0.2077565 0.8128613 0.2077565 0.8172565 0.2077565 0.8172565 0.2077565 0.8128613 0.2077565 0.8128613 0.2705138 0.8172565 0.257465 0.8172565 0.257465 0.8172565 0.242269 0.8172565 0.257465 0.8172565 0.242269 0.8172565 0.2762818 0.8128613 0.2914776 0.8128613 0.2914776 0.8128613 0.2077565 0.8128613 0.2077565 0.8172565 0.2077565 0.8172565 0.242269 0.8172565 0.257465 0.8172565 0.242269 0.8172565 0.2705138 0.8172565 0.257465 0.8172565 0.257465 0.8172565 0.3045266 0.8128613 0.2914776 0.8128613 0.3045266 0.8128613 0.242269 0.8172565 0.2077565 0.8172565 0.2077565 0.8172565 0.2284717 0.8172565 0.215423 0.8172565 0.215423 0.8172565 0.257465 0.8128613 0.2705138 0.8128613 0.257465 0.8128613 0.2436676 0.8172565 0.2284717 0.8172565 0.2284717 0.8172565 0.242269 0.8128613 0.257465 0.8128613 0.242269 0.8128613 0.2436676 0.8172565 0.2599748 0.8172565 0.2436676 0.8172565 0.242269 0.8128613 0.2077565 0.8128613 0.2077565 0.8128613 0.2762818 0.8172565 0.2599748 0.8172565 0.2599748 0.8172565 0.242269 0.8172565 0.2077565 0.8172565 0.2077565 0.8172565 0.2762818 0.8172565 0.2914776 0.8172565 0.2762818 0.8172565 0.242269 0.8172565 0.257465 0.8172565 0.242269 0.8172565 0.3045266 0.8172565 0.2914776 0.8172565 0.2914776 0.8172565 0.2705138 0.8172565 0.257465 0.8172565 0.257465 0.8172565 0.257465 0.8172565 0.2705138 0.8172565 0.2705138 0.8172565 0.2284717 0.8172565 0.215423 0.8172565 0.215423 0.8172565 0.242269 0.8172565 0.257465 0.8172565 0.257465 0.8172565 0.2436676 0.8172565 0.2284717 0.8172565 0.2284717 0.8172565 0.242269 0.8172565 0.2077565 0.8172565 0.242269 0.8172565 0.2436676 0.8172565 0.2599748 0.8172565 0.2436676 0.8172565 0.2762818 0.8172565 0.2599748 0.8172565 0.2599748 0.8172565 0.2762818 0.8172565 0.2914776 0.8172565 0.2762818 0.8172565 0.3045266 0.8172565 0.2914776 0.8172565 0.2914776 0.8172565 0.257465 0.8172565 0.2705138 0.8172565 0.2705138 0.8172565 0.2077565 0.8128613 0.2077565 0.8172565 0.2077565 0.8172565 0.242269 0.8172565 0.257465 0.8172565 0.257465 0.8172565 0.2077565 0.8172565 0.2077565 0.8128613 0.2077565 0.8128613 0.242269 0.8172565 0.2077565 0.8172565 0.242269 0.8172565 0.2077565 0.8128613 0.2077565 0.8172565 0.2077565 0.8172565 0.2077565 0.8172565 0.2077565 0.8128613 0.2077565 0.8128613 0.2077565 0.8128613 0.2077565 0.8172565 0.2077565 0.8172565 0.2077565 0.8172565 0.2077565 0.8128613 0.2077565 0.8128613 0.2077565 0.8128613 0.2077565 0.8172565 0.2077565 0.8172565 0.2077565 0.8172565 0.2077565 0.8128613 0.2077565 0.8128613 0.242269 0.8128613 0.2077565 0.8128613 0.242269 0.8128613 0.242269 0.8128613 0.257465 0.8128613 0.257465 0.8128613 0.2705138 0.8128613 0.257465 0.8128613 0.2705138 0.8128613 0.2284717 0.8128613 0.215423 0.8128613 0.2284717 0.8128613 0.2436676 0.8128613 0.2284717 0.8128613 0.2436676 0.8128613 0.2436676 0.8128613 0.2599748 0.8128613 0.2599748 0.8128613 0.2762818 0.8128613 0.2599748 0.8128613 0.2762818 0.8128613 0.242269 0.8128613 0.2077565 0.8128613 0.242269 0.8128613 0.2762818 0.8128613 0.2914776 0.8128613 0.2914776 0.8128613 0.242269 0.8128613 0.257465 0.8128613 0.257465 0.8128613 0.3045266 0.8128613 0.2914776 0.8128613 0.3045266 0.8128613 0.2705138 0.8128613 0.257465 0.8128613 0.2705138 0.8128613 0.2705138 0.8128613 0.257465 0.8128613 0.257465 0.8128613 0.2284717 0.8128613 0.215423 0.8128613 0.2284717 0.8128613 0.242269 0.8128613 0.257465 0.8128613 0.242269 0.8128613 0.2436676 0.8128613 0.2284717 0.8128613 0.2436676 0.8128613 0.242269 0.8128613 0.2077565 0.8128613 0.2077565 0.8128613 0.2436676 0.8128613 0.2599748 0.8128613 0.2599748 0.8128613 0.2077565 0.8128613 0.2077565 0.8172565 0.2077565 0.8172565 0.242269 0.8172565 0.2077565 0.8172565 0.2077565 0.8172565 0.2762818 0.8128613 0.2599748 0.8128613 0.2762818 0.8128613 0.2077565 0.8172565 0.2077565 0.8128613 0.2077565 0.8128613 0.242269 0.8172565 0.257465 0.8172565 0.242269 0.8172565 0.2762818 0.8128613 0.2914776 0.8128613 0.2914776 0.8128613 0.2077565 0.8128613 0.2077565 0.8172565 0.2077565 0.8172565 0.2705138 0.8172565 0.257465 0.8172565 0.257465 0.8172565 0.3045266 0.8128613 0.2914776 0.8128613 0.3045266 0.8128613 0.2077565 0.8172565 0.2077565 0.8128613 0.2077565 0.8128613 0.242269 0.8128613 0.2077565 0.8128613 0.2077565 0.8128613 0.2284717 0.8172565 0.215423 0.8172565 0.215423 0.8172565 0.257465 0.8128613 0.2705138 0.8128613 0.257465 0.8128613 0.2077565 0.8128613 0.2077565 0.8172565 0.2077565 0.8172565 0.242269 0.8128613 0.257465 0.8128613 0.242269 0.8128613 0.2436676 0.8172565 0.2284717 0.8172565 0.2284717 0.8172565 0.242269 0.8128613 0.257465 0.8128613 0.242269 0.8128613 0.2077565 0.8172565 0.2077565 0.8128613 0.2077565 0.8128613 0.2705138 0.8128613 0.257465 0.8128613 0.257465 0.8128613 0.2436676 0.8172565 0.2599748 0.8172565 0.2436676 0.8172565 0.242269 0.8128613 0.2077565 0.8128613 0.2077565 0.8128613 0.2077565 0.8128613 0.2077565 0.8172565 0.2077565 0.8172565 0.2284717 0.8128613 0.215423 0.8128613 0.215423 0.8128613 0.2762818 0.8172565 0.2599748 0.8172565 0.2599748 0.8172565 0.242269 0.8172565 0.2077565 0.8172565 0.2077565 0.8172565 0.2077565 0.8172565 0.2077565 0.8128613 0.2077565 0.8128613 0.2436676 0.8128613 0.2284717 0.8128613 0.2284717 0.8128613 0.2762818 0.8172565 0.2914776 0.8172565 0.2762818 0.8172565 0.242269 0.8172565 0.257465 0.8172565 0.242269 0.8172565 0.2436676 0.8128613 0.2599748 0.8128613 0.2436676 0.8128613 0.3045266 0.8172565 0.2914776 0.8172565 0.2914776 0.8172565 0.2705138 0.8172565 0.257465 0.8172565 0.257465 0.8172565 0.2762818 0.8128613 0.2599748 0.8128613 0.2599748 0.8128613 0.257465 0.8172565 0.2705138 0.8172565 0.2705138 0.8172565 0.2284717 0.8172565 0.215423 0.8172565 0.215423 0.8172565 0.2762818 0.8128613 0.2914776 0.8128613 0.2762818 0.8128613 0.242269 0.8172565 0.257465 0.8172565 0.257465 0.8172565 0.2436676 0.8172565 0.2284717 0.8172565 0.2284717 0.8172565 0.3045266 0.8128613 0.2914776 0.8128613 0.2914776 0.8128613 0.242269 0.8172565 0.2077565 0.8172565 0.242269 0.8172565 0.2436676 0.8172565 0.2599748 0.8172565 0.2436676 0.8172565 0.257465 0.8128613 0.2705138 0.8128613 0.2705138 0.8128613 0.2762818 0.8172565 0.2599748 0.8172565 0.2599748 0.8172565 0.242269 0.8128613 0.257465 0.8128613 0.257465 0.8128613 0.2762818 0.8172565 0.2914776 0.8172565 0.2762818 0.8172565 0.242269 0.8128613 0.2077565 0.8128613 0.242269 0.8128613 0.3045266 0.8172565 0.2914776 0.8172565 0.2914776 0.8172565 0.242269 0.8172565 0.2077565 0.8172565 0.242269 0.8172565 0.257465 0.8172565 0.2705138 0.8172565 0.2705138 0.8172565 0.242269 0.8172565 0.257465 0.8172565 0.257465 0.8172565 0.242269 0.8172565 0.257465 0.8172565 0.257465 0.8172565 0.2705138 0.8172565 0.257465 0.8172565 0.2705138 0.8172565 0.242269 0.8172565 0.2077565 0.8172565 0.242269 0.8172565 0.2284717 0.8172565 0.215423 0.8172565 0.2284717 0.8172565 0.2436676 0.8172565 0.2284717 0.8172565 0.2436676 0.8172565 0.2436676 0.8172565 0.2599748 0.8172565 0.2599748 0.8172565 0.2077565 0.8172565 0.2077565 0.8128613 0.2077565 0.8128613 0.2762818 0.8172565 0.2599748 0.8172565 0.2762818 0.8172565 0.2077565 0.8128613 0.2077565 0.8172565 0.2077565 0.8172565 0.2762818 0.8172565 0.2914776 0.8172565 0.2914776 0.8172565 0.2077565 0.8172565 0.2077565 0.8128613 0.2077565 0.8128613 0.3045266 0.8172565 0.2914776 0.8172565 0.3045266 0.8172565 0.2077565 0.8128613 0.2077565 0.8172565 0.2077565 0.8172565 0.257465 0.8172565 0.2705138 0.8172565 0.257465 0.8172565 0.2077565 0.8172565 0.2077565 0.8128613 0.2077565 0.8128613 0.242269 0.8172565 0.257465 0.8172565 0.242269 0.8172565 0.2077565 0.8128613 0.2077565 0.8172565 0.2077565 0.8172565 0.242269 0.8172565 0.2077565 0.8172565 0.2077565 0.8172565 0.2077565 0.8172565 0.2077565 0.8128613 0.2077565 0.8128613 0.2077565 0.8128613 0.2077565 0.8172565 0.2077565 0.8172565 0.242269 0.8128613 0.2077565 0.8128613 0.242269 0.8128613 0.242269 0.8128613 0.257465 0.8128613 0.257465 0.8128613 0.2705138 0.8128613 0.257465 0.8128613 0.2705138 0.8128613 0.2284717 0.8128613 0.215423 0.8128613 0.2284717 0.8128613 0.2436676 0.8128613 0.2284717 0.8128613 0.2436676 0.8128613 0.2077565 0.8172565 0.2077565 0.8172565 0.2077565 0.8172565 0.2436676 0.8128613 0.2599748 0.8128613 0.2599748 0.8128613 0.2077565 0.8128613 0.2077565 0.8128613 0.2077565 0.8128613 0.2762818 0.8128613 0.2599748 0.8128613 0.2762818 0.8128613 0.2077565 0.8172565 0.2077565 0.8172565 0.2077565 0.8172565 0.242269 0.8128613 0.2077565 0.8128613 0.2077565 0.8128613 0.2762818 0.8128613 0.2914776 0.8128613 0.2914776 0.8128613 0.2077565 0.8128613 0.2077565 0.8128613 0.2077565 0.8128613 0.242269 0.8128613 0.257465 0.8128613 0.242269 0.8128613 0.3045266 0.8128613 0.2914776 0.8128613 0.3045266 0.8128613 0.2077565 0.8172565 0.2077565 0.8172565 0.2077565 0.8172565 0.2705138 0.8128613 0.257465 0.8128613 0.257465 0.8128613 0.242269 0.8128613 0.2077565 0.8128613 0.2077565 0.8128613 0.257465 0.8128613 0.2705138 0.8128613 0.257465 0.8128613 0.2077565 0.8128613 0.2077565 0.8128613 0.2077565 0.8128613 0.2284717 0.8128613 0.215423 0.8128613 0.215423 0.8128613 0.242269 0.8128613 0.257465 0.8128613 0.242269 0.8128613 0.242269 0.8128613 0.257465 0.8128613 0.242269 0.8128613 0.2436676 0.8128613 0.2284717 0.8128613 0.2284717 0.8128613 0.2705138 0.8128613 0.257465 0.8128613 0.257465 0.8128613 0.242269 0.8128613 0.2077565 0.8128613 0.2077565 0.8128613 0.2436676 0.8128613 0.2599748 0.8128613 0.2436676 0.8128613 0.2284717 0.8128613 0.215423 0.8128613 0.215423 0.8128613 0.242269 0.8172565 0.2077565 0.8172565 0.2077565 0.8172565 0.2762818 0.8128613 0.2599748 0.8128613 0.2599748 0.8128613 0.2436676 0.8128613 0.2284717 0.8128613 0.2284717 0.8128613 0.242269 0.8172565 0.257465 0.8172565 0.242269 0.8172565 0.2762818 0.8128613 0.2914776 0.8128613 0.2762818 0.8128613 0.2436676 0.8128613 0.2599748 0.8128613 0.2436676 0.8128613 0.2705138 0.8172565 0.257465 0.8172565 0.257465 0.8172565 0.3045266 0.8128613 0.2914776 0.8128613 0.2914776 0.8128613 0.2762818 0.8128613 0.2599748 0.8128613 0.2599748 0.8128613 0.2284717 0.8172565 0.215423 0.8172565 0.215423 0.8172565 0.257465 0.8128613 0.2705138 0.8128613 0.2705138 0.8128613 0.2762818 0.8128613 0.2914776 0.8128613 0.2762818 0.8128613 0.2436676 0.8172565 0.2284717 0.8172565 0.2284717 0.8172565 0.242269 0.8128613 0.257465 0.8128613 0.257465 0.8128613 0.3045266 0.8128613 0.2914776 0.8128613 0.2914776 0.8128613 0.2436676 0.8172565 0.2599748 0.8172565 0.2436676 0.8172565 0.242269 0.8128613 0.2077565 0.8128613 0.242269 0.8128613 0.257465 0.8128613 0.2705138 0.8128613 0.2705138 0.8128613 0.2762818 0.8172565 0.2599748 0.8172565 0.2599748 0.8172565 0.2077565 0.8128613 0.2077565 0.8128613 0.2077565 0.8128613 0.242269 0.8172565 0.2077565 0.8172565 0.242269 0.8172565 0.242269 0.8128613 0.257465 0.8128613 0.257465 0.8128613 0.2762818 0.8172565 0.2914776 0.8172565 0.2762818 0.8172565 0.2077565 0.8172565 0.2077565 0.8172565 0.2077565 0.8172565 0.242269 0.8172565 0.257465 0.8172565 0.257465 0.8172565 0.242269 0.8128613 0.2077565 0.8128613 0.242269 0.8128613 0.3045266 0.8172565 0.2914776 0.8172565 0.2914776 0.8172565 0.2077565 0.8128613 0.2077565 0.8128613 0.2077565 0.8128613 0.2705138 0.8172565 0.257465 0.8172565 0.2705138 0.8172565 0.242269 0.8172565 0.2077565 0.8172565 0.242269 0.8172565 0.257465 0.8172565 0.2705138 0.8172565 0.2705138 0.8172565 0.2077565 0.8172565 0.2077565 0.8172565 0.2077565 0.8172565 0.2284717 0.8172565 0.215423 0.8172565 0.2284717 0.8172565 0.242269 0.8172565 0.257465 0.8172565 0.257465 0.8172565 0.242269 0.8172565 0.257465 0.8172565 0.257465 0.8172565 0.2077565 0.8128613 0.2077565 0.8128613 0.2077565 0.8128613 0.2436676 0.8172565 0.2284717 0.8172565 0.2436676 0.8172565 0.2705138 0.8172565 0.257465 0.8172565 0.2705138 0.8172565 0.242269 0.8172565 0.2077565 0.8172565 0.242269 0.8172565 0.2077565 0.8172565 0.2077565 0.8172565 0.2077565 0.8172565 0.2436676 0.8172565 0.2599748 0.8172565 0.2599748 0.8172565 0.2284717 0.8172565 0.215423 0.8172565 0.2284717 0.8172565 0.2762818 0.8172565 0.2599748 0.8172565 0.2762818 0.8172565 0.2436676 0.8172565 0.2284717 0.8172565 0.2436676 0.8172565 0.2762818 0.8172565 0.2914776 0.8172565 0.2914776 0.8172565 0.2436676 0.8172565 0.2599748 0.8172565 0.2599748 0.8172565 0.3045266 0.8172565 0.2914776 0.8172565 0.3045266 0.8172565 0.2762818 0.8172565 0.2599748 0.8172565 0.2762818 0.8172565 0.257465 0.8172565 0.2705138 0.8172565 0.257465 0.8172565 0.2762818 0.8172565 0.2914776 0.8172565 0.2914776 0.8172565 0.242269 0.8172565 0.257465 0.8172565 0.242269 0.8172565 0.3045266 0.8172565 0.2914776 0.8172565 0.3045266 0.8172565 0.242269 0.8172565 0.2077565 0.8172565 0.2077565 0.8172565 0.257465 0.8172565 0.2705138 0.8172565 0.257465 0.8172565 0.2077565 0.8172565 0.2077565 0.8172565 0.2077565 0.8172565 0.242269 0.8172565 0.257465 0.8172565 0.242269 0.8172565 0.2077565 0.8128613 0.2077565 0.8128613 0.2077565 0.8128613 0.242269 0.8172565 0.2077565 0.8172565 0.2077565 0.8172565 0.2077565 0.8128613 0.2077565 0.8128613 0.2077565 0.8128613 0.2077565 0.8172565 0.2077565 0.8172565 0.2077565 0.8172565 0.242269 0.8128613 0.2077565 0.8128613 0.242269 0.8128613 0.242269 0.8128613 0.257465 0.8128613 0.257465 0.8128613 0.2705138 0.8128613 0.257465 0.8128613 0.2705138 0.8128613 0.2077565 0.8172565 0.2077565 0.8172565 0.2077565 0.8172565 0.2284717 0.8128613 0.215423 0.8128613 0.2284717 0.8128613 0.2077565 0.8128613 0.2077565 0.8128613 0.2077565 0.8128613 0.2436676 0.8128613 0.2284717 0.8128613 0.2436676 0.8128613 0.2436676 0.8128613 0.2599748 0.8128613 0.2599748 0.8128613 0.2762818 0.8128613 0.2599748 0.8128613 0.2762818 0.8128613 0.242269 0.8128613 0.2077565 0.8128613 0.2077565 0.8128613 0.2762818 0.8128613 0.2914776 0.8128613 0.2914776 0.8128613 0.242269 0.8128613 0.257465 0.8128613 0.242269 0.8128613 0.3045266 0.8128613 0.2914776 0.8128613 0.3045266 0.8128613 0.2077565 0.8128613 0.2077565 0.8128613 0.2077565 0.8128613 0.2705138 0.8128613 0.257465 0.8128613 0.257465 0.8128613 0.242269 0.8128613 0.2077565 0.8128613 0.2077565 0.8128613 0.2705138 0.8128613 0.257465 0.8128613 0.257465 0.8128613 0.2077565 0.8172565 0.2077565 0.8172565 0.2077565 0.8172565 0.2284717 0.8128613 0.215423 0.8128613 0.215423 0.8128613 0.242269 0.8128613 0.257465 0.8128613 0.242269 0.8128613 0.242269 0.8128613 0.257465 0.8128613 0.242269 0.8128613 0.2436676 0.8128613 0.2284717 0.8128613 0.2284717 0.8128613 0.2705138 0.8128613 0.257465 0.8128613 0.257465 0.8128613 0.242269 0.8128613 0.2077565 0.8128613 0.2077565 0.8128613 0.2436676 0.8128613 0.2599748 0.8128613 0.2436676 0.8128613 0.2284717 0.8128613 0.215423 0.8128613 0.215423 0.8128613 0.242269 0.8172565 0.2077565 0.8172565 0.2077565 0.8172565 0.2762818 0.8128613 0.2599748 0.8128613 0.2599748 0.8128613 0.2436676 0.8128613 0.2284717 0.8128613 0.2284717 0.8128613 0.242269 0.8172565 0.257465 0.8172565 0.242269 0.8172565 0.2762818 0.8128613 0.2914776 0.8128613 0.2762818 0.8128613 0.2436676 0.8128613 0.2599748 0.8128613 0.2436676 0.8128613 0.2705138 0.8172565 0.257465 0.8172565 0.257465 0.8172565 0.3045266 0.8128613 0.2914776 0.8128613 0.2914776 0.8128613 0.2762818 0.8128613 0.2599748 0.8128613 0.2599748 0.8128613 0.242269 0.8128613 0.2077565 0.8128613 0.242269 0.8128613 0.2284717 0.8172565 0.215423 0.8172565 0.215423 0.8172565 0.257465 0.8128613 0.2705138 0.8128613 0.2705138 0.8128613 0.2762818 0.8128613 0.2914776 0.8128613 0.2762818 0.8128613 0.242269 0.8128613 0.257465 0.8128613 0.257465 0.8128613 0.2436676 0.8172565 0.2284717 0.8172565 0.2284717 0.8172565 0.2077565 0.8172565 0.2077565 0.8172565 0.2077565 0.8172565 0.242269 0.8128613 0.257465 0.8128613 0.257465 0.8128613 0.3045266 0.8128613 0.2914776 0.8128613 0.2914776 0.8128613 0.2705138 0.8128613 0.257465 0.8128613 0.2705138 0.8128613 0.2436676 0.8172565 0.2599748 0.8172565 0.2436676 0.8172565 0.2077565 0.8128613 0.2077565 0.8128613 0.2077565 0.8128613 0.242269 0.8128613 0.2077565 0.8128613 0.242269 0.8128613 0.257465 0.8128613 0.2705138 0.8128613 0.2705138 0.8128613 0.2284717 0.8128613 0.215423 0.8128613 0.2284717 0.8128613 0.2762818 0.8172565 0.2599748 0.8172565 0.2599748 0.8172565 0.2077565 0.8128613 0.2077565 0.8128613 0.2077565 0.8128613 0.242269 0.8172565 0.2077565 0.8172565 0.242269 0.8172565 0.242269 0.8128613 0.257465 0.8128613 0.257465 0.8128613 0.2436676 0.8128613 0.2284717 0.8128613 0.2436676 0.8128613 0.2762818 0.8172565 0.2914776 0.8172565 0.2762818 0.8172565 0.2077565 0.8172565 0.2077565 0.8172565 0.2077565 0.8172565 0.242269 0.8172565 0.257465 0.8172565 0.257465 0.8172565 0.242269 0.8128613 0.2077565 0.8128613 0.242269 0.8128613 0.2436676 0.8128613 0.2599748 0.8128613 0.2599748 0.8128613 0.3045266 0.8172565 0.2914776 0.8172565 0.2914776 0.8172565 0.2705138 0.8172565 0.257465 0.8172565 0.2705138 0.8172565 0.242269 0.8172565 0.2077565 0.8172565 0.242269 0.8172565 0.2762818 0.8128613 0.2599748 0.8128613 0.2762818 0.8128613 0.257465 0.8172565 0.2705138 0.8172565 0.2705138 0.8172565 0.2284717 0.8172565 0.215423 0.8172565 0.2284717 0.8172565 0.242269 0.8172565 0.257465 0.8172565 0.257465 0.8172565 0.2762818 0.8128613 0.2914776 0.8128613 0.2914776 0.8128613 0.242269 0.8172565 0.257465 0.8172565 0.257465 0.8172565 0.2436676 0.8172565 0.2284717 0.8172565 0.2436676 0.8172565 0.2705138 0.8172565 0.257465 0.8172565 0.2705138 0.8172565 0.3045266 0.8128613 0.2914776 0.8128613 0.3045266 0.8128613 0.242269 0.8172565 0.2077565 0.8172565 0.242269 0.8172565 0.2077565 0.8172565 0.2077565 0.8172565 0.2077565 0.8172565 0.2436676 0.8172565 0.2599748 0.8172565 0.2599748 0.8172565 0.2284717 0.8172565 0.215423 0.8172565 0.2284717 0.8172565 0.257465 0.8128613 0.2705138 0.8128613 0.257465 0.8128613 0.2077565 0.8128613 0.2077565 0.8128613 0.2077565 0.8128613 0.2762818 0.8172565 0.2599748 0.8172565 0.2762818 0.8172565 0.2436676 0.8172565 0.2284717 0.8172565 0.2436676 0.8172565 0.242269 0.8128613 0.257465 0.8128613 0.242269 0.8128613 0.2077565 0.8172565 0.2077565 0.8172565 0.2077565 0.8172565 0.2762818 0.8172565 0.2914776 0.8172565 0.2914776 0.8172565 0.2436676 0.8172565 0.2599748 0.8172565 0.2599748 0.8172565 0.242269 0.8128613 0.2077565 0.8128613 0.2077565 0.8128613 0.2077565 0.8128613 0.2077565 0.8128613 0.2077565 0.8128613 0.3045266 0.8172565 0.2914776 0.8172565 0.3045266 0.8172565 0.2762818 0.8172565 0.2599748 0.8172565 0.2762818 0.8172565 0.242269 0.8172565 0.2077565 0.8172565 0.2077565 0.8172565 0.2077565 0.8172565 0.2077565 0.8172565 0.2077565 0.8172565 0.257465 0.8172565 0.2705138 0.8172565 0.257465 0.8172565 0.2762818 0.8172565 0.2914776 0.8172565 0.2914776 0.8172565 0.242269 0.8172565 0.257465 0.8172565 0.242269 0.8172565 0.2077565 0.8128613 0.2077565 0.8128613 0.2077565 0.8128613 0.242269 0.8172565 0.257465 0.8172565 0.242269 0.8172565 0.3045266 0.8172565 0.2914776 0.8172565 0.3045266 0.8172565 0.2705138 0.8172565 0.257465 0.8172565 0.257465 0.8172565 0.242269 0.8172565 0.2077565 0.8172565 0.2077565 0.8172565 0.257465 0.8172565 0.2705138 0.8172565 0.257465 0.8172565 0.2284717 0.8172565 0.215423 0.8172565 0.215423 0.8172565 0.242269 0.8172565 0.257465 0.8172565 0.242269 0.8172565 0.2436676 0.8172565 0.2284717 0.8172565 0.2284717 0.8172565 0.242269 0.8172565 0.2077565 0.8172565 0.2077565 0.8172565 0.2436676 0.8172565 0.2599748 0.8172565 0.2436676 0.8172565 0.2762818 0.8172565 0.2599748 0.8172565 0.2599748 0.8172565 0.2077565 0.8128613 0.2077565 0.8128613 0.2077565 0.8128613 0.2762818 0.8172565 0.2914776 0.8172565 0.2762818 0.8172565 0.2077565 0.8172565 0.2077565 0.8172565 0.2077565 0.8172565 0.3045266 0.8172565 0.2914776 0.8172565 0.2914776 0.8172565 0.2077565 0.8128613 0.2077565 0.8128613 0.2077565 0.8128613 0.257465 0.8172565 0.2705138 0.8172565 0.2705138 0.8172565 0.2077565 0.8172565 0.2077565 0.8172565 0.2077565 0.8172565 0.242269 0.8172565 0.257465 0.8172565 0.257465 0.8172565 0.2077565 0.8128613 0.2077565 0.8128613 0.2077565 0.8128613 0.242269 0.8172565 0.2077565 0.8172565 0.242269 0.8172565 0.2077565 0.8172565 0.2077565 0.8172565 0.2077565 0.8172565 0.2077565 0.8172565 0.2077565 0.8172565 0.2077565 0.8172565 0.2077565 0.8128613 0.2077565 0.8128613 0.2077565 0.8128613 0.242269 0.8128613 0.2077565 0.8128613 0.2077565 0.8128613 0.242269 0.8128613 0.257465 0.8128613 0.242269 0.8128613 0.2705138 0.8128613 0.257465 0.8128613 0.257465 0.8128613 0.242269 0.8128613 0.2077565 0.8128613 0.2077565 0.8128613 0.2077565 0.8172565 0.2077565 0.8172565 0.2077565 0.8172565 0.2284717 0.8128613 0.215423 0.8128613 0.215423 0.8128613 0.242269 0.8128613 0.257465 0.8128613 0.242269 0.8128613 0.2077565 0.8128613 0.2077565 0.8128613 0.2077565 0.8128613 0.2436676 0.8128613 0.2284717 0.8128613 0.2284717 0.8128613 0.2705138 0.8128613 0.257465 0.8128613 0.257465 0.8128613 0.2077565 0.8172565 0.2077565 0.8172565 0.2077565 0.8172565 0.2436676 0.8128613 0.2599748 0.8128613 0.2436676 0.8128613 0.2284717 0.8128613 0.215423 0.8128613 0.215423 0.8128613 0.2077565 0.8128613 0.2077565 0.8128613 0.2077565 0.8128613 0.2762818 0.8128613 0.2599748 0.8128613 0.2599748 0.8128613 0.2436676 0.8128613 0.2284717 0.8128613 0.2284717 0.8128613 0.2762818 0.8128613 0.2914776 0.8128613 0.2762818 0.8128613 0.2436676 0.8128613 0.2599748 0.8128613 0.2436676 0.8128613 0.3045266 0.8128613 0.2914776 0.8128613 0.2914776 0.8128613 0.2762818 0.8128613 0.2599748 0.8128613 0.2599748 0.8128613 0.242269 0.8128613 0.2077565 0.8128613 0.242269 0.8128613 0.257465 0.8128613 0.2705138 0.8128613 0.2705138 0.8128613 0.2762818 0.8128613 0.2914776 0.8128613 0.2762818 0.8128613 0.242269 0.8128613 0.257465 0.8128613 0.257465 0.8128613 0.2077565 0.8128613 0.2077565 0.8128613 0.2077565 0.8128613 0.242269 0.8128613 0.257465 0.8128613 0.257465 0.8128613 0.3045266 0.8128613 0.2914776 0.8128613 0.2914776 0.8128613 0.2705138 0.8128613 0.257465 0.8128613 0.2705138 0.8128613 0.2077565 0.8172565 0.2077565 0.8172565 0.2077565 0.8172565 0.242269 0.8128613 0.2077565 0.8128613 0.242269 0.8128613 0.257465 0.8128613 0.2705138 0.8128613 0.2705138 0.8128613 0.2284717 0.8128613 0.215423 0.8128613 0.2284717 0.8128613 0.2077565 0.8128613 0.2077565 0.8128613 0.2077565 0.8128613 0.242269 0.8172565 0.2077565 0.8172565 0.242269 0.8172565 0.242269 0.8128613 0.257465 0.8128613 0.257465 0.8128613 0.2436676 0.8128613 0.2284717 0.8128613 0.2436676 0.8128613 0.2077565 0.8172565 0.2077565 0.8172565 0.2077565 0.8172565 0.242269 0.8172565 0.257465 0.8172565 0.257465 0.8172565 0.242269 0.8128613 0.2077565 0.8128613 0.242269 0.8128613 0.2436676 0.8128613 0.2599748 0.8128613 0.2599748 0.8128613 0.2077565 0.8128613 0.2077565 0.8128613 0.2077565 0.8128613 0.2705138 0.8172565 0.257465 0.8172565 0.2705138 0.8172565 0.242269 0.8172565 0.2077565 0.8172565 0.242269 0.8172565 0.2762818 0.8128613 0.2599748 0.8128613 0.2762818 0.8128613 0.2077565 0.8172565 0.2077565 0.8172565 0.2077565 0.8172565 0.2284717 0.8172565 0.215423 0.8172565 0.2284717 0.8172565 0.242269 0.8172565 0.257465 0.8172565 0.257465 0.8172565 0.2762818 0.8128613 0.2914776 0.8128613 0.2914776 0.8128613 0.2436676 0.8172565 0.2284717 0.8172565 0.2436676 0.8172565 0.2705138 0.8172565 0.257465 0.8172565 0.2705138 0.8172565 0.3045266 0.8128613 0.2914776 0.8128613 0.3045266 0.8128613 0.2436676 0.8172565 0.2599748 0.8172565 0.2599748 0.8172565 0.2284717 0.8172565 0.215423 0.8172565 0.2284717 0.8172565 0.257465 0.8128613 0.2705138 0.8128613 0.257465 0.8128613 0.2077565 0.8172565 0.2077565 0.8172565 0.2077565 0.8172565 0.2762818 0.8172565 0.2599748 0.8172565 0.2762818 0.8172565 0.2436676 0.8172565 0.2284717 0.8172565 0.2436676 0.8172565 0.242269 0.8128613 0.257465 0.8128613 0.242269 0.8128613 0.2077565 0.8128613 0.2077565 0.8128613 0.2077565 0.8128613 0.2762818 0.8172565 0.2914776 0.8172565 0.2914776 0.8172565 0.2436676 0.8172565 0.2599748 0.8172565 0.2599748 0.8172565 0.242269 0.8128613 0.2077565 0.8128613 0.2077565 0.8128613 0.2077565 0.8128613 0.2077565 0.8128613 0.2077565 0.8128613 0.3045266 0.8172565 0.2914776 0.8172565 0.3045266 0.8172565 0.2762818 0.8172565 0.2599748 0.8172565 0.2762818 0.8172565 0.242269 0.8172565 0.2077565 0.8172565 0.2077565 0.8172565 0.2077565 0.8172565 0.2077565 0.8172565 0.2077565 0.8172565 0.257465 0.8172565 0.2705138 0.8172565 0.257465 0.8172565 0.2762818 0.8172565 0.2914776 0.8172565 0.2914776 0.8172565 0.242269 0.8172565 0.257465 0.8172565 0.242269 0.8172565 0.242269 0.8172565 0.257465 0.8172565 0.242269 0.8172565 0.3045266 0.8172565 0.2914776 0.8172565 0.3045266 0.8172565 0.2705138 0.8172565 0.257465 0.8172565 0.257465 0.8172565 0.242269 0.8172565 0.2077565 0.8172565 0.2077565 0.8172565 0.2705138 0.8172565 0.257465 0.8172565 0.257465 0.8172565 0.2284717 0.8172565 0.215423 0.8172565 0.215423 0.8172565 0.2077565 0.8172565 0.2077565 0.8172565 0.2077565 0.8172565 0.242269 0.8172565 0.257465 0.8172565 0.242269 0.8172565 0.2436676 0.8172565 0.2284717 0.8172565 0.2284717 0.8172565 0.2077565 0.8128613 0.2077565 0.8128613 0.2077565 0.8128613 0.242269 0.8172565 0.2077565 0.8172565 0.2077565 0.8172565 0.2436676 0.8172565 0.2599748 0.8172565 0.2436676 0.8172565 0.2077565 0.8172565 0.2077565 0.8172565 0.2077565 0.8172565 0.2762818 0.8172565 0.2599748 0.8172565 0.2599748 0.8172565 0.2077565 0.8128613 0.2077565 0.8128613 0.2077565 0.8128613 0.2762818 0.8172565 0.2914776 0.8172565 0.2762818 0.8172565 0.2077565 0.8172565 0.2077565 0.8172565 0.2077565 0.8172565 0.3045266 0.8172565 0.2914776 0.8172565 0.2914776 0.8172565 0.2077565 0.8128613 0.2077565 0.8128613 0.2077565 0.8128613 0.257465 0.8172565 0.2705138 0.8172565 0.2705138 0.8172565 0.242269 0.8172565 0.257465 0.8172565 0.257465 0.8172565 0.2077565 0.8128613 0.2077565 0.8128613 0.2077565 0.8128613 0.242269 0.8172565 0.2077565 0.8172565 0.242269 0.8172565 0.2077565 0.8172565 0.2077565 0.8172565 0.2077565 0.8172565 0.2077565 0.8128613 0.2077565 0.8128613 0.2077565 0.8128613 0.2077565 0.8172565 0.2077565 0.8172565 0.2077565 0.8172565 0.2077565 0.8128613 0.2077565 0.8128613 0.2077565 0.8128613 0.2077565 0.8172565 0.2077565 0.8172565 0.2077565 0.8172565 0.242269 0.8128613 0.2077565 0.8128613 0.2077565 0.8128613 0.242269 0.8128613 0.257465 0.8128613 0.242269 0.8128613 0.2705138 0.8128613 0.257465 0.8128613 0.257465 0.8128613 0.2284717 0.8128613 0.215423 0.8128613 0.215423 0.8128613 0.2436676 0.8128613 0.2284717 0.8128613 0.2284717 0.8128613 0.2436676 0.8128613 0.2599748 0.8128613 0.2436676 0.8128613 0.2762818 0.8128613 0.2599748 0.8128613 0.2599748 0.8128613 0.2762818 0.8128613 0.2914776 0.8128613 0.2762818 0.8128613 0.3045266 0.8128613 0.2914776 0.8128613 0.2914776 0.8128613 0.242269 0.8128613 0.2077565 0.8128613 0.242269 0.8128613 0.257465 0.8128613 0.2705138 0.8128613 0.2705138 0.8128613 0.242269 0.8128613 0.257465 0.8128613 0.257465 0.8128613 0.242269 0.8128613 0.257465 0.8128613 0.257465 0.8128613 0.2705138 0.8128613 0.257465 0.8128613 0.2705138 0.8128613 0.242269 0.8128613 0.2077565 0.8128613 0.242269 0.8128613 0.2284717 0.8128613 0.215423 0.8128613 0.2284717 0.8128613 0.242269 0.8172565 0.2077565 0.8172565 0.242269 0.8172565 0.2436676 0.8128613 0.2284717 0.8128613 0.2436676 0.8128613 0.242269 0.8172565 0.257465 0.8172565 0.257465 0.8172565 0.2436676 0.8128613 0.2599748 0.8128613 0.2599748 0.8128613 0.2705138 0.8172565 0.257465 0.8172565 0.2705138 0.8172565 0.2762818 0.8128613 0.2599748 0.8128613 0.2762818 0.8128613 0.242269 0.8128613 0.2077565 0.8128613 0.242269 0.8128613 0.2077565 0.8172565 0.2077565 0.8128613 0.2077565 0.8128613 0.2284717 0.8172565 0.215423 0.8172565 0.2284717 0.8172565 0.2762818 0.8128613 0.2914776 0.8128613 0.2914776 0.8128613 0.242269 0.8128613 0.257465 0.8128613 0.257465 0.8128613 0.2077565 0.8128613 0.2077565 0.8172565 0.2077565 0.8172565 0.2436676 0.8172565 0.2284717 0.8172565 0.2436676 0.8172565 0.3045266 0.8128613 0.2914776 0.8128613 0.3045266 0.8128613 0.2705138 0.8128613 0.257465 0.8128613 0.2705138 0.8128613 0.2077565 0.8172565 0.2077565 0.8128613 0.2077565 0.8128613 0.2436676 0.8172565 0.2599748 0.8172565 0.2599748 0.8172565 0.257465 0.8128613 0.2705138 0.8128613 0.257465 0.8128613 0.2284717 0.8128613 0.215423 0.8128613 0.2284717 0.8128613 0.2077565 0.8128613 0.2077565 0.8172565 0.2077565 0.8172565 0.2762818 0.8172565 0.2599748 0.8172565 0.2762818 0.8172565 0.242269 0.8128613 0.257465 0.8128613 0.242269 0.8128613 0.2436676 0.8128613 0.2284717 0.8128613 0.2436676 0.8128613 0.2077565 0.8172565 0.2077565 0.8128613 0.2077565 0.8128613 0.2762818 0.8172565 0.2914776 0.8172565 0.2914776 0.8172565 0.242269 0.8128613 0.2077565 0.8128613 0.2077565 0.8128613 0.2436676 0.8128613 0.2599748 0.8128613 0.2599748 0.8128613 0.2077565 0.8128613 0.2077565 0.8172565 0.2077565 0.8172565 0.3045266 0.8172565 0.2914776 0.8172565 0.3045266 0.8172565 0.242269 0.8172565 0.2077565 0.8172565 0.2077565 0.8172565 0.2762818 0.8128613 0.2599748 0.8128613 0.2762818 0.8128613 0.08849859 0.7072523 0.08849918 0.7185818 0.09227555 0.7185821 0.08849859 0.6959222 0.08849859 0.7072523 0.09227496 0.7072526 0.08472317 0.718584 0.08472484 0.7299124 0.08850079 0.7299102 0.08472263 0.7072544 0.08472317 0.718584 0.08849918 0.7185818 0.08472263 0.6959244 0.08472263 0.7072544 0.08849859 0.7072523 0.08094775 0.7185909 0.08094936 0.7299193 0.08472484 0.7299124 0.08484733 0.7299122 0.08485007 0.7412396 0.08862608 0.7412376 0.08107191 0.7299191 0.08107459 0.7412464 0.08485007 0.7412396 0.07729709 0.7299307 0.07729971 0.741258 0.08107459 0.7412464 0.07729709 0.7299307 0.0735228 0.729947 0.07352542 0.7412744 0.103607 0.7299107 0.09983032 0.7299107 0.09983307 0.7412381 0.09605371 0.7299107 0.0960564 0.7412381 0.09983307 0.7412381 0.09605371 0.7299107 0.09227722 0.7299105 0.09227991 0.7412379 0.09227722 0.7299105 0.08850079 0.7299102 0.08850353 0.7412376 0.08850079 0.7299102 0.08472484 0.7299124 0.08472752 0.7412397 0.08472484 0.7299124 0.08094936 0.7299193 0.08095204 0.7412468 0.08094936 0.7299193 0.07717454 0.7299311 0.07717722 0.7412586 0.07717454 0.7299311 0.07340031 0.7299476 0.07340294 0.741275 0.08094716 0.7072614 0.08094775 0.7185909 0.08472317 0.718584 0.08472263 0.6959244 0.08094716 0.6959313 0.08094716 0.7072614 0.07717293 0.7186027 0.07717454 0.7299311 0.08094936 0.7299193 0.07717239 0.7072732 0.07717293 0.7186027 0.08094775 0.7185909 0.07339811 0.7072896 0.07339864 0.7186192 0.07717293 0.7186027 0.07717239 0.6959431 0.07717239 0.7072732 0.08094716 0.7072614 0.07339864 0.7186192 0.07340031 0.7299476 0.07717454 0.7299311 0.07339811 0.6959596 0.07339811 0.7072896 0.07717239 0.7072732 0.08849918 0.7185818 0.08850079 0.7299102 0.09227722 0.7299105 0.09227502 0.6959225 0.09227496 0.7072526 0.09605145 0.7072528 0.09227496 0.7072526 0.09227555 0.7185821 0.09605205 0.7185823 0.09227555 0.7185821 0.09227722 0.7299105 0.09605371 0.7299107 0.09605145 0.6959227 0.09605145 0.7072528 0.09982812 0.7072529 0.09605145 0.7072528 0.09605205 0.7185823 0.09982866 0.7185823 0.09605205 0.7185823 0.09605371 0.7299107 0.09983032 0.7299107 0.1036048 0.6959228 0.09982812 0.6959228 0.09982812 0.7072529 0.09982812 0.7072529 0.09982866 0.7185823 0.1036053 0.7185823 0.09982866 0.7185823 0.09983032 0.7299107 0.103607 0.7299107 0.07729488 0.6959426 0.0735206 0.6959589 0.0735206 0.707289 0.0735206 0.707289 0.07352119 0.7186186 0.07729542 0.7186022 0.07352119 0.7186186 0.0735228 0.729947 0.07729709 0.7299307 0.07729488 0.6959426 0.07729488 0.7072727 0.0810697 0.7072611 0.07729488 0.7072727 0.07729542 0.7186022 0.08107024 0.7185906 0.07729542 0.7186022 0.07729709 0.7299307 0.08107191 0.7299191 0.0810697 0.695931 0.0810697 0.7072611 0.08484518 0.7072542 0.0810697 0.7072611 0.08107024 0.7185906 0.08484572 0.7185837 0.08107024 0.7185906 0.08107191 0.7299191 0.08484733 0.7299122 0.08484518 0.6959242 0.08484518 0.7072542 0.08862119 0.7072523 0.08484518 0.7072542 0.08484572 0.7185837 0.08862173 0.7185818 0.08484572 0.7185837 0.08484733 0.7299122 0.0886234 0.7299103 0.08850353 0.7412376 0.09227991 0.7412379 0.09227991 0.7412379 0.09227991 0.7412379 0.0960564 0.7412381 0.0960564 0.7412381 0.0960564 0.7412381 0.09983307 0.7412381 0.09983307 0.7412381 0.09983307 0.7412381 0.1036098 0.7412381 0.1036098 0.7412381 0.07352542 0.7412744 0.07729971 0.741258 0.07729971 0.741258 0.07729971 0.741258 0.08107459 0.7412464 0.08107459 0.7412464 0.07717722 0.7412586 0.08095204 0.7412468 0.08095204 0.7412468 0.08107459 0.7412464 0.08485007 0.7412396 0.08485007 0.7412396 0.08095204 0.7412468 0.08472752 0.7412397 0.08472752 0.7412397 0.08472752 0.7412397 0.08850353 0.7412376 0.08850353 0.7412376 0.036282 0.8091774 0.04586237 0.8145577 0.04658824 0.7742571 0.04586237 0.8145577 0.08067607 0.8248326 0.0916754 0.787564 0.04648959 0.7633513 0.0378825 0.7901323 0.119524 0.7919381 0.0378825 0.7901323 0.03806835 0.7996076 0.04090136 0.8094075 0.119524 0.7919381 0.0378825 0.7901323 0.1076643 0.8174461 0.04090136 0.8094075 0.04617422 0.8181402 0.0378825 0.7901323 0.04617422 0.8181402 0.05352759 0.8252107 0.0378825 0.7901323 0.05352759 0.8252107 0.06246042 0.830137 0.0378825 0.7901323 0.06246042 0.830137 0.07236379 0.8325836 0.1076643 0.8174461 0.07236379 0.8325836 0.08256304 0.8323835 0.1076643 0.8174461 0.08256304 0.8323835 0.09236294 0.8295504 0.1076643 0.8174461 0.09236294 0.8295504 0.1010956 0.8242776 0.1076643 0.8174461 0.126331 0.909931 0.1319679 0.9042941 0.1249166 0.8951047 0.1411574 0.9113455 0.1319679 0.9042941 0.126331 0.909931 0.1497955 0.9234783 0.1518588 0.9157781 0.1411574 0.9113455 0.1633428 0.9252619 0.1633428 0.91729 0.1518588 0.9157781 0.1484231 0.9234783 0.1504863 0.9157781 0.1619703 0.91729 0.1357991 0.9182493 0.1397849 0.9113455 0.1504863 0.9157781 0.1249585 0.909931 0.1305954 0.9042941 0.1397849 0.9113455 0.1235441 0.8951046 0.1305954 0.9042941 0.1249585 0.909931 0.1192178 0.8846599 0.1235441 0.8951046 0.1166403 0.8990905 0.1180127 0.8990905 0.1249166 0.8951047 0.1205902 0.88466 0.03570747 0.759131 0.02629065 0.7884315 0.0378825 0.7901323 0.0378825 0.7901323 0.02629065 0.7884315 0.02654415 0.8013554 0.03806835 0.7996076 0.02654415 0.8013554 0.03022217 0.8140785 0.04090136 0.8094075 0.03022217 0.8140785 0.03706783 0.825416 0.03706783 0.825416 0.04661458 0.8345953 0.05352759 0.8252107 0.04661458 0.8345953 0.05821192 0.8409911 0.06246042 0.830137 0.06246042 0.830137 0.05821192 0.8409911 0.07106935 0.8441674 0.07106935 0.8441674 0.08431077 0.8439077 0.08256304 0.8323835 0.08431077 0.8439077 0.09703379 0.8402295 0.09236294 0.8295504 0.09236294 0.8295504 0.09703379 0.8402295 0.1083714 0.833384 0.1083714 0.833384 0.1173306 0.8240662 0.1076643 0.8174461 0.1076643 0.8174461 0.1173306 0.8240662 0.1303061 0.7961584 0.04658824 0.7742571 0.0916754 0.787564 0.04586237 0.8145577 0.0916754 0.787564 0.08067607 0.8248326 0.04586237 0.8145577 0.257465 0.8172565 0.2705138 0.8172565 0.2705138 0.8128613 0.257465 0.8172565 0.242269 0.8172565 0.242269 0.8128613 0.215423 0.8172565 0.2284717 0.8172565 0.2284717 0.8128613 0.242269 0.8172565 0.2077565 0.8172565 0.2077565 0.8128613 0.2284717 0.8172565 0.2436676 0.8172565 0.2436676 0.8128613 0.2436676 0.8172565 0.2599748 0.8172565 0.2599748 0.8128613 0.2599748 0.8172565 0.2762818 0.8172565 0.2762818 0.8128613 0.2762818 0.8172565 0.2914776 0.8172565 0.2914776 0.8128613 0.2077565 0.8172565 0.242269 0.8172565 0.242269 0.8128613 0.2914776 0.8172565 0.3045266 0.8172565 0.3045266 0.8128613 0.242269 0.8172565 0.257465 0.8172565 0.257465 0.8128613 0.2705138 0.8172565 0.257465 0.8172565 0.257465 0.8128613 0.257465 0.8172565 0.2705138 0.8172565 0.2705138 0.8128613 0.257465 0.8172565 0.242269 0.8172565 0.242269 0.8128613 0.215423 0.8172565 0.2284717 0.8172565 0.2284717 0.8128613 0.242269 0.8172565 0.2077565 0.8172565 0.2077565 0.8128613 0.2284717 0.8172565 0.2436676 0.8172565 0.2436676 0.8128613 0.2436676 0.8172565 0.2599748 0.8172565 0.2599748 0.8128613 0.2599748 0.8172565 0.2762818 0.8172565 0.2762818 0.8128613 0.2762818 0.8172565 0.2914776 0.8172565 0.2914776 0.8128613 0.2077565 0.8172565 0.242269 0.8172565 0.242269 0.8128613 0.2914776 0.8172565 0.3045266 0.8172565 0.3045266 0.8128613 0.242269 0.8172565 0.257465 0.8172565 0.257465 0.8128613 0.2705138 0.8172565 0.257465 0.8172565 0.257465 0.8128613 0.257465 0.8172565 0.2705138 0.8172565 0.2705138 0.8128613 0.257465 0.8172565 0.242269 0.8172565 0.242269 0.8128613 0.215423 0.8172565 0.2284717 0.8172565 0.2284717 0.8128613 0.242269 0.8172565 0.2077565 0.8172565 0.2077565 0.8128613 0.2284717 0.8172565 0.2436676 0.8172565 0.2436676 0.8128613 0.2436676 0.8172565 0.2599748 0.8172565 0.2599748 0.8128613 0.2599748 0.8172565 0.2762818 0.8172565 0.2762818 0.8128613 0.2762818 0.8172565 0.2914776 0.8172565 0.2914776 0.8128613 0.2077565 0.8172565 0.242269 0.8172565 0.242269 0.8128613 0.2914776 0.8172565 0.3045266 0.8172565 0.3045266 0.8128613 0.242269 0.8172565 0.257465 0.8172565 0.257465 0.8128613 0.2705138 0.8172565 0.257465 0.8172565 0.257465 0.8128613 0.257465 0.8172565 0.2705138 0.8172565 0.2705138 0.8128613 0.257465 0.8172565 0.242269 0.8172565 0.242269 0.8128613 0.215423 0.8172565 0.2284717 0.8172565 0.2284717 0.8128613 0.242269 0.8172565 0.2077565 0.8172565 0.2077565 0.8128613 0.2284717 0.8172565 0.2436676 0.8172565 0.2436676 0.8128613 0.2436676 0.8172565 0.2599748 0.8172565 0.2599748 0.8128613 0.2599748 0.8172565 0.2762818 0.8172565 0.2762818 0.8128613 0.2762818 0.8172565 0.2914776 0.8172565 0.2914776 0.8128613 0.2077565 0.8172565 0.242269 0.8172565 0.242269 0.8128613 0.2914776 0.8172565 0.3045266 0.8172565 0.3045266 0.8128613 0.242269 0.8172565 0.257465 0.8172565 0.257465 0.8128613 0.2705138 0.8172565 0.257465 0.8172565 0.257465 0.8128613 0.09227555 0.7185821 0.08849918 0.7185818 0.08849859 0.7072523 0.09227496 0.7072526 0.08849859 0.7072523 0.08849859 0.6959222 0.08850079 0.7299102 0.08472484 0.7299124 0.08472317 0.718584 0.08849918 0.7185818 0.08472317 0.718584 0.08472263 0.7072544 0.08849859 0.7072523 0.08472263 0.7072544 0.08472263 0.6959244 0.08472484 0.7299124 0.08094936 0.7299193 0.08094775 0.7185909 0.08862608 0.7412376 0.08485007 0.7412396 0.08484733 0.7299122 0.08485007 0.7412396 0.08107459 0.7412464 0.08107191 0.7299191 0.08107459 0.7412464 0.07729971 0.741258 0.07729709 0.7299307 0.07729709 0.7299307 0.07729971 0.741258 0.07352542 0.7412744 0.103607 0.7299107 0.1036098 0.7412381 0.09983307 0.7412381 0.09983307 0.7412381 0.0960564 0.7412381 0.09605371 0.7299107 0.09605371 0.7299107 0.0960564 0.7412381 0.09227991 0.7412379 0.09227722 0.7299105 0.09227991 0.7412379 0.08850353 0.7412376 0.08850079 0.7299102 0.08850353 0.7412376 0.08472752 0.7412397 0.08472484 0.7299124 0.08472752 0.7412397 0.08095204 0.7412468 0.08094936 0.7299193 0.08095204 0.7412468 0.07717722 0.7412586 0.07717454 0.7299311 0.07717722 0.7412586 0.07340294 0.741275 0.08472317 0.718584 0.08094775 0.7185909 0.08094716 0.7072614 0.08472263 0.6959244 0.08472263 0.7072544 0.08094716 0.7072614 0.08094936 0.7299193 0.07717454 0.7299311 0.07717293 0.7186027 0.08094775 0.7185909 0.07717293 0.7186027 0.07717239 0.7072732 0.07717293 0.7186027 0.07339864 0.7186192 0.07339811 0.7072896 0.08094716 0.7072614 0.07717239 0.7072732 0.07717239 0.6959431 0.07717454 0.7299311 0.07340031 0.7299476 0.07339864 0.7186192 0.07717239 0.7072732 0.07339811 0.7072896 0.07339811 0.6959596 0.09227722 0.7299105 0.08850079 0.7299102 0.08849918 0.7185818 0.09605145 0.7072528 0.09227496 0.7072526 0.09227502 0.6959225 0.09605205 0.7185823 0.09227555 0.7185821 0.09227496 0.7072526 0.09605371 0.7299107 0.09227722 0.7299105 0.09227555 0.7185821 0.09982812 0.7072529 0.09605145 0.7072528 0.09605145 0.6959227 0.09982866 0.7185823 0.09605205 0.7185823 0.09605145 0.7072528 0.09983032 0.7299107 0.09605371 0.7299107 0.09605205 0.7185823 0.1036048 0.6959228 0.1036048 0.7072529 0.09982812 0.7072529 0.1036053 0.7185823 0.09982866 0.7185823 0.09982812 0.7072529 0.103607 0.7299107 0.09983032 0.7299107 0.09982866 0.7185823 0.07729488 0.6959426 0.07729488 0.7072727 0.0735206 0.707289 0.07729542 0.7186022 0.07352119 0.7186186 0.0735206 0.707289 0.07729709 0.7299307 0.0735228 0.729947 0.07352119 0.7186186 0.0810697 0.7072611 0.07729488 0.7072727 0.07729488 0.6959426 0.08107024 0.7185906 0.07729542 0.7186022 0.07729488 0.7072727 0.08107191 0.7299191 0.07729709 0.7299307 0.07729542 0.7186022 0.08484518 0.7072542 0.0810697 0.7072611 0.0810697 0.695931 0.08484572 0.7185837 0.08107024 0.7185906 0.0810697 0.7072611 0.08484733 0.7299122 0.08107191 0.7299191 0.08107024 0.7185906 0.08862119 0.7072523 0.08484518 0.7072542 0.08484518 0.6959242 0.08862173 0.7185818 0.08484572 0.7185837 0.08484518 0.7072542 0.0886234 0.7299103 0.08484733 0.7299122 0.08484572 0.7185837 0.09227991 0.7412379 0.09227991 0.7412379 0.08850353 0.7412376 0.0960564 0.7412381 0.0960564 0.7412381 0.09227991 0.7412379 0.09983307 0.7412381 0.09983307 0.7412381 0.0960564 0.7412381 0.1036098 0.7412381 0.1036098 0.7412381 0.09983307 0.7412381 0.07729971 0.741258 0.07729971 0.741258 0.07352542 0.7412744 0.08107459 0.7412464 0.08107459 0.7412464 0.07729971 0.741258 0.08095204 0.7412468 0.08095204 0.7412468 0.07717722 0.7412586 0.08485007 0.7412396 0.08485007 0.7412396 0.08107459 0.7412464 0.08472752 0.7412397 0.08472752 0.7412397 0.08095204 0.7412468 0.08850353 0.7412376 0.08850353 0.7412376 0.08472752 0.7412397 0.08067607 0.8248326 0.04586237 0.8145577 0.0916754 0.787564 0.04586237 0.8145577 0.036282 0.8091774 0.04658824 0.7742571 0.03806835 0.7996076 0.0378825 0.7901323 0.04090136 0.8094075 0.0378825 0.7901323 0.04648959 0.7633513 0.1076643 0.8174461 0.04648959 0.7633513 0.119524 0.7919381 0.1076643 0.8174461 0.1076643 0.8174461 0.1010956 0.8242776 0.09236294 0.8295504 0.09236294 0.8295504 0.08256304 0.8323835 0.1076643 0.8174461 0.08256304 0.8323835 0.07236379 0.8325836 0.1076643 0.8174461 0.07236379 0.8325836 0.06246042 0.830137 0.1076643 0.8174461 0.06246042 0.830137 0.05352759 0.8252107 0.0378825 0.7901323 0.1076643 0.8174461 0.06246042 0.830137 0.0378825 0.7901323 0.05352759 0.8252107 0.04617422 0.8181402 0.0378825 0.7901323 0.126331 0.909931 0.1180127 0.8990905 0.1249166 0.8951047 0.126331 0.909931 0.1319679 0.9042941 0.1411574 0.9113455 0.1497955 0.9234783 0.1371715 0.9182493 0.1411574 0.9113455 0.1633428 0.9252619 0.1497955 0.9234783 0.1518588 0.9157781 0.1484231 0.9234783 0.1619703 0.9252619 0.1619703 0.91729 0.1357991 0.9182493 0.1484231 0.9234783 0.1504863 0.9157781 0.1249585 0.909931 0.1357991 0.9182493 0.1397849 0.9113455 0.1249585 0.909931 0.1305954 0.9042941 0.1235441 0.8951046 0.1166403 0.8990905 0.1235441 0.8951046 0.1192178 0.8846599 0.1180127 0.8990905 0.1127837 0.8864665 0.1205902 0.88466 0.0378825 0.7901323 0.02629065 0.7884315 0.03570747 0.759131 0.0378825 0.7901323 0.03806835 0.7996076 0.02654415 0.8013554 0.03806835 0.7996076 0.04090136 0.8094075 0.03022217 0.8140785 0.04090136 0.8094075 0.04617422 0.8181402 0.03706783 0.825416 0.05352759 0.8252107 0.04661458 0.8345953 0.03706783 0.825416 0.06246042 0.830137 0.05821192 0.8409911 0.04661458 0.8345953 0.06246042 0.830137 0.07236379 0.8325836 0.07106935 0.8441674 0.08256304 0.8323835 0.08431077 0.8439077 0.07106935 0.8441674 0.09236294 0.8295504 0.09703379 0.8402295 0.08431077 0.8439077 0.09236294 0.8295504 0.1010956 0.8242776 0.1083714 0.833384 0.1076643 0.8174461 0.1173306 0.8240662 0.1083714 0.833384 0.1076643 0.8174461 0.119524 0.7919381 0.1303061 0.7961584 0.08067607 0.8248326 0.0916754 0.787564 0.04586237 0.8145577 0.0916754 0.787564 0.04658824 0.7742571 0.04586237 0.8145577 0.2705138 0.8128613 0.2705138 0.8172565 0.257465 0.8172565 0.242269 0.8128613 0.242269 0.8172565 0.257465 0.8172565 0.2284717 0.8128613 0.2284717 0.8172565 0.215423 0.8172565 0.2077565 0.8128613 0.2077565 0.8172565 0.242269 0.8172565 0.2436676 0.8128613 0.2436676 0.8172565 0.2284717 0.8172565 0.2599748 0.8128613 0.2599748 0.8172565 0.2436676 0.8172565 0.2762818 0.8128613 0.2762818 0.8172565 0.2599748 0.8172565 0.2914776 0.8128613 0.2914776 0.8172565 0.2762818 0.8172565 0.242269 0.8128613 0.242269 0.8172565 0.2077565 0.8172565 0.3045266 0.8128613 0.3045266 0.8172565 0.2914776 0.8172565 0.257465 0.8128613 0.257465 0.8172565 0.242269 0.8172565 0.257465 0.8128613 0.257465 0.8172565 0.2705138 0.8172565 0.2705138 0.8128613 0.2705138 0.8172565 0.257465 0.8172565 0.242269 0.8128613 0.242269 0.8172565 0.257465 0.8172565 0.2284717 0.8128613 0.2284717 0.8172565 0.215423 0.8172565 0.2077565 0.8128613 0.2077565 0.8172565 0.242269 0.8172565 0.2436676 0.8128613 0.2436676 0.8172565 0.2284717 0.8172565 0.2599748 0.8128613 0.2599748 0.8172565 0.2436676 0.8172565 0.2762818 0.8128613 0.2762818 0.8172565 0.2599748 0.8172565 0.2914776 0.8128613 0.2914776 0.8172565 0.2762818 0.8172565 0.242269 0.8128613 0.242269 0.8172565 0.2077565 0.8172565 0.3045266 0.8128613 0.3045266 0.8172565 0.2914776 0.8172565 0.257465 0.8128613 0.257465 0.8172565 0.242269 0.8172565 0.257465 0.8128613 0.257465 0.8172565 0.2705138 0.8172565 0.2705138 0.8128613 0.2705138 0.8172565 0.257465 0.8172565 0.242269 0.8128613 0.242269 0.8172565 0.257465 0.8172565 0.2284717 0.8128613 0.2284717 0.8172565 0.215423 0.8172565 0.2077565 0.8128613 0.2077565 0.8172565 0.242269 0.8172565 0.2436676 0.8128613 0.2436676 0.8172565 0.2284717 0.8172565 0.2599748 0.8128613 0.2599748 0.8172565 0.2436676 0.8172565 0.2762818 0.8128613 0.2762818 0.8172565 0.2599748 0.8172565 0.2914776 0.8128613 0.2914776 0.8172565 0.2762818 0.8172565 0.242269 0.8128613 0.242269 0.8172565 0.2077565 0.8172565 0.3045266 0.8128613 0.3045266 0.8172565 0.2914776 0.8172565 0.257465 0.8128613 0.257465 0.8172565 0.242269 0.8172565 0.257465 0.8128613 0.257465 0.8172565 0.2705138 0.8172565 0.2705138 0.8128613 0.2705138 0.8172565 0.257465 0.8172565 0.242269 0.8128613 0.242269 0.8172565 0.257465 0.8172565 0.2284717 0.8128613 0.2284717 0.8172565 0.215423 0.8172565 0.2077565 0.8128613 0.2077565 0.8172565 0.242269 0.8172565 0.2436676 0.8128613 0.2436676 0.8172565 0.2284717 0.8172565 0.2599748 0.8128613 0.2599748 0.8172565 0.2436676 0.8172565 0.2762818 0.8128613 0.2762818 0.8172565 0.2599748 0.8172565 0.2914776 0.8128613 0.2914776 0.8172565 0.2762818 0.8172565 0.242269 0.8128613 0.242269 0.8172565 0.2077565 0.8172565 0.3045266 0.8128613 0.3045266 0.8172565 0.2914776 0.8172565 0.257465 0.8128613 0.257465 0.8172565 0.242269 0.8172565 0.257465 0.8128613 0.257465 0.8172565 0.2705138 0.8172565 0.09227555 0.7185821 0.08849918 0.7185818 0.08849859 0.7072523 0.09227496 0.7072526 0.08849859 0.7072523 0.08849859 0.6959222 0.08850079 0.7299102 0.08472484 0.7299124 0.08472317 0.718584 0.08849918 0.7185818 0.08472317 0.718584 0.08472263 0.7072544 0.08849859 0.7072523 0.08472263 0.7072544 0.08472263 0.6959244 0.08472484 0.7299124 0.08094936 0.7299193 0.08094775 0.7185909 0.08862608 0.7412376 0.08485007 0.7412396 0.08484733 0.7299122 0.08485007 0.7412396 0.08107459 0.7412464 0.08107191 0.7299191 0.08107459 0.7412464 0.07729971 0.741258 0.07729709 0.7299307 0.07729709 0.7299307 0.07729971 0.741258 0.07352542 0.7412744 0.103607 0.7299107 0.1036098 0.7412381 0.09983307 0.7412381 0.09983307 0.7412381 0.0960564 0.7412381 0.09605371 0.7299107 0.09605371 0.7299107 0.0960564 0.7412381 0.09227991 0.7412379 0.09227722 0.7299105 0.09227991 0.7412379 0.08850353 0.7412376 0.08850079 0.7299102 0.08850353 0.7412376 0.08472752 0.7412397 0.08472484 0.7299124 0.08472752 0.7412397 0.08095204 0.7412468 0.08094936 0.7299193 0.08095204 0.7412468 0.07717722 0.7412586 0.07717454 0.7299311 0.07717722 0.7412586 0.07340294 0.741275 0.08472317 0.718584 0.08094775 0.7185909 0.08094716 0.7072614 0.08472263 0.6959244 0.08472263 0.7072544 0.08094716 0.7072614 0.08094936 0.7299193 0.07717454 0.7299311 0.07717293 0.7186027 0.08094775 0.7185909 0.07717293 0.7186027 0.07717239 0.7072732 0.07717293 0.7186027 0.07339864 0.7186192 0.07339811 0.7072896 0.08094716 0.7072614 0.07717239 0.7072732 0.07717239 0.6959431 0.07717454 0.7299311 0.07340031 0.7299476 0.07339864 0.7186192 0.07717239 0.7072732 0.07339811 0.7072896 0.07339811 0.6959596 0.09227722 0.7299105 0.08850079 0.7299102 0.08849918 0.7185818 0.09605145 0.7072528 0.09227496 0.7072526 0.09227502 0.6959225 0.09605205 0.7185823 0.09227555 0.7185821 0.09227496 0.7072526 0.09605371 0.7299107 0.09227722 0.7299105 0.09227555 0.7185821 0.09982812 0.7072529 0.09605145 0.7072528 0.09605145 0.6959227 0.09982866 0.7185823 0.09605205 0.7185823 0.09605145 0.7072528 0.09983032 0.7299107 0.09605371 0.7299107 0.09605205 0.7185823 0.1036048 0.6959228 0.1036048 0.7072529 0.09982812 0.7072529 0.1036053 0.7185823 0.09982866 0.7185823 0.09982812 0.7072529 0.103607 0.7299107 0.09983032 0.7299107 0.09982866 0.7185823 0.07729488 0.6959426 0.07729488 0.7072727 0.0735206 0.707289 0.07729542 0.7186022 0.07352119 0.7186186 0.0735206 0.707289 0.07729709 0.7299307 0.0735228 0.729947 0.07352119 0.7186186 0.0810697 0.7072611 0.07729488 0.7072727 0.07729488 0.6959426 0.08107024 0.7185906 0.07729542 0.7186022 0.07729488 0.7072727 0.08107191 0.7299191 0.07729709 0.7299307 0.07729542 0.7186022 0.08484518 0.7072542 0.0810697 0.7072611 0.0810697 0.695931 0.08484572 0.7185837 0.08107024 0.7185906 0.0810697 0.7072611 0.08484733 0.7299122 0.08107191 0.7299191 0.08107024 0.7185906 0.08862119 0.7072523 0.08484518 0.7072542 0.08484518 0.6959242 0.08862173 0.7185818 0.08484572 0.7185837 0.08484518 0.7072542 0.0886234 0.7299103 0.08484733 0.7299122 0.08484572 0.7185837 0.09227991 0.7412379 0.09227991 0.7412379 0.08850353 0.7412376 0.0960564 0.7412381 0.0960564 0.7412381 0.09227991 0.7412379 0.09983307 0.7412381 0.09983307 0.7412381 0.0960564 0.7412381 0.1036098 0.7412381 0.1036098 0.7412381 0.09983307 0.7412381 0.07729971 0.741258 0.07729971 0.741258 0.07352542 0.7412744 0.08107459 0.7412464 0.08107459 0.7412464 0.07729971 0.741258 0.08095204 0.7412468 0.08095204 0.7412468 0.07717722 0.7412586 0.08485007 0.7412396 0.08485007 0.7412396 0.08107459 0.7412464 0.08472752 0.7412397 0.08472752 0.7412397 0.08095204 0.7412468 0.08850353 0.7412376 0.08850353 0.7412376 0.08472752 0.7412397 0.08067607 0.8248326 0.04586237 0.8145577 0.0916754 0.787564 0.04586237 0.8145577 0.036282 0.8091774 0.04658824 0.7742571 0.03806835 0.7996076 0.0378825 0.7901323 0.04090136 0.8094075 0.0378825 0.7901323 0.04648959 0.7633513 0.1076643 0.8174461 0.04648959 0.7633513 0.119524 0.7919381 0.1076643 0.8174461 0.1076643 0.8174461 0.1010956 0.8242776 0.09236294 0.8295504 0.09236294 0.8295504 0.08256304 0.8323835 0.1076643 0.8174461 0.08256304 0.8323835 0.07236379 0.8325836 0.1076643 0.8174461 0.07236379 0.8325836 0.06246042 0.830137 0.1076643 0.8174461 0.06246042 0.830137 0.05352759 0.8252107 0.0378825 0.7901323 0.1076643 0.8174461 0.06246042 0.830137 0.0378825 0.7901323 0.05352759 0.8252107 0.04617422 0.8181402 0.0378825 0.7901323 0.126331 0.909931 0.1180127 0.8990905 0.1249166 0.8951047 0.126331 0.909931 0.1319679 0.9042941 0.1411574 0.9113455 0.1497955 0.9234783 0.1371715 0.9182493 0.1411574 0.9113455 0.1633428 0.9252619 0.1497955 0.9234783 0.1518588 0.9157781 0.1484231 0.9234783 0.1619703 0.9252619 0.1619703 0.91729 0.1357991 0.9182493 0.1484231 0.9234783 0.1504863 0.9157781 0.1249585 0.909931 0.1357991 0.9182493 0.1397849 0.9113455 0.1249585 0.909931 0.1305954 0.9042941 0.1235441 0.8951046 0.1166403 0.8990905 0.1235441 0.8951046 0.1192178 0.8846599 0.1180127 0.8990905 0.1127837 0.8864665 0.1205902 0.88466 0.0378825 0.7901323 0.02629065 0.7884315 0.03570747 0.759131 0.0378825 0.7901323 0.03806835 0.7996076 0.02654415 0.8013554 0.03806835 0.7996076 0.04090136 0.8094075 0.03022217 0.8140785 0.04090136 0.8094075 0.04617422 0.8181402 0.03706783 0.825416 0.05352759 0.8252107 0.04661458 0.8345953 0.03706783 0.825416 0.06246042 0.830137 0.05821192 0.8409911 0.04661458 0.8345953 0.06246042 0.830137 0.07236379 0.8325836 0.07106935 0.8441674 0.08256304 0.8323835 0.08431077 0.8439077 0.07106935 0.8441674 0.09236294 0.8295504 0.09703379 0.8402295 0.08431077 0.8439077 0.09236294 0.8295504 0.1010956 0.8242776 0.1083714 0.833384 0.1076643 0.8174461 0.1173306 0.8240662 0.1083714 0.833384 0.1076643 0.8174461 0.119524 0.7919381 0.1303061 0.7961584 0.08067607 0.8248326 0.0916754 0.787564 0.04586237 0.8145577 0.0916754 0.787564 0.04658824 0.7742571 0.04586237 0.8145577 0.2705138 0.8128613 0.2705138 0.8172565 0.257465 0.8172565 0.242269 0.8128613 0.242269 0.8172565 0.257465 0.8172565 0.2284717 0.8128613 0.2284717 0.8172565 0.215423 0.8172565 0.2077565 0.8128613 0.2077565 0.8172565 0.242269 0.8172565 0.2436676 0.8128613 0.2436676 0.8172565 0.2284717 0.8172565 0.2599748 0.8128613 0.2599748 0.8172565 0.2436676 0.8172565 0.2762818 0.8128613 0.2762818 0.8172565 0.2599748 0.8172565 0.2914776 0.8128613 0.2914776 0.8172565 0.2762818 0.8172565 0.242269 0.8128613 0.242269 0.8172565 0.2077565 0.8172565 0.3045266 0.8128613 0.3045266 0.8172565 0.2914776 0.8172565 0.257465 0.8128613 0.257465 0.8172565 0.242269 0.8172565 0.257465 0.8128613 0.257465 0.8172565 0.2705138 0.8172565 0.2705138 0.8128613 0.2705138 0.8172565 0.257465 0.8172565 0.242269 0.8128613 0.242269 0.8172565 0.257465 0.8172565 0.2284717 0.8128613 0.2284717 0.8172565 0.215423 0.8172565 0.2077565 0.8128613 0.2077565 0.8172565 0.242269 0.8172565 0.2436676 0.8128613 0.2436676 0.8172565 0.2284717 0.8172565 0.2599748 0.8128613 0.2599748 0.8172565 0.2436676 0.8172565 0.2762818 0.8128613 0.2762818 0.8172565 0.2599748 0.8172565 0.2914776 0.8128613 0.2914776 0.8172565 0.2762818 0.8172565 0.242269 0.8128613 0.242269 0.8172565 0.2077565 0.8172565 0.3045266 0.8128613 0.3045266 0.8172565 0.2914776 0.8172565 0.257465 0.8128613 0.257465 0.8172565 0.242269 0.8172565 0.257465 0.8128613 0.257465 0.8172565 0.2705138 0.8172565 0.2705138 0.8128613 0.2705138 0.8172565 0.257465 0.8172565 0.242269 0.8128613 0.242269 0.8172565 0.257465 0.8172565 0.2284717 0.8128613 0.2284717 0.8172565 0.215423 0.8172565 0.2077565 0.8128613 0.2077565 0.8172565 0.242269 0.8172565 0.2436676 0.8128613 0.2436676 0.8172565 0.2284717 0.8172565 0.2599748 0.8128613 0.2599748 0.8172565 0.2436676 0.8172565 0.2762818 0.8128613 0.2762818 0.8172565 0.2599748 0.8172565 0.2914776 0.8128613 0.2914776 0.8172565 0.2762818 0.8172565 0.242269 0.8128613 0.242269 0.8172565 0.2077565 0.8172565 0.3045266 0.8128613 0.3045266 0.8172565 0.2914776 0.8172565 0.257465 0.8128613 0.257465 0.8172565 0.242269 0.8172565 0.257465 0.8128613 0.257465 0.8172565 0.2705138 0.8172565 0.2705138 0.8128613 0.2705138 0.8172565 0.257465 0.8172565 0.242269 0.8128613 0.242269 0.8172565 0.257465 0.8172565 0.2284717 0.8128613 0.2284717 0.8172565 0.215423 0.8172565 0.2077565 0.8128613 0.2077565 0.8172565 0.242269 0.8172565 0.2436676 0.8128613 0.2436676 0.8172565 0.2284717 0.8172565 0.2599748 0.8128613 0.2599748 0.8172565 0.2436676 0.8172565 0.2762818 0.8128613 0.2762818 0.8172565 0.2599748 0.8172565 0.2914776 0.8128613 0.2914776 0.8172565 0.2762818 0.8172565 0.242269 0.8128613 0.242269 0.8172565 0.2077565 0.8172565 0.3045266 0.8128613 0.3045266 0.8172565 0.2914776 0.8172565 0.257465 0.8128613 0.257465 0.8172565 0.242269 0.8172565 0.257465 0.8128613 0.257465 0.8172565 0.2705138 0.8172565 0.08849859 0.7072523 0.08849918 0.7185818 0.09227555 0.7185821 0.08849859 0.6959222 0.08849859 0.7072523 0.09227496 0.7072526 0.08472317 0.718584 0.08472484 0.7299124 0.08850079 0.7299102 0.08472263 0.7072544 0.08472317 0.718584 0.08849918 0.7185818 0.08472263 0.6959244 0.08472263 0.7072544 0.08849859 0.7072523 0.08094775 0.7185909 0.08094936 0.7299193 0.08472484 0.7299124 0.08484733 0.7299122 0.08485007 0.7412396 0.08862608 0.7412376 0.08107191 0.7299191 0.08107459 0.7412464 0.08485007 0.7412396 0.07729709 0.7299307 0.07729971 0.741258 0.08107459 0.7412464 0.07729709 0.7299307 0.0735228 0.729947 0.07352542 0.7412744 0.103607 0.7299107 0.09983032 0.7299107 0.09983307 0.7412381 0.09605371 0.7299107 0.0960564 0.7412381 0.09983307 0.7412381 0.09605371 0.7299107 0.09227722 0.7299105 0.09227991 0.7412379 0.09227722 0.7299105 0.08850079 0.7299102 0.08850353 0.7412376 0.08850079 0.7299102 0.08472484 0.7299124 0.08472752 0.7412397 0.08472484 0.7299124 0.08094936 0.7299193 0.08095204 0.7412468 0.08094936 0.7299193 0.07717454 0.7299311 0.07717722 0.7412586 0.07717454 0.7299311 0.07340031 0.7299476 0.07340294 0.741275 0.08094716 0.7072614 0.08094775 0.7185909 0.08472317 0.718584 0.08472263 0.6959244 0.08094716 0.6959313 0.08094716 0.7072614 0.07717293 0.7186027 0.07717454 0.7299311 0.08094936 0.7299193 0.07717239 0.7072732 0.07717293 0.7186027 0.08094775 0.7185909 0.07339811 0.7072896 0.07339864 0.7186192 0.07717293 0.7186027 0.07717239 0.6959431 0.07717239 0.7072732 0.08094716 0.7072614 0.07339864 0.7186192 0.07340031 0.7299476 0.07717454 0.7299311 0.07339811 0.6959596 0.07339811 0.7072896 0.07717239 0.7072732 0.08849918 0.7185818 0.08850079 0.7299102 0.09227722 0.7299105 0.09227502 0.6959225 0.09227496 0.7072526 0.09605145 0.7072528 0.09227496 0.7072526 0.09227555 0.7185821 0.09605205 0.7185823 0.09227555 0.7185821 0.09227722 0.7299105 0.09605371 0.7299107 0.09605145 0.6959227 0.09605145 0.7072528 0.09982812 0.7072529 0.09605145 0.7072528 0.09605205 0.7185823 0.09982866 0.7185823 0.09605205 0.7185823 0.09605371 0.7299107 0.09983032 0.7299107 0.1036048 0.6959228 0.09982812 0.6959228 0.09982812 0.7072529 0.09982812 0.7072529 0.09982866 0.7185823 0.1036053 0.7185823 0.09982866 0.7185823 0.09983032 0.7299107 0.103607 0.7299107 0.07729488 0.6959426 0.0735206 0.6959589 0.0735206 0.707289 0.0735206 0.707289 0.07352119 0.7186186 0.07729542 0.7186022 0.07352119 0.7186186 0.0735228 0.729947 0.07729709 0.7299307 0.07729488 0.6959426 0.07729488 0.7072727 0.0810697 0.7072611 0.07729488 0.7072727 0.07729542 0.7186022 0.08107024 0.7185906 0.07729542 0.7186022 0.07729709 0.7299307 0.08107191 0.7299191 0.0810697 0.695931 0.0810697 0.7072611 0.08484518 0.7072542 0.0810697 0.7072611 0.08107024 0.7185906 0.08484572 0.7185837 0.08107024 0.7185906 0.08107191 0.7299191 0.08484733 0.7299122 0.08484518 0.6959242 0.08484518 0.7072542 0.08862119 0.7072523 0.08484518 0.7072542 0.08484572 0.7185837 0.08862173 0.7185818 0.08484572 0.7185837 0.08484733 0.7299122 0.0886234 0.7299103 0.08850353 0.7412376 0.09227991 0.7412379 0.09227991 0.7412379 0.09227991 0.7412379 0.0960564 0.7412381 0.0960564 0.7412381 0.0960564 0.7412381 0.09983307 0.7412381 0.09983307 0.7412381 0.09983307 0.7412381 0.1036098 0.7412381 0.1036098 0.7412381 0.07352542 0.7412744 0.07729971 0.741258 0.07729971 0.741258 0.07729971 0.741258 0.08107459 0.7412464 0.08107459 0.7412464 0.07717722 0.7412586 0.08095204 0.7412468 0.08095204 0.7412468 0.08107459 0.7412464 0.08485007 0.7412396 0.08485007 0.7412396 0.08095204 0.7412468 0.08472752 0.7412397 0.08472752 0.7412397 0.08472752 0.7412397 0.08850353 0.7412376 0.08850353 0.7412376 0.036282 0.8091774 0.04586237 0.8145577 0.04658824 0.7742571 0.04586237 0.8145577 0.08067607 0.8248326 0.0916754 0.787564 0.04648959 0.7633513 0.0378825 0.7901323 0.119524 0.7919381 0.0378825 0.7901323 0.03806835 0.7996076 0.04090136 0.8094075 0.119524 0.7919381 0.0378825 0.7901323 0.1076643 0.8174461 0.04090136 0.8094075 0.04617422 0.8181402 0.0378825 0.7901323 0.04617422 0.8181402 0.05352759 0.8252107 0.0378825 0.7901323 0.05352759 0.8252107 0.06246042 0.830137 0.0378825 0.7901323 0.06246042 0.830137 0.07236379 0.8325836 0.1076643 0.8174461 0.07236379 0.8325836 0.08256304 0.8323835 0.1076643 0.8174461 0.08256304 0.8323835 0.09236294 0.8295504 0.1076643 0.8174461 0.09236294 0.8295504 0.1010956 0.8242776 0.1076643 0.8174461 0.126331 0.909931 0.1319679 0.9042941 0.1249166 0.8951047 0.1411574 0.9113455 0.1319679 0.9042941 0.126331 0.909931 0.1497955 0.9234783 0.1518588 0.9157781 0.1411574 0.9113455 0.1633428 0.9252619 0.1633428 0.91729 0.1518588 0.9157781 0.1484231 0.9234783 0.1504863 0.9157781 0.1619703 0.91729 0.1357991 0.9182493 0.1397849 0.9113455 0.1504863 0.9157781 0.1249585 0.909931 0.1305954 0.9042941 0.1397849 0.9113455 0.1235441 0.8951046 0.1305954 0.9042941 0.1249585 0.909931 0.1192178 0.8846599 0.1235441 0.8951046 0.1166403 0.8990905 0.1180127 0.8990905 0.1249166 0.8951047 0.1205902 0.88466 0.03570747 0.759131 0.02629065 0.7884315 0.0378825 0.7901323 0.0378825 0.7901323 0.02629065 0.7884315 0.02654415 0.8013554 0.03806835 0.7996076 0.02654415 0.8013554 0.03022217 0.8140785 0.04090136 0.8094075 0.03022217 0.8140785 0.03706783 0.825416 0.03706783 0.825416 0.04661458 0.8345953 0.05352759 0.8252107 0.04661458 0.8345953 0.05821192 0.8409911 0.06246042 0.830137 0.06246042 0.830137 0.05821192 0.8409911 0.07106935 0.8441674 0.07106935 0.8441674 0.08431077 0.8439077 0.08256304 0.8323835 0.08431077 0.8439077 0.09703379 0.8402295 0.09236294 0.8295504 0.09236294 0.8295504 0.09703379 0.8402295 0.1083714 0.833384 0.1083714 0.833384 0.1173306 0.8240662 0.1076643 0.8174461 0.1076643 0.8174461 0.1173306 0.8240662 0.1303061 0.7961584 0.04658824 0.7742571 0.0916754 0.787564 0.04586237 0.8145577 0.0916754 0.787564 0.08067607 0.8248326 0.04586237 0.8145577 0.257465 0.8172565 0.2705138 0.8172565 0.2705138 0.8128613 0.257465 0.8172565 0.242269 0.8172565 0.242269 0.8128613 0.215423 0.8172565 0.2284717 0.8172565 0.2284717 0.8128613 0.242269 0.8172565 0.2077565 0.8172565 0.2077565 0.8128613 0.2284717 0.8172565 0.2436676 0.8172565 0.2436676 0.8128613 0.2436676 0.8172565 0.2599748 0.8172565 0.2599748 0.8128613 0.2599748 0.8172565 0.2762818 0.8172565 0.2762818 0.8128613 0.2762818 0.8172565 0.2914776 0.8172565 0.2914776 0.8128613 0.2077565 0.8172565 0.242269 0.8172565 0.242269 0.8128613 0.2914776 0.8172565 0.3045266 0.8172565 0.3045266 0.8128613 0.242269 0.8172565 0.257465 0.8172565 0.257465 0.8128613 0.2705138 0.8172565 0.257465 0.8172565 0.257465 0.8128613 0.257465 0.8172565 0.2705138 0.8172565 0.2705138 0.8128613 0.257465 0.8172565 0.242269 0.8172565 0.242269 0.8128613 0.215423 0.8172565 0.2284717 0.8172565 0.2284717 0.8128613 0.242269 0.8172565 0.2077565 0.8172565 0.2077565 0.8128613 0.2284717 0.8172565 0.2436676 0.8172565 0.2436676 0.8128613 0.2436676 0.8172565 0.2599748 0.8172565 0.2599748 0.8128613 0.2599748 0.8172565 0.2762818 0.8172565 0.2762818 0.8128613 0.2762818 0.8172565 0.2914776 0.8172565 0.2914776 0.8128613 0.2077565 0.8172565 0.242269 0.8172565 0.242269 0.8128613 0.2914776 0.8172565 0.3045266 0.8172565 0.3045266 0.8128613 0.242269 0.8172565 0.257465 0.8172565 0.257465 0.8128613 0.2705138 0.8172565 0.257465 0.8172565 0.257465 0.8128613 0.257465 0.8172565 0.2705138 0.8172565 0.2705138 0.8128613 0.257465 0.8172565 0.242269 0.8172565 0.242269 0.8128613 0.215423 0.8172565 0.2284717 0.8172565 0.2284717 0.8128613 0.242269 0.8172565 0.2077565 0.8172565 0.2077565 0.8128613 0.2284717 0.8172565 0.2436676 0.8172565 0.2436676 0.8128613 0.2436676 0.8172565 0.2599748 0.8172565 0.2599748 0.8128613 0.2599748 0.8172565 0.2762818 0.8172565 0.2762818 0.8128613 0.2762818 0.8172565 0.2914776 0.8172565 0.2914776 0.8128613 0.2077565 0.8172565 0.242269 0.8172565 0.242269 0.8128613 0.2914776 0.8172565 0.3045266 0.8172565 0.3045266 0.8128613 0.242269 0.8172565 0.257465 0.8172565 0.257465 0.8128613 0.2705138 0.8172565 0.257465 0.8172565 0.257465 0.8128613 0.257465 0.8172565 0.2705138 0.8172565 0.2705138 0.8128613 0.257465 0.8172565 0.242269 0.8172565 0.242269 0.8128613 0.215423 0.8172565 0.2284717 0.8172565 0.2284717 0.8128613 0.242269 0.8172565 0.2077565 0.8172565 0.2077565 0.8128613 0.2284717 0.8172565 0.2436676 0.8172565 0.2436676 0.8128613 0.2436676 0.8172565 0.2599748 0.8172565 0.2599748 0.8128613 0.2599748 0.8172565 0.2762818 0.8172565 0.2762818 0.8128613 0.2762818 0.8172565 0.2914776 0.8172565 0.2914776 0.8128613 0.2077565 0.8172565 0.242269 0.8172565 0.242269 0.8128613 0.2914776 0.8172565 0.3045266 0.8172565 0.3045266 0.8128613 0.242269 0.8172565 0.257465 0.8172565 0.257465 0.8128613 0.2705138 0.8172565 0.257465 0.8172565 0.257465 0.8128613 0.07340031 0.7299476 0.07340031 0.7299476 0.07339864 0.7186192 0.0916754 0.787564 0.04658824 0.7742571 0.04658824 0.7742571 0.07339864 0.7186192 0.07339864 0.7186192 0.07339811 0.7072896 0.04658824 0.7742571 0.04658824 0.7742571 0.0916754 0.787564 0.2077565 0.8172565 0.2077565 0.8172565 0.2077565 0.8128613 0.2077565 0.8172565 0.2077565 0.8172565 0.2077565 0.8128613 0.2077565 0.8172565 0.2077565 0.8172565 0.2077565 0.8128613 0.04648959 0.7633513 0.119524 0.7919381 0.119524 0.7919381 0.119524 0.7919381 0.119524 0.7919381 0.04648959 0.7633513 0.08862173 0.7185818 0.08862173 0.7185818 0.08862119 0.7072523 0.08862173 0.7185818 0.08862173 0.7185818 0.08862119 0.7072523 0.2077565 0.8128613 0.2077565 0.8128613 0.2077565 0.8172565 0.2077565 0.8128613 0.2077565 0.8128613 0.2077565 0.8172565 0.2077565 0.8128613 0.2077565 0.8128613 0.2077565 0.8172565 0.04658824 0.7742571 0.04658824 0.7742571 0.0916754 0.787564 0.0886234 0.7299103 0.0886234 0.7299103 0.08862173 0.7185818 0.0886234 0.7299103 0.0886234 0.7299103 0.08862173 0.7185818 0.08862119 0.6959222 0.08862119 0.7072523 0.08862119 0.7072523 0.08862119 0.6959222 0.08862119 0.7072523 0.08862119 0.7072523 0.2077565 0.8172565 0.2077565 0.8172565 0.2077565 0.8128613 0.2077565 0.8128613 0.2077565 0.8128613 0.2077565 0.8172565 0.0886234 0.7299103 0.08862608 0.7412376 0.08862608 0.7412376 0.0886234 0.7299103 0.08862608 0.7412376 0.08862608 0.7412376 0.07339811 0.6959596 0.07339811 0.7072896 0.07339811 0.7072896 0.04648959 0.7633513 0.03570747 0.759131 0.03570747 0.759131 0.119524 0.7919381 0.119524 0.7919381 0.1303061 0.7961584 0.2077565 0.8172565 0.2077565 0.8172565 0.2077565 0.8128613 0.07340031 0.7299476 0.07340031 0.7299476 0.07340294 0.741275 0.07340031 0.7299476 0.07340031 0.7299476 0.07340294 0.741275 0.2077565 0.8128613 0.2077565 0.8128613 0.2077565 0.8172565 0.07339864 0.7186192 0.07339864 0.7186192 0.07340031 0.7299476 0.07339864 0.7186192 0.07339864 0.7186192 0.07340031 0.7299476 0.07339811 0.7072896 0.07339811 0.7072896 0.07339864 0.7186192 0.0916754 0.787564 0.0916754 0.787564 0.04658824 0.7742571 0.07339811 0.7072896 0.07339811 0.7072896 0.07339864 0.7186192 0.2077565 0.8172565 0.2077565 0.8172565 0.2077565 0.8128613 0.2077565 0.8128613 0.2077565 0.8128613 0.2077565 0.8172565 0.04648959 0.7633513 0.04648959 0.7633513 0.119524 0.7919381 0.08862119 0.7072523 0.08862119 0.7072523 0.08862173 0.7185818 0.2077565 0.8172565 0.2077565 0.8172565 0.2077565 0.8128613 0.2077565 0.8172565 0.2077565 0.8172565 0.2077565 0.8128613 0.2077565 0.8172565 0.2077565 0.8172565 0.2077565 0.8128613 0.0916754 0.787564 0.0916754 0.787564 0.04658824 0.7742571 0.0916754 0.787564 0.0916754 0.787564 0.04658824 0.7742571 0.08862173 0.7185818 0.08862173 0.7185818 0.0886234 0.7299103 0.08862119 0.6959222 0.08862119 0.6959222 0.08862119 0.7072523 0.2077565 0.8128613 0.2077565 0.8128613 0.2077565 0.8172565 0.2077565 0.8128613 0.2077565 0.8128613 0.2077565 0.8172565 0.2077565 0.8128613 0.2077565 0.8128613 0.2077565 0.8172565 0.0886234 0.7299103 0.0886234 0.7299103 0.08862608 0.7412376 0.07339811 0.6959596 0.07339811 0.6959596 0.07339811 0.7072896 0.07339811 0.6959596 0.07339811 0.6959596 0.07339811 0.7072896 0.03570747 0.759131 0.04648959 0.7633513 0.04648959 0.7633513 0.1303061 0.7961584 0.119524 0.7919381 0.119524 0.7919381 0.04648959 0.7633513 0.04648959 0.7633513 0.03570747 0.759131 0.2077565 0.8172565 0.2077565 0.8172565 0.2077565 0.8128613 0.07340031 0.7299476 0.07340294 0.741275 0.07340294 0.741275 0.2077565 0.8172565 0.2077565 0.8172565 0.2077565 0.8128613 0.2077565 0.8172565 0.2077565 0.8172565 0.2077565 0.8128613 0.07340031 0.7299476 0.07340031 0.7299476 0.07339864 0.7186192 0.04658824 0.7742571 0.0916754 0.787564 0.0916754 0.787564 0.07339864 0.7186192 0.07339864 0.7186192 0.07339811 0.7072896 0.2077565 0.8128613 0.2077565 0.8128613 0.2077565 0.8172565 0.2077565 0.8128613 0.2077565 0.8128613 0.2077565 0.8172565 0.2077565 0.8128613 0.2077565 0.8128613 0.2077565 0.8172565 0.119524 0.7919381 0.04648959 0.7633513 0.04648959 0.7633513 0.08862119 0.7072523 0.08862119 0.7072523 0.08862173 0.7185818 0.2077565 0.8172565 0.2077565 0.8172565 0.2077565 0.8128613 0.2077565 0.8128613 0.2077565 0.8128613 0.2077565 0.8172565 0.04658824 0.7742571 0.04658824 0.7742571 0.0916754 0.787564 0.08862173 0.7185818 0.08862173 0.7185818 0.0886234 0.7299103 0.08862119 0.6959222 0.08862119 0.6959222 0.08862119 0.7072523 0.2077565 0.8172565 0.2077565 0.8172565 0.2077565 0.8128613 0.2077565 0.8172565 0.2077565 0.8172565 0.2077565 0.8128613 0.2077565 0.8172565 0.2077565 0.8172565 0.2077565 0.8128613 0.0886234 0.7299103 0.0886234 0.7299103 0.08862608 0.7412376 0.07339811 0.6959596 0.07339811 0.7072896 0.07339811 0.7072896 0.119524 0.7919381 0.1303061 0.7961584 0.1303061 0.7961584 0.03570747 0.759131 0.03570747 0.759131 0.04648959 0.7633513 0.1303061 0.7961584 0.1303061 0.7961584 0.119524 0.7919381 0.2077565 0.8128613 0.2077565 0.8128613 0.2077565 0.8172565 0.2077565 0.8128613 0.2077565 0.8128613 0.2077565 0.8172565 0.07340031 0.7299476 0.07340294 0.741275 0.07340294 0.741275 0.2077565 0.8128613 0.2077565 0.8128613 0.2077565 0.8172565 0.2705138 0.8128613 0.2705138 0.8172565 0.257465 0.8172565 0.242269 0.8128613 0.242269 0.8172565 0.257465 0.8172565 0.2284717 0.8128613 0.2284717 0.8172565 0.215423 0.8172565 0.2077565 0.8128613 0.2077565 0.8172565 0.242269 0.8172565 0.2436676 0.8128613 0.2436676 0.8172565 0.2284717 0.8172565 0.2599748 0.8128613 0.2599748 0.8172565 0.2436676 0.8172565 0.2762818 0.8128613 0.2762818 0.8172565 0.2599748 0.8172565 0.2914776 0.8128613 0.2914776 0.8172565 0.2762818 0.8172565 0.242269 0.8128613 0.242269 0.8172565 0.2077565 0.8172565 0.3045266 0.8128613 0.3045266 0.8172565 0.2914776 0.8172565 0.257465 0.8128613 0.257465 0.8172565 0.242269 0.8172565 0.257465 0.8128613 0.257465 0.8172565 0.2705138 0.8172565 0.2705138 0.8128613 0.2705138 0.8172565 0.257465 0.8172565 0.242269 0.8128613 0.242269 0.8172565 0.257465 0.8172565 0.2284717 0.8128613 0.2284717 0.8172565 0.215423 0.8172565 0.2077565 0.8128613 0.2077565 0.8172565 0.242269 0.8172565 0.2436676 0.8128613 0.2436676 0.8172565 0.2284717 0.8172565 0.2599748 0.8128613 0.2599748 0.8172565 0.2436676 0.8172565 0.2762818 0.8128613 0.2762818 0.8172565 0.2599748 0.8172565 0.2914776 0.8128613 0.2914776 0.8172565 0.2762818 0.8172565 0.242269 0.8128613 0.242269 0.8172565 0.2077565 0.8172565 0.3045266 0.8128613 0.3045266 0.8172565 0.2914776 0.8172565 0.257465 0.8128613 0.257465 0.8172565 0.242269 0.8172565 0.257465 0.8128613 0.257465 0.8172565 0.2705138 0.8172565 0.2705138 0.8128613 0.2705138 0.8172565 0.257465 0.8172565 0.242269 0.8128613 0.242269 0.8172565 0.257465 0.8172565 0.2284717 0.8128613 0.2284717 0.8172565 0.215423 0.8172565 0.2077565 0.8128613 0.2077565 0.8172565 0.242269 0.8172565 0.2436676 0.8128613 0.2436676 0.8172565 0.2284717 0.8172565 0.2599748 0.8128613 0.2599748 0.8172565 0.2436676 0.8172565 0.2762818 0.8128613 0.2762818 0.8172565 0.2599748 0.8172565 0.2914776 0.8128613 0.2914776 0.8172565 0.2762818 0.8172565 0.242269 0.8128613 0.242269 0.8172565 0.2077565 0.8172565 0.3045266 0.8128613 0.3045266 0.8172565 0.2914776 0.8172565 0.257465 0.8128613 0.257465 0.8172565 0.242269 0.8172565 0.257465 0.8128613 0.257465 0.8172565 0.2705138 0.8172565 0.2705138 0.8128613 0.2705138 0.8172565 0.257465 0.8172565 0.242269 0.8128613 0.242269 0.8172565 0.257465 0.8172565 0.2284717 0.8128613 0.2284717 0.8172565 0.215423 0.8172565 0.2077565 0.8128613 0.2077565 0.8172565 0.242269 0.8172565 0.2436676 0.8128613 0.2436676 0.8172565 0.2284717 0.8172565 0.2599748 0.8128613 0.2599748 0.8172565 0.2436676 0.8172565 0.2762818 0.8128613 0.2762818 0.8172565 0.2599748 0.8172565 0.2914776 0.8128613 0.2914776 0.8172565 0.2762818 0.8172565 0.242269 0.8128613 0.242269 0.8172565 0.2077565 0.8172565 0.3045266 0.8128613 0.3045266 0.8172565 0.2914776 0.8172565 0.257465 0.8128613 0.257465 0.8172565 0.242269 0.8172565 0.257465 0.8128613 0.257465 0.8172565 0.2705138 0.8172565 0.257465 0.8172565 0.2705138 0.8172565 0.2705138 0.8128613 0.257465 0.8172565 0.242269 0.8172565 0.242269 0.8128613 0.215423 0.8172565 0.2284717 0.8172565 0.2284717 0.8128613 0.242269 0.8172565 0.2077565 0.8172565 0.2077565 0.8128613 0.2284717 0.8172565 0.2436676 0.8172565 0.2436676 0.8128613 0.2436676 0.8172565 0.2599748 0.8172565 0.2599748 0.8128613 0.2599748 0.8172565 0.2762818 0.8172565 0.2762818 0.8128613 0.2762818 0.8172565 0.2914776 0.8172565 0.2914776 0.8128613 0.2077565 0.8172565 0.242269 0.8172565 0.242269 0.8128613 0.2914776 0.8172565 0.3045266 0.8172565 0.3045266 0.8128613 0.242269 0.8172565 0.257465 0.8172565 0.257465 0.8128613 0.2705138 0.8172565 0.257465 0.8172565 0.257465 0.8128613 0.257465 0.8172565 0.2705138 0.8172565 0.2705138 0.8128613 0.257465 0.8172565 0.242269 0.8172565 0.242269 0.8128613 0.215423 0.8172565 0.2284717 0.8172565 0.2284717 0.8128613 0.242269 0.8172565 0.2077565 0.8172565 0.2077565 0.8128613 0.2284717 0.8172565 0.2436676 0.8172565 0.2436676 0.8128613 0.2436676 0.8172565 0.2599748 0.8172565 0.2599748 0.8128613 0.2599748 0.8172565 0.2762818 0.8172565 0.2762818 0.8128613 0.2762818 0.8172565 0.2914776 0.8172565 0.2914776 0.8128613 0.2077565 0.8172565 0.242269 0.8172565 0.242269 0.8128613 0.2914776 0.8172565 0.3045266 0.8172565 0.3045266 0.8128613 0.242269 0.8172565 0.257465 0.8172565 0.257465 0.8128613 0.2705138 0.8172565 0.257465 0.8172565 0.257465 0.8128613 0.257465 0.8172565 0.2705138 0.8172565 0.2705138 0.8128613 0.257465 0.8172565 0.242269 0.8172565 0.242269 0.8128613 0.215423 0.8172565 0.2284717 0.8172565 0.2284717 0.8128613 0.242269 0.8172565 0.2077565 0.8172565 0.2077565 0.8128613 0.2284717 0.8172565 0.2436676 0.8172565 0.2436676 0.8128613 0.2436676 0.8172565 0.2599748 0.8172565 0.2599748 0.8128613 0.2599748 0.8172565 0.2762818 0.8172565 0.2762818 0.8128613 0.2762818 0.8172565 0.2914776 0.8172565 0.2914776 0.8128613 0.2077565 0.8172565 0.242269 0.8172565 0.242269 0.8128613 0.2914776 0.8172565 0.3045266 0.8172565 0.3045266 0.8128613 0.242269 0.8172565 0.257465 0.8172565 0.257465 0.8128613 0.2705138 0.8172565 0.257465 0.8172565 0.257465 0.8128613 0.257465 0.8172565 0.2705138 0.8172565 0.2705138 0.8128613 0.257465 0.8172565 0.242269 0.8172565 0.242269 0.8128613 0.215423 0.8172565 0.2284717 0.8172565 0.2284717 0.8128613 0.242269 0.8172565 0.2077565 0.8172565 0.2077565 0.8128613 0.2284717 0.8172565 0.2436676 0.8172565 0.2436676 0.8128613 0.2436676 0.8172565 0.2599748 0.8172565 0.2599748 0.8128613 0.2599748 0.8172565 0.2762818 0.8172565 0.2762818 0.8128613 0.2762818 0.8172565 0.2914776 0.8172565 0.2914776 0.8128613 0.2077565 0.8172565 0.242269 0.8172565 0.242269 0.8128613 0.2914776 0.8172565 0.3045266 0.8172565 0.3045266 0.8128613 0.242269 0.8172565 0.257465 0.8172565 0.257465 0.8128613 0.2705138 0.8172565 0.257465 0.8172565 0.257465 0.8128613 0.257465 0.8172565 0.2705138 0.8172565 0.2705138 0.8128613 0.257465 0.8172565 0.242269 0.8172565 0.242269 0.8128613 0.215423 0.8172565 0.2284717 0.8172565 0.2284717 0.8128613 0.242269 0.8172565 0.2077565 0.8172565 0.2077565 0.8128613 0.2284717 0.8172565 0.2436676 0.8172565 0.2436676 0.8128613 0.2436676 0.8172565 0.2599748 0.8172565 0.2599748 0.8128613 0.2599748 0.8172565 0.2762818 0.8172565 0.2762818 0.8128613 0.2762818 0.8172565 0.2914776 0.8172565 0.2914776 0.8128613 0.2077565 0.8172565 0.242269 0.8172565 0.242269 0.8128613 0.2914776 0.8172565 0.3045266 0.8172565 0.3045266 0.8128613 0.242269 0.8172565 0.257465 0.8172565 0.257465 0.8128613 0.2705138 0.8172565 0.257465 0.8172565 0.257465 0.8128613 0.257465 0.8172565 0.2705138 0.8172565 0.2705138 0.8128613 0.257465 0.8172565 0.242269 0.8172565 0.242269 0.8128613 0.215423 0.8172565 0.2284717 0.8172565 0.2284717 0.8128613 0.242269 0.8172565 0.2077565 0.8172565 0.2077565 0.8128613 0.2284717 0.8172565 0.2436676 0.8172565 0.2436676 0.8128613 0.2436676 0.8172565 0.2599748 0.8172565 0.2599748 0.8128613 0.2599748 0.8172565 0.2762818 0.8172565 0.2762818 0.8128613 0.2762818 0.8172565 0.2914776 0.8172565 0.2914776 0.8128613 0.2077565 0.8172565 0.242269 0.8172565 0.242269 0.8128613 0.2914776 0.8172565 0.3045266 0.8172565 0.3045266 0.8128613 0.242269 0.8172565 0.257465 0.8172565 0.257465 0.8128613 0.2705138 0.8172565 0.257465 0.8172565 0.257465 0.8128613 0.257465 0.8172565 0.2705138 0.8172565 0.2705138 0.8128613 0.257465 0.8172565 0.242269 0.8172565 0.242269 0.8128613 0.215423 0.8172565 0.2284717 0.8172565 0.2284717 0.8128613 0.242269 0.8172565 0.2077565 0.8172565 0.2077565 0.8128613 0.2284717 0.8172565 0.2436676 0.8172565 0.2436676 0.8128613 0.2436676 0.8172565 0.2599748 0.8172565 0.2599748 0.8128613 0.2599748 0.8172565 0.2762818 0.8172565 0.2762818 0.8128613 0.2762818 0.8172565 0.2914776 0.8172565 0.2914776 0.8128613 0.2077565 0.8172565 0.242269 0.8172565 0.242269 0.8128613 0.2914776 0.8172565 0.3045266 0.8172565 0.3045266 0.8128613 0.242269 0.8172565 0.257465 0.8172565 0.257465 0.8128613 0.2705138 0.8172565 0.257465 0.8172565 0.257465 0.8128613 0.257465 0.8172565 0.2705138 0.8172565 0.2705138 0.8128613 0.257465 0.8172565 0.242269 0.8172565 0.242269 0.8128613 0.215423 0.8172565 0.2284717 0.8172565 0.2284717 0.8128613 0.242269 0.8172565 0.2077565 0.8172565 0.2077565 0.8128613 0.2284717 0.8172565 0.2436676 0.8172565 0.2436676 0.8128613 0.2436676 0.8172565 0.2599748 0.8172565 0.2599748 0.8128613 0.2599748 0.8172565 0.2762818 0.8172565 0.2762818 0.8128613 0.2762818 0.8172565 0.2914776 0.8172565 0.2914776 0.8128613 0.2077565 0.8172565 0.242269 0.8172565 0.242269 0.8128613 0.2914776 0.8172565 0.3045266 0.8172565 0.3045266 0.8128613 0.242269 0.8172565 0.257465 0.8172565 0.257465 0.8128613 0.2705138 0.8172565 0.257465 0.8172565 0.257465 0.8128613 0.2705138 0.8128613 0.2705138 0.8172565 0.257465 0.8172565 0.242269 0.8128613 0.242269 0.8172565 0.257465 0.8172565 0.2284717 0.8128613 0.2284717 0.8172565 0.215423 0.8172565 0.2077565 0.8128613 0.2077565 0.8172565 0.242269 0.8172565 0.2436676 0.8128613 0.2436676 0.8172565 0.2284717 0.8172565 0.2599748 0.8128613 0.2599748 0.8172565 0.2436676 0.8172565 0.2762818 0.8128613 0.2762818 0.8172565 0.2599748 0.8172565 0.2914776 0.8128613 0.2914776 0.8172565 0.2762818 0.8172565 0.242269 0.8128613 0.242269 0.8172565 0.2077565 0.8172565 0.3045266 0.8128613 0.3045266 0.8172565 0.2914776 0.8172565 0.257465 0.8128613 0.257465 0.8172565 0.242269 0.8172565 0.257465 0.8128613 0.257465 0.8172565 0.2705138 0.8172565 0.2705138 0.8128613 0.2705138 0.8172565 0.257465 0.8172565 0.242269 0.8128613 0.242269 0.8172565 0.257465 0.8172565 0.2284717 0.8128613 0.2284717 0.8172565 0.215423 0.8172565 0.2077565 0.8128613 0.2077565 0.8172565 0.242269 0.8172565 0.2436676 0.8128613 0.2436676 0.8172565 0.2284717 0.8172565 0.2599748 0.8128613 0.2599748 0.8172565 0.2436676 0.8172565 0.2762818 0.8128613 0.2762818 0.8172565 0.2599748 0.8172565 0.2914776 0.8128613 0.2914776 0.8172565 0.2762818 0.8172565 0.242269 0.8128613 0.242269 0.8172565 0.2077565 0.8172565 0.3045266 0.8128613 0.3045266 0.8172565 0.2914776 0.8172565 0.257465 0.8128613 0.257465 0.8172565 0.242269 0.8172565 0.257465 0.8128613 0.257465 0.8172565 0.2705138 0.8172565 0.2705138 0.8128613 0.2705138 0.8172565 0.257465 0.8172565 0.242269 0.8128613 0.242269 0.8172565 0.257465 0.8172565 0.2284717 0.8128613 0.2284717 0.8172565 0.215423 0.8172565 0.2077565 0.8128613 0.2077565 0.8172565 0.242269 0.8172565 0.2436676 0.8128613 0.2436676 0.8172565 0.2284717 0.8172565 0.2599748 0.8128613 0.2599748 0.8172565 0.2436676 0.8172565 0.2762818 0.8128613 0.2762818 0.8172565 0.2599748 0.8172565 0.2914776 0.8128613 0.2914776 0.8172565 0.2762818 0.8172565 0.242269 0.8128613 0.242269 0.8172565 0.2077565 0.8172565 0.3045266 0.8128613 0.3045266 0.8172565 0.2914776 0.8172565 0.257465 0.8128613 0.257465 0.8172565 0.242269 0.8172565 0.257465 0.8128613 0.257465 0.8172565 0.2705138 0.8172565 0.2705138 0.8128613 0.2705138 0.8172565 0.257465 0.8172565 0.242269 0.8128613 0.242269 0.8172565 0.257465 0.8172565 0.2284717 0.8128613 0.2284717 0.8172565 0.215423 0.8172565 0.2077565 0.8128613 0.2077565 0.8172565 0.242269 0.8172565 0.2436676 0.8128613 0.2436676 0.8172565 0.2284717 0.8172565 0.2599748 0.8128613 0.2599748 0.8172565 0.2436676 0.8172565 0.2762818 0.8128613 0.2762818 0.8172565 0.2599748 0.8172565 0.2914776 0.8128613 0.2914776 0.8172565 0.2762818 0.8172565 0.242269 0.8128613 0.242269 0.8172565 0.2077565 0.8172565 0.3045266 0.8128613 0.3045266 0.8172565 0.2914776 0.8172565 0.257465 0.8128613 0.257465 0.8172565 0.242269 0.8172565 0.257465 0.8128613 0.257465 0.8172565 0.2705138 0.8172565 0.2077565 0.8128613 0.2077565 0.8172565 0.2077565 0.8172565 0.2077565 0.8128613 0.2077565 0.8172565 0.2077565 0.8172565 0.2077565 0.8128613 0.2077565 0.8172565 0.2077565 0.8172565 0.2077565 0.8172565 0.2077565 0.8128613 0.2077565 0.8128613 0.2077565 0.8172565 0.2077565 0.8128613 0.2077565 0.8128613 0.2077565 0.8172565 0.2077565 0.8128613 0.2077565 0.8128613 0.2077565 0.8128613 0.2077565 0.8172565 0.2077565 0.8172565 0.2077565 0.8172565 0.2077565 0.8128613 0.2077565 0.8128613 0.2077565 0.8128613 0.2077565 0.8172565 0.2077565 0.8172565 0.2077565 0.8172565 0.2077565 0.8128613 0.2077565 0.8128613 0.2077565 0.8128613 0.2077565 0.8172565 0.2077565 0.8172565 0.2077565 0.8172565 0.2077565 0.8128613 0.2077565 0.8128613 0.2077565 0.8128613 0.2077565 0.8172565 0.2077565 0.8172565 0.2077565 0.8128613 0.2077565 0.8172565 0.2077565 0.8172565 0.2077565 0.8128613 0.2077565 0.8172565 0.2077565 0.8172565 0.2077565 0.8172565 0.2077565 0.8128613 0.2077565 0.8128613 0.2077565 0.8172565 0.2077565 0.8128613 0.2077565 0.8128613 0.2077565 0.8172565 0.2077565 0.8128613 0.2077565 0.8128613 0.2077565 0.8128613 0.2077565 0.8172565 0.2077565 0.8172565 0.2077565 0.8128613 0.2077565 0.8172565 0.2077565 0.8172565 0.2077565 0.8128613 0.2077565 0.8172565 0.2077565 0.8172565 0.2077565 0.8172565 0.2077565 0.8128613 0.2077565 0.8128613 0.2077565 0.8172565 0.2077565 0.8128613 0.2077565 0.8128613 0.2077565 0.8172565 0.2077565 0.8128613 0.2077565 0.8128613 0.2077565 0.8128613 0.2077565 0.8172565 0.2077565 0.8172565 0.2077565 0.8172565 0.2077565 0.8128613 0.2077565 0.8128613 0.2077565 0.8128613 0.2077565 0.8172565 0.2077565 0.8172565 0.2077565 0.8128613 0.2077565 0.8172565 0.2077565 0.8172565 0.2077565 0.8128613 0.2077565 0.8172565 0.2077565 0.8172565 0.2077565 0.8172565 0.2077565 0.8128613 0.2077565 0.8128613 0.2077565 0.8172565 0.2077565 0.8128613 0.2077565 0.8128613 0.2077565 0.8172565 0.2077565 0.8128613 0.2077565 0.8128613 0.2077565 0.8172565 0.2077565 0.8172565 0.2077565 0.8128613 0.2705138 0.8172565 0.2705138 0.8172565 0.257465 0.8172565 0.242269 0.8172565 0.257465 0.8172565 0.257465 0.8172565 0.2762818 0.8128613 0.2762818 0.8128613 0.2914776 0.8128613 0.2077565 0.8128613 0.2077565 0.8128613 0.2077565 0.8172565 0.242269 0.8172565 0.257465 0.8172565 0.257465 0.8172565 0.2705138 0.8172565 0.2705138 0.8172565 0.257465 0.8172565 0.3045266 0.8128613 0.2914776 0.8128613 0.2914776 0.8128613 0.242269 0.8172565 0.242269 0.8172565 0.2077565 0.8172565 0.2284717 0.8172565 0.2284717 0.8172565 0.215423 0.8172565 0.257465 0.8128613 0.2705138 0.8128613 0.2705138 0.8128613 0.2436676 0.8172565 0.2436676 0.8172565 0.2284717 0.8172565 0.242269 0.8128613 0.257465 0.8128613 0.257465 0.8128613 0.2436676 0.8172565 0.2599748 0.8172565 0.2599748 0.8172565 0.242269 0.8128613 0.242269 0.8128613 0.2077565 0.8128613 0.2762818 0.8172565 0.2762818 0.8172565 0.2599748 0.8172565 0.242269 0.8172565 0.242269 0.8172565 0.2077565 0.8172565 0.2762818 0.8172565 0.2914776 0.8172565 0.2914776 0.8172565 0.242269 0.8172565 0.257465 0.8172565 0.257465 0.8172565 0.3045266 0.8172565 0.3045266 0.8172565 0.2914776 0.8172565 0.2705138 0.8172565 0.2705138 0.8172565 0.257465 0.8172565 0.257465 0.8172565 0.257465 0.8172565 0.2705138 0.8172565 0.2284717 0.8172565 0.2284717 0.8172565 0.215423 0.8172565 0.242269 0.8172565 0.242269 0.8172565 0.257465 0.8172565 0.2436676 0.8172565 0.2436676 0.8172565 0.2284717 0.8172565 0.242269 0.8172565 0.2077565 0.8172565 0.2077565 0.8172565 0.2436676 0.8172565 0.2599748 0.8172565 0.2599748 0.8172565 0.2762818 0.8172565 0.2762818 0.8172565 0.2599748 0.8172565 0.2762818 0.8172565 0.2914776 0.8172565 0.2914776 0.8172565 0.3045266 0.8172565 0.3045266 0.8172565 0.2914776 0.8172565 0.257465 0.8172565 0.257465 0.8172565 0.2705138 0.8172565 0.2077565 0.8128613 0.2077565 0.8128613 0.2077565 0.8172565 0.242269 0.8172565 0.242269 0.8172565 0.257465 0.8172565 0.2077565 0.8172565 0.2077565 0.8172565 0.2077565 0.8128613 0.242269 0.8172565 0.2077565 0.8172565 0.2077565 0.8172565 0.2077565 0.8128613 0.2077565 0.8128613 0.2077565 0.8172565 0.2077565 0.8172565 0.2077565 0.8172565 0.2077565 0.8128613 0.2077565 0.8128613 0.2077565 0.8128613 0.2077565 0.8172565 0.2077565 0.8172565 0.2077565 0.8172565 0.2077565 0.8128613 0.2077565 0.8128613 0.2077565 0.8128613 0.2077565 0.8172565 0.2077565 0.8172565 0.2077565 0.8172565 0.2077565 0.8128613 0.242269 0.8128613 0.2077565 0.8128613 0.2077565 0.8128613 0.242269 0.8128613 0.242269 0.8128613 0.257465 0.8128613 0.2705138 0.8128613 0.257465 0.8128613 0.257465 0.8128613 0.2284717 0.8128613 0.215423 0.8128613 0.215423 0.8128613 0.2436676 0.8128613 0.2284717 0.8128613 0.2284717 0.8128613 0.2436676 0.8128613 0.2436676 0.8128613 0.2599748 0.8128613 0.2762818 0.8128613 0.2599748 0.8128613 0.2599748 0.8128613 0.242269 0.8128613 0.2077565 0.8128613 0.2077565 0.8128613 0.2762818 0.8128613 0.2762818 0.8128613 0.2914776 0.8128613 0.242269 0.8128613 0.242269 0.8128613 0.257465 0.8128613 0.3045266 0.8128613 0.2914776 0.8128613 0.2914776 0.8128613 0.2705138 0.8128613 0.257465 0.8128613 0.257465 0.8128613 0.2705138 0.8128613 0.2705138 0.8128613 0.257465 0.8128613 0.2284717 0.8128613 0.215423 0.8128613 0.215423 0.8128613 0.242269 0.8128613 0.257465 0.8128613 0.257465 0.8128613 0.2436676 0.8128613 0.2284717 0.8128613 0.2284717 0.8128613 0.242269 0.8128613 0.242269 0.8128613 0.2077565 0.8128613 0.2436676 0.8128613 0.2436676 0.8128613 0.2599748 0.8128613 0.2077565 0.8128613 0.2077565 0.8128613 0.2077565 0.8172565 0.242269 0.8172565 0.242269 0.8172565 0.2077565 0.8172565 0.2762818 0.8128613 0.2599748 0.8128613 0.2599748 0.8128613 0.2077565 0.8172565 0.2077565 0.8172565 0.2077565 0.8128613 0.242269 0.8172565 0.257465 0.8172565 0.257465 0.8172565 0.2762818 0.8128613 0.2762818 0.8128613 0.2914776 0.8128613 0.2077565 0.8128613 0.2077565 0.8128613 0.2077565 0.8172565 0.2705138 0.8172565 0.2705138 0.8172565 0.257465 0.8172565 0.3045266 0.8128613 0.2914776 0.8128613 0.2914776 0.8128613 0.2077565 0.8172565 0.2077565 0.8172565 0.2077565 0.8128613 0.242269 0.8128613 0.242269 0.8128613 0.2077565 0.8128613 0.2284717 0.8172565 0.2284717 0.8172565 0.215423 0.8172565 0.257465 0.8128613 0.2705138 0.8128613 0.2705138 0.8128613 0.2077565 0.8128613 0.2077565 0.8128613 0.2077565 0.8172565 0.242269 0.8128613 0.257465 0.8128613 0.257465 0.8128613 0.2436676 0.8172565 0.2436676 0.8172565 0.2284717 0.8172565 0.242269 0.8128613 0.257465 0.8128613 0.257465 0.8128613 0.2077565 0.8172565 0.2077565 0.8172565 0.2077565 0.8128613 0.2705138 0.8128613 0.2705138 0.8128613 0.257465 0.8128613 0.2436676 0.8172565 0.2599748 0.8172565 0.2599748 0.8172565 0.242269 0.8128613 0.242269 0.8128613 0.2077565 0.8128613 0.2077565 0.8128613 0.2077565 0.8128613 0.2077565 0.8172565 0.2284717 0.8128613 0.2284717 0.8128613 0.215423 0.8128613 0.2762818 0.8172565 0.2762818 0.8172565 0.2599748 0.8172565 0.242269 0.8172565 0.242269 0.8172565 0.2077565 0.8172565 0.2077565 0.8172565 0.2077565 0.8172565 0.2077565 0.8128613 0.2436676 0.8128613 0.2436676 0.8128613 0.2284717 0.8128613 0.2762818 0.8172565 0.2914776 0.8172565 0.2914776 0.8172565 0.242269 0.8172565 0.257465 0.8172565 0.257465 0.8172565 0.2436676 0.8128613 0.2599748 0.8128613 0.2599748 0.8128613 0.3045266 0.8172565 0.3045266 0.8172565 0.2914776 0.8172565 0.2705138 0.8172565 0.2705138 0.8172565 0.257465 0.8172565 0.2762818 0.8128613 0.2762818 0.8128613 0.2599748 0.8128613 0.257465 0.8172565 0.257465 0.8172565 0.2705138 0.8172565 0.2284717 0.8172565 0.2284717 0.8172565 0.215423 0.8172565 0.2762818 0.8128613 0.2914776 0.8128613 0.2914776 0.8128613 0.242269 0.8172565 0.242269 0.8172565 0.257465 0.8172565 0.2436676 0.8172565 0.2436676 0.8172565 0.2284717 0.8172565 0.3045266 0.8128613 0.3045266 0.8128613 0.2914776 0.8128613 0.242269 0.8172565 0.2077565 0.8172565 0.2077565 0.8172565 0.2436676 0.8172565 0.2599748 0.8172565 0.2599748 0.8172565 0.257465 0.8128613 0.257465 0.8128613 0.2705138 0.8128613 0.2762818 0.8172565 0.2762818 0.8172565 0.2599748 0.8172565 0.242269 0.8128613 0.242269 0.8128613 0.257465 0.8128613 0.2762818 0.8172565 0.2914776 0.8172565 0.2914776 0.8172565 0.242269 0.8128613 0.2077565 0.8128613 0.2077565 0.8128613 0.3045266 0.8172565 0.3045266 0.8172565 0.2914776 0.8172565 0.242269 0.8172565 0.2077565 0.8172565 0.2077565 0.8172565 0.257465 0.8172565 0.257465 0.8172565 0.2705138 0.8172565 0.242269 0.8172565 0.242269 0.8172565 0.257465 0.8172565 0.242269 0.8172565 0.242269 0.8172565 0.257465 0.8172565 0.2705138 0.8172565 0.257465 0.8172565 0.257465 0.8172565 0.242269 0.8172565 0.2077565 0.8172565 0.2077565 0.8172565 0.2284717 0.8172565 0.215423 0.8172565 0.215423 0.8172565 0.2436676 0.8172565 0.2284717 0.8172565 0.2284717 0.8172565 0.2436676 0.8172565 0.2436676 0.8172565 0.2599748 0.8172565 0.2077565 0.8172565 0.2077565 0.8172565 0.2077565 0.8128613 0.2762818 0.8172565 0.2599748 0.8172565 0.2599748 0.8172565 0.2077565 0.8128613 0.2077565 0.8128613 0.2077565 0.8172565 0.2762818 0.8172565 0.2762818 0.8172565 0.2914776 0.8172565 0.2077565 0.8172565 0.2077565 0.8172565 0.2077565 0.8128613 0.3045266 0.8172565 0.2914776 0.8172565 0.2914776 0.8172565 0.2077565 0.8128613 0.2077565 0.8128613 0.2077565 0.8172565 0.257465 0.8172565 0.2705138 0.8172565 0.2705138 0.8172565 0.2077565 0.8172565 0.2077565 0.8172565 0.2077565 0.8128613 0.242269 0.8172565 0.257465 0.8172565 0.257465 0.8172565 0.2077565 0.8128613 0.2077565 0.8128613 0.2077565 0.8172565 0.242269 0.8172565 0.242269 0.8172565 0.2077565 0.8172565 0.2077565 0.8172565 0.2077565 0.8172565 0.2077565 0.8128613 0.2077565 0.8128613 0.2077565 0.8128613 0.2077565 0.8172565 0.242269 0.8128613 0.2077565 0.8128613 0.2077565 0.8128613 0.242269 0.8128613 0.242269 0.8128613 0.257465 0.8128613 0.2705138 0.8128613 0.257465 0.8128613 0.257465 0.8128613 0.2284717 0.8128613 0.215423 0.8128613 0.215423 0.8128613 0.2436676 0.8128613 0.2284717 0.8128613 0.2284717 0.8128613 0.2077565 0.8172565 0.2077565 0.8172565 0.2077565 0.8172565 0.2436676 0.8128613 0.2436676 0.8128613 0.2599748 0.8128613 0.2077565 0.8128613 0.2077565 0.8128613 0.2077565 0.8128613 0.2762818 0.8128613 0.2599748 0.8128613 0.2599748 0.8128613 0.2077565 0.8172565 0.2077565 0.8172565 0.2077565 0.8172565 0.242269 0.8128613 0.242269 0.8128613 0.2077565 0.8128613 0.2762818 0.8128613 0.2762818 0.8128613 0.2914776 0.8128613 0.2077565 0.8128613 0.2077565 0.8128613 0.2077565 0.8128613 0.242269 0.8128613 0.257465 0.8128613 0.257465 0.8128613 0.3045266 0.8128613 0.2914776 0.8128613 0.2914776 0.8128613 0.2077565 0.8172565 0.2077565 0.8172565 0.2077565 0.8172565 0.2705138 0.8128613 0.2705138 0.8128613 0.257465 0.8128613 0.242269 0.8128613 0.242269 0.8128613 0.2077565 0.8128613 0.257465 0.8128613 0.2705138 0.8128613 0.2705138 0.8128613 0.2077565 0.8128613 0.2077565 0.8128613 0.2077565 0.8128613 0.2284717 0.8128613 0.2284717 0.8128613 0.215423 0.8128613 0.242269 0.8128613 0.257465 0.8128613 0.257465 0.8128613 0.242269 0.8128613 0.257465 0.8128613 0.257465 0.8128613 0.2436676 0.8128613 0.2436676 0.8128613 0.2284717 0.8128613 0.2705138 0.8128613 0.2705138 0.8128613 0.257465 0.8128613 0.242269 0.8128613 0.242269 0.8128613 0.2077565 0.8128613 0.2436676 0.8128613 0.2599748 0.8128613 0.2599748 0.8128613 0.2284717 0.8128613 0.2284717 0.8128613 0.215423 0.8128613 0.242269 0.8172565 0.242269 0.8172565 0.2077565 0.8172565 0.2762818 0.8128613 0.2762818 0.8128613 0.2599748 0.8128613 0.2436676 0.8128613 0.2436676 0.8128613 0.2284717 0.8128613 0.242269 0.8172565 0.257465 0.8172565 0.257465 0.8172565 0.2762818 0.8128613 0.2914776 0.8128613 0.2914776 0.8128613 0.2436676 0.8128613 0.2599748 0.8128613 0.2599748 0.8128613 0.2705138 0.8172565 0.2705138 0.8172565 0.257465 0.8172565 0.3045266 0.8128613 0.3045266 0.8128613 0.2914776 0.8128613 0.2762818 0.8128613 0.2762818 0.8128613 0.2599748 0.8128613 0.2284717 0.8172565 0.2284717 0.8172565 0.215423 0.8172565 0.257465 0.8128613 0.257465 0.8128613 0.2705138 0.8128613 0.2762818 0.8128613 0.2914776 0.8128613 0.2914776 0.8128613 0.2436676 0.8172565 0.2436676 0.8172565 0.2284717 0.8172565 0.242269 0.8128613 0.242269 0.8128613 0.257465 0.8128613 0.3045266 0.8128613 0.3045266 0.8128613 0.2914776 0.8128613 0.2436676 0.8172565 0.2599748 0.8172565 0.2599748 0.8172565 0.242269 0.8128613 0.2077565 0.8128613 0.2077565 0.8128613 0.257465 0.8128613 0.257465 0.8128613 0.2705138 0.8128613 0.2762818 0.8172565 0.2762818 0.8172565 0.2599748 0.8172565 0.2077565 0.8128613 0.2077565 0.8128613 0.2077565 0.8128613 0.242269 0.8172565 0.2077565 0.8172565 0.2077565 0.8172565 0.242269 0.8128613 0.242269 0.8128613 0.257465 0.8128613 0.2762818 0.8172565 0.2914776 0.8172565 0.2914776 0.8172565 0.2077565 0.8172565 0.2077565 0.8172565 0.2077565 0.8172565 0.242269 0.8172565 0.242269 0.8172565 0.257465 0.8172565 0.242269 0.8128613 0.2077565 0.8128613 0.2077565 0.8128613 0.3045266 0.8172565 0.3045266 0.8172565 0.2914776 0.8172565 0.2077565 0.8128613 0.2077565 0.8128613 0.2077565 0.8128613 0.2705138 0.8172565 0.257465 0.8172565 0.257465 0.8172565 0.242269 0.8172565 0.2077565 0.8172565 0.2077565 0.8172565 0.257465 0.8172565 0.257465 0.8172565 0.2705138 0.8172565 0.2077565 0.8172565 0.2077565 0.8172565 0.2077565 0.8172565 0.2284717 0.8172565 0.215423 0.8172565 0.215423 0.8172565 0.242269 0.8172565 0.242269 0.8172565 0.257465 0.8172565 0.242269 0.8172565 0.242269 0.8172565 0.257465 0.8172565 0.2077565 0.8128613 0.2077565 0.8128613 0.2077565 0.8128613 0.2436676 0.8172565 0.2284717 0.8172565 0.2284717 0.8172565 0.2705138 0.8172565 0.257465 0.8172565 0.257465 0.8172565 0.242269 0.8172565 0.2077565 0.8172565 0.2077565 0.8172565 0.2077565 0.8172565 0.2077565 0.8172565 0.2077565 0.8172565 0.2436676 0.8172565 0.2436676 0.8172565 0.2599748 0.8172565 0.2284717 0.8172565 0.215423 0.8172565 0.215423 0.8172565 0.2762818 0.8172565 0.2599748 0.8172565 0.2599748 0.8172565 0.2436676 0.8172565 0.2284717 0.8172565 0.2284717 0.8172565 0.2762818 0.8172565 0.2762818 0.8172565 0.2914776 0.8172565 0.2436676 0.8172565 0.2436676 0.8172565 0.2599748 0.8172565 0.3045266 0.8172565 0.2914776 0.8172565 0.2914776 0.8172565 0.2762818 0.8172565 0.2599748 0.8172565 0.2599748 0.8172565 0.257465 0.8172565 0.2705138 0.8172565 0.2705138 0.8172565 0.2762818 0.8172565 0.2762818 0.8172565 0.2914776 0.8172565 0.242269 0.8172565 0.257465 0.8172565 0.257465 0.8172565 0.3045266 0.8172565 0.2914776 0.8172565 0.2914776 0.8172565 0.242269 0.8172565 0.242269 0.8172565 0.2077565 0.8172565 0.257465 0.8172565 0.2705138 0.8172565 0.2705138 0.8172565 0.2077565 0.8172565 0.2077565 0.8172565 0.2077565 0.8172565 0.242269 0.8172565 0.257465 0.8172565 0.257465 0.8172565 0.2077565 0.8128613 0.2077565 0.8128613 0.2077565 0.8128613 0.242269 0.8172565 0.242269 0.8172565 0.2077565 0.8172565 0.2077565 0.8128613 0.2077565 0.8128613 0.2077565 0.8128613 0.2077565 0.8172565 0.2077565 0.8172565 0.2077565 0.8172565 0.242269 0.8128613 0.2077565 0.8128613 0.2077565 0.8128613 0.242269 0.8128613 0.242269 0.8128613 0.257465 0.8128613 0.2705138 0.8128613 0.257465 0.8128613 0.257465 0.8128613 0.2077565 0.8172565 0.2077565 0.8172565 0.2077565 0.8172565 0.2284717 0.8128613 0.215423 0.8128613 0.215423 0.8128613 0.2077565 0.8128613 0.2077565 0.8128613 0.2077565 0.8128613 0.2436676 0.8128613 0.2284717 0.8128613 0.2284717 0.8128613 0.2436676 0.8128613 0.2436676 0.8128613 0.2599748 0.8128613 0.2762818 0.8128613 0.2599748 0.8128613 0.2599748 0.8128613 0.242269 0.8128613 0.242269 0.8128613 0.2077565 0.8128613 0.2762818 0.8128613 0.2762818 0.8128613 0.2914776 0.8128613 0.242269 0.8128613 0.257465 0.8128613 0.257465 0.8128613 0.3045266 0.8128613 0.2914776 0.8128613 0.2914776 0.8128613 0.2077565 0.8128613 0.2077565 0.8128613 0.2077565 0.8128613 0.2705138 0.8128613 0.2705138 0.8128613 0.257465 0.8128613 0.242269 0.8128613 0.242269 0.8128613 0.2077565 0.8128613 0.2705138 0.8128613 0.2705138 0.8128613 0.257465 0.8128613 0.2077565 0.8172565 0.2077565 0.8172565 0.2077565 0.8172565 0.2284717 0.8128613 0.2284717 0.8128613 0.215423 0.8128613 0.242269 0.8128613 0.257465 0.8128613 0.257465 0.8128613 0.242269 0.8128613 0.257465 0.8128613 0.257465 0.8128613 0.2436676 0.8128613 0.2436676 0.8128613 0.2284717 0.8128613 0.2705138 0.8128613 0.2705138 0.8128613 0.257465 0.8128613 0.242269 0.8128613 0.242269 0.8128613 0.2077565 0.8128613 0.2436676 0.8128613 0.2599748 0.8128613 0.2599748 0.8128613 0.2284717 0.8128613 0.2284717 0.8128613 0.215423 0.8128613 0.242269 0.8172565 0.242269 0.8172565 0.2077565 0.8172565 0.2762818 0.8128613 0.2762818 0.8128613 0.2599748 0.8128613 0.2436676 0.8128613 0.2436676 0.8128613 0.2284717 0.8128613 0.242269 0.8172565 0.257465 0.8172565 0.257465 0.8172565 0.2762818 0.8128613 0.2914776 0.8128613 0.2914776 0.8128613 0.2436676 0.8128613 0.2599748 0.8128613 0.2599748 0.8128613 0.2705138 0.8172565 0.2705138 0.8172565 0.257465 0.8172565 0.3045266 0.8128613 0.3045266 0.8128613 0.2914776 0.8128613 0.2762818 0.8128613 0.2762818 0.8128613 0.2599748 0.8128613 0.242269 0.8128613 0.2077565 0.8128613 0.2077565 0.8128613 0.2284717 0.8172565 0.2284717 0.8172565 0.215423 0.8172565 0.257465 0.8128613 0.257465 0.8128613 0.2705138 0.8128613 0.2762818 0.8128613 0.2914776 0.8128613 0.2914776 0.8128613 0.242269 0.8128613 0.242269 0.8128613 0.257465 0.8128613 0.2436676 0.8172565 0.2436676 0.8172565 0.2284717 0.8172565 0.2077565 0.8172565 0.2077565 0.8172565 0.2077565 0.8172565 0.242269 0.8128613 0.242269 0.8128613 0.257465 0.8128613 0.3045266 0.8128613 0.3045266 0.8128613 0.2914776 0.8128613 0.2705138 0.8128613 0.257465 0.8128613 0.257465 0.8128613 0.2436676 0.8172565 0.2599748 0.8172565 0.2599748 0.8172565 0.2077565 0.8128613 0.2077565 0.8128613 0.2077565 0.8128613 0.242269 0.8128613 0.2077565 0.8128613 0.2077565 0.8128613 0.257465 0.8128613 0.257465 0.8128613 0.2705138 0.8128613 0.2284717 0.8128613 0.215423 0.8128613 0.215423 0.8128613 0.2762818 0.8172565 0.2762818 0.8172565 0.2599748 0.8172565 0.2077565 0.8128613 0.2077565 0.8128613 0.2077565 0.8128613 0.242269 0.8172565 0.2077565 0.8172565 0.2077565 0.8172565 0.242269 0.8128613 0.242269 0.8128613 0.257465 0.8128613 0.2436676 0.8128613 0.2284717 0.8128613 0.2284717 0.8128613 0.2762818 0.8172565 0.2914776 0.8172565 0.2914776 0.8172565 0.2077565 0.8172565 0.2077565 0.8172565 0.2077565 0.8172565 0.242269 0.8172565 0.242269 0.8172565 0.257465 0.8172565 0.242269 0.8128613 0.2077565 0.8128613 0.2077565 0.8128613 0.2436676 0.8128613 0.2436676 0.8128613 0.2599748 0.8128613 0.3045266 0.8172565 0.3045266 0.8172565 0.2914776 0.8172565 0.2705138 0.8172565 0.257465 0.8172565 0.257465 0.8172565 0.242269 0.8172565 0.2077565 0.8172565 0.2077565 0.8172565 0.2762818 0.8128613 0.2599748 0.8128613 0.2599748 0.8128613 0.257465 0.8172565 0.257465 0.8172565 0.2705138 0.8172565 0.2284717 0.8172565 0.215423 0.8172565 0.215423 0.8172565 0.242269 0.8172565 0.242269 0.8172565 0.257465 0.8172565 0.2762818 0.8128613 0.2762818 0.8128613 0.2914776 0.8128613 0.242269 0.8172565 0.242269 0.8172565 0.257465 0.8172565 0.2436676 0.8172565 0.2284717 0.8172565 0.2284717 0.8172565 0.2705138 0.8172565 0.257465 0.8172565 0.257465 0.8172565 0.3045266 0.8128613 0.2914776 0.8128613 0.2914776 0.8128613 0.242269 0.8172565 0.2077565 0.8172565 0.2077565 0.8172565 0.2077565 0.8172565 0.2077565 0.8172565 0.2077565 0.8172565 0.2436676 0.8172565 0.2436676 0.8172565 0.2599748 0.8172565 0.2284717 0.8172565 0.215423 0.8172565 0.215423 0.8172565 0.257465 0.8128613 0.2705138 0.8128613 0.2705138 0.8128613 0.2077565 0.8128613 0.2077565 0.8128613 0.2077565 0.8128613 0.2762818 0.8172565 0.2599748 0.8172565 0.2599748 0.8172565 0.2436676 0.8172565 0.2284717 0.8172565 0.2284717 0.8172565 0.242269 0.8128613 0.257465 0.8128613 0.257465 0.8128613 0.2077565 0.8172565 0.2077565 0.8172565 0.2077565 0.8172565 0.2762818 0.8172565 0.2762818 0.8172565 0.2914776 0.8172565 0.2436676 0.8172565 0.2436676 0.8172565 0.2599748 0.8172565 0.242269 0.8128613 0.242269 0.8128613 0.2077565 0.8128613 0.2077565 0.8128613 0.2077565 0.8128613 0.2077565 0.8128613 0.3045266 0.8172565 0.2914776 0.8172565 0.2914776 0.8172565 0.2762818 0.8172565 0.2599748 0.8172565 0.2599748 0.8172565 0.242269 0.8172565 0.242269 0.8172565 0.2077565 0.8172565 0.2077565 0.8172565 0.2077565 0.8172565 0.2077565 0.8172565 0.257465 0.8172565 0.2705138 0.8172565 0.2705138 0.8172565 0.2762818 0.8172565 0.2762818 0.8172565 0.2914776 0.8172565 0.242269 0.8172565 0.257465 0.8172565 0.257465 0.8172565 0.2077565 0.8128613 0.2077565 0.8128613 0.2077565 0.8128613 0.242269 0.8172565 0.257465 0.8172565 0.257465 0.8172565 0.3045266 0.8172565 0.2914776 0.8172565 0.2914776 0.8172565 0.2705138 0.8172565 0.2705138 0.8172565 0.257465 0.8172565 0.242269 0.8172565 0.242269 0.8172565 0.2077565 0.8172565 0.257465 0.8172565 0.2705138 0.8172565 0.2705138 0.8172565 0.2284717 0.8172565 0.2284717 0.8172565 0.215423 0.8172565 0.242269 0.8172565 0.257465 0.8172565 0.257465 0.8172565 0.2436676 0.8172565 0.2436676 0.8172565 0.2284717 0.8172565 0.242269 0.8172565 0.242269 0.8172565 0.2077565 0.8172565 0.2436676 0.8172565 0.2599748 0.8172565 0.2599748 0.8172565 0.2762818 0.8172565 0.2762818 0.8172565 0.2599748 0.8172565 0.2077565 0.8128613 0.2077565 0.8128613 0.2077565 0.8128613 0.2762818 0.8172565 0.2914776 0.8172565 0.2914776 0.8172565 0.2077565 0.8172565 0.2077565 0.8172565 0.2077565 0.8172565 0.3045266 0.8172565 0.3045266 0.8172565 0.2914776 0.8172565 0.2077565 0.8128613 0.2077565 0.8128613 0.2077565 0.8128613 0.257465 0.8172565 0.257465 0.8172565 0.2705138 0.8172565 0.2077565 0.8172565 0.2077565 0.8172565 0.2077565 0.8172565 0.242269 0.8172565 0.242269 0.8172565 0.257465 0.8172565 0.2077565 0.8128613 0.2077565 0.8128613 0.2077565 0.8128613 0.242269 0.8172565 0.2077565 0.8172565 0.2077565 0.8172565 0.2077565 0.8172565 0.2077565 0.8172565 0.2077565 0.8172565 0.2077565 0.8172565 0.2077565 0.8172565 0.2077565 0.8172565 0.2077565 0.8128613 0.2077565 0.8128613 0.2077565 0.8128613 0.242269 0.8128613 0.242269 0.8128613 0.2077565 0.8128613 0.242269 0.8128613 0.257465 0.8128613 0.257465 0.8128613 0.2705138 0.8128613 0.2705138 0.8128613 0.257465 0.8128613 0.242269 0.8128613 0.242269 0.8128613 0.2077565 0.8128613 0.2077565 0.8172565 0.2077565 0.8172565 0.2077565 0.8172565 0.2284717 0.8128613 0.2284717 0.8128613 0.215423 0.8128613 0.242269 0.8128613 0.257465 0.8128613 0.257465 0.8128613 0.2077565 0.8128613 0.2077565 0.8128613 0.2077565 0.8128613 0.2436676 0.8128613 0.2436676 0.8128613 0.2284717 0.8128613 0.2705138 0.8128613 0.2705138 0.8128613 0.257465 0.8128613 0.2077565 0.8172565 0.2077565 0.8172565 0.2077565 0.8172565 0.2436676 0.8128613 0.2599748 0.8128613 0.2599748 0.8128613 0.2284717 0.8128613 0.2284717 0.8128613 0.215423 0.8128613 0.2077565 0.8128613 0.2077565 0.8128613 0.2077565 0.8128613 0.2762818 0.8128613 0.2762818 0.8128613 0.2599748 0.8128613 0.2436676 0.8128613 0.2436676 0.8128613 0.2284717 0.8128613 0.2762818 0.8128613 0.2914776 0.8128613 0.2914776 0.8128613 0.2436676 0.8128613 0.2599748 0.8128613 0.2599748 0.8128613 0.3045266 0.8128613 0.3045266 0.8128613 0.2914776 0.8128613 0.2762818 0.8128613 0.2762818 0.8128613 0.2599748 0.8128613 0.242269 0.8128613 0.2077565 0.8128613 0.2077565 0.8128613 0.257465 0.8128613 0.257465 0.8128613 0.2705138 0.8128613 0.2762818 0.8128613 0.2914776 0.8128613 0.2914776 0.8128613 0.242269 0.8128613 0.242269 0.8128613 0.257465 0.8128613 0.2077565 0.8128613 0.2077565 0.8128613 0.2077565 0.8128613 0.242269 0.8128613 0.242269 0.8128613 0.257465 0.8128613 0.3045266 0.8128613 0.3045266 0.8128613 0.2914776 0.8128613 0.2705138 0.8128613 0.257465 0.8128613 0.257465 0.8128613 0.2077565 0.8172565 0.2077565 0.8172565 0.2077565 0.8172565 0.242269 0.8128613 0.2077565 0.8128613 0.2077565 0.8128613 0.257465 0.8128613 0.257465 0.8128613 0.2705138 0.8128613 0.2284717 0.8128613 0.215423 0.8128613 0.215423 0.8128613 0.2077565 0.8128613 0.2077565 0.8128613 0.2077565 0.8128613 0.242269 0.8172565 0.2077565 0.8172565 0.2077565 0.8172565 0.242269 0.8128613 0.242269 0.8128613 0.257465 0.8128613 0.2436676 0.8128613 0.2284717 0.8128613 0.2284717 0.8128613 0.2077565 0.8172565 0.2077565 0.8172565 0.2077565 0.8172565 0.242269 0.8172565 0.242269 0.8172565 0.257465 0.8172565 0.242269 0.8128613 0.2077565 0.8128613 0.2077565 0.8128613 0.2436676 0.8128613 0.2436676 0.8128613 0.2599748 0.8128613 0.2077565 0.8128613 0.2077565 0.8128613 0.2077565 0.8128613 0.2705138 0.8172565 0.257465 0.8172565 0.257465 0.8172565 0.242269 0.8172565 0.2077565 0.8172565 0.2077565 0.8172565 0.2762818 0.8128613 0.2599748 0.8128613 0.2599748 0.8128613 0.2077565 0.8172565 0.2077565 0.8172565 0.2077565 0.8172565 0.2284717 0.8172565 0.215423 0.8172565 0.215423 0.8172565 0.242269 0.8172565 0.242269 0.8172565 0.257465 0.8172565 0.2762818 0.8128613 0.2762818 0.8128613 0.2914776 0.8128613 0.2436676 0.8172565 0.2284717 0.8172565 0.2284717 0.8172565 0.2705138 0.8172565 0.257465 0.8172565 0.257465 0.8172565 0.3045266 0.8128613 0.2914776 0.8128613 0.2914776 0.8128613 0.2436676 0.8172565 0.2436676 0.8172565 0.2599748 0.8172565 0.2284717 0.8172565 0.215423 0.8172565 0.215423 0.8172565 0.257465 0.8128613 0.2705138 0.8128613 0.2705138 0.8128613 0.2077565 0.8172565 0.2077565 0.8172565 0.2077565 0.8172565 0.2762818 0.8172565 0.2599748 0.8172565 0.2599748 0.8172565 0.2436676 0.8172565 0.2284717 0.8172565 0.2284717 0.8172565 0.242269 0.8128613 0.257465 0.8128613 0.257465 0.8128613 0.2077565 0.8128613 0.2077565 0.8128613 0.2077565 0.8128613 0.2762818 0.8172565 0.2762818 0.8172565 0.2914776 0.8172565 0.2436676 0.8172565 0.2436676 0.8172565 0.2599748 0.8172565 0.242269 0.8128613 0.242269 0.8128613 0.2077565 0.8128613 0.2077565 0.8128613 0.2077565 0.8128613 0.2077565 0.8128613 0.3045266 0.8172565 0.2914776 0.8172565 0.2914776 0.8172565 0.2762818 0.8172565 0.2599748 0.8172565 0.2599748 0.8172565 0.242269 0.8172565 0.242269 0.8172565 0.2077565 0.8172565 0.2077565 0.8172565 0.2077565 0.8172565 0.2077565 0.8172565 0.257465 0.8172565 0.2705138 0.8172565 0.2705138 0.8172565 0.2762818 0.8172565 0.2762818 0.8172565 0.2914776 0.8172565 0.242269 0.8172565 0.257465 0.8172565 0.257465 0.8172565 0.242269 0.8172565 0.257465 0.8172565 0.257465 0.8172565 0.3045266 0.8172565 0.2914776 0.8172565 0.2914776 0.8172565 0.2705138 0.8172565 0.2705138 0.8172565 0.257465 0.8172565 0.242269 0.8172565 0.242269 0.8172565 0.2077565 0.8172565 0.2705138 0.8172565 0.2705138 0.8172565 0.257465 0.8172565 0.2284717 0.8172565 0.2284717 0.8172565 0.215423 0.8172565 0.2077565 0.8172565 0.2077565 0.8172565 0.2077565 0.8172565 0.242269 0.8172565 0.257465 0.8172565 0.257465 0.8172565 0.2436676 0.8172565 0.2436676 0.8172565 0.2284717 0.8172565 0.2077565 0.8128613 0.2077565 0.8128613 0.2077565 0.8128613 0.242269 0.8172565 0.242269 0.8172565 0.2077565 0.8172565 0.2436676 0.8172565 0.2599748 0.8172565 0.2599748 0.8172565 0.2077565 0.8172565 0.2077565 0.8172565 0.2077565 0.8172565 0.2762818 0.8172565 0.2762818 0.8172565 0.2599748 0.8172565 0.2077565 0.8128613 0.2077565 0.8128613 0.2077565 0.8128613 0.2762818 0.8172565 0.2914776 0.8172565 0.2914776 0.8172565 0.2077565 0.8172565 0.2077565 0.8172565 0.2077565 0.8172565 0.3045266 0.8172565 0.3045266 0.8172565 0.2914776 0.8172565 0.2077565 0.8128613 0.2077565 0.8128613 0.2077565 0.8128613 0.257465 0.8172565 0.257465 0.8172565 0.2705138 0.8172565 0.242269 0.8172565 0.242269 0.8172565 0.257465 0.8172565 0.2077565 0.8128613 0.2077565 0.8128613 0.2077565 0.8128613 0.242269 0.8172565 0.2077565 0.8172565 0.2077565 0.8172565 0.2077565 0.8172565 0.2077565 0.8172565 0.2077565 0.8172565 0.2077565 0.8128613 0.2077565 0.8128613 0.2077565 0.8128613 0.2077565 0.8172565 0.2077565 0.8172565 0.2077565 0.8172565 0.2077565 0.8128613 0.2077565 0.8128613 0.2077565 0.8128613 0.2077565 0.8172565 0.2077565 0.8172565 0.2077565 0.8172565 0.242269 0.8128613 0.242269 0.8128613 0.2077565 0.8128613 0.242269 0.8128613 0.257465 0.8128613 0.257465 0.8128613 0.2705138 0.8128613 0.2705138 0.8128613 0.257465 0.8128613 0.2284717 0.8128613 0.2284717 0.8128613 0.215423 0.8128613 0.2436676 0.8128613 0.2436676 0.8128613 0.2284717 0.8128613 0.2436676 0.8128613 0.2599748 0.8128613 0.2599748 0.8128613 0.2762818 0.8128613 0.2762818 0.8128613 0.2599748 0.8128613 0.2762818 0.8128613 0.2914776 0.8128613 0.2914776 0.8128613 0.3045266 0.8128613 0.3045266 0.8128613 0.2914776 0.8128613 0.242269 0.8128613 0.2077565 0.8128613 0.2077565 0.8128613 0.257465 0.8128613 0.257465 0.8128613 0.2705138 0.8128613 0.242269 0.8128613 0.242269 0.8128613 0.257465 0.8128613 0.242269 0.8128613 0.242269 0.8128613 0.257465 0.8128613 0.2705138 0.8128613 0.257465 0.8128613 0.257465 0.8128613 0.242269 0.8128613 0.2077565 0.8128613 0.2077565 0.8128613 0.2284717 0.8128613 0.215423 0.8128613 0.215423 0.8128613 0.242269 0.8172565 0.2077565 0.8172565 0.2077565 0.8172565 0.2436676 0.8128613 0.2284717 0.8128613 0.2284717 0.8128613 0.242269 0.8172565 0.242269 0.8172565 0.257465 0.8172565 0.2436676 0.8128613 0.2436676 0.8128613 0.2599748 0.8128613 0.2705138 0.8172565 0.257465 0.8172565 0.257465 0.8172565 0.2762818 0.8128613 0.2599748 0.8128613 0.2599748 0.8128613 0.242269 0.8128613 0.2077565 0.8128613 0.2077565 0.8128613 0.2077565 0.8172565 0.2077565 0.8172565 0.2077565 0.8128613 0.2284717 0.8172565 0.215423 0.8172565 0.215423 0.8172565 0.2762818 0.8128613 0.2762818 0.8128613 0.2914776 0.8128613 0.242269 0.8128613 0.242269 0.8128613 0.257465 0.8128613 0.2077565 0.8128613 0.2077565 0.8128613 0.2077565 0.8172565 0.2436676 0.8172565 0.2284717 0.8172565 0.2284717 0.8172565 0.3045266 0.8128613 0.2914776 0.8128613 0.2914776 0.8128613 0.2705138 0.8128613 0.257465 0.8128613 0.257465 0.8128613 0.2077565 0.8172565 0.2077565 0.8172565 0.2077565 0.8128613 0.2436676 0.8172565 0.2436676 0.8172565 0.2599748 0.8172565 0.257465 0.8128613 0.2705138 0.8128613 0.2705138 0.8128613 0.2284717 0.8128613 0.215423 0.8128613 0.215423 0.8128613 0.2077565 0.8128613 0.2077565 0.8128613 0.2077565 0.8172565 0.2762818 0.8172565 0.2599748 0.8172565 0.2599748 0.8172565 0.242269 0.8128613 0.257465 0.8128613 0.257465 0.8128613 0.2436676 0.8128613 0.2284717 0.8128613 0.2284717 0.8128613 0.2077565 0.8172565 0.2077565 0.8172565 0.2077565 0.8128613 0.2762818 0.8172565 0.2762818 0.8172565 0.2914776 0.8172565 0.242269 0.8128613 0.242269 0.8128613 0.2077565 0.8128613 0.2436676 0.8128613 0.2436676 0.8128613 0.2599748 0.8128613 0.2077565 0.8128613 0.2077565 0.8128613 0.2077565 0.8172565 0.3045266 0.8172565 0.2914776 0.8172565 0.2914776 0.8172565 0.242269 0.8172565 0.242269 0.8172565 0.2077565 0.8172565 0.2762818 0.8128613 0.2599748 0.8128613 0.2599748 0.8128613</float_array>
          <technique_common>
            <accessor source="#Cylinder_004-mesh-map-0-array" count="8004" stride="2">
              <param name="S" type="float"/>
              <param name="T" type="float"/>
            </accessor>
          </technique_common>
        </source>
        <vertices id="Cylinder_004-mesh-vertices">
          <input semantic="POSITION" source="#Cylinder_004-mesh-positions"/>
        </vertices>
        <triangles material="Material_001-material" count="2668">
          <input semantic="VERTEX" source="#Cylinder_004-mesh-vertices" offset="0"/>
          <input semantic="NORMAL" source="#Cylinder_004-mesh-normals" offset="1"/>
          <input semantic="TEXCOORD" source="#Cylinder_004-mesh-map-0" offset="2" set="0"/>
          <p>52 0 0 48 1 1 49 2 2 28 3 3 49 2 4 26 4 5 54 5 6 50 6 7 51 7 8 55 8 9 51 7 10 52 0 11 30 9 12 52 0 13 28 3 14 57 10 15 53 11 16 54 5 17 44 12 18 13 13 19 47 14 20 41 15 21 15 16 22 44 12 23 38 17 24 17 18 25 41 15 26 38 17 27 21 19 28 19 20 29 9 21 30 23 22 31 21 19 32 3 23 33 23 22 34 6 24 35 3 23 36 27 25 37 25 26 38 0 27 39 29 28 40 27 25 41 50 6 42 31 29 43 29 28 44 53 11 45 33 30 46 31 29 47 56 31 48 35 32 49 33 30 50 59 33 51 37 34 52 35 32 53 58 35 54 54 5 55 55 8 56 30 9 57 58 35 58 55 8 59 60 36 60 56 31 61 57 10 62 61 37 63 57 10 64 58 35 65 64 38 66 60 36 67 61 37 68 34 39 69 58 35 70 32 40 71 63 41 72 59 33 73 60 36 74 36 42 75 61 37 76 34 39 77 51 7 78 0 27 79 48 1 80 26 4 81 1 43 82 24 44 83 49 2 84 2 45 85 1 43 86 48 1 87 3 23 88 2 45 89 24 44 90 4 46 91 22 47 92 1 43 93 5 48 94 4 46 95 2 45 96 6 24 97 5 48 98 20 49 99 4 46 100 7 50 101 4 46 102 8 51 103 7 50 104 5 48 105 9 21 106 8 51 107 18 52 108 7 50 109 10 53 110 7 50 111 11 54 112 10 53 113 8 51 114 38 17 115 11 54 116 18 52 117 39 55 118 16 56 119 10 53 120 40 57 121 39 55 122 11 54 123 41 15 124 40 57 125 16 56 126 42 58 127 14 59 128 39 55 129 43 60 130 42 58 131 40 57 132 44 12 133 43 60 134 14 59 135 45 61 136 12 62 137 42 58 138 46 63 139 45 61 140 43 60 141 47 14 142 46 63 143 72 64 144 27 25 145 29 28 146 71 65 147 25 26 148 27 25 149 70 66 150 23 22 151 25 26 152 69 67 153 21 19 154 23 22 155 68 68 156 19 20 157 21 19 158 67 69 159 17 18 160 19 20 161 75 70 162 33 30 163 35 32 164 66 71 165 15 16 166 17 18 167 74 72 168 31 29 169 33 30 170 73 73 171 29 28 172 31 29 173 100 74 174 75 70 175 37 34 176 98 75 177 78 76 178 88 77 179 67 78 180 81 79 181 66 80 182 85 81 183 67 78 184 68 82 185 69 83 186 85 81 187 68 82 188 70 84 189 87 85 190 69 83 191 71 86 192 89 87 193 70 84 194 72 88 195 91 89 196 71 86 197 73 90 198 93 91 199 72 88 200 97 92 201 73 90 202 74 93 203 99 94 204 74 93 205 75 95 206 66 80 207 79 96 208 65 97 209 77 98 210 78 76 211 76 99 212 78 76 213 81 79 214 80 100 215 80 100 216 83 101 217 82 102 218 82 102 219 85 81 220 84 103 221 85 81 222 86 104 223 84 103 224 87 85 225 88 77 226 86 104 227 88 77 228 91 89 229 90 105 230 91 89 231 92 106 232 90 105 233 93 91 234 94 107 235 92 106 236 94 107 237 97 92 238 96 108 239 97 92 240 98 75 241 96 108 242 98 75 243 100 74 244 101 109 245 65 110 246 79 111 247 77 98 248 117 112 249 105 113 250 104 114 251 125 115 252 113 115 253 112 116 254 118 117 255 106 118 256 105 119 257 126 120 258 114 120 259 113 121 260 119 122 261 107 123 262 106 124 263 120 125 264 108 126 265 107 127 266 121 128 267 109 129 268 108 130 269 122 131 270 110 132 271 109 133 272 116 134 273 103 135 274 102 136 275 123 137 276 111 138 277 110 139 278 115 140 279 104 141 280 103 142 281 124 143 282 112 144 283 111 145 284 143 146 285 131 147 286 130 114 287 151 115 288 139 115 289 138 116 290 144 148 291 132 148 292 131 148 293 152 149 294 140 150 295 139 121 296 145 151 297 133 152 298 132 153 299 146 125 300 134 126 301 133 127 302 147 128 303 135 129 304 134 130 305 148 154 306 136 155 307 135 156 308 142 157 309 129 158 310 128 136 311 149 159 312 137 159 313 136 160 314 141 140 315 130 141 316 129 142 317 150 161 318 138 162 319 137 145 320 169 163 321 157 164 322 156 165 323 177 166 324 165 167 325 164 168 326 170 169 327 158 170 328 157 171 329 178 172 330 166 173 331 165 174 332 171 175 333 159 176 334 158 177 335 172 178 336 160 179 337 159 180 338 173 181 339 161 182 340 160 183 341 174 184 342 162 185 343 161 186 344 168 187 345 155 188 346 154 189 347 175 190 348 163 191 349 162 192 350 167 193 351 156 194 352 155 195 353 176 196 354 164 197 355 163 198 356 195 199 357 183 200 358 182 201 359 203 202 360 191 203 361 190 204 362 196 205 363 184 206 364 183 207 365 204 208 366 192 209 367 191 210 368 197 211 369 185 212 370 184 213 371 198 126 372 186 214 373 185 215 374 199 130 375 187 216 376 186 217 377 200 218 378 188 219 379 187 220 380 194 221 381 181 221 382 180 222 383 201 223 384 189 224 385 188 225 386 193 226 387 182 227 388 181 228 389 202 229 390 190 230 391 189 231 392 254 232 393 258 233 394 255 48 395 255 48 396 234 234 397 232 235 398 256 236 399 260 237 400 257 238 401 257 238 402 261 239 403 258 233 404 258 233 405 236 240 406 234 234 407 259 241 408 263 242 409 260 237 410 219 243 411 250 244 412 253 245 413 221 246 414 247 247 415 250 244 416 223 248 417 244 249 418 247 247 419 244 249 420 227 250 421 215 251 422 215 251 423 229 252 424 212 253 425 229 252 426 209 254 427 212 253 428 209 254 429 233 255 430 206 256 431 206 256 432 235 257 433 256 236 434 256 236 435 237 258 436 259 241 437 259 241 438 239 259 439 262 260 440 262 260 441 241 261 442 265 262 443 265 262 444 243 263 445 268 264 446 260 237 447 264 265 448 261 239 449 236 240 450 264 265 451 238 266 452 262 260 453 266 267 454 263 242 455 263 242 456 267 268 457 264 265 458 266 267 459 270 269 460 267 268 461 264 265 462 240 270 463 238 266 464 265 262 465 269 271 466 266 267 467 267 268 468 242 272 469 240 270 470 206 256 471 257 238 472 254 232 473 207 273 474 232 235 475 230 274 476 208 275 477 255 48 478 207 273 479 209 254 480 254 232 481 208 275 482 210 276 483 230 274 484 228 277 485 211 2 486 207 273 487 210 276 488 212 253 489 208 275 490 211 2 491 226 278 492 210 276 493 228 277 494 214 279 495 210 276 496 213 280 497 215 251 498 211 2 499 214 279 500 224 281 501 213 280 502 226 278 503 217 282 504 213 280 505 216 283 506 244 249 507 214 279 508 217 282 509 245 284 510 224 281 511 222 285 512 246 286 513 216 283 514 245 284 515 247 247 516 217 282 517 246 286 518 248 287 519 222 285 520 220 288 521 249 289 522 245 284 523 248 287 524 250 244 525 246 286 526 249 289 527 251 290 528 220 288 529 218 291 530 252 292 531 248 287 532 251 290 533 253 245 534 249 289 535 252 292 536 233 255 537 278 293 538 235 257 539 231 294 540 277 295 541 233 255 542 229 252 543 276 296 544 231 294 545 227 250 546 275 297 547 229 252 548 225 298 549 274 299 550 227 250 551 223 248 552 273 300 553 225 298 554 239 259 555 281 301 556 241 261 557 221 246 558 272 302 559 223 248 560 237 258 561 280 303 562 239 259 563 235 257 564 279 304 565 237 258 566 243 263 567 281 301 568 306 305 569 290 306 570 288 307 571 284 308 572 273 309 573 287 310 574 289 311 575 273 309 576 291 312 577 274 313 578 275 314 579 291 312 580 293 315 581 276 316 582 293 315 583 295 317 584 277 318 585 295 317 586 297 319 587 278 320 588 297 319 589 299 321 590 279 322 591 299 321 592 301 323 593 279 322 594 303 324 595 280 325 596 280 325 597 305 326 598 281 327 599 272 328 600 285 329 601 287 310 602 284 308 603 283 330 604 282 331 605 284 308 606 287 310 607 285 329 608 286 332 609 289 311 610 287 310 611 288 307 612 291 312 613 289 311 614 292 333 615 291 312 616 290 306 617 294 334 618 293 315 619 292 333 620 294 334 621 297 319 622 295 317 623 298 335 624 297 319 625 296 336 626 300 337 627 299 321 628 298 335 629 300 337 630 303 324 631 301 323 632 304 338 633 303 324 634 302 339 635 304 338 636 306 305 637 305 326 638 283 330 639 285 340 640 271 341 641 311 342 642 323 343 643 310 145 644 319 344 645 331 344 646 318 345 647 312 346 648 324 347 649 311 139 650 320 348 651 332 348 652 319 349 653 313 132 654 325 131 655 312 133 656 314 350 657 326 351 658 313 130 659 315 352 660 327 353 661 314 127 662 316 123 663 328 122 664 315 124 665 309 354 666 322 355 667 308 356 668 317 357 669 329 358 670 316 119 671 310 359 672 321 360 673 309 361 674 318 362 675 330 363 676 317 114 677 337 364 678 349 365 679 336 145 680 345 344 681 357 344 682 344 345 683 338 160 684 350 160 685 337 160 686 346 366 687 358 367 688 345 349 689 339 155 690 351 154 691 338 156 692 340 350 693 352 351 694 339 130 695 341 352 696 353 353 697 340 127 698 342 152 699 354 151 700 341 153 701 335 368 702 348 369 703 334 356 704 343 370 705 355 370 706 342 148 707 336 359 708 347 360 709 335 361 710 344 371 711 356 372 712 343 114 713 363 373 714 375 374 715 362 375 716 371 376 717 383 377 718 370 378 719 364 191 720 376 379 721 363 380 722 372 381 723 384 382 724 371 383 725 365 384 726 377 385 727 364 386 728 366 387 729 378 388 730 365 389 731 367 390 732 379 391 733 366 392 734 368 393 735 380 394 736 367 395 737 361 396 738 374 397 739 360 398 740 369 170 741 381 399 742 368 400 743 362 401 744 373 402 745 361 403 746 370 404 747 382 199 748 369 405 749 389 406 750 401 196 751 388 407 752 397 408 753 409 409 754 396 410 755 390 411 756 402 412 757 389 413 758 398 414 759 410 415 760 397 416 761 391 417 762 403 418 763 390 419 764 392 420 765 404 350 766 391 421 767 393 422 768 405 127 769 392 423 770 394 424 771 406 425 772 393 426 773 387 427 774 400 427 775 386 428 776 395 429 777 407 430 778 394 431 779 388 432 780 399 433 781 387 434 782 396 435 783 408 436 784 395 437 785 460 438 786 464 439 787 461 2 788 461 2 789 440 3 790 438 4 791 462 440 792 466 441 793 463 7 794 463 7 795 467 8 796 464 439 797 464 439 798 442 442 799 440 3 800 465 443 801 469 444 802 466 441 803 425 445 804 456 446 805 459 447 806 427 448 807 453 449 808 456 446 809 429 450 810 450 451 811 453 449 812 450 451 813 433 452 814 421 453 815 421 453 816 435 454 817 418 455 818 435 454 819 415 456 820 418 455 821 415 456 822 439 457 823 412 458 824 412 458 825 441 459 826 462 440 827 462 440 828 443 460 829 465 443 830 465 443 831 445 461 832 468 462 833 468 462 834 447 463 835 471 464 836 471 464 837 449 465 838 474 466 839 466 441 840 470 467 841 467 8 842 442 442 843 470 467 844 444 468 845 468 462 846 472 469 847 469 444 848 469 444 849 473 470 850 470 467 851 472 469 852 476 471 853 473 470 854 470 467 855 446 39 856 444 468 857 471 464 858 475 472 859 472 469 860 473 470 861 448 473 862 446 39 863 412 458 864 463 7 865 460 438 866 413 474 867 438 4 868 436 44 869 414 475 870 461 2 871 413 474 872 415 456 873 460 438 874 414 475 875 416 46 876 436 44 877 434 47 878 417 48 879 413 474 880 416 46 881 418 455 882 414 475 883 417 48 884 432 476 885 416 46 886 434 47 887 420 477 888 416 46 889 419 478 890 421 453 891 417 48 892 420 477 893 430 479 894 419 478 895 432 476 896 423 480 897 419 478 898 422 53 899 450 451 900 420 477 901 423 480 902 451 481 903 430 479 904 428 482 905 452 483 906 422 53 907 451 481 908 453 449 909 423 480 910 452 483 911 454 484 912 428 482 913 426 485 914 455 486 915 451 481 916 454 484 917 456 446 918 452 483 919 455 486 920 457 487 921 426 485 922 424 488 923 458 489 924 454 484 925 457 487 926 459 447 927 455 486 928 458 489 929 439 457 930 484 490 931 441 459 932 437 491 933 483 65 934 439 457 935 435 454 936 482 66 937 437 491 938 433 452 939 481 67 940 435 454 941 431 492 942 480 68 943 433 452 944 429 450 945 479 493 946 431 492 947 445 461 948 487 494 949 447 463 950 427 448 951 478 495 952 429 450 953 443 460 954 486 72 955 445 461 956 441 459 957 485 73 958 443 460 959 449 465 960 487 494 961 512 496 962 496 497 963 494 498 964 490 499 965 479 500 966 493 501 967 495 502 968 479 500 969 497 503 970 480 504 971 481 505 972 497 503 973 499 506 974 482 507 975 499 506 976 501 508 977 483 509 978 501 508 979 503 510 980 484 511 981 503 510 982 505 512 983 485 513 984 505 512 985 507 514 986 485 513 987 509 515 988 486 516 989 486 516 990 511 517 991 487 518 992 478 519 993 491 520 994 493 501 995 490 499 996 489 521 997 488 522 998 490 499 999 493 501 1000 491 520 1001 492 523 1002 495 502 1003 493 501 1004 494 498 1005 497 503 1006 495 502 1007 498 524 1008 497 503 1009 496 497 1010 500 525 1011 499 506 1012 498 524 1013 500 525 1014 503 510 1015 501 508 1016 504 526 1017 503 510 1018 502 527 1019 506 528 1020 505 512 1021 504 526 1022 506 528 1023 509 515 1024 507 514 1025 510 529 1026 509 515 1027 508 530 1028 510 529 1029 512 496 1030 511 517 1031 489 521 1032 491 531 1033 477 532 1034 517 113 1035 529 112 1036 516 114 1037 525 115 1038 537 115 1039 524 116 1040 518 118 1041 530 117 1042 517 119 1043 526 120 1044 538 120 1045 525 121 1046 519 123 1047 531 122 1048 518 124 1049 520 126 1050 532 125 1051 519 127 1052 521 129 1053 533 128 1054 520 130 1055 522 132 1056 534 131 1057 521 133 1058 515 135 1059 528 134 1060 514 136 1061 523 138 1062 535 137 1063 522 139 1064 516 141 1065 527 140 1066 515 142 1067 524 144 1068 536 143 1069 523 145 1070 543 147 1071 555 146 1072 542 114 1073 551 115 1074 563 115 1075 550 116 1076 544 148 1077 556 148 1078 543 148 1079 552 150 1080 564 149 1081 551 121 1082 545 152 1083 557 151 1084 544 153 1085 546 126 1086 558 125 1087 545 127 1088 547 129 1089 559 128 1090 546 130 1091 548 155 1092 560 154 1093 547 156 1094 541 158 1095 554 157 1096 540 136 1097 549 159 1098 561 159 1099 548 160 1100 542 141 1101 553 140 1102 541 142 1103 550 162 1104 562 161 1105 549 145 1106 569 164 1107 581 163 1108 568 165 1109 577 167 1110 589 166 1111 576 168 1112 570 170 1113 582 169 1114 569 171 1115 578 173 1116 590 172 1117 577 174 1118 571 176 1119 583 175 1120 570 177 1121 572 179 1122 584 178 1123 571 180 1124 573 182 1125 585 181 1126 572 183 1127 574 185 1128 586 184 1129 573 186 1130 567 188 1131 580 187 1132 566 189 1133 575 191 1134 587 190 1135 574 192 1136 568 194 1137 579 193 1138 567 195 1139 576 197 1140 588 196 1141 575 198 1142 595 200 1143 607 199 1144 594 201 1145 603 203 1146 615 202 1147 602 204 1148 596 206 1149 608 205 1150 595 207 1151 604 209 1152 616 208 1153 603 210 1154 597 212 1155 609 211 1156 596 213 1157 598 214 1158 610 126 1159 597 215 1160 599 216 1161 611 130 1162 598 217 1163 600 219 1164 612 218 1165 599 220 1166 593 221 1167 606 221 1168 592 222 1169 601 224 1170 613 223 1171 600 225 1172 594 227 1173 605 226 1174 593 228 1175 602 230 1176 614 229 1177 601 231 1178 670 533 1179 666 534 1180 667 48 1181 646 234 1182 667 48 1183 644 235 1184 672 535 1185 668 536 1186 669 238 1187 673 239 1188 669 238 1189 670 533 1190 648 537 1191 670 533 1192 646 234 1193 675 538 1194 671 539 1195 672 535 1196 662 540 1197 631 541 1198 665 542 1199 659 543 1200 633 544 1201 662 540 1202 656 545 1203 635 546 1204 659 543 1205 656 545 1206 639 547 1207 637 548 1208 627 549 1209 641 550 1210 639 547 1211 621 551 1212 641 550 1213 624 552 1214 621 551 1215 645 553 1216 643 554 1217 618 555 1218 647 556 1219 645 553 1220 668 536 1221 649 557 1222 647 556 1223 671 539 1224 651 558 1225 649 557 1226 674 559 1227 653 560 1228 651 558 1229 677 561 1230 655 562 1231 653 560 1232 676 563 1233 672 535 1234 673 239 1235 648 537 1236 676 563 1237 673 239 1238 678 564 1239 674 559 1240 675 538 1241 679 565 1242 675 538 1243 676 563 1244 682 566 1245 678 564 1246 679 565 1247 652 270 1248 676 563 1249 650 567 1250 681 568 1251 677 561 1252 678 564 1253 654 569 1254 679 565 1255 652 270 1256 669 238 1257 618 555 1258 666 534 1259 644 235 1260 619 570 1261 642 274 1262 667 48 1263 620 571 1264 619 570 1265 666 534 1266 621 551 1267 620 571 1268 642 274 1269 622 276 1270 640 277 1271 619 570 1272 623 2 1273 622 276 1274 620 571 1275 624 552 1276 623 2 1277 638 572 1278 622 276 1279 625 573 1280 622 276 1281 626 574 1282 625 573 1283 623 2 1284 627 549 1285 626 574 1286 636 575 1287 625 573 1288 628 283 1289 625 573 1290 629 576 1291 628 283 1292 626 574 1293 656 545 1294 629 576 1295 636 575 1296 657 577 1297 634 578 1298 628 283 1299 658 579 1300 657 577 1301 629 576 1302 659 543 1303 658 579 1304 634 578 1305 660 580 1306 632 581 1307 657 577 1308 661 582 1309 660 580 1310 658 579 1311 662 540 1312 661 582 1313 632 581 1314 663 583 1315 630 584 1316 660 580 1317 664 585 1318 663 583 1319 661 582 1320 665 542 1321 664 585 1322 690 586 1323 645 553 1324 647 556 1325 689 295 1326 643 554 1327 645 553 1328 688 296 1329 641 550 1330 643 554 1331 687 297 1332 639 547 1333 641 550 1334 686 299 1335 637 548 1336 639 547 1337 685 587 1338 635 546 1339 637 548 1340 693 588 1341 651 558 1342 653 560 1343 684 589 1344 633 544 1345 635 546 1346 692 303 1347 649 557 1348 651 558 1349 691 304 1350 647 556 1351 649 557 1352 718 590 1353 693 588 1354 655 562 1355 716 591 1356 696 592 1357 706 593 1358 685 594 1359 699 595 1360 684 596 1361 703 597 1362 685 594 1363 686 598 1364 687 599 1365 703 597 1366 686 598 1367 688 600 1368 705 601 1369 687 599 1370 689 602 1371 707 603 1372 688 600 1373 690 604 1374 709 605 1375 689 602 1376 691 606 1377 711 607 1378 690 604 1379 715 608 1380 691 606 1381 692 609 1382 717 610 1383 692 609 1384 693 611 1385 684 596 1386 697 612 1387 683 613 1388 695 614 1389 696 592 1390 694 615 1391 696 592 1392 699 595 1393 698 616 1394 698 616 1395 701 617 1396 700 618 1397 700 618 1398 703 597 1399 702 619 1400 703 597 1401 704 620 1402 702 619 1403 705 601 1404 706 593 1405 704 620 1406 706 593 1407 709 605 1408 708 621 1409 709 605 1410 710 622 1411 708 621 1412 711 607 1413 712 623 1414 710 622 1415 712 623 1416 715 608 1417 714 624 1418 715 608 1419 716 591 1420 714 624 1421 716 591 1422 718 590 1423 719 625 1424 683 626 1425 697 627 1426 695 614 1427 735 343 1428 723 342 1429 722 145 1430 743 344 1431 731 344 1432 730 345 1433 736 347 1434 724 346 1435 723 139 1436 744 348 1437 732 348 1438 731 349 1439 737 131 1440 725 132 1441 724 133 1442 738 351 1443 726 350 1444 725 130 1445 739 353 1446 727 352 1447 726 127 1448 740 122 1449 728 123 1450 727 124 1451 734 355 1452 721 354 1453 720 356 1454 741 358 1455 729 357 1456 728 119 1457 733 360 1458 722 359 1459 721 361 1460 742 363 1461 730 362 1462 729 114 1463 761 365 1464 749 364 1465 748 145 1466 769 344 1467 757 344 1468 756 345 1469 762 160 1470 750 160 1471 749 160 1472 770 367 1473 758 366 1474 757 349 1475 763 154 1476 751 155 1477 750 156 1478 764 351 1479 752 350 1480 751 130 1481 765 353 1482 753 352 1483 752 127 1484 766 151 1485 754 152 1486 753 153 1487 760 369 1488 747 368 1489 746 356 1490 767 370 1491 755 370 1492 754 148 1493 759 360 1494 748 359 1495 747 361 1496 768 372 1497 756 371 1498 755 114 1499 787 374 1500 775 373 1501 774 375 1502 795 377 1503 783 376 1504 782 378 1505 788 379 1506 776 191 1507 775 380 1508 796 382 1509 784 381 1510 783 383 1511 789 385 1512 777 384 1513 776 386 1514 790 388 1515 778 387 1516 777 389 1517 791 391 1518 779 390 1519 778 392 1520 792 394 1521 780 393 1522 779 395 1523 786 397 1524 773 396 1525 772 398 1526 793 399 1527 781 170 1528 780 400 1529 785 402 1530 774 401 1531 773 403 1532 794 199 1533 782 404 1534 781 405 1535 813 196 1536 801 406 1537 800 407 1538 821 409 1539 809 408 1540 808 410 1541 814 412 1542 802 411 1543 801 413 1544 822 415 1545 810 414 1546 809 416 1547 815 418 1548 803 417 1549 802 419 1550 816 350 1551 804 420 1552 803 421 1553 817 127 1554 805 422 1555 804 423 1556 818 425 1557 806 424 1558 805 426 1559 812 427 1560 799 427 1561 798 428 1562 819 430 1563 807 429 1564 806 431 1565 811 433 1566 800 432 1567 799 434 1568 820 436 1569 808 435 1570 807 437 1571 268 264 1572 862 628 1573 269 271 1574 13 13 1575 835 629 1576 825 630 1577 269 271 1578 863 631 1579 270 269 1580 695 614 1581 915 632 1582 631 541 1583 153 633 1584 843 634 1585 140 635 1586 528 636 1587 898 637 1588 514 638 1589 771 639 1590 933 640 1591 758 641 1592 76 99 1593 837 642 1594 834 643 1595 719 625 1596 924 644 1597 694 615 1598 46 63 1599 828 645 1600 45 61 1601 664 585 1602 918 646 1603 663 583 1604 128 647 1605 844 648 1606 142 649 1607 372 650 1608 879 651 1609 385 652 1610 746 653 1611 934 654 1612 760 655 1613 306 305 1614 857 656 1615 243 263 1616 47 14 1617 829 657 1618 46 63 1619 665 542 1620 919 658 1621 664 585 1622 12 62 1623 828 645 1624 824 659 1625 630 584 1626 918 646 1627 914 660 1628 374 661 1629 876 662 1630 360 663 1631 604 664 1632 913 665 1633 617 666 1634 47 14 1635 825 630 1636 830 667 1637 665 542 1638 915 632 1639 920 668 1640 242 272 1641 863 631 1642 856 669 1643 282 331 1644 865 670 1645 864 671 1646 513 672 1647 896 673 1648 512 496 1649 606 674 1650 910 675 1651 592 676 1652 62 677 1653 827 678 1654 37 34 1655 680 679 1656 917 680 1657 655 562 1658 320 681 1659 871 682 1660 333 683 1661 63 41 1662 831 684 1663 62 677 1664 681 568 1665 921 685 1666 680 679 1667 64 38 1668 832 686 1669 63 41 1670 425 445 1671 895 687 1672 489 521 1673 682 566 1674 922 688 1675 681 568 1676 322 689 1677 868 654 1678 308 663 1679 552 690 1680 905 691 1681 565 692 1682 488 522 1683 897 693 1684 513 672 1685 457 487 1686 889 694 1687 458 489 1688 179 695 1689 847 696 1690 166 697 1691 554 698 1692 902 699 1693 540 638 1694 797 700 1695 937 651 1696 784 701 1697 37 34 1698 836 702 1699 100 74 1700 655 562 1701 926 703 1702 718 590 1703 458 489 1704 890 704 1705 459 447 1706 424 488 1707 888 705 1708 457 487 1709 154 706 1710 848 648 1711 168 707 1712 398 708 1713 883 709 1714 411 710 1715 772 711 1716 938 662 1717 786 712 1718 459 447 1719 885 713 1720 425 445 1721 36 42 1722 833 714 1723 64 38 1724 654 569 1725 923 715 1726 682 566 1727 77 98 1728 834 643 1729 835 629 1730 306 305 1731 867 716 1732 866 717 1733 694 615 1734 925 718 1735 695 614 1736 400 719 1737 880 720 1738 386 663 1739 474 466 1740 887 721 1741 891 722 1742 127 723 1743 839 691 1744 114 724 1745 745 681 1746 929 682 1747 732 683 1748 474 466 1749 892 725 1750 475 472 1751 283 330 1752 855 726 1753 865 670 1754 475 472 1755 893 727 1756 476 471 1757 102 728 1758 840 729 1759 116 730 1760 346 731 1761 875 682 1762 359 732 1763 720 689 1764 930 654 1765 734 663 1766 307 733 1767 864 671 1768 867 716 1769 251 290 1770 859 734 1771 252 292 1772 348 735 1773 872 736 1774 334 737 1775 578 738 1776 909 696 1777 591 739 1778 512 496 1779 887 721 1780 449 465 1781 252 292 1782 860 740 1783 253 245 1784 218 291 1785 858 741 1786 251 290 1787 205 742 1788 851 665 1789 192 743 1790 580 744 1791 906 745 1792 566 746 1793 823 747 1794 941 709 1795 810 748 1796 253 245 1797 855 726 1798 219 243 1799 448 473 1800 893 727 1801 886 749 1802 101 109 1803 836 702 1804 837 642 1805 489 521 1806 894 750 1807 488 522 1808 718 590 1809 927 751 1810 719 625 1811 180 752 1812 852 753 1813 194 754 1814 798 755 1815 942 720 1816 812 663 1817 268 264 1818 857 656 1819 861 756 1820 526 723 1821 901 691 1822 539 724 1823 945 757 1824 947 758 1825 944 759 1826 949 760 1827 951 760 1828 948 760 1829 952 761 1830 946 761 1831 945 761 1832 954 762 1833 950 763 1834 949 764 1835 956 765 1836 953 766 1837 952 767 1838 958 768 1839 957 769 1840 956 770 1841 960 771 1842 959 772 1843 958 773 1844 962 774 1845 961 775 1846 960 776 1847 965 777 1848 967 778 1849 964 779 1850 968 780 1851 963 781 1852 962 782 1853 944 783 1854 966 784 1855 965 785 1856 948 786 1857 969 787 1858 968 788 1859 971 789 1860 973 790 1861 970 791 1862 975 792 1863 977 793 1864 974 794 1865 978 761 1866 972 761 1867 971 761 1868 980 795 1869 976 796 1870 975 797 1871 982 798 1872 979 798 1873 978 799 1874 984 768 1875 983 769 1876 982 770 1877 986 771 1878 985 772 1879 984 773 1880 988 800 1881 987 801 1882 986 802 1883 991 803 1884 993 804 1885 990 805 1886 994 780 1887 989 781 1888 988 782 1889 970 783 1890 992 784 1891 991 785 1892 974 806 1893 995 807 1894 994 808 1895 997 809 1896 999 810 1897 996 811 1898 1001 812 1899 1003 813 1900 1000 814 1901 1004 815 1902 998 816 1903 997 817 1904 1006 818 1905 1002 819 1906 1001 820 1907 1008 821 1908 1005 821 1909 1004 822 1910 1010 823 1911 1009 824 1912 1008 825 1913 1012 826 1914 1011 827 1915 1010 828 1916 1014 829 1917 1013 830 1918 1012 831 1919 1017 832 1920 1019 833 1921 1016 779 1922 1020 834 1923 1015 835 1924 1014 836 1925 996 837 1926 1018 838 1927 1017 839 1928 1000 840 1929 1021 807 1930 1020 841 1931 1023 842 1932 1025 843 1933 1022 758 1934 1027 844 1935 1029 845 1936 1026 846 1937 1030 847 1938 1024 848 1939 1023 849 1940 1032 850 1941 1028 851 1942 1027 852 1943 1034 853 1944 1031 854 1945 1030 855 1946 1036 856 1947 1035 857 1948 1034 858 1949 1038 859 1950 1037 860 1951 1036 861 1952 1040 862 1953 1039 863 1954 1038 864 1955 1043 865 1956 1045 866 1957 1042 867 1958 1046 868 1959 1041 869 1960 1040 870 1961 1022 871 1962 1044 872 1963 1043 873 1964 1026 874 1965 1047 875 1966 1046 876 1967 1049 877 1968 1051 878 1969 1048 879 1970 1053 880 1971 1055 880 1972 1052 880 1973 1050 835 1974 1057 835 1975 1051 835 1976 1054 881 1977 1059 882 1978 1055 883 1979 1056 775 1980 1061 884 1981 1057 776 1982 1060 827 1983 1063 885 1984 1061 886 1985 1062 887 1986 1065 888 1987 1063 889 1988 1064 766 1989 1067 890 1990 1065 767 1991 1069 891 1992 1071 892 1993 1068 893 1994 1066 894 1995 1073 895 1996 1067 896 1997 1070 814 1998 1048 897 1999 1071 898 2000 1072 899 2001 1052 900 2002 1073 901 2003 1075 902 2004 1077 903 2005 1074 806 2006 1079 904 2007 1081 905 2008 1078 906 2009 1076 835 2010 1083 835 2011 1077 835 2012 1080 907 2013 1085 908 2014 1081 909 2015 1082 829 2016 1087 829 2017 1083 802 2018 1086 827 2019 1089 885 2020 1087 886 2021 1088 887 2022 1091 888 2023 1089 889 2024 1090 910 2025 1093 911 2026 1091 799 2027 1095 912 2028 1097 913 2029 1094 914 2030 1092 894 2031 1099 895 2032 1093 896 2033 1096 814 2034 1074 897 2035 1097 898 2036 1098 915 2037 1078 791 2038 1099 916 2039 1101 917 2040 1103 918 2041 1100 919 2042 1105 920 2043 1107 921 2044 1104 784 2045 1102 922 2046 1109 923 2047 1103 836 2048 1106 924 2049 1111 925 2050 1107 926 2051 1108 927 2052 1113 927 2053 1109 928 2054 1112 929 2055 1115 930 2056 1113 931 2057 1114 769 2058 1117 932 2059 1115 933 2060 1116 934 2061 1119 798 2062 1117 935 2063 1121 936 2064 1123 937 2065 1120 893 2066 1118 761 2067 1125 938 2068 1119 817 2069 1122 845 2070 1100 939 2071 1123 940 2072 1124 915 2073 1104 941 2074 1125 942 2075 1127 943 2076 1129 944 2077 1126 877 2078 1131 838 2079 1133 945 2080 1130 946 2081 1128 947 2082 1135 948 2083 1129 949 2084 1132 950 2085 1137 951 2086 1133 952 2087 1134 863 2088 1139 953 2089 1135 864 2090 1138 954 2091 1141 955 2092 1139 956 2093 1140 957 2094 1143 958 2095 1141 959 2096 1142 854 2097 1145 960 2098 1143 855 2099 1147 961 2100 1149 962 2101 1146 963 2102 1144 964 2103 1151 965 2104 1145 966 2105 1148 967 2106 1126 968 2107 1149 969 2108 1150 970 2109 1130 971 2110 1151 972 2111 1153 758 2112 1155 757 2113 1152 759 2114 1157 760 2115 1159 760 2116 1156 760 2117 1154 761 2118 1161 761 2119 1155 761 2120 1158 763 2121 1163 762 2122 1159 764 2123 1160 766 2124 1165 765 2125 1161 767 2126 1164 769 2127 1167 768 2128 1165 770 2129 1166 772 2130 1169 771 2131 1167 773 2132 1168 775 2133 1171 774 2134 1169 776 2135 1173 778 2136 1175 777 2137 1172 779 2138 1170 781 2139 1177 780 2140 1171 782 2141 1174 784 2142 1152 783 2143 1175 785 2144 1176 787 2145 1156 786 2146 1177 788 2147 1179 790 2148 1181 789 2149 1178 791 2150 1183 793 2151 1185 792 2152 1182 794 2153 1180 761 2154 1187 761 2155 1181 761 2156 1184 796 2157 1189 795 2158 1185 797 2159 1186 798 2160 1191 798 2161 1187 799 2162 1190 769 2163 1193 768 2164 1191 770 2165 1192 772 2166 1195 771 2167 1193 773 2168 1194 801 2169 1197 800 2170 1195 802 2171 1199 804 2172 1201 803 2173 1198 805 2174 1196 781 2175 1203 780 2176 1197 782 2177 1200 784 2178 1178 783 2179 1201 785 2180 1202 807 2181 1182 806 2182 1203 808 2183 1205 810 2184 1207 809 2185 1204 811 2186 1209 813 2187 1211 812 2188 1208 814 2189 1206 816 2190 1213 815 2191 1207 817 2192 1210 819 2193 1215 818 2194 1211 820 2195 1212 821 2196 1217 821 2197 1213 822 2198 1216 824 2199 1219 823 2200 1217 825 2201 1218 827 2202 1221 826 2203 1219 828 2204 1220 830 2205 1223 829 2206 1221 831 2207 1225 833 2208 1227 832 2209 1224 779 2210 1222 835 2211 1229 834 2212 1223 836 2213 1226 838 2214 1204 837 2215 1227 839 2216 1228 807 2217 1208 840 2218 1229 841 2219 1231 843 2220 1233 842 2221 1230 758 2222 1235 845 2223 1237 844 2224 1234 846 2225 1232 848 2226 1239 847 2227 1233 849 2228 1236 851 2229 1241 850 2230 1237 852 2231 1238 854 2232 1243 853 2233 1239 855 2234 1242 857 2235 1245 856 2236 1243 858 2237 1244 860 2238 1247 859 2239 1245 861 2240 1246 863 2241 1249 862 2242 1247 864 2243 1251 866 2244 1253 865 2245 1250 867 2246 1248 869 2247 1255 868 2248 1249 870 2249 1252 872 2250 1230 871 2251 1253 873 2252 1254 875 2253 1234 874 2254 1255 876 2255 1257 878 2256 1259 877 2257 1256 879 2258 1261 880 2259 1263 880 2260 1260 880 2261 1264 835 2262 1258 835 2263 1257 835 2264 1266 882 2265 1262 881 2266 1261 883 2267 1268 884 2268 1265 775 2269 1264 776 2270 1270 885 2271 1269 827 2272 1268 886 2273 1272 888 2274 1271 887 2275 1270 889 2276 1274 890 2277 1273 766 2278 1272 767 2279 1277 892 2280 1279 891 2281 1276 893 2282 1280 895 2283 1275 894 2284 1274 896 2285 1256 897 2286 1278 814 2287 1277 898 2288 1260 900 2289 1281 899 2290 1280 901 2291 1283 903 2292 1285 902 2293 1282 806 2294 1287 905 2295 1289 904 2296 1286 906 2297 1290 835 2298 1284 835 2299 1283 835 2300 1292 908 2301 1288 907 2302 1287 909 2303 1294 829 2304 1291 829 2305 1290 802 2306 1296 885 2307 1295 827 2308 1294 886 2309 1298 888 2310 1297 887 2311 1296 889 2312 1300 911 2313 1299 910 2314 1298 799 2315 1303 913 2316 1305 912 2317 1302 914 2318 1306 895 2319 1301 894 2320 1300 896 2321 1282 897 2322 1304 814 2323 1303 898 2324 1286 791 2325 1307 915 2326 1306 916 2327 1309 918 2328 1311 917 2329 1308 919 2330 1313 921 2331 1315 920 2332 1312 784 2333 1316 923 2334 1310 922 2335 1309 836 2336 1318 925 2337 1314 924 2338 1313 926 2339 1320 927 2340 1317 927 2341 1316 928 2342 1322 930 2343 1321 929 2344 1320 931 2345 1324 932 2346 1323 769 2347 1322 933 2348 1326 798 2349 1325 934 2350 1324 935 2351 1329 937 2352 1331 936 2353 1328 893 2354 1332 938 2355 1327 761 2356 1326 817 2357 1308 939 2358 1330 845 2359 1329 940 2360 1312 941 2361 1333 915 2362 1332 942 2363 1335 944 2364 1337 943 2365 1334 877 2366 1339 945 2367 1341 838 2368 1338 946 2369 1342 948 2370 1336 947 2371 1335 949 2372 1344 951 2373 1340 950 2374 1339 952 2375 1346 953 2376 1343 863 2377 1342 864 2378 1348 955 2379 1347 954 2380 1346 956 2381 1350 958 2382 1349 957 2383 1348 959 2384 1352 960 2385 1351 854 2386 1350 855 2387 1355 962 2388 1357 961 2389 1354 963 2390 1358 965 2391 1353 964 2392 1352 966 2393 1334 968 2394 1356 967 2395 1355 969 2396 1338 971 2397 1359 970 2398 1358 972 2399 1360 973 2400 981 974 2401 980 975 2402 1362 976 2403 1173 977 2404 1172 978 2405 1364 979 2406 1293 980 2407 1292 981 2408 1366 982 2409 990 983 2410 993 984 2411 1368 985 2412 1111 986 2413 1110 987 2414 1370 988 2415 1302 989 2416 1305 990 2417 1372 991 2418 1121 992 2419 1120 993 2420 1374 994 2421 1241 995 2422 1240 996 2423 1376 997 2424 1251 998 2425 1250 999 2426 1378 1000 2427 1059 980 2428 1058 1001 2429 1380 988 2430 1069 1002 2431 1068 990 2432 1382 1003 2433 1189 1004 2434 1188 1005 2435 1384 1006 2436 1007 1007 2437 1006 1008 2438 1386 1009 2439 1199 1010 2440 1198 978 2441 1388 1011 2442 1319 1012 2443 1318 1013 2444 1390 1014 2445 1016 1015 2446 1019 978 2447 1392 1016 2448 1137 1017 2449 1136 1018 2450 1394 1019 2451 1328 1020 2452 1331 1021 2453 1396 1022 2454 1147 1023 2455 1146 993 2456 1398 1003 2457 955 974 2458 954 1005 2459 1400 1000 2460 1267 980 2461 1266 1001 2462 1402 1024 2463 964 983 2464 967 1025 2465 1404 1000 2466 1085 1026 2467 1084 1001 2468 1406 988 2469 1276 1002 2470 1279 990 2471 1408 1027 2472 1095 1002 2473 1094 1028 2474 1410 1029 2475 1215 1030 2476 1214 1031 2477 1412 994 2478 1033 1032 2479 1032 1033 2480 1414 1034 2481 1225 1035 2482 1224 1036 2483 1416 1037 2484 1345 1038 2485 1344 1039 2486 1418 1040 2487 1042 1041 2488 1045 1042 2489 1420 1022 2490 1354 1043 2491 1357 993 2492 1422 1003 2493 1163 974 2494 1162 1005 2495 853 1044 2496 1412 994 2497 851 665 2498 202 1045 2499 1029 1046 2500 203 1047 2501 579 1048 2502 1205 1049 2503 1226 1050 2504 315 1051 2505 1067 1052 2506 316 1050 2507 850 1053 2508 1418 1040 2509 852 753 2510 204 1054 2511 1029 1055 2512 1028 1056 2513 582 1057 2514 1205 1058 2515 581 1059 2516 317 1060 2517 1067 1061 2518 1073 1050 2519 204 1062 2520 1033 1063 2521 205 1064 2522 583 1065 2523 1206 1066 2524 582 1067 2525 318 1068 2526 1073 1069 2527 1052 1070 2528 584 1071 2529 1212 1072 2530 583 1073 2531 319 1074 2532 1052 1075 2533 1055 1050 2534 584 1076 2535 1218 1077 2536 1216 1078 2537 319 1079 2538 1059 1080 2539 320 1081 2540 586 1082 2541 1218 1083 2542 585 1084 2543 321 1085 2544 1069 1086 2545 322 1087 2546 586 1088 2547 1222 1089 2548 1220 1050 2549 321 1090 2550 1049 1091 2551 1070 1092 2552 588 1093 2553 1222 1094 2554 587 1095 2555 324 1096 2556 1049 1097 2557 323 1098 2558 589 1099 2559 1228 1100 2560 588 1101 2561 325 1102 2562 1050 1103 2563 324 1104 2564 590 1105 2565 1209 1106 2566 589 1107 2567 326 1108 2568 1056 1108 2569 325 1108 2570 590 1109 2571 1214 1110 2572 1210 1111 2573 326 1112 2574 1062 1113 2575 1060 1114 2576 328 1115 2577 1062 1116 2578 327 1117 2579 328 1108 2580 1066 1108 2581 1064 1108 2582 330 1118 2583 1066 1119 2584 329 1120 2585 331 1121 2586 1072 1122 2587 330 1123 2588 869 1124 2589 1378 1000 2590 871 682 2591 332 1108 2592 1053 1108 2593 331 1108 2594 870 1125 2595 1380 988 2596 868 654 2597 332 1126 2598 1058 1127 2599 1054 1128 2600 873 1124 2601 1404 1000 2602 875 682 2603 874 1129 2604 1408 1027 2605 872 736 2606 877 1124 2607 1368 985 2608 879 651 2609 878 1125 2610 1372 991 2611 876 662 2612 881 1130 2613 1392 1016 2614 883 709 2615 882 1131 2616 1396 1022 2617 880 720 2618 593 1132 2619 1250 1133 2620 1253 1108 2621 593 1134 2622 1230 1135 2623 594 1136 2624 595 1137 2625 1230 1138 2626 1233 1108 2627 596 1139 2628 1233 1140 2629 1239 1108 2630 597 1108 2631 1239 1108 2632 1243 1108 2633 597 1141 2634 1245 1142 2635 598 1143 2636 599 1144 2637 1245 1145 2638 1247 1108 2639 335 1146 2640 1094 1147 2641 1097 1148 2642 599 1108 2643 1249 1108 2644 600 1108 2645 335 1149 2646 1074 1150 2647 336 1151 2648 601 1152 2649 1249 1153 2650 1255 1108 2651 337 1154 2652 1074 1155 2653 1077 1156 2654 601 1157 2655 1234 1158 2656 602 1159 2657 338 1065 2658 1077 1066 2659 1083 1050 2660 603 1160 2661 1234 1161 2662 1237 1108 2663 339 1162 2664 1083 1163 2665 1087 1050 2666 603 1164 2667 1241 1165 2668 604 1166 2669 339 1050 2670 1089 1050 2671 340 1050 2672 899 1129 2673 1422 1003 2674 901 691 2675 605 1167 2676 1251 1168 2677 606 1169 2678 341 1050 2679 1089 1050 2680 1091 1050 2681 900 1170 2682 1362 976 2683 898 637 2684 605 1171 2685 1231 1172 2686 1252 1173 2687 341 1174 2688 1093 1175 2689 342 1176 2690 903 1129 2691 1382 1003 2692 905 691 2693 608 1177 2694 1231 1178 2695 607 1179 2696 343 1180 2697 1093 1181 2698 1099 1182 2699 904 1183 2700 1386 1009 2701 902 699 2702 721 1184 2703 1276 1185 2704 720 1186 2705 609 1187 2706 1232 1188 2707 608 1189 2708 344 1099 2709 1099 1100 2710 1078 1050 2711 907 1129 2712 1410 1029 2713 909 696 2714 721 1190 2715 1256 1191 2716 1277 1108 2717 610 1192 2718 1238 1193 2719 609 1194 2720 345 1195 2721 1078 1196 2722 1081 1050 2723 908 1183 2724 1414 1034 2725 906 745 2726 723 1197 2727 1256 1198 2728 722 1199 2729 610 1050 2730 1244 1050 2731 1242 1050 2732 345 1200 2733 1085 1201 2734 346 1202 2735 911 1044 2736 1374 994 2737 913 665 2738 724 1203 2739 1257 1204 2740 723 1205 2741 612 1050 2742 1244 1050 2743 611 1050 2744 347 1206 2745 1095 1207 2746 348 1208 2747 912 1209 2748 1376 997 2749 910 675 2750 725 1210 2751 1264 1211 2752 724 1108 2753 612 1212 2754 1248 1213 2755 1246 1050 2756 347 1108 2757 1075 1108 2758 1096 1108 2759 725 1214 2760 1270 1215 2761 1268 1216 2762 614 1217 2763 1248 1218 2764 613 1219 2765 350 1108 2766 1075 1108 2767 349 1108 2768 727 1220 2769 1270 1221 2770 726 1222 2771 615 1223 2772 1254 1224 2773 614 1225 2774 351 1226 2775 1076 1227 2776 350 1104 2777 727 1228 2778 1274 1229 2779 1272 1230 2780 616 1231 2781 1235 1232 2782 615 1233 2783 352 1108 2784 1082 1108 2785 351 1108 2786 729 1234 2787 1274 1235 2788 728 1236 2789 616 1237 2790 1240 1238 2791 1236 1050 2792 352 1108 2793 1088 1108 2794 1086 1108 2795 730 1239 2796 1280 1240 2797 729 1241 2798 354 1108 2799 1088 1108 2800 353 1108 2801 731 1242 2802 1260 1243 2803 730 1244 2804 354 1108 2805 1092 1108 2806 1090 1108 2807 731 1245 2808 1266 1246 2809 1261 1247 2810 356 1108 2811 1092 1108 2812 355 1108 2813 733 1248 2814 1279 1249 2815 1278 1250 2816 357 1251 2817 1098 1252 2818 356 1241 2819 733 1253 2820 1259 1254 2821 735 1255 2822 358 1108 2823 1079 1108 2824 357 1108 2825 736 1256 2826 1259 1257 2827 1258 1050 2828 358 1258 2829 1084 1259 2830 1080 1260 2831 737 1065 2832 1258 1066 2833 1265 1050 2834 738 1050 2835 1265 1050 2836 1269 1050 2837 738 1261 2838 1271 1262 2839 739 1263 2840 931 1124 2841 1400 1000 2842 929 682 2843 740 1264 2844 1271 1265 2845 1273 1266 2846 928 1125 2847 1406 988 2848 930 654 2849 740 1050 2850 1275 1050 2851 741 1050 2852 935 1267 2853 1364 979 2854 933 640 2855 742 1268 2856 1275 1269 2857 1281 1050 2858 932 1125 2859 1370 988 2860 934 654 2861 743 1270 2862 1281 1271 2863 1263 1050 2864 939 1124 2865 1388 1011 2866 937 651 2867 744 1050 2868 1263 1050 2869 1262 1050 2870 936 1125 2871 1394 1019 2872 938 662 2873 744 1272 2874 1267 1273 2875 745 1274 2876 943 1130 2877 1416 1037 2878 941 709 2879 940 1131 2880 1420 1022 2881 942 720 2882 361 1275 2883 1120 1276 2884 1123 1277 2885 361 1278 2886 1100 1279 2887 362 1280 2888 363 1256 2889 1100 1257 2890 1103 1050 2891 364 1281 2892 1103 1282 2893 1109 1283 2894 365 1050 2895 1109 1050 2896 1113 1050 2897 153 633 2898 1361 1284 2899 845 1285 2900 365 1286 2901 1115 1287 2902 366 1288 2903 140 635 2904 1360 973 2905 980 975 2906 367 1289 2907 1115 1089 2908 1117 1050 2909 528 636 2910 1363 1290 2911 900 1170 2912 103 1291 2913 964 1292 2914 102 1293 2915 367 1050 2916 1119 1050 2917 368 1050 2918 514 638 2919 1362 976 2920 1172 978 2921 103 1294 2922 944 1295 2923 965 1050 2924 369 1088 2925 1119 1296 2926 1125 1050 2927 771 639 2928 1365 1297 2929 935 1267 2930 105 1298 2931 944 1299 2932 104 1300 2933 747 1301 2934 1302 1302 2935 746 1303 2936 370 1304 2937 1125 1305 2938 1104 1306 2939 758 641 2940 1364 979 2941 1292 981 2942 106 1307 2943 945 1308 2944 105 1309 2945 747 1310 2946 1282 1311 2947 1303 1108 2948 371 1312 2949 1104 1313 2950 1107 1314 2951 107 1315 2952 952 1316 2953 106 1050 2954 749 1317 2955 1282 1318 2956 748 1098 2957 371 1319 2958 1111 1320 2959 372 1321 2960 107 1322 2961 958 1323 2962 956 1324 2963 750 1102 2964 1283 1103 2965 749 1104 2966 373 1325 2967 1121 1326 2968 374 1327 2969 109 1328 2970 958 1329 2971 108 1084 2972 751 1330 2973 1290 1331 2974 750 1332 2975 373 1333 2976 1101 1334 2977 1122 1108 2978 109 1335 2979 962 1336 2980 960 1337 2981 751 1108 2982 1296 1108 2983 1294 1108 2984 376 1338 2985 1101 1339 2986 375 1340 2987 111 1341 2988 962 1342 2989 110 1343 2990 753 1108 2991 1296 1108 2992 752 1108 2993 377 1344 2994 1102 1345 2995 376 1346 2996 112 1304 2997 968 1305 2998 111 1347 2999 753 1348 3000 1300 1349 3001 1298 1108 3002 378 1350 3003 1108 1351 3004 377 1352 3005 113 1353 3006 948 1354 3007 112 1355 3008 755 1356 3009 1300 1357 3010 754 1358 3011 378 1359 3012 1114 1360 3013 1112 1361 3014 113 1362 3015 954 1363 3016 949 1364 3017 756 1365 3018 1306 1366 3019 755 1367 3020 380 1368 3021 1114 1369 3022 379 1222 3023 128 647 3024 1367 1370 3025 842 1371 3026 115 1372 3027 967 1373 3028 966 1128 3029 757 1374 3030 1286 1375 3031 756 1376 3032 380 1377 3033 1118 1378 3034 1116 1108 3035 142 649 3036 1366 982 3037 993 984 3038 115 1379 3039 947 1380 3040 117 1381 3041 757 1382 3042 1292 1383 3043 1287 1384 3044 382 1385 3045 1118 1386 3046 381 1387 3047 372 650 3048 1369 1388 3049 877 1124 3050 118 1389 3051 947 1390 3052 946 1108 3053 759 1391 3054 1305 1392 3055 1304 1393 3056 383 1121 3057 1124 1122 3058 382 1123 3059 385 652 3060 1368 985 3061 1110 987 3062 119 1344 3063 946 1345 3064 953 1108 3065 759 1050 3066 1285 1050 3067 761 1050 3068 384 1394 3069 1105 1395 3070 383 1396 3071 746 653 3072 1371 1397 3073 932 1125 3074 120 1108 3075 953 1108 3076 957 1108 3077 762 1050 3078 1285 1050 3079 1284 1050 3080 384 1398 3081 1110 1399 3082 1106 1400 3083 760 655 3084 1370 988 3085 1305 990 3086 120 1401 3087 959 1402 3088 121 1117 3089 763 1403 3090 1284 1404 3091 1291 1405 3092 122 1406 3093 959 1407 3094 961 1114 3095 764 1050 3096 1291 1050 3097 1295 1050 3098 122 1108 3099 963 1108 3100 123 1108 3101 764 1050 3102 1297 1050 3103 765 1050 3104 124 1408 3105 963 1409 3106 969 1108 3107 766 1050 3108 1297 1050 3109 1299 1050 3110 125 1365 3111 969 1366 3112 951 1108 3113 766 1050 3114 1301 1050 3115 767 1050 3116 126 1108 3117 951 1108 3118 950 1108 3119 768 1050 3120 1301 1050 3121 1307 1050 3122 126 1410 3123 955 1411 3124 127 1412 3125 769 1413 3126 1307 1414 3127 1289 1050 3128 374 661 3129 1373 1415 3130 878 1125 3131 770 1050 3132 1289 1050 3133 1288 1050 3134 360 663 3135 1372 991 3136 1120 993 3137 770 1416 3138 1293 1417 3139 771 1418 3140 604 664 3141 1375 1284 3142 911 1044 3143 617 666 3144 1374 994 3145 1240 996 3146 387 1419 3147 1146 1420 3148 1149 1421 3149 387 1422 3150 1126 1423 3151 388 1424 3152 389 1425 3153 1126 1426 3154 1129 1050 3155 606 674 3156 1377 1427 3157 912 1209 3158 390 1428 3159 1129 1429 3160 1135 1050 3161 592 676 3162 1376 997 3163 1250 999 3164 391 1050 3165 1135 1050 3166 1139 1050 3167 391 1430 3168 1141 1431 3169 392 1432 3170 393 1433 3171 1141 1434 3172 1143 1050 3173 129 1435 3174 990 1436 3175 128 1437 3176 393 1050 3177 1145 1050 3178 394 1050 3179 129 1438 3180 970 1439 3181 991 1050 3182 395 1217 3183 1145 1218 3184 1151 1050 3185 320 681 3186 1379 1297 3187 869 1124 3188 131 1440 3189 970 1441 3190 130 1442 3191 773 1443 3192 1328 1444 3193 772 1445 3194 395 1446 3195 1130 1447 3196 396 1225 3197 333 683 3198 1378 1000 3199 1058 1001 3200 132 1448 3201 971 1449 3202 131 1450 3203 773 1451 3204 1308 1452 3205 1329 1453 3206 397 1454 3207 1130 1455 3208 1133 1050 3209 133 1456 3210 978 1457 3211 132 1458 3212 775 1096 3213 1308 1097 3214 774 1098 3215 397 1459 3216 1137 1460 3217 398 1461 3218 133 1050 3219 984 1050 3220 982 1050 3221 776 1462 3222 1309 1463 3223 775 1464 3224 399 1465 3225 1147 1466 3226 400 1467 3227 135 1050 3228 984 1050 3229 134 1050 3230 777 1108 3231 1316 1108 3232 776 1108 3233 399 1468 3234 1127 1469 3235 1148 1470 3236 135 1471 3237 988 1472 3238 986 1050 3239 777 1473 3240 1322 1378 3241 1320 1108 3242 402 1474 3243 1127 1475 3244 401 1476 3245 137 1477 3246 988 1478 3247 136 1479 3248 779 1480 3249 1322 1481 3250 778 1482 3251 515 1483 3252 1172 1484 3253 1175 1247 3254 403 1485 3255 1128 1486 3256 402 1487 3257 138 1270 3258 994 1271 3259 137 1488 3260 779 1108 3261 1326 1108 3262 1324 1108 3263 515 1489 3264 1152 1490 3265 516 1491 3266 404 1492 3267 1134 1493 3268 403 1494 3269 322 689 3270 1381 1495 3271 870 1125 3272 139 1496 3273 974 1497 3274 138 1498 3275 781 1385 3276 1326 1386 3277 780 1387 3278 517 1499 3279 1152 1500 3280 1155 1108 3281 404 1108 3282 1140 1108 3283 1138 1108 3284 308 663 3285 1380 988 3286 1068 990 3287 139 1501 3288 980 1502 3289 975 1148 3290 782 1503 3291 1332 1504 3292 781 1505 3293 518 1506 3294 1155 1507 3295 1161 1108 3296 406 1108 3297 1140 1108 3298 405 1108 3299 552 690 3300 1383 1508 3301 903 1129 3302 141 1509 3303 993 1510 3304 992 1260 3305 783 1511 3306 1312 1512 3307 782 1513 3308 519 1514 3309 1161 1515 3310 1165 1230 3311 406 1516 3312 1144 1517 3313 1142 1108 3314 565 692 3315 1382 1003 3316 1188 1005 3317 141 1108 3318 973 1108 3319 143 1108 3320 783 1518 3321 1318 1519 3322 1313 1520 3323 519 1521 3324 1167 1522 3325 520 1222 3326 408 1152 3327 1144 1153 3328 407 1523 3329 144 1108 3330 973 1108 3331 972 1108 3332 785 1524 3333 1331 1525 3334 1330 1250 3335 521 1526 3336 1167 1527 3337 1169 1216 3338 409 1528 3339 1150 1529 3340 408 1159 3341 145 1530 3342 972 1531 3343 979 1532 3344 785 1533 3345 1311 1534 3346 787 1535 3347 521 1536 3348 1171 1537 3349 522 1108 3350 410 1538 3351 1131 1539 3352 409 1540 3353 146 1108 3354 979 1108 3355 983 1108 3356 788 1541 3357 1311 1542 3358 1310 1050 3359 523 1543 3360 1171 1544 3361 1177 1108 3362 410 1545 3363 1136 1546 3364 1132 1108 3365 179 695 3366 1385 1547 3367 849 1129 3368 146 1108 3369 985 1108 3370 147 1108 3371 789 1448 3372 1310 1449 3373 1317 1050 3374 524 1503 3375 1177 1504 3376 1156 1548 3377 166 697 3378 1384 1006 3379 1006 1008 3380 148 1108 3381 985 1108 3382 987 1108 3383 790 1549 3384 1317 1550 3385 1321 1050 3386 525 1551 3387 1156 1552 3388 1159 1108 3389 554 698 3390 1387 1553 3391 904 1183 3392 148 1108 3393 989 1108 3394 149 1108 3395 790 1554 3396 1323 1555 3397 791 1084 3398 525 1556 3399 1163 1557 3400 526 1558 3401 540 638 3402 1386 1009 3403 1198 978 3404 150 1108 3405 989 1108 3406 995 1108 3407 792 1559 3408 1323 1560 3409 1325 1078 3410 527 1561 3411 1173 1562 3412 528 1563 3413 797 700 3414 1389 1564 3415 939 1124 3416 151 1565 3417 995 1566 3418 977 1108 3419 792 1093 3420 1327 1287 3421 793 1567 3422 527 1568 3423 1153 1569 3424 1174 1570 3425 784 701 3426 1388 1011 3427 1318 1013 3428 152 1108 3429 977 1108 3430 976 1108 3431 794 1088 3432 1327 1296 3433 1333 1050 3434 530 1571 3435 1153 1572 3436 529 1442 3437 152 1573 3438 981 1574 3439 153 1575 3440 795 1270 3441 1333 1271 3442 1315 1050 3443 531 1448 3444 1154 1449 3445 530 1450 3446 796 1576 3447 1315 1577 3448 1314 1050 3449 532 1050 3450 1160 1050 3451 531 1050 3452 796 1578 3453 1319 1579 3454 797 1580 3455 532 1581 3456 1166 1582 3457 1164 1266 3458 534 1583 3459 1166 1584 3460 533 1263 3461 154 706 3462 1391 1585 3463 846 1586 3464 534 1050 3465 1170 1050 3466 1168 1050 3467 168 707 3468 1390 1014 3469 1019 978 3470 536 1587 3471 1170 1588 3472 535 1589 3473 398 708 3474 1393 1590 3475 881 1130 3476 537 1099 3477 1176 1100 3478 536 1101 3479 411 710 3480 1392 1016 3481 1136 1018 3482 538 1050 3483 1157 1050 3484 537 1050 3485 772 711 3486 1395 1591 3487 936 1125 3488 538 1592 3489 1162 1593 3490 1158 1250 3491 786 712 3492 1394 1019 3493 1331 1021 3494 400 719 3495 1397 1594 3496 882 1131 3497 386 663 3498 1396 1022 3499 1146 993 3500 155 1595 3501 1016 1596 3502 154 1597 3503 155 1598 3504 996 1599 3505 1017 1600 3506 157 1571 3507 996 1572 3508 156 1442 3509 799 1601 3510 1354 1602 3511 798 1603 3512 127 723 3513 1399 1284 3514 841 1129 3515 158 1604 3516 997 1605 3517 157 1606 3518 799 1607 3519 1334 1608 3520 1355 1609 3521 114 724 3522 1398 1003 3523 954 1005 3524 159 1050 3525 1004 1050 3526 158 1050 3527 801 1610 3528 1334 1611 3529 800 1612 3530 745 681 3531 1401 1297 3532 931 1124 3533 159 1613 3534 1010 1089 3535 1008 1050 3536 802 1614 3537 1335 1615 3538 801 1616 3539 732 683 3540 1400 1000 3541 1266 1001 3542 161 1617 3543 1010 1287 3544 160 1288 3545 803 1108 3546 1342 1108 3547 802 1108 3548 161 1050 3549 1014 1050 3550 1012 1050 3551 803 1618 3552 1348 1619 3553 1346 1108 3554 163 1093 3555 1014 1094 3556 162 1095 3557 805 1492 3558 1348 1620 3559 804 1621 3560 541 1622 3561 1198 1623 3562 1201 1384 3563 164 1068 3564 1020 1069 3565 163 1624 3566 805 1108 3567 1352 1108 3568 1350 1108 3569 541 1625 3570 1178 1626 3571 542 1627 3572 102 728 3573 1403 1628 3574 838 1629 3575 165 1630 3576 1000 1631 3577 164 1632 3578 807 1633 3579 1352 1634 3580 806 1635 3581 543 1636 3582 1178 1637 3583 1181 1638 3584 116 730 3585 1402 1024 3586 967 1025 3587 165 1639 3588 1006 1640 3589 1001 1641 3590 808 1642 3591 1358 1643 3592 807 1108 3593 544 1344 3594 1181 1345 3595 1187 1108 3596 346 731 3597 1405 1644 3598 873 1124 3599 167 1645 3600 1019 1646 3601 1018 1128 3602 809 1647 3603 1338 1648 3604 808 1649 3605 545 1650 3606 1187 1651 3607 1191 1108 3608 359 732 3609 1404 1000 3610 1084 1001 3611 167 1652 3612 999 1653 3613 169 1654 3614 809 1655 3615 1344 1656 3616 1339 1108 3617 545 1108 3618 1193 1108 3619 546 1108 3620 720 689 3621 1407 1495 3622 928 1125 3623 170 1657 3624 999 1658 3625 998 1108 3626 811 1659 3627 1357 1660 3628 1356 1050 3629 547 1108 3630 1193 1108 3631 1195 1108 3632 734 663 3633 1406 988 3634 1279 990 3635 171 1102 3636 998 1103 3637 1005 1108 3638 811 1661 3639 1337 1662 3640 813 1663 3641 547 1664 3642 1197 1665 3643 548 1666 3644 172 1667 3645 1005 1668 3646 1009 1108 3647 814 1669 3648 1337 1670 3649 1336 1050 3650 549 1671 3651 1197 1672 3652 1203 1673 3653 172 1674 3654 1011 1675 3655 173 1222 3656 815 1676 3657 1336 1677 3658 1343 1050 3659 550 1121 3660 1203 1122 3661 1182 1108 3662 348 735 3663 1409 1495 3664 874 1129 3665 174 1678 3666 1011 1679 3667 1013 1361 3668 816 1433 3669 1343 1680 3670 1347 1050 3671 551 1681 3672 1182 1682 3673 1185 1108 3674 334 737 3675 1408 1027 3676 1094 1028 3677 174 1385 3678 1015 1481 3679 175 1683 3680 816 1050 3681 1349 1050 3682 817 1050 3683 551 1684 3684 1189 1685 3685 552 1686 3686 578 738 3687 1411 1284 3688 907 1129 3689 176 1377 3690 1015 1687 3691 1021 1108 3692 818 1050 3693 1349 1050 3694 1351 1050 3695 553 1688 3696 1199 1689 3697 554 1690 3698 591 739 3699 1410 1029 3700 1214 1031 3701 177 1365 3702 1021 1366 3703 1003 1108 3704 818 1691 3705 1353 1692 3706 819 1693 3707 553 1050 3708 1179 1050 3709 1200 1050 3710 178 1694 3711 1003 1695 3712 1002 1108 3713 820 1696 3714 1353 1697 3715 1359 1050 3716 556 1050 3717 1179 1050 3718 555 1050 3719 178 1698 3720 1007 1699 3721 179 1700 3722 820 1701 3723 1341 1702 3724 821 1703 3725 557 1704 3726 1180 1705 3727 556 1450 3728 205 742 3729 1413 1284 3730 853 1044 3731 822 1706 3732 1341 1707 3733 1340 1708 3734 558 1050 3735 1186 1050 3736 557 1050 3737 192 743 3738 1412 994 3739 1032 1033 3740 822 1709 3741 1345 1710 3742 823 1711 3743 558 1050 3744 1192 1050 3745 1190 1050 3746 580 744 3747 1415 1712 3748 908 1183 3749 560 1050 3750 1192 1050 3751 559 1050 3752 566 746 3753 1414 1034 3754 1224 1036 3755 560 1050 3756 1196 1050 3757 1194 1050 3758 823 747 3759 1417 1713 3760 943 1130 3761 562 1050 3762 1196 1050 3763 561 1050 3764 810 748 3765 1416 1037 3766 1344 1039 3767 563 1714 3768 1202 1715 3769 562 1347 3770 564 1050 3771 1183 1050 3772 563 1050 3773 180 752 3774 1419 1716 3775 850 1053 3776 564 1717 3777 1188 1718 3778 1184 1393 3779 194 754 3780 1418 1040 3781 1045 1042 3782 798 755 3783 1421 1594 3784 940 1131 3785 812 663 3786 1420 1022 3787 1357 993 3788 526 723 3789 1423 1284 3790 899 1129 3791 539 724 3792 1422 1003 3793 1162 1005 3794 181 1719 3795 1042 1720 3796 180 1721 3797 181 1722 3798 1022 1723 3799 1043 1724 3800 183 1725 3801 1022 1726 3802 182 1727 3803 184 1728 3804 1023 1729 3805 183 1730 3806 185 1050 3807 1030 1050 3808 184 1050 3809 185 1731 3810 1036 1732 3811 1034 1050 3812 187 1192 3813 1036 1733 3814 186 1734 3815 187 1050 3816 1040 1050 3817 1038 1050 3818 189 1696 3819 1040 1697 3820 188 1735 3821 567 1736 3822 1224 1737 3823 1227 1738 3824 190 1739 3825 1046 1740 3826 189 1050 3827 567 1741 3828 1204 1742 3829 568 1743 3830 191 1744 3831 1026 1745 3832 190 1746 3833 569 1389 3834 1204 1390 3835 1207 1108 3836 191 1747 3837 1032 1748 3838 1027 1050 3839 570 1749 3840 1207 1750 3841 1213 1751 3842 193 1752 3843 1045 1753 3844 1044 1754 3845 571 1108 3846 1213 1108 3847 1217 1108 3848 193 1755 3849 1025 1756 3850 195 1757 3851 571 1758 3852 1219 1481 3853 572 1482 3854 196 1759 3855 1025 1760 3856 1024 1108 3857 573 1761 3858 1219 1378 3859 1221 1108 3860 309 1762 3861 1068 1763 3862 1071 1364 3863 841 1129 3864 1398 1003 3865 839 691 3866 197 1764 3867 1024 1765 3868 1031 1108 3869 573 1108 3870 1223 1108 3871 574 1108 3872 309 1766 3873 1048 1767 3874 310 1768 3875 838 1629 3876 1402 1024 3877 840 729 3878 198 1144 3879 1031 1769 3880 1035 1108 3881 575 1377 3882 1223 1687 3883 1229 1108 3884 311 1770 3885 1048 1771 3886 1051 1050 3887 845 1285 3888 1360 973 3889 843 634 3890 198 1108 3891 1037 1108 3892 199 1108 3893 576 1239 3894 1229 1240 3895 1208 1772 3896 312 1773 3897 1051 1774 3898 1057 1050 3899 842 1371 3900 1366 982 3901 844 648 3902 200 1108 3903 1037 1108 3904 1039 1108 3905 577 1775 3906 1208 1776 3907 1211 1777 3908 313 1778 3909 1057 1779 3910 1061 1337 3911 849 1129 3912 1384 1006 3913 847 696 3914 200 1780 3915 1041 1781 3916 201 1782 3917 577 1783 3918 1215 1784 3919 578 1785 3920 313 1786 3921 1063 1787 3922 314 1084 3923 846 1586 3924 1390 1014 3925 848 648 3926 202 1633 3927 1041 1634 3928 1047 1108 3929 579 1788 3930 1225 1789 3931 580 1790 3932 315 1791 3933 1063 1792 3934 1065 1324 3935 52 0 3936 51 7 3937 48 1 3938 28 3 3939 52 0 3940 49 2 3941 54 5 3942 53 11 3943 50 6 3944 55 8 3945 54 5 3946 51 7 3947 30 9 3948 55 8 3949 52 0 3950 57 10 3951 56 31 3952 53 11 3953 44 12 3954 15 16 3955 13 13 3956 41 15 3957 17 18 3958 15 16 3959 38 17 3960 19 20 3961 17 18 3962 38 17 3963 9 21 3964 21 19 3965 9 21 3966 6 24 3967 23 22 3968 3 23 3969 25 26 3970 23 22 3971 3 23 3972 0 27 3973 27 25 3974 0 27 3975 50 6 3976 29 28 3977 50 6 3978 53 11 3979 31 29 3980 53 11 3981 56 31 3982 33 30 3983 56 31 3984 59 33 3985 35 32 3986 59 33 3987 62 677 3988 37 34 3989 58 35 3990 57 10 3991 54 5 3992 30 9 3993 32 40 3994 58 35 3995 60 36 3996 59 33 3997 56 31 3998 61 37 3999 60 36 4000 57 10 4001 64 38 4002 63 41 4003 60 36 4004 34 39 4005 61 37 4006 58 35 4007 63 41 4008 62 677 4009 59 33 4010 36 42 4011 64 38 4012 61 37 4013 51 7 4014 50 6 4015 0 27 4016 26 4 4017 49 2 4018 1 43 4019 49 2 4020 48 1 4021 2 45 4022 48 1 4023 0 27 4024 3 23 4025 24 44 4026 1 43 4027 4 46 4028 1 43 4029 2 45 4030 5 48 4031 2 45 4032 3 23 4033 6 24 4034 20 49 4035 22 47 4036 4 46 4037 4 46 4038 5 48 4039 8 51 4040 5 48 4041 6 24 4042 9 21 4043 18 52 4044 20 49 4045 7 50 4046 7 50 4047 8 51 4048 11 54 4049 8 51 4050 9 21 4051 38 17 4052 18 52 4053 10 53 4054 39 55 4055 10 53 4056 11 54 4057 40 57 4058 11 54 4059 38 17 4060 41 15 4061 16 56 4062 39 55 4063 42 58 4064 39 55 4065 40 57 4066 43 60 4067 40 57 4068 41 15 4069 44 12 4070 14 59 4071 42 58 4072 45 61 4073 42 58 4074 43 60 4075 46 63 4076 43 60 4077 44 12 4078 47 14 4079 72 64 4080 71 65 4081 27 25 4082 71 65 4083 70 66 4084 25 26 4085 70 66 4086 69 67 4087 23 22 4088 69 67 4089 68 68 4090 21 19 4091 68 68 4092 67 69 4093 19 20 4094 67 69 4095 66 71 4096 17 18 4097 75 70 4098 74 72 4099 33 30 4100 66 71 4101 65 110 4102 15 16 4103 74 72 4104 73 73 4105 31 29 4106 73 73 4107 72 64 4108 29 28 4109 99 1793 4110 75 70 4111 100 74 4112 75 70 4113 35 32 4114 37 34 4115 76 99 4116 78 76 4117 101 109 4118 78 76 4119 80 100 4120 82 102 4121 101 109 4122 78 76 4123 98 75 4124 82 102 4125 84 103 4126 78 76 4127 84 103 4128 86 104 4129 78 76 4130 86 104 4131 88 77 4132 78 76 4133 88 77 4134 90 105 4135 98 75 4136 90 105 4137 92 106 4138 98 75 4139 92 106 4140 94 107 4141 98 75 4142 94 107 4143 96 108 4144 98 75 4145 67 78 4146 83 101 4147 81 79 4148 85 81 4149 83 101 4150 67 78 4151 69 83 4152 87 85 4153 85 81 4154 70 84 4155 89 87 4156 87 85 4157 71 86 4158 91 89 4159 89 87 4160 72 88 4161 93 91 4162 91 89 4163 73 90 4164 95 1794 4165 93 91 4166 97 92 4167 95 1794 4168 73 90 4169 99 94 4170 97 92 4171 74 93 4172 66 80 4173 81 79 4174 79 96 4175 77 98 4176 79 96 4177 78 76 4178 78 76 4179 79 96 4180 81 79 4181 80 100 4182 81 79 4183 83 101 4184 82 102 4185 83 101 4186 85 81 4187 85 81 4188 87 85 4189 86 104 4190 87 85 4191 89 87 4192 88 77 4193 88 77 4194 89 87 4195 91 89 4196 91 89 4197 93 91 4198 92 106 4199 93 91 4200 95 1794 4201 94 107 4202 94 107 4203 95 1794 4204 97 92 4205 97 92 4206 99 94 4207 98 75 4208 98 75 4209 99 94 4210 100 74 4211 77 98 4212 13 13 4213 65 110 4214 13 13 4215 15 16 4216 65 110 4217 117 112 4218 118 1795 4219 105 113 4220 125 115 4221 126 116 4222 113 115 4223 118 117 4224 119 1796 4225 106 118 4226 126 120 4227 127 121 4228 114 120 4229 119 122 4230 120 1797 4231 107 123 4232 120 125 4233 121 1798 4234 108 126 4235 121 128 4236 122 1799 4237 109 129 4238 122 131 4239 123 1800 4240 110 132 4241 116 134 4242 115 1801 4243 103 135 4244 123 137 4245 124 1802 4246 111 138 4247 115 140 4248 117 1803 4249 104 141 4250 124 143 4251 125 144 4252 112 144 4253 143 146 4254 144 1804 4255 131 147 4256 151 115 4257 152 116 4258 139 115 4259 144 148 4260 145 148 4261 132 148 4262 152 149 4263 153 1805 4264 140 150 4265 145 151 4266 146 124 4267 133 152 4268 146 125 4269 147 1798 4270 134 126 4271 147 128 4272 148 1799 4273 135 129 4274 148 154 4275 149 133 4276 136 155 4277 142 157 4278 141 1806 4279 129 158 4280 149 159 4281 150 160 4282 137 159 4283 141 140 4284 143 1803 4285 130 141 4286 150 161 4287 151 1807 4288 138 162 4289 169 163 4290 170 1808 4291 157 164 4292 177 166 4293 178 1809 4294 165 167 4295 170 169 4296 171 1810 4297 158 170 4298 178 172 4299 179 1811 4300 166 173 4301 171 175 4302 172 1812 4303 159 176 4304 172 178 4305 173 1813 4306 160 179 4307 173 181 4308 174 1814 4309 161 182 4310 174 184 4311 175 1815 4312 162 185 4313 168 187 4314 167 1816 4315 155 188 4316 175 190 4317 176 1817 4318 163 191 4319 167 193 4320 169 1818 4321 156 194 4322 176 196 4323 177 1819 4324 164 197 4325 195 199 4326 196 1820 4327 183 200 4328 203 202 4329 204 1821 4330 191 203 4331 196 205 4332 197 1822 4333 184 206 4334 204 208 4335 205 1823 4336 192 209 4337 197 211 4338 198 1824 4339 185 212 4340 198 126 4341 199 1825 4342 186 214 4343 199 130 4344 200 1826 4345 187 216 4346 200 218 4347 201 1827 4348 188 219 4349 194 221 4350 193 222 4351 181 221 4352 201 223 4353 202 1828 4354 189 224 4355 193 226 4356 195 1829 4357 182 227 4358 202 229 4359 203 1830 4360 190 230 4361 254 232 4362 257 238 4363 258 233 4364 255 48 4365 258 233 4366 234 234 4367 256 236 4368 259 241 4369 260 237 4370 257 238 4371 260 237 4372 261 239 4373 258 233 4374 261 239 4375 236 240 4376 259 241 4377 262 260 4378 263 242 4379 219 243 4380 221 246 4381 250 244 4382 221 246 4383 223 248 4384 247 247 4385 223 248 4386 225 298 4387 244 249 4388 244 249 4389 225 298 4390 227 250 4391 215 251 4392 227 250 4393 229 252 4394 229 252 4395 231 294 4396 209 254 4397 209 254 4398 231 294 4399 233 255 4400 206 256 4401 233 255 4402 235 257 4403 256 236 4404 235 257 4405 237 258 4406 259 241 4407 237 258 4408 239 259 4409 262 260 4410 239 259 4411 241 261 4412 265 262 4413 241 261 4414 243 263 4415 260 237 4416 263 242 4417 264 265 4418 236 240 4419 261 239 4420 264 265 4421 262 260 4422 265 262 4423 266 267 4424 263 242 4425 266 267 4426 267 268 4427 266 267 4428 269 271 4429 270 269 4430 264 265 4431 267 268 4432 240 270 4433 265 262 4434 268 264 4435 269 271 4436 267 268 4437 270 269 4438 242 272 4439 206 256 4440 256 236 4441 257 238 4442 207 273 4443 255 48 4444 232 235 4445 208 275 4446 254 232 4447 255 48 4448 209 254 4449 206 256 4450 254 232 4451 210 276 4452 207 273 4453 230 274 4454 211 2 4455 208 275 4456 207 273 4457 212 253 4458 209 254 4459 208 275 4460 226 278 4461 213 280 4462 210 276 4463 214 279 4464 211 2 4465 210 276 4466 215 251 4467 212 253 4468 211 2 4469 224 281 4470 216 283 4471 213 280 4472 217 282 4473 214 279 4474 213 280 4475 244 249 4476 215 251 4477 214 279 4478 245 284 4479 216 283 4480 224 281 4481 246 286 4482 217 282 4483 216 283 4484 247 247 4485 244 249 4486 217 282 4487 248 287 4488 245 284 4489 222 285 4490 249 289 4491 246 286 4492 245 284 4493 250 244 4494 247 247 4495 246 286 4496 251 290 4497 248 287 4498 220 288 4499 252 292 4500 249 289 4501 248 287 4502 253 245 4503 250 244 4504 249 289 4505 233 255 4506 277 295 4507 278 293 4508 231 294 4509 276 296 4510 277 295 4511 229 252 4512 275 297 4513 276 296 4514 227 250 4515 274 299 4516 275 297 4517 225 298 4518 273 300 4519 274 299 4520 223 248 4521 272 302 4522 273 300 4523 239 259 4524 280 303 4525 281 301 4526 221 246 4527 271 341 4528 272 302 4529 237 258 4530 279 304 4531 280 303 4532 235 257 4533 278 293 4534 279 304 4535 241 261 4536 281 301 4537 243 263 4538 281 301 4539 305 1831 4540 306 305 4541 286 332 4542 284 308 4543 288 307 4544 284 308 4545 282 331 4546 304 338 4547 282 331 4548 307 733 4549 304 338 4550 304 338 4551 302 339 4552 300 337 4553 300 337 4554 298 335 4555 304 338 4556 298 335 4557 296 336 4558 304 338 4559 296 336 4560 294 334 4561 304 338 4562 294 334 4563 292 333 4564 284 308 4565 304 338 4566 294 334 4567 284 308 4568 292 333 4569 290 306 4570 284 308 4571 273 309 4572 272 328 4573 287 310 4574 273 309 4575 289 311 4576 291 312 4577 275 314 4578 274 313 4579 291 312 4580 276 316 4581 275 314 4582 293 315 4583 277 318 4584 276 316 4585 295 317 4586 278 320 4587 277 318 4588 297 319 4589 279 322 4590 278 320 4591 299 321 4592 279 322 4593 301 323 4594 303 324 4595 280 325 4596 303 324 4597 305 326 4598 272 328 4599 271 1832 4600 285 329 4601 284 308 4602 285 329 4603 283 330 4604 284 308 4605 286 332 4606 287 310 4607 286 332 4608 288 307 4609 289 311 4610 288 307 4611 290 306 4612 291 312 4613 292 333 4614 293 315 4615 291 312 4616 294 334 4617 295 317 4618 293 315 4619 294 334 4620 296 336 4621 297 319 4622 298 335 4623 299 321 4624 297 319 4625 300 337 4626 301 323 4627 299 321 4628 300 337 4629 302 339 4630 303 324 4631 304 338 4632 305 326 4633 303 324 4634 304 338 4635 307 733 4636 306 305 4637 221 246 4638 219 243 4639 271 341 4640 219 243 4641 283 330 4642 271 341 4643 311 342 4644 324 1833 4645 323 343 4646 319 344 4647 332 345 4648 331 344 4649 312 346 4650 325 1802 4651 324 347 4652 320 348 4653 333 349 4654 332 348 4655 313 132 4656 326 1800 4657 325 131 4658 314 350 4659 327 1834 4660 326 351 4661 315 352 4662 328 1835 4663 327 353 4664 316 123 4665 329 1797 4666 328 122 4667 309 354 4668 321 1836 4669 322 355 4670 317 357 4671 330 1796 4672 329 358 4673 310 359 4674 323 1837 4675 321 360 4676 318 362 4677 331 362 4678 330 363 4679 337 364 4680 350 1838 4681 349 365 4682 345 344 4683 358 345 4684 357 344 4685 338 160 4686 351 160 4687 350 160 4688 346 366 4689 359 1839 4690 358 367 4691 339 155 4692 352 133 4693 351 154 4694 340 350 4695 353 1834 4696 352 351 4697 341 352 4698 354 1835 4699 353 353 4700 342 152 4701 355 124 4702 354 151 4703 335 368 4704 347 1840 4705 348 369 4706 343 370 4707 356 148 4708 355 370 4709 336 359 4710 349 1837 4711 347 360 4712 344 371 4713 357 1841 4714 356 372 4715 363 373 4716 376 1842 4717 375 374 4718 371 376 4719 384 1843 4720 383 377 4721 364 191 4722 377 1817 4723 376 379 4724 372 381 4725 385 1844 4726 384 382 4727 365 384 4728 378 1845 4729 377 385 4730 366 387 4731 379 1846 4732 378 388 4733 367 390 4734 380 1847 4735 379 391 4736 368 393 4737 381 1848 4738 380 394 4739 361 396 4740 373 1849 4741 374 397 4742 369 170 4743 382 1810 4744 381 399 4745 362 401 4746 375 1850 4747 373 402 4748 370 404 4749 383 1851 4750 382 199 4751 389 406 4752 402 1852 4753 401 196 4754 397 408 4755 410 1853 4756 409 409 4757 390 411 4758 403 1854 4759 402 412 4760 398 414 4761 411 1855 4762 410 415 4763 391 417 4764 404 1856 4765 403 418 4766 392 420 4767 405 1857 4768 404 350 4769 393 422 4770 406 1858 4771 405 127 4772 394 424 4773 407 1859 4774 406 425 4775 387 427 4776 399 428 4777 400 427 4778 395 429 4779 408 1860 4780 407 430 4781 388 432 4782 401 1861 4783 399 433 4784 396 435 4785 409 1862 4786 408 436 4787 460 438 4788 463 7 4789 464 439 4790 461 2 4791 464 439 4792 440 3 4793 462 440 4794 465 443 4795 466 441 4796 463 7 4797 466 441 4798 467 8 4799 464 439 4800 467 8 4801 442 442 4802 465 443 4803 468 462 4804 469 444 4805 425 445 4806 427 448 4807 456 446 4808 427 448 4809 429 450 4810 453 449 4811 429 450 4812 431 492 4813 450 451 4814 450 451 4815 431 492 4816 433 452 4817 421 453 4818 433 452 4819 435 454 4820 435 454 4821 437 491 4822 415 456 4823 415 456 4824 437 491 4825 439 457 4826 412 458 4827 439 457 4828 441 459 4829 462 440 4830 441 459 4831 443 460 4832 465 443 4833 443 460 4834 445 461 4835 468 462 4836 445 461 4837 447 463 4838 471 464 4839 447 463 4840 449 465 4841 466 441 4842 469 444 4843 470 467 4844 442 442 4845 467 8 4846 470 467 4847 468 462 4848 471 464 4849 472 469 4850 469 444 4851 472 469 4852 473 470 4853 472 469 4854 475 472 4855 476 471 4856 470 467 4857 473 470 4858 446 39 4859 471 464 4860 474 466 4861 475 472 4862 473 470 4863 476 471 4864 448 473 4865 412 458 4866 462 440 4867 463 7 4868 413 474 4869 461 2 4870 438 4 4871 414 475 4872 460 438 4873 461 2 4874 415 456 4875 412 458 4876 460 438 4877 416 46 4878 413 474 4879 436 44 4880 417 48 4881 414 475 4882 413 474 4883 418 455 4884 415 456 4885 414 475 4886 432 476 4887 419 478 4888 416 46 4889 420 477 4890 417 48 4891 416 46 4892 421 453 4893 418 455 4894 417 48 4895 430 479 4896 422 53 4897 419 478 4898 423 480 4899 420 477 4900 419 478 4901 450 451 4902 421 453 4903 420 477 4904 451 481 4905 422 53 4906 430 479 4907 452 483 4908 423 480 4909 422 53 4910 453 449 4911 450 451 4912 423 480 4913 454 484 4914 451 481 4915 428 482 4916 455 486 4917 452 483 4918 451 481 4919 456 446 4920 453 449 4921 452 483 4922 457 487 4923 454 484 4924 426 485 4925 458 489 4926 455 486 4927 454 484 4928 459 447 4929 456 446 4930 455 486 4931 439 457 4932 483 65 4933 484 490 4934 437 491 4935 482 66 4936 483 65 4937 435 454 4938 481 67 4939 482 66 4940 433 452 4941 480 68 4942 481 67 4943 431 492 4944 479 493 4945 480 68 4946 429 450 4947 478 495 4948 479 493 4949 445 461 4950 486 72 4951 487 494 4952 427 448 4953 477 532 4954 478 495 4955 443 460 4956 485 73 4957 486 72 4958 441 459 4959 484 490 4960 485 73 4961 447 463 4962 487 494 4963 449 465 4964 487 494 4965 511 1863 4966 512 496 4967 492 523 4968 490 499 4969 494 498 4970 490 499 4971 488 522 4972 510 529 4973 488 522 4974 513 672 4975 510 529 4976 510 529 4977 508 530 4978 506 528 4979 506 528 4980 504 526 4981 510 529 4982 504 526 4983 502 527 4984 510 529 4985 502 527 4986 500 525 4987 510 529 4988 500 525 4989 498 524 4990 490 499 4991 510 529 4992 500 525 4993 490 499 4994 498 524 4995 496 497 4996 490 499 4997 479 500 4998 478 519 4999 493 501 5000 479 500 5001 495 502 5002 497 503 5003 481 505 5004 480 504 5005 497 503 5006 482 507 5007 481 505 5008 499 506 5009 483 509 5010 482 507 5011 501 508 5012 484 511 5013 483 509 5014 503 510 5015 485 513 5016 484 511 5017 505 512 5018 485 513 5019 507 514 5020 509 515 5021 486 516 5022 509 515 5023 511 517 5024 478 519 5025 477 1864 5026 491 520 5027 490 499 5028 491 520 5029 489 521 5030 490 499 5031 492 523 5032 493 501 5033 492 523 5034 494 498 5035 495 502 5036 494 498 5037 496 497 5038 497 503 5039 498 524 5040 499 506 5041 497 503 5042 500 525 5043 501 508 5044 499 506 5045 500 525 5046 502 527 5047 503 510 5048 504 526 5049 505 512 5050 503 510 5051 506 528 5052 507 514 5053 505 512 5054 506 528 5055 508 530 5056 509 515 5057 510 529 5058 511 517 5059 509 515 5060 510 529 5061 513 672 5062 512 496 5063 427 448 5064 425 445 5065 477 532 5066 425 445 5067 489 521 5068 477 532 5069 517 113 5070 530 1795 5071 529 112 5072 525 115 5073 538 116 5074 537 115 5075 518 118 5076 531 1796 5077 530 117 5078 526 120 5079 539 121 5080 538 120 5081 519 123 5082 532 1797 5083 531 122 5084 520 126 5085 533 1798 5086 532 125 5087 521 129 5088 534 1799 5089 533 128 5090 522 132 5091 535 1800 5092 534 131 5093 515 135 5094 527 1801 5095 528 134 5096 523 138 5097 536 1802 5098 535 137 5099 516 141 5100 529 1803 5101 527 140 5102 524 144 5103 537 144 5104 536 143 5105 543 147 5106 556 1804 5107 555 146 5108 551 115 5109 564 116 5110 563 115 5111 544 148 5112 557 148 5113 556 148 5114 552 150 5115 565 1805 5116 564 149 5117 545 152 5118 558 124 5119 557 151 5120 546 126 5121 559 1798 5122 558 125 5123 547 129 5124 560 1799 5125 559 128 5126 548 155 5127 561 133 5128 560 154 5129 541 158 5130 553 1806 5131 554 157 5132 549 159 5133 562 160 5134 561 159 5135 542 141 5136 555 1803 5137 553 140 5138 550 162 5139 563 1807 5140 562 161 5141 569 164 5142 582 1808 5143 581 163 5144 577 167 5145 590 1809 5146 589 166 5147 570 170 5148 583 1810 5149 582 169 5150 578 173 5151 591 1811 5152 590 172 5153 571 176 5154 584 1812 5155 583 175 5156 572 179 5157 585 1813 5158 584 178 5159 573 182 5160 586 1814 5161 585 181 5162 574 185 5163 587 1815 5164 586 184 5165 567 188 5166 579 1816 5167 580 187 5168 575 191 5169 588 1817 5170 587 190 5171 568 194 5172 581 1818 5173 579 193 5174 576 197 5175 589 1819 5176 588 196 5177 595 200 5178 608 1820 5179 607 199 5180 603 203 5181 616 1821 5182 615 202 5183 596 206 5184 609 1822 5185 608 205 5186 604 209 5187 617 1823 5188 616 208 5189 597 212 5190 610 1824 5191 609 211 5192 598 214 5193 611 1825 5194 610 126 5195 599 216 5196 612 1826 5197 611 130 5198 600 219 5199 613 1827 5200 612 218 5201 593 221 5202 605 222 5203 606 221 5204 601 224 5205 614 1828 5206 613 223 5207 594 227 5208 607 1829 5209 605 226 5210 602 230 5211 615 1830 5212 614 229 5213 670 533 5214 669 238 5215 666 534 5216 646 234 5217 670 533 5218 667 48 5219 672 535 5220 671 539 5221 668 536 5222 673 239 5223 672 535 5224 669 238 5225 648 537 5226 673 239 5227 670 533 5228 675 538 5229 674 559 5230 671 539 5231 662 540 5232 633 544 5233 631 541 5234 659 543 5235 635 546 5236 633 544 5237 656 545 5238 637 548 5239 635 546 5240 656 545 5241 627 549 5242 639 547 5243 627 549 5244 624 552 5245 641 550 5246 621 551 5247 643 554 5248 641 550 5249 621 551 5250 618 555 5251 645 553 5252 618 555 5253 668 536 5254 647 556 5255 668 536 5256 671 539 5257 649 557 5258 671 539 5259 674 559 5260 651 558 5261 674 559 5262 677 561 5263 653 560 5264 677 561 5265 680 679 5266 655 562 5267 676 563 5268 675 538 5269 672 535 5270 648 537 5271 650 567 5272 676 563 5273 678 564 5274 677 561 5275 674 559 5276 679 565 5277 678 564 5278 675 538 5279 682 566 5280 681 568 5281 678 564 5282 652 270 5283 679 565 5284 676 563 5285 681 568 5286 680 679 5287 677 561 5288 654 569 5289 682 566 5290 679 565 5291 669 238 5292 668 536 5293 618 555 5294 644 235 5295 667 48 5296 619 570 5297 667 48 5298 666 534 5299 620 571 5300 666 534 5301 618 555 5302 621 551 5303 642 274 5304 619 570 5305 622 276 5306 619 570 5307 620 571 5308 623 2 5309 620 571 5310 621 551 5311 624 552 5312 638 572 5313 640 277 5314 622 276 5315 622 276 5316 623 2 5317 626 574 5318 623 2 5319 624 552 5320 627 549 5321 636 575 5322 638 572 5323 625 573 5324 625 573 5325 626 574 5326 629 576 5327 626 574 5328 627 549 5329 656 545 5330 636 575 5331 628 283 5332 657 577 5333 628 283 5334 629 576 5335 658 579 5336 629 576 5337 656 545 5338 659 543 5339 634 578 5340 657 577 5341 660 580 5342 657 577 5343 658 579 5344 661 582 5345 658 579 5346 659 543 5347 662 540 5348 632 581 5349 660 580 5350 663 583 5351 660 580 5352 661 582 5353 664 585 5354 661 582 5355 662 540 5356 665 542 5357 690 586 5358 689 295 5359 645 553 5360 689 295 5361 688 296 5362 643 554 5363 688 296 5364 687 297 5365 641 550 5366 687 297 5367 686 299 5368 639 547 5369 686 299 5370 685 587 5371 637 548 5372 685 587 5373 684 589 5374 635 546 5375 693 588 5376 692 303 5377 651 558 5378 684 589 5379 683 626 5380 633 544 5381 692 303 5382 691 304 5383 649 557 5384 691 304 5385 690 586 5386 647 556 5387 717 1865 5388 693 588 5389 718 590 5390 693 588 5391 653 560 5392 655 562 5393 694 615 5394 696 592 5395 719 625 5396 696 592 5397 698 616 5398 700 618 5399 719 625 5400 696 592 5401 716 591 5402 700 618 5403 702 619 5404 696 592 5405 702 619 5406 704 620 5407 696 592 5408 704 620 5409 706 593 5410 696 592 5411 706 593 5412 708 621 5413 716 591 5414 708 621 5415 710 622 5416 716 591 5417 710 622 5418 712 623 5419 716 591 5420 712 623 5421 714 624 5422 716 591 5423 685 594 5424 701 617 5425 699 595 5426 703 597 5427 701 617 5428 685 594 5429 687 599 5430 705 601 5431 703 597 5432 688 600 5433 707 603 5434 705 601 5435 689 602 5436 709 605 5437 707 603 5438 690 604 5439 711 607 5440 709 605 5441 691 606 5442 713 1866 5443 711 607 5444 715 608 5445 713 1866 5446 691 606 5447 717 610 5448 715 608 5449 692 609 5450 684 596 5451 699 595 5452 697 612 5453 695 614 5454 697 612 5455 696 592 5456 696 592 5457 697 612 5458 699 595 5459 698 616 5460 699 595 5461 701 617 5462 700 618 5463 701 617 5464 703 597 5465 703 597 5466 705 601 5467 704 620 5468 705 601 5469 707 603 5470 706 593 5471 706 593 5472 707 603 5473 709 605 5474 709 605 5475 711 607 5476 710 622 5477 711 607 5478 713 1866 5479 712 623 5480 712 623 5481 713 1866 5482 715 608 5483 715 608 5484 717 610 5485 716 591 5486 716 591 5487 717 610 5488 718 590 5489 695 614 5490 631 541 5491 683 626 5492 631 541 5493 633 544 5494 683 626 5495 735 343 5496 736 1833 5497 723 342 5498 743 344 5499 744 345 5500 731 344 5501 736 347 5502 737 1802 5503 724 346 5504 744 348 5505 745 349 5506 732 348 5507 737 131 5508 738 1800 5509 725 132 5510 738 351 5511 739 1834 5512 726 350 5513 739 353 5514 740 1835 5515 727 352 5516 740 122 5517 741 1797 5518 728 123 5519 734 355 5520 733 1836 5521 721 354 5522 741 358 5523 742 1796 5524 729 357 5525 733 360 5526 735 1837 5527 722 359 5528 742 363 5529 743 362 5530 730 362 5531 761 365 5532 762 1838 5533 749 364 5534 769 344 5535 770 345 5536 757 344 5537 762 160 5538 763 160 5539 750 160 5540 770 367 5541 771 1839 5542 758 366 5543 763 154 5544 764 133 5545 751 155 5546 764 351 5547 765 1834 5548 752 350 5549 765 353 5550 766 1835 5551 753 352 5552 766 151 5553 767 124 5554 754 152 5555 760 369 5556 759 1840 5557 747 368 5558 767 370 5559 768 148 5560 755 370 5561 759 360 5562 761 1837 5563 748 359 5564 768 372 5565 769 1841 5566 756 371 5567 787 374 5568 788 1842 5569 775 373 5570 795 377 5571 796 1843 5572 783 376 5573 788 379 5574 789 1817 5575 776 191 5576 796 382 5577 797 1844 5578 784 381 5579 789 385 5580 790 1845 5581 777 384 5582 790 388 5583 791 1846 5584 778 387 5585 791 391 5586 792 1847 5587 779 390 5588 792 394 5589 793 1848 5590 780 393 5591 786 397 5592 785 1849 5593 773 396 5594 793 399 5595 794 1810 5596 781 170 5597 785 402 5598 787 1850 5599 774 401 5600 794 199 5601 795 1851 5602 782 404 5603 813 196 5604 814 1852 5605 801 406 5606 821 409 5607 822 1853 5608 809 408 5609 814 412 5610 815 1854 5611 802 411 5612 822 415 5613 823 1855 5614 810 414 5615 815 418 5616 816 1856 5617 803 417 5618 816 350 5619 817 1857 5620 804 420 5621 817 127 5622 818 1858 5623 805 422 5624 818 425 5625 819 1859 5626 806 424 5627 812 427 5628 811 428 5629 799 427 5630 819 430 5631 820 1860 5632 807 429 5633 811 433 5634 813 1861 5635 800 432 5636 820 436 5637 821 1862 5638 808 435 5639 268 264 5640 861 756 5641 862 628 5642 13 13 5643 77 98 5644 835 629 5645 269 271 5646 862 628 5647 863 631 5648 695 614 5649 925 718 5650 915 632 5651 153 633 5652 845 1285 5653 843 634 5654 528 636 5655 900 1170 5656 898 637 5657 771 639 5658 935 1267 5659 933 640 5660 76 99 5661 101 109 5662 837 642 5663 719 625 5664 927 751 5665 924 644 5666 46 63 5667 829 657 5668 828 645 5669 664 585 5670 919 658 5671 918 646 5672 128 647 5673 842 1371 5674 844 648 5675 372 650 5676 877 1124 5677 879 651 5678 746 653 5679 932 1125 5680 934 654 5681 306 305 5682 866 717 5683 857 656 5684 47 14 5685 830 667 5686 829 657 5687 665 542 5688 920 668 5689 919 658 5690 12 62 5691 45 61 5692 828 645 5693 630 584 5694 663 583 5695 918 646 5696 374 661 5697 878 1125 5698 876 662 5699 604 664 5700 911 1044 5701 913 665 5702 47 14 5703 13 13 5704 825 630 5705 665 542 5706 631 541 5707 915 632 5708 242 272 5709 270 269 5710 863 631 5711 282 331 5712 283 330 5713 865 670 5714 513 672 5715 897 693 5716 896 673 5717 606 674 5718 912 1209 5719 910 675 5720 62 677 5721 831 684 5722 827 678 5723 680 679 5724 921 685 5725 917 680 5726 320 681 5727 869 1124 5728 871 682 5729 63 41 5730 832 686 5731 831 684 5732 681 568 5733 922 688 5734 921 685 5735 64 38 5736 833 714 5737 832 686 5738 425 445 5739 885 713 5740 895 687 5741 682 566 5742 923 715 5743 922 688 5744 322 689 5745 870 1125 5746 868 654 5747 552 690 5748 903 1129 5749 905 691 5750 488 522 5751 894 750 5752 897 693 5753 457 487 5754 888 705 5755 889 694 5756 179 695 5757 849 1129 5758 847 696 5759 554 698 5760 904 1183 5761 902 699 5762 797 700 5763 939 1124 5764 937 651 5765 37 34 5766 827 678 5767 836 702 5768 655 562 5769 917 680 5770 926 703 5771 458 489 5772 889 694 5773 890 704 5774 424 488 5775 884 659 5776 888 705 5777 154 706 5778 846 1586 5779 848 648 5780 398 708 5781 881 1130 5782 883 709 5783 772 711 5784 936 1125 5785 938 662 5786 459 447 5787 890 704 5788 885 713 5789 36 42 5790 826 749 5791 833 714 5792 654 569 5793 916 669 5794 923 715 5795 77 98 5796 76 99 5797 834 643 5798 306 305 5799 307 733 5800 867 716 5801 694 615 5802 924 644 5803 925 718 5804 400 719 5805 882 1131 5806 880 720 5807 474 466 5808 449 465 5809 887 721 5810 127 723 5811 841 1129 5812 839 691 5813 745 681 5814 931 1124 5815 929 682 5816 474 466 5817 891 722 5818 892 725 5819 283 330 5820 219 243 5821 855 726 5822 475 472 5823 892 725 5824 893 727 5825 102 728 5826 838 1629 5827 840 729 5828 346 731 5829 873 1124 5830 875 682 5831 720 689 5832 928 1125 5833 930 654 5834 307 733 5835 282 331 5836 864 671 5837 251 290 5838 858 741 5839 859 734 5840 348 735 5841 874 1129 5842 872 736 5843 578 738 5844 907 1129 5845 909 696 5846 512 496 5847 896 673 5848 887 721 5849 252 292 5850 859 734 5851 860 740 5852 218 291 5853 854 660 5854 858 741 5855 205 742 5856 853 1044 5857 851 665 5858 580 744 5859 908 1183 5860 906 745 5861 823 747 5862 943 1130 5863 941 709 5864 253 245 5865 860 740 5866 855 726 5867 448 473 5868 476 471 5869 893 727 5870 101 109 5871 100 74 5872 836 702 5873 489 521 5874 895 687 5875 894 750 5876 718 590 5877 926 703 5878 927 751 5879 180 752 5880 850 1053 5881 852 753 5882 798 755 5883 940 1131 5884 942 720 5885 268 264 5886 243 263 5887 857 656 5888 526 723 5889 899 1129 5890 901 691 5891 945 757 5892 946 1867 5893 947 758 5894 949 760 5895 950 760 5896 951 760 5897 952 761 5898 953 761 5899 946 761 5900 954 762 5901 955 1868 5902 950 763 5903 956 765 5904 957 1869 5905 953 766 5906 958 768 5907 959 1870 5908 957 769 5909 960 771 5910 961 886 5911 959 772 5912 962 774 5913 963 1871 5914 961 775 5915 965 777 5916 966 1872 5917 967 778 5918 968 780 5919 969 780 5920 963 781 5921 944 783 5922 947 1873 5923 966 784 5924 948 786 5925 951 1874 5926 969 787 5927 971 789 5928 972 1875 5929 973 790 5930 975 792 5931 976 760 5932 977 793 5933 978 761 5934 979 761 5935 972 761 5936 980 795 5937 981 1876 5938 976 796 5939 982 798 5940 983 799 5941 979 798 5942 984 768 5943 985 1870 5944 983 769 5945 986 771 5946 987 886 5947 985 772 5948 988 800 5949 989 1877 5950 987 801 5951 991 803 5952 992 1878 5953 993 804 5954 994 780 5955 995 780 5956 989 781 5957 970 783 5958 973 1873 5959 992 784 5960 974 806 5961 977 1874 5962 995 807 5963 997 809 5964 998 1879 5965 999 810 5966 1001 812 5967 1002 1880 5968 1003 813 5969 1004 815 5970 1005 1881 5971 998 816 5972 1006 818 5973 1007 1882 5974 1002 819 5975 1008 821 5976 1009 822 5977 1005 821 5978 1010 823 5979 1011 1883 5980 1009 824 5981 1012 826 5982 1013 1884 5983 1011 827 5984 1014 829 5985 1015 953 5986 1013 830 5987 1017 832 5988 1018 1885 5989 1019 833 5990 1020 834 5991 1021 1886 5992 1015 835 5993 996 837 5994 999 785 5995 1018 838 5996 1000 840 5997 1003 1887 5998 1021 807 5999 1023 842 6000 1024 791 6001 1025 843 6002 1027 844 6003 1028 1888 6004 1029 845 6005 1030 847 6006 1031 1889 6007 1024 848 6008 1032 850 6009 1033 1890 6010 1028 851 6011 1034 853 6012 1035 1891 6013 1031 854 6014 1036 856 6015 1037 1892 6016 1035 857 6017 1038 859 6018 1039 1893 6019 1037 860 6020 1040 862 6021 1041 1894 6022 1039 863 6023 1043 865 6024 1044 1895 6025 1045 866 6026 1046 868 6027 1047 1896 6028 1041 869 6029 1022 871 6030 1025 1897 6031 1044 872 6032 1026 874 6033 1029 806 6034 1047 875 6035 1049 877 6036 1050 1898 6037 1051 878 6038 1053 880 6039 1054 880 6040 1055 880 6041 1050 835 6042 1056 835 6043 1057 835 6044 1054 881 6045 1058 1899 6046 1059 882 6047 1056 775 6048 1060 1900 6049 1061 884 6050 1060 827 6051 1062 1901 6052 1063 885 6053 1062 887 6054 1064 770 6055 1065 888 6056 1064 766 6057 1066 1902 6058 1067 890 6059 1069 891 6060 1070 1903 6061 1071 892 6062 1066 894 6063 1072 895 6064 1073 895 6065 1070 814 6066 1049 1904 6067 1048 897 6068 1072 899 6069 1053 1905 6070 1052 900 6071 1075 902 6072 1076 1906 6073 1077 903 6074 1079 904 6075 1080 880 6076 1081 905 6077 1076 835 6078 1082 835 6079 1083 835 6080 1080 907 6081 1084 1907 6082 1085 908 6083 1082 829 6084 1086 802 6085 1087 829 6086 1086 827 6087 1088 1901 6088 1089 885 6089 1088 887 6090 1090 770 6091 1091 888 6092 1090 910 6093 1092 1908 6094 1093 911 6095 1095 912 6096 1096 1909 6097 1097 913 6098 1092 894 6099 1098 895 6100 1099 895 6101 1096 814 6102 1075 1904 6103 1074 897 6104 1098 915 6105 1079 1905 6106 1078 791 6107 1101 917 6108 1102 1910 6109 1103 918 6110 1105 920 6111 1106 1911 6112 1107 921 6113 1102 922 6114 1108 1912 6115 1109 923 6116 1106 924 6117 1110 1913 6118 1111 925 6119 1108 927 6120 1112 928 6121 1113 927 6122 1112 929 6123 1114 1914 6124 1115 930 6125 1114 769 6126 1116 1915 6127 1117 932 6128 1116 934 6129 1118 853 6130 1119 798 6131 1121 936 6132 1122 1916 6133 1123 937 6134 1118 761 6135 1124 1917 6136 1125 938 6137 1122 845 6138 1101 898 6139 1100 939 6140 1124 915 6141 1105 1918 6142 1104 941 6143 1127 943 6144 1128 806 6145 1129 944 6146 1131 838 6147 1132 1919 6148 1133 945 6149 1128 947 6150 1134 1896 6151 1135 948 6152 1132 950 6153 1136 1920 6154 1137 951 6155 1134 863 6156 1138 1921 6157 1139 953 6158 1138 954 6159 1140 1922 6160 1141 955 6161 1140 957 6162 1142 1923 6163 1143 958 6164 1142 854 6165 1144 1924 6166 1145 960 6167 1147 961 6168 1148 1925 6169 1149 962 6170 1144 964 6171 1150 1889 6172 1151 965 6173 1148 967 6174 1127 1926 6175 1126 968 6176 1150 970 6177 1131 791 6178 1130 971 6179 1153 758 6180 1154 1867 6181 1155 757 6182 1157 760 6183 1158 760 6184 1159 760 6185 1154 761 6186 1160 761 6187 1161 761 6188 1158 763 6189 1162 1868 6190 1163 762 6191 1160 766 6192 1164 1869 6193 1165 765 6194 1164 769 6195 1166 1870 6196 1167 768 6197 1166 772 6198 1168 886 6199 1169 771 6200 1168 775 6201 1170 1871 6202 1171 774 6203 1173 778 6204 1174 1872 6205 1175 777 6206 1170 781 6207 1176 780 6208 1177 780 6209 1174 784 6210 1153 1873 6211 1152 783 6212 1176 787 6213 1157 1874 6214 1156 786 6215 1179 790 6216 1180 1875 6217 1181 789 6218 1183 793 6219 1184 760 6220 1185 792 6221 1180 761 6222 1186 761 6223 1187 761 6224 1184 796 6225 1188 1876 6226 1189 795 6227 1186 798 6228 1190 799 6229 1191 798 6230 1190 769 6231 1192 1870 6232 1193 768 6233 1192 772 6234 1194 886 6235 1195 771 6236 1194 801 6237 1196 1877 6238 1197 800 6239 1199 804 6240 1200 1878 6241 1201 803 6242 1196 781 6243 1202 780 6244 1203 780 6245 1200 784 6246 1179 1873 6247 1178 783 6248 1202 807 6249 1183 1874 6250 1182 806 6251 1205 810 6252 1206 1879 6253 1207 809 6254 1209 813 6255 1210 1880 6256 1211 812 6257 1206 816 6258 1212 1881 6259 1213 815 6260 1210 819 6261 1214 1882 6262 1215 818 6263 1212 821 6264 1216 822 6265 1217 821 6266 1216 824 6267 1218 1883 6268 1219 823 6269 1218 827 6270 1220 1884 6271 1221 826 6272 1220 830 6273 1222 953 6274 1223 829 6275 1225 833 6276 1226 1885 6277 1227 832 6278 1222 835 6279 1228 1886 6280 1229 834 6281 1226 838 6282 1205 785 6283 1204 837 6284 1228 807 6285 1209 1887 6286 1208 840 6287 1231 843 6288 1232 791 6289 1233 842 6290 1235 845 6291 1236 1888 6292 1237 844 6293 1232 848 6294 1238 1889 6295 1239 847 6296 1236 851 6297 1240 1890 6298 1241 850 6299 1238 854 6300 1242 1891 6301 1243 853 6302 1242 857 6303 1244 1892 6304 1245 856 6305 1244 860 6306 1246 1893 6307 1247 859 6308 1246 863 6309 1248 1894 6310 1249 862 6311 1251 866 6312 1252 1895 6313 1253 865 6314 1248 869 6315 1254 1896 6316 1255 868 6317 1252 872 6318 1231 1897 6319 1230 871 6320 1254 875 6321 1235 806 6322 1234 874 6323 1257 878 6324 1258 1898 6325 1259 877 6326 1261 880 6327 1262 880 6328 1263 880 6329 1264 835 6330 1265 835 6331 1258 835 6332 1266 882 6333 1267 1899 6334 1262 881 6335 1268 884 6336 1269 1900 6337 1265 775 6338 1270 885 6339 1271 1901 6340 1269 827 6341 1272 888 6342 1273 770 6343 1271 887 6344 1274 890 6345 1275 1902 6346 1273 766 6347 1277 892 6348 1278 1903 6349 1279 891 6350 1280 895 6351 1281 895 6352 1275 894 6353 1256 897 6354 1259 1904 6355 1278 814 6356 1260 900 6357 1263 1905 6358 1281 899 6359 1283 903 6360 1284 1906 6361 1285 902 6362 1287 905 6363 1288 880 6364 1289 904 6365 1290 835 6366 1291 835 6367 1284 835 6368 1292 908 6369 1293 1907 6370 1288 907 6371 1294 829 6372 1295 802 6373 1291 829 6374 1296 885 6375 1297 1901 6376 1295 827 6377 1298 888 6378 1299 770 6379 1297 887 6380 1300 911 6381 1301 1908 6382 1299 910 6383 1303 913 6384 1304 1909 6385 1305 912 6386 1306 895 6387 1307 895 6388 1301 894 6389 1282 897 6390 1285 1904 6391 1304 814 6392 1286 791 6393 1289 1905 6394 1307 915 6395 1309 918 6396 1310 1910 6397 1311 917 6398 1313 921 6399 1314 1911 6400 1315 920 6401 1316 923 6402 1317 1912 6403 1310 922 6404 1318 925 6405 1319 1913 6406 1314 924 6407 1320 927 6408 1321 928 6409 1317 927 6410 1322 930 6411 1323 1914 6412 1321 929 6413 1324 932 6414 1325 1915 6415 1323 769 6416 1326 798 6417 1327 853 6418 1325 934 6419 1329 937 6420 1330 1916 6421 1331 936 6422 1332 938 6423 1333 1917 6424 1327 761 6425 1308 939 6426 1311 898 6427 1330 845 6428 1312 941 6429 1315 1918 6430 1333 915 6431 1335 944 6432 1336 806 6433 1337 943 6434 1339 945 6435 1340 1919 6436 1341 838 6437 1342 948 6438 1343 1896 6439 1336 947 6440 1344 951 6441 1345 1920 6442 1340 950 6443 1346 953 6444 1347 1921 6445 1343 863 6446 1348 955 6447 1349 1922 6448 1347 954 6449 1350 958 6450 1351 1923 6451 1349 957 6452 1352 960 6453 1353 1924 6454 1351 854 6455 1355 962 6456 1356 1925 6457 1357 961 6458 1358 965 6459 1359 1889 6460 1353 964 6461 1334 968 6462 1337 1926 6463 1356 967 6464 1338 971 6465 1341 791 6466 1359 970 6467 1360 973 6468 1361 1284 6469 981 974 6470 1362 976 6471 1363 1290 6472 1173 977 6473 1364 979 6474 1365 1297 6475 1293 980 6476 1366 982 6477 1367 1370 6478 990 983 6479 1368 985 6480 1369 1388 6481 1111 986 6482 1370 988 6483 1371 1397 6484 1302 989 6485 1372 991 6486 1373 1415 6487 1121 992 6488 1374 994 6489 1375 1284 6490 1241 995 6491 1376 997 6492 1377 1427 6493 1251 998 6494 1378 1000 6495 1379 1297 6496 1059 980 6497 1380 988 6498 1381 1495 6499 1069 1002 6500 1382 1003 6501 1383 1508 6502 1189 1004 6503 1384 1006 6504 1385 1547 6505 1007 1007 6506 1386 1009 6507 1387 1553 6508 1199 1010 6509 1388 1011 6510 1389 1564 6511 1319 1012 6512 1390 1014 6513 1391 1585 6514 1016 1015 6515 1392 1016 6516 1393 1590 6517 1137 1017 6518 1394 1019 6519 1395 1591 6520 1328 1020 6521 1396 1022 6522 1397 1594 6523 1147 1023 6524 1398 1003 6525 1399 1284 6526 955 974 6527 1400 1000 6528 1401 1297 6529 1267 980 6530 1402 1024 6531 1403 1628 6532 964 983 6533 1404 1000 6534 1405 1644 6535 1085 1026 6536 1406 988 6537 1407 1495 6538 1276 1002 6539 1408 1027 6540 1409 1495 6541 1095 1002 6542 1410 1029 6543 1411 1284 6544 1215 1030 6545 1412 994 6546 1413 1284 6547 1033 1032 6548 1414 1034 6549 1415 1712 6550 1225 1035 6551 1416 1037 6552 1417 1713 6553 1345 1038 6554 1418 1040 6555 1419 1716 6556 1042 1041 6557 1420 1022 6558 1421 1594 6559 1354 1043 6560 1422 1003 6561 1423 1284 6562 1163 974 6563 853 1044 6564 1413 1284 6565 1412 994 6566 202 1045 6567 1047 1108 6568 1029 1046 6569 579 1048 6570 581 1927 6571 1205 1049 6572 315 1051 6573 1065 1928 6574 1067 1052 6575 850 1053 6576 1419 1716 6577 1418 1040 6578 204 1054 6579 203 1929 6580 1029 1055 6581 582 1057 6582 1206 1050 6583 1205 1058 6584 317 1060 6585 316 1930 6586 1067 1061 6587 204 1062 6588 1028 1108 6589 1033 1063 6590 583 1065 6591 1212 1050 6592 1206 1066 6593 318 1068 6594 317 1624 6595 1073 1069 6596 584 1071 6597 1216 1050 6598 1212 1072 6599 319 1074 6600 318 1931 6601 1052 1075 6602 584 1076 6603 585 1288 6604 1218 1077 6605 319 1079 6606 1055 1250 6607 1059 1080 6608 586 1082 6609 1220 1932 6610 1218 1083 6611 321 1085 6612 1070 1247 6613 1069 1086 6614 586 1088 6615 587 1933 6616 1222 1089 6617 321 1090 6618 323 1934 6619 1049 1091 6620 588 1093 6621 1228 1050 6622 1222 1094 6623 324 1096 6624 1050 1108 6625 1049 1097 6626 589 1099 6627 1209 1050 6628 1228 1100 6629 325 1102 6630 1056 1108 6631 1050 1103 6632 590 1105 6633 1210 1050 6634 1209 1106 6635 326 1108 6636 1060 1108 6637 1056 1108 6638 590 1109 6639 591 1935 6640 1214 1110 6641 326 1112 6642 327 1936 6643 1062 1113 6644 328 1115 6645 1064 1216 6646 1062 1116 6647 328 1108 6648 329 1108 6649 1066 1108 6650 330 1118 6651 1072 1108 6652 1066 1119 6653 331 1121 6654 1053 1108 6655 1072 1122 6656 869 1124 6657 1379 1297 6658 1378 1000 6659 332 1108 6660 1054 1108 6661 1053 1108 6662 870 1125 6663 1381 1495 6664 1380 988 6665 332 1126 6666 333 1937 6667 1058 1127 6668 873 1124 6669 1405 1644 6670 1404 1000 6671 874 1129 6672 1409 1495 6673 1408 1027 6674 877 1124 6675 1369 1388 6676 1368 985 6677 878 1125 6678 1373 1415 6679 1372 991 6680 881 1130 6681 1393 1590 6682 1392 1016 6683 882 1131 6684 1397 1594 6685 1396 1022 6686 593 1132 6687 592 1938 6688 1250 1133 6689 593 1134 6690 1253 1470 6691 1230 1135 6692 595 1137 6693 594 1939 6694 1230 1138 6695 596 1139 6696 595 1940 6697 1233 1140 6698 597 1108 6699 596 1108 6700 1239 1108 6701 597 1141 6702 1243 1108 6703 1245 1142 6704 599 1144 6705 598 1757 6706 1245 1145 6707 335 1146 6708 334 1941 6709 1094 1147 6710 599 1108 6711 1247 1108 6712 1249 1108 6713 335 1149 6714 1097 1050 6715 1074 1150 6716 601 1152 6717 600 1523 6718 1249 1153 6719 337 1154 6720 336 1942 6721 1074 1155 6722 601 1157 6723 1255 1108 6724 1234 1158 6725 338 1065 6726 337 1067 6727 1077 1066 6728 603 1160 6729 602 1943 6730 1234 1161 6731 339 1162 6732 338 1944 6733 1083 1163 6734 603 1164 6735 1237 1108 6736 1241 1165 6737 339 1050 6738 1087 1050 6739 1089 1050 6740 899 1129 6741 1423 1284 6742 1422 1003 6743 605 1167 6744 1252 1945 6745 1251 1168 6746 341 1050 6747 340 1050 6748 1089 1050 6749 900 1170 6750 1363 1290 6751 1362 976 6752 605 1171 6753 607 1734 6754 1231 1172 6755 341 1174 6756 1091 1050 6757 1093 1175 6758 903 1129 6759 1383 1508 6760 1382 1003 6761 608 1177 6762 1232 1050 6763 1231 1178 6764 343 1180 6765 342 1946 6766 1093 1181 6767 904 1183 6768 1387 1553 6769 1386 1009 6770 721 1184 6771 1277 1128 6772 1276 1185 6773 609 1187 6774 1238 1050 6775 1232 1188 6776 344 1099 6777 343 1101 6778 1099 1100 6779 907 1129 6780 1411 1284 6781 1410 1029 6782 721 1190 6783 722 1947 6784 1256 1191 6785 610 1192 6786 1242 1050 6787 1238 1193 6788 345 1195 6789 344 1948 6790 1078 1196 6791 908 1183 6792 1415 1712 6793 1414 1034 6794 723 1197 6795 1257 1108 6796 1256 1198 6797 610 1050 6798 611 1050 6799 1244 1050 6800 345 1200 6801 1081 1949 6802 1085 1201 6803 911 1044 6804 1375 1284 6805 1374 994 6806 724 1203 6807 1264 1108 6808 1257 1204 6809 612 1050 6810 1246 1050 6811 1244 1050 6812 347 1206 6813 1096 1738 6814 1095 1207 6815 912 1209 6816 1377 1427 6817 1376 997 6818 725 1210 6819 1268 1950 6820 1264 1211 6821 612 1212 6822 613 1951 6823 1248 1213 6824 347 1108 6825 349 1108 6826 1075 1108 6827 725 1214 6828 726 1482 6829 1270 1215 6830 614 1217 6831 1254 1050 6832 1248 1218 6833 350 1108 6834 1076 1108 6835 1075 1108 6836 727 1220 6837 1272 1114 6838 1270 1221 6839 615 1223 6840 1235 1050 6841 1254 1224 6842 351 1226 6843 1082 1751 6844 1076 1227 6845 727 1228 6846 728 1108 6847 1274 1229 6848 616 1231 6849 1236 1952 6850 1235 1232 6851 352 1108 6852 1086 1108 6853 1082 1108 6854 729 1234 6855 1280 1108 6856 1274 1235 6857 616 1237 6858 617 1953 6859 1240 1238 6860 352 1108 6861 353 1108 6862 1088 1108 6863 730 1239 6864 1260 1772 6865 1280 1240 6866 354 1108 6867 1090 1108 6868 1088 1108 6869 731 1242 6870 1261 1108 6871 1260 1243 6872 354 1108 6873 355 1108 6874 1092 1108 6875 731 1245 6876 732 1954 6877 1266 1246 6878 356 1108 6879 1098 1108 6880 1092 1108 6881 733 1248 6882 734 1955 6883 1279 1249 6884 357 1251 6885 1079 1108 6886 1098 1252 6887 733 1253 6888 1278 1956 6889 1259 1254 6890 358 1108 6891 1080 1108 6892 1079 1108 6893 736 1256 6894 735 1942 6895 1259 1257 6896 358 1258 6897 359 1957 6898 1084 1259 6899 737 1065 6900 736 1067 6901 1258 1066 6902 738 1050 6903 737 1050 6904 1265 1050 6905 738 1261 6906 1269 1324 6907 1271 1262 6908 931 1124 6909 1401 1297 6910 1400 1000 6911 740 1264 6912 739 1958 6913 1271 1265 6914 928 1125 6915 1407 1495 6916 1406 988 6917 740 1050 6918 1273 1050 6919 1275 1050 6920 935 1267 6921 1365 1297 6922 1364 979 6923 742 1268 6924 741 1959 6925 1275 1269 6926 932 1125 6927 1371 1397 6928 1370 988 6929 743 1270 6930 742 1488 6931 1281 1271 6932 939 1124 6933 1389 1564 6934 1388 1011 6935 744 1050 6936 743 1050 6937 1263 1050 6938 936 1125 6939 1395 1591 6940 1394 1019 6941 744 1272 6942 1262 1364 6943 1267 1273 6944 943 1130 6945 1417 1713 6946 1416 1037 6947 940 1131 6948 1421 1594 6949 1420 1022 6950 361 1275 6951 360 1960 6952 1120 1276 6953 361 1278 6954 1123 1961 6955 1100 1279 6956 363 1256 6957 362 1942 6958 1100 1257 6959 364 1281 6960 363 1309 6961 1103 1282 6962 365 1050 6963 364 1050 6964 1109 1050 6965 153 633 6966 981 974 6967 1361 1284 6968 365 1286 6969 1113 1050 6970 1115 1287 6971 140 635 6972 843 634 6973 1360 973 6974 367 1289 6975 366 1084 6976 1115 1089 6977 528 636 6978 1173 977 6979 1363 1290 6980 103 1291 6981 965 1250 6982 964 1292 6983 367 1050 6984 1117 1050 6985 1119 1050 6986 514 638 6987 898 637 6988 1362 976 6989 103 1294 6990 104 1962 6991 944 1295 6992 369 1088 6993 368 1963 6994 1119 1296 6995 771 639 6996 1293 980 6997 1365 1297 6998 105 1298 6999 945 1050 7000 944 1299 7001 747 1301 7002 1303 1964 7003 1302 1302 7004 370 1304 7005 369 1347 7006 1125 1305 7007 758 641 7008 933 640 7009 1364 979 7010 106 1307 7011 952 1050 7012 945 1308 7013 747 1310 7014 748 1965 7015 1282 1311 7016 371 1312 7017 370 1966 7018 1104 1313 7019 107 1315 7020 956 1928 7021 952 1316 7022 749 1317 7023 1283 1967 7024 1282 1318 7025 371 1319 7026 1107 1968 7027 1111 1320 7028 107 1322 7029 108 1288 7030 958 1323 7031 750 1102 7032 1290 1108 7033 1283 1103 7034 373 1325 7035 1122 1247 7036 1121 1326 7037 109 1328 7038 960 1266 7039 958 1329 7040 751 1330 7041 1294 1108 7042 1290 1331 7043 373 1333 7044 375 1969 7045 1101 1334 7046 109 1335 7047 110 1050 7048 962 1336 7049 751 1108 7050 752 1108 7051 1296 1108 7052 376 1338 7053 1102 1108 7054 1101 1339 7055 111 1341 7056 968 1050 7057 962 1342 7058 753 1108 7059 1298 1108 7060 1296 1108 7061 377 1344 7062 1108 1108 7063 1102 1345 7064 112 1304 7065 948 1306 7066 968 1305 7067 753 1348 7068 754 1970 7069 1300 1349 7070 378 1350 7071 1112 1108 7072 1108 1351 7073 113 1353 7074 949 1050 7075 948 1354 7076 755 1356 7077 1306 1971 7078 1300 1357 7079 378 1359 7080 379 1482 7081 1114 1360 7082 113 1362 7083 114 1972 7084 954 1363 7085 756 1365 7086 1286 1108 7087 1306 1366 7088 380 1368 7089 1116 1973 7090 1114 1369 7091 128 647 7092 990 983 7093 1367 1370 7094 115 1372 7095 116 1974 7096 967 1373 7097 757 1374 7098 1287 1108 7099 1286 1375 7100 380 1377 7101 381 1975 7102 1118 1378 7103 142 649 7104 844 648 7105 1366 982 7106 115 1379 7107 966 1976 7108 947 1380 7109 757 1382 7110 758 1977 7111 1292 1383 7112 382 1385 7113 1124 1108 7114 1118 1386 7115 372 650 7116 1111 986 7117 1369 1388 7118 118 1389 7119 117 1978 7120 947 1390 7121 759 1391 7122 760 1979 7123 1305 1392 7124 383 1121 7125 1105 1108 7126 1124 1122 7127 385 652 7128 879 651 7129 1368 985 7130 119 1344 7131 118 1346 7132 946 1345 7133 759 1050 7134 1304 1050 7135 1285 1050 7136 384 1394 7137 1106 1108 7138 1105 1395 7139 746 653 7140 1302 989 7141 1371 1397 7142 120 1108 7143 119 1108 7144 953 1108 7145 762 1050 7146 761 1050 7147 1285 1050 7148 384 1398 7149 385 1980 7150 1110 1399 7151 760 655 7152 934 654 7153 1370 988 7154 120 1401 7155 957 1216 7156 959 1402 7157 763 1403 7158 762 1067 7159 1284 1404 7160 122 1406 7161 121 1936 7162 959 1407 7163 764 1050 7164 763 1050 7165 1291 1050 7166 122 1108 7167 961 1108 7168 963 1108 7169 764 1050 7170 1295 1050 7171 1297 1050 7172 124 1408 7173 123 1981 7174 963 1409 7175 766 1050 7176 765 1050 7177 1297 1050 7178 125 1365 7179 124 1367 7180 969 1366 7181 766 1050 7182 1299 1050 7183 1301 1050 7184 126 1108 7185 125 1108 7186 951 1108 7187 768 1050 7188 767 1050 7189 1301 1050 7190 126 1410 7191 950 1247 7192 955 1411 7193 769 1413 7194 768 1624 7195 1307 1414 7196 374 661 7197 1121 992 7198 1373 1415 7199 770 1050 7200 769 1050 7201 1289 1050 7202 360 663 7203 876 662 7204 1372 991 7205 770 1416 7206 1288 1277 7207 1293 1417 7208 604 664 7209 1241 995 7210 1375 1284 7211 617 666 7212 913 665 7213 1374 994 7214 387 1419 7215 386 1982 7216 1146 1420 7217 387 1422 7218 1149 1173 7219 1126 1423 7220 389 1425 7221 388 1983 7222 1126 1426 7223 606 674 7224 1251 998 7225 1377 1427 7226 390 1428 7227 389 1984 7228 1129 1429 7229 592 676 7230 910 675 7231 1376 997 7232 391 1050 7233 390 1050 7234 1135 1050 7235 391 1430 7236 1139 1050 7237 1141 1431 7238 393 1433 7239 392 1663 7240 1141 1434 7241 129 1435 7242 991 1949 7243 990 1436 7244 393 1050 7245 1143 1050 7246 1145 1050 7247 129 1438 7248 130 1985 7249 970 1439 7250 395 1217 7251 394 1219 7252 1145 1218 7253 320 681 7254 1059 980 7255 1379 1297 7256 131 1440 7257 971 1986 7258 970 1441 7259 773 1443 7260 1329 1260 7261 1328 1444 7262 395 1446 7263 1151 1050 7264 1130 1447 7265 333 683 7266 871 682 7267 1378 1000 7268 132 1448 7269 978 1050 7270 971 1449 7271 773 1451 7272 774 1987 7273 1308 1452 7274 397 1454 7275 396 1988 7276 1130 1455 7277 133 1456 7278 982 1050 7279 978 1457 7280 775 1096 7281 1309 1108 7282 1308 1097 7283 397 1459 7284 1133 1050 7285 1137 1460 7286 133 1050 7287 134 1050 7288 984 1050 7289 776 1462 7290 1316 1532 7291 1309 1463 7292 399 1465 7293 1148 1108 7294 1147 1466 7295 135 1050 7296 986 1050 7297 984 1050 7298 777 1108 7299 1320 1108 7300 1316 1108 7301 399 1468 7302 401 1621 7303 1127 1469 7304 135 1471 7305 136 1989 7306 988 1472 7307 777 1473 7308 778 1222 7309 1322 1378 7310 402 1474 7311 1128 1108 7312 1127 1475 7313 137 1477 7314 994 1990 7315 988 1478 7316 779 1480 7317 1324 1108 7318 1322 1481 7319 515 1483 7320 514 1991 7321 1172 1484 7322 403 1485 7323 1134 1108 7324 1128 1486 7325 138 1270 7326 974 1050 7327 994 1271 7328 779 1108 7329 780 1108 7330 1326 1108 7331 515 1489 7332 1175 1108 7333 1152 1490 7334 404 1492 7335 1138 1108 7336 1134 1493 7337 322 689 7338 1069 1002 7339 1381 1495 7340 139 1496 7341 975 1050 7342 974 1497 7343 781 1385 7344 1332 1108 7345 1326 1386 7346 517 1499 7347 516 1992 7348 1152 1500 7349 404 1108 7350 405 1108 7351 1140 1108 7352 308 663 7353 868 654 7354 1380 988 7355 139 1501 7356 140 1993 7357 980 1502 7358 782 1503 7359 1312 1548 7360 1332 1504 7361 518 1506 7362 517 1464 7363 1155 1507 7364 406 1108 7365 1142 1108 7366 1140 1108 7367 552 690 7368 1189 1004 7369 1383 1508 7370 141 1509 7371 142 1994 7372 993 1510 7373 783 1511 7374 1313 1995 7375 1312 1512 7376 519 1514 7377 518 1108 7378 1161 1515 7379 406 1516 7380 407 1996 7381 1144 1517 7382 565 692 7383 905 691 7384 1382 1003 7385 141 1108 7386 992 1108 7387 973 1108 7388 783 1518 7389 784 1997 7390 1318 1519 7391 519 1521 7392 1165 1114 7393 1167 1522 7394 408 1152 7395 1150 1108 7396 1144 1153 7397 144 1108 7398 143 1108 7399 973 1108 7400 785 1524 7401 786 1998 7402 1331 1525 7403 521 1526 7404 520 1482 7405 1167 1527 7406 409 1528 7407 1131 1108 7408 1150 1529 7409 145 1530 7410 144 1346 7411 972 1531 7412 785 1533 7413 1330 1050 7414 1311 1534 7415 521 1536 7416 1169 1950 7417 1171 1537 7418 410 1538 7419 1132 1999 7420 1131 1539 7421 146 1108 7422 145 1108 7423 979 1108 7424 788 1541 7425 787 2000 7426 1311 1542 7427 523 1543 7428 522 2001 7429 1171 1544 7430 410 1545 7431 411 2002 7432 1136 1546 7433 179 695 7434 1007 1007 7435 1385 1547 7436 146 1108 7437 983 1108 7438 985 1108 7439 789 1448 7440 788 1450 7441 1310 1449 7442 524 1503 7443 523 1505 7444 1177 1504 7445 166 697 7446 847 696 7447 1384 1006 7448 148 1108 7449 147 1108 7450 985 1108 7451 790 1549 7452 789 2003 7453 1317 1550 7454 525 1551 7455 524 2004 7456 1156 1552 7457 554 698 7458 1199 1010 7459 1387 1553 7460 148 1108 7461 987 1108 7462 989 1108 7463 790 1554 7464 1321 1932 7465 1323 1555 7466 525 1556 7467 1159 1128 7468 1163 1557 7469 540 638 7470 902 699 7471 1386 1009 7472 150 1108 7473 149 1108 7474 989 1108 7475 792 1559 7476 791 1288 7477 1323 1560 7478 527 1561 7479 1174 1364 7480 1173 1562 7481 797 700 7482 1319 1012 7483 1389 1564 7484 151 1565 7485 150 1505 7486 995 1566 7487 792 1093 7488 1325 1050 7489 1327 1287 7490 527 1568 7491 529 2005 7492 1153 1569 7493 784 701 7494 937 651 7495 1388 1011 7496 152 1108 7497 151 1108 7498 977 1108 7499 794 1088 7500 793 1963 7501 1327 1296 7502 530 1571 7503 1154 1050 7504 1153 1572 7505 152 1573 7506 976 1738 7507 981 1574 7508 795 1270 7509 794 1488 7510 1333 1271 7511 531 1448 7512 1160 1050 7513 1154 1449 7514 796 1576 7515 795 2006 7516 1315 1577 7517 532 1050 7518 1164 1050 7519 1160 1050 7520 796 1578 7521 1314 2007 7522 1319 1579 7523 532 1581 7524 533 1958 7525 1166 1582 7526 534 1583 7527 1168 1324 7528 1166 1584 7529 154 706 7530 1016 1015 7531 1391 1585 7532 534 1050 7533 535 1050 7534 1170 1050 7535 168 707 7536 848 648 7537 1390 1014 7538 536 1587 7539 1176 1050 7540 1170 1588 7541 398 708 7542 1137 1017 7543 1393 1590 7544 537 1099 7545 1157 1050 7546 1176 1100 7547 411 710 7548 883 709 7549 1392 1016 7550 538 1050 7551 1158 1050 7552 1157 1050 7553 772 711 7554 1328 1020 7555 1395 1591 7556 538 1592 7557 539 2008 7558 1162 1593 7559 786 712 7560 938 662 7561 1394 1019 7562 400 719 7563 1147 1023 7564 1397 1594 7565 386 663 7566 880 720 7567 1396 1022 7568 155 1595 7569 1017 1393 7570 1016 1596 7571 155 1598 7572 156 2009 7573 996 1599 7574 157 1571 7575 997 1050 7576 996 1572 7577 799 1601 7578 1355 2010 7579 1354 1602 7580 127 723 7581 955 974 7582 1399 1284 7583 158 1604 7584 1004 1405 7585 997 1605 7586 799 1607 7587 800 2011 7588 1334 1608 7589 114 724 7590 839 691 7591 1398 1003 7592 159 1050 7593 1008 1050 7594 1004 1050 7595 801 1610 7596 1335 1108 7597 1334 1611 7598 745 681 7599 1267 980 7600 1401 1297 7601 159 1613 7602 160 1084 7603 1010 1089 7604 802 1614 7605 1342 1108 7606 1335 1615 7607 732 683 7608 929 682 7609 1400 1000 7610 161 1617 7611 1012 1050 7612 1010 1287 7613 803 1108 7614 1346 1108 7615 1342 1108 7616 161 1050 7617 162 1050 7618 1014 1050 7619 803 1618 7620 804 2012 7621 1348 1619 7622 163 1093 7623 1020 1050 7624 1014 1094 7625 805 1492 7626 1350 1108 7627 1348 1620 7628 541 1622 7629 540 2013 7630 1198 1623 7631 164 1068 7632 1000 1070 7633 1020 1069 7634 805 1108 7635 806 1108 7636 1352 1108 7637 541 1625 7638 1201 1108 7639 1178 1626 7640 102 728 7641 964 983 7642 1403 1628 7643 165 1630 7644 1001 2014 7645 1000 1631 7646 807 1633 7647 1358 1108 7648 1352 1634 7649 543 1636 7650 542 1978 7651 1178 1637 7652 116 730 7653 840 729 7654 1402 1024 7655 165 1639 7656 166 2015 7657 1006 1640 7658 808 1642 7659 1338 2016 7660 1358 1643 7661 544 1344 7662 543 1346 7663 1181 1345 7664 346 731 7665 1085 1026 7666 1405 1644 7667 167 1645 7668 168 2017 7669 1019 1646 7670 809 1647 7671 1339 1108 7672 1338 1648 7673 545 1650 7674 544 2018 7675 1187 1651 7676 359 732 7677 875 682 7678 1404 1000 7679 167 1652 7680 1018 1108 7681 999 1653 7682 809 1655 7683 810 2019 7684 1344 1656 7685 545 1108 7686 1191 1108 7687 1193 1108 7688 720 689 7689 1276 1002 7690 1407 1495 7691 170 1657 7692 169 2020 7693 999 1658 7694 811 1659 7695 812 2021 7696 1357 1660 7697 547 1108 7698 546 1108 7699 1193 1108 7700 734 663 7701 930 654 7702 1406 988 7703 171 1102 7704 170 1104 7705 998 1103 7706 811 1661 7707 1356 1724 7708 1337 1662 7709 547 1664 7710 1195 1108 7711 1197 1665 7712 172 1667 7713 171 2022 7714 1005 1668 7715 814 1669 7716 813 2023 7717 1337 1670 7718 549 1671 7719 548 2024 7720 1197 1672 7721 172 1674 7722 1009 1973 7723 1011 1675 7724 815 1676 7725 814 2025 7726 1336 1677 7727 550 1121 7728 549 1123 7729 1203 1122 7730 348 735 7731 1095 1002 7732 1409 1495 7733 174 1678 7734 173 1482 7735 1011 1679 7736 816 1433 7737 815 2026 7738 1343 1680 7739 551 1681 7740 550 2027 7741 1182 1682 7742 334 737 7743 872 736 7744 1408 1027 7745 174 1385 7746 1013 1108 7747 1015 1481 7748 816 1050 7749 1347 1050 7750 1349 1050 7751 551 1684 7752 1185 1964 7753 1189 1685 7754 578 738 7755 1215 1030 7756 1411 1284 7757 176 1377 7758 175 2028 7759 1015 1687 7760 818 1050 7761 817 1050 7762 1349 1050 7763 553 1688 7764 1200 1277 7765 1199 1689 7766 591 739 7767 909 696 7768 1410 1029 7769 177 1365 7770 176 1367 7771 1021 1366 7772 818 1691 7773 1351 1050 7774 1353 1692 7775 553 1050 7776 555 1050 7777 1179 1050 7778 178 1694 7779 177 2029 7780 1003 1695 7781 820 1696 7782 819 1735 7783 1353 1697 7784 556 1050 7785 1180 1050 7786 1179 1050 7787 178 1698 7788 1002 2030 7789 1007 1699 7790 820 1701 7791 1359 1050 7792 1341 1702 7793 557 1704 7794 1186 1283 7795 1180 1705 7796 205 742 7797 1033 1032 7798 1413 1284 7799 822 1706 7800 821 2031 7801 1341 1707 7802 558 1050 7803 1190 1050 7804 1186 1050 7805 192 743 7806 851 665 7807 1412 994 7808 822 1709 7809 1340 1050 7810 1345 1710 7811 558 1050 7812 559 1050 7813 1192 1050 7814 580 744 7815 1225 1035 7816 1415 1712 7817 560 1050 7818 1194 1050 7819 1192 1050 7820 566 746 7821 906 745 7822 1414 1034 7823 560 1050 7824 561 1050 7825 1196 1050 7826 823 747 7827 1345 1038 7828 1417 1713 7829 562 1050 7830 1202 1050 7831 1196 1050 7832 810 748 7833 941 709 7834 1416 1037 7835 563 1714 7836 1183 1050 7837 1202 1715 7838 564 1050 7839 1184 1050 7840 1183 1050 7841 180 752 7842 1042 1041 7843 1419 1716 7844 564 1717 7845 565 2032 7846 1188 1718 7847 194 754 7848 852 753 7849 1418 1040 7850 798 755 7851 1354 1043 7852 1421 1594 7853 812 663 7854 942 720 7855 1420 1022 7856 526 723 7857 1163 974 7858 1423 1284 7859 539 724 7860 901 691 7861 1422 1003 7862 181 1719 7863 1043 1050 7864 1042 1720 7865 181 1722 7866 182 2033 7867 1022 1723 7868 183 1725 7869 1023 1050 7870 1022 1726 7871 184 1728 7872 1030 1050 7873 1023 1729 7874 185 1050 7875 1034 1050 7876 1030 1050 7877 185 1731 7878 186 2034 7879 1036 1732 7880 187 1192 7881 1038 1050 7882 1036 1733 7883 187 1050 7884 188 1050 7885 1040 1050 7886 189 1696 7887 1046 1050 7888 1040 1697 7889 567 1736 7890 566 2035 7891 1224 1737 7892 190 1739 7893 1026 2036 7894 1046 1740 7895 567 1741 7896 1227 2037 7897 1204 1742 7898 191 1744 7899 1027 1050 7900 1026 1745 7901 569 1389 7902 568 1978 7903 1204 1390 7904 191 1747 7905 192 2038 7906 1032 1748 7907 570 1749 7908 569 1205 7909 1207 1750 7910 193 1752 7911 194 2039 7912 1045 1753 7913 571 1108 7914 570 1108 7915 1213 1108 7916 193 1755 7917 1044 1609 7918 1025 1756 7919 571 1758 7920 1217 1108 7921 1219 1481 7922 196 1759 7923 195 2040 7924 1025 1760 7925 573 1761 7926 572 1222 7927 1219 1378 7928 309 1762 7929 308 2041 7930 1068 1763 7931 841 1129 7932 1399 1284 7933 1398 1003 7934 197 1764 7935 196 2042 7936 1024 1765 7937 573 1108 7938 1221 1108 7939 1223 1108 7940 309 1766 7941 1071 1050 7942 1048 1767 7943 838 1629 7944 1403 1628 7945 1402 1024 7946 198 1144 7947 197 2043 7948 1031 1769 7949 575 1377 7950 574 2028 7951 1223 1687 7952 311 1770 7953 310 2044 7954 1048 1771 7955 845 1285 7956 1361 1284 7957 1360 973 7958 198 1108 7959 1035 1108 7960 1037 1108 7961 576 1239 7962 575 1241 7963 1229 1240 7964 312 1773 7965 311 1606 7966 1051 1774 7967 842 1371 7968 1367 1370 7969 1366 982 7970 200 1108 7971 199 1108 7972 1037 1108 7973 577 1775 7974 576 2045 7975 1208 1776 7976 313 1778 7977 312 1050 7978 1057 1779 7979 849 1129 7980 1385 1547 7981 1384 1006 7982 200 1780 7983 1039 1108 7984 1041 1781 7985 577 1783 7986 1211 2046 7987 1215 1784 7988 313 1786 7989 1061 1266 7990 1063 1787 7991 846 1586 7992 1391 1585 7993 1390 1014 7994 202 1633 7995 201 1635 7996 1041 1634 7997 579 1788 7998 1226 1364 7999 1225 1789 8000 315 1791 8001 314 1288 8002 1063 1792 8003</p>
        </triangles>
      </mesh>
    </geometry>
  </library_geometries>
  <library_visual_scenes>
    <visual_scene id="Scene" name="Scene">
      <node id="greenhouse_p" name="greenhouse_p" type="NODE">
        <matrix sid="transform">19.51001 0 0 0 0 -19.51001 1.2249e-5 0 0 -1.2249e-5 -19.51001 0 0 0 0 1</matrix>
        <instance_geometry url="#Cylinder_004-mesh" name="greenhouse_p">
          <bind_material>
            <technique_common>
              <instance_material symbol="Material_001-material" target="#Material_001-material">
                <bind_vertex_input semantic="UVMap" input_semantic="TEXCOORD" input_set="0"/>
              </instance_material>
            </technique_common>
          </bind_material>
        </instance_geometry>
      </node>
    </visual_scene>
  </library_visual_scenes>
  <scene>
    <instance_visual_scene url="#Scene"/>
  </scene>
</COLLADA>