<?xml version="1.0" encoding="utf-8"?>
<COLLADA xmlns="http://www.collada.org/2005/11/COLLADASchema" version="1.4.1" xmlns:xsi="http://www.w3.org/2001/XMLSchema-instance">
  <asset>
    <contributor>
      <author>Blender User</author>
      <authoring_tool>Blender 4.3.1 commit date:2024-12-10, commit time:07:46, hash:33d812126174</authoring_tool>
    </contributor>
    <created>2026-09-17T13:32:36</created>
    <modified>2026-09-17T13:32:36</modified>
    <unit name="meter" meter="1"/>
    <up_axis>Z_UP</up_axis>
  </asset>
  <library_effects>
    <effect id="Material-effect">
      <profile_COMMON>
        <newparam sid="mla_struct_png-surface">
          <surface type="2D">
            <init_from>mla_struct_png</init_from>
          </surface>
        </newparam>
        <newparam sid="mla_struct_png-sampler">
          <sampler2D>
            <source>mla_struct_png-surface</source>
          </sampler2D>
        </newparam>
        <technique sid="common">
          <lambert>
            <emission>
              <color sid="emission">0 0 0 1</color>
            </emission>
            <diffuse>
              <texture texture="mla_struct_png-sampler" texcoord="UVMap"/>
            </diffuse>
            <index_of_refraction>
              <float sid="ior">1.45</float>
            </index_of_refraction>
          </lambert>
        </technique>
      </profile_COMMON>
    </effect>
  </library_effects>
  <library_images>
    <image id="mla_struct_png" name="mla_struct_png">
      <init_from>/home/welton/snap/0ad/743/.local/share/0ad/mods/mars_wars/art/textures/skins/structural/mla_struct.png</init_from>
    </image>
  </library_images>
  <library_materials>
    <material id="Material-material" name="Material">
      <instance_effect url="#Material-effect"/>
    </material>
  </library_materials>
  <library_geometries>
    <geometry id="Cylinder_003-mesh" name="Cylinder.003">
      <mesh>
        <source id="Cylinder_003-mesh-positions">
          <float_array id="Cylinder_003-mesh-positions-array" count="2178">-0.5540345 -0.03304421 -0.1011427 -0.1802982 -1.32189e-4 -0.1064433 -0.3671663 -1.32189e-4 -0.1064433 -0.5540345 -1.32189e-4 -0.1064433 -0.1802982 0.03277987 -0.1011427 -0.3671663 0.03277987 -0.1011427 -0.5540345 0.03277987 -0.1011427 -0.1802982 0.06344902 -0.08560222 -0.3671663 0.06344902 -0.08560222 -0.5540345 0.06344902 -0.08560222 -0.1802982 0.08978527 -0.06088089 -0.3671663 0.08978527 -0.06088089 0.006569683 0.1270303 0.09406548 -0.7409024 0.1270303 0.09406548 0.006569683 0.1226973 0.008854568 -0.7409024 0.1226973 0.008854568 0.006569683 0.1099938 -0.02866339 -0.7409024 0.1099938 -0.02866345 0.006569683 0.08978527 -0.06088089 -0.7409024 0.08978527 -0.06088089 0.006569683 0.06344902 -0.08560222 -0.7409024 0.06344908 -0.08560222 0.006569683 0.03277987 -0.1011427 -0.7409024 0.03277987 -0.1011427 0.006569683 -1.32189e-4 -0.1064433 -0.7409024 -1.32189e-4 -0.1064433 0.006569683 -0.03304421 -0.1011427 -0.7409024 -0.03304421 -0.1011427 0.006569683 -0.06371343 -0.08560222 -0.7409024 -0.06371343 -0.08560222 0.006569683 -0.09004962 -0.06088089 -0.7409024 -0.09004962 -0.06088089 0.006569683 -0.1102581 -0.02866345 -0.7409024 -0.1102581 -0.02866345 0.006569683 -0.1229617 0.008854568 -0.7409024 -0.1229617 0.008854508 0.006569623 -0.1272947 0.09406548 -0.7409024 -0.1272947 0.09406548 -0.5540345 0.08978527 -0.06088089 -0.1802982 0.1099938 -0.02866345 -0.3671663 0.1099938 -0.02866345 -0.5540345 0.1099938 -0.02866345 -0.1802982 0.1226973 0.008854568 -0.3671663 0.1226973 0.008854568 -0.5540345 0.1226973 0.008854568 -0.1802982 0.1270303 0.09406548 -0.3671663 0.1270303 0.09406548 -0.5540345 0.1270303 0.09406548 -0.3671663 -0.03304421 -0.1011427 -0.1802982 -0.03304421 -0.1011427 -0.5540345 -0.06371343 -0.08560222 -0.3671663 -0.06371343 -0.08560222 -0.1802983 -0.06371343 -0.08560222 -0.5540345 -0.09004962 -0.06088089 -0.3671663 -0.09004962 -0.06088089 -0.1802983 -0.09004962 -0.06088089 -0.5540345 -0.1102581 -0.02866345 -0.3671663 -0.1102581 -0.02866345 -0.1802983 -0.1102581 -0.02866345 -0.5540345 -0.1229617 0.008854508 -0.3671663 -0.1229617 0.008854568 -0.1802983 -0.1229617 0.008854568 -0.5540345 -0.1272947 0.09406548 -0.3671663 -0.1272947 0.09406548 -0.1802983 -0.1272947 0.09406548 -0.9321393 0.1226973 0.008854568 -0.9321393 0.1099938 -0.02866345 -0.9321393 0.08978527 -0.06088089 -0.9321393 0.06344908 -0.08560222 -0.9321393 0.03277987 -0.1011427 -0.9321393 -1.32189e-4 -0.1064433 -0.9321393 -0.03304421 -0.1011427 -0.9321393 -0.06371343 -0.08560222 -0.9321393 -0.09004962 -0.06088089 -0.9321393 -0.1102581 -0.02866345 -0.9321393 -0.1229617 0.008854508 -1.018465 0.08319014 0.09406548 -0.9885728 0.107792 0.09406548 -1.018465 0.07947933 0.02108925 -0.9885728 0.103732 0.01422351 -1.018465 0.07177335 -0.001669108 -0.9885728 0.09322148 -0.01681751 -1.018465 0.05857837 -0.02270519 -0.9885728 0.07609075 -0.04412829 -1.018465 0.04138249 -0.03884667 -0.9885728 0.05376559 -0.06508445 -1.018465 0.02135741 -0.04899364 -0.9885728 0.02776736 -0.07825815 -1.018465 -1.32186e-4 -0.05245459 -0.9885728 -1.32188e-4 -0.08275145 -1.018465 -0.0216217 -0.04899364 -0.9885728 -0.0280317 -0.07825815 -1.018465 -0.04164683 -0.03884667 -0.9885728 -0.05402994 -0.06508451 -1.018465 -0.05884277 -0.02270513 -0.9885728 -0.07635509 -0.04412823 -1.018465 -0.07203769 -0.001669108 -0.9885728 -0.09348589 -0.01681751 -1.018465 -0.07974368 0.02108931 -0.9885728 -0.1039963 0.01422351 -0.9885728 -0.1080563 0.09406548 -1.018465 -0.08345454 0.09406548 0.5540345 -0.03304421 -0.1011427 0.1802982 -1.32189e-4 -0.1064433 0.3671663 -1.32189e-4 -0.1064433 0.5540345 -1.32189e-4 -0.1064433 0.1802982 0.03277987 -0.1011427 0.3671663 0.03277987 -0.1011427 0.5540345 0.03277987 -0.1011427 0.1802982 0.06344902 -0.08560222 0.3671663 0.06344902 -0.08560222 0.5540345 0.06344902 -0.08560222 0.1802982 0.08978527 -0.06088089 0.3671663 0.08978527 -0.06088089 -0.006569683 0.1270303 0.09406548 0.7409024 0.1270303 0.09406548 -0.006569683 0.1226973 0.008854568 0.7409024 0.1226973 0.008854568 -0.006569683 0.1099938 -0.02866339 0.7409024 0.1099938 -0.02866345 -0.006569683 0.08978527 -0.06088089 0.7409024 0.08978527 -0.06088089 -0.006569683 0.06344902 -0.08560222 0.7409024 0.06344908 -0.08560222 -0.006569683 0.03277987 -0.1011427 0.7409024 0.03277987 -0.1011427 -0.006569683 -1.32189e-4 -0.1064433 0.7409024 -1.32189e-4 -0.1064433 -0.006569683 -0.03304421 -0.1011427 0.7409024 -0.03304421 -0.1011427 -0.006569683 -0.06371343 -0.08560222 0.7409024 -0.06371343 -0.08560222 -0.006569683 -0.09004962 -0.06088089 0.7409024 -0.09004962 -0.06088089 -0.006569683 -0.1102581 -0.02866345 0.7409024 -0.1102581 -0.02866345 -0.006569683 -0.1229617 0.008854568 0.7409024 -0.1229617 0.008854508 -0.006569623 -0.1272947 0.09406548 0.7409024 -0.1272947 0.09406548 0.5540345 0.08978527 -0.06088089 0.1802982 0.1099938 -0.02866345 0.3671663 0.1099938 -0.02866345 0.5540345 0.1099938 -0.02866345 0.1802982 0.1226973 0.008854568 0.3671663 0.1226973 0.008854568 0.5540345 0.1226973 0.008854568 0.1802982 0.1270303 0.09406548 0.3671663 0.1270303 0.09406548 0.5540345 0.1270303 0.09406548 0.3671663 -0.03304421 -0.1011427 0.1802982 -0.03304421 -0.1011427 0.5540345 -0.06371343 -0.08560222 0.3671663 -0.06371343 -0.08560222 0.1802983 -0.06371343 -0.08560222 0.5540345 -0.09004962 -0.06088089 0.3671663 -0.09004962 -0.06088089 0.1802983 -0.09004962 -0.06088089 0.5540345 -0.1102581 -0.02866345 0.3671663 -0.1102581 -0.02866345 0.1802983 -0.1102581 -0.02866345 0.5540345 -0.1229617 0.008854508 0.3671663 -0.1229617 0.008854568 0.1802983 -0.1229617 0.008854568 0.5540345 -0.1272947 0.09406548 0.3671663 -0.1272947 0.09406548 0.1802983 -0.1272947 0.09406548 0.9321393 0.1226973 0.008854568 0.9321393 0.1099938 -0.02866345 0.9321393 0.08978527 -0.06088089 0.9321393 0.06344908 -0.08560222 0.9321393 0.03277987 -0.1011427 0.9321393 -1.32189e-4 -0.1064433 0.9321393 -0.03304421 -0.1011427 0.9321393 -0.06371343 -0.08560222 0.9321393 -0.09004962 -0.06088089 0.9321393 -0.1102581 -0.02866345 0.9321393 -0.1229617 0.008854508 1.018465 0.08319014 0.09406548 0.9885728 0.107792 0.09406548 1.018465 0.07947933 0.02108925 0.9885728 0.103732 0.01422351 1.018465 0.07177335 -0.001669108 0.9885728 0.09322148 -0.01681751 1.018465 0.05857837 -0.02270519 0.9885728 0.07609075 -0.04412829 1.018465 0.04138249 -0.03884667 0.9885728 0.05376559 -0.06508445 1.018465 0.02135741 -0.04899364 0.9885728 0.02776736 -0.07825815 1.018465 -1.32186e-4 -0.05245459 0.9885728 -1.32188e-4 -0.08275145 1.018465 -0.0216217 -0.04899364 0.9885728 -0.0280317 -0.07825815 1.018465 -0.04164683 -0.03884667 0.9885728 -0.05402994 -0.06508451 1.018465 -0.05884277 -0.02270513 0.9885728 -0.07635509 -0.04412823 1.018465 -0.07203769 -0.001669108 0.9885728 -0.09348589 -0.01681751 1.018465 -0.07974368 0.02108931 0.9885728 -0.1039963 0.01422351 0.9885728 -0.1080563 0.09406548 1.018465 -0.08345454 0.09406548 -0.1232042 0 -0.3211116 0.1338413 0 -0.3211116 0.1338413 0.1182096 -0.3211116 0.1235282 0.1285224 -0.3211116 -0.1128913 0.1285224 -0.3211116 -0.1232042 0.1182096 -0.3211116 -0.1143631 -1.40685e-7 -0.4368358 0.1250002 -1.40685e-7 -0.4368358 0.1250002 0.110078 -0.4368358 0.1153967 0.1196815 -0.4368358 -0.1047598 0.1196815 -0.4368358 -0.1143631 0.110078 -0.4368358 0.005318522 0.1285224 -0.3211116 0.005318522 0.1196815 -0.4368358 0.1338413 0.05910474 -0.3211116 0.1250002 0.05503892 -0.4368358 0.1338413 -0.1182098 -0.3211116 0.1235282 -0.1285226 -0.3211116 -0.1128913 -0.1285226 -0.3211116 -0.1232042 -0.1182098 -0.3211116 0.1250002 -0.1100783 -0.4368358 0.1153967 -0.1196818 -0.4368358 -0.1047598 -0.1196818 -0.4368358 -0.1143631 -0.1100783 -0.4368358 0.005318522 -0.1285226 -0.3211116 0.005318522 -0.1196818 -0.4368358 0.1338413 -0.05910491 -0.3211116 0.1250002 -0.05503916 -0.4368358 0.03881996 -0.2592619 -0.2625856 0.04322475 -0.2636668 -0.7273952 0.03881996 -0.2831279 -0.2625856 0.04322475 -0.2787232 -0.7273952 0.06268632 -0.2592619 -0.2625856 0.05828154 -0.2636668 -0.7273952 0.06268632 -0.2831279 -0.2625856 0.05828154 -0.2787232 -0.7273952 0.03881996 -0.2592619 -0.4175221 0.03881996 -0.259262 -0.5724585 0.03881996 -0.283128 -0.5724584 0.03881996 -0.283128 -0.4175221 0.06268632 -0.283128 -0.5724584 0.06268632 -0.283128 -0.4175221 0.06268632 -0.259262 -0.5724585 0.06268632 -0.2592619 -0.4175221 -0.1022807 0.3004658 -0.2704467 -0.09944754 0.2976323 -0.5694231 -0.1022807 0.2851145 -0.2704467 -0.09944754 0.2879476 -0.5694231 -0.08692932 0.3004658 -0.2704467 -0.0897625 0.2976323 -0.5694231 -0.08692932 0.2851145 -0.2704467 -0.0897625 0.2879476 -0.5694231 -0.1022807 0.3004657 -0.3701056 -0.1022807 0.3004657 -0.4697643 -0.1022807 0.2851144 -0.4697643 -0.1022807 0.2851144 -0.3701056 -0.08692932 0.2851144 -0.4697643 -0.08692932 0.2851144 -0.3701056 -0.08692932 0.3004657 -0.4697643 -0.08692932 0.3004657 -0.3701056 0 0.864989 -0.3375553 0 0.864989 -0.2814964 0.2187753 0.864989 -0.2814964 -0.2187754 0.864989 -0.2814964 0 0.6239178 -0.3375552 0 0.6239178 -0.2814963 0.2187753 0.6239178 -0.2814963 -0.2187754 0.6239178 -0.2814963 0.1178843 0.864989 -0.2814964 0.2028918 0.864989 -0.2814964 0.1178843 0.6239178 -0.2814963 0.2028918 0.623917 -0.2814963 0.2028918 0.8649891 -0.02004462 0.1178843 0.8649891 -0.02004462 0.1178843 0.6239179 -0.02004456 0.2028918 0.6239171 -0.02004456 -0.202892 0.864989 -0.2814964 -0.1178846 0.864989 -0.2814964 -0.202892 0.6239178 -0.2814963 -0.1178846 0.6239178 -0.2814963 -0.1178846 0.8649891 -0.02004462 -0.202892 0.8649891 -0.02004462 -0.202892 0.6239179 -0.02004456 -0.1178846 0.6239179 -0.02004456 0.1567496 0.864989 -0.3375553 -0.1567496 0.864989 -0.3375553 0.1567496 0.6239178 -0.3375552 -0.1567496 0.6239178 -0.3375552 0.1629477 0.864989 -0.334297 0.2187753 0.864989 -0.2814964 -0.2187754 0.864989 -0.2814964 -0.1629477 0.864989 -0.334297 0.2187753 0.6239178 -0.2814963 0.1629477 0.6239178 -0.334297 -0.1629477 0.6239178 -0.334297 -0.2187754 0.6239178 -0.2814963 -0.1188892 0.7941056 -0.2801178 -0.1188892 0.7941057 -0.02031266 0.1188893 0.7941056 -0.2801178 0.1188893 0.7941057 -0.02031266 -0.1188892 0.7414356 -0.0203126 0.1188893 0.7414356 -0.0203126 -0.1188892 0.7414355 -0.2801178 0.1188893 0.7414355 -0.2801178 -0.2156375 1.004921 0.129257 -0.2156375 1.004921 0.2689279 0.2156374 1.004921 0.129257 0.2156374 1.004921 0.2689279 0 1.004921 0.129257 0 1.004921 0.2689279 -0.2156375 0.8775686 -0.02068501 -0.2156375 0.8775686 0.268928 0.2156374 0.8775686 -0.02068501 0.2156374 0.8775686 0.268928 0 0.8775686 -0.02068501 -0.2156375 0.680012 -0.02068495 -0.2156375 0.6800121 0.2689281 0.2156374 0.680012 -0.02068495 0.2156374 0.6800121 0.2689281 0 0.680012 -0.02068495 0 0.6239178 -0.3375552 0 0.6239178 -0.2814963 0.2187753 0.6239178 -0.2814963 -0.2187754 0.6239178 -0.2814963 0.09823697 0.6349478 -0.2814963 0.1690765 0.6349478 -0.2814963 0.09823697 0.634948 -0.02004456 0.1690765 0.634948 -0.02004456 -0.1690767 0.6239178 -0.2814963 -0.09823721 0.6239178 -0.2814963 -0.1690767 0.6239179 -0.02004456 -0.09823721 0.6239179 -0.02004456 0.1567496 0.6239178 -0.3375552 -0.1567496 0.6239178 -0.3375552 0.2187753 0.6239178 -0.2814963 0.1629477 0.6239178 -0.334297 -0.1629477 0.6239178 -0.334297 -0.2187754 0.6239178 -0.2814963 0 0 -0.337555 0 0 -0.2814961 0.2187753 0 -0.2814961 -0.2187754 0 -0.2814961 0.09823697 0.01102989 -0.2814961 0.1690765 0 -0.2814961 0.09823697 0.01102995 -0.02004432 0.1690765 0 -0.02004432 -0.1690767 0 -0.2814961 -0.09823721 0 -0.2814961 -0.1690767 0 -0.02004432 -0.09823721 0 -0.02004432 0.1567496 0 -0.337555 -0.1567496 0 -0.337555 0.2187753 0 -0.2814961 0.1629477 0 -0.3342967 -0.1629477 0 -0.3342967 -0.2187754 0 -0.2814961 -0.2156375 0 -0.02068471 -0.2156375 0 0.2689283 0.2156374 0 -0.02068471 0.2156374 0 0.2689283 0 0 -0.02068471 0 -0.6821395 -0.3375548 0 -0.6821395 -0.2814959 0.2187753 -0.6821395 -0.2814959 -0.2187754 -0.6821395 -0.2814959 0 -0.4410682 -0.3375549 0 -0.4410682 -0.2814959 0.2187753 -0.4410682 -0.2814959 -0.2187754 -0.4410682 -0.2814959 0.1178843 -0.6821395 -0.2814959 0.2028918 -0.6821395 -0.2814959 0.1178843 -0.4410682 -0.2814959 0.2028918 -0.4410682 -0.2814959 0.2028918 -0.6821393 -0.02004408 0.1178843 -0.6821393 -0.02004408 0.1178843 -0.4410681 -0.0200442 0.2028918 -0.4410681 -0.0200442 -0.202892 -0.6821395 -0.2814959 -0.1178846 -0.6821395 -0.2814959 -0.202892 -0.4410682 -0.2814959 -0.1178846 -0.4410682 -0.2814959 -0.1178846 -0.6821393 -0.02004408 -0.202892 -0.6821393 -0.02004408 -0.202892 -0.4410681 -0.0200442 -0.1178846 -0.4410681 -0.0200442 0.1567496 -0.6821395 -0.3375548 -0.1567496 -0.6821395 -0.3375548 0.1567496 -0.4410682 -0.3375549 -0.1567496 -0.4410682 -0.3375549 0.1629477 -0.6821395 -0.3342965 0.2187753 -0.6821395 -0.2814959 -0.2187754 -0.6821395 -0.2814959 -0.1629477 -0.6821395 -0.3342965 0.2187753 -0.4410682 -0.2814959 0.1629477 -0.4410682 -0.3342966 -0.1629477 -0.4410682 -0.3342966 -0.2187754 -0.4410682 -0.2814959 -0.1188892 -0.6112561 -0.2801173 -0.1188892 -0.611256 -0.02031219 0.1188893 -0.6112561 -0.2801173 0.1188893 -0.611256 -0.02031219 -0.1188892 -0.5585858 -0.02031219 0.1188893 -0.5585858 -0.02031219 -0.1188892 -0.558586 -0.2801174 0.1188893 -0.558586 -0.2801174 -0.2156375 -0.8220714 0.1292576 -0.2156375 -0.8220714 0.2689285 0.2156374 -0.8220714 0.1292576 0.2156374 -0.8220714 0.2689285 0 -0.8220714 0.1292576 0 -0.8220714 0.2689285 -0.2156375 -0.6947187 -0.02068454 -0.2156375 -0.6947187 0.2689285 0.2156374 -0.6947187 -0.02068454 0.2156374 -0.6947187 0.2689285 0 -0.6947187 -0.02068454 -0.2156375 -0.4971622 -0.02068459 -0.2156375 -0.4971621 0.2689284 0.2156374 -0.4971622 -0.02068459 0.2156374 -0.4971621 0.2689284 0 -0.4971622 -0.02068459 0 -0.4410682 -0.3375549 0 -0.4410682 -0.2814959 0.2187753 -0.4410682 -0.2814959 -0.2187754 -0.4410682 -0.2814959 0.09823697 -0.4410682 -0.2814959 0.1690765 -0.4410682 -0.2814959 0.09823697 -0.4410681 -0.0200442 0.1690765 -0.4410681 -0.0200442 -0.1690767 -0.4410682 -0.2814959 -0.09823721 -0.4410682 -0.2814959 -0.1690767 -0.4410681 -0.0200442 -0.09823721 -0.4410681 -0.0200442 0.1567496 -0.4410682 -0.3375549 -0.1567496 -0.4410682 -0.3375549 0.2187753 -0.4410682 -0.2814959 0.1629477 -0.4410682 -0.3342966 -0.1629477 -0.4410682 -0.3342966 -0.2187754 -0.4410682 -0.2814959 0 -1.19209e-7 -0.337555 0 0 -0.2814961 0.2187753 0 -0.2814961 -0.2187754 0 -0.2814961 0.09823697 0.1828497 -0.2814962 0.1690765 0 -0.2814961 0.09823697 0.1828498 -0.02004438 0.1690765 0 -0.02004432 -0.1690767 0 -0.2814961 -0.09823721 0.1828497 -0.2814962 -0.1690767 0 -0.02004432 -0.09823721 0.1828498 -0.02004438 0.1567496 -1.19209e-7 -0.337555 -0.1567496 -1.19209e-7 -0.337555 0.2187753 0 -0.2814961 0.1629477 -1.19209e-7 -0.3342967 -0.1629477 -1.19209e-7 -0.3342967 -0.2187754 0 -0.2814961 -0.2156375 0.1828498 -0.02068477 -0.2156375 0.1828499 0.2689282 0.2156374 0.1828498 -0.02068477 0.2156374 0.1828499 0.2689282 0 0.1828498 -0.02068477 0.2172595 0.7048611 -0.01993817 0.2172595 0.8167531 -0.01993817 0.2172595 0.704861 -0.2175227 0.2172595 0.816753 -0.2175227 0.1921781 0.816753 -0.2175227 0.1921781 0.8167531 -0.01993817 0.1921781 0.7048611 -0.01993817 0.1921781 0.704861 -0.2175227 -1.043329 0.05594599 0.01486927 -1.043329 -0.05594599 0.01486933 -1.043329 0.05594593 -0.1175118 -1.043329 -0.05594599 -0.1175118 -0.8927085 -0.05594599 -0.08051657 -0.8927085 -0.05594599 0.0518645 -0.8927085 0.05594599 0.05186444 -0.8927085 0.05594593 -0.08051663 -0.1417389 -0.1576758 -0.3567562 -0.1417389 -0.2695679 -0.3567562 -0.00935781 -0.1576758 -0.3567562 -0.00935781 -0.2695679 -0.3567562 -0.00935781 -0.2695679 -0.3316748 -0.1417389 -0.2695679 -0.3316748 -0.1417389 -0.1576758 -0.3316749 -0.00935781 -0.1576758 -0.3316749 0.2187477 0.6106124 -0.09664726 0.2187477 0.7068039 -0.09664732 0.2084605 0.6106124 -0.1916291 0.2084605 0.7068039 -0.1916291 0.1863608 0.7068039 -0.1916291 0.1863608 0.7068039 -0.09664732 0.1863608 0.6106124 -0.09664726 0.1863608 0.6106124 -0.1916291 0.2084605 0.7068039 -0.1227692 0.2084605 0.6106124 -0.1227692 0.1863608 0.7068039 -0.1227692 0.1863608 0.6106124 -0.1227692 1.044067 -0.001642107 -0.01957559 1.053502 0.002266108 -0.01957559 1.057411 0.011702 -0.01957559 1.053502 0.02113789 -0.01957559 1.044067 0.02504616 -0.01957559 1.034631 0.02113789 -0.01957559 1.030722 0.011702 -0.01957559 1.034631 0.002266108 -0.01957559 1.013387 -0.001642107 -0.04626399 1.013387 0.002266049 -0.03682821 1.013387 0.011702 -0.03291982 1.013387 0.02113789 -0.03682821 1.013387 0.02504611 -0.04626405 1.013387 0.02113789 -0.05569982 1.013387 0.011702 -0.05960828 1.013387 0.002266049 -0.05569982 1.036657 0.002266049 -0.05422079 1.050396 0.002266049 -0.04310655 1.053817 0.011702 -0.04499673 1.038011 0.011702 -0.05788737 1.050396 0.02113789 -0.04310661 1.036657 0.02113789 -0.05422079 1.042137 0.02504611 -0.03854322 1.03339 0.02504611 -0.04536902 1.033878 0.02113789 -0.03397995 1.030122 0.02113789 -0.0365172 1.030457 0.011702 -0.03208971 1.028768 0.011702 -0.03285068 1.033878 0.002266049 -0.03397989 1.030122 0.002266049 -0.0365172 1.042137 -0.001642107 -0.03854322 1.03339 -0.001642107 -0.04536902 1.044067 -0.001642048 0.1865901 1.053502 0.002266168 0.1865901 1.057411 0.01170206 0.1865901 1.053502 0.02113795 0.1865901 1.044067 0.02504622 0.1865901 1.034631 0.02113795 0.1865901 1.030722 0.01170206 0.1865901 1.034631 0.002266168 0.1865901 0.9365751 -0.001642107 -0.04626399 0.9365751 0.002266049 -0.03682821 0.9365751 0.011702 -0.03291982 0.9365751 0.02113789 -0.03682821 0.9365751 0.02504611 -0.04626405 0.9365751 0.02113789 -0.05569982 0.9365751 0.011702 -0.05960828 0.9365751 0.002266049 -0.05569982 -0.2980755 0.03565251 -0.2349303 -0.3081097 0.03149628 -0.2349303 -0.3122659 0.0214622 -0.2349303 -0.3081097 0.01142805 -0.2349303 -0.2980755 0.007271826 -0.2349303 -0.2880414 0.01142805 -0.2349303 -0.2838852 0.0214622 -0.2349303 -0.2880414 0.03149628 -0.2349303 -0.2654504 0.03565251 -0.2560856 -0.2654504 0.03149628 -0.248606 -0.2654504 0.0214622 -0.245508 -0.2654507 0.01142805 -0.248606 -0.2654507 0.007271826 -0.2560856 -0.2654507 0.01142805 -0.2635651 -0.2654504 0.02146214 -0.2666633 -0.2654504 0.03149628 -0.2635651 -0.2901965 0.03149628 -0.2623928 -0.3048061 0.03149628 -0.2535828 -0.308444 0.02146214 -0.2550811 -0.291636 0.02146214 -0.2652992 -0.3048061 0.01142805 -0.2535828 -0.2901965 0.01142805 -0.2623928 -0.2960235 0.007271826 -0.2499655 -0.2867212 0.007271826 -0.2553762 -0.2872409 0.01142805 -0.2463483 -0.283246 0.01142805 -0.2483595 -0.2836028 0.0214622 -0.2448499 -0.2818065 0.0214622 -0.2454531 -0.2872409 0.03149628 -0.2463483 -0.283246 0.03149628 -0.2483595 -0.2960235 0.03565251 -0.2499656 -0.2867212 0.03565251 -0.2553762 -0.2980755 0.03565257 -0.1028784 -0.3081097 0.03149634 -0.1028784 -0.3122659 0.0214622 -0.1028784 -0.3081097 0.01142811 -0.1028784 -0.2980755 0.007271826 -0.1028784 -0.2880414 0.01142811 -0.1028784 -0.2838852 0.0214622 -0.1028784 -0.2880414 0.03149634 -0.1028784 -0.183768 0.03565251 -0.2560856 -0.183768 0.03149628 -0.248606 -0.183768 0.0214622 -0.245508 -0.183768 0.01142805 -0.248606 -0.183768 0.007271826 -0.2560856 -0.183768 0.01142805 -0.2635651 -0.183768 0.02146214 -0.2666633 -0.183768 0.03149628 -0.2635651 -0.2980755 -0.00414133 -0.2349303 -0.3081097 -0.008297562 -0.2349303 -0.3122659 -0.0183317 -0.2349303 -0.3081097 -0.02836602 -0.2349302 -0.2980755 -0.03252208 -0.2349302 -0.2880414 -0.02836602 -0.2349302 -0.2838852 -0.0183317 -0.2349303 -0.2880414 -0.008297562 -0.2349303 -0.2654504 -0.00414133 -0.2560856 -0.2654504 -0.008297562 -0.248606 -0.2654504 -0.0183317 -0.245508 -0.2654507 -0.02836602 -0.248606 -0.2654507 -0.03252208 -0.2560856 -0.2654507 -0.02836602 -0.2635651 -0.2654504 -0.0183317 -0.2666633 -0.2654504 -0.008297562 -0.2635651 -0.2901965 -0.008297562 -0.2623928 -0.3048061 -0.008297562 -0.2535828 -0.308444 -0.0183317 -0.2550811 -0.291636 -0.0183317 -0.2652992 -0.3048061 -0.02836602 -0.2535828 -0.2901965 -0.02836602 -0.2623928 -0.2960235 -0.03252208 -0.2499655 -0.2867212 -0.03252208 -0.2553762 -0.2872409 -0.02836602 -0.2463483 -0.2832462 -0.02836602 -0.2483595 -0.2836031 -0.0183317 -0.2448499 -0.2818065 -0.0183317 -0.2454531 -0.2872409 -0.008297562 -0.2463483 -0.283246 -0.008297562 -0.2483595 -0.2960235 -0.00414133 -0.2499655 -0.2867212 -0.00414133 -0.2553762 -0.2980755 -0.004141271 -0.1028784 -0.3081097 -0.008297562 -0.1028784 -0.3122659 -0.01833164 -0.1028784 -0.3081097 -0.02836596 -0.1028784 -0.2980755 -0.03252202 -0.1028784 -0.2880414 -0.02836596 -0.1028784 -0.2838852 -0.01833164 -0.1028784 -0.2880414 -0.008297562 -0.1028784 -0.183768 -0.00414133 -0.2560856 -0.183768 -0.008297562 -0.248606 -0.183768 -0.0183317 -0.245508 -0.183768 -0.02836602 -0.248606 -0.183768 -0.03252208 -0.2560856 -0.183768 -0.02836602 -0.2635651 -0.183768 -0.0183317 -0.2666633 -0.183768 -0.008297562 -0.2635651 0.006569683 0.1270303 0.2088016 -0.7409024 0.1270303 0.2088016 0.006569623 -0.1272946 0.2088016 -0.7409024 -0.1272946 0.2088016 -0.1802982 0.1270303 0.2088016 -0.3671663 0.1270303 0.2088016 -0.5540345 0.1270303 0.2088016 -0.5540345 -0.1272946 0.2088016 -0.3671663 -0.1272946 0.2088016 -0.1802983 -0.1272946 0.2088016 -1.018465 0.0831902 0.2088016 -0.9885728 0.107792 0.2088016 -0.9885728 -0.1080563 0.2088016 -1.018465 -0.08345448 0.2088016 -0.006569683 0.1270303 0.2088016 0.7409024 0.1270303 0.2088016 -0.006569623 -0.1272946 0.2088016 0.7409024 -0.1272946 0.2088016 0.1802982 0.1270303 0.2088016 0.3671663 0.1270303 0.2088016 0.5540345 0.1270303 0.2088016 0.5540345 -0.1272946 0.2088016 0.3671663 -0.1272946 0.2088016 0.1802983 -0.1272946 0.2088016 1.018465 0.0831902 0.2088016 0.9885728 0.107792 0.2088016 0.9885728 -0.1080563 0.2088016 1.018465 -0.08345448 0.2088016 0 0.3800942 -0.3545863 0.08311992 0.3800942 -0.3545863 -0.08311998 0.3800942 -0.3545863 0 0.1408616 -0.4345003 0.08311992 0.1408616 -0.4345003 -0.08311998 0.1408616 -0.4345003 0.08311992 0.3737575 -0.3356167 0 0.3737575 -0.3356167 0 0.134525 -0.4155307 0.08311992 0.134525 -0.4155307 -0.08311998 0.3737575 -0.3356167 -0.08311998 0.134525 -0.4155307 -0.007675647 0.2490072 -0.2104701 -0.004842519 0.2461739 -0.3856847 -0.007675647 0.2336559 -0.2104701 -0.004842519 0.2364892 -0.3856847 0.007675647 0.2490072 -0.2104701 0.004842519 0.2461739 -0.3856847 0.007675647 0.2336559 -0.2104701 0.004842519 0.2364892 -0.3856847 -0.007675647 0.2490072 -0.268875 -0.007675647 0.2490072 -0.3272798 -0.007675647 0.2336559 -0.3272798 -0.007675647 0.2336559 -0.268875 0.007675647 0.2336559 -0.3272798 0.007675647 0.2336559 -0.268875 0.007675647 0.2490072 -0.3272798 0.007675647 0.2490072 -0.268875 0 0.6093258 -0.3375552 -0.1421576 0.6093258 -0.3375552 0.1421576 0.6093258 -0.3375552 0 0.01459187 -0.337555 -0.1421576 0.01459187 -0.337555 0.1421576 0.01459187 -0.337555 0 -0.4264762 -0.3375549 -0.1421576 -0.4264762 -0.3375549 0.1421576 -0.4264762 -0.3375549 0 -0.01459211 -0.337555 -0.1421576 -0.01459211 -0.337555 0.1421576 -0.01459211 -0.337555 -0.1421576 0.6093258 -0.3205904 0 0.6093258 -0.3205904 0.1421576 0.6093258 -0.3205904 -0.1421576 0.01459187 -0.3205903 0 0.01459187 -0.3205903 0.1421576 0.01459187 -0.3205903 -0.1421576 -0.4264762 -0.3205901 0 -0.4264762 -0.3205901 0.1421576 -0.4264762 -0.3205901 -0.1421576 -0.01459211 -0.3205903 0 -0.01459211 -0.3205903 0.1421576 -0.01459211 -0.3205903</float_array>
          <technique_common>
            <accessor source="#Cylinder_003-mesh-positions-array" count="726" stride="3">
              <param name="X" type="float"/>
              <param name="Y" type="float"/>
              <param name="Z" type="float"/>
            </accessor>
          </technique_common>
        </source>
        <source id="Cylinder_003-mesh-normals">
          <float_array id="Cylinder_003-mesh-normals-array" count="3261">0 -0.5740079 -0.8188499 0 -0.3091917 -0.9509998 0 -0.3091916 -0.9509998 0 -0.5740091 -0.818849 0 -0.3091928 -0.9509994 0 -0.7721256 -0.63547 0 -0.574008 -0.8188497 0 -0.574008 -0.8188497 0 -0.7721261 -0.6354694 0 -0.7721256 -0.63547 0 -0.9033194 -0.4289687 0 -0.7721252 -0.6354705 0 0.9822593 -0.1875277 -0.02455723 0.9996032 -0.01380169 0 0.9996774 -0.02540034 0 0.9033198 -0.4289679 0 0.9822598 -0.1875255 0 0.7721257 -0.6354699 0 0.9033204 -0.4289666 0 0.5740081 -0.8188496 0 0.7721264 -0.635469 0 0.3091918 -0.9509997 0 0.574009 -0.8188491 0 6.33876e-7 -1 0 0.3091927 -0.9509994 0 -0.309191 -0.951 0 5.21269e-7 -1 0 -0.309191 -0.951 0 -0.5740067 -0.8188507 0 -0.9033192 -0.428969 0 -0.7721249 -0.6354708 0 -0.9822595 -0.1875269 0 -0.9033198 -0.428968 0 -0.9996774 -0.02539974 0 -0.9822591 -0.1875289 0 -0.90332 -0.4289675 0 -0.9822593 -0.1875278 0 -0.9996774 -0.0253998 0 -0.9822592 -0.1875287 0 -0.9822598 -0.1875254 0 -0.9033198 -0.428968 0 -0.9996774 -0.02539986 0 -0.9996774 -0.0253995 0 0 -1 0 -1.25393e-6 -1 0 0.3091918 -0.9509998 0 0.3091906 -0.9510001 0 0.3091918 -0.9509997 0 0.574008 -0.8188497 0 0.5740068 -0.8188505 0 0.5740081 -0.8188497 0 0.7721256 -0.63547 0 0.7721246 -0.6354712 0 0.7721257 -0.6354699 0 0.9033197 -0.4289679 0 0.9033192 -0.4289692 0 0.9033198 -0.4289678 0 0.9822594 -0.1875277 0 0.9822589 -0.1875301 0 0.9822593 -0.1875277 0 0.9996774 -0.02540034 0 0.9996774 -0.02540057 0 0.9996774 -0.02540034 0 -0.5740089 -0.8188491 0 -0.3091927 -0.9509994 0 -1.12422e-6 -1 0 0.3091905 -0.9510002 0 0.5740069 -0.8188505 0 0.772125 -0.6354708 -0.09297335 -0.9925274 -0.07902693 0 0.9033192 -0.4289689 0 -0.9033204 -0.4289668 0 -0.7721264 -0.6354691 -0.1257148 -0.9916507 0.02871924 -0.02455699 -0.9996032 -0.01380163 -1 0 0 -1 1.33862e-7 0 -1 8.58796e-7 0 -0.5148386 0.6615048 -0.5453006 -0.3376949 0.8485601 -0.4073182 -0.3522858 0.7193575 -0.5986816 -0.5322504 0.485575 -0.6934887 -0.368642 0.5294264 -0.7640751 -0.5460256 0.2588588 -0.7967736 -0.3819211 0.2826684 -0.8799062 -0.55131 0 -0.8343005 -0.3870902 2.09611e-7 -0.9220418 -0.3819214 -0.2826684 -0.8799061 -0.368642 -0.5294266 -0.7640749 -0.5460258 -0.2588583 -0.7967737 -0.3522857 -0.7193576 -0.5986815 -0.5322507 -0.4855747 -0.6934887 -0.3376947 -0.84856 -0.4073182 -0.5148388 -0.6615045 -0.5453007 -0.3293614 -0.8943278 -0.3028182 -0.4988518 -0.7826098 -0.3723825 -0.4988518 0.7826098 -0.3723826 -0.3293614 0.8943277 -0.3028184 -0.6353543 0.7719768 -0.01941657 -0.6430205 0.7530211 -0.1395853 -0.6353496 0.7719703 -0.01981931 -0.542365 0.8147758 -0.2048922 -0.653844 0.6863798 -0.3183879 -0.671247 0.5778508 -0.464237 -0.6904712 0.4221611 -0.5873922 -0.705886 0.2241398 -0.6719273 -0.7118471 2.35953e-7 -0.7023346 -0.7058863 -0.224139 -0.6719273 -0.6904712 -0.4221609 -0.5873922 -0.6712473 -0.5778502 -0.4642374 -0.6538435 -0.6863805 -0.3183874 -0.5423648 -0.8147761 -0.2048918 -0.6430193 -0.7530221 -0.1395846 -0.6353546 -0.7719765 -0.01941573 -0.6353498 -0.7719701 -0.01981955 -0.09297281 0.9925273 -0.07902938 -0.3222968 0.9454172 -0.04807478 -0.125715 0.9916507 0.0287187 0 -0.3091916 -0.9509998 0 -0.5740079 -0.8188498 0 -0.3091915 -0.9509998 0 -0.574008 -0.8188498 0 -0.7721256 -0.63547 0 -0.7721252 -0.6354705 0 -0.9033194 -0.4289688 0.02455723 0.9996032 -0.01380175 0 0.9822593 -0.1875277 0 0.9996774 -0.02540028 0 0.9033204 -0.4289666 0 0.7721257 -0.63547 0 0.7721264 -0.635469 0 0.5740081 -0.8188497 0 0.574009 -0.818849 0 0.3091917 -0.9509998 0 0.3091928 -0.9509994 0 6.34176e-7 -1 0 -0.3091911 -0.951 0 -0.3091911 -0.951 0 -0.5740067 -0.8188507 0 -0.9033192 -0.4289691 0 -0.9033197 -0.428968 0 -0.9822595 -0.1875269 0 -0.9822591 -0.1875289 0 -0.9996774 -0.02539974 0 -0.90332 -0.4289674 0 -0.9033198 -0.428968 0 -0.9822592 -0.1875287 0 -0.9822594 -0.1875278 0 -0.9996774 -0.02539974 0 -0.9822598 -0.1875254 0 -0.9996774 -0.02539986 0 -0.9996774 -0.0253995 0 0 -1 0 0.3091917 -0.9509998 0 0.3091906 -0.9510001 0 0.3091918 -0.9509997 0 0.5740081 -0.8188497 0 0.5740068 -0.8188505 0 0.5740081 -0.8188497 0 0.7721256 -0.63547 0 0.7721246 -0.6354712 0 0.9033197 -0.4289679 0 0.9033192 -0.4289692 0 0.9033199 -0.4289678 0 0.9822594 -0.1875277 0 0.9822589 -0.1875301 0 0.9822593 -0.1875277 0 0.9996774 -0.02540034 0 0.9996774 -0.02540057 0 5.2277e-7 -1 0 -0.3091928 -0.9509994 0 0.5740069 -0.8188505 0 0.772125 -0.6354708 0.09297335 -0.9925274 -0.07902693 0 -0.772125 -0.6354708 0.02455753 -0.9996032 -0.01380157 0.1257157 -0.9916505 0.0287199 1 8.29571e-7 0 1 7.88741e-7 0 1 0 0 0.3376947 0.8485602 -0.4073181 0.5148386 0.6615049 -0.5453006 0.3522859 0.7193572 -0.5986819 0.5322505 0.4855745 -0.6934889 0.3686423 0.5294257 -0.7640755 0.5460257 0.2588583 -0.7967739 0.3819212 0.2826682 -0.8799062 0.55131 0 -0.8343005 0.3870903 0 -0.9220419 0.3819214 -0.2826684 -0.8799061 0.5460258 -0.2588583 -0.7967737 0.368642 -0.5294267 -0.764075 0.5322507 -0.4855746 -0.6934887 0.3522857 -0.7193576 -0.5986815 0.5148388 -0.6615045 -0.5453008 0.3376947 -0.84856 -0.4073182 0.4988518 -0.7826099 -0.3723825 0.3293614 -0.8943278 -0.3028182 0.5423648 -0.814776 -0.2048918 0.3293613 0.8943278 -0.3028182 0.4988517 0.78261 -0.3723824 0.64302 0.7530214 -0.1395851 0.6353543 0.7719766 -0.01941657 0.6353496 0.7719703 -0.01981931 0.6538439 0.6863797 -0.318388 0.5423648 0.814776 -0.204892 0.6712472 0.5778505 -0.4642372 0.6904713 0.4221611 -0.5873922 0.7058862 0.224139 -0.6719274 0.7118471 0 -0.7023345 0.7058863 -0.224139 -0.6719273 0.6904712 -0.4221609 -0.5873922 0.6712473 -0.5778502 -0.4642374 0.6538435 -0.6863806 -0.3183875 0.6430193 -0.7530221 -0.1395846 0.6353546 -0.7719764 -0.01941573 0.125715 0.9916507 0.0287187 0.3222965 0.9454174 -0.04807472 0.09297275 0.9925273 -0.07902938 0.9970945 0 -0.07617539 0.9970945 0 -0.07617533 0.9970945 0 -0.07617533 4.13051e-7 -3.56097e-7 -1 1.41384e-7 -3.95245e-7 -1 0 -2.35302e-7 -1 0.9970945 0 -0.07617539 0.9970945 0 -0.07617539 -0.9970945 0 -0.07617539 -0.9970945 0 -0.07617533 -0.9970945 0 -0.07617539 0.7033284 0.703341 -0.1031538 0.7033311 0.7033384 -0.1031532 0.7033314 0.7033382 -0.1031531 0 0.9970946 -0.07617473 0 0.9970945 -0.07617473 0 0.9970945 -0.07617467 -0.7033345 0.7033348 -0.1031537 -0.7033376 0.7033319 -0.1031534 -0.7033343 0.7033351 -0.1031538 0 0.9970946 -0.07617467 0.9970945 0 -0.07617539 0.9970945 0 -0.07617539 -2.06527e-7 -3.56097e-7 -1 9.5411e-7 0 -1 0 -2.35302e-7 -1 0.9970945 0 -0.07617533 -0.9970945 0 -0.07617539 -0.9970945 0 -0.07617533 0.7033289 -0.7033405 -0.1031532 0.7033314 -0.703338 -0.1031529 0.7033287 -0.7033408 -0.1031532 0 -0.9970945 -0.07617413 0 -0.9970945 -0.07617413 0 -0.9970946 -0.07617419 -0.7033379 -0.7033316 -0.1031529 -0.703335 -0.7033345 -0.1031534 -0.7033347 -0.7033347 -0.1031534 0 -0.9970945 -0.07617413 0 -0.9970946 -0.07617419 -0.9995961 0 -0.02841812 -0.9999009 0 -0.01408088 -0.9999009 -1.24673e-7 -0.01408094 0 -0.9995961 -0.02841764 0 -0.9999009 -0.01408034 0 -0.9999009 -0.01408052 0.9995961 0 -0.02841812 0.9999009 0 -0.01408088 0.9999009 0 -0.01408094 0 0.9995961 -0.02841818 0 0.9999009 -0.014081 0 0.9999009 -0.01408112 0 -3.95874e-6 -1 0 -3.95874e-6 -1 0 1 -3.90041e-7 0 1 -4.7922e-7 0 1 -5.0372e-7 0 1 -3.5329e-7 1 0 0 0 -1 1.3818e-7 0 -1 4.7922e-7 0 -1 5.0372e-7 0 -1 1.50431e-7 -1 0 0 -1 0 0 -0.9995962 0 -0.02841728 -0.9999009 0 -0.0140804 -0.9999009 0 -0.01408052 0 -0.9995961 -0.02841764 0 -0.9999009 -0.01408088 0 -0.9999009 -0.014081 0.9995962 0 -0.02841722 0.9999009 0 -0.0140804 0.9999009 0 -0.01408052 0 0.9995961 -0.02841955 0 0.9999009 -0.01408123 0 0.9999009 -0.01408135 0 0 -1 0 1 -5.79139e-7 0 1 0 0 1 0 0 1 -5.79138e-7 0 -1 5.79138e-7 0 -1 0 0 -1 0 0 -1 5.79138e-7 0 -2.59876e-7 -1 -2.97174e-7 -1.89687e-7 -1 -1.90822e-6 0 -1 -7.04784e-6 0 -1 0.9970945 0 -0.07617533 -0.9970945 0 -0.07617533 0.7033283 0.7033411 -0.1031538 0 0.9970945 -0.07617479 -0.7033378 0.7033316 -0.1031534 0 -1.89687e-7 -1 3.52392e-6 0 -1 0.7033317 -0.7033379 -0.1031529 0 -0.9970945 -0.07617408 -0.7033382 -0.7033314 -0.1031529 -0.9995962 0 -0.02841812 0 -0.9995961 -0.02841764 0.9995961 0 -0.02841812 0 0.9995962 -0.02841812 0 -3.95874e-6 -1 -0.9995962 0 -0.02841728 0 -0.9995961 -0.02841758 0.9995962 0 -0.02841722 0 0.9995961 -0.02841967 0 1 0 0 1 7.67379e-7 0 1 6.4499e-7 0 2.47249e-7 1 0 0 1 0 1.23628e-7 1 0 0 1 0 -2.47249e-7 -1 -0.239636 -2.68409e-7 -0.9708629 -0.5816556 -2.39834e-7 -0.8134351 -0.2396391 -2.15714e-7 -0.970862 0 -2.47249e-7 -1 1.57162e-7 -2.47248e-7 -1 1 0 0 1 0 0 1 0 0 0 1 -5.36294e-7 0 1 -1.34164e-7 -1 0 0 -1 0 0 -1 0 0 0 -2.47249e-7 -1 0 -2.47249e-7 -1 1 0 0 1 0 0 1 0 0 0 1 -1.34164e-7 0 1 -5.36295e-7 0 1 -6.70459e-7 -1 0 0 -1 0 0 -1 0 0 0 0 1 0 1.23625e-7 1 0.2396387 -2.34206e-7 -0.9708622 0.239642 -2.51232e-7 -0.9708614 -0.5816508 -2.09982e-7 -0.8134387 -0.6871358 -2.62185e-7 -0.7265291 -0.6871362 0 -0.7265287 0.5816532 -2.05987e-7 -0.813437 0.6871361 -2.01135e-7 -0.7265288 0.6871362 -2.01266e-7 -0.7265287 0.5816583 -2.22606e-7 -0.8134332 0 1 -4.82425e-7 0 3.18279e-7 1 0 3.1828e-7 1 0 3.1828e-7 1 1 -2.40967e-7 0 1 0 0 1 0 0 0 -5.6583e-7 -1 0 -5.65831e-7 -1 0 -5.65831e-7 -1 -1 -4.42924e-7 0 -1 1.51629e-7 0 -1 2.5318e-7 0 0 1 -6.27435e-7 0 1 -6.7579e-7 0 1 -3.13719e-7 0 1 -3.62074e-7 0 0.7621852 -0.6473591 0 0.7621852 -0.6473593 0 0.762185 -0.6473593 -1 0 0 -1 0 0 -1 0 0 1 0 0 1 -1.40733e-7 0 0 0.7621853 -0.6473589 1 0 0 1 0 0 0 -3.39423e-7 -1 0 -3.31321e-7 -1 0 -3.39423e-7 -1 -1 0 0 -1 0 0 0 -3.31321e-7 -1 0 -3.39423e-7 -1 0 1 9.44973e-7 2.00412e-7 -2.47248e-7 -1 1 0 0 0 1 -6.70458e-7 -1 0 0 0 3.18279e-7 1 1 -2.72238e-7 0 0 -5.65829e-7 -1 -1 -5.44475e-7 0 0 1 -9.89509e-7 0 0.7621856 -0.6473586 1 0 0 -1 0 0 -0.2396382 -2.37115e-7 -0.9708623 -0.5816503 -2.45982e-7 -0.813439 -0.2396253 -2.41148e-7 -0.9708654 0.5816531 -2.85701e-7 -0.8134369 0.2396411 -2.37073e-7 -0.9708616 0.5816628 -2.55779e-7 -0.81343 1 0 0 1 0 0 -1 0 0 -1 0 0 0 -3.34365e-7 -1 0 -3.34365e-7 -1 -1 0 0 -1 0 0 -1 0 0 1 0 0 1 0 0 0.6871356 -2.18218e-7 -0.7265292 0 3.34365e-7 1 0 3.34365e-7 1 1 0 0 1 0 0 -0.5816608 -2.82305e-7 -0.8134315 -0.6871356 -2.00334e-7 -0.7265292 0 -3.33947e-7 -1 -4.93399e-7 -3.28937e-7 -1 0 -3.34365e-7 -1 -1 0 0 1 0 0 0 -3.23218e-7 -1 0 -1 -1.28998e-6 0 -1 0 0 -1 -9.31339e-7 0 -1 9.05125e-7 0 2.47249e-7 1 0 1.23628e-7 1 0 0 1 -0.239636 -2.34205e-7 -0.9708629 -0.5816558 -2.22605e-7 -0.813435 -0.2396391 -2.51231e-7 -0.9708621 1 0 0 1 0 0 1 0 0 0 -1 6.03376e-7 0 -1 3.35229e-7 0 -1 4.02311e-7 -1 0 0 -1 0 0 -1 0 0 1 0 0 1 0 0 1 0 0 0 -1 6.03377e-7 0 -1 3.3523e-7 0 -1 4.02311e-7 -1 0 0 -1 0 0 -1 0 0 0.2396388 -2.34206e-7 -0.9708622 0.239642 -2.51232e-7 -0.9708614 -0.5816508 -2.05986e-7 -0.8134387 -0.6871362 -2.01266e-7 -0.7265287 -0.6871359 -2.01135e-7 -0.726529 0.5816533 -1.75175e-7 -0.8134369 0.6871363 0 -0.7265285 0.6871359 -2.62185e-7 -0.726529 0.5816582 -2.73355e-7 -0.8134333 0 -1 4.82425e-7 0 -1 4.82425e-7 1 0 0 1 0 0 -1 0 0 -1 -2.91295e-7 0 -1 -2.54209e-7 0 0 -0.7621855 -0.6473587 0 -0.7621858 -0.6473583 0 -0.7621854 -0.6473588 -1 0 0 -1 0 0 -1 0 0 1 0 0 1 -1.40733e-7 0 0 -0.7621853 -0.647359 1 0 0 1 0 0 0 -3.39423e-7 -1 0 -3.39423e-7 -1 0 -3.31321e-7 -1 -1 0 0 -1 0 0 0 -3.39423e-7 -1 0 -1 2.83492e-6 1 0 0 0 -1 6.70458e-7 -1 0 0 1 0 0 0 -1 6.70459e-7 -1 0 0 0 -0.7621855 -0.6473587 1 0 0 -1 0 0 -0.2396361 -2.451e-7 -0.9708628 -0.5816509 -2.66e-7 -0.8134385 -0.239627 -2.48186e-7 -0.9708651 0.2396389 -2.50994e-7 -0.9708622 0.5816534 -2.66002e-7 -0.8134368 0.5816612 -2.91674e-7 -0.8134312 1 0 0 1 0 0 1 0 0 -1 0 0 -1 0 0 -1 0 0 1.3669e-7 -3.3749e-7 -1 1.27112e-6 -3.34565e-7 -1 1.34858e-6 -3.34365e-7 -1 -1 0 0 -1 0 0 1 0 0 1 0 0 1 0 0 0.6871356 -2.65251e-7 -0.7265293 0.6871361 -2.19831e-7 -0.7265288 0 3.37843e-7 1 0 3.37843e-7 1 0 3.37843e-7 1 0 3.37843e-7 1 0 1 -4.97313e-7 0 1 -7.43153e-7 0 1 -7.72346e-7 0 1 -5.7926e-7 0 1 -4.82717e-7 -0.6871355 -2.6525e-7 -0.7265294 -0.5816588 -2.91676e-7 -0.8134329 -1.3669e-7 -3.3749e-7 -1 -1.27112e-6 -3.34565e-7 -1 0 -3.37843e-7 -1 -1 0 0 1 0 0 0 -3.23218e-7 -1 1 1.83023e-7 0 1 0 0 1 3.37006e-7 0 0 1 0 0 1 -6.91309e-7 0 -3.99524e-7 -1 0 -3.99524e-7 -1 0 -3.99524e-7 -1 0 3.32936e-7 1 0 3.32936e-7 1 0 3.32936e-7 1 -1 -8.20927e-7 0 -1 -1.0167e-6 0 0 -1 3.32132e-7 0 -1 3.21777e-7 0 -1 2.80247e-7 0.2385285 -3.17719e-7 -0.9711355 0.2385285 -2.60424e-7 -0.9711355 0.2385284 -1.48818e-7 -0.9711355 -0.2385286 3.32522e-7 0.9711355 -0.2385286 2.82826e-7 0.9711355 -0.2385286 1.86023e-7 0.9711355 0 1 -3.31302e-7 0 1 -3.22608e-7 0 1 -2.80247e-7 0 -2.66349e-7 -1 0 -2.66349e-7 -1 1 0 0 1 0 0 1 0 0 -1 0 0 -1 0 0 -1 0 0 0 1 -1.33717e-7 0 1 -9.88258e-7 0.9824586 0 -0.1864814 1 0 0 0.982459 -2.76067e-7 -0.1864795 0 -3.09823e-7 -1 0 -3.09823e-7 -1 0 -3.09823e-7 -1 0 3.09823e-7 1 0 3.09823e-7 1 0 3.09823e-7 1 0.9304477 0 -0.366425 0.9304475 -3.44866e-7 -0.3664256 0.9221264 0.3819539 -0.061598 0.9238843 0.382672 -1.24397e-7 0.9231421 0.3796185 -0.06081527 0.008671224 0.9238524 -0.382651 0.009561121 0.9230353 -0.3845965 0 0.9238862 -0.3826674 0.02987575 -0.3808973 -0.9241347 0.06328397 -0.3725502 -0.9258518 0.0295459 -0.3825131 -0.9234775 0.02987545 0.380895 -0.9241355 0.06328392 0.3725476 -0.9258529 0.06478214 0.369494 -0.9269723 0.135167 0.9246682 -0.3559756 0.1374366 0.9231793 -0.3589586 -0.005302369 0.9227755 0.3853018 -0.1153953 0.9248617 0.3623739 -0.1313342 0.92217 0.3638048 -0.004507124 0.3792926 0.9252659 -0.1938357 0.3829537 0.9032023 -0.2749179 0.3698596 0.8874819 -0.004506886 -0.3792915 0.9252663 -0.1938362 -0.3829441 0.9032062 -0.002076864 -0.3826764 0.9238802 -0.00530225 -0.9227755 0.3853017 -0.1153954 -0.9248614 0.3623747 -0.003575205 -0.9238803 0.3826649 0.009561002 -0.9230349 -0.3845972 0.135167 -0.9246687 -0.3559744 0.008671224 -0.9238515 -0.3826532 0.5870062 -0.3630456 -0.723617 0.5886713 -0.3606277 -0.7234735 0.5854942 -0.3652324 -0.7237417 0.9219751 -0.3653603 -0.1283499 0.9231466 -0.3796077 -0.06081444 0.9221305 -0.3819439 -0.06159818 0.5870067 0.3630442 -0.7236174 0.5886719 0.3606248 -0.7234743 0.5899437 0.35877 -0.7233606 0.9219754 0.3653596 -0.1283501 0.923405 0.360943 -0.1305509 0.3293638 0.925862 -0.1852004 0.3339833 0.9238875 -0.1867808 0.3856498 0.9224114 -0.02077305 -0.322811 0.9286175 0.1829285 -0.3349476 0.9238829 0.1850692 -0.3874198 0.9218029 0.01361924 -0.4162306 0.3740844 0.8287417 -0.5251229 0.3461318 0.7774566 -0.9313313 0.3622359 0.0375126 -0.9266582 0.375563 0.01603263 -0.93581 0.3490958 0.04890763 -0.2749171 -0.3698648 0.88748 -0.4162307 -0.3740709 0.8287478 -0.9313291 -0.3622416 0.03751266 -0.9266529 -0.3755764 0.01603269 -0.9238303 -0.382676 0.009828031 -0.1313343 -0.9221693 0.3638067 -0.3228111 -0.9286172 0.182929 -0.3874173 -0.921804 0.01361972 -0.3826446 -0.92384 0.01014947 0.1374365 -0.9231802 -0.3589561 0.3293638 -0.9258621 -0.1851997 0.3856498 -0.9224114 -0.02077227 0.382592 -0.9237005 -0.0200203 -0.3826469 0.923839 0.01014882 -0.3826596 0.9238894 -3.04081e-7 -0.9238843 -0.3826721 1.2607e-7 0.9238749 -0.3826947 1.26069e-7 0.382592 0.9237005 -0.02002072 0.3826699 0.9238852 -2.90702e-7 -0.9238345 0.3826659 0.009827733 -0.9238749 0.3826947 -1.24396e-7 0 -0.3826825 -0.9238799 0 -0.3826794 0.9238812 -0.003575265 0.9238798 0.3826664 0 0.9238865 0.3826668 0 0.382682 -0.9238802 0 0.3826819 -0.9238802 0 -0.9238867 -0.3826665 0.06478261 -0.3694958 -0.9269714 0.02954709 0.3825105 -0.9234786 -0.002077162 0.3826794 0.9238789 0.5899428 -0.358774 -0.7233593 0.923405 -0.360943 -0.1305507 0.5854944 0.3652323 -0.7237415 -0.5251209 -0.3461408 0.777454 -0.9358057 -0.3491072 0.04890763 -0.3349477 -0.9238827 0.1850698 0.3339833 -0.9238876 -0.1867801 0.3826698 -0.9238852 3.00438e-7 -0.3826647 -0.9238874 3.01041e-7 0 0.3826799 0.923881 0 -0.9238864 0.382667 1 -1.32405e-7 0 0 1 -7.51719e-7 0 -3.99524e-7 -1 0 3.32936e-7 1 -1 -1.83763e-6 0 0 -1 3.73663e-7 0.2385286 -4.29325e-7 -0.9711355 -0.2385286 4.29325e-7 0.9711355 0 1 -3.73662e-7 0 -2.66349e-7 -1 0 1 -1.12197e-6 1 1.88616e-7 0 0 -3.09823e-7 -1 0 3.09823e-7 1 0.9238846 0.3826712 -1.24397e-7 0 0.9238862 -0.3826675 -0.3826594 0.9238895 -3.04081e-7 -0.9238846 -0.3826713 1.26125e-7 0.9238746 -0.3826954 1.26123e-7 0.3826699 0.9238852 -2.90267e-7 -0.9238746 0.3826954 -1.24396e-7 0 -0.3826826 -0.9238799 0 -0.3826795 0.9238813 0 0.9238864 0.382667 0.3826698 -0.9238852 3.00417e-7 -0.3826647 -0.9238873 3.01061e-7 0 -0.9238864 0.382667 -0.9207161 -0.3813713 -0.08269077 -0.9238792 -0.3826842 0 -0.9220608 -0.3784363 -0.08117753 -0.0081743 -0.87408 -0.4857133 -0.008880317 -0.873072 -0.4875106 0 -0.8741093 -0.4857294 -0.02309668 0.293645 -0.9556355 -0.2709788 0.3048056 -0.913052 -0.02271592 0.2949407 -0.9552456 -0.02309662 -0.2936453 -0.9556355 -0.270979 -0.3048061 -0.9130518 -0.286325 -0.3032461 -0.9088783 -0.1205964 -0.880172 -0.4590793 -0.144886 -0.8800076 -0.4523215 0.004719853 -0.8727304 0.4881797 0.1025565 -0.8787692 0.4660975 0.1383246 -0.8777806 0.4586585 0.003425776 -0.2922977 0.9563213 0.1501583 -0.2977903 0.9427478 0.2289099 -0.2898491 0.9292943 0.003424882 0.2922986 0.9563211 0.1501787 0.2977872 0.9427455 0.001601338 0.2950142 0.9554916 0.004719078 0.8727312 0.4881783 0.1025593 0.8787686 0.4660981 0.003376722 0.8741058 0.4857239 -0.008879661 0.8730724 -0.4875098 -0.1205964 0.8801723 -0.4590789 -0.008173644 0.8740803 -0.4857128 -0.2863247 0.3032456 -0.9088786 -0.4941754 0.3028914 -0.8148912 -0.9155765 0.3643716 -0.1701557 -0.9220606 0.3784369 -0.08117717 -0.9207161 0.3813712 -0.08269184 -0.494176 -0.3028919 -0.8148906 -0.4953354 -0.3012557 -0.8147932 -0.9155759 -0.3643734 -0.1701553 -0.9171786 -0.358501 -0.1739552 -0.3186448 -0.9124114 -0.2568485 -0.3431022 -0.9138835 -0.2170203 -0.3863295 -0.9219311 -0.02815365 0.3118901 -0.9159049 0.2526714 0.3449921 -0.9141715 0.2127699 0.3884364 -0.9212742 0.01926279 0.3327148 -0.3007851 0.8937726 0.4311387 -0.2841898 0.8563619 0.9297402 -0.3652641 0.04653424 0.9271293 -0.3740201 0.0232433 0.9349166 -0.3487624 0.0655421 0.228908 0.2898507 0.9292942 0.3327453 0.3007778 0.8937636 0.9297406 0.3652631 0.04653406 0.9271296 0.3740194 0.02324295 0.9238012 0.3826452 0.01319015 0.1383253 0.8777809 0.4586576 0.311891 0.9159048 0.2526708 0.3884343 0.9212751 0.01926183 0.3826445 0.9237945 0.01368021 -0.144886 0.8800081 -0.4523206 -0.3186431 0.912412 -0.2568482 -0.3863269 0.9219322 -0.02815371 -0.3825405 0.9235417 -0.0270875 0.3826469 -0.9237934 0.01368069 0.3826823 -0.92388 3.04392e-7 0.9238824 0.3826766 -1.30844e-7 -0.9238805 0.3826813 -1.21757e-7 -0.3825421 -0.9235409 -0.02708703 -0.3826825 -0.9238801 3.04392e-7 0.9238014 -0.382645 0.01319044 0.9238814 -0.3826791 0 0 0.295017 -0.955492 0 0.2950146 0.9554929 0.003377497 -0.874105 0.4857254 0 -0.8741102 0.4857276 0 -0.2950176 -0.9554919 0 0.8741102 -0.4857278 -0.02271652 -0.2949408 -0.9552456 0.001602709 -0.2950137 0.9554917 -0.4953346 0.3012552 -0.8147938 -0.917179 0.3585001 -0.1739554 0.4311299 0.284193 0.8563652 0.9349178 0.3487595 0.06554228 0.3449909 0.9141724 0.2127679 -0.3430992 0.9138849 -0.2170196 -0.3826835 0.9238795 -3.22567e-7 0.3826797 0.9238811 -3.22564e-7 0 -0.2950136 0.9554931 0 0.8741108 0.4857267 -0.9207203 -0.3813613 -0.08269077 -0.9238835 -0.3826741 1.21755e-7 -0.922065 -0.3784263 -0.08117777 -0.008173763 -0.8740906 -0.4856943 -0.008879661 -0.8730826 -0.4874914 0 -0.8741199 -0.4857103 -0.02309674 0.2936456 -0.9556353 -0.2709792 0.3048062 -0.9130519 -0.02271592 0.2949412 -0.9552454 -0.02309697 -0.2936392 -0.9556373 -0.2709795 -0.3047997 -0.9130538 -0.2863251 -0.3032397 -0.9088804 -0.1205909 -0.8801822 -0.4590611 -0.1448799 -0.8800179 -0.4523034 0.004719674 -0.8727416 0.4881596 0.1025607 -0.8787791 0.4660781 0.1383205 -0.8777906 0.4586406 0.003425717 -0.2922905 0.9563235 0.1501462 -0.2977793 0.9427532 0.2289196 -0.2898408 0.9292945 0.003425717 0.2922977 0.9563212 0.1501404 0.2977864 0.9427519 0.001602709 0.2950134 0.9554919 0.004719257 0.8727317 0.4881774 0.1025564 0.8787701 0.466096 0.003376722 0.8741064 0.485723 -0.008879661 0.8730727 -0.4875094 -0.1205962 0.8801725 -0.4590783 -0.008173644 0.8740806 -0.4857122 -0.2863252 0.303246 -0.9088784 -0.4941761 0.3028919 -0.8148906 -0.915576 0.3643732 -0.1701555 -0.9220609 0.3784363 -0.08117711 -0.9207162 0.3813713 -0.0826916 -0.4941755 -0.3028858 -0.8148931 -0.4953346 -0.3012498 -0.8147959 -0.9155789 -0.3643659 -0.1701557 -0.9171814 -0.3584938 -0.1739557 -0.3186308 -0.9124193 -0.2568377 -0.3430865 -0.9138917 -0.2170109 -0.3863129 -0.9219381 -0.02815234 0.3118811 -0.9159114 0.2526589 0.3449775 -0.9141793 0.2127598 0.3884195 -0.9212814 0.01926195 0.3327027 -0.300772 0.8937814 0.4311583 -0.2841787 0.8563557 0.9297475 -0.3652467 0.04652374 0.9271336 -0.3740098 0.02323836 0.9349263 -0.3487362 0.06554299 0.2289073 0.2898459 0.9292959 0.3326882 0.3007788 0.8937845 0.9297447 0.3652542 0.04652357 0.9271305 0.3740175 0.0232377 0.9238005 0.3826473 0.013179 0.1383247 0.8777814 0.4586569 0.3118894 0.9159055 0.2526699 0.3884345 0.921275 0.01926195 0.3826445 0.9237945 0.01368027 -0.1448857 0.8800082 -0.4523204 -0.3186439 0.9124118 -0.256848 -0.3863274 0.9219321 -0.02815389 -0.3825405 0.9235416 -0.02708768 0.3826302 -0.9238003 0.01368021 0.3826656 -0.9238869 2.86221e-7 0.9238811 0.3826799 -1.22022e-7 -0.9238814 0.3826791 -1.22022e-7 -0.3825262 -0.9235476 -0.02708595 -0.3826657 -0.9238869 3.22567e-7 0.923804 -0.3826392 0.01317924 0.9238834 -0.3826742 1.21755e-7 0 0.2950175 -0.9554919 0 0.2950137 0.955493 0.003377497 -0.8741164 0.485705 0 -0.8741212 0.4857079 0 -0.2950114 -0.9554938 0 -0.2950114 -0.9554938 0 0.87411 -0.4857282 -0.02271693 -0.2949346 -0.9552474 0.001602649 -0.2950062 0.955494 -0.4953354 0.3012557 -0.8147932 -0.9171787 0.3585008 -0.1739554 0.4311398 0.284183 0.8563637 0.934924 0.3487428 0.06554263 0.3449918 0.9141719 0.2127684 -0.3431007 0.9138841 -0.2170201 -0.3826826 0.92388 -2.94777e-7 0.3826807 0.9238806 -2.94775e-7 0 -0.2950062 0.9554954 0 0.8741114 0.4857256 -0.9238792 -0.3826844 0 0 -0.8741093 -0.4857293 0.3826823 -0.92388 3.04392e-7 0.9238824 0.3826766 -1.31903e-7 -0.9238806 0.3826811 -1.21757e-7 -0.3826823 -0.92388 3.04392e-7 0.9238813 -0.3826792 0 0 0.295017 -0.9554921 0 -0.8741102 0.4857276 0 0.8741102 -0.4857277 -0.3826836 0.9238795 -3.24687e-7 0.3826797 0.9238811 -3.24684e-7 0 0.8741107 0.4857267 -0.9238834 -0.3826743 1.21755e-7 0 -0.87412 -0.4857103 0.3826656 -0.923887 2.84101e-7 0.9238811 0.3826798 -1.21757e-7 -0.9238815 0.382679 -1.21757e-7 -0.3826656 -0.923887 3.24687e-7 0.9238834 -0.3826742 1.21755e-7 0 0.2950175 -0.9554919 0 -0.8741213 0.4857079 0 0.87411 -0.4857282 -0.3826827 0.9238799 -2.94247e-7 0.3826808 0.9238806 -2.94245e-7 0 -0.2950062 0.9554954 0 0.8741114 0.4857257 0 -1 3.73466e-7 0 -1 3.99431e-7 0 -1 1.7375e-7 0 1 -4.29886e-7 0 1 -3.73466e-7 0 -1 2.86591e-7 0 1 -3.17045e-7 0 1 -1.7375e-7 0.038751 0.999249 -3.96065e-7 0 1 -4.0392e-7 0.6353498 -0.7719701 -0.01981955 0.6354734 -0.7721228 2.31384e-7 0.03875029 -0.9992491 2.35753e-7 0 1 -3.73466e-7 -0.6354734 -0.7721228 2.31384e-7 -0.6354731 -0.772123 2.09667e-7 0 -1 3.73466e-7 -0.07744401 -0.9969967 2.97404e-7 0.6354748 0.7721217 -2.09668e-7 0 -1 3.17045e-7 -0.03875106 -0.999249 3.96065e-7 0.07744389 0.9969968 -3.92104e-7 -0.6354748 0.7721217 -2.09668e-7 -0.635475 0.7721214 -2.09668e-7 0 1 -4.0392e-7 -0.07744389 0.9969968 -3.92104e-7 -0.038751 0.999249 -2.83139e-7 1.76265e-6 -1 0 1.76265e-6 -1 7.73735e-7 1.76265e-6 -1 0 -0.310125 -0.9506959 7.32225e-7 -0.3101252 -0.9506958 0 -0.3101252 -0.9506958 0 8.81325e-7 1 -4.38608e-7 8.81326e-7 1 -6.14795e-7 8.81326e-7 1 -6.32043e-7 -8.81326e-7 1 -6.14795e-7 -8.81326e-7 1 -4.38609e-7 -8.81326e-7 1 -4.21362e-7 0 0.3168339 -0.948481 0 0.3168339 -0.9484812 0 0.3168339 -0.9484811 0 0.3168339 -0.9484811 0 -0.3168339 0.948481 0 -0.3168339 0.9484812 0 -0.3168339 0.9484811 0 0.9484809 0.3168343 0 0.9484812 0.3168336 0 0.9484813 0.3168333 -1 1.66025e-7 0 -1 -1.66025e-7 0 -1 -1.8462e-7 0 0 -0.948481 -0.3168344 0 -0.9484812 -0.3168338 0 -0.9484812 -0.3168336 0 0.9484812 0.3168336 0 0.9484809 0.3168345 0 -0.948481 -0.3168343 0 -0.9484809 -0.3168345 -0.9988255 0 -0.04845225 -0.9997155 0 -0.0238536 -0.9997155 0 -0.02385473 0 -0.9988255 -0.04845297 0 -0.9997155 -0.02385389 0 -0.9997155 -0.02385503 0.9988255 0 -0.04845231 0.9997155 0 -0.0238536 0.9997155 0 -0.02385473 0 0.9988254 -0.04845494 0 0.9997155 -0.02385562 0 0.9997155 -0.02385681 0 1 -2.59689e-7 0 1 -2.59678e-7 0 -1 2.59689e-7 0 -1 2.59678e-7 -0.9988256 0 -0.04845225 0 -0.9988256 -0.04845291 0.9988256 0 -0.04845231 0 0.9988254 -0.04845476 6.43895e-7 -1.75387e-7 -1 1.61302e-6 -1.67266e-7 -1 -1.61357e-6 -1.67266e-7 -1 -6.97552e-7 -1.75386e-7 -1 0.2396282 -2.44022e-7 -0.9708648 0 -1.69095e-7 -1 -1.782e-6 -1.80891e-7 -1 1.00722e-6 -1.80891e-7 -1 2.2558e-6 -1.69095e-7 -1 0.2396308 -2.42292e-7 -0.9708641 0 -3.50773e-7 -1 0 -3.50772e-7 -1 0 -3.50772e-7 -1 0 -3.50772e-7 -1 0 -3.6178e-7 -1 0 -3.6178e-7 -1 0 -3.6178e-7 -1 0 -3.6178e-7 -1 0 -3.6178e-7 -1 0 -1 5.64664e-7 0 -1 4.15367e-7 0 -1 3.86174e-7 0 -1 7.43153e-7 0 -1 5.93856e-7 1 0 0 1 0 0 -1 0 0 -1 0 0 -1 0 0 -1 0 0 -0.3222953 -0.9454178 -0.04807406 -1 4.67231e-7 0 -1 0 0 -1 5.35753e-7 0 -1 -2.84881e-7 0 -1 2.28025e-7 0 -1 -1.19106e-6 0 -1 3.73264e-6 0 -1 -1.59376e-6 0 0.3222953 -0.9454178 -0.04807406 1 2.48548e-7 0 1 0 0 1 0 0 1 0 0 1 -8.28111e-7 0 1 -2.97675e-7 0 1 1.27102e-7 0 1 0 0 -1 0 0 -1 0 0 1 0 0 0.6871359 -2.7196e-7 -0.726529 0 3.34365e-7 1 1 0 0 -0.6871359 -2.72181e-7 -0.726529 -5.27991e-7 -3.28556e-7 -1 0 -3.37843e-7 -1 -1 0 0 0 1 -5.7926e-7 -0.687136 -2.19831e-7 -0.7265288 -1.34858e-6 -3.34365e-7 -1 -1 0 0 1 0 0 0.6354731 -0.772123 2.09667e-7 0.07744401 -0.9969968 3.92104e-7 0.635475 0.7721214 -2.09668e-7 1.76265e-6 -1 8.42723e-7 -0.310125 -0.9506958 8.01173e-7 8.81325e-7 1 -4.21361e-7 -8.81326e-7 1 -6.32043e-7 0 -0.3168339 0.9484811 -1 1.8462e-7 0 0 0.9484812 0.3168336 0 -0.948481 -0.3168343 0 -3.6178e-7 -1 0 -1 7.72346e-7 1 0 0 -1 0 0 -1 0 0</float_array>
          <technique_common>
            <accessor source="#Cylinder_003-mesh-normals-array" count="1087" stride="3">
              <param name="X" type="float"/>
              <param name="Y" type="float"/>
              <param name="Z" type="float"/>
            </accessor>
          </technique_common>
        </source>
        <source id="Cylinder_003-mesh-map-0">
          <float_array id="Cylinder_003-mesh-map-0-array" count="6684">0.2974188 0.01492434 0.2468394 0.01880383 0.297419 0.01880383 0.3479984 0.01492434 0.297419 0.01880383 0.3479984 0.01880383 0.2468394 0.01159304 0.1962597 0.01492434 0.2468394 0.01492434 0.2974188 0.01159304 0.2468394 0.01492434 0.2974188 0.01492434 0.3479984 0.01159304 0.2974188 0.01492434 0.3479984 0.01492434 0.2468394 0.02478659 0.1962597 0.02071136 0.2468394 0.02071136 0.1962597 0.02953231 0.1456803 0.04031085 0.1962597 0.04031085 0.1962597 0.02478659 0.1456803 0.02953231 0.1962597 0.02953231 0.1962597 0.02071136 0.1456803 0.02478659 0.1962597 0.02478659 0.1962597 0.03100943 0.1456803 0.03434079 0.1962597 0.03434079 0.1962597 0.02713006 0.1456803 0.03100943 0.1962597 0.03100943 0.1962597 0.02296692 0.1456803 0.02713006 0.1962597 0.02713006 0.1962597 0.02296692 0.1456803 0.01880383 0.1456803 0.02296692 0.1962597 0.01492434 0.1456803 0.01880383 0.1962597 0.01880383 0.1962597 0.01159304 0.1456803 0.01492434 0.1962597 0.01492434 0.1962597 0.02071136 0.1456803 0.02478659 0.1456803 0.02071136 0.1962597 0.02953231 0.1456803 0.02478659 0.1962597 0.02478659 0.1962597 0.04031085 0.1456803 0.02953231 0.1962597 0.02953231 0.2974188 0.02478659 0.2468394 0.02071136 0.2974188 0.02071136 0.3479984 0.02071136 0.2974188 0.02478659 0.2974188 0.02071136 0.2468394 0.02478659 0.1962597 0.02953231 0.1962597 0.02478659 0.2974188 0.02953231 0.2468394 0.02478659 0.2974188 0.02478659 0.2974188 0.04031085 0.2468394 0.02953231 0.2974188 0.02953231 0.3479984 0.02953231 0.2974188 0.02478659 0.3479984 0.02478659 0.2468394 0.04031085 0.1962597 0.02953231 0.2468394 0.02953231 0.3479984 0.04031085 0.2974188 0.02953231 0.3479984 0.02953231 0.2468394 0.01492434 0.1962597 0.01880383 0.2468394 0.01880383 0.3479984 0.01880383 0.297419 0.02296692 0.3479984 0.02296692 0.297419 0.01880383 0.2468394 0.02296692 0.297419 0.02296692 0.2468394 0.01880383 0.1962597 0.02296692 0.2468394 0.02296692 0.3479984 0.02296692 0.297419 0.02713006 0.3479984 0.02713006 0.297419 0.02296692 0.2468394 0.02713006 0.297419 0.02713006 0.2468394 0.02296692 0.1962597 0.02713006 0.2468394 0.02713006 0.3479984 0.02713006 0.297419 0.03100943 0.3479984 0.03100943 0.297419 0.02713006 0.2468394 0.03100943 0.297419 0.03100943 0.2468394 0.02713006 0.1962597 0.03100943 0.2468394 0.03100943 0.3479984 0.03100943 0.297419 0.03434079 0.3479984 0.03434079 0.297419 0.03100943 0.2468394 0.03434079 0.297419 0.03434079 0.2468394 0.03100943 0.1962597 0.03434079 0.2468394 0.03434079 0.3479984 0.02071136 0.297419 0.02478659 0.3479984 0.02478659 0.297419 0.02071136 0.2468394 0.02478659 0.297419 0.02478659 0.2468394 0.02071136 0.1962597 0.02478659 0.2468394 0.02478659 0.3479984 0.02478659 0.297419 0.02953231 0.3479984 0.02953231 0.297419 0.02478659 0.2468394 0.02953231 0.297419 0.02953231 0.2468394 0.02478659 0.1962597 0.02953231 0.2468394 0.02953231 0.3479984 0.02953231 0.297419 0.04031085 0.3479984 0.04031085 0.297419 0.02953231 0.2468394 0.04031085 0.297419 0.04031085 0.2468394 0.02953231 0.1962597 0.04031085 0.2468394 0.04031085 0.0939182 0.01492434 0.1456803 0.01880383 0.1456803 0.01492434 0.0939182 0.01880383 0.1456803 0.02296692 0.1456803 0.01880383 0.0939182 0.02296692 0.1456803 0.02713006 0.1456803 0.02296692 0.0939182 0.02713006 0.1456803 0.03100943 0.1456803 0.02713006 0.0939182 0.03100943 0.1456803 0.03434079 0.1456803 0.03100943 0.0939182 0.02071136 0.1456803 0.02478659 0.1456803 0.02071136 0.0939182 0.02953231 0.1456803 0.02478659 0.1456803 0.02953231 0.0939182 0.02478659 0.1456803 0.02953231 0.1456803 0.02478659 0.0939182 0.02478659 0.1456803 0.02071136 0.1456803 0.02478659 0.0939182 0.01159304 0.1456803 0.01492434 0.1456803 0.01159304 0.07864338 0.04031085 0.0939182 0.02953231 0.1456803 0.04031085 0.1623668 0.02820116 0.160281 0.03107994 0.2012921 0.02820116 0.07864338 0.02283042 0.0939182 0.02478659 0.0939182 0.02071136 0.07864338 0.02978461 0.0939182 0.03434079 0.0939182 0.03100943 0.07864338 0.02649599 0.0939182 0.03100943 0.0939182 0.02713006 0.07864338 0.02296692 0.0939182 0.02713006 0.0939182 0.02296692 0.0939182 0.01880383 0.07864338 0.02296692 0.0939182 0.02296692 0.0939182 0.01492434 0.07864338 0.01943784 0.0939182 0.01880383 0.0939182 0.01159304 0.07864338 0.01614928 0.0939182 0.01492434 0.0939182 0.02478659 0.07864338 0.02283042 0.0939182 0.02071136 0.0939182 0.02953231 0.07864338 0.02628499 0.0939182 0.02478659 0.07864338 0.02628499 0.0939182 0.02953231 0.0939182 0.02478659 0.07864338 0.04031085 0.07055246 0.03107994 0.07055246 0.04031085 0.07864338 0.03021144 0.07055246 0.02820116 0.07055246 0.03107994 0.2070974 0.02628499 0.1977206 0.02554029 0.2012921 0.02820116 0.2024607 0.02283042 0.1930662 0.02349847 0.1977206 0.02554029 0.1964179 0.02017956 0.187646 0.022215 0.1930662 0.02349847 0.189381 0.01851326 0.1818293 0.02177715 0.187646 0.022215 0.1818293 0.02177715 0.1742778 0.01851326 0.1760128 0.022215 0.1760128 0.022215 0.1672409 0.02017956 0.1705926 0.02349847 0.1705926 0.02349847 0.1611981 0.02283042 0.1659383 0.02554029 0.1659383 0.02554029 0.1565613 0.02628499 0.1623668 0.02820116 0.07055246 0.02820116 0.07864338 0.0302115 0.07055246 0.03107994 0.07055246 0.03107994 0.07864338 0.04031085 0.07055246 0.04031085 0.0939182 0.02953231 0.07864338 0.03021144 0.07864338 0.04031085 0.2468394 0.01880383 0.2974188 0.01492434 0.297419 0.01880383 0.297419 0.01880383 0.3479984 0.01492434 0.3479984 0.01880383 0.1962597 0.01492434 0.2468394 0.01159304 0.2468394 0.01492434 0.2468394 0.01492434 0.2974188 0.01159304 0.2974188 0.01492434 0.2974188 0.01492434 0.3479984 0.01159304 0.3479984 0.01492434 0.1962597 0.02071136 0.2468394 0.02478659 0.2468394 0.02071136 0.1456803 0.04031085 0.1962597 0.02953231 0.1962597 0.04031085 0.1456803 0.02953231 0.1962597 0.02478659 0.1962597 0.02953231 0.1456803 0.02478659 0.1962597 0.02071136 0.1962597 0.02478659 0.1456803 0.03434079 0.1962597 0.03100943 0.1962597 0.03434079 0.1456803 0.03100943 0.1962597 0.02713006 0.1962597 0.03100943 0.1456803 0.02713006 0.1962597 0.02296692 0.1962597 0.02713006 0.1962597 0.02296692 0.1456803 0.01880383 0.1962597 0.01880383 0.1456803 0.01880383 0.1962597 0.01492434 0.1962597 0.01880383 0.1456803 0.01492434 0.1962597 0.01159304 0.1962597 0.01492434 0.1962597 0.02071136 0.1456803 0.02478659 0.1962597 0.02478659 0.1456803 0.02478659 0.1962597 0.02953231 0.1962597 0.02478659 0.1456803 0.02953231 0.1962597 0.04031085 0.1962597 0.02953231 0.2468394 0.02071136 0.2974188 0.02478659 0.2974188 0.02071136 0.3479984 0.02071136 0.2974188 0.02478659 0.3479984 0.02478659 0.2468394 0.02478659 0.1962597 0.02953231 0.2468394 0.02953231 0.2468394 0.02478659 0.2974188 0.02953231 0.2974188 0.02478659 0.2468394 0.02953231 0.2974188 0.04031085 0.2974188 0.02953231 0.2974188 0.02478659 0.3479984 0.02953231 0.3479984 0.02478659 0.1962597 0.02953231 0.2468394 0.04031085 0.2468394 0.02953231 0.2974188 0.02953231 0.3479984 0.04031085 0.3479984 0.02953231 0.1962597 0.01880383 0.2468394 0.01492434 0.2468394 0.01880383 0.297419 0.02296692 0.3479984 0.01880383 0.3479984 0.02296692 0.2468394 0.02296692 0.297419 0.01880383 0.297419 0.02296692 0.1962597 0.02296692 0.2468394 0.01880383 0.2468394 0.02296692 0.297419 0.02713006 0.3479984 0.02296692 0.3479984 0.02713006 0.2468394 0.02713006 0.297419 0.02296692 0.297419 0.02713006 0.1962597 0.02713006 0.2468394 0.02296692 0.2468394 0.02713006 0.297419 0.03100943 0.3479984 0.02713006 0.3479984 0.03100943 0.2468394 0.03100943 0.297419 0.02713006 0.297419 0.03100943 0.1962597 0.03100943 0.2468394 0.02713006 0.2468394 0.03100943 0.297419 0.03434079 0.3479984 0.03100943 0.3479984 0.03434079 0.2468394 0.03434079 0.297419 0.03100943 0.297419 0.03434079 0.1962597 0.03434079 0.2468394 0.03100943 0.2468394 0.03434079 0.297419 0.02478659 0.3479984 0.02071136 0.3479984 0.02478659 0.2468394 0.02478659 0.297419 0.02071136 0.297419 0.02478659 0.1962597 0.02478659 0.2468394 0.02071136 0.2468394 0.02478659 0.297419 0.02953231 0.3479984 0.02478659 0.3479984 0.02953231 0.2468394 0.02953231 0.297419 0.02478659 0.297419 0.02953231 0.1962597 0.02953231 0.2468394 0.02478659 0.2468394 0.02953231 0.297419 0.04031085 0.3479984 0.02953231 0.3479984 0.04031085 0.2468394 0.04031085 0.297419 0.02953231 0.297419 0.04031085 0.1962597 0.04031085 0.2468394 0.02953231 0.2468394 0.04031085 0.1456803 0.01880383 0.0939182 0.01492434 0.1456803 0.01492434 0.1456803 0.02296692 0.0939182 0.01880383 0.1456803 0.01880383 0.1456803 0.02713006 0.0939182 0.02296692 0.1456803 0.02296692 0.1456803 0.03100943 0.0939182 0.02713006 0.1456803 0.02713006 0.1456803 0.03434079 0.0939182 0.03100943 0.1456803 0.03100943 0.1456803 0.02478659 0.0939182 0.02071136 0.1456803 0.02071136 0.1456803 0.02478659 0.0939182 0.02953231 0.1456803 0.02953231 0.1456803 0.02953231 0.0939182 0.02478659 0.1456803 0.02478659 0.1456803 0.02071136 0.0939182 0.02478659 0.1456803 0.02478659 0.1456803 0.01492434 0.0939182 0.01159304 0.1456803 0.01159304 0.1456803 0.04031085 0.0939182 0.02953231 0.07864338 0.04031085 0.1977206 0.02554029 0.2012921 0.02820116 0.1659383 0.02554029 0.0939182 0.02478659 0.07864338 0.02283042 0.0939182 0.02071136 0.0939182 0.03434079 0.07864338 0.02978461 0.0939182 0.03100943 0.0939182 0.03100943 0.07864338 0.02649599 0.0939182 0.02713006 0.0939182 0.02713006 0.07864338 0.02296692 0.0939182 0.02296692 0.0939182 0.01880383 0.07864338 0.02296692 0.07864338 0.01943784 0.0939182 0.01492434 0.07864338 0.01943784 0.07864338 0.01614928 0.0939182 0.01159304 0.07864338 0.01614928 0.07864338 0.01332527 0.0939182 0.02478659 0.07864338 0.02283042 0.07864338 0.02628499 0.0939182 0.02953231 0.07864338 0.02628499 0.07864338 0.0302115 0.0939182 0.02953231 0.07864338 0.02628499 0.0939182 0.02478659 0.07055246 0.03107994 0.07864338 0.04031085 0.07055246 0.04031085 0.07055246 0.02820116 0.07864338 0.03021144 0.07055246 0.03107994 0.1977206 0.02554029 0.2070974 0.02628499 0.2012921 0.02820116 0.1930662 0.02349847 0.2024607 0.02283042 0.1977206 0.02554029 0.187646 0.022215 0.1964179 0.02017956 0.1930662 0.02349847 0.1818293 0.02177715 0.189381 0.01851326 0.187646 0.022215 0.1818293 0.02177715 0.1742778 0.01851326 0.1818293 0.01794487 0.1760128 0.022215 0.1672409 0.02017956 0.1742778 0.01851326 0.1705926 0.02349847 0.1611981 0.02283042 0.1672409 0.02017956 0.1659383 0.02554029 0.1565613 0.02628499 0.1611981 0.02283042 0.07055246 0.02820116 0.07864338 0.0302115 0.07864338 0.02628499 0.07055246 0.03107994 0.07864338 0.04031085 0.07864338 0.0302115 0.07864338 0.04031085 0.07864338 0.03021144 0.0939182 0.02953231 0.5639454 0.07845765 0.5141394 0.108676 0.5061941 0.07845765 0.01239198 0.3647333 0.01239198 0.3437875 0.08230799 0.3893339 0.6216966 0.07845765 0.5679181 0.108676 0.5639454 0.07845765 0.6216966 0.07845765 0.5141394 0.108676 0.6216966 0.108676 0.4961174 0.07845765 0.5141394 0.108676 0.5047559 0.108676 0.6216966 0.07845765 0.5141392 0.108676 0.6216966 0.108676 0.4961174 0.07845765 0.5141394 0.108676 0.5061941 0.07845765 0.6216966 0.07845765 0.7292538 0.108676 0.7371991 0.07845765 0.5141394 0.108676 0.5639454 0.07845765 0.5061941 0.07845765 0.01239198 0.3647333 0.01800221 0.3893339 0.08230799 0.3893339 0.5679181 0.108676 0.6216966 0.07845765 0.5639454 0.07845765 0.6216966 0.07845765 0.5141394 0.108676 0.5061941 0.07845765 0.4961174 0.07845765 0.5141394 0.108676 0.5061941 0.07845765 0.6216966 0.07845765 0.5141392 0.108676 0.5061939 0.07845765 0.5141394 0.108676 0.4961174 0.07845765 0.5061941 0.07845765 0.7292538 0.108676 0.6216966 0.07845765 0.7371991 0.07845765 0.7779386 0.5323567 0.7952619 0.4715698 0.7779385 0.4715698 0.7779386 0.5323567 0.7952619 0.4715698 0.7779386 0.4715698 0.7952619 0.5323567 0.7779386 0.4715698 0.7952619 0.4715698 0.7952619 0.5323567 0.7779385 0.4715698 0.7952619 0.4715698 0.812494 0.5540117 0.8329297 0.5355523 0.8329297 0.5540117 0.7952619 0.4107829 0.7779386 0.349996 0.7952619 0.349996 0.7952619 0.4715698 0.7779386 0.4107829 0.7952619 0.4107829 0.7952619 0.4107829 0.7779386 0.349996 0.7952619 0.349996 0.7952619 0.4715698 0.7779386 0.4107829 0.7952619 0.4107829 0.7779386 0.4107829 0.7952619 0.349996 0.7779386 0.349996 0.7779386 0.4715698 0.7952619 0.4107829 0.7779386 0.4107829 0.7779386 0.349996 0.7952619 0.4107829 0.7952619 0.349996 0.7779386 0.4107829 0.7952619 0.4715698 0.7952619 0.4107829 0.7779386 0.5323567 0.7952619 0.4715698 0.7779385 0.4715698 0.7779386 0.5323567 0.7952619 0.4715698 0.7779386 0.4715698 0.7952619 0.5323567 0.7779386 0.4715698 0.7952619 0.4715698 0.7952619 0.5323567 0.7779385 0.4715698 0.7952619 0.4715698 0.812494 0.5540117 0.8329297 0.5355523 0.8329297 0.5540117 0.7952619 0.4107829 0.7779386 0.349996 0.7952619 0.349996 0.7952619 0.4715698 0.7779386 0.4107829 0.7952619 0.4107829 0.7952619 0.4107829 0.7779386 0.349996 0.7952619 0.349996 0.7952619 0.4715698 0.7779386 0.4107829 0.7952619 0.4107829 0.7779386 0.4107829 0.7952619 0.349996 0.7779386 0.349996 0.7779386 0.4715698 0.7952619 0.4107829 0.7779386 0.4107829 0.7779386 0.4107829 0.7952619 0.349996 0.7779386 0.349996 0.7779385 0.4715698 0.7952619 0.4107829 0.7779386 0.4107829 0.5639454 0.07845765 0.5679181 0.108676 0.5141394 0.108676 0.01239198 0.3437875 0.152224 0.3437875 0.08230799 0.3893339 0.152224 0.3437875 0.152224 0.3856791 0.08230799 0.3893339 0.152224 0.3856791 0.1466138 0.3893339 0.08230799 0.3893339 0.08230799 0.3893339 0.01800221 0.3893339 0.01239198 0.3647333 0.01800221 0.3893339 0.01239198 0.3856791 0.01239198 0.3647333 0.6216966 0.07845765 0.6216966 0.108676 0.5679181 0.108676 0.6216966 0.07845765 0.5061941 0.07845765 0.5141394 0.108676 0.4961174 0.07845765 0.5061941 0.07845765 0.5141394 0.108676 0.6216966 0.07845765 0.5061939 0.07845765 0.5141392 0.108676 0.4961174 0.07845765 0.5047559 0.108676 0.5141394 0.108676 0.6216966 0.07845765 0.6216966 0.108676 0.7292538 0.108676 0.5141394 0.108676 0.5679181 0.108676 0.5639454 0.07845765 0.152224 0.3856791 0.152224 0.3437875 0.08230799 0.3893339 0.152224 0.3437875 0.01239198 0.3437875 0.08230799 0.3893339 0.01239198 0.3647333 0.01239198 0.3856791 0.01800221 0.3893339 0.01239198 0.3437875 0.01239198 0.3647333 0.08230799 0.3893339 0.08230799 0.3893339 0.1466138 0.3893339 0.152224 0.3856791 0.5679181 0.108676 0.6216966 0.108676 0.6216966 0.07845765 0.6216966 0.07845765 0.6216966 0.108676 0.5141394 0.108676 0.4961174 0.07845765 0.5047559 0.108676 0.5141394 0.108676 0.6216966 0.07845765 0.6216966 0.108676 0.5141392 0.108676 0.5141394 0.108676 0.5047559 0.108676 0.4961174 0.07845765 0.7292538 0.108676 0.6216966 0.108676 0.6216966 0.07845765 0.7779386 0.5323567 0.7952619 0.5323567 0.7952619 0.4715698 0.7779386 0.5323567 0.7952619 0.5323567 0.7952619 0.4715698 0.7952619 0.5323567 0.7779386 0.5323567 0.7779386 0.4715698 0.7952619 0.5323567 0.7779386 0.5323567 0.7779385 0.4715698 0.812494 0.5540117 0.812494 0.5355523 0.8329297 0.5355523 0.7952619 0.4107829 0.7779386 0.4107829 0.7779386 0.349996 0.7952619 0.4715698 0.7779385 0.4715698 0.7779386 0.4107829 0.7952619 0.4107829 0.7779386 0.4107829 0.7779386 0.349996 0.7952619 0.4715698 0.7779386 0.4715698 0.7779386 0.4107829 0.7779386 0.4107829 0.7952619 0.4107829 0.7952619 0.349996 0.7779386 0.4715698 0.7952619 0.4715698 0.7952619 0.4107829 0.7779386 0.349996 0.7779386 0.4107829 0.7952619 0.4107829 0.7779386 0.4107829 0.7779385 0.4715698 0.7952619 0.4715698 0.7779386 0.5323567 0.7952619 0.5323567 0.7952619 0.4715698 0.7779386 0.5323567 0.7952619 0.5323567 0.7952619 0.4715698 0.7952619 0.5323567 0.7779386 0.5323567 0.7779386 0.4715698 0.7952619 0.5323567 0.7779386 0.5323567 0.7779385 0.4715698 0.812494 0.5540117 0.812494 0.5355523 0.8329297 0.5355523 0.7952619 0.4107829 0.7779386 0.4107829 0.7779386 0.349996 0.7952619 0.4715698 0.7779385 0.4715698 0.7779386 0.4107829 0.7952619 0.4107829 0.7779386 0.4107829 0.7779386 0.349996 0.7952619 0.4715698 0.7779386 0.4715698 0.7779386 0.4107829 0.7779386 0.4107829 0.7952619 0.4107829 0.7952619 0.349996 0.7779386 0.4715698 0.7952619 0.4715698 0.7952619 0.4107829 0.7779386 0.4107829 0.7952619 0.4107829 0.7952619 0.349996 0.7779385 0.4715698 0.7952619 0.4715698 0.7952619 0.4107829 0.6713392 0.6793937 0.6547213 0.6984756 0.6062175 0.6793937 0.6062175 0.6793937 0.5577139 0.6984756 0.541096 0.6793937 0.6743776 0.7406392 0.6794569 0.756605 0.6794569 0.7406392 0.6743776 0.7246734 0.6794569 0.7406392 0.6794569 0.7246734 0.1579511 0.801326 0.1231055 0.758742 0.1579511 0.758742 0.6743776 0.7287476 0.6794569 0.7292 0.6743776 0.7292 0.6536272 0.6309564 0.6641631 0.6518796 0.6536272 0.6518796 0.1448214 0.8275257 0.2703259 0.9636405 0.1448214 0.9636405 0.5410907 0.7284865 0.5221478 0.8369465 0.5410907 0.8369465 0.01326441 0.9754812 0.1125569 0.8306207 0.01326435 0.8306208 0.6536272 0.6309564 0.6641631 0.6518796 0.6536272 0.6518796 0.1125569 0.9754812 0.01326435 0.8306208 0.1125569 0.8306207 0.5407764 0.7284865 0.5218335 0.8369465 0.5407764 0.8369465 0.2703259 0.8275257 0.1448214 0.9636405 0.2703259 0.9636405 0.6743776 0.6976776 0.6794569 0.6976776 0.6794569 0.6976776 0.6743776 0.6976776 0.6794569 0.6976776 0.6794569 0.6976776 0.1927968 0.801326 0.1579511 0.758742 0.1927968 0.758742 0.1217277 0.758742 0.1093171 0.801326 0.1093171 0.758742 0.1941747 0.801326 0.2065852 0.758742 0.2065852 0.801326 0.679457 0.7525309 0.6743776 0.7520785 0.679457 0.7520785 0.7797722 0.6082183 0.7232972 0.6981608 0.7232972 0.6082183 0 0 0 0 0 0 0 0 0 0 0 0 0 0 0 0 0 0 0 0 0 0 0 0 0.02137869 0.4423708 0.08651119 0.3917201 0.08651119 0.4423708 0.08651119 0.4423708 0.1516435 0.3917201 0.1516435 0.4423708 0.3030853 0.4594982 0.2411271 0.391802 0.3030853 0.391802 0.05065029 0.4423708 0.1044155 0.3917201 0.05065029 0.3917201 0.1044155 0.3917201 0.05065029 0.4423708 0.05065029 0.3917201 0.3043304 0.4594982 0.242372 0.391802 0.3043304 0.391802 0.1044155 0.3917201 0.1224242 0.4817886 0.1044155 0.4817886 0.1516435 0.4560625 0.08651119 0.4672765 0.08651119 0.4560625 0.1044155 0.4817886 0.1224242 0.3917201 0.1044155 0.3917201 0.08651119 0.4560625 0.02137881 0.4672765 0.02137869 0.4560625 0.6547213 0.6984756 0.6528763 0.6996532 0.6062175 0.6793937 0.6528763 0.6996532 0.6062175 0.6996532 0.6062175 0.6793937 0.6713392 0.6793937 0.6713392 0.6793937 0.6547213 0.6984756 0.6062175 0.6793937 0.6062175 0.6996532 0.5595588 0.6996532 0.6062175 0.6793937 0.5595588 0.6996532 0.5577139 0.6984756 0.541096 0.6793937 0.541096 0.6793937 0.6062175 0.6793937 0.6743776 0.7406392 0.6743776 0.756605 0.6794569 0.756605 0.6743776 0.7246734 0.6743776 0.7406392 0.6794569 0.7406392 0.1579511 0.801326 0.1231055 0.801326 0.1231055 0.758742 0.6743776 0.7287476 0.6794569 0.7287476 0.6794569 0.7292 0.6536272 0.6309564 0.6641631 0.6309564 0.6641631 0.6518796 0.1448214 0.8275257 0.2703259 0.8275257 0.2703259 0.9636405 0.5410907 0.7284865 0.5221478 0.7284865 0.5221478 0.8369465 0.01326441 0.9754812 0.1125569 0.9754812 0.1125569 0.8306207 0.6536272 0.6309564 0.6641631 0.6309564 0.6641631 0.6518796 0.1125569 0.9754812 0.01326441 0.9754812 0.01326435 0.8306208 0.5407764 0.7284865 0.5218335 0.7284865 0.5218335 0.8369465 0.2703259 0.8275257 0.1448214 0.8275257 0.1448214 0.9636405 0.6743776 0.6976776 0.6743776 0.6976776 0.6794569 0.6976776 0.6743776 0.6976776 0.6743776 0.6976776 0.6794569 0.6976776 0.1927968 0.801326 0.1579511 0.801326 0.1579511 0.758742 0.1217277 0.758742 0.1217277 0.801326 0.1093171 0.801326 0.1941747 0.801326 0.1941747 0.758742 0.2065852 0.758742 0.679457 0.7525309 0.6743776 0.7525309 0.6743776 0.7520785 0.7797722 0.6082183 0.7797722 0.6981608 0.7232972 0.6981608 0 0 0 0 0 0 0 0 0 0 0 0 0 0 0 0 0 0 0 0 0 0 0 0 0.02137869 0.4423708 0.02137869 0.3917201 0.08651119 0.3917201 0.08651119 0.4423708 0.08651119 0.3917201 0.1516435 0.3917201 0.3030853 0.4594982 0.2411271 0.4594982 0.2411271 0.391802 0.05065029 0.4423708 0.1044155 0.4817886 0.1044155 0.3917201 0.1044155 0.3917201 0.1044155 0.4817886 0.05065029 0.4423708 0.3043304 0.4594982 0.242372 0.4594982 0.242372 0.391802 0.1044155 0.3917201 0.1224242 0.3917201 0.1224242 0.4817886 0.1516435 0.4560625 0.1516435 0.4672765 0.08651119 0.4672765 0.1044155 0.4817886 0.1224242 0.4817886 0.1224242 0.3917201 0.08651119 0.4560625 0.08651119 0.4672765 0.02137881 0.4672765 0.2025357 0.7949101 0.09577137 0.7954821 0.09577137 0.7949101 0.2025357 0.7654029 0.09577137 0.7659749 0.09577137 0.7654029 0.3204246 0.8328276 0.01194816 0.9620942 0.01194816 0.8328276 0 0 0 0 0 0 0 0 0 0 0 0 0.01194816 0.9620942 0.3204246 0.8328276 0.01194816 0.8328276 0 0 0 0 0 0 0.1835379 0.78496 0.1144347 0.7759249 0.1835379 0.7759249 0.2025357 0.8006349 0.09577137 0.8006349 0.09577137 0.8006349 0.2025357 0.7804425 0.09577137 0.7602501 0.09577137 0.7804425 0.2025357 0.7602501 0.09577137 0.7602501 0.09577137 0.7602501 0.2025357 0.8006349 0.09577137 0.7804425 0.09577137 0.8006349 0.166643 0.3463605 0.166643 0.3792608 0.166643 0.3792608 0.3050466 0.3792608 0.1680652 0.3792608 0.1680652 0.3792608 0.1144347 0.7759249 0.1835379 0.78496 0.1835379 0.7759249 0 0 0 0 0 0 0.1224242 0.3917201 0.1224242 0.4817886 0.1224242 0.3917201 0.1224242 0.3917201 0.1224242 0.4817886 0.1224242 0.4817886 0.08651119 0.4672765 0.02137881 0.4672765 0.02137881 0.4672765 0.1516435 0.4672765 0.08651119 0.4672765 0.08651119 0.4672765 0.6713392 0.6793937 0.6062175 0.6793937 0.6547213 0.6984756 0.6062175 0.6793937 0.541096 0.6793937 0.5577139 0.6984756 0.6743776 0.7406392 0.6794569 0.7406392 0.6794569 0.756605 0.6743776 0.7246734 0.6794569 0.7246734 0.6794569 0.7406392 0.1579511 0.801326 0.1579511 0.758742 0.1231055 0.758742 0.6743776 0.7287476 0.6743776 0.7292 0.6794569 0.7292 0.6536272 0.6309564 0.6536272 0.6518796 0.6641631 0.6518796 0.1448214 0.8275257 0.1448214 0.9636405 0.2703259 0.9636405 0.5410907 0.7284865 0.5410907 0.8369465 0.5221478 0.8369465 0.1139752 0.9754813 0.1139752 0.8306209 0.01468259 0.8306209 0.6536272 0.6309564 0.6536272 0.6518796 0.6641631 0.6518796 0.01468265 0.9754814 0.01468259 0.8306209 0.1139752 0.8306209 0.5407764 0.7284865 0.5407764 0.8369465 0.5218335 0.8369465 0.2703259 0.8275257 0.2703259 0.9636405 0.1448214 0.9636405 0.6743776 0.6976776 0.6794569 0.6976776 0.6794569 0.6976776 0.6743776 0.6976776 0.6794569 0.6976776 0.6794569 0.6976776 0.1927968 0.801326 0.1927968 0.758742 0.1579511 0.758742 0.1217277 0.758742 0.1093171 0.758742 0.1093171 0.801326 0.1941747 0.801326 0.2065852 0.801326 0.2065852 0.758742 0.679457 0.7525309 0.679457 0.7520785 0.6743776 0.7520785 0.7797722 0.6082183 0.7232972 0.6082183 0.7232972 0.6981608 0 0 0 0 0 0 0 0 0 0 0 0 0 0 0 0 0 0 0 0 0 0 0 0 0.02137869 0.4423708 0.08651119 0.4423708 0.08651119 0.3917201 0.08651119 0.4423708 0.1516435 0.4423708 0.1516435 0.3917201 0.3030853 0.4594982 0.3030853 0.391802 0.2411271 0.391802 0.05065029 0.4423708 0.05065029 0.3917201 0.1044155 0.3917201 0.1044155 0.3917201 0.05065029 0.3917201 0.05065029 0.4423708 0.3043304 0.4594982 0.3043304 0.391802 0.242372 0.391802 0.1044155 0.3917201 0.1044155 0.4817886 0.1224242 0.4817886 0.1516435 0.4560625 0.08651119 0.4560625 0.08651119 0.4672765 0.1044155 0.4817886 0.1044155 0.3917201 0.1224242 0.3917201 0.08651119 0.4560625 0.02137869 0.4560625 0.02137881 0.4672765 0.6547213 0.6984756 0.6062175 0.6793937 0.6528763 0.6996532 0.6528763 0.6996532 0.6062175 0.6793937 0.6062175 0.6996532 0.6713392 0.6793937 0.6547213 0.6984756 0.6713392 0.6793937 0.6062175 0.6793937 0.5595588 0.6996532 0.6062175 0.6996532 0.6062175 0.6793937 0.5577139 0.6984756 0.5595588 0.6996532 0.541096 0.6793937 0.6062175 0.6793937 0.541096 0.6793937 0.6743776 0.7406392 0.6794569 0.756605 0.6743776 0.756605 0.6743776 0.7246734 0.6794569 0.7406392 0.6743776 0.7406392 0.1579511 0.801326 0.1231055 0.758742 0.1231055 0.801326 0.6743776 0.7287476 0.6794569 0.7292 0.6794569 0.7287476 0.6536272 0.6309564 0.6641631 0.6518796 0.6641631 0.6309564 0.1448214 0.8275257 0.2703259 0.9636405 0.2703259 0.8275257 0.5410907 0.7284865 0.5221478 0.8369465 0.5221478 0.7284865 0.1139752 0.9754813 0.01468259 0.8306209 0.01468265 0.9754814 0.6536272 0.6309564 0.6641631 0.6518796 0.6641631 0.6309564 0.01468265 0.9754814 0.1139752 0.8306209 0.1139752 0.9754813 0.5407764 0.7284865 0.5218335 0.8369465 0.5218335 0.7284865 0.2703259 0.8275257 0.1448214 0.9636405 0.1448214 0.8275257 0.6743776 0.6976776 0.6794569 0.6976776 0.6743776 0.6976776 0.6743776 0.6976776 0.6794569 0.6976776 0.6743776 0.6976776 0.1927968 0.801326 0.1579511 0.758742 0.1579511 0.801326 0.1217277 0.758742 0.1093171 0.801326 0.1217277 0.801326 0.1941747 0.801326 0.2065852 0.758742 0.1941747 0.758742 0.679457 0.7525309 0.6743776 0.7520785 0.6743776 0.7525309 0.7797722 0.6082183 0.7232972 0.6981608 0.7797722 0.6981608 0 0 0 0 0 0 0 0 0 0 0 0 0 0 0 0 0 0 0 0 0 0 0 0 0.02137869 0.4423708 0.08651119 0.3917201 0.02137869 0.3917201 0.08651119 0.4423708 0.1516435 0.3917201 0.08651119 0.3917201 0.3030853 0.4594982 0.2411271 0.391802 0.2411271 0.4594982 0.05065029 0.4423708 0.1044155 0.3917201 0.1044155 0.4817886 0.1044155 0.3917201 0.05065029 0.4423708 0.1044155 0.4817886 0.3043304 0.4594982 0.242372 0.391802 0.242372 0.4594982 0.1044155 0.3917201 0.1224242 0.4817886 0.1224242 0.3917201 0.1516435 0.4560625 0.08651119 0.4672765 0.1516435 0.4672765 0.1044155 0.4817886 0.1224242 0.3917201 0.1224242 0.4817886 0.08651119 0.4560625 0.02137881 0.4672765 0.08651119 0.4672765 0.09577137 0.7949101 0.2025357 0.7954821 0.2025357 0.7949101 0.09577137 0.7659749 0.2025357 0.7654029 0.09577137 0.7654029 0.01194816 0.9620942 0.3204246 0.8328276 0.01194816 0.8328276 0 0 0 0 0 0 0 0 0 0 0 0 0.01194816 0.9620942 0.3204246 0.8328276 0.3204246 0.9620942 0 0 0 0 0 0 0.1835379 0.78496 0.1144347 0.7759249 0.1144347 0.7849601 0.09577137 0.8006349 0.2025357 0.8006349 0.09577137 0.8006349 0.09577137 0.7602501 0.2025357 0.7804425 0.09577137 0.7804425 0.09577137 0.7602501 0.2025357 0.7602501 0.09577137 0.7602501 0.09577137 0.7804425 0.2025357 0.8006349 0.09577137 0.8006349 0.3064688 0.3463605 0.3064687 0.3134601 0.3064687 0.3134601 0.3064687 0.3792608 0.3064688 0.3463605 0.3064688 0.3463605 0.1835379 0.78496 0.1144347 0.7759249 0.1835379 0.7759249 0 0 0 0 0 0 0.1224242 0.3917201 0.1224242 0.4817886 0.1224242 0.3917201 0.1224242 0.4817886 0.1224242 0.3917201 0.1224242 0.4817886 0.02137881 0.4672765 0.08651119 0.4672765 0.02137881 0.4672765 0.08651119 0.4672765 0.1516435 0.4672765 0.08651119 0.4672765 0.9027719 0.8165525 0.8684977 0.862082 0.8684977 0.8165525 0.9637713 0.8602091 0.9843581 0.7739409 0.9843581 0.8602091 0.9637713 0.8415018 0.9843581 0.7926481 0.9843581 0.8415018 0.9637713 0.7926481 0.9843581 0.8415018 0.9843581 0.7926481 0.9637713 0.7739409 0.9843581 0.8602091 0.9843581 0.7739409 0.9468984 0.8163083 0.9112601 0.8618378 0.9112601 0.8163083 0.9637713 0.8602091 0.9843581 0.7739409 0.9843581 0.8602091 0.9637713 0.8415018 0.9843581 0.7926481 0.9843581 0.8415018 0.9637713 0.7926481 0.9843581 0.8415018 0.9843581 0.7926481 0.9637713 0.7739409 0.9843581 0.8602091 0.9843581 0.7739409 0.9834537 0.2492127 0.9289617 0.306621 0.9289617 0.2492127 0.9637713 0.8602091 0.9843581 0.7739409 0.9843581 0.8602091 0.9637713 0.8415018 0.9843581 0.7926481 0.9843581 0.8415018 0.9637713 0.7926481 0.9843581 0.8415018 0.9843581 0.7926481 0.9637713 0.7739409 0.9843581 0.8602091 0.9843581 0.7739409 0.9526062 0.8790053 0.923717 0.9022895 0.923717 0.8790053 0.984358 0.7976663 0.9637713 0.7739409 0.9843581 0.7739409 0.9637713 0.8415018 0.9843581 0.7926481 0.9843581 0.8415018 0.9637713 0.7926481 0.9843581 0.8415018 0.9843581 0.7926481 0.9637713 0.7976664 0.9843581 0.8602091 0.9843581 0.7976663 0.9637713 0.7739409 0.9843581 0.7976663 0.9843581 0.7739409 0.9637713 0.8602091 0.984358 0.7976663 0.9843581 0.8602091 0.9526063 0.8701725 0.923717 0.8790053 0.923717 0.8701725 0.6305956 0.483064 0.6278254 0.4225372 0.6278254 0.483064 0.5745893 0.5278763 0.5745893 0.5306466 0.5769874 0.5306466 0.6278254 0.4874736 0.6250552 0.4943054 0.6250552 0.4874736 0.6278254 0.4874736 0.6305956 0.4943054 0.6278254 0.4947028 0.5745893 0.5306466 0.568717 0.5276136 0.5677576 0.5302123 0.5745893 0.5278763 0.5696763 0.5250148 0.568717 0.5276136 0.6305956 0.4874736 0.6278254 0.4919891 0.6305956 0.4923865 0.6250552 0.4874736 0.6278254 0.4919891 0.6278254 0.4874736 0.5745894 0.5278763 0.5696763 0.5250148 0.5745894 0.5251061 0.5745894 0.5306466 0.568717 0.5276136 0.5745894 0.5278763 0.6278254 0.4947028 0.6250552 0.4983388 0.6250552 0.4943054 0.6250552 0.4899723 0.6278254 0.483064 0.6250552 0.483064 0.6278254 0.4947028 0.6305956 0.4983388 0.6278254 0.4993431 0.6305956 0.4899723 0.6278254 0.483064 0.6278254 0.4905272 0.5677576 0.5302123 0.5661488 0.5256097 0.5637242 0.5269494 0.5661488 0.5256097 0.5628122 0.5200411 0.5637242 0.5269494 0.568717 0.5276136 0.5685735 0.5242699 0.5661488 0.5256097 0.5685735 0.5242699 0.5655823 0.5200411 0.5661488 0.5256097 0.6305956 0.4923865 0.6278254 0.4924851 0.6305956 0.4934894 0.6278254 0.4867379 0.6305956 0.483064 0.6305956 0.4872928 0.6250552 0.4923865 0.6278254 0.4924851 0.6278254 0.4919891 0.6278254 0.4867379 0.6250552 0.483064 0.6278254 0.483064 0.568717 0.5276136 0.5685735 0.5242699 0.5696763 0.5250148 0.5685735 0.5242699 0.5655823 0.5200411 0.5683525 0.5200411 0.5677576 0.5302123 0.5661488 0.5256097 0.568717 0.5276136 0.5661488 0.5256097 0.5628122 0.5200411 0.5655823 0.5200411 0.5683525 0.5200411 0.5655823 0.4595143 0.5655823 0.5200411 0.6250552 0.483064 0.6278254 0.4225372 0.6278254 0.483064 0.6278254 0.483064 0.6250552 0.4225372 0.6250552 0.483064 0.5655823 0.5200411 0.5628122 0.4595143 0.5628122 0.5200411 0.6278254 0.483064 0.6305956 0.4225372 0.6305956 0.483064 0.6278254 0.4874736 0.6250552 0.4874736 0.6250552 0.4649229 0.6250552 0.4874736 0.6278254 0.4874736 0.6278254 0.4649229 0.5745893 0.5251061 0.5745893 0.5278763 0.5769874 0.5278763 0.6278254 0.4874736 0.6278254 0.4649229 0.6305956 0.4649229 0.5745894 0.5306466 0.5745894 0.5278763 0.5769874 0.5278763 0.6278254 0.4874736 0.6278254 0.4947028 0.6250552 0.4943054 0.6278254 0.4874736 0.6305956 0.4874736 0.6305956 0.4943054 0.5745893 0.5306466 0.5745893 0.5278763 0.568717 0.5276136 0.5745893 0.5278763 0.5745893 0.5251061 0.5696763 0.5250148 0.6305956 0.4874736 0.6278254 0.4874736 0.6278254 0.4919891 0.6250552 0.4874736 0.6250552 0.4923865 0.6278254 0.4919891 0.5745894 0.5278763 0.568717 0.5276136 0.5696763 0.5250148 0.5745894 0.5306466 0.5677576 0.5302123 0.568717 0.5276136 0.6278254 0.4947028 0.6278254 0.4993431 0.6250552 0.4983388 0.6250552 0.4899723 0.6278254 0.4905272 0.6278254 0.483064 0.6278254 0.4947028 0.6305956 0.4943054 0.6305956 0.4983388 0.6305956 0.4899723 0.6305956 0.483064 0.6278254 0.483064 0.5677576 0.5302123 0.568717 0.5276136 0.5661488 0.5256097 0.5661488 0.5256097 0.5655823 0.5200411 0.5628122 0.5200411 0.568717 0.5276136 0.5696763 0.5250148 0.5685735 0.5242699 0.5685735 0.5242699 0.5683525 0.5200411 0.5655823 0.5200411 0.6305956 0.4923865 0.6278254 0.4919891 0.6278254 0.4924851 0.6278254 0.4867379 0.6278254 0.483064 0.6305956 0.483064 0.6250552 0.4923865 0.6250552 0.4934894 0.6278254 0.4924851 0.6278254 0.4867379 0.6250552 0.4872928 0.6250552 0.483064 0.568717 0.5276136 0.5661488 0.5256097 0.5685735 0.5242699 0.5685735 0.5242699 0.5661488 0.5256097 0.5655823 0.5200411 0.5677576 0.5302123 0.5637242 0.5269494 0.5661488 0.5256097 0.5661488 0.5256097 0.5637242 0.5269494 0.5628122 0.5200411 0.5628122 0.5200411 0.5655823 0.4595143 0.5655823 0.5200411 0.5655823 0.5200411 0.5683525 0.4595143 0.5683525 0.5200411 0.6278254 0.4874736 0.6305956 0.4874736 0.6305956 0.4649229 0.5745894 0.5278763 0.5745894 0.5251061 0.5769874 0.5251061 0.9027719 0.8165525 0.9027719 0.862082 0.8684977 0.862082 0.9637713 0.8602091 0.9637713 0.7739409 0.9843581 0.7739409 0.9637713 0.8415018 0.9637713 0.7926481 0.9843581 0.7926481 0.9637713 0.7926481 0.9637713 0.8415018 0.9843581 0.8415018 0.9637713 0.7739409 0.9637713 0.8602091 0.9843581 0.8602091 0.9468984 0.8163083 0.9468984 0.8618378 0.9112601 0.8618378 0.9637713 0.8602091 0.9637713 0.7739409 0.9843581 0.7739409 0.9637713 0.8415018 0.9637713 0.7926481 0.9843581 0.7926481 0.9637713 0.7926481 0.9637713 0.8415018 0.9843581 0.8415018 0.9637713 0.7739409 0.9637713 0.8602091 0.9843581 0.8602091 0.9834537 0.2492127 0.9834537 0.306621 0.9289617 0.306621 0.9637713 0.8602091 0.9637713 0.7739409 0.9843581 0.7739409 0.9637713 0.8415018 0.9637713 0.7926481 0.9843581 0.7926481 0.9637713 0.7926481 0.9637713 0.8415018 0.9843581 0.8415018 0.9637713 0.7739409 0.9637713 0.8602091 0.9843581 0.8602091 0.9526062 0.8790053 0.9526063 0.9022895 0.923717 0.9022895 0.984358 0.7976663 0.9637712 0.7976663 0.9637713 0.7739409 0.9637713 0.8415018 0.9637713 0.7926481 0.9843581 0.7926481 0.9637713 0.7926481 0.9637713 0.8415018 0.9843581 0.8415018 0.9637713 0.7976664 0.9637713 0.8602091 0.9843581 0.8602091 0.9637713 0.7739409 0.9637713 0.7976664 0.9843581 0.7976663 0.9637713 0.8602091 0.9637712 0.7976663 0.984358 0.7976663 0.9526063 0.8701725 0.9526062 0.8790053 0.923717 0.8790053 0.6305956 0.483064 0.6305956 0.4225372 0.6278254 0.4225372 0.5745893 0.5278763 0.5769874 0.5306466 0.5769874 0.5278763 0.5683525 0.5200411 0.5683525 0.4595143 0.5655823 0.4595143 0.6250552 0.483064 0.6250552 0.4225372 0.6278254 0.4225372 0.6278254 0.483064 0.6278254 0.4225372 0.6250552 0.4225372 0.5655823 0.5200411 0.5655823 0.4595143 0.5628122 0.4595143 0.6278254 0.483064 0.6278254 0.4225372 0.6305956 0.4225372 0.6278254 0.4874736 0.6250552 0.4649229 0.6278254 0.4649229 0.6250552 0.4874736 0.6278254 0.4649229 0.6250552 0.4649229 0.5745893 0.5251061 0.5769874 0.5278763 0.5769874 0.5251061 0.6278254 0.4874736 0.6305956 0.4649229 0.6305956 0.4874736 0.5745894 0.5306466 0.5769874 0.5278763 0.5769874 0.5306466 0.5628122 0.5200411 0.5628122 0.4595143 0.5655823 0.4595143 0.5655823 0.5200411 0.5655823 0.4595143 0.5683525 0.4595143 0.6278254 0.4874736 0.6305956 0.4649229 0.6278254 0.4649229 0.5745894 0.5278763 0.5769874 0.5251061 0.5769874 0.5278763 0.6316905 0.4952253 0.6275287 0.4217483 0.6275287 0.4952253 0.5792424 0.5269893 0.5792424 0.5311511 0.5929689 0.5311511 0.6275287 0.4860398 0.6233669 0.4963036 0.6233669 0.4860398 0.6275287 0.4860398 0.6316905 0.4963036 0.6275287 0.4969007 0.5792424 0.5311511 0.57042 0.5265945 0.5689786 0.5304988 0.5792424 0.5269893 0.5718615 0.5226903 0.57042 0.5265945 0.6316905 0.4860399 0.6275287 0.4928238 0.6316905 0.4934208 0.6233669 0.4860398 0.6275287 0.4928238 0.6275287 0.4860398 0.5792424 0.5269893 0.5718615 0.5226903 0.5792424 0.5228275 0.5792424 0.5311511 0.57042 0.5265945 0.5792424 0.5269893 0.6275287 0.4969007 0.6233669 0.5023632 0.6233669 0.4963036 0.6233669 0.505604 0.6275287 0.4952253 0.6233669 0.4952253 0.6275287 0.4969007 0.6316905 0.5023632 0.6275287 0.503872 0.6316905 0.505604 0.6275287 0.4952253 0.6275287 0.5064377 0.5689786 0.5304988 0.5665618 0.5235839 0.5629191 0.5255966 0.5665618 0.5235839 0.5615489 0.5152179 0.5629191 0.5255966 0.57042 0.5265945 0.5702046 0.5215712 0.5665618 0.5235839 0.5702046 0.5215712 0.5657107 0.5152179 0.5665618 0.5235839 0.6316905 0.4934208 0.6275287 0.4935688 0.6316905 0.4950777 0.6275287 0.5007448 0.6316905 0.4952253 0.6316905 0.5015785 0.6233669 0.4934208 0.6275287 0.4935688 0.6275287 0.4928238 0.6275287 0.5007448 0.6233669 0.4952253 0.6275287 0.4952253 0.57042 0.5265945 0.5702046 0.5215712 0.5718615 0.5226903 0.5702046 0.5215712 0.5657107 0.5152179 0.5698724 0.5152179 0.5689786 0.5304988 0.5665618 0.5235839 0.57042 0.5265945 0.5665618 0.5235839 0.5615489 0.5152179 0.5657107 0.5152179 0.5698724 0.5152179 0.5657107 0.441741 0.5657107 0.5152179 0.6233669 0.4952253 0.6275287 0.4217483 0.6275287 0.4952253 0.6275287 0.4952253 0.6233669 0.4217483 0.6233669 0.4952253 0.5657107 0.5152179 0.5615489 0.441741 0.5615489 0.5152179 0.6275287 0.4952253 0.6316905 0.4217483 0.6316905 0.4952253 0.6275287 0.4860398 0.6233669 0.4860398 0.6233669 0.4521608 0.6233669 0.4860398 0.6275287 0.4860398 0.6275287 0.4521608 0.5792424 0.5228275 0.5792424 0.5269893 0.5929689 0.5269893 0.6275287 0.4860398 0.6275287 0.4521608 0.6316905 0.4521608 0.5792424 0.5311511 0.5792424 0.5269893 0.5929689 0.5269893 0.6275287 0.4860398 0.6275287 0.4969007 0.6233669 0.4963036 0.6275287 0.4860398 0.6316905 0.4860399 0.6316905 0.4963036 0.5792424 0.5311511 0.5792424 0.5269893 0.57042 0.5265945 0.5792424 0.5269893 0.5792424 0.5228275 0.5718615 0.5226903 0.6316905 0.4860399 0.6275287 0.4860398 0.6275287 0.4928238 0.6233669 0.4860398 0.6233669 0.4934208 0.6275287 0.4928238 0.5792424 0.5269893 0.57042 0.5265945 0.5718615 0.5226903 0.5792424 0.5311511 0.5689786 0.5304988 0.57042 0.5265945 0.6275287 0.4969007 0.6275287 0.503872 0.6233669 0.5023632 0.6233669 0.505604 0.6275287 0.5064377 0.6275287 0.4952253 0.6275287 0.4969007 0.6316905 0.4963036 0.6316905 0.5023632 0.6316905 0.505604 0.6316905 0.4952253 0.6275287 0.4952253 0.5689786 0.5304988 0.57042 0.5265945 0.5665618 0.5235839 0.5665618 0.5235839 0.5657107 0.5152179 0.5615489 0.5152179 0.57042 0.5265945 0.5718615 0.5226903 0.5702046 0.5215712 0.5702046 0.5215712 0.5698724 0.5152179 0.5657107 0.5152179 0.6316905 0.4934208 0.6275287 0.4928238 0.6275287 0.4935688 0.6275287 0.5007448 0.6275287 0.4952253 0.6316905 0.4952253 0.6233669 0.4934208 0.6233669 0.4950777 0.6275287 0.4935688 0.6275287 0.5007448 0.6233669 0.5015785 0.6233669 0.4952253 0.57042 0.5265945 0.5665618 0.5235839 0.5702046 0.5215712 0.5702046 0.5215712 0.5665618 0.5235839 0.5657107 0.5152179 0.5689786 0.5304988 0.5629191 0.5255966 0.5665618 0.5235839 0.5665618 0.5235839 0.5629191 0.5255966 0.5615489 0.5152179 0.5615489 0.5152179 0.5657107 0.441741 0.5657107 0.5152179 0.5657107 0.5152179 0.5698724 0.441741 0.5698724 0.5152179 0.6275287 0.4860398 0.6316905 0.4860399 0.6316905 0.4521608 0.5792424 0.5269893 0.5792424 0.5228275 0.5929689 0.5228275 0.6481957 0.4952253 0.6440338 0.4217483 0.6440338 0.4952253 0.5792424 0.5269893 0.5792424 0.5311511 0.5929689 0.5311511 0.6440338 0.4860398 0.639872 0.4963036 0.639872 0.4860398 0.6440338 0.4860398 0.6481957 0.4963036 0.6440338 0.4969007 0.5792424 0.5311511 0.57042 0.5265945 0.5689786 0.5304988 0.5792424 0.5269893 0.5718615 0.5226903 0.57042 0.5265945 0.6481957 0.4860399 0.6440338 0.4928238 0.6481957 0.4934208 0.639872 0.4860398 0.6440338 0.4928238 0.6440338 0.4860398 0.5792424 0.5269893 0.5718615 0.5226903 0.5792424 0.5228275 0.5792424 0.5311511 0.57042 0.5265945 0.5792424 0.5269893 0.6440338 0.4969007 0.639872 0.5023632 0.639872 0.4963036 0.639872 0.505604 0.6440338 0.4952253 0.639872 0.4952253 0.6440338 0.4969007 0.6481957 0.5023632 0.6440338 0.503872 0.6481957 0.505604 0.6440338 0.4952253 0.6440338 0.5064377 0.5689786 0.5304988 0.5665618 0.5235839 0.5629191 0.5255966 0.5665618 0.5235839 0.5615489 0.5152179 0.5629191 0.5255966 0.57042 0.5265945 0.5702046 0.5215712 0.5665618 0.5235839 0.5702046 0.5215712 0.5657107 0.5152179 0.5665618 0.5235839 0.6481957 0.4934208 0.6440338 0.4935688 0.6481957 0.4950777 0.6440338 0.5007448 0.6481957 0.4952253 0.6481957 0.5015785 0.639872 0.4934208 0.6440338 0.4935688 0.6440338 0.4928238 0.6440338 0.5007448 0.639872 0.4952253 0.6440338 0.4952253 0.57042 0.5265945 0.5702046 0.5215712 0.5718615 0.5226903 0.5702046 0.5215712 0.5657107 0.5152179 0.5698724 0.5152179 0.5689786 0.5304988 0.5665618 0.5235839 0.57042 0.5265945 0.5665618 0.5235839 0.5615489 0.5152179 0.5657107 0.5152179 0.5698724 0.5152179 0.5657107 0.441741 0.5657107 0.5152179 0.639872 0.4952253 0.6440338 0.4217483 0.6440338 0.4952253 0.6440338 0.4952253 0.639872 0.4217483 0.639872 0.4952253 0.5657107 0.5152179 0.5615489 0.441741 0.5615489 0.5152179 0.6440338 0.4952253 0.6481957 0.4217483 0.6481957 0.4952253 0.6440338 0.4860398 0.639872 0.4860398 0.639872 0.4521608 0.639872 0.4860398 0.6440338 0.4860398 0.6440338 0.4521608 0.5792424 0.5228275 0.5792424 0.5269893 0.5929689 0.5269893 0.6440338 0.4860398 0.6440338 0.4521608 0.6481957 0.4521608 0.5792424 0.5311511 0.5792424 0.5269893 0.5929689 0.5269893 0.6440338 0.4860398 0.6440338 0.4969007 0.639872 0.4963036 0.6440338 0.4860398 0.6481957 0.4860399 0.6481957 0.4963036 0.5792424 0.5311511 0.5792424 0.5269893 0.57042 0.5265945 0.5792424 0.5269893 0.5792424 0.5228275 0.5718615 0.5226903 0.6481957 0.4860399 0.6440338 0.4860398 0.6440338 0.4928238 0.639872 0.4860398 0.639872 0.4934208 0.6440338 0.4928238 0.5792424 0.5269893 0.57042 0.5265945 0.5718615 0.5226903 0.5792424 0.5311511 0.5689786 0.5304988 0.57042 0.5265945 0.6440338 0.4969007 0.6440338 0.503872 0.639872 0.5023632 0.639872 0.505604 0.6440338 0.5064377 0.6440338 0.4952253 0.6440338 0.4969007 0.6481957 0.4963036 0.6481957 0.5023632 0.6481957 0.505604 0.6481957 0.4952253 0.6440338 0.4952253 0.5689786 0.5304988 0.57042 0.5265945 0.5665618 0.5235839 0.5665618 0.5235839 0.5657107 0.5152179 0.5615489 0.5152179 0.57042 0.5265945 0.5718615 0.5226903 0.5702046 0.5215712 0.5702046 0.5215712 0.5698724 0.5152179 0.5657107 0.5152179 0.6481957 0.4934208 0.6440338 0.4928238 0.6440338 0.4935688 0.6440338 0.5007448 0.6440338 0.4952253 0.6481957 0.4952253 0.639872 0.4934208 0.639872 0.4950777 0.6440338 0.4935688 0.6440338 0.5007448 0.639872 0.5015785 0.639872 0.4952253 0.57042 0.5265945 0.5665618 0.5235839 0.5702046 0.5215712 0.5702046 0.5215712 0.5665618 0.5235839 0.5657107 0.5152179 0.5689786 0.5304988 0.5629191 0.5255966 0.5665618 0.5235839 0.5665618 0.5235839 0.5629191 0.5255966 0.5615489 0.5152179 0.5615489 0.5152179 0.5657107 0.441741 0.5657107 0.5152179 0.5657107 0.5152179 0.5698724 0.441741 0.5698724 0.5152179 0.6440338 0.4860398 0.6481957 0.4860399 0.6481957 0.4521608 0.5792424 0.5269893 0.5792424 0.5228275 0.5929689 0.5228275 0.6316905 0.4952253 0.6316905 0.4217483 0.6275287 0.4217483 0.5792424 0.5269893 0.5929689 0.5311511 0.5929689 0.5269893 0.5698724 0.5152179 0.5698724 0.441741 0.5657107 0.441741 0.6233669 0.4952253 0.6233669 0.4217483 0.6275287 0.4217483 0.6275287 0.4952253 0.6275287 0.4217483 0.6233669 0.4217483 0.5657107 0.5152179 0.5657107 0.441741 0.5615489 0.441741 0.6275287 0.4952253 0.6275287 0.4217483 0.6316905 0.4217483 0.6275287 0.4860398 0.6233669 0.4521608 0.6275287 0.4521608 0.6233669 0.4860398 0.6275287 0.4521608 0.6233669 0.4521608 0.5792424 0.5228275 0.5929689 0.5269893 0.5929689 0.5228275 0.6275287 0.4860398 0.6316905 0.4521608 0.6316905 0.4860399 0.5792424 0.5311511 0.5929689 0.5269893 0.5929689 0.5311511 0.5615489 0.5152179 0.5615489 0.441741 0.5657107 0.441741 0.5657107 0.5152179 0.5657107 0.441741 0.5698724 0.441741 0.6275287 0.4860398 0.6316905 0.4521608 0.6275287 0.4521608 0.5792424 0.5269893 0.5929689 0.5228275 0.5929689 0.5269893 0.6481957 0.4952253 0.6481957 0.4217483 0.6440338 0.4217483 0.5792424 0.5269893 0.5929689 0.5311511 0.5929689 0.5269893 0.5698724 0.5152179 0.5698724 0.441741 0.5657107 0.441741 0.639872 0.4952253 0.639872 0.4217483 0.6440338 0.4217483 0.6440338 0.4952253 0.6440338 0.4217483 0.639872 0.4217483 0.5657107 0.5152179 0.5657107 0.441741 0.5615489 0.441741 0.6440338 0.4952253 0.6440338 0.4217483 0.6481957 0.4217483 0.6440338 0.4860398 0.639872 0.4521608 0.6440338 0.4521608 0.639872 0.4860398 0.6440338 0.4521608 0.639872 0.4521608 0.5792424 0.5228275 0.5929689 0.5269893 0.5929689 0.5228275 0.6440338 0.4860398 0.6481957 0.4521608 0.6481957 0.4860399 0.5792424 0.5311511 0.5929689 0.5269893 0.5929689 0.5311511 0.5615489 0.5152179 0.5615489 0.441741 0.5657107 0.441741 0.5657107 0.5152179 0.5657107 0.441741 0.5698724 0.441741 0.6440338 0.4860398 0.6481957 0.4521608 0.6440338 0.4521608 0.5792424 0.5269893 0.5929689 0.5228275 0.5929689 0.5269893 0.5975555 0.03895467 0.5756169 0.06081169 0.5756169 0.03895467 0.6179515 0.03895467 0.63989 0.06081169 0.6179515 0.06081169 0.5756169 0.03895467 0.5975555 0.06081169 0.5975555 0.03895467 0.6229385 0.03577864 0.5522846 0.06755852 0.6229386 0.06755852 0.6179514 0.03895467 0.63989 0.06081169 0.63989 0.03895467 0.619494 0.03895467 0.5975555 0.06081169 0.5975555 0.03895467 0.6618285 0.03895467 0.6837671 0.06081169 0.6837671 0.03895467 0.619494 0.03895467 0.5975555 0.06081169 0.619494 0.06081169 0.6837671 0.03895467 0.7057057 0.06081169 0.7057057 0.03895467 0.5536783 0.03895467 0.5756169 0.06081169 0.5756169 0.03895467 0.07055246 0.04031085 0.07864338 0.04031085 0.07864338 0.04031085 0.7347825 0.03895467 0.7057057 0.06081169 0.7057057 0.03895467 0.5317398 0.03895467 0.5536783 0.06081169 0.5536783 0.03895467 0.4991536 0.03895467 0.5026629 0.06081169 0.4991536 0.06081169 0.7057057 0.03895467 0.6837671 0.06081169 0.6837671 0.03895467 0.5317398 0.03895467 0.5026629 0.06081169 0.5026629 0.03895467 0.07864338 0.04031085 0.07055246 0.04031085 0.07055246 0.04031085 0.6837671 0.03895467 0.6618285 0.06081169 0.6618285 0.03895467 0.5536783 0.03895467 0.5317398 0.06081169 0.5317398 0.03895467 0.7057057 0.03895467 0.7347825 0.06081169 0.7347825 0.03895467 0.5026629 0.03895467 0.4991536 0.06081169 0.5026629 0.06081169 0.6618285 0.03895467 0.63989 0.06081169 0.63989 0.03895467 0.5756169 0.03895467 0.5536783 0.06081169 0.5536783 0.03895467 0.63989 0.03895467 0.6618285 0.06081169 0.6618285 0.03895467 0.6229385 0.03577864 0.5522846 0.06755852 0.5522846 0.03577864 0.5317398 0.03895467 0.5026629 0.06081169 0.5317398 0.06081169 0.01194816 0.9620942 0.2703259 0.8275257 0.2703259 0.9636405 0.2703259 0.8275257 0.01194816 0.9620942 0.2703259 0.9636405 0.2703259 0.9636405 0.01194816 0.8328276 0.2703259 0.8275257 0.2703259 0.8275257 0.01194816 0.9620942 0.2703259 0.9636405 0.4269288 0.3237072 0.3754883 0.4253163 0.4269288 0.4253163 0.3754883 0.3237072 0.3240481 0.4253163 0.3754883 0.4253163 0.3754883 0.4253163 0.4269288 0.3237072 0.4269288 0.4253163 0.3240481 0.4253163 0.3754883 0.3237072 0.3754883 0.4253163 0.3754883 0.4253163 0.4269288 0.4253163 0.4269288 0.4253163 0.3240481 0.3237072 0.3240481 0.4253163 0.3240481 0.4253163 0.3754883 0.3237072 0.3240481 0.3237072 0.3240481 0.3237072 0.3240481 0.4253163 0.3754883 0.4253163 0.3754883 0.4253163 0.4269288 0.3237072 0.4269288 0.4253163 0.4269288 0.3237072 0.4269288 0.3237072 0.3754883 0.3237072 0.3754883 0.3237072 0.7779386 0.5323567 0.7952619 0.4715698 0.7779385 0.4715698 0.7779386 0.5323567 0.7952619 0.4715698 0.7779386 0.4715698 0.7952619 0.5323567 0.7779386 0.4715698 0.7952619 0.4715698 0.7952619 0.5323567 0.7779385 0.4715698 0.7952619 0.4715698 0.812494 0.5540117 0.8329297 0.5355523 0.8329297 0.5540117 0.7952619 0.4107829 0.7779386 0.349996 0.7952619 0.349996 0.7952619 0.4715698 0.7779386 0.4107829 0.7952619 0.4107829 0.7952619 0.4107829 0.7779386 0.349996 0.7952619 0.349996 0.7952619 0.4715698 0.7779386 0.4107829 0.7952619 0.4107829 0.7779386 0.4107829 0.7952619 0.349996 0.7779386 0.349996 0.7779386 0.4715698 0.7952619 0.4107829 0.7779386 0.4107829 0.7779386 0.4107829 0.7952619 0.349996 0.7779386 0.349996 0.7779385 0.4715698 0.7952619 0.4107829 0.7779386 0.4107829 0.7779386 0.5323567 0.7952619 0.5323567 0.7952619 0.4715698 0.7779386 0.5323567 0.7952619 0.5323567 0.7952619 0.4715698 0.7952619 0.5323567 0.7779386 0.5323567 0.7779386 0.4715698 0.7952619 0.5323567 0.7779386 0.5323567 0.7779385 0.4715698 0.812494 0.5540117 0.812494 0.5355523 0.8329297 0.5355523 0.7952619 0.4107829 0.7779386 0.4107829 0.7779386 0.349996 0.7952619 0.4715698 0.7779385 0.4715698 0.7779386 0.4107829 0.7952619 0.4107829 0.7779386 0.4107829 0.7779386 0.349996 0.7952619 0.4715698 0.7779386 0.4715698 0.7779386 0.4107829 0.7779386 0.4107829 0.7952619 0.4107829 0.7952619 0.349996 0.7779386 0.4715698 0.7952619 0.4715698 0.7952619 0.4107829 0.7779386 0.4107829 0.7952619 0.4107829 0.7952619 0.349996 0.7779385 0.4715698 0.7952619 0.4715698 0.7952619 0.4107829 0.166643 0.3792608 0.1632123 0.3463605 0.166643 0.3463605 0.166643 0.3134602 0.1632123 0.3463605 0.1632123 0.3100832 0.3064687 0.3792608 0.3098995 0.3463605 0.3098995 0.3826379 0.3064687 0.3134601 0.3098995 0.3463605 0.3064688 0.3463605 0.3064687 0.3792608 0.1632123 0.3826379 0.166643 0.3792608 0.166643 0.3134602 0.3098995 0.310083 0.3064687 0.3134601 0.1680652 0.3792608 0.1632123 0.3463605 0.1632123 0.3826379 0.1680652 0.3134602 0.1632123 0.3463605 0.1680652 0.3463605 0.3050466 0.3792608 0.3098995 0.3463605 0.3050466 0.3463605 0.3050466 0.3134601 0.3098995 0.3463605 0.3098995 0.310083 0.1680652 0.3792608 0.3098995 0.3826379 0.3050466 0.3792608 0.3050466 0.3134601 0.1632123 0.3100832 0.1680652 0.3134602 0.3064687 0.3134601 0.166643 0.3463605 0.166643 0.3134602 0.3064688 0.3463605 0.166643 0.3792608 0.166643 0.3463605 0.1680652 0.3463605 0.3050466 0.3134601 0.1680652 0.3134602 0.1680652 0.3792608 0.3050466 0.3463605 0.1680652 0.3463605 0.3050466 0.3463605 0.3050466 0.3792608 0.3050466 0.3792608 0.166643 0.3134602 0.166643 0.3463605 0.166643 0.3463605 0.3050466 0.3134601 0.3050466 0.3463605 0.3050466 0.3463605 0.166643 0.3792608 0.3064687 0.3792608 0.3064687 0.3792608 0.1680652 0.3134602 0.3050466 0.3134601 0.3050466 0.3134601 0.1680652 0.3792608 0.1680652 0.3463605 0.1680652 0.3463605 0.1680652 0.3463605 0.1680652 0.3134602 0.1680652 0.3134602 0.3064687 0.3134601 0.166643 0.3134602 0.166643 0.3134602 0.2974188 0.01492434 0.2468394 0.01492434 0.2468394 0.01880383 0.3479984 0.01492434 0.2974188 0.01492434 0.297419 0.01880383 0.2468394 0.01159304 0.1962597 0.01159304 0.1962597 0.01492434 0.2974188 0.01159304 0.2468394 0.01159304 0.2468394 0.01492434 0.3479984 0.01159304 0.2974188 0.01159304 0.2974188 0.01492434 0.2468394 0.02478659 0.1962597 0.02478659 0.1962597 0.02071136 0.1962597 0.02953231 0.1456803 0.02953231 0.1456803 0.04031085 0.1962597 0.02478659 0.1456803 0.02478659 0.1456803 0.02953231 0.1962597 0.02071136 0.1456803 0.02071136 0.1456803 0.02478659 0.1962597 0.03100943 0.1456803 0.03100943 0.1456803 0.03434079 0.1962597 0.02713006 0.1456803 0.02713006 0.1456803 0.03100943 0.1962597 0.02296692 0.1456803 0.02296692 0.1456803 0.02713006 0.1962597 0.02296692 0.1962597 0.01880383 0.1456803 0.01880383 0.1962597 0.01492434 0.1456803 0.01492434 0.1456803 0.01880383 0.1962597 0.01159304 0.1456803 0.01159304 0.1456803 0.01492434 0.1962597 0.02071136 0.1962597 0.02478659 0.1456803 0.02478659 0.1962597 0.02953231 0.1456803 0.02953231 0.1456803 0.02478659 0.1962597 0.04031085 0.1456803 0.04031085 0.1456803 0.02953231 0.2974188 0.02478659 0.2468394 0.02478659 0.2468394 0.02071136 0.3479984 0.02071136 0.3479984 0.02478659 0.2974188 0.02478659 0.2468394 0.02478659 0.2468394 0.02953231 0.1962597 0.02953231 0.2974188 0.02953231 0.2468394 0.02953231 0.2468394 0.02478659 0.2974188 0.04031085 0.2468394 0.04031085 0.2468394 0.02953231 0.3479984 0.02953231 0.2974188 0.02953231 0.2974188 0.02478659 0.2468394 0.04031085 0.1962597 0.04031085 0.1962597 0.02953231 0.3479984 0.04031085 0.2974188 0.04031085 0.2974188 0.02953231 0.2468394 0.01492434 0.1962597 0.01492434 0.1962597 0.01880383 0.3479984 0.01880383 0.297419 0.01880383 0.297419 0.02296692 0.297419 0.01880383 0.2468394 0.01880383 0.2468394 0.02296692 0.2468394 0.01880383 0.1962597 0.01880383 0.1962597 0.02296692 0.3479984 0.02296692 0.297419 0.02296692 0.297419 0.02713006 0.297419 0.02296692 0.2468394 0.02296692 0.2468394 0.02713006 0.2468394 0.02296692 0.1962597 0.02296692 0.1962597 0.02713006 0.3479984 0.02713006 0.297419 0.02713006 0.297419 0.03100943 0.297419 0.02713006 0.2468394 0.02713006 0.2468394 0.03100943 0.2468394 0.02713006 0.1962597 0.02713006 0.1962597 0.03100943 0.3479984 0.03100943 0.297419 0.03100943 0.297419 0.03434079 0.297419 0.03100943 0.2468394 0.03100943 0.2468394 0.03434079 0.2468394 0.03100943 0.1962597 0.03100943 0.1962597 0.03434079 0.3479984 0.02071136 0.297419 0.02071136 0.297419 0.02478659 0.297419 0.02071136 0.2468394 0.02071136 0.2468394 0.02478659 0.2468394 0.02071136 0.1962597 0.02071136 0.1962597 0.02478659 0.3479984 0.02478659 0.297419 0.02478659 0.297419 0.02953231 0.297419 0.02478659 0.2468394 0.02478659 0.2468394 0.02953231 0.2468394 0.02478659 0.1962597 0.02478659 0.1962597 0.02953231 0.3479984 0.02953231 0.297419 0.02953231 0.297419 0.04031085 0.297419 0.02953231 0.2468394 0.02953231 0.2468394 0.04031085 0.2468394 0.02953231 0.1962597 0.02953231 0.1962597 0.04031085 0.0939182 0.01492434 0.0939182 0.01880383 0.1456803 0.01880383 0.0939182 0.01880383 0.0939182 0.02296692 0.1456803 0.02296692 0.0939182 0.02296692 0.0939182 0.02713006 0.1456803 0.02713006 0.0939182 0.02713006 0.0939182 0.03100943 0.1456803 0.03100943 0.0939182 0.03100943 0.0939182 0.03434079 0.1456803 0.03434079 0.0939182 0.02071136 0.0939182 0.02478659 0.1456803 0.02478659 0.0939182 0.02953231 0.0939182 0.02478659 0.1456803 0.02478659 0.0939182 0.02478659 0.0939182 0.02953231 0.1456803 0.02953231 0.0939182 0.02478659 0.0939182 0.02071136 0.1456803 0.02071136 0.0939182 0.01159304 0.0939182 0.01492434 0.1456803 0.01492434 0.07864338 0.0302115 0.0939182 0.02953231 0.07864338 0.04031085 0.0939182 0.02953231 0.1456803 0.02953231 0.1456803 0.04031085 0.2043823 0.04031085 0.2033779 0.03107994 0.1592766 0.04031085 0.2033779 0.03107994 0.2012921 0.02820116 0.160281 0.03107994 0.1592766 0.04031085 0.2033779 0.03107994 0.160281 0.03107994 0.2012921 0.02820116 0.1977206 0.02554029 0.1659383 0.02554029 0.1977206 0.02554029 0.1930662 0.02349847 0.1705926 0.02349847 0.1930662 0.02349847 0.187646 0.022215 0.1760128 0.022215 0.187646 0.022215 0.1818293 0.02177715 0.1760128 0.022215 0.1760128 0.022215 0.1705926 0.02349847 0.1930662 0.02349847 0.1705926 0.02349847 0.1659383 0.02554029 0.1977206 0.02554029 0.1659383 0.02554029 0.1623668 0.02820116 0.2012921 0.02820116 0.07864338 0.02283042 0.07864338 0.02628499 0.0939182 0.02478659 0.07864338 0.02978461 0.07864338 0.03260856 0.0939182 0.03434079 0.07864338 0.02649599 0.07864338 0.02978461 0.0939182 0.03100943 0.07864338 0.02296692 0.07864338 0.02649599 0.0939182 0.02713006 0.0939182 0.01880383 0.07864338 0.01943784 0.07864338 0.02296692 0.0939182 0.01492434 0.07864338 0.01614928 0.07864338 0.01943784 0.0939182 0.01159304 0.07864338 0.01332527 0.07864338 0.01614928 0.0939182 0.02478659 0.07864338 0.02628499 0.07864338 0.02283042 0.0939182 0.02953231 0.07864338 0.0302115 0.07864338 0.02628499 0.07864338 0.02628499 0.07864338 0.03021144 0.0939182 0.02953231 0.07864338 0.04031085 0.07864338 0.03021144 0.07055246 0.03107994 0.07864338 0.03021144 0.07864338 0.02628499 0.07055246 0.02820116 0.2070974 0.02628499 0.2024607 0.02283042 0.1977206 0.02554029 0.2024607 0.02283042 0.1964179 0.02017956 0.1930662 0.02349847 0.1964179 0.02017956 0.189381 0.01851326 0.187646 0.022215 0.189381 0.01851326 0.1818293 0.01794487 0.1818293 0.02177715 0.1818293 0.02177715 0.1818293 0.01794487 0.1742778 0.01851326 0.1760128 0.022215 0.1742778 0.01851326 0.1672409 0.02017956 0.1705926 0.02349847 0.1672409 0.02017956 0.1611981 0.02283042 0.1659383 0.02554029 0.1611981 0.02283042 0.1565613 0.02628499 0.07055246 0.02820116 0.07864338 0.02628499 0.07864338 0.0302115 0.07055246 0.03107994 0.07864338 0.0302115 0.07864338 0.04031085 0.07864338 0.04031085 0.1456803 0.04031085 0.0939182 0.02953231 0.1456803 0.04031085 0.1456803 0.02953231 0.0939182 0.02953231 0.2468394 0.01880383 0.2468394 0.01492434 0.2974188 0.01492434 0.297419 0.01880383 0.2974188 0.01492434 0.3479984 0.01492434 0.1962597 0.01492434 0.1962597 0.01159304 0.2468394 0.01159304 0.2468394 0.01492434 0.2468394 0.01159304 0.2974188 0.01159304 0.2974188 0.01492434 0.2974188 0.01159304 0.3479984 0.01159304 0.1962597 0.02071136 0.1962597 0.02478659 0.2468394 0.02478659 0.1456803 0.04031085 0.1456803 0.02953231 0.1962597 0.02953231 0.1456803 0.02953231 0.1456803 0.02478659 0.1962597 0.02478659 0.1456803 0.02478659 0.1456803 0.02071136 0.1962597 0.02071136 0.1456803 0.03434079 0.1456803 0.03100943 0.1962597 0.03100943 0.1456803 0.03100943 0.1456803 0.02713006 0.1962597 0.02713006 0.1456803 0.02713006 0.1456803 0.02296692 0.1962597 0.02296692 0.1962597 0.02296692 0.1456803 0.02296692 0.1456803 0.01880383 0.1456803 0.01880383 0.1456803 0.01492434 0.1962597 0.01492434 0.1456803 0.01492434 0.1456803 0.01159304 0.1962597 0.01159304 0.1962597 0.02071136 0.1456803 0.02071136 0.1456803 0.02478659 0.1456803 0.02478659 0.1456803 0.02953231 0.1962597 0.02953231 0.1456803 0.02953231 0.1456803 0.04031085 0.1962597 0.04031085 0.2468394 0.02071136 0.2468394 0.02478659 0.2974188 0.02478659 0.3479984 0.02071136 0.2974188 0.02071136 0.2974188 0.02478659 0.2468394 0.02478659 0.1962597 0.02478659 0.1962597 0.02953231 0.2468394 0.02478659 0.2468394 0.02953231 0.2974188 0.02953231 0.2468394 0.02953231 0.2468394 0.04031085 0.2974188 0.04031085 0.2974188 0.02478659 0.2974188 0.02953231 0.3479984 0.02953231 0.1962597 0.02953231 0.1962597 0.04031085 0.2468394 0.04031085 0.2974188 0.02953231 0.2974188 0.04031085 0.3479984 0.04031085 0.1962597 0.01880383 0.1962597 0.01492434 0.2468394 0.01492434 0.297419 0.02296692 0.297419 0.01880383 0.3479984 0.01880383 0.2468394 0.02296692 0.2468394 0.01880383 0.297419 0.01880383 0.1962597 0.02296692 0.1962597 0.01880383 0.2468394 0.01880383 0.297419 0.02713006 0.297419 0.02296692 0.3479984 0.02296692 0.2468394 0.02713006 0.2468394 0.02296692 0.297419 0.02296692 0.1962597 0.02713006 0.1962597 0.02296692 0.2468394 0.02296692 0.297419 0.03100943 0.297419 0.02713006 0.3479984 0.02713006 0.2468394 0.03100943 0.2468394 0.02713006 0.297419 0.02713006 0.1962597 0.03100943 0.1962597 0.02713006 0.2468394 0.02713006 0.297419 0.03434079 0.297419 0.03100943 0.3479984 0.03100943 0.2468394 0.03434079 0.2468394 0.03100943 0.297419 0.03100943 0.1962597 0.03434079 0.1962597 0.03100943 0.2468394 0.03100943 0.297419 0.02478659 0.297419 0.02071136 0.3479984 0.02071136 0.2468394 0.02478659 0.2468394 0.02071136 0.297419 0.02071136 0.1962597 0.02478659 0.1962597 0.02071136 0.2468394 0.02071136 0.297419 0.02953231 0.297419 0.02478659 0.3479984 0.02478659 0.2468394 0.02953231 0.2468394 0.02478659 0.297419 0.02478659 0.1962597 0.02953231 0.1962597 0.02478659 0.2468394 0.02478659 0.297419 0.04031085 0.297419 0.02953231 0.3479984 0.02953231 0.2468394 0.04031085 0.2468394 0.02953231 0.297419 0.02953231 0.1962597 0.04031085 0.1962597 0.02953231 0.2468394 0.02953231 0.1456803 0.01880383 0.0939182 0.01880383 0.0939182 0.01492434 0.1456803 0.02296692 0.0939182 0.02296692 0.0939182 0.01880383 0.1456803 0.02713006 0.0939182 0.02713006 0.0939182 0.02296692 0.1456803 0.03100943 0.0939182 0.03100943 0.0939182 0.02713006 0.1456803 0.03434079 0.0939182 0.03434079 0.0939182 0.03100943 0.1456803 0.02478659 0.0939182 0.02478659 0.0939182 0.02071136 0.1456803 0.02478659 0.0939182 0.02478659 0.0939182 0.02953231 0.1456803 0.02953231 0.0939182 0.02953231 0.0939182 0.02478659 0.1456803 0.02071136 0.0939182 0.02071136 0.0939182 0.02478659 0.1456803 0.01492434 0.0939182 0.01492434 0.0939182 0.01159304 0.1456803 0.02953231 0.0939182 0.02953231 0.1456803 0.04031085 0.0939182 0.02953231 0.07864338 0.0302115 0.07864338 0.04031085 0.2012921 0.02820116 0.2033779 0.03107994 0.160281 0.03107994 0.2033779 0.03107994 0.2043823 0.04031085 0.160281 0.03107994 0.2043823 0.04031085 0.1592766 0.04031085 0.160281 0.03107994 0.160281 0.03107994 0.1623668 0.02820116 0.2012921 0.02820116 0.1623668 0.02820116 0.1659383 0.02554029 0.2012921 0.02820116 0.1659383 0.02554029 0.1705926 0.02349847 0.1930662 0.02349847 0.1705926 0.02349847 0.1760128 0.022215 0.187646 0.022215 0.1760128 0.022215 0.1818293 0.02177715 0.187646 0.022215 0.187646 0.022215 0.1930662 0.02349847 0.1705926 0.02349847 0.1930662 0.02349847 0.1977206 0.02554029 0.1659383 0.02554029 0.0939182 0.02478659 0.07864338 0.02628499 0.07864338 0.02283042 0.0939182 0.03434079 0.07864338 0.03260856 0.07864338 0.02978461 0.0939182 0.03100943 0.07864338 0.02978461 0.07864338 0.02649599 0.0939182 0.02713006 0.07864338 0.02649599 0.07864338 0.02296692 0.0939182 0.01880383 0.0939182 0.02296692 0.07864338 0.02296692 0.0939182 0.01492434 0.0939182 0.01880383 0.07864338 0.01943784 0.0939182 0.01159304 0.0939182 0.01492434 0.07864338 0.01614928 0.0939182 0.02478659 0.0939182 0.02071136 0.07864338 0.02283042 0.0939182 0.02953231 0.0939182 0.02478659 0.07864338 0.02628499 0.0939182 0.02953231 0.07864338 0.03021144 0.07864338 0.02628499 0.07055246 0.03107994 0.07864338 0.03021144 0.07864338 0.04031085 0.07055246 0.02820116 0.07864338 0.02628499 0.07864338 0.03021144 0.1977206 0.02554029 0.2024607 0.02283042 0.2070974 0.02628499 0.1930662 0.02349847 0.1964179 0.02017956 0.2024607 0.02283042 0.187646 0.022215 0.189381 0.01851326 0.1964179 0.02017956 0.1818293 0.02177715 0.1818293 0.01794487 0.189381 0.01851326 0.1818293 0.02177715 0.1760128 0.022215 0.1742778 0.01851326 0.1760128 0.022215 0.1705926 0.02349847 0.1672409 0.02017956 0.1705926 0.02349847 0.1659383 0.02554029 0.1611981 0.02283042 0.1659383 0.02554029 0.1623668 0.02820116 0.1565613 0.02628499 0.07055246 0.02820116 0.07055246 0.03107994 0.07864338 0.0302115 0.07055246 0.03107994 0.07055246 0.04031085 0.07864338 0.04031085 0.1456803 0.02953231 0.1456803 0.04031085 0.0939182 0.02953231 0.1456803 0.04031085 0.07864338 0.04031085 0.0939182 0.02953231 0.2025357 0.7949101 0.2025357 0.7954821 0.09577137 0.7954821 0.2025357 0.7654029 0.2025357 0.7659748 0.09577137 0.7659749 0.3204246 0.8328276 0.3204246 0.9620942 0.01194816 0.9620942 0 0 0 0 0 0 0 0 0 0 0 0 0.01194816 0.9620942 0.3204246 0.9620942 0.3204246 0.8328276 0 0 0 0 0 0 0.1835379 0.78496 0.1144347 0.7849601 0.1144347 0.7759249 0.2025357 0.8006349 0.2025357 0.8006349 0.09577137 0.8006349 0.2025357 0.7804425 0.2025357 0.7602501 0.09577137 0.7602501 0.2025357 0.7602501 0.2025357 0.7602501 0.09577137 0.7602501 0.2025357 0.8006349 0.2025357 0.7804425 0.09577137 0.7804425 0.166643 0.3463605 0.166643 0.3463605 0.166643 0.3792608 0.3050466 0.3792608 0.3050466 0.3792608 0.1680652 0.3792608 0.1144347 0.7759249 0.1144347 0.7849601 0.1835379 0.78496 0 0 0 0 0 0 0.1224242 0.3917201 0.1224242 0.4817886 0.1224242 0.4817886 0.1224242 0.3917201 0.1224242 0.3917201 0.1224242 0.4817886 0.08651119 0.4672765 0.08651119 0.4672765 0.02137881 0.4672765 0.1516435 0.4672765 0.1516435 0.4672765 0.08651119 0.4672765 0.09577137 0.7949101 0.09577137 0.7954821 0.2025357 0.7954821 0.09577137 0.7659749 0.2025357 0.7659748 0.2025357 0.7654029 0.01194816 0.9620942 0.3204246 0.9620942 0.3204246 0.8328276 0 0 0 0 0 0 0 0 0 0 0 0 0.01194816 0.9620942 0.01194816 0.8328276 0.3204246 0.8328276 0 0 0 0 0 0 0.1835379 0.78496 0.1835379 0.7759249 0.1144347 0.7759249 0.09577137 0.8006349 0.2025357 0.8006349 0.2025357 0.8006349 0.09577137 0.7602501 0.2025357 0.7602501 0.2025357 0.7804425 0.09577137 0.7602501 0.2025357 0.7602501 0.2025357 0.7602501 0.09577137 0.7804425 0.2025357 0.7804425 0.2025357 0.8006349 0.3064688 0.3463605 0.3064688 0.3463605 0.3064687 0.3134601 0.3064687 0.3792608 0.3064687 0.3792608 0.3064688 0.3463605 0.1835379 0.78496 0.1144347 0.7849601 0.1144347 0.7759249 0 0 0 0 0 0 0.1224242 0.3917201 0.1224242 0.4817886 0.1224242 0.4817886 0.1224242 0.4817886 0.1224242 0.3917201 0.1224242 0.3917201 0.02137881 0.4672765 0.08651119 0.4672765 0.08651119 0.4672765 0.08651119 0.4672765 0.1516435 0.4672765 0.1516435 0.4672765 0.5975555 0.03895467 0.5975555 0.06081169 0.5756169 0.06081169 0.6179515 0.03895467 0.63989 0.03895467 0.63989 0.06081169 0.5756169 0.03895467 0.5756169 0.06081169 0.5975555 0.06081169 0.6229385 0.03577864 0.5522846 0.03577864 0.5522846 0.06755852 0.6179514 0.03895467 0.6179514 0.06081169 0.63989 0.06081169 0.619494 0.03895467 0.619494 0.06081169 0.5975555 0.06081169 0.6618285 0.03895467 0.6618285 0.06081169 0.6837671 0.06081169 0.619494 0.03895467 0.5975555 0.03895467 0.5975555 0.06081169 0.6837671 0.03895467 0.6837671 0.06081169 0.7057057 0.06081169 0.5536783 0.03895467 0.5536783 0.06081169 0.5756169 0.06081169 0.07055246 0.04031085 0.07055246 0.04031085 0.07864338 0.04031085 0.7347825 0.03895467 0.7347825 0.06081169 0.7057057 0.06081169 0.5317398 0.03895467 0.5317398 0.06081169 0.5536783 0.06081169 0.4991536 0.03895467 0.5026629 0.03895467 0.5026629 0.06081169 0.7057057 0.03895467 0.7057057 0.06081169 0.6837671 0.06081169 0.5317398 0.03895467 0.5317398 0.06081169 0.5026629 0.06081169 0.07864338 0.04031085 0.07864338 0.04031085 0.07055246 0.04031085 0.6837671 0.03895467 0.6837671 0.06081169 0.6618285 0.06081169 0.5536783 0.03895467 0.5536783 0.06081169 0.5317398 0.06081169 0.7057057 0.03895467 0.7057057 0.06081169 0.7347825 0.06081169 0.5026629 0.03895467 0.4991536 0.03895467 0.4991536 0.06081169 0.6618285 0.03895467 0.6618285 0.06081169 0.63989 0.06081169 0.5756169 0.03895467 0.5756169 0.06081169 0.5536783 0.06081169 0.63989 0.03895467 0.63989 0.06081169 0.6618285 0.06081169 0.6229385 0.03577864 0.6229386 0.06755852 0.5522846 0.06755852 0.5317398 0.03895467 0.5026629 0.03895467 0.5026629 0.06081169 0.01194816 0.9620942 0.01194816 0.8328276 0.2703259 0.8275257 0.2703259 0.8275257 0.01194816 0.8328276 0.01194816 0.9620942 0.2703259 0.9636405 0.01194816 0.9620942 0.01194816 0.8328276 0.2703259 0.8275257 0.01194816 0.8328276 0.01194816 0.9620942 0.4269288 0.3237072 0.3754883 0.3237072 0.3754883 0.4253163 0.3754883 0.3237072 0.3240481 0.3237072 0.3240481 0.4253163 0.3754883 0.4253163 0.3754883 0.3237072 0.4269288 0.3237072 0.3240481 0.4253163 0.3240481 0.3237072 0.3754883 0.3237072 0.3754883 0.4253163 0.3754883 0.4253163 0.4269288 0.4253163 0.3240481 0.3237072 0.3240481 0.3237072 0.3240481 0.4253163 0.3754883 0.3237072 0.3754883 0.3237072 0.3240481 0.3237072 0.3240481 0.4253163 0.3240481 0.4253163 0.3754883 0.4253163 0.4269288 0.3237072 0.4269288 0.4253163 0.4269288 0.4253163 0.4269288 0.3237072 0.4269288 0.3237072 0.3754883 0.3237072 0.166643 0.3792608 0.1632123 0.3826379 0.1632123 0.3463605 0.166643 0.3134602 0.166643 0.3463605 0.1632123 0.3463605 0.3064687 0.3792608 0.3064688 0.3463605 0.3098995 0.3463605 0.3064687 0.3134601 0.3098995 0.310083 0.3098995 0.3463605 0.3064687 0.3792608 0.3098995 0.3826379 0.1632123 0.3826379 0.166643 0.3134602 0.1632123 0.3100832 0.3098995 0.310083 0.1680652 0.3792608 0.1680652 0.3463605 0.1632123 0.3463605 0.1680652 0.3134602 0.1632123 0.3100832 0.1632123 0.3463605 0.3050466 0.3792608 0.3098995 0.3826379 0.3098995 0.3463605 0.3050466 0.3134601 0.3050466 0.3463605 0.3098995 0.3463605 0.1680652 0.3792608 0.1632123 0.3826379 0.3098995 0.3826379 0.3050466 0.3134601 0.3098995 0.310083 0.1632123 0.3100832 0.3064687 0.3134601 0.3064688 0.3463605 0.166643 0.3463605 0.3064688 0.3463605 0.3064687 0.3792608 0.166643 0.3792608 0.1680652 0.3463605 0.3050466 0.3463605 0.3050466 0.3134601 0.1680652 0.3792608 0.3050466 0.3792608 0.3050466 0.3463605 0.3050466 0.3463605 0.3050466 0.3463605 0.3050466 0.3792608 0.166643 0.3134602 0.166643 0.3134602 0.166643 0.3463605 0.3050466 0.3134601 0.3050466 0.3134601 0.3050466 0.3463605 0.166643 0.3792608 0.166643 0.3792608 0.3064687 0.3792608 0.1680652 0.3134602 0.1680652 0.3134602 0.3050466 0.3134601 0.1680652 0.3792608 0.1680652 0.3792608 0.1680652 0.3463605 0.1680652 0.3463605 0.1680652 0.3463605 0.1680652 0.3134602 0.3064687 0.3134601 0.3064687 0.3134601 0.166643 0.3134602</float_array>
          <technique_common>
            <accessor source="#Cylinder_003-mesh-map-0-array" count="3342" stride="2">
              <param name="S" type="float"/>
              <param name="T" type="float"/>
            </accessor>
          </technique_common>
        </source>
        <source id="Cylinder_003-mesh-map-1">
          <float_array id="Cylinder_003-mesh-map-1-array" count="6684">0 0 0 0 0 0 0 0 0 0 0 0 0 0 0 0 0 0 0 0 0 0 0 0 0 0 0 0 0 0 0 0 0 0 0 0 0 0 0 0 0 0 0 0 0 0 0 0 0 0 0 0 0 0 0 0 0 0 0 0 0 0 0 0 0 0 0 0 0 0 0 0 0 0 0 0 0 0 0 0 0 0 0 0 0 0 0 0 0 0 0 0 0 0 0 0 0 0 0 0 0 0 0 0 0 0 0 0 0 0 0 0 0 0 0 0 0 0 0 0 0 0 0 0 0 0 0 0 0 0 0 0 0 0 0 0 0 0 0 0 0 0 0 0 0 0 0 0 0 0 0 0 0 0 0 0 0 0 0 0 0 0 0 0 0 0 0 0 0 0 0 0 0 0 0 0 0 0 0 0 0 0 0 0 0 0 0 0 0 0 0 0 0 0 0 0 0 0 0 0 0 0 0 0 0 0 0 0 0 0 0 0 0 0 0 0 0 0 0 0 0 0 0 0 0 0 0 0 0 0 0 0 0 0 0 0 0 0 0 0 0 0 0 0 0 0 0 0 0 0 0 0 0 0 0 0 0 0 0 0 0 0 0 0 0 0 0 0 0 0 0 0 0 0 0 0 0 0 0 0 0 0 0 0 0 0 0 0 0 0 0 0 0 0 0 0 0 0 0 0 0 0 0 0 0 0 0 0 0 0 0 0 0 0 0 0 0 0 0 0 0 0 0 0 0 0 0 0 0 0 0 0 0 0 0 0 0 0 0 0 0 0 0 0 0 0 0 0 0 0 0 0 0 0 0 0 0 0 0 0 0 0 0 0 0 0 0 0 0 0 0 0 0 0 0 0 0 0 0 0 0 0 0 0 0 0 0 0 0 0 0 0 0 0 0 0 0 0 0 0 0 0 0 0 0 0 0 0 0 0 0 0 0 0 0 0 0 0 0 0 0 0 0 0 0 0 0 0 0 0 0 0 0 0 0 0 0 0 0 0 0 0 0 0 0 0 0 0 0 0 0 0 0 0 0 0 0 0 0 0 0 0 0 0 0 0 0 0 0 0 0 0 0 0 0 0 0 0 0 0 0 0 0 0 0 0 0 0 0 0 0 0 0 0 0 0 0 0 0 0 0 0 0 0 0 0 0 0 0 0 0 0 0 0 0 0 0 0 0 0 0 0 0 0 0 0 0 0 0 0 0 0 0 0 0 0 0 0 0 0 0 0 0 0 0 0 0 0 0 0 0 0 0 0 0 0 0 0 0 0 0 0 0 0 0 0 0 0 0 0 0 0 0 0 0 0 0 0 0 0 0 0 0 0 0 0 0 0 0 0 0 0 0 0 0 0 0 0 0 0 0 0 0 0 0 0 0 0 0 0 0 0 0 0 0 0 0 0 0 0 0 0 0 0 0 0 0 0 0 0 0 0 0 0 0 0 0 0 0 0 0 0 0 0 0 0 0 0 0 0 0 0 0 0 0 0 0 0 0 0 0 0 0 0 0 0 0 0 0 0 0 0 0 0 0 0 0 0 0 0 0 0 0 0 0 0 0 0 0 0 0 0 0 0 0 0 0 0 0 0 0 0 0 0 0 0 0 0 0 0 0 0 0 0 0 0 0 0 0 0 0 0 0 0 0 0 0 0 0 0 0 0 0 0 0 0 0 0 0 0 0 0 0 0 0 0 0 0 0 0 0 0 0 0 0 0 0 0 0 0 0 0 0 0 0 0 0 0 0 0 0 0 0 0 0 0 0 0 0 0 0 0 0 0 0 0 0 0 0 0 0 0 0 0 0 0 0 0 0 0 0 0 0 0 0 0 0 0 0 0 0 0 0 0 0 0 0 0 0 0 0 0 0 0 0 0 0 0 0 0 0 0 0 0 0 0 0 0 0 0 0 0 0 0 0 0 0 0 0 0 0 0 0 0 0 0 0 0 0 0 0 0 0 0 0 0 0 0 0 0 0 0 0 0 0 0 0 0 0 0 0 0 0 0 0 0 0 0 0 0 0 0 0 0 0 0 0 0 0 0 0 0 0 0 0 0 0 0 0 0 0 0 0 0 0 0 0 0 0 0 0 0 0 0 0 0 0 0 0 0 0 0 0 0 0 0 0 0 0 0 0 0 0 0 0 0 0 0 0 0 0 0 0 0 0 0 0 0 0 0 0 0 0 0 0 0 0 0 0 0 0 0 0 0 0 0 0 0 0 0 0 0 0 0 0 0 0 0 0 0 0 0 0 0 0 0 0 0 0 0 0 0 0 0 0 0 0 0 0 0 0 0 0 0 0 0 0 0 0 0 0 0 0 0 0 0 0 0 0 0 0 0 0 0 0 0 0 0 0 0 0 0 0 0 0 0 0 0 0 0 0 0 0 0 0 0 0 0 0 0 0 0 0 0 0 0 0 0 0 0 0 0 0 0 0 0 0 0 0 0 0 0 0 0 0 0 0 0 0 0 0 0 0 0 0 0 0 0 0 0 0 0 0 0 0 0 0 0 0 0 0 0 0 0 0 0 0 0 0 0 0 0 0 0 0 0 0 0 0 0 0 0 0 0 0 0 0 0 0 0 0 0 0 0 0 0 0 0 0 0 0 0 0 0 0 0 0 0 0 0 0 0 0 0 0 0 0 0 0 0 0 0 0 0 0 0 0 0 0 0 0 0 0 0 0 0 0 0 0 0 0 0 0 0 0 0 0 0 0 0 0 0 0 0 0 0 0 0 0 0 0 0 0 0 0 0 0 0 0 0 0 0 0 0 0 0 0 0 0 0 0 0 0 0 0 0 0 0 0 0 0 0 0 0 0 0 0 0 0 0 0 0 0 0 0 0 0 0 0 0 0 0 0 0 0 0 0 0 0 0 0 0 0 0 0 0 0 0 0 0 0 0 0 0 0 0 0 0 0 0 0 0 0 0 0 0 0 0 0 0 0 0 0 0 0 0 0 0 0 0 0 0 0 0 0 0 0 0 0 0 0 0 0 0 0 0 0 0 0 0 0 0 0 0 0 0 0 0 0 0 0 0 0 0 0 0 0 0 0 0 0 0 0 0 0 0 0 0 0 0 0 0 0 0 0 0 0 0 0 0 0 0 0 0 0 0 0 0 0 0 0 0 0 0 0 0 0 0 0 0 0 0 0 0 0 0 0 0 0 0 0 0 0 0 0 0 0 0 0 0 0 0 0 0 0 0 0 0 0 0 0 0 0 0 0 0 0 0 0 0 0 0 0 0 0 0 0 0 0 0 0 0 0 0 0 0 0 0 0 0 0 0 0 0 0 0 0 0 0 0 0 0 0 0 0 0 0 0 0 0 0 0 0 0 0 0 0 0 0 0 0 0 0 0 0 0 0 0 0 0 0 0 0 0 0 0 0 0 0 0 0 0 0 0 0 0 0 0 0 0 0 0 0 0 0 0 0 0 0 0 0 0 0 0 0 0 0 0 0 0 0 0 0 0 0 0 0 0 0 0 0 0 0 0 0 0 0 0 0 0 0 0 0 0 0 0 0 0 0 0 0 0 0 0 0 0 0 0 0 0 0 0 0 0 0 0 0 0 0 0 0 0 0 0 0 0 0 0 0 0 0 0 0 0 0 0 0 0 0 0 0 0 0 0 0 0 0 0 0 0 0 0 0 0 0 0 0 0 0 0 0 0 0 0 0 0 0 0 0 0 0 0 0 0 0 0 0 0 0 0 0 0 0 0 0 0 0 0 0 0 0 0 0 0 0 0 0 0 0 0 0 0 0 0 0 0 0 0 0.5893405 0.8440769 0.7041323 0.9773099 0.7041323 0.8440769 0.5208602 0.9619362 0.5448347 0.974706 0.5208602 0.974706 0.5216844 0.8470069 0.5456591 0.974706 0.5216844 0.974706 0.5208602 0.9491662 0.5448347 0.9619362 0.5208602 0.9619362 0.5452467 0.974706 0.5212722 0.8470069 0.5452467 0.8470069 0.479458 0.07192063 0.2444498 0.008357882 0.2444498 0.07278728 0.2444498 0.07278728 0.009441673 0.008357882 0.009441673 0.07192063 0.1544697 0.3881195 0.08489185 0.3153504 0.1544697 0.3153504 0.479458 0.07192063 0.479458 0.008357882 0.479458 0.008357882 0.009441673 0.008357882 0.009441673 0.07192063 0.009441673 0.008357882 0.08489185 0.3881195 0.01531386 0.3153504 0.08489185 0.3153504 0.009441673 0.008357882 0.009441673 0.07192063 0.009441673 0.07192063 0.1544697 0.3881195 0.08489185 0.3881195 0.08489185 0.3881195 0.479458 0.07192063 0.479458 0.008357882 0.479458 0.008357882 0.08489185 0.3881195 0.01531386 0.3881195 0.01531386 0.3881195 0 0 0 0 0 0 0 0 0 0 0 0 0 0 0 0 0 0 0 0 0 0 0 0 0 0 0 0 0 0 0 0 0 0 0 0 0 0 0 0 0 0 0 0 0 0 0 0 0 0 0 0 0 0 0 0 0 0 0 0 0 0 0 0 0 0 0 0 0 0 0 0 0 0 0 0 0 0 0 0 0 0 0 0 0 0 0 0 0 0 0 0 0 0 0 0 0 0 0 0 0 0 0 0 0 0 0 0 0 0 0 0 0 0 0 0 0 0 0 0 0 0 0 0 0 0 0 0 0 0 0 0 0 0 0 0 0 0 0 0 0 0 0 0 0.5893405 0.8440769 0.5893405 0.9773099 0.7041323 0.9773099 0.5208602 0.9619362 0.5448349 0.9619362 0.5448347 0.974706 0.5216844 0.8470069 0.5456591 0.8470069 0.5456591 0.974706 0.5208602 0.9491662 0.5448347 0.9491662 0.5448347 0.9619362 0.5452467 0.974706 0.5212722 0.974706 0.5212722 0.8470069 0.479458 0.07192063 0.479458 0.008357882 0.2444498 0.008357882 0.2444498 0.07278728 0.2444498 0.008357882 0.009441673 0.008357882 0.1544697 0.3881195 0.08489185 0.3881195 0.08489185 0.3153504 0.479458 0.07192063 0.479458 0.07192063 0.479458 0.008357882 0.009441673 0.008357882 0.009441673 0.07192063 0.009441673 0.07192063 0.08489185 0.3881195 0.01531386 0.3881195 0.01531386 0.3153504 0.009441673 0.008357882 0.009441673 0.008357882 0.009441673 0.07192063 0.1544697 0.3881195 0.1544697 0.3881195 0.08489185 0.3881195 0.479458 0.07192063 0.479458 0.07192063 0.479458 0.008357882 0.08489185 0.3881195 0.08489185 0.3881195 0.01531386 0.3881195 0 0 0 0 0 0 0 0 0 0 0 0 0 0 0 0 0 0 0 0 0 0 0 0 0 0 0 0 0 0 0 0 0 0 0 0 0 0 0 0 0 0 0 0 0 0 0 0 0 0 0 0 0 0 0 0 0 0 0 0 0 0 0 0 0 0 0 0 0 0 0 0 0 0 0 0 0 0 0 0 0 0 0 0 0 0 0 0 0 0 0 0 0 0 0 0 0.479458 0.008357882 0.479458 0.07192063 0.479458 0.008357882 0.009441673 0.008357882 0.009441673 0.07192063 0.009441673 0.07192063 0.08489185 0.3881195 0.01531386 0.3881195 0.01531386 0.3881195 0.1544697 0.3881195 0.08489185 0.3881195 0.08489185 0.3881195 0 0 0 0 0 0 0 0 0 0 0 0 0 0 0 0 0 0 0 0 0 0 0 0 0 0 0 0 0 0 0 0 0 0 0 0 0 0 0 0 0 0 0 0 0 0 0 0 0 0 0 0 0 0 0 0 0 0 0 0 0 0 0 0 0 0 0 0 0 0 0 0 0 0 0 0 0 0 0 0 0 0 0 0 0 0 0 0 0 0 0 0 0 0 0 0 0 0 0 0 0 0 0 0 0 0 0 0 0 0 0 0 0 0 0 0 0 0 0 0 0.5893405 0.8440769 0.7041323 0.8440769 0.7041323 0.9773099 0.5208602 0.9619362 0.5208602 0.974706 0.5448347 0.974706 0.5216844 0.8470069 0.5216844 0.974706 0.5456591 0.974706 0.5208602 0.9491662 0.5208602 0.9619362 0.5448347 0.9619362 0.5452467 0.974706 0.5452467 0.8470069 0.5212722 0.8470069 0.479458 0.07192063 0.2444498 0.07278728 0.2444498 0.008357882 0.2444498 0.07278728 0.009441673 0.07192063 0.009441673 0.008357882 0.1544697 0.3881195 0.1544697 0.3153504 0.08489185 0.3153504 0.479458 0.07192063 0.479458 0.008357882 0.479458 0.008357882 0.009441673 0.008357882 0.009441673 0.008357882 0.009441673 0.07192063 0.08489185 0.3881195 0.08489185 0.3153504 0.01531386 0.3153504 0.009441673 0.008357882 0.009441673 0.07192063 0.009441673 0.07192063 0.1544697 0.3881195 0.08489185 0.3881195 0.08489185 0.3881195 0.479458 0.07192063 0.479458 0.008357882 0.479458 0.008357882 0.08489185 0.3881195 0.01531386 0.3881195 0.01531386 0.3881195 0 0 0 0 0 0 0 0 0 0 0 0 0 0 0 0 0 0 0 0 0 0 0 0 0 0 0 0 0 0 0 0 0 0 0 0 0 0 0 0 0 0 0 0 0 0 0 0 0 0 0 0 0 0 0 0 0 0 0 0 0 0 0 0 0 0 0 0 0 0 0 0 0 0 0 0 0 0 0 0 0 0 0 0 0 0 0 0 0 0 0 0 0 0 0 0 0 0 0 0 0 0 0 0 0 0 0 0 0 0 0 0 0 0 0 0 0 0 0 0 0 0 0 0 0 0 0 0 0 0 0 0 0 0 0 0 0 0 0 0 0 0 0 0 0.5893405 0.8440769 0.7041323 0.9773099 0.5893405 0.9773099 0.5208602 0.9619362 0.5448347 0.974706 0.5448349 0.9619362 0.5216844 0.8470069 0.5456591 0.974706 0.5456591 0.8470069 0.5208602 0.9491662 0.5448347 0.9619362 0.5448347 0.9491662 0.5452467 0.974706 0.5212722 0.8470069 0.5212722 0.974706 0.479458 0.07192063 0.2444498 0.008357882 0.479458 0.008357882 0.2444498 0.07278728 0.009441673 0.008357882 0.2444498 0.008357882 0.1544697 0.3881195 0.08489185 0.3153504 0.08489185 0.3881195 0.479458 0.07192063 0.479458 0.008357882 0.479458 0.07192063 0.009441673 0.008357882 0.009441673 0.07192063 0.009441673 0.07192063 0.08489185 0.3881195 0.01531386 0.3153504 0.01531386 0.3881195 0.009441673 0.008357882 0.009441673 0.07192063 0.009441673 0.008357882 0.1544697 0.3881195 0.08489185 0.3881195 0.1544697 0.3881195 0.479458 0.07192063 0.479458 0.008357882 0.479458 0.07192063 0.08489185 0.3881195 0.01531386 0.3881195 0.08489185 0.3881195 0 0 0 0 0 0 0 0 0 0 0 0 0 0 0 0 0 0 0 0 0 0 0 0 0 0 0 0 0 0 0 0 0 0 0 0 0 0 0 0 0 0 0 0 0 0 0 0 0 0 0 0 0 0 0 0 0 0 0 0 0 0 0 0 0 0 0 0 0 0 0 0 0 0 0 0 0 0 0 0 0 0 0 0 0 0 0 0 0 0 0 0 0 0 0 0 0.479458 0.008357882 0.479458 0.07192063 0.479458 0.008357882 0.009441673 0.07192063 0.009441673 0.008357882 0.009441673 0.07192063 0.01531386 0.3881195 0.08489185 0.3881195 0.01531386 0.3881195 0.08489185 0.3881195 0.1544697 0.3881195 0.08489185 0.3881195 0 0 0 0 0 0 0 0 0 0 0 0 0 0 0 0 0 0 0 0 0 0 0 0 0 0 0 0 0 0 0 0 0 0 0 0 0 0 0 0 0 0 0 0 0 0 0 0 0 0 0 0 0 0 0 0 0 0 0 0 0 0 0 0 0 0 0 0 0 0 0 0 0 0 0 0 0 0 0 0 0 0 0 0 0 0 0 0 0 0 0 0 0 0 0 0 0 0 0 0 0 0 0 0 0 0 0 0 0 0 0 0 0 0 0 0 0 0 0 0 0 0 0 0 0 0 0 0 0 0 0 0 0 0 0 0 0 0 0 0 0 0 0 0 0 0 0 0 0 0 0 0 0 0 0 0 0 0 0 0 0 0 0 0 0 0 0 0 0 0 0 0 0 0 0 0 0 0 0 0 0 0 0 0 0 0 0 0 0 0 0 0 0 0 0 0 0 0 0 0 0 0 0 0 0 0 0 0 0 0 0 0 0 0 0 0 0 0 0 0 0 0 0 0 0 0 0 0 0 0 0 0 0 0 0 0 0 0 0 0 0 0 0 0 0 0 0 0 0 0 0 0 0 0 0 0 0 0 0 0 0 0 0 0 0 0 0 0 0 0 0 0 0 0 0 0 0 0 0 0 0 0 0 0 0 0 0 0 0 0 0 0 0 0 0 0 0 0 0 0 0 0 0 0 0 0 0 0 0 0 0 0 0 0 0 0 0 0 0 0 0 0 0 0 0 0 0 0 0 0 0 0 0 0 0 0 0 0 0 0 0 0 0 0 0 0 0 0 0 0 0 0 0 0 0 0 0 0 0 0 0 0 0 0 0 0 0 0 0 0 0 0 0 0 0 0 0 0 0 0 0 0 0 0 0 0 0 0 0 0 0 0 0 0 0 0 0 0 0 0 0 0 0 0 0 0 0 0 0 0 0 0 0 0 0 0 0 0 0 0 0 0 0 0 0 0 0 0 0 0 0 0 0 0 0 0 0 0 0 0 0 0 0 0 0 0 0 0 0 0 0 0 0 0 0 0 0 0 0 0 0 0 0 0 0 0 0 0 0 0 0 0 0 0 0 0 0 0 0 0 0 0 0 0 0 0 0 0 0 0 0 0 0 0 0 0 0 0 0 0 0 0 0 0 0 0 0 0 0 0 0 0 0 0 0 0 0 0 0 0 0 0 0 0 0 0 0 0 0 0 0 0 0 0 0 0 0 0 0 0 0 0 0 0 0 0 0 0 0 0 0 0 0 0 0 0 0 0 0 0 0 0 0 0 0 0 0 0 0 0 0 0 0 0 0 0 0 0 0 0 0 0 0 0 0 0 0 0 0 0 0 0 0 0 0 0 0 0 0 0 0 0 0 0 0 0 0 0 0 0 0 0 0 0 0 0 0 0 0 0 0 0 0 0 0 0 0 0 0 0 0 0 0 0 0 0 0 0 0 0 0 0 0 0 0 0 0 0 0 0 0 0 0 0 0 0 0 0 0 0 0 0 0 0 0 0 0 0 0 0 0 0 0 0 0 0 0 0 0 0 0 0 0 0 0 0 0 0 0 0 0 0 0 0 0 0 0 0 0 0 0 0 0 0 0 0 0 0 0 0 0 0 0 0 0 0 0 0 0 0 0 0 0 0 0 0 0 0 0 0 0 0 0 0 0 0 0 0 0 0 0 0 0 0 0 0 0 0 0 0 0 0 0 0 0 0 0 0 0 0 0 0 0 0 0 0 0 0 0 0 0 0 0 0 0 0 0 0 0 0 0 0 0 0 0 0 0 0 0 0 0 0 0 0 0 0 0 0 0 0 0 0 0 0 0 0 0 0 0 0 0 0 0 0 0 0 0 0 0 0 0 0 0 0 0 0 0 0 0 0 0 0 0 0 0 0 0 0 0 0 0 0 0 0 0 0 0 0 0 0 0 0 0 0 0 0 0 0 0 0 0 0 0 0 0 0 0 0 0 0 0 0 0 0 0 0 0 0 0 0 0 0 0 0 0 0 0 0 0 0 0 0 0 0 0 0 0 0 0 0 0 0 0 0 0 0 0 0 0 0 0 0 0 0 0 0 0 0 0 0 0 0 0 0 0 0 0 0 0 0 0 0 0 0 0 0 0 0 0 0 0 0 0 0 0 0 0 0 0 0 0 0 0 0 0 0 0 0 0 0 0 0 0 0 0 0 0 0 0 0 0 0 0 0 0 0 0 0 0 0 0 0 0 0 0 0 0 0 0 0 0 0 0 0 0 0 0 0 0 0 0 0 0 0 0 0 0 0 0 0 0 0 0 0 0 0 0 0 0 0 0 0 0 0 0 0 0 0 0 0 0 0 0 0 0 0 0 0 0 0 0 0 0 0 0 0 0 0 0 0 0 0 0 0 0 0 0 0 0 0 0 0 0 0 0 0 0 0 0 0 0 0 0 0 0 0 0 0 0 0 0 0 0 0 0 0 0 0 0 0 0 0 0 0 0 0 0 0 0 0 0 0 0 0 0 0 0 0 0 0 0 0 0 0 0 0 0 0 0 0 0 0 0 0 0 0 0 0 0 0 0 0 0 0 0 0 0 0 0 0 0 0 0 0 0 0 0 0 0 0 0 0 0 0 0 0 0 0 0 0 0 0 0 0 0 0 0 0 0 0 0 0 0 0 0 0 0 0 0 0 0 0 0 0 0 0 0 0 0 0 0 0 0 0 0 0 0 0 0 0 0 0 0 0 0 0 0 0 0 0 0 0 0 0 0 0 0 0 0 0 0 0 0 0 0 0 0 0 0 0 0 0 0 0 0 0 0 0 0 0 0 0 0 0 0 0 0 0 0 0 0 0 0 0 0 0 0 0 0 0 0 0 0 0 0 0 0 0 0 0 0 0 0 0 0 0 0 0 0 0 0 0 0 0 0 0 0 0 0 0 0 0 0 0 0 0 0 0 0 0 0 0 0 0 0 0 0 0 0 0 0 0 0 0 0 0 0 0 0 0 0 0 0 0 0 0 0 0 0 0 0 0 0 0 0 0 0 0 0 0 0 0 0 0 0 0 0 0 0 0 0 0 0 0 0 0 0 0 0 0 0 0 0 0 0 0 0 0 0 0 0 0 0 0 0 0 0 0 0 0 0 0 0 0 0 0 0 0 0 0 0 0 0 0 0 0 0 0 0 0 0 0 0 0 0 0 0 0 0 0 0 0 0 0 0 0 0 0 0 0 0 0 0 0 0 0 0 0 0 0 0 0 0 0 0 0 0 0 0 0 0 0 0 0 0 0 0 0 0 0 0 0 0 0 0 0 0 0 0 0 0 0 0 0 0 0 0 0 0 0 0 0 0 0 0 0 0 0 0 0 0 0 0 0 0 0 0 0 0 0 0 0 0 0 0 0 0 0 0 0 0 0 0 0 0 0 0 0 0 0 0 0 0 0 0 0 0 0 0 0 0 0 0 0 0 0 0 0 0 0 0 0 0 0 0 0 0 0 0 0 0 0 0 0 0 0 0 0 0 0 0 0 0 0 0 0 0 0 0 0 0 0 0 0 0 0 0 0 0 0 0 0 0 0 0 0 0 0 0 0 0 0 0 0 0 0 0 0 0 0 0 0 0 0 0 0 0 0 0 0 0 0 0 0 0 0 0 0 0 0 0 0 0 0 0 0 0 0 0 0 0 0 0 0 0 0 0 0 0 0 0 0 0 0 0 0 0 0 0 0 0 0 0 0 0 0 0 0 0 0 0 0 0 0 0 0 0 0 0 0 0 0 0 0 0 0 0 0 0 0 0 0 0 0 0 0 0 0 0 0 0 0 0 0 0 0 0 0 0 0 0 0 0 0 0 0 0 0 0 0 0 0 0 0 0 0 0 0 0 0 0 0 0 0 0 0 0 0 0 0 0 0 0 0 0 0 0 0 0 0 0 0 0 0 0 0 0 0 0 0 0 0 0 0 0 0 0 0 0 0 0 0 0 0 0 0 0 0 0 0 0 0 0 0 0 0 0 0 0 0 0 0 0 0 0 0 0 0 0 0 0 0 0 0 0 0 0 0 0 0 0 0 0 0 0 0 0 0 0 0 0 0 0 0 0 0 0 0 0 0 0 0 0 0 0 0 0 0 0 0 0 0 0 0 0 0 0 0 0 0 0 0 0 0 0 0 0 0 0 0 0 0 0 0 0 0 0 0 0 0 0 0 0 0 0 0 0 0 0 0 0 0 0 0 0 0 0 0 0 0 0 0 0 0 0 0 0 0 0 0 0 0 0 0 0 0 0 0 0 0 0 0 0 0 0 0 0 0 0 0 0 0 0 0 0 0 0 0 0 0 0 0 0 0 0 0 0 0 0 0 0 0 0 0 0 0 0 0 0 0 0 0 0 0 0 0 0 0 0 0 0 0 0 0 0 0 0 0 0 0 0 0 0 0 0 0 0 0 0 0 0 0 0 0 0 0 0 0 0 0 0 0 0 0 0 0 0 0 0 0 0 0 0 0 0 0 0 0 0 0 0 0 0 0 0 0 0 0 0 0 0 0 0 0 0 0 0 0 0 0 0 0 0 0 0 0 0 0 0 0 0 0 0 0 0 0 0 0 0 0 0 0 0 0 0 0 0 0 0 0 0 0 0 0 0 0 0 0 0 0 0 0 0 0 0 0 0 0 0 0 0 0 0 0 0 0 0 0 0 0 0 0 0 0 0 0 0 0 0 0 0 0 0 0 0 0 0 0 0 0 0 0 0 0 0 0 0 0 0 0 0 0 0 0 0 0 0 0 0 0 0 0 0 0 0 0 0 0 0 0 0 0 0 0 0 0 0 0 0 0 0 0 0 0 0 0 0 0 0 0 0 0 0 0 0 0 0 0 0 0 0 0 0 0 0 0 0 0 0 0 0 0 0 0 0 0 0 0 0 0 0 0 0 0 0 0 0 0 0 0 0 0 0 0 0 0 0 0 0 0 0 0 0 0 0 0 0 0 0 0 0 0 0 0 0 0 0 0 0 0 0 0 0 0 0 0 0 0 0 0 0 0 0 0 0 0 0 0 0 0 0 0 0 0 0 0 0 0 0 0 0 0 0 0 0 0 0 0 0 0 0 0 0 0 0 0 0 0 0 0 0 0 0 0 0 0 0 0 0 0 0 0 0 0 0 0 0 0 0 0 0 0 0 0 0 0 0 0 0 0 0 0 0 0 0 0 0 0 0 0 0 0 0 0 0 0 0 0 0 0 0 0 0 0 0 0 0 0 0 0 0 0 0 0 0 0 0 0 0 0 0 0 0 0 0 0 0 0 0 0 0 0 0 0 0 0 0 0 0 0 0 0 0 0 0 0 0 0 0 0 0 0 0 0 0 0 0 0 0 0 0 0 0 0 0 0 0 0 0 0 0 0 0 0 0 0 0 0 0 0 0 0 0 0 0 0 0 0 0 0 0 0 0 0 0 0 0 0 0 0 0 0 0 0 0 0 0 0 0 0 0 0 0 0 0 0 0 0 0 0 0 0 0 0 0 0 0 0 0 0 0 0 0 0 0 0 0 0 0 0 0 0 0 0 0 0 0 0 0 0 0 0 0 0 0 0 0 0 0 0 0 0 0 0 0 0 0 0 0 0 0 0 0 0 0 0 0 0 0 0 0 0 0 0 0 0 0 0 0 0 0 0 0 0 0 0 0 0 0 0 0 0 0 0 0 0 0 0 0 0 0 0 0 0 0 0 0 0 0 0 0 0 0 0 0 0 0 0 0 0 0 0 0 0 0 0 0 0 0 0 0 0 0 0 0 0 0 0 0 0 0 0 0 0 0 0 0 0 0 0 0 0 0 0 0 0 0 0 0 0 0 0 0 0 0 0 0 0 0 0 0 0 0 0 0 0 0 0 0 0 0 0 0 0 0 0 0 0 0 0 0 0 0 0 0 0 0 0 0 0 0 0 0 0 0 0 0 0 0 0 0 0 0 0 0 0 0 0 0 0 0 0 0 0 0 0 0 0 0 0 0 0 0 0 0 0 0 0 0 0 0 0 0 0 0 0 0 0 0 0 0 0 0 0 0 0 0 0 0 0 0 0 0 0 0 0 0 0 0 0 0 0 0 0 0 0 0 0 0 0 0 0 0 0 0 0 0 0 0 0 0 0 0 0 0 0 0 0 0 0 0 0 0 0 0 0 0 0 0 0 0 0 0 0 0 0 0 0 0 0 0 0 0 0 0 0 0 0 0 0 0 0 0 0 0 0 0 0 0 0 0 0 0 0 0 0 0 0 0 0 0 0 0 0 0 0 0 0 0 0 0 0 0 0 0 0 0 0 0 0 0 0 0 0 0 0 0 0 0 0 0 0 0 0 0 0 0 0 0 0 0 0 0 0 0 0 0 0 0 0 0 0 0 0 0 0 0 0 0 0 0 0 0 0 0 0 0 0 0 0 0 0 0 0 0 0 0 0 0 0 0 0 0 0 0 0 0 0 0 0 0 0 0 0 0 0 0 0 0 0 0 0 0 0 0 0 0 0 0 0 0 0 0 0 0 0 0 0 0 0 0 0 0 0 0 0 0 0 0 0 0 0 0 0 0 0 0 0 0 0 0 0 0 0 0 0 0 0 0 0 0 0 0 0 0 0 0 0 0 0 0 0 0 0 0 0 0 0 0 0 0 0 0 0 0 0 0 0 0 0 0 0 0 0 0 0 0 0 0 0 0 0 0 0 0 0 0 0 0 0 0 0 0 0 0 0 0 0 0 0 0 0 0 0 0 0 0 0 0 0 0 0 0 0 0 0 0 0 0 0 0 0 0 0 0 0 0 0 0 0 0 0 0 0 0 0 0 0 0 0 0 0 0 0 0 0 0 0 0 0 0 0 0 0 0 0 0 0 0 0 0 0 0 0 0 0 0 0 0 0 0 0 0 0 0 0 0 0 0 0 0 0 0 0 0 0 0 0 0 0 0 0 0 0 0 0 0 0 0 0 0 0 0 0 0 0 0 0 0 0 0 0 0 0 0 0 0 0 0 0 0 0 0 0 0 0 0 0 0 0 0 0 0 0 0 0 0 0 0 0 0 0 0 0 0 0 0 0 0 0 0 0 0 0 0 0 0 0 0 0 0 0 0 0 0 0 0 0 0 0 0 0 0 0 0 0 0 0 0 0 0 0 0 0 0 0 0 0 0 0 0 0 0 0 0 0 0 0 0 0 0 0 0 0 0 0 0 0 0 0 0 0 0 0 0 0 0 0 0 0 0 0 0 0 0 0 0 0 0 0 0 0 0 0 0 0 0 0 0 0 0 0 0 0 0 0 0 0 0 0 0 0 0 0 0 0 0 0 0 0 0 0 0 0 0 0 0 0 0 0 0 0 0 0 0 0 0 0 0 0 0 0 0 0 0 0 0 0 0 0 0 0 0 0 0 0 0 0 0 0 0 0 0 0 0 0 0 0 0 0 0 0 0 0 0 0 0 0 0 0 0 0 0 0 0 0 0 0 0 0 0 0 0 0 0 0 0 0 0 0 0 0 0 0 0 0 0 0 0 0 0 0 0 0 0 0 0 0 0 0 0 0 0 0 0 0 0 0 0 0 0 0 0 0 0 0 0 0 0 0 0 0 0 0 0 0 0 0 0 0 0 0 0 0 0 0 0 0 0 0 0 0 0 0 0 0 0 0 0 0 0 0 0 0 0 0 0 0 0 0 0 0 0 0 0 0 0 0 0 0 0 0 0 0 0 0 0 0 0 0 0 0 0 0 0 0 0 0 0 0 0 0 0 0 0 0 0 0 0 0 0 0 0 0 0 0 0 0 0 0 0 0 0 0 0 0 0 0 0 0 0 0 0 0 0 0 0 0 0 0 0 0 0 0 0 0 0 0 0 0 0.479458 0.008357882 0.479458 0.07192063 0.479458 0.07192063 0.009441673 0.008357882 0.009441673 0.008357882 0.009441673 0.07192063 0.08489185 0.3881195 0.08489185 0.3881195 0.01531386 0.3881195 0.1544697 0.3881195 0.1544697 0.3881195 0.08489185 0.3881195 0 0 0 0 0 0 0 0 0 0 0 0 0 0 0 0 0 0 0 0 0 0 0 0 0 0 0 0 0 0 0 0 0 0 0 0 0 0 0 0 0 0 0 0 0 0 0 0 0 0 0 0 0 0 0 0 0 0 0 0 0 0 0 0 0 0 0 0 0 0 0 0 0 0 0 0 0 0 0 0 0 0 0 0 0 0 0 0 0 0 0 0 0 0 0 0 0.479458 0.008357882 0.479458 0.07192063 0.479458 0.07192063 0.009441673 0.07192063 0.009441673 0.008357882 0.009441673 0.008357882 0.01531386 0.3881195 0.08489185 0.3881195 0.08489185 0.3881195 0.08489185 0.3881195 0.1544697 0.3881195 0.1544697 0.3881195 0 0 0 0 0 0 0 0 0 0 0 0 0 0 0 0 0 0 0 0 0 0 0 0 0 0 0 0 0 0 0 0 0 0 0 0 0 0 0 0 0 0 0 0 0 0 0 0 0 0 0 0 0 0 0 0 0 0 0 0 0 0 0 0 0 0 0 0 0 0 0 0 0 0 0 0 0 0 0 0 0 0 0 0 0 0 0 0 0 0 0 0 0 0 0 0 0 0 0 0 0 0 0 0 0 0 0 0 0 0 0 0 0 0 0 0 0 0 0 0 0 0 0 0 0 0 0 0 0 0 0 0 0 0 0 0 0 0 0 0 0 0 0 0 0 0 0 0 0 0 0 0 0 0 0 0 0 0 0 0 0 0 0 0 0 0 0 0 0 0 0 0 0 0 0 0 0 0 0 0 0 0 0 0 0 0 0 0 0 0 0 0 0 0 0 0 0 0 0 0 0 0 0 0 0 0 0 0 0 0 0 0 0 0 0 0 0 0 0 0 0 0 0 0 0 0 0 0 0 0 0 0 0 0 0 0 0 0 0 0 0 0 0 0 0 0 0 0 0 0 0 0 0 0 0 0 0 0 0 0 0 0 0 0 0 0 0 0 0 0 0 0 0 0 0 0 0 0 0 0 0 0 0 0 0 0 0 0 0 0 0 0 0 0 0 0 0 0 0 0 0 0 0 0 0 0 0 0 0 0 0 0 0 0 0 0 0 0 0 0 0 0 0 0 0 0 0 0 0 0 0 0 0 0 0 0 0 0 0 0 0 0 0 0 0 0 0 0 0 0 0 0 0 0 0 0 0 0 0 0 0 0 0 0 0 0 0 0 0 0 0 0 0 0 0 0 0 0 0 0 0 0 0 0</float_array>
          <technique_common>
            <accessor source="#Cylinder_003-mesh-map-1-array" count="3342" stride="2">
              <param name="S" type="float"/>
              <param name="T" type="float"/>
            </accessor>
          </technique_common>
        </source>
        <vertices id="Cylinder_003-mesh-vertices">
          <input semantic="POSITION" source="#Cylinder_003-mesh-positions"/>
        </vertices>
        <triangles material="Material-material" count="1114">
          <input semantic="VERTEX" source="#Cylinder_003-mesh-vertices" offset="0"/>
          <input semantic="NORMAL" source="#Cylinder_003-mesh-normals" offset="1"/>
          <input semantic="TEXCOORD" source="#Cylinder_003-mesh-map-0" offset="2" set="0"/>
          <input semantic="TEXCOORD" source="#Cylinder_003-mesh-map-1" offset="2" set="1"/>
          <p>52 0 0 48 1 1 49 2 2 28 3 3 49 2 4 26 4 5 54 5 6 50 6 7 51 7 8 55 8 9 51 7 10 52 0 11 30 9 12 52 0 13 28 3 14 57 10 15 53 11 16 54 5 17 44 12 18 13 13 19 47 14 20 41 15 21 15 16 22 44 12 23 38 17 24 17 18 25 41 15 26 9 19 27 19 20 28 38 17 29 6 21 30 21 22 31 9 19 32 3 23 33 23 24 34 6 21 35 3 23 36 27 25 37 25 26 38 50 6 39 27 25 40 0 27 41 53 11 42 29 28 43 50 6 44 53 11 45 33 29 46 31 30 47 59 31 48 33 29 49 56 32 50 62 33 51 35 34 52 59 31 53 58 35 54 54 5 55 55 8 56 30 9 57 58 35 58 55 8 59 57 10 60 59 31 61 56 32 62 61 36 63 57 10 64 58 35 65 64 37 66 60 38 67 61 36 68 34 39 69 58 35 70 32 40 71 63 41 72 59 31 73 60 38 74 36 42 75 61 36 76 34 39 77 51 7 78 0 27 79 48 1 80 26 4 81 1 43 82 24 44 83 49 2 84 2 43 85 1 43 86 48 1 87 3 23 88 2 43 89 24 44 90 4 45 91 22 46 92 1 43 93 5 47 94 4 45 95 2 43 96 6 21 97 5 47 98 22 46 99 7 48 100 20 49 101 4 45 102 8 50 103 7 48 104 5 47 105 9 19 106 8 50 107 20 49 108 10 51 109 18 52 110 7 48 111 11 53 112 10 51 113 8 50 114 38 17 115 11 53 116 18 52 117 39 54 118 16 55 119 10 51 120 40 56 121 39 54 122 11 53 123 41 15 124 40 56 125 16 55 126 42 57 127 14 58 128 39 54 129 43 59 130 42 57 131 40 56 132 44 12 133 43 59 134 14 58 135 45 60 136 12 61 137 42 57 138 46 62 139 45 60 140 43 59 141 47 14 142 46 62 143 72 63 144 27 25 145 29 28 146 71 64 147 25 26 148 27 25 149 70 65 150 23 24 151 25 26 152 69 66 153 21 22 154 23 24 155 68 67 156 19 20 157 21 22 158 67 68 159 17 18 160 19 20 161 75 69 162 33 29 163 35 34 164 66 70 165 15 16 166 17 18 167 74 71 168 31 30 169 33 29 170 73 72 171 29 28 172 31 30 173 100 73 174 75 69 175 37 74 176 96 75 177 98 76 178 80 77 179 83 78 180 66 79 181 67 80 182 85 81 183 67 80 184 68 82 185 87 83 186 68 82 187 69 84 188 89 85 189 69 84 190 70 86 191 71 87 192 89 85 193 70 86 194 72 88 195 91 89 196 71 87 197 73 90 198 93 91 199 72 88 200 74 92 201 95 93 202 73 90 203 75 94 204 97 95 205 74 92 206 81 96 207 65 97 208 66 79 209 77 98 210 78 99 211 76 100 212 79 101 213 80 102 214 78 99 215 81 96 216 82 103 217 80 102 218 83 78 219 84 104 220 82 103 221 85 81 222 86 105 223 84 104 224 87 83 225 88 106 226 86 105 227 88 106 228 91 89 229 90 107 230 90 107 231 93 91 232 92 108 233 92 108 234 95 93 235 94 109 236 94 109 237 97 95 238 96 110 239 96 110 240 99 111 241 98 112 242 98 112 243 100 113 244 101 114 245 65 115 246 79 116 247 77 117 248 150 118 249 154 119 250 151 120 251 151 120 252 130 3 253 128 4 254 152 121 255 156 5 256 153 119 257 153 119 258 157 8 259 154 119 260 154 119 261 132 122 262 130 3 263 155 123 264 159 124 265 156 5 266 115 125 267 146 126 268 149 127 269 117 16 270 143 15 271 146 126 272 119 128 273 140 129 274 143 15 275 121 130 276 111 131 277 140 129 278 123 132 279 108 133 280 111 131 281 125 134 282 105 135 283 108 133 284 105 135 285 129 136 286 102 137 287 129 136 288 152 121 289 102 137 290 131 138 291 155 123 292 152 121 293 155 123 294 135 139 295 158 140 296 135 139 297 161 141 298 158 140 299 137 142 300 164 143 301 161 141 302 156 5 303 160 144 304 157 8 305 132 122 306 160 144 307 134 145 308 159 124 309 161 141 310 162 146 311 159 124 312 163 147 313 160 144 314 162 146 315 166 148 316 163 147 317 160 144 318 136 149 319 134 145 320 161 141 321 165 150 322 162 146 323 163 147 324 138 151 325 136 149 326 102 137 327 153 119 328 150 118 329 103 152 330 128 4 331 126 44 332 104 43 333 151 120 334 103 152 335 105 135 336 150 118 337 104 43 338 106 153 339 126 44 340 124 154 341 107 155 342 103 152 343 106 153 344 108 133 345 104 43 346 107 155 347 109 156 348 124 154 349 122 157 350 110 158 351 106 153 352 109 156 353 111 131 354 107 155 355 110 158 356 112 159 357 122 157 358 120 160 359 113 53 360 109 156 361 112 159 362 140 129 363 110 158 364 113 53 365 141 161 366 120 160 367 118 162 368 142 163 369 112 159 370 141 161 371 143 15 372 113 53 373 142 163 374 144 164 375 118 162 376 116 165 377 145 166 378 141 161 379 144 164 380 146 126 381 142 163 382 145 166 383 147 167 384 116 165 385 114 168 386 148 62 387 144 164 388 147 167 389 149 127 390 145 166 391 148 62 392 129 136 393 174 63 394 131 138 395 127 169 396 173 170 397 129 136 398 125 134 399 172 65 400 127 169 401 123 132 402 171 66 403 125 134 404 121 130 405 170 171 406 123 132 407 119 128 408 169 172 409 121 130 410 135 139 411 177 173 412 137 142 413 117 16 414 168 70 415 119 128 416 133 174 417 176 71 418 135 139 419 131 138 420 175 72 421 133 174 422 139 175 423 177 173 424 202 176 425 184 177 426 182 178 427 196 179 428 168 180 429 185 181 430 169 182 431 169 182 432 187 183 433 170 184 434 170 184 435 189 185 436 171 186 437 171 186 438 191 187 439 172 188 440 173 189 441 191 187 442 193 190 443 174 191 444 193 190 445 195 192 446 175 193 447 195 192 448 197 194 449 176 195 450 197 194 451 199 196 452 177 197 453 199 196 454 201 198 455 167 199 456 183 200 457 168 180 458 180 201 459 179 202 460 178 203 461 182 204 462 181 205 463 180 201 464 184 206 465 183 200 466 182 204 467 186 207 468 185 181 469 184 206 470 188 208 471 187 183 472 186 207 473 190 209 474 189 185 475 188 208 476 190 209 477 193 190 478 191 187 479 192 210 480 195 192 481 193 190 482 194 211 483 197 194 484 195 192 485 196 212 486 199 196 487 197 194 488 198 213 489 201 198 490 199 196 491 200 214 492 202 215 493 201 198 494 179 216 495 181 217 496 167 218 497 218 219 498 212 220 499 206 221 500 219 222 501 211 223 502 217 224 503 205 225 504 219 226 505 218 219 506 204 227 507 215 228 508 210 229 509 207 230 510 212 231 511 213 232 512 216 233 513 213 234 514 217 235 515 208 236 516 215 237 517 209 238 518 216 233 519 214 235 520 208 239 521 224 240 522 230 241 523 220 219 524 231 242 525 225 243 526 229 244 527 231 245 528 205 225 529 230 241 530 204 227 531 227 246 532 223 247 533 221 248 534 224 249 535 220 250 536 228 251 537 225 252 538 221 253 539 227 254 540 222 255 541 223 256 542 226 257 543 228 251 544 222 258 545 233 259 546 242 260 547 241 261 548 235 262 549 244 263 550 242 264 551 239 265 552 246 266 553 244 267 554 237 268 555 241 269 556 246 270 557 235 271 558 237 271 559 239 272 560 247 273 561 232 274 562 236 275 563 246 270 564 240 276 565 247 273 566 245 277 567 236 277 568 238 277 569 244 267 570 247 277 571 245 277 572 243 278 573 238 279 574 234 280 575 242 264 576 245 281 577 243 278 578 232 282 579 243 282 580 234 282 581 240 283 582 242 260 583 243 282 584 249 284 585 258 285 586 257 286 587 251 287 588 260 288 589 258 289 590 255 290 591 262 291 592 260 292 593 253 293 594 257 294 595 262 295 596 251 296 597 253 296 598 255 296 599 263 297 600 248 298 601 252 299 602 262 295 603 256 300 604 263 297 605 261 277 606 252 277 607 254 277 608 260 292 609 263 277 610 261 277 611 259 301 612 254 302 613 250 303 614 258 289 615 261 304 616 259 301 617 256 282 618 250 282 619 248 282 620 257 286 621 259 282 622 256 282 623 218 219 624 219 226 625 212 220 626 211 223 627 210 305 628 217 224 629 210 305 630 215 306 631 217 224 632 215 306 633 214 296 634 217 224 635 217 224 636 213 307 637 219 222 638 213 307 639 212 308 640 219 222 641 205 225 642 211 309 643 219 226 644 204 227 645 209 310 646 215 228 647 207 230 648 206 311 649 212 231 650 216 233 651 207 312 652 213 234 653 208 236 654 214 313 655 215 237 656 216 233 657 217 235 658 214 235 659 224 240 660 231 245 661 230 241 662 227 314 663 210 305 664 229 244 665 210 305 666 211 223 667 229 244 668 231 242 669 224 315 670 225 243 671 211 223 672 231 242 673 229 244 674 229 244 675 226 296 676 227 314 677 231 245 678 211 309 679 205 225 680 204 227 681 210 229 682 227 246 683 221 248 684 225 316 685 224 249 686 228 251 687 229 317 688 225 252 689 227 254 690 226 318 691 222 255 692 226 257 693 229 317 694 228 251 695 233 259 696 235 319 697 242 260 698 235 262 699 239 320 700 244 263 701 239 265 702 237 321 703 246 266 704 237 268 705 233 322 706 241 269 707 235 271 708 233 323 709 237 271 710 247 273 711 240 276 712 232 274 713 246 270 714 241 269 715 240 276 716 245 277 717 247 277 718 236 277 719 244 267 720 246 266 721 247 277 722 243 278 723 245 281 724 238 279 725 242 264 726 244 263 727 245 281 728 232 282 729 240 283 730 243 282 731 240 283 732 241 261 733 242 260 734 249 284 735 251 324 736 258 285 737 251 287 738 255 325 739 260 288 740 255 290 741 253 326 742 262 291 743 253 293 744 249 327 745 257 294 746 251 296 747 249 296 748 253 296 749 263 297 750 256 300 751 248 298 752 262 295 753 257 294 754 256 300 755 261 277 756 263 277 757 252 277 758 260 292 759 262 291 760 263 277 761 259 301 762 261 304 763 254 302 764 258 289 765 260 288 766 261 304 767 256 282 768 259 282 769 250 282 770 257 286 771 258 285 772 259 282 773 266 299 774 292 299 775 265 328 776 265 328 777 295 329 778 294 330 779 269 331 780 266 332 781 265 331 782 271 333 783 265 331 784 267 334 785 268 335 786 289 336 787 264 335 788 298 337 789 289 336 790 291 338 791 273 339 792 274 340 793 272 335 794 276 341 795 275 342 796 273 343 797 277 344 798 273 345 799 272 299 800 278 346 801 272 347 802 274 348 803 281 349 804 282 350 805 280 335 806 284 351 807 283 352 808 281 353 809 285 354 810 281 355 811 280 356 812 286 357 813 280 358 814 282 359 815 299 360 816 267 334 817 294 360 818 270 361 819 293 360 820 266 332 821 290 362 822 264 335 823 288 363 824 295 364 825 299 365 826 294 366 827 297 367 828 293 368 829 296 369 830 292 370 831 290 362 832 288 363 833 303 371 834 300 371 835 301 371 836 301 372 837 305 373 838 303 374 839 303 375 840 307 376 841 302 377 842 302 378 843 306 379 844 300 380 845 300 381 846 304 382 847 301 383 848 308 384 849 313 385 850 312 386 851 312 386 852 311 387 853 310 299 854 316 388 855 312 389 856 310 390 857 308 391 858 315 392 859 309 393 860 317 394 861 310 395 862 311 277 863 318 396 864 308 396 865 312 389 866 317 394 867 321 397 868 316 398 869 316 399 870 323 400 871 318 401 872 314 402 873 320 403 874 315 392 875 318 401 876 319 404 877 314 405 878 292 299 879 288 299 880 265 328 881 288 299 882 264 299 883 265 328 884 266 332 885 293 360 886 292 360 887 265 328 888 264 299 889 289 406 890 265 328 891 289 406 892 295 329 893 294 360 894 267 334 895 265 331 896 269 331 897 270 361 898 266 332 899 271 333 900 269 331 901 265 331 902 268 335 903 291 338 904 289 336 905 298 337 906 295 364 907 289 336 908 273 339 909 275 407 910 274 340 911 276 341 912 279 408 913 275 342 914 277 344 915 276 409 916 273 345 917 278 346 918 277 282 919 272 347 920 281 349 921 283 350 922 282 350 923 284 351 924 287 277 925 283 352 926 285 354 927 284 299 928 281 355 929 286 357 930 285 410 931 280 358 932 299 360 933 271 333 934 267 334 935 270 361 936 296 360 937 293 360 938 290 362 939 268 335 940 264 335 941 295 364 942 298 337 943 299 365 944 297 367 945 292 370 946 293 368 947 292 370 948 297 367 949 290 362 950 303 371 951 302 371 952 300 371 953 301 372 954 304 411 955 305 373 956 303 375 957 305 412 958 307 376 959 302 378 960 307 413 961 306 379 962 300 381 963 306 414 964 304 382 965 308 384 966 309 415 967 313 385 968 312 386 969 313 385 970 311 387 971 316 388 972 318 396 973 312 389 974 308 391 975 314 402 976 315 392 977 317 394 978 316 398 979 310 395 980 318 396 981 314 416 982 308 396 983 317 394 984 322 417 985 321 397 986 316 399 987 321 404 988 323 400 989 314 402 990 319 418 991 320 403 992 318 401 993 323 400 994 319 404 995 355 419 996 340 420 997 337 421 998 357 422 999 336 423 1000 339 424 1001 349 425 1002 329 426 1003 331 277 1004 346 427 1005 330 428 1006 328 282 1007 351 429 1008 332 430 1009 333 430 1010 332 431 1011 352 432 1012 334 433 1013 353 434 1014 333 435 1015 335 277 1016 338 436 1017 357 422 1018 339 424 1019 359 360 1020 327 360 1021 341 360 1022 343 437 1023 326 437 1024 325 437 1025 344 360 1026 338 360 1027 326 360 1028 345 438 1029 325 437 1030 327 438 1031 702 303 1032 714 303 1033 703 303 1034 712 439 1035 720 440 1036 709 277 1037 358 441 1038 341 442 1039 340 420 1040 329 443 1041 346 444 1042 328 445 1043 320 403 1044 360 446 1045 361 282 1046 322 417 1047 362 447 1048 321 397 1049 323 400 1050 360 448 1051 319 404 1052 321 404 1053 364 448 1054 323 400 1055 367 449 1056 366 450 1057 393 451 1058 366 450 1059 395 303 1060 396 452 1061 370 331 1062 366 453 1063 367 332 1064 372 454 1065 368 455 1066 366 453 1067 369 335 1068 365 349 1069 390 456 1070 399 457 1071 392 458 1072 390 456 1073 374 335 1074 373 335 1075 375 335 1076 377 459 1077 374 460 1078 376 461 1079 378 462 1080 373 463 1081 374 464 1082 379 465 1083 375 466 1084 373 467 1085 382 349 1086 381 335 1087 383 350 1088 385 468 1089 382 469 1090 384 470 1091 386 471 1092 381 472 1093 382 473 1094 387 474 1095 383 475 1096 381 476 1097 400 360 1098 395 360 1099 368 455 1100 371 361 1101 367 332 1102 394 360 1103 391 477 1104 389 478 1105 365 349 1106 396 479 1107 395 480 1108 400 481 1109 398 482 1110 397 483 1111 394 484 1112 393 485 1113 389 478 1114 391 477 1115 404 486 1116 402 487 1117 401 486 1118 402 373 1119 404 411 1120 406 372 1121 404 375 1122 403 488 1123 408 489 1124 403 379 1125 401 413 1126 407 378 1127 401 490 1128 402 491 1129 405 492 1130 409 303 1131 413 303 1132 414 303 1133 413 303 1134 411 303 1135 412 303 1136 417 493 1137 411 494 1138 413 495 1139 409 496 1140 410 497 1141 416 498 1142 418 499 1143 412 277 1144 411 500 1145 419 501 1146 413 495 1147 409 495 1148 418 499 1149 417 502 1150 422 503 1151 417 504 1152 419 505 1153 424 506 1154 415 507 1155 416 498 1156 421 508 1157 419 505 1158 415 509 1159 420 506 1160 393 451 1161 366 450 1162 389 303 1163 389 303 1164 366 450 1165 365 303 1166 367 332 1167 393 360 1168 394 360 1169 366 450 1170 390 510 1171 365 303 1172 366 450 1173 396 452 1174 390 510 1175 395 360 1176 366 453 1177 368 455 1178 370 331 1179 367 332 1180 371 361 1181 372 454 1182 366 453 1183 370 331 1184 369 335 1185 390 456 1186 392 458 1187 399 457 1188 390 456 1189 396 479 1190 374 335 1191 375 335 1192 376 335 1193 377 459 1194 376 461 1195 380 511 1196 378 462 1197 374 464 1198 377 512 1199 379 465 1200 373 467 1201 378 513 1202 382 349 1203 383 350 1204 384 350 1205 385 468 1206 384 470 1207 388 514 1208 386 471 1209 382 473 1210 385 515 1211 387 474 1212 381 476 1213 386 516 1214 400 360 1215 368 455 1216 372 454 1217 371 361 1218 394 360 1219 397 360 1220 391 477 1221 365 349 1222 369 335 1223 396 479 1224 400 481 1225 399 457 1226 398 482 1227 394 484 1228 393 485 1229 393 485 1230 391 477 1231 398 482 1232 404 486 1233 401 486 1234 403 487 1235 402 373 1236 406 372 1237 405 374 1238 404 375 1239 408 489 1240 406 412 1241 403 379 1242 407 378 1243 408 380 1244 401 490 1245 405 492 1246 407 282 1247 409 303 1248 414 303 1249 410 303 1250 413 303 1251 412 303 1252 414 303 1253 417 493 1254 413 495 1255 419 501 1256 409 496 1257 416 498 1258 415 507 1259 418 499 1260 411 500 1261 417 502 1262 419 501 1263 409 495 1264 415 517 1265 418 499 1266 422 503 1267 423 518 1268 417 504 1269 424 506 1270 422 404 1271 415 507 1272 421 508 1273 420 519 1274 419 505 1275 420 506 1276 424 506 1277 438 520 1278 459 521 1279 456 522 1280 437 523 1281 458 524 1282 440 525 1283 430 526 1284 450 527 1285 432 528 1286 431 529 1287 447 530 1288 429 531 1289 434 532 1290 451 533 1291 452 534 1292 433 535 1293 453 536 1294 451 282 1295 434 537 1296 454 538 1297 436 539 1298 439 540 1299 458 524 1300 457 541 1301 428 360 1302 460 360 1303 442 360 1304 427 542 1305 444 543 1306 426 543 1307 439 360 1308 445 360 1309 427 360 1310 426 543 1311 446 544 1312 428 545 1313 705 546 1314 719 547 1315 707 548 1316 706 549 1317 718 550 1318 705 546 1319 442 551 1320 459 521 1321 441 552 1322 429 553 1323 448 554 1324 430 555 1325 462 556 1326 420 519 1327 421 508 1328 463 557 1329 423 518 1330 422 503 1331 461 558 1332 424 506 1333 420 506 1334 465 558 1335 422 404 1336 424 506 1337 466 559 1338 469 560 1339 467 561 1340 470 562 1341 467 563 1342 469 299 1343 473 564 1344 469 565 1345 468 566 1346 471 567 1347 466 568 1348 467 569 1349 472 303 1350 468 303 1351 466 303 1352 474 570 1353 477 571 1354 475 282 1355 478 572 1356 475 573 1357 477 574 1358 481 575 1359 477 576 1360 476 577 1361 479 578 1362 474 579 1363 475 580 1364 480 581 1365 476 582 1366 474 583 1367 482 584 1368 485 584 1369 483 585 1370 486 303 1371 483 303 1372 485 303 1373 489 586 1374 485 587 1375 484 588 1376 487 589 1377 482 590 1378 483 591 1379 488 592 1380 484 593 1381 482 299 1382 499 594 1383 493 595 1384 498 596 1385 498 299 1386 495 299 1387 491 299 1388 497 597 1389 493 598 1390 492 599 1391 495 600 1392 490 601 1393 491 602 1394 501 303 1395 492 303 1396 499 303 1397 496 303 1398 499 303 1399 490 303 1400 494 299 1401 498 299 1402 493 299 1403 490 603 1404 498 596 1405 491 604 1406 505 605 1407 536 606 1408 504 607 1409 514 608 1410 515 609 1411 547 610 1412 516 611 1413 518 612 1414 517 613 1415 516 614 1416 523 615 1417 521 616 1418 515 609 1419 525 617 1420 523 618 1421 514 619 1422 527 620 1423 525 621 1424 513 622 1425 529 623 1426 527 624 1427 511 625 1428 529 626 1429 512 627 1430 510 628 1431 531 629 1432 511 630 1433 517 631 1434 533 632 1435 510 633 1436 521 634 1437 519 635 1438 518 636 1439 519 637 1440 504 638 1441 503 639 1442 521 640 1443 522 641 1444 520 642 1445 522 643 1446 504 607 1447 520 644 1448 523 618 1449 524 645 1450 522 646 1451 524 645 1452 505 647 1453 522 646 1454 525 621 1455 526 648 1456 524 649 1457 526 648 1458 506 650 1459 524 649 1460 527 624 1461 528 651 1462 526 652 1463 528 653 1464 507 654 1465 526 655 1466 531 656 1467 528 657 1468 529 626 1469 528 658 1470 509 659 1471 508 660 1472 533 661 1473 530 662 1474 531 629 1475 530 662 1476 502 663 1477 509 664 1478 518 665 1479 532 666 1480 533 632 1481 532 666 1482 503 667 1483 502 668 1484 507 669 1485 538 670 1486 506 650 1487 509 659 1488 540 671 1489 508 660 1490 504 638 1491 535 672 1492 503 639 1493 506 673 1494 537 674 1495 505 647 1496 508 675 1497 539 676 1498 507 654 1499 516 611 1500 517 613 1501 549 677 1502 511 625 1503 512 627 1504 544 678 1505 513 679 1506 514 619 1507 546 680 1508 516 614 1509 548 681 1510 547 682 1511 517 631 1512 510 633 1513 542 683 1514 516 611 1515 521 684 1516 518 612 1517 516 614 1518 515 685 1519 523 615 1520 515 609 1521 514 608 1522 525 617 1523 514 619 1524 513 679 1525 527 620 1526 513 622 1527 512 686 1528 529 623 1529 511 625 1530 531 656 1531 529 626 1532 510 628 1533 533 661 1534 531 629 1535 517 631 1536 518 665 1537 533 632 1538 521 634 1539 520 687 1540 519 635 1541 519 637 1542 520 688 1543 504 638 1544 521 640 1545 523 689 1546 522 641 1547 522 643 1548 505 605 1549 504 607 1550 523 618 1551 525 617 1552 524 645 1553 524 645 1554 506 673 1555 505 647 1556 525 621 1557 527 620 1558 526 648 1559 526 648 1560 507 669 1561 506 650 1562 527 624 1563 529 623 1564 528 651 1565 528 653 1566 508 675 1567 507 654 1568 531 656 1569 530 690 1570 528 657 1571 528 658 1572 530 691 1573 509 659 1574 533 661 1575 532 692 1576 530 662 1577 530 662 1578 532 692 1579 502 663 1580 518 665 1581 519 693 1582 532 666 1583 532 666 1584 519 693 1585 503 667 1586 503 667 1587 534 694 1588 502 668 1589 502 663 1590 541 695 1591 509 664 1592 512 686 1593 513 622 1594 545 696 1595 510 628 1596 511 630 1597 543 697 1598 466 559 1599 468 698 1600 469 560 1601 470 562 1602 471 699 1603 467 563 1604 473 564 1605 470 700 1606 469 565 1607 471 567 1608 472 701 1609 466 568 1610 472 303 1611 473 303 1612 468 303 1613 474 570 1614 476 702 1615 477 571 1616 478 572 1617 479 703 1618 475 573 1619 481 575 1620 478 704 1621 477 576 1622 479 578 1623 480 705 1624 474 579 1625 480 581 1626 481 706 1627 476 582 1628 482 584 1629 484 707 1630 485 584 1631 486 303 1632 487 303 1633 483 303 1634 489 586 1635 486 277 1636 485 587 1637 487 589 1638 488 282 1639 482 590 1640 488 592 1641 489 708 1642 484 593 1643 499 594 1644 492 709 1645 493 595 1646 498 299 1647 500 299 1648 495 299 1649 497 597 1650 494 710 1651 493 598 1652 495 600 1653 496 711 1654 490 601 1655 501 303 1656 497 303 1657 492 303 1658 496 303 1659 501 303 1660 499 303 1661 494 299 1662 500 299 1663 498 299 1664 490 603 1665 499 594 1666 498 596 1667 505 605 1668 537 712 1669 536 606 1670 514 608 1671 547 610 1672 546 713 1673 507 669 1674 539 714 1675 538 670 1676 509 659 1677 541 715 1678 540 671 1679 504 638 1680 536 716 1681 535 672 1682 506 673 1683 538 717 1684 537 674 1685 508 675 1686 540 718 1687 539 676 1688 516 611 1689 549 677 1690 548 719 1691 511 625 1692 544 678 1693 543 720 1694 513 679 1695 546 680 1696 545 721 1697 516 614 1698 547 682 1699 515 685 1700 517 631 1701 542 683 1702 549 683 1703 503 667 1704 535 722 1705 534 694 1706 502 663 1707 534 723 1708 541 695 1709 512 686 1710 545 696 1711 544 696 1712 510 628 1713 543 697 1714 542 724 1715 553 725 1716 584 726 1717 552 727 1718 562 728 1719 563 729 1720 595 730 1721 564 731 1722 566 732 1723 565 733 1724 564 734 1725 571 735 1726 569 736 1727 563 729 1728 573 737 1729 571 738 1730 562 739 1731 575 740 1732 573 741 1733 561 742 1734 577 743 1735 575 744 1736 559 745 1737 577 746 1738 560 747 1739 558 748 1740 579 749 1741 559 750 1742 565 751 1743 581 752 1744 558 753 1745 569 754 1746 567 755 1747 566 732 1748 567 756 1749 552 757 1750 551 758 1751 569 736 1752 570 759 1753 568 760 1754 570 761 1755 552 727 1756 568 762 1757 571 738 1758 572 763 1759 570 764 1760 572 763 1761 553 765 1762 570 764 1763 573 741 1764 574 766 1765 572 767 1766 574 766 1767 554 768 1768 572 767 1769 575 744 1770 576 769 1771 574 770 1772 576 771 1773 555 772 1774 574 773 1775 579 774 1776 576 775 1777 577 746 1778 576 776 1779 557 777 1780 556 778 1781 581 779 1782 578 780 1783 579 749 1784 578 780 1785 550 781 1786 557 782 1787 566 783 1788 580 784 1789 581 752 1790 580 784 1791 551 785 1792 550 786 1793 555 787 1794 586 788 1795 554 768 1796 557 777 1797 588 789 1798 556 778 1799 552 757 1800 583 790 1801 551 758 1802 554 791 1803 585 792 1804 553 765 1805 556 793 1806 587 794 1807 555 772 1808 564 731 1809 565 733 1810 597 795 1811 559 745 1812 560 747 1813 592 796 1814 561 797 1815 562 739 1816 594 798 1817 564 734 1818 596 799 1819 595 799 1820 565 751 1821 558 753 1822 590 800 1823 564 731 1824 569 754 1825 566 732 1826 564 734 1827 563 801 1828 571 735 1829 563 729 1830 562 728 1831 573 737 1832 562 739 1833 561 797 1834 575 740 1835 561 742 1836 560 802 1837 577 743 1838 559 745 1839 579 774 1840 577 746 1841 558 748 1842 581 779 1843 579 749 1844 565 751 1845 566 783 1846 581 752 1847 569 754 1848 568 803 1849 567 755 1850 567 756 1851 568 804 1852 552 757 1853 569 736 1854 571 735 1855 570 759 1856 570 761 1857 553 725 1858 552 727 1859 571 738 1860 573 737 1861 572 763 1862 572 763 1863 554 791 1864 553 765 1865 573 741 1866 575 740 1867 574 766 1868 574 766 1869 555 787 1870 554 768 1871 575 744 1872 577 743 1873 576 769 1874 576 771 1875 556 793 1876 555 772 1877 579 774 1878 578 805 1879 576 775 1880 576 776 1881 578 806 1882 557 777 1883 581 779 1884 580 807 1885 578 780 1886 578 780 1887 580 807 1888 550 781 1889 566 783 1890 567 808 1891 580 784 1892 580 784 1893 567 808 1894 551 785 1895 551 785 1896 582 809 1897 550 786 1898 550 781 1899 589 810 1900 557 782 1901 560 802 1902 561 742 1903 593 811 1904 558 748 1905 559 750 1906 591 812 1907 601 813 1908 632 814 1909 600 815 1910 610 816 1911 611 817 1912 643 818 1913 612 819 1914 614 820 1915 613 821 1916 612 822 1917 619 823 1918 617 824 1919 611 817 1920 621 825 1921 619 826 1922 610 827 1923 623 828 1924 621 829 1925 609 830 1926 625 831 1927 623 832 1928 607 833 1929 625 834 1930 608 835 1931 606 836 1932 627 837 1933 607 838 1934 613 839 1935 629 840 1936 606 841 1937 617 842 1938 615 843 1939 614 820 1940 615 844 1941 600 845 1942 599 846 1943 617 824 1944 618 847 1945 616 848 1946 618 849 1947 600 815 1948 616 850 1949 619 826 1950 620 851 1951 618 852 1952 620 851 1953 601 853 1954 618 852 1955 621 829 1956 622 854 1957 620 855 1958 622 854 1959 602 856 1960 620 855 1961 623 832 1962 624 857 1963 622 858 1964 624 859 1965 603 860 1966 622 861 1967 627 862 1968 624 863 1969 625 834 1970 624 864 1971 605 865 1972 604 866 1973 629 867 1974 626 868 1975 627 837 1976 626 868 1977 598 869 1978 605 870 1979 614 871 1980 628 872 1981 629 840 1982 628 872 1983 599 873 1984 598 874 1985 603 875 1986 634 876 1987 602 856 1988 605 865 1989 636 877 1990 604 866 1991 600 845 1992 631 878 1993 599 846 1994 602 879 1995 633 880 1996 601 853 1997 604 881 1998 635 882 1999 603 860 2000 612 819 2001 613 821 2002 645 883 2003 607 833 2004 608 835 2005 640 884 2006 609 885 2007 610 827 2008 642 886 2009 612 822 2010 644 887 2011 643 888 2012 613 839 2013 606 841 2014 638 889 2015 612 819 2016 617 842 2017 614 820 2018 612 822 2019 611 890 2020 619 823 2021 611 817 2022 610 816 2023 621 825 2024 610 827 2025 609 885 2026 623 828 2027 609 830 2028 608 891 2029 625 831 2030 607 833 2031 627 862 2032 625 834 2033 606 836 2034 629 867 2035 627 837 2036 613 839 2037 614 871 2038 629 840 2039 617 842 2040 616 892 2041 615 843 2042 615 844 2043 616 893 2044 600 845 2045 617 824 2046 619 823 2047 618 847 2048 618 849 2049 601 813 2050 600 815 2051 619 826 2052 621 825 2053 620 851 2054 620 851 2055 602 879 2056 601 853 2057 621 829 2058 623 828 2059 622 854 2060 622 854 2061 603 875 2062 602 856 2063 623 832 2064 625 831 2065 624 857 2066 624 859 2067 604 881 2068 603 860 2069 627 862 2070 626 894 2071 624 863 2072 624 864 2073 626 895 2074 605 865 2075 629 867 2076 628 896 2077 626 868 2078 626 868 2079 628 896 2080 598 869 2081 614 871 2082 615 897 2083 628 872 2084 628 872 2085 615 897 2086 599 873 2087 599 873 2088 630 898 2089 598 874 2090 598 869 2091 637 899 2092 605 870 2093 608 891 2094 609 830 2095 641 900 2096 606 836 2097 607 838 2098 639 901 2099 553 725 2100 585 902 2101 584 726 2102 562 728 2103 595 730 2104 594 903 2105 555 787 2106 587 904 2107 586 788 2108 557 777 2109 589 905 2110 588 789 2111 552 757 2112 584 906 2113 583 790 2114 554 791 2115 586 907 2116 585 792 2117 556 793 2118 588 908 2119 587 794 2120 564 731 2121 597 795 2122 596 909 2123 559 745 2124 592 796 2125 591 796 2126 561 797 2127 594 798 2128 593 910 2129 564 734 2130 595 799 2131 563 801 2132 565 751 2133 590 800 2134 597 911 2135 551 785 2136 583 912 2137 582 809 2138 550 781 2139 582 913 2140 589 810 2141 560 802 2142 593 811 2143 592 811 2144 558 748 2145 591 812 2146 590 914 2147 601 813 2148 633 915 2149 632 814 2150 610 816 2151 643 818 2152 642 916 2153 603 875 2154 635 917 2155 634 876 2156 605 865 2157 637 918 2158 636 877 2159 600 845 2160 632 919 2161 631 878 2162 602 879 2163 634 920 2164 633 880 2165 604 881 2166 636 921 2167 635 882 2168 612 819 2169 645 883 2170 644 922 2171 607 833 2172 640 884 2173 639 884 2174 609 885 2175 642 886 2176 641 923 2177 612 822 2178 643 888 2179 611 890 2180 613 839 2181 638 889 2182 645 924 2183 599 873 2184 631 925 2185 630 898 2186 598 869 2187 630 926 2188 637 899 2189 608 891 2190 641 900 2191 640 927 2192 606 836 2193 639 901 2194 638 928 2195 64 37 2196 654 929 2197 63 41 2198 138 151 2199 669 930 2200 662 931 2201 46 62 2202 650 932 2203 45 60 2204 76 282 2205 659 282 2206 656 282 2207 114 168 2208 664 933 2209 147 167 2210 36 42 2211 655 934 2212 64 37 2213 148 62 2214 666 935 2215 149 127 2216 12 61 2217 650 932 2218 646 936 2219 149 127 2220 661 937 2221 115 125 2222 47 14 2223 651 938 2224 46 62 2225 203 939 2226 672 940 2227 202 215 2228 202 176 2229 663 941 2230 139 175 2231 13 13 2232 652 942 2233 47 14 2234 101 114 2235 658 943 2236 659 944 2237 139 175 2238 667 945 2239 164 143 2240 37 74 2241 658 946 2242 100 73 2243 179 202 2244 670 947 2245 178 203 2246 164 143 2247 668 948 2248 165 150 2249 62 33 2250 649 949 2251 37 74 2252 115 125 2253 671 950 2254 179 216 2255 77 98 2256 656 951 2257 657 952 2258 165 150 2259 669 930 2260 166 148 2261 63 41 2262 653 948 2263 62 33 2264 147 167 2265 665 953 2266 148 62 2267 178 277 2268 673 277 2269 203 277 2270 13 13 2271 657 954 2272 647 955 2273 332 956 2274 286 957 2275 282 958 2276 279 959 2277 329 960 2278 275 961 2279 376 962 2280 432 963 2281 380 964 2282 387 965 2283 433 966 2284 383 967 2285 678 968 2286 674 968 2287 675 969 2288 677 970 2289 676 971 2290 674 968 2291 681 972 2292 683 972 2293 680 973 2294 684 974 2295 682 972 2296 681 972 2297 674 975 2298 680 976 2299 675 977 2300 679 978 2301 684 979 2302 676 980 2303 677 981 2304 685 982 2305 679 983 2306 676 984 2307 681 985 2308 674 975 2309 678 277 2310 680 277 2311 683 277 2312 678 986 2313 682 987 2314 677 981 2315 687 988 2316 696 989 2317 695 990 2318 689 991 2319 698 992 2320 696 993 2321 693 994 2322 700 995 2323 698 996 2324 691 997 2325 695 998 2326 700 999 2327 689 296 2328 691 296 2329 693 296 2330 701 1000 2331 686 299 2332 690 299 2333 700 999 2334 694 1001 2335 701 1000 2336 699 277 2337 690 277 2338 692 277 2339 698 996 2340 701 277 2341 699 277 2342 697 1002 2343 692 303 2344 688 303 2345 696 993 2346 699 1003 2347 697 1002 2348 694 282 2349 688 282 2350 686 282 2351 695 990 2352 697 282 2353 694 282 2354 687 988 2355 689 1004 2356 696 989 2357 689 991 2358 693 1005 2359 698 992 2360 693 994 2361 691 1006 2362 700 995 2363 691 997 2364 687 1007 2365 695 998 2366 689 296 2367 687 296 2368 691 296 2369 701 1000 2370 694 1001 2371 686 299 2372 700 999 2373 695 998 2374 694 1001 2375 699 277 2376 701 277 2377 690 277 2378 698 996 2379 700 995 2380 701 277 2381 697 1002 2382 699 1003 2383 692 303 2384 696 993 2385 698 992 2386 699 1003 2387 694 282 2388 697 282 2389 688 282 2390 695 990 2391 696 989 2392 697 282 2393 703 1008 2394 324 296 2395 702 296 2396 704 1009 2397 324 296 2398 336 423 2399 706 1010 2400 342 296 2401 355 419 2402 707 1011 2403 342 296 2404 705 296 2405 706 1010 2406 337 421 2407 703 1008 2408 704 1009 2409 354 1012 2410 707 1011 2411 709 1013 2412 425 296 2413 438 520 2414 710 1014 2415 425 296 2416 708 296 2417 712 1015 2418 443 296 2419 711 296 2420 713 1016 2421 443 296 2422 455 1017 2423 709 1013 2424 456 522 2425 712 1015 2426 713 1016 2427 437 523 2428 710 1014 2429 719 1018 2430 715 1019 2431 716 1020 2432 718 1018 2433 714 1021 2434 715 1019 2435 721 1022 2436 725 1023 2437 722 1024 2438 720 1025 2439 724 1026 2440 721 1022 2441 711 1027 2442 723 1028 2443 712 1029 2444 704 303 2445 715 303 2446 702 303 2447 713 1030 2448 724 1031 2449 711 1027 2450 703 1032 2451 717 1033 2452 706 277 2453 710 1034 2454 725 1035 2455 713 282 2456 709 299 2457 721 299 2458 708 299 2459 708 299 2460 722 299 2461 710 299 2462 707 1036 2463 716 1037 2464 704 282 2465 52 0 2466 51 7 2467 48 1 2468 28 3 2469 52 0 2470 49 2 2471 54 5 2472 53 11 2473 50 6 2474 55 8 2475 54 5 2476 51 7 2477 30 9 2478 55 8 2479 52 0 2480 57 10 2481 56 32 2482 53 11 2483 44 12 2484 15 16 2485 13 13 2486 41 15 2487 17 18 2488 15 16 2489 38 17 2490 19 20 2491 17 18 2492 9 19 2493 21 22 2494 19 20 2495 6 21 2496 23 24 2497 21 22 2498 3 23 2499 25 26 2500 23 24 2501 3 23 2502 0 27 2503 27 25 2504 50 6 2505 29 28 2506 27 25 2507 53 11 2508 31 30 2509 29 28 2510 53 11 2511 56 32 2512 33 29 2513 59 31 2514 35 34 2515 33 29 2516 62 33 2517 37 74 2518 35 34 2519 58 35 2520 57 10 2521 54 5 2522 30 9 2523 32 40 2524 58 35 2525 57 10 2526 60 38 2527 59 31 2528 61 36 2529 60 38 2530 57 10 2531 64 37 2532 63 41 2533 60 38 2534 34 39 2535 61 36 2536 58 35 2537 63 41 2538 62 33 2539 59 31 2540 36 42 2541 64 37 2542 61 36 2543 51 7 2544 50 6 2545 0 27 2546 26 4 2547 49 2 2548 1 43 2549 49 2 2550 48 1 2551 2 43 2552 48 1 2553 0 27 2554 3 23 2555 24 44 2556 1 43 2557 4 45 2558 1 43 2559 2 43 2560 5 47 2561 2 43 2562 3 23 2563 6 21 2564 22 46 2565 4 45 2566 7 48 2567 4 45 2568 5 47 2569 8 50 2570 5 47 2571 6 21 2572 9 19 2573 20 49 2574 7 48 2575 10 51 2576 7 48 2577 8 50 2578 11 53 2579 8 50 2580 9 19 2581 38 17 2582 18 52 2583 10 51 2584 39 54 2585 10 51 2586 11 53 2587 40 56 2588 11 53 2589 38 17 2590 41 15 2591 16 55 2592 39 54 2593 42 57 2594 39 54 2595 40 56 2596 43 59 2597 40 56 2598 41 15 2599 44 12 2600 14 58 2601 42 57 2602 45 60 2603 42 57 2604 43 59 2605 46 62 2606 43 59 2607 44 12 2608 47 14 2609 72 63 2610 71 64 2611 27 25 2612 71 64 2613 70 65 2614 25 26 2615 70 65 2616 69 66 2617 23 24 2618 69 66 2619 68 67 2620 21 22 2621 68 67 2622 67 68 2623 19 20 2624 67 68 2625 66 70 2626 17 18 2627 75 69 2628 74 71 2629 33 29 2630 66 70 2631 65 115 2632 15 16 2633 74 71 2634 73 72 2635 31 30 2636 73 72 2637 72 63 2638 29 28 2639 99 1038 2640 75 69 2641 100 73 2642 75 69 2643 35 34 2644 37 74 2645 76 282 2646 78 1039 2647 101 1040 2648 78 1039 2649 80 77 2650 98 76 2651 101 1040 2652 78 1039 2653 98 76 2654 80 77 2655 82 1041 2656 94 1042 2657 82 1041 2658 84 1043 2659 92 1044 2660 84 1043 2661 86 1045 2662 90 1046 2663 86 1045 2664 88 282 2665 90 1046 2666 90 1046 2667 92 1044 2668 84 1043 2669 92 1044 2670 94 1042 2671 82 1041 2672 94 1042 2673 96 75 2674 80 77 2675 83 78 2676 81 96 2677 66 79 2678 85 81 2679 83 78 2680 67 80 2681 87 83 2682 85 81 2683 68 82 2684 89 85 2685 87 83 2686 69 84 2687 71 87 2688 91 89 2689 89 85 2690 72 88 2691 93 91 2692 91 89 2693 73 90 2694 95 93 2695 93 91 2696 74 92 2697 97 95 2698 95 93 2699 75 94 2700 99 111 2701 97 95 2702 81 96 2703 79 101 2704 65 97 2705 77 98 2706 79 101 2707 78 99 2708 79 101 2709 81 96 2710 80 102 2711 81 96 2712 83 78 2713 82 103 2714 83 78 2715 85 81 2716 84 104 2717 85 81 2718 87 83 2719 86 105 2720 87 83 2721 89 85 2722 88 106 2723 88 106 2724 89 85 2725 91 89 2726 90 107 2727 91 89 2728 93 91 2729 92 108 2730 93 91 2731 95 93 2732 94 109 2733 95 93 2734 97 95 2735 96 110 2736 97 95 2737 99 111 2738 98 112 2739 99 111 2740 100 113 2741 77 117 2742 13 13 2743 65 115 2744 13 13 2745 15 16 2746 65 115 2747 150 118 2748 153 119 2749 154 119 2750 151 120 2751 154 119 2752 130 3 2753 152 121 2754 155 123 2755 156 5 2756 153 119 2757 156 5 2758 157 8 2759 154 119 2760 157 8 2761 132 122 2762 155 123 2763 158 140 2764 159 124 2765 115 125 2766 117 16 2767 146 126 2768 117 16 2769 119 128 2770 143 15 2771 119 128 2772 121 130 2773 140 129 2774 121 130 2775 123 132 2776 111 131 2777 123 132 2778 125 134 2779 108 133 2780 125 134 2781 127 169 2782 105 135 2783 105 135 2784 127 169 2785 129 136 2786 129 136 2787 131 138 2788 152 121 2789 131 138 2790 133 174 2791 155 123 2792 155 123 2793 133 174 2794 135 139 2795 135 139 2796 137 142 2797 161 141 2798 137 142 2799 139 175 2800 164 143 2801 156 5 2802 159 124 2803 160 144 2804 132 122 2805 157 8 2806 160 144 2807 159 124 2808 158 140 2809 161 141 2810 159 124 2811 162 146 2812 163 147 2813 162 146 2814 165 150 2815 166 148 2816 160 144 2817 163 147 2818 136 149 2819 161 141 2820 164 143 2821 165 150 2822 163 147 2823 166 148 2824 138 151 2825 102 137 2826 152 121 2827 153 119 2828 103 152 2829 151 120 2830 128 4 2831 104 43 2832 150 118 2833 151 120 2834 105 135 2835 102 137 2836 150 118 2837 106 153 2838 103 152 2839 126 44 2840 107 155 2841 104 43 2842 103 152 2843 108 133 2844 105 135 2845 104 43 2846 109 156 2847 106 153 2848 124 154 2849 110 158 2850 107 155 2851 106 153 2852 111 131 2853 108 133 2854 107 155 2855 112 159 2856 109 156 2857 122 157 2858 113 53 2859 110 158 2860 109 156 2861 140 129 2862 111 131 2863 110 158 2864 141 161 2865 112 159 2866 120 160 2867 142 163 2868 113 53 2869 112 159 2870 143 15 2871 140 129 2872 113 53 2873 144 164 2874 141 161 2875 118 162 2876 145 166 2877 142 163 2878 141 161 2879 146 126 2880 143 15 2881 142 163 2882 147 167 2883 144 164 2884 116 165 2885 148 62 2886 145 166 2887 144 164 2888 149 127 2889 146 126 2890 145 166 2891 129 136 2892 173 170 2893 174 63 2894 127 169 2895 172 65 2896 173 170 2897 125 134 2898 171 66 2899 172 65 2900 123 132 2901 170 171 2902 171 66 2903 121 130 2904 169 172 2905 170 171 2906 119 128 2907 168 70 2908 169 172 2909 135 139 2910 176 71 2911 177 173 2912 117 16 2913 167 218 2914 168 70 2915 133 174 2916 175 72 2917 176 71 2918 131 138 2919 174 63 2920 175 72 2921 137 142 2922 177 173 2923 139 175 2924 177 173 2925 201 1047 2926 202 176 2927 182 178 2928 180 1048 2929 200 1049 2930 180 1048 2931 178 277 2932 200 1049 2933 178 277 2934 203 277 2935 200 1049 2936 200 1049 2937 198 1050 2938 182 178 2939 198 1050 2940 196 179 2941 182 178 2942 196 179 2943 194 1051 2944 186 1052 2945 194 1051 2946 192 1053 2947 188 1054 2948 192 1053 2949 190 277 2950 188 1054 2951 188 1054 2952 186 1052 2953 194 1051 2954 186 1052 2955 184 177 2956 196 179 2957 168 180 2958 183 200 2959 185 181 2960 169 182 2961 185 181 2962 187 183 2963 170 184 2964 187 183 2965 189 185 2966 171 186 2967 189 185 2968 191 187 2969 173 189 2970 172 188 2971 191 187 2972 174 191 2973 173 189 2974 193 190 2975 175 193 2976 174 191 2977 195 192 2978 176 195 2979 175 193 2980 197 194 2981 177 197 2982 176 195 2983 199 196 2984 167 199 2985 181 205 2986 183 200 2987 180 201 2988 181 205 2989 179 202 2990 182 204 2991 183 200 2992 181 205 2993 184 206 2994 185 181 2995 183 200 2996 186 207 2997 187 183 2998 185 181 2999 188 208 3000 189 185 3001 187 183 3002 190 209 3003 191 187 3004 189 185 3005 190 209 3006 192 210 3007 193 190 3008 192 210 3009 194 211 3010 195 192 3011 194 211 3012 196 212 3013 197 194 3014 196 212 3015 198 213 3016 199 196 3017 198 213 3018 200 214 3019 201 198 3020 200 214 3021 203 939 3022 202 215 3023 117 16 3024 115 125 3025 167 218 3026 115 125 3027 179 216 3028 167 218 3029 355 419 3030 358 441 3031 340 420 3032 357 422 3033 354 1012 3034 336 423 3035 349 425 3036 347 1055 3037 329 426 3038 346 427 3039 348 1056 3040 330 428 3041 351 429 3042 350 429 3043 332 430 3044 332 431 3045 350 1057 3046 352 432 3047 353 434 3048 351 1058 3049 333 435 3050 338 436 3051 356 1059 3052 357 422 3053 359 360 3054 345 360 3055 327 360 3056 343 437 3057 344 1060 3058 326 437 3059 344 360 3060 356 360 3061 338 360 3062 345 438 3063 343 437 3064 325 437 3065 702 303 3066 715 303 3067 714 303 3068 712 439 3069 723 1061 3070 720 440 3071 358 441 3072 359 1062 3073 341 442 3074 329 443 3075 347 1063 3076 346 444 3077 320 403 3078 319 418 3079 360 446 3080 322 417 3081 363 277 3082 362 447 3083 323 400 3084 364 448 3085 360 448 3086 321 404 3087 362 448 3088 364 448 3089 438 520 3090 441 552 3091 459 521 3092 437 523 3093 455 1017 3094 458 524 3095 430 526 3096 448 277 3097 450 527 3098 431 529 3099 449 282 3100 447 530 3101 434 532 3102 433 1064 3103 451 533 3104 433 535 3105 435 1065 3106 453 536 3107 434 537 3108 452 277 3109 454 538 3110 439 540 3111 440 525 3112 458 524 3113 428 360 3114 446 360 3115 460 360 3116 427 542 3117 445 543 3118 444 543 3119 439 360 3120 457 360 3121 445 360 3122 426 543 3123 444 543 3124 446 544 3125 705 546 3126 718 550 3127 719 547 3128 706 549 3129 717 1066 3130 718 550 3131 442 551 3132 460 1067 3133 459 521 3134 429 553 3135 447 1068 3136 448 554 3137 462 556 3138 461 1069 3139 420 519 3140 463 557 3141 464 1070 3142 423 518 3143 461 558 3144 465 558 3145 424 506 3146 465 558 3147 463 558 3148 422 404 3149 64 37 3150 655 934 3151 654 929 3152 138 151 3153 166 148 3154 669 930 3155 46 62 3156 651 938 3157 650 932 3158 76 282 3159 101 1040 3160 659 282 3161 114 168 3162 660 936 3163 664 933 3164 36 42 3165 648 931 3166 655 934 3167 148 62 3168 665 953 3169 666 935 3170 12 61 3171 45 60 3172 650 932 3173 149 127 3174 666 935 3175 661 937 3176 47 14 3177 652 942 3178 651 938 3179 203 939 3180 673 1071 3181 672 940 3182 202 176 3183 672 1072 3184 663 941 3185 13 13 3186 647 955 3187 652 942 3188 101 114 3189 100 113 3190 658 943 3191 139 175 3192 663 941 3193 667 945 3194 37 74 3195 649 949 3196 658 946 3197 179 202 3198 671 1073 3199 670 947 3200 164 143 3201 667 945 3202 668 948 3203 62 33 3204 653 948 3205 649 949 3206 115 125 3207 661 937 3208 671 950 3209 77 98 3210 76 100 3211 656 951 3212 165 150 3213 668 948 3214 669 930 3215 63 41 3216 654 929 3217 653 948 3218 147 167 3219 664 933 3220 665 953 3221 178 277 3222 670 277 3223 673 277 3224 13 13 3225 77 117 3226 657 954 3227 332 956 3228 334 1074 3229 286 957 3230 279 959 3231 331 1075 3232 329 960 3233 376 962 3234 430 1076 3235 432 963 3236 387 965 3237 435 1077 3238 433 966 3239 678 968 3240 677 970 3241 674 968 3242 677 970 3243 679 970 3244 676 971 3245 681 972 3246 682 972 3247 683 972 3248 684 974 3249 685 1078 3250 682 972 3251 674 975 3252 681 985 3253 680 976 3254 679 978 3255 685 1079 3256 684 979 3257 677 981 3258 682 987 3259 685 982 3260 676 984 3261 684 1080 3262 681 985 3263 678 277 3264 675 277 3265 680 277 3266 678 986 3267 683 1081 3268 682 987 3269 703 1008 3270 337 421 3271 324 296 3272 704 1009 3273 702 296 3274 324 296 3275 706 1010 3276 705 296 3277 342 296 3278 707 1011 3279 354 1012 3280 342 296 3281 706 1010 3282 355 419 3283 337 421 3284 704 1009 3285 336 423 3286 354 1012 3287 709 1013 3288 708 296 3289 425 296 3290 710 1014 3291 437 523 3292 425 296 3293 712 1015 3294 456 522 3295 443 296 3296 713 1016 3297 711 296 3298 443 296 3299 709 1013 3300 438 520 3301 456 522 3302 713 1016 3303 455 1017 3304 437 523 3305 719 1018 3306 718 1018 3307 715 1019 3308 718 1018 3309 717 1021 3310 714 1021 3311 721 1022 3312 724 1026 3313 725 1023 3314 720 1025 3315 723 1082 3316 724 1026 3317 711 1027 3318 724 1031 3319 723 1028 3320 704 303 3321 716 303 3322 715 303 3323 713 1030 3324 725 1083 3325 724 1031 3326 703 1032 3327 714 1084 3328 717 1033 3329 710 1034 3330 722 1085 3331 725 1035 3332 709 299 3333 720 299 3334 721 299 3335 708 299 3336 721 299 3337 722 299 3338 707 1036 3339 719 1086 3340 716 1037 3341</p>
        </triangles>
      </mesh>
    </geometry>
  </library_geometries>
  <library_visual_scenes>
    <visual_scene id="Scene" name="Scene">
      <node id="greenhouse" name="greenhouse" type="NODE">
        <matrix sid="transform">19.95239 0 0 0 0 -19.95239 1.12583e-5 0 0 -1.12583e-5 -19.95239 0 0 0 0 1</matrix>
        <instance_geometry url="#Cylinder_003-mesh" name="greenhouse">
          <bind_material>
            <technique_common>
              <instance_material symbol="Material-material" target="#Material-material">
                <bind_vertex_input semantic="UVMap" input_semantic="TEXCOORD" input_set="0"/>
                <bind_vertex_input semantic="Cubo_007-mesh-map-1" input_semantic="TEXCOORD" input_set="1"/>
              </instance_material>
            </technique_common>
          </bind_material>
        </instance_geometry>
        <node id="prop_garrisoned_01" name="prop_garrisoned_01" type="NODE">
          <matrix sid="transform">-0.01697346 9.35379e-9 0 0 2.56292e-9 0.06194733 -7.45819e-9 0.4986185 -8.35106e-16 -2.0185e-8 -0.02288901 -0.3216601 0 0 0 1</matrix>
        </node>
        <node id="prop_garrisoned_02" name="prop_garrisoned_02" type="NODE">
          <matrix sid="transform">-0.01697346 9.35379e-9 0 0 2.56292e-9 0.06194733 -7.45819e-9 -0.4986188 -8.35106e-16 -2.0185e-8 -0.02288901 -0.3216598 0 0 0 1</matrix>
        </node>
        <node id="prop_projectile" name="prop_projectile" type="NODE">
          <matrix sid="transform">-0.01697346 3.45614e-9 0 0 2.56292e-9 0.02288901 -7.45819e-9 -1.39529e-7 -8.35106e-16 -7.45819e-9 -0.02288901 -0.4282109 0 0 0 1</matrix>
        </node>
      </node>
    </visual_scene>
  </library_visual_scenes>
  <scene>
    <instance_visual_scene url="#Scene"/>
  </scene>
</COLLADA>