<?xml version="1.0" encoding="utf-8"?>
<COLLADA xmlns="http://www.collada.org/2005/11/COLLADASchema" version="1.4.1" xmlns:xsi="http://www.w3.org/2001/XMLSchema-instance">
  <asset>
    <contributor>
      <author>Blender User</author>
      <authoring_tool>Blender 4.3.1 commit date:2024-12-10, commit time:07:46, hash:33d812126174</authoring_tool>
    </contributor>
    <created>2026-08-20T20:21:21</created>
    <modified>2026-08-20T20:21:21</modified>
    <unit name="meter" meter="1"/>
    <up_axis>Z_UP</up_axis>
  </asset>
  <library_effects>
    <effect id="Material_001-effect">
      <profile_COMMON>
        <newparam sid="mcc_struct_png-surface">
          <surface type="2D">
            <init_from>mcc_struct_png</init_from>
          </surface>
        </newparam>
        <newparam sid="mcc_struct_png-sampler">
          <sampler2D>
            <source>mcc_struct_png-surface</source>
          </sampler2D>
        </newparam>
        <technique sid="common">
          <lambert>
            <emission>
              <color sid="emission">0 0 0 1</color>
            </emission>
            <diffuse>
              <texture texture="mcc_struct_png-sampler" texcoord="Cubo_013-mesh-map-0"/>
            </diffuse>
            <index_of_refraction>
              <float sid="ior">1.5</float>
            </index_of_refraction>
          </lambert>
        </technique>
      </profile_COMMON>
    </effect>
  </library_effects>
  <library_images>
    <image id="mcc_struct_png" name="mcc_struct_png">
      <init_from>/home/welton/snap/0ad/739/.local/share/0ad/mods/mars_wars/art/textures/skins/structural/mcc_struct.png</init_from>
    </image>
  </library_images>
  <library_materials>
    <material id="Material_001-material" name="Material.001">
      <instance_effect url="#Material_001-effect"/>
    </material>
  </library_materials>
  <library_geometries>
    <geometry id="Cubo_001-mesh" name="Cubo.001">
      <mesh>
        <source id="Cubo_001-mesh-positions">
          <float_array id="Cubo_001-mesh-positions-array" count="897">-0.2083022 -1.791902 6.321758 -3.689136 -6.382188 -3.916819 -3.689136 -6.382188 6.658542 -2.962472 -6.382188 6.658542 -2.962472 -6.382188 6.321758 -3.689136 -6.382188 1.370861 3.272531 -6.382188 -3.916819 3.272531 -6.382188 6.658542 2.54587 -6.382188 6.658542 2.54587 -6.382188 6.321758 3.272531 -6.382188 1.370861 -0.2083022 -12.18358 -3.916819 -0.2083022 -12.18358 6.658542 -3.689136 -11.10579 -3.916819 -3.042466 -12.18358 -3.916819 -2.741474 -10.97247 6.658542 -2.962472 -10.60414 6.658542 -3.689136 -11.10579 6.658542 -3.042466 -12.18358 6.658542 -0.2083022 -10.97247 6.658542 -0.2083022 -10.97247 6.321758 -2.962472 -10.60414 6.321758 -2.741474 -10.97247 6.321758 -0.2083022 -12.18358 1.370861 -3.042466 -12.18358 1.370861 -3.689136 -11.10579 1.370861 -3.689136 -11.10579 6.824082 -3.555686 -11.15004 6.936661 -3.069011 -11.96116 6.936661 -3.042466 -12.18358 6.824082 -2.98021 -10.75275 6.936661 -2.962472 -10.60414 6.824082 -2.741474 -10.97247 6.824082 -2.83064 -11.00203 6.936661 3.272531 -11.10579 -3.916819 2.625863 -12.18358 -3.916819 2.324869 -10.97247 6.658542 2.54587 -10.60414 6.658542 3.272531 -11.10579 6.658542 2.625863 -12.18358 6.658542 2.54587 -10.60414 6.321758 2.324869 -10.97247 6.321758 2.625863 -12.18358 1.370861 3.272531 -11.10579 1.370861 3.272531 -11.10579 6.824082 3.139081 -11.15004 6.936661 2.652407 -11.96116 6.936661 2.625863 -12.18358 6.824082 2.563606 -10.75275 6.936661 2.54587 -10.60414 6.824082 2.324869 -10.97247 6.824082 2.414036 -11.00203 6.936661 1.234962 -12.28955 0.1843836 0.7640293 -12.28955 -0.3837175 -1.180632 -12.28955 -0.3837175 -1.651567 -12.28955 0.1843836 0.7640293 -12.28955 4.944687 1.234962 -12.28955 4.376585 -1.651567 -12.28955 4.376585 -1.180632 -12.28955 4.944687 -1.180632 -12.56925 4.944687 -1.651567 -12.56925 4.376585 -1.651567 -12.56925 0.1843836 -1.180632 -12.56925 -0.3837175 0.7640293 -12.56925 -0.3837175 1.234962 -12.56925 0.1843836 1.234962 -12.56925 4.376585 0.7640293 -12.56925 4.944687 2.983833 -9.722243 8.499861 -8.565587 -5.95074 8.499855 -8.565587 6.253809 8.499855 2.983833 10.02531 8.499861 10.12185 0.1515347 8.499819 -0.2083022 0.1515347 12.56888 10.77592 -3.435281 6.800776 10.77592 3.73835 6.800776 -0.2083022 -11.45581 6.800776 6.58031 -9.239 6.800776 -11.19252 -3.435281 6.800776 -6.996921 -9.239 6.800776 -6.996921 9.542069 6.800776 -11.19252 3.73835 6.800776 6.58031 9.542069 6.800776 -0.2083022 11.75888 6.800776 7.739926 -5.652103 9.247448 -3.2443 -9.23894 9.247465 -10.03284 0.1515347 9.247448 -3.2443 9.542009 9.247465 7.739926 5.955173 9.247448 1.667974 -5.652082 11.1469 5.8636 0.1515347 11.14687 -5.120558 -3.435267 11.14689 -5.120558 3.738337 11.14689 1.667974 5.955152 11.1469 10.77592 -3.435281 -4.490217 10.77592 3.73835 -4.490217 -0.2083022 -11.45581 -4.490217 6.58031 -9.239 -4.490217 -11.19252 -3.435281 -4.490217 -6.996921 -9.239 -4.490217 -6.996921 9.542069 -4.490217 -11.19252 3.73835 -4.490217 6.58031 9.542069 -4.490217 -0.2083022 11.75888 -4.490217 -1.578606 -12.23953 6.108175 -1.578606 -12.23953 4.973886 1.162001 -12.23953 4.973886 1.162001 -12.23953 6.108175 -1.578606 -11.84538 6.108175 -1.578606 -11.84538 4.973886 1.162001 -11.84538 4.973886 1.162001 -11.84538 6.108175 10.87217 -0.4575482 1.673166 10.87217 -0.4575482 3.129675 10.87218 0.7606176 3.129675 10.87218 0.7606176 1.673166 10.78997 -0.4575482 1.673166 10.78997 -0.4575482 3.129675 10.78998 0.760618 3.129675 10.78998 0.760618 1.673166 10.87217 -0.3186193 3.313412 10.87217 -0.6631671 2.997156 10.87217 -0.4578106 3.129909 10.87217 -0.6631671 1.805686 10.87217 -0.3186193 1.48943 10.87217 -0.4578106 1.672934 10.87218 0.9662374 2.997156 10.87218 0.6216887 3.313412 10.87218 0.7608801 3.129909 10.87218 0.6216887 1.48943 10.87218 0.9662374 1.805686 10.87218 0.7608801 1.672934 10.61382 -0.7477776 3.091869 10.61382 -0.4032289 3.408126 10.61382 -0.4032289 1.394716 10.61382 -0.7477776 1.710973 10.61382 0.7063 3.408126 10.61382 1.050848 3.091869 10.61382 1.050848 1.710973 10.61382 0.7063 1.394716 -11.5602 -1.519203 -0.4217279 -11.60181 0.7289668 -0.4217279 -11.5602 -1.519203 2.549757 -11.60181 0.7289668 2.549757 -11.09786 0.7382954 2.549757 -11.09786 0.7382954 -0.4217279 -11.05625 -1.509875 -0.4217279 -11.05625 -1.509875 2.549757 -0.2083022 10.97159 1.632749 -0.2083022 10.97159 -0.3714049 1.524505 10.97159 -0.3714049 1.675679 10.97159 -0.2909961 1.675679 10.97159 1.55234 1.524505 10.97159 1.632749 -0.2083022 11.85927 1.563817 -0.2083022 11.85927 -0.3024724 1.405308 11.85927 -0.3024724 1.546082 11.85927 -0.2275946 1.546082 11.85927 1.488939 1.405308 11.85927 1.563817 1.675679 10.97159 0.630672 1.546082 11.85927 0.6306717 0.6581013 10.97159 -0.3714049 0.5985026 11.85927 -0.3024724 -1.94111 10.97159 -0.3714049 -2.092284 10.97159 -0.2909961 -2.092284 10.97159 1.55234 -1.94111 10.97159 1.632749 -1.82191 11.85927 -0.3024724 -1.962687 11.85927 -0.2275946 -1.962687 11.85927 1.488939 -1.82191 11.85927 1.563817 -2.092284 10.97159 0.630672 -1.962687 11.85927 0.6306717 -1.074706 10.97159 -0.3714049 -1.015107 11.85927 -0.3024724 -5.668815 11.79634 2.563335 -5.696713 11.99968 2.563335 -5.572663 12.16319 2.563335 -5.369325 12.19109 2.563335 -5.205815 12.06704 2.563335 -5.177913 11.8637 2.563335 -5.301967 11.70019 2.563335 -5.505301 11.67229 2.563335 -5.357631 11.2641 3.162396 -5.289829 11.30375 2.950596 -5.126135 11.39945 2.862866 -4.96244 11.49516 2.950596 -4.894635 11.5348 3.162396 -4.96244 11.49516 3.374196 -5.126135 11.39945 3.461927 -5.289829 11.30375 3.374196 -5.525857 11.70745 3.340998 -5.665205 11.94579 3.091523 -5.536209 12.10084 3.133951 -5.375892 11.82664 3.423299 -5.337816 12.1372 3.091523 -5.198469 11.89886 3.340998 -5.186242 12.03356 2.989092 -5.097519 11.88181 3.142306 -5.170277 11.85064 2.886662 -5.132176 11.78547 2.943615 -5.299272 11.69559 2.844234 -5.282138 11.66628 2.861315 -5.497665 11.65923 2.886662 -5.459565 11.59406 2.943615 -5.649239 11.76287 2.989092 -5.560515 11.61111 3.142306 -5.668815 11.79634 -2.064353 -5.696713 11.99968 -2.064353 -5.572663 12.16319 -2.064353 -5.369325 12.19109 -2.064353 -5.205815 12.06704 -2.064353 -5.177913 11.8637 -2.064353 -5.301967 11.70019 -2.064353 -5.505301 11.67229 -2.064353 -4.578541 9.931552 3.162396 -4.510736 9.971195 2.950596 -4.347043 10.0669 2.862866 -4.183348 10.16261 2.950596 -4.115544 10.20225 3.162396 -4.183348 10.16261 3.374196 -4.347043 10.0669 3.461927 -4.510736 9.971195 3.374196 -8.389645 10.20558 2.563335 -8.417544 10.40892 2.563335 -8.293494 10.57243 2.563335 -8.090156 10.60033 2.563335 -7.926645 10.47628 2.563335 -7.898743 10.27294 2.563335 -8.022797 10.10943 2.563335 -8.226136 10.08153 2.563335 -8.078462 9.67334 3.162396 -8.01066 9.712983 2.950596 -7.846965 9.808689 2.862866 -7.68327 9.904394 2.950596 -7.615465 9.944036 3.162396 -7.68327 9.904394 3.374196 -7.846965 9.808689 3.461927 -8.01066 9.712983 3.374196 -8.246688 10.11668 3.340998 -8.386035 10.35502 3.091523 -8.257037 10.51007 3.133951 -8.096723 10.23587 3.423299 -8.058647 10.54643 3.091523 -7.919299 10.30809 3.340998 -7.907073 10.4428 2.989092 -7.818349 10.29104 3.142306 -7.891107 10.25988 2.886662 -7.853006 10.19471 2.943615 -8.020103 10.10482 2.844234 -8.002969 10.07552 2.861315 -8.218496 10.06847 2.886662 -8.180396 10.0033 2.943615 -8.370069 10.1721 2.989092 -8.281346 10.02035 3.142306 -8.389645 10.20558 -2.064353 -8.417544 10.40892 -2.064353 -8.293494 10.57243 -2.064353 -8.090156 10.60033 -2.064353 -7.926645 10.47628 -2.064353 -7.898743 10.27294 -2.064353 -8.022797 10.10943 -2.064353 -8.226136 10.08153 -2.064353 -7.299371 8.340788 3.162396 -7.231568 8.380432 2.950596 -7.067875 8.476137 2.862866 -6.904181 8.571843 2.950596 -6.836375 8.611486 3.162396 -6.904181 8.571843 3.374196 -7.067875 8.476137 3.461927 -7.231568 8.380432 3.374196 -8.983939 -6.826625 -0.561126 -8.871012 -7.02179 -0.3092692 -9.813302 -5.393285 -0.3092692 -9.700374 -5.58845 -0.561126 -8.871012 -7.02179 3.056584 -8.983939 -6.826625 3.308441 -9.700374 -5.58845 3.308441 -9.813302 -5.393285 3.056584 -9.44826 -5.182064 3.056584 -9.335333 -5.377228 3.308441 -9.335333 -5.377228 -0.561126 -9.44826 -5.182064 -0.3092692 -8.50597 -6.810568 -0.3092692 -8.618894 -6.615402 -0.561126 -8.618894 -6.615402 3.308441 -8.50597 -6.810568 3.056584 -0.208307 0.1515347 12.9487 0.7082543 -2.683533 12.37626 2.757818 0.1515347 12.37625 -2.607944 -1.600618 12.37626 -2.607944 1.903688 12.37626 0.7082543 2.986602 12.37626 0.8497164 -3.121094 11.58072 3.215607 0.1515347 11.58071 -2.978301 -1.871044 11.58072 -2.978301 2.174114 11.58072 0.8497164 3.424164 11.58072</float_array>
          <technique_common>
            <accessor source="#Cubo_001-mesh-positions-array" count="299" stride="3">
              <param name="X" type="float"/>
              <param name="Y" type="float"/>
              <param name="Z" type="float"/>
            </accessor>
          </technique_common>
        </source>
        <source id="Cubo_001-mesh-normals">
          <float_array id="Cubo_001-mesh-normals-array" count="1740">0 1 0 0 1 2.64287e-7 0 1 6.8478e-7 0 0 1 -2.39049e-7 0 1 0 0 1 0 -1 0 -1 0 0 -0.8574928 -0.5144962 0 -0.8574928 -0.514496 0 0.9704779 -0.2411906 0 0.9704774 -0.2411921 0 0.9704778 -0.2411904 0 0 0 1 0.8574954 0.5144917 0 0.8574949 0.5144927 0 0.8574953 0.5144919 0 -0.8574926 -0.5144963 0 -0.8574932 -0.5144954 0 1 0 0 -0.5681235 0.8229435 0 -0.5681213 0.8229448 0 -0.5681238 0.8229432 0 -0.8574934 -0.514495 0 0.8574945 0.5144932 0 -0.6649321 -0.3989588 0.6314248 -0.664934 -0.3989588 0.6314228 -0.6649318 -0.3989588 0.6314252 0.6649387 0.3989589 0.6314178 0.6649367 0.3989628 0.6314173 0.6649395 0.3989574 0.631418 -0.4023559 0.5828242 0.7059927 -0.4023633 0.5828354 0.7059793 -0.4023549 0.5828227 0.7059946 0.7930573 -0.1970978 0.576379 0.7930551 -0.1970955 0.5763829 0.7930549 -0.1970953 0.5763831 8.56276e-7 0 1 1.13104e-6 0 1 0.8574934 -0.5144952 0 0.8574933 -0.5144952 0 0.8574934 -0.5144951 0 -0.9704772 -0.2411932 0 -0.9704777 -0.2411914 0 -0.9704777 -0.2411912 0 -0.8574919 0.5144976 0 -0.8574921 0.5144972 0 -0.8574919 0.5144976 0 0.8574931 -0.5144956 0 0.8574937 -0.5144947 0 0.5681231 0.8229438 0 0.5681248 0.8229424 0 0.5681251 0.8229422 0 0.8574939 -0.5144942 0 -0.8574917 0.5144979 0 0.6649364 -0.3989581 0.6314206 0.6649348 -0.3989594 0.6314215 0.6649346 -0.3989597 0.6314216 -0.6649352 0.3989611 0.63142 -0.6649387 0.3989638 0.6314147 -0.6649401 0.3989648 0.6314126 0.4023626 0.5828337 0.705981 0.4023568 0.5828226 0.7059935 0.402356 0.5828211 0.7059952 -0.793053 -0.1970968 0.5763852 -0.7930546 -0.1970961 0.5763831 -0.7930527 -0.1970969 0.5763854 -8.56278e-7 0 1 -1.13104e-6 0 1 -1.44467e-6 0 1 0 -1 -3.52383e-7 0 -1 -3.45295e-6 0 -1 -9.13038e-7 0.7698751 0 0.6381946 0.7698751 0 0.6381946 0.7698746 0 -0.6381952 0.7698746 0 -0.6381951 -0.7698742 0 -0.6381958 -0.769873 0 -0.6381973 -0.7698746 0 -0.6381951 -0.7698734 0 0.6381967 -0.7698746 0 0.6381952 -0.7698728 0 0.6381973 0 0 -1 0 1 2.58971e-6 0 1 -1.1413e-6 0 1 -4.40478e-7 0 1 -4.31619e-6 2.22009e-7 0 1 0 0 1 -0.8574929 -0.514496 0 0.9704774 -0.2411922 0 0.857495 0.5144924 0 -0.5681211 0.8229451 0 -0.8574923 -0.5144969 0 0.857495 0.5144923 0 -0.6649341 -0.3989588 0.6314227 0.6649355 0.3989653 0.631417 -0.4023653 0.5828385 0.7059756 0.7930576 -0.1970981 0.5763785 1.44467e-6 0 1 -0.9704772 -0.2411934 0 0.5681228 0.8229439 0 0.8574926 -0.5144962 0 0.6649366 -0.398958 0.6314206 -0.6649331 0.3989595 0.6314232 0.4023641 0.5828368 0.7059776 -0.7930547 -0.197096 0.576383 0 -1 8.34477e-7 0 -1 4.47584e-7 0 -1 2.17696e-6 0 -1 8.63238e-7 -0.7698725 0 -0.6381979 -0.7698751 0 0.6381946 0.2325878 -0.712646 0.6618449 0.5438885 -0.3934882 0.7411831 0.1132425 -0.3470907 0.9309695 -0.6080468 -0.4397988 0.660951 -0.2079849 -0.6373997 0.7419326 -0.2965233 -0.2145468 0.9306147 -0.6080469 0.4397988 0.6609508 -0.6718093 0 0.7407243 -0.2965233 0.2145468 0.9306147 0.2325878 0.7126461 0.6618448 -0.207985 0.6373998 0.7419325 0.1132425 0.3470907 0.9309695 0.7509131 0 0.6604011 0.5438886 0.3934884 0.741183 0.3665599 0 0.9303944 6.51576e-7 0 1 0.9091479 0.2944042 0.2945783 0.5632769 0.7718303 0.2949531 -2.1419e-4 0.9554477 0.2951606 -0.5629569 0.7720733 0.2949278 -0.9092567 0.2940536 0.2945925 -0.9092564 -0.2940545 0.2945926 -0.5629562 -0.7720737 0.2949281 -2.13336e-4 -0.9554477 0.2951606 0.5632777 -0.7718297 0.2949532 0.9091482 -0.2944033 0.2945783 0.8104121 0.5858605 0 -0.8104124 0.58586 0 -0.8104124 -0.5858601 0 -0.3104171 -0.9506005 0 -0.3104171 0.9506005 0 0.3104174 -0.9506004 0 0.3104174 0.9506004 0 0.810412 -0.5858604 0 0.5047277 -0.8632787 -6.41379e-7 0.5047275 -0.8632788 1.28277e-6 0.504727 -0.8632791 5.52724e-7 0 0 -1 -2.34609e-7 0 -1 0 0 -1 0.5047279 -0.8632786 1.02627e-6 0.5047275 -0.8632788 1.02627e-6 0.5047276 -0.8632788 6.22769e-7 0 0 -1 3.17984e-7 0 -1 0 0 -1 0.9998288 0.01850545 0 0.9998288 0.01850563 0 0.9998288 0.0185061 0 -1 2.16741e-6 0 -1 4.00884e-6 0 -1 3.47015e-7 0 -5.07577e-6 -1 0 -5.07585e-6 -1 0 -5.07585e-6 -1 0 0.3442037 -8.00626e-7 0.938895 0.3442039 -8.92479e-7 0.938895 0.344204 -9.21443e-7 0.938895 0.3442015 -6.71336e-7 -0.9388958 0.3442012 -1.60945e-7 -0.938896 0.3442016 -7.80908e-7 -0.9388958 0.3112295 0.9503348 0 0.3112297 0.9503348 0 0.3112295 0.9503348 0 1 -2.27165e-6 0 1 -2.02837e-6 0 1 -1.075e-6 0 0 0 -1 2.17377e-6 0 -1 2.27116e-6 0 -1 -4.55782e-6 0 1 -2.04201e-7 0 1 0.9999998 -6.08372e-4 -1.40038e-4 0.9999997 -2.90356e-4 -8.12389e-4 0.9999996 9.99554e-4 -1.117e-4 0.9999998 6.04198e-4 1.42052e-4 0.9999997 2.83976e-4 8.09663e-4 0.9999996 -0.00100094 1.10627e-4 0.9999998 2.31767e-4 -5.77451e-4 0.9999998 7.18954e-4 -3.80287e-4 0.9999995 -4.75451e-4 9.50173e-4 0.9999998 -2.3284e-4 5.76708e-4 0.9999997 -7.6318e-4 4.03398e-4 0.9999996 3.30011e-4 -9.49161e-4 0.9999985 0.001037418 0.001374959 0.9999988 -0.001644849 -1.44845e-4 0.9999985 0.001725435 1.46894e-4 0.9999985 -0.001037418 -0.001380324 0.4411254 -0.6068651 0.661153 0.4411261 -0.6068633 0.6611541 0.4411246 -0.606867 0.6611517 0.441127 0.6068629 0.6611539 0.4411275 0.6068642 0.6611524 0.4411281 0.6068658 0.6611505 0.4411264 0.6068637 -0.6611536 0.4411265 0.606864 -0.6611532 0.4411261 0.6068633 -0.661154 0.4411244 -0.6068658 -0.6611529 0.441124 -0.6068665 -0.6611526 0.4411236 -0.6068673 -0.6611521 0.3112313 -0.9503343 0 0.3112305 -0.9503345 0 0.3112304 -0.9503346 0 -0.9998288 -0.01850497 0 -0.9998289 -0.01850497 0 -0.01850777 0.9998288 0 -0.01850771 0.9998288 0 -0.01850783 0.9998288 0 -7.40428e-7 0 1 -2.22656e-7 0 1 -8.41465e-7 0 1 0 0 -1 0 0 -1 0 0 -1 0.01850736 -0.9998288 0 0.01850736 -0.9998288 0 0.01850736 -0.9998288 0 0 0.077421 -0.9969985 0.2237952 0.1052923 -0.968932 0.2565276 0.1090227 -0.9603685 0 1 0 0 0.077421 -0.9969986 0 0.077421 -0.9969985 0 0.07742041 0.9969986 0.2238036 0.1052927 0.9689301 0 0.07742041 0.9969986 0.4655845 0.1304909 -0.8753303 0.4655849 0.1304911 -0.8753302 0.9895104 0.1444619 0 0.9895104 0.1444619 0 0.9895104 0.1444619 0 0.2565279 0.1090222 0.9603686 0.4655843 0.1304903 0.8753305 0.9895104 0.1444618 0 0.9895104 0.1444618 0 -0.2237931 0.1052926 -0.9689326 0 0.07742089 -0.9969985 -0.256527 0.1090228 -0.9603688 0 1 -3.81963e-7 0 1 -1.64313e-6 0 0.07742094 -0.9969985 -0.2238016 0.105293 0.9689305 -0.2565273 0.1090223 0.9603686 -0.4655812 0.1304915 -0.8753321 -0.4655836 0.1304912 -0.8753309 -0.9895104 0.1444624 0 -0.9895104 0.1444625 0 -0.9895102 0.1444629 0 -0.465581 0.1304909 0.8753322 -0.4655842 0.1304906 0.8753305 -0.9895104 0.1444623 0 -0.9895103 0.1444627 0 -0.1357327 0.989211 0.05512255 -0.1359389 0.9907173 0 -0.1380357 0.9889263 0.05450809 0.804935 0.480827 0.3476855 0.8038073 0.4812856 0.3496541 0.8094169 0.4732352 0.3476963 -0.3773249 -0.1826907 0.9078823 -0.3881441 -0.1464916 0.9098815 -0.3786895 -0.1837979 0.9070901 0.3442837 0.2392049 0.907882 0.3180497 0.2663897 0.9098796 0.3143403 0.2661798 0.9112291 0.7377334 0.5935739 0.3215892 0.7401761 0.5872561 0.3275204 0.8113334 0.4679616 -0.3503571 0.8694874 0.3696504 -0.3276435 0.8712291 0.3617372 -0.3318225 0.3618663 0.2057962 -0.909231 0.4682586 0.02799075 -0.883148 0.4947546 -0.04745131 -0.8677364 -0.3568366 -0.2143993 -0.9092308 -0.2540705 -0.3943286 -0.8831495 -0.3613426 -0.2139006 -0.9075672 -0.805765 -0.4774925 -0.3503479 -0.7486251 -0.5763796 -0.3276386 -0.807582 -0.4763674 -0.3476859 -0.8136838 -0.4644001 0.3496447 -0.8791246 -0.3517422 0.3215856 -0.8138375 -0.4656085 0.3476745 -0.6440959 0.3417125 0.6843779 -0.6427159 0.344616 0.6842193 -0.6452706 0.3392269 0.6845079 -0.781712 0.6128867 0.1153095 -0.7940841 0.6053591 0.05450677 -0.7954616 0.6034919 0.05512148 0.01814836 0.7289046 0.6843748 0.01493853 0.7291276 0.6842147 0.01264315 0.7292824 0.684096 -0.1506649 0.9818372 0.1153075 -0.1547487 0.9809918 0.1170811 0.6336034 0.7564073 0.1624652 0.6338056 0.7532542 0.1757798 0.60189 0.7983645 0.01851457 0.9689688 0.1879009 -0.1606015 0.9675859 0.1823118 -0.1747572 0.9912832 0.1312054 -0.01194238 0.5738169 -0.1844971 -0.7979317 0.6010693 -0.2970218 -0.7419527 0.7820848 -0.6222163 -0.03450244 0.792307 -0.6099637 -0.01392394 0.7738697 -0.6318281 -0.0438084 -0.201321 -0.454407 -0.8677466 -0.1206761 -0.5905386 -0.7979358 0.1586079 -0.9867386 -0.03450328 0.1429143 -0.9896371 -0.0139265 0.1359412 -0.9906779 -0.008798897 -0.7425769 -0.5817867 -0.3318189 -0.639029 -0.7522294 -0.1606025 -0.6005575 -0.7994925 -0.01194339 -0.6043851 -0.7966407 -0.009075164 -0.8748182 -0.3569694 0.327515 -0.9699475 -0.1811323 0.1624594 -0.9909565 -0.1329004 0.01851677 -0.9905599 -0.13591 0.01787769 0.9906755 0.1359407 -0.009072959 0.9907159 0.1359486 0 0.1359461 -0.9907163 0 -0.7966725 0.6044113 0 0.604321 0.7965406 0.01787275 0.6044133 0.796671 0 0.7966336 -0.6043986 -0.0087924 0.7966629 -0.6044239 0 -0.3624948 -0.211938 0.9075682 -0.3624925 -0.2119356 -0.9075697 0.8112444 0.470096 -0.3476956 0.8094179 0.4732354 -0.3476938 0.3624907 0.2119358 0.9075703 0.362491 0.2119358 0.9075702 -0.8094164 -0.4732356 0.3476969 -0.3861414 -0.1433613 0.9112312 0.3459176 0.2398512 0.9070901 0.3636411 0.2099645 -0.9075682 -0.6417251 0.3466901 0.6841016 -0.7789722 0.6160306 0.1170846 0.02089297 0.7287079 0.6845059 -0.03598499 -0.6694604 -0.7419757 0.1710156 -0.9842942 -0.04380255 -0.6334764 -0.7537686 -0.1747586 -0.9672993 -0.1828582 0.1757697 -0.9907181 -0.1359329 0 -0.6044104 -0.7966733 0 0.3624886 0.2119339 -0.9075716 -0.8094181 -0.4732347 -0.3476945 -0.1357333 0.9892108 0.05512309 -0.1359404 0.990717 0 -0.1380361 0.9889261 0.0545085 0.8049353 0.4808267 0.3476849 0.8038079 0.4812855 0.3496533 0.8094151 0.4732324 0.3477044 -0.377326 -0.1826904 0.9078819 -0.388146 -0.1464912 0.9098808 -0.3786906 -0.1837977 0.9070898 0.3442833 0.2392057 0.907882 0.3180501 0.266389 0.9098798 0.3143415 0.2661785 0.9112291 0.7377349 0.5935715 0.3215899 0.7401761 0.587256 0.3275207 0.811333 0.467962 -0.3503576 0.8694855 0.3696514 -0.3276475 0.8712291 0.3617389 -0.3318207 0.3618671 0.2057966 -0.9092305 0.4682655 0.02799409 -0.8831443 0.4947486 -0.04745239 -0.8677396 -0.3568355 -0.2143991 -0.9092313 -0.2540693 -0.3943201 -0.8831537 -0.3613411 -0.2139005 -0.9075677 -0.8057636 -0.4774932 -0.3503503 -0.7486213 -0.576382 -0.3276432 -0.8075801 -0.476369 -0.347688 -0.8136827 -0.4644002 0.3496471 -0.8791245 -0.351741 0.3215873 -0.8138367 -0.4656078 0.3476768 -0.6440952 0.3417114 0.6843791 -0.6427147 0.3446192 0.6842188 -0.6452704 0.339222 0.6845105 -0.7817078 0.6128921 0.1153093 -0.7940842 0.605359 0.05450689 -0.7954627 0.6034905 0.05512166 0.0181505 0.7289043 0.6843751 0.01493948 0.7291288 0.6842135 0.01264333 0.7292847 0.6840936 -0.1506651 0.981837 0.1153088 -0.1547487 0.9809917 0.1170826 0.6336027 0.7564083 0.1624632 0.633805 0.7532556 0.1757767 0.6018815 0.7983707 0.01851588 0.9689681 0.1879026 -0.1606033 0.9675859 0.1823132 -0.1747554 0.9912827 0.13121 -0.01194196 0.5738246 -0.1844916 -0.7979276 0.6010569 -0.2970234 -0.7419621 0.7820803 -0.6222221 -0.03450196 0.7923042 -0.6099674 -0.01392614 0.7738645 -0.6318349 -0.04380083 -0.2013216 -0.4544191 -0.8677401 -0.1206753 -0.5905318 -0.7979409 0.1586077 -0.9867385 -0.03450846 0.1429125 -0.9896374 -0.01392805 0.1359387 -0.9906782 -0.008798718 -0.7425775 -0.5817841 -0.3318221 -0.6390323 -0.7522265 -0.160602 -0.6005617 -0.7994893 -0.0119425 -0.6043894 -0.7966374 -0.009075343 -0.8748175 -0.3569699 0.3275163 -0.9699485 -0.1811285 0.1624579 -0.9909564 -0.1329011 0.01851648 -0.9905594 -0.1359135 0.01787728 0.9906748 0.1359456 -0.009072422 0.9907165 0.1359444 0 0.135944 -0.9907165 0 0.6043113 0.7965478 0.01787543 0.6044139 0.7966705 0 0.7966313 -0.6044017 -0.008798658 0.7966631 -0.6044237 0 -0.3624953 -0.2119374 0.9075681 -0.3624945 -0.2119364 -0.9075686 0.8112435 0.4700961 -0.3476978 0.8094158 0.4732328 -0.3477025 0.3624935 0.2119355 0.9075692 0.3624936 0.2119356 0.9075692 -0.8094182 -0.4732347 0.3476942 -0.3861432 -0.1433608 0.9112306 0.3459168 0.2398521 0.9070902 0.3636417 0.2099655 -0.9075677 -0.6417235 0.3466963 0.6840999 -0.7789663 0.6160382 0.1170842 0.02089601 0.7287063 0.6845076 -0.03598582 -0.6694831 -0.7419552 0.1710169 -0.9842936 -0.04381102 -0.6334827 -0.753764 -0.1747561 -0.9673007 -0.1828532 0.1757678 -0.9907175 -0.1359366 0 -0.604417 -0.7966682 0 0.3624903 0.2119335 -0.9075709 -0.8094182 -0.4732347 -0.3476942 0.5008283 -0.8655467 0 0.5008273 -0.8655473 0 0.5008283 -0.8655467 0 0 0 1 -1.61531e-7 0 1 -0.8655481 -0.5008258 3.71776e-6 -0.8655478 -0.5008264 -6.61755e-7 -0.8655481 -0.5008259 0 -0.5008236 0.8655494 0 -0.5008256 0.8655482 0 -0.5008234 0.8655496 0 -0.3731369 0.6448698 -0.6670171 -0.3731366 0.64487 -0.6670171 -0.3731353 0.6448708 -0.6670171 -0.3731364 0.6448687 0.6670185 -0.3731364 0.6448692 0.6670179 -0.3731366 0.6448708 0.6670164 0.3731366 -0.6448697 0.6670174 0.3731366 -0.6448703 0.6670168 0.3731368 -0.6448721 0.667015 0.3731368 -0.6448707 -0.6670163 0.3731368 -0.6448701 -0.6670171 0.3731364 -0.644868 -0.6670193 0 0 -1 0 0 -1 0.5047286 -0.8632782 0 0.5047215 -0.8632823 0 0.5047249 -0.8632803 0 0.5047251 -0.8632801 -3.583e-6 0.5047274 -0.8632788 7.16601e-6 1.92926e-7 0 -1 -5.00256e-7 0 -1 2.50132e-7 0 -1 0.5047276 -0.8632787 1.28279e-6 0.5047279 -0.8632786 0 0.504728 -0.8632785 0 0.5047271 -0.863279 -7.16598e-6 0.5047264 -0.8632794 7.16597e-6 -3.59667e-7 0 -1 -5.00264e-7 0 -1 2.50136e-7 0 -1 0.9998288 0.01850497 0 -1 1.11808e-6 0 -1 1.57713e-6 0 -1 5.02293e-6 0 -1 3.01651e-6 0 -5.07577e-6 -1 0 0.3442037 -7.80907e-7 0.938895 0.344201 0 -0.938896 0.3112298 0.9503347 0 1 -3.22501e-6 0 -4.76202e-6 0 1 0.4411268 -0.6068614 0.6611554 0.4411264 0.6068614 0.6611558 0.4411268 0.6068643 -0.6611527 0.4411249 -0.6068651 -0.6611534 0.3112313 -0.9503342 0 -0.9998289 -0.01850497 0 -0.01850771 0.9998288 0 -1.21618e-7 0 1 0 0 -1 0.01850736 -0.9998288 0 0 1 -2.07277e-7 0 1 0 0 0.077421 -0.9969985 0.9895104 0.1444618 0 0.4655855 0.1304906 0.8753299 0 1 3.67621e-7 0 1 2.05392e-7 -0.9895104 0.1444621 0 -0.1359388 0.9907173 0 0.809417 0.4732353 0.3476961 0.9907159 0.1359487 0 0.1359461 -0.9907162 0 -0.7966725 0.6044113 0 0.6044132 0.7966711 0 0.7966629 -0.604424 0 -0.3624947 -0.2119381 0.9075682 -0.3624925 -0.2119355 -0.9075696 0.809418 0.4732355 -0.3476933 -0.8094162 -0.4732356 0.3476976 -0.9907181 -0.1359329 0 -0.6044104 -0.7966732 0 0.3624885 0.2119339 -0.9075716 -0.809418 -0.4732344 -0.347695 -0.1359404 0.9907171 0 0.8094149 0.4732322 0.3477053 0.9907165 0.1359441 0 0.135944 -0.9907166 0 0.6044141 0.7966704 0 0.7966632 -0.6044237 0 -0.3624953 -0.2119375 0.907568 -0.362495 -0.2119367 -0.9075683 0.8094156 0.4732326 -0.3477028 -0.8094182 -0.4732345 0.3476945 -0.9907176 -0.1359369 0 -0.6044171 -0.7966681 0 0.3624901 0.2119334 -0.9075711 -0.8094182 -0.4732345 -0.3476945 0.5008272 -0.8655474 0 -1.97591e-7 0 1 -0.865548 -0.500826 -7.01586e-7 -0.8655482 -0.5008257 -5.04491e-7 -0.865548 -0.500826 -1.96737e-6 -0.8655484 -0.5008253 -1.32351e-6 -0.8655483 -0.5008257 1.40317e-6 -0.5008258 0.8655481 0 -0.3731382 0.644869 -0.6670171 -0.3731362 0.6448672 0.6670202 0.3731365 -0.6448678 0.6670192 0.3731372 -0.6448728 -0.6670141 0 0 -1 0.6695368 0 0.7427789 0.2072528 0.6360554 0.74329 8.04129e-7 0 1 -0.5420178 0.3926887 0.7429753 -0.5420304 -0.3926805 0.7429705 0.2072529 -0.6360554 0.7432899 0.8667394 0 0.4987614 -0.7010499 -0.5090413 0.4994058 0.2676694 -0.8233462 0.5004539 -0.7010535 0.509036 0.499406 0.2676693 0.8233461 0.5004541 -0.8104123 0.58586 0 -0.8104123 -0.5858601 0 -0.3104171 -0.9506005 0 -0.3104171 0.9506005 0 0.3104174 -0.9506005 0 0.8104121 -0.5858604 0</float_array>
          <technique_common>
            <accessor source="#Cubo_001-mesh-normals-array" count="580" stride="3">
              <param name="X" type="float"/>
              <param name="Y" type="float"/>
              <param name="Z" type="float"/>
            </accessor>
          </technique_common>
        </source>
        <source id="Cubo_001-mesh-map-0">
          <float_array id="Cubo_001-mesh-map-0-array" count="3054">0.4970621 0.9510336 0.5119765 0.9634653 0.5884781 0.9510336 0.3462837 0.7920326 0.3462837 0.7920327 0.3462837 0.7920326 0.1672672 0.7774736 0.1414625 0.8186189 0.1414625 0.7774736 0.1672983 0.7774736 0.1414935 0.8186189 0.1414935 0.7774736 0.667324 0.4224902 0.7083124 0.3428862 0.7083124 0.4224902 0.3940358 0.776687 0.3988685 0.7650198 0.3940358 0.776687 0.4092512 0.8209069 0.3975843 0.7802352 0.3975843 0.8209069 0.3940358 0.776687 0.3533641 0.7650198 0.3533641 0.776687 0.3462837 0.7920326 0.3497695 0.8310803 0.3497695 0.7920326 0.3462837 0.8310803 0.3497695 0.8344871 0.3497695 0.8310803 0.667324 0.4935681 0.7083124 0.4139641 0.7083124 0.4935681 0.2081236 0.002086818 0.01622825 0.100988 0.01622825 0.002086818 0.2006518 0.7323713 0.09904247 0.7825041 0.09904247 0.7323713 0.3575022 0.7737135 0.3981741 0.7700828 0.3575022 0.7700828 0.4092512 0.7754027 0.3975843 0.7802352 0.4092512 0.7754024 0.7083124 0.4935681 0.667324 0.4935681 0.7083124 0.4935681 0.3497695 0.8344871 0.3497695 0.8310803 0.3497695 0.8344871 0.4092512 0.7754027 0.3992946 0.7671625 0.4071086 0.7749763 0.3978689 0.7788034 0.3940358 0.776687 0.3975843 0.7802352 0.4071086 0.7749763 0.3975843 0.7802352 0.4092512 0.7754027 0.3940358 0.776687 0.3992946 0.7671625 0.3988685 0.7650198 0.3978689 0.7788034 0.3992946 0.7671625 0.3954675 0.776402 0.1414625 0.8186189 0.1672672 0.7774736 0.1414625 0.7774736 0.1414935 0.8186189 0.1672983 0.7774736 0.1414935 0.7774736 0.7083124 0.3428862 0.667324 0.4224902 0.7083124 0.4224902 0.3988685 0.7650198 0.3940358 0.776687 0.3940358 0.776687 0.3975843 0.7802352 0.4092512 0.8209069 0.3975843 0.8209069 0.3940358 0.776687 0.3533641 0.7650198 0.3988685 0.7650198 0.3497695 0.8310803 0.3462837 0.7920326 0.3497695 0.7920326 0.3497695 0.8344871 0.3462837 0.8310803 0.3497695 0.8310803 0.7083124 0.4139641 0.667324 0.4935681 0.7083124 0.4935681 0.01622825 0.100988 0.2081236 0.002086818 0.01622825 0.002086818 0.09904247 0.7825041 0.2006518 0.7323713 0.09904247 0.7323713 0.3981741 0.7700828 0.3575022 0.7737135 0.3575022 0.7700828 0.3975843 0.7802352 0.4092512 0.7754027 0.4092512 0.7754024 0.667324 0.4935681 0.7083124 0.4935681 0.7083124 0.4935681 0.3497695 0.8310803 0.3497695 0.8344871 0.3497695 0.8344871 0.3992946 0.7671625 0.4092512 0.7754027 0.4071086 0.7749763 0.3940358 0.776687 0.3978689 0.7788034 0.3975843 0.7802352 0.3975843 0.7802352 0.4071086 0.7749763 0.4092512 0.7754027 0.3940358 0.776687 0.3992946 0.7671625 0.3954675 0.776402 0.3978689 0.7788034 0.3992946 0.7671625 0.4071086 0.7749763 0.4970621 0.8592957 0.4970621 0.9510336 0.4970621 0.9510336 0.5119765 0.9634653 0.5735637 0.9634653 0.5735637 0.9634653 0.7679663 0.6988417 0.7322158 0.6988417 0.7235583 0.6891838 0.5884781 0.9510336 0.5884781 0.8592957 0.5884781 0.8592957 0.5735637 0.9634653 0.5884781 0.9510336 0.5735637 0.9634653 0.5735637 0.8468639 0.5884781 0.8592957 0.5735637 0.8468639 0.5119765 0.8468639 0.4970621 0.8592957 0.5119765 0.846864 0.5119765 0.9634653 0.4970621 0.9510336 0.5119765 0.9634653 0.5735637 0.8468639 0.5119765 0.8468639 0.5119765 0.846864 0.5119765 0.9634653 0.5735637 0.9634653 0.5884781 0.9510336 0.5884781 0.9510336 0.5884781 0.8592957 0.4970621 0.8592957 0.5884781 0.8592957 0.5735637 0.8468639 0.4970621 0.8592957 0.5735637 0.8468639 0.5119765 0.846864 0.4970621 0.8592957 0.4970621 0.8592957 0.4970621 0.9510336 0.5884781 0.9510336 0.3981741 0.7737135 0.3575022 0.7737135 0.398174 0.7737135 0.3462837 0.7529849 0.3462837 0.8310803 0.3462837 0.7920326 0.3462837 0.7920326 0.3462837 0.8310803 0.3462837 0.8344871 0.3462837 0.7920326 0.3462837 0.8344871 0.3462837 0.7920327 0.3462837 0.7920326 0.3462837 0.7920327 0.3462837 0.7920326 0.1672672 0.7774736 0.1672672 0.8186189 0.1414625 0.8186189 0.1672983 0.7774736 0.1672983 0.8186189 0.1414935 0.8186189 0.667324 0.4224902 0.667324 0.3428862 0.7083124 0.3428862 0.3940358 0.776687 0.3988685 0.7650198 0.3988685 0.7650198 0.4092512 0.8209069 0.4092512 0.7754024 0.3975843 0.7802352 0.3940358 0.776687 0.3988685 0.7650198 0.3533641 0.7650198 0.3462837 0.7920326 0.3462837 0.8310803 0.3497695 0.8310803 0.3462837 0.8310803 0.3462837 0.8344871 0.3497695 0.8344871 0.667324 0.4935681 0.667324 0.4139641 0.7083124 0.4139641 0.2081236 0.002086818 0.2081236 0.100988 0.01622825 0.100988 0.2006518 0.7323713 0.2006518 0.7825041 0.09904247 0.7825041 0.3575022 0.7737135 0.3981741 0.7737135 0.3981741 0.7700828 0.4092512 0.7754027 0.3975843 0.7802352 0.3975843 0.7802352 0.7083124 0.4935681 0.667324 0.4935681 0.667324 0.4935681 0.3497695 0.8344871 0.3497695 0.8310803 0.3497695 0.8310803 0.4092512 0.7754027 0.3988685 0.7650198 0.3992946 0.7671625 0.3978689 0.7788034 0.3954675 0.776402 0.3940358 0.776687 0.4071086 0.7749763 0.3978689 0.7788034 0.3975843 0.7802352 0.3940358 0.776687 0.3954675 0.776402 0.3992946 0.7671625 0.3978689 0.7788034 0.4071086 0.7749763 0.3992946 0.7671625 0.1414625 0.8186189 0.1672672 0.8186189 0.1672672 0.7774736 0.1414935 0.8186189 0.1672983 0.8186189 0.1672983 0.7774736 0.7083124 0.3428862 0.667324 0.3428862 0.667324 0.4224902 0.3988685 0.7650198 0.3988685 0.7650198 0.3940358 0.776687 0.3975843 0.7802352 0.4092512 0.7754024 0.4092512 0.8209069 0.3940358 0.776687 0.3533641 0.776687 0.3533641 0.7650198 0.3497695 0.8310803 0.3462837 0.8310803 0.3462837 0.7920326 0.3497695 0.8344871 0.3462837 0.8344871 0.3462837 0.8310803 0.7083124 0.4139641 0.667324 0.4139641 0.667324 0.4935681 0.01622825 0.100988 0.2081236 0.100988 0.2081236 0.002086818 0.09904247 0.7825041 0.2006518 0.7825041 0.2006518 0.7323713 0.3981741 0.7700828 0.3981741 0.7737135 0.3575022 0.7737135 0.3975843 0.7802352 0.3975843 0.7802352 0.4092512 0.7754027 0.667324 0.4935681 0.667324 0.4935681 0.7083124 0.4935681 0.3497695 0.8310803 0.3497695 0.8310803 0.3497695 0.8344871 0.3992946 0.7671625 0.3988685 0.7650198 0.4092512 0.7754027 0.3940358 0.776687 0.3954675 0.776402 0.3978689 0.7788034 0.3975843 0.7802352 0.3978689 0.7788034 0.4071086 0.7749763 0.3940358 0.776687 0.3988685 0.7650198 0.3992946 0.7671625 0.3978689 0.7788034 0.3954675 0.776402 0.3992946 0.7671625 0.4970621 0.8592957 0.497062 0.8592957 0.4970621 0.9510336 0.5119765 0.9634653 0.5119765 0.9634653 0.5735637 0.9634653 0.7235583 0.6891838 0.7235583 0.6179153 0.7766239 0.6179153 0.7235583 0.6179153 0.7322158 0.6082574 0.7766239 0.6179153 0.7322158 0.6082574 0.7679663 0.6082574 0.7766239 0.6179153 0.7766239 0.6179153 0.7766239 0.6891838 0.7235583 0.6891838 0.7766239 0.6891838 0.7679663 0.6988417 0.7235583 0.6891838 0.5884781 0.9510336 0.5884781 0.9510336 0.5884781 0.8592957 0.5735637 0.9634653 0.5884781 0.9510336 0.5884781 0.9510336 0.5735637 0.8468639 0.5884781 0.8592957 0.5884781 0.8592957 0.5119765 0.8468639 0.497062 0.8592957 0.4970621 0.8592957 0.5119765 0.9634653 0.4970621 0.9510336 0.4970621 0.9510336 0.5735637 0.8468639 0.5735637 0.8468639 0.5119765 0.8468639 0.02881526 0.8993613 0.03656101 0.8793423 0.04348099 0.8989754 0.05417764 0.9324054 0.03747659 0.9189484 0.05838847 0.9183981 0.09365683 0.9184904 0.07558941 0.9301921 0.08159357 0.9102192 0.09269446 0.8768463 0.09822899 0.8975355 0.08102792 0.8857415 0.05261999 0.8650234 0.07410812 0.8661084 0.05747294 0.8787922 0.1158407 0.4810324 0.09035086 0.5163058 0.07895213 0.4810324 0.05747294 0.8787922 0.07410812 0.8661084 0.08102792 0.8857415 0.07410812 0.8661084 0.09269446 0.8768463 0.08102792 0.8857415 0.09035086 0.5163058 0.04910898 0.5028325 0.07895213 0.4810324 0.08102792 0.8857415 0.09822899 0.8975355 0.08159357 0.9102192 0.09822899 0.8975355 0.09365683 0.9184904 0.08159357 0.9102192 0.04910898 0.5028325 0.04910898 0.4592324 0.07895213 0.4810324 0.08159357 0.9102192 0.07558941 0.9301921 0.05838847 0.9183981 0.07558941 0.9301921 0.05417764 0.9324054 0.05838847 0.9183981 0.04910898 0.4592324 0.09035086 0.4457592 0.07895213 0.4810324 0.05838847 0.9183981 0.03747659 0.9189484 0.04348099 0.8989754 0.03747659 0.9189484 0.02881526 0.8993613 0.04348099 0.8989754 0.09035086 0.4457592 0.1158407 0.4810324 0.07895213 0.4810324 0.04348099 0.8989754 0.03656101 0.8793423 0.05747294 0.8787922 0.03656101 0.8793423 0.05261999 0.8650234 0.05747294 0.8787922 0.06768929 0.8707699 0.07832026 0.8780591 0.05683219 0.8769742 0.06755477 0.8649474 0.09457296 0.8729181 0.07832026 0.8780591 0.08703255 0.8657683 0.09269446 0.8768463 0.07410812 0.8661084 0.05755162 0.9008365 0.05384057 0.9131807 0.0483061 0.8924915 0.06307137 0.898891 0.06372052 0.9269674 0.05384057 0.9131807 0.102506 0.9096693 0.09365683 0.9184904 0.09822899 0.8975355 0.08430147 0.9179018 0.07137727 0.9182415 0.08944463 0.9065397 0.08784747 0.9225218 0.06123095 0.9319031 0.07137727 0.9182415 0.06109625 0.9260807 0.0499655 0.9204547 0.07137727 0.9182415 0.04175299 0.9310824 0.03747659 0.9189484 0.05417764 0.9324054 0.05468535 0.9301519 0.03758621 0.9078736 0.0537371 0.9132172 0.04310595 0.9059281 0.04507577 0.8936301 0.0537371 0.9132172 0.02627962 0.8871813 0.03656101 0.8793423 0.02881526 0.8993613 0.02488887 0.8974791 0.04093819 0.8743287 0.04077315 0.891293 0.04448407 0.8789488 0.05683219 0.8769742 0.04077315 0.891293 0.0459724 0.8766126 0.06307137 0.898891 0.0483061 0.8924915 0.1038967 0.8993715 0.08784747 0.9225218 0.08944463 0.9065397 0.06123095 0.9319031 0.03421264 0.9239324 0.0499655 0.9204547 0.03758621 0.9078736 0.03693723 0.8797972 0.04507577 0.8936301 0.04093819 0.8743287 0.06755477 0.8649474 0.05683219 0.8769742 0.2205606 0.8231952 0.3139691 0.7302249 0.3139691 0.8231952 0.3139691 0.8231952 0.2205606 0.7302249 0.2205606 0.8231952 0.105104 0.8231952 0.01169562 0.7302249 0.01169562 0.8231952 0.05357235 0.8231952 0.1628323 0.7302249 0.1628323 0.8231952 0.1628323 0.8231952 0.05357235 0.7302249 0.05357235 0.8231952 0.1628323 0.8231952 0.2720922 0.7302249 0.2720922 0.8231952 0.2720922 0.8231952 0.1628323 0.7302249 0.1628323 0.8231952 0.01169562 0.8231952 0.105104 0.7302249 0.105104 0.8231952 0.105104 0.8231952 0.2205606 0.7302249 0.2205606 0.8231952 0.2205606 0.8231952 0.105104 0.7302249 0.105104 0.8231952 0.7522202 0.1081079 0.7522202 0.07933503 0.8414719 0.07933503 0.8414719 0.07933503 0.8414719 0.1081079 0.7522202 0.1081079 0.7766239 0.6179153 0.7766239 0.6891838 0.7766239 0.6179153 0.7766239 0.6891838 0.7235583 0.6891838 0.7766239 0.6891838 0.7235583 0.6179153 0.7766239 0.6179153 0.7235583 0.6179153 0.7235583 0.6891838 0.7235583 0.6179153 0.7235583 0.6891838 0.5470854 0.5330999 0.5470854 0.5330999 0.5473577 0.5330999 0.5505164 0.4616042 0.5431102 0.4616042 0.5430858 0.4616042 0.5473577 0.5330999 0.5473577 0.5330999 0.5470854 0.5330999 0.5505164 0.4616042 0.5431102 0.4616042 0.5430858 0.4616042 0.9637713 0.7926481 0.9637713 0.8415018 0.9637713 0.7926481 0.2857672 0.01656907 0.3307921 0.02787172 0.3185967 0.01656907 0.3350719 0.2773379 0.3350719 0.2482272 0.3350719 0.2482272 0.1355834 0.04222196 0.2857672 0.01656907 0.2733691 0.04222196 0.1355834 0.04222196 0.2857672 0.01656907 0.1231853 0.01656907 0.3030651 0.04222196 0.09215223 0.01656907 0.3185967 0.01656907 0.3350719 0.2773379 0.3629841 0.2482272 0.3350719 0.2482272 0.3629841 0.2773379 0.3350719 0.2773379 0.3350719 0.2773379 0.3350719 0.2482272 0.3629841 0.2482272 0.3629841 0.2482272 0.3629841 0.2482272 0.3629841 0.2773379 0.3629841 0.2773379 0.3382552 0.2810102 0.3598008 0.2810102 0.3629841 0.2773379 0.3598008 0.2445549 0.3382552 0.2445549 0.3350719 0.2482272 0.3676955 0.2746893 0.3676955 0.2508758 0.3629841 0.2482272 0.3303605 0.2508758 0.3303605 0.2746893 0.3350719 0.2773379 0.3637481 0.2779334 0.3676955 0.2746893 0.3629901 0.2773426 0.3676955 0.2508758 0.3637481 0.2476317 0.3629901 0.2482225 0.3303605 0.2746893 0.3343079 0.2779334 0.3350659 0.2773426 0.3343079 0.2476316 0.3303605 0.2508758 0.3350659 0.2482225 0.3238566 0.04222196 0.2857672 0.01656907 0.3307921 0.02787172 0.08509588 0.04222196 0.1231853 0.01656907 0.1355834 0.04222196 0.08509588 0.04222196 0.1231853 0.01656907 0.0781604 0.02787172 0.3238566 0.04222196 0.2857672 0.01656907 0.2733691 0.04222196 0.303065 0.04222196 0.09215223 0.01656907 0.1076838 0.04222196 0.9834537 0.2492127 0.9289617 0.306621 0.9289617 0.2492127 0.9637713 0.8602091 0.9843581 0.7739409 0.9843581 0.8602091 0.9637713 0.8415018 0.9843581 0.7926481 0.9843581 0.8415018 0.9637713 0.7926481 0.9843581 0.8415018 0.9843581 0.7926481 0.9637713 0.7739409 0.9843581 0.8602091 0.9843581 0.7739409 0.5639454 0.07845765 0.5141394 0.108676 0.5061941 0.07845765 0.8069093 0.1432049 0.8306663 0.1471922 0.8306663 0.1700437 0.6216966 0.07845765 0.5679181 0.108676 0.5639454 0.07845765 0.6216966 0.07845765 0.5141394 0.108676 0.6216966 0.108676 0.5061941 0.07845765 0.5047559 0.108676 0.4961174 0.07845765 0.6216966 0.07845765 0.5141392 0.108676 0.6216966 0.108676 0.5061941 0.07845765 0.5047559 0.108676 0.5141394 0.108676 0.6216966 0.07845765 0.7292538 0.108676 0.7371991 0.07845765 0.5141394 0.108676 0.5639454 0.07845765 0.5061941 0.07845765 0.8069093 0.2425854 0.7850586 0.2425854 0.7831522 0.2385982 0.5679181 0.108676 0.6216966 0.07845765 0.5639454 0.07845765 0.6216966 0.07845765 0.5141394 0.108676 0.5061941 0.07845765 0.5047559 0.108676 0.5061941 0.07845765 0.4961174 0.07845765 0.6216966 0.07845765 0.5141392 0.108676 0.5061939 0.07845765 0.5061941 0.07845765 0.5047559 0.108676 0.4961174 0.07845765 0.7292538 0.108676 0.6216966 0.07845765 0.7371991 0.07845765 0.5431102 0.5383753 0.5468255 0.4616042 0.5468255 0.5383753 0.5473577 0.465943 0.551073 0.465943 0.551073 0.5330999 0.5984501 0.5120386 0.5870146 0.5168611 0.5984501 0.5168611 0.5984501 0.5120386 0.5870146 0.507216 0.5863494 0.5120386 0.5984501 0.5212155 0.5886206 0.5159355 0.5870146 0.5204596 0.5984501 0.516393 0.5902265 0.5114116 0.5886206 0.5159355 0.5984501 0.507216 0.5908917 0.5120386 0.5902265 0.507216 0.5984501 0.5168611 0.5908917 0.5120386 0.5984501 0.5120386 0.5984501 0.516393 0.5902265 0.5114116 0.5984501 0.5115705 0.5984501 0.5212155 0.5886206 0.5159355 0.5984501 0.516393 0.5863494 0.5120386 0.5802633 0.5168611 0.5870146 0.5168611 0.5839613 0.5147792 0.5885981 0.5027529 0.5839613 0.5027529 0.5863494 0.5120386 0.5802633 0.507216 0.5785821 0.5120386 0.5932351 0.5147792 0.5885981 0.5027529 0.5885981 0.5157453 0.5870146 0.5204596 0.5843218 0.512447 0.5802633 0.5147792 0.5843218 0.512447 0.5787366 0.5027529 0.5802633 0.5147792 0.5886206 0.5159355 0.5883805 0.5101147 0.5843218 0.512447 0.5883805 0.5101147 0.5833736 0.5027529 0.5843218 0.512447 0.5902265 0.507216 0.5900616 0.5120386 0.5883805 0.507216 0.5885981 0.5091487 0.5932351 0.5027529 0.5932351 0.5101147 0.5902265 0.5168611 0.5900616 0.5120386 0.5908917 0.5120386 0.5885981 0.5091487 0.5839613 0.5027529 0.5885981 0.5027529 0.5886206 0.5159355 0.5883805 0.5101147 0.5902265 0.5114116 0.5883805 0.5101147 0.5833736 0.5027529 0.5880104 0.5027529 0.5870146 0.5204596 0.5843218 0.512447 0.5886206 0.5159355 0.5843218 0.512447 0.5787366 0.5027529 0.5833736 0.5027529 0.5430858 0.5383753 0.5468011 0.4616042 0.5468011 0.5383753 0.5505409 0.5383753 0.5468255 0.4616042 0.5468255 0.5383753 0.5468255 0.5383753 0.5505409 0.4616042 0.5505409 0.5383753 0.5468011 0.5383753 0.5505164 0.4616042 0.5505164 0.5383753 0.5468255 0.5383753 0.5431102 0.4616042 0.5431102 0.5383753 0.5470854 0.465943 0.5508008 0.465943 0.5508008 0.5330999 0.5508008 0.465943 0.5470854 0.465943 0.5470854 0.5330999 0.5436424 0.465943 0.5473577 0.465943 0.5473577 0.5330999 0.5470854 0.465943 0.5470854 0.5330999 0.5433701 0.5330999 0.551073 0.465943 0.5473577 0.465943 0.5473577 0.5330999 0.5984501 0.5120386 0.5863494 0.5120386 0.5870146 0.5168611 0.5984501 0.5120386 0.5984501 0.507216 0.5870146 0.507216 0.5984501 0.5212155 0.5984501 0.516393 0.5886206 0.5159355 0.5984501 0.516393 0.5984501 0.5115705 0.5902265 0.5114116 0.5984501 0.507216 0.5984501 0.5120386 0.5908917 0.5120386 0.5984501 0.5168611 0.5902265 0.5168611 0.5908917 0.5120386 0.5984501 0.516393 0.5886206 0.5159355 0.5902265 0.5114116 0.5984501 0.5212155 0.5870146 0.5204596 0.5886206 0.5159355 0.5863494 0.5120386 0.5785821 0.5120386 0.5802633 0.5168611 0.5839613 0.5147792 0.5885981 0.5157453 0.5885981 0.5027529 0.5863494 0.5120386 0.5870146 0.507216 0.5802633 0.507216 0.5932351 0.5147792 0.5932351 0.5027529 0.5885981 0.5027529 0.5870146 0.5204596 0.5886206 0.5159355 0.5843218 0.512447 0.5843218 0.512447 0.5833736 0.5027529 0.5787366 0.5027529 0.5886206 0.5159355 0.5902265 0.5114116 0.5883805 0.5101147 0.5883805 0.5101147 0.5880104 0.5027529 0.5833736 0.5027529 0.5902265 0.507216 0.5908917 0.5120386 0.5900616 0.5120386 0.5885981 0.5091487 0.5885981 0.5027529 0.5932351 0.5027529 0.5902265 0.5168611 0.5883805 0.5168611 0.5900616 0.5120386 0.5885981 0.5091487 0.5839613 0.5101147 0.5839613 0.5027529 0.5886206 0.5159355 0.5843218 0.512447 0.5883805 0.5101147 0.5883805 0.5101147 0.5843218 0.512447 0.5833736 0.5027529 0.5870146 0.5204596 0.5802633 0.5147792 0.5843218 0.512447 0.5843218 0.512447 0.5802633 0.5147792 0.5787366 0.5027529 0.5505164 0.5383753 0.5468011 0.4616042 0.5468011 0.5383753 0.5468011 0.5383753 0.5430858 0.4616042 0.5430858 0.5383753 0.5470854 0.465943 0.5433701 0.465943 0.5433701 0.5330999 0.5473577 0.465943 0.5436424 0.465943 0.5436424 0.5330999 0.5431102 0.5383753 0.5468255 0.4616042 0.5468255 0.5383753 0.5473577 0.465943 0.551073 0.465943 0.551073 0.5330999 0.5984501 0.5120386 0.5870146 0.5168611 0.5984501 0.5168611 0.5984501 0.5120386 0.5870146 0.507216 0.5863494 0.5120386 0.5984501 0.5212155 0.5886206 0.5159355 0.5870146 0.5204596 0.5984501 0.516393 0.5902265 0.5114116 0.5886206 0.5159355 0.5984501 0.507216 0.5908917 0.5120386 0.5902265 0.507216 0.5984501 0.5168611 0.5908917 0.5120386 0.5984501 0.5120386 0.5984501 0.516393 0.5902265 0.5114116 0.5984501 0.5115705 0.5984501 0.5212155 0.5886206 0.5159355 0.5984501 0.516393 0.5863494 0.5120386 0.5802633 0.5168611 0.5870146 0.5168611 0.5839613 0.5147792 0.5885981 0.5027529 0.5839613 0.5027529 0.5863494 0.5120386 0.5802633 0.507216 0.5785821 0.5120386 0.5932351 0.5147792 0.5885981 0.5027529 0.5885981 0.5157453 0.5870146 0.5204596 0.5843218 0.512447 0.5802633 0.5147792 0.5843218 0.512447 0.5787366 0.5027529 0.5802633 0.5147792 0.5886206 0.5159355 0.5883805 0.5101147 0.5843218 0.512447 0.5883805 0.5101147 0.5833736 0.5027529 0.5843218 0.512447 0.5902265 0.507216 0.5900616 0.5120386 0.5883805 0.507216 0.5885981 0.5091487 0.5932351 0.5027529 0.5932351 0.5101147 0.5902265 0.5168611 0.5900616 0.5120386 0.5908917 0.5120386 0.5885981 0.5091487 0.5839613 0.5027529 0.5885981 0.5027529 0.5886206 0.5159355 0.5883805 0.5101147 0.5902265 0.5114116 0.5883805 0.5101147 0.5833736 0.5027529 0.5880104 0.5027529 0.5870146 0.5204596 0.5843218 0.512447 0.5886206 0.5159355 0.5843218 0.512447 0.5787366 0.5027529 0.5833736 0.5027529 0.5430858 0.5383753 0.5468011 0.4616042 0.5468011 0.5383753 0.5505409 0.5383753 0.5468255 0.4616042 0.5468255 0.5383753 0.5468255 0.5383753 0.5505409 0.4616042 0.5505409 0.5383753 0.5468011 0.5383753 0.5505164 0.4616042 0.5505164 0.5383753 0.5468255 0.5383753 0.5431102 0.4616042 0.5431102 0.5383753 0.5470854 0.465943 0.5508008 0.465943 0.5508008 0.5330999 0.5508008 0.465943 0.5470854 0.465943 0.5470854 0.5330999 0.5436424 0.465943 0.5473577 0.465943 0.5473577 0.5330999 0.5470854 0.465943 0.5470854 0.5330999 0.5433701 0.5330999 0.551073 0.465943 0.5473577 0.465943 0.5473577 0.5330999 0.5984501 0.5120386 0.5863494 0.5120386 0.5870146 0.5168611 0.5984501 0.5120386 0.5984501 0.507216 0.5870146 0.507216 0.5984501 0.5212155 0.5984501 0.516393 0.5886206 0.5159355 0.5984501 0.516393 0.5984501 0.5115705 0.5902265 0.5114116 0.5984501 0.507216 0.5984501 0.5120386 0.5908917 0.5120386 0.5984501 0.5168611 0.5902265 0.5168611 0.5908917 0.5120386 0.5984501 0.516393 0.5886206 0.5159355 0.5902265 0.5114116 0.5984501 0.5212155 0.5870146 0.5204596 0.5886206 0.5159355 0.5863494 0.5120386 0.5785821 0.5120386 0.5802633 0.5168611 0.5839613 0.5147792 0.5885981 0.5157453 0.5885981 0.5027529 0.5863494 0.5120386 0.5870146 0.507216 0.5802633 0.507216 0.5932351 0.5147792 0.5932351 0.5027529 0.5885981 0.5027529 0.5870146 0.5204596 0.5886206 0.5159355 0.5843218 0.512447 0.5843218 0.512447 0.5833736 0.5027529 0.5787366 0.5027529 0.5886206 0.5159355 0.5902265 0.5114116 0.5883805 0.5101147 0.5883805 0.5101147 0.5880104 0.5027529 0.5833736 0.5027529 0.5902265 0.507216 0.5908917 0.5120386 0.5900616 0.5120386 0.5885981 0.5091487 0.5885981 0.5027529 0.5932351 0.5027529 0.5902265 0.5168611 0.5883805 0.5168611 0.5900616 0.5120386 0.5885981 0.5091487 0.5839613 0.5101147 0.5839613 0.5027529 0.5886206 0.5159355 0.5843218 0.512447 0.5883805 0.5101147 0.5883805 0.5101147 0.5843218 0.512447 0.5833736 0.5027529 0.5870146 0.5204596 0.5802633 0.5147792 0.5843218 0.512447 0.5843218 0.512447 0.5802633 0.5147792 0.5787366 0.5027529 0.5505164 0.5383753 0.5468011 0.4616042 0.5468011 0.5383753 0.5468011 0.5383753 0.5430858 0.4616042 0.5430858 0.5383753 0.5470854 0.465943 0.5433701 0.465943 0.5433701 0.5330999 0.5473577 0.465943 0.5436424 0.465943 0.5436424 0.5330999 0.9637714 0.7795558 0.9843581 0.8545942 0.9843581 0.7795558 0.9637714 0.835647 0.9843581 0.7985029 0.9843581 0.835647 0.7141781 0.6985023 0.6820636 0.6985023 0.6770017 0.6925497 0.9637714 0.8545942 0.9843581 0.7795558 0.9843581 0.8545941 0.9637713 0.7795558 0.9843581 0.7739409 0.9843581 0.7795558 0.9843581 0.8545941 0.9637713 0.8602091 0.9637714 0.8545942 0.9843581 0.835647 0.9637713 0.8415018 0.9637714 0.835647 0.9637714 0.835647 0.9843581 0.8415018 0.9843581 0.835647 0.9637714 0.7985029 0.9843581 0.835647 0.9843581 0.7985029 0.5470854 0.5330999 0.5473577 0.5330999 0.5508008 0.5330999 0.5473577 0.5330999 0.5470854 0.5330999 0.5508008 0.5330999 0.5470854 0.5330999 0.5473577 0.5330999 0.551073 0.5330999 0.5473577 0.5330999 0.5470854 0.5330999 0.5433701 0.5330999 0.5470854 0.5330999 0.5470854 0.5330999 0.5473577 0.5330999 0.5430858 0.4616042 0.5468011 0.4616042 0.5505409 0.4616042 0.5505409 0.4616042 0.5468255 0.4616042 0.5505164 0.4616042 0.5505164 0.4616042 0.5468011 0.4616042 0.5431102 0.4616042 0.5431102 0.4616042 0.5468255 0.4616042 0.5430858 0.4616042 0.5430858 0.4616042 0.5505409 0.4616042 0.5505164 0.4616042 0.5470854 0.5330999 0.5473577 0.5330999 0.5508008 0.5330999 0.5473577 0.5330999 0.5470854 0.5330999 0.5508008 0.5330999 0.5470854 0.5330999 0.5473577 0.5330999 0.551073 0.5330999 0.5473577 0.5330999 0.5470854 0.5330999 0.5433701 0.5330999 0.5470854 0.5330999 0.5473577 0.5330999 0.5473577 0.5330999 0.5430858 0.4616042 0.5468011 0.4616042 0.5505409 0.4616042 0.5505409 0.4616042 0.5468255 0.4616042 0.5505164 0.4616042 0.5505164 0.4616042 0.5468011 0.4616042 0.5431102 0.4616042 0.5431102 0.4616042 0.5468255 0.4616042 0.5430858 0.4616042 0.5430858 0.4616042 0.5505409 0.4616042 0.5505164 0.4616042 0.9637713 0.7926481 0.9637713 0.8602091 0.9637713 0.8415018 0.3185967 0.01656907 0.2857672 0.01656907 0.2857672 0.01656907 0.2857672 0.01656907 0.1231853 0.01656907 0.2857672 0.01656907 0.1231853 0.01656907 0.0781604 0.02787172 0.09215223 0.01656907 0.09215223 0.01656907 0.1231853 0.01656907 0.1231853 0.01656907 0.1231853 0.01656907 0.2857672 0.01656907 0.1231853 0.01656907 0.3350719 0.2773379 0.3350719 0.2773379 0.3350719 0.2482272 0.1355834 0.04222196 0.1231853 0.01656907 0.2857672 0.01656907 0.1355834 0.04222196 0.2733691 0.04222196 0.2857672 0.01656907 0.3030651 0.04222196 0.1076838 0.04222196 0.09215223 0.01656907 0.3350719 0.2773379 0.3629841 0.2773379 0.3629841 0.2482272 0.3629841 0.2773379 0.3629841 0.2773379 0.3350719 0.2773379 0.3350719 0.2482272 0.3350719 0.2482272 0.3629841 0.2482272 0.3629841 0.2482272 0.3629841 0.2482272 0.3629841 0.2773379 0.3629901 0.2773426 0.3629841 0.2773379 0.3598008 0.2810102 0.3629841 0.2773379 0.3350719 0.2773379 0.3382552 0.2810102 0.3350719 0.2773379 0.3350659 0.2773426 0.3382552 0.2810102 0.3350659 0.2482225 0.3350719 0.2482272 0.3382552 0.2445549 0.3350719 0.2482272 0.3629841 0.2482272 0.3598008 0.2445549 0.3629841 0.2482272 0.3629901 0.2482225 0.3598008 0.2445549 0.3629901 0.2482225 0.3629841 0.2482272 0.3676955 0.2508758 0.3629841 0.2482272 0.3629841 0.2773379 0.3676955 0.2746893 0.3629841 0.2773379 0.3629901 0.2773426 0.3676955 0.2746893 0.3350659 0.2773426 0.3350719 0.2773379 0.3303605 0.2746893 0.3350719 0.2773379 0.3350719 0.2482272 0.3303605 0.2508758 0.3350719 0.2482272 0.3350659 0.2482225 0.3303605 0.2508758 0.3238566 0.04222196 0.2733691 0.04222196 0.2857672 0.01656907 0.08509588 0.04222196 0.0781604 0.02787172 0.1231853 0.01656907 0.08509588 0.04222196 0.1355834 0.04222196 0.1231853 0.01656907 0.3238566 0.04222196 0.3307921 0.02787172 0.2857672 0.01656907 0.303065 0.04222196 0.3185967 0.01656907 0.09215223 0.01656907 0.9834537 0.2492127 0.9834537 0.306621 0.9289617 0.306621 0.9637713 0.8602091 0.9637713 0.7739409 0.9843581 0.7739409 0.9637713 0.8415018 0.9637713 0.7926481 0.9843581 0.7926481 0.9637713 0.7926481 0.9637713 0.8415018 0.9843581 0.8415018 0.9637713 0.7739409 0.9637713 0.8602091 0.9843581 0.8602091 0.5639454 0.07845765 0.5679181 0.108676 0.5141394 0.108676 0.8306663 0.1928952 0.7831522 0.1928952 0.8306663 0.1700437 0.7831522 0.1928952 0.7831522 0.1471922 0.8069093 0.1432049 0.8306663 0.1700437 0.7831522 0.1928952 0.8069093 0.1432049 0.7831522 0.1471922 0.7850586 0.1432049 0.8069093 0.1432049 0.8069093 0.1432049 0.82876 0.1432049 0.8306663 0.1471922 0.6216966 0.07845765 0.6216966 0.108676 0.5679181 0.108676 0.6216966 0.07845765 0.5061941 0.07845765 0.5141394 0.108676 0.5061941 0.07845765 0.5141394 0.108676 0.5047559 0.108676 0.6216966 0.07845765 0.5061939 0.07845765 0.5141392 0.108676 0.5061941 0.07845765 0.4961174 0.07845765 0.5047559 0.108676 0.6216966 0.07845765 0.6216966 0.108676 0.7292538 0.108676 0.5141394 0.108676 0.5679181 0.108676 0.5639454 0.07845765 0.7831522 0.2385982 0.7831522 0.1928952 0.8069093 0.2425854 0.7831522 0.1928952 0.8306663 0.1928952 0.8306663 0.2157467 0.8306663 0.2157467 0.8306663 0.2385982 0.8069093 0.2425854 0.8306663 0.2385982 0.82876 0.2425854 0.8069093 0.2425854 0.7831522 0.1928952 0.8306663 0.2157467 0.8069093 0.2425854 0.5679181 0.108676 0.6216966 0.108676 0.6216966 0.07845765 0.6216966 0.07845765 0.6216966 0.108676 0.5141394 0.108676 0.5047559 0.108676 0.5141394 0.108676 0.5061941 0.07845765 0.6216966 0.07845765 0.6216966 0.108676 0.5141392 0.108676 0.5061941 0.07845765 0.5141394 0.108676 0.5047559 0.108676 0.7292538 0.108676 0.6216966 0.108676 0.6216966 0.07845765 0.5431102 0.5383753 0.5431102 0.4616042 0.5468255 0.4616042 0.5473577 0.465943 0.551073 0.5330999 0.5473577 0.5330999 0.5430858 0.5383753 0.5430858 0.4616042 0.5468011 0.4616042 0.5505409 0.5383753 0.5505409 0.4616042 0.5468255 0.4616042 0.5468255 0.5383753 0.5468255 0.4616042 0.5505409 0.4616042 0.5468011 0.5383753 0.5468011 0.4616042 0.5505164 0.4616042 0.5468255 0.5383753 0.5468255 0.4616042 0.5431102 0.4616042 0.5470854 0.465943 0.5508008 0.5330999 0.5470854 0.5330999 0.5508008 0.465943 0.5470854 0.5330999 0.5508008 0.5330999 0.5436424 0.465943 0.5473577 0.5330999 0.5436424 0.5330999 0.5470854 0.465943 0.5433701 0.5330999 0.5433701 0.465943 0.551073 0.465943 0.5473577 0.5330999 0.551073 0.5330999 0.5505164 0.5383753 0.5505164 0.4616042 0.5468011 0.4616042 0.5468011 0.5383753 0.5468011 0.4616042 0.5430858 0.4616042 0.5470854 0.465943 0.5433701 0.5330999 0.5470854 0.5330999 0.5473577 0.465943 0.5436424 0.5330999 0.5473577 0.5330999 0.5431102 0.5383753 0.5431102 0.4616042 0.5468255 0.4616042 0.5473577 0.465943 0.551073 0.5330999 0.5473577 0.5330999 0.5430858 0.5383753 0.5430858 0.4616042 0.5468011 0.4616042 0.5505409 0.5383753 0.5505409 0.4616042 0.5468255 0.4616042 0.5468255 0.5383753 0.5468255 0.4616042 0.5505409 0.4616042 0.5468011 0.5383753 0.5468011 0.4616042 0.5505164 0.4616042 0.5468255 0.5383753 0.5468255 0.4616042 0.5431102 0.4616042 0.5470854 0.465943 0.5508008 0.5330999 0.5470854 0.5330999 0.5508008 0.465943 0.5470854 0.5330999 0.5508008 0.5330999 0.5436424 0.465943 0.5473577 0.5330999 0.5436424 0.5330999 0.5470854 0.465943 0.5433701 0.5330999 0.5433701 0.465943 0.551073 0.465943 0.5473577 0.5330999 0.551073 0.5330999 0.5505164 0.5383753 0.5505164 0.4616042 0.5468011 0.4616042 0.5468011 0.5383753 0.5468011 0.4616042 0.5430858 0.4616042 0.5470854 0.465943 0.5433701 0.5330999 0.5470854 0.5330999 0.5473577 0.465943 0.5436424 0.5330999 0.5473577 0.5330999 0.9637714 0.7795558 0.9637713 0.8545941 0.9843581 0.8545942 0.9637714 0.835647 0.9637714 0.7985029 0.9843581 0.7985029 0.6770017 0.6925497 0.6770016 0.6129988 0.7192401 0.6129989 0.6770016 0.6129988 0.6820636 0.6070463 0.7192401 0.6129989 0.6820636 0.6070463 0.7141781 0.6070463 0.7192401 0.6129989 0.7192401 0.6129989 0.7192401 0.6925498 0.6770017 0.6925497 0.7192401 0.6925498 0.7141781 0.6985023 0.6770017 0.6925497 0.9637714 0.8545942 0.9637713 0.7795558 0.9843581 0.7795558 0.9637713 0.7795558 0.9637713 0.7739409 0.9843581 0.7739409 0.9843581 0.8545941 0.9843581 0.8602091 0.9637713 0.8602091 0.9843581 0.835647 0.9843581 0.8415018 0.9637713 0.8415018 0.9637714 0.835647 0.9637713 0.8415018 0.9843581 0.8415018 0.9637714 0.7985029 0.9637714 0.835647 0.9843581 0.835647 0.1065118 0.4845834 0.09184634 0.504878 0.08528792 0.4845834 0.09184634 0.504878 0.06811749 0.4971259 0.08528792 0.4845834 0.06811749 0.4971259 0.06811749 0.4720405 0.08528792 0.4845834 0.06811749 0.4720405 0.09184634 0.4642886 0.08528792 0.4845834 0.09184634 0.4642886 0.1065118 0.4845834 0.08528792 0.4845834 0.09184634 0.4642886 0.1065118 0.4845834 0.1065118 0.4845834 0.09184634 0.4642886 0.06811749 0.4720405 0.09184634 0.4642886 0.06811749 0.4971259 0.06811749 0.4720405 0.06811749 0.4720405 0.09184634 0.504878 0.06811749 0.4971259 0.06811749 0.4971259 0.09184634 0.504878 0.1065118 0.4845834 0.09184634 0.504878 0.2205606 0.8231952 0.2205606 0.7302249 0.3139691 0.7302249 0.3139691 0.8231952 0.3139691 0.7302249 0.2205606 0.7302249 0.105104 0.8231952 0.105104 0.7302249 0.01169562 0.7302249 0.05357235 0.8231952 0.05357235 0.7302249 0.1628323 0.7302249 0.1628323 0.8231952 0.1628323 0.7302249 0.05357235 0.7302249 0.1628323 0.8231952 0.1628323 0.7302249 0.2720922 0.7302249 0.2720922 0.8231952 0.2720922 0.7302249 0.1628323 0.7302249 0.01169562 0.8231952 0.01169562 0.7302249 0.105104 0.7302249 0.105104 0.8231952 0.105104 0.7302249 0.2205606 0.7302249 0.2205606 0.8231952 0.2205606 0.7302249 0.105104 0.7302249 0.7766239 0.6179153 0.7766239 0.6891838 0.7766239 0.6891838 0.7766239 0.6891838 0.7235583 0.6891838 0.7235583 0.6891838 0.7235583 0.6179153 0.7766239 0.6179153 0.7766239 0.6179153 0.7235583 0.6891838 0.7235583 0.6179153 0.7235583 0.6179153 0.09184634 0.4642886 0.09184634 0.4642886 0.1065118 0.4845834 0.09184634 0.4642886 0.06811749 0.4720405 0.06811749 0.4720405 0.06811749 0.4971259 0.06811749 0.4971259 0.06811749 0.4720405 0.09184634 0.504878 0.09184634 0.504878 0.06811749 0.4971259 0.09184634 0.504878 0.1065118 0.4845834 0.1065118 0.4845834</float_array>
          <technique_common>
            <accessor source="#Cubo_001-mesh-map-0-array" count="1527" stride="2">
              <param name="S" type="float"/>
              <param name="T" type="float"/>
            </accessor>
          </technique_common>
        </source>
        <source id="Cubo_001-mesh-map-1">
          <float_array id="Cubo_001-mesh-map-1-array" count="3054">0.743744 0.6872151 0.7606487 0.6685489 0.8473592 0.6872151 0.6392294 0.1551955 0.7907477 0 0.942266 0.1551955 0.1559206 0.5534 0.3118411 0.393356 0.3118411 0.5534 0.4762586 0.3937105 0.6325082 0.5534114 0.4762732 0.5534114 0.4762586 0.3937105 0.3206756 0.3570865 0.4769105 0.3570865 0.3128872 0.4343851 0.3177776 0.3934042 0.3177776 0.4344333 0.9304506 0.8282504 0.9704276 0.6855094 0.9704276 0.8282504 0.9294047 0.9709942 0.8894281 0.8282519 0.9294047 0.8282519 0.9992705 0.5442169 0.9893358 0.6869592 0.9893358 0.5442169 0.9992704 0.6869592 0.9900653 0.6994124 0.9893358 0.6869592 0.6324936 0.3937105 0.4769105 0.3570865 0.6331455 0.3570865 0.3200237 0.3937105 0.4762732 0.5534114 0.3200383 0.5534114 0.1559206 0.713444 0.3118411 0.5534 0.3118411 0.713444 0.9441755 0.3388907 0.9538487 0.196129 0.9541254 0.3388694 0.9841884 0.7403592 0.9900653 0.6994124 0.9890717 0.7403592 0.6380367 0.3570865 0.6324936 0.3937105 0.6331455 0.3570865 0.9851821 0.6994124 0.9893358 0.6869592 0.9900653 0.6994124 0.5564504 0.856715 0.5605986 0.8115465 0.5605986 0.8503295 0.592258 0.8368973 0.5964272 0.8221426 0.5964272 0.839754 0.5605986 0.8503295 0.5964272 0.839754 0.5564504 0.856715 0.5964272 0.8221426 0.5605986 0.8115465 0.5564504 0.8051823 0.592258 0.8368973 0.5605986 0.8115465 0.592258 0.8249781 0 0.393356 0.1559206 0.5534 0 0.5534 0.6324778 0.1597012 0.476242 0.3194025 0.4762594 0.1597012 0.3208562 0.356015 0.476242 0.3194025 0.4770744 0.356015 0.3128871 0.4355423 0.3177782 0.4765383 0.3128871 0.476576 0.9431654 0.3650351 0.9831424 0.507776 0.9431654 0.507776 0.9294047 0.6855096 0.8894281 0.8282519 0.8894281 0.6685489 0.9893358 0.4014746 0.9992705 0.5442169 0.9893358 0.5442169 0.9900653 0.3890214 0.9992705 0.4014746 0.9893358 0.4014746 0.4770744 0.356015 0.6324602 0.3194025 0.6332927 0.356015 0.4762594 0.1597012 0.3200237 0.3194025 0.3200412 0.1597012 0 0.5534 0.1559206 0.713444 0 0.713444 0.964183 0.196125 0.9739172 0.3388821 0.9639663 0.3388653 0.9900653 0.3890214 0.9841884 0.3480746 0.9890717 0.3480746 0.6324602 0.3194025 0.6381834 0.356015 0.6332927 0.356015 0.9893358 0.4014746 0.9851822 0.3890214 0.9900653 0.3890214 0.6333019 0.8115466 0.6374502 0.8567152 0.6333019 0.8503295 0.5974734 0.8221427 0.6016424 0.8368973 0.5974734 0.8397541 0.5974734 0.8397541 0.6333019 0.8503295 0.6374502 0.8567152 0.5974734 0.8221427 0.6333019 0.8115466 0.6016424 0.8249782 0.6016424 0.8368973 0.6333019 0.8115466 0.6333019 0.8503295 0.5184376 0.9621757 0.5083976 0.8242072 0.5184376 0.8242062 0.8068346 0.9161962 0.7967945 0.8446969 0.8068346 0.8446969 0.6559875 0.668549 0.7257934 0.668549 0.742698 0.6872479 0.5194837 0.8242924 0.5295237 0.9622483 0.5194837 0.9622472 0.5296044 0.8051917 0.5194837 0.8242924 0.5195643 0.8051906 0.5195643 0.9805348 0.5295237 0.9622483 0.5296044 0.980536 0.5083118 0.9805545 0.5184376 0.9621757 0.5183517 0.9805535 0.5183517 0.8051906 0.5083976 0.8242072 0.5083118 0.8051915 0.8178809 0.9161961 0.8078806 0.8446968 0.8178809 0.8446968 0.7606487 0.6685489 0.8304545 0.6685489 0.8473592 0.6872151 0.8473592 0.6872151 0.8473592 0.8249593 0.743744 0.8249593 0.8473592 0.8249593 0.8304545 0.8436255 0.743744 0.8249593 0.8304545 0.8436255 0.7606487 0.8436255 0.743744 0.8249593 0.743744 0.8249593 0.743744 0.6872151 0.8473592 0.6872151 0.7907477 0.310391 0.6513875 0.310391 0.6392294 0.1551955 0.6513875 0.310391 0.6392294 0.2979378 0.6392294 0.1551955 0.6392294 0.1551955 0.6392294 0.01245313 0.6513875 0 0.6392294 0.1551955 0.6513875 0 0.7907477 0 0.942266 0.1551955 0.7907477 0.310391 0.6392294 0.1551955 0.1559206 0.5534 0.1559206 0.393356 0.3118411 0.393356 0.4762586 0.3937105 0.6324936 0.3937105 0.6325082 0.5534114 0.4762586 0.3937105 0.3200237 0.3937105 0.3206756 0.3570865 0.3128872 0.4343851 0.3128872 0.393356 0.3177776 0.3934042 0.9304506 0.8282504 0.9304506 0.6685489 0.9704276 0.6855094 0.9294047 0.9709942 0.8894281 0.9879549 0.8894281 0.8282519 0.9992705 0.5442169 0.9992704 0.6869592 0.9893358 0.6869592 0.9992704 0.6869592 1 0.6994124 0.9900653 0.6994124 0.6324936 0.3937105 0.4762586 0.3937105 0.4769105 0.3570865 0.3200237 0.3937105 0.4762586 0.3937105 0.4762732 0.5534114 0.1559206 0.713444 0.1559206 0.5534 0.3118411 0.5534 0.9441755 0.3388907 0.9438988 0.1961503 0.9538487 0.196129 0.9841884 0.7403592 0.9851821 0.6994124 0.9900653 0.6994124 0.6380367 0.3570865 0.6373848 0.3937105 0.6324936 0.3937105 0.9851821 0.6994124 0.9844526 0.6869592 0.9893358 0.6869592 0.5564504 0.856715 0.5564504 0.8051823 0.5605986 0.8115465 0.592258 0.8368973 0.592258 0.8249781 0.5964272 0.8221426 0.5605986 0.8503295 0.592258 0.8368973 0.5964272 0.839754 0.5964272 0.8221426 0.592258 0.8249781 0.5605986 0.8115465 0.592258 0.8368973 0.5605986 0.8503295 0.5605986 0.8115465 0 0.393356 0.1559206 0.393356 0.1559206 0.5534 0.6324778 0.1597012 0.6324602 0.3194025 0.476242 0.3194025 0.3208562 0.356015 0.3200237 0.3194025 0.476242 0.3194025 0.3128871 0.4355423 0.3177782 0.4355046 0.3177782 0.4765383 0.9431654 0.3650351 0.9831424 0.3480745 0.9831424 0.507776 0.9294047 0.6855096 0.9294047 0.8282519 0.8894281 0.8282519 0.9893358 0.4014746 0.9992705 0.4014746 0.9992705 0.5442169 0.9900653 0.3890214 1 0.3890214 0.9992705 0.4014746 0.4770744 0.356015 0.476242 0.3194025 0.6324602 0.3194025 0.4762594 0.1597012 0.476242 0.3194025 0.3200237 0.3194025 0 0.5534 0.1559206 0.5534 0.1559206 0.713444 0.964183 0.196125 0.974134 0.1961418 0.9739172 0.3388821 0.9900653 0.3890214 0.9851822 0.3890214 0.9841884 0.3480746 0.6324602 0.3194025 0.6373509 0.3194025 0.6381834 0.356015 0.9893358 0.4014746 0.9844526 0.4014746 0.9851822 0.3890214 0.6333019 0.8115466 0.6374502 0.8051825 0.6374502 0.8567152 0.5974734 0.8221427 0.6016424 0.8249782 0.6016424 0.8368973 0.5974734 0.8397541 0.6016424 0.8368973 0.6333019 0.8503295 0.5974734 0.8221427 0.6374502 0.8051825 0.6333019 0.8115466 0.6016424 0.8368973 0.6016424 0.8249782 0.6333019 0.8115466 0.5184376 0.9621757 0.5083976 0.9621766 0.5083976 0.8242072 0.8068346 0.9161962 0.7967945 0.9161962 0.7967945 0.8446969 0.742698 0.6872479 0.742698 0.8252337 0.6390828 0.8252337 0.742698 0.8252337 0.7257934 0.8439328 0.6390828 0.8252337 0.7257934 0.8439328 0.6559875 0.8439328 0.6390828 0.8252337 0.6390828 0.8252337 0.6390828 0.6872479 0.742698 0.6872479 0.6390828 0.6872479 0.6559875 0.668549 0.742698 0.6872479 0.5194837 0.8242924 0.5295237 0.8242936 0.5295237 0.9622483 0.5296044 0.8051917 0.5295237 0.8242936 0.5194837 0.8242924 0.5195643 0.9805348 0.5194837 0.9622472 0.5295237 0.9622483 0.5083118 0.9805545 0.5083976 0.9621766 0.5184376 0.9621757 0.5183517 0.8051906 0.5184376 0.8242062 0.5083976 0.8242072 0.8178809 0.9161961 0.8078806 0.9161961 0.8078806 0.8446968 0 0 0 0 0 0 0 0 0 0 0 0 0 0 0 0 0 0 0 0 0 0 0 0 0 0 0 0 0 0 0 0 0 0 0 0 0 0 0 0 0 0 0 0 0 0 0 0 0 0 0 0 0 0 0 0 0 0 0 0 0 0 0 0 0 0 0 0 0 0 0 0 0 0 0 0 0 0 0 0 0 0 0 0 0 0 0 0 0 0 0 0 0 0 0 0 0 0 0 0 0 0 0 0 0 0 0 0 0 0 0 0 0 0 0 0 0 0 0 0 0 0 0 0 0 0 0 0 0 0 0 0 0 0 0 0 0 0 0 0 0 0 0 0 0 0 0 0 0 0 0 0 0 0 0 0 0 0 0 0 0 0 0 0 0 0 0 0 0 0 0 0 0 0 0 0 0 0 0 0 0 0 0 0 0 0 0 0 0 0 0 0 0 0 0 0 0 0 0 0 0 0 0 0 0 0 0 0 0 0 0 0 0 0 0 0 0 0 0 0 0 0 0 0 0 0 0 0 0 0 0 0 0 0 0 0 0 0 0 0 0 0 0 0 0 0 0 0 0 0 0 0 0 0 0 0 0 0 0 0 0 0 0 0 0 0 0 0 0 0 0 0 0 0 0 0 0 0 0 0 0 0 0 0 0 0 0 0 0 0 0 0 0 0 0 0 0 0 0 0 0.742698 0.6872479 0.742698 0.8252337 0.6390828 0.8252337 0.6390828 0.8252337 0.6390828 0.6872479 0.742698 0.6872479 0.6390828 0.8252337 0.6390828 0.6872479 0.6390828 0.8252337 0.6390828 0.6872479 0.742698 0.6872479 0.6390828 0.6872479 0.742698 0.8252337 0.6390828 0.8252337 0.742698 0.8252337 0.742698 0.6872479 0.742698 0.8252337 0.742698 0.6872479 0.7267896 0.316383 0.7431203 0.3232989 0.7383372 0.3114624 0.7441663 0.3163524 0.7556923 0.3114818 0.7604666 0.3233345 0.7315728 0.3460478 0.7383372 0.3292908 0.7267896 0.3342113 0.7556923 0.3460389 0.7441662 0.3411683 0.7489405 0.3293155 0.5564504 0.7141838 0.6306717 0.804111 0.5564504 0.8041025 0.1609954 0.7753493 0.1496223 0.7657938 0.1496223 0.724071 0.3128871 0.5617266 0.3156004 0.6058057 0.3128871 0.605806 0.7310786 0.8595137 0.7395943 0.8941658 0.7310786 0.8913051 0.7212892 0.891305 0.7300326 0.856653 0.7300326 0.8941657 0.698615 0.3142622 0.6900737 0.353249 0.6900737 0.3114624 0.6392294 0.3114624 0.6794396 0.355547 0.6392294 0.355547 0.3128872 0.6942809 0.3155897 0.7354665 0.3128872 0.7354665 0.3128871 0.6520237 0.3156004 0.6932095 0.3128871 0.6932095 0.3156004 0.6509523 0.3128871 0.6068773 0.3156004 0.6068777 0.2324101 0.7145155 0.2634485 0.7145155 0.2680344 0.7200767 0.2634485 0.7697225 0.2324101 0.7697225 0.2278242 0.7641613 0.2748216 0.7240877 0.2748216 0.7601503 0.2680344 0.7641613 0.2210369 0.7601503 0.2210369 0.7240877 0.2278242 0.7200767 0.2634485 0.7145155 0.2748216 0.7240877 0.2680431 0.7200696 0.2748216 0.7601503 0.2634485 0.7697225 0.2680431 0.7641684 0.2210369 0.7240877 0.2324101 0.7145155 0.2278155 0.7200696 0.2324101 0.7697225 0.2210369 0.7601503 0.2278155 0.7641684 0.7311201 0.9029541 0.7395943 0.8941658 0.7396357 0.9058148 0.7311201 0.8478646 0.7395943 0.8566531 0.7310786 0.8595137 0.7204571 0.9029541 0.7300326 0.8941657 0.7292006 0.9058147 0.7204571 0.8478646 0.7300326 0.856653 0.7212892 0.8595137 0.6804856 0.3142769 0.6890277 0.3532535 0.6804856 0.3503352 0.4811832 0.8041192 0.5554044 0.7141838 0.5554044 0.804112 0.1662598 0.8290247 0.1496223 0.9188061 0.1496223 0.8290247 0.1839432 0.8290248 0.1673058 0.9050467 0.1673058 0.8290248 0.743744 0.9204177 0.7603815 0.8446969 0.7603815 0.9204177 0.2428745 0.913337 0.2595119 0.823398 0.2595119 0.913337 0.1058128 0.8575498 0.126607 0.8964262 0.1058128 0.902613 0.3624468 0.7141838 0.4048698 0.7215058 0.4048698 0.7634691 0.1058128 0.8124867 0.126607 0.8544629 0.1058128 0.8575498 0.1485762 0.8124853 0.1277958 0.8964262 0.1277958 0.8124997 0.1058128 0.902613 0.1266871 0.9037647 0.1058987 0.9104936 0.2418285 0.8663158 0.2210369 0.9062812 0.2210369 0.8663158 0.1485762 0.9026115 0.1277331 0.9037658 0.1277958 0.8964262 0.2418285 0.8663158 0.2210369 0.8263503 0.2418285 0.8233979 0.126607 0.7285731 0.1058128 0.7674236 0.1058128 0.7223604 0.3624467 0.8966811 0.3234278 0.8966811 0.3200237 0.8893591 0.126607 0.7705364 0.1058128 0.8124867 0.1058128 0.7674236 0.1485762 0.8124853 0.1277958 0.7285733 0.1485762 0.7223593 0.1266871 0.7212677 0.1058128 0.7223604 0.1058987 0.7145155 0.5517342 0.8481082 0.5306503 0.8081428 0.5517342 0.8051905 0.1485762 0.7223593 0.1277331 0.7212691 0.1485089 0.7145155 0.5306503 0.8880738 0.5517342 0.8481082 0.5517342 0.891026 0.274578 0.7880219 0.268319 0.9280037 0.268319 0.7881812 0.6724216 0.8450182 0.6662113 0.8450042 0.6662113 0.8971917 0.7059201 0.3114624 0.699661 0.3272891 0.699661 0.3114742 0.7059201 0.3114624 0.7121793 0.3272891 0.7059201 0.3281978 0.07712858 0.7145155 0.06456202 0.7228497 0.06185472 0.7170108 0.07771456 0.7209592 0.06728237 0.7285618 0.06456202 0.7228497 0.7132253 0.3400468 0.7194843 0.350696 0.7132253 0.3513903 0.7257435 0.3400467 0.7194843 0.350696 0.7194843 0.3402831 6.01079e-4 0.7209465 0.01103121 0.7285633 0 0.7272776 0.00118494 0.7145155 0.01375359 0.7228372 6.01079e-4 0.7209465 0.7059201 0.3281978 0.699661 0.3366568 0.699661 0.3272891 0.2620598 0.7719364 0.268319 0.7881812 0.2620598 0.7880219 0.7059201 0.3281978 0.7121793 0.3366568 0.7059201 0.3389753 0.274578 0.7719364 0.268319 0.7881812 0.268319 0.7707939 0.06185472 0.7170108 0.05921417 0.7280273 0.0534802 0.7254089 0.05921417 0.7280273 0.05290639 0.7415199 0.0534802 0.7254089 0.06456202 0.7228497 0.06496107 0.7305189 0.05921417 0.7280273 0.06496107 0.7305189 0.05913072 0.740977 0.05921417 0.7280273 0.7132253 0.3513903 0.7194843 0.3518851 0.7132253 0.3540859 0.4874423 0.8064982 0.4811832 0.8149717 0.4811832 0.8051906 0.7257435 0.3513903 0.7194843 0.3518851 0.7194843 0.350696 0.4874423 0.8064982 0.4937014 0.8149717 0.4874423 0.8149985 0.01375359 0.7228372 0.01335251 0.7305206 0.01103121 0.7285633 0.01335251 0.7305206 0.01918476 0.7409664 0.01294529 0.7403101 0.0164588 0.717011 0.01910144 0.7280153 0.01375359 0.7228372 0.01910144 0.7280153 0.02540713 0.7415227 0.01918476 0.7409664 0.06536829 0.7403073 0.07207608 0.880384 0.05913072 0.740977 0.4937014 0.8149717 0.4874423 0.9550662 0.4874423 0.8149985 0.268319 0.7881812 0.2620598 0.9278444 0.2620598 0.7880219 0.05913072 0.740977 0.06585168 0.880927 0.05290639 0.7415199 0.4874423 0.8149985 0.4811832 0.9550395 0.4811832 0.8149717 0.825186 0.8966777 0.831445 0.8969141 0.831445 0.8449333 0.6390827 0.8971917 0.6453419 0.8972035 0.6453419 0.8450158 0.6787274 0.8450053 0.6724216 0.8450182 0.6724216 0.8972057 0.825186 0.8966777 0.825186 0.8446968 0.8189268 0.8449333 0.7194111 0.845004 0.7132146 0.8450174 0.7132146 0.8972049 0.7059201 0.3114624 0.7059201 0.3281978 0.699661 0.3272891 0.7059201 0.3114624 0.7121793 0.3114742 0.7121793 0.3272891 0.07712858 0.7145155 0.07771456 0.7209592 0.06456202 0.7228497 0.07771456 0.7209592 0.07831358 0.7272763 0.06728237 0.7285618 0.7132253 0.3400468 0.7194843 0.3402831 0.7194843 0.350696 0.7257435 0.3400467 0.7257435 0.3513903 0.7194843 0.350696 6.01079e-4 0.7209465 0.01375359 0.7228372 0.01103121 0.7285633 0.00118494 0.7145155 0.0164588 0.717011 0.01375359 0.7228372 0.7059201 0.3281978 0.7059201 0.3389753 0.699661 0.3366568 0.2620598 0.7719364 0.268319 0.7707939 0.268319 0.7881812 0.7059201 0.3281978 0.7121793 0.3272891 0.7121793 0.3366568 0.274578 0.7719364 0.274578 0.7880219 0.268319 0.7881812 0.06185472 0.7170108 0.06456202 0.7228497 0.05921417 0.7280273 0.05921417 0.7280273 0.05913072 0.740977 0.05290639 0.7415199 0.06456202 0.7228497 0.06728237 0.7285618 0.06496107 0.7305189 0.06496107 0.7305189 0.06536829 0.7403073 0.05913072 0.740977 0.7132253 0.3513903 0.7194843 0.350696 0.7194843 0.3518851 0.4874423 0.8064982 0.4874423 0.8149985 0.4811832 0.8149717 0.7257435 0.3513903 0.7257435 0.3540859 0.7194843 0.3518851 0.4874423 0.8064982 0.4937014 0.8051906 0.4937014 0.8149717 0.01375359 0.7228372 0.01910144 0.7280153 0.01335251 0.7305206 0.01335251 0.7305206 0.01910144 0.7280153 0.01918476 0.7409664 0.0164588 0.717011 0.02483326 0.72541 0.01910144 0.7280153 0.01910144 0.7280153 0.02483326 0.72541 0.02540713 0.7415227 0.02540713 0.7415227 0.006239533 0.8803884 0.01918476 0.7409664 0.01918476 0.7409664 0 0.8797321 0.01294529 0.7403101 0.6453419 0.8972035 0.651601 0.8971917 0.651601 0.8450041 0.7132146 0.8450174 0.7068963 0.8450055 0.7068963 0.897193 0.2031634 0.7936487 0.1969043 0.9336305 0.1969043 0.793808 0.6859837 0.8450181 0.6797735 0.8450041 0.6797735 0.8971915 0.7194843 0.3114624 0.7132251 0.3272891 0.7132251 0.3114741 0.7194843 0.3114624 0.7257434 0.3272891 0.7194843 0.3281978 0.1035819 0.7145155 0.09101521 0.7228497 0.08830791 0.7170108 0.1041678 0.7209592 0.09373557 0.7285618 0.09101521 0.7228497 0.699661 0.3400468 0.7059201 0.350696 0.699661 0.3513903 0.7121793 0.3400467 0.7059201 0.350696 0.7059201 0.3402831 0.02705419 0.7209465 0.03748428 0.7285633 0.02645307 0.7272776 0.02763801 0.7145155 0.04020673 0.7228372 0.02705419 0.7209465 0.7194843 0.3281978 0.7132251 0.3366567 0.7132251 0.3272891 0.1906452 0.7775632 0.1969043 0.793808 0.1906452 0.7936487 0.7194843 0.3281978 0.7257434 0.3366567 0.7194843 0.3389753 0.2031634 0.7775632 0.1969043 0.793808 0.1969043 0.7764207 0.08830791 0.7170108 0.08566737 0.7280272 0.07993352 0.7254089 0.08566737 0.7280272 0.07935959 0.7415199 0.07993352 0.7254089 0.09101521 0.7228497 0.09141433 0.7305189 0.08566737 0.7280272 0.09141433 0.7305189 0.08558404 0.7409769 0.08566737 0.7280272 0.699661 0.3513903 0.7059201 0.3518851 0.699661 0.3540859 0.5010066 0.8064982 0.4947474 0.8149717 0.4947474 0.8051906 0.7121793 0.3513903 0.7059201 0.3518851 0.7059201 0.350696 0.5010066 0.8064982 0.5072657 0.8149717 0.5010066 0.8149985 0.04020673 0.7228372 0.03980565 0.7305206 0.03748428 0.7285633 0.03980565 0.7305206 0.04563796 0.7409664 0.03939843 0.7403101 0.04291194 0.717011 0.04555457 0.7280153 0.04020673 0.7228372 0.04555457 0.7280153 0.05186033 0.7415227 0.04563796 0.7409664 0.09182149 0.7403073 0.09852933 0.880384 0.08558404 0.7409769 0.5072657 0.8149717 0.5010066 0.9550662 0.5010066 0.8149985 0.1969043 0.793808 0.1906452 0.9334712 0.1906452 0.7936487 0.08558404 0.7409769 0.09230488 0.880927 0.07935959 0.7415199 0.5010066 0.8149985 0.4947474 0.9550395 0.4947474 0.8149717 0.8387502 0.8966777 0.8450093 0.8969142 0.8450093 0.8449333 0.652647 0.8971917 0.6589061 0.8972035 0.6589061 0.845016 0.6922895 0.8450052 0.6859837 0.8450181 0.6859837 0.8972057 0.8387502 0.8966777 0.8387502 0.8446969 0.8324911 0.8449333 0.7058503 0.8450041 0.6996539 0.8450174 0.6996539 0.8972049 0.7194843 0.3114624 0.7194843 0.3281978 0.7132251 0.3272891 0.7194843 0.3114624 0.7257434 0.3114742 0.7257434 0.3272891 0.1035819 0.7145155 0.1041678 0.7209592 0.09101521 0.7228497 0.1041678 0.7209592 0.1047668 0.7272763 0.09373557 0.7285618 0.699661 0.3400468 0.7059201 0.3402831 0.7059201 0.350696 0.7121793 0.3400467 0.7121793 0.3513903 0.7059201 0.350696 0.02705419 0.7209465 0.04020673 0.7228372 0.03748428 0.7285633 0.02763801 0.7145155 0.04291194 0.717011 0.04020673 0.7228372 0.7194843 0.3281978 0.7194843 0.3389753 0.7132251 0.3366567 0.1906452 0.7775632 0.1969043 0.7764207 0.1969043 0.793808 0.7194843 0.3281978 0.7257434 0.3272891 0.7257434 0.3366567 0.2031634 0.7775632 0.2031634 0.7936487 0.1969043 0.793808 0.08830791 0.7170108 0.09101521 0.7228497 0.08566737 0.7280272 0.08566737 0.7280272 0.08558404 0.7409769 0.07935959 0.7415199 0.09101521 0.7228497 0.09373557 0.7285618 0.09141433 0.7305189 0.09141433 0.7305189 0.09182149 0.7403073 0.08558404 0.7409769 0.699661 0.3513903 0.7059201 0.350696 0.7059201 0.3518851 0.5010066 0.8064982 0.5010066 0.8149985 0.4947474 0.8149717 0.7121793 0.3513903 0.7121793 0.3540859 0.7059201 0.3518851 0.5010066 0.8064982 0.5072657 0.8051906 0.5072657 0.8149717 0.04020673 0.7228372 0.04555457 0.7280153 0.03980565 0.7305206 0.03980565 0.7305206 0.04555457 0.7280153 0.04563796 0.7409664 0.04291194 0.717011 0.05128633 0.72541 0.04555457 0.7280153 0.04555457 0.7280153 0.05128633 0.72541 0.05186033 0.7415227 0.05186033 0.7415227 0.03269267 0.8803884 0.04563796 0.7409664 0.04563796 0.7409664 0.02645307 0.8797321 0.03939843 0.7403101 0.6589061 0.8972035 0.6651653 0.8971918 0.6651653 0.8450042 0.6996539 0.8450174 0.6933356 0.8450055 0.6933356 0.8971931 0.2758677 0.8456951 0.2925051 0.7241566 0.2925051 0.8456951 0.779111 0.9024974 0.7957485 0.8446968 0.7957485 0.9024974 0.4148107 0.7141838 0.4712423 0.7141903 0.4801371 0.7232995 0.3101886 0.7237176 0.2935512 0.8454693 0.2935512 0.7237176 0.778065 0.8446969 0.7614275 0.8545827 0.7614275 0.8446969 0.2935512 0.7237176 0.3101886 0.7145155 0.3101886 0.7237176 0.2925051 0.7145155 0.2758677 0.7241566 0.2758677 0.7145155 0.2758677 0.8542428 0.2925051 0.8456951 0.2925051 0.8542428 0.778065 0.8545827 0.7614275 0.9121543 0.7614275 0.8545827 0.7431203 0.3232989 0.7315728 0.3282194 0.7383372 0.3282106 0.7315728 0.3282194 0.7267896 0.316383 0.7267896 0.3233203 0.7267896 0.316383 0.7383372 0.3114624 0.7315728 0.3114712 0.7383372 0.3114624 0.7431203 0.3232989 0.7431203 0.3163616 0.7431203 0.3232989 0.7267896 0.316383 0.7315728 0.3282194 0.7604666 0.3233345 0.7556924 0.3282247 0.7489406 0.3282052 0.7489406 0.3282052 0.7441663 0.3232876 0.7441663 0.3163524 0.7441663 0.3163524 0.7489405 0.3114624 0.7556923 0.3114818 0.7556923 0.3114818 0.7604666 0.3163994 0.7604666 0.3233345 0.7604666 0.3233345 0.7489406 0.3282052 0.7441663 0.3163524 0.7431203 0.3411273 0.7315728 0.3460478 0.7383372 0.346039 0.7315728 0.3460478 0.7267896 0.3342113 0.7267896 0.3411487 0.7267896 0.3342113 0.7383372 0.3292908 0.7315728 0.3292996 0.7383372 0.3292908 0.7431203 0.3411273 0.7431203 0.33419 0.7431203 0.3411273 0.7383372 0.3292908 0.7315728 0.3460478 0.7489405 0.3293155 0.7556923 0.3292961 0.7604665 0.3341862 0.7604665 0.3341862 0.7604665 0.3411213 0.7556923 0.3460389 0.7556923 0.3460389 0.7489404 0.3460584 0.7441662 0.3411683 0.7441662 0.3411683 0.7441662 0.3342331 0.7489405 0.3293155 0.7489405 0.3293155 0.7604665 0.3341862 0.7556923 0.3460389 0.5564504 0.7141838 0.6306717 0.7141923 0.6306717 0.804111 0.1496223 0.724071 0.1609954 0.7145155 0.1609954 0.7753493 0.1609954 0.7145155 0.1976196 0.7145155 0.1609954 0.7753493 0.1976196 0.7145155 0.2089927 0.724071 0.2089927 0.7657938 0.2089927 0.7657938 0.1976196 0.7753493 0.1976196 0.7145155 0.1976196 0.7753493 0.1609954 0.7753493 0.1976196 0.7145155 0.3128871 0.5617266 0.3156004 0.5617264 0.3156004 0.6058057 0.7310786 0.8595137 0.7395943 0.8566531 0.7395943 0.8941658 0.7212892 0.891305 0.7212892 0.8595137 0.7300326 0.856653 0.698615 0.3142622 0.698615 0.3503167 0.6900737 0.353249 0.6392294 0.3114624 0.6794396 0.3114624 0.6794396 0.355547 0.3128872 0.6942809 0.3155897 0.6942809 0.3155897 0.7354665 0.3128871 0.6520237 0.3156004 0.6520237 0.3156004 0.6932095 0.3156004 0.6509523 0.3128871 0.6509521 0.3128871 0.6068773 0.2680431 0.7200696 0.2680344 0.7200767 0.2634485 0.7145155 0.2680344 0.7200767 0.2278242 0.7200767 0.2324101 0.7145155 0.2278242 0.7200767 0.2278155 0.7200696 0.2324101 0.7145155 0.2278155 0.7641684 0.2278242 0.7641613 0.2324101 0.7697225 0.2278242 0.7641613 0.2680344 0.7641613 0.2634485 0.7697225 0.2680344 0.7641613 0.2680431 0.7641684 0.2634485 0.7697225 0.2680431 0.7641684 0.2680344 0.7641613 0.2748216 0.7601503 0.2680344 0.7641613 0.2680344 0.7200767 0.2748216 0.7240877 0.2680344 0.7200767 0.2680431 0.7200696 0.2748216 0.7240877 0.2278155 0.7200696 0.2278242 0.7200767 0.2210369 0.7240877 0.2278242 0.7200767 0.2278242 0.7641613 0.2210369 0.7601503 0.2278242 0.7641613 0.2278155 0.7641684 0.2210369 0.7601503 0.7311201 0.9029541 0.7310786 0.8913051 0.7395943 0.8941658 0.7311201 0.8478646 0.7396357 0.8450041 0.7395943 0.8566531 0.7204571 0.9029541 0.7212892 0.891305 0.7300326 0.8941657 0.7204571 0.8478646 0.7292006 0.845004 0.7300326 0.856653 0.6804856 0.3142769 0.6890277 0.3114624 0.6890277 0.3532535 0.4811832 0.8041192 0.4811832 0.7141909 0.5554044 0.7141838 0.1662598 0.8290247 0.1662598 0.9188061 0.1496223 0.9188061 0.1839432 0.8290248 0.1839432 0.9050467 0.1673058 0.9050467 0.743744 0.9204177 0.743744 0.8446969 0.7603815 0.8446969 0.2428745 0.913337 0.2428745 0.823398 0.2595119 0.823398 0.1058128 0.8575498 0.126607 0.8544629 0.126607 0.8964262 0.4048698 0.8054324 0.3200237 0.8054324 0.4048698 0.7634691 0.3200237 0.8054324 0.3200237 0.7215058 0.3624468 0.7141838 0.4048698 0.7634691 0.3200237 0.8054324 0.3624468 0.7141838 0.3200237 0.7215058 0.3234278 0.7141838 0.3624468 0.7141838 0.3624468 0.7141838 0.4014657 0.7141838 0.4048698 0.7215058 0.1058128 0.8124867 0.126607 0.8124996 0.126607 0.8544629 0.1485762 0.8124853 0.1485762 0.9026115 0.1277958 0.8964262 0.1058128 0.902613 0.126607 0.8964262 0.1266871 0.9037647 0.2418285 0.8663158 0.2418285 0.9092335 0.2210369 0.9062812 0.1485762 0.9026115 0.1485089 0.9104933 0.1277331 0.9037658 0.2418285 0.8663158 0.2210369 0.8663158 0.2210369 0.8263503 0.126607 0.7285731 0.126607 0.7705364 0.1058128 0.7674236 0.3200237 0.8893591 0.3200237 0.8054324 0.3624467 0.8966811 0.3200237 0.8054324 0.4048698 0.8054324 0.4048698 0.8473958 0.4048698 0.8473958 0.4048698 0.8893591 0.3624467 0.8966811 0.4048698 0.8893591 0.4014657 0.8966811 0.3624467 0.8966811 0.3200237 0.8054324 0.4048698 0.8473958 0.3624467 0.8966811 0.126607 0.7705364 0.126607 0.8124996 0.1058128 0.8124867 0.1485762 0.8124853 0.1277958 0.8124997 0.1277958 0.7285733 0.1266871 0.7212677 0.126607 0.7285731 0.1058128 0.7223604 0.5517342 0.8481082 0.5306503 0.8481082 0.5306503 0.8081428 0.1485762 0.7223593 0.1277958 0.7285733 0.1277331 0.7212691 0.5306503 0.8880738 0.5306503 0.8481082 0.5517342 0.8481082 0.274578 0.7880219 0.274578 0.9278444 0.268319 0.9280037 0.6724216 0.8450182 0.6662113 0.8971917 0.6724216 0.8972057 0.06536829 0.7403073 0.07831358 0.8797144 0.07207608 0.880384 0.4937014 0.8149717 0.4937014 0.9550395 0.4874423 0.9550662 0.268319 0.7881812 0.268319 0.9280037 0.2620598 0.9278444 0.05913072 0.740977 0.07207608 0.880384 0.06585168 0.880927 0.4874423 0.8149985 0.4874423 0.9550662 0.4811832 0.9550395 0.825186 0.8966777 0.831445 0.8449333 0.825186 0.8446968 0.6390827 0.8971917 0.6453419 0.8450158 0.6390827 0.8450041 0.6787274 0.8450053 0.6724216 0.8972057 0.6787274 0.8971928 0.825186 0.8966777 0.8189268 0.8449333 0.8189268 0.8969142 0.7194111 0.845004 0.7132146 0.8972049 0.7194111 0.8971915 0.02540713 0.7415227 0.01246184 0.8809448 0.006239533 0.8803884 0.01918476 0.7409664 0.006239533 0.8803884 0 0.8797321 0.6453419 0.8972035 0.651601 0.8450041 0.6453419 0.8450158 0.7132146 0.8450174 0.7068963 0.897193 0.7132146 0.8972049 0.2031634 0.7936487 0.2031634 0.9334712 0.1969043 0.9336305 0.6859837 0.8450181 0.6797735 0.8971915 0.6859837 0.8972057 0.09182149 0.7403073 0.1047668 0.8797144 0.09852933 0.880384 0.5072657 0.8149717 0.5072657 0.9550395 0.5010066 0.9550662 0.1969043 0.793808 0.1969043 0.9336305 0.1906452 0.9334712 0.08558404 0.7409769 0.09852933 0.880384 0.09230488 0.880927 0.5010066 0.8149985 0.5010066 0.9550662 0.4947474 0.9550395 0.8387502 0.8966777 0.8450093 0.8449333 0.8387502 0.8446969 0.652647 0.8971917 0.6589061 0.845016 0.652647 0.8450042 0.6922895 0.8450052 0.6859837 0.8972057 0.6922895 0.8971927 0.8387502 0.8966777 0.8324911 0.8449333 0.8324911 0.8969143 0.7058503 0.8450041 0.6996539 0.8972049 0.7058503 0.8971916 0.05186033 0.7415227 0.03891497 0.8809448 0.03269267 0.8803884 0.04563796 0.7409664 0.03269267 0.8803884 0.02645307 0.8797321 0.6589061 0.8972035 0.6651653 0.8450042 0.6589061 0.845016 0.6996539 0.8450174 0.6933356 0.8971931 0.6996539 0.8972049 0.2758677 0.8456951 0.2758677 0.7241566 0.2925051 0.7241566 0.779111 0.9024974 0.779111 0.8446968 0.7957485 0.8446968 0.4801371 0.7232995 0.4801371 0.8450239 0.4059158 0.8450153 0.4801371 0.8450239 0.4712423 0.8541311 0.4059158 0.8450153 0.4712423 0.8541311 0.4148107 0.8541246 0.4059158 0.8450153 0.4059158 0.8450153 0.4059158 0.723291 0.4801371 0.7232995 0.4059158 0.723291 0.4148107 0.7141838 0.4801371 0.7232995 0.3101886 0.7237176 0.3101886 0.8454693 0.2935512 0.8454693 0.778065 0.8446969 0.778065 0.8545827 0.7614275 0.8545827 0.2935512 0.7237176 0.2935512 0.7145155 0.3101886 0.7145155 0.2925051 0.7145155 0.2925051 0.7241566 0.2758677 0.7241566 0.2758677 0.8542428 0.2758677 0.8456951 0.2925051 0.8456951 0.778065 0.8545827 0.778065 0.9121543 0.7614275 0.9121543 0 0 0 0 0 0 0 0 0 0 0 0 0 0 0 0 0 0 0 0 0 0 0 0 0 0 0 0 0 0 0 0 0 0 0 0 0 0 0 0 0 0 0 0 0 0 0 0 0 0 0 0 0 0 0 0 0 0 0 0 0 0 0 0 0 0 0 0 0 0 0 0 0 0 0 0 0 0 0 0 0 0 0 0 0 0 0 0 0 0 0 0 0 0 0 0 0 0 0 0 0 0 0 0 0 0 0 0 0 0 0 0 0 0 0 0 0 0 0 0 0.6390828 0.8252337 0.6390828 0.6872479 0.6390828 0.6872479 0.6390828 0.6872479 0.742698 0.6872479 0.742698 0.6872479 0.742698 0.8252337 0.6390828 0.8252337 0.6390828 0.8252337 0.742698 0.6872479 0.742698 0.8252337 0.742698 0.8252337 0 0 0 0 0 0 0 0 0 0 0 0 0 0 0 0 0 0 0 0 0 0 0 0 0 0 0 0 0 0</float_array>
          <technique_common>
            <accessor source="#Cubo_001-mesh-map-1-array" count="1527" stride="2">
              <param name="S" type="float"/>
              <param name="T" type="float"/>
            </accessor>
          </technique_common>
        </source>
        <vertices id="Cubo_001-mesh-vertices">
          <input semantic="POSITION" source="#Cubo_001-mesh-positions"/>
        </vertices>
        <triangles material="Material_001-material" count="509">
          <input semantic="VERTEX" source="#Cubo_001-mesh-vertices" offset="0"/>
          <input semantic="NORMAL" source="#Cubo_001-mesh-normals" offset="1"/>
          <input semantic="TEXCOORD" source="#Cubo_001-mesh-map-0" offset="2" set="0"/>
          <input semantic="TEXCOORD" source="#Cubo_001-mesh-map-1" offset="2" set="1"/>
          <p>58 0 0 59 1 1 57 2 2 20 3 3 9 4 4 0 5 5 23 6 6 18 6 7 24 6 8 25 7 9 2 7 10 5 7 11 25 8 12 14 9 13 24 8 14 32 10 15 18 11 16 15 12 17 2 13 18 16 13 19 3 13 20 15 13 21 12 13 22 19 13 23 20 0 24 15 0 25 19 0 26 22 14 27 16 15 28 15 16 29 17 17 30 24 8 31 18 18 32 13 7 33 5 7 34 1 7 35 11 6 36 24 6 37 14 6 38 21 19 39 3 19 40 16 19 41 26 20 42 16 21 43 17 22 44 29 23 45 17 17 46 18 18 47 31 24 48 15 16 49 16 15 50 26 25 51 28 26 52 27 27 53 30 28 54 32 29 55 31 30 56 27 31 57 31 32 58 26 33 59 32 34 60 28 35 61 29 36 62 30 37 63 28 38 64 33 13 65 39 6 66 23 6 67 42 6 68 7 19 69 43 19 70 10 19 71 35 39 72 43 40 73 42 41 74 39 42 75 50 43 76 36 44 77 37 13 78 7 13 79 8 13 80 36 13 81 12 13 82 39 13 83 36 0 84 20 0 85 19 0 86 37 45 87 41 46 88 36 47 89 42 41 90 38 48 91 39 49 92 10 19 93 34 19 94 6 19 95 42 6 96 11 6 97 35 6 98 8 7 99 40 7 100 37 7 101 37 50 102 44 51 103 38 52 104 38 48 105 47 53 106 39 49 107 36 47 108 49 54 109 37 45 110 46 55 111 44 56 112 45 57 113 50 58 114 48 59 115 49 60 116 49 61 117 45 62 118 44 63 119 50 64 120 46 65 121 51 66 122 48 67 123 46 68 124 45 69 125 55 7 126 61 7 127 58 7 128 59 13 129 67 13 130 56 13 131 67 70 132 60 71 133 61 72 134 57 19 135 65 19 136 52 19 137 67 73 138 57 73 139 56 74 140 53 75 141 65 75 142 64 76 143 63 77 144 55 78 145 54 79 146 59 80 147 61 81 148 60 82 149 53 83 150 63 83 151 54 83 152 59 1 153 56 84 154 57 2 155 57 2 156 52 0 157 55 85 158 52 0 159 53 86 160 55 85 161 53 86 162 54 87 163 55 85 164 55 85 165 58 0 166 57 2 167 4 88 168 21 89 169 20 3 170 21 89 171 22 13 172 20 3 173 20 3 174 41 13 175 40 13 176 20 3 177 40 13 178 9 4 179 0 5 180 4 88 181 20 3 182 23 6 183 12 6 184 18 6 185 25 7 186 17 7 187 2 7 188 25 8 189 13 90 190 14 9 191 32 10 192 29 91 193 18 11 194 2 13 195 17 13 196 16 13 197 15 13 198 18 13 199 12 13 200 20 0 201 22 0 202 15 0 203 22 14 204 21 92 205 16 15 206 17 17 207 25 8 208 24 8 209 13 7 210 25 7 211 5 7 212 11 6 213 23 6 214 24 6 215 21 19 216 4 19 217 3 19 218 26 20 219 31 93 220 16 21 221 29 23 222 26 94 223 17 17 224 31 24 225 32 95 226 15 16 227 26 25 228 29 96 229 28 26 230 30 28 231 33 97 232 32 29 233 27 31 234 30 98 235 31 32 236 32 34 237 33 99 238 28 35 239 30 37 240 27 100 241 28 38 242 39 6 243 12 6 244 23 6 245 7 19 246 38 19 247 43 19 248 35 39 249 34 39 250 43 40 251 39 42 252 47 101 253 50 43 254 37 13 255 38 13 256 7 13 257 36 13 258 19 13 259 12 13 260 36 0 261 41 0 262 20 0 263 37 45 264 40 46 265 41 46 266 42 41 267 43 40 268 38 48 269 10 19 270 43 19 271 34 19 272 42 6 273 23 6 274 11 6 275 8 7 276 9 7 277 40 7 278 37 50 279 49 102 280 44 51 281 38 48 282 44 103 283 47 53 284 36 47 285 50 54 286 49 54 287 46 55 288 47 104 289 44 56 290 50 58 291 51 105 292 48 59 293 49 61 294 48 106 295 45 62 296 50 64 297 47 107 298 46 65 299 48 67 300 51 13 301 46 68 302 55 7 303 62 7 304 61 7 305 59 13 306 60 13 307 67 13 308 61 72 309 62 108 310 65 109 311 62 108 312 63 110 313 65 109 314 63 110 315 64 111 316 65 109 317 65 109 318 66 6 319 61 72 320 66 6 321 67 70 322 61 72 323 57 19 324 66 19 325 65 19 326 67 73 327 66 74 328 57 73 329 53 75 330 52 76 331 65 75 332 63 77 333 62 112 334 55 78 335 59 80 336 58 113 337 61 81 338 53 83 339 64 83 340 63 83 341 68 114 342 84 115 343 89 116 344 69 117 345 85 118 346 91 119 347 70 120 348 86 121 349 92 122 350 71 123 351 87 124 352 93 125 353 72 126 354 88 127 355 90 128 356 90 128 357 93 125 358 73 129 359 90 128 360 88 127 361 93 125 362 88 127 363 71 123 364 93 125 365 93 125 366 92 122 367 73 129 368 93 125 369 87 124 370 92 122 371 87 124 372 70 120 373 92 122 374 92 122 375 91 119 376 73 129 377 92 122 378 86 121 379 91 119 380 86 121 381 69 117 382 91 119 383 91 119 384 89 116 385 73 129 386 91 119 387 85 118 388 89 116 389 85 118 390 68 114 391 89 116 392 89 116 393 90 128 394 73 129 395 89 116 396 84 115 397 90 128 398 84 115 399 72 126 400 90 128 401 75 130 402 88 127 403 72 126 404 75 130 405 82 131 406 88 127 407 82 131 408 71 123 409 88 127 410 83 132 411 87 124 412 71 123 413 83 132 414 80 133 415 87 124 416 80 133 417 70 120 418 87 124 419 81 134 420 86 121 421 70 120 422 81 134 423 78 135 424 86 121 425 78 135 426 69 117 427 86 121 428 79 136 429 85 118 430 69 117 431 79 136 432 76 137 433 85 118 434 76 137 435 68 114 436 85 118 437 77 138 438 84 115 439 68 114 440 77 138 441 74 139 442 84 115 443 74 139 444 72 126 445 84 115 446 82 131 447 83 132 448 71 123 449 80 133 450 81 134 451 70 120 452 78 135 453 79 136 454 69 117 455 76 137 456 77 138 457 68 114 458 74 139 459 75 130 460 72 126 461 75 130 462 102 140 463 82 131 464 80 133 465 101 141 466 81 134 467 78 135 468 99 142 469 79 136 470 79 136 471 96 143 472 76 137 473 83 132 474 100 144 475 80 133 476 76 137 477 97 145 478 77 138 479 82 131 480 103 146 481 83 132 482 77 138 483 94 147 484 74 139 485 74 139 486 95 19 487 75 130 488 81 134 489 98 7 490 78 135 491 104 6 492 105 6 493 106 6 494 106 6 495 107 6 496 104 6 497 110 19 498 107 19 499 106 19 500 111 13 501 104 13 502 107 13 503 109 83 504 106 83 505 105 83 506 108 7 507 105 7 508 104 7 509 270 148 510 266 149 511 268 150 512 259 151 513 261 152 514 263 153 515 216 154 516 220 155 517 222 156 518 211 157 519 213 158 520 215 159 521 144 160 522 146 161 523 145 162 524 134 163 525 135 164 526 132 165 527 114 166 528 119 167 529 115 168 530 127 169 531 133 170 532 120 171 533 129 172 534 134 173 535 139 174 536 126 175 537 138 176 538 137 177 539 118 178 540 116 179 541 119 180 542 113 181 543 118 182 544 114 183 545 115 184 546 116 185 547 112 13 548 112 0 549 117 0 550 113 0 551 127 186 552 120 187 553 113 188 554 124 189 555 129 190 556 115 191 557 121 192 558 123 193 559 112 194 560 130 195 561 126 196 562 114 197 563 120 187 564 121 192 565 122 198 566 123 193 567 124 189 568 125 199 569 126 196 570 127 186 571 128 200 572 129 190 573 130 195 574 131 201 575 121 202 576 133 203 577 132 204 578 126 205 579 136 206 580 127 207 581 130 208 582 139 209 583 138 210 584 123 211 585 134 212 586 124 213 587 121 214 588 135 215 589 123 216 590 140 217 591 143 217 592 141 218 593 144 219 594 141 220 595 143 221 596 147 222 597 143 223 598 142 224 599 145 225 600 140 226 601 141 227 602 146 228 603 142 229 604 140 230 605 162 231 606 156 232 607 150 233 608 161 234 609 156 0 610 163 0 611 149 235 612 163 236 613 162 231 614 148 237 615 159 238 616 154 239 617 150 233 618 157 240 619 151 241 620 160 242 621 157 243 622 161 244 623 153 245 624 158 246 625 159 238 626 160 242 627 158 247 628 152 248 629 168 249 630 174 250 631 164 251 632 173 252 633 170 0 634 171 253 635 175 254 636 149 235 637 174 250 638 148 237 639 171 255 640 167 256 641 169 257 642 164 251 643 165 258 644 172 259 645 169 260 646 165 261 647 167 256 648 170 262 649 166 263 650 170 264 651 172 259 652 166 265 653 179 266 654 210 267 655 178 268 656 188 269 657 189 270 658 221 271 659 190 272 660 192 273 661 191 274 662 190 275 663 197 276 664 195 277 665 189 270 666 199 278 667 197 279 668 188 280 669 201 281 670 199 282 671 187 283 672 203 284 673 201 285 674 185 286 675 203 287 676 186 288 677 184 289 678 205 290 679 185 291 680 191 292 681 207 293 682 184 294 683 195 295 684 193 296 685 192 297 686 193 298 687 178 299 688 177 300 689 195 301 690 196 302 691 194 303 692 196 304 693 178 268 694 194 305 695 197 279 696 198 306 697 196 307 698 198 306 699 179 308 700 196 307 701 199 282 702 200 309 703 198 310 704 200 309 705 180 311 706 198 310 707 201 285 708 202 312 709 200 313 710 202 314 711 181 315 712 200 316 713 205 317 714 202 318 715 203 287 716 202 319 717 183 320 718 182 321 719 207 322 720 204 323 721 205 290 722 204 323 723 176 324 724 183 325 725 192 326 726 206 327 727 207 293 728 206 327 729 177 328 730 176 329 731 181 330 732 212 331 733 180 311 734 183 320 735 214 332 736 182 321 737 178 299 738 209 333 739 177 300 740 180 334 741 211 335 742 179 308 743 182 336 744 213 337 745 181 315 746 190 272 747 191 274 748 223 338 749 185 286 750 186 288 751 218 339 752 187 340 753 188 280 754 220 341 755 190 275 756 222 342 757 221 343 758 191 292 759 184 294 760 216 344 761 190 272 762 195 345 763 192 273 764 190 275 765 189 346 766 197 276 767 189 270 768 188 269 769 199 278 770 188 280 771 187 340 772 201 281 773 187 283 774 186 347 775 203 284 776 185 286 777 205 317 778 203 287 779 184 289 780 207 322 781 205 290 782 191 292 783 192 326 784 207 293 785 195 295 786 194 348 787 193 296 788 193 298 789 194 349 790 178 299 791 195 301 792 197 350 793 196 302 794 196 304 795 179 266 796 178 268 797 197 279 798 199 278 799 198 306 800 198 306 801 180 334 802 179 308 803 199 282 804 201 281 805 200 309 806 200 309 807 181 330 808 180 311 809 201 285 810 203 284 811 202 312 812 202 314 813 182 336 814 181 315 815 205 317 816 204 351 817 202 318 818 202 319 819 204 352 820 183 320 821 207 322 822 206 353 823 204 323 824 204 323 825 206 353 826 176 324 827 192 326 828 193 354 829 206 327 830 206 327 831 193 354 832 177 328 833 177 328 834 208 355 835 176 329 836 176 324 837 215 356 838 183 325 839 186 347 840 187 283 841 219 357 842 184 289 843 185 291 844 217 358 845 227 359 846 258 360 847 226 361 848 236 362 849 237 363 850 269 364 851 238 365 852 240 366 853 239 367 854 238 368 855 245 369 856 243 370 857 237 363 858 247 371 859 245 372 860 236 373 861 249 374 862 247 375 863 235 376 864 251 377 865 249 378 866 233 379 867 251 380 868 234 381 869 232 382 870 253 383 871 233 384 872 239 385 873 255 386 874 232 387 875 243 388 876 241 389 877 240 390 878 241 391 879 226 392 880 225 393 881 243 394 882 244 395 883 242 396 884 244 397 885 226 361 886 242 398 887 245 372 888 246 399 889 244 400 890 246 399 891 227 401 892 244 400 893 247 375 894 248 402 895 246 403 896 248 402 897 228 404 898 246 403 899 249 378 900 250 405 901 248 406 902 250 407 903 229 408 904 248 409 905 253 410 906 250 411 907 251 380 908 250 412 909 231 413 910 230 414 911 255 415 912 252 416 913 253 383 914 252 416 915 224 417 916 231 418 917 240 419 918 254 420 919 255 386 920 254 420 921 225 421 922 224 422 923 229 423 924 260 424 925 228 404 926 231 413 927 262 425 928 230 414 929 226 392 930 257 333 931 225 393 932 228 426 933 259 427 934 227 401 935 230 428 936 261 429 937 229 408 938 238 365 939 239 367 940 271 430 941 233 379 942 234 381 943 266 431 944 235 432 945 236 373 946 268 433 947 238 368 948 270 434 949 269 435 950 239 385 951 232 387 952 264 436 953 238 365 954 243 437 955 240 366 956 238 368 957 237 438 958 245 369 959 237 363 960 236 362 961 247 371 962 236 373 963 235 432 964 249 374 965 235 376 966 234 439 967 251 377 968 233 379 969 253 410 970 251 380 971 232 382 972 255 415 973 253 383 974 239 385 975 240 419 976 255 386 977 243 388 978 242 440 979 241 389 980 241 391 981 242 441 982 226 392 983 243 394 984 245 442 985 244 395 986 244 397 987 227 359 988 226 361 989 245 372 990 247 371 991 246 399 992 246 399 993 228 426 994 227 401 995 247 375 996 249 374 997 248 402 998 248 402 999 229 423 1000 228 404 1001 249 378 1002 251 377 1003 250 405 1004 250 407 1005 230 428 1006 229 408 1007 253 410 1008 252 443 1009 250 411 1010 250 412 1011 252 444 1012 231 413 1013 255 415 1014 254 445 1015 252 416 1016 252 416 1017 254 445 1018 224 417 1019 240 419 1020 241 446 1021 254 420 1022 254 420 1023 241 446 1024 225 421 1025 225 421 1026 256 447 1027 224 422 1028 224 417 1029 263 448 1030 231 418 1031 234 439 1032 235 376 1033 267 449 1034 232 382 1035 233 384 1036 265 450 1037 284 451 1038 276 452 1039 273 453 1040 286 454 1041 278 455 1042 277 13 1043 277 456 1044 278 457 1045 279 458 1046 280 459 1047 274 460 1048 279 461 1049 283 462 1050 275 463 1051 274 464 1052 279 465 1053 281 466 1054 280 467 1055 277 468 1056 287 469 1057 286 470 1058 285 471 1059 273 472 1060 272 473 1061 282 474 1062 272 475 1063 275 83 1064 266 149 1065 264 476 1066 265 477 1067 264 476 1068 270 148 1069 271 478 1070 270 148 1071 268 150 1072 269 479 1073 268 150 1074 266 149 1075 267 480 1076 266 149 1077 270 148 1078 264 476 1079 263 153 1080 256 83 1081 257 481 1082 257 481 1083 258 482 1084 259 151 1085 259 151 1086 260 83 1087 261 152 1088 261 152 1089 262 483 1090 263 153 1091 263 153 1092 257 481 1093 259 151 1094 218 484 1095 216 154 1096 217 485 1097 216 154 1098 222 156 1099 223 486 1100 222 156 1101 220 155 1102 221 487 1103 220 155 1104 218 484 1105 219 488 1106 218 484 1107 220 155 1108 216 154 1109 215 159 1110 208 83 1111 209 489 1112 209 489 1113 210 490 1114 211 157 1115 211 157 1116 212 83 1117 213 158 1118 213 158 1119 214 491 1120 215 159 1121 215 159 1122 209 489 1123 211 157 1124 144 160 1125 147 492 1126 146 161 1127 132 165 1128 133 493 1129 134 163 1130 133 493 1131 136 494 1132 134 163 1133 136 494 1134 137 7 1135 138 495 1136 138 495 1137 139 496 1138 136 494 1139 139 496 1140 134 163 1141 136 494 1142 114 166 1143 118 497 1144 119 167 1145 127 169 1146 136 498 1147 133 170 1148 129 172 1149 124 499 1150 134 173 1151 126 175 1152 130 500 1153 138 176 1154 118 178 1155 117 501 1156 116 179 1157 113 181 1158 117 83 1159 118 182 1160 115 184 1161 119 502 1162 116 185 1163 112 0 1164 116 0 1165 117 0 1166 122 198 1167 113 188 1168 120 187 1169 113 188 1170 114 197 1171 127 186 1172 114 197 1173 128 200 1174 127 186 1175 131 201 1176 115 191 1177 129 190 1178 115 191 1179 112 194 1180 124 189 1181 112 194 1182 125 199 1183 124 189 1184 125 199 1185 112 194 1186 123 193 1187 112 194 1188 113 188 1189 121 192 1190 113 188 1191 122 198 1192 121 192 1193 128 200 1194 114 197 1195 126 196 1196 114 197 1197 115 191 1198 130 195 1199 115 191 1200 131 201 1201 130 195 1202 121 202 1203 120 503 1204 133 203 1205 126 205 1206 137 504 1207 136 206 1208 130 208 1209 129 505 1210 139 209 1211 123 211 1212 135 506 1213 134 212 1214 121 214 1215 132 507 1216 135 215 1217 140 217 1218 142 508 1219 143 217 1220 144 219 1221 145 509 1222 141 220 1223 147 222 1224 144 510 1225 143 223 1226 145 225 1227 146 511 1228 140 226 1229 146 228 1230 147 512 1231 142 229 1232 162 231 1233 163 236 1234 156 232 1235 155 0 1236 154 513 1237 163 0 1238 154 513 1239 159 514 1240 161 234 1241 163 0 1242 154 513 1243 161 234 1244 159 514 1245 158 0 1246 161 234 1247 161 234 1248 157 0 1249 156 0 1250 149 235 1251 155 515 1252 163 236 1253 148 237 1254 153 245 1255 159 238 1256 150 233 1257 156 232 1258 157 240 1259 160 242 1260 151 516 1261 157 243 1262 153 245 1263 152 517 1264 158 246 1265 160 242 1266 161 244 1267 158 247 1268 168 249 1269 175 254 1270 174 250 1271 171 253 1272 154 513 1273 173 252 1274 154 513 1275 155 0 1276 175 518 1277 175 518 1278 168 519 1279 173 252 1280 168 519 1281 169 0 1282 173 252 1283 154 513 1284 175 518 1285 173 252 1286 175 254 1287 155 515 1288 149 235 1289 148 237 1290 154 239 1291 171 255 1292 169 257 1293 168 249 1294 164 251 1295 172 259 1296 173 520 1297 169 260 1298 167 256 1299 171 255 1300 170 262 1301 170 264 1302 173 520 1303 172 259 1304 179 266 1305 211 521 1306 210 267 1307 188 269 1308 221 271 1309 220 522 1310 181 330 1311 213 523 1312 212 331 1313 183 320 1314 215 524 1315 214 332 1316 178 299 1317 210 525 1318 209 333 1319 180 334 1320 212 526 1321 211 335 1322 182 336 1323 214 527 1324 213 337 1325 190 272 1326 223 338 1327 222 528 1328 185 286 1329 218 339 1330 217 529 1331 187 340 1332 220 341 1333 219 530 1334 190 275 1335 221 343 1336 189 346 1337 191 292 1338 216 344 1339 223 531 1340 177 328 1341 209 532 1342 208 355 1343 176 324 1344 208 533 1345 215 356 1346 186 347 1347 219 357 1348 218 534 1349 184 289 1350 217 358 1351 216 535 1352 227 359 1353 259 536 1354 258 360 1355 236 362 1356 269 364 1357 268 537 1358 229 423 1359 261 538 1360 260 424 1361 231 413 1362 263 539 1363 262 425 1364 226 392 1365 258 525 1366 257 333 1367 228 426 1368 260 540 1369 259 427 1370 230 428 1371 262 541 1372 261 429 1373 238 365 1374 271 430 1375 270 542 1376 233 379 1377 266 431 1378 265 543 1379 235 432 1380 268 433 1381 267 544 1382 238 368 1383 269 435 1384 237 438 1385 239 385 1386 264 436 1387 271 545 1388 225 421 1389 257 546 1390 256 447 1391 224 417 1392 256 547 1393 263 448 1394 234 439 1395 267 449 1396 266 548 1397 232 382 1398 265 450 1399 264 549 1400 284 451 1401 287 550 1402 276 452 1403 286 454 1404 281 551 1405 278 455 1406 279 458 1407 274 552 1408 273 553 1409 274 552 1410 275 554 1411 273 553 1412 275 554 1413 272 555 1414 273 553 1415 273 553 1416 276 556 1417 279 458 1418 276 556 1419 277 456 1420 279 458 1421 280 459 1422 283 557 1423 274 460 1424 283 462 1425 282 558 1426 275 463 1427 279 465 1428 278 559 1429 281 466 1430 277 468 1431 276 560 1432 287 469 1433 285 471 1434 284 561 1435 273 472 1436 282 474 1437 285 562 1438 272 475 1439 290 563 1440 293 564 1441 288 565 1442 293 564 1443 292 566 1444 288 565 1445 292 566 1446 291 567 1447 288 565 1448 291 567 1449 289 568 1450 288 565 1451 289 568 1452 290 563 1453 288 565 1454 289 568 1455 295 569 1456 290 563 1457 289 568 1458 296 570 1459 294 571 1460 292 566 1461 296 570 1462 291 567 1463 293 564 1464 297 572 1465 292 566 1466 293 564 1467 295 569 1468 298 573 1469 75 130 1470 95 140 1471 102 140 1472 80 133 1473 100 574 1474 101 141 1475 78 135 1476 98 575 1477 99 142 1478 79 136 1479 99 576 1480 96 143 1481 83 132 1482 103 577 1483 100 144 1484 76 137 1485 96 578 1486 97 145 1487 82 131 1488 102 146 1489 103 146 1490 77 138 1491 97 579 1492 94 147 1493 74 139 1494 94 19 1495 95 19 1496 81 134 1497 101 7 1498 98 7 1499 110 19 1500 111 19 1501 107 19 1502 111 13 1503 108 13 1504 104 13 1505 109 83 1506 110 83 1507 106 83 1508 108 7 1509 109 7 1510 105 7 1511 289 568 1512 294 571 1513 295 569 1514 289 568 1515 291 567 1516 296 570 1517 292 566 1518 297 572 1519 296 570 1520 293 564 1521 298 573 1522 297 572 1523 293 564 1524 290 563 1525 295 569 1526</p>
        </triangles>
      </mesh>
    </geometry>
  </library_geometries>
  <library_visual_scenes>
    <visual_scene id="Scene" name="Scene">
      <node id="casa_storehouse_002" name="casa_storehouse.002" type="NODE">
        <matrix sid="transform">1 0 0 0 0 1 0 0 0 0 1 0 0 0 0 1</matrix>
        <instance_geometry url="#Cubo_001-mesh" name="casa_storehouse.002">
          <bind_material>
            <technique_common>
              <instance_material symbol="Material_001-material" target="#Material_001-material">
                <bind_vertex_input semantic="Cubo_013-mesh-map-0" input_semantic="TEXCOORD" input_set="0"/>
                <bind_vertex_input semantic="Cubo_013-mesh-map-1" input_semantic="TEXCOORD" input_set="1"/>
              </instance_material>
            </technique_common>
          </bind_material>
        </instance_geometry>
        <node id="prop_garrisoned_01" name="prop_garrisoned_01" type="NODE">
          <matrix sid="transform">1 0 0 0 0 1 0 -11.10543 0 0 1 5.989987 0 0 0 1</matrix>
        </node>
        <node id="prop_garrisoned_02" name="prop_garrisoned_02" type="NODE">
          <matrix sid="transform">1 0 0 0 0 1 0 0 0 0 1 12.48949 0 0 0 1</matrix>
        </node>
        <node id="prop_projectile" name="prop_projectile" type="NODE">
          <matrix sid="transform">1 0 0 0 0 1 0 0 0 0 1 11.02382 0 0 0 1</matrix>
        </node>
      </node>
    </visual_scene>
  </library_visual_scenes>
  <scene>
    <instance_visual_scene url="#Scene"/>
  </scene>
</COLLADA>