<?xml version="1.0" encoding="utf-8"?>
<COLLADA xmlns="http://www.collada.org/2005/11/COLLADASchema" version="1.4.1" xmlns:xsi="http://www.w3.org/2001/XMLSchema-instance">
  <asset>
    <contributor>
      <author>Blender User</author>
      <authoring_tool>Blender 4.3.1 commit date:2024-12-10, commit time:07:46, hash:33d812126174</authoring_tool>
    </contributor>
    <created>2026-09-24T23:20:30</created>
    <modified>2026-09-24T23:20:30</modified>
    <unit name="meter" meter="1"/>
    <up_axis>Z_UP</up_axis>
  </asset>
  <library_effects>
    <effect id="Material-effect">
      <profile_COMMON>
        <newparam sid="train_struct_png-surface">
          <surface type="2D">
            <init_from>train_struct_png</init_from>
          </surface>
        </newparam>
        <newparam sid="train_struct_png-sampler">
          <sampler2D>
            <source>train_struct_png-surface</source>
          </sampler2D>
        </newparam>
        <technique sid="common">
          <lambert>
            <emission>
              <color sid="emission">0 0 0 1</color>
            </emission>
            <diffuse>
              <texture texture="train_struct_png-sampler" texcoord="UVMap"/>
            </diffuse>
            <index_of_refraction>
              <float sid="ior">1.45</float>
            </index_of_refraction>
          </lambert>
        </technique>
      </profile_COMMON>
    </effect>
  </library_effects>
  <library_images>
    <image id="train_struct_png" name="train_struct_png">
      <init_from>/home/welton/snap/0ad/743/.local/share/0ad/mods/mars_wars/art/textures/skins/structural/train_struct.png</init_from>
    </image>
  </library_images>
  <library_materials>
    <material id="Material-material" name="Material">
      <instance_effect url="#Material-effect"/>
    </material>
  </library_materials>
  <library_geometries>
    <geometry id="Cube_002-mesh" name="Cube.002">
      <mesh>
        <source id="Cube_002-mesh-positions">
          <float_array id="Cube_002-mesh-positions-array" count="3912">-4.222334 -14.1103 2.930168 -4.222334 14.1103 2.930168 4.222334 -14.1103 2.930168 4.222334 14.1103 2.930168 -4.222334 14.1103 3.650753 -4.222334 -14.1103 3.650753 4.222334 14.1103 3.650753 4.222334 -14.1103 3.650753 -4.222334 14.1103 3.967055 -4.222334 -14.1103 3.967055 4.222334 14.1103 3.967055 4.222334 -14.1103 3.967055 3.198972 -11.36356 2.376551 4.050407 -11.36356 2.376551 3.198972 -10.93823 2.291947 4.050407 -10.93823 2.291947 3.198972 -10.57765 2.051018 4.050407 -10.57765 2.051018 3.198972 -10.33672 1.690441 4.050407 -10.33672 1.690441 3.198972 -10.25212 1.265113 4.050407 -10.25212 1.265113 3.198972 -10.33672 0.8397837 4.050407 -10.33672 0.8397834 3.198972 -10.57765 0.4792078 4.050407 -10.57765 0.4792073 3.198972 -10.93823 0.2382779 4.050407 -10.93823 0.2382779 3.198972 -11.36356 0.1536743 4.050407 -11.36356 0.1536741 3.198972 -11.78888 0.2382779 4.050407 -11.78888 0.2382779 3.198972 -12.14946 0.4792078 4.050407 -12.14946 0.4792073 3.198972 -12.39039 0.8397837 4.050407 -12.39039 0.8397834 3.198972 -12.47499 1.265113 4.050407 -12.47499 1.265113 3.198972 -12.39039 1.690441 4.050407 -12.39039 1.690441 3.198972 -12.14946 2.051018 4.050407 -12.14946 2.051018 3.198972 -11.78888 2.291947 4.050407 -11.78888 2.291947 4.050407 -11.36356 2.376551 4.050407 -10.93823 2.291947 4.050407 -10.57765 2.051018 4.050407 -10.33672 1.690441 4.050407 -10.25212 1.265113 4.050407 -10.33672 0.8397834 4.050407 -10.57765 0.4792073 4.050407 -10.93823 0.2382779 4.050407 -11.36356 0.1536741 4.050407 -11.78888 0.2382779 4.050407 -12.14946 0.4792073 4.050407 -12.39039 0.8397834 4.050407 -12.47499 1.265113 4.050407 -12.39039 1.690441 4.050407 -12.14946 2.051018 4.050407 -11.78888 2.291947 4.050407 -11.06497 1.985962 4.050407 -11.36356 2.045354 4.050407 -10.81184 1.816827 4.050407 -10.64271 1.563698 4.050407 -10.58331 1.265113 4.050407 -10.64271 0.9665272 4.050407 -10.81184 0.7133987 4.050407 -11.06497 0.5442636 4.050407 -11.36356 0.4848712 4.050407 -11.66214 0.5442636 4.050407 -11.91527 0.7133987 4.050407 -12.08441 0.9665272 4.050407 -12.1438 1.265113 4.050407 -12.08441 1.563698 4.050407 -11.91527 1.816827 4.050407 -11.66214 1.985962 4.016713 -11.06497 1.985962 4.016713 -11.36356 2.045354 4.016713 -10.81184 1.816827 4.016713 -10.64271 1.563698 4.016713 -10.58331 1.265113 4.016713 -10.64271 0.9665272 4.016713 -10.81184 0.7133987 4.016713 -11.06497 0.5442636 4.016713 -11.36356 0.4848712 4.016713 -11.66214 0.5442636 4.016713 -11.91527 0.7133987 4.016713 -12.08441 0.9665272 4.016713 -12.1438 1.265113 4.016713 -12.08441 1.563698 4.016713 -11.91527 1.816827 4.016713 -11.66214 1.985962 3.198972 -11.36356 2.376551 3.198972 -10.93823 2.291947 3.198972 -10.57765 2.051018 3.198972 -10.33672 1.690441 3.198972 -10.25212 1.265113 3.198972 -10.33672 0.8397837 3.198972 -10.57765 0.4792078 3.198972 -10.93823 0.2382779 3.198972 -11.36356 0.1536743 3.198972 -11.78888 0.2382779 3.198972 -12.14946 0.4792078 3.198972 -12.39039 0.8397837 3.198972 -12.47499 1.265113 3.198972 -12.39039 1.690441 3.198972 -12.14946 2.051018 3.198972 -11.78888 2.291947 -3.196731 -11.36356 2.376551 -4.048168 -11.36356 2.376551 -3.196731 -10.93823 2.291947 -4.048168 -10.93823 2.291947 -3.196731 -10.57765 2.051018 -4.048168 -10.57765 2.051018 -3.196731 -10.33672 1.690441 -4.048168 -10.33672 1.690441 -3.196731 -10.25212 1.265113 -4.048168 -10.25212 1.265113 -3.196731 -10.33672 0.8397837 -4.048168 -10.33672 0.8397834 -3.196731 -10.57765 0.4792078 -4.048168 -10.57765 0.4792073 -3.196731 -10.93823 0.2382779 -4.048168 -10.93823 0.2382779 -3.196731 -11.36356 0.1536743 -4.048168 -11.36356 0.1536741 -3.196731 -11.78888 0.2382779 -4.048168 -11.78888 0.2382779 -3.196731 -12.14946 0.4792078 -4.048168 -12.14946 0.4792073 -3.196731 -12.39039 0.8397837 -4.048168 -12.39039 0.8397834 -3.196731 -12.47499 1.265113 -4.048168 -12.47499 1.265113 -3.196731 -12.39039 1.690441 -4.048168 -12.39039 1.690441 -3.196731 -12.14946 2.051018 -4.048168 -12.14946 2.051018 -3.196731 -11.78888 2.291947 -4.048168 -11.78888 2.291947 -4.048168 -11.36356 2.376551 -4.048168 -10.93823 2.291947 -4.048168 -10.57765 2.051018 -4.048168 -10.33672 1.690441 -4.048168 -10.25212 1.265113 -4.048168 -10.33672 0.8397834 -4.048168 -10.57765 0.4792073 -4.048168 -10.93823 0.2382779 -4.048168 -11.36356 0.1536741 -4.048168 -11.78888 0.2382779 -4.048168 -12.14946 0.4792073 -4.048168 -12.39039 0.8397834 -4.048168 -12.47499 1.265113 -4.048168 -12.39039 1.690441 -4.048168 -12.14946 2.051018 -4.048168 -11.78888 2.291947 -4.048168 -11.06497 1.985962 -4.048168 -11.36356 2.045354 -4.048168 -10.81184 1.816827 -4.048168 -10.64271 1.563698 -4.048168 -10.58331 1.265113 -4.048168 -10.64271 0.9665272 -4.048168 -10.81184 0.7133987 -4.048168 -11.06497 0.5442636 -4.048168 -11.36356 0.4848712 -4.048168 -11.66214 0.5442636 -4.048168 -11.91527 0.7133987 -4.048168 -12.08441 0.9665272 -4.048168 -12.1438 1.265113 -4.048168 -12.08441 1.563698 -4.048168 -11.91527 1.816827 -4.048168 -11.66214 1.985962 -4.014473 -11.06497 1.985962 -4.014473 -11.36356 2.045354 -4.014473 -10.81184 1.816827 -4.014473 -10.64271 1.563698 -4.014473 -10.58331 1.265113 -4.014473 -10.64271 0.9665272 -4.014473 -10.81184 0.7133987 -4.014473 -11.06497 0.5442636 -4.014473 -11.36356 0.4848712 -4.014473 -11.66214 0.5442636 -4.014473 -11.91527 0.7133987 -4.014473 -12.08441 0.9665272 -4.014473 -12.1438 1.265113 -4.014473 -12.08441 1.563698 -4.014473 -11.91527 1.816827 -4.014473 -11.66214 1.985962 -3.196731 -11.36356 2.376551 -3.196731 -10.93823 2.291947 -3.196731 -10.57765 2.051018 -3.196731 -10.33672 1.690441 -3.196731 -10.25212 1.265113 -3.196731 -10.33672 0.8397837 -3.196731 -10.57765 0.4792078 -3.196731 -10.93823 0.2382779 -3.196731 -11.36356 0.1536743 -3.196731 -11.78888 0.2382779 -3.196731 -12.14946 0.4792078 -3.196731 -12.39039 0.8397837 -3.196731 -12.47499 1.265113 -3.196731 -12.39039 1.690441 -3.196731 -12.14946 2.051018 -3.196731 -11.78888 2.291947 -3.196731 -11.31711 1.788059 -3.196731 -11.13448 1.75173 -3.196731 -10.97965 1.648276 -3.196731 -10.87619 1.493446 -3.196731 -10.83986 1.310812 -3.196731 -10.87619 1.128179 -3.196731 -10.97965 0.9733489 -3.196731 -11.13448 0.8698948 -3.196731 -11.31711 0.8335664 -3.196731 -11.49974 0.8698948 -3.196731 -11.65458 0.9733489 -3.196731 -11.75803 1.128179 -3.196731 -11.79436 1.310812 -3.196731 -11.75803 1.493446 -3.196731 -11.65458 1.648276 -3.196731 -11.49974 1.75173 -2.294611 -11.31711 1.526393 -2.294611 -11.23461 1.509983 -2.294611 -11.16467 1.463251 -2.294611 -11.11794 1.393311 -2.294611 -11.10153 1.310812 -2.294611 -11.11794 1.228314 -2.294611 -11.16467 1.158374 -2.294611 -11.23461 1.111642 -2.294611 -11.31711 1.095232 -2.294611 -11.39961 1.111642 -2.294611 -11.46955 1.158374 -2.294611 -11.51628 1.228314 -2.294611 -11.53269 1.310812 -2.294611 -11.51628 1.393311 -2.294611 -11.46955 1.463251 -2.294611 -11.39961 1.509983 0.1287577 -11.31711 1.526393 0.1287577 -11.23461 1.509983 0.1287577 -11.16467 1.463251 0.1287577 -11.11794 1.393311 0.1287577 -11.10153 1.310812 0.1287577 -11.11794 1.228314 0.1287577 -11.16467 1.158374 0.1287577 -11.23461 1.111642 0.1287577 -11.31711 1.095232 0.1287577 -11.39961 1.111642 0.1287577 -11.46955 1.158374 0.1287577 -11.51628 1.228314 0.1287577 -11.53269 1.310812 0.1287577 -11.51628 1.393311 0.1287577 -11.46955 1.463251 0.1287577 -11.39961 1.509983 3.196682 -11.31711 1.788059 3.196682 -11.13448 1.75173 3.196682 -10.97965 1.648276 3.196682 -10.87619 1.493446 3.196682 -10.83986 1.310812 3.196682 -10.87619 1.128179 3.196682 -10.97965 0.9733489 3.196682 -11.13448 0.8698948 3.196682 -11.31711 0.8335664 3.196682 -11.49974 0.8698948 3.196682 -11.65458 0.9733489 3.196682 -11.75803 1.128179 3.196682 -11.79436 1.310812 3.196682 -11.75803 1.493446 3.196682 -11.65458 1.648276 3.196682 -11.49974 1.75173 2.294561 -11.31711 1.526393 2.294561 -11.23461 1.509983 2.294561 -11.16467 1.463251 2.294561 -11.11794 1.393311 2.294561 -11.10153 1.310812 2.294561 -11.11794 1.228314 2.294561 -11.16467 1.158374 2.294561 -11.23461 1.111642 2.294561 -11.31711 1.095232 2.294561 -11.39961 1.111642 2.294561 -11.46955 1.158374 2.294561 -11.51628 1.228314 2.294561 -11.53269 1.310812 2.294561 -11.51628 1.393311 2.294561 -11.46955 1.463251 2.294561 -11.39961 1.509983 -0.1288076 -11.31711 1.526393 -0.1288076 -11.23461 1.509983 -0.1288076 -11.16467 1.463251 -0.1288076 -11.11794 1.393311 -0.1288076 -11.10153 1.310812 -0.1288076 -11.11794 1.228314 -0.1288076 -11.16467 1.158374 -0.1288076 -11.23461 1.111642 -0.1288076 -11.31711 1.095232 -0.1288076 -11.39961 1.111642 -0.1288076 -11.46955 1.158374 -0.1288076 -11.51628 1.228314 -0.1288076 -11.53269 1.310812 -0.1288076 -11.51628 1.393311 -0.1288076 -11.46955 1.463251 -0.1288076 -11.39961 1.509983 3.198972 -7.241632 2.376551 4.050407 -7.241632 2.376551 3.198972 -6.816302 2.291947 4.050407 -6.816302 2.291947 3.198972 -6.455728 2.051018 4.050407 -6.455728 2.051018 3.198972 -6.214799 1.690441 4.050407 -6.214799 1.690441 3.198972 -6.130196 1.265113 4.050407 -6.130196 1.265113 3.198972 -6.214799 0.8397837 4.050407 -6.214799 0.8397834 3.198972 -6.455728 0.4792078 4.050407 -6.455728 0.4792073 3.198972 -6.816302 0.2382779 4.050407 -6.816302 0.2382779 3.198972 -7.241632 0.1536743 4.050407 -7.241632 0.1536741 3.198972 -7.666961 0.2382779 4.050407 -7.666961 0.2382779 3.198972 -8.027539 0.4792078 4.050407 -8.027539 0.4792073 3.198972 -8.268467 0.8397837 4.050407 -8.268467 0.8397834 3.198972 -8.353071 1.265113 4.050407 -8.353071 1.265113 3.198972 -8.268467 1.690441 4.050407 -8.268467 1.690441 3.198972 -8.027539 2.051018 4.050407 -8.027539 2.051018 3.198972 -7.666961 2.291947 4.050407 -7.666961 2.291947 4.050407 -7.241632 2.376551 4.050407 -6.816302 2.291947 4.050407 -6.455728 2.051018 4.050407 -6.214799 1.690441 4.050407 -6.130196 1.265113 4.050407 -6.214799 0.8397834 4.050407 -6.455728 0.4792073 4.050407 -6.816302 0.2382779 4.050407 -7.241632 0.1536741 4.050407 -7.666961 0.2382779 4.050407 -8.027539 0.4792073 4.050407 -8.268467 0.8397834 4.050407 -8.353071 1.265113 4.050407 -8.268467 1.690441 4.050407 -8.027539 2.051018 4.050407 -7.666961 2.291947 4.050407 -6.943048 1.985962 4.050407 -7.241632 2.045354 4.050407 -6.68992 1.816827 4.050407 -6.520784 1.563698 4.050407 -6.46139 1.265113 4.050407 -6.520784 0.9665272 4.050407 -6.68992 0.7133987 4.050407 -6.943048 0.5442636 4.050407 -7.241632 0.4848712 4.050407 -7.540219 0.5442636 4.050407 -7.793346 0.7133987 4.050407 -7.962481 0.9665272 4.050407 -8.021877 1.265113 4.050407 -7.962481 1.563698 4.050407 -7.793346 1.816827 4.050407 -7.540219 1.985962 4.016713 -6.943048 1.985962 4.016713 -7.241632 2.045354 4.016713 -6.68992 1.816827 4.016713 -6.520784 1.563698 4.016713 -6.46139 1.265113 4.016713 -6.520784 0.9665272 4.016713 -6.68992 0.7133987 4.016713 -6.943048 0.5442636 4.016713 -7.241632 0.4848712 4.016713 -7.540219 0.5442636 4.016713 -7.793346 0.7133987 4.016713 -7.962481 0.9665272 4.016713 -8.021877 1.265113 4.016713 -7.962481 1.563698 4.016713 -7.793346 1.816827 4.016713 -7.540219 1.985962 3.198972 -7.241632 2.376551 3.198972 -6.816302 2.291947 3.198972 -6.455728 2.051018 3.198972 -6.214799 1.690441 3.198972 -6.130196 1.265113 3.198972 -6.214799 0.8397837 3.198972 -6.455728 0.4792078 3.198972 -6.816302 0.2382779 3.198972 -7.241632 0.1536743 3.198972 -7.666961 0.2382779 3.198972 -8.027539 0.4792078 3.198972 -8.268467 0.8397837 3.198972 -8.353071 1.265113 3.198972 -8.268467 1.690441 3.198972 -8.027539 2.051018 3.198972 -7.666961 2.291947 -3.196731 -7.241632 2.376551 -4.048168 -7.241632 2.376551 -3.196731 -6.816302 2.291947 -4.048168 -6.816302 2.291947 -3.196731 -6.455728 2.051018 -4.048168 -6.455728 2.051018 -3.196731 -6.214799 1.690441 -4.048168 -6.214799 1.690441 -3.196731 -6.130196 1.265113 -4.048168 -6.130196 1.265113 -3.196731 -6.214799 0.8397837 -4.048168 -6.214799 0.8397834 -3.196731 -6.455728 0.4792078 -4.048168 -6.455728 0.4792073 -3.196731 -6.816302 0.2382779 -4.048168 -6.816302 0.2382779 -3.196731 -7.241632 0.1536743 -4.048168 -7.241632 0.1536741 -3.196731 -7.666961 0.2382779 -4.048168 -7.666961 0.2382779 -3.196731 -8.027539 0.4792078 -4.048168 -8.027539 0.4792073 -3.196731 -8.268467 0.8397837 -4.048168 -8.268467 0.8397834 -3.196731 -8.353071 1.265113 -4.048168 -8.353071 1.265113 -3.196731 -8.268467 1.690441 -4.048168 -8.268467 1.690441 -3.196731 -8.027539 2.051018 -4.048168 -8.027539 2.051018 -3.196731 -7.666961 2.291947 -4.048168 -7.666961 2.291947 -4.048168 -7.241632 2.376551 -4.048168 -6.816302 2.291947 -4.048168 -6.455728 2.051018 -4.048168 -6.214799 1.690441 -4.048168 -6.130196 1.265113 -4.048168 -6.214799 0.8397834 -4.048168 -6.455728 0.4792073 -4.048168 -6.816302 0.2382779 -4.048168 -7.241632 0.1536741 -4.048168 -7.666961 0.2382779 -4.048168 -8.027539 0.4792073 -4.048168 -8.268467 0.8397834 -4.048168 -8.353071 1.265113 -4.048168 -8.268467 1.690441 -4.048168 -8.027539 2.051018 -4.048168 -7.666961 2.291947 -4.048168 -6.943048 1.985962 -4.048168 -7.241632 2.045354 -4.048168 -6.68992 1.816827 -4.048168 -6.520784 1.563698 -4.048168 -6.46139 1.265113 -4.048168 -6.520784 0.9665272 -4.048168 -6.68992 0.7133987 -4.048168 -6.943048 0.5442636 -4.048168 -7.241632 0.4848712 -4.048168 -7.540219 0.5442636 -4.048168 -7.793346 0.7133987 -4.048168 -7.962481 0.9665272 -4.048168 -8.021877 1.265113 -4.048168 -7.962481 1.563698 -4.048168 -7.793346 1.816827 -4.048168 -7.540219 1.985962 -4.014473 -6.943048 1.985962 -4.014473 -7.241632 2.045354 -4.014473 -6.68992 1.816827 -4.014473 -6.520784 1.563698 -4.014473 -6.46139 1.265113 -4.014473 -6.520784 0.9665272 -4.014473 -6.68992 0.7133987 -4.014473 -6.943048 0.5442636 -4.014473 -7.241632 0.4848712 -4.014473 -7.540219 0.5442636 -4.014473 -7.793346 0.7133987 -4.014473 -7.962481 0.9665272 -4.014473 -8.021877 1.265113 -4.014473 -7.962481 1.563698 -4.014473 -7.793346 1.816827 -4.014473 -7.540219 1.985962 -3.196731 -7.241632 2.376551 -3.196731 -6.816302 2.291947 -3.196731 -6.455728 2.051018 -3.196731 -6.214799 1.690441 -3.196731 -6.130196 1.265113 -3.196731 -6.214799 0.8397837 -3.196731 -6.455728 0.4792078 -3.196731 -6.816302 0.2382779 -3.196731 -7.241632 0.1536743 -3.196731 -7.666961 0.2382779 -3.196731 -8.027539 0.4792078 -3.196731 -8.268467 0.8397837 -3.196731 -8.353071 1.265113 -3.196731 -8.268467 1.690441 -3.196731 -8.027539 2.051018 -3.196731 -7.666961 2.291947 -3.196731 -7.195188 1.788059 -3.196731 -7.012552 1.75173 -3.196731 -6.857725 1.648276 -3.196731 -6.754269 1.493446 -3.196731 -6.717941 1.310812 -3.196731 -6.754269 1.128179 -3.196731 -6.857725 0.9733489 -3.196731 -7.012552 0.8698948 -3.196731 -7.195188 0.8335664 -3.196731 -7.377821 0.8698948 -3.196731 -7.532651 0.9733489 -3.196731 -7.636106 1.128179 -3.196731 -7.672434 1.310812 -3.196731 -7.636106 1.493446 -3.196731 -7.532651 1.648276 -3.196731 -7.377821 1.75173 -2.294611 -7.195188 1.526393 -2.294611 -7.112689 1.509983 -2.294611 -7.042751 1.463251 -2.294611 -6.996019 1.393311 -2.294611 -6.979608 1.310812 -2.294611 -6.996019 1.228314 -2.294611 -7.042751 1.158374 -2.294611 -7.112689 1.111642 -2.294611 -7.195188 1.095232 -2.294611 -7.277686 1.111642 -2.294611 -7.347625 1.158374 -2.294611 -7.394357 1.228314 -2.294611 -7.410768 1.310812 -2.294611 -7.394357 1.393311 -2.294611 -7.347625 1.463251 -2.294611 -7.277686 1.509983 0.1287577 -7.195188 1.526393 0.1287577 -7.112689 1.509983 0.1287577 -7.042751 1.463251 0.1287577 -6.996019 1.393311 0.1287577 -6.979608 1.310812 0.1287577 -6.996019 1.228314 0.1287577 -7.042751 1.158374 0.1287577 -7.112689 1.111642 0.1287577 -7.195188 1.095232 0.1287577 -7.277686 1.111642 0.1287577 -7.347625 1.158374 0.1287577 -7.394357 1.228314 0.1287577 -7.410768 1.310812 0.1287577 -7.394357 1.393311 0.1287577 -7.347625 1.463251 0.1287577 -7.277686 1.509983 3.196682 -7.195188 1.788059 3.196682 -7.012552 1.75173 3.196682 -6.857725 1.648276 3.196682 -6.754269 1.493446 3.196682 -6.717941 1.310812 3.196682 -6.754269 1.128179 3.196682 -6.857725 0.9733489 3.196682 -7.012552 0.8698948 3.196682 -7.195188 0.8335664 3.196682 -7.377821 0.8698948 3.196682 -7.532651 0.9733489 3.196682 -7.636106 1.128179 3.196682 -7.672434 1.310812 3.196682 -7.636106 1.493446 3.196682 -7.532651 1.648276 3.196682 -7.377821 1.75173 2.294561 -7.195188 1.526393 2.294561 -7.112689 1.509983 2.294561 -7.042751 1.463251 2.294561 -6.996019 1.393311 2.294561 -6.979608 1.310812 2.294561 -6.996019 1.228314 2.294561 -7.042751 1.158374 2.294561 -7.112689 1.111642 2.294561 -7.195188 1.095232 2.294561 -7.277686 1.111642 2.294561 -7.347625 1.158374 2.294561 -7.394357 1.228314 2.294561 -7.410768 1.310812 2.294561 -7.394357 1.393311 2.294561 -7.347625 1.463251 2.294561 -7.277686 1.509983 -0.1288076 -7.195188 1.526393 -0.1288076 -7.112689 1.509983 -0.1288076 -7.042751 1.463251 -0.1288076 -6.996019 1.393311 -0.1288076 -6.979608 1.310812 -0.1288076 -6.996019 1.228314 -0.1288076 -7.042751 1.158374 -0.1288076 -7.112689 1.111642 -0.1288076 -7.195188 1.095232 -0.1288076 -7.277686 1.111642 -0.1288076 -7.347625 1.158374 -0.1288076 -7.394357 1.228314 -0.1288076 -7.410768 1.310812 -0.1288076 -7.394357 1.393311 -0.1288076 -7.347625 1.463251 -0.1288076 -7.277686 1.509983 -2.190338 -11.66922 1.472437 -2.190338 -6.879015 1.472437 2.190338 -11.66922 1.472437 2.190338 -6.879015 1.472437 -2.579765 -6.879015 3.030329 -2.579765 -11.66922 3.030329 2.579765 -6.879015 3.030329 2.579765 -11.66922 3.030329 3.198972 11.36356 2.376551 4.050407 11.36356 2.376551 3.198972 10.93823 2.291947 4.050407 10.93823 2.291947 3.198972 10.57765 2.051018 4.050407 10.57765 2.051018 3.198972 10.33672 1.690441 4.050407 10.33672 1.690441 3.198972 10.25212 1.265113 4.050407 10.25212 1.265113 3.198972 10.33672 0.8397837 4.050407 10.33672 0.8397834 3.198972 10.57765 0.4792078 4.050407 10.57765 0.4792073 3.198972 10.93823 0.2382779 4.050407 10.93823 0.2382779 3.198972 11.36356 0.1536743 4.050407 11.36356 0.1536741 3.198972 11.78888 0.2382779 4.050407 11.78888 0.2382779 3.198972 12.14946 0.4792078 4.050407 12.14946 0.4792073 3.198972 12.39039 0.8397837 4.050407 12.39039 0.8397834 3.198972 12.47499 1.265113 4.050407 12.47499 1.265113 3.198972 12.39039 1.690441 4.050407 12.39039 1.690441 3.198972 12.14946 2.051018 4.050407 12.14946 2.051018 3.198972 11.78888 2.291947 4.050407 11.78888 2.291947 4.050407 11.36356 2.376551 4.050407 10.93823 2.291947 4.050407 10.57765 2.051018 4.050407 10.33672 1.690441 4.050407 10.25212 1.265113 4.050407 10.33672 0.8397834 4.050407 10.57765 0.4792073 4.050407 10.93823 0.2382779 4.050407 11.36356 0.1536741 4.050407 11.78888 0.2382779 4.050407 12.14946 0.4792073 4.050407 12.39039 0.8397834 4.050407 12.47499 1.265113 4.050407 12.39039 1.690441 4.050407 12.14946 2.051018 4.050407 11.78888 2.291947 4.050407 11.06497 1.985962 4.050407 11.36356 2.045354 4.050407 10.81184 1.816827 4.050407 10.64271 1.563698 4.050407 10.58331 1.265113 4.050407 10.64271 0.9665272 4.050407 10.81184 0.7133987 4.050407 11.06497 0.5442636 4.050407 11.36356 0.4848712 4.050407 11.66214 0.5442636 4.050407 11.91527 0.7133987 4.050407 12.08441 0.9665272 4.050407 12.1438 1.265113 4.050407 12.08441 1.563698 4.050407 11.91527 1.816827 4.050407 11.66214 1.985962 4.016713 11.06497 1.985962 4.016713 11.36356 2.045354 4.016713 10.81184 1.816827 4.016713 10.64271 1.563698 4.016713 10.58331 1.265113 4.016713 10.64271 0.9665272 4.016713 10.81184 0.7133987 4.016713 11.06497 0.5442636 4.016713 11.36356 0.4848712 4.016713 11.66214 0.5442636 4.016713 11.91527 0.7133987 4.016713 12.08441 0.9665272 4.016713 12.1438 1.265113 4.016713 12.08441 1.563698 4.016713 11.91527 1.816827 4.016713 11.66214 1.985962 3.198972 11.36356 2.376551 3.198972 10.93823 2.291947 3.198972 10.57765 2.051018 3.198972 10.33672 1.690441 3.198972 10.25212 1.265113 3.198972 10.33672 0.8397837 3.198972 10.57765 0.4792078 3.198972 10.93823 0.2382779 3.198972 11.36356 0.1536743 3.198972 11.78888 0.2382779 3.198972 12.14946 0.4792078 3.198972 12.39039 0.8397837 3.198972 12.47499 1.265113 3.198972 12.39039 1.690441 3.198972 12.14946 2.051018 3.198972 11.78888 2.291947 -3.196731 11.36356 2.376551 -4.048168 11.36356 2.376551 -3.196731 10.93823 2.291947 -4.048168 10.93823 2.291947 -3.196731 10.57765 2.051018 -4.048168 10.57765 2.051018 -3.196731 10.33672 1.690441 -4.048168 10.33672 1.690441 -3.196731 10.25212 1.265113 -4.048168 10.25212 1.265113 -3.196731 10.33672 0.8397837 -4.048168 10.33672 0.8397834 -3.196731 10.57765 0.4792078 -4.048168 10.57765 0.4792073 -3.196731 10.93823 0.2382779 -4.048168 10.93823 0.2382779 -3.196731 11.36356 0.1536743 -4.048168 11.36356 0.1536741 -3.196731 11.78888 0.2382779 -4.048168 11.78888 0.2382779 -3.196731 12.14946 0.4792078 -4.048168 12.14946 0.4792073 -3.196731 12.39039 0.8397837 -4.048168 12.39039 0.8397834 -3.196731 12.47499 1.265113 -4.048168 12.47499 1.265113 -3.196731 12.39039 1.690441 -4.048168 12.39039 1.690441 -3.196731 12.14946 2.051018 -4.048168 12.14946 2.051018 -3.196731 11.78888 2.291947 -4.048168 11.78888 2.291947 -4.048168 11.36356 2.376551 -4.048168 10.93823 2.291947 -4.048168 10.57765 2.051018 -4.048168 10.33672 1.690441 -4.048168 10.25212 1.265113 -4.048168 10.33672 0.8397834 -4.048168 10.57765 0.4792073 -4.048168 10.93823 0.2382779 -4.048168 11.36356 0.1536741 -4.048168 11.78888 0.2382779 -4.048168 12.14946 0.4792073 -4.048168 12.39039 0.8397834 -4.048168 12.47499 1.265113 -4.048168 12.39039 1.690441 -4.048168 12.14946 2.051018 -4.048168 11.78888 2.291947 -4.048168 11.06497 1.985962 -4.048168 11.36356 2.045354 -4.048168 10.81184 1.816827 -4.048168 10.64271 1.563698 -4.048168 10.58331 1.265113 -4.048168 10.64271 0.9665272 -4.048168 10.81184 0.7133987 -4.048168 11.06497 0.5442636 -4.048168 11.36356 0.4848712 -4.048168 11.66214 0.5442636 -4.048168 11.91527 0.7133987 -4.048168 12.08441 0.9665272 -4.048168 12.1438 1.265113 -4.048168 12.08441 1.563698 -4.048168 11.91527 1.816827 -4.048168 11.66214 1.985962 -4.014473 11.06497 1.985962 -4.014473 11.36356 2.045354 -4.014473 10.81184 1.816827 -4.014473 10.64271 1.563698 -4.014473 10.58331 1.265113 -4.014473 10.64271 0.9665272 -4.014473 10.81184 0.7133987 -4.014473 11.06497 0.5442636 -4.014473 11.36356 0.4848712 -4.014473 11.66214 0.5442636 -4.014473 11.91527 0.7133987 -4.014473 12.08441 0.9665272 -4.014473 12.1438 1.265113 -4.014473 12.08441 1.563698 -4.014473 11.91527 1.816827 -4.014473 11.66214 1.985962 -3.196731 11.36356 2.376551 -3.196731 10.93823 2.291947 -3.196731 10.57765 2.051018 -3.196731 10.33672 1.690441 -3.196731 10.25212 1.265113 -3.196731 10.33672 0.8397837 -3.196731 10.57765 0.4792078 -3.196731 10.93823 0.2382779 -3.196731 11.36356 0.1536743 -3.196731 11.78888 0.2382779 -3.196731 12.14946 0.4792078 -3.196731 12.39039 0.8397837 -3.196731 12.47499 1.265113 -3.196731 12.39039 1.690441 -3.196731 12.14946 2.051018 -3.196731 11.78888 2.291947 -3.196731 11.31711 1.788059 -3.196731 11.13448 1.75173 -3.196731 10.97965 1.648276 -3.196731 10.87619 1.493446 -3.196731 10.83986 1.310812 -3.196731 10.87619 1.128179 -3.196731 10.97965 0.9733489 -3.196731 11.13448 0.8698948 -3.196731 11.31711 0.8335664 -3.196731 11.49974 0.8698948 -3.196731 11.65458 0.9733489 -3.196731 11.75803 1.128179 -3.196731 11.79436 1.310812 -3.196731 11.75803 1.493446 -3.196731 11.65458 1.648276 -3.196731 11.49974 1.75173 -2.294611 11.31711 1.526393 -2.294611 11.23461 1.509983 -2.294611 11.16467 1.463251 -2.294611 11.11794 1.393311 -2.294611 11.10153 1.310812 -2.294611 11.11794 1.228314 -2.294611 11.16467 1.158374 -2.294611 11.23461 1.111642 -2.294611 11.31711 1.095232 -2.294611 11.39961 1.111642 -2.294611 11.46955 1.158374 -2.294611 11.51628 1.228314 -2.294611 11.53269 1.310812 -2.294611 11.51628 1.393311 -2.294611 11.46955 1.463251 -2.294611 11.39961 1.509983 0.1287577 11.31711 1.526393 0.1287577 11.23461 1.509983 0.1287577 11.16467 1.463251 0.1287577 11.11794 1.393311 0.1287577 11.10153 1.310812 0.1287577 11.11794 1.228314 0.1287577 11.16467 1.158374 0.1287577 11.23461 1.111642 0.1287577 11.31711 1.095232 0.1287577 11.39961 1.111642 0.1287577 11.46955 1.158374 0.1287577 11.51628 1.228314 0.1287577 11.53269 1.310812 0.1287577 11.51628 1.393311 0.1287577 11.46955 1.463251 0.1287577 11.39961 1.509983 3.196682 11.31711 1.788059 3.196682 11.13448 1.75173 3.196682 10.97965 1.648276 3.196682 10.87619 1.493446 3.196682 10.83986 1.310812 3.196682 10.87619 1.128179 3.196682 10.97965 0.9733489 3.196682 11.13448 0.8698948 3.196682 11.31711 0.8335664 3.196682 11.49974 0.8698948 3.196682 11.65458 0.9733489 3.196682 11.75803 1.128179 3.196682 11.79436 1.310812 3.196682 11.75803 1.493446 3.196682 11.65458 1.648276 3.196682 11.49974 1.75173 2.294561 11.31711 1.526393 2.294561 11.23461 1.509983 2.294561 11.16467 1.463251 2.294561 11.11794 1.393311 2.294561 11.10153 1.310812 2.294561 11.11794 1.228314 2.294561 11.16467 1.158374 2.294561 11.23461 1.111642 2.294561 11.31711 1.095232 2.294561 11.39961 1.111642 2.294561 11.46955 1.158374 2.294561 11.51628 1.228314 2.294561 11.53269 1.310812 2.294561 11.51628 1.393311 2.294561 11.46955 1.463251 2.294561 11.39961 1.509983 -0.1288076 11.31711 1.526393 -0.1288076 11.23461 1.509983 -0.1288076 11.16467 1.463251 -0.1288076 11.11794 1.393311 -0.1288076 11.10153 1.310812 -0.1288076 11.11794 1.228314 -0.1288076 11.16467 1.158374 -0.1288076 11.23461 1.111642 -0.1288076 11.31711 1.095232 -0.1288076 11.39961 1.111642 -0.1288076 11.46955 1.158374 -0.1288076 11.51628 1.228314 -0.1288076 11.53269 1.310812 -0.1288076 11.51628 1.393311 -0.1288076 11.46955 1.463251 -0.1288076 11.39961 1.509983 3.198972 7.241632 2.376551 4.050407 7.241632 2.376551 3.198972 6.816302 2.291947 4.050407 6.816302 2.291947 3.198972 6.455728 2.051018 4.050407 6.455728 2.051018 3.198972 6.214799 1.690441 4.050407 6.214799 1.690441 3.198972 6.130196 1.265113 4.050407 6.130196 1.265113 3.198972 6.214799 0.8397837 4.050407 6.214799 0.8397834 3.198972 6.455728 0.4792078 4.050407 6.455728 0.4792073 3.198972 6.816302 0.2382779 4.050407 6.816302 0.2382779 3.198972 7.241632 0.1536743 4.050407 7.241632 0.1536741 3.198972 7.666961 0.2382779 4.050407 7.666961 0.2382779 3.198972 8.027539 0.4792078 4.050407 8.027539 0.4792073 3.198972 8.268467 0.8397837 4.050407 8.268467 0.8397834 3.198972 8.353071 1.265113 4.050407 8.353071 1.265113 3.198972 8.268467 1.690441 4.050407 8.268467 1.690441 3.198972 8.027539 2.051018 4.050407 8.027539 2.051018 3.198972 7.666961 2.291947 4.050407 7.666961 2.291947 4.050407 7.241632 2.376551 4.050407 6.816302 2.291947 4.050407 6.455728 2.051018 4.050407 6.214799 1.690441 4.050407 6.130196 1.265113 4.050407 6.214799 0.8397834 4.050407 6.455728 0.4792073 4.050407 6.816302 0.2382779 4.050407 7.241632 0.1536741 4.050407 7.666961 0.2382779 4.050407 8.027539 0.4792073 4.050407 8.268467 0.8397834 4.050407 8.353071 1.265113 4.050407 8.268467 1.690441 4.050407 8.027539 2.051018 4.050407 7.666961 2.291947 4.050407 6.943048 1.985962 4.050407 7.241632 2.045354 4.050407 6.68992 1.816827 4.050407 6.520784 1.563698 4.050407 6.46139 1.265113 4.050407 6.520784 0.9665272 4.050407 6.68992 0.7133987 4.050407 6.943048 0.5442636 4.050407 7.241632 0.4848712 4.050407 7.540219 0.5442636 4.050407 7.793346 0.7133987 4.050407 7.962481 0.9665272 4.050407 8.021877 1.265113 4.050407 7.962481 1.563698 4.050407 7.793346 1.816827 4.050407 7.540219 1.985962 4.016713 6.943048 1.985962 4.016713 7.241632 2.045354 4.016713 6.68992 1.816827 4.016713 6.520784 1.563698 4.016713 6.46139 1.265113 4.016713 6.520784 0.9665272 4.016713 6.68992 0.7133987 4.016713 6.943048 0.5442636 4.016713 7.241632 0.4848712 4.016713 7.540219 0.5442636 4.016713 7.793346 0.7133987 4.016713 7.962481 0.9665272 4.016713 8.021877 1.265113 4.016713 7.962481 1.563698 4.016713 7.793346 1.816827 4.016713 7.540219 1.985962 3.198972 7.241632 2.376551 3.198972 6.816302 2.291947 3.198972 6.455728 2.051018 3.198972 6.214799 1.690441 3.198972 6.130196 1.265113 3.198972 6.214799 0.8397837 3.198972 6.455728 0.4792078 3.198972 6.816302 0.2382779 3.198972 7.241632 0.1536743 3.198972 7.666961 0.2382779 3.198972 8.027539 0.4792078 3.198972 8.268467 0.8397837 3.198972 8.353071 1.265113 3.198972 8.268467 1.690441 3.198972 8.027539 2.051018 3.198972 7.666961 2.291947 -3.196731 7.241632 2.376551 -4.048168 7.241632 2.376551 -3.196731 6.816302 2.291947 -4.048168 6.816302 2.291947 -3.196731 6.455728 2.051018 -4.048168 6.455728 2.051018 -3.196731 6.214799 1.690441 -4.048168 6.214799 1.690441 -3.196731 6.130196 1.265113 -4.048168 6.130196 1.265113 -3.196731 6.214799 0.8397837 -4.048168 6.214799 0.8397834 -3.196731 6.455728 0.4792078 -4.048168 6.455728 0.4792073 -3.196731 6.816302 0.2382779 -4.048168 6.816302 0.2382779 -3.196731 7.241632 0.1536743 -4.048168 7.241632 0.1536741 -3.196731 7.666961 0.2382779 -4.048168 7.666961 0.2382779 -3.196731 8.027539 0.4792078 -4.048168 8.027539 0.4792073 -3.196731 8.268467 0.8397837 -4.048168 8.268467 0.8397834 -3.196731 8.353071 1.265113 -4.048168 8.353071 1.265113 -3.196731 8.268467 1.690441 -4.048168 8.268467 1.690441 -3.196731 8.027539 2.051018 -4.048168 8.027539 2.051018 -3.196731 7.666961 2.291947 -4.048168 7.666961 2.291947 -4.048168 7.241632 2.376551 -4.048168 6.816302 2.291947 -4.048168 6.455728 2.051018 -4.048168 6.214799 1.690441 -4.048168 6.130196 1.265113 -4.048168 6.214799 0.8397834 -4.048168 6.455728 0.4792073 -4.048168 6.816302 0.2382779 -4.048168 7.241632 0.1536741 -4.048168 7.666961 0.2382779 -4.048168 8.027539 0.4792073 -4.048168 8.268467 0.8397834 -4.048168 8.353071 1.265113 -4.048168 8.268467 1.690441 -4.048168 8.027539 2.051018 -4.048168 7.666961 2.291947 -4.048168 6.943048 1.985962 -4.048168 7.241632 2.045354 -4.048168 6.68992 1.816827 -4.048168 6.520784 1.563698 -4.048168 6.46139 1.265113 -4.048168 6.520784 0.9665272 -4.048168 6.68992 0.7133987 -4.048168 6.943048 0.5442636 -4.048168 7.241632 0.4848712 -4.048168 7.540219 0.5442636 -4.048168 7.793346 0.7133987 -4.048168 7.962481 0.9665272 -4.048168 8.021877 1.265113 -4.048168 7.962481 1.563698 -4.048168 7.793346 1.816827 -4.048168 7.540219 1.985962 -4.014473 6.943048 1.985962 -4.014473 7.241632 2.045354 -4.014473 6.68992 1.816827 -4.014473 6.520784 1.563698 -4.014473 6.46139 1.265113 -4.014473 6.520784 0.9665272 -4.014473 6.68992 0.7133987 -4.014473 6.943048 0.5442636 -4.014473 7.241632 0.4848712 -4.014473 7.540219 0.5442636 -4.014473 7.793346 0.7133987 -4.014473 7.962481 0.9665272 -4.014473 8.021877 1.265113 -4.014473 7.962481 1.563698 -4.014473 7.793346 1.816827 -4.014473 7.540219 1.985962 -3.196731 7.241632 2.376551 -3.196731 6.816302 2.291947 -3.196731 6.455728 2.051018 -3.196731 6.214799 1.690441 -3.196731 6.130196 1.265113 -3.196731 6.214799 0.8397837 -3.196731 6.455728 0.4792078 -3.196731 6.816302 0.2382779 -3.196731 7.241632 0.1536743 -3.196731 7.666961 0.2382779 -3.196731 8.027539 0.4792078 -3.196731 8.268467 0.8397837 -3.196731 8.353071 1.265113 -3.196731 8.268467 1.690441 -3.196731 8.027539 2.051018 -3.196731 7.666961 2.291947 -3.196731 7.195188 1.788059 -3.196731 7.012552 1.75173 -3.196731 6.857725 1.648276 -3.196731 6.754269 1.493446 -3.196731 6.717941 1.310812 -3.196731 6.754269 1.128179 -3.196731 6.857725 0.9733489 -3.196731 7.012552 0.8698948 -3.196731 7.195188 0.8335664 -3.196731 7.377821 0.8698948 -3.196731 7.532651 0.9733489 -3.196731 7.636106 1.128179 -3.196731 7.672434 1.310812 -3.196731 7.636106 1.493446 -3.196731 7.532651 1.648276 -3.196731 7.377821 1.75173 -2.294611 7.195188 1.526393 -2.294611 7.112689 1.509983 -2.294611 7.042751 1.463251 -2.294611 6.996019 1.393311 -2.294611 6.979608 1.310812 -2.294611 6.996019 1.228314 -2.294611 7.042751 1.158374 -2.294611 7.112689 1.111642 -2.294611 7.195188 1.095232 -2.294611 7.277686 1.111642 -2.294611 7.347625 1.158374 -2.294611 7.394357 1.228314 -2.294611 7.410768 1.310812 -2.294611 7.394357 1.393311 -2.294611 7.347625 1.463251 -2.294611 7.277686 1.509983 0.1287577 7.195188 1.526393 0.1287577 7.112689 1.509983 0.1287577 7.042751 1.463251 0.1287577 6.996019 1.393311 0.1287577 6.979608 1.310812 0.1287577 6.996019 1.228314 0.1287577 7.042751 1.158374 0.1287577 7.112689 1.111642 0.1287577 7.195188 1.095232 0.1287577 7.277686 1.111642 0.1287577 7.347625 1.158374 0.1287577 7.394357 1.228314 0.1287577 7.410768 1.310812 0.1287577 7.394357 1.393311 0.1287577 7.347625 1.463251 0.1287577 7.277686 1.509983 3.196682 7.195188 1.788059 3.196682 7.012552 1.75173 3.196682 6.857725 1.648276 3.196682 6.754269 1.493446 3.196682 6.717941 1.310812 3.196682 6.754269 1.128179 3.196682 6.857725 0.9733489 3.196682 7.012552 0.8698948 3.196682 7.195188 0.8335664 3.196682 7.377821 0.8698948 3.196682 7.532651 0.9733489 3.196682 7.636106 1.128179 3.196682 7.672434 1.310812 3.196682 7.636106 1.493446 3.196682 7.532651 1.648276 3.196682 7.377821 1.75173 2.294561 7.195188 1.526393 2.294561 7.112689 1.509983 2.294561 7.042751 1.463251 2.294561 6.996019 1.393311 2.294561 6.979608 1.310812 2.294561 6.996019 1.228314 2.294561 7.042751 1.158374 2.294561 7.112689 1.111642 2.294561 7.195188 1.095232 2.294561 7.277686 1.111642 2.294561 7.347625 1.158374 2.294561 7.394357 1.228314 2.294561 7.410768 1.310812 2.294561 7.394357 1.393311 2.294561 7.347625 1.463251 2.294561 7.277686 1.509983 -0.1288076 7.195188 1.526393 -0.1288076 7.112689 1.509983 -0.1288076 7.042751 1.463251 -0.1288076 6.996019 1.393311 -0.1288076 6.979608 1.310812 -0.1288076 6.996019 1.228314 -0.1288076 7.042751 1.158374 -0.1288076 7.112689 1.111642 -0.1288076 7.195188 1.095232 -0.1288076 7.277686 1.111642 -0.1288076 7.347625 1.158374 -0.1288076 7.394357 1.228314 -0.1288076 7.410768 1.310812 -0.1288076 7.394357 1.393311 -0.1288076 7.347625 1.463251 -0.1288076 7.277686 1.509983 -2.190338 11.66922 1.472437 -2.190338 6.879015 1.472437 2.190338 11.66922 1.472437 2.190338 6.879015 1.472437 -2.579765 6.879015 3.030329 -2.579765 11.66922 3.030329 2.579765 6.879015 3.030329 2.579765 11.66922 3.030329 2.38419e-7 -7.215556 2.834136 -0.182636 -7.215556 2.797808 -0.3374632 -7.215556 2.694354 -0.4409192 -7.215556 2.539524 -0.477247 -7.215556 2.35689 -0.4409192 -7.215556 2.174256 -0.3374632 -7.215556 2.019427 -0.182636 -7.215556 1.915972 2.38419e-7 -7.215556 1.879644 0.1826326 -7.215556 1.915972 0.3374632 -7.215556 2.019427 0.4409177 -7.215556 2.174256 0.477246 -7.215556 2.35689 0.4409177 -7.215556 2.539524 0.3374632 -7.215556 2.694354 0.1826326 -7.215556 2.797808 2.38419e-7 -5.179304 2.57247 -0.08249926 -5.179304 2.556061 -0.1524369 -5.179304 2.509328 -0.1991689 -5.179304 2.439389 -0.2155802 -5.179304 2.35689 -0.1991689 -5.179304 2.274392 -0.1524369 -5.179304 2.204452 -0.08249926 -5.179304 2.15772 2.38419e-7 -5.179304 2.14131 0.08249831 -5.179304 2.15772 0.1524369 -5.179304 2.204452 0.1991689 -5.179304 2.274392 0.2155802 -5.179304 2.35689 0.1991689 -5.179304 2.439389 0.1524369 -5.179304 2.509328 0.08249831 -5.179304 2.556061 0 0.2906843 2.57247 -0.08249938 0.2906843 2.556061 -0.1524371 0.2906843 2.509328 -0.199169 0.2906843 2.439389 -0.2155804 0.2906843 2.35689 -0.199169 0.2906843 2.274392 -0.1524371 0.2906843 2.204452 -0.08249938 0.2906843 2.15772 0 0.2906843 2.14131 0.08249813 0.2906843 2.15772 0.1524368 0.2906843 2.204452 0.1991687 0.2906843 2.274392 0.2155801 0.2906843 2.35689 0.1991687 0.2906843 2.439389 0.1524368 0.2906843 2.509328 0.08249813 0.2906843 2.556061 0 7.215553 2.834136 -0.1826362 7.215553 2.797808 -0.3374634 7.215553 2.694354 -0.4409194 7.215553 2.539524 -0.4772472 7.215553 2.35689 -0.4409194 7.215553 2.174256 -0.3374634 7.215553 2.019427 -0.1826362 7.215553 1.915972 0 7.215553 1.879644 0.1826324 7.215553 1.915972 0.3374629 7.215553 2.019427 0.4409175 7.215553 2.174256 0.4772458 7.215553 2.35689 0.4409175 7.215553 2.539524 0.3374629 7.215553 2.694354 0.1826324 7.215553 2.797808 0 5.1793 2.57247 -0.0824995 5.1793 2.556061 -0.1524372 5.1793 2.509328 -0.1991691 5.1793 2.439389 -0.2155804 5.1793 2.35689 -0.1991691 5.1793 2.274392 -0.1524372 5.1793 2.204452 -0.0824995 5.1793 2.15772 0 5.1793 2.14131 0.08249807 5.1793 2.15772 0.1524367 5.1793 2.204452 0.1991686 5.1793 2.274392 0.2155799 5.1793 2.35689 0.1991686 5.1793 2.439389 0.1524367 5.1793 2.509328 0.08249807 5.1793 2.556061 0 -0.2906879 2.57247 -0.08249938 -0.2906879 2.556061 -0.1524371 -0.2906879 2.509328 -0.199169 -0.290688 2.439389 -0.2155804 -0.290688 2.35689 -0.199169 -0.290688 2.274392 -0.1524371 -0.2906879 2.204452 -0.08249938 -0.2906879 2.15772 0 -0.2906879 2.14131 0.08249813 -0.2906879 2.15772 0.1524367 -0.2906879 2.204452 0.1991687 -0.2906879 2.274392 0.21558 -0.2906879 2.35689 0.1991687 -0.2906879 2.439389 0.1524367 -0.2906879 2.509328 0.08249813 -0.2906879 2.556061 -4.222334 4.703433 1.875391 -4.222334 -4.703433 1.875391 4.222334 -4.703433 1.875391 4.222334 4.703433 1.875391 -4.222334 4.703433 3.650753 -4.222334 -4.703433 3.650753 4.222334 -4.703433 3.650753 4.222334 4.703433 3.650753 -4.222334 4.703433 3.967055 -4.222334 -4.703433 3.967055 4.222334 -4.703433 3.967055 4.222334 4.703433 3.967055 -4.306893 1.699879 1.523915 -4.306893 -1.699879 1.523915 4.306893 -1.699879 1.523915 4.306893 1.699879 1.523915 -4.306893 1.699879 3.468296 -4.306893 -1.699879 3.468296 4.306893 -1.699879 3.468296 4.306893 1.699879 3.468296 -4.349116 -1.699879 1.523915 -4.349116 -1.699879 3.468296 -4.349116 1.699879 3.468296 -4.349116 1.699879 1.523915 4.349116 1.699879 1.523915 4.349116 1.699879 3.468296 4.349116 -1.699879 3.468296 4.349116 -1.699879 1.523915</float_array>
          <technique_common>
            <accessor source="#Cube_002-mesh-positions-array" count="1304" stride="3">
              <param name="X" type="float"/>
              <param name="Y" type="float"/>
              <param name="Z" type="float"/>
            </accessor>
          </technique_common>
        </source>
        <source id="Cube_002-mesh-normals">
          <float_array id="Cube_002-mesh-normals-array" count="3444">0 -0.1114301 -0.9937723 1 0 0 0 -1 0 0 1 0 -1 0 0 0 0 1 4.60916e-7 -1.5476e-7 1 2.63313e-7 0.382687 0.9238781 0 -5.12628e-7 1 3.78544e-7 0.3826826 0.9238799 0 0.7071099 0.7071036 0 0.7071053 0.7071082 0 0.9238802 0.3826818 0 0.9238781 0.3826869 0 1 -8.22151e-7 0 1 1.42184e-6 0 0.9238781 -0.3826869 -1.31675e-7 0.9238803 -0.3826816 -3.41523e-7 0.7071056 -0.7071079 -1.97485e-7 0.7071099 -0.7071037 -1.72843e-7 0.3826828 -0.9238799 0 0.382687 -0.9238781 0 -1.49924e-7 -1 0 -0.3826887 -0.9238774 -1.72841e-7 -0.3826813 -0.9238805 -2.38632e-7 -0.7071086 -0.7071051 -3.53861e-7 -0.7071032 -0.7071104 -1.60481e-7 -0.9238807 -0.3826806 0 -0.9238778 -0.3826878 0 -1 3.24029e-7 0 -1 3.19183e-7 0 -0.9238777 0.3826878 0 -0.9238806 0.3826808 0 -0.7071066 0.707107 3.78544e-7 -0.3826811 0.9238806 2.63313e-7 -0.3826887 0.9238775 0 -1 2.81461e-6 0 -0.923878 0.3826874 0 -0.9238777 0.3826882 1 2.41094e-6 0 1 -1.20546e-6 0 1 1.69251e-6 0 1 1.6925e-6 0 1 -1.20546e-6 0 1 8.46257e-7 0 0 1 -1.06213e-6 0 0.9238759 -0.3826922 0 0.9238753 -0.3826938 0 -0.7071076 0.707106 0 -0.7071069 0.7071067 0 0.7071067 -0.7071069 0 0.7071058 -0.7071078 0 -0.3826832 0.9238798 0 -0.3826821 0.9238802 0 0.3826884 -0.9238775 0 0.3826872 -0.9238781 0 -5.90487e-6 1 0 -4.19833e-6 1 0 6.6194e-7 -1 0 -0.382681 -0.9238806 0 -0.3826833 -0.9238796 0 2.39568e-6 -1 0 0.3826848 0.923879 0 0.382687 0.9238781 0 -0.7071053 -0.7071083 0 -0.7071071 -0.7071066 0 0.7071042 0.7071094 0 0.7071062 0.7071074 0 -0.9238798 -0.382683 0 -0.9238805 -0.3826814 0 0.9238765 0.3826907 0 0.9238776 0.3826882 0 -1 1.64488e-6 0 1 1.206e-6 -1 0 0 -2.63313e-7 0.3826875 0.923878 -4.60915e-7 2.03123e-7 1 0 -4.93283e-7 1 0 0.7071102 0.7071034 -3.78544e-7 0.382682 0.9238801 0 0.9238805 0.3826813 0 0.7071048 0.7071088 0 1 -2.57285e-6 0 0.9238777 0.3826881 0 0.9238778 -0.3826879 0 1 3.17737e-6 3.41522e-7 0.7071053 -0.7071084 1.31675e-7 0.9238805 -0.3826813 1.72842e-7 0.3826823 -0.9238801 1.97484e-7 0.7071101 -0.7071036 0 1.98286e-7 -1 0 0.3826873 -0.923878 0 -0.3826888 -0.9238773 2.88033e-7 -4.93284e-7 -1 1.72841e-7 -0.3826813 -0.9238805 2.38631e-7 -0.7071089 -0.7071048 3.53861e-7 -0.7071039 -0.7071098 1.60481e-7 -0.9238809 -0.3826804 0 -0.9238774 -0.3826888 0 -1 2.65994e-7 0 -0.9238773 0.3826889 0 -1 3.19184e-7 0 -0.7071071 0.7071065 0 -0.9238809 0.3826803 -3.78543e-7 -0.3826811 0.9238806 0 -0.7071055 0.7071082 -2.63313e-7 -0.3826889 0.9238772 0 -0.9238802 0.3826818 0 -1 7.15741e-7 0 -0.9238796 0.3826836 -1 -8.46256e-7 0 -1 8.46253e-7 0 -1 -8.46256e-7 0 -1 -4.23125e-7 0 -1 -1.26938e-6 0 0 0.9238764 -0.3826909 0 1 -3.53035e-6 0 0.9238756 -0.3826931 0 -0.7071059 0.7071077 0 -0.7071043 0.7071093 0 0.7071064 -0.7071072 0 0.7071049 -0.7071087 0 -0.3826816 0.9238803 0 -0.3826799 0.9238811 0 0.3826859 -0.9238785 0 0.3826841 -0.9238793 0 -3.25953e-6 1 0 -1.56689e-6 1 0 -0.3826811 -0.9238805 0 -1.92476e-6 -1 0 -0.3826829 -0.9238798 0 -2.70821e-7 -1 0 0.382684 0.9238793 0 0.3826859 0.9238785 0 -0.7071043 -0.7071093 0 -0.7071059 -0.7071077 0 0.7071049 0.7071087 0 0.7071064 0.7071072 0 -0.9238786 -0.3826856 0 -0.9238794 -0.3826838 0 0.9238756 0.3826931 0 0.9238765 0.3826908 0 -1 -8.60824e-7 0 1 -8.12463e-7 1 -1.93006e-7 0 -1 -5.23389e-7 0 0.1431811 -0.6998241 0.6998182 0 -0.3826881 0.9238777 0.1431823 -0.3787437 0.9143589 0.2785749 -3.72152e-6 0.9604146 0.1431818 0.3787403 0.9143604 0.2785747 0.3675373 0.8873063 0.2785745 -0.3675377 0.8873063 0.1431818 -4.88914e-6 0.9896965 0.2785745 -0.3675373 -0.8873063 0.143182 -4.90354e-6 -0.9896964 0.1431827 -0.3787454 -0.9143581 0.2785736 0.6791114 0.6791204 0.1431801 0.6998318 0.6998106 0.278575 -0.6791149 -0.6791163 0.1431812 -0.6998221 -0.6998202 0.143182 0.9143623 0.3787356 0.2785777 0.887306 0.367536 0.143182 -0.9143575 -0.378747 0.2785751 -0.887306 -0.3675376 0.1431851 0.989696 -5.86912e-6 0.2785759 0.9604142 -2.50097e-7 0.1431834 -0.9896962 0 0.2785751 -0.9604145 -2.80111e-7 0.2785777 0.8873058 -0.3675363 0.1431819 0.9143597 -0.3787418 0.2785756 -0.8873061 0.3675373 0.143182 -0.9143587 0.3787441 0.2785737 0.6791114 -0.6791203 0.1431801 0.6998322 -0.6998103 0.2785752 -0.6791148 0.6791163 0.1431819 0.3787428 -0.9143593 0.2785748 0.3675373 -0.8873063 0.278575 -3.34136e-6 -0.9604145 0 -3.81082e-6 -1 0 0.3826884 0.9238776 0 -3.27886e-6 1 0 -0.3826855 -0.9238787 0 0.7071204 0.7070932 0 -0.707111 -0.7071027 0 0.9238796 0.3826834 0 -0.9238798 -0.3826829 0 1 9.71087e-6 0 -1 -2.12788e-6 0 0.9238839 -0.382673 0 -0.9238783 0.3826867 0 0.7071185 -0.7070951 0 -0.707108 0.7071056 0 0.3826832 -0.9238797 -0.1431809 -0.6998214 0.6998209 -0.1431806 -0.3787429 0.9143595 -0.1431832 0.378742 0.9143593 -0.2785736 -4.22172e-6 0.960415 -0.2785745 0.3675395 0.8873054 -0.143182 -2.32222e-6 0.9896964 -0.2785742 -0.3675379 0.8873062 -0.2785742 -0.3675379 -0.8873062 -0.1431822 -2.80682e-6 -0.9896964 -0.2785737 -4.19171e-6 -0.9604148 -0.2785745 0.6791135 0.6791179 -0.2785749 -0.6791153 -0.679116 -0.1431811 -0.3787443 -0.9143588 -0.1431821 0.9143608 0.3787391 -0.278577 0.8873044 0.3675405 -0.1431818 -0.914359 -0.3787435 -0.278575 -0.8873062 -0.3675373 -0.1431849 0.989696 -1.37702e-6 -0.2785757 0.9604144 -3.30129e-7 -0.1431834 -0.9896962 4.4957e-6 -0.2785748 -0.9604145 -3.30131e-7 -0.278577 0.8873042 -0.3675407 -0.2785753 -0.8873062 0.3675371 -0.2785745 0.6791138 -0.6791176 -0.1431819 0.9143614 -0.3787375 -0.278575 -0.6791152 0.679116 -0.143182 -0.9143555 0.3787518 -0.1431834 0.378744 -0.9143585 -0.2785747 0.3675397 -0.8873054 0 -2.23427e-6 -1 0 0.3826885 0.9238774 0 -3.26919e-6 1 0 -0.3826855 -0.9238787 -0.14318 0.6998291 0.6998134 0 -0.7071055 -0.7071081 -0.1431813 -0.6998246 -0.6998176 0 0.923883 0.3826751 0 -0.9238735 -0.3826983 0 1 7.54429e-7 0 -1 -1.11037e-5 0 0.923881 -0.3826801 0 -0.9238811 0.3826797 0 0.7071131 -0.7071006 -0.1431801 0.6998322 -0.6998103 0 -0.7071133 0.7071003 0 0.3826849 -0.923879 -2.88033e-7 -5.12628e-7 -1 0 -0.7071049 0.7071087 1 -8.46256e-7 0 1 -1.20548e-6 0 1 1.6925e-6 0 1 3.01368e-7 0 1 -3.01366e-7 0 1 -1.20546e-6 0 1 1.69251e-6 0 1 8.40264e-7 0 -1 3.31286e-6 0 -1 -2.32661e-6 0 -1 1.20546e-6 0 -1 9.04101e-7 0 -1 2.41094e-6 0 -1 3.01366e-7 0 -1 -1.20548e-6 0 -1 -1.20547e-6 0 -1 2.41094e-6 0 -1 -3.36115e-6 0 -1 -6.72212e-6 0 -1 -1.68056e-6 0 -1 3.36106e-6 0 -1 6.7221e-6 0 -1 1.68054e-6 0 -1 7.8327e-7 0 -1 -1.56653e-6 0 1 6.2958e-7 0 1 2.32661e-6 0 -1 -4.49181e-6 0 -1 -3.15462e-6 0 1 4.49184e-6 0 1 -3.15464e-6 0 1 6.30909e-6 0 4.60916e-7 -5.65842e-7 1 2.63313e-7 0.3826874 0.923878 0 -7.54433e-7 1 3.78544e-7 0.3826821 0.9238801 0 0.7071102 0.7071034 0 0.7071059 0.7071077 0 0.9238805 0.3826812 0 0.9238786 0.3826857 0 1 -1.72168e-6 0 1 2.29235e-6 0 0.9238787 -0.3826858 -1.60482e-7 0.9238805 -0.382681 -3.53863e-7 0.7071062 -0.7071074 -2.38633e-7 0.7071101 -0.7071034 -1.72842e-7 0.3826822 -0.9238801 0 0.3826873 -0.9238779 0 -5.75514e-7 -1 0 -0.3826861 -0.9238786 -1.72841e-7 -0.3826807 -0.9238807 -2.38633e-7 -0.7071086 -0.7071049 -3.53862e-7 -0.7071048 -0.7071089 -1.60482e-7 -0.9238816 -0.3826787 0 -0.9238782 -0.3826866 0 -1 3.14356e-7 0 -1 3.09511e-7 0 -0.9238782 0.3826867 0 -0.9238815 0.3826789 2.30458e-7 -0.7071067 0.707107 4.27905e-7 -0.3826805 0.9238807 4.27904e-7 -0.3826861 0.9238786 0 -1 2.95909e-6 0 -0.9238768 0.3826901 0 -0.9238764 0.3826911 1 2.41092e-6 0 1 -1.20547e-6 0 1 1.69251e-6 0 1 1.6925e-6 0 1 8.46253e-7 0 0 1 -7.09093e-7 0 0.9238776 -0.3826881 0 0.9238771 -0.3826893 0 -0.7071076 0.707106 0 -0.7071071 0.7071065 0 0.7071078 -0.7071059 0 0.707107 -0.7071066 0 -0.3826864 0.9238784 0 -0.3826856 0.9238787 0 0.3826868 -0.9238782 0 0.3826857 -0.9238787 0 -5.60443e-6 1 0 -3.93718e-6 1 0 9.52105e-7 -1 0 -0.3826845 -0.9238792 0 -0.3826866 -0.9238783 0 2.65683e-6 -1 0 0.3826834 0.9238796 0 0.3826856 0.9238787 0 -0.7071054 -0.7071082 0 -0.7071071 -0.7071065 0 0.7071054 0.7071082 0 0.7071073 0.7071064 0 -0.9238785 -0.382686 0 -0.9238794 -0.3826841 0 0.9238784 0.3826862 0 0.9238793 0.3826841 0 -1 1.40791e-6 0 1 8.09443e-7 -1 0 0 -2.63313e-7 0.3826877 0.9238778 -4.60916e-7 -4.11081e-7 1 0 0.7071106 0.7071031 -3.78543e-7 0.382682 0.9238802 0 0.9238811 0.3826798 0 0.7071053 0.7071083 0 1 -3.46271e-6 0 0.9238782 0.3826867 0 0.9238783 -0.3826865 0 1 4.06239e-6 3.53862e-7 0.7071059 -0.7071077 1.60482e-7 0.9238811 -0.3826798 1.72842e-7 0.3826822 -0.9238801 2.38632e-7 0.7071104 -0.7071032 0 -4.01409e-7 -1 0 0.3826876 -0.9238778 0 -0.3826861 -0.9238784 2.88032e-7 -7.64106e-7 -1 1.72841e-7 -0.382681 -0.9238806 2.38632e-7 -0.707109 -0.7071046 3.53861e-7 -0.7071049 -0.7071087 1.60482e-7 -0.9238816 -0.3826786 0 -0.9238781 -0.382687 0 -1 2.65994e-7 0 -0.9238781 0.3826872 0 -1 3.19184e-7 -2.30458e-7 -0.7071067 0.707107 0 -0.9238815 0.3826787 -4.27904e-7 -0.3826807 0.9238808 0 -0.7071069 0.7071067 -4.27903e-7 -0.3826863 0.9238784 0 -0.9238782 0.3826868 0 -1 8.22136e-7 0 -0.9238775 0.3826884 -1 -8.46253e-7 0 -1 8.46253e-7 0 -1 -8.46252e-7 0 -1 -4.23124e-7 0 0 0.9238783 -0.3826866 0 1 -2.98871e-6 0 0.9238776 -0.3826882 0 -0.7071066 0.707107 0 -0.7071054 0.7071082 0 0.707107 -0.7071067 0 0.7071056 -0.7071081 0 -0.382685 0.9238789 0 -0.3826836 0.9238795 0 0.3826853 -0.9238788 0 0.3826836 -0.9238796 0 -2.69854e-6 1 0 -1.05427e-6 1 0 -0.382685 -0.923879 0 -1.38312e-6 -1 0 -0.3826863 -0.9238783 0 2.41805e-7 -1 0 0.3826835 0.9238796 0 0.3826853 0.9238789 0 -0.7071066 -0.707107 0 0.7071056 0.7071081 0 0.707107 0.7071067 0 -0.9238767 -0.3826906 0 -0.9238774 -0.3826887 0 0.9238776 0.3826882 0 0.9238784 0.3826865 0 -1 -9.67219e-7 0 1 -1.45083e-6 -1 -5.2339e-7 0 0.143181 -0.6998195 0.6998228 0 -0.3826898 0.923877 0.1431818 -0.3787437 0.9143589 0.2785738 -4.4318e-6 0.9604148 0.1431833 0.3787447 0.9143583 0.2785747 0.3675379 0.8873061 0.2785742 -0.3675377 0.8873063 0.1431822 -1.32424e-6 0.9896965 0.2785744 -0.3675374 -0.8873065 0.1431826 -3.14268e-6 -0.9896963 0.143182 -0.3787462 -0.9143579 0.2785757 0.6791163 0.6791147 0.1431811 0.6998237 0.6998186 0.2785751 -0.6791162 -0.6791149 0.1431809 -0.6998201 -0.6998222 0.1431828 0.9143559 0.3787506 0.2785766 0.887305 0.3675391 0.1431821 -0.9143567 -0.3787491 0.2785747 -0.8873062 -0.3675378 0.1431851 0.989696 3.02752e-6 0.2785754 0.9604145 -2.80111e-7 0.1431837 -0.9896962 4.45312e-6 0.2785748 -0.9604147 -2.80111e-7 0.2785764 0.8873049 -0.3675394 0.1431828 0.9143583 -0.3787451 0.2785749 -0.8873061 0.3675376 0.143182 -0.9143548 0.3787539 0.2785757 0.6791164 -0.6791145 0.1431812 0.6998267 -0.6998155 0.278575 -0.6791161 0.6791151 0.1431835 0.3787463 -0.9143576 0.2785748 0.3675378 -0.8873062 0.2785738 -4.04164e-6 -0.9604149 0 -1.64426e-7 -1 0 0.38269 0.9238769 0 -3.24017e-6 1 0 -0.3826855 -0.9238787 0 0.707115 0.7070987 0 0.9238801 0.3826823 0 -0.9238734 -0.3826984 0 1 -8.2407e-6 0 -1 -1.11133e-5 0 0.9238745 -0.3826956 0 -0.9238781 0.3826869 0 0.7071076 -0.707106 0 -0.7071079 0.7071057 0 0.3826866 -0.9238783 0 -0.3826897 0.923877 -0.1431815 -0.6998213 0.6998209 -0.1431817 -0.3787438 0.9143589 -0.1431826 0.3787441 0.9143586 -0.2785752 -4.24173e-6 0.9604144 -0.2785748 0.3675374 0.8873063 -0.1431815 -2.3702e-6 0.9896965 -0.2785742 -0.3675373 0.8873066 -0.2785742 -0.3675373 -0.8873065 -0.1431818 -3.74243e-6 -0.9896965 -0.2785752 -4.26174e-6 -0.9604145 -0.2785745 0.6791143 0.6791171 -0.2785746 -0.6791158 -0.6791155 -0.143182 -0.378746 -0.914358 -0.143183 0.914357 0.378748 -0.2785762 0.8873044 0.3675407 -0.1431822 -0.9143564 -0.3787498 -0.2785748 -0.8873071 -0.3675356 -0.143185 0.989696 3.0611e-6 -0.2785751 0.9604145 -3.3013e-7 -0.1431835 -0.9896962 4.4909e-6 -0.2785745 -0.9604147 -3.40135e-7 -0.2785759 0.8873044 -0.3675409 -0.2785749 -0.8873071 0.3675352 -0.2785745 0.6791146 -0.6791169 -0.143183 0.9143593 -0.3787423 -0.2785745 -0.6791158 0.6791157 -0.1431821 -0.9143543 0.3787546 -0.1431829 0.378746 -0.9143579 -0.2785747 0.3675376 -0.8873062 0 -3.67542e-7 -1 0 0.3826902 0.9238768 0 0.7071149 0.7070987 -0.1431812 0.6998236 0.6998186 -0.1431815 -0.6998219 -0.6998203 0 1 -8.23102e-6 0 -1 -1.1094e-5 0 0.9238746 -0.3826956 -0.1431812 0.6998267 -0.6998155 -2.88032e-7 -7.54434e-7 -1 0 -0.7071064 0.7071072 1 -8.46253e-7 0 1 -1.20547e-6 0 1 1.6925e-6 0 1 -1.20547e-6 0 1 1.6925e-6 0 1 8.40268e-7 0 -1 3.31285e-6 0 -1 -2.32663e-6 0 -1 1.20547e-6 0 -1 -1.20546e-6 0 -1 2.41093e-6 0 -1 -3.36114e-6 0 -1 -6.72222e-6 0 -1 -1.68055e-6 0 -1 3.36107e-6 0 -1 6.72233e-6 0 -1 1.68055e-6 0 -1 7.83269e-7 0 -1 -1.56653e-6 0 1 6.29577e-7 0 1 2.32663e-6 0 -1 -4.49182e-6 0 -1 -3.15464e-6 0 1 -3.15466e-6 0 1 6.30915e-6 0 0 0 -1 0.9701493 0 -0.2425082 -0.9701493 0 -0.2425083 0 -1 -4.19221e-7 0 1 1.3974e-7 4.60916e-7 1.5476e-7 1 0 5.12628e-7 1 2.63313e-7 -0.382687 0.9238781 3.78544e-7 -0.3826826 0.9238799 0 -0.7071099 0.7071036 0 -0.7071053 0.7071082 0 -1 -8.17314e-7 0 -1 1.42184e-6 0 -0.9238781 -0.3826869 -1.31675e-7 -0.9238803 -0.3826817 -3.41523e-7 -0.7071056 -0.7071079 -1.97485e-7 -0.7071099 -0.7071037 -1.72843e-7 -0.3826828 -0.9238799 0 -0.382687 -0.9238781 0 1.45088e-7 -1 -1.72841e-7 0.3826813 -0.9238805 0 0.3826887 -0.9238774 -3.53861e-7 0.7071032 -0.7071104 -2.38632e-7 0.7071086 -0.7071051 0 0.9238778 -0.3826878 -1.60481e-7 0.9238807 -0.3826806 0 1 3.19183e-7 0 1 3.19193e-7 0 0.9238777 0.3826878 0 0.9238806 0.3826808 0 0.7071066 0.707107 2.63313e-7 0.3826887 0.9238775 3.78544e-7 0.3826811 0.9238806 0 1 2.81461e-6 0 0.9238775 0.3826882 0 0.9238779 0.3826875 1 -2.41094e-6 0 1 1.20546e-6 0 1 -1.69251e-6 0 1 -1.6925e-6 0 1 1.20546e-6 0 1 -8.46257e-7 0 0 -1 -1.06394e-6 0 -0.9238753 -0.3826938 0 -0.9238759 -0.3826922 0 0.7071069 0.7071067 0 0.7071076 0.7071061 0 -0.7071058 -0.7071079 0 -0.7071067 -0.7071069 0 0.382682 0.9238801 0 0.3826832 0.9238798 0 -0.3826872 -0.9238781 0 -0.3826884 -0.9238775 0 4.19773e-6 1 0 5.90003e-6 1 0 -6.57708e-7 -1 0 0.3826833 -0.9238797 0 0.382681 -0.9238806 0 -2.3987e-6 -1 0 -0.382687 0.9238781 0 -0.3826848 0.923879 0 0.7071071 -0.7071065 0 0.7071052 -0.7071084 0 -0.7071062 0.7071074 0 -0.7071042 0.7071094 0 0.9238805 -0.3826814 0 0.9238798 -0.3826831 0 -0.9238775 0.3826882 0 -0.9238766 0.3826908 0 1 1.64427e-6 0 -1 1.20902e-6 -1 0 0 -2.63313e-7 -0.3826875 0.923878 0 4.93283e-7 1 -4.60915e-7 -2.03123e-7 1 0 -0.7071102 0.7071034 -3.78544e-7 -0.382682 0.9238801 0 -0.9238805 0.3826813 0 -0.7071048 0.7071088 0 -1 -2.57285e-6 0 -0.9238777 0.382688 0 -0.9238778 -0.3826879 0 -1 3.17254e-6 3.41522e-7 -0.7071053 -0.7071083 1.31675e-7 -0.9238805 -0.3826813 1.72842e-7 -0.3826823 -0.9238801 1.97484e-7 -0.7071101 -0.7071036 0 -1.98286e-7 -1 0 -0.3826873 -0.923878 2.88033e-7 4.93284e-7 -1 0 0.3826888 -0.9238773 1.72841e-7 0.3826813 -0.9238805 2.38631e-7 0.707109 -0.7071047 3.53861e-7 0.7071039 -0.7071098 1.60481e-7 0.9238809 -0.3826803 0 0.9238774 -0.3826888 0 1 2.75666e-7 0 0.9238773 0.3826889 0 1 3.19184e-7 0 0.707107 0.7071066 0 0.9238809 0.3826804 0 0.7071055 0.7071082 -3.78543e-7 0.3826811 0.9238806 -2.63313e-7 0.3826889 0.9238772 0 0.9238802 0.3826819 0 0.9238796 0.3826836 0 1 7.19368e-7 -1 8.46256e-7 0 -1 -8.46253e-7 0 -1 8.46256e-7 0 -1 4.23125e-7 0 -1 1.26938e-6 0 0 -0.9238764 -0.3826909 0 -0.9238755 -0.3826931 0 -1 -3.53155e-6 0 0.7071058 0.7071078 0 0.7071045 0.7071092 0 -0.7071064 -0.7071072 0 -0.7071049 -0.7071087 0 0.3826816 0.9238803 0 0.38268 0.9238811 0 -0.3826859 -0.9238785 0 -0.3826841 -0.9238793 0 3.26013e-6 1 0 1.56266e-6 1 0 0.3826811 -0.9238805 0 0.382683 -0.9238798 0 1.929e-6 -1 0 2.72635e-7 -1 0 -0.3826839 0.9238793 0 -0.3826859 0.9238785 0 0.7071043 -0.7071093 0 -0.7071049 0.7071087 0 0.9238786 -0.3826856 0 0.9238794 -0.3826838 0 -0.9238755 0.3826931 0 -0.9238765 0.3826909 0 1 -8.58406e-7 0 -1 -8.11254e-7 1 1.93006e-7 0 -1 5.23389e-7 0 0.1431811 0.6998241 0.6998181 0.1431823 0.3787437 0.9143588 0 0.3826881 0.9238777 0.2785749 3.72152e-6 0.9604146 0.2785747 -0.3675373 0.8873063 0.1431818 -0.3787403 0.9143604 0.2785745 0.3675377 0.8873063 0.1431818 4.89394e-6 0.9896965 0.2785745 0.3675373 -0.8873063 0.1431827 0.3787454 -0.9143581 0.143182 4.91254e-6 -0.9896964 0.2785736 -0.6791114 0.6791204 0.1431801 -0.6998318 0.6998106 0.278575 0.6791151 -0.6791163 0.1431812 0.6998221 -0.6998202 0.2785777 -0.887306 0.367536 0.143182 -0.9143623 0.3787356 0.2785751 0.887306 -0.3675376 0.143182 0.9143575 -0.378747 0.2785759 -0.9604142 -2.50097e-7 0.1431851 -0.989696 -5.86792e-6 0.2785751 0.9604145 -2.80111e-7 0.1431834 0.9896962 0 0.2785777 -0.8873058 -0.3675363 0.1431819 -0.9143597 -0.3787418 0.2785756 0.8873061 0.3675373 0.143182 0.9143587 0.3787441 0.2785737 -0.6791114 -0.6791203 0.1431801 -0.6998321 -0.6998103 0.2785752 0.6791148 0.6791164 0.2785748 -0.3675373 -0.8873063 0.1431819 -0.3787427 -0.9143593 0.278575 3.34136e-6 -0.9604145 0 3.81082e-6 -1 0 -0.3826884 0.9238776 0 3.27886e-6 1 0 0.3826855 -0.9238787 0 -0.7071204 0.7070932 0 0.707111 -0.7071027 0 -0.9238796 0.3826834 0 0.9238798 -0.3826829 0 -1 9.71087e-6 0 1 -2.12788e-6 0 -0.9238839 -0.382673 0 0.9238783 0.3826867 0 -0.7071185 -0.7070951 0 0.707108 0.7071056 0 -0.3826832 -0.9238797 -0.1431806 0.3787429 0.9143595 -0.1431809 0.6998213 0.6998209 -0.1431832 -0.378742 0.9143593 -0.2785745 -0.3675395 0.8873054 -0.2785736 4.22172e-6 0.960415 -0.143182 2.33182e-6 0.9896964 -0.2785742 0.3675379 0.8873062 -0.2785742 0.3675379 -0.8873062 -0.2785737 4.19171e-6 -0.9604148 -0.1431822 2.80202e-6 -0.9896964 -0.2785745 -0.6791135 0.6791179 -0.2785749 0.6791154 -0.679116 -0.143181 0.3787443 -0.9143588 -0.1431821 -0.9143608 0.3787391 -0.278577 -0.8873044 0.3675405 -0.1431818 0.914359 -0.3787436 -0.278575 0.8873062 -0.3675374 -0.1431849 -0.989696 -1.36862e-6 -0.2785757 -0.9604144 -3.30129e-7 -0.1431834 0.9896962 4.4987e-6 -0.2785748 0.9604145 -3.30131e-7 -0.278577 -0.8873042 -0.3675408 -0.2785753 0.8873062 0.3675371 -0.2785745 -0.6791138 -0.6791176 -0.1431819 -0.9143614 -0.3787376 -0.278575 0.6791153 0.679116 -0.143182 0.9143555 0.3787518 -0.1431834 -0.3787441 -0.9143586 -0.2785747 -0.3675397 -0.8873054 0 2.23427e-6 -1 0 -0.3826885 0.9238774 0 3.26919e-6 1 -0.14318 -0.6998291 0.6998134 0 0.7071055 -0.7071081 -0.1431813 0.6998246 -0.6998176 0 -0.923883 0.3826751 0 0.9238735 -0.3826983 0 -1 7.54429e-7 0 1 -1.11037e-5 0 -0.923881 -0.3826801 0 0.9238811 0.3826797 0 -0.7071131 -0.7071006 -0.1431801 -0.6998322 -0.6998103 0 0.7071133 0.7071003 0 -0.3826849 -0.923879 -2.88033e-7 5.12628e-7 -1 0 0.7071049 0.7071087 1 8.46256e-7 0 1 1.20548e-6 0 1 -1.6925e-6 0 1 -3.01368e-7 0 1 3.01366e-7 0 1 1.20546e-6 0 1 -1.69251e-6 0 1 -8.40264e-7 0 -1 -3.31286e-6 0 -1 2.32661e-6 0 -1 -1.20546e-6 0 -1 -9.04101e-7 0 -1 -2.41094e-6 0 -1 -3.01366e-7 0 -1 1.20548e-6 0 -1 1.20547e-6 0 -1 -2.41094e-6 0 -1 3.36115e-6 0 -1 6.72212e-6 0 -1 1.68056e-6 0 -1 -3.36106e-6 0 -1 -6.7221e-6 0 -1 -1.68054e-6 0 -1 -7.8327e-7 0 -1 1.56653e-6 0 1 -6.2958e-7 0 1 -2.32661e-6 0 -1 4.49181e-6 0 -1 3.15462e-6 0 1 -4.49184e-6 0 1 3.15464e-6 0 1 -6.30909e-6 0 4.60916e-7 5.70678e-7 1 0 7.54433e-7 1 2.63313e-7 -0.3826874 0.923878 3.78544e-7 -0.3826822 0.9238801 0 -0.7071102 0.7071034 0 -0.7071059 0.7071077 0 -0.9238805 0.3826812 0 -0.9238786 0.3826857 0 -1 -1.71684e-6 0 -1 2.29719e-6 0 -0.9238787 -0.3826858 -1.60482e-7 -0.9238805 -0.382681 -3.53863e-7 -0.7071062 -0.7071074 -2.38633e-7 -0.7071102 -0.7071034 -1.72842e-7 -0.3826822 -0.9238802 0 -0.3826873 -0.9238779 0 5.70678e-7 -1 -1.72841e-7 0.3826807 -0.9238807 0 0.3826861 -0.9238786 -3.53862e-7 0.7071048 -0.7071089 -2.38633e-7 0.7071086 -0.7071049 0 0.9238782 -0.3826866 -1.60482e-7 0.9238816 -0.3826786 0 1 3.09511e-7 0 1 3.24029e-7 0 0.9238782 0.3826867 0 0.9238815 0.3826789 2.30458e-7 0.7071067 0.7071069 4.27904e-7 0.3826861 0.9238786 4.27905e-7 0.3826806 0.9238807 0 1 2.95969e-6 0 0.9238764 0.3826911 0 0.9238768 0.3826901 1 -2.41092e-6 0 1 1.20547e-6 0 1 -1.69251e-6 0 1 -1.6925e-6 0 0 -1 -7.06071e-7 0 -0.9238771 -0.3826892 0 -0.9238776 -0.3826881 0 0.7071071 0.7071065 0 0.7071076 0.707106 0 -0.707107 -0.7071066 0 -0.7071078 -0.7071058 0 0.3826855 0.9238787 0 0.3826864 0.9238784 0 -0.3826857 -0.9238787 0 -0.3826868 -0.9238782 0 3.93658e-6 1 0 5.60019e-6 1 0 -9.47874e-7 -1 0 0.3826866 -0.9238783 0 0.3826844 -0.9238792 0 -2.65985e-6 -1 0 -0.3826855 0.9238787 0 -0.3826833 0.9238796 0 0.7071071 -0.7071065 0 0.7071054 -0.7071082 0 -0.7071073 0.7071064 0 0.9238794 -0.3826841 0 0.9238785 -0.382686 0 -0.9238793 0.3826841 0 -0.9238784 0.3826863 0 1 1.41214e-6 0 -1 8.12465e-7 -1 0 0 -2.63313e-7 -0.3826877 0.9238778 -4.60916e-7 4.06245e-7 1 0 -0.7071106 0.7071031 -3.78543e-7 -0.382682 0.9238802 0 -0.9238811 0.3826798 0 -0.7071053 0.7071083 0 -1 -3.46271e-6 0 -0.9238783 0.3826867 0 -0.9238783 -0.3826865 0 -1 4.06239e-6 3.53862e-7 -0.7071059 -0.7071077 1.60482e-7 -0.9238811 -0.3826798 1.72842e-7 -0.3826822 -0.9238801 2.38632e-7 -0.7071104 -0.7071032 0 4.06245e-7 -1 0 -0.3826876 -0.9238778 2.88032e-7 7.64106e-7 -1 0 0.3826861 -0.9238784 1.72841e-7 0.3826809 -0.9238806 2.38632e-7 0.707109 -0.7071046 3.53861e-7 0.7071049 -0.7071087 1.60482e-7 0.9238816 -0.3826786 0 0.9238781 -0.382687 0 1 2.7083e-7 0 0.9238781 0.3826872 0 1 3.19184e-7 -2.30458e-7 0.7071066 0.707107 0 0.9238815 0.3826787 0 0.7071069 0.7071067 -4.27904e-7 0.3826807 0.9238807 -4.27903e-7 0.3826863 0.9238784 0 0.9238782 0.3826868 0 0.9238775 0.3826884 0 1 8.25763e-7 -1 8.46252e-7 0 -1 4.23124e-7 0 0 -0.9238783 -0.3826866 0 -0.9238776 -0.3826882 0 -1 -2.98811e-6 0 0.7071066 0.707107 0 0.7071055 0.7071081 0 -0.707107 -0.7071067 0 -0.7071055 -0.7071081 0 0.382685 0.9238789 0 0.3826836 0.9238795 0 -0.3826853 -0.9238788 0 -0.3826836 -0.9238795 0 2.69914e-6 1 0 1.05185e-6 1 0 0.382685 -0.923879 0 0.3826863 -0.9238783 0 1.38735e-6 -1 0 -2.38782e-7 -1 0 -0.3826835 0.9238796 0 -0.3826853 0.9238789 0 0.7071066 -0.707107 0 -0.7071055 0.7071081 0 -0.707107 0.7071067 0 0.9238767 -0.3826906 0 0.9238774 -0.3826888 0 -0.9238776 0.3826882 0 -0.9238784 0.3826865 0 1 -9.65406e-7 0 -1 -1.45143e-6 -1 5.2339e-7 0 0.143181 0.6998195 0.6998228 0.1431818 0.3787437 0.914359 0 0.3826897 0.923877 0.2785738 4.4318e-6 0.9604148 0.2785747 -0.3675379 0.8873061 0.1431833 -0.3787447 0.9143583 0.2785742 0.3675377 0.8873063 0.1431822 1.31945e-6 0.9896965 0.2785744 0.3675374 -0.8873065 0.143182 0.3787462 -0.9143579 0.1431826 3.14688e-6 -0.9896963 0.2785757 -0.6791163 0.6791147 0.1431811 -0.6998237 0.6998186 0.2785751 0.6791162 -0.6791149 0.1431809 0.6998202 -0.6998221 0.2785766 -0.887305 0.3675391 0.1431828 -0.9143559 0.3787506 0.2785747 0.8873062 -0.3675378 0.1431821 0.9143567 -0.3787491 0.2785754 -0.9604145 -2.80111e-7 0.1431851 -0.989696 3.02272e-6 0.2785748 0.9604147 -2.80111e-7 0.1431837 0.9896962 4.45252e-6 0.2785764 -0.8873049 -0.3675394 0.1431828 -0.9143583 -0.3787451 0.2785749 0.8873061 0.3675376 0.143182 0.9143548 0.3787539 0.2785757 -0.6791164 -0.6791145 0.1431812 -0.6998267 -0.6998155 0.278575 0.6791161 0.6791151 0.2785748 -0.3675378 -0.8873062 0.1431835 -0.3787463 -0.9143575 0.2785738 4.04164e-6 -0.9604149 0 1.64426e-7 -1 0 -0.38269 0.9238769 0 3.24017e-6 1 0 0.3826855 -0.9238787 0 -0.7071149 0.7070987 0 -0.9238801 0.3826823 0 0.9238734 -0.3826984 0 -1 -8.2407e-6 0 1 -1.11133e-5 0 -0.9238745 -0.3826956 0 -0.7071076 -0.707106 0 0.7071079 0.7071057 0 -0.3826866 -0.9238783 -0.1431817 0.3787438 0.9143589 -0.1431815 0.6998213 0.6998209 -0.1431826 -0.378744 0.9143586 -0.2785748 -0.3675374 0.8873063 -0.2785752 4.24173e-6 0.9604144 -0.1431815 2.375e-6 0.9896965 -0.2785742 0.3675373 0.8873066 -0.2785742 0.3675373 -0.8873065 -0.2785752 4.26174e-6 -0.9604145 -0.1431818 3.73763e-6 -0.9896965 -0.2785745 -0.6791143 0.6791171 -0.2785746 0.6791158 -0.6791155 -0.143182 0.3787461 -0.914358 -0.143183 -0.9143569 0.378748 -0.2785762 -0.8873044 0.3675407 -0.1431822 0.9143564 -0.3787498 -0.2785748 0.8873071 -0.3675356 -0.143185 -0.989696 3.0701e-6 -0.2785751 -0.9604145 -3.3013e-7 -0.1431835 0.9896962 4.4993e-6 -0.2785745 0.9604147 -3.40135e-7 -0.2785759 -0.8873044 -0.3675409 -0.2785749 0.8873071 0.3675353 -0.2785745 -0.6791145 -0.6791169 -0.143183 -0.9143593 -0.3787423 -0.2785744 0.6791158 0.6791156 -0.1431822 0.9143543 0.3787546 -0.1431829 -0.378746 -0.9143579 -0.2785747 -0.3675376 -0.8873062 0 3.67542e-7 -1 0 -0.3826902 0.9238768 0 -0.707115 0.7070987 -0.1431812 -0.6998236 0.6998186 -0.1431815 0.6998219 -0.6998203 0 -0.9238801 0.3826823 0 -1 -8.23102e-6 0 1 -1.1094e-5 0 -0.9238746 -0.3826956 -0.1431812 -0.6998268 -0.6998155 -2.88032e-7 7.54434e-7 -1 1 1.20547e-6 0 1 -1.6925e-6 0 1 1.20547e-6 0 1 -1.6925e-6 0 1 -8.40268e-7 0 -1 -3.31285e-6 0 -1 2.32663e-6 0 -1 -1.20547e-6 0 -1 1.20546e-6 0 -1 -2.41093e-6 0 -1 3.36114e-6 0 -1 6.72222e-6 0 -1 1.68055e-6 0 -1 -3.36107e-6 0 -1 -6.72233e-6 0 -1 -1.68055e-6 0 -1 -7.83269e-7 0 -1 1.56653e-6 0 1 -6.29577e-7 0 1 -2.32663e-6 0 -1 4.49182e-6 0 -1 3.15464e-6 0 1 3.15466e-6 0 1 -6.30915e-6 0 0 -1 1.57017e-6 0.7056441 0.06436884 0.7056367 0.3826856 0 0.9238786 0.381895 0.06436938 0.9219614 1.34597e-6 0.1274556 0.9918444 -0.3818941 0.06437003 0.9219618 -0.3795662 0.1274557 0.9163432 0.3795629 0.1274554 0.9163445 2.77375e-6 0.06436926 0.9979262 0.3795627 0.1274554 -0.9163446 2.86508e-6 0.06436938 -0.9979262 0.3818931 0.06436944 -0.9219622 -0.7013395 0.1274559 0.7013401 -0.7056461 0.06436884 0.7056346 0.701339 0.1274556 -0.7013406 0.7056426 0.0643689 -0.7056381 -0.9219611 0.06436949 0.3818959 -0.9163428 0.1274567 0.3795664 0.9219604 0.06436955 -0.3818974 0.9163438 0.1274558 -0.3795645 -0.9979261 0.06437081 -1.30935e-6 -0.9918442 0.127456 2.35791e-7 0.9979262 0.06437045 -3.42511e-7 0.9918444 0.1274556 2.25966e-7 -0.916343 0.1274564 -0.3795663 -0.9219604 0.06436967 -0.3818974 0.9163436 0.1274561 0.3795647 0.9219604 0.06436938 0.3818974 -0.7013403 0.1274558 -0.7013394 -0.7056447 0.0643689 -0.705636 0.7013384 0.1274557 0.7013413 -0.3818932 0.06437009 -0.9219622 -0.3795671 0.1274558 -0.9163427 2.84913e-7 0.1274557 -0.9918444 4.94249e-6 0 -1 -0.3826888 0 0.9238773 2.43739e-6 0 1 0.3826879 0 -0.9238777 -0.7071126 0 0.7071011 0.7071089 0 -0.7071047 -0.9238765 0 0.382691 0.923877 0 -0.3826897 -1 0 3.482e-7 1 0 -1.58624e-6 -0.923877 0 -0.3826898 0.9238779 0 0.3826876 -0.7071114 0 -0.7071022 0.70711 0 0.7071036 -0.3826871 0 -0.923878 0 1 -1.04678e-6 0.3826858 0 0.9238787 0.7056442 -0.06436884 0.7056366 0.3818937 -0.06436926 0.921962 -0.3818936 -0.06436991 0.9219619 1.37544e-6 -0.1274555 0.9918444 -0.379566 -0.1274557 0.9163431 2.84585e-6 -0.0643692 0.9979262 0.3795627 -0.1274552 0.9163447 0.3795635 -0.1274552 -0.9163442 1.62964e-6 -0.06436932 -0.9979262 1.33614e-6 -0.1274555 -0.9918444 -0.7013399 -0.1274557 0.7013397 0.7013393 -0.1274555 -0.7013403 0.3818926 -0.06436932 -0.9219624 -0.9219605 -0.06436967 0.3818972 -0.9163432 -0.1274564 0.3795657 0.9219602 -0.06436961 -0.3818976 0.9163439 -0.1274557 -0.3795642 -0.9979261 -0.06437081 -1.35081e-6 -0.9918442 -0.1274558 0 0.9979262 -0.06437045 -3.12466e-7 0.9918443 -0.1274554 -1.57194e-7 -0.9163432 -0.1274563 -0.3795656 0.916344 -0.1274558 0.3795641 -0.7013407 -0.1274557 -0.701339 -0.9219598 -0.06436985 -0.3818987 0.7013387 -0.1274555 0.701341 0.9219603 -0.06436944 0.3818977 -0.3818939 -0.06436991 -0.9219619 -0.379567 -0.1274557 -0.9163427 4.9038e-6 0 -1 -0.3826873 0 0.9238779 2.38903e-6 0 1 0.3826881 0 -0.9238776 -0.7071123 0 0.7071013 -0.7056457 -0.06436884 0.7056351 0.7071082 0 -0.7071054 0.7056433 -0.06436896 -0.7056375 -0.9238771 0 0.3826897 0.9238765 0 -0.3826907 -1 0 3.57872e-7 1 0 -1.58624e-6 -0.9238774 0 -0.3826887 0.9238775 0 0.3826886 -0.7071122 0 -0.7071014 -0.7056444 -0.0643689 -0.7056363 0.7071093 0 0.7071043 -0.3826872 0 -0.923878 0 -1 3.59346e-5 0 -1 -1.36584e-5 0 -1 -3.41465e-6 0 -1 -3.59346e-5 0 -1 1.79673e-5 0 -1 -6.82912e-6 0 -1 1.26185e-5 0 -1 -1.79673e-5 0 1 -6.30929e-6 0 1 -1.26186e-5 0 1 1.36584e-5 0 0.1114301 -0.9937723 0 -0.1114301 -0.9937723 0.9701494 0 -0.2425082 -0.9701494 0 -0.2425081 0 -1 9.49167e-7 0 1 5.93229e-7 0 -1 -3.55938e-7 0 0.1114301 -0.9937723</float_array>
          <technique_common>
            <accessor source="#Cube_002-mesh-normals-array" count="1148" stride="3">
              <param name="X" type="float"/>
              <param name="Y" type="float"/>
              <param name="Z" type="float"/>
            </accessor>
          </technique_common>
        </source>
        <source id="Cube_002-mesh-map-0">
          <float_array id="Cube_002-mesh-map-0-array" count="11160">0.7292239 0.2319612 0.6667289 0.2946477 0.7292239 0.2946477 0.7292239 0.2666074 0.6667289 0.2642593 0.7292239 0.2642593 0.7885226 0.2234982 0.7324202 0.2024801 0.7885226 0.2024801 0.7324202 0.2234982 0.7885226 0.2024801 0.7324202 0.2024801 0.7292239 0.2234982 0.6667289 0.2024801 0.7292239 0.2024801 0.7917189 0.2234982 0.8542138 0.2024801 0.7917189 0.2024801 0.6667289 0.2946477 0.7292239 0.2319612 0.7292239 0.2946477 0.7917189 0.2666074 0.8542138 0.2642593 0.7917189 0.2642593 0.7885226 0.2666074 0.7324202 0.2642593 0.7885226 0.2642593 0.7324202 0.2666074 0.7885226 0.2642593 0.7324202 0.2642593 0.7363728 0.05430096 0.7187218 0.04639774 0.7187218 0.05430102 0.7363728 0.02036887 0.7187218 0.0283305 0.7187218 0.02036887 0.7363728 0.0283305 0.7187218 0.04024589 0.7187218 0.0283305 0.7363728 0.04024589 0.7187218 0.05430102 0.7187218 0.04024589 0.7185959 0.05471491 0.736247 0.04065978 0.736247 0.05471491 0.7185959 0.04065978 0.736247 0.02874445 0.736247 0.04065978 0.7185959 0.02874445 0.736247 0.02078282 0.736247 0.02874445 0.7363728 0.04639774 0.7187218 0.05430102 0.7187218 0.04639774 0.736247 0.05471491 0.7185959 0.04681164 0.736247 0.04681164 0.736247 0.02078282 0.7185959 0.02874445 0.736247 0.02874445 0.736247 0.02874445 0.7185959 0.04065978 0.736247 0.04065978 0.736247 0.04065978 0.7185959 0.05471491 0.736247 0.05471491 0.7363728 0.05430102 0.7187218 0.04024589 0.7187218 0.05430102 0.7363728 0.04024589 0.7187218 0.0283305 0.7187218 0.04024589 0.7187218 0.0283305 0.7363728 0.02036887 0.7187218 0.02036887 0.736247 0.04681164 0.7185959 0.05471497 0.736247 0.05471491 0.7277261 0.04303544 0.7277261 0.04254883 0.7277261 0.04254883 0.7332847 0.02519237 0.7328246 0.03229266 0.7316284 0.02860456 0.7221674 0.04809373 0.7226274 0.04099345 0.7238238 0.0446816 0.7307344 0.02168196 0.7316284 0.02860456 0.729838 0.02614021 0.7221674 0.04809373 0.7256141 0.0471459 0.7247177 0.05160415 0.7277261 0.02044928 0.729838 0.02614021 0.7277261 0.02527487 0.7277261 0.05283683 0.729838 0.0471459 0.7307344 0.05160415 0.7247177 0.05160415 0.7277261 0.04801124 0.7277261 0.05283683 0.7247177 0.02168196 0.7277261 0.02527487 0.7256141 0.02614021 0.7307344 0.05160415 0.7316284 0.0446816 0.7332847 0.04809373 0.7221674 0.02519237 0.7256141 0.02614021 0.7238238 0.02860456 0.7332847 0.04809373 0.7328246 0.04099345 0.7349888 0.04284018 0.7204632 0.03044599 0.7238238 0.02860456 0.7226274 0.03229266 0.7349888 0.04284018 0.7332447 0.03664308 0.7355873 0.03664308 0.7204632 0.03044599 0.7222074 0.03664308 0.7198648 0.03664308 0.7349888 0.03044599 0.7332447 0.03664308 0.7328246 0.03229266 0.7204632 0.04284018 0.7222074 0.03664308 0.7226274 0.04099345 0.7991776 0.02686864 0.8094407 0.02686864 0.8094407 0.04853314 0.7277261 0.03025066 0.7277261 0.03073728 0.7277261 0.03073728 0.7277261 0.04254883 0.7277261 0.04116314 0.7277261 0.04116314 0.7277261 0.03073728 0.7277261 0.03212296 0.7277261 0.03212296 0.7277261 0.04116314 0.7277261 0.03908932 0.7277261 0.03908932 0.7277261 0.03212296 0.7277261 0.03419679 0.7277261 0.03419679 0.7277261 0.03908932 0.7277261 0.03664308 0.7277261 0.03664308 0.7277261 0.03664308 0.7277261 0.03908932 0.7277261 0.03908932 0.7277261 0.03419679 0.7277261 0.03664308 0.7277261 0.03664308 0.7277261 0.03664308 0.7277261 0.03419679 0.7277261 0.03419679 0.7277261 0.03908932 0.7277261 0.04116314 0.7277261 0.04116314 0.7277261 0.03419679 0.7277261 0.03212296 0.7277261 0.03212296 0.7277261 0.04116314 0.7277261 0.04254883 0.7277261 0.04254883 0.7277261 0.03212296 0.7277261 0.03073728 0.7277261 0.03073728 0.7277261 0.04254883 0.7277261 0.04303544 0.7277261 0.04303544 0.7277261 0.03073728 0.7277261 0.03025066 0.7277261 0.03025066 0.8110138 0.0435633 0.8070863 0.02354788 0.7976045 0.03183853 0.7187218 0.04639774 0.7363728 0.05430096 0.7187218 0.05430102 0.7187218 0.0283305 0.7363728 0.02036887 0.7187218 0.02036887 0.7187218 0.04024589 0.7363728 0.0283305 0.7187218 0.0283305 0.7187218 0.05430102 0.7363728 0.04024589 0.7187218 0.04024589 0.736247 0.04065978 0.7185959 0.05471491 0.736247 0.05471491 0.736247 0.02874445 0.7185959 0.04065978 0.736247 0.04065978 0.736247 0.02078282 0.7185959 0.02874445 0.736247 0.02874445 0.7187218 0.05430102 0.7363728 0.04639774 0.7187218 0.04639774 0.736247 0.05471491 0.7185959 0.04681164 0.7185959 0.05471491 0.736247 0.02078282 0.7185959 0.02874445 0.7185959 0.02078282 0.736247 0.02874445 0.7185959 0.04065978 0.7185959 0.02874445 0.736247 0.04065978 0.7185959 0.05471491 0.7185959 0.04065978 0.7187218 0.04024589 0.7363728 0.05430102 0.7187218 0.05430102 0.7187218 0.0283305 0.7363728 0.04024589 0.7187218 0.04024589 0.7187218 0.0283305 0.7363728 0.02036887 0.7363728 0.0283305 0.736247 0.04681164 0.7185959 0.05471497 0.7185959 0.04681164 0.7277261 0.04254883 0.7277261 0.04303544 0.7277261 0.04254883 0.7332847 0.02519237 0.7328246 0.03229266 0.7349888 0.03044599 0.7221674 0.04809373 0.7226274 0.04099345 0.7204632 0.04284018 0.7307344 0.02168196 0.7316284 0.02860456 0.7332847 0.02519237 0.7256141 0.0471459 0.7221674 0.04809373 0.7247177 0.05160415 0.7277261 0.02044928 0.729838 0.02614021 0.7307344 0.02168196 0.729838 0.0471459 0.7277261 0.05283683 0.7307344 0.05160415 0.7277261 0.04801124 0.7247177 0.05160415 0.7277261 0.05283683 0.7247177 0.02168196 0.7277261 0.02527487 0.7277261 0.02044928 0.7316284 0.0446816 0.7307344 0.05160415 0.7332847 0.04809373 0.7221674 0.02519237 0.7256141 0.02614021 0.7247177 0.02168196 0.7328246 0.04099345 0.7332847 0.04809373 0.7349888 0.04284018 0.7204632 0.03044599 0.7238238 0.02860456 0.7221674 0.02519237 0.7332447 0.03664308 0.7349888 0.04284018 0.7355873 0.03664308 0.7222074 0.03664308 0.7204632 0.03044599 0.7198648 0.03664308 0.7349888 0.03044599 0.7332447 0.03664308 0.7355873 0.03664308 0.8320535 0.04463213 0.834449 0.03612118 0.8312318 0.03612118 0.7991776 0.04853314 0.8043091 0.05302006 0.8043091 0.02238172 0.7277261 0.03073728 0.7277261 0.03025066 0.7277261 0.03073728 0.7277261 0.04116314 0.7277261 0.04254883 0.7277261 0.04116314 0.7277261 0.03212296 0.7277261 0.03073728 0.7277261 0.03212296 0.7277261 0.03908932 0.7277261 0.04116314 0.7277261 0.03908932 0.7277261 0.03419679 0.7277261 0.03212296 0.7277261 0.03419679 0.7277261 0.03664308 0.7277261 0.03908932 0.7277261 0.03664308 0.7277261 0.03908932 0.7277261 0.03664308 0.7277261 0.03908932 0.7277261 0.03664308 0.7277261 0.03419679 0.7277261 0.03664308 0.7277261 0.03419679 0.7277261 0.03664308 0.7277261 0.03419679 0.7277261 0.04116314 0.7277261 0.03908932 0.7277261 0.04116314 0.7277261 0.03212296 0.7277261 0.03419679 0.7277261 0.03212296 0.7277261 0.04254883 0.7277261 0.04116314 0.7277261 0.04254883 0.7277261 0.03073728 0.7277261 0.03212296 0.7277261 0.03073728 0.7277261 0.04303544 0.7277261 0.04254883 0.7277261 0.04303544 0.7277261 0.03025066 0.7277261 0.03073728 0.7277261 0.03025066 0.7976045 0.0435633 0.801532 0.02354788 0.8110138 0.03183853 0.801532 0.05185395 0.8110138 0.0435633 0.8070863 0.02354788 0.7991776 0.04853314 0.801532 0.05185395 0.801532 0.05185395 0.8043091 0.05302006 0.8070863 0.05185395 0.8070863 0.05185395 0.801532 0.05185395 0.8043091 0.05302006 0.8043091 0.05302006 0.801532 0.02354788 0.8043091 0.02238172 0.801532 0.02354788 0.8094407 0.04853314 0.8070863 0.05185395 0.8094407 0.04853314 0.7991776 0.02686864 0.801532 0.02354788 0.7991776 0.02686864 0.8094407 0.04853314 0.8110138 0.0435633 0.8110138 0.0435633 0.7991776 0.02686864 0.7976045 0.03183853 0.7976045 0.03183853 0.8110138 0.0435633 0.8115662 0.03770089 0.8115662 0.03770089 0.7976045 0.03183853 0.797052 0.03770089 0.797052 0.03770089 0.8110138 0.03183853 0.8115662 0.03770089 0.8110138 0.03183853 0.7976045 0.0435633 0.797052 0.03770089 0.7976045 0.0435633 0.8094407 0.02686864 0.8110138 0.03183853 0.8094407 0.02686864 0.7991776 0.04853314 0.7976045 0.0435633 0.7991776 0.04853314 0.8094407 0.02686864 0.8070863 0.02354788 0.8070863 0.02354788 0.7991776 0.04853314 0.801532 0.05185395 0.801532 0.05185395 0.8043091 0.02238172 0.8070863 0.02354788 0.8043091 0.02238172 0.8070863 0.02354788 0.8043091 0.02238172 0.8043091 0.02238172 0.8043091 0.05302006 0.8070863 0.05185395 0.8070863 0.05185395 0.801532 0.05185395 0.8043091 0.05302006 0.8043091 0.05302006 0.8043091 0.02238172 0.801532 0.02354788 0.801532 0.02354788 0.8070863 0.05185395 0.8094407 0.04853314 0.8094407 0.04853314 0.801532 0.02354788 0.7991776 0.02686864 0.7991776 0.02686864 0.8094407 0.04853314 0.8110138 0.0435633 0.8110138 0.0435633 0.7991776 0.02686864 0.7976045 0.03183853 0.7976045 0.03183853 0.8110138 0.0435633 0.8115662 0.03770089 0.8115662 0.03770089 0.7976045 0.03183853 0.797052 0.03770089 0.797052 0.03770089 0.8115662 0.03770089 0.8110138 0.03183853 0.8110138 0.03183853 0.797052 0.03770089 0.7976045 0.0435633 0.7976045 0.0435633 0.8110138 0.03183853 0.8094407 0.02686864 0.8094407 0.02686864 0.7976045 0.0435633 0.7991776 0.04853314 0.7991776 0.04853314 0.8094407 0.02686864 0.8070863 0.02354788 0.8070863 0.02354788 0.801532 0.02354788 0.8110138 0.03183853 0.8070863 0.05185395 0.801532 0.05185395 0.7991776 0.04853314 0.801532 0.05185395 0.8070863 0.05185395 0.8043091 0.05302006 0.8070863 0.05185395 0.8043091 0.05302006 0.801532 0.05185395 0.8043091 0.05302006 0.801532 0.02354788 0.8043091 0.02238172 0.8043091 0.02238172 0.8094407 0.04853314 0.8070863 0.05185395 0.8070863 0.05185395 0.7991776 0.02686864 0.801532 0.02354788 0.801532 0.02354788 0.8110138 0.0435633 0.8094407 0.04853314 0.8110138 0.0435633 0.7976045 0.03183853 0.7991776 0.02686864 0.7976045 0.03183853 0.8115662 0.03770089 0.8110138 0.0435633 0.8115662 0.03770089 0.797052 0.03770089 0.7976045 0.03183853 0.797052 0.03770089 0.8110138 0.03183853 0.8115662 0.03770089 0.8115662 0.03770089 0.7976045 0.0435633 0.797052 0.03770089 0.797052 0.03770089 0.8094407 0.02686864 0.8110138 0.03183853 0.8110138 0.03183853 0.7991776 0.04853314 0.7976045 0.0435633 0.7976045 0.0435633 0.8070863 0.02354788 0.8094407 0.02686864 0.8070863 0.02354788 0.801532 0.05185395 0.7991776 0.04853314 0.801532 0.05185395 0.8043091 0.02238172 0.8070863 0.02354788 0.8070863 0.02354788 0.8043091 0.02238172 0.8070863 0.02354788 0.8043091 0.02238172 0.8070863 0.05185395 0.8043091 0.05302006 0.8070863 0.05185395 0.8043091 0.05302006 0.801532 0.05185395 0.8043091 0.05302006 0.801532 0.02354788 0.8043091 0.02238172 0.801532 0.02354788 0.8094407 0.04853314 0.8070863 0.05185395 0.8094407 0.04853314 0.7991776 0.02686864 0.801532 0.02354788 0.7991776 0.02686864 0.8110138 0.0435633 0.8094407 0.04853314 0.8110138 0.0435633 0.7976045 0.03183853 0.7991776 0.02686864 0.7976045 0.03183853 0.8115662 0.03770089 0.8110138 0.0435633 0.8115662 0.03770089 0.797052 0.03770089 0.7976045 0.03183853 0.797052 0.03770089 0.8110138 0.03183853 0.8115662 0.03770089 0.8110138 0.03183853 0.7976045 0.0435633 0.797052 0.03770089 0.7976045 0.0435633 0.8094407 0.02686864 0.8110138 0.03183853 0.8094407 0.02686864 0.7991776 0.04853314 0.7976045 0.0435633 0.7991776 0.04853314 0.8070863 0.02354788 0.8094407 0.02686864 0.8070863 0.02354788 0.7363728 0.05430096 0.7363728 0.04639774 0.7187218 0.04639774 0.7363728 0.02036887 0.7363728 0.0283305 0.7187218 0.0283305 0.7363728 0.0283305 0.7363728 0.04024589 0.7187218 0.04024589 0.7363728 0.04024589 0.7363728 0.05430102 0.7187218 0.05430102 0.7185959 0.05471491 0.7185959 0.04065978 0.736247 0.04065978 0.7185959 0.04065978 0.7185959 0.02874445 0.736247 0.02874445 0.7185959 0.02874445 0.7185959 0.02078282 0.736247 0.02078282 0.7363728 0.04639774 0.7363728 0.05430102 0.7187218 0.05430102 0.736247 0.05471491 0.7185959 0.05471491 0.7185959 0.04681164 0.736247 0.02078282 0.7185959 0.02078282 0.7185959 0.02874445 0.736247 0.02874445 0.7185959 0.02874445 0.7185959 0.04065978 0.736247 0.04065978 0.7185959 0.04065978 0.7185959 0.05471491 0.7363728 0.05430102 0.7363728 0.04024589 0.7187218 0.04024589 0.7363728 0.04024589 0.7363728 0.0283305 0.7187218 0.0283305 0.7187218 0.0283305 0.7363728 0.0283305 0.7363728 0.02036887 0.736247 0.04681164 0.7185959 0.04681164 0.7185959 0.05471497 0.7277261 0.04303544 0.7277261 0.04303544 0.7277261 0.04254883 0.7332847 0.02519237 0.7349888 0.03044599 0.7328246 0.03229266 0.7221674 0.04809373 0.7204632 0.04284018 0.7226274 0.04099345 0.7307344 0.02168196 0.7332847 0.02519237 0.7316284 0.02860456 0.7221674 0.04809373 0.7238238 0.0446816 0.7256141 0.0471459 0.7277261 0.02044928 0.7307344 0.02168196 0.729838 0.02614021 0.7277261 0.05283683 0.7277261 0.04801124 0.729838 0.0471459 0.7247177 0.05160415 0.7256141 0.0471459 0.7277261 0.04801124 0.7247177 0.02168196 0.7277261 0.02044928 0.7277261 0.02527487 0.7307344 0.05160415 0.729838 0.0471459 0.7316284 0.0446816 0.7221674 0.02519237 0.7247177 0.02168196 0.7256141 0.02614021 0.7332847 0.04809373 0.7316284 0.0446816 0.7328246 0.04099345 0.7204632 0.03044599 0.7221674 0.02519237 0.7238238 0.02860456 0.7349888 0.04284018 0.7328246 0.04099345 0.7332447 0.03664308 0.7204632 0.03044599 0.7226274 0.03229266 0.7222074 0.03664308 0.7349888 0.03044599 0.7355873 0.03664308 0.7332447 0.03664308 0.7204632 0.04284018 0.7198648 0.03664308 0.7222074 0.03664308 0.8094407 0.04853314 0.8070863 0.05185395 0.7991776 0.04853314 0.8070863 0.05185395 0.8043091 0.05302006 0.7991776 0.04853314 0.8043091 0.05302006 0.801532 0.05185395 0.7991776 0.04853314 0.7991776 0.04853314 0.7976045 0.0435633 0.797052 0.03770089 0.797052 0.03770089 0.7976045 0.03183853 0.7991776 0.04853314 0.7976045 0.03183853 0.7991776 0.02686864 0.7991776 0.04853314 0.7991776 0.02686864 0.801532 0.02354788 0.8043091 0.02238172 0.8043091 0.02238172 0.8070863 0.02354788 0.8094407 0.02686864 0.8094407 0.02686864 0.8110138 0.03183853 0.8094407 0.04853314 0.8110138 0.03183853 0.8115662 0.03770089 0.8094407 0.04853314 0.8115662 0.03770089 0.8110138 0.0435633 0.8094407 0.04853314 0.7991776 0.02686864 0.8043091 0.02238172 0.8094407 0.02686864 0.8094407 0.04853314 0.7991776 0.04853314 0.7991776 0.02686864 0.7277261 0.03025066 0.7277261 0.03025066 0.7277261 0.03073728 0.7277261 0.04254883 0.7277261 0.04254883 0.7277261 0.04116314 0.7277261 0.03073728 0.7277261 0.03073728 0.7277261 0.03212296 0.7277261 0.04116314 0.7277261 0.04116314 0.7277261 0.03908932 0.7277261 0.03212296 0.7277261 0.03212296 0.7277261 0.03419679 0.7277261 0.03908932 0.7277261 0.03908932 0.7277261 0.03664308 0.7277261 0.03664308 0.7277261 0.03664308 0.7277261 0.03908932 0.7277261 0.03419679 0.7277261 0.03419679 0.7277261 0.03664308 0.7277261 0.03664308 0.7277261 0.03664308 0.7277261 0.03419679 0.7277261 0.03908932 0.7277261 0.03908932 0.7277261 0.04116314 0.7277261 0.03419679 0.7277261 0.03419679 0.7277261 0.03212296 0.7277261 0.04116314 0.7277261 0.04116314 0.7277261 0.04254883 0.7277261 0.03212296 0.7277261 0.03212296 0.7277261 0.03073728 0.7277261 0.04254883 0.7277261 0.04254883 0.7277261 0.04303544 0.7277261 0.03073728 0.7277261 0.03073728 0.7277261 0.03025066 0.801532 0.05185395 0.8043091 0.05302006 0.8110138 0.0435633 0.8043091 0.05302006 0.8070863 0.05185395 0.8110138 0.0435633 0.8070863 0.05185395 0.8094407 0.04853314 0.8110138 0.0435633 0.8110138 0.0435633 0.8115662 0.03770089 0.8110138 0.03183853 0.8110138 0.03183853 0.8094407 0.02686864 0.8110138 0.0435633 0.8094407 0.02686864 0.8070863 0.02354788 0.8110138 0.0435633 0.8070863 0.02354788 0.8043091 0.02238172 0.801532 0.02354788 0.801532 0.02354788 0.7991776 0.02686864 0.8070863 0.02354788 0.7991776 0.02686864 0.7976045 0.03183853 0.8070863 0.02354788 0.7976045 0.03183853 0.797052 0.03770089 0.7976045 0.0435633 0.7976045 0.0435633 0.7991776 0.04853314 0.7976045 0.03183853 0.7991776 0.04853314 0.801532 0.05185395 0.7976045 0.03183853 0.801532 0.05185395 0.8110138 0.0435633 0.7976045 0.03183853 0.7187218 0.04639774 0.7363728 0.04639774 0.7363728 0.05430096 0.7187218 0.0283305 0.7363728 0.0283305 0.7363728 0.02036887 0.7187218 0.04024589 0.7363728 0.04024589 0.7363728 0.0283305 0.7187218 0.05430102 0.7363728 0.05430102 0.7363728 0.04024589 0.736247 0.04065978 0.7185959 0.04065978 0.7185959 0.05471491 0.736247 0.02874445 0.7185959 0.02874445 0.7185959 0.04065978 0.736247 0.02078282 0.7185959 0.02078282 0.7185959 0.02874445 0.7187218 0.05430102 0.7363728 0.05430102 0.7363728 0.04639774 0.736247 0.05471491 0.736247 0.04681164 0.7185959 0.04681164 0.736247 0.02078282 0.736247 0.02874445 0.7185959 0.02874445 0.736247 0.02874445 0.736247 0.04065978 0.7185959 0.04065978 0.736247 0.04065978 0.736247 0.05471491 0.7185959 0.05471491 0.7187218 0.04024589 0.7363728 0.04024589 0.7363728 0.05430102 0.7187218 0.0283305 0.7363728 0.0283305 0.7363728 0.04024589 0.7187218 0.0283305 0.7187218 0.02036887 0.7363728 0.02036887 0.736247 0.04681164 0.736247 0.05471491 0.7185959 0.05471497 0.7277261 0.04254883 0.7277261 0.04303544 0.7277261 0.04303544 0.7332847 0.02519237 0.7316284 0.02860456 0.7328246 0.03229266 0.7221674 0.04809373 0.7238238 0.0446816 0.7226274 0.04099345 0.7307344 0.02168196 0.729838 0.02614021 0.7316284 0.02860456 0.7256141 0.0471459 0.7238238 0.0446816 0.7221674 0.04809373 0.7277261 0.02044928 0.7277261 0.02527487 0.729838 0.02614021 0.729838 0.0471459 0.7277261 0.04801124 0.7277261 0.05283683 0.7277261 0.04801124 0.7256141 0.0471459 0.7247177 0.05160415 0.7247177 0.02168196 0.7256141 0.02614021 0.7277261 0.02527487 0.7316284 0.0446816 0.729838 0.0471459 0.7307344 0.05160415 0.7221674 0.02519237 0.7238238 0.02860456 0.7256141 0.02614021 0.7328246 0.04099345 0.7316284 0.0446816 0.7332847 0.04809373 0.7204632 0.03044599 0.7226274 0.03229266 0.7238238 0.02860456 0.7332447 0.03664308 0.7328246 0.04099345 0.7349888 0.04284018 0.7222074 0.03664308 0.7226274 0.03229266 0.7204632 0.03044599 0.7349888 0.03044599 0.7328246 0.03229266 0.7332447 0.03664308 0.7204632 0.04284018 0.7226274 0.04099345 0.7222074 0.03664308 0.8043091 0.05302006 0.8070863 0.05185395 0.8094407 0.04853314 0.8094407 0.04853314 0.8110138 0.0435633 0.8115662 0.03770089 0.8115662 0.03770089 0.8110138 0.03183853 0.8043091 0.02238172 0.8110138 0.03183853 0.8094407 0.02686864 0.8043091 0.02238172 0.8094407 0.02686864 0.8070863 0.02354788 0.8043091 0.02238172 0.8043091 0.02238172 0.801532 0.02354788 0.7991776 0.02686864 0.7991776 0.02686864 0.7976045 0.03183853 0.8043091 0.02238172 0.7976045 0.03183853 0.797052 0.03770089 0.8043091 0.02238172 0.797052 0.03770089 0.7976045 0.0435633 0.7991776 0.04853314 0.7991776 0.04853314 0.801532 0.05185395 0.8043091 0.05302006 0.8043091 0.05302006 0.8094407 0.04853314 0.8043091 0.02238172 0.8094407 0.04853314 0.8115662 0.03770089 0.8043091 0.02238172 0.797052 0.03770089 0.7991776 0.04853314 0.8043091 0.02238172 0.7277261 0.03073728 0.7277261 0.03025066 0.7277261 0.03025066 0.7277261 0.04116314 0.7277261 0.04254883 0.7277261 0.04254883 0.7277261 0.03212296 0.7277261 0.03073728 0.7277261 0.03073728 0.7277261 0.03908932 0.7277261 0.04116314 0.7277261 0.04116314 0.7277261 0.03419679 0.7277261 0.03212296 0.7277261 0.03212296 0.7277261 0.03664308 0.7277261 0.03908932 0.7277261 0.03908932 0.7277261 0.03908932 0.7277261 0.03664308 0.7277261 0.03664308 0.7277261 0.03664308 0.7277261 0.03419679 0.7277261 0.03419679 0.7277261 0.03419679 0.7277261 0.03664308 0.7277261 0.03664308 0.7277261 0.04116314 0.7277261 0.03908932 0.7277261 0.03908932 0.7277261 0.03212296 0.7277261 0.03419679 0.7277261 0.03419679 0.7277261 0.04254883 0.7277261 0.04116314 0.7277261 0.04116314 0.7277261 0.03073728 0.7277261 0.03212296 0.7277261 0.03212296 0.7277261 0.04303544 0.7277261 0.04254883 0.7277261 0.04254883 0.7277261 0.03025066 0.7277261 0.03073728 0.7277261 0.03073728 0.8070863 0.05185395 0.8043091 0.05302006 0.801532 0.05185395 0.801532 0.05185395 0.7991776 0.04853314 0.8070863 0.05185395 0.7991776 0.04853314 0.7976045 0.0435633 0.8070863 0.05185395 0.7976045 0.0435633 0.797052 0.03770089 0.7976045 0.03183853 0.7976045 0.03183853 0.7991776 0.02686864 0.7976045 0.0435633 0.7991776 0.02686864 0.801532 0.02354788 0.7976045 0.0435633 0.801532 0.02354788 0.8043091 0.02238172 0.8070863 0.02354788 0.8070863 0.02354788 0.8094407 0.02686864 0.801532 0.02354788 0.8094407 0.02686864 0.8110138 0.03183853 0.801532 0.02354788 0.8110138 0.03183853 0.8115662 0.03770089 0.8110138 0.0435633 0.8110138 0.0435633 0.8094407 0.04853314 0.8110138 0.03183853 0.8094407 0.04853314 0.8070863 0.05185395 0.8110138 0.03183853 0.8070863 0.05185395 0.7976045 0.0435633 0.8110138 0.03183853 0.801532 0.05185395 0.8043091 0.05302006 0.8070863 0.05185395 0.8070863 0.05185395 0.8094407 0.04853314 0.801532 0.05185395 0.8094407 0.04853314 0.8110138 0.0435633 0.801532 0.05185395 0.8110138 0.0435633 0.8115662 0.03770089 0.8110138 0.03183853 0.8110138 0.03183853 0.8094407 0.02686864 0.8110138 0.0435633 0.8094407 0.02686864 0.8070863 0.02354788 0.8110138 0.0435633 0.8070863 0.02354788 0.8043091 0.02238172 0.801532 0.02354788 0.801532 0.02354788 0.7991776 0.02686864 0.7976045 0.03183853 0.7976045 0.03183853 0.797052 0.03770089 0.801532 0.05185395 0.797052 0.03770089 0.7976045 0.0435633 0.801532 0.05185395 0.7976045 0.0435633 0.7991776 0.04853314 0.801532 0.05185395 0.8070863 0.02354788 0.801532 0.02354788 0.801532 0.05185395 0.801532 0.02354788 0.7976045 0.03183853 0.801532 0.05185395 0.7991776 0.04853314 0.7991776 0.04853314 0.801532 0.05185395 0.8043091 0.05302006 0.8043091 0.05302006 0.8070863 0.05185395 0.801532 0.05185395 0.801532 0.05185395 0.8043091 0.05302006 0.801532 0.02354788 0.8043091 0.02238172 0.8043091 0.02238172 0.8094407 0.04853314 0.8070863 0.05185395 0.8070863 0.05185395 0.7991776 0.02686864 0.801532 0.02354788 0.801532 0.02354788 0.8094407 0.04853314 0.8094407 0.04853314 0.8110138 0.0435633 0.7991776 0.02686864 0.7991776 0.02686864 0.7976045 0.03183853 0.8110138 0.0435633 0.8110138 0.0435633 0.8115662 0.03770089 0.7976045 0.03183853 0.7976045 0.03183853 0.797052 0.03770089 0.8110138 0.03183853 0.8115662 0.03770089 0.8115662 0.03770089 0.7976045 0.0435633 0.797052 0.03770089 0.797052 0.03770089 0.8094407 0.02686864 0.8110138 0.03183853 0.8110138 0.03183853 0.7991776 0.04853314 0.7976045 0.0435633 0.7976045 0.0435633 0.8094407 0.02686864 0.8094407 0.02686864 0.8070863 0.02354788 0.7991776 0.04853314 0.7991776 0.04853314 0.801532 0.05185395 0.8043091 0.02238172 0.8070863 0.02354788 0.8070863 0.02354788 0.8070863 0.02354788 0.8070863 0.02354788 0.8043091 0.02238172 0.8043091 0.05302006 0.8043091 0.05302006 0.8070863 0.05185395 0.801532 0.05185395 0.801532 0.05185395 0.8043091 0.05302006 0.8043091 0.02238172 0.8043091 0.02238172 0.801532 0.02354788 0.8070863 0.05185395 0.8070863 0.05185395 0.8094407 0.04853314 0.801532 0.02354788 0.801532 0.02354788 0.7991776 0.02686864 0.8094407 0.04853314 0.8094407 0.04853314 0.8110138 0.0435633 0.7991776 0.02686864 0.7991776 0.02686864 0.7976045 0.03183853 0.8110138 0.0435633 0.8110138 0.0435633 0.8115662 0.03770089 0.7976045 0.03183853 0.7976045 0.03183853 0.797052 0.03770089 0.8115662 0.03770089 0.8115662 0.03770089 0.8110138 0.03183853 0.797052 0.03770089 0.797052 0.03770089 0.7976045 0.0435633 0.8110138 0.03183853 0.8110138 0.03183853 0.8094407 0.02686864 0.7976045 0.0435633 0.7976045 0.0435633 0.7991776 0.04853314 0.8094407 0.02686864 0.8094407 0.02686864 0.8070863 0.02354788 0.8070863 0.05185395 0.8043091 0.05302006 0.801532 0.05185395 0.801532 0.05185395 0.7991776 0.04853314 0.7976045 0.0435633 0.7976045 0.0435633 0.797052 0.03770089 0.801532 0.02354788 0.797052 0.03770089 0.7976045 0.03183853 0.801532 0.02354788 0.7976045 0.03183853 0.7991776 0.02686864 0.801532 0.02354788 0.801532 0.02354788 0.8043091 0.02238172 0.8070863 0.02354788 0.8070863 0.02354788 0.8094407 0.02686864 0.801532 0.02354788 0.8094407 0.02686864 0.8110138 0.03183853 0.801532 0.02354788 0.8110138 0.03183853 0.8115662 0.03770089 0.8110138 0.0435633 0.8110138 0.0435633 0.8094407 0.04853314 0.8110138 0.03183853 0.8094407 0.04853314 0.8070863 0.05185395 0.8110138 0.03183853 0.8070863 0.05185395 0.801532 0.05185395 0.801532 0.02354788 0.801532 0.05185395 0.7976045 0.0435633 0.801532 0.02354788 0.801532 0.05185395 0.7991776 0.04853314 0.7991776 0.04853314 0.8070863 0.05185395 0.8043091 0.05302006 0.8043091 0.05302006 0.8043091 0.05302006 0.801532 0.05185395 0.801532 0.05185395 0.801532 0.02354788 0.801532 0.02354788 0.8043091 0.02238172 0.8094407 0.04853314 0.8094407 0.04853314 0.8070863 0.05185395 0.7991776 0.02686864 0.7991776 0.02686864 0.801532 0.02354788 0.8110138 0.0435633 0.8094407 0.04853314 0.8094407 0.04853314 0.7976045 0.03183853 0.7991776 0.02686864 0.7991776 0.02686864 0.8115662 0.03770089 0.8110138 0.0435633 0.8110138 0.0435633 0.797052 0.03770089 0.7976045 0.03183853 0.7976045 0.03183853 0.8110138 0.03183853 0.8110138 0.03183853 0.8115662 0.03770089 0.7976045 0.0435633 0.7976045 0.0435633 0.797052 0.03770089 0.8094407 0.02686864 0.8094407 0.02686864 0.8110138 0.03183853 0.7991776 0.04853314 0.7991776 0.04853314 0.7976045 0.0435633 0.8070863 0.02354788 0.8094407 0.02686864 0.8094407 0.02686864 0.801532 0.05185395 0.7991776 0.04853314 0.7991776 0.04853314 0.8043091 0.02238172 0.8043091 0.02238172 0.8070863 0.02354788 0.8043091 0.02238172 0.8070863 0.02354788 0.8070863 0.02354788 0.8070863 0.05185395 0.8043091 0.05302006 0.8043091 0.05302006 0.8043091 0.05302006 0.801532 0.05185395 0.801532 0.05185395 0.801532 0.02354788 0.8043091 0.02238172 0.8043091 0.02238172 0.8094407 0.04853314 0.8070863 0.05185395 0.8070863 0.05185395 0.7991776 0.02686864 0.801532 0.02354788 0.801532 0.02354788 0.8110138 0.0435633 0.8094407 0.04853314 0.8094407 0.04853314 0.7976045 0.03183853 0.7991776 0.02686864 0.7991776 0.02686864 0.8115662 0.03770089 0.8110138 0.0435633 0.8110138 0.0435633 0.797052 0.03770089 0.7976045 0.03183853 0.7976045 0.03183853 0.8110138 0.03183853 0.8115662 0.03770089 0.8115662 0.03770089 0.7976045 0.0435633 0.797052 0.03770089 0.797052 0.03770089 0.8094407 0.02686864 0.8110138 0.03183853 0.8110138 0.03183853 0.7991776 0.04853314 0.7976045 0.0435633 0.7976045 0.0435633 0.8070863 0.02354788 0.8094407 0.02686864 0.8094407 0.02686864 0.7363728 0.05430096 0.7187218 0.04639774 0.7187218 0.05430102 0.7363728 0.02036887 0.7187218 0.0283305 0.7187218 0.02036887 0.7363728 0.0283305 0.7187218 0.04024589 0.7187218 0.0283305 0.7363728 0.04024589 0.7187218 0.05430102 0.7187218 0.04024589 0.7185959 0.05471491 0.736247 0.04065978 0.736247 0.05471491 0.7185959 0.04065978 0.736247 0.02874445 0.736247 0.04065978 0.7185959 0.02874445 0.736247 0.02078282 0.736247 0.02874445 0.7363728 0.04639774 0.7187218 0.05430102 0.7187218 0.04639774 0.736247 0.05471491 0.7185959 0.04681164 0.736247 0.04681164 0.736247 0.02078282 0.7185959 0.02874445 0.736247 0.02874445 0.736247 0.02874445 0.7185959 0.04065978 0.736247 0.04065978 0.736247 0.04065978 0.7185959 0.05471491 0.736247 0.05471491 0.7363728 0.05430102 0.7187218 0.04024589 0.7187218 0.05430102 0.7363728 0.04024589 0.7187218 0.0283305 0.7187218 0.04024589 0.7187218 0.0283305 0.7363728 0.02036887 0.7187218 0.02036887 0.736247 0.04681164 0.7185959 0.05471497 0.736247 0.05471491 0.7277261 0.04303544 0.7277261 0.04254883 0.7277261 0.04254883 0.7332847 0.02519237 0.7328246 0.03229266 0.7316284 0.02860456 0.7221674 0.04809373 0.7226274 0.04099345 0.7238238 0.0446816 0.7307344 0.02168196 0.7316284 0.02860456 0.729838 0.02614021 0.7221674 0.04809373 0.7256141 0.0471459 0.7247177 0.05160415 0.7277261 0.02044928 0.729838 0.02614021 0.7277261 0.02527487 0.7277261 0.05283683 0.729838 0.0471459 0.7307344 0.05160415 0.7247177 0.05160415 0.7277261 0.04801124 0.7277261 0.05283683 0.7247177 0.02168196 0.7277261 0.02527487 0.7256141 0.02614021 0.7307344 0.05160415 0.7316284 0.0446816 0.7332847 0.04809373 0.7221674 0.02519237 0.7256141 0.02614021 0.7238238 0.02860456 0.7332847 0.04809373 0.7328246 0.04099345 0.7349888 0.04284018 0.7204632 0.03044599 0.7238238 0.02860456 0.7226274 0.03229266 0.7349888 0.04284018 0.7332447 0.03664308 0.7355873 0.03664308 0.7204632 0.03044599 0.7222074 0.03664308 0.7198648 0.03664308 0.7349888 0.03044599 0.7332447 0.03664308 0.7328246 0.03229266 0.7204632 0.04284018 0.7222074 0.03664308 0.7226274 0.04099345 0.7991776 0.02686864 0.8094407 0.02686864 0.8094407 0.04853314 0.7277261 0.03025066 0.7277261 0.03073728 0.7277261 0.03073728 0.7277261 0.04254883 0.7277261 0.04116314 0.7277261 0.04116314 0.7277261 0.03073728 0.7277261 0.03212296 0.7277261 0.03212296 0.7277261 0.04116314 0.7277261 0.03908932 0.7277261 0.03908932 0.7277261 0.03212296 0.7277261 0.03419679 0.7277261 0.03419679 0.7277261 0.03908932 0.7277261 0.03664308 0.7277261 0.03664308 0.7277261 0.03664308 0.7277261 0.03908932 0.7277261 0.03908932 0.7277261 0.03419679 0.7277261 0.03664308 0.7277261 0.03664308 0.7277261 0.03664308 0.7277261 0.03419679 0.7277261 0.03419679 0.7277261 0.03908932 0.7277261 0.04116314 0.7277261 0.04116314 0.7277261 0.03419679 0.7277261 0.03212296 0.7277261 0.03212296 0.7277261 0.04116314 0.7277261 0.04254883 0.7277261 0.04254883 0.7277261 0.03212296 0.7277261 0.03073728 0.7277261 0.03073728 0.7277261 0.04254883 0.7277261 0.04303544 0.7277261 0.04303544 0.7277261 0.03073728 0.7277261 0.03025066 0.7277261 0.03025066 0.8110138 0.0435633 0.8070863 0.02354788 0.7976045 0.03183853 0.7187218 0.04639774 0.7363728 0.05430096 0.7187218 0.05430102 0.7187218 0.0283305 0.7363728 0.02036887 0.7187218 0.02036887 0.7187218 0.04024589 0.7363728 0.0283305 0.7187218 0.0283305 0.7187218 0.05430102 0.7363728 0.04024589 0.7187218 0.04024589 0.736247 0.04065978 0.7185959 0.05471491 0.736247 0.05471491 0.736247 0.02874445 0.7185959 0.04065978 0.736247 0.04065978 0.736247 0.02078282 0.7185959 0.02874445 0.736247 0.02874445 0.7187218 0.05430102 0.7363728 0.04639774 0.7187218 0.04639774 0.736247 0.05471491 0.7185959 0.04681164 0.7185959 0.05471491 0.736247 0.02078282 0.7185959 0.02874445 0.7185959 0.02078282 0.736247 0.02874445 0.7185959 0.04065978 0.7185959 0.02874445 0.736247 0.04065978 0.7185959 0.05471491 0.7185959 0.04065978 0.7187218 0.04024589 0.7363728 0.05430102 0.7187218 0.05430102 0.7187218 0.0283305 0.7363728 0.04024589 0.7187218 0.04024589 0.7187218 0.0283305 0.7363728 0.02036887 0.7363728 0.0283305 0.736247 0.04681164 0.7185959 0.05471497 0.7185959 0.04681164 0.7277261 0.04254883 0.7277261 0.04303544 0.7277261 0.04254883 0.7332847 0.02519237 0.7328246 0.03229266 0.7349888 0.03044599 0.7221674 0.04809373 0.7226274 0.04099345 0.7204632 0.04284018 0.7307344 0.02168196 0.7316284 0.02860456 0.7332847 0.02519237 0.7256141 0.0471459 0.7221674 0.04809373 0.7247177 0.05160415 0.7277261 0.02044928 0.729838 0.02614021 0.7307344 0.02168196 0.729838 0.0471459 0.7277261 0.05283683 0.7307344 0.05160415 0.7277261 0.04801124 0.7247177 0.05160415 0.7277261 0.05283683 0.7247177 0.02168196 0.7277261 0.02527487 0.7277261 0.02044928 0.7316284 0.0446816 0.7307344 0.05160415 0.7332847 0.04809373 0.7221674 0.02519237 0.7256141 0.02614021 0.7247177 0.02168196 0.7328246 0.04099345 0.7332847 0.04809373 0.7349888 0.04284018 0.7204632 0.03044599 0.7238238 0.02860456 0.7221674 0.02519237 0.7332447 0.03664308 0.7349888 0.04284018 0.7355873 0.03664308 0.7222074 0.03664308 0.7204632 0.03044599 0.7198648 0.03664308 0.7349888 0.03044599 0.7332447 0.03664308 0.7355873 0.03664308 0.7204632 0.04284018 0.7222074 0.03664308 0.7198648 0.03664308 0.7991776 0.04853314 0.8043091 0.05302006 0.8043091 0.02238172 0.7277261 0.03073728 0.7277261 0.03025066 0.7277261 0.03073728 0.7277261 0.04116314 0.7277261 0.04254883 0.7277261 0.04116314 0.7277261 0.03212296 0.7277261 0.03073728 0.7277261 0.03212296 0.7277261 0.03908932 0.7277261 0.04116314 0.7277261 0.03908932 0.7277261 0.03419679 0.7277261 0.03212296 0.7277261 0.03419679 0.7277261 0.03664308 0.7277261 0.03908932 0.7277261 0.03664308 0.7277261 0.03908932 0.7277261 0.03664308 0.7277261 0.03908932 0.7277261 0.03664308 0.7277261 0.03419679 0.7277261 0.03664308 0.7277261 0.03419679 0.7277261 0.03664308 0.7277261 0.03419679 0.7277261 0.04116314 0.7277261 0.03908932 0.7277261 0.04116314 0.7277261 0.03212296 0.7277261 0.03419679 0.7277261 0.03212296 0.7277261 0.04254883 0.7277261 0.04116314 0.7277261 0.04254883 0.7277261 0.03073728 0.7277261 0.03212296 0.7277261 0.03073728 0.7277261 0.04303544 0.7277261 0.04254883 0.7277261 0.04303544 0.7277261 0.03025066 0.7277261 0.03073728 0.7277261 0.03025066 0.7976045 0.0435633 0.801532 0.02354788 0.8110138 0.03183853 0.801532 0.05185395 0.8110138 0.0435633 0.8070863 0.02354788 0.7991776 0.04853314 0.801532 0.05185395 0.801532 0.05185395 0.8043091 0.05302006 0.8070863 0.05185395 0.8070863 0.05185395 0.801532 0.05185395 0.8043091 0.05302006 0.8043091 0.05302006 0.801532 0.02354788 0.8043091 0.02238172 0.801532 0.02354788 0.8094407 0.04853314 0.8070863 0.05185395 0.8094407 0.04853314 0.7991776 0.02686864 0.801532 0.02354788 0.7991776 0.02686864 0.8094407 0.04853314 0.8110138 0.0435633 0.8110138 0.0435633 0.7991776 0.02686864 0.7976045 0.03183853 0.7976045 0.03183853 0.8110138 0.0435633 0.8115662 0.03770089 0.8115662 0.03770089 0.7976045 0.03183853 0.797052 0.03770089 0.797052 0.03770089 0.8110138 0.03183853 0.8115662 0.03770089 0.8110138 0.03183853 0.7976045 0.0435633 0.797052 0.03770089 0.7976045 0.0435633 0.8094407 0.02686864 0.8110138 0.03183853 0.8094407 0.02686864 0.7991776 0.04853314 0.7976045 0.0435633 0.7991776 0.04853314 0.8094407 0.02686864 0.8070863 0.02354788 0.8070863 0.02354788 0.7991776 0.04853314 0.801532 0.05185395 0.801532 0.05185395 0.8043091 0.02238172 0.8070863 0.02354788 0.8043091 0.02238172 0.8070863 0.02354788 0.8043091 0.02238172 0.8043091 0.02238172 0.8043091 0.05302006 0.8070863 0.05185395 0.8070863 0.05185395 0.801532 0.05185395 0.8043091 0.05302006 0.8043091 0.05302006 0.8043091 0.02238172 0.801532 0.02354788 0.801532 0.02354788 0.8070863 0.05185395 0.8094407 0.04853314 0.8094407 0.04853314 0.801532 0.02354788 0.7991776 0.02686864 0.7991776 0.02686864 0.8094407 0.04853314 0.8110138 0.0435633 0.8110138 0.0435633 0.7991776 0.02686864 0.7976045 0.03183853 0.7976045 0.03183853 0.8110138 0.0435633 0.8115662 0.03770089 0.8115662 0.03770089 0.7976045 0.03183853 0.797052 0.03770089 0.797052 0.03770089 0.8115662 0.03770089 0.8110138 0.03183853 0.8110138 0.03183853 0.797052 0.03770089 0.7976045 0.0435633 0.7976045 0.0435633 0.8110138 0.03183853 0.8094407 0.02686864 0.8094407 0.02686864 0.7976045 0.0435633 0.7991776 0.04853314 0.7991776 0.04853314 0.8094407 0.02686864 0.8070863 0.02354788 0.8070863 0.02354788 0.801532 0.02354788 0.8110138 0.03183853 0.8070863 0.05185395 0.801532 0.05185395 0.7991776 0.04853314 0.801532 0.05185395 0.8070863 0.05185395 0.8043091 0.05302006 0.8070863 0.05185395 0.8043091 0.05302006 0.801532 0.05185395 0.8043091 0.05302006 0.801532 0.02354788 0.8043091 0.02238172 0.8043091 0.02238172 0.8094407 0.04853314 0.8070863 0.05185395 0.8070863 0.05185395 0.7991776 0.02686864 0.801532 0.02354788 0.801532 0.02354788 0.8110138 0.0435633 0.8094407 0.04853314 0.8110138 0.0435633 0.7976045 0.03183853 0.7991776 0.02686864 0.7976045 0.03183853 0.8115662 0.03770089 0.8110138 0.0435633 0.8115662 0.03770089 0.797052 0.03770089 0.7976045 0.03183853 0.797052 0.03770089 0.8110138 0.03183853 0.8115662 0.03770089 0.8115662 0.03770089 0.7976045 0.0435633 0.797052 0.03770089 0.797052 0.03770089 0.8094407 0.02686864 0.8110138 0.03183853 0.8110138 0.03183853 0.7991776 0.04853314 0.7976045 0.0435633 0.7976045 0.0435633 0.8070863 0.02354788 0.8094407 0.02686864 0.8070863 0.02354788 0.801532 0.05185395 0.7991776 0.04853314 0.801532 0.05185395 0.8043091 0.02238172 0.8070863 0.02354788 0.8070863 0.02354788 0.8043091 0.02238172 0.8070863 0.02354788 0.8043091 0.02238172 0.8070863 0.05185395 0.8043091 0.05302006 0.8070863 0.05185395 0.8043091 0.05302006 0.801532 0.05185395 0.8043091 0.05302006 0.801532 0.02354788 0.8043091 0.02238172 0.801532 0.02354788 0.8094407 0.04853314 0.8070863 0.05185395 0.8094407 0.04853314 0.7991776 0.02686864 0.801532 0.02354788 0.7991776 0.02686864 0.8110138 0.0435633 0.8094407 0.04853314 0.8110138 0.0435633 0.7976045 0.03183853 0.7991776 0.02686864 0.7976045 0.03183853 0.8115662 0.03770089 0.8110138 0.0435633 0.8115662 0.03770089 0.797052 0.03770089 0.7976045 0.03183853 0.797052 0.03770089 0.8110138 0.03183853 0.8115662 0.03770089 0.8110138 0.03183853 0.7976045 0.0435633 0.797052 0.03770089 0.7976045 0.0435633 0.8094407 0.02686864 0.8110138 0.03183853 0.8094407 0.02686864 0.7991776 0.04853314 0.7976045 0.0435633 0.7991776 0.04853314 0.8070863 0.02354788 0.8094407 0.02686864 0.8070863 0.02354788 0.7363728 0.05430096 0.7363728 0.04639774 0.7187218 0.04639774 0.7363728 0.02036887 0.7363728 0.0283305 0.7187218 0.0283305 0.7363728 0.0283305 0.7363728 0.04024589 0.7187218 0.04024589 0.7363728 0.04024589 0.7363728 0.05430102 0.7187218 0.05430102 0.7185959 0.05471491 0.7185959 0.04065978 0.736247 0.04065978 0.7185959 0.04065978 0.7185959 0.02874445 0.736247 0.02874445 0.7185959 0.02874445 0.7185959 0.02078282 0.736247 0.02078282 0.7363728 0.04639774 0.7363728 0.05430102 0.7187218 0.05430102 0.736247 0.05471491 0.7185959 0.05471491 0.7185959 0.04681164 0.736247 0.02078282 0.7185959 0.02078282 0.7185959 0.02874445 0.736247 0.02874445 0.7185959 0.02874445 0.7185959 0.04065978 0.736247 0.04065978 0.7185959 0.04065978 0.7185959 0.05471491 0.7363728 0.05430102 0.7363728 0.04024589 0.7187218 0.04024589 0.7363728 0.04024589 0.7363728 0.0283305 0.7187218 0.0283305 0.7187218 0.0283305 0.7363728 0.0283305 0.7363728 0.02036887 0.736247 0.04681164 0.7185959 0.04681164 0.7185959 0.05471497 0.7277261 0.04303544 0.7277261 0.04303544 0.7277261 0.04254883 0.7332847 0.02519237 0.7349888 0.03044599 0.7328246 0.03229266 0.7221674 0.04809373 0.7204632 0.04284018 0.7226274 0.04099345 0.7307344 0.02168196 0.7332847 0.02519237 0.7316284 0.02860456 0.7221674 0.04809373 0.7238238 0.0446816 0.7256141 0.0471459 0.7277261 0.02044928 0.7307344 0.02168196 0.729838 0.02614021 0.7277261 0.05283683 0.7277261 0.04801124 0.729838 0.0471459 0.7247177 0.05160415 0.7256141 0.0471459 0.7277261 0.04801124 0.7247177 0.02168196 0.7277261 0.02044928 0.7277261 0.02527487 0.7307344 0.05160415 0.729838 0.0471459 0.7316284 0.0446816 0.7221674 0.02519237 0.7247177 0.02168196 0.7256141 0.02614021 0.7332847 0.04809373 0.7316284 0.0446816 0.7328246 0.04099345 0.7204632 0.03044599 0.7221674 0.02519237 0.7238238 0.02860456 0.7349888 0.04284018 0.7328246 0.04099345 0.7332447 0.03664308 0.7204632 0.03044599 0.7226274 0.03229266 0.7222074 0.03664308 0.7349888 0.03044599 0.7355873 0.03664308 0.7332447 0.03664308 0.7204632 0.04284018 0.7198648 0.03664308 0.7222074 0.03664308 0.8094407 0.04853314 0.8070863 0.05185395 0.7991776 0.04853314 0.8070863 0.05185395 0.8043091 0.05302006 0.7991776 0.04853314 0.8043091 0.05302006 0.801532 0.05185395 0.7991776 0.04853314 0.7991776 0.04853314 0.7976045 0.0435633 0.797052 0.03770089 0.797052 0.03770089 0.7976045 0.03183853 0.7991776 0.04853314 0.7976045 0.03183853 0.7991776 0.02686864 0.7991776 0.04853314 0.7991776 0.02686864 0.801532 0.02354788 0.8043091 0.02238172 0.8043091 0.02238172 0.8070863 0.02354788 0.8094407 0.02686864 0.8094407 0.02686864 0.8110138 0.03183853 0.8094407 0.04853314 0.8110138 0.03183853 0.8115662 0.03770089 0.8094407 0.04853314 0.8115662 0.03770089 0.8110138 0.0435633 0.8094407 0.04853314 0.7991776 0.02686864 0.8043091 0.02238172 0.8094407 0.02686864 0.8094407 0.04853314 0.7991776 0.04853314 0.7991776 0.02686864 0.7277261 0.03025066 0.7277261 0.03025066 0.7277261 0.03073728 0.7277261 0.04254883 0.7277261 0.04254883 0.7277261 0.04116314 0.7277261 0.03073728 0.7277261 0.03073728 0.7277261 0.03212296 0.7277261 0.04116314 0.7277261 0.04116314 0.7277261 0.03908932 0.7277261 0.03212296 0.7277261 0.03212296 0.7277261 0.03419679 0.7277261 0.03908932 0.7277261 0.03908932 0.7277261 0.03664308 0.7277261 0.03664308 0.7277261 0.03664308 0.7277261 0.03908932 0.7277261 0.03419679 0.7277261 0.03419679 0.7277261 0.03664308 0.7277261 0.03664308 0.7277261 0.03664308 0.7277261 0.03419679 0.7277261 0.03908932 0.7277261 0.03908932 0.7277261 0.04116314 0.7277261 0.03419679 0.7277261 0.03419679 0.7277261 0.03212296 0.7277261 0.04116314 0.7277261 0.04116314 0.7277261 0.04254883 0.7277261 0.03212296 0.7277261 0.03212296 0.7277261 0.03073728 0.7277261 0.04254883 0.7277261 0.04254883 0.7277261 0.04303544 0.7277261 0.03073728 0.7277261 0.03073728 0.7277261 0.03025066 0.801532 0.05185395 0.8043091 0.05302006 0.8110138 0.0435633 0.8043091 0.05302006 0.8070863 0.05185395 0.8110138 0.0435633 0.8070863 0.05185395 0.8094407 0.04853314 0.8110138 0.0435633 0.8110138 0.0435633 0.8115662 0.03770089 0.8110138 0.03183853 0.8110138 0.03183853 0.8094407 0.02686864 0.8110138 0.0435633 0.8094407 0.02686864 0.8070863 0.02354788 0.8110138 0.0435633 0.8070863 0.02354788 0.8043091 0.02238172 0.801532 0.02354788 0.801532 0.02354788 0.7991776 0.02686864 0.8070863 0.02354788 0.7991776 0.02686864 0.7976045 0.03183853 0.8070863 0.02354788 0.7976045 0.03183853 0.797052 0.03770089 0.7976045 0.0435633 0.7976045 0.0435633 0.7991776 0.04853314 0.7976045 0.03183853 0.7991776 0.04853314 0.801532 0.05185395 0.7976045 0.03183853 0.801532 0.05185395 0.8110138 0.0435633 0.7976045 0.03183853 0.7187218 0.04639774 0.7363728 0.04639774 0.7363728 0.05430096 0.7187218 0.0283305 0.7363728 0.0283305 0.7363728 0.02036887 0.7187218 0.04024589 0.7363728 0.04024589 0.7363728 0.0283305 0.7187218 0.05430102 0.7363728 0.05430102 0.7363728 0.04024589 0.736247 0.04065978 0.7185959 0.04065978 0.7185959 0.05471491 0.736247 0.02874445 0.7185959 0.02874445 0.7185959 0.04065978 0.736247 0.02078282 0.7185959 0.02078282 0.7185959 0.02874445 0.7187218 0.05430102 0.7363728 0.05430102 0.7363728 0.04639774 0.736247 0.05471491 0.736247 0.04681164 0.7185959 0.04681164 0.736247 0.02078282 0.736247 0.02874445 0.7185959 0.02874445 0.736247 0.02874445 0.736247 0.04065978 0.7185959 0.04065978 0.736247 0.04065978 0.736247 0.05471491 0.7185959 0.05471491 0.7187218 0.04024589 0.7363728 0.04024589 0.7363728 0.05430102 0.7187218 0.0283305 0.7363728 0.0283305 0.7363728 0.04024589 0.7187218 0.0283305 0.7187218 0.02036887 0.7363728 0.02036887 0.736247 0.04681164 0.736247 0.05471491 0.7185959 0.05471497 0.7277261 0.04254883 0.7277261 0.04303544 0.7277261 0.04303544 0.7332847 0.02519237 0.7316284 0.02860456 0.7328246 0.03229266 0.7221674 0.04809373 0.7238238 0.0446816 0.7226274 0.04099345 0.7307344 0.02168196 0.729838 0.02614021 0.7316284 0.02860456 0.7256141 0.0471459 0.7238238 0.0446816 0.7221674 0.04809373 0.7277261 0.02044928 0.7277261 0.02527487 0.729838 0.02614021 0.729838 0.0471459 0.7277261 0.04801124 0.7277261 0.05283683 0.7277261 0.04801124 0.7256141 0.0471459 0.7247177 0.05160415 0.7247177 0.02168196 0.7256141 0.02614021 0.7277261 0.02527487 0.7316284 0.0446816 0.729838 0.0471459 0.7307344 0.05160415 0.7221674 0.02519237 0.7238238 0.02860456 0.7256141 0.02614021 0.7328246 0.04099345 0.7316284 0.0446816 0.7332847 0.04809373 0.7204632 0.03044599 0.7226274 0.03229266 0.7238238 0.02860456 0.7332447 0.03664308 0.7328246 0.04099345 0.7349888 0.04284018 0.7222074 0.03664308 0.7226274 0.03229266 0.7204632 0.03044599 0.7349888 0.03044599 0.7328246 0.03229266 0.7332447 0.03664308 0.7204632 0.04284018 0.7226274 0.04099345 0.7222074 0.03664308 0.8043091 0.05302006 0.8070863 0.05185395 0.8094407 0.04853314 0.8094407 0.04853314 0.8110138 0.0435633 0.8115662 0.03770089 0.8115662 0.03770089 0.8110138 0.03183853 0.8043091 0.02238172 0.8110138 0.03183853 0.8094407 0.02686864 0.8043091 0.02238172 0.8094407 0.02686864 0.8070863 0.02354788 0.8043091 0.02238172 0.8043091 0.02238172 0.801532 0.02354788 0.7991776 0.02686864 0.7991776 0.02686864 0.7976045 0.03183853 0.8043091 0.02238172 0.7976045 0.03183853 0.797052 0.03770089 0.8043091 0.02238172 0.797052 0.03770089 0.7976045 0.0435633 0.7991776 0.04853314 0.7991776 0.04853314 0.801532 0.05185395 0.8043091 0.05302006 0.8043091 0.05302006 0.8094407 0.04853314 0.8043091 0.02238172 0.8094407 0.04853314 0.8115662 0.03770089 0.8043091 0.02238172 0.797052 0.03770089 0.7991776 0.04853314 0.8043091 0.02238172 0.7277261 0.03073728 0.7277261 0.03025066 0.7277261 0.03025066 0.7277261 0.04116314 0.7277261 0.04254883 0.7277261 0.04254883 0.7277261 0.03212296 0.7277261 0.03073728 0.7277261 0.03073728 0.7277261 0.03908932 0.7277261 0.04116314 0.7277261 0.04116314 0.7277261 0.03419679 0.7277261 0.03212296 0.7277261 0.03212296 0.7277261 0.03664308 0.7277261 0.03908932 0.7277261 0.03908932 0.7277261 0.03908932 0.7277261 0.03664308 0.7277261 0.03664308 0.7277261 0.03664308 0.7277261 0.03419679 0.7277261 0.03419679 0.7277261 0.03419679 0.7277261 0.03664308 0.7277261 0.03664308 0.7277261 0.04116314 0.7277261 0.03908932 0.7277261 0.03908932 0.7277261 0.03212296 0.7277261 0.03419679 0.7277261 0.03419679 0.7277261 0.04254883 0.7277261 0.04116314 0.7277261 0.04116314 0.7277261 0.03073728 0.7277261 0.03212296 0.7277261 0.03212296 0.7277261 0.04303544 0.7277261 0.04254883 0.7277261 0.04254883 0.7277261 0.03025066 0.7277261 0.03073728 0.7277261 0.03073728 0.8070863 0.05185395 0.8043091 0.05302006 0.801532 0.05185395 0.801532 0.05185395 0.7991776 0.04853314 0.8070863 0.05185395 0.7991776 0.04853314 0.7976045 0.0435633 0.8070863 0.05185395 0.7976045 0.0435633 0.797052 0.03770089 0.7976045 0.03183853 0.7976045 0.03183853 0.7991776 0.02686864 0.7976045 0.0435633 0.7991776 0.02686864 0.801532 0.02354788 0.7976045 0.0435633 0.801532 0.02354788 0.8043091 0.02238172 0.8070863 0.02354788 0.8070863 0.02354788 0.8094407 0.02686864 0.801532 0.02354788 0.8094407 0.02686864 0.8110138 0.03183853 0.801532 0.02354788 0.8110138 0.03183853 0.8115662 0.03770089 0.8110138 0.0435633 0.8110138 0.0435633 0.8094407 0.04853314 0.8110138 0.03183853 0.8094407 0.04853314 0.8070863 0.05185395 0.8110138 0.03183853 0.8070863 0.05185395 0.7976045 0.0435633 0.8110138 0.03183853 0.801532 0.05185395 0.8043091 0.05302006 0.8070863 0.05185395 0.8070863 0.05185395 0.8094407 0.04853314 0.801532 0.05185395 0.8094407 0.04853314 0.8110138 0.0435633 0.801532 0.05185395 0.8110138 0.0435633 0.8115662 0.03770089 0.8110138 0.03183853 0.8110138 0.03183853 0.8094407 0.02686864 0.8110138 0.0435633 0.8094407 0.02686864 0.8070863 0.02354788 0.8110138 0.0435633 0.8070863 0.02354788 0.8043091 0.02238172 0.801532 0.02354788 0.801532 0.02354788 0.7991776 0.02686864 0.7976045 0.03183853 0.7976045 0.03183853 0.797052 0.03770089 0.801532 0.05185395 0.797052 0.03770089 0.7976045 0.0435633 0.801532 0.05185395 0.7976045 0.0435633 0.7991776 0.04853314 0.801532 0.05185395 0.8070863 0.02354788 0.801532 0.02354788 0.801532 0.05185395 0.801532 0.02354788 0.7976045 0.03183853 0.801532 0.05185395 0.7991776 0.04853314 0.7991776 0.04853314 0.801532 0.05185395 0.8043091 0.05302006 0.8043091 0.05302006 0.8070863 0.05185395 0.801532 0.05185395 0.801532 0.05185395 0.8043091 0.05302006 0.801532 0.02354788 0.8043091 0.02238172 0.8043091 0.02238172 0.8094407 0.04853314 0.8070863 0.05185395 0.8070863 0.05185395 0.7991776 0.02686864 0.801532 0.02354788 0.801532 0.02354788 0.8094407 0.04853314 0.8094407 0.04853314 0.8110138 0.0435633 0.7991776 0.02686864 0.7991776 0.02686864 0.7976045 0.03183853 0.8110138 0.0435633 0.8110138 0.0435633 0.8115662 0.03770089 0.7976045 0.03183853 0.7976045 0.03183853 0.797052 0.03770089 0.8110138 0.03183853 0.8115662 0.03770089 0.8115662 0.03770089 0.7976045 0.0435633 0.797052 0.03770089 0.797052 0.03770089 0.8094407 0.02686864 0.8110138 0.03183853 0.8110138 0.03183853 0.7991776 0.04853314 0.7976045 0.0435633 0.7976045 0.0435633 0.8094407 0.02686864 0.8094407 0.02686864 0.8070863 0.02354788 0.7991776 0.04853314 0.7991776 0.04853314 0.801532 0.05185395 0.8043091 0.02238172 0.8070863 0.02354788 0.8070863 0.02354788 0.8070863 0.02354788 0.8070863 0.02354788 0.8043091 0.02238172 0.8043091 0.05302006 0.8043091 0.05302006 0.8070863 0.05185395 0.801532 0.05185395 0.801532 0.05185395 0.8043091 0.05302006 0.8043091 0.02238172 0.8043091 0.02238172 0.801532 0.02354788 0.8070863 0.05185395 0.8070863 0.05185395 0.8094407 0.04853314 0.801532 0.02354788 0.801532 0.02354788 0.7991776 0.02686864 0.8094407 0.04853314 0.8094407 0.04853314 0.8110138 0.0435633 0.7991776 0.02686864 0.7991776 0.02686864 0.7976045 0.03183853 0.8110138 0.0435633 0.8110138 0.0435633 0.8115662 0.03770089 0.7976045 0.03183853 0.7976045 0.03183853 0.797052 0.03770089 0.8115662 0.03770089 0.8115662 0.03770089 0.8110138 0.03183853 0.797052 0.03770089 0.797052 0.03770089 0.7976045 0.0435633 0.8110138 0.03183853 0.8110138 0.03183853 0.8094407 0.02686864 0.7976045 0.0435633 0.7976045 0.0435633 0.7991776 0.04853314 0.8094407 0.02686864 0.8094407 0.02686864 0.8070863 0.02354788 0.8070863 0.05185395 0.8043091 0.05302006 0.801532 0.05185395 0.801532 0.05185395 0.7991776 0.04853314 0.7976045 0.0435633 0.7976045 0.0435633 0.797052 0.03770089 0.801532 0.02354788 0.797052 0.03770089 0.7976045 0.03183853 0.801532 0.02354788 0.7976045 0.03183853 0.7991776 0.02686864 0.801532 0.02354788 0.801532 0.02354788 0.8043091 0.02238172 0.8070863 0.02354788 0.8070863 0.02354788 0.8094407 0.02686864 0.801532 0.02354788 0.8094407 0.02686864 0.8110138 0.03183853 0.801532 0.02354788 0.8110138 0.03183853 0.8115662 0.03770089 0.8110138 0.0435633 0.8110138 0.0435633 0.8094407 0.04853314 0.8110138 0.03183853 0.8094407 0.04853314 0.8070863 0.05185395 0.8110138 0.03183853 0.8070863 0.05185395 0.801532 0.05185395 0.801532 0.02354788 0.801532 0.05185395 0.7976045 0.0435633 0.801532 0.02354788 0.801532 0.05185395 0.7991776 0.04853314 0.7991776 0.04853314 0.8070863 0.05185395 0.8043091 0.05302006 0.8043091 0.05302006 0.8043091 0.05302006 0.801532 0.05185395 0.801532 0.05185395 0.801532 0.02354788 0.801532 0.02354788 0.8043091 0.02238172 0.8094407 0.04853314 0.8094407 0.04853314 0.8070863 0.05185395 0.7991776 0.02686864 0.7991776 0.02686864 0.801532 0.02354788 0.8110138 0.0435633 0.8094407 0.04853314 0.8094407 0.04853314 0.7976045 0.03183853 0.7991776 0.02686864 0.7991776 0.02686864 0.8115662 0.03770089 0.8110138 0.0435633 0.8110138 0.0435633 0.797052 0.03770089 0.7976045 0.03183853 0.7976045 0.03183853 0.8110138 0.03183853 0.8110138 0.03183853 0.8115662 0.03770089 0.7976045 0.0435633 0.7976045 0.0435633 0.797052 0.03770089 0.8094407 0.02686864 0.8094407 0.02686864 0.8110138 0.03183853 0.7991776 0.04853314 0.7991776 0.04853314 0.7976045 0.0435633 0.8070863 0.02354788 0.8094407 0.02686864 0.8094407 0.02686864 0.801532 0.05185395 0.7991776 0.04853314 0.7991776 0.04853314 0.8043091 0.02238172 0.8043091 0.02238172 0.8070863 0.02354788 0.8043091 0.02238172 0.8070863 0.02354788 0.8070863 0.02354788 0.8070863 0.05185395 0.8043091 0.05302006 0.8043091 0.05302006 0.8043091 0.05302006 0.801532 0.05185395 0.801532 0.05185395 0.801532 0.02354788 0.8043091 0.02238172 0.8043091 0.02238172 0.8094407 0.04853314 0.8070863 0.05185395 0.8070863 0.05185395 0.7991776 0.02686864 0.801532 0.02354788 0.801532 0.02354788 0.8110138 0.0435633 0.8094407 0.04853314 0.8094407 0.04853314 0.7976045 0.03183853 0.7991776 0.02686864 0.7991776 0.02686864 0.8115662 0.03770089 0.8110138 0.0435633 0.8110138 0.0435633 0.797052 0.03770089 0.7976045 0.03183853 0.7976045 0.03183853 0.8110138 0.03183853 0.8115662 0.03770089 0.8115662 0.03770089 0.7976045 0.0435633 0.797052 0.03770089 0.797052 0.03770089 0.8094407 0.02686864 0.8110138 0.03183853 0.8110138 0.03183853 0.7991776 0.04853314 0.7976045 0.0435633 0.7976045 0.0435633 0.8070863 0.02354788 0.8094407 0.02686864 0.8094407 0.02686864 0.7316153 0.2409618 0.712502 0.2759204 0.7316153 0.2759204 0.7983108 0.0725221 0.7312479 0.1161431 0.7312479 0.0725221 0.7312479 0.0725221 0.7983108 0.1161431 0.7983108 0.0725221 0.7969694 0.0725221 0.7301878 0.1161431 0.7356398 0.0725221 0.7356398 0.0725221 0.8024214 0.1161431 0.7969694 0.0725221 0.7363728 0.05430096 0.7187218 0.05430102 0.7187218 0.04639774 0.7363728 0.02036887 0.7187218 0.02036887 0.7187218 0.0283305 0.7363728 0.0283305 0.7187218 0.0283305 0.7187218 0.04024589 0.7363728 0.04024589 0.7187218 0.04024589 0.7187218 0.05430102 0.7185959 0.05471491 0.736247 0.05471491 0.736247 0.04065978 0.7185959 0.04065978 0.736247 0.04065978 0.736247 0.02874445 0.7185959 0.02874445 0.736247 0.02874445 0.736247 0.02078282 0.7363728 0.04639774 0.7187218 0.04639774 0.7187218 0.05430102 0.736247 0.05471491 0.736247 0.04681164 0.7185959 0.04681164 0.736247 0.02078282 0.736247 0.02874445 0.7185959 0.02874445 0.736247 0.02874445 0.736247 0.04065978 0.7185959 0.04065978 0.736247 0.04065978 0.736247 0.05471491 0.7185959 0.05471491 0.7363728 0.05430102 0.7187218 0.05430102 0.7187218 0.04024589 0.7363728 0.04024589 0.7187218 0.04024589 0.7187218 0.0283305 0.7187218 0.0283305 0.7187218 0.02036887 0.7363728 0.02036887 0.736247 0.04681164 0.736247 0.05471491 0.7185959 0.05471497 0.7277261 0.04303544 0.7277261 0.04254883 0.7277261 0.04254883 0.7332847 0.02519237 0.7316284 0.02860456 0.7328246 0.03229266 0.7221674 0.04809373 0.7238238 0.0446816 0.7226274 0.04099345 0.7307344 0.02168196 0.729838 0.02614021 0.7316284 0.02860456 0.7221674 0.04809373 0.7247177 0.05160415 0.7256141 0.0471459 0.7277261 0.02044928 0.7277261 0.02527487 0.729838 0.02614021 0.7277261 0.05283683 0.7307344 0.05160415 0.729838 0.0471459 0.7247177 0.05160415 0.7277261 0.05283683 0.7277261 0.04801124 0.7247177 0.02168196 0.7256141 0.02614021 0.7277261 0.02527487 0.7307344 0.05160415 0.7332847 0.04809373 0.7316284 0.0446816 0.7221674 0.02519237 0.7238238 0.02860456 0.7256141 0.02614021 0.7332847 0.04809373 0.7349888 0.04284018 0.7328246 0.04099345 0.7204632 0.03044599 0.7226274 0.03229266 0.7238238 0.02860456 0.7349888 0.04284018 0.7355873 0.03664308 0.7332447 0.03664308 0.7204632 0.03044599 0.7198648 0.03664308 0.7222074 0.03664308 0.7349888 0.03044599 0.7328246 0.03229266 0.7332447 0.03664308 0.7204632 0.04284018 0.7226274 0.04099345 0.7222074 0.03664308 0.7991776 0.02686864 0.8094407 0.04853314 0.8094407 0.02686864 0.7277261 0.03025066 0.7277261 0.03073728 0.7277261 0.03073728 0.7277261 0.04254883 0.7277261 0.04116314 0.7277261 0.04116314 0.7277261 0.03073728 0.7277261 0.03212296 0.7277261 0.03212296 0.7277261 0.04116314 0.7277261 0.03908932 0.7277261 0.03908932 0.7277261 0.03212296 0.7277261 0.03419679 0.7277261 0.03419679 0.7277261 0.03908932 0.7277261 0.03664308 0.7277261 0.03664308 0.7277261 0.03664308 0.7277261 0.03908932 0.7277261 0.03908932 0.7277261 0.03419679 0.7277261 0.03664308 0.7277261 0.03664308 0.7277261 0.03664308 0.7277261 0.03419679 0.7277261 0.03419679 0.7277261 0.03908932 0.7277261 0.04116314 0.7277261 0.04116314 0.7277261 0.03419679 0.7277261 0.03212296 0.7277261 0.03212296 0.7277261 0.04116314 0.7277261 0.04254883 0.7277261 0.04254883 0.7277261 0.03212296 0.7277261 0.03073728 0.7277261 0.03073728 0.7277261 0.04254883 0.7277261 0.04303544 0.7277261 0.04303544 0.7277261 0.03073728 0.7277261 0.03025066 0.7277261 0.03025066 0.8110138 0.0435633 0.7976045 0.03183853 0.8070863 0.02354788 0.7187218 0.04639774 0.7187218 0.05430102 0.7363728 0.05430096 0.7187218 0.0283305 0.7187218 0.02036887 0.7363728 0.02036887 0.7187218 0.04024589 0.7187218 0.0283305 0.7363728 0.0283305 0.7187218 0.05430102 0.7187218 0.04024589 0.7363728 0.04024589 0.736247 0.04065978 0.736247 0.05471491 0.7185959 0.05471491 0.736247 0.02874445 0.736247 0.04065978 0.7185959 0.04065978 0.736247 0.02078282 0.736247 0.02874445 0.7185959 0.02874445 0.7187218 0.05430102 0.7187218 0.04639774 0.7363728 0.04639774 0.736247 0.05471491 0.7185959 0.05471491 0.7185959 0.04681164 0.736247 0.02078282 0.7185959 0.02078282 0.7185959 0.02874445 0.736247 0.02874445 0.7185959 0.02874445 0.7185959 0.04065978 0.736247 0.04065978 0.7185959 0.04065978 0.7185959 0.05471491 0.7187218 0.04024589 0.7187218 0.05430102 0.7363728 0.05430102 0.7187218 0.0283305 0.7187218 0.04024589 0.7363728 0.04024589 0.7187218 0.0283305 0.7363728 0.0283305 0.7363728 0.02036887 0.736247 0.04681164 0.7185959 0.04681164 0.7185959 0.05471497 0.7277261 0.04254883 0.7277261 0.04254883 0.7277261 0.04303544 0.7332847 0.02519237 0.7349888 0.03044599 0.7328246 0.03229266 0.7221674 0.04809373 0.7204632 0.04284018 0.7226274 0.04099345 0.7307344 0.02168196 0.7332847 0.02519237 0.7316284 0.02860456 0.7256141 0.0471459 0.7247177 0.05160415 0.7221674 0.04809373 0.7277261 0.02044928 0.7307344 0.02168196 0.729838 0.02614021 0.729838 0.0471459 0.7307344 0.05160415 0.7277261 0.05283683 0.7277261 0.04801124 0.7277261 0.05283683 0.7247177 0.05160415 0.7247177 0.02168196 0.7277261 0.02044928 0.7277261 0.02527487 0.7316284 0.0446816 0.7332847 0.04809373 0.7307344 0.05160415 0.7221674 0.02519237 0.7247177 0.02168196 0.7256141 0.02614021 0.7328246 0.04099345 0.7349888 0.04284018 0.7332847 0.04809373 0.7204632 0.03044599 0.7221674 0.02519237 0.7238238 0.02860456 0.7332447 0.03664308 0.7355873 0.03664308 0.7349888 0.04284018 0.7222074 0.03664308 0.7198648 0.03664308 0.7204632 0.03044599 0.7349888 0.03044599 0.7355873 0.03664308 0.7332447 0.03664308 0.7204632 0.04284018 0.7198648 0.03664308 0.7222074 0.03664308 0.7991776 0.04853314 0.8043091 0.02238172 0.8043091 0.05302006 0.7277261 0.03073728 0.7277261 0.03073728 0.7277261 0.03025066 0.7277261 0.04116314 0.7277261 0.04116314 0.7277261 0.04254883 0.7277261 0.03212296 0.7277261 0.03212296 0.7277261 0.03073728 0.7277261 0.03908932 0.7277261 0.03908932 0.7277261 0.04116314 0.7277261 0.03419679 0.7277261 0.03419679 0.7277261 0.03212296 0.7277261 0.03664308 0.7277261 0.03664308 0.7277261 0.03908932 0.7277261 0.03908932 0.7277261 0.03908932 0.7277261 0.03664308 0.7277261 0.03664308 0.7277261 0.03664308 0.7277261 0.03419679 0.7277261 0.03419679 0.7277261 0.03419679 0.7277261 0.03664308 0.7277261 0.04116314 0.7277261 0.04116314 0.7277261 0.03908932 0.7277261 0.03212296 0.7277261 0.03212296 0.7277261 0.03419679 0.7277261 0.04254883 0.7277261 0.04254883 0.7277261 0.04116314 0.7277261 0.03073728 0.7277261 0.03073728 0.7277261 0.03212296 0.7277261 0.04303544 0.7277261 0.04303544 0.7277261 0.04254883 0.7277261 0.03025066 0.7277261 0.03025066 0.7277261 0.03073728 0.7976045 0.0435633 0.8110138 0.03183853 0.801532 0.02354788 0.801532 0.05185395 0.8070863 0.02354788 0.8110138 0.0435633 0.7991776 0.04853314 0.801532 0.05185395 0.801532 0.05185395 0.8043091 0.05302006 0.8070863 0.05185395 0.8070863 0.05185395 0.801532 0.05185395 0.8043091 0.05302006 0.8043091 0.05302006 0.801532 0.02354788 0.801532 0.02354788 0.8043091 0.02238172 0.8094407 0.04853314 0.8094407 0.04853314 0.8070863 0.05185395 0.7991776 0.02686864 0.7991776 0.02686864 0.801532 0.02354788 0.8094407 0.04853314 0.8110138 0.0435633 0.8110138 0.0435633 0.7991776 0.02686864 0.7976045 0.03183853 0.7976045 0.03183853 0.8110138 0.0435633 0.8115662 0.03770089 0.8115662 0.03770089 0.7976045 0.03183853 0.797052 0.03770089 0.797052 0.03770089 0.8110138 0.03183853 0.8110138 0.03183853 0.8115662 0.03770089 0.7976045 0.0435633 0.7976045 0.0435633 0.797052 0.03770089 0.8094407 0.02686864 0.8094407 0.02686864 0.8110138 0.03183853 0.7991776 0.04853314 0.7991776 0.04853314 0.7976045 0.0435633 0.8094407 0.02686864 0.8070863 0.02354788 0.8070863 0.02354788 0.7991776 0.04853314 0.801532 0.05185395 0.801532 0.05185395 0.8043091 0.02238172 0.8043091 0.02238172 0.8070863 0.02354788 0.8070863 0.02354788 0.8043091 0.02238172 0.8043091 0.02238172 0.8043091 0.05302006 0.8070863 0.05185395 0.8070863 0.05185395 0.801532 0.05185395 0.8043091 0.05302006 0.8043091 0.05302006 0.8043091 0.02238172 0.801532 0.02354788 0.801532 0.02354788 0.8070863 0.05185395 0.8094407 0.04853314 0.8094407 0.04853314 0.801532 0.02354788 0.7991776 0.02686864 0.7991776 0.02686864 0.8094407 0.04853314 0.8110138 0.0435633 0.8110138 0.0435633 0.7991776 0.02686864 0.7976045 0.03183853 0.7976045 0.03183853 0.8110138 0.0435633 0.8115662 0.03770089 0.8115662 0.03770089 0.7976045 0.03183853 0.797052 0.03770089 0.797052 0.03770089 0.8115662 0.03770089 0.8110138 0.03183853 0.8110138 0.03183853 0.797052 0.03770089 0.7976045 0.0435633 0.7976045 0.0435633 0.8110138 0.03183853 0.8094407 0.02686864 0.8094407 0.02686864 0.7976045 0.0435633 0.7991776 0.04853314 0.7991776 0.04853314 0.8094407 0.02686864 0.8070863 0.02354788 0.8070863 0.02354788 0.801532 0.02354788 0.8070863 0.05185395 0.8110138 0.03183853 0.801532 0.05185395 0.801532 0.05185395 0.7991776 0.04853314 0.8070863 0.05185395 0.8070863 0.05185395 0.8043091 0.05302006 0.8043091 0.05302006 0.8043091 0.05302006 0.801532 0.05185395 0.801532 0.02354788 0.8043091 0.02238172 0.8043091 0.02238172 0.8094407 0.04853314 0.8070863 0.05185395 0.8070863 0.05185395 0.7991776 0.02686864 0.801532 0.02354788 0.801532 0.02354788 0.8110138 0.0435633 0.8110138 0.0435633 0.8094407 0.04853314 0.7976045 0.03183853 0.7976045 0.03183853 0.7991776 0.02686864 0.8115662 0.03770089 0.8115662 0.03770089 0.8110138 0.0435633 0.797052 0.03770089 0.797052 0.03770089 0.7976045 0.03183853 0.8110138 0.03183853 0.8115662 0.03770089 0.8115662 0.03770089 0.7976045 0.0435633 0.797052 0.03770089 0.797052 0.03770089 0.8094407 0.02686864 0.8110138 0.03183853 0.8110138 0.03183853 0.7991776 0.04853314 0.7976045 0.0435633 0.7976045 0.0435633 0.8070863 0.02354788 0.8070863 0.02354788 0.8094407 0.02686864 0.801532 0.05185395 0.801532 0.05185395 0.7991776 0.04853314 0.8043091 0.02238172 0.8070863 0.02354788 0.8070863 0.02354788 0.8043091 0.02238172 0.8043091 0.02238172 0.8070863 0.02354788 0.8070863 0.05185395 0.8070863 0.05185395 0.8043091 0.05302006 0.8043091 0.05302006 0.8043091 0.05302006 0.801532 0.05185395 0.801532 0.02354788 0.801532 0.02354788 0.8043091 0.02238172 0.8094407 0.04853314 0.8094407 0.04853314 0.8070863 0.05185395 0.7991776 0.02686864 0.7991776 0.02686864 0.801532 0.02354788 0.8110138 0.0435633 0.8110138 0.0435633 0.8094407 0.04853314 0.7976045 0.03183853 0.7976045 0.03183853 0.7991776 0.02686864 0.8115662 0.03770089 0.8115662 0.03770089 0.8110138 0.0435633 0.797052 0.03770089 0.797052 0.03770089 0.7976045 0.03183853 0.8110138 0.03183853 0.8110138 0.03183853 0.8115662 0.03770089 0.7976045 0.0435633 0.7976045 0.0435633 0.797052 0.03770089 0.8094407 0.02686864 0.8094407 0.02686864 0.8110138 0.03183853 0.7991776 0.04853314 0.7991776 0.04853314 0.7976045 0.0435633 0.8070863 0.02354788 0.8070863 0.02354788 0.8094407 0.02686864 0.7363728 0.05430096 0.7187218 0.04639774 0.7363728 0.04639774 0.7363728 0.02036887 0.7187218 0.0283305 0.7363728 0.0283305 0.7363728 0.0283305 0.7187218 0.04024589 0.7363728 0.04024589 0.7363728 0.04024589 0.7187218 0.05430102 0.7363728 0.05430102 0.7185959 0.05471491 0.736247 0.04065978 0.7185959 0.04065978 0.7185959 0.04065978 0.736247 0.02874445 0.7185959 0.02874445 0.7185959 0.02874445 0.736247 0.02078282 0.7185959 0.02078282 0.7363728 0.04639774 0.7187218 0.05430102 0.7363728 0.05430102 0.736247 0.05471491 0.7185959 0.04681164 0.7185959 0.05471491 0.736247 0.02078282 0.7185959 0.02874445 0.7185959 0.02078282 0.736247 0.02874445 0.7185959 0.04065978 0.7185959 0.02874445 0.736247 0.04065978 0.7185959 0.05471491 0.7185959 0.04065978 0.7363728 0.05430102 0.7187218 0.04024589 0.7363728 0.04024589 0.7363728 0.04024589 0.7187218 0.0283305 0.7363728 0.0283305 0.7187218 0.0283305 0.7363728 0.02036887 0.7363728 0.0283305 0.736247 0.04681164 0.7185959 0.05471497 0.7185959 0.04681164 0.7277261 0.04303544 0.7277261 0.04254883 0.7277261 0.04303544 0.7332847 0.02519237 0.7328246 0.03229266 0.7349888 0.03044599 0.7221674 0.04809373 0.7226274 0.04099345 0.7204632 0.04284018 0.7307344 0.02168196 0.7316284 0.02860456 0.7332847 0.02519237 0.7221674 0.04809373 0.7256141 0.0471459 0.7238238 0.0446816 0.7277261 0.02044928 0.729838 0.02614021 0.7307344 0.02168196 0.7277261 0.05283683 0.729838 0.0471459 0.7277261 0.04801124 0.7247177 0.05160415 0.7277261 0.04801124 0.7256141 0.0471459 0.7247177 0.02168196 0.7277261 0.02527487 0.7277261 0.02044928 0.7307344 0.05160415 0.7316284 0.0446816 0.729838 0.0471459 0.7221674 0.02519237 0.7256141 0.02614021 0.7247177 0.02168196 0.7332847 0.04809373 0.7328246 0.04099345 0.7316284 0.0446816 0.7204632 0.03044599 0.7238238 0.02860456 0.7221674 0.02519237 0.7349888 0.04284018 0.7332447 0.03664308 0.7328246 0.04099345 0.7204632 0.03044599 0.7222074 0.03664308 0.7226274 0.03229266 0.7349888 0.03044599 0.7332447 0.03664308 0.7355873 0.03664308 0.7204632 0.04284018 0.7222074 0.03664308 0.7198648 0.03664308 0.8094407 0.04853314 0.7991776 0.04853314 0.8070863 0.05185395 0.8070863 0.05185395 0.7991776 0.04853314 0.8043091 0.05302006 0.8043091 0.05302006 0.7991776 0.04853314 0.801532 0.05185395 0.7991776 0.04853314 0.797052 0.03770089 0.7976045 0.0435633 0.797052 0.03770089 0.7991776 0.04853314 0.7976045 0.03183853 0.7976045 0.03183853 0.7991776 0.04853314 0.7991776 0.02686864 0.7991776 0.02686864 0.8043091 0.02238172 0.801532 0.02354788 0.8043091 0.02238172 0.8094407 0.02686864 0.8070863 0.02354788 0.8094407 0.02686864 0.8094407 0.04853314 0.8110138 0.03183853 0.8110138 0.03183853 0.8094407 0.04853314 0.8115662 0.03770089 0.8115662 0.03770089 0.8094407 0.04853314 0.8110138 0.0435633 0.7991776 0.02686864 0.8094407 0.02686864 0.8043091 0.02238172 0.8094407 0.04853314 0.7991776 0.02686864 0.7991776 0.04853314 0.7277261 0.03025066 0.7277261 0.03073728 0.7277261 0.03025066 0.7277261 0.04254883 0.7277261 0.04116314 0.7277261 0.04254883 0.7277261 0.03073728 0.7277261 0.03212296 0.7277261 0.03073728 0.7277261 0.04116314 0.7277261 0.03908932 0.7277261 0.04116314 0.7277261 0.03212296 0.7277261 0.03419679 0.7277261 0.03212296 0.7277261 0.03908932 0.7277261 0.03664308 0.7277261 0.03908932 0.7277261 0.03664308 0.7277261 0.03908932 0.7277261 0.03664308 0.7277261 0.03419679 0.7277261 0.03664308 0.7277261 0.03419679 0.7277261 0.03664308 0.7277261 0.03419679 0.7277261 0.03664308 0.7277261 0.03908932 0.7277261 0.04116314 0.7277261 0.03908932 0.7277261 0.03419679 0.7277261 0.03212296 0.7277261 0.03419679 0.7277261 0.04116314 0.7277261 0.04254883 0.7277261 0.04116314 0.7277261 0.03212296 0.7277261 0.03073728 0.7277261 0.03212296 0.7277261 0.04254883 0.7277261 0.04303544 0.7277261 0.04254883 0.7277261 0.03073728 0.7277261 0.03025066 0.7277261 0.03073728 0.801532 0.05185395 0.8110138 0.0435633 0.8043091 0.05302006 0.8043091 0.05302006 0.8110138 0.0435633 0.8070863 0.05185395 0.8070863 0.05185395 0.8110138 0.0435633 0.8094407 0.04853314 0.8110138 0.0435633 0.8110138 0.03183853 0.8115662 0.03770089 0.8110138 0.03183853 0.8110138 0.0435633 0.8094407 0.02686864 0.8094407 0.02686864 0.8110138 0.0435633 0.8070863 0.02354788 0.8070863 0.02354788 0.801532 0.02354788 0.8043091 0.02238172 0.801532 0.02354788 0.8070863 0.02354788 0.7991776 0.02686864 0.7991776 0.02686864 0.8070863 0.02354788 0.7976045 0.03183853 0.7976045 0.03183853 0.7976045 0.0435633 0.797052 0.03770089 0.7976045 0.0435633 0.7976045 0.03183853 0.7991776 0.04853314 0.7991776 0.04853314 0.7976045 0.03183853 0.801532 0.05185395 0.801532 0.05185395 0.7976045 0.03183853 0.8110138 0.0435633 0.7187218 0.04639774 0.7363728 0.05430096 0.7363728 0.04639774 0.7187218 0.0283305 0.7363728 0.02036887 0.7363728 0.0283305 0.7187218 0.04024589 0.7363728 0.0283305 0.7363728 0.04024589 0.7187218 0.05430102 0.7363728 0.04024589 0.7363728 0.05430102 0.736247 0.04065978 0.7185959 0.05471491 0.7185959 0.04065978 0.736247 0.02874445 0.7185959 0.04065978 0.7185959 0.02874445 0.736247 0.02078282 0.7185959 0.02874445 0.7185959 0.02078282 0.7187218 0.05430102 0.7363728 0.04639774 0.7363728 0.05430102 0.736247 0.05471491 0.7185959 0.04681164 0.736247 0.04681164 0.736247 0.02078282 0.7185959 0.02874445 0.736247 0.02874445 0.736247 0.02874445 0.7185959 0.04065978 0.736247 0.04065978 0.736247 0.04065978 0.7185959 0.05471491 0.736247 0.05471491 0.7187218 0.04024589 0.7363728 0.05430102 0.7363728 0.04024589 0.7187218 0.0283305 0.7363728 0.04024589 0.7363728 0.0283305 0.7187218 0.0283305 0.7363728 0.02036887 0.7187218 0.02036887 0.736247 0.04681164 0.7185959 0.05471497 0.736247 0.05471491 0.7277261 0.04254883 0.7277261 0.04303544 0.7277261 0.04303544 0.7332847 0.02519237 0.7328246 0.03229266 0.7316284 0.02860456 0.7221674 0.04809373 0.7226274 0.04099345 0.7238238 0.0446816 0.7307344 0.02168196 0.7316284 0.02860456 0.729838 0.02614021 0.7256141 0.0471459 0.7221674 0.04809373 0.7238238 0.0446816 0.7277261 0.02044928 0.729838 0.02614021 0.7277261 0.02527487 0.729838 0.0471459 0.7277261 0.05283683 0.7277261 0.04801124 0.7277261 0.04801124 0.7247177 0.05160415 0.7256141 0.0471459 0.7247177 0.02168196 0.7277261 0.02527487 0.7256141 0.02614021 0.7316284 0.0446816 0.7307344 0.05160415 0.729838 0.0471459 0.7221674 0.02519237 0.7256141 0.02614021 0.7238238 0.02860456 0.7328246 0.04099345 0.7332847 0.04809373 0.7316284 0.0446816 0.7204632 0.03044599 0.7238238 0.02860456 0.7226274 0.03229266 0.7332447 0.03664308 0.7349888 0.04284018 0.7328246 0.04099345 0.7222074 0.03664308 0.7204632 0.03044599 0.7226274 0.03229266 0.7349888 0.03044599 0.7332447 0.03664308 0.7328246 0.03229266 0.7204632 0.04284018 0.7222074 0.03664308 0.7226274 0.04099345 0.8043091 0.05302006 0.8094407 0.04853314 0.8070863 0.05185395 0.8094407 0.04853314 0.8115662 0.03770089 0.8110138 0.0435633 0.8115662 0.03770089 0.8043091 0.02238172 0.8110138 0.03183853 0.8110138 0.03183853 0.8043091 0.02238172 0.8094407 0.02686864 0.8094407 0.02686864 0.8043091 0.02238172 0.8070863 0.02354788 0.8043091 0.02238172 0.7991776 0.02686864 0.801532 0.02354788 0.7991776 0.02686864 0.8043091 0.02238172 0.7976045 0.03183853 0.7976045 0.03183853 0.8043091 0.02238172 0.797052 0.03770089 0.797052 0.03770089 0.7991776 0.04853314 0.7976045 0.0435633 0.7991776 0.04853314 0.8043091 0.05302006 0.801532 0.05185395 0.8043091 0.05302006 0.8043091 0.02238172 0.8094407 0.04853314 0.8094407 0.04853314 0.8043091 0.02238172 0.8115662 0.03770089 0.797052 0.03770089 0.8043091 0.02238172 0.7991776 0.04853314 0.7277261 0.03073728 0.7277261 0.03025066 0.7277261 0.03025066 0.7277261 0.04116314 0.7277261 0.04254883 0.7277261 0.04254883 0.7277261 0.03212296 0.7277261 0.03073728 0.7277261 0.03073728 0.7277261 0.03908932 0.7277261 0.04116314 0.7277261 0.04116314 0.7277261 0.03419679 0.7277261 0.03212296 0.7277261 0.03212296 0.7277261 0.03664308 0.7277261 0.03908932 0.7277261 0.03908932 0.7277261 0.03908932 0.7277261 0.03664308 0.7277261 0.03664308 0.7277261 0.03664308 0.7277261 0.03419679 0.7277261 0.03419679 0.7277261 0.03419679 0.7277261 0.03664308 0.7277261 0.03664308 0.7277261 0.04116314 0.7277261 0.03908932 0.7277261 0.03908932 0.7277261 0.03212296 0.7277261 0.03419679 0.7277261 0.03419679 0.7277261 0.04254883 0.7277261 0.04116314 0.7277261 0.04116314 0.7277261 0.03073728 0.7277261 0.03212296 0.7277261 0.03212296 0.7277261 0.04303544 0.7277261 0.04254883 0.7277261 0.04254883 0.7277261 0.03025066 0.7277261 0.03073728 0.7277261 0.03073728 0.8070863 0.05185395 0.801532 0.05185395 0.8043091 0.05302006 0.801532 0.05185395 0.8070863 0.05185395 0.7991776 0.04853314 0.7991776 0.04853314 0.8070863 0.05185395 0.7976045 0.0435633 0.7976045 0.0435633 0.7976045 0.03183853 0.797052 0.03770089 0.7976045 0.03183853 0.7976045 0.0435633 0.7991776 0.02686864 0.7991776 0.02686864 0.7976045 0.0435633 0.801532 0.02354788 0.801532 0.02354788 0.8070863 0.02354788 0.8043091 0.02238172 0.8070863 0.02354788 0.801532 0.02354788 0.8094407 0.02686864 0.8094407 0.02686864 0.801532 0.02354788 0.8110138 0.03183853 0.8110138 0.03183853 0.8110138 0.0435633 0.8115662 0.03770089 0.8110138 0.0435633 0.8110138 0.03183853 0.8094407 0.04853314 0.8094407 0.04853314 0.8110138 0.03183853 0.8070863 0.05185395 0.8070863 0.05185395 0.8110138 0.03183853 0.7976045 0.0435633 0.801532 0.05185395 0.8070863 0.05185395 0.8043091 0.05302006 0.8070863 0.05185395 0.801532 0.05185395 0.8094407 0.04853314 0.8094407 0.04853314 0.801532 0.05185395 0.8110138 0.0435633 0.8110138 0.0435633 0.8110138 0.03183853 0.8115662 0.03770089 0.8110138 0.03183853 0.8110138 0.0435633 0.8094407 0.02686864 0.8094407 0.02686864 0.8110138 0.0435633 0.8070863 0.02354788 0.8070863 0.02354788 0.801532 0.02354788 0.8043091 0.02238172 0.801532 0.02354788 0.7976045 0.03183853 0.7991776 0.02686864 0.7976045 0.03183853 0.801532 0.05185395 0.797052 0.03770089 0.797052 0.03770089 0.801532 0.05185395 0.7976045 0.0435633 0.7976045 0.0435633 0.801532 0.05185395 0.7991776 0.04853314 0.8070863 0.02354788 0.801532 0.05185395 0.801532 0.02354788 0.801532 0.02354788 0.801532 0.05185395 0.7976045 0.03183853 0.7991776 0.04853314 0.801532 0.05185395 0.7991776 0.04853314 0.8043091 0.05302006 0.8070863 0.05185395 0.8043091 0.05302006 0.801532 0.05185395 0.8043091 0.05302006 0.801532 0.05185395 0.801532 0.02354788 0.8043091 0.02238172 0.8043091 0.02238172 0.8094407 0.04853314 0.8070863 0.05185395 0.8070863 0.05185395 0.7991776 0.02686864 0.801532 0.02354788 0.801532 0.02354788 0.8094407 0.04853314 0.8110138 0.0435633 0.8094407 0.04853314 0.7991776 0.02686864 0.7976045 0.03183853 0.7991776 0.02686864 0.8110138 0.0435633 0.8115662 0.03770089 0.8110138 0.0435633 0.7976045 0.03183853 0.797052 0.03770089 0.7976045 0.03183853 0.8110138 0.03183853 0.8115662 0.03770089 0.8115662 0.03770089 0.7976045 0.0435633 0.797052 0.03770089 0.797052 0.03770089 0.8094407 0.02686864 0.8110138 0.03183853 0.8110138 0.03183853 0.7991776 0.04853314 0.7976045 0.0435633 0.7976045 0.0435633 0.8094407 0.02686864 0.8070863 0.02354788 0.8094407 0.02686864 0.7991776 0.04853314 0.801532 0.05185395 0.7991776 0.04853314 0.8043091 0.02238172 0.8070863 0.02354788 0.8070863 0.02354788 0.8070863 0.02354788 0.8043091 0.02238172 0.8070863 0.02354788 0.8043091 0.05302006 0.8070863 0.05185395 0.8043091 0.05302006 0.801532 0.05185395 0.8043091 0.05302006 0.801532 0.05185395 0.8043091 0.02238172 0.801532 0.02354788 0.8043091 0.02238172 0.8070863 0.05185395 0.8094407 0.04853314 0.8070863 0.05185395 0.801532 0.02354788 0.7991776 0.02686864 0.801532 0.02354788 0.8094407 0.04853314 0.8110138 0.0435633 0.8094407 0.04853314 0.7991776 0.02686864 0.7976045 0.03183853 0.7991776 0.02686864 0.8110138 0.0435633 0.8115662 0.03770089 0.8110138 0.0435633 0.7976045 0.03183853 0.797052 0.03770089 0.7976045 0.03183853 0.8115662 0.03770089 0.8110138 0.03183853 0.8115662 0.03770089 0.797052 0.03770089 0.7976045 0.0435633 0.797052 0.03770089 0.8110138 0.03183853 0.8094407 0.02686864 0.8110138 0.03183853 0.7976045 0.0435633 0.7991776 0.04853314 0.7976045 0.0435633 0.8094407 0.02686864 0.8070863 0.02354788 0.8094407 0.02686864 0.8070863 0.05185395 0.801532 0.05185395 0.8043091 0.05302006 0.801532 0.05185395 0.7976045 0.0435633 0.7991776 0.04853314 0.7976045 0.0435633 0.801532 0.02354788 0.797052 0.03770089 0.797052 0.03770089 0.801532 0.02354788 0.7976045 0.03183853 0.7976045 0.03183853 0.801532 0.02354788 0.7991776 0.02686864 0.801532 0.02354788 0.8070863 0.02354788 0.8043091 0.02238172 0.8070863 0.02354788 0.801532 0.02354788 0.8094407 0.02686864 0.8094407 0.02686864 0.801532 0.02354788 0.8110138 0.03183853 0.8110138 0.03183853 0.8110138 0.0435633 0.8115662 0.03770089 0.8110138 0.0435633 0.8110138 0.03183853 0.8094407 0.04853314 0.8094407 0.04853314 0.8110138 0.03183853 0.8070863 0.05185395 0.8070863 0.05185395 0.801532 0.02354788 0.801532 0.05185395 0.801532 0.05185395 0.801532 0.02354788 0.7976045 0.0435633 0.801532 0.05185395 0.7991776 0.04853314 0.7991776 0.04853314 0.8070863 0.05185395 0.8043091 0.05302006 0.8043091 0.05302006 0.8043091 0.05302006 0.801532 0.05185395 0.801532 0.05185395 0.801532 0.02354788 0.8043091 0.02238172 0.801532 0.02354788 0.8094407 0.04853314 0.8070863 0.05185395 0.8094407 0.04853314 0.7991776 0.02686864 0.801532 0.02354788 0.7991776 0.02686864 0.8110138 0.0435633 0.8094407 0.04853314 0.8094407 0.04853314 0.7976045 0.03183853 0.7991776 0.02686864 0.7991776 0.02686864 0.8115662 0.03770089 0.8110138 0.0435633 0.8110138 0.0435633 0.797052 0.03770089 0.7976045 0.03183853 0.7976045 0.03183853 0.8110138 0.03183853 0.8115662 0.03770089 0.8110138 0.03183853 0.7976045 0.0435633 0.797052 0.03770089 0.7976045 0.0435633 0.8094407 0.02686864 0.8110138 0.03183853 0.8094407 0.02686864 0.7991776 0.04853314 0.7976045 0.0435633 0.7991776 0.04853314 0.8070863 0.02354788 0.8094407 0.02686864 0.8094407 0.02686864 0.801532 0.05185395 0.7991776 0.04853314 0.7991776 0.04853314 0.8043091 0.02238172 0.8070863 0.02354788 0.8043091 0.02238172 0.8043091 0.02238172 0.8070863 0.02354788 0.8070863 0.02354788 0.8070863 0.05185395 0.8043091 0.05302006 0.8043091 0.05302006 0.8043091 0.05302006 0.801532 0.05185395 0.801532 0.05185395 0.801532 0.02354788 0.8043091 0.02238172 0.8043091 0.02238172 0.8094407 0.04853314 0.8070863 0.05185395 0.8070863 0.05185395 0.7991776 0.02686864 0.801532 0.02354788 0.801532 0.02354788 0.8110138 0.0435633 0.8094407 0.04853314 0.8094407 0.04853314 0.7976045 0.03183853 0.7991776 0.02686864 0.7991776 0.02686864 0.8115662 0.03770089 0.8110138 0.0435633 0.8110138 0.0435633 0.797052 0.03770089 0.7976045 0.03183853 0.7976045 0.03183853 0.8110138 0.03183853 0.8115662 0.03770089 0.8115662 0.03770089 0.7976045 0.0435633 0.797052 0.03770089 0.797052 0.03770089 0.8094407 0.02686864 0.8110138 0.03183853 0.8110138 0.03183853 0.7991776 0.04853314 0.7976045 0.0435633 0.7976045 0.0435633 0.8070863 0.02354788 0.8094407 0.02686864 0.8094407 0.02686864 0.7363728 0.05430096 0.7187218 0.05430102 0.7187218 0.04639774 0.7363728 0.02036887 0.7187218 0.02036887 0.7187218 0.0283305 0.7363728 0.0283305 0.7187218 0.0283305 0.7187218 0.04024589 0.7363728 0.04024589 0.7187218 0.04024589 0.7187218 0.05430102 0.7185959 0.05471491 0.736247 0.05471491 0.736247 0.04065978 0.7185959 0.04065978 0.736247 0.04065978 0.736247 0.02874445 0.7185959 0.02874445 0.736247 0.02874445 0.736247 0.02078282 0.7363728 0.04639774 0.7187218 0.04639774 0.7187218 0.05430102 0.736247 0.05471491 0.736247 0.04681164 0.7185959 0.04681164 0.736247 0.02078282 0.736247 0.02874445 0.7185959 0.02874445 0.736247 0.02874445 0.736247 0.04065978 0.7185959 0.04065978 0.736247 0.04065978 0.736247 0.05471491 0.7185959 0.05471491 0.7363728 0.05430102 0.7187218 0.05430102 0.7187218 0.04024589 0.7363728 0.04024589 0.7187218 0.04024589 0.7187218 0.0283305 0.7187218 0.0283305 0.7187218 0.02036887 0.7363728 0.02036887 0.736247 0.04681164 0.736247 0.05471491 0.7185959 0.05471497 0.7277261 0.04303544 0.7277261 0.04254883 0.7277261 0.04254883 0.7332847 0.02519237 0.7316284 0.02860456 0.7328246 0.03229266 0.7221674 0.04809373 0.7238238 0.0446816 0.7226274 0.04099345 0.7307344 0.02168196 0.729838 0.02614021 0.7316284 0.02860456 0.7221674 0.04809373 0.7247177 0.05160415 0.7256141 0.0471459 0.7277261 0.02044928 0.7277261 0.02527487 0.729838 0.02614021 0.7277261 0.05283683 0.7307344 0.05160415 0.729838 0.0471459 0.7247177 0.05160415 0.7277261 0.05283683 0.7277261 0.04801124 0.7247177 0.02168196 0.7256141 0.02614021 0.7277261 0.02527487 0.7307344 0.05160415 0.7332847 0.04809373 0.7316284 0.0446816 0.7221674 0.02519237 0.7238238 0.02860456 0.7256141 0.02614021 0.7332847 0.04809373 0.7349888 0.04284018 0.7328246 0.04099345 0.7204632 0.03044599 0.7226274 0.03229266 0.7238238 0.02860456 0.7349888 0.04284018 0.7355873 0.03664308 0.7332447 0.03664308 0.7204632 0.03044599 0.7198648 0.03664308 0.7222074 0.03664308 0.7349888 0.03044599 0.7328246 0.03229266 0.7332447 0.03664308 0.7204632 0.04284018 0.7226274 0.04099345 0.7222074 0.03664308 0.7991776 0.02686864 0.8094407 0.04853314 0.8094407 0.02686864 0.7277261 0.03025066 0.7277261 0.03073728 0.7277261 0.03073728 0.7277261 0.04254883 0.7277261 0.04116314 0.7277261 0.04116314 0.7277261 0.03073728 0.7277261 0.03212296 0.7277261 0.03212296 0.7277261 0.04116314 0.7277261 0.03908932 0.7277261 0.03908932 0.7277261 0.03212296 0.7277261 0.03419679 0.7277261 0.03419679 0.7277261 0.03908932 0.7277261 0.03664308 0.7277261 0.03664308 0.7277261 0.03664308 0.7277261 0.03908932 0.7277261 0.03908932 0.7277261 0.03419679 0.7277261 0.03664308 0.7277261 0.03664308 0.7277261 0.03664308 0.7277261 0.03419679 0.7277261 0.03419679 0.7277261 0.03908932 0.7277261 0.04116314 0.7277261 0.04116314 0.7277261 0.03419679 0.7277261 0.03212296 0.7277261 0.03212296 0.7277261 0.04116314 0.7277261 0.04254883 0.7277261 0.04254883 0.7277261 0.03212296 0.7277261 0.03073728 0.7277261 0.03073728 0.7277261 0.04254883 0.7277261 0.04303544 0.7277261 0.04303544 0.7277261 0.03073728 0.7277261 0.03025066 0.7277261 0.03025066 0.8110138 0.0435633 0.7976045 0.03183853 0.8070863 0.02354788 0.7187218 0.04639774 0.7187218 0.05430102 0.7363728 0.05430096 0.7187218 0.0283305 0.7187218 0.02036887 0.7363728 0.02036887 0.7187218 0.04024589 0.7187218 0.0283305 0.7363728 0.0283305 0.7187218 0.05430102 0.7187218 0.04024589 0.7363728 0.04024589 0.736247 0.04065978 0.736247 0.05471491 0.7185959 0.05471491 0.736247 0.02874445 0.736247 0.04065978 0.7185959 0.04065978 0.736247 0.02078282 0.736247 0.02874445 0.7185959 0.02874445 0.7187218 0.05430102 0.7187218 0.04639774 0.7363728 0.04639774 0.736247 0.05471491 0.7185959 0.05471491 0.7185959 0.04681164 0.736247 0.02078282 0.7185959 0.02078282 0.7185959 0.02874445 0.736247 0.02874445 0.7185959 0.02874445 0.7185959 0.04065978 0.736247 0.04065978 0.7185959 0.04065978 0.7185959 0.05471491 0.7187218 0.04024589 0.7187218 0.05430102 0.7363728 0.05430102 0.7187218 0.0283305 0.7187218 0.04024589 0.7363728 0.04024589 0.7187218 0.0283305 0.7363728 0.0283305 0.7363728 0.02036887 0.736247 0.04681164 0.7185959 0.04681164 0.7185959 0.05471497 0.7277261 0.04254883 0.7277261 0.04254883 0.7277261 0.04303544 0.7332847 0.02519237 0.7349888 0.03044599 0.7328246 0.03229266 0.7221674 0.04809373 0.7204632 0.04284018 0.7226274 0.04099345 0.7307344 0.02168196 0.7332847 0.02519237 0.7316284 0.02860456 0.7256141 0.0471459 0.7247177 0.05160415 0.7221674 0.04809373 0.7277261 0.02044928 0.7307344 0.02168196 0.729838 0.02614021 0.729838 0.0471459 0.7307344 0.05160415 0.7277261 0.05283683 0.7277261 0.04801124 0.7277261 0.05283683 0.7247177 0.05160415 0.7247177 0.02168196 0.7277261 0.02044928 0.7277261 0.02527487 0.7316284 0.0446816 0.7332847 0.04809373 0.7307344 0.05160415 0.7221674 0.02519237 0.7247177 0.02168196 0.7256141 0.02614021 0.7328246 0.04099345 0.7349888 0.04284018 0.7332847 0.04809373 0.7204632 0.03044599 0.7221674 0.02519237 0.7238238 0.02860456 0.7332447 0.03664308 0.7355873 0.03664308 0.7349888 0.04284018 0.7222074 0.03664308 0.7198648 0.03664308 0.7204632 0.03044599 0.7349888 0.03044599 0.7355873 0.03664308 0.7332447 0.03664308 0.7204632 0.04284018 0.7198648 0.03664308 0.7222074 0.03664308 0.7991776 0.04853314 0.8043091 0.02238172 0.8043091 0.05302006 0.7277261 0.03073728 0.7277261 0.03073728 0.7277261 0.03025066 0.7277261 0.04116314 0.7277261 0.04116314 0.7277261 0.04254883 0.7277261 0.03212296 0.7277261 0.03212296 0.7277261 0.03073728 0.7277261 0.03908932 0.7277261 0.03908932 0.7277261 0.04116314 0.7277261 0.03419679 0.7277261 0.03419679 0.7277261 0.03212296 0.7277261 0.03664308 0.7277261 0.03664308 0.7277261 0.03908932 0.7277261 0.03908932 0.7277261 0.03908932 0.7277261 0.03664308 0.7277261 0.03664308 0.7277261 0.03664308 0.7277261 0.03419679 0.7277261 0.03419679 0.7277261 0.03419679 0.7277261 0.03664308 0.7277261 0.04116314 0.7277261 0.04116314 0.7277261 0.03908932 0.7277261 0.03212296 0.7277261 0.03212296 0.7277261 0.03419679 0.7277261 0.04254883 0.7277261 0.04254883 0.7277261 0.04116314 0.7277261 0.03073728 0.7277261 0.03073728 0.7277261 0.03212296 0.7277261 0.04303544 0.7277261 0.04303544 0.7277261 0.04254883 0.7277261 0.03025066 0.7277261 0.03025066 0.7277261 0.03073728 0.7976045 0.0435633 0.8110138 0.03183853 0.801532 0.02354788 0.801532 0.05185395 0.8070863 0.02354788 0.8110138 0.0435633 0.7991776 0.04853314 0.801532 0.05185395 0.801532 0.05185395 0.8043091 0.05302006 0.8070863 0.05185395 0.8070863 0.05185395 0.801532 0.05185395 0.8043091 0.05302006 0.8043091 0.05302006 0.801532 0.02354788 0.801532 0.02354788 0.8043091 0.02238172 0.8094407 0.04853314 0.8094407 0.04853314 0.8070863 0.05185395 0.7991776 0.02686864 0.7991776 0.02686864 0.801532 0.02354788 0.8094407 0.04853314 0.8110138 0.0435633 0.8110138 0.0435633 0.7991776 0.02686864 0.7976045 0.03183853 0.7976045 0.03183853 0.8110138 0.0435633 0.8115662 0.03770089 0.8115662 0.03770089 0.7976045 0.03183853 0.797052 0.03770089 0.797052 0.03770089 0.8110138 0.03183853 0.8110138 0.03183853 0.8115662 0.03770089 0.7976045 0.0435633 0.7976045 0.0435633 0.797052 0.03770089 0.8094407 0.02686864 0.8094407 0.02686864 0.8110138 0.03183853 0.7991776 0.04853314 0.7991776 0.04853314 0.7976045 0.0435633 0.8094407 0.02686864 0.8070863 0.02354788 0.8070863 0.02354788 0.7991776 0.04853314 0.801532 0.05185395 0.801532 0.05185395 0.8043091 0.02238172 0.8043091 0.02238172 0.8070863 0.02354788 0.8070863 0.02354788 0.8043091 0.02238172 0.8043091 0.02238172 0.8043091 0.05302006 0.8070863 0.05185395 0.8070863 0.05185395 0.801532 0.05185395 0.8043091 0.05302006 0.8043091 0.05302006 0.8043091 0.02238172 0.801532 0.02354788 0.801532 0.02354788 0.8070863 0.05185395 0.8094407 0.04853314 0.8094407 0.04853314 0.801532 0.02354788 0.7991776 0.02686864 0.7991776 0.02686864 0.8094407 0.04853314 0.8110138 0.0435633 0.8110138 0.0435633 0.7991776 0.02686864 0.7976045 0.03183853 0.7976045 0.03183853 0.8110138 0.0435633 0.8115662 0.03770089 0.8115662 0.03770089 0.7976045 0.03183853 0.797052 0.03770089 0.797052 0.03770089 0.8115662 0.03770089 0.8110138 0.03183853 0.8110138 0.03183853 0.797052 0.03770089 0.7976045 0.0435633 0.7976045 0.0435633 0.8110138 0.03183853 0.8094407 0.02686864 0.8094407 0.02686864 0.7976045 0.0435633 0.7991776 0.04853314 0.7991776 0.04853314 0.8094407 0.02686864 0.8070863 0.02354788 0.8070863 0.02354788 0.801532 0.02354788 0.8070863 0.05185395 0.8110138 0.03183853 0.801532 0.05185395 0.801532 0.05185395 0.7991776 0.04853314 0.8070863 0.05185395 0.8070863 0.05185395 0.8043091 0.05302006 0.8043091 0.05302006 0.8043091 0.05302006 0.801532 0.05185395 0.801532 0.02354788 0.8043091 0.02238172 0.8043091 0.02238172 0.8094407 0.04853314 0.8070863 0.05185395 0.8070863 0.05185395 0.7991776 0.02686864 0.801532 0.02354788 0.801532 0.02354788 0.8110138 0.0435633 0.8110138 0.0435633 0.8094407 0.04853314 0.7976045 0.03183853 0.7976045 0.03183853 0.7991776 0.02686864 0.8115662 0.03770089 0.8115662 0.03770089 0.8110138 0.0435633 0.797052 0.03770089 0.797052 0.03770089 0.7976045 0.03183853 0.8110138 0.03183853 0.8115662 0.03770089 0.8115662 0.03770089 0.7976045 0.0435633 0.797052 0.03770089 0.797052 0.03770089 0.8094407 0.02686864 0.8110138 0.03183853 0.8110138 0.03183853 0.7991776 0.04853314 0.7976045 0.0435633 0.7976045 0.0435633 0.8070863 0.02354788 0.8070863 0.02354788 0.8094407 0.02686864 0.801532 0.05185395 0.801532 0.05185395 0.7991776 0.04853314 0.8043091 0.02238172 0.8070863 0.02354788 0.8070863 0.02354788 0.8043091 0.02238172 0.8043091 0.02238172 0.8070863 0.02354788 0.8070863 0.05185395 0.8070863 0.05185395 0.8043091 0.05302006 0.8043091 0.05302006 0.8043091 0.05302006 0.801532 0.05185395 0.801532 0.02354788 0.801532 0.02354788 0.8043091 0.02238172 0.8094407 0.04853314 0.8094407 0.04853314 0.8070863 0.05185395 0.7991776 0.02686864 0.7991776 0.02686864 0.801532 0.02354788 0.8110138 0.0435633 0.8110138 0.0435633 0.8094407 0.04853314 0.7976045 0.03183853 0.7976045 0.03183853 0.7991776 0.02686864 0.8115662 0.03770089 0.8115662 0.03770089 0.8110138 0.0435633 0.797052 0.03770089 0.797052 0.03770089 0.7976045 0.03183853 0.8110138 0.03183853 0.8110138 0.03183853 0.8115662 0.03770089 0.7976045 0.0435633 0.7976045 0.0435633 0.797052 0.03770089 0.8094407 0.02686864 0.8094407 0.02686864 0.8110138 0.03183853 0.7991776 0.04853314 0.7991776 0.04853314 0.7976045 0.0435633 0.8070863 0.02354788 0.8070863 0.02354788 0.8094407 0.02686864 0.7363728 0.05430096 0.7187218 0.04639774 0.7363728 0.04639774 0.7363728 0.02036887 0.7187218 0.0283305 0.7363728 0.0283305 0.7363728 0.0283305 0.7187218 0.04024589 0.7363728 0.04024589 0.7363728 0.04024589 0.7187218 0.05430102 0.7363728 0.05430102 0.7185959 0.05471491 0.736247 0.04065978 0.7185959 0.04065978 0.7185959 0.04065978 0.736247 0.02874445 0.7185959 0.02874445 0.7185959 0.02874445 0.736247 0.02078282 0.7185959 0.02078282 0.7363728 0.04639774 0.7187218 0.05430102 0.7363728 0.05430102 0.736247 0.05471491 0.7185959 0.04681164 0.7185959 0.05471491 0.736247 0.02078282 0.7185959 0.02874445 0.7185959 0.02078282 0.736247 0.02874445 0.7185959 0.04065978 0.7185959 0.02874445 0.736247 0.04065978 0.7185959 0.05471491 0.7185959 0.04065978 0.7363728 0.05430102 0.7187218 0.04024589 0.7363728 0.04024589 0.7363728 0.04024589 0.7187218 0.0283305 0.7363728 0.0283305 0.7187218 0.0283305 0.7363728 0.02036887 0.7363728 0.0283305 0.736247 0.04681164 0.7185959 0.05471497 0.7185959 0.04681164 0.7277261 0.04303544 0.7277261 0.04254883 0.7277261 0.04303544 0.7332847 0.02519237 0.7328246 0.03229266 0.7349888 0.03044599 0.7221674 0.04809373 0.7226274 0.04099345 0.7204632 0.04284018 0.7307344 0.02168196 0.7316284 0.02860456 0.7332847 0.02519237 0.7221674 0.04809373 0.7256141 0.0471459 0.7238238 0.0446816 0.7277261 0.02044928 0.729838 0.02614021 0.7307344 0.02168196 0.7277261 0.05283683 0.729838 0.0471459 0.7277261 0.04801124 0.7247177 0.05160415 0.7277261 0.04801124 0.7256141 0.0471459 0.7247177 0.02168196 0.7277261 0.02527487 0.7277261 0.02044928 0.7307344 0.05160415 0.7316284 0.0446816 0.729838 0.0471459 0.7221674 0.02519237 0.7256141 0.02614021 0.7247177 0.02168196 0.7332847 0.04809373 0.7328246 0.04099345 0.7316284 0.0446816 0.7204632 0.03044599 0.7238238 0.02860456 0.7221674 0.02519237 0.7349888 0.04284018 0.7332447 0.03664308 0.7328246 0.04099345 0.7204632 0.03044599 0.7222074 0.03664308 0.7226274 0.03229266 0.7349888 0.03044599 0.7332447 0.03664308 0.7355873 0.03664308 0.7204632 0.04284018 0.7222074 0.03664308 0.7198648 0.03664308 0.8094407 0.04853314 0.7991776 0.04853314 0.8070863 0.05185395 0.8070863 0.05185395 0.7991776 0.04853314 0.8043091 0.05302006 0.8043091 0.05302006 0.7991776 0.04853314 0.801532 0.05185395 0.7991776 0.04853314 0.797052 0.03770089 0.7976045 0.0435633 0.797052 0.03770089 0.7991776 0.04853314 0.7976045 0.03183853 0.7976045 0.03183853 0.7991776 0.04853314 0.7991776 0.02686864 0.7991776 0.02686864 0.8043091 0.02238172 0.801532 0.02354788 0.8043091 0.02238172 0.8094407 0.02686864 0.8070863 0.02354788 0.8094407 0.02686864 0.8094407 0.04853314 0.8110138 0.03183853 0.8110138 0.03183853 0.8094407 0.04853314 0.8115662 0.03770089 0.8115662 0.03770089 0.8094407 0.04853314 0.8110138 0.0435633 0.7991776 0.02686864 0.8094407 0.02686864 0.8043091 0.02238172 0.8094407 0.04853314 0.7991776 0.02686864 0.7991776 0.04853314 0.7277261 0.03025066 0.7277261 0.03073728 0.7277261 0.03025066 0.7277261 0.04254883 0.7277261 0.04116314 0.7277261 0.04254883 0.7277261 0.03073728 0.7277261 0.03212296 0.7277261 0.03073728 0.7277261 0.04116314 0.7277261 0.03908932 0.7277261 0.04116314 0.7277261 0.03212296 0.7277261 0.03419679 0.7277261 0.03212296 0.7277261 0.03908932 0.7277261 0.03664308 0.7277261 0.03908932 0.7277261 0.03664308 0.7277261 0.03908932 0.7277261 0.03664308 0.7277261 0.03419679 0.7277261 0.03664308 0.7277261 0.03419679 0.7277261 0.03664308 0.7277261 0.03419679 0.7277261 0.03664308 0.7277261 0.03908932 0.7277261 0.04116314 0.7277261 0.03908932 0.7277261 0.03419679 0.7277261 0.03212296 0.7277261 0.03419679 0.7277261 0.04116314 0.7277261 0.04254883 0.7277261 0.04116314 0.7277261 0.03212296 0.7277261 0.03073728 0.7277261 0.03212296 0.7277261 0.04254883 0.7277261 0.04303544 0.7277261 0.04254883 0.7277261 0.03073728 0.7277261 0.03025066 0.7277261 0.03073728 0.801532 0.05185395 0.8110138 0.0435633 0.8043091 0.05302006 0.8043091 0.05302006 0.8110138 0.0435633 0.8070863 0.05185395 0.8070863 0.05185395 0.8110138 0.0435633 0.8094407 0.04853314 0.8110138 0.0435633 0.8110138 0.03183853 0.8115662 0.03770089 0.8110138 0.03183853 0.8110138 0.0435633 0.8094407 0.02686864 0.8094407 0.02686864 0.8110138 0.0435633 0.8070863 0.02354788 0.8070863 0.02354788 0.801532 0.02354788 0.8043091 0.02238172 0.801532 0.02354788 0.8070863 0.02354788 0.7991776 0.02686864 0.7991776 0.02686864 0.8070863 0.02354788 0.7976045 0.03183853 0.7976045 0.03183853 0.7976045 0.0435633 0.797052 0.03770089 0.7976045 0.0435633 0.7976045 0.03183853 0.7991776 0.04853314 0.7991776 0.04853314 0.7976045 0.03183853 0.801532 0.05185395 0.801532 0.05185395 0.7976045 0.03183853 0.8110138 0.0435633 0.7187218 0.04639774 0.7363728 0.05430096 0.7363728 0.04639774 0.7187218 0.0283305 0.7363728 0.02036887 0.7363728 0.0283305 0.7187218 0.04024589 0.7363728 0.0283305 0.7363728 0.04024589 0.7187218 0.05430102 0.7363728 0.04024589 0.7363728 0.05430102 0.736247 0.04065978 0.7185959 0.05471491 0.7185959 0.04065978 0.736247 0.02874445 0.7185959 0.04065978 0.7185959 0.02874445 0.736247 0.02078282 0.7185959 0.02874445 0.7185959 0.02078282 0.7187218 0.05430102 0.7363728 0.04639774 0.7363728 0.05430102 0.736247 0.05471491 0.7185959 0.04681164 0.736247 0.04681164 0.736247 0.02078282 0.7185959 0.02874445 0.736247 0.02874445 0.736247 0.02874445 0.7185959 0.04065978 0.736247 0.04065978 0.736247 0.04065978 0.7185959 0.05471491 0.736247 0.05471491 0.7187218 0.04024589 0.7363728 0.05430102 0.7363728 0.04024589 0.7187218 0.0283305 0.7363728 0.04024589 0.7363728 0.0283305 0.7187218 0.0283305 0.7363728 0.02036887 0.7187218 0.02036887 0.736247 0.04681164 0.7185959 0.05471497 0.736247 0.05471491 0.7277261 0.04254883 0.7277261 0.04303544 0.7277261 0.04303544 0.7332847 0.02519237 0.7328246 0.03229266 0.7316284 0.02860456 0.7221674 0.04809373 0.7226274 0.04099345 0.7238238 0.0446816 0.7307344 0.02168196 0.7316284 0.02860456 0.729838 0.02614021 0.7256141 0.0471459 0.7221674 0.04809373 0.7238238 0.0446816 0.7277261 0.02044928 0.729838 0.02614021 0.7277261 0.02527487 0.729838 0.0471459 0.7277261 0.05283683 0.7277261 0.04801124 0.7277261 0.04801124 0.7247177 0.05160415 0.7256141 0.0471459 0.7247177 0.02168196 0.7277261 0.02527487 0.7256141 0.02614021 0.7316284 0.0446816 0.7307344 0.05160415 0.729838 0.0471459 0.7221674 0.02519237 0.7256141 0.02614021 0.7238238 0.02860456 0.7328246 0.04099345 0.7332847 0.04809373 0.7316284 0.0446816 0.7204632 0.03044599 0.7238238 0.02860456 0.7226274 0.03229266 0.7332447 0.03664308 0.7349888 0.04284018 0.7328246 0.04099345 0.7222074 0.03664308 0.7204632 0.03044599 0.7226274 0.03229266 0.7349888 0.03044599 0.7332447 0.03664308 0.7328246 0.03229266 0.7204632 0.04284018 0.7222074 0.03664308 0.7226274 0.04099345 0.8043091 0.05302006 0.8094407 0.04853314 0.8070863 0.05185395 0.8094407 0.04853314 0.8115662 0.03770089 0.8110138 0.0435633 0.8115662 0.03770089 0.8043091 0.02238172 0.8110138 0.03183853 0.8110138 0.03183853 0.8043091 0.02238172 0.8094407 0.02686864 0.8094407 0.02686864 0.8043091 0.02238172 0.8070863 0.02354788 0.8043091 0.02238172 0.7991776 0.02686864 0.801532 0.02354788 0.7991776 0.02686864 0.8043091 0.02238172 0.7976045 0.03183853 0.7976045 0.03183853 0.8043091 0.02238172 0.797052 0.03770089 0.797052 0.03770089 0.7991776 0.04853314 0.7976045 0.0435633 0.7991776 0.04853314 0.8043091 0.05302006 0.801532 0.05185395 0.8043091 0.05302006 0.8043091 0.02238172 0.8094407 0.04853314 0.8094407 0.04853314 0.8043091 0.02238172 0.8115662 0.03770089 0.797052 0.03770089 0.8043091 0.02238172 0.7991776 0.04853314 0.7277261 0.03073728 0.7277261 0.03025066 0.7277261 0.03025066 0.7277261 0.04116314 0.7277261 0.04254883 0.7277261 0.04254883 0.7277261 0.03212296 0.7277261 0.03073728 0.7277261 0.03073728 0.7277261 0.03908932 0.7277261 0.04116314 0.7277261 0.04116314 0.7277261 0.03419679 0.7277261 0.03212296 0.7277261 0.03212296 0.7277261 0.03664308 0.7277261 0.03908932 0.7277261 0.03908932 0.7277261 0.03908932 0.7277261 0.03664308 0.7277261 0.03664308 0.7277261 0.03664308 0.7277261 0.03419679 0.7277261 0.03419679 0.7277261 0.03419679 0.7277261 0.03664308 0.7277261 0.03664308 0.7277261 0.04116314 0.7277261 0.03908932 0.7277261 0.03908932 0.7277261 0.03212296 0.7277261 0.03419679 0.7277261 0.03419679 0.7277261 0.04254883 0.7277261 0.04116314 0.7277261 0.04116314 0.7277261 0.03073728 0.7277261 0.03212296 0.7277261 0.03212296 0.7277261 0.04303544 0.7277261 0.04254883 0.7277261 0.04254883 0.7277261 0.03025066 0.7277261 0.03073728 0.7277261 0.03073728 0.8070863 0.05185395 0.801532 0.05185395 0.8043091 0.05302006 0.801532 0.05185395 0.8070863 0.05185395 0.7991776 0.04853314 0.7991776 0.04853314 0.8070863 0.05185395 0.7976045 0.0435633 0.7976045 0.0435633 0.7976045 0.03183853 0.797052 0.03770089 0.7976045 0.03183853 0.7976045 0.0435633 0.7991776 0.02686864 0.7991776 0.02686864 0.7976045 0.0435633 0.801532 0.02354788 0.801532 0.02354788 0.8070863 0.02354788 0.8043091 0.02238172 0.8070863 0.02354788 0.801532 0.02354788 0.8094407 0.02686864 0.8094407 0.02686864 0.801532 0.02354788 0.8110138 0.03183853 0.8110138 0.03183853 0.8110138 0.0435633 0.8115662 0.03770089 0.8110138 0.0435633 0.8110138 0.03183853 0.8094407 0.04853314 0.8094407 0.04853314 0.8110138 0.03183853 0.8070863 0.05185395 0.8070863 0.05185395 0.8110138 0.03183853 0.7976045 0.0435633 0.801532 0.05185395 0.8070863 0.05185395 0.8043091 0.05302006 0.8070863 0.05185395 0.801532 0.05185395 0.8094407 0.04853314 0.8094407 0.04853314 0.801532 0.05185395 0.8110138 0.0435633 0.8110138 0.0435633 0.8110138 0.03183853 0.8115662 0.03770089 0.8110138 0.03183853 0.8110138 0.0435633 0.8094407 0.02686864 0.8094407 0.02686864 0.8110138 0.0435633 0.8070863 0.02354788 0.8070863 0.02354788 0.801532 0.02354788 0.8043091 0.02238172 0.801532 0.02354788 0.7976045 0.03183853 0.7991776 0.02686864 0.7976045 0.03183853 0.801532 0.05185395 0.797052 0.03770089 0.797052 0.03770089 0.801532 0.05185395 0.7976045 0.0435633 0.7976045 0.0435633 0.801532 0.05185395 0.7991776 0.04853314 0.8070863 0.02354788 0.801532 0.05185395 0.801532 0.02354788 0.801532 0.02354788 0.801532 0.05185395 0.7976045 0.03183853 0.7991776 0.04853314 0.801532 0.05185395 0.7991776 0.04853314 0.8043091 0.05302006 0.8070863 0.05185395 0.8043091 0.05302006 0.801532 0.05185395 0.8043091 0.05302006 0.801532 0.05185395 0.801532 0.02354788 0.8043091 0.02238172 0.8043091 0.02238172 0.8094407 0.04853314 0.8070863 0.05185395 0.8070863 0.05185395 0.7991776 0.02686864 0.801532 0.02354788 0.801532 0.02354788 0.8094407 0.04853314 0.8110138 0.0435633 0.8094407 0.04853314 0.7991776 0.02686864 0.7976045 0.03183853 0.7991776 0.02686864 0.8110138 0.0435633 0.8115662 0.03770089 0.8110138 0.0435633 0.7976045 0.03183853 0.797052 0.03770089 0.7976045 0.03183853 0.8110138 0.03183853 0.8115662 0.03770089 0.8115662 0.03770089 0.7976045 0.0435633 0.797052 0.03770089 0.797052 0.03770089 0.8094407 0.02686864 0.8110138 0.03183853 0.8110138 0.03183853 0.7991776 0.04853314 0.7976045 0.0435633 0.7976045 0.0435633 0.8094407 0.02686864 0.8070863 0.02354788 0.8094407 0.02686864 0.7991776 0.04853314 0.801532 0.05185395 0.7991776 0.04853314 0.8043091 0.02238172 0.8070863 0.02354788 0.8070863 0.02354788 0.8070863 0.02354788 0.8043091 0.02238172 0.8070863 0.02354788 0.8043091 0.05302006 0.8070863 0.05185395 0.8043091 0.05302006 0.801532 0.05185395 0.8043091 0.05302006 0.801532 0.05185395 0.8043091 0.02238172 0.801532 0.02354788 0.8043091 0.02238172 0.8070863 0.05185395 0.8094407 0.04853314 0.8070863 0.05185395 0.801532 0.02354788 0.7991776 0.02686864 0.801532 0.02354788 0.8094407 0.04853314 0.8110138 0.0435633 0.8094407 0.04853314 0.7991776 0.02686864 0.7976045 0.03183853 0.7991776 0.02686864 0.8110138 0.0435633 0.8115662 0.03770089 0.8110138 0.0435633 0.7976045 0.03183853 0.797052 0.03770089 0.7976045 0.03183853 0.8115662 0.03770089 0.8110138 0.03183853 0.8115662 0.03770089 0.797052 0.03770089 0.7976045 0.0435633 0.797052 0.03770089 0.8110138 0.03183853 0.8094407 0.02686864 0.8110138 0.03183853 0.7976045 0.0435633 0.7991776 0.04853314 0.7976045 0.0435633 0.8094407 0.02686864 0.8070863 0.02354788 0.8094407 0.02686864 0.8070863 0.05185395 0.801532 0.05185395 0.8043091 0.05302006 0.801532 0.05185395 0.7976045 0.0435633 0.7991776 0.04853314 0.7976045 0.0435633 0.801532 0.02354788 0.797052 0.03770089 0.797052 0.03770089 0.801532 0.02354788 0.7976045 0.03183853 0.7976045 0.03183853 0.801532 0.02354788 0.7991776 0.02686864 0.801532 0.02354788 0.8070863 0.02354788 0.8043091 0.02238172 0.8070863 0.02354788 0.801532 0.02354788 0.8094407 0.02686864 0.8094407 0.02686864 0.801532 0.02354788 0.8110138 0.03183853 0.8110138 0.03183853 0.8110138 0.0435633 0.8115662 0.03770089 0.8110138 0.0435633 0.8110138 0.03183853 0.8094407 0.04853314 0.8094407 0.04853314 0.8110138 0.03183853 0.8070863 0.05185395 0.8070863 0.05185395 0.801532 0.02354788 0.801532 0.05185395 0.801532 0.05185395 0.801532 0.02354788 0.7976045 0.0435633 0.801532 0.05185395 0.7991776 0.04853314 0.7991776 0.04853314 0.8070863 0.05185395 0.8043091 0.05302006 0.8043091 0.05302006 0.8043091 0.05302006 0.801532 0.05185395 0.801532 0.05185395 0.801532 0.02354788 0.8043091 0.02238172 0.801532 0.02354788 0.8094407 0.04853314 0.8070863 0.05185395 0.8094407 0.04853314 0.7991776 0.02686864 0.801532 0.02354788 0.7991776 0.02686864 0.8110138 0.0435633 0.8094407 0.04853314 0.8094407 0.04853314 0.7976045 0.03183853 0.7991776 0.02686864 0.7991776 0.02686864 0.8115662 0.03770089 0.8110138 0.0435633 0.8110138 0.0435633 0.797052 0.03770089 0.7976045 0.03183853 0.7976045 0.03183853 0.8110138 0.03183853 0.8115662 0.03770089 0.8110138 0.03183853 0.7976045 0.0435633 0.797052 0.03770089 0.7976045 0.0435633 0.8094407 0.02686864 0.8110138 0.03183853 0.8094407 0.02686864 0.7991776 0.04853314 0.7976045 0.0435633 0.7991776 0.04853314 0.8070863 0.02354788 0.8094407 0.02686864 0.8094407 0.02686864 0.801532 0.05185395 0.7991776 0.04853314 0.7991776 0.04853314 0.8043091 0.02238172 0.8070863 0.02354788 0.8043091 0.02238172 0.8043091 0.02238172 0.8070863 0.02354788 0.8070863 0.02354788 0.8070863 0.05185395 0.8043091 0.05302006 0.8043091 0.05302006 0.8043091 0.05302006 0.801532 0.05185395 0.801532 0.05185395 0.801532 0.02354788 0.8043091 0.02238172 0.8043091 0.02238172 0.8094407 0.04853314 0.8070863 0.05185395 0.8070863 0.05185395 0.7991776 0.02686864 0.801532 0.02354788 0.801532 0.02354788 0.8110138 0.0435633 0.8094407 0.04853314 0.8094407 0.04853314 0.7976045 0.03183853 0.7991776 0.02686864 0.7991776 0.02686864 0.8115662 0.03770089 0.8110138 0.0435633 0.8110138 0.0435633 0.797052 0.03770089 0.7976045 0.03183853 0.7976045 0.03183853 0.8110138 0.03183853 0.8115662 0.03770089 0.8115662 0.03770089 0.7976045 0.0435633 0.797052 0.03770089 0.797052 0.03770089 0.8094407 0.02686864 0.8110138 0.03183853 0.8110138 0.03183853 0.7991776 0.04853314 0.7976045 0.0435633 0.7976045 0.0435633 0.8070863 0.02354788 0.8094407 0.02686864 0.8094407 0.02686864 0.8056241 0.2759203 0.7865109 0.2409618 0.7865109 0.2759203 0.8005594 0.1161431 0.7334964 0.0725221 0.8005594 0.0725221 0.7334964 0.1161431 0.8005594 0.0725221 0.7334964 0.0725221 0.7301878 0.1161431 0.7969694 0.0725221 0.7356398 0.0725221 0.8024214 0.1161431 0.7356398 0.0725221 0.7969694 0.0725221 0.801532 0.05185395 0.8110138 0.0435633 0.8070863 0.02354788 0.7991776 0.04853314 0.801532 0.05185395 0.801532 0.05185395 0.8043091 0.05302006 0.8070863 0.05185395 0.8070863 0.05185395 0.801532 0.05185395 0.8043091 0.05302006 0.8043091 0.05302006 0.801532 0.02354788 0.8043091 0.02238172 0.801532 0.02354788 0.8094407 0.04853314 0.8070863 0.05185395 0.8094407 0.04853314 0.7991776 0.02686864 0.801532 0.02354788 0.7991776 0.02686864 0.8094407 0.04853314 0.8110138 0.0435633 0.8110138 0.0435633 0.7991776 0.02686864 0.7976045 0.03183853 0.7976045 0.03183853 0.8110138 0.0435633 0.8115662 0.03770089 0.8115662 0.03770089 0.7976045 0.03183853 0.797052 0.03770089 0.797052 0.03770089 0.8110138 0.03183853 0.8115662 0.03770089 0.8110138 0.03183853 0.7976045 0.0435633 0.797052 0.03770089 0.7976045 0.0435633 0.8094407 0.02686864 0.8110138 0.03183853 0.8094407 0.02686864 0.7991776 0.04853314 0.7976045 0.0435633 0.7991776 0.04853314 0.8094407 0.02686864 0.8070863 0.02354788 0.8070863 0.02354788 0.7991776 0.04853314 0.801532 0.05185395 0.801532 0.05185395 0.8043091 0.02238172 0.8070863 0.02354788 0.8043091 0.02238172 0.8070863 0.02354788 0.8043091 0.02238172 0.8043091 0.02238172 0.8043091 0.05302006 0.8070863 0.05185395 0.8070863 0.05185395 0.801532 0.05185395 0.8043091 0.05302006 0.8043091 0.05302006 0.8043091 0.02238172 0.801532 0.02354788 0.801532 0.02354788 0.8070863 0.05185395 0.8094407 0.04853314 0.8094407 0.04853314 0.801532 0.02354788 0.7991776 0.02686864 0.7991776 0.02686864 0.8094407 0.04853314 0.8110138 0.0435633 0.8110138 0.0435633 0.7991776 0.02686864 0.7976045 0.03183853 0.7976045 0.03183853 0.8110138 0.0435633 0.8115662 0.03770089 0.8115662 0.03770089 0.7976045 0.03183853 0.797052 0.03770089 0.797052 0.03770089 0.8115662 0.03770089 0.8110138 0.03183853 0.8110138 0.03183853 0.797052 0.03770089 0.7976045 0.0435633 0.7976045 0.0435633 0.8110138 0.03183853 0.8094407 0.02686864 0.8094407 0.02686864 0.7976045 0.0435633 0.7991776 0.04853314 0.7991776 0.04853314 0.8094407 0.02686864 0.8070863 0.02354788 0.8070863 0.02354788 0.801532 0.02354788 0.8110138 0.03183853 0.8070863 0.05185395 0.801532 0.05185395 0.7991776 0.04853314 0.801532 0.05185395 0.8070863 0.05185395 0.8043091 0.05302006 0.8070863 0.05185395 0.8043091 0.05302006 0.801532 0.05185395 0.8043091 0.05302006 0.801532 0.02354788 0.8043091 0.02238172 0.8043091 0.02238172 0.8094407 0.04853314 0.8070863 0.05185395 0.8070863 0.05185395 0.7991776 0.02686864 0.801532 0.02354788 0.801532 0.02354788 0.8110138 0.0435633 0.8094407 0.04853314 0.8110138 0.0435633 0.7976045 0.03183853 0.7991776 0.02686864 0.7976045 0.03183853 0.8115662 0.03770089 0.8110138 0.0435633 0.8115662 0.03770089 0.797052 0.03770089 0.7976045 0.03183853 0.797052 0.03770089 0.8110138 0.03183853 0.8115662 0.03770089 0.8115662 0.03770089 0.7976045 0.0435633 0.797052 0.03770089 0.797052 0.03770089 0.8094407 0.02686864 0.8110138 0.03183853 0.8110138 0.03183853 0.7991776 0.04853314 0.7976045 0.0435633 0.7976045 0.0435633 0.8070863 0.02354788 0.8094407 0.02686864 0.8070863 0.02354788 0.801532 0.05185395 0.7991776 0.04853314 0.801532 0.05185395 0.8043091 0.02238172 0.8070863 0.02354788 0.8070863 0.02354788 0.8043091 0.02238172 0.8070863 0.02354788 0.8043091 0.02238172 0.8070863 0.05185395 0.8043091 0.05302006 0.8070863 0.05185395 0.8043091 0.05302006 0.801532 0.05185395 0.8043091 0.05302006 0.801532 0.02354788 0.8043091 0.02238172 0.801532 0.02354788 0.8094407 0.04853314 0.8070863 0.05185395 0.8094407 0.04853314 0.7991776 0.02686864 0.801532 0.02354788 0.7991776 0.02686864 0.8110138 0.0435633 0.8094407 0.04853314 0.8110138 0.0435633 0.7976045 0.03183853 0.7991776 0.02686864 0.7976045 0.03183853 0.8115662 0.03770089 0.8110138 0.0435633 0.8115662 0.03770089 0.797052 0.03770089 0.7976045 0.03183853 0.797052 0.03770089 0.8110138 0.03183853 0.8115662 0.03770089 0.8110138 0.03183853 0.7976045 0.0435633 0.797052 0.03770089 0.7976045 0.0435633 0.8094407 0.02686864 0.8110138 0.03183853 0.8094407 0.02686864 0.7991776 0.04853314 0.7976045 0.0435633 0.7991776 0.04853314 0.8070863 0.02354788 0.8094407 0.02686864 0.8070863 0.02354788 0.801532 0.05185395 0.8043091 0.05302006 0.8070863 0.05185395 0.8070863 0.05185395 0.8094407 0.04853314 0.801532 0.05185395 0.8094407 0.04853314 0.8110138 0.0435633 0.801532 0.05185395 0.8110138 0.0435633 0.8115662 0.03770089 0.8110138 0.03183853 0.8110138 0.03183853 0.8094407 0.02686864 0.8110138 0.0435633 0.8094407 0.02686864 0.8070863 0.02354788 0.8110138 0.0435633 0.8070863 0.02354788 0.8043091 0.02238172 0.801532 0.02354788 0.801532 0.02354788 0.7991776 0.02686864 0.7976045 0.03183853 0.7976045 0.03183853 0.797052 0.03770089 0.801532 0.05185395 0.797052 0.03770089 0.7976045 0.0435633 0.801532 0.05185395 0.7976045 0.0435633 0.7991776 0.04853314 0.801532 0.05185395 0.8070863 0.02354788 0.801532 0.02354788 0.801532 0.05185395 0.801532 0.02354788 0.7976045 0.03183853 0.801532 0.05185395 0.7991776 0.04853314 0.7991776 0.04853314 0.801532 0.05185395 0.8043091 0.05302006 0.8043091 0.05302006 0.8070863 0.05185395 0.801532 0.05185395 0.801532 0.05185395 0.8043091 0.05302006 0.801532 0.02354788 0.8043091 0.02238172 0.8043091 0.02238172 0.8094407 0.04853314 0.8070863 0.05185395 0.8070863 0.05185395 0.7991776 0.02686864 0.801532 0.02354788 0.801532 0.02354788 0.8094407 0.04853314 0.8094407 0.04853314 0.8110138 0.0435633 0.7991776 0.02686864 0.7991776 0.02686864 0.7976045 0.03183853 0.8110138 0.0435633 0.8110138 0.0435633 0.8115662 0.03770089 0.7976045 0.03183853 0.7976045 0.03183853 0.797052 0.03770089 0.8110138 0.03183853 0.8115662 0.03770089 0.8115662 0.03770089 0.7976045 0.0435633 0.797052 0.03770089 0.797052 0.03770089 0.8094407 0.02686864 0.8110138 0.03183853 0.8110138 0.03183853 0.7991776 0.04853314 0.7976045 0.0435633 0.7976045 0.0435633 0.8094407 0.02686864 0.8094407 0.02686864 0.8070863 0.02354788 0.7991776 0.04853314 0.7991776 0.04853314 0.801532 0.05185395 0.8043091 0.02238172 0.8070863 0.02354788 0.8070863 0.02354788 0.8070863 0.02354788 0.8070863 0.02354788 0.8043091 0.02238172 0.8043091 0.05302006 0.8043091 0.05302006 0.8070863 0.05185395 0.801532 0.05185395 0.801532 0.05185395 0.8043091 0.05302006 0.8043091 0.02238172 0.8043091 0.02238172 0.801532 0.02354788 0.8070863 0.05185395 0.8070863 0.05185395 0.8094407 0.04853314 0.801532 0.02354788 0.801532 0.02354788 0.7991776 0.02686864 0.8094407 0.04853314 0.8094407 0.04853314 0.8110138 0.0435633 0.7991776 0.02686864 0.7991776 0.02686864 0.7976045 0.03183853 0.8110138 0.0435633 0.8110138 0.0435633 0.8115662 0.03770089 0.7976045 0.03183853 0.7976045 0.03183853 0.797052 0.03770089 0.8115662 0.03770089 0.8115662 0.03770089 0.8110138 0.03183853 0.797052 0.03770089 0.797052 0.03770089 0.7976045 0.0435633 0.8110138 0.03183853 0.8110138 0.03183853 0.8094407 0.02686864 0.7976045 0.0435633 0.7976045 0.0435633 0.7991776 0.04853314 0.8094407 0.02686864 0.8094407 0.02686864 0.8070863 0.02354788 0.8070863 0.05185395 0.8043091 0.05302006 0.801532 0.05185395 0.801532 0.05185395 0.7991776 0.04853314 0.7976045 0.0435633 0.7976045 0.0435633 0.797052 0.03770089 0.801532 0.02354788 0.797052 0.03770089 0.7976045 0.03183853 0.801532 0.02354788 0.7976045 0.03183853 0.7991776 0.02686864 0.801532 0.02354788 0.801532 0.02354788 0.8043091 0.02238172 0.8070863 0.02354788 0.8070863 0.02354788 0.8094407 0.02686864 0.801532 0.02354788 0.8094407 0.02686864 0.8110138 0.03183853 0.801532 0.02354788 0.8110138 0.03183853 0.8115662 0.03770089 0.8110138 0.0435633 0.8110138 0.0435633 0.8094407 0.04853314 0.8110138 0.03183853 0.8094407 0.04853314 0.8070863 0.05185395 0.8110138 0.03183853 0.8070863 0.05185395 0.801532 0.05185395 0.801532 0.02354788 0.801532 0.05185395 0.7976045 0.0435633 0.801532 0.02354788 0.801532 0.05185395 0.7991776 0.04853314 0.7991776 0.04853314 0.8070863 0.05185395 0.8043091 0.05302006 0.8043091 0.05302006 0.8043091 0.05302006 0.801532 0.05185395 0.801532 0.05185395 0.801532 0.02354788 0.801532 0.02354788 0.8043091 0.02238172 0.8094407 0.04853314 0.8094407 0.04853314 0.8070863 0.05185395 0.7991776 0.02686864 0.7991776 0.02686864 0.801532 0.02354788 0.8110138 0.0435633 0.8094407 0.04853314 0.8094407 0.04853314 0.7976045 0.03183853 0.7991776 0.02686864 0.7991776 0.02686864 0.8115662 0.03770089 0.8110138 0.0435633 0.8110138 0.0435633 0.797052 0.03770089 0.7976045 0.03183853 0.7976045 0.03183853 0.8110138 0.03183853 0.8110138 0.03183853 0.8115662 0.03770089 0.7976045 0.0435633 0.7976045 0.0435633 0.797052 0.03770089 0.8094407 0.02686864 0.8094407 0.02686864 0.8110138 0.03183853 0.7991776 0.04853314 0.7991776 0.04853314 0.7976045 0.0435633 0.8070863 0.02354788 0.8094407 0.02686864 0.8094407 0.02686864 0.801532 0.05185395 0.7991776 0.04853314 0.7991776 0.04853314 0.8043091 0.02238172 0.8043091 0.02238172 0.8070863 0.02354788 0.8043091 0.02238172 0.8070863 0.02354788 0.8070863 0.02354788 0.8070863 0.05185395 0.8043091 0.05302006 0.8043091 0.05302006 0.8043091 0.05302006 0.801532 0.05185395 0.801532 0.05185395 0.801532 0.02354788 0.8043091 0.02238172 0.8043091 0.02238172 0.8094407 0.04853314 0.8070863 0.05185395 0.8070863 0.05185395 0.7991776 0.02686864 0.801532 0.02354788 0.801532 0.02354788 0.8110138 0.0435633 0.8094407 0.04853314 0.8094407 0.04853314 0.7976045 0.03183853 0.7991776 0.02686864 0.7991776 0.02686864 0.8115662 0.03770089 0.8110138 0.0435633 0.8110138 0.0435633 0.797052 0.03770089 0.7976045 0.03183853 0.7976045 0.03183853 0.8110138 0.03183853 0.8115662 0.03770089 0.8115662 0.03770089 0.7976045 0.0435633 0.797052 0.03770089 0.797052 0.03770089 0.8094407 0.02686864 0.8110138 0.03183853 0.8110138 0.03183853 0.7991776 0.04853314 0.7976045 0.0435633 0.7976045 0.0435633 0.8070863 0.02354788 0.8094407 0.02686864 0.8094407 0.02686864 0.6667289 0.2666074 0.7292239 0.2642593 0.6667289 0.2642593 0.7292239 0.2666074 0.7917189 0.2642593 0.7292239 0.2642593 0.7917189 0.2946477 0.8542138 0.2319612 0.8542138 0.2946477 0.7324202 0.2283899 0.7885226 0.298219 0.7324202 0.298219 0.6667289 0.2024801 0.7292239 0.2234982 0.7292239 0.2024801 0.7292239 0.2234982 0.7917189 0.2024801 0.7292239 0.2024801 0.8542138 0.2024801 0.7917189 0.2234982 0.7917189 0.2024801 0.7917189 0.2234982 0.7292239 0.2024801 0.7917189 0.2024801 0.8542138 0.2666074 0.7917189 0.2642593 0.8542138 0.2642593 0.7917189 0.2666074 0.7292239 0.2642593 0.7917189 0.2642593 0.8542138 0.2319612 0.7917189 0.2946477 0.8542138 0.2946477 0.7917189 0.2319612 0.7292239 0.2946477 0.7917189 0.2946477 0.8530678 0.126467 0.82831 0.1585364 0.82831 0.126467 0.82831 0.126467 0.8530678 0.1585364 0.8530678 0.126467 0.82831 0.1585364 0.8530678 0.126467 0.82831 0.126467 0.8530678 0.1585364 0.82831 0.126467 0.8530678 0.126467 0.82831 0.1585364 0.8530678 0.1585364 0.8530678 0.1585364 0.8530678 0.126467 0.82831 0.126467 0.82831 0.126467 0.8530678 0.1585364 0.8530678 0.126467 0.8530678 0.126467 0.82831 0.1585364 0.82831 0.126467 0.82831 0.126467 0.8530678 0.1585364 0.82831 0.1585364 0.82831 0.1585364 0.82831 0.126467 0.8530678 0.126467 0.8530678 0.126467 0.82831 0.126467 0.82831 0.1585364 0.82831 0.1585364 0.8530678 0.126467 0.8530678 0.1585364 0.8530678 0.1585364 0.7292239 0.2319612 0.6667289 0.2319612 0.6667289 0.2946477 0.7292239 0.2666074 0.6667289 0.2666074 0.6667289 0.2642593 0.7885226 0.2234982 0.7324202 0.2234982 0.7324202 0.2024801 0.7324202 0.2234982 0.7885226 0.2234982 0.7885226 0.2024801 0.7292239 0.2234982 0.6667289 0.2234982 0.6667289 0.2024801 0.7917189 0.2234982 0.8542138 0.2234982 0.8542138 0.2024801 0.6667289 0.2946477 0.6667289 0.2319612 0.7292239 0.2319612 0.7917189 0.2666074 0.8542138 0.2666074 0.8542138 0.2642593 0.7885226 0.2666074 0.7324202 0.2666074 0.7324202 0.2642593 0.7324202 0.2666074 0.7885226 0.2666074 0.7885226 0.2642593 0.7316153 0.2409618 0.712502 0.2409618 0.712502 0.2759204 0.7983108 0.0725221 0.7983108 0.1161431 0.7312479 0.1161431 0.7312479 0.0725221 0.7312479 0.1161431 0.7983108 0.1161431 0.7969694 0.0725221 0.8024214 0.1161431 0.7301878 0.1161431 0.7356398 0.0725221 0.7301878 0.1161431 0.8024214 0.1161431 0.8056241 0.2759203 0.8056241 0.2409618 0.7865109 0.2409618 0.8005594 0.1161431 0.7334964 0.1161431 0.7334964 0.0725221 0.7334964 0.1161431 0.8005594 0.1161431 0.8005594 0.0725221 0.7301878 0.1161431 0.8024214 0.1161431 0.7969694 0.0725221 0.8024214 0.1161431 0.7301878 0.1161431 0.7356398 0.0725221 0.6667289 0.2666074 0.7292239 0.2666074 0.7292239 0.2642593 0.7292239 0.2666074 0.7917189 0.2666074 0.7917189 0.2642593 0.7917189 0.2946477 0.7917189 0.2319612 0.8542138 0.2319612 0.7324202 0.2283899 0.7885226 0.2283899 0.7885226 0.298219 0.6667289 0.2024801 0.6667289 0.2234982 0.7292239 0.2234982 0.7292239 0.2234982 0.7917189 0.2234982 0.7917189 0.2024801 0.8542138 0.2024801 0.8542138 0.2234982 0.7917189 0.2234982 0.7917189 0.2234982 0.7292239 0.2234982 0.7292239 0.2024801 0.8542138 0.2666074 0.7917189 0.2666074 0.7917189 0.2642593 0.7917189 0.2666074 0.7292239 0.2666074 0.7292239 0.2642593 0.8542138 0.2319612 0.7917189 0.2319612 0.7917189 0.2946477 0.7917189 0.2319612 0.7292239 0.2319612 0.7292239 0.2946477 0.8530678 0.126467 0.8530678 0.1585364 0.82831 0.1585364 0.82831 0.126467 0.82831 0.1585364 0.8530678 0.1585364 0.82831 0.1585364 0.8530678 0.1585364 0.8530678 0.126467 0.8530678 0.1585364 0.82831 0.1585364 0.82831 0.126467 0.82831 0.1585364 0.82831 0.1585364 0.8530678 0.1585364 0.8530678 0.126467 0.8530678 0.126467 0.82831 0.126467 0.8530678 0.1585364 0.8530678 0.1585364 0.8530678 0.126467 0.82831 0.1585364 0.82831 0.1585364 0.82831 0.126467 0.8530678 0.1585364 0.8530678 0.1585364 0.82831 0.1585364 0.82831 0.126467 0.82831 0.126467 0.8530678 0.126467 0.82831 0.126467 0.82831 0.126467 0.82831 0.1585364 0.8530678 0.126467 0.8530678 0.126467 0.8530678 0.1585364</float_array>
          <technique_common>
            <accessor source="#Cube_002-mesh-map-0-array" count="5580" stride="2">
              <param name="S" type="float"/>
              <param name="T" type="float"/>
            </accessor>
          </technique_common>
        </source>
        <vertices id="Cube_002-mesh-vertices">
          <input semantic="POSITION" source="#Cube_002-mesh-positions"/>
        </vertices>
        <triangles material="Material-material" count="1860">
          <input semantic="VERTEX" source="#Cube_002-mesh-vertices" offset="0"/>
          <input semantic="NORMAL" source="#Cube_002-mesh-normals" offset="1"/>
          <input semantic="TEXCOORD" source="#Cube_002-mesh-map-0" offset="2" set="0"/>
          <p>1278 0 0 0 0 1 1277 0 2 1286 1 3 7 1 4 1282 1 5 7 2 6 0 2 7 2 2 8 4 3 9 3 3 10 1 3 11 1282 1 12 2 1 13 1278 1 14 1280 4 15 1 4 16 1276 4 17 9 5 18 1286 5 19 1285 5 20 1284 4 21 4 4 22 1280 4 23 11 2 24 5 2 25 7 2 26 8 3 27 6 3 28 4 3 29 13 6 30 14 7 31 12 8 32 15 9 33 16 10 34 14 7 35 17 11 36 18 12 37 16 10 38 19 13 39 20 14 40 18 12 41 21 15 42 22 16 43 20 14 44 23 17 45 24 18 46 22 16 47 25 19 48 26 20 49 24 18 50 27 21 51 28 22 52 26 20 53 28 22 54 31 23 55 30 24 56 30 24 57 33 25 58 32 26 59 32 26 60 35 27 61 34 28 62 34 28 63 37 29 64 36 30 65 37 29 66 38 31 67 36 30 68 39 32 69 40 33 70 38 31 71 40 33 72 43 34 73 42 35 74 42 35 75 13 6 76 12 8 77 64 36 78 81 37 79 65 38 80 50 39 81 65 39 82 66 39 83 58 1 84 73 1 85 74 1 86 51 40 87 66 40 88 67 40 89 58 41 90 75 41 91 59 41 92 52 1 93 67 1 94 68 1 95 44 42 96 60 42 97 45 42 98 59 1 99 61 1 100 44 1 101 53 43 102 68 43 103 69 43 104 45 44 105 62 44 106 46 44 107 54 1 108 69 1 109 70 1 110 46 1 111 63 1 112 47 1 113 55 1 114 70 1 115 71 1 116 47 1 117 64 1 118 48 1 119 55 1 120 72 1 121 56 1 122 49 1 123 64 1 124 65 1 125 57 1 126 72 1 127 73 1 128 86 1 129 82 1 130 78 1 131 72 45 132 89 46 133 73 47 134 65 38 135 82 48 136 66 49 137 73 47 138 90 50 139 74 51 140 66 49 141 83 52 142 67 53 143 74 51 144 91 54 145 75 55 146 67 53 147 84 56 148 68 57 149 61 58 150 76 59 151 60 60 152 75 55 153 77 61 154 61 58 155 68 57 156 85 62 157 69 63 158 60 60 159 78 64 160 62 65 161 69 63 162 86 66 163 70 67 164 62 65 165 79 68 166 63 69 167 70 67 168 87 70 169 71 71 170 63 69 171 80 72 172 64 36 173 71 71 174 88 73 175 72 45 176 95 74 177 99 74 178 103 74 179 110 75 180 109 76 181 108 77 182 112 78 183 111 79 184 110 75 185 114 80 186 113 81 187 112 78 188 116 82 189 115 83 190 114 80 191 118 84 192 117 85 193 116 82 194 120 86 195 119 87 196 118 84 197 122 88 198 121 89 199 120 86 200 124 90 201 123 91 202 122 88 203 124 90 204 127 92 205 125 93 206 126 94 207 129 95 208 127 92 209 128 96 210 131 97 211 129 95 212 130 98 213 133 99 214 131 97 215 134 100 216 133 99 217 132 101 218 136 102 219 135 103 220 134 100 221 136 102 222 139 104 223 137 105 224 138 106 225 109 76 226 139 104 227 177 107 228 160 108 229 161 109 230 146 110 231 161 110 232 145 110 233 154 111 234 169 111 235 153 111 236 147 112 237 162 112 238 146 112 239 171 4 240 154 4 241 155 4 242 148 4 243 163 4 244 147 4 245 156 113 246 140 113 247 141 113 248 157 114 249 155 114 250 140 114 251 149 4 252 164 4 253 148 4 254 158 4 255 141 4 256 142 4 257 150 4 258 165 4 259 149 4 260 159 4 261 142 4 262 143 4 263 151 4 264 166 4 265 150 4 266 160 4 267 143 4 268 144 4 269 168 4 270 151 4 271 152 4 272 145 4 273 160 4 274 144 4 275 153 4 276 168 4 277 152 4 278 186 4 279 173 4 280 180 4 281 185 115 282 168 116 283 169 117 284 178 118 285 161 109 286 162 119 287 186 120 288 169 117 289 170 121 290 179 122 291 162 119 292 163 123 293 187 124 294 170 121 295 171 125 296 180 126 297 163 123 298 164 127 299 172 128 300 157 129 301 156 130 302 173 131 303 171 125 304 157 129 305 181 132 306 164 127 307 165 133 308 174 134 309 156 130 310 158 135 311 182 136 312 165 133 313 166 137 314 175 138 315 158 135 316 159 139 317 183 140 318 166 137 319 167 141 320 176 142 321 159 139 322 160 108 323 184 143 324 167 141 325 168 116 326 201 144 327 197 144 328 193 144 329 219 145 330 207 145 331 211 145 332 234 146 333 251 147 334 235 148 335 204 149 336 221 150 337 205 151 338 219 152 339 220 153 340 204 149 341 213 154 342 228 155 343 229 156 344 206 157 345 221 150 346 222 158 347 214 159 348 229 156 349 230 160 350 206 157 351 223 161 352 207 162 353 214 159 354 231 163 355 215 164 356 207 162 357 224 165 358 208 166 359 215 164 360 232 167 361 216 168 362 209 169 363 224 165 364 225 170 365 217 171 366 232 167 367 233 172 368 210 173 369 225 170 370 226 174 371 218 175 372 233 172 373 234 146 374 210 173 375 227 176 376 211 177 377 218 175 378 235 148 379 219 152 380 212 178 381 227 176 382 228 155 383 227 176 384 244 179 385 228 155 386 220 153 387 237 180 388 221 150 389 235 148 390 236 181 391 220 153 392 228 155 393 245 182 394 229 156 395 221 150 396 238 183 397 222 158 398 229 156 399 246 184 400 230 160 401 222 158 402 239 185 403 223 161 404 230 160 405 247 186 406 231 163 407 223 161 408 240 187 409 224 165 410 231 163 411 248 188 412 232 167 413 224 165 414 241 189 415 225 170 416 232 167 417 249 190 418 233 172 419 225 170 420 242 191 421 226 174 422 233 172 423 250 192 424 234 146 425 226 174 426 243 193 427 227 176 428 261 1 429 257 1 430 253 1 431 299 147 432 282 194 433 283 195 434 269 196 435 252 197 436 253 198 437 268 199 438 267 200 439 252 197 440 261 201 441 276 202 442 260 203 443 254 204 444 269 196 445 253 198 446 262 205 447 277 206 448 261 201 449 271 207 450 254 204 451 255 208 452 279 209 453 262 205 454 263 210 455 272 211 456 255 208 457 256 212 458 280 213 459 263 210 460 264 214 461 257 215 462 272 211 463 256 212 464 265 216 465 280 213 466 264 214 467 258 217 468 273 218 469 257 215 470 266 219 471 281 220 472 265 216 473 275 221 474 258 217 475 259 222 476 283 195 477 266 219 478 267 200 479 260 203 480 275 221 481 259 222 482 292 223 483 275 221 484 276 202 485 285 224 486 268 199 487 269 196 488 284 225 489 283 195 490 268 199 491 293 226 492 276 202 493 277 206 494 286 183 495 269 196 496 270 227 497 294 228 498 277 206 499 278 229 500 287 230 501 270 227 502 271 207 503 295 231 504 278 229 505 279 209 506 288 232 507 271 207 508 272 211 509 296 233 510 279 209 511 280 213 512 289 234 513 272 211 514 273 218 515 297 235 516 280 213 517 281 220 518 290 236 519 273 218 520 274 237 521 298 238 522 281 220 523 282 194 524 291 239 525 274 237 526 275 221 527 13 6 528 15 9 529 14 7 530 15 9 531 17 11 532 16 10 533 17 11 534 19 13 535 18 12 536 19 13 537 21 15 538 20 14 539 21 15 540 23 17 541 22 16 542 23 17 543 25 19 544 24 18 545 25 19 546 27 21 547 26 20 548 27 21 549 29 240 550 28 22 551 28 22 552 29 240 553 31 23 554 30 24 555 31 23 556 33 25 557 32 26 558 33 25 559 35 27 560 34 28 561 35 27 562 37 29 563 37 29 564 39 32 565 38 31 566 39 32 567 41 241 568 40 33 569 40 33 570 41 241 571 43 34 572 42 35 573 43 34 574 13 6 575 64 36 576 80 72 577 81 37 578 50 242 579 49 242 580 65 242 581 58 1 582 57 1 583 73 1 584 51 1 585 50 1 586 66 1 587 58 243 588 74 243 589 75 243 590 52 244 591 51 244 592 67 244 593 44 245 594 61 245 595 60 245 596 59 246 597 75 246 598 61 246 599 53 1 600 52 1 601 68 1 602 45 247 603 60 247 604 62 247 605 54 248 606 53 248 607 69 248 608 46 1 609 62 1 610 63 1 611 55 1 612 54 1 613 70 1 614 47 1 615 63 1 616 64 1 617 55 1 618 71 1 619 72 1 620 49 1 621 48 1 622 64 1 623 57 1 624 56 1 625 72 1 626 78 1 627 76 1 628 90 1 629 76 1 630 77 1 631 90 1 632 77 1 633 91 1 634 90 1 635 90 1 636 89 1 637 88 1 638 88 1 639 87 1 640 90 1 641 87 1 642 86 1 643 90 1 644 86 249 645 85 249 646 84 249 647 84 1 648 83 1 649 82 1 650 82 1 651 81 1 652 78 1 653 81 1 654 80 1 655 78 1 656 80 1 657 79 1 658 78 1 659 86 1 660 84 1 661 82 1 662 78 1 663 90 1 664 86 1 665 72 45 666 88 73 667 89 46 668 65 38 669 81 37 670 82 48 671 73 47 672 89 46 673 90 50 674 66 49 675 82 48 676 83 52 677 74 51 678 90 50 679 91 54 680 67 53 681 83 52 682 84 56 683 61 58 684 77 61 685 76 59 686 75 55 687 91 54 688 77 61 689 68 57 690 84 56 691 85 62 692 60 60 693 76 59 694 78 64 695 69 63 696 85 62 697 86 66 698 62 65 699 78 64 700 79 68 701 70 67 702 86 66 703 87 70 704 63 69 705 79 68 706 80 72 707 71 71 708 87 70 709 88 73 710 107 4 711 92 4 712 95 4 713 92 4 714 93 4 715 95 4 716 93 250 717 94 250 718 95 250 719 95 4 720 96 4 721 97 4 722 97 4 723 98 4 724 95 4 725 98 4 726 99 4 727 95 4 728 99 4 729 100 4 730 101 4 731 101 4 732 102 4 733 99 4 734 102 4 735 103 4 736 99 4 737 103 4 738 104 4 739 105 4 740 105 251 741 106 251 742 103 251 743 106 4 744 107 4 745 103 4 746 107 4 747 95 4 748 103 4 749 110 75 750 111 79 751 109 76 752 112 78 753 113 81 754 111 79 755 114 80 756 115 83 757 113 81 758 116 82 759 117 85 760 115 83 761 118 84 762 119 87 763 117 85 764 120 86 765 121 89 766 119 87 767 122 88 768 123 91 769 121 89 770 124 90 771 125 93 772 123 91 773 124 90 774 126 94 775 127 92 776 126 94 777 128 96 778 129 95 779 128 96 780 130 98 781 131 97 782 130 98 783 132 101 784 133 99 785 134 100 786 135 103 787 133 99 788 136 102 789 137 105 790 135 103 791 136 102 792 138 106 793 139 104 794 138 106 795 108 77 796 109 76 797 177 107 798 176 142 799 160 108 800 146 4 801 162 4 802 161 4 803 154 4 804 170 4 805 169 4 806 147 252 807 163 252 808 162 252 809 171 4 810 170 4 811 154 4 812 148 253 813 164 253 814 163 253 815 156 254 816 157 254 817 140 254 818 157 4 819 171 4 820 155 4 821 149 255 822 165 255 823 164 255 824 158 4 825 156 4 826 141 4 827 150 4 828 166 4 829 165 4 830 159 4 831 158 4 832 142 4 833 151 4 834 167 4 835 166 4 836 160 256 837 159 256 838 143 256 839 168 257 840 167 257 841 151 257 842 145 4 843 161 4 844 160 4 845 153 258 846 169 258 847 168 258 848 173 259 849 172 259 850 174 259 851 174 260 852 175 260 853 176 260 854 176 4 855 177 4 856 180 4 857 177 4 858 178 4 859 180 4 860 178 261 861 179 261 862 180 261 863 180 262 864 181 262 865 182 262 866 182 4 867 183 4 868 180 4 869 183 4 870 184 4 871 180 4 872 184 263 873 185 263 874 186 263 875 186 264 876 187 264 877 173 264 878 173 4 879 174 4 880 180 4 881 174 265 882 176 265 883 180 265 884 184 266 885 186 266 886 180 266 887 185 115 888 184 143 889 168 116 890 178 118 891 177 107 892 161 109 893 186 120 894 185 115 895 169 117 896 179 122 897 178 118 898 162 119 899 187 124 900 186 120 901 170 121 902 180 126 903 179 122 904 163 123 905 172 128 906 173 131 907 157 129 908 173 131 909 187 124 910 171 125 911 181 132 912 180 126 913 164 127 914 174 134 915 172 128 916 156 130 917 182 136 918 181 132 919 165 133 920 175 138 921 174 134 922 158 135 923 183 140 924 182 136 925 166 137 926 176 142 927 175 138 928 159 139 929 184 143 930 183 140 931 167 141 932 189 1 933 188 1 934 203 1 935 203 1 936 202 1 937 189 1 938 202 267 939 201 267 940 189 267 941 201 1 942 200 1 943 199 1 944 199 268 945 198 268 946 201 268 947 198 1 948 197 1 949 201 1 950 197 1 951 196 1 952 195 1 953 195 1 954 194 1 955 197 1 956 194 1 957 193 1 958 197 1 959 193 1 960 192 1 961 191 1 962 191 1 963 190 1 964 193 1 965 190 1 966 189 1 967 193 1 968 189 1 969 201 1 970 193 1 971 219 4 972 204 4 973 205 4 974 205 4 975 206 4 976 219 4 977 206 4 978 207 4 979 219 4 980 207 4 981 208 4 982 209 4 983 209 4 984 210 4 985 207 4 986 210 4 987 211 4 988 207 4 989 211 4 990 212 4 991 213 4 992 213 269 993 214 269 994 215 269 995 215 4 996 216 4 997 219 4 998 216 270 999 217 270 1000 219 270 1001 217 4 1002 218 4 1003 219 4 1004 211 4 1005 213 4 1006 219 4 1007 213 4 1008 215 4 1009 219 4 1010 234 146 1011 250 192 1012 251 147 1013 204 149 1014 220 153 1015 221 150 1016 219 152 1017 235 148 1018 220 153 1019 213 154 1020 212 178 1021 228 155 1022 206 157 1023 205 151 1024 221 150 1025 214 159 1026 213 154 1027 229 156 1028 206 157 1029 222 158 1030 223 161 1031 214 159 1032 230 160 1033 231 163 1034 207 162 1035 223 161 1036 224 165 1037 215 164 1038 231 163 1039 232 167 1040 209 169 1041 208 166 1042 224 165 1043 217 171 1044 216 168 1045 232 167 1046 210 173 1047 209 169 1048 225 170 1049 218 175 1050 217 171 1051 233 172 1052 210 173 1053 226 174 1054 227 176 1055 218 175 1056 234 146 1057 235 148 1058 212 178 1059 211 177 1060 227 176 1061 227 176 1062 243 193 1063 244 179 1064 220 153 1065 236 181 1066 237 180 1067 235 148 1068 251 147 1069 236 181 1070 228 155 1071 244 179 1072 245 182 1073 221 150 1074 237 180 1075 238 183 1076 229 156 1077 245 182 1078 246 184 1079 222 158 1080 238 183 1081 239 185 1082 230 160 1083 246 184 1084 247 186 1085 223 161 1086 239 185 1087 240 187 1088 231 163 1089 247 186 1090 248 188 1091 224 165 1092 240 187 1093 241 189 1094 232 167 1095 248 188 1096 249 190 1097 225 170 1098 241 189 1099 242 191 1100 233 172 1101 249 190 1102 250 192 1103 226 174 1104 242 191 1105 243 193 1106 253 1 1107 252 1 1108 267 1 1109 267 271 1110 266 271 1111 265 271 1112 265 1 1113 264 1 1114 261 1 1115 264 272 1116 263 272 1117 261 272 1118 263 1 1119 262 1 1120 261 1 1121 261 1 1122 260 1 1123 259 1 1124 259 1 1125 258 1 1126 261 1 1127 258 1 1128 257 1 1129 261 1 1130 257 1 1131 256 1 1132 255 1 1133 255 273 1134 254 273 1135 257 273 1136 254 1 1137 253 1 1138 257 1 1139 253 1 1140 267 1 1141 261 1 1142 267 1 1143 265 1 1144 261 1 1145 299 147 1146 298 238 1147 282 194 1148 269 196 1149 268 199 1150 252 197 1151 268 199 1152 283 195 1153 267 200 1154 261 201 1155 277 206 1156 276 202 1157 254 204 1158 270 227 1159 269 196 1160 262 205 1161 278 229 1162 277 206 1163 271 207 1164 270 227 1165 254 204 1166 279 209 1167 278 229 1168 262 205 1169 272 211 1170 271 207 1171 255 208 1172 280 213 1173 279 209 1174 263 210 1175 257 215 1176 273 218 1177 272 211 1178 265 216 1179 281 220 1180 280 213 1181 258 217 1182 274 237 1183 273 218 1184 266 219 1185 282 194 1186 281 220 1187 275 221 1188 274 237 1189 258 217 1190 283 195 1191 282 194 1192 266 219 1193 260 203 1194 276 202 1195 275 221 1196 292 223 1197 291 239 1198 275 221 1199 285 224 1200 284 225 1201 268 199 1202 284 225 1203 299 147 1204 283 195 1205 293 226 1206 292 223 1207 276 202 1208 286 183 1209 285 224 1210 269 196 1211 294 228 1212 293 226 1213 277 206 1214 287 230 1215 286 183 1216 270 227 1217 295 231 1218 294 228 1219 278 229 1220 288 232 1221 287 230 1222 271 207 1223 296 233 1224 295 231 1225 279 209 1226 289 234 1227 288 232 1228 272 211 1229 297 235 1230 296 233 1231 280 213 1232 290 236 1233 289 234 1234 273 218 1235 298 238 1236 297 235 1237 281 220 1238 291 239 1239 290 236 1240 274 237 1241 301 274 1242 302 275 1243 300 276 1244 303 277 1245 304 278 1246 302 275 1247 305 279 1248 306 280 1249 304 278 1250 307 281 1251 308 282 1252 306 280 1253 309 283 1254 310 284 1255 308 282 1256 311 285 1257 312 286 1258 310 284 1259 313 287 1260 314 288 1261 312 286 1262 315 289 1263 316 290 1264 314 288 1265 316 290 1266 319 291 1267 318 292 1268 318 292 1269 321 293 1270 320 294 1271 320 294 1272 323 295 1273 322 296 1274 322 296 1275 325 297 1276 324 298 1277 325 297 1278 326 299 1279 324 298 1280 327 300 1281 328 301 1282 326 299 1283 328 301 1284 331 302 1285 330 303 1286 330 303 1287 301 274 1288 300 276 1289 352 304 1290 369 305 1291 353 306 1292 338 307 1293 353 307 1294 354 307 1295 346 1 1296 361 1 1297 362 1 1298 339 308 1299 354 308 1300 355 308 1301 346 309 1302 363 309 1303 347 309 1304 340 1 1305 355 1 1306 356 1 1307 332 310 1308 348 310 1309 333 310 1310 347 1 1311 349 1 1312 332 1 1313 341 43 1314 356 43 1315 357 43 1316 333 311 1317 350 311 1318 334 311 1319 342 1 1320 357 1 1321 358 1 1322 334 1 1323 351 1 1324 335 1 1325 343 1 1326 358 1 1327 359 1 1328 335 1 1329 352 1 1330 336 1 1331 343 1 1332 360 1 1333 344 1 1334 337 1 1335 352 1 1336 353 1 1337 345 1 1338 360 1 1339 361 1 1340 374 1 1341 370 1 1342 366 1 1343 360 312 1344 377 313 1345 361 314 1346 353 306 1347 370 315 1348 354 316 1349 361 314 1350 378 317 1351 362 318 1352 354 316 1353 371 319 1354 355 320 1355 362 318 1356 379 321 1357 363 322 1358 355 320 1359 372 323 1360 356 324 1361 349 325 1362 364 326 1363 348 327 1364 363 322 1365 365 328 1366 349 325 1367 356 324 1368 373 329 1369 357 330 1370 348 327 1371 366 331 1372 350 332 1373 357 330 1374 374 333 1375 358 334 1376 350 332 1377 367 335 1378 351 336 1379 358 334 1380 375 337 1381 359 338 1382 351 336 1383 368 339 1384 352 304 1385 359 338 1386 376 340 1387 360 312 1388 383 341 1389 387 341 1390 391 341 1391 398 342 1392 397 343 1393 396 276 1394 400 344 1395 399 345 1396 398 342 1397 402 346 1398 401 347 1399 400 344 1400 404 348 1401 403 349 1402 402 346 1403 406 350 1404 405 351 1405 404 348 1406 408 352 1407 407 353 1408 406 350 1409 410 354 1410 409 355 1411 408 352 1412 412 356 1413 411 357 1414 410 354 1415 412 356 1416 415 358 1417 413 359 1418 414 360 1419 417 361 1420 415 358 1421 416 362 1422 419 363 1423 417 361 1424 418 364 1425 421 365 1426 419 363 1427 422 366 1428 421 365 1429 420 367 1430 424 368 1431 423 369 1432 422 366 1433 424 368 1434 427 370 1435 425 371 1436 426 372 1437 397 343 1438 427 370 1439 465 373 1440 448 374 1441 449 375 1442 434 376 1443 449 376 1444 433 376 1445 442 377 1446 457 377 1447 441 377 1448 435 378 1449 450 378 1450 434 378 1451 459 4 1452 442 4 1453 443 4 1454 436 4 1455 451 4 1456 435 4 1457 444 379 1458 428 379 1459 429 379 1460 445 114 1461 443 114 1462 428 114 1463 437 4 1464 452 4 1465 436 4 1466 446 4 1467 429 4 1468 430 4 1469 438 4 1470 453 4 1471 437 4 1472 447 4 1473 430 4 1474 431 4 1475 439 4 1476 454 4 1477 438 4 1478 448 4 1479 431 4 1480 432 4 1481 456 4 1482 439 4 1483 440 4 1484 433 4 1485 448 4 1486 432 4 1487 441 4 1488 456 4 1489 440 4 1490 474 4 1491 461 4 1492 468 4 1493 473 380 1494 456 381 1495 457 382 1496 466 383 1497 449 375 1498 450 384 1499 474 385 1500 457 382 1501 458 386 1502 467 387 1503 450 384 1504 451 388 1505 475 389 1506 458 386 1507 459 390 1508 468 391 1509 451 388 1510 452 392 1511 460 393 1512 445 394 1513 444 395 1514 461 396 1515 459 390 1516 445 394 1517 469 397 1518 452 392 1519 453 398 1520 462 331 1521 444 395 1522 446 399 1523 470 400 1524 453 398 1525 454 401 1526 463 402 1527 446 399 1528 447 403 1529 471 404 1530 454 401 1531 455 405 1532 464 406 1533 447 403 1534 448 374 1535 472 407 1536 455 405 1537 456 381 1538 489 144 1539 485 144 1540 481 144 1541 507 408 1542 495 408 1543 499 408 1544 522 409 1545 539 410 1546 523 411 1547 492 412 1548 509 413 1549 493 414 1550 507 415 1551 508 416 1552 492 412 1553 501 417 1554 516 418 1555 517 419 1556 494 420 1557 509 413 1558 510 421 1559 502 422 1560 517 419 1561 518 423 1562 494 420 1563 511 424 1564 495 425 1565 502 422 1566 519 426 1567 503 427 1568 495 425 1569 512 428 1570 496 429 1571 503 427 1572 520 430 1573 504 431 1574 497 432 1575 512 428 1576 513 433 1577 505 434 1578 520 430 1579 521 435 1580 498 436 1581 513 433 1582 514 437 1583 506 438 1584 521 435 1585 522 409 1586 498 436 1587 515 439 1588 499 440 1589 506 438 1590 523 411 1591 507 415 1592 500 441 1593 515 439 1594 516 418 1595 515 439 1596 532 442 1597 516 418 1598 508 416 1599 525 443 1600 509 413 1601 523 411 1602 524 444 1603 508 416 1604 516 418 1605 533 445 1606 517 419 1607 509 413 1608 526 446 1609 510 421 1610 517 419 1611 534 331 1612 518 423 1613 510 421 1614 527 447 1615 511 424 1616 518 423 1617 535 448 1618 519 426 1619 511 424 1620 528 449 1621 512 428 1622 519 426 1623 536 450 1624 520 430 1625 512 428 1626 529 451 1627 513 433 1628 520 430 1629 537 452 1630 521 435 1631 513 433 1632 530 453 1633 514 437 1634 521 435 1635 538 454 1636 522 409 1637 514 437 1638 531 455 1639 515 439 1640 549 1 1641 545 1 1642 541 1 1643 587 456 1644 570 457 1645 571 458 1646 557 459 1647 540 460 1648 541 461 1649 556 462 1650 555 463 1651 540 460 1652 549 464 1653 564 465 1654 548 466 1655 542 467 1656 557 459 1657 541 461 1658 550 468 1659 565 469 1660 549 464 1661 559 470 1662 542 467 1663 543 471 1664 567 472 1665 550 468 1666 551 473 1667 560 474 1668 543 471 1669 544 475 1670 568 476 1671 551 473 1672 552 477 1673 545 478 1674 560 474 1675 544 475 1676 553 479 1677 568 476 1678 552 477 1679 546 480 1680 561 481 1681 545 478 1682 554 482 1683 569 483 1684 553 479 1685 563 484 1686 546 480 1687 547 485 1688 571 458 1689 554 482 1690 555 463 1691 548 466 1692 563 484 1693 547 485 1694 580 486 1695 563 484 1696 564 465 1697 573 487 1698 556 462 1699 557 459 1700 572 444 1701 571 458 1702 556 462 1703 581 445 1704 564 465 1705 565 469 1706 574 488 1707 557 459 1708 558 489 1709 582 228 1710 565 469 1711 566 490 1712 575 447 1713 558 489 1714 559 470 1715 583 448 1716 566 490 1717 567 472 1718 576 491 1719 559 470 1720 560 474 1721 584 492 1722 567 472 1723 568 476 1724 577 493 1725 560 474 1726 561 481 1727 585 452 1728 568 476 1729 569 483 1730 578 453 1731 561 481 1732 562 494 1733 586 454 1734 569 483 1735 570 457 1736 579 455 1737 562 494 1738 563 484 1739 301 274 1740 303 277 1741 302 275 1742 303 277 1743 305 279 1744 304 278 1745 305 279 1746 307 281 1747 306 280 1748 307 281 1749 309 283 1750 308 282 1751 309 283 1752 311 285 1753 310 284 1754 311 285 1755 313 287 1756 312 286 1757 313 287 1758 315 289 1759 314 288 1760 315 289 1761 317 495 1762 316 290 1763 316 290 1764 317 495 1765 319 291 1766 318 292 1767 319 291 1768 321 293 1769 320 294 1770 321 293 1771 323 295 1772 322 296 1773 323 295 1774 325 297 1775 325 297 1776 327 300 1777 326 299 1778 327 300 1779 329 496 1780 328 301 1781 328 301 1782 329 496 1783 331 302 1784 330 303 1785 331 302 1786 301 274 1787 352 304 1788 368 339 1789 369 305 1790 338 497 1791 337 497 1792 353 497 1793 346 1 1794 345 1 1795 361 1 1796 339 1 1797 338 1 1798 354 1 1799 346 498 1800 362 498 1801 363 498 1802 340 499 1803 339 499 1804 355 499 1805 332 245 1806 349 245 1807 348 245 1808 347 246 1809 363 246 1810 349 246 1811 341 1 1812 340 1 1813 356 1 1814 333 500 1815 348 500 1816 350 500 1817 342 501 1818 341 501 1819 357 501 1820 334 1 1821 350 1 1822 351 1 1823 343 1 1824 342 1 1825 358 1 1826 335 1 1827 351 1 1828 352 1 1829 343 1 1830 359 1 1831 360 1 1832 337 1 1833 336 1 1834 352 1 1835 345 1 1836 344 1 1837 360 1 1838 366 1 1839 364 1 1840 378 1 1841 364 1 1842 365 1 1843 378 1 1844 365 1 1845 379 1 1846 378 1 1847 378 1 1848 377 1 1849 376 1 1850 376 1 1851 375 1 1852 378 1 1853 375 1 1854 374 1 1855 378 1 1856 374 502 1857 373 502 1858 372 502 1859 372 1 1860 371 1 1861 370 1 1862 370 1 1863 369 1 1864 366 1 1865 369 1 1866 368 1 1867 366 1 1868 368 1 1869 367 1 1870 366 1 1871 374 1 1872 372 1 1873 370 1 1874 366 1 1875 378 1 1876 374 1 1877 360 312 1878 376 340 1879 377 313 1880 353 306 1881 369 305 1882 370 315 1883 361 314 1884 377 313 1885 378 317 1886 354 316 1887 370 315 1888 371 319 1889 362 318 1890 378 317 1891 379 321 1892 355 320 1893 371 319 1894 372 323 1895 349 325 1896 365 328 1897 364 326 1898 363 322 1899 379 321 1900 365 328 1901 356 324 1902 372 323 1903 373 329 1904 348 327 1905 364 326 1906 366 331 1907 357 330 1908 373 329 1909 374 333 1910 350 332 1911 366 331 1912 367 335 1913 358 334 1914 374 333 1915 375 337 1916 351 336 1917 367 335 1918 368 339 1919 359 338 1920 375 337 1921 376 340 1922 395 4 1923 380 4 1924 383 4 1925 380 4 1926 381 4 1927 383 4 1928 381 503 1929 382 503 1930 383 503 1931 383 4 1932 384 4 1933 385 4 1934 385 4 1935 386 4 1936 383 4 1937 386 4 1938 387 4 1939 383 4 1940 387 4 1941 388 4 1942 389 4 1943 389 4 1944 390 4 1945 387 4 1946 390 4 1947 391 4 1948 387 4 1949 391 4 1950 392 4 1951 393 4 1952 393 504 1953 394 504 1954 391 504 1955 394 4 1956 395 4 1957 391 4 1958 395 4 1959 383 4 1960 391 4 1961 398 342 1962 399 345 1963 397 343 1964 400 344 1965 401 347 1966 399 345 1967 402 346 1968 403 349 1969 401 347 1970 404 348 1971 405 351 1972 403 349 1973 406 350 1974 407 353 1975 405 351 1976 408 352 1977 409 355 1978 407 353 1979 410 354 1980 411 357 1981 409 355 1982 412 356 1983 413 359 1984 411 357 1985 412 356 1986 414 360 1987 415 358 1988 414 360 1989 416 362 1990 417 361 1991 416 362 1992 418 364 1993 419 363 1994 418 364 1995 420 367 1996 421 365 1997 422 366 1998 423 369 1999 421 365 2000 424 368 2001 425 371 2002 423 369 2003 424 368 2004 426 372 2005 427 370 2006 426 372 2007 396 276 2008 397 343 2009 465 373 2010 464 406 2011 448 374 2012 434 4 2013 450 4 2014 449 4 2015 442 4 2016 458 4 2017 457 4 2018 435 505 2019 451 505 2020 450 505 2021 459 4 2022 458 4 2023 442 4 2024 436 253 2025 452 253 2026 451 253 2027 444 254 2028 445 254 2029 428 254 2030 445 4 2031 459 4 2032 443 4 2033 437 255 2034 453 255 2035 452 255 2036 446 4 2037 444 4 2038 429 4 2039 438 4 2040 454 4 2041 453 4 2042 447 4 2043 446 4 2044 430 4 2045 439 4 2046 455 4 2047 454 4 2048 448 257 2049 447 257 2050 431 257 2051 456 506 2052 455 506 2053 439 506 2054 433 4 2055 449 4 2056 448 4 2057 441 507 2058 457 507 2059 456 507 2060 461 508 2061 460 508 2062 462 508 2063 462 509 2064 463 509 2065 464 509 2066 464 4 2067 465 4 2068 468 4 2069 465 4 2070 466 4 2071 468 4 2072 466 510 2073 467 510 2074 468 510 2075 468 511 2076 469 511 2077 470 511 2078 470 4 2079 471 4 2080 468 4 2081 471 4 2082 472 4 2083 468 4 2084 472 512 2085 473 512 2086 474 512 2087 474 513 2088 475 513 2089 461 513 2090 461 4 2091 462 4 2092 468 4 2093 462 514 2094 464 514 2095 468 514 2096 472 515 2097 474 515 2098 468 515 2099 473 380 2100 472 407 2101 456 381 2102 466 383 2103 465 373 2104 449 375 2105 474 385 2106 473 380 2107 457 382 2108 467 387 2109 466 383 2110 450 384 2111 475 389 2112 474 385 2113 458 386 2114 468 391 2115 467 387 2116 451 388 2117 460 393 2118 461 396 2119 445 394 2120 461 396 2121 475 389 2122 459 390 2123 469 397 2124 468 391 2125 452 392 2126 462 331 2127 460 393 2128 444 395 2129 470 400 2130 469 397 2131 453 398 2132 463 402 2133 462 331 2134 446 399 2135 471 404 2136 470 400 2137 454 401 2138 464 406 2139 463 402 2140 447 403 2141 472 407 2142 471 404 2143 455 405 2144 477 1 2145 476 1 2146 491 1 2147 491 1 2148 490 1 2149 477 1 2150 490 516 2151 489 516 2152 477 516 2153 489 1 2154 488 1 2155 487 1 2156 487 517 2157 486 517 2158 489 517 2159 486 1 2160 485 1 2161 489 1 2162 485 1 2163 484 1 2164 483 1 2165 483 1 2166 482 1 2167 485 1 2168 482 1 2169 481 1 2170 485 1 2171 481 1 2172 480 1 2173 479 1 2174 479 1 2175 478 1 2176 481 1 2177 478 1 2178 477 1 2179 481 1 2180 477 1 2181 489 1 2182 481 1 2183 507 4 2184 492 4 2185 493 4 2186 493 4 2187 494 4 2188 507 4 2189 494 4 2190 495 4 2191 507 4 2192 495 4 2193 496 4 2194 497 4 2195 497 4 2196 498 4 2197 495 4 2198 498 4 2199 499 4 2200 495 4 2201 499 4 2202 500 4 2203 501 4 2204 501 518 2205 502 518 2206 503 518 2207 503 4 2208 504 4 2209 507 4 2210 504 519 2211 505 519 2212 507 519 2213 505 4 2214 506 4 2215 507 4 2216 499 4 2217 501 4 2218 507 4 2219 501 4 2220 503 4 2221 507 4 2222 522 409 2223 538 454 2224 539 410 2225 492 412 2226 508 416 2227 509 413 2228 507 415 2229 523 411 2230 508 416 2231 501 417 2232 500 441 2233 516 418 2234 494 420 2235 493 414 2236 509 413 2237 502 422 2238 501 417 2239 517 419 2240 494 420 2241 510 421 2242 511 424 2243 502 422 2244 518 423 2245 519 426 2246 495 425 2247 511 424 2248 512 428 2249 503 427 2250 519 426 2251 520 430 2252 497 432 2253 496 429 2254 512 428 2255 505 434 2256 504 431 2257 520 430 2258 498 436 2259 497 432 2260 513 433 2261 506 438 2262 505 434 2263 521 435 2264 498 436 2265 514 437 2266 515 439 2267 506 438 2268 522 409 2269 523 411 2270 500 441 2271 499 440 2272 515 439 2273 515 439 2274 531 455 2275 532 442 2276 508 416 2277 524 444 2278 525 443 2279 523 411 2280 539 410 2281 524 444 2282 516 418 2283 532 442 2284 533 445 2285 509 413 2286 525 443 2287 526 446 2288 517 419 2289 533 445 2290 534 331 2291 510 421 2292 526 446 2293 527 447 2294 518 423 2295 534 331 2296 535 448 2297 511 424 2298 527 447 2299 528 449 2300 519 426 2301 535 448 2302 536 450 2303 512 428 2304 528 449 2305 529 451 2306 520 430 2307 536 450 2308 537 452 2309 513 433 2310 529 451 2311 530 453 2312 521 435 2313 537 452 2314 538 454 2315 514 437 2316 530 453 2317 531 455 2318 541 1 2319 540 1 2320 555 1 2321 555 271 2322 554 271 2323 553 271 2324 553 1 2325 552 1 2326 549 1 2327 552 520 2328 551 520 2329 549 520 2330 551 1 2331 550 1 2332 549 1 2333 549 1 2334 548 1 2335 547 1 2336 547 1 2337 546 1 2338 549 1 2339 546 1 2340 545 1 2341 549 1 2342 545 1 2343 544 1 2344 543 1 2345 543 521 2346 542 521 2347 545 521 2348 542 1 2349 541 1 2350 545 1 2351 541 1 2352 555 1 2353 549 1 2354 555 1 2355 553 1 2356 549 1 2357 587 456 2358 586 454 2359 570 457 2360 557 459 2361 556 462 2362 540 460 2363 556 462 2364 571 458 2365 555 463 2366 549 464 2367 565 469 2368 564 465 2369 542 467 2370 558 489 2371 557 459 2372 550 468 2373 566 490 2374 565 469 2375 559 470 2376 558 489 2377 542 467 2378 567 472 2379 566 490 2380 550 468 2381 560 474 2382 559 470 2383 543 471 2384 568 476 2385 567 472 2386 551 473 2387 545 478 2388 561 481 2389 560 474 2390 553 479 2391 569 483 2392 568 476 2393 546 480 2394 562 494 2395 561 481 2396 554 482 2397 570 457 2398 569 483 2399 563 484 2400 562 494 2401 546 480 2402 571 458 2403 570 457 2404 554 482 2405 548 466 2406 564 465 2407 563 484 2408 580 486 2409 579 455 2410 563 484 2411 573 487 2412 572 444 2413 556 462 2414 572 444 2415 587 456 2416 571 458 2417 581 445 2418 580 486 2419 564 465 2420 574 488 2421 573 487 2422 557 459 2423 582 228 2424 581 445 2425 565 469 2426 575 447 2427 574 488 2428 558 489 2429 583 448 2430 582 228 2431 566 490 2432 576 491 2433 575 447 2434 559 470 2435 584 492 2436 583 448 2437 567 472 2438 577 493 2439 576 491 2440 560 474 2441 585 452 2442 584 492 2443 568 476 2444 578 453 2445 577 493 2446 561 481 2447 586 454 2448 585 452 2449 569 483 2450 579 455 2451 578 453 2452 562 494 2453 591 522 2454 588 522 2455 589 522 2456 591 523 2457 595 523 2458 590 523 2459 588 524 2460 592 524 2461 589 524 2462 590 525 2463 593 525 2464 588 525 2465 589 526 2466 594 526 2467 591 526 2468 597 527 2469 596 528 2470 598 529 2471 599 530 2472 598 529 2473 600 531 2474 601 532 2475 600 531 2476 602 107 2477 603 452 2478 602 107 2479 604 533 2480 605 534 2481 604 533 2482 606 535 2483 607 536 2484 606 535 2485 608 537 2486 609 538 2487 608 537 2488 610 539 2489 611 540 2490 610 539 2491 612 541 2492 612 541 2493 614 542 2494 615 543 2495 614 542 2496 616 544 2497 617 545 2498 616 544 2499 618 546 2500 619 547 2501 618 546 2502 620 548 2503 621 549 2504 621 549 2505 620 548 2506 622 550 2507 623 551 2508 622 550 2509 624 552 2510 624 552 2511 626 553 2512 627 554 2513 626 553 2514 596 528 2515 597 527 2516 648 555 2517 649 556 2518 665 557 2519 634 558 2520 650 558 2521 649 558 2522 642 1 2523 658 1 2524 657 1 2525 635 559 2526 651 559 2527 650 559 2528 642 560 2529 643 560 2530 659 560 2531 636 1 2532 652 1 2533 651 1 2534 628 561 2535 629 561 2536 644 561 2537 643 1 2538 628 1 2539 645 1 2540 637 562 2541 653 562 2542 652 562 2543 629 563 2544 630 563 2545 646 563 2546 638 1 2547 654 1 2548 653 1 2549 630 1 2550 631 1 2551 647 1 2552 639 1 2553 655 1 2554 654 1 2555 631 1 2556 632 1 2557 648 1 2558 639 1 2559 640 1 2560 656 1 2561 633 1 2562 649 1 2563 648 1 2564 641 1 2565 657 1 2566 656 1 2567 670 1 2568 662 1 2569 666 1 2570 656 564 2571 657 565 2572 673 566 2573 649 556 2574 650 567 2575 666 568 2576 657 565 2577 658 569 2578 674 570 2579 650 567 2580 651 571 2581 667 572 2582 658 569 2583 659 573 2584 675 574 2585 651 571 2586 652 575 2587 668 576 2588 645 577 2589 644 578 2590 660 579 2591 659 573 2592 645 577 2593 661 580 2594 652 575 2595 653 581 2596 669 582 2597 644 578 2598 646 583 2599 662 584 2600 653 581 2601 654 585 2602 670 586 2603 646 583 2604 647 587 2605 663 588 2606 654 585 2607 655 589 2608 671 590 2609 647 587 2610 648 555 2611 664 591 2612 655 589 2613 656 564 2614 672 592 2615 679 593 2616 687 593 2617 683 593 2618 694 594 2619 692 595 2620 693 596 2621 696 597 2622 694 594 2623 695 598 2624 698 599 2625 696 597 2626 697 600 2627 700 601 2628 698 599 2629 699 602 2630 702 603 2631 700 601 2632 701 604 2633 704 605 2634 702 603 2635 703 606 2636 706 607 2637 704 605 2638 705 608 2639 708 609 2640 706 607 2641 707 610 2642 708 609 2643 709 611 2644 711 612 2645 710 613 2646 711 612 2647 713 614 2648 712 615 2649 713 614 2650 715 616 2651 714 617 2652 715 616 2653 717 618 2654 718 619 2655 716 620 2656 717 618 2657 720 621 2658 718 619 2659 719 622 2660 720 621 2661 721 623 2662 723 624 2663 722 625 2664 723 624 2665 693 596 2666 761 626 2667 745 627 2668 744 628 2669 730 629 2670 729 629 2671 745 629 2672 738 630 2673 737 630 2674 753 630 2675 731 631 2676 730 631 2677 746 631 2678 755 4 2679 739 4 2680 738 4 2681 732 4 2682 731 4 2683 747 4 2684 740 632 2685 725 632 2686 724 632 2687 741 633 2688 724 633 2689 739 633 2690 733 4 2691 732 4 2692 748 4 2693 742 4 2694 726 4 2695 725 4 2696 734 4 2697 733 4 2698 749 4 2699 743 4 2700 727 4 2701 726 4 2702 735 4 2703 734 4 2704 750 4 2705 744 4 2706 728 4 2707 727 4 2708 752 4 2709 736 4 2710 735 4 2711 729 4 2712 728 4 2713 744 4 2714 737 4 2715 736 4 2716 752 4 2717 770 4 2718 764 4 2719 757 4 2720 769 634 2721 753 635 2722 752 636 2723 762 637 2724 746 638 2725 745 627 2726 770 639 2727 754 640 2728 753 635 2729 763 641 2730 747 642 2731 746 638 2732 771 643 2733 755 644 2734 754 640 2735 764 645 2736 748 646 2737 747 642 2738 756 647 2739 740 648 2740 741 649 2741 757 650 2742 741 649 2743 755 644 2744 765 651 2745 749 652 2746 748 646 2747 758 653 2748 742 51 2749 740 648 2750 766 654 2751 750 496 2752 749 652 2753 759 655 2754 743 656 2755 742 51 2756 767 657 2757 751 658 2758 750 496 2759 760 659 2760 744 628 2761 743 656 2762 768 660 2763 752 636 2764 751 658 2765 785 661 2766 777 661 2767 781 661 2768 803 662 2769 795 662 2770 791 662 2771 818 663 2772 819 664 2773 835 665 2774 788 666 2775 789 667 2776 805 668 2777 803 669 2778 788 666 2779 804 670 2780 797 671 2781 813 672 2782 812 673 2783 790 674 2784 806 675 2785 805 668 2786 798 676 2787 814 677 2788 813 672 2789 790 674 2790 791 678 2791 807 679 2792 798 676 2793 799 680 2794 815 681 2795 791 678 2796 792 682 2797 808 683 2798 799 680 2799 800 684 2800 816 685 2801 793 686 2802 809 687 2803 808 683 2804 801 688 2805 817 689 2806 816 685 2807 794 690 2808 810 691 2809 809 687 2810 802 692 2811 818 663 2812 817 689 2813 794 690 2814 795 693 2815 811 694 2816 802 692 2817 803 669 2818 819 664 2819 796 695 2820 812 673 2821 811 694 2822 811 694 2823 812 673 2824 828 696 2825 804 670 2826 805 668 2827 821 697 2828 819 664 2829 804 670 2830 820 698 2831 812 673 2832 813 672 2833 829 699 2834 805 668 2835 806 675 2836 822 700 2837 813 672 2838 814 677 2839 830 701 2840 806 675 2841 807 679 2842 823 702 2843 814 677 2844 815 681 2845 831 703 2846 807 679 2847 808 683 2848 824 704 2849 815 681 2850 816 685 2851 832 705 2852 808 683 2853 809 687 2854 825 706 2855 816 685 2856 817 689 2857 833 707 2858 809 687 2859 810 691 2860 826 708 2861 817 689 2862 818 663 2863 834 709 2864 810 691 2865 811 694 2866 827 710 2867 845 1 2868 837 1 2869 841 1 2870 883 665 2871 867 711 2872 866 712 2873 853 713 2874 837 714 2875 836 715 2876 852 716 2877 836 715 2878 851 717 2879 845 718 2880 844 719 2881 860 720 2882 838 721 2883 837 714 2884 853 713 2885 846 722 2886 845 718 2887 861 723 2888 855 724 2889 839 725 2890 838 721 2891 863 726 2892 847 727 2893 846 722 2894 856 728 2895 840 729 2896 839 725 2897 864 730 2898 848 731 2899 847 727 2900 841 732 2901 840 729 2902 856 728 2903 849 733 2904 848 731 2905 864 730 2906 842 734 2907 841 732 2908 857 735 2909 850 736 2910 849 733 2911 865 737 2912 859 738 2913 843 739 2914 842 734 2915 867 711 2916 851 717 2917 850 736 2918 844 719 2919 843 739 2920 859 738 2921 876 740 2922 860 720 2923 859 738 2924 869 741 2925 853 713 2926 852 716 2927 868 742 2928 852 716 2929 867 711 2930 877 699 2931 861 723 2932 860 720 2933 870 700 2934 854 743 2935 853 713 2936 878 744 2937 862 745 2938 861 723 2939 871 746 2940 855 724 2941 854 743 2942 879 747 2943 863 726 2944 862 745 2945 872 748 2946 856 728 2947 855 724 2948 880 749 2949 864 730 2950 863 726 2951 873 750 2952 857 735 2953 856 728 2954 881 751 2955 865 737 2956 864 730 2957 874 752 2958 858 753 2959 857 735 2960 882 754 2961 866 712 2962 865 737 2963 875 755 2964 859 738 2965 858 753 2966 597 527 2967 598 529 2968 599 530 2969 599 530 2970 600 531 2971 601 532 2972 601 532 2973 602 107 2974 603 452 2975 603 452 2976 604 533 2977 605 534 2978 605 534 2979 606 535 2980 607 536 2981 607 536 2982 608 537 2983 609 538 2984 609 538 2985 610 539 2986 611 540 2987 611 540 2988 612 541 2989 613 756 2990 612 541 2991 615 543 2992 613 756 2993 614 542 2994 617 545 2995 615 543 2996 616 544 2997 619 547 2998 617 545 2999 618 546 3000 621 549 3001 619 547 3002 621 549 3003 622 550 3004 623 551 3005 623 551 3006 624 552 3007 625 757 3008 624 552 3009 627 554 3010 625 757 3011 626 553 3012 597 527 3013 627 554 3014 648 555 3015 665 557 3016 664 591 3017 634 758 3018 649 758 3019 633 758 3020 642 1 3021 657 1 3022 641 1 3023 635 1 3024 650 1 3025 634 1 3026 642 759 3027 659 759 3028 658 759 3029 636 760 3030 651 760 3031 635 760 3032 628 761 3033 644 761 3034 645 761 3035 643 762 3036 645 762 3037 659 762 3038 637 1 3039 652 1 3040 636 1 3041 629 763 3042 646 763 3043 644 763 3044 638 764 3045 653 764 3046 637 764 3047 630 1 3048 647 1 3049 646 1 3050 639 1 3051 654 1 3052 638 1 3053 631 1 3054 648 1 3055 647 1 3056 639 1 3057 656 1 3058 655 1 3059 633 1 3060 648 1 3061 632 1 3062 641 1 3063 656 1 3064 640 1 3065 662 1 3066 674 1 3067 660 1 3068 660 1 3069 674 1 3070 661 1 3071 661 1 3072 674 1 3073 675 1 3074 674 1 3075 672 1 3076 673 1 3077 672 1 3078 674 1 3079 671 1 3080 671 1 3081 674 1 3082 670 1 3083 670 765 3084 668 765 3085 669 765 3086 668 1 3087 666 1 3088 667 1 3089 666 1 3090 662 1 3091 665 1 3092 665 1 3093 662 1 3094 664 1 3095 664 1 3096 662 1 3097 663 1 3098 670 1 3099 666 1 3100 668 1 3101 662 1 3102 670 1 3103 674 1 3104 656 564 3105 673 566 3106 672 592 3107 649 556 3108 666 568 3109 665 557 3110 657 565 3111 674 570 3112 673 566 3113 650 567 3114 667 572 3115 666 568 3116 658 569 3117 675 574 3118 674 570 3119 651 571 3120 668 576 3121 667 572 3122 645 577 3123 660 579 3124 661 580 3125 659 573 3126 661 580 3127 675 574 3128 652 575 3129 669 582 3130 668 576 3131 644 578 3132 662 584 3133 660 579 3134 653 581 3135 670 586 3136 669 582 3137 646 583 3138 663 588 3139 662 584 3140 654 585 3141 671 590 3142 670 586 3143 647 587 3144 664 591 3145 663 588 3146 655 589 3147 672 592 3148 671 590 3149 691 4 3150 679 4 3151 676 4 3152 676 4 3153 679 4 3154 677 4 3155 677 766 3156 679 766 3157 678 766 3158 679 4 3159 681 4 3160 680 4 3161 681 4 3162 679 4 3163 682 4 3164 682 4 3165 679 4 3166 683 4 3167 683 4 3168 685 4 3169 684 4 3170 685 4 3171 683 4 3172 686 4 3173 686 4 3174 683 4 3175 687 4 3176 687 4 3177 689 4 3178 688 4 3179 689 767 3180 687 767 3181 690 767 3182 690 4 3183 687 4 3184 691 4 3185 691 4 3186 687 4 3187 679 4 3188 694 594 3189 693 596 3190 695 598 3191 696 597 3192 695 598 3193 697 600 3194 698 599 3195 697 600 3196 699 602 3197 700 601 3198 699 602 3199 701 604 3200 702 603 3201 701 604 3202 703 606 3203 704 605 3204 703 606 3205 705 608 3206 706 607 3207 705 608 3208 707 610 3209 708 609 3210 707 610 3211 709 611 3212 708 609 3213 711 612 3214 710 613 3215 710 613 3216 713 614 3217 712 615 3218 712 615 3219 715 616 3220 714 617 3221 714 617 3222 717 618 3223 716 620 3224 718 619 3225 717 618 3226 719 622 3227 720 621 3228 719 622 3229 721 623 3230 720 621 3231 723 624 3232 722 625 3233 722 625 3234 693 596 3235 692 595 3236 761 626 3237 744 628 3238 760 659 3239 730 4 3240 745 4 3241 746 4 3242 738 4 3243 753 4 3244 754 4 3245 731 768 3246 746 768 3247 747 768 3248 755 4 3249 738 4 3250 754 4 3251 732 769 3252 747 769 3253 748 769 3254 740 770 3255 724 770 3256 741 770 3257 741 4 3258 739 4 3259 755 4 3260 733 771 3261 748 771 3262 749 771 3263 742 4 3264 725 4 3265 740 4 3266 734 4 3267 749 4 3268 750 4 3269 743 4 3270 726 4 3271 742 4 3272 735 4 3273 750 4 3274 751 4 3275 744 772 3276 727 772 3277 743 772 3278 752 773 3279 735 773 3280 751 773 3281 729 4 3282 744 4 3283 745 4 3284 737 774 3285 752 774 3286 753 774 3287 757 775 3288 758 775 3289 756 775 3290 758 776 3291 760 776 3292 759 776 3293 760 4 3294 764 4 3295 761 4 3296 761 4 3297 764 4 3298 762 4 3299 762 777 3300 764 777 3301 763 777 3302 764 778 3303 766 778 3304 765 778 3305 766 4 3306 764 4 3307 767 4 3308 767 4 3309 764 4 3310 768 4 3311 768 779 3312 770 779 3313 769 779 3314 770 780 3315 757 780 3316 771 780 3317 757 4 3318 764 4 3319 758 4 3320 758 781 3321 764 781 3322 760 781 3323 768 782 3324 764 782 3325 770 782 3326 769 634 3327 752 636 3328 768 660 3329 762 637 3330 745 627 3331 761 626 3332 770 639 3333 753 635 3334 769 634 3335 763 641 3336 746 638 3337 762 637 3338 771 643 3339 754 640 3340 770 639 3341 764 645 3342 747 642 3343 763 641 3344 756 647 3345 741 649 3346 757 650 3347 757 650 3348 755 644 3349 771 643 3350 765 651 3351 748 646 3352 764 645 3353 758 653 3354 740 648 3355 756 647 3356 766 654 3357 749 652 3358 765 651 3359 759 655 3360 742 51 3361 758 653 3362 767 657 3363 750 496 3364 766 654 3365 760 659 3366 743 656 3367 759 655 3368 768 660 3369 751 658 3370 767 657 3371 773 1 3372 787 1 3373 772 1 3374 787 1 3375 773 1 3376 786 1 3377 786 783 3378 773 783 3379 785 783 3380 785 1 3381 783 1 3382 784 1 3383 783 784 3384 785 784 3385 782 784 3386 782 1 3387 785 1 3388 781 1 3389 781 1 3390 779 1 3391 780 1 3392 779 1 3393 781 1 3394 778 1 3395 778 1 3396 781 1 3397 777 1 3398 777 1 3399 775 1 3400 776 1 3401 775 1 3402 777 1 3403 774 1 3404 774 1 3405 777 1 3406 773 1 3407 773 1 3408 777 1 3409 785 1 3410 803 4 3411 789 4 3412 788 4 3413 789 4 3414 803 4 3415 790 4 3416 790 4 3417 803 4 3418 791 4 3419 791 4 3420 793 4 3421 792 4 3422 793 4 3423 791 4 3424 794 4 3425 794 4 3426 791 4 3427 795 4 3428 795 4 3429 797 4 3430 796 4 3431 797 785 3432 799 785 3433 798 785 3434 799 4 3435 803 4 3436 800 4 3437 800 786 3438 803 786 3439 801 786 3440 801 4 3441 803 4 3442 802 4 3443 795 4 3444 803 4 3445 797 4 3446 797 4 3447 803 4 3448 799 4 3449 818 663 3450 835 665 3451 834 709 3452 788 666 3453 805 668 3454 804 670 3455 803 669 3456 804 670 3457 819 664 3458 797 671 3459 812 673 3460 796 695 3461 790 674 3462 805 668 3463 789 667 3464 798 676 3465 813 672 3466 797 671 3467 790 674 3468 807 679 3469 806 675 3470 798 676 3471 815 681 3472 814 677 3473 791 678 3474 808 683 3475 807 679 3476 799 680 3477 816 685 3478 815 681 3479 793 686 3480 808 683 3481 792 682 3482 801 688 3483 816 685 3484 800 684 3485 794 690 3486 809 687 3487 793 686 3488 802 692 3489 817 689 3490 801 688 3491 794 690 3492 811 694 3493 810 691 3494 802 692 3495 819 664 3496 818 663 3497 796 695 3498 811 694 3499 795 693 3500 811 694 3501 828 696 3502 827 710 3503 804 670 3504 821 697 3505 820 698 3506 819 664 3507 820 698 3508 835 665 3509 812 673 3510 829 699 3511 828 696 3512 805 668 3513 822 700 3514 821 697 3515 813 672 3516 830 701 3517 829 699 3518 806 675 3519 823 702 3520 822 700 3521 814 677 3522 831 703 3523 830 701 3524 807 679 3525 824 704 3526 823 702 3527 815 681 3528 832 705 3529 831 703 3530 808 683 3531 825 706 3532 824 704 3533 816 685 3534 833 707 3535 832 705 3536 809 687 3537 826 708 3538 825 706 3539 817 689 3540 834 709 3541 833 707 3542 810 691 3543 827 710 3544 826 708 3545 837 1 3546 851 1 3547 836 1 3548 851 787 3549 849 787 3550 850 787 3551 849 1 3552 845 1 3553 848 1 3554 848 788 3555 845 788 3556 847 788 3557 847 1 3558 845 1 3559 846 1 3560 845 1 3561 843 1 3562 844 1 3563 843 1 3564 845 1 3565 842 1 3566 842 1 3567 845 1 3568 841 1 3569 841 1 3570 839 1 3571 840 1 3572 839 789 3573 841 789 3574 838 789 3575 838 1 3576 841 1 3577 837 1 3578 837 1 3579 845 1 3580 851 1 3581 851 1 3582 845 1 3583 849 1 3584 883 665 3585 866 712 3586 882 754 3587 853 713 3588 836 715 3589 852 716 3590 852 716 3591 851 717 3592 867 711 3593 845 718 3594 860 720 3595 861 723 3596 838 721 3597 853 713 3598 854 743 3599 846 722 3600 861 723 3601 862 745 3602 855 724 3603 838 721 3604 854 743 3605 863 726 3606 846 722 3607 862 745 3608 856 728 3609 839 725 3610 855 724 3611 864 730 3612 847 727 3613 863 726 3614 841 732 3615 856 728 3616 857 735 3617 849 733 3618 864 730 3619 865 737 3620 842 734 3621 857 735 3622 858 753 3623 850 736 3624 865 737 3625 866 712 3626 859 738 3627 842 734 3628 858 753 3629 867 711 3630 850 736 3631 866 712 3632 844 719 3633 859 738 3634 860 720 3635 876 740 3636 859 738 3637 875 755 3638 869 741 3639 852 716 3640 868 742 3641 868 742 3642 867 711 3643 883 665 3644 877 699 3645 860 720 3646 876 740 3647 870 700 3648 853 713 3649 869 741 3650 878 744 3651 861 723 3652 877 699 3653 871 746 3654 854 743 3655 870 700 3656 879 747 3657 862 745 3658 878 744 3659 872 748 3660 855 724 3661 871 746 3662 880 749 3663 863 726 3664 879 747 3665 873 750 3666 856 728 3667 872 748 3668 881 751 3669 864 730 3670 880 749 3671 874 752 3672 857 735 3673 873 750 3674 882 754 3675 865 737 3676 881 751 3677 875 755 3678 858 753 3679 874 752 3680 885 790 3681 884 791 3682 886 792 3683 887 793 3684 886 792 3685 888 794 3686 889 795 3687 888 794 3688 890 796 3689 891 797 3690 890 796 3691 892 798 3692 893 799 3693 892 798 3694 894 800 3695 895 801 3696 894 800 3697 896 802 3698 897 803 3699 896 802 3700 898 804 3701 899 805 3702 898 804 3703 900 806 3704 900 806 3705 902 807 3706 903 808 3707 902 807 3708 904 809 3709 905 810 3710 904 809 3711 906 811 3712 907 812 3713 906 811 3714 908 813 3715 909 814 3716 909 814 3717 908 813 3718 910 815 3719 911 816 3720 910 815 3721 912 817 3722 912 817 3723 914 818 3724 915 819 3725 914 818 3726 884 791 3727 885 790 3728 936 820 3729 937 821 3730 953 822 3731 922 823 3732 938 823 3733 937 823 3734 930 1 3735 946 1 3736 945 1 3737 923 824 3738 939 824 3739 938 824 3740 930 825 3741 931 825 3742 947 825 3743 924 1 3744 940 1 3745 939 1 3746 916 826 3747 917 826 3748 932 826 3749 931 1 3750 916 1 3751 933 1 3752 925 562 3753 941 562 3754 940 562 3755 917 497 3756 918 497 3757 934 497 3758 926 1 3759 942 1 3760 941 1 3761 918 1 3762 919 1 3763 935 1 3764 927 1 3765 943 1 3766 942 1 3767 919 1 3768 920 1 3769 936 1 3770 927 1 3771 928 1 3772 944 1 3773 921 1 3774 937 1 3775 936 1 3776 929 1 3777 945 1 3778 944 1 3779 958 1 3780 950 1 3781 954 1 3782 944 827 3783 945 828 3784 961 829 3785 937 821 3786 938 830 3787 954 831 3788 945 828 3789 946 832 3790 962 833 3791 938 830 3792 939 834 3793 955 835 3794 946 832 3795 947 836 3796 963 837 3797 939 834 3798 940 838 3799 956 839 3800 933 840 3801 932 841 3802 948 842 3803 947 836 3804 933 840 3805 949 843 3806 940 838 3807 941 844 3808 957 845 3809 932 841 3810 934 846 3811 950 847 3812 941 844 3813 942 848 3814 958 384 3815 934 846 3816 935 849 3817 951 850 3818 942 848 3819 943 851 3820 959 852 3821 935 849 3822 936 820 3823 952 853 3824 943 851 3825 944 827 3826 960 854 3827 967 855 3828 975 855 3829 971 855 3830 982 856 3831 980 791 3832 981 857 3833 984 858 3834 982 856 3835 983 859 3836 986 860 3837 984 858 3838 985 861 3839 988 862 3840 986 860 3841 987 863 3842 990 864 3843 988 862 3844 989 865 3845 992 866 3846 990 864 3847 991 867 3848 994 868 3849 992 866 3850 993 869 3851 996 870 3852 994 868 3853 995 871 3854 996 870 3855 997 872 3856 999 873 3857 998 874 3858 999 873 3859 1001 875 3860 1000 876 3861 1001 875 3862 1003 877 3863 1002 878 3864 1003 877 3865 1005 879 3866 1006 880 3867 1004 881 3868 1005 879 3869 1008 882 3870 1006 880 3871 1007 883 3872 1008 882 3873 1009 884 3874 1011 885 3875 1010 886 3876 1011 885 3877 981 857 3878 1049 887 3879 1033 888 3880 1032 889 3881 1018 377 3882 1017 377 3883 1033 377 3884 1026 376 3885 1025 376 3886 1041 376 3887 1019 890 3888 1018 890 3889 1034 890 3890 1043 4 3891 1027 4 3892 1026 4 3893 1020 4 3894 1019 4 3895 1035 4 3896 1028 891 3897 1013 891 3898 1012 891 3899 1029 633 3900 1012 633 3901 1027 633 3902 1021 4 3903 1020 4 3904 1036 4 3905 1030 4 3906 1014 4 3907 1013 4 3908 1022 4 3909 1021 4 3910 1037 4 3911 1031 4 3912 1015 4 3913 1014 4 3914 1023 4 3915 1022 4 3916 1038 4 3917 1032 4 3918 1016 4 3919 1015 4 3920 1040 4 3921 1024 4 3922 1023 4 3923 1017 4 3924 1016 4 3925 1032 4 3926 1025 4 3927 1024 4 3928 1040 4 3929 1058 4 3930 1052 4 3931 1045 4 3932 1057 892 3933 1041 893 3934 1040 894 3935 1050 895 3936 1034 896 3937 1033 888 3938 1058 897 3939 1042 898 3940 1041 893 3941 1051 899 3942 1035 900 3943 1034 896 3944 1059 901 3945 1043 902 3946 1042 898 3947 1052 903 3948 1036 904 3949 1035 900 3950 1044 905 3951 1028 906 3952 1029 907 3953 1045 908 3954 1029 907 3955 1043 902 3956 1053 909 3957 1037 910 3958 1036 904 3959 1046 847 3960 1030 911 3961 1028 906 3962 1054 912 3963 1038 913 3964 1037 910 3965 1047 914 3966 1031 915 3967 1030 911 3968 1055 916 3969 1039 917 3970 1038 913 3971 1048 918 3972 1032 889 3973 1031 915 3974 1056 919 3975 1040 894 3976 1039 917 3977 1073 661 3978 1065 661 3979 1069 661 3980 1091 920 3981 1083 920 3982 1079 920 3983 1106 921 3984 1107 922 3985 1123 923 3986 1076 924 3987 1077 925 3988 1093 926 3989 1091 927 3990 1076 924 3991 1092 928 3992 1085 929 3993 1101 930 3994 1100 931 3995 1078 932 3996 1094 933 3997 1093 926 3998 1086 934 3999 1102 935 4000 1101 930 4001 1078 932 4002 1079 936 4003 1095 937 4004 1086 934 4005 1087 938 4006 1103 939 4007 1079 936 4008 1080 940 4009 1096 941 4010 1087 938 4011 1088 942 4012 1104 943 4013 1081 944 4014 1097 945 4015 1096 941 4016 1089 946 4017 1105 947 4018 1104 943 4019 1082 948 4020 1098 949 4021 1097 945 4022 1090 950 4023 1106 921 4024 1105 947 4025 1082 948 4026 1083 951 4027 1099 952 4028 1090 950 4029 1091 927 4030 1107 922 4031 1084 953 4032 1100 931 4033 1099 952 4034 1099 952 4035 1100 931 4036 1116 954 4037 1092 928 4038 1093 926 4039 1109 955 4040 1107 922 4041 1092 928 4042 1108 956 4043 1100 931 4044 1101 930 4045 1117 957 4046 1093 926 4047 1094 933 4048 1110 958 4049 1101 930 4050 1102 935 4051 1118 744 4052 1094 933 4053 1095 937 4054 1111 959 4055 1102 935 4056 1103 939 4057 1119 960 4058 1095 937 4059 1096 941 4060 1112 961 4061 1103 939 4062 1104 943 4063 1120 962 4064 1096 941 4065 1097 945 4066 1113 963 4067 1104 943 4068 1105 947 4069 1121 13 4070 1097 945 4071 1098 949 4072 1114 964 4073 1105 947 4074 1106 921 4075 1122 965 4076 1098 949 4077 1099 952 4078 1115 966 4079 1133 1 4080 1125 1 4081 1129 1 4082 1171 923 4083 1155 967 4084 1154 968 4085 1141 969 4086 1125 970 4087 1124 971 4088 1140 972 4089 1124 971 4090 1139 973 4091 1133 974 4092 1132 975 4093 1148 976 4094 1126 977 4095 1125 970 4096 1141 969 4097 1134 978 4098 1133 974 4099 1149 979 4100 1143 980 4101 1127 981 4102 1126 977 4103 1151 982 4104 1135 983 4105 1134 978 4106 1144 984 4107 1128 985 4108 1127 981 4109 1152 986 4110 1136 987 4111 1135 983 4112 1129 988 4113 1128 985 4114 1144 984 4115 1137 989 4116 1136 987 4117 1152 986 4118 1130 990 4119 1129 988 4120 1145 991 4121 1138 992 4122 1137 989 4123 1153 993 4124 1147 994 4125 1131 995 4126 1130 990 4127 1155 967 4128 1139 973 4129 1138 992 4130 1132 975 4131 1131 995 4132 1147 994 4133 1164 996 4134 1148 976 4135 1147 994 4136 1157 997 4137 1141 969 4138 1140 972 4139 1156 956 4140 1140 972 4141 1155 967 4142 1165 957 4143 1149 979 4144 1148 976 4145 1158 998 4146 1142 999 4147 1141 969 4148 1166 744 4149 1150 1000 4150 1149 979 4151 1159 1001 4152 1143 980 4153 1142 999 4154 1167 960 4155 1151 982 4156 1150 1000 4157 1160 1002 4158 1144 984 4159 1143 980 4160 1168 1003 4161 1152 986 4162 1151 982 4163 1161 1004 4164 1145 991 4165 1144 984 4166 1169 13 4167 1153 993 4168 1152 986 4169 1162 964 4170 1146 1005 4171 1145 991 4172 1170 965 4173 1154 968 4174 1153 993 4175 1163 966 4176 1147 994 4177 1146 1005 4178 885 790 4179 886 792 4180 887 793 4181 887 793 4182 888 794 4183 889 795 4184 889 795 4185 890 796 4186 891 797 4187 891 797 4188 892 798 4189 893 799 4190 893 799 4191 894 800 4192 895 801 4193 895 801 4194 896 802 4195 897 803 4196 897 803 4197 898 804 4198 899 805 4199 899 805 4200 900 806 4201 901 1006 4202 900 806 4203 903 808 4204 901 1006 4205 902 807 4206 905 810 4207 903 808 4208 904 809 4209 907 812 4210 905 810 4211 906 811 4212 909 814 4213 907 812 4214 909 814 4215 910 815 4216 911 816 4217 911 816 4218 912 817 4219 913 137 4220 912 817 4221 915 819 4222 913 137 4223 914 818 4224 885 790 4225 915 819 4226 936 820 4227 953 822 4228 952 853 4229 922 311 4230 937 311 4231 921 311 4232 930 1 4233 945 1 4234 929 1 4235 923 1 4236 938 1 4237 922 1 4238 930 1007 4239 947 1007 4240 946 1007 4241 924 1008 4242 939 1008 4243 923 1008 4244 916 761 4245 932 761 4246 933 761 4247 931 762 4248 933 762 4249 947 762 4250 925 1 4251 940 1 4252 924 1 4253 917 1009 4254 934 1009 4255 932 1009 4256 926 1010 4257 941 1010 4258 925 1010 4259 918 1 4260 935 1 4261 934 1 4262 927 1 4263 942 1 4264 926 1 4265 919 1 4266 936 1 4267 935 1 4268 927 1 4269 944 1 4270 943 1 4271 921 1 4272 936 1 4273 920 1 4274 929 1 4275 944 1 4276 928 1 4277 950 1 4278 962 1 4279 948 1 4280 948 1 4281 962 1 4282 949 1 4283 949 1 4284 962 1 4285 963 1 4286 962 1 4287 960 1 4288 961 1 4289 960 1 4290 962 1 4291 959 1 4292 959 1 4293 962 1 4294 958 1 4295 958 1011 4296 956 1011 4297 957 1011 4298 956 1 4299 954 1 4300 955 1 4301 954 1 4302 950 1 4303 953 1 4304 953 1 4305 950 1 4306 952 1 4307 952 1 4308 950 1 4309 951 1 4310 958 1 4311 954 1 4312 956 1 4313 950 1 4314 958 1 4315 962 1 4316 944 827 4317 961 829 4318 960 854 4319 937 821 4320 954 831 4321 953 822 4322 945 828 4323 962 833 4324 961 829 4325 938 830 4326 955 835 4327 954 831 4328 946 832 4329 963 837 4330 962 833 4331 939 834 4332 956 839 4333 955 835 4334 933 840 4335 948 842 4336 949 843 4337 947 836 4338 949 843 4339 963 837 4340 940 838 4341 957 845 4342 956 839 4343 932 841 4344 950 847 4345 948 842 4346 941 844 4347 958 384 4348 957 845 4349 934 846 4350 951 850 4351 950 847 4352 942 848 4353 959 852 4354 958 384 4355 935 849 4356 952 853 4357 951 850 4358 943 851 4359 960 854 4360 959 852 4361 979 4 4362 967 4 4363 964 4 4364 964 4 4365 967 4 4366 965 4 4367 965 1012 4368 967 1012 4369 966 1012 4370 967 4 4371 969 4 4372 968 4 4373 969 4 4374 967 4 4375 970 4 4376 970 4 4377 967 4 4378 971 4 4379 971 4 4380 973 4 4381 972 4 4382 973 4 4383 971 4 4384 974 4 4385 974 4 4386 971 4 4387 975 4 4388 975 4 4389 977 4 4390 976 4 4391 977 1013 4392 975 1013 4393 978 1013 4394 978 4 4395 975 4 4396 979 4 4397 979 4 4398 975 4 4399 967 4 4400 982 856 4401 981 857 4402 983 859 4403 984 858 4404 983 859 4405 985 861 4406 986 860 4407 985 861 4408 987 863 4409 988 862 4410 987 863 4411 989 865 4412 990 864 4413 989 865 4414 991 867 4415 992 866 4416 991 867 4417 993 869 4418 994 868 4419 993 869 4420 995 871 4421 996 870 4422 995 871 4423 997 872 4424 996 870 4425 999 873 4426 998 874 4427 998 874 4428 1001 875 4429 1000 876 4430 1000 876 4431 1003 877 4432 1002 878 4433 1002 878 4434 1005 879 4435 1004 881 4436 1006 880 4437 1005 879 4438 1007 883 4439 1008 882 4440 1007 883 4441 1009 884 4442 1008 882 4443 1011 885 4444 1010 886 4445 1010 886 4446 981 857 4447 980 791 4448 1049 887 4449 1032 889 4450 1048 918 4451 1018 4 4452 1033 4 4453 1034 4 4454 1026 4 4455 1041 4 4456 1042 4 4457 1019 1014 4458 1034 1014 4459 1035 1014 4460 1043 4 4461 1026 4 4462 1042 4 4463 1020 769 4464 1035 769 4465 1036 769 4466 1028 770 4467 1012 770 4468 1029 770 4469 1029 4 4470 1027 4 4471 1043 4 4472 1021 771 4473 1036 771 4474 1037 771 4475 1030 4 4476 1013 4 4477 1028 4 4478 1022 4 4479 1037 4 4480 1038 4 4481 1031 4 4482 1014 4 4483 1030 4 4484 1023 4 4485 1038 4 4486 1039 4 4487 1032 773 4488 1015 773 4489 1031 773 4490 1040 1015 4491 1023 1015 4492 1039 1015 4493 1017 4 4494 1032 4 4495 1033 4 4496 1025 1016 4497 1040 1016 4498 1041 1016 4499 1045 1017 4500 1046 1017 4501 1044 1017 4502 1046 1018 4503 1048 1018 4504 1047 1018 4505 1048 4 4506 1052 4 4507 1049 4 4508 1049 4 4509 1052 4 4510 1050 4 4511 1050 1019 4512 1052 1019 4513 1051 1019 4514 1052 1020 4515 1054 1020 4516 1053 1020 4517 1054 4 4518 1052 4 4519 1055 4 4520 1055 4 4521 1052 4 4522 1056 4 4523 1056 1021 4524 1058 1021 4525 1057 1021 4526 1058 1022 4527 1045 1022 4528 1059 1022 4529 1045 4 4530 1052 4 4531 1046 4 4532 1046 1023 4533 1052 1023 4534 1048 1023 4535 1056 1024 4536 1052 1024 4537 1058 1024 4538 1057 892 4539 1040 894 4540 1056 919 4541 1050 895 4542 1033 888 4543 1049 887 4544 1058 897 4545 1041 893 4546 1057 892 4547 1051 899 4548 1034 896 4549 1050 895 4550 1059 901 4551 1042 898 4552 1058 897 4553 1052 903 4554 1035 900 4555 1051 899 4556 1044 905 4557 1029 907 4558 1045 908 4559 1045 908 4560 1043 902 4561 1059 901 4562 1053 909 4563 1036 904 4564 1052 903 4565 1046 847 4566 1028 906 4567 1044 905 4568 1054 912 4569 1037 910 4570 1053 909 4571 1047 914 4572 1030 911 4573 1046 847 4574 1055 916 4575 1038 913 4576 1054 912 4577 1048 918 4578 1031 915 4579 1047 914 4580 1056 919 4581 1039 917 4582 1055 916 4583 1061 1 4584 1075 1 4585 1060 1 4586 1075 1 4587 1061 1 4588 1074 1 4589 1074 1025 4590 1061 1025 4591 1073 1025 4592 1073 1 4593 1071 1 4594 1072 1 4595 1071 1026 4596 1073 1026 4597 1070 1026 4598 1070 1 4599 1073 1 4600 1069 1 4601 1069 1 4602 1067 1 4603 1068 1 4604 1067 1 4605 1069 1 4606 1066 1 4607 1066 1 4608 1069 1 4609 1065 1 4610 1065 1 4611 1063 1 4612 1064 1 4613 1063 1 4614 1065 1 4615 1062 1 4616 1062 1 4617 1065 1 4618 1061 1 4619 1061 1 4620 1065 1 4621 1073 1 4622 1091 4 4623 1077 4 4624 1076 4 4625 1077 4 4626 1091 4 4627 1078 4 4628 1078 4 4629 1091 4 4630 1079 4 4631 1079 4 4632 1081 4 4633 1080 4 4634 1081 4 4635 1079 4 4636 1082 4 4637 1082 4 4638 1079 4 4639 1083 4 4640 1083 4 4641 1085 4 4642 1084 4 4643 1085 1027 4644 1087 1027 4645 1086 1027 4646 1087 4 4647 1091 4 4648 1088 4 4649 1088 1028 4650 1091 1028 4651 1089 1028 4652 1089 4 4653 1091 4 4654 1090 4 4655 1083 4 4656 1091 4 4657 1085 4 4658 1085 4 4659 1091 4 4660 1087 4 4661 1106 921 4662 1123 923 4663 1122 965 4664 1076 924 4665 1093 926 4666 1092 928 4667 1091 927 4668 1092 928 4669 1107 922 4670 1085 929 4671 1100 931 4672 1084 953 4673 1078 932 4674 1093 926 4675 1077 925 4676 1086 934 4677 1101 930 4678 1085 929 4679 1078 932 4680 1095 937 4681 1094 933 4682 1086 934 4683 1103 939 4684 1102 935 4685 1079 936 4686 1096 941 4687 1095 937 4688 1087 938 4689 1104 943 4690 1103 939 4691 1081 944 4692 1096 941 4693 1080 940 4694 1089 946 4695 1104 943 4696 1088 942 4697 1082 948 4698 1097 945 4699 1081 944 4700 1090 950 4701 1105 947 4702 1089 946 4703 1082 948 4704 1099 952 4705 1098 949 4706 1090 950 4707 1107 922 4708 1106 921 4709 1084 953 4710 1099 952 4711 1083 951 4712 1099 952 4713 1116 954 4714 1115 966 4715 1092 928 4716 1109 955 4717 1108 956 4718 1107 922 4719 1108 956 4720 1123 923 4721 1100 931 4722 1117 957 4723 1116 954 4724 1093 926 4725 1110 958 4726 1109 955 4727 1101 930 4728 1118 744 4729 1117 957 4730 1094 933 4731 1111 959 4732 1110 958 4733 1102 935 4734 1119 960 4735 1118 744 4736 1095 937 4737 1112 961 4738 1111 959 4739 1103 939 4740 1120 962 4741 1119 960 4742 1096 941 4743 1113 963 4744 1112 961 4745 1104 943 4746 1121 13 4747 1120 962 4748 1097 945 4749 1114 964 4750 1113 963 4751 1105 947 4752 1122 965 4753 1121 13 4754 1098 949 4755 1115 966 4756 1114 964 4757 1125 1 4758 1139 1 4759 1124 1 4760 1139 787 4761 1137 787 4762 1138 787 4763 1137 1 4764 1133 1 4765 1136 1 4766 1136 1029 4767 1133 1029 4768 1135 1029 4769 1135 1 4770 1133 1 4771 1134 1 4772 1133 1 4773 1131 1 4774 1132 1 4775 1131 1 4776 1133 1 4777 1130 1 4778 1130 1 4779 1133 1 4780 1129 1 4781 1129 1 4782 1127 1 4783 1128 1 4784 1127 1030 4785 1129 1030 4786 1126 1030 4787 1126 1 4788 1129 1 4789 1125 1 4790 1125 1 4791 1133 1 4792 1139 1 4793 1139 1 4794 1133 1 4795 1137 1 4796 1171 923 4797 1154 968 4798 1170 965 4799 1141 969 4800 1124 971 4801 1140 972 4802 1140 972 4803 1139 973 4804 1155 967 4805 1133 974 4806 1148 976 4807 1149 979 4808 1126 977 4809 1141 969 4810 1142 999 4811 1134 978 4812 1149 979 4813 1150 1000 4814 1143 980 4815 1126 977 4816 1142 999 4817 1151 982 4818 1134 978 4819 1150 1000 4820 1144 984 4821 1127 981 4822 1143 980 4823 1152 986 4824 1135 983 4825 1151 982 4826 1129 988 4827 1144 984 4828 1145 991 4829 1137 989 4830 1152 986 4831 1153 993 4832 1130 990 4833 1145 991 4834 1146 1005 4835 1138 992 4836 1153 993 4837 1154 968 4838 1147 994 4839 1130 990 4840 1146 1005 4841 1155 967 4842 1138 992 4843 1154 968 4844 1132 975 4845 1147 994 4846 1148 976 4847 1164 996 4848 1147 994 4849 1163 966 4850 1157 997 4851 1140 972 4852 1156 956 4853 1156 956 4854 1155 967 4855 1171 923 4856 1165 957 4857 1148 976 4858 1164 996 4859 1158 998 4860 1141 969 4861 1157 997 4862 1166 744 4863 1149 979 4864 1165 957 4865 1159 1001 4866 1142 999 4867 1158 998 4868 1167 960 4869 1150 1000 4870 1166 744 4871 1160 1002 4872 1143 980 4873 1159 1001 4874 1168 1003 4875 1151 982 4876 1167 960 4877 1161 1004 4878 1144 984 4879 1160 1002 4880 1169 13 4881 1152 986 4882 1168 1003 4883 1162 964 4884 1145 991 4885 1161 1004 4886 1170 965 4887 1153 993 4888 1169 13 4889 1163 966 4890 1146 1005 4891 1162 964 4892 1172 522 4893 1175 522 4894 1173 522 4895 1179 523 4896 1175 523 4897 1174 523 4898 1176 524 4899 1172 524 4900 1173 524 4901 1177 3 4902 1174 3 4903 1172 3 4904 1178 2 4905 1173 2 4906 1175 2 4907 1195 1031 4908 1183 1031 4909 1187 1031 4910 1210 1032 4911 1227 1033 4912 1211 1034 4913 1180 1035 4914 1197 1036 4915 1181 1037 4916 1195 1038 4917 1196 1039 4918 1180 1035 4919 1189 1040 4920 1204 1041 4921 1205 1042 4922 1182 1043 4923 1197 1036 4924 1198 1044 4925 1190 1045 4926 1205 1042 4927 1206 1046 4928 1182 1043 4929 1199 1047 4930 1183 1048 4931 1190 1045 4932 1207 1049 4933 1191 1050 4934 1183 1048 4935 1200 1051 4936 1184 1052 4937 1191 1050 4938 1208 1053 4939 1192 1054 4940 1185 1055 4941 1200 1051 4942 1201 1056 4943 1193 1057 4944 1208 1053 4945 1209 1058 4946 1186 1059 4947 1201 1056 4948 1202 1060 4949 1194 1061 4950 1209 1058 4951 1210 1032 4952 1186 1059 4953 1203 1062 4954 1187 1063 4955 1194 1061 4956 1211 1034 4957 1195 1038 4958 1188 1064 4959 1203 1062 4960 1204 1041 4961 1203 1062 4962 1220 1065 4963 1204 1041 4964 1196 1039 4965 1213 1066 4966 1197 1036 4967 1211 1034 4968 1212 1067 4969 1196 1039 4970 1204 1041 4971 1221 1068 4972 1205 1042 4973 1197 1036 4974 1214 1069 4975 1198 1044 4976 1205 1042 4977 1222 1070 4978 1206 1046 4979 1198 1044 4980 1215 1071 4981 1199 1047 4982 1206 1046 4983 1223 1072 4984 1207 1049 4985 1199 1047 4986 1216 1073 4987 1200 1051 4988 1207 1049 4989 1224 1074 4990 1208 1053 4991 1200 1051 4992 1217 1075 4993 1201 1056 4994 1208 1053 4995 1225 1076 4996 1209 1058 4997 1201 1056 4998 1218 1077 4999 1202 1060 5000 1209 1058 5001 1226 1078 5002 1210 1032 5003 1202 1060 5004 1219 1079 5005 1203 1062 5006 1237 1080 5007 1233 1080 5008 1229 1080 5009 1275 1081 5010 1258 1082 5011 1259 1083 5012 1245 1084 5013 1228 1085 5014 1229 1086 5015 1244 1087 5016 1243 1088 5017 1228 1085 5018 1237 1089 5019 1252 1090 5020 1236 1091 5021 1230 1092 5022 1245 1084 5023 1229 1086 5024 1238 1093 5025 1253 1094 5026 1237 1089 5027 1247 1095 5028 1230 1092 5029 1231 1096 5030 1255 1097 5031 1238 1093 5032 1239 1098 5033 1248 1099 5034 1231 1096 5035 1232 1100 5036 1256 1101 5037 1239 1098 5038 1240 1102 5039 1233 1103 5040 1248 1099 5041 1232 1100 5042 1241 1104 5043 1256 1101 5044 1240 1102 5045 1234 1105 5046 1249 1106 5047 1233 1103 5048 1242 1107 5049 1257 1108 5050 1241 1104 5051 1251 1109 5052 1234 1105 5053 1235 1110 5054 1259 1083 5055 1242 1107 5056 1243 1088 5057 1236 1091 5058 1251 1109 5059 1235 1110 5060 1268 1111 5061 1251 1109 5062 1252 1090 5063 1261 1112 5064 1244 1087 5065 1245 1084 5066 1260 1113 5067 1259 1083 5068 1244 1087 5069 1269 1114 5070 1252 1090 5071 1253 1094 5072 1262 1115 5073 1245 1084 5074 1246 1116 5075 1270 1117 5076 1253 1094 5077 1254 1118 5078 1263 1119 5079 1246 1116 5080 1247 1095 5081 1271 1120 5082 1254 1118 5083 1255 1097 5084 1264 1121 5085 1247 1095 5086 1248 1099 5087 1272 1122 5088 1255 1097 5089 1256 1101 5090 1265 1123 5091 1248 1099 5092 1249 1106 5093 1273 1124 5094 1256 1101 5095 1257 1108 5096 1266 1125 5097 1249 1106 5098 1250 1126 5099 1274 1127 5100 1257 1108 5101 1258 1082 5102 1267 1128 5103 1250 1126 5104 1251 1109 5105 1195 1129 5106 1180 1129 5107 1181 1129 5108 1181 2 5109 1182 2 5110 1195 2 5111 1182 1130 5112 1183 1130 5113 1195 1130 5114 1183 2 5115 1184 2 5116 1185 2 5117 1185 2 5118 1186 2 5119 1183 2 5120 1186 1131 5121 1187 1131 5122 1183 1131 5123 1187 1132 5124 1188 1132 5125 1189 1132 5126 1189 1133 5127 1190 1133 5128 1191 1133 5129 1191 1134 5130 1192 1134 5131 1195 1134 5132 1192 1135 5133 1193 1135 5134 1195 1135 5135 1193 1136 5136 1194 1136 5137 1195 1136 5138 1187 2 5139 1189 2 5140 1195 2 5141 1189 2 5142 1191 2 5143 1195 2 5144 1210 1032 5145 1226 1078 5146 1227 1033 5147 1180 1035 5148 1196 1039 5149 1197 1036 5150 1195 1038 5151 1211 1034 5152 1196 1039 5153 1189 1040 5154 1188 1064 5155 1204 1041 5156 1182 1043 5157 1181 1037 5158 1197 1036 5159 1190 1045 5160 1189 1040 5161 1205 1042 5162 1182 1043 5163 1198 1044 5164 1199 1047 5165 1190 1045 5166 1206 1046 5167 1207 1049 5168 1183 1048 5169 1199 1047 5170 1200 1051 5171 1191 1050 5172 1207 1049 5173 1208 1053 5174 1185 1055 5175 1184 1052 5176 1200 1051 5177 1193 1057 5178 1192 1054 5179 1208 1053 5180 1186 1059 5181 1185 1055 5182 1201 1056 5183 1194 1061 5184 1193 1057 5185 1209 1058 5186 1186 1059 5187 1202 1060 5188 1203 1062 5189 1194 1061 5190 1210 1032 5191 1211 1034 5192 1188 1064 5193 1187 1063 5194 1203 1062 5195 1203 1062 5196 1219 1079 5197 1220 1065 5198 1196 1039 5199 1212 1067 5200 1213 1066 5201 1211 1034 5202 1227 1033 5203 1212 1067 5204 1204 1041 5205 1220 1065 5206 1221 1068 5207 1197 1036 5208 1213 1066 5209 1214 1069 5210 1205 1042 5211 1221 1068 5212 1222 1070 5213 1198 1044 5214 1214 1069 5215 1215 1071 5216 1206 1046 5217 1222 1070 5218 1223 1072 5219 1199 1047 5220 1215 1071 5221 1216 1073 5222 1207 1049 5223 1223 1072 5224 1224 1074 5225 1200 1051 5226 1216 1073 5227 1217 1075 5228 1208 1053 5229 1224 1074 5230 1225 1076 5231 1201 1056 5232 1217 1075 5233 1218 1077 5234 1209 1058 5235 1225 1076 5236 1226 1078 5237 1202 1060 5238 1218 1077 5239 1219 1079 5240 1229 3 5241 1228 3 5242 1243 3 5243 1243 3 5244 1242 3 5245 1241 3 5246 1241 3 5247 1240 3 5248 1237 3 5249 1240 1137 5250 1239 1137 5251 1237 1137 5252 1239 3 5253 1238 3 5254 1237 3 5255 1237 3 5256 1236 3 5257 1235 3 5258 1235 1138 5259 1234 1138 5260 1237 1138 5261 1234 1139 5262 1233 1139 5263 1237 1139 5264 1233 3 5265 1232 3 5266 1231 3 5267 1231 3 5268 1230 3 5269 1233 3 5270 1230 3 5271 1229 3 5272 1233 3 5273 1229 3 5274 1243 3 5275 1237 3 5276 1243 3 5277 1241 3 5278 1237 3 5279 1275 1081 5280 1274 1127 5281 1258 1082 5282 1245 1084 5283 1244 1087 5284 1228 1085 5285 1244 1087 5286 1259 1083 5287 1243 1088 5288 1237 1089 5289 1253 1094 5290 1252 1090 5291 1230 1092 5292 1246 1116 5293 1245 1084 5294 1238 1093 5295 1254 1118 5296 1253 1094 5297 1247 1095 5298 1246 1116 5299 1230 1092 5300 1255 1097 5301 1254 1118 5302 1238 1093 5303 1248 1099 5304 1247 1095 5305 1231 1096 5306 1256 1101 5307 1255 1097 5308 1239 1098 5309 1233 1103 5310 1249 1106 5311 1248 1099 5312 1241 1104 5313 1257 1108 5314 1256 1101 5315 1234 1105 5316 1250 1126 5317 1249 1106 5318 1242 1107 5319 1258 1082 5320 1257 1108 5321 1251 1109 5322 1250 1126 5323 1234 1105 5324 1259 1083 5325 1258 1082 5326 1242 1107 5327 1236 1091 5328 1252 1090 5329 1251 1109 5330 1268 1111 5331 1267 1128 5332 1251 1109 5333 1261 1112 5334 1260 1113 5335 1244 1087 5336 1260 1113 5337 1275 1081 5338 1259 1083 5339 1269 1114 5340 1268 1111 5341 1252 1090 5342 1262 1115 5343 1261 1112 5344 1245 1084 5345 1270 1117 5346 1269 1114 5347 1253 1094 5348 1263 1119 5349 1262 1115 5350 1246 1116 5351 1271 1120 5352 1270 1117 5353 1254 1118 5354 1264 1121 5355 1263 1119 5356 1247 1095 5357 1272 1122 5358 1271 1120 5359 1255 1097 5360 1265 1123 5361 1264 1121 5362 1248 1099 5363 1273 1124 5364 1272 1122 5365 1256 1101 5366 1266 1125 5367 1265 1123 5368 1249 1106 5369 1274 1127 5370 1273 1124 5371 1257 1108 5372 1267 1128 5373 1266 1125 5374 1250 1126 5375 9 4 5376 1281 4 5377 5 4 5378 1285 4 5379 1280 4 5380 1281 4 5381 1284 5 5382 10 5 5383 8 5 5384 1285 5 5385 1287 5 5386 1284 5 5387 0 4 5388 1281 4 5389 1277 4 5390 1281 4 5391 1276 4 5392 1277 4 5393 3 1 5394 1283 1 5395 1279 1 5396 1283 1 5397 1278 1 5398 1279 1 5399 10 1 5400 1283 1 5401 6 1 5402 1287 1 5403 1282 1 5404 1283 1 5405 3 1140 5406 1276 1140 5407 1 1140 5408 1279 522 5409 1277 522 5410 1276 522 5411 1288 1 5412 1293 1 5413 1289 1 5414 1290 4 5415 1295 4 5416 1291 4 5417 1297 4 5418 1299 4 5419 1296 4 5420 1301 1 5421 1303 1 5422 1300 1 5423 1294 5 5424 1301 5 5425 1295 5 5426 1291 522 5427 1303 522 5428 1290 522 5429 1295 3 5430 1300 3 5431 1291 3 5432 1293 2 5433 1296 2 5434 1289 2 5435 1292 5 5436 1297 5 5437 1293 5 5438 1289 522 5439 1299 522 5440 1288 522 5441 1290 2 5442 1302 2 5443 1294 2 5444 1288 3 5445 1298 3 5446 1292 3 5447 1278 1141 5448 2 1141 5449 0 1141 5450 1286 1 5451 11 1 5452 7 1 5453 7 2 5454 5 2 5455 0 2 5456 4 3 5457 6 3 5458 3 3 5459 1282 1 5460 7 1 5461 2 1 5462 1280 4 5463 4 4 5464 1 4 5465 9 5 5466 11 5 5467 1286 5 5468 1284 4 5469 8 4 5470 4 4 5471 11 2 5472 9 2 5473 5 2 5474 8 3 5475 10 3 5476 6 3 5477 591 522 5478 590 522 5479 588 522 5480 591 1142 5481 594 1142 5482 595 1142 5483 588 1143 5484 593 1143 5485 592 1143 5486 590 1144 5487 595 1144 5488 593 1144 5489 589 3 5490 592 3 5491 594 3 5492 1172 522 5493 1174 522 5494 1175 522 5495 1179 1142 5496 1178 1142 5497 1175 1142 5498 1176 1143 5499 1177 1143 5500 1172 1143 5501 1177 1145 5502 1179 1145 5503 1174 1145 5504 1178 1146 5505 1176 1146 5506 1173 1146 5507 9 4 5508 1285 4 5509 1281 4 5510 1285 4 5511 1284 4 5512 1280 4 5513 1284 5 5514 1287 5 5515 10 5 5516 1285 5 5517 1286 5 5518 1287 5 5519 0 4 5520 5 4 5521 1281 4 5522 1281 4 5523 1280 4 5524 1276 4 5525 3 1 5526 6 1 5527 1283 1 5528 1283 1 5529 1282 1 5530 1278 1 5531 10 1 5532 1287 1 5533 1283 1 5534 1287 1 5535 1286 1 5536 1282 1 5537 3 1147 5538 1279 1147 5539 1276 1147 5540 1279 522 5541 1278 522 5542 1277 522 5543 1288 1 5544 1292 1 5545 1293 1 5546 1290 4 5547 1294 4 5548 1295 4 5549 1297 4 5550 1298 4 5551 1299 4 5552 1301 1 5553 1302 1 5554 1303 1 5555 1294 5 5556 1302 5 5557 1301 5 5558 1291 522 5559 1300 522 5560 1303 522 5561 1295 3 5562 1301 3 5563 1300 3 5564 1293 2 5565 1297 2 5566 1296 2 5567 1292 5 5568 1298 5 5569 1297 5 5570 1289 522 5571 1296 522 5572 1299 522 5573 1290 2 5574 1303 2 5575 1302 2 5576 1288 3 5577 1299 3 5578 1298 3 5579</p>
        </triangles>
      </mesh>
    </geometry>
  </library_geometries>
  <library_visual_scenes>
    <visual_scene id="Scene" name="Scene">
      <node id="train_car_01" name="train_car_01" type="NODE">
        <matrix sid="transform">1 0 0 0 0 1 0 0 0 0 1 0 0 0 0 1</matrix>
        <instance_geometry url="#Cube_002-mesh" name="train_car_01">
          <bind_material>
            <technique_common>
              <instance_material symbol="Material-material" target="#Material-material">
                <bind_vertex_input semantic="UVMap" input_semantic="TEXCOORD" input_set="0"/>
              </instance_material>
            </technique_common>
          </bind_material>
        </instance_geometry>
      </node>
    </visual_scene>
  </library_visual_scenes>
  <scene>
    <instance_visual_scene url="#Scene"/>
  </scene>
</COLLADA>