<?xml version="1.0" encoding="utf-8"?>
<COLLADA xmlns="http://www.collada.org/2005/11/COLLADASchema" version="1.4.1" xmlns:xsi="http://www.w3.org/2001/XMLSchema-instance">
  <asset>
    <contributor>
      <author>Blender User</author>
      <authoring_tool>Blender 4.3.1 commit date:2024-12-10, commit time:07:46, hash:33d812126174</authoring_tool>
    </contributor>
    <created>2026-07-13T21:25:59</created>
    <modified>2026-07-13T21:25:59</modified>
    <unit name="meter" meter="1"/>
    <up_axis>Z_UP</up_axis>
  </asset>
  <library_effects>
    <effect id="Material_001-effect">
      <profile_COMMON>
        <newparam sid="mla_struct_png-surface">
          <surface type="2D">
            <init_from>mla_struct_png</init_from>
          </surface>
        </newparam>
        <newparam sid="mla_struct_png-sampler">
          <sampler2D>
            <source>mla_struct_png-surface</source>
          </sampler2D>
        </newparam>
        <technique sid="common">
          <lambert>
            <emission>
              <color sid="emission">0 0 0 1</color>
            </emission>
            <diffuse>
              <texture texture="mla_struct_png-sampler" texcoord="Cubo_007-mesh-map-0"/>
            </diffuse>
            <index_of_refraction>
              <float sid="ior">1.5</float>
            </index_of_refraction>
          </lambert>
        </technique>
      </profile_COMMON>
    </effect>
  </library_effects>
  <library_images>
    <image id="mla_struct_png" name="mla_struct_png">
      <init_from>/home/welton/snap/0ad/735/.local/share/0ad/mods/mars_wars/art/textures/skins/structural/mla_struct.png</init_from>
    </image>
  </library_images>
  <library_materials>
    <material id="Material_001-material" name="Material.001">
      <instance_effect url="#Material_001-effect"/>
    </material>
  </library_materials>
  <library_geometries>
    <geometry id="Cubo_007-mesh" name="Cubo.007">
      <mesh>
        <source id="Cubo_007-mesh-positions">
          <float_array id="Cubo_007-mesh-positions-array" count="2316">-8.973127 3.611897 8.811795 9.55311 3.611898 8.811795 9.55311 -7.937838 8.811795 8.809818 -8.509253 8.811795 -8.229839 -8.509255 8.811795 -8.973127 -7.937838 8.811795 9.55311 10.16163 8.811795 8.809818 10.73305 8.811795 -8.229839 10.73305 8.811795 -8.973127 10.16163 8.811795 0.2899907 -11.45118 9.162913 0.2899907 -11.45118 6.968747 9.597432 -11.45118 6.968747 -9.01745 -11.45118 6.968747 0.2899906 -9.961171 9.162913 0.2899906 -9.961171 6.968747 9.597432 -9.961171 6.968747 -9.01745 -9.961171 6.968747 5.305192 -11.45118 6.968747 8.921695 -11.45118 6.968747 5.305192 -9.961171 6.968747 8.921695 -9.961171 6.968747 8.921695 -11.45118 -3.26457 5.305192 -11.45118 -3.26457 5.305192 -9.961171 -3.26457 8.921695 -9.961171 -3.26457 -8.341717 -11.45118 6.968747 -4.725218 -11.45118 6.968747 -8.341717 -9.961171 6.968747 -4.725218 -9.961171 6.968747 -4.725218 -11.45118 -3.26457 -8.341717 -11.45118 -3.26457 -8.341717 -9.961171 -3.26457 -4.725218 -9.961171 -3.26457 6.958649 -11.45118 9.162913 -6.378665 -11.45118 9.162913 6.958649 -9.961171 9.162913 -6.378665 -9.961171 9.162913 7.222337 -11.45118 9.035382 9.597432 -11.45118 6.968747 -9.01745 -11.45118 6.968747 -6.642353 -11.45118 9.035382 9.597432 -9.961171 6.968747 7.222337 -9.961171 9.035382 -6.642353 -9.961171 9.035382 -9.01745 -9.961171 6.968747 -9.58325 -17.27586 -2.387896 -9.58325 -17.27586 -5.484467 10.16323 -17.27586 -2.387896 10.16323 -17.27586 -5.484467 0.2899895 -17.27586 -2.387896 0.2899895 -17.27586 -5.484467 -9.58325 -14.45239 0.9363895 -9.58325 -14.45239 -5.484467 10.16323 -14.45239 0.9363895 10.16323 -14.45239 -5.484467 0.2899895 -14.45239 0.9363895 -9.583249 -10.07247 0.9363895 -9.583249 -10.07247 -5.484467 10.16323 -10.07247 0.9363895 10.16323 -10.07247 -5.484467 0.2899895 -10.07247 0.9363895 0.2899901 -10.3881 -5.408452 0.2899901 -10.59156 9.582679 0.28999 -8.509255 9.788002 0.28999 -8.509255 8.811795 0.2899894 12.6119 -5.408452 0.2899894 12.6119 9.788002 0.2899894 10.73305 9.788002 0.2899894 10.73305 8.811795 0.2899894 12.6119 1.935549 11.28999 3.611898 -5.408452 11.28999 3.611898 9.788002 9.617972 -10.3881 -5.408452 11.28999 -8.716082 -5.408452 9.411144 -7.937838 9.788002 8.839728 -8.509255 9.788002 9.617972 -10.3881 9.788002 11.28999 -8.716082 9.788002 9.411144 3.611898 9.788002 9.411144 3.611898 8.811795 8.839728 -8.509255 8.811795 9.411144 -7.937838 8.811795 11.28999 3.611898 1.935549 11.28999 -8.716082 1.935549 9.617972 -10.3881 1.935549 2.289984 -10.3881 -5.408452 2.289984 -10.3881 9.788002 2.289984 -8.509255 9.788002 2.289984 -8.509255 8.811795 2.289984 -10.3881 1.935549 2.289984 -10.3881 -5.408452 2.289984 -10.3881 9.788002 2.289984 -8.509255 9.788002 2.289984 -8.509255 8.811795 2.289984 -10.3881 1.935549 9.617972 -10.3881 9.87015 9.70241 -9.963604 10.06252 10.86549 -8.80052 10.06252 11.28999 -8.716082 9.87015 9.123369 -8.565674 10.06252 8.839728 -8.509255 9.87015 9.411144 -7.937838 9.87015 9.467564 -8.22148 10.06252 9.617972 12.6119 -5.408452 11.28999 10.93988 -5.408452 9.411144 10.16163 9.788002 8.839728 10.73305 9.788002 9.617972 12.6119 9.788002 11.28999 10.93988 9.788002 8.839728 10.73305 8.811795 9.411144 10.16163 8.811795 11.28999 10.93988 1.935549 9.617972 12.6119 1.935549 2.289984 12.6119 -5.408452 2.289984 12.6119 9.788002 2.289984 10.73305 9.788002 2.289984 10.73305 8.811795 2.289984 12.6119 1.935549 2.289984 12.6119 -5.408452 2.289984 12.6119 9.788002 2.289984 10.73305 9.788002 2.289984 10.73305 8.811795 2.289984 12.6119 1.935549 9.617972 12.6119 9.87015 9.70241 12.1874 10.06252 10.86549 11.02432 10.06252 11.28999 10.93988 9.87015 9.123369 10.78947 10.06252 8.839728 10.73305 9.87015 9.411144 10.16163 9.87015 9.467564 10.44528 10.06252 9.617972 -10.3881 8.559338 11.28999 3.611898 8.559338 11.28999 -8.716082 8.559338 2.289984 -10.3881 8.559338 9.617972 12.6119 8.559338 11.28999 10.93988 8.559338 2.289984 12.6119 8.559338 0.2899901 -10.3881 8.545149 2.289984 -10.3881 8.545149 0.2899894 12.6119 8.610135 2.289984 12.6119 8.610135 0.2899901 -10.05319 8.545149 2.289984 -10.05319 8.545149 2.289984 -10.05319 1.935549 -10.71001 3.611897 -5.408452 -10.71001 3.611897 9.788002 -9.037991 -10.3881 -5.408452 -10.71001 -8.716084 -5.408452 -8.831163 -7.937839 9.788002 -8.259747 -8.509255 9.788002 -9.037991 -10.3881 9.788002 -10.71001 -8.716084 9.788002 -8.831163 3.611897 9.788002 -8.831163 3.611897 8.811795 -8.259747 -8.509255 8.811795 -8.831163 -7.937839 8.811795 -10.71001 3.611897 1.935549 -10.71001 -8.716084 1.935549 -9.037991 -10.3881 1.935549 -1.710004 -10.3881 -5.408452 -1.710004 -10.3881 9.788002 -1.710004 -8.509255 9.788002 -1.710004 -8.509255 8.811795 -1.710004 -10.3881 1.935549 -1.710004 -10.3881 -5.408452 -1.710004 -10.3881 9.788002 -1.710004 -8.509255 9.788002 -1.710004 -8.509255 8.811795 -1.710004 -10.3881 1.935549 -9.037991 -10.3881 9.87015 -9.122429 -9.963604 10.06252 -10.28551 -8.800522 10.06252 -10.71001 -8.716084 9.87015 -8.543388 -8.565676 10.06252 -8.259747 -8.509255 9.87015 -8.831163 -7.937839 9.87015 -8.887583 -8.221482 10.06252 -9.037991 12.6119 -5.408452 -10.71001 10.93988 -5.408452 -8.831163 10.16163 9.788002 -8.259747 10.73305 9.788002 -9.037991 12.6119 9.788002 -10.71001 10.93988 9.788002 -8.259747 10.73305 8.811795 -8.831163 10.16163 8.811795 -10.71001 10.93988 1.935549 -9.037991 12.6119 1.935549 -1.710005 12.6119 -5.408452 -1.710005 12.6119 9.788002 -1.710005 10.73305 9.788002 -1.710005 10.73305 8.811795 -1.710005 12.6119 1.935549 -1.710005 12.6119 -5.408452 -1.710005 12.6119 9.788002 -1.710005 10.73305 9.788002 -1.710005 10.73305 8.811795 -1.710005 12.6119 1.935549 -9.037991 12.6119 9.87015 -9.122429 12.1874 10.06252 -10.28551 11.02432 10.06252 -10.71001 10.93988 9.87015 -8.543388 10.78947 10.06252 -8.259747 10.73305 9.87015 -8.831163 10.16163 9.87015 -8.887583 10.44528 10.06252 -9.037991 -10.3881 8.559338 -10.71001 3.611897 8.559338 -10.71001 -8.716084 8.559338 -1.710004 -10.3881 8.559338 -9.037991 12.6119 8.559338 -10.71001 10.93988 8.559338 -1.710005 12.6119 8.559338 -1.710004 -10.3881 8.545149 -1.710005 12.6119 8.610135 -1.710004 -10.05319 8.545149 -1.710004 -10.05319 1.935549 0.2899901 -10.01443 -5.408452 2.289984 -10.01443 1.935549 2.289984 -10.01443 -5.408452 -1.710004 -10.01443 1.935549 -1.710004 -10.01443 -5.408452 0.2899901 -10.3881 7.391637 2.289984 -10.3881 7.391637 -1.710004 -10.3881 7.391637 -4.620935 1.933477 7.070312 5.136185 1.933478 7.070312 5.136185 -2.553615 7.070312 4.74472 -2.945079 7.070312 -4.22947 -2.945079 7.070312 -4.620935 -2.553615 7.070312 -4.285344 1.933477 9.733733 4.800593 1.933478 9.733733 4.800593 -2.244952 9.733733 4.436057 -2.609488 9.733733 -3.920807 -2.609488 9.733733 -4.285344 -2.244952 9.733733 0.257625 -2.945079 7.070312 0.257625 -2.609488 9.733733 5.136185 -0.3100686 7.070312 4.800593 -0.1557366 9.733733 5.136185 6.420569 7.070312 4.74472 6.812034 7.070312 -4.22947 6.812034 7.070312 -4.620935 6.420569 7.070312 4.800593 6.111907 9.733733 4.436057 6.476442 9.733733 -3.920807 6.476442 9.733733 -4.285344 6.111907 9.733733 0.2576246 6.812034 7.070312 0.2576246 6.476442 9.733733 5.136185 4.177024 7.070312 4.800593 4.022693 9.733733 11.7891 1.34323 0.4972622 11.7891 -1.447414 0.4972622 11.7891 1.34323 5.425118 11.7891 -1.447414 5.425118 11.16356 -1.447414 5.425118 11.16356 -1.447414 0.4972622 11.16356 1.34323 0.4972622 11.16356 1.34323 5.425118 1.035726 12.81661 4.027814 3.82637 12.81661 4.027814 1.035726 12.81661 7.329464 3.82637 12.81661 7.329464 3.82637 12.19107 7.329464 3.82637 12.19107 4.027814 1.035726 12.19107 4.027814 1.035726 12.19107 7.329464 -8.670808 12.81661 2.412517 -5.880164 12.81661 2.412517 -8.670808 12.81661 5.714167 -5.880164 12.81661 5.714167 -5.880164 12.19107 5.714167 -5.880164 12.19107 2.412517 -8.670808 12.19107 2.412517 -8.670808 12.19107 5.714167 -10.62625 -4.953502 0.5055018 -10.62625 -4.317911 -0.1809358 -10.62625 -1.693313 -0.1809358 -10.62625 -1.057722 0.5055018 -10.62625 -4.317911 6.257388 -10.62625 -4.953502 5.57095 -10.62625 -1.057722 5.57095 -10.62625 -1.693313 6.257388 -11.00375 -1.693313 6.257388 -11.00375 -1.057722 5.57095 -11.00375 -1.057722 0.5055018 -11.00375 -1.693313 -0.1809358 -11.00375 -4.317911 -0.1809358 -11.00375 -4.953502 0.5055018 -11.00375 -4.953502 5.57095 -11.00375 -4.317911 6.257388 -7.554089 6.595353 8.432538 -4.699303 6.595354 8.432538 -4.699303 3.286958 8.432538 -4.81384 2.998326 8.432538 -7.439553 2.998326 8.432538 -7.554089 3.286958 8.432538 -7.455901 6.595353 9.211814 -4.797492 6.595354 9.211814 -4.797492 3.514539 9.211814 -4.90415 3.245761 9.211814 -7.349243 3.245761 9.211814 -7.455901 3.514539 9.211814 -6.126696 2.998326 8.432538 -6.126696 3.245761 9.211814 -4.699303 4.941155 8.432538 -4.797492 5.054946 9.211814 -4.699303 9.903749 8.432538 -4.81384 10.19238 8.432538 -7.439553 10.19238 8.432538 -7.554089 9.903749 8.432538 -4.797492 9.676168 9.211814 -4.90415 9.944946 9.211814 -7.349243 9.944946 9.211814 -7.455901 9.676168 9.211814 -6.126697 10.19238 8.432538 -6.126697 9.944946 9.211814 -4.699303 8.249552 8.432538 -4.797492 8.135761 9.211814 5.44591 6.595353 8.432538 8.300698 6.595354 8.432538 8.300698 3.286958 8.432538 8.186161 2.998326 8.432538 5.560447 2.998326 8.432538 5.44591 3.286958 8.432538 5.544099 6.595353 9.211814 8.202508 6.595354 9.211814 8.202508 3.514539 9.211814 8.09585 3.245761 9.211814 5.650757 3.245761 9.211814 5.544099 3.514539 9.211814 6.873304 2.998326 8.432538 6.873304 3.245761 9.211814 8.300698 4.941155 8.432538 8.202508 5.054946 9.211814 8.300698 9.903749 8.432538 8.186161 10.19238 8.432538 5.560447 10.19238 8.432538 5.44591 9.903749 8.432538 8.202508 9.676168 9.211814 8.09585 9.944946 9.211814 5.650757 9.944946 9.211814 5.544099 9.676168 9.211814 6.873303 10.19238 8.432538 6.873303 9.944946 9.211814 8.300698 8.249552 8.432538 8.202508 8.135761 9.211814 -10.73098 -4.317911 -0.7942022 -10.73098 -1.693313 -0.7942022 -11.10847 -1.693313 -0.7942022 -11.10847 -4.317911 -0.7942022 -10.69887 -4.334699 -0.9275723 -11.07636 -4.334699 -0.9275723 -11.07636 -1.710101 -0.9275723 -10.69887 -1.710101 -0.9275723 -10.73098 -4.317911 -1.594423 -10.73098 -1.693313 -1.594423 -11.10847 -1.693313 -1.594423 -11.10847 -4.317911 -1.594423 -10.69887 -4.334699 -1.727793 -11.07636 -4.334699 -1.727793 -11.07636 -1.710101 -1.727793 -10.69887 -1.710101 -1.727793 -10.73098 -4.317911 -2.394643 -10.73098 -1.693313 -2.394643 -11.10847 -1.693313 -2.394643 -11.10847 -4.317911 -2.394643 -10.69887 -4.334699 -2.528013 -11.07636 -4.334699 -2.528013 -11.07636 -1.710101 -2.528013 -10.69887 -1.710101 -2.528013 -10.73098 -4.317911 -3.194864 -10.73098 -1.693313 -3.194864 -11.10847 -1.693313 -3.194864 -11.10847 -4.317911 -3.194864 -10.69887 -4.334699 -3.328234 -11.07636 -4.334699 -3.328234 -11.07636 -1.710101 -3.328234 -10.69887 -1.710101 -3.328234 -10.73098 -4.317911 -3.995085 -10.73098 -1.693313 -3.995085 -11.10847 -1.693313 -3.995085 -11.10847 -4.317911 -3.995085 -10.69887 -4.334699 -4.128455 -11.07636 -4.334699 -4.128455 -11.07636 -1.710101 -4.128455 -10.69887 -1.710101 -4.128455 -10.73098 -4.317911 -4.795305 -10.73098 -1.693313 -4.795305 -11.10847 -1.693313 -4.795305 -11.10847 -4.317911 -4.795305 -10.69887 -4.334699 -4.928675 -11.07636 -4.334699 -4.928675 -11.07636 -1.710101 -4.928675 -10.69887 -1.710101 -4.928675 11.82622 3.693835 2.410426 11.82622 1.294773 2.410426 11.56965 3.693835 4.77932 11.56965 1.294773 4.77932 11.01847 1.294773 4.77932 11.01847 1.294773 2.410426 11.01847 3.693835 2.410426 11.01847 3.693835 4.77932 11.56965 1.294773 3.06192 11.56965 3.693835 3.06192 11.01847 1.294773 3.06192 11.01847 3.693835 3.06192 -5.69564 13.55581 1.573615 -5.549194 13.90936 1.573615 -5.19564 14.05581 1.573615 -4.842086 13.90936 1.573615 -4.69564 13.55581 1.573615 -4.842086 13.20226 1.573615 -5.19564 13.05581 1.573615 -5.549194 13.20226 1.573615 -5.69564 12.40626 2.573615 -5.549194 12.40626 2.220061 -5.19564 12.40626 2.073615 -4.842086 12.40626 2.220061 -4.69564 12.40626 2.573615 -4.842086 12.40626 2.927168 -5.19564 12.40626 3.073615 -5.549194 12.40626 2.927168 -5.549194 13.27819 2.871751 -5.549194 13.79296 2.455307 -5.19564 13.92114 2.526131 -5.19564 13.32891 3.009134 -4.842086 13.79296 2.455307 -4.842086 13.27819 2.871751 -4.69564 13.4835 2.284322 -4.69564 13.15574 2.540079 -4.842086 13.17404 2.113337 -4.842086 13.03329 2.208408 -5.19564 13.04586 2.042512 -5.19564 12.98257 2.071025 -5.549194 13.17404 2.113337 -5.549194 13.03329 2.208408 -5.69564 13.4835 2.284322 -5.69564 13.15574 2.540079 -5.69564 13.55581 -4.668405 -5.549194 13.90936 -4.668405 -5.19564 14.05581 -4.668405 -4.842086 13.90936 -4.668405 -4.69564 13.55581 -4.668405 -4.842086 13.20226 -4.668405 -5.19564 13.05581 -4.668405 -5.549194 13.20226 -4.668405 -5.69564 9.528162 2.573615 -5.549194 9.528162 2.220061 -5.19564 9.528162 2.073615 -4.842086 9.528162 2.220061 -4.69564 9.528162 2.573615 -4.842086 9.528162 2.927168 -5.19564 9.528162 3.073615 -5.549194 9.528162 2.927168 -4.293492 13.55581 1.573615 -4.147046 13.90936 1.573615 -3.793492 14.05581 1.573615 -3.439938 13.90936 1.573615 -3.293492 13.55581 1.573615 -3.439938 13.20226 1.573615 -3.793492 13.05581 1.573615 -4.147046 13.20226 1.573615 -4.293492 12.40626 2.573615 -4.147046 12.40626 2.220061 -3.793492 12.40626 2.073615 -3.439938 12.40626 2.220061 -3.293492 12.40626 2.573615 -3.439938 12.40626 2.927168 -3.793492 12.40626 3.073615 -4.147046 12.40626 2.927168 -4.147046 13.27819 2.871751 -4.147046 13.79296 2.455307 -3.793492 13.92114 2.526131 -3.793492 13.32891 3.009134 -3.439938 13.79296 2.455307 -3.439938 13.27819 2.871751 -3.293492 13.4835 2.284322 -3.293492 13.15574 2.540079 -3.439938 13.17404 2.113337 -3.439938 13.03329 2.208408 -3.793492 13.04586 2.042512 -3.793492 12.98257 2.071025 -4.147046 13.17404 2.113337 -4.147046 13.03329 2.208408 -4.293492 13.4835 2.284322 -4.293492 13.15574 2.540079 -4.293492 13.55581 -4.668405 -4.147046 13.90936 -4.668405 -3.793492 14.05581 -4.668405 -3.439938 13.90936 -4.668405 -3.293492 13.55581 -4.668405 -3.439938 13.20226 -4.668405 -3.793492 13.05581 -4.668405 -4.147046 13.20226 -4.668405 -4.293492 9.528162 2.573615 -4.147046 9.528162 2.220061 -3.793492 9.528162 2.073615 -3.439938 9.528162 2.220061 -3.293492 9.528162 2.573615 -3.439938 9.528162 2.927168 -3.793492 9.528162 3.073615 -4.147046 9.528162 2.927168 -2.576561 13.24096 0.4882252 -2.479083 13.47629 0.4882252 -2.243749 13.57377 0.4882252 -2.008416 13.47629 0.4882252 -1.910938 13.24096 0.4882252 -2.008416 13.00563 0.4882252 -2.243749 12.90815 0.4882252 -2.479083 13.00563 0.4882252 -2.576561 12.47579 1.153848 -2.479083 12.47579 0.9185149 -2.243749 12.47579 0.8210366 -2.008416 12.47579 0.9185149 -1.910938 12.47579 1.153848 -2.008416 12.47579 1.389181 -2.243749 12.47579 1.48666 -2.479083 12.47579 1.389181 -2.479083 13.05617 1.352294 -2.479083 13.39881 1.0751 -2.243749 13.48413 1.122242 -2.243749 13.08993 1.44374 -2.008416 13.39881 1.0751 -2.008416 13.05617 1.352294 -1.910938 13.19283 0.961288 -1.910938 12.97466 1.131526 -2.008416 12.98685 0.8474764 -2.008416 12.89316 0.9107579 -2.243749 12.90153 0.8003341 -2.243749 12.8594 0.8193127 -2.479083 12.98685 0.8474764 -2.479083 12.89316 0.9107579 -2.576561 13.19283 0.961288 -2.576561 12.97466 1.131526 -2.576561 13.24096 -4.65365 -2.479083 13.47629 -4.65365 -2.243749 13.57377 -4.65365 -2.008416 13.47629 -4.65365 -1.910938 13.24096 -4.65365 -2.008416 13.00563 -4.65365 -2.243749 12.90815 -4.65365 -2.479083 13.00563 -4.65365 -2.576561 10.56007 1.153848 -2.479083 10.56007 0.9185149 -2.243749 10.56007 0.8210366 -2.008416 10.56007 0.9185149 -1.910938 10.56007 1.153848 -2.008416 10.56007 1.389181 -2.243749 10.56007 1.48666 -2.479083 10.56007 1.389181 -0.3125267 8.748323 9.87824 -0.3125267 9.953356 9.87824 0.8925067 8.748323 9.87824 0.8925067 9.953356 9.87824 -0.6640402 8.396809 8.705067 -0.6640402 10.30487 8.705067 1.24402 10.30487 8.705067 1.24402 8.396809 8.705067 0.2899889 -2.971484 8.432538 0.2899898 -6.682707 8.432538 -3.018405 -6.682707 8.432538 -3.307038 -6.533808 8.432538 -3.307038 -3.120382 8.432538 -3.018405 -2.971484 8.432538 0.2899889 -3.09913 9.211814 0.2899898 -6.555061 9.211814 -2.790824 -6.555061 9.211814 -3.059602 -6.416405 9.211814 -3.059602 -3.237785 9.211814 -2.790824 -3.09913 9.211814 -3.307038 -4.827097 8.432538 -3.059602 -4.827097 9.211814 -1.364208 -6.682707 8.432538 -1.250417 -6.555061 9.211814 3.598386 -6.682708 8.432538 3.887017 -6.53381 8.432538 3.887017 -3.120382 8.432538 3.598386 -2.971484 8.432538 3.370805 -6.555061 9.211814 3.639583 -6.416407 9.211814 3.639583 -3.237785 9.211814 3.370805 -3.09913 9.211814 3.887017 -4.827095 8.432538 3.639583 -4.827095 9.211814 1.944188 -6.682708 8.432538 1.830397 -6.555061 9.211814 4.284996 13.55581 1.573615 4.431442 13.90936 1.573615 4.784996 14.05581 1.573615 5.13855 13.90936 1.573615 5.284996 13.55581 1.573615 5.13855 13.20226 1.573615 4.784996 13.05581 1.573615 4.431442 13.20226 1.573615 4.284996 12.40626 2.573615 4.431442 12.40626 2.220061 4.784996 12.40626 2.073615 5.13855 12.40626 2.220061 5.284996 12.40626 2.573615 5.13855 12.40626 2.927168 4.784996 12.40626 3.073615 4.431442 12.40626 2.927168 4.431442 13.27819 2.871751 4.431442 13.79296 2.455307 4.784996 13.92114 2.526131 4.784996 13.32891 3.009134 5.13855 13.79296 2.455307 5.13855 13.27819 2.871751 5.284996 13.4835 2.284322 5.284996 13.15574 2.540079 5.13855 13.17404 2.113337 5.13855 13.03329 2.208408 4.784996 13.04586 2.042512 4.784996 12.98257 2.071025 4.431442 13.17404 2.113337 4.431442 13.03329 2.208408 4.284996 13.4835 2.284322 4.284996 13.15574 2.540079 4.284996 13.55581 -4.668405 4.431442 13.90936 -4.668405 4.784996 14.05581 -4.668405 5.13855 13.90936 -4.668405 5.284996 13.55581 -4.668405 5.13855 13.20226 -4.668405 4.784996 13.05581 -4.668405 4.431442 13.20226 -4.668405 4.284996 9.528162 2.573615 4.431442 9.528162 2.220061 4.784996 9.528162 2.073615 5.13855 9.528162 2.220061 5.284996 9.528162 2.573615 5.13855 9.528162 2.927168 4.784996 9.528162 3.073615 4.431442 9.528162 2.927168 5.687144 13.55581 1.573615 5.83359 13.90936 1.573615 6.187144 14.05581 1.573615 6.540698 13.90936 1.573615 6.687144 13.55581 1.573615 6.540698 13.20226 1.573615 6.187144 13.05581 1.573615 5.83359 13.20226 1.573615 5.687144 12.40626 2.573615 5.83359 12.40626 2.220061 6.187144 12.40626 2.073615 6.540698 12.40626 2.220061 6.687144 12.40626 2.573615 6.540698 12.40626 2.927168 6.187144 12.40626 3.073615 5.83359 12.40626 2.927168 5.83359 13.27819 2.871751 5.83359 13.79296 2.455307 6.187144 13.92114 2.526131 6.187144 13.32891 3.009134 6.540698 13.79296 2.455307 6.540698 13.27819 2.871751 6.687144 13.4835 2.284322 6.687144 13.15574 2.540079 6.540698 13.17404 2.113337 6.540698 13.03329 2.208408 6.187144 13.04586 2.042512 6.187144 12.98257 2.071025 5.83359 13.17404 2.113337 5.83359 13.03329 2.208408 5.687144 13.4835 2.284322 5.687144 13.15574 2.540079 5.687144 13.55581 -4.668405 5.83359 13.90936 -4.668405 6.187144 14.05581 -4.668405 6.540698 13.90936 -4.668405 6.687144 13.55581 -4.668405 6.540698 13.20226 -4.668405 6.187144 13.05581 -4.668405 5.83359 13.20226 -4.668405 5.687144 9.528162 2.573615 5.83359 9.528162 2.220061 6.187144 9.528162 2.073615 6.540698 9.528162 2.220061 6.687144 9.528162 2.573615 6.540698 9.528162 2.927168 6.187144 9.528162 3.073615 5.83359 9.528162 2.927168 7.404075 13.24096 0.4882252 7.501553 13.47629 0.4882252 7.736886 13.57377 0.4882252 7.97222 13.47629 0.4882252 8.069699 13.24096 0.4882252 7.97222 13.00563 0.4882252 7.736886 12.90815 0.4882252 7.501553 13.00563 0.4882252 7.404075 12.47579 1.153848 7.501553 12.47579 0.9185149 7.736886 12.47579 0.8210366 7.97222 12.47579 0.9185149 8.069699 12.47579 1.153848 7.97222 12.47579 1.389181 7.736886 12.47579 1.48666 7.501553 12.47579 1.389181 7.501553 13.05617 1.352294 7.501553 13.39881 1.0751 7.736886 13.48413 1.122242 7.736886 13.08993 1.44374 7.97222 13.39881 1.0751 7.97222 13.05617 1.352294 8.069699 13.19283 0.961288 8.069699 12.97466 1.131526 7.97222 12.98685 0.8474764 7.97222 12.89316 0.9107579 7.736886 12.90153 0.8003341 7.736886 12.8594 0.8193127 7.501553 12.98685 0.8474764 7.501553 12.89316 0.9107579 7.404075 13.19283 0.961288 7.404075 12.97466 1.131526 7.404075 13.24096 -4.65365 7.501553 13.47629 -4.65365 7.736886 13.57377 -4.65365 7.97222 13.47629 -4.65365 8.069699 13.24096 -4.65365 7.97222 13.00563 -4.65365 7.736886 12.90815 -4.65365 7.501553 13.00563 -4.65365 7.404075 10.56007 1.153848 7.501553 10.56007 0.9185149 7.736886 10.56007 0.8210366 7.97222 10.56007 0.9185149 8.069699 10.56007 1.153848 7.97222 10.56007 1.389181 7.736886 10.56007 1.48666 7.501553 10.56007 1.389181 0.2899901 -10.3881 9.788002 2.084661 -10.59156 8.750473 2.084661 -10.59156 9.582679 0.2899901 -10.59156 8.750473 -1.504681 -10.59156 9.582679 -1.504681 -10.59156 8.750473 5.305192 -11.45118 5.56259 8.921695 -11.45118 5.56259 8.921695 -11.45118 6.681468 5.305192 -11.45118 6.681468 -8.341717 -11.45118 5.56259 -4.725218 -11.45118 5.56259 -4.725218 -11.45118 6.681468 -8.341717 -11.45118 6.681468 5.305192 -11.57382 5.56259 8.921695 -11.57382 5.56259 8.921695 -11.57382 6.681468 5.305192 -11.57382 6.681468 -8.341717 -11.57382 5.56259 -4.725218 -11.57382 5.56259 -4.725218 -11.57382 6.681468 -8.341717 -11.57382 6.681468 -0.1309893 -10.78937 7.034322 -0.1309893 -10.78937 -0.3736506 5.492839 -10.78937 7.034322 5.492839 -10.78937 -0.3736506 -0.1309893 -10.41867 -0.3736506 5.492839 -10.41867 -0.3736506 -0.1309893 -10.41867 7.034322 5.492839 -10.41867 7.034322 0.1309893 -10.78937 7.034322 0.1309893 -10.78937 -0.3736506 -5.492839 -10.78937 7.034322 -5.492839 -10.78937 -0.3736506 0.1309893 -10.41867 -0.3736506 -5.492839 -10.41867 -0.3736506 0.1309893 -10.41867 7.034322 -5.492839 -10.41867 7.034322</float_array>
          <technique_common>
            <accessor source="#Cubo_007-mesh-positions-array" count="772" stride="3">
              <param name="X" type="float"/>
              <param name="Y" type="float"/>
              <param name="Z" type="float"/>
            </accessor>
          </technique_common>
        </source>
        <source id="Cubo_007-mesh-normals">
          <float_array id="Cubo_007-mesh-normals-array" count="1911">1.77741e-6 0 1 0 0 1 0 -1 7.9328e-7 0 -1 -3.9664e-7 0 0 -1 -0.4353991 0 0.9002376 1 0 0 0 -1 0 -1 0 0 -0.6564196 0 0.7543961 0.65642 0 0.7543957 0.4353978 0 0.9002382 0 -0.7621847 0.6473597 0 -0.762185 0.6473593 -1 2.71288e-7 0 0.7071074 -0.7071063 0 0.3826816 0.9238803 0 2.1508e-7 0 1 -0.7071068 0.7071068 0 0.7071074 -0.7071062 0 0 1 0 -0.9238795 -0.3826837 0 0.7071062 -0.7071074 0 -0.7071104 0.7071033 0 0.4417296 -0.441731 0.780864 -0.441731 0.4417281 0.780865 -0.5771488 -0.2390626 0.7808638 0.2390624 0.5771474 0.780865 0.7071074 0.7071063 0 0.3826816 -0.9238803 0 -0.7071062 -0.7071074 0 0.7071074 0.7071062 0 -0.9238795 0.3826837 0 0.7071062 0.7071074 0 -0.7071104 -0.7071033 0 0.4417294 0.4417308 0.7808642 -0.441725 -0.4417298 0.7808675 -0.5771476 0.2390621 0.7808648 0.2390626 -0.5771484 0.7808642 0.7071068 0.7071068 0 0.7071068 -0.7071068 0 -0.707107 -0.7071067 0 -0.3826816 0.9238803 0 6.58774e-7 0 1 0.7071062 0.7071074 0 -0.707107 -0.7071066 0 0.9238795 -0.3826837 0 -0.7071062 -0.7071074 0 0.7071104 0.7071033 0 -0.4417309 -0.4417323 0.7808626 0.4417275 0.4417291 0.7808663 0.5771488 -0.2390626 0.7808638 -0.2390626 0.5771481 0.7808644 -0.7071076 0.7071061 0 -0.3826816 -0.9238803 0 0 0 1 0.7071062 -0.7071074 0 -0.7071076 0.7071061 0 1.45605e-7 -1 0 0.9238795 0.3826837 0 -0.7071062 0.7071074 0 0.7071104 -0.7071033 0 -0.4417296 0.441731 0.780864 0.4417308 -0.4417289 0.7808646 0.5771475 0.2390621 0.7808651 -0.2390611 -0.5771449 0.7808672 -0.7071075 0.7071062 0 -0.7071071 -0.7071065 0 0.9921553 0 0.125012 0.9921553 0 0.125012 -0.9921554 0 0.1250115 0.6969848 -0.6969854 0.1685934 0 -0.9921554 0.1250114 -0.6969841 -0.696986 0.1685936 0 -0.9921553 0.1250116 0.9921553 0 0.1250121 0.9921553 0 0.125012 -0.9921553 0 0.1250115 0.6969845 0.6969855 0.1685935 0 0.9921553 0.1250118 -0.6969846 0.6969856 0.1685932 0 0.9921553 0.1250119 0 -0.7337582 0.6794108 0 -0.7337607 -0.6794081 0 0.7337598 -0.6794091 0 0.7337623 0.6794064 0.9921554 0 0.1250116 0.9921553 0 0.1250116 -0.9921554 0 0.1250105 0.9068521 -0.3598628 0.2193582 0 -0.9531078 0.302631 -0.9068507 -0.3598673 0.2193567 0 -0.9531081 0.3026302 0.9921554 0 0.1250116 -5.17919e-7 0 1 0.9921554 0 0.1250117 -0.9921555 0 0.1250105 0.9068523 0.3598629 0.2193575 0 0.9531079 0.302631 -0.9068542 0.3598579 0.2193579 0 0.9531077 0.3026314 0.9921552 0 0.1250122 -0.9921553 0 0.1250118 0.9068502 -0.3598678 0.2193582 -0.9068532 -0.35986 0.2193586 0.9921553 0 0.1250122 0.9921552 0 0.1250123 -0.9921554 0 0.1250116 0.90685 0.3598678 0.2193589 0 0.9531077 0.3026313 -0.9068517 0.3598645 0.2193573 -0.972221 0 -0.2340651 0 0.9921712 -0.1248854 0 -0.9921704 0.1248916 -0.972221 0 -0.2340648 0 0.9921714 -0.1248849 0 -0.9921705 0.1248911 -0.9722209 0 -0.2340654 -0.9722212 0 -0.2340642 0 1 4.53057e-7 0.9304466 0 0.3664276 0.3826901 0.9238768 0 -0.9238802 0 -0.3826819 -0.3820263 0.05861783 0.9222906 0.3694948 0.06478345 0.9269718 0.917906 0.02516901 0.395999 0.9170649 -0.01782387 -0.3983395 0.364295 -0.01730453 -0.9311228 -0.3826787 -0.004152357 -0.9238722 -0.9238567 -0.007112085 -0.3826726 -0.9237441 0.01712059 0.3826274 -0.3652276 0.5854984 0.7237407 -0.3798758 0.9170805 0.1210698 0.3587835 0.5899446 0.7233532 0.3609294 0.9234098 0.1305544 0.9129179 0.2567011 0.3173098 0.9136596 0.402984 0.0532009 0.9117991 -0.2526169 -0.3237394 0.9117987 -0.4085288 -0.04156368 0.3461302 -0.525128 -0.7774538 0.349081 -0.9358147 -0.04892104 -0.3818863 -0.3795892 -0.8426596 -0.3826127 -0.9237012 -0.01959162 -0.9198406 -0.2195734 -0.325086 -0.9236949 -0.3826066 -0.02000063 -0.9170644 0.2452981 0.3143597 -0.9231786 0.3823972 0.03890508 0.92388 -0.3826825 0 -0.3826858 -0.9238786 0 -0.3826913 0.9238763 0 0.923878 0.3826873 0 0.3826864 -0.9238783 0 0.3826835 0 -0.9238795 0.3826828 0 0.9238798 -0.9238805 0 0.3826813 -0.3826845 0 -0.9238791 0.9238798 0 -0.3826829 -0.3694958 0.06478291 0.9269714 0.3820251 0.05861735 0.9222912 0.9237446 0.01712089 0.3826261 0.9238575 -0.007112205 -0.3826707 0.3826772 -0.004152059 -0.9238728 -0.3642954 -0.01730448 -0.9311227 -0.9170647 -0.0178247 -0.3983401 -0.9179058 0.02516824 0.3959998 -0.358784 0.5899432 0.7233542 -0.3609312 0.9234091 0.130555 0.3652271 0.5854997 0.7237399 0.3798758 0.9170805 0.1210698 0.9170651 0.2452967 0.3143583 0.9231792 0.3823958 0.03890508 0.9198425 -0.2195702 -0.3250829 0.9236949 -0.3826066 -0.02000063 0.3818863 -0.3795892 -0.8426596 0.3826127 -0.9237012 -0.01959162 -0.3461306 -0.5251266 -0.7774547 -0.349081 -0.9358147 -0.04892104 -0.9117987 -0.2526184 -0.3237392 -0.9117986 -0.4085287 -0.04156464 -0.9129171 0.2567019 0.3173115 -0.9136595 0.4029839 0.05320167 -0.9238786 0.382686 0 -0.9238789 -0.3826852 0 -0.3826799 0 0.9238811 0.9238804 0 0.3826814 0.3826907 0.9238767 0 -0.92388 0 -0.3826825 -0.3820263 0.05861794 0.9222906 0.3694958 0.06478327 0.9269714 0.9179058 0.02516829 0.3959997 0.364295 -0.0173043 -0.9311228 -0.3826787 -0.004152238 -0.9238722 -0.9238575 -0.007111608 -0.3826709 -0.9237447 0.01712137 0.382626 -0.3652274 0.5854991 0.7237403 -0.3798753 0.9170807 0.1210697 0.3587837 0.5899438 0.7233537 0.3609308 0.9234091 0.1305549 0.9129176 0.256701 0.3173107 0.9117986 -0.2526168 -0.3237408 0.3461306 -0.5251266 -0.7774547 -0.381887 -0.3795848 -0.8426612 -0.9198421 -0.219572 -0.3250828 -0.9170655 0.2452952 0.3143585 -0.9231792 0.3823958 0.03890508 -0.3826907 0.9238767 0 0.3826829 0 -0.9238798 0.3826822 0 0.9238801 -0.9238802 0 0.3826819 -0.382685 0 -0.923879 0.9238802 0 -0.3826821 -0.3694949 0.06478279 0.9269719 0.3820261 0.05861753 0.9222907 0.9237446 0.01712101 0.3826261 0.9238572 -0.007111728 -0.3826715 0.3826787 -0.004152774 -0.9238722 -0.3642954 -0.01730495 -0.9311227 -0.917065 -0.0178247 -0.3983393 -0.9179059 0.02516824 0.3959991 -0.3587837 0.5899441 0.7233536 -0.3609308 0.9234091 0.1305549 0.3652274 0.5854991 0.7237403 0.9170644 0.2452981 0.3143597 0.9231786 0.3823972 0.03890508 0.9198413 -0.2195755 -0.3250825 0.9236946 -0.3826076 -0.02000063 0.3818861 -0.3795896 -0.8426594 0.3826131 -0.9237009 -0.01959162 -0.34613 -0.5251287 -0.7774536 -0.3490802 -0.935815 -0.04892098 -0.9117991 -0.2526169 -0.3237394 -0.9117994 -0.4085272 -0.04156374 -0.9129177 0.2567021 0.3173097 -0.9136601 0.4029827 0.05320096 -0.923879 0.3826846 0 -0.3826802 0 0.9238809 0.9238808 0 0.3826805 0.3826856 0.9238787 0 -0.9238798 0 -0.3826828 -0.3820272 0.05861794 0.9222902 0.369497 0.06478291 0.926971 0.9179053 0.02516847 0.3960005 0.9170643 -0.01782393 -0.3983411 0.364297 -0.01730549 -0.9311221 -0.3826782 -0.00415188 -0.9238725 -0.9238564 -0.007112979 -0.3826733 -0.9237443 0.01712101 0.3826267 -0.3652279 0.5854952 0.723743 -0.3798693 0.9170824 0.1210751 0.3587852 0.5899437 0.723353 0.3609324 0.9234085 0.1305555 0.9129176 0.2567003 0.3173112 0.9136616 0.4029788 0.05320227 0.9117994 -0.2526181 -0.3237375 0.9117986 -0.4085286 -0.04156625 0.3461299 -0.5251279 -0.7774541 0.3490843 -0.9358134 -0.04892271 -0.3818963 -0.3796021 -0.8426491 -0.3826112 -0.9237017 -0.01959711 -0.9198412 -0.2195752 -0.3250829 -0.9236944 -0.3826079 -0.02000027 -0.917065 0.2452991 0.3143569 -0.9231806 0.3823925 0.03890508 0.9238792 -0.3826844 0 -0.3826845 -0.9238792 0 -0.3826845 0.9238792 0 0.9238797 0.3826832 0 0.3826861 -0.9238786 0 0.3826855 0 -0.9238787 0.3826822 0 0.9238802 -0.9238799 0 0.3826825 -0.3826849 0 -0.923879 0.9238799 0 -0.3826828 -0.3694959 0.06478255 0.9269714 0.3820281 0.05861812 0.9222899 0.9237447 0.01712024 0.3826261 0.9238573 -0.007112026 -0.3826711 0.3826798 -0.004151821 -0.9238717 -0.3642949 -0.01730537 -0.9311229 -0.9170649 -0.01782286 -0.3983396 -0.9179052 0.02516877 0.3960007 -0.3587847 0.5899453 0.7233521 -0.3609315 0.9234088 0.1305551 0.3652296 0.5854957 0.7237419 0.3798704 0.917082 0.1210755 0.9170652 0.2452983 0.314357 0.9231803 0.3823934 0.03890508 0.9198415 -0.2195742 -0.325083 0.9236948 -0.3826068 -0.02000027 0.3818961 -0.3796032 -0.8426488 0.3826122 -0.9237012 -0.01959717 -0.3461296 -0.525129 -0.7774534 -0.3490834 -0.9358138 -0.04892259 -0.9117993 -0.2526189 -0.3237374 -0.911799 -0.4085278 -0.04156625 -0.9129179 0.2566995 0.3173113 -0.913661 0.4029803 0.05320221 -0.9238797 0.3826832 0 -0.9238797 -0.3826832 0 -0.3826838 0 0.9238795 0.9238799 0 0.3826828 0 -0.9579247 0.2870197 0 0.9579244 0.2870209 0.9579248 0 0.2870196 -0.9579248 0 0.2870196 -1.44416e-6 0 1 0 0 1 -3.91784e-7 0 1 0 -1 -1.06777e-5 0 -1 5.00517e-6 -0.4353956 0 0.9002394 -0.6564196 0 0.754396 0.6564201 0 0.7543956 0.4353942 0 0.9002399 0 -0.7621851 0.6473593 -1 4.20837e-7 0 0 -0.7621847 0.6473597 0.7071069 -0.7071067 0 0.3826865 0.9238784 0 -6.58774e-7 0 1 0.7071068 -0.7071067 0 0.7071154 -0.7070983 0 -0.7071014 0.7071122 0 0.4417282 -0.4417287 0.7808662 -0.4417272 0.441732 0.780865 -0.5771474 -0.2390626 0.7808648 0.2390618 0.5771466 0.7808657 0.7071069 0.7071067 0 0.3826865 -0.9238784 0 8.60681e-7 0 1 -0.7071068 -0.7071068 0 0.7071068 0.7071067 0 0.7071154 0.7070983 0 -0.7071014 -0.7071122 0 0.441731 0.4417297 0.780864 -0.4417312 -0.4417283 0.7808648 -0.5771492 0.239064 0.7808632 0.2390624 -0.5771474 0.780865 -0.7071061 -0.7071075 0 -0.3826865 0.9238784 0 -0.7071063 -0.7071074 0 -0.7071056 -0.707108 0 0.7071014 0.7071122 0 -0.44173 -0.4417291 0.7808649 0.4417324 0.4417304 0.7808628 0.5771474 -0.2390632 0.7808648 -0.2390617 0.5771463 0.780866 -0.7071067 0.7071069 0 -0.3826865 -0.9238784 0 0.707108 -0.7071056 0 -0.7071069 0.7071068 0 -0.7071056 0.707108 0 0.7071014 -0.7071122 0 -0.4417333 0.4417288 0.7808632 0.4417283 -0.4417331 0.7808638 0.5771484 0.239063 0.7808641 -0.2390626 -0.5771481 0.7808644 -0.7071065 -0.7071071 0 0.9921553 0 0.125012 0 0 1 0.9921553 0 0.125012 0.6969841 -0.696986 0.168594 -0.6969833 -0.6969867 0.1685932 0 -0.9921554 0.1250115 0.9921553 0 0.125012 -1.84834e-7 0 1 -2.50442e-6 0 1 8.03835e-7 0 1 -0.9921554 0 0.1250115 0.6969842 0.6969859 0.1685936 0 0.9921554 0.1250116 -0.6969828 0.6969873 0.1685935 0 0.9921554 0.1250116 0 -0.7337619 0.6794067 0 -0.7337594 -0.6794094 0 0.7337611 -0.6794076 0 0.7337586 0.6794103 0.9921553 0 0.1250118 -2.32886e-7 0 1 0.9921553 0 0.1250118 -0.9921555 0 0.1250106 0.9068532 -0.35986 0.2193586 0 -0.9531081 0.3026301 -0.9068542 -0.3598579 0.2193577 0 -0.953108 0.3026307 0.9921553 0 0.1250118 4.65771e-7 0 1 6.98656e-7 0 1 -0.9921554 0 0.1250107 0.9068528 0.3598607 0.2193588 0 0.9531085 0.3026289 -0.9068505 0.359868 0.2193562 0 0.9531084 0.3026292 0.9921553 0 0.1250124 0.9921552 0 0.1250123 -0.9921553 0 0.1250118 0.9068544 -0.3598564 0.2193595 0 -0.953108 0.3026303 -0.9068515 -0.3598645 0.219358 -0.9921553 0 0.1250118 0.9068545 0.3598572 0.2193577 -0.9068528 0.3598607 0.2193588 -0.972221 0 -0.234065 0 0.9921711 -0.1248865 0 -0.9921698 0.1248963 -0.9722208 0 -0.2340657 0 0.992171 -0.1248871 0 -0.9921697 0.1248969 -0.972221 0 -0.2340652 -0.972221 0 -0.2340647 -0.9722211 0 -0.2340648 -0.9722213 0 -0.2340637 0.9304466 0 0.3664278 0.9238794 -0.3826838 0 -0.382687 -0.9238781 0 -0.3826901 0.9238768 0 0.9238785 0.3826859 0 0.3826858 -0.9238786 0 0.382685 0 -0.923879 0.3826805 0 0.9238808 -0.9238807 0 0.3826807 -0.3826829 0 -0.9238798 0.9238798 0 -0.3826832 -0.9238774 0.3826887 0 -0.92388 -0.3826825 0 -0.3826823 0 0.92388 0.92388 0 0.3826826 -0.3826864 -0.9238783 0 0.3826864 -0.9238783 0 0.3826845 0 -0.9238791 0.3826801 0 0.923881 -0.9238805 0 0.3826812 -0.3826832 0 -0.9238797 -0.9238806 -0.3826811 0 -0.3826828 0 0.9238798 0.3826861 0.9238786 0 -0.9238797 0 -0.3826832 0.9238797 -0.3826832 0 0.9238792 0.3826844 0 0.3826856 -0.9238787 0 0.3826842 0 -0.9238793 0.3826829 0 0.9238798 -0.9238798 0 0.3826828 -0.382687 0 -0.923878 -0.3826832 0 0.9238796 0.92388 0 0.3826826 0 -0.9579248 0.2870197 0 0.9579247 0.2870201 0.9579247 0 0.2870196 -0.9579249 0 0.2870194 0 -0.9868488 0.1616461 -5.31199e-7 0 1 0 -0.9868488 0.1616461 0 0.9868488 0.1616457 -0.4415491 -0.8559166 0.2691492 -0.953108 0 0.3026306 -0.4415456 0.8559184 0.2691492 -0.953108 0 0.3026308 0 -0.9868486 0.1616476 -4.63547e-7 -0.9868486 0.1616475 0 0.9868488 0.1616458 0.4415477 -0.8559173 0.2691491 0.9531083 0 0.3026297 0.4415464 0.8559182 0.2691485 0.9531083 0 0.3026298 0 -0.9868488 0.1616465 0 -0.9868488 0.1616464 0 0.9868488 0.1616458 -0.4415487 -0.8559167 0.2691496 -0.9531079 0 0.302631 -0.4415456 0.8559184 0.2691493 -0.9531079 0 0.3026307 0 -0.9868488 0.1616466 -1.11627e-6 0 1 0 -0.9868488 0.1616464 0 0.9868488 0.1616464 0.4415433 -0.8559195 0.2691495 0.9531083 0 0.3026297 0.4415456 0.8559184 0.2691492 0.9531084 0 0.3026294 0.3826896 0.9238771 0 -0.3820263 0.05861741 0.9222906 0.3694948 0.06478309 0.9269718 0.917906 0.02516829 0.395999 -0.3826787 -0.004152655 -0.9238722 -0.9238567 -0.007111132 -0.3826726 -0.9237442 0.0171203 0.3826274 0.3587834 0.589945 0.7233529 0.9129178 0.2567016 0.3173097 0.9136606 0.4029814 0.05320096 0.9117989 -0.2526176 -0.3237393 0.9117994 -0.4085272 -0.04156374 0.3461304 -0.5251273 -0.7774543 0.3490802 -0.935815 -0.04892098 -0.3818864 -0.3795882 -0.84266 -0.3826135 -0.9237007 -0.01959168 -0.9198402 -0.2195752 -0.3250859 -0.923178 0.3823987 0.03890508 -0.3826864 -0.9238783 0 0.9238786 0.382686 0 -0.3694958 0.06478327 0.9269714 0.3820251 0.05861753 0.9222912 0.9237446 0.01712119 0.3826261 0.9238575 -0.007111191 -0.3826707 0.3826772 -0.004152357 -0.9238728 -0.9170647 -0.01782381 -0.3983401 -0.3587837 0.589944 0.7233536 0.3652276 0.5854984 0.7237407 0.9198423 -0.2195711 -0.3250828 0.3818861 -0.3795901 -0.8426592 -0.3461302 -0.525128 -0.7774538 -0.9117989 -0.2526176 -0.3237393 -0.9117979 -0.4085302 -0.04156458 -0.912917 0.2567024 0.3173115 -0.9136601 0.4029827 0.05320167 -0.923878 0.3826873 0 -0.9238794 -0.3826838 0 0.3826913 0.9238763 0 -0.9238798 0 -0.382683 -0.3820263 0.05861747 0.9222906 0.9179058 0.02516901 0.3959997 0.9170646 -0.01782304 -0.3983402 -0.3826787 -0.004152536 -0.9238722 -0.9238575 -0.007110655 -0.3826709 -0.9237447 0.01712107 0.3826259 -0.3652279 0.5854971 0.7237415 -0.3798767 0.9170801 0.1210702 0.358784 0.589943 0.7233542 0.3609303 0.9234094 0.1305547 0.9129174 0.2567009 0.3173116 0.9136606 0.4029814 0.05320173 0.9117984 -0.2526199 -0.3237391 0.9117986 -0.4085287 -0.04156464 0.34613 -0.5251287 -0.7774536 -0.3818866 -0.3795872 -0.8426603 -0.9198409 -0.2195773 -0.3250824 -0.9236941 -0.3826085 -0.02000057 -0.9231799 0.3823943 0.03890514 0.9238789 -0.3826852 0 -0.3826847 -0.923879 0 0.3826858 -0.9238786 0 -0.9238801 0 0.3826825 -0.3694948 0.06478309 0.9269718 0.9237443 0.01712048 0.3826268 0.9238572 -0.007112622 -0.3826715 0.3826787 -0.004152476 -0.9238722 -0.917065 -0.01782381 -0.3983393 -0.9179059 0.02516895 0.3959991 -0.3587831 0.5899459 0.7233524 -0.3609303 0.9234094 0.1305547 0.917064 0.2452995 0.3143595 0.9198417 -0.2195681 -0.3250864 0.3818866 -0.3795872 -0.8426603 -0.9117997 -0.2526146 -0.3237396 -0.9118001 -0.4085257 -0.04156374 -0.9129176 0.2567025 0.3173097 -0.9136596 0.402984 0.0532009 -0.9238796 0.3826832 0 0.382684 0.9238794 0 -0.9238794 0 -0.3826841 -0.3820272 0.05861836 0.9222902 0.369497 0.06478327 0.926971 0.9179047 0.02516806 0.3960019 0.9170635 -0.01782488 -0.3983427 0.3642954 -0.01730513 -0.9311227 -0.3826782 -0.004152715 -0.9238725 -0.9238564 -0.00711286 -0.3826733 -0.9237444 0.0171191 0.3826268 -0.3652277 0.585496 0.7237426 -0.3798682 0.917083 0.1210747 0.3587852 0.589944 0.7233529 0.9129174 0.2567011 0.3173112 0.9136592 0.4029845 0.05320209 0.9117976 -0.2526212 -0.3237404 0.9117975 -0.4085314 -0.0415641 0.3461303 -0.5251264 -0.777455 -0.3818957 -0.3796058 -0.8426477 -0.3826122 -0.9237012 -0.01959717 -0.9198402 -0.2195802 -0.3250826 -0.9236953 -0.3826056 -0.02000027 -0.9170659 0.245295 0.3143572 -0.9231792 0.3823959 0.03890508 -0.3826861 -0.9238786 0 -0.382684 0.9238794 0 -0.9238795 0 0.3826838 -0.3694959 0.06478232 0.9269714 0.382027 0.05861777 0.9222904 0.9237434 0.01712012 0.3826293 0.9238557 -0.007112622 -0.3826749 0.3826798 -0.004152834 -0.9238717 -0.3642949 -0.01730394 -0.9311229 -0.9170647 -0.01782482 -0.3983396 -0.9179052 0.02516961 0.3960008 -0.358785 0.5899446 0.7233525 -0.3609324 0.9234085 0.1305555 0.3652288 0.5854977 0.7237405 0.9170642 0.245298 0.3143602 0.9231792 0.3823959 0.03890508 0.9198427 -0.2195681 -0.3250834 0.9236953 -0.3826056 -0.02000027 0.3818957 -0.3796058 -0.8426477 0.3826102 -0.9237021 -0.01959705 -0.3461295 -0.5251294 -0.7774532 -0.3490825 -0.9358141 -0.04892247 -0.9118003 -0.2526147 -0.3237378 -0.9117974 -0.4085313 -0.04156619 -0.9129174 0.2567011 0.3173112 -0.9136616 0.4029788 0.05320227 -0.9238792 0.3826844 0 -0.9238792 -0.3826844 0 -0.3826834 0 0.9238796 0.3826853 -0.9238788 0 -0.923878 0.3826873 0 0.3826901 0.9238768 0 -0.3826889 0.9238772 0 0.9238774 0.3826887 0 0.382687 -0.9238781 0 -0.9238803 0 0.3826818 -0.9238811 -0.3826797 0 -0.923879 0 -0.3826848 -0.382684 -0.9238794 0 -0.3826861 0.9238786 0 0.382684 -0.9238794 0 -0.9238792 0 0.3826845 -0.3826867 0 -0.9238783 0 -0.7103343 0.7038645 0.7038676 -0.7103312 0 0 -0.71033 -0.7038689 0 -0.7103334 0.7038654 0 -0.7103306 -0.7038682 -0.7038673 -0.7103315 0 0 -0.71033 0.7038689 0.7038685 -0.7103304 0 0 -0.7103343 -0.7038645 0 -0.7103306 0.7038682 0 -0.7103334 -0.7038654 -0.7038685 -0.7103304 0</float_array>
          <technique_common>
            <accessor source="#Cubo_007-mesh-normals-array" count="637" stride="3">
              <param name="X" type="float"/>
              <param name="Y" type="float"/>
              <param name="Z" type="float"/>
            </accessor>
          </technique_common>
        </source>
        <source id="Cubo_007-mesh-map-0">
          <float_array id="Cubo_007-mesh-map-0-array" count="6852">0.1612558 0.3946751 0.1676613 0.3883602 0.2410821 0.3883602 0.03413969 0.3946751 0.03413969 0.5394408 0.113966 0.3883602 0.6713392 0.6793937 0.6547213 0.6984756 0.6062175 0.6793937 0.6062175 0.6793937 0.5577139 0.6984756 0.541096 0.6793937 0.6743776 0.7406392 0.6794569 0.756605 0.6794569 0.7406392 0.6743776 0.7246734 0.6794569 0.7406392 0.6794569 0.7246734 0.1579511 0.801326 0.1231055 0.758742 0.1579511 0.758742 0.6743776 0.7287476 0.6794569 0.7292 0.6743776 0.7292 0.6536272 0.6309564 0.6641631 0.6518796 0.6536272 0.6518796 0.1988156 0.8034791 0.3606068 0.9789481 0.1988156 0.9789481 0.6390876 0.2134994 0.611855 0.3250815 0.6390876 0.3250815 0.5610751 0.5694844 0.5505391 0.6893737 0.5610751 0.6893737 0.6536272 0.6309564 0.6641631 0.6518796 0.6536272 0.6518796 0.5505391 0.5694844 0.5610751 0.6893737 0.5505391 0.6893737 0.6399059 0.2134994 0.6126734 0.3250815 0.6399059 0.3250815 0.3656287 0.8034791 0.1919025 0.9789481 0.3656287 0.9789481 0.6743776 0.6976776 0.6794569 0.6976776 0.6794569 0.6976776 0.6743776 0.6976776 0.6794569 0.6976776 0.6794569 0.6976776 0.1927968 0.801326 0.1579511 0.758742 0.1927968 0.758742 0.1217277 0.758742 0.1093171 0.801326 0.1093171 0.758742 0.1941747 0.801326 0.2065852 0.758742 0.2065852 0.801326 0.679457 0.7525309 0.6743776 0.7520785 0.679457 0.7520785 0.04440313 0.4423708 0.08496099 0.3917201 0.08496099 0.4423708 0.08496099 0.4423708 0.1255187 0.3917201 0.1255187 0.4423708 0.1255187 0.4817886 0.08496099 0.4423708 0.1255187 0.4423708 0.06263053 0.4423708 0.09610992 0.3917201 0.06263053 0.3917201 0.09610992 0.3917201 0.06263053 0.4423708 0.06263053 0.3917201 0.08496099 0.4817886 0.04440313 0.4423708 0.08496099 0.4423708 0.09610992 0.3917201 0.1073239 0.4817886 0.09610992 0.4817886 0.1255187 0.4560625 0.08496099 0.4672765 0.08496099 0.4560625 0.09610992 0.4817886 0.1073239 0.3917201 0.09610992 0.3917201 0.08496099 0.4560625 0.04440325 0.4672765 0.04440313 0.4560625 0.5884781 0.9634653 0.4970621 0.9761435 0.4970621 0.9634653 0.1264595 0.9647955 0.0100606 0.9790955 0.0100606 0.9647955 0.667324 0.4224902 0.7083124 0.3428862 0.7083124 0.4224902 0.5251143 0.5895866 0.5026622 0.5802868 0.5251143 0.5895866 0.5019649 0.5924336 0.5264263 0.6573453 0.5264263 0.5924336 0.5251143 0.5895866 0.5026622 0.6678558 0.5251143 0.6678558 0.2272518 0.0125038 0.03483831 0.04059427 0.2272518 0.04059427 0.03483831 0.0125038 0.0180518 0.04059427 0.03483831 0.04059427 0.667324 0.4942876 0.7083124 0.4224902 0.7083124 0.4942876 0.2081236 0.002086818 0.01622825 0.100988 0.01622825 0.002086818 0.2090185 0.005640447 0.01439154 0.1016669 0.01439154 0.005640447 0.4784199 0.0125038 0.2860063 0.04059427 0.4784199 0.04059427 0.5264263 0.5924336 0.5019649 0.5726125 0.5019649 0.5924336 0 0 0 0 0 0 0.8367744 0.07038205 0.7573023 0.02460676 0.8367745 0.02460676 0.2860063 0.0125038 0.2272518 0.04059427 0.2860063 0.04059427 0.5019649 0.6650581 0.5264263 0.6573453 0.5019649 0.6650581 0.7083124 0.5020942 0.667324 0.5020942 0.7083124 0.5020942 0.0180518 0.04059427 0.03483831 0.04059427 0.0180518 0.04059427 0.3642606 0.5996077 0.3516734 0.5897166 0.3608949 0.5989381 0.349364 0.605778 0.3470824 0.6008002 0.3448335 0.6012476 0.3608949 0.5989381 0.349364 0.605778 0.3642606 0.5996077 0.3448335 0.6012476 0.3516734 0.5897166 0.3510038 0.5863509 0.3498113 0.6035292 0.3516734 0.5897166 0.3470824 0.6008002 0.4970621 0.9761435 0.5884781 0.9634653 0.4970621 0.9634653 0.0100606 0.9790955 0.1264595 0.9647955 0.0100606 0.9647955 0.7083124 0.3428862 0.667324 0.4224902 0.7083124 0.4224902 0.5026622 0.5802868 0.5251143 0.5895866 0.5251143 0.5895866 0.5264263 0.6573453 0.5019649 0.5924336 0.5264263 0.5924336 0.5251143 0.5895866 0.5026622 0.6678558 0.5026622 0.5802868 0.03483831 0.04059427 0.2272518 0.0125038 0.2272518 0.04059427 0.0180518 0.04059427 0.03483831 0.0125038 0.03483831 0.04059427 0.7083124 0.4224902 0.667324 0.4942876 0.7083124 0.4942876 0.01622825 0.100988 0.2081236 0.002086818 0.01622825 0.002086818 0.01439154 0.1016669 0.2090185 0.005640447 0.01439154 0.005640447 0.2860063 0.04059427 0.4784199 0.0125038 0.4784199 0.04059427 0.5019649 0.5726125 0.5264263 0.5924336 0.5019649 0.5924336 0.2378243 0.01131063 0.2576485 0.06722331 0.2576485 0.01131063 0.06183499 0.9577224 0.0933395 0.9794133 0.0933395 0.9577224 0.2272518 0.04059427 0.2860063 0.0125038 0.2860063 0.04059427 0.5264263 0.6573453 0.5019649 0.6650581 0.5019649 0.6650581 0.667324 0.5020942 0.7083124 0.5020942 0.7083124 0.5020942 0.03483831 0.04059427 0.0180518 0.04059427 0.0180518 0.04059427 0.3516734 0.5897166 0.3642606 0.5996077 0.3608949 0.5989381 0.349364 0.605778 0.3470824 0.6008002 0.3498113 0.6035292 0.349364 0.605778 0.3608949 0.5989381 0.3642606 0.5996077 0.3448335 0.6012476 0.3516734 0.5897166 0.3470824 0.6008002 0.3470824 0.6008002 0.3608949 0.5989381 0.3498113 0.6035292 0.7083124 0.4803824 0.667324 0.496313 0.7083124 0.496313 0.0100606 0.9647955 0.1264595 0.833279 0.0100606 0.833279 0.4970621 0.9634653 0.5884781 0.8468639 0.4970621 0.8468639 0.667324 0.496313 0.7083124 0.4803824 0.7083124 0.496313 0.1264595 0.833279 0.0100606 0.9647955 0.0100606 0.833279 0.5884781 0.8468639 0.4970621 0.9634653 0.4970621 0.8468639 0.06183499 0.9649527 0.0933395 0.9649527 0.0933395 0.9649527 0.06183499 0.8348073 0.0933395 0.9577224 0.0933395 0.8348073 0.8634112 0.6536931 0.9106256 0.69436 0.8634112 0.69436 0 0 0 0 0 0 0.4970621 0.9761435 0.5884781 0.9634653 0.4970621 0.9634653 0.1123736 0.9790955 0.2287724 0.9647955 0.1123736 0.9647955 0.7083124 0.3428862 0.667324 0.4224902 0.7083124 0.4224902 0.5026622 0.5802868 0.5251143 0.5895866 0.5251143 0.5895866 0.5264263 0.6573453 0.5019649 0.5924336 0.5264263 0.5924336 0.5251143 0.5895866 0.5026622 0.6678558 0.5026622 0.5802868 0.03483831 0.04059427 0.2272518 0.0125038 0.2272518 0.04059427 0.0180518 0.04059427 0.03483831 0.0125038 0.03483831 0.04059427 0.7083124 0.4224902 0.667324 0.4942876 0.7083124 0.4942876 0.01622825 0.100988 0.2081236 0.002086818 0.01622825 0.002086818 0.01439154 0.1016669 0.2090185 0.005640447 0.01439154 0.005640447 0.2860063 0.04059427 0.4784199 0.0125038 0.4784199 0.04059427 0.5019649 0.5726125 0.5264263 0.5924336 0.5019649 0.5924336 0 0 0 0 0 0 0.7573023 0.02460676 0.8367745 0.07038205 0.8367745 0.02460676 0.2272518 0.04059427 0.2860063 0.0125038 0.2860063 0.04059427 0.5264263 0.6573453 0.5019649 0.6650581 0.5019649 0.6650581 0.667324 0.5020942 0.7083124 0.5020942 0.7083124 0.5020942 0.03483831 0.04059427 0.0180518 0.04059427 0.0180518 0.04059427 0.3516734 0.5897166 0.3642606 0.5996077 0.3608949 0.5989381 0.349364 0.605778 0.3470824 0.6008002 0.3498113 0.6035292 0.349364 0.605778 0.3608949 0.5989381 0.3642606 0.5996077 0.3448335 0.6012476 0.3516734 0.5897166 0.3470824 0.6008002 0.3470824 0.6008002 0.3608949 0.5989381 0.3498113 0.6035292 0.5884781 0.9634653 0.4970621 0.9761435 0.4970621 0.9634653 0.2287724 0.9647955 0.1123736 0.9790955 0.1123736 0.9647955 0.667324 0.4224902 0.7083124 0.3428862 0.7083124 0.4224902 0.5251143 0.5895866 0.5026622 0.5802868 0.5251143 0.5895866 0.5019649 0.5924336 0.5264263 0.6573453 0.5264263 0.5924336 0.5251143 0.5895866 0.5026622 0.6678558 0.5251143 0.6678558 0.2272518 0.0125038 0.03483831 0.04059427 0.2272518 0.04059427 0.03483831 0.0125038 0.0180518 0.04059427 0.03483831 0.04059427 0.667324 0.4942876 0.7083124 0.4224902 0.7083124 0.4942876 0.2081236 0.002086818 0.01622825 0.100988 0.01622825 0.002086818 0.2090185 0.005640447 0.01439154 0.1016669 0.01439154 0.005640447 0.4784199 0.0125038 0.2860063 0.04059427 0.4784199 0.04059427 0.5264263 0.5924336 0.5019649 0.5726125 0.5019649 0.5924336 0.2576485 0.06722331 0.2378243 0.01131063 0.2576485 0.01131063 0.0933395 0.9794133 0.06183499 0.9577224 0.0933395 0.9577224 0.2860063 0.0125038 0.2272518 0.04059427 0.2860063 0.04059427 0.5019649 0.6650581 0.5264263 0.6573453 0.5019649 0.6650581 0.7083124 0.5020942 0.667324 0.5020942 0.7083124 0.5020942 0.0180518 0.04059427 0.03483831 0.04059427 0.0180518 0.04059427 0.3642606 0.5996077 0.3516734 0.5897166 0.3608949 0.5989381 0.349364 0.605778 0.3470824 0.6008002 0.3448335 0.6012476 0.3608949 0.5989381 0.349364 0.605778 0.3642606 0.5996077 0.3448335 0.6012476 0.3516734 0.5897166 0.3510038 0.5863509 0.3498113 0.6035292 0.3516734 0.5897166 0.3470824 0.6008002 0.667324 0.496313 0.7083124 0.4803824 0.7083124 0.496313 0.2287724 0.833279 0.1123736 0.9647955 0.1123736 0.833279 0.5884781 0.8468639 0.4970621 0.9634653 0.4970621 0.8468639 0.7083124 0.4803824 0.667324 0.496313 0.7083124 0.496313 0.1123736 0.9647955 0.2287724 0.833279 0.1123736 0.833279 0.5941796 0.9634653 0.7042512 0.8468639 0.5941796 0.8468639 0.0933395 0.9649527 0.06183499 0.9649527 0.0933395 0.9649527 0.0933395 0.9577224 0.06183499 0.8348073 0.0933395 0.8348073 0.8088726 0.6536931 0.8634112 0.69436 0.8088726 0.69436 0 0 0 0 0 0 0 0 0 0 0 0 0 0 0 0 0 0 0.5639454 0.07845765 0.5141394 0.108676 0.5061941 0.07845765 0.01239198 0.3647333 0.01239198 0.3437875 0.08230799 0.3893339 0.6216966 0.07845765 0.5679181 0.108676 0.5639454 0.07845765 0.6216966 0.07845765 0.5141394 0.108676 0.6216966 0.108676 0.4961174 0.07845765 0.5141394 0.108676 0.5047559 0.108676 0.6216966 0.07845765 0.5141392 0.108676 0.6216966 0.108676 0.4961174 0.07845765 0.5141394 0.108676 0.5061941 0.07845765 0.6216966 0.07845765 0.7292538 0.108676 0.7371991 0.07845765 0.5141394 0.108676 0.5639454 0.07845765 0.5061941 0.07845765 0.01239198 0.3647333 0.01800221 0.3893339 0.08230799 0.3893339 0.5679181 0.108676 0.6216966 0.07845765 0.5639454 0.07845765 0.6216966 0.07845765 0.5141394 0.108676 0.5061941 0.07845765 0.4961174 0.07845765 0.5141394 0.108676 0.5061941 0.07845765 0.6216966 0.07845765 0.5141392 0.108676 0.5061939 0.07845765 0.5141394 0.108676 0.4961174 0.07845765 0.5061941 0.07845765 0.7292538 0.108676 0.6216966 0.07845765 0.7371991 0.07845765 0.9027719 0.8165525 0.8684977 0.862082 0.8684977 0.8165525 0.9637713 0.8602091 0.9843581 0.7739409 0.9843581 0.8602091 0.9637713 0.8415018 0.9843581 0.7926481 0.9843581 0.8415018 0.9637713 0.7926481 0.9843581 0.8415018 0.9843581 0.7926481 0.9637713 0.7739409 0.9843581 0.8602091 0.9843581 0.7739409 0.9468984 0.8163083 0.9112601 0.8618378 0.9112601 0.8163083 0.9637713 0.8602091 0.9843581 0.7739409 0.9843581 0.8602091 0.9637713 0.8415018 0.9843581 0.7926481 0.9843581 0.8415018 0.9637713 0.7926481 0.9843581 0.8415018 0.9843581 0.7926481 0.9637713 0.7739409 0.9843581 0.8602091 0.9843581 0.7739409 0.9834537 0.2492127 0.9289617 0.306621 0.9289617 0.2492127 0.9637713 0.8602091 0.9843581 0.7739409 0.9843581 0.8602091 0.9637713 0.8415018 0.9843581 0.7926481 0.9843581 0.8415018 0.9637713 0.7926481 0.9843581 0.8415018 0.9843581 0.7926481 0.9637713 0.7739409 0.9843581 0.8602091 0.9843581 0.7739409 0.4970621 0.8592957 0.4970621 0.9510336 0.4970621 0.9510336 0.5119765 0.9634653 0.5735637 0.9634653 0.5735637 0.9634653 0.7679663 0.6988417 0.7322158 0.6988417 0.7235583 0.6891838 0.5884781 0.9510336 0.5884781 0.8592957 0.5884781 0.8592957 0.5735637 0.9634653 0.5884781 0.9510336 0.5735637 0.9634653 0.5735637 0.8468639 0.5884781 0.8592957 0.5735637 0.8468639 0.5119765 0.8468639 0.4970621 0.8592957 0.5119765 0.846864 0.5119765 0.9634653 0.4970621 0.9510336 0.5119765 0.9634653 0.5735637 0.8468639 0.5119765 0.8468639 0.5119765 0.846864 0.5639454 0.07845765 0.5141394 0.108676 0.5061941 0.07845765 0.7831522 0.1471922 0.8069093 0.1432049 0.8306663 0.1700437 0.6216966 0.07845765 0.5679181 0.108676 0.5639454 0.07845765 0.6216966 0.07845765 0.5141394 0.108676 0.6216966 0.108676 0.5061941 0.07845765 0.5047559 0.108676 0.4961174 0.07845765 0.6216966 0.07845765 0.5141392 0.108676 0.6216966 0.108676 0.5061941 0.07845765 0.5047559 0.108676 0.5141394 0.108676 0.6216966 0.07845765 0.7292538 0.108676 0.7371991 0.07845765 0.5141394 0.108676 0.5639454 0.07845765 0.5061941 0.07845765 0.8306663 0.2157467 0.8069093 0.2425854 0.7831522 0.2385982 0.5679181 0.108676 0.6216966 0.07845765 0.5639454 0.07845765 0.6216966 0.07845765 0.5141394 0.108676 0.5061941 0.07845765 0.5047559 0.108676 0.5061941 0.07845765 0.4961174 0.07845765 0.6216966 0.07845765 0.5141392 0.108676 0.5061939 0.07845765 0.5061941 0.07845765 0.5047559 0.108676 0.4961174 0.07845765 0.7292538 0.108676 0.6216966 0.07845765 0.7371991 0.07845765 0.5639454 0.07845765 0.5141394 0.108676 0.5061941 0.07845765 0.7831522 0.1471922 0.8069093 0.1432049 0.8306663 0.1700437 0.6216966 0.07845765 0.5679181 0.108676 0.5639454 0.07845765 0.6216966 0.07845765 0.5141394 0.108676 0.6216966 0.108676 0.5061941 0.07845765 0.5047559 0.108676 0.4961174 0.07845765 0.6216966 0.07845765 0.5141392 0.108676 0.6216966 0.108676 0.5061941 0.07845765 0.5047559 0.108676 0.5141394 0.108676 0.6216966 0.07845765 0.7292538 0.108676 0.7371991 0.07845765 0.5141394 0.108676 0.5639454 0.07845765 0.5061941 0.07845765 0.8306663 0.2157467 0.8069093 0.2425854 0.7831522 0.2385982 0.5679181 0.108676 0.6216966 0.07845765 0.5639454 0.07845765 0.6216966 0.07845765 0.5141394 0.108676 0.5061941 0.07845765 0.5047559 0.108676 0.5061941 0.07845765 0.4961174 0.07845765 0.6216966 0.07845765 0.5141392 0.108676 0.5061939 0.07845765 0.5061941 0.07845765 0.5047559 0.108676 0.4961174 0.07845765 0.7292538 0.108676 0.6216966 0.07845765 0.7371991 0.07845765 0.6159083 0.8183869 0.6082051 0.7648293 0.6159083 0.7648293 0.6088604 0.7644867 0.6165636 0.8180444 0.6165636 0.7644867 0.6382216 0.790076 0.5850065 0.7927976 0.6385641 0.7927976 0.6159083 0.7927976 0.6088604 0.790076 0.6082051 0.7927976 0.6088604 0.790076 0.6159083 0.7927976 0.6082051 0.7927976 0.6159083 0.8183869 0.6082051 0.7648293 0.6159083 0.7648293 0.6088604 0.7644867 0.6165636 0.8180444 0.6165636 0.7644867 0.6382216 0.790076 0.5850065 0.7927976 0.6385641 0.7927976 0.6159083 0.7927976 0.6088604 0.790076 0.6082051 0.7927976 0.6088604 0.790076 0.6159083 0.7927976 0.6082051 0.7927976 0.6159083 0.8183869 0.6082051 0.7648293 0.6159083 0.7648293 0.6088604 0.7644867 0.6165636 0.8180444 0.6165636 0.7644867 0.6382216 0.790076 0.5850065 0.7927976 0.6385641 0.7927976 0.6159083 0.7927976 0.6088604 0.790076 0.6082051 0.7927976 0.6088604 0.790076 0.6159083 0.7927976 0.6082051 0.7927976 0.6159083 0.8183869 0.6082051 0.7648293 0.6159083 0.7648293 0.6088604 0.7644867 0.6165636 0.8180444 0.6165636 0.7644867 0.6382216 0.790076 0.5850065 0.7927976 0.6385641 0.7927976 0.6159083 0.7927976 0.6088604 0.790076 0.6082051 0.7927976 0.6088604 0.790076 0.6159083 0.7927976 0.6082051 0.7927976 0.6159083 0.8183869 0.6082051 0.7648293 0.6159083 0.7648293 0.6088604 0.7644867 0.6165636 0.8180444 0.6165636 0.7644867 0.6382216 0.790076 0.5850065 0.7927976 0.6385641 0.7927976 0.6159083 0.7927976 0.6088604 0.790076 0.6082051 0.7927976 0.6088604 0.790076 0.6159083 0.7927976 0.6082051 0.7927976 0.6159083 0.8183869 0.6082051 0.7648293 0.6159083 0.7648293 0.6088604 0.7644867 0.6165636 0.8180444 0.6165636 0.7644867 0.6382216 0.790076 0.5850065 0.7927976 0.6385641 0.7927976 0.6159083 0.7927976 0.6088604 0.790076 0.6082051 0.7927976 0.6088604 0.790076 0.6159083 0.7927976 0.6082051 0.7927976 0.9526062 0.8790053 0.923717 0.9022895 0.923717 0.8790053 0.984358 0.7976663 0.9637713 0.7739409 0.9843581 0.7739409 0.9637713 0.8415018 0.9843581 0.7926481 0.9843581 0.8415018 0.9637713 0.7926481 0.9843581 0.8415018 0.9843581 0.7926481 0.9637713 0.7976664 0.9843581 0.8602091 0.9843581 0.7976663 0.9637713 0.7739409 0.9843581 0.7976663 0.9843581 0.7739409 0.9637713 0.8602091 0.984358 0.7976663 0.9843581 0.8602091 0.9526063 0.8701725 0.923717 0.8790053 0.923717 0.8701725 0.5431102 0.5383753 0.5468255 0.4616042 0.5468255 0.5383753 0.5473577 0.465943 0.551073 0.5330999 0.551073 0.465943 0.5984501 0.5120386 0.5870146 0.5168611 0.5984501 0.5168611 0.5984501 0.5120386 0.5870146 0.507216 0.5863494 0.5120386 0.5984501 0.5212155 0.5886206 0.5159355 0.5870146 0.5204596 0.5984501 0.516393 0.5902265 0.5114116 0.5886206 0.5159355 0.5984501 0.507216 0.5908917 0.5120386 0.5902265 0.507216 0.5984501 0.5168611 0.5908917 0.5120386 0.5984501 0.5120386 0.5984501 0.516393 0.5902265 0.5114116 0.5984501 0.5115705 0.5984501 0.5212155 0.5886206 0.5159355 0.5984501 0.516393 0.5863494 0.5120386 0.5802633 0.5168611 0.5870146 0.5168611 0.5839613 0.5147792 0.5885981 0.5027529 0.5839613 0.5027529 0.5863494 0.5120386 0.5802633 0.507216 0.5785821 0.5120386 0.5932351 0.5147792 0.5885981 0.5027529 0.5885981 0.5157453 0.5870146 0.5204596 0.5843218 0.512447 0.5802633 0.5147792 0.5843218 0.512447 0.5787366 0.5027529 0.5802633 0.5147792 0.5886206 0.5159355 0.5883805 0.5101147 0.5843218 0.512447 0.5883805 0.5101147 0.5833736 0.5027529 0.5843218 0.512447 0.5902265 0.507216 0.5900616 0.5120386 0.5883805 0.507216 0.5885981 0.5091487 0.5932351 0.5027529 0.5932351 0.5101147 0.5902265 0.5168611 0.5900616 0.5120386 0.5908917 0.5120386 0.5885981 0.5091487 0.5839613 0.5027529 0.5885981 0.5027529 0.5886206 0.5159355 0.5883805 0.5101147 0.5902265 0.5114116 0.5883805 0.5101147 0.5833736 0.5027529 0.5880104 0.5027529 0.5870146 0.5204596 0.5843218 0.512447 0.5886206 0.5159355 0.5843218 0.512447 0.5787366 0.5027529 0.5833736 0.5027529 0.5430858 0.5383753 0.5468011 0.4616042 0.5468011 0.5383753 0.5505409 0.5383753 0.5468255 0.4616042 0.5468255 0.5383753 0.5468255 0.5383753 0.5505409 0.4616042 0.5505409 0.5383753 0.5468011 0.5383753 0.5505164 0.4616042 0.5505164 0.5383753 0.5468255 0.5383753 0.5431102 0.4616042 0.5431102 0.5383753 0.5470854 0.465943 0.5508008 0.5330999 0.5508008 0.465943 0.5508008 0.465943 0.5470854 0.5330999 0.5470854 0.465943 0.5436424 0.465943 0.5473577 0.5330999 0.5473577 0.465943 0.5470854 0.465943 0.5433701 0.5330999 0.5470854 0.5330999 0.551073 0.465943 0.5473577 0.5330999 0.5473577 0.465943 0.5984501 0.5120386 0.5863494 0.5120386 0.5870146 0.5168611 0.5984501 0.5120386 0.5984501 0.507216 0.5870146 0.507216 0.5984501 0.5212155 0.5984501 0.516393 0.5886206 0.5159355 0.5984501 0.516393 0.5984501 0.5115705 0.5902265 0.5114116 0.5984501 0.507216 0.5984501 0.5120386 0.5908917 0.5120386 0.5984501 0.5168611 0.5902265 0.5168611 0.5908917 0.5120386 0.5984501 0.516393 0.5886206 0.5159355 0.5902265 0.5114116 0.5984501 0.5212155 0.5870146 0.5204596 0.5886206 0.5159355 0.5863494 0.5120386 0.5785821 0.5120386 0.5802633 0.5168611 0.5839613 0.5147792 0.5885981 0.5157453 0.5885981 0.5027529 0.5863494 0.5120386 0.5870146 0.507216 0.5802633 0.507216 0.5932351 0.5147792 0.5932351 0.5027529 0.5885981 0.5027529 0.5870146 0.5204596 0.5886206 0.5159355 0.5843218 0.512447 0.5843218 0.512447 0.5833736 0.5027529 0.5787366 0.5027529 0.5886206 0.5159355 0.5902265 0.5114116 0.5883805 0.5101147 0.5883805 0.5101147 0.5880104 0.5027529 0.5833736 0.5027529 0.5902265 0.507216 0.5908917 0.5120386 0.5900616 0.5120386 0.5885981 0.5091487 0.5885981 0.5027529 0.5932351 0.5027529 0.5902265 0.5168611 0.5883805 0.5168611 0.5900616 0.5120386 0.5885981 0.5091487 0.5839613 0.5101147 0.5839613 0.5027529 0.5886206 0.5159355 0.5843218 0.512447 0.5883805 0.5101147 0.5883805 0.5101147 0.5843218 0.512447 0.5833736 0.5027529 0.5870146 0.5204596 0.5802633 0.5147792 0.5843218 0.512447 0.5843218 0.512447 0.5802633 0.5147792 0.5787366 0.5027529 0.5505164 0.5383753 0.5468011 0.4616042 0.5468011 0.5383753 0.5468011 0.5383753 0.5430858 0.4616042 0.5430858 0.5383753 0.5470854 0.465943 0.5433701 0.5330999 0.5433701 0.465943 0.5473577 0.465943 0.5436424 0.5330999 0.5436424 0.465943 0.5431102 0.5383753 0.5468255 0.4616042 0.5468255 0.5383753 0.5473577 0.465943 0.551073 0.5330999 0.551073 0.465943 0.5984501 0.5120386 0.5870146 0.5168611 0.5984501 0.5168611 0.5984501 0.5120386 0.5870146 0.507216 0.5863494 0.5120386 0.5984501 0.5212155 0.5886206 0.5159355 0.5870146 0.5204596 0.5984501 0.516393 0.5902265 0.5114116 0.5886206 0.5159355 0.5984501 0.507216 0.5908917 0.5120386 0.5902265 0.507216 0.5984501 0.5168611 0.5908917 0.5120386 0.5984501 0.5120386 0.5984501 0.516393 0.5902265 0.5114116 0.5984501 0.5115705 0.5984501 0.5212155 0.5886206 0.5159355 0.5984501 0.516393 0.5863494 0.5120386 0.5802633 0.5168611 0.5870146 0.5168611 0.5839613 0.5147792 0.5885981 0.5027529 0.5839613 0.5027529 0.5863494 0.5120386 0.5802633 0.507216 0.5785821 0.5120386 0.5932351 0.5147792 0.5885981 0.5027529 0.5885981 0.5157453 0.5870146 0.5204596 0.5843218 0.512447 0.5802633 0.5147792 0.5843218 0.512447 0.5787366 0.5027529 0.5802633 0.5147792 0.5886206 0.5159355 0.5883805 0.5101147 0.5843218 0.512447 0.5883805 0.5101147 0.5833736 0.5027529 0.5843218 0.512447 0.5902265 0.507216 0.5900616 0.5120386 0.5883805 0.507216 0.5885981 0.5091487 0.5932351 0.5027529 0.5932351 0.5101147 0.5902265 0.5168611 0.5900616 0.5120386 0.5908917 0.5120386 0.5885981 0.5091487 0.5839613 0.5027529 0.5885981 0.5027529 0.5886206 0.5159355 0.5883805 0.5101147 0.5902265 0.5114116 0.5883805 0.5101147 0.5833736 0.5027529 0.5880104 0.5027529 0.5870146 0.5204596 0.5843218 0.512447 0.5886206 0.5159355 0.5843218 0.512447 0.5787366 0.5027529 0.5833736 0.5027529 0.5430858 0.5383753 0.5468011 0.4616042 0.5468011 0.5383753 0.5505409 0.5383753 0.5468255 0.4616042 0.5468255 0.5383753 0.5468255 0.5383753 0.5505409 0.4616042 0.5505409 0.5383753 0.5468011 0.5383753 0.5505164 0.4616042 0.5505164 0.5383753 0.5468255 0.5383753 0.5431102 0.4616042 0.5431102 0.5383753 0.5470854 0.465943 0.5508008 0.5330999 0.5508008 0.465943 0.5508008 0.465943 0.5470854 0.5330999 0.5470854 0.465943 0.5436424 0.465943 0.5473577 0.5330999 0.5473577 0.465943 0.5470854 0.465943 0.5433701 0.5330999 0.5470854 0.5330999 0.551073 0.465943 0.5473577 0.5330999 0.5473577 0.465943 0.5984501 0.5120386 0.5863494 0.5120386 0.5870146 0.5168611 0.5984501 0.5120386 0.5984501 0.507216 0.5870146 0.507216 0.5984501 0.5212155 0.5984501 0.516393 0.5886206 0.5159355 0.5984501 0.516393 0.5984501 0.5115705 0.5902265 0.5114116 0.5984501 0.507216 0.5984501 0.5120386 0.5908917 0.5120386 0.5984501 0.5168611 0.5902265 0.5168611 0.5908917 0.5120386 0.5984501 0.516393 0.5886206 0.5159355 0.5902265 0.5114116 0.5984501 0.5212155 0.5870146 0.5204596 0.5886206 0.5159355 0.5863494 0.5120386 0.5785821 0.5120386 0.5802633 0.5168611 0.5839613 0.5147792 0.5885981 0.5157453 0.5885981 0.5027529 0.5863494 0.5120386 0.5870146 0.507216 0.5802633 0.507216 0.5932351 0.5147792 0.5932351 0.5027529 0.5885981 0.5027529 0.5870146 0.5204596 0.5886206 0.5159355 0.5843218 0.512447 0.5843218 0.512447 0.5833736 0.5027529 0.5787366 0.5027529 0.5886206 0.5159355 0.5902265 0.5114116 0.5883805 0.5101147 0.5883805 0.5101147 0.5880104 0.5027529 0.5833736 0.5027529 0.5902265 0.507216 0.5908917 0.5120386 0.5900616 0.5120386 0.5885981 0.5091487 0.5885981 0.5027529 0.5932351 0.5027529 0.5902265 0.5168611 0.5883805 0.5168611 0.5900616 0.5120386 0.5885981 0.5091487 0.5839613 0.5101147 0.5839613 0.5027529 0.5886206 0.5159355 0.5843218 0.512447 0.5883805 0.5101147 0.5883805 0.5101147 0.5843218 0.512447 0.5833736 0.5027529 0.5870146 0.5204596 0.5802633 0.5147792 0.5843218 0.512447 0.5843218 0.512447 0.5802633 0.5147792 0.5787366 0.5027529 0.5505164 0.5383753 0.5468011 0.4616042 0.5468011 0.5383753 0.5468011 0.5383753 0.5430858 0.4616042 0.5430858 0.5383753 0.5470854 0.465943 0.5433701 0.5330999 0.5433701 0.465943 0.5473577 0.465943 0.5436424 0.5330999 0.5436424 0.465943 0.5431102 0.5383753 0.5468255 0.4616042 0.5468255 0.5383753 0.5473577 0.465943 0.551073 0.5330999 0.551073 0.465943 0.5984501 0.5120386 0.5870146 0.5168611 0.5984501 0.5168611 0.5984501 0.5120386 0.5870146 0.507216 0.5863494 0.5120386 0.5984501 0.5212155 0.5886206 0.5159355 0.5870146 0.5204596 0.5984501 0.516393 0.5902265 0.5114116 0.5886206 0.5159355 0.5984501 0.507216 0.5908917 0.5120386 0.5902265 0.507216 0.5984501 0.5168611 0.5908917 0.5120386 0.5984501 0.5120386 0.5984501 0.516393 0.5902265 0.5114116 0.5984501 0.5115705 0.5984501 0.5212155 0.5886206 0.5159355 0.5984501 0.516393 0.5863494 0.5120386 0.5802633 0.5168611 0.5870146 0.5168611 0.5839613 0.5147792 0.5885981 0.5027529 0.5839613 0.5027529 0.5863494 0.5120386 0.5802633 0.507216 0.5785821 0.5120386 0.5932351 0.5147792 0.5885981 0.5027529 0.5885981 0.5157453 0.5870146 0.5204596 0.5843218 0.512447 0.5802633 0.5147792 0.5843218 0.512447 0.5787366 0.5027529 0.5802633 0.5147792 0.5886206 0.5159355 0.5883805 0.5101147 0.5843218 0.512447 0.5883805 0.5101147 0.5833736 0.5027529 0.5843218 0.512447 0.5902265 0.507216 0.5900616 0.5120386 0.5883805 0.507216 0.5885981 0.5091487 0.5932351 0.5027529 0.5932351 0.5101147 0.5902265 0.5168611 0.5900616 0.5120386 0.5908917 0.5120386 0.5885981 0.5091487 0.5839613 0.5027529 0.5885981 0.5027529 0.5886206 0.5159355 0.5883805 0.5101147 0.5902265 0.5114116 0.5883805 0.5101147 0.5833736 0.5027529 0.5880104 0.5027529 0.5870146 0.5204596 0.5843218 0.512447 0.5886206 0.5159355 0.5843218 0.512447 0.5787366 0.5027529 0.5833736 0.5027529 0.5430858 0.5383753 0.5468011 0.4616042 0.5468011 0.5383753 0.5505409 0.5383753 0.5468255 0.4616042 0.5468255 0.5383753 0.5468255 0.5383753 0.5505409 0.4616042 0.5505409 0.5383753 0.5468011 0.5383753 0.5505164 0.4616042 0.5505164 0.5383753 0.5468255 0.5383753 0.5431102 0.4616042 0.5431102 0.5383753 0.5470854 0.465943 0.5508008 0.5330999 0.5508008 0.465943 0.5508008 0.465943 0.5470854 0.5330999 0.5470854 0.465943 0.5436424 0.465943 0.5473577 0.5330999 0.5473577 0.465943 0.5470854 0.465943 0.5433701 0.5330999 0.5470854 0.5330999 0.551073 0.465943 0.5473577 0.5330999 0.5473577 0.465943 0.5984501 0.5120386 0.5863494 0.5120386 0.5870146 0.5168611 0.5984501 0.5120386 0.5984501 0.507216 0.5870146 0.507216 0.5984501 0.5212155 0.5984501 0.516393 0.5886206 0.5159355 0.5984501 0.516393 0.5984501 0.5115705 0.5902265 0.5114116 0.5984501 0.507216 0.5984501 0.5120386 0.5908917 0.5120386 0.5984501 0.5168611 0.5902265 0.5168611 0.5908917 0.5120386 0.5984501 0.516393 0.5886206 0.5159355 0.5902265 0.5114116 0.5984501 0.5212155 0.5870146 0.5204596 0.5886206 0.5159355 0.5863494 0.5120386 0.5785821 0.5120386 0.5802633 0.5168611 0.5839613 0.5147792 0.5885981 0.5157453 0.5885981 0.5027529 0.5863494 0.5120386 0.5870146 0.507216 0.5802633 0.507216 0.5932351 0.5147792 0.5932351 0.5027529 0.5885981 0.5027529 0.5870146 0.5204596 0.5886206 0.5159355 0.5843218 0.512447 0.5843218 0.512447 0.5833736 0.5027529 0.5787366 0.5027529 0.5886206 0.5159355 0.5902265 0.5114116 0.5883805 0.5101147 0.5883805 0.5101147 0.5880104 0.5027529 0.5833736 0.5027529 0.5902265 0.507216 0.5908917 0.5120386 0.5900616 0.5120386 0.5885981 0.5091487 0.5885981 0.5027529 0.5932351 0.5027529 0.5902265 0.5168611 0.5883805 0.5168611 0.5900616 0.5120386 0.5885981 0.5091487 0.5839613 0.5101147 0.5839613 0.5027529 0.5886206 0.5159355 0.5843218 0.512447 0.5883805 0.5101147 0.5883805 0.5101147 0.5843218 0.512447 0.5833736 0.5027529 0.5870146 0.5204596 0.5802633 0.5147792 0.5843218 0.512447 0.5843218 0.512447 0.5802633 0.5147792 0.5787366 0.5027529 0.5505164 0.5383753 0.5468011 0.4616042 0.5468011 0.5383753 0.5468011 0.5383753 0.5430858 0.4616042 0.5430858 0.5383753 0.5470854 0.465943 0.5433701 0.5330999 0.5433701 0.465943 0.5473577 0.465943 0.5436424 0.5330999 0.5436424 0.465943 0.7895353 0.5340757 0.7937536 0.5302653 0.7937536 0.5340757 0.7895353 0.5302653 0.7937536 0.5302653 0.7895353 0.5302653 0.7937536 0.5340757 0.7895353 0.5340757 0.7937536 0.5340757 0.7937536 0.5302653 0.7937536 0.5340757 0.7937536 0.5302653 0.7895353 0.5340757 0.7895353 0.5302653 0.7895353 0.5340757 0.1240423 0.3883602 0.1240423 0.5457557 0.04421597 0.5394408 0.2410821 0.5457557 0.1676613 0.5457557 0.1612558 0.5394408 0.04421597 0.5394408 0.04421597 0.3946751 0.1240423 0.3883602 0.1676613 0.5457557 0.2410821 0.5457557 0.1612558 0.5394408 0.113966 0.5457557 0.113966 0.3883602 0.03413969 0.5394408 0.2410821 0.3883602 0.1676613 0.3883602 0.1612558 0.3946751 0.6547213 0.6984756 0.6528763 0.6996532 0.6062175 0.6793937 0.6528763 0.6996532 0.6062175 0.6996532 0.6062175 0.6793937 0.6713392 0.6793937 0.6713392 0.6793937 0.6547213 0.6984756 0.6062175 0.6793937 0.6062175 0.6996532 0.5595588 0.6996532 0.6062175 0.6793937 0.5595588 0.6996532 0.5577139 0.6984756 0.541096 0.6793937 0.541096 0.6793937 0.6062175 0.6793937 0.6743776 0.7406392 0.6743776 0.756605 0.6794569 0.756605 0.6743776 0.7246734 0.6743776 0.7406392 0.6794569 0.7406392 0.1579511 0.801326 0.1231055 0.801326 0.1231055 0.758742 0.6743776 0.7287476 0.6794569 0.7287476 0.6794569 0.7292 0.6536272 0.6309564 0.6641631 0.6309564 0.6641631 0.6518796 0.1988156 0.8034791 0.3606068 0.8034791 0.3606068 0.9789481 0.6390876 0.2134994 0.611855 0.2134994 0.611855 0.3250815 0.5610751 0.5694844 0.5505391 0.5694844 0.5505391 0.6893737 0.6536272 0.6309564 0.6641631 0.6309564 0.6641631 0.6518796 0.5505391 0.5694844 0.5610751 0.5694844 0.5610751 0.6893737 0.6399059 0.2134994 0.6126734 0.2134994 0.6126734 0.3250815 0.3656287 0.8034791 0.1919025 0.8034791 0.1919025 0.9789481 0.6743776 0.6976776 0.6743776 0.6976776 0.6794569 0.6976776 0.6743776 0.6976776 0.6743776 0.6976776 0.6794569 0.6976776 0.1927968 0.801326 0.1579511 0.801326 0.1579511 0.758742 0.1217277 0.758742 0.1217277 0.801326 0.1093171 0.801326 0.1941747 0.801326 0.1941747 0.758742 0.2065852 0.758742 0.679457 0.7525309 0.6743776 0.7525309 0.6743776 0.7520785 0.04440313 0.4423708 0.04440313 0.3917201 0.08496099 0.3917201 0.08496099 0.4423708 0.08496099 0.3917201 0.1255187 0.3917201 0.1255187 0.4817886 0.08496099 0.4817886 0.08496099 0.4423708 0.06263053 0.4423708 0.09610992 0.4817886 0.09610992 0.3917201 0.09610992 0.3917201 0.09610992 0.4817886 0.06263053 0.4423708 0.08496099 0.4817886 0.04440313 0.4817886 0.04440313 0.4423708 0.09610992 0.3917201 0.1073239 0.3917201 0.1073239 0.4817886 0.1255187 0.4560625 0.1255187 0.4672765 0.08496099 0.4672765 0.09610992 0.4817886 0.1073239 0.4817886 0.1073239 0.3917201 0.08496099 0.4560625 0.08496099 0.4672765 0.04440325 0.4672765 0.5884781 0.9634653 0.5884781 0.9761435 0.4970621 0.9761435 0.1264595 0.9647955 0.1264595 0.9790955 0.0100606 0.9790955 0.667324 0.4224902 0.667324 0.3428862 0.7083124 0.3428862 0.5251143 0.5895866 0.5026622 0.5802868 0.5026622 0.5802868 0.5019649 0.5924336 0.5019649 0.6650581 0.5264263 0.6573453 0.5251143 0.5895866 0.5026622 0.5802868 0.5026622 0.6678558 0.2272518 0.0125038 0.03483831 0.0125038 0.03483831 0.04059427 0.03483831 0.0125038 0.0180518 0.0125038 0.0180518 0.04059427 0.667324 0.4942876 0.667324 0.4224902 0.7083124 0.4224902 0.2081236 0.002086818 0.2081236 0.100988 0.01622825 0.100988 0.2090185 0.005640447 0.2090185 0.1016669 0.01439154 0.1016669 0.4784199 0.0125038 0.2860063 0.0125038 0.2860063 0.04059427 0.5264263 0.5924336 0.5264263 0.5726125 0.5019649 0.5726125 0 0 0 0 0 0 0.8367744 0.07038205 0.7573023 0.07038205 0.7573023 0.02460676 0.2860063 0.0125038 0.2272518 0.0125038 0.2272518 0.04059427 0.5019649 0.6650581 0.5264263 0.6573453 0.5264263 0.6573453 0.7083124 0.5020942 0.667324 0.5020942 0.667324 0.5020942 0.0180518 0.04059427 0.03483831 0.04059427 0.03483831 0.04059427 0.3642606 0.5996077 0.3510038 0.5863509 0.3516734 0.5897166 0.349364 0.605778 0.3498113 0.6035292 0.3470824 0.6008002 0.3608949 0.5989381 0.3498113 0.6035292 0.349364 0.605778 0.3448335 0.6012476 0.3470824 0.6008002 0.3516734 0.5897166 0.3498113 0.6035292 0.3608949 0.5989381 0.3516734 0.5897166 0.4970621 0.9761435 0.5884781 0.9761435 0.5884781 0.9634653 0.0100606 0.9790955 0.1264595 0.9790955 0.1264595 0.9647955 0.7083124 0.3428862 0.667324 0.3428862 0.667324 0.4224902 0.5026622 0.5802868 0.5026622 0.5802868 0.5251143 0.5895866 0.5264263 0.6573453 0.5019649 0.6650581 0.5019649 0.5924336 0.5251143 0.5895866 0.5251143 0.6678558 0.5026622 0.6678558 0.03483831 0.04059427 0.03483831 0.0125038 0.2272518 0.0125038 0.0180518 0.04059427 0.0180518 0.0125038 0.03483831 0.0125038 0.7083124 0.4224902 0.667324 0.4224902 0.667324 0.4942876 0.01622825 0.100988 0.2081236 0.100988 0.2081236 0.002086818 0.01439154 0.1016669 0.2090185 0.1016669 0.2090185 0.005640447 0.2860063 0.04059427 0.2860063 0.0125038 0.4784199 0.0125038 0.5019649 0.5726125 0.5264263 0.5726125 0.5264263 0.5924336 0.2378243 0.01131063 0.2378243 0.06722331 0.2576485 0.06722331 0.06183499 0.9577224 0.06183499 0.9794133 0.0933395 0.9794133 0.2272518 0.04059427 0.2272518 0.0125038 0.2860063 0.0125038 0.5264263 0.6573453 0.5264263 0.6573453 0.5019649 0.6650581 0.667324 0.5020942 0.667324 0.5020942 0.7083124 0.5020942 0.03483831 0.04059427 0.03483831 0.04059427 0.0180518 0.04059427 0.3516734 0.5897166 0.3510038 0.5863509 0.3642606 0.5996077 0.349364 0.605778 0.3448335 0.6012476 0.3470824 0.6008002 0.349364 0.605778 0.3498113 0.6035292 0.3608949 0.5989381 0.3448335 0.6012476 0.3510038 0.5863509 0.3516734 0.5897166 0.3470824 0.6008002 0.3516734 0.5897166 0.3608949 0.5989381 0.7083124 0.4803824 0.667324 0.4803824 0.667324 0.496313 0.0100606 0.9647955 0.1264595 0.9647955 0.1264595 0.833279 0.4970621 0.9634653 0.5884781 0.9634653 0.5884781 0.8468639 0.667324 0.496313 0.667324 0.4803824 0.7083124 0.4803824 0.1264595 0.833279 0.1264595 0.9647955 0.0100606 0.9647955 0.5884781 0.8468639 0.5884781 0.9634653 0.4970621 0.9634653 0.06183499 0.9649527 0.06183499 0.9649527 0.0933395 0.9649527 0.06183499 0.8348073 0.06183499 0.9577224 0.0933395 0.9577224 0.8634112 0.6536931 0.9106256 0.6536931 0.9106256 0.69436 0 0 0 0 0 0 0.4970621 0.9761435 0.5884781 0.9761435 0.5884781 0.9634653 0.1123736 0.9790955 0.2287724 0.9790955 0.2287724 0.9647955 0.7083124 0.3428862 0.667324 0.3428862 0.667324 0.4224902 0.5026622 0.5802868 0.5026622 0.5802868 0.5251143 0.5895866 0.5264263 0.6573453 0.5019649 0.6650581 0.5019649 0.5924336 0.5251143 0.5895866 0.5251143 0.6678558 0.5026622 0.6678558 0.03483831 0.04059427 0.03483831 0.0125038 0.2272518 0.0125038 0.0180518 0.04059427 0.0180518 0.0125038 0.03483831 0.0125038 0.7083124 0.4224902 0.667324 0.4224902 0.667324 0.4942876 0.01622825 0.100988 0.2081236 0.100988 0.2081236 0.002086818 0.01439154 0.1016669 0.2090185 0.1016669 0.2090185 0.005640447 0.2860063 0.04059427 0.2860063 0.0125038 0.4784199 0.0125038 0.5019649 0.5726125 0.5264263 0.5726125 0.5264263 0.5924336 0 0 0 0 0 0 0.7573023 0.02460676 0.7573023 0.07038205 0.8367745 0.07038205 0.2272518 0.04059427 0.2272518 0.0125038 0.2860063 0.0125038 0.5264263 0.6573453 0.5264263 0.6573453 0.5019649 0.6650581 0.667324 0.5020942 0.667324 0.5020942 0.7083124 0.5020942 0.03483831 0.04059427 0.03483831 0.04059427 0.0180518 0.04059427 0.3516734 0.5897166 0.3510038 0.5863509 0.3642606 0.5996077 0.349364 0.605778 0.3448335 0.6012476 0.3470824 0.6008002 0.349364 0.605778 0.3498113 0.6035292 0.3608949 0.5989381 0.3448335 0.6012476 0.3510038 0.5863509 0.3516734 0.5897166 0.3470824 0.6008002 0.3516734 0.5897166 0.3608949 0.5989381 0.5884781 0.9634653 0.5884781 0.9761435 0.4970621 0.9761435 0.2287724 0.9647955 0.2287724 0.9790955 0.1123736 0.9790955 0.667324 0.4224902 0.667324 0.3428862 0.7083124 0.3428862 0.5251143 0.5895866 0.5026622 0.5802868 0.5026622 0.5802868 0.5019649 0.5924336 0.5019649 0.6650581 0.5264263 0.6573453 0.5251143 0.5895866 0.5026622 0.5802868 0.5026622 0.6678558 0.2272518 0.0125038 0.03483831 0.0125038 0.03483831 0.04059427 0.03483831 0.0125038 0.0180518 0.0125038 0.0180518 0.04059427 0.667324 0.4942876 0.667324 0.4224902 0.7083124 0.4224902 0.2081236 0.002086818 0.2081236 0.100988 0.01622825 0.100988 0.2090185 0.005640447 0.2090185 0.1016669 0.01439154 0.1016669 0.4784199 0.0125038 0.2860063 0.0125038 0.2860063 0.04059427 0.5264263 0.5924336 0.5264263 0.5726125 0.5019649 0.5726125 0.2576485 0.06722331 0.2378243 0.06722331 0.2378243 0.01131063 0.0933395 0.9794133 0.06183499 0.9794133 0.06183499 0.9577224 0.2860063 0.0125038 0.2272518 0.0125038 0.2272518 0.04059427 0.5019649 0.6650581 0.5264263 0.6573453 0.5264263 0.6573453 0.7083124 0.5020942 0.667324 0.5020942 0.667324 0.5020942 0.0180518 0.04059427 0.03483831 0.04059427 0.03483831 0.04059427 0.3642606 0.5996077 0.3510038 0.5863509 0.3516734 0.5897166 0.349364 0.605778 0.3498113 0.6035292 0.3470824 0.6008002 0.3608949 0.5989381 0.3498113 0.6035292 0.349364 0.605778 0.3448335 0.6012476 0.3470824 0.6008002 0.3516734 0.5897166 0.3498113 0.6035292 0.3608949 0.5989381 0.3516734 0.5897166 0.667324 0.496313 0.667324 0.4803824 0.7083124 0.4803824 0.2287724 0.833279 0.2287724 0.9647955 0.1123736 0.9647955 0.5884781 0.8468639 0.5884781 0.9634653 0.4970621 0.9634653 0.7083124 0.4803824 0.667324 0.4803824 0.667324 0.496313 0.1123736 0.9647955 0.2287724 0.9647955 0.2287724 0.833279 0.5941796 0.9634653 0.7042512 0.9634653 0.7042512 0.8468639 0.0933395 0.9649527 0.06183499 0.9649527 0.06183499 0.9649527 0.0933395 0.9577224 0.06183499 0.9577224 0.06183499 0.8348073 0.8088726 0.6536931 0.8634112 0.6536931 0.8634112 0.69436 0 0 0 0 0 0 0 0 0 0 0 0 0 0 0 0 0 0 0.5639454 0.07845765 0.5679181 0.108676 0.5141394 0.108676 0.01239198 0.3437875 0.152224 0.3437875 0.08230799 0.3893339 0.152224 0.3437875 0.152224 0.3856791 0.08230799 0.3893339 0.152224 0.3856791 0.1466138 0.3893339 0.08230799 0.3893339 0.08230799 0.3893339 0.01800221 0.3893339 0.01239198 0.3647333 0.01800221 0.3893339 0.01239198 0.3856791 0.01239198 0.3647333 0.6216966 0.07845765 0.6216966 0.108676 0.5679181 0.108676 0.6216966 0.07845765 0.5061941 0.07845765 0.5141394 0.108676 0.4961174 0.07845765 0.5061941 0.07845765 0.5141394 0.108676 0.6216966 0.07845765 0.5061939 0.07845765 0.5141392 0.108676 0.4961174 0.07845765 0.5047559 0.108676 0.5141394 0.108676 0.6216966 0.07845765 0.6216966 0.108676 0.7292538 0.108676 0.5141394 0.108676 0.5679181 0.108676 0.5639454 0.07845765 0.152224 0.3856791 0.152224 0.3437875 0.08230799 0.3893339 0.152224 0.3437875 0.01239198 0.3437875 0.08230799 0.3893339 0.01239198 0.3647333 0.01239198 0.3856791 0.01800221 0.3893339 0.01239198 0.3437875 0.01239198 0.3647333 0.08230799 0.3893339 0.08230799 0.3893339 0.1466138 0.3893339 0.152224 0.3856791 0.5679181 0.108676 0.6216966 0.108676 0.6216966 0.07845765 0.6216966 0.07845765 0.6216966 0.108676 0.5141394 0.108676 0.4961174 0.07845765 0.5047559 0.108676 0.5141394 0.108676 0.6216966 0.07845765 0.6216966 0.108676 0.5141392 0.108676 0.5141394 0.108676 0.5047559 0.108676 0.4961174 0.07845765 0.7292538 0.108676 0.6216966 0.108676 0.6216966 0.07845765 0.9027719 0.8165525 0.9027719 0.862082 0.8684977 0.862082 0.9637713 0.8602091 0.9637713 0.7739409 0.9843581 0.7739409 0.9637713 0.8415018 0.9637713 0.7926481 0.9843581 0.7926481 0.9637713 0.7926481 0.9637713 0.8415018 0.9843581 0.8415018 0.9637713 0.7739409 0.9637713 0.8602091 0.9843581 0.8602091 0.9468984 0.8163083 0.9468984 0.8618378 0.9112601 0.8618378 0.9637713 0.8602091 0.9637713 0.7739409 0.9843581 0.7739409 0.9637713 0.8415018 0.9637713 0.7926481 0.9843581 0.7926481 0.9637713 0.7926481 0.9637713 0.8415018 0.9843581 0.8415018 0.9637713 0.7739409 0.9637713 0.8602091 0.9843581 0.8602091 0.9834537 0.2492127 0.9834537 0.306621 0.9289617 0.306621 0.9637713 0.8602091 0.9637713 0.7739409 0.9843581 0.7739409 0.9637713 0.8415018 0.9637713 0.7926481 0.9843581 0.7926481 0.9637713 0.7926481 0.9637713 0.8415018 0.9843581 0.8415018 0.9637713 0.7739409 0.9637713 0.8602091 0.9843581 0.8602091 0.4970621 0.8592957 0.497062 0.8592957 0.4970621 0.9510336 0.5119765 0.9634653 0.5119765 0.9634653 0.5735637 0.9634653 0.7235583 0.6891838 0.7235583 0.6179153 0.7766239 0.6179153 0.7235583 0.6179153 0.7322158 0.6082574 0.7766239 0.6179153 0.7322158 0.6082574 0.7679663 0.6082574 0.7766239 0.6179153 0.7766239 0.6179153 0.7766239 0.6891838 0.7235583 0.6891838 0.7766239 0.6891838 0.7679663 0.6988417 0.7235583 0.6891838 0.5884781 0.9510336 0.5884781 0.9510336 0.5884781 0.8592957 0.5735637 0.9634653 0.5884781 0.9510336 0.5884781 0.9510336 0.5735637 0.8468639 0.5884781 0.8592957 0.5884781 0.8592957 0.5119765 0.8468639 0.497062 0.8592957 0.4970621 0.8592957 0.5119765 0.9634653 0.4970621 0.9510336 0.4970621 0.9510336 0.5735637 0.8468639 0.5735637 0.8468639 0.5119765 0.8468639 0.5639454 0.07845765 0.5679181 0.108676 0.5141394 0.108676 0.8306663 0.1928952 0.7831522 0.1928952 0.8306663 0.1700437 0.7831522 0.1928952 0.7831522 0.1471922 0.8306663 0.1700437 0.7831522 0.1471922 0.7850586 0.1432049 0.8069093 0.1432049 0.8069093 0.1432049 0.82876 0.1432049 0.8306663 0.1471922 0.8069093 0.1432049 0.8306663 0.1471922 0.8306663 0.1700437 0.6216966 0.07845765 0.6216966 0.108676 0.5679181 0.108676 0.6216966 0.07845765 0.5061941 0.07845765 0.5141394 0.108676 0.5061941 0.07845765 0.5141394 0.108676 0.5047559 0.108676 0.6216966 0.07845765 0.5061939 0.07845765 0.5141392 0.108676 0.5061941 0.07845765 0.4961174 0.07845765 0.5047559 0.108676 0.6216966 0.07845765 0.6216966 0.108676 0.7292538 0.108676 0.5141394 0.108676 0.5679181 0.108676 0.5639454 0.07845765 0.7831522 0.2385982 0.7831522 0.1928952 0.8306663 0.2157467 0.7831522 0.1928952 0.8306663 0.1928952 0.8306663 0.2157467 0.8306663 0.2157467 0.8306663 0.2385982 0.8069093 0.2425854 0.8306663 0.2385982 0.82876 0.2425854 0.8069093 0.2425854 0.8069093 0.2425854 0.7850586 0.2425854 0.7831522 0.2385982 0.5679181 0.108676 0.6216966 0.108676 0.6216966 0.07845765 0.6216966 0.07845765 0.6216966 0.108676 0.5141394 0.108676 0.5047559 0.108676 0.5141394 0.108676 0.5061941 0.07845765 0.6216966 0.07845765 0.6216966 0.108676 0.5141392 0.108676 0.5061941 0.07845765 0.5141394 0.108676 0.5047559 0.108676 0.7292538 0.108676 0.6216966 0.108676 0.6216966 0.07845765 0.5639454 0.07845765 0.5679181 0.108676 0.5141394 0.108676 0.8306663 0.1928952 0.7831522 0.1928952 0.8306663 0.1700437 0.7831522 0.1928952 0.7831522 0.1471922 0.8306663 0.1700437 0.7831522 0.1471922 0.7850586 0.1432049 0.8069093 0.1432049 0.8069093 0.1432049 0.82876 0.1432049 0.8306663 0.1471922 0.8069093 0.1432049 0.8306663 0.1471922 0.8306663 0.1700437 0.6216966 0.07845765 0.6216966 0.108676 0.5679181 0.108676 0.6216966 0.07845765 0.5061941 0.07845765 0.5141394 0.108676 0.5061941 0.07845765 0.5141394 0.108676 0.5047559 0.108676 0.6216966 0.07845765 0.5061939 0.07845765 0.5141392 0.108676 0.5061941 0.07845765 0.4961174 0.07845765 0.5047559 0.108676 0.6216966 0.07845765 0.6216966 0.108676 0.7292538 0.108676 0.5141394 0.108676 0.5679181 0.108676 0.5639454 0.07845765 0.7831522 0.2385982 0.7831522 0.1928952 0.8306663 0.2157467 0.7831522 0.1928952 0.8306663 0.1928952 0.8306663 0.2157467 0.8306663 0.2157467 0.8306663 0.2385982 0.8069093 0.2425854 0.8306663 0.2385982 0.82876 0.2425854 0.8069093 0.2425854 0.8069093 0.2425854 0.7850586 0.2425854 0.7831522 0.2385982 0.5679181 0.108676 0.6216966 0.108676 0.6216966 0.07845765 0.6216966 0.07845765 0.6216966 0.108676 0.5141394 0.108676 0.5047559 0.108676 0.5141394 0.108676 0.5061941 0.07845765 0.6216966 0.07845765 0.6216966 0.108676 0.5141392 0.108676 0.5061941 0.07845765 0.5141394 0.108676 0.5047559 0.108676 0.7292538 0.108676 0.6216966 0.108676 0.6216966 0.07845765 0.6159083 0.8183869 0.6082051 0.8183869 0.6082051 0.7648293 0.6088604 0.7644867 0.6088604 0.8180444 0.6165636 0.8180444 0.6382216 0.790076 0.584664 0.790076 0.5850065 0.7927976 0.6159083 0.7927976 0.6165636 0.790076 0.6088604 0.790076 0.6088604 0.790076 0.6165636 0.790076 0.6159083 0.7927976 0.6159083 0.8183869 0.6082051 0.8183869 0.6082051 0.7648293 0.6088604 0.7644867 0.6088604 0.8180444 0.6165636 0.8180444 0.6382216 0.790076 0.584664 0.790076 0.5850065 0.7927976 0.6159083 0.7927976 0.6165636 0.790076 0.6088604 0.790076 0.6088604 0.790076 0.6165636 0.790076 0.6159083 0.7927976 0.6159083 0.8183869 0.6082051 0.8183869 0.6082051 0.7648293 0.6088604 0.7644867 0.6088604 0.8180444 0.6165636 0.8180444 0.6382216 0.790076 0.584664 0.790076 0.5850065 0.7927976 0.6159083 0.7927976 0.6165636 0.790076 0.6088604 0.790076 0.6088604 0.790076 0.6165636 0.790076 0.6159083 0.7927976 0.6159083 0.8183869 0.6082051 0.8183869 0.6082051 0.7648293 0.6088604 0.7644867 0.6088604 0.8180444 0.6165636 0.8180444 0.6382216 0.790076 0.584664 0.790076 0.5850065 0.7927976 0.6159083 0.7927976 0.6165636 0.790076 0.6088604 0.790076 0.6088604 0.790076 0.6165636 0.790076 0.6159083 0.7927976 0.6159083 0.8183869 0.6082051 0.8183869 0.6082051 0.7648293 0.6088604 0.7644867 0.6088604 0.8180444 0.6165636 0.8180444 0.6382216 0.790076 0.584664 0.790076 0.5850065 0.7927976 0.6159083 0.7927976 0.6165636 0.790076 0.6088604 0.790076 0.6088604 0.790076 0.6165636 0.790076 0.6159083 0.7927976 0.6159083 0.8183869 0.6082051 0.8183869 0.6082051 0.7648293 0.6088604 0.7644867 0.6088604 0.8180444 0.6165636 0.8180444 0.6382216 0.790076 0.584664 0.790076 0.5850065 0.7927976 0.6159083 0.7927976 0.6165636 0.790076 0.6088604 0.790076 0.6088604 0.790076 0.6165636 0.790076 0.6159083 0.7927976 0.9526062 0.8790053 0.9526063 0.9022895 0.923717 0.9022895 0.984358 0.7976663 0.9637712 0.7976663 0.9637713 0.7739409 0.9637713 0.8415018 0.9637713 0.7926481 0.9843581 0.7926481 0.9637713 0.7926481 0.9637713 0.8415018 0.9843581 0.8415018 0.9637713 0.7976664 0.9637713 0.8602091 0.9843581 0.8602091 0.9637713 0.7739409 0.9637713 0.7976664 0.9843581 0.7976663 0.9637713 0.8602091 0.9637712 0.7976663 0.984358 0.7976663 0.9526063 0.8701725 0.9526062 0.8790053 0.923717 0.8790053 0.5431102 0.5383753 0.5431102 0.4616042 0.5468255 0.4616042 0.5473577 0.465943 0.5473577 0.5330999 0.551073 0.5330999 0.5430858 0.5383753 0.5430858 0.4616042 0.5468011 0.4616042 0.5505409 0.5383753 0.5505409 0.4616042 0.5468255 0.4616042 0.5468255 0.5383753 0.5468255 0.4616042 0.5505409 0.4616042 0.5468011 0.5383753 0.5468011 0.4616042 0.5505164 0.4616042 0.5468255 0.5383753 0.5468255 0.4616042 0.5431102 0.4616042 0.5470854 0.465943 0.5470854 0.5330999 0.5508008 0.5330999 0.5508008 0.465943 0.5508008 0.5330999 0.5470854 0.5330999 0.5436424 0.465943 0.5436424 0.5330999 0.5473577 0.5330999 0.5470854 0.465943 0.5433701 0.465943 0.5433701 0.5330999 0.551073 0.465943 0.551073 0.5330999 0.5473577 0.5330999 0.5505164 0.5383753 0.5505164 0.4616042 0.5468011 0.4616042 0.5468011 0.5383753 0.5468011 0.4616042 0.5430858 0.4616042 0.5470854 0.465943 0.5470854 0.5330999 0.5433701 0.5330999 0.5473577 0.465943 0.5473577 0.5330999 0.5436424 0.5330999 0.5431102 0.5383753 0.5431102 0.4616042 0.5468255 0.4616042 0.5473577 0.465943 0.5473577 0.5330999 0.551073 0.5330999 0.5430858 0.5383753 0.5430858 0.4616042 0.5468011 0.4616042 0.5505409 0.5383753 0.5505409 0.4616042 0.5468255 0.4616042 0.5468255 0.5383753 0.5468255 0.4616042 0.5505409 0.4616042 0.5468011 0.5383753 0.5468011 0.4616042 0.5505164 0.4616042 0.5468255 0.5383753 0.5468255 0.4616042 0.5431102 0.4616042 0.5470854 0.465943 0.5470854 0.5330999 0.5508008 0.5330999 0.5508008 0.465943 0.5508008 0.5330999 0.5470854 0.5330999 0.5436424 0.465943 0.5436424 0.5330999 0.5473577 0.5330999 0.5470854 0.465943 0.5433701 0.465943 0.5433701 0.5330999 0.551073 0.465943 0.551073 0.5330999 0.5473577 0.5330999 0.5505164 0.5383753 0.5505164 0.4616042 0.5468011 0.4616042 0.5468011 0.5383753 0.5468011 0.4616042 0.5430858 0.4616042 0.5470854 0.465943 0.5470854 0.5330999 0.5433701 0.5330999 0.5473577 0.465943 0.5473577 0.5330999 0.5436424 0.5330999 0.5431102 0.5383753 0.5431102 0.4616042 0.5468255 0.4616042 0.5473577 0.465943 0.5473577 0.5330999 0.551073 0.5330999 0.5430858 0.5383753 0.5430858 0.4616042 0.5468011 0.4616042 0.5505409 0.5383753 0.5505409 0.4616042 0.5468255 0.4616042 0.5468255 0.5383753 0.5468255 0.4616042 0.5505409 0.4616042 0.5468011 0.5383753 0.5468011 0.4616042 0.5505164 0.4616042 0.5468255 0.5383753 0.5468255 0.4616042 0.5431102 0.4616042 0.5470854 0.465943 0.5470854 0.5330999 0.5508008 0.5330999 0.5508008 0.465943 0.5508008 0.5330999 0.5470854 0.5330999 0.5436424 0.465943 0.5436424 0.5330999 0.5473577 0.5330999 0.5470854 0.465943 0.5433701 0.465943 0.5433701 0.5330999 0.551073 0.465943 0.551073 0.5330999 0.5473577 0.5330999 0.5505164 0.5383753 0.5505164 0.4616042 0.5468011 0.4616042 0.5468011 0.5383753 0.5468011 0.4616042 0.5430858 0.4616042 0.5470854 0.465943 0.5470854 0.5330999 0.5433701 0.5330999 0.5473577 0.465943 0.5473577 0.5330999 0.5436424 0.5330999 0.7895353 0.5340757 0.7895353 0.5302653 0.7937536 0.5302653 0.7895353 0.5302653 0.7937536 0.5302653 0.7937536 0.5302653 0.7937536 0.5340757 0.7895353 0.5340757 0.7895353 0.5340757 0.7937536 0.5302653 0.7937536 0.5340757 0.7937536 0.5340757 0.7895353 0.5340757 0.7895353 0.5302653 0.7895353 0.5302653 0.5639454 0.07845765 0.5141394 0.108676 0.5061941 0.07845765 0.7804113 0.143501 0.8001422 0.1395137 0.819873 0.1663525 0.6216966 0.07845765 0.5679181 0.108676 0.5639454 0.07845765 0.6216966 0.07845765 0.5141394 0.108676 0.6216966 0.108676 0.5061941 0.07845765 0.5047559 0.108676 0.4961174 0.07845765 0.6216966 0.07845765 0.5141392 0.108676 0.6216966 0.108676 0.5061941 0.07845765 0.5047559 0.108676 0.5141394 0.108676 0.6216966 0.07845765 0.7292538 0.108676 0.7371991 0.07845765 0.5141394 0.108676 0.5639454 0.07845765 0.5061941 0.07845765 0.819873 0.2120555 0.8001422 0.2388942 0.7804113 0.234907 0.5679181 0.108676 0.6216966 0.07845765 0.5639454 0.07845765 0.6216966 0.07845765 0.5141394 0.108676 0.5061941 0.07845765 0.5047559 0.108676 0.5061941 0.07845765 0.4961174 0.07845765 0.6216966 0.07845765 0.5141392 0.108676 0.5061939 0.07845765 0.5061941 0.07845765 0.5047559 0.108676 0.4961174 0.07845765 0.7292538 0.108676 0.6216966 0.07845765 0.7371991 0.07845765 0.5639454 0.07845765 0.5679181 0.108676 0.5141394 0.108676 0.819873 0.189204 0.7804113 0.189204 0.819873 0.1663525 0.7804113 0.189204 0.7804113 0.143501 0.819873 0.1663525 0.7804113 0.143501 0.7819946 0.1395137 0.8001422 0.1395137 0.8001422 0.1395137 0.8182897 0.1395137 0.819873 0.143501 0.8001422 0.1395137 0.819873 0.143501 0.819873 0.1663525 0.6216966 0.07845765 0.6216966 0.108676 0.5679181 0.108676 0.6216966 0.07845765 0.5061941 0.07845765 0.5141394 0.108676 0.5061941 0.07845765 0.5141394 0.108676 0.5047559 0.108676 0.6216966 0.07845765 0.5061939 0.07845765 0.5141392 0.108676 0.5061941 0.07845765 0.4961174 0.07845765 0.5047559 0.108676 0.6216966 0.07845765 0.6216966 0.108676 0.7292538 0.108676 0.5141394 0.108676 0.5679181 0.108676 0.5639454 0.07845765 0.7804113 0.234907 0.7804113 0.189204 0.819873 0.2120555 0.7804113 0.189204 0.819873 0.189204 0.819873 0.2120555 0.819873 0.2120555 0.819873 0.234907 0.8001422 0.2388942 0.819873 0.234907 0.8182897 0.2388942 0.8001422 0.2388942 0.8001422 0.2388942 0.7819946 0.2388942 0.7804113 0.234907 0.5679181 0.108676 0.6216966 0.108676 0.6216966 0.07845765 0.6216966 0.07845765 0.6216966 0.108676 0.5141394 0.108676 0.5047559 0.108676 0.5141394 0.108676 0.5061941 0.07845765 0.6216966 0.07845765 0.6216966 0.108676 0.5141392 0.108676 0.5061941 0.07845765 0.5141394 0.108676 0.5047559 0.108676 0.7292538 0.108676 0.6216966 0.108676 0.6216966 0.07845765 0.5431102 0.5383753 0.5468255 0.4616042 0.5468255 0.5383753 0.5473577 0.465943 0.551073 0.5330999 0.551073 0.465943 0.5984501 0.5120386 0.5870146 0.5168611 0.5984501 0.5168611 0.5984501 0.5120386 0.5870146 0.507216 0.5863494 0.5120386 0.5984501 0.5212155 0.5886206 0.5159355 0.5870146 0.5204596 0.5984501 0.516393 0.5902265 0.5114116 0.5886206 0.5159355 0.5984501 0.507216 0.5908917 0.5120386 0.5902265 0.507216 0.5984501 0.5168611 0.5908917 0.5120386 0.5984501 0.5120386 0.5984501 0.516393 0.5902265 0.5114116 0.5984501 0.5115705 0.5984501 0.5212155 0.5886206 0.5159355 0.5984501 0.516393 0.5863494 0.5120386 0.5802633 0.5168611 0.5870146 0.5168611 0.5839613 0.5147792 0.5885981 0.5027529 0.5839613 0.5027529 0.5863494 0.5120386 0.5802633 0.507216 0.5785821 0.5120386 0.5932351 0.5147792 0.5885981 0.5027529 0.5885981 0.5157453 0.5870146 0.5204596 0.5843218 0.512447 0.5802633 0.5147792 0.5843218 0.512447 0.5787366 0.5027529 0.5802633 0.5147792 0.5886206 0.5159355 0.5883805 0.5101147 0.5843218 0.512447 0.5883805 0.5101147 0.5833736 0.5027529 0.5843218 0.512447 0.5902265 0.507216 0.5900616 0.5120386 0.5883805 0.507216 0.5885981 0.5091487 0.5932351 0.5027529 0.5932351 0.5101147 0.5902265 0.5168611 0.5900616 0.5120386 0.5908917 0.5120386 0.5885981 0.5091487 0.5839613 0.5027529 0.5885981 0.5027529 0.5886206 0.5159355 0.5883805 0.5101147 0.5902265 0.5114116 0.5883805 0.5101147 0.5833736 0.5027529 0.5880104 0.5027529 0.5870146 0.5204596 0.5843218 0.512447 0.5886206 0.5159355 0.5843218 0.512447 0.5787366 0.5027529 0.5833736 0.5027529 0.5430858 0.5383753 0.5468011 0.4616042 0.5468011 0.5383753 0.5505409 0.5383753 0.5468255 0.4616042 0.5468255 0.5383753 0.5468255 0.5383753 0.5505409 0.4616042 0.5505409 0.5383753 0.5468011 0.5383753 0.5505164 0.4616042 0.5505164 0.5383753 0.5468255 0.5383753 0.5431102 0.4616042 0.5431102 0.5383753 0.5470854 0.465943 0.5508008 0.5330999 0.5508008 0.465943 0.5508008 0.465943 0.5470854 0.5330999 0.5470854 0.465943 0.5436424 0.465943 0.5473577 0.5330999 0.5473577 0.465943 0.5470854 0.465943 0.5433701 0.5330999 0.5470854 0.5330999 0.551073 0.465943 0.5473577 0.5330999 0.5473577 0.465943 0.5984501 0.5120386 0.5863494 0.5120386 0.5870146 0.5168611 0.5984501 0.5120386 0.5984501 0.507216 0.5870146 0.507216 0.5984501 0.5212155 0.5984501 0.516393 0.5886206 0.5159355 0.5984501 0.516393 0.5984501 0.5115705 0.5902265 0.5114116 0.5984501 0.507216 0.5984501 0.5120386 0.5908917 0.5120386 0.5984501 0.5168611 0.5902265 0.5168611 0.5908917 0.5120386 0.5984501 0.516393 0.5886206 0.5159355 0.5902265 0.5114116 0.5984501 0.5212155 0.5870146 0.5204596 0.5886206 0.5159355 0.5863494 0.5120386 0.5785821 0.5120386 0.5802633 0.5168611 0.5839613 0.5147792 0.5885981 0.5157453 0.5885981 0.5027529 0.5863494 0.5120386 0.5870146 0.507216 0.5802633 0.507216 0.5932351 0.5147792 0.5932351 0.5027529 0.5885981 0.5027529 0.5870146 0.5204596 0.5886206 0.5159355 0.5843218 0.512447 0.5843218 0.512447 0.5833736 0.5027529 0.5787366 0.5027529 0.5886206 0.5159355 0.5902265 0.5114116 0.5883805 0.5101147 0.5883805 0.5101147 0.5880104 0.5027529 0.5833736 0.5027529 0.5902265 0.507216 0.5908917 0.5120386 0.5900616 0.5120386 0.5885981 0.5091487 0.5885981 0.5027529 0.5932351 0.5027529 0.5902265 0.5168611 0.5883805 0.5168611 0.5900616 0.5120386 0.5885981 0.5091487 0.5839613 0.5101147 0.5839613 0.5027529 0.5886206 0.5159355 0.5843218 0.512447 0.5883805 0.5101147 0.5883805 0.5101147 0.5843218 0.512447 0.5833736 0.5027529 0.5870146 0.5204596 0.5802633 0.5147792 0.5843218 0.512447 0.5843218 0.512447 0.5802633 0.5147792 0.5787366 0.5027529 0.5505164 0.5383753 0.5468011 0.4616042 0.5468011 0.5383753 0.5468011 0.5383753 0.5430858 0.4616042 0.5430858 0.5383753 0.5470854 0.465943 0.5433701 0.5330999 0.5433701 0.465943 0.5473577 0.465943 0.5436424 0.5330999 0.5436424 0.465943 0.5431102 0.5383753 0.5468255 0.4616042 0.5468255 0.5383753 0.5473577 0.465943 0.551073 0.5330999 0.551073 0.465943 0.5984501 0.5120386 0.5870146 0.5168611 0.5984501 0.5168611 0.5984501 0.5120386 0.5870146 0.507216 0.5863494 0.5120386 0.5984501 0.5212155 0.5886206 0.5159355 0.5870146 0.5204596 0.5984501 0.516393 0.5902265 0.5114116 0.5886206 0.5159355 0.5984501 0.507216 0.5908917 0.5120386 0.5902265 0.507216 0.5984501 0.5168611 0.5908917 0.5120386 0.5984501 0.5120386 0.5984501 0.516393 0.5902265 0.5114116 0.5984501 0.5115705 0.5984501 0.5212155 0.5886206 0.5159355 0.5984501 0.516393 0.5863494 0.5120386 0.5802633 0.5168611 0.5870146 0.5168611 0.5839613 0.5147792 0.5885981 0.5027529 0.5839613 0.5027529 0.5863494 0.5120386 0.5802633 0.507216 0.5785821 0.5120386 0.5932351 0.5147792 0.5885981 0.5027529 0.5885981 0.5157453 0.5870146 0.5204596 0.5843218 0.512447 0.5802633 0.5147792 0.5843218 0.512447 0.5787366 0.5027529 0.5802633 0.5147792 0.5886206 0.5159355 0.5883805 0.5101147 0.5843218 0.512447 0.5883805 0.5101147 0.5833736 0.5027529 0.5843218 0.512447 0.5902265 0.507216 0.5900616 0.5120386 0.5883805 0.507216 0.5885981 0.5091487 0.5932351 0.5027529 0.5932351 0.5101147 0.5902265 0.5168611 0.5900616 0.5120386 0.5908917 0.5120386 0.5885981 0.5091487 0.5839613 0.5027529 0.5885981 0.5027529 0.5886206 0.5159355 0.5883805 0.5101147 0.5902265 0.5114116 0.5883805 0.5101147 0.5833736 0.5027529 0.5880104 0.5027529 0.5870146 0.5204596 0.5843218 0.512447 0.5886206 0.5159355 0.5843218 0.512447 0.5787366 0.5027529 0.5833736 0.5027529 0.5430858 0.5383753 0.5468011 0.4616042 0.5468011 0.5383753 0.5505409 0.5383753 0.5468255 0.4616042 0.5468255 0.5383753 0.5468255 0.5383753 0.5505409 0.4616042 0.5505409 0.5383753 0.5468011 0.5383753 0.5505164 0.4616042 0.5505164 0.5383753 0.5468255 0.5383753 0.5431102 0.4616042 0.5431102 0.5383753 0.5470854 0.465943 0.5508008 0.5330999 0.5508008 0.465943 0.5508008 0.465943 0.5470854 0.5330999 0.5470854 0.465943 0.5436424 0.465943 0.5473577 0.5330999 0.5473577 0.465943 0.5470854 0.465943 0.5433701 0.5330999 0.5470854 0.5330999 0.551073 0.465943 0.5473577 0.5330999 0.5473577 0.465943 0.5984501 0.5120386 0.5863494 0.5120386 0.5870146 0.5168611 0.5984501 0.5120386 0.5984501 0.507216 0.5870146 0.507216 0.5984501 0.5212155 0.5984501 0.516393 0.5886206 0.5159355 0.5984501 0.516393 0.5984501 0.5115705 0.5902265 0.5114116 0.5984501 0.507216 0.5984501 0.5120386 0.5908917 0.5120386 0.5984501 0.5168611 0.5902265 0.5168611 0.5908917 0.5120386 0.5984501 0.516393 0.5886206 0.5159355 0.5902265 0.5114116 0.5984501 0.5212155 0.5870146 0.5204596 0.5886206 0.5159355 0.5863494 0.5120386 0.5785821 0.5120386 0.5802633 0.5168611 0.5839613 0.5147792 0.5885981 0.5157453 0.5885981 0.5027529 0.5863494 0.5120386 0.5870146 0.507216 0.5802633 0.507216 0.5932351 0.5147792 0.5932351 0.5027529 0.5885981 0.5027529 0.5870146 0.5204596 0.5886206 0.5159355 0.5843218 0.512447 0.5843218 0.512447 0.5833736 0.5027529 0.5787366 0.5027529 0.5886206 0.5159355 0.5902265 0.5114116 0.5883805 0.5101147 0.5883805 0.5101147 0.5880104 0.5027529 0.5833736 0.5027529 0.5902265 0.507216 0.5908917 0.5120386 0.5900616 0.5120386 0.5885981 0.5091487 0.5885981 0.5027529 0.5932351 0.5027529 0.5902265 0.5168611 0.5883805 0.5168611 0.5900616 0.5120386 0.5885981 0.5091487 0.5839613 0.5101147 0.5839613 0.5027529 0.5886206 0.5159355 0.5843218 0.512447 0.5883805 0.5101147 0.5883805 0.5101147 0.5843218 0.512447 0.5833736 0.5027529 0.5870146 0.5204596 0.5802633 0.5147792 0.5843218 0.512447 0.5843218 0.512447 0.5802633 0.5147792 0.5787366 0.5027529 0.5505164 0.5383753 0.5468011 0.4616042 0.5468011 0.5383753 0.5468011 0.5383753 0.5430858 0.4616042 0.5430858 0.5383753 0.5470854 0.465943 0.5433701 0.5330999 0.5433701 0.465943 0.5473577 0.465943 0.5436424 0.5330999 0.5436424 0.465943 0.5431102 0.5383753 0.5468255 0.4616042 0.5468255 0.5383753 0.5473577 0.465943 0.551073 0.5330999 0.551073 0.465943 0.5984501 0.5120386 0.5870146 0.5168611 0.5984501 0.5168611 0.5984501 0.5120386 0.5870146 0.507216 0.5863494 0.5120386 0.5984501 0.5212155 0.5886206 0.5159355 0.5870146 0.5204596 0.5984501 0.516393 0.5902265 0.5114116 0.5886206 0.5159355 0.5984501 0.507216 0.5908917 0.5120386 0.5902265 0.507216 0.5984501 0.5168611 0.5908917 0.5120386 0.5984501 0.5120386 0.5984501 0.516393 0.5902265 0.5114116 0.5984501 0.5115705 0.5984501 0.5212155 0.5886206 0.5159355 0.5984501 0.516393 0.5863494 0.5120386 0.5802633 0.5168611 0.5870146 0.5168611 0.5839613 0.5147792 0.5885981 0.5027529 0.5839613 0.5027529 0.5863494 0.5120386 0.5802633 0.507216 0.5785821 0.5120386 0.5932351 0.5147792 0.5885981 0.5027529 0.5885981 0.5157453 0.5870146 0.5204596 0.5843218 0.512447 0.5802633 0.5147792 0.5843218 0.512447 0.5787366 0.5027529 0.5802633 0.5147792 0.5886206 0.5159355 0.5883805 0.5101147 0.5843218 0.512447 0.5883805 0.5101147 0.5833736 0.5027529 0.5843218 0.512447 0.5902265 0.507216 0.5900616 0.5120386 0.5883805 0.507216 0.5885981 0.5091487 0.5932351 0.5027529 0.5932351 0.5101147 0.5902265 0.5168611 0.5900616 0.5120386 0.5908917 0.5120386 0.5885981 0.5091487 0.5839613 0.5027529 0.5885981 0.5027529 0.5886206 0.5159355 0.5883805 0.5101147 0.5902265 0.5114116 0.5883805 0.5101147 0.5833736 0.5027529 0.5880104 0.5027529 0.5870146 0.5204596 0.5843218 0.512447 0.5886206 0.5159355 0.5843218 0.512447 0.5787366 0.5027529 0.5833736 0.5027529 0.5430858 0.5383753 0.5468011 0.4616042 0.5468011 0.5383753 0.5505409 0.5383753 0.5468255 0.4616042 0.5468255 0.5383753 0.5468255 0.5383753 0.5505409 0.4616042 0.5505409 0.5383753 0.5468011 0.5383753 0.5505164 0.4616042 0.5505164 0.5383753 0.5468255 0.5383753 0.5431102 0.4616042 0.5431102 0.5383753 0.5470854 0.465943 0.5508008 0.5330999 0.5508008 0.465943 0.5508008 0.465943 0.5470854 0.5330999 0.5470854 0.465943 0.5436424 0.465943 0.5473577 0.5330999 0.5473577 0.465943 0.5470854 0.465943 0.5433701 0.5330999 0.5470854 0.5330999 0.551073 0.465943 0.5473577 0.5330999 0.5473577 0.465943 0.5984501 0.5120386 0.5863494 0.5120386 0.5870146 0.5168611 0.5984501 0.5120386 0.5984501 0.507216 0.5870146 0.507216 0.5984501 0.5212155 0.5984501 0.516393 0.5886206 0.5159355 0.5984501 0.516393 0.5984501 0.5115705 0.5902265 0.5114116 0.5984501 0.507216 0.5984501 0.5120386 0.5908917 0.5120386 0.5984501 0.5168611 0.5902265 0.5168611 0.5908917 0.5120386 0.5984501 0.516393 0.5886206 0.5159355 0.5902265 0.5114116 0.5984501 0.5212155 0.5870146 0.5204596 0.5886206 0.5159355 0.5863494 0.5120386 0.5785821 0.5120386 0.5802633 0.5168611 0.5839613 0.5147792 0.5885981 0.5157453 0.5885981 0.5027529 0.5863494 0.5120386 0.5870146 0.507216 0.5802633 0.507216 0.5932351 0.5147792 0.5932351 0.5027529 0.5885981 0.5027529 0.5870146 0.5204596 0.5886206 0.5159355 0.5843218 0.512447 0.5843218 0.512447 0.5833736 0.5027529 0.5787366 0.5027529 0.5886206 0.5159355 0.5902265 0.5114116 0.5883805 0.5101147 0.5883805 0.5101147 0.5880104 0.5027529 0.5833736 0.5027529 0.5902265 0.507216 0.5908917 0.5120386 0.5900616 0.5120386 0.5885981 0.5091487 0.5885981 0.5027529 0.5932351 0.5027529 0.5902265 0.5168611 0.5883805 0.5168611 0.5900616 0.5120386 0.5885981 0.5091487 0.5839613 0.5101147 0.5839613 0.5027529 0.5886206 0.5159355 0.5843218 0.512447 0.5883805 0.5101147 0.5883805 0.5101147 0.5843218 0.512447 0.5833736 0.5027529 0.5870146 0.5204596 0.5802633 0.5147792 0.5843218 0.512447 0.5843218 0.512447 0.5802633 0.5147792 0.5787366 0.5027529 0.5505164 0.5383753 0.5468011 0.4616042 0.5468011 0.5383753 0.5468011 0.5383753 0.5430858 0.4616042 0.5430858 0.5383753 0.5470854 0.465943 0.5433701 0.5330999 0.5433701 0.465943 0.5473577 0.465943 0.5436424 0.5330999 0.5436424 0.465943 0.5431102 0.5383753 0.5431102 0.4616042 0.5468255 0.4616042 0.5473577 0.465943 0.5473577 0.5330999 0.551073 0.5330999 0.5430858 0.5383753 0.5430858 0.4616042 0.5468011 0.4616042 0.5505409 0.5383753 0.5505409 0.4616042 0.5468255 0.4616042 0.5468255 0.5383753 0.5468255 0.4616042 0.5505409 0.4616042 0.5468011 0.5383753 0.5468011 0.4616042 0.5505164 0.4616042 0.5468255 0.5383753 0.5468255 0.4616042 0.5431102 0.4616042 0.5470854 0.465943 0.5470854 0.5330999 0.5508008 0.5330999 0.5508008 0.465943 0.5508008 0.5330999 0.5470854 0.5330999 0.5436424 0.465943 0.5436424 0.5330999 0.5473577 0.5330999 0.5470854 0.465943 0.5433701 0.465943 0.5433701 0.5330999 0.551073 0.465943 0.551073 0.5330999 0.5473577 0.5330999 0.5505164 0.5383753 0.5505164 0.4616042 0.5468011 0.4616042 0.5468011 0.5383753 0.5468011 0.4616042 0.5430858 0.4616042 0.5470854 0.465943 0.5470854 0.5330999 0.5433701 0.5330999 0.5473577 0.465943 0.5473577 0.5330999 0.5436424 0.5330999 0.5431102 0.5383753 0.5431102 0.4616042 0.5468255 0.4616042 0.5473577 0.465943 0.5473577 0.5330999 0.551073 0.5330999 0.5430858 0.5383753 0.5430858 0.4616042 0.5468011 0.4616042 0.5505409 0.5383753 0.5505409 0.4616042 0.5468255 0.4616042 0.5468255 0.5383753 0.5468255 0.4616042 0.5505409 0.4616042 0.5468011 0.5383753 0.5468011 0.4616042 0.5505164 0.4616042 0.5468255 0.5383753 0.5468255 0.4616042 0.5431102 0.4616042 0.5470854 0.465943 0.5470854 0.5330999 0.5508008 0.5330999 0.5508008 0.465943 0.5508008 0.5330999 0.5470854 0.5330999 0.5436424 0.465943 0.5436424 0.5330999 0.5473577 0.5330999 0.5470854 0.465943 0.5433701 0.465943 0.5433701 0.5330999 0.551073 0.465943 0.551073 0.5330999 0.5473577 0.5330999 0.5505164 0.5383753 0.5505164 0.4616042 0.5468011 0.4616042 0.5468011 0.5383753 0.5468011 0.4616042 0.5430858 0.4616042 0.5470854 0.465943 0.5470854 0.5330999 0.5433701 0.5330999 0.5473577 0.465943 0.5473577 0.5330999 0.5436424 0.5330999 0.5431102 0.5383753 0.5431102 0.4616042 0.5468255 0.4616042 0.5473577 0.465943 0.5473577 0.5330999 0.551073 0.5330999 0.5430858 0.5383753 0.5430858 0.4616042 0.5468011 0.4616042 0.5505409 0.5383753 0.5505409 0.4616042 0.5468255 0.4616042 0.5468255 0.5383753 0.5468255 0.4616042 0.5505409 0.4616042 0.5468011 0.5383753 0.5468011 0.4616042 0.5505164 0.4616042 0.5468255 0.5383753 0.5468255 0.4616042 0.5431102 0.4616042 0.5470854 0.465943 0.5470854 0.5330999 0.5508008 0.5330999 0.5508008 0.465943 0.5508008 0.5330999 0.5470854 0.5330999 0.5436424 0.465943 0.5436424 0.5330999 0.5473577 0.5330999 0.5470854 0.465943 0.5433701 0.465943 0.5433701 0.5330999 0.551073 0.465943 0.551073 0.5330999 0.5473577 0.5330999 0.5505164 0.5383753 0.5505164 0.4616042 0.5468011 0.4616042 0.5468011 0.5383753 0.5468011 0.4616042 0.5430858 0.4616042 0.5470854 0.465943 0.5470854 0.5330999 0.5433701 0.5330999 0.5473577 0.465943 0.5473577 0.5330999 0.5436424 0.5330999 0.8367744 0.06704038 0.7573023 0.07210737 0.7573023 0.06704038 0.8367745 0.04650312 0.8458667 0.07210737 0.8367744 0.06704038 0.8367745 0.04650312 0.7573023 0.04143619 0.8458667 0.04143619 0.8367745 0.06704038 0.7573023 0.07210737 0.8458667 0.07210737 0.8367745 0.04650312 0.7573023 0.04143619 0.7573023 0.04650312 0.8367745 0.06704038 0.8458667 0.04143619 0.8367745 0.04650312 0.6390876 0.2134994 0.611855 0.3250815 0.6390876 0.3250815 0.6399059 0.2134994 0.6126734 0.3250815 0.6399059 0.3250815 0.6390876 0.2134994 0.611855 0.2134994 0.611855 0.3250815 0.6399059 0.2134994 0.6126734 0.2134994 0.6126734 0.3250815 0.7584338 0.06998318 0.7584338 0.04265755 0.8469216 0.04265755 0.7557744 0.06998318 0.7557744 0.04265755 0.8442623 0.04265755 0.7584338 0.06998318 0.8469216 0.04265755 0.8469216 0.06998318 0.7557744 0.06998318 0.8442623 0.04265755 0.8442623 0.06998318 0.6126734 0.2134994 0.6126734 0.3250815 0.6126734 0.2134994 0.611855 0.2134994 0.611855 0.3250815 0.611855 0.2134994 0.6390876 0.2134994 0.611855 0.2134994 0.6390876 0.2134994 0.6399059 0.3250815 0.6399059 0.2134994 0.6399059 0.3250815 0.6126734 0.3250815 0.6399059 0.3250815 0.6126734 0.3250815 0.6390876 0.3250815 0.6390876 0.2134994 0.6390876 0.3250815 0.611855 0.3250815 0.6390876 0.3250815 0.611855 0.3250815 0.6399059 0.2134994 0.6126734 0.2134994 0.6399059 0.2134994 0.7797722 0.6082183 0.7232972 0.6981608 0.7232972 0.6082183 0 0 0 0 0 0 0 0 0 0 0 0 0 0 0 0 0 0 0 0 0 0 0 0 0.7797722 0.6082183 0.7797722 0.6981608 0.7232972 0.6981608 0 0 0 0 0 0 0 0 0 0 0 0 0 0 0 0 0 0 0 0 0 0 0 0 0.7797722 0.6082183 0.7232972 0.6082183 0.7232972 0.6981608 0 0 0 0 0 0 0 0 0 0 0 0 0 0 0 0 0 0 0 0 0 0 0 0 0.7797722 0.6082183 0.7232972 0.6981608 0.7797722 0.6981608 0 0 0 0 0 0 0 0 0 0 0 0 0 0 0 0 0 0 0 0 0 0 0 0 0.8367744 0.06704038 0.8458667 0.07210737 0.7573023 0.07210737 0.8367745 0.04650312 0.8458667 0.04143619 0.8458667 0.07210737 0.8367745 0.04650312 0.7573023 0.04650312 0.7573023 0.04143619 0.8367745 0.06704038 0.7573023 0.06704038 0.7573023 0.07210737 0.8367745 0.04650312 0.8458667 0.04143619 0.7573023 0.04143619 0.8367745 0.06704038 0.8458667 0.07210737 0.8458667 0.04143619 0.6126734 0.2134994 0.6126734 0.3250815 0.6126734 0.3250815 0.611855 0.2134994 0.611855 0.3250815 0.611855 0.3250815 0.6390876 0.2134994 0.611855 0.2134994 0.611855 0.2134994 0.6399059 0.3250815 0.6399059 0.2134994 0.6399059 0.2134994 0.6126734 0.3250815 0.6399059 0.3250815 0.6399059 0.3250815 0.6390876 0.3250815 0.6390876 0.2134994 0.6390876 0.2134994 0.611855 0.3250815 0.6390876 0.3250815 0.6390876 0.3250815 0.6399059 0.2134994 0.6126734 0.2134994 0.6126734 0.2134994</float_array>
          <technique_common>
            <accessor source="#Cubo_007-mesh-map-0-array" count="3426" stride="2">
              <param name="S" type="float"/>
              <param name="T" type="float"/>
            </accessor>
          </technique_common>
        </source>
        <source id="Cubo_007-mesh-map-1">
          <float_array id="Cubo_007-mesh-map-1-array" count="6852">0 0 0 0 0 0 0 0 0 0 0 0 0 0 0 0 0 0 0 0 0 0 0 0 0 0 0 0 0 0 0 0 0 0 0 0 0 0 0 0 0 0 0 0 0 0 0 0 0 0 0 0 0 0 0 0 0 0 0 0 0 0 0 0 0 0 0 0 0 0 0 0 0 0 0 0 0 0 0 0 0 0 0 0 0 0 0 0 0 0 0 0 0 0 0 0 0 0 0 0 0 0 0 0 0 0 0 0 0 0 0 0 0 0 0 0 0 0 0 0 0 0 0 0 0 0 0 0 0 0 0 0 0.479458 0.07192063 0.2444498 0.008357882 0.2444498 0.07278728 0.2444498 0.07278728 0.009441673 0.008357882 0.009441673 0.07192063 0.1544697 0.3881195 0.08489185 0.3153504 0.1544697 0.3153504 0.479458 0.07192063 0.479458 0.008357882 0.479458 0.008357882 0.009441673 0.008357882 0.009441673 0.07192063 0.009441673 0.008357882 0.08489185 0.3881195 0.01531386 0.3153504 0.08489185 0.3153504 0.009441673 0.008357882 0.009441673 0.07192063 0.009441673 0.07192063 0.1544697 0.3881195 0.08489185 0.3881195 0.08489185 0.3881195 0.479458 0.07192063 0.479458 0.008357882 0.479458 0.008357882 0.08489185 0.3881195 0.01531386 0.3881195 0.01531386 0.3881195 0 0 0 0 0 0 0 0 0 0 0 0 0 0 0 0 0 0 0 0 0 0 0 0 0 0 0 0 0 0 0 0 0 0 0 0 0 0 0 0 0 0 0 0 0 0 0 0 0 0 0 0 0 0 0 0 0 0 0 0 0 0 0 0 0 0 0 0 0 0 0 0 0 0 0 0 0 0 0 0 0 0 0 0 0 0 0 0 0 0 0 0 0 0 0 0 0 0 0 0 0 0 0 0 0 0 0 0 0 0 0 0 0 0 0 0 0 0 0 0 0 0 0 0 0 0 0 0 0 0 0 0 0 0 0 0 0 0 0 0 0 0 0 0 0 0 0 0 0 0 0 0 0 0 0 0 0 0 0 0 0 0 0 0 0 0 0 0 0 0 0 0 0 0 0 0 0 0 0 0 0 0 0 0 0 0 0 0 0 0 0 0 0 0 0 0 0 0 0 0 0 0 0 0 0 0 0 0 0 0 0 0 0 0 0 0 0 0 0 0 0 0 0 0 0 0 0 0 0 0 0 0 0 0 0 0 0 0 0 0 0 0 0 0 0 0 0 0 0 0 0 0 0 0 0 0 0 0 0 0 0 0 0 0 0 0 0 0 0 0 0 0 0 0 0 0 0 0 0 0 0 0 0 0 0 0 0 0 0 0 0 0 0 0 0 0 0 0 0 0 0 0 0 0 0 0 0 0 0 0 0 0 0 0 0 0 0 0 0 0 0 0 0 0 0 0 0 0 0 0 0 0 0 0 0 0 0 0 0 0 0 0 0 0 0 0 0 0 0 0 0 0 0 0 0 0 0 0 0 0 0 0 0 0 0 0 0 0 0 0 0 0 0 0 0 0 0 0 0 0 0 0 0 0 0 0 0 0 0 0 0 0 0 0 0 0 0 0 0 0 0 0 0 0 0 0 0 0 0 0 0 0 0 0 0 0 0 0 0 0 0 0 0 0 0 0 0 0 0 0 0 0 0 0 0 0 0 0 0 0 0 0 0 0 0 0 0 0 0 0 0 0 0 0 0 0 0 0 0 0 0 0 0 0 0 0 0 0 0 0 0 0 0 0 0 0 0 0 0 0 0 0 0 0 0 0 0 0 0 0 0 0 0 0 0 0 0 0 0 0 0 0 0 0 0 0 0 0 0 0 0 0 0 0 0 0 0 0 0 0 0 0 0 0 0 0 0 0 0 0 0 0 0 0 0 0 0 0 0 0 0 0 0 0 0 0 0 0 0 0 0 0 0 0 0 0 0 0 0 0 0 0 0 0 0 0 0 0 0 0 0 0 0 0 0 0 0 0 0 0 0 0 0 0 0 0 0 0 0 0 0 0 0 0 0 0 0 0 0 0 0 0 0 0 0 0 0 0 0 0 0 0 0 0 0 0 0 0 0 0 0 0 0 0 0 0 0 0 0 0 0 0 0 0 0 0 0 0 0 0 0 0 0 0 0 0 0 0 0 0 0 0 0 0 0 0 0 0 0 0 0 0 0 0 0 0 0 0 0 0 0 0 0 0 0 0 0 0 0 0 0 0 0 0 0 0 0 0 0 0 0 0 0 0 0 0 0 0 0 0 0 0 0 0 0 0 0 0 0 0 0 0 0 0 0 0 0 0 0 0 0 0 0 0 0 0 0 0 0 0 0 0 0 0 0 0 0 0 0 0 0 0 0 0 0 0 0 0 0 0 0 0 0 0 0 0 0 0 0 0 0 0 0 0 0 0 0 0 0 0 0 0 0 0 0 0 0 0 0 0 0 0 0 0 0 0 0 0 0 0 0 0 0 0 0 0 0 0 0 0 0 0 0 0 0 0 0 0 0 0 0 0 0 0 0 0 0 0 0 0 0 0 0 0 0 0 0 0 0 0 0 0 0 0 0 0 0 0 0 0 0 0 0 0 0 0 0 0 0 0 0 0 0 0 0 0 0 0 0 0 0 0 0 0 0 0 0 0 0 0 0 0 0 0 0 0 0 0 0 0 0 0 0 0 0 0 0 0 0 0 0 0 0 0 0 0 0 0 0 0 0 0 0 0 0 0 0 0 0 0 0 0 0 0 0 0 0 0 0 0 0 0 0 0 0 0 0 0 0 0 0 0 0 0 0 0 0 0 0 0 0 0 0 0 0 0 0 0 0 0 0 0 0 0 0 0 0 0 0 0 0 0 0 0 0 0 0 0 0 0 0 0 0 0 0 0 0 0 0 0 0 0 0 0 0 0 0 0 0 0 0 0 0 0 0 0 0 0 0 0 0 0 0 0 0 0 0 0 0 0 0 0 0 0 0 0 0 0 0 0 0 0 0 0 0 0 0 0 0 0 0 0 0 0 0 0 0 0 0 0 0 0 0 0 0 0 0 0 0 0 0 0 0 0 0 0 0 0 0 0 0 0 0 0 0 0 0 0 0 0 0 0 0 0 0 0 0 0 0 0 0 0 0 0 0 0 0 0 0 0 0 0 0 0 0 0 0 0 0 0 0 0 0 0 0 0 0 0 0 0 0 0 0 0 0 0 0 0 0 0 0 0 0 0 0 0 0 0 0 0 0 0 0 0 0 0 0 0 0 0 0 0 0 0 0 0 0 0 0 0 0 0 0 0 0 0 0 0 0 0 0 0 0 0 0 0 0 0 0 0 0 0 0 0 0 0 0 0 0 0 0 0 0 0 0 0 0 0 0 0 0 0 0 0 0 0 0 0 0 0 0 0 0 0 0 0 0 0 0 0 0 0 0 0 0 0 0 0 0 0 0 0 0 0 0 0 0 0 0 0 0 0 0 0 0 0 0 0 0 0 0 0 0 0 0 0 0 0 0 0 0 0 0 0 0 0 0 0 0 0 0 0 0 0 0 0 0 0 0 0 0 0 0 0 0 0 0 0 0 0 0 0 0 0 0 0 0 0 0 0 0 0 0 0 0 0 0 0 0 0 0 0 0 0 0 0 0 0 0 0 0 0 0 0 0 0 0 0 0 0 0 0 0 0 0 0 0 0 0 0 0 0 0 0 0 0 0 0 0 0 0 0 0 0 0 0 0 0 0 0 0 0 0 0 0 0 0 0 0 0 0 0 0 0 0 0 0 0 0 0 0 0 0 0 0 0 0 0 0 0 0 0 0 0 0 0 0 0 0 0 0 0 0 0 0 0 0 0 0 0 0 0 0 0 0 0 0 0 0 0 0 0 0 0 0 0 0 0 0 0 0 0 0 0 0 0 0 0 0 0 0 0 0 0 0 0 0 0 0 0 0 0 0 0 0 0 0 0 0 0 0 0 0 0 0 0 0 0 0 0 0 0 0 0 0 0 0 0 0 0 0 0 0 0 0 0 0 0 0 0 0 0 0 0 0 0 0 0 0 0 0 0 0 0 0 0 0 0 0 0 0 0 0 0 0 0 0 0 0 0 0 0 0 0 0 0 0 0 0 0 0 0 0 0 0 0 0 0 0 0 0 0 0 0 0 0 0 0 0 0 0 0 0 0 0 0 0 0 0 0 0 0 0 0 0 0 0 0 0 0 0 0 0 0 0 0 0 0 0 0 0 0 0 0 0 0 0 0 0 0 0 0 0 0 0 0 0 0 0 0 0 0 0 0 0 0 0 0 0 0 0 0 0 0 0 0 0 0 0 0 0 0 0 0 0 0 0 0 0 0 0 0 0 0 0 0 0 0 0 0 0 0 0 0 0 0 0 0 0 0 0 0 0 0 0 0 0 0 0 0 0 0 0 0 0 0 0 0 0 0 0 0 0 0 0 0 0 0 0 0 0 0 0 0 0 0 0 0 0 0 0 0 0 0 0 0 0 0 0 0 0 0 0 0 0 0 0 0 0 0 0 0 0 0 0 0 0 0 0 0 0 0 0 0 0 0 0 0 0 0 0 0 0 0 0 0 0 0 0 0 0 0 0 0 0 0 0 0 0 0 0 0 0 0 0 0 0 0 0 0 0 0 0 0 0 0 0 0 0 0 0 0 0 0 0 0 0 0 0 0 0 0 0 0 0 0 0 0 0 0 0 0 0 0 0 0 0 0 0 0 0 0 0 0 0 0 0 0 0 0 0 0 0 0 0 0 0 0 0 0 0 0 0 0 0 0 0 0 0 0 0 0 0 0 0 0 0 0 0 0 0 0 0 0 0 0 0 0 0 0 0 0 0 0 0 0 0 0 0 0 0 0 0 0 0 0 0 0 0 0 0 0 0 0 0 0 0 0 0 0 0 0 0 0 0 0 0 0 0 0 0 0 0 0 0 0 0 0 0 0 0 0 0 0 0 0 0 0 0 0 0 0 0 0 0 0 0 0 0 0 0 0 0 0 0 0 0 0 0 0 0 0 0 0 0 0 0 0 0 0 0 0 0 0 0 0 0 0 0 0 0 0 0 0 0 0 0 0 0 0 0 0 0 0 0 0 0 0 0 0 0 0 0 0 0 0 0 0 0 0 0 0 0 0 0 0 0 0 0 0 0 0 0 0 0 0 0 0 0 0 0 0 0 0 0 0 0 0 0 0 0 0 0 0 0 0 0 0 0 0 0 0 0 0 0 0 0 0 0 0 0 0 0 0 0 0 0 0 0 0 0 0 0 0 0 0 0 0 0 0 0 0 0 0 0 0 0 0 0 0 0 0 0 0 0 0 0 0 0 0 0 0 0 0 0 0 0 0 0 0 0 0 0 0 0 0 0 0 0 0 0 0 0 0 0 0 0 0 0 0 0 0 0 0 0 0 0 0 0 0 0 0 0 0 0 0 0 0 0 0 0 0 0 0 0 0 0 0 0 0 0 0 0 0 0 0 0 0 0 0 0 0 0 0 0 0 0 0 0 0 0 0 0 0 0 0 0 0 0 0 0 0 0 0 0 0 0 0 0 0 0 0 0 0 0 0 0 0 0 0 0 0 0 0 0 0 0 0 0 0 0 0 0 0 0 0 0 0 0 0 0 0 0 0 0 0 0 0 0 0 0 0 0 0 0 0 0 0 0 0 0 0 0 0 0 0 0 0 0 0 0 0 0 0 0 0 0 0 0 0 0 0 0 0 0 0 0 0 0 0 0 0 0 0 0 0 0 0 0 0 0 0 0 0 0 0 0 0 0 0 0 0 0 0 0 0 0 0 0 0 0 0 0 0 0 0 0 0 0 0 0 0 0 0 0 0 0 0 0 0 0 0 0 0 0 0 0 0 0 0 0 0 0 0 0 0 0 0 0 0 0 0 0 0 0 0 0 0 0 0 0 0 0 0 0 0 0 0 0 0 0 0 0 0 0 0 0 0 0 0 0 0 0 0 0 0 0 0 0 0 0 0 0 0 0 0 0 0 0 0 0 0 0 0 0 0 0 0 0 0 0 0 0 0 0 0 0 0 0 0 0 0 0 0 0 0 0 0 0 0 0 0 0 0 0 0 0 0 0 0 0 0 0 0 0 0 0 0 0 0 0 0 0 0 0 0 0 0 0 0 0 0 0 0 0 0 0 0 0 0 0 0 0 0 0 0 0 0 0 0 0 0 0 0 0 0 0 0 0 0 0 0 0 0 0 0 0 0 0 0 0 0 0 0 0 0 0 0 0 0 0 0 0 0 0 0 0 0 0 0 0 0 0 0 0 0 0 0 0 0 0 0 0 0 0 0 0 0 0 0 0 0 0 0 0 0 0 0 0 0 0 0 0 0 0 0 0 0 0 0 0 0 0 0 0 0 0 0 0 0 0 0 0 0 0 0 0 0 0 0 0 0 0 0 0 0 0 0 0 0 0 0 0 0 0 0 0 0 0 0 0 0 0 0 0 0 0 0 0 0 0 0 0 0 0 0 0 0 0 0 0 0 0 0 0 0 0 0 0 0 0 0 0 0 0 0 0 0 0 0 0 0 0 0 0 0 0 0 0 0 0 0 0 0 0 0 0 0 0 0 0 0 0 0 0 0 0 0 0 0 0 0 0 0 0 0 0 0 0 0 0 0 0 0 0 0 0 0 0 0 0 0 0 0 0 0 0 0 0 0 0 0 0 0 0 0 0 0 0 0 0 0 0 0 0 0 0 0 0 0 0 0 0 0 0 0 0 0 0 0 0 0 0 0 0 0 0 0 0 0 0 0 0 0 0 0 0 0 0 0 0 0 0 0 0 0 0 0 0 0 0 0 0 0 0 0 0 0 0 0 0.479458 0.07192063 0.479458 0.008357882 0.2444498 0.008357882 0.2444498 0.07278728 0.2444498 0.008357882 0.009441673 0.008357882 0.1544697 0.3881195 0.08489185 0.3881195 0.08489185 0.3153504 0.479458 0.07192063 0.479458 0.07192063 0.479458 0.008357882 0.009441673 0.008357882 0.009441673 0.07192063 0.009441673 0.07192063 0.08489185 0.3881195 0.01531386 0.3881195 0.01531386 0.3153504 0.009441673 0.008357882 0.009441673 0.008357882 0.009441673 0.07192063 0.1544697 0.3881195 0.1544697 0.3881195 0.08489185 0.3881195 0.479458 0.07192063 0.479458 0.07192063 0.479458 0.008357882 0.08489185 0.3881195 0.08489185 0.3881195 0.01531386 0.3881195 0 0 0 0 0 0 0 0 0 0 0 0 0 0 0 0 0 0 0 0 0 0 0 0 0 0 0 0 0 0 0 0 0 0 0 0 0 0 0 0 0 0 0 0 0 0 0 0 0 0 0 0 0 0 0 0 0 0 0 0 0 0 0 0 0 0 0 0 0 0 0 0 0 0 0 0 0 0 0 0 0 0 0 0 0 0 0 0 0 0 0 0 0 0 0 0 0 0 0 0 0 0 0 0 0 0 0 0 0 0 0 0 0 0 0 0 0 0 0 0 0 0 0 0 0 0 0 0 0 0 0 0 0 0 0 0 0 0 0 0 0 0 0 0 0 0 0 0 0 0 0 0 0 0 0 0 0 0 0 0 0 0 0 0 0 0 0 0 0 0 0 0 0 0 0 0 0 0 0 0 0 0 0 0 0 0 0 0 0 0 0 0 0 0 0 0 0 0 0 0 0 0 0 0 0 0 0 0 0 0 0 0 0 0 0 0 0 0 0 0 0 0 0 0 0 0 0 0 0 0 0 0 0 0 0 0 0 0 0 0 0 0 0 0 0 0 0 0 0 0 0 0 0 0 0 0 0 0 0 0 0 0 0 0 0 0 0 0 0 0 0 0 0 0 0 0 0 0 0 0 0 0 0 0 0 0 0 0 0 0 0 0 0 0 0 0 0 0 0 0 0 0 0 0 0 0 0 0 0 0 0 0 0 0 0 0 0 0 0 0 0 0 0 0 0 0 0 0 0 0 0 0 0 0 0 0 0 0 0 0 0 0 0 0 0 0 0 0 0 0 0 0 0 0 0 0 0 0 0 0 0 0 0 0 0 0 0 0 0 0 0 0 0 0 0 0 0 0 0 0 0 0 0 0 0 0 0 0 0 0 0 0 0 0 0 0 0 0 0 0 0 0 0 0 0 0 0 0 0 0 0 0 0 0 0 0 0 0 0 0 0 0 0 0 0 0 0 0 0 0 0 0 0 0 0 0 0 0 0 0 0 0 0 0 0 0 0 0 0 0 0 0 0 0 0 0 0 0 0 0 0 0 0 0 0 0 0 0 0 0 0 0 0 0 0 0 0 0 0 0 0 0 0 0 0 0 0 0 0 0 0 0 0 0 0 0 0 0 0 0 0 0 0 0 0 0 0 0 0 0 0 0 0 0 0 0 0 0 0 0 0 0 0 0 0 0 0 0 0 0 0 0 0 0 0 0 0 0 0 0 0 0 0 0 0 0 0 0 0 0 0 0 0 0 0 0 0 0 0 0 0 0 0 0 0 0 0 0 0 0 0 0 0 0 0 0 0 0 0 0 0 0 0 0 0 0 0 0 0 0 0 0 0 0 0 0 0 0 0 0 0 0 0 0 0 0 0 0 0 0 0 0 0 0 0 0 0 0 0 0 0 0 0 0 0 0 0 0 0 0 0 0 0 0 0 0 0 0 0 0 0 0 0 0 0 0 0 0 0 0 0 0 0 0 0 0 0 0 0 0 0 0 0 0 0 0 0 0 0 0 0 0 0 0 0 0 0 0 0 0 0 0 0 0 0 0 0 0 0 0 0 0 0 0 0 0 0 0 0 0 0 0 0 0 0 0 0 0 0 0 0 0 0 0 0 0 0 0 0 0 0 0 0 0 0 0 0 0 0 0 0 0 0 0 0 0 0 0 0 0 0 0 0 0 0 0 0 0 0 0 0 0 0 0 0 0 0 0 0 0 0 0 0 0 0 0 0 0 0 0 0 0 0 0 0 0 0 0 0 0 0 0 0 0 0 0 0 0 0 0 0 0 0 0 0 0 0 0 0 0 0 0 0 0 0 0 0 0 0 0 0 0 0 0 0 0 0 0 0 0 0 0 0 0 0 0 0 0 0 0 0 0 0 0 0 0 0 0 0 0 0 0 0 0 0 0 0 0 0 0 0 0 0 0 0 0 0 0 0 0 0 0 0 0 0 0 0 0 0 0 0 0 0 0 0 0 0 0 0 0 0 0 0 0 0 0 0 0 0 0 0 0 0 0 0 0 0 0 0 0 0 0 0 0 0 0 0 0 0 0 0 0 0 0 0 0 0 0 0 0 0 0 0 0 0 0 0 0 0 0 0 0 0 0 0 0 0 0 0 0 0 0 0 0 0 0 0 0 0 0 0 0 0 0 0 0 0 0 0 0 0 0 0 0 0 0 0 0 0 0 0 0 0 0 0 0 0 0 0 0 0 0 0 0 0 0 0 0 0 0 0 0 0 0 0 0 0 0 0 0 0 0 0 0 0 0 0 0 0 0 0 0 0 0 0 0 0 0 0 0 0 0 0 0 0 0 0 0 0 0 0 0 0 0 0 0 0 0 0 0 0 0 0 0 0 0 0 0 0 0 0 0 0 0 0 0 0 0 0 0 0 0 0 0 0 0 0 0 0 0 0 0 0 0 0 0 0 0 0 0 0 0 0 0 0 0 0 0 0 0 0 0 0 0 0 0 0 0 0 0 0 0 0 0 0 0 0 0 0 0 0 0 0 0 0 0 0 0 0 0 0 0 0 0 0 0 0 0 0 0 0 0 0 0 0 0 0 0 0 0 0 0 0 0 0 0 0 0 0 0 0 0 0 0 0 0 0 0 0 0 0 0 0 0 0 0 0 0 0 0 0 0 0 0 0 0 0 0 0 0 0 0 0 0 0 0 0 0 0 0 0 0 0 0 0 0 0 0 0 0 0 0 0 0 0 0 0 0 0 0 0 0 0 0 0 0 0 0 0 0 0 0 0 0 0 0 0 0 0 0 0 0 0 0 0 0 0 0 0 0 0 0 0 0 0 0 0 0 0 0 0 0 0 0 0 0 0 0 0 0 0 0 0 0 0 0 0 0 0 0 0 0 0 0 0 0 0 0 0 0 0 0 0 0 0 0 0 0 0 0 0 0 0 0 0 0 0 0 0 0 0 0 0 0 0 0 0 0 0 0 0 0 0 0 0 0 0 0 0 0 0 0 0 0 0 0 0 0 0 0 0 0 0 0 0 0 0 0 0 0 0 0 0 0 0 0 0 0 0 0 0 0 0 0 0 0 0 0 0 0 0 0 0 0 0 0 0 0 0 0 0 0 0 0 0 0 0 0 0 0 0 0 0 0 0 0 0 0 0 0 0 0 0 0 0 0 0 0 0 0 0 0 0 0 0 0 0 0 0 0 0 0 0 0 0 0 0 0 0 0 0 0 0 0 0 0 0 0 0 0 0 0 0 0 0 0 0 0 0 0 0 0 0 0 0 0 0 0 0 0 0 0 0 0 0 0 0 0 0 0 0 0 0 0 0 0 0 0 0 0 0 0 0 0 0 0 0 0 0 0 0 0 0 0 0 0 0 0 0 0 0 0 0 0 0 0 0 0 0 0 0 0 0 0 0 0 0 0 0 0 0 0 0 0 0 0 0 0 0 0 0 0 0 0 0 0 0 0 0 0 0 0 0 0 0 0 0 0 0 0 0 0 0 0 0 0 0 0 0 0 0 0 0 0 0 0 0 0 0 0 0 0 0 0 0 0 0 0 0 0 0 0 0 0 0 0 0 0 0 0 0 0 0 0 0 0 0 0 0 0 0 0 0 0 0 0 0 0 0 0 0 0 0 0 0 0 0 0 0 0 0 0 0 0 0 0 0 0 0 0 0 0 0 0 0 0 0 0 0 0 0 0 0 0 0 0 0 0 0 0 0 0 0 0 0 0 0 0 0 0 0 0 0 0 0 0 0 0 0 0 0 0 0 0 0 0 0 0 0 0 0 0 0 0 0 0 0 0 0 0 0 0 0 0 0 0 0 0 0 0 0 0 0 0 0 0 0 0 0 0 0 0 0 0 0 0 0 0 0 0 0 0 0 0 0 0 0 0 0 0 0 0 0 0 0 0 0 0 0 0 0 0 0 0 0 0 0 0 0 0 0 0 0 0 0 0 0 0 0 0 0 0 0 0 0 0 0 0 0 0 0 0 0 0 0 0 0 0 0 0 0 0 0 0 0 0 0 0 0 0 0 0 0 0 0 0 0 0 0 0 0 0 0 0 0 0 0 0 0 0 0 0 0 0 0 0 0 0 0 0 0 0 0 0 0 0 0 0 0 0 0 0 0 0 0 0 0 0 0 0 0 0 0 0 0 0 0 0 0 0 0 0 0 0 0 0 0 0 0 0 0 0 0 0 0 0 0 0 0 0 0 0 0 0 0 0 0 0 0 0 0 0 0 0 0 0 0 0 0 0 0 0 0 0 0 0 0 0 0 0 0 0 0 0 0 0 0 0 0 0 0 0 0 0 0 0 0 0 0 0 0 0 0 0 0 0 0 0 0 0 0 0 0 0 0 0 0 0 0 0 0 0 0 0 0 0 0 0 0 0 0 0 0 0 0 0 0 0 0 0 0 0 0 0 0 0 0 0 0 0 0 0 0 0 0 0 0 0 0 0 0 0 0 0 0 0 0 0 0 0 0 0 0 0 0 0 0 0 0 0 0 0 0 0 0 0 0 0 0 0 0 0 0 0 0 0 0 0 0 0 0 0 0 0 0 0 0 0 0 0 0 0 0 0 0 0 0 0 0 0 0 0 0 0 0 0 0 0 0 0 0 0 0 0 0 0 0 0 0 0 0 0 0 0 0 0 0 0 0 0 0 0 0 0 0 0 0 0 0 0 0 0 0 0 0 0 0 0 0 0 0 0 0 0 0 0 0 0 0 0 0 0 0 0 0 0 0 0 0 0 0 0 0 0 0 0 0 0 0 0 0 0 0 0 0 0 0 0 0 0 0 0 0 0 0 0 0 0 0 0 0 0 0 0 0 0 0 0 0 0 0 0 0 0 0 0 0 0 0 0 0 0 0 0 0 0 0 0 0 0 0 0 0 0 0 0 0 0 0 0 0 0 0 0 0 0 0 0 0 0 0 0 0 0 0 0 0 0 0 0 0 0 0 0 0 0 0 0 0 0 0 0 0 0 0 0 0 0 0 0 0 0 0 0 0 0 0 0 0 0 0 0 0 0 0 0 0 0 0 0 0 0 0 0 0 0 0 0 0 0 0 0 0 0 0 0 0 0 0 0 0 0 0 0 0 0 0 0 0 0 0 0 0 0 0 0 0 0 0 0 0 0 0 0 0 0 0 0 0 0 0 0 0 0 0 0 0 0 0 0 0 0 0 0 0 0 0 0 0 0 0 0 0 0 0 0 0 0 0 0 0 0 0 0 0 0 0 0 0 0 0 0 0 0 0 0 0 0 0 0 0 0 0 0 0 0 0 0 0 0 0 0 0 0 0 0 0 0 0 0 0 0 0 0 0 0 0 0 0 0 0 0 0 0 0 0 0 0 0 0 0 0 0 0 0 0 0 0 0 0 0 0 0 0 0 0 0 0 0 0 0 0 0 0 0 0 0 0 0 0 0 0 0 0 0 0 0 0 0 0 0 0 0 0 0 0 0 0 0 0 0 0 0 0 0 0 0 0 0 0 0 0 0 0 0 0 0 0 0 0 0 0 0 0 0 0 0 0 0 0 0 0 0 0 0 0 0 0 0 0 0 0 0 0 0 0 0 0 0 0 0 0 0 0 0 0 0 0 0 0 0 0 0 0 0 0 0 0 0 0 0 0 0 0 0 0 0 0 0 0 0 0 0 0 0 0 0 0 0 0 0 0 0 0 0 0 0 0 0 0 0 0 0 0 0 0 0 0 0 0 0 0 0 0 0 0 0 0 0 0 0 0 0 0 0 0 0 0 0 0 0 0 0 0 0 0 0 0 0 0 0 0 0 0 0 0 0 0 0 0 0 0 0 0 0 0 0 0 0 0 0 0 0 0 0 0 0 0 0 0 0 0 0 0 0 0 0 0 0 0 0 0 0 0 0 0 0 0 0 0 0 0 0 0 0 0 0 0 0 0 0 0 0 0 0 0 0 0 0 0 0 0 0 0 0 0 0 0 0 0 0 0 0 0 0 0 0 0 0 0 0 0 0 0 0 0 0 0 0 0 0 0 0 0 0 0 0 0 0 0 0 0 0 0 0 0 0 0 0 0 0 0 0 0 0 0 0 0 0 0 0 0 0 0 0 0 0 0 0 0 0 0 0 0 0 0 0 0 0 0 0 0 0 0 0 0 0 0 0 0 0 0 0 0 0 0 0 0 0 0 0 0 0 0 0 0 0 0 0 0 0 0 0 0 0 0 0 0 0 0 0 0 0 0 0 0 0 0 0 0 0 0 0 0 0 0 0 0 0 0 0 0 0 0 0 0 0 0 0 0 0 0 0 0 0 0 0 0 0 0 0 0 0 0 0 0 0 0 0 0 0 0 0 0 0 0 0 0 0 0 0 0 0 0 0 0 0 0 0 0 0 0 0 0 0 0 0 0 0 0 0 0 0 0 0 0 0 0 0 0 0 0 0 0 0 0 0 0 0 0 0 0 0 0 0 0 0 0 0 0 0 0 0 0 0 0 0 0 0 0 0 0 0 0 0 0 0 0 0 0 0 0 0 0 0 0 0 0 0 0 0 0 0 0 0 0 0 0 0 0 0 0 0 0 0 0 0 0 0 0 0 0 0 0 0 0 0 0 0 0 0 0 0 0 0 0 0 0 0 0 0 0 0 0 0 0 0 0 0 0 0 0 0 0 0 0 0 0 0 0 0 0 0 0 0 0 0 0 0 0 0 0 0 0 0 0 0 0 0 0 0 0 0 0 0 0 0 0 0 0 0 0 0 0 0 0 0 0 0 0 0 0 0 0 0 0 0 0 0 0 0 0 0 0 0 0 0 0 0 0 0 0 0 0 0 0 0 0 0 0 0 0 0 0 0 0 0 0 0 0 0 0 0 0 0 0 0 0 0 0 0 0 0 0 0 0 0 0 0 0 0 0 0 0 0 0 0 0 0 0 0 0 0 0 0 0 0 0 0 0 0 0 0 0 0 0 0 0 0 0 0 0 0 0 0 0 0 0 0 0 0 0 0 0 0 0 0 0 0 0 0 0 0 0 0 0 0 0 0 0 0 0 0 0 0 0 0 0 0 0 0 0 0 0 0 0 0 0 0 0 0 0 0 0 0 0 0 0 0 0 0 0 0 0 0 0 0 0 0 0 0 0 0 0 0 0 0 0 0 0 0 0 0 0 0 0 0 0 0 0 0 0 0 0 0 0 0 0 0 0 0 0 0 0 0 0 0 0 0 0 0 0 0 0 0 0 0 0 0 0 0 0 0 0 0 0 0 0 0 0 0 0 0 0 0 0 0 0 0 0 0 0 0 0 0 0 0 0 0 0 0 0 0 0 0 0 0 0 0 0 0 0 0 0 0 0 0 0 0 0 0 0 0 0 0 0 0 0 0 0 0 0 0 0 0 0 0 0 0 0 0 0 0 0 0 0 0 0 0 0 0 0 0 0 0 0 0 0 0 0 0 0 0 0 0 0 0 0 0 0 0 0 0 0 0 0 0 0 0 0 0 0 0 0 0 0 0 0 0 0 0 0 0 0 0 0 0 0 0 0 0 0 0 0 0 0 0 0 0 0 0 0 0 0 0 0 0 0 0 0 0 0 0 0 0 0 0 0 0 0 0 0 0 0 0 0 0 0 0 0 0 0 0 0 0 0 0 0 0 0 0 0 0 0 0 0 0 0 0 0 0 0 0 0 0 0 0 0 0 0 0 0 0 0 0 0 0 0 0 0 0 0 0 0 0 0 0 0 0 0 0 0 0 0 0 0 0 0 0 0 0 0 0 0 0 0 0 0 0 0 0 0 0 0 0 0 0 0 0 0 0 0 0 0 0 0 0 0 0 0 0 0 0 0 0 0 0 0 0 0 0 0 0 0 0 0 0 0 0 0 0 0 0 0 0 0 0 0 0 0 0 0 0 0 0 0 0 0 0 0 0 0 0 0 0 0 0 0 0 0 0 0 0 0 0 0 0 0 0 0 0 0 0 0 0 0 0 0 0 0 0 0 0 0 0 0 0 0 0 0 0 0 0 0 0 0 0 0 0 0 0 0 0 0 0 0 0 0 0 0 0 0 0 0 0 0 0 0 0 0 0 0 0 0 0 0 0 0 0 0 0 0 0 0 0 0 0 0 0 0 0 0 0 0 0 0 0 0 0 0 0 0 0 0 0 0 0 0 0 0 0 0 0 0 0 0 0 0 0 0 0 0 0 0 0 0 0 0 0 0 0 0 0 0 0 0 0 0 0 0 0 0 0 0 0 0 0 0 0 0 0 0 0 0 0 0 0 0 0 0 0 0 0 0 0 0 0.5893405 0.8440769 0.7041323 0.9773099 0.7041323 0.8440769 0.5208602 0.9619362 0.5448347 0.974706 0.5208602 0.974706 0.5216844 0.8470069 0.5456591 0.974706 0.5216844 0.974706 0.5208602 0.9491662 0.5448347 0.9619362 0.5208602 0.9619362 0.5452467 0.974706 0.5212722 0.8470069 0.5452467 0.8470069 0.5893405 0.8440769 0.5893405 0.9773099 0.7041323 0.9773099 0.5208602 0.9619362 0.5448349 0.9619362 0.5448347 0.974706 0.5216844 0.8470069 0.5456591 0.8470069 0.5456591 0.974706 0.5208602 0.9491662 0.5448347 0.9491662 0.5448347 0.9619362 0.5452467 0.974706 0.5212722 0.974706 0.5212722 0.8470069 0.5893405 0.8440769 0.7041323 0.8440769 0.7041323 0.9773099 0.5208602 0.9619362 0.5208602 0.974706 0.5448347 0.974706 0.5216844 0.8470069 0.5216844 0.974706 0.5456591 0.974706 0.5208602 0.9491662 0.5208602 0.9619362 0.5448347 0.9619362 0.5452467 0.974706 0.5452467 0.8470069 0.5212722 0.8470069 0.5893405 0.8440769 0.7041323 0.9773099 0.5893405 0.9773099 0.5208602 0.9619362 0.5448347 0.974706 0.5448349 0.9619362 0.5216844 0.8470069 0.5456591 0.974706 0.5456591 0.8470069 0.5208602 0.9491662 0.5448347 0.9619362 0.5448347 0.9491662 0.5452467 0.974706 0.5212722 0.8470069 0.5212722 0.974706 0 0 0 0 0 0 0 0 0 0 0 0 0 0 0 0 0 0 0 0 0 0 0 0 0 0 0 0 0 0 0 0 0 0 0 0 0 0 0 0 0 0 0 0 0 0 0 0 0 0 0 0 0 0 0 0 0 0 0 0 0 0 0 0 0 0 0 0 0 0 0 0 0 0 0 0 0 0 0 0 0 0 0 0</float_array>
          <technique_common>
            <accessor source="#Cubo_007-mesh-map-1-array" count="3426" stride="2">
              <param name="S" type="float"/>
              <param name="T" type="float"/>
            </accessor>
          </technique_common>
        </source>
        <vertices id="Cubo_007-mesh-vertices">
          <input semantic="POSITION" source="#Cubo_007-mesh-positions"/>
        </vertices>
        <triangles material="Material_001-material" count="1142">
          <input semantic="VERTEX" source="#Cubo_007-mesh-vertices" offset="0"/>
          <input semantic="NORMAL" source="#Cubo_007-mesh-normals" offset="1"/>
          <input semantic="TEXCOORD" source="#Cubo_007-mesh-map-0" offset="2" set="0"/>
          <input semantic="TEXCOORD" source="#Cubo_007-mesh-map-1" offset="2" set="1"/>
          <p>3 0 0 2 0 1 1 0 2 7 1 3 8 1 4 1 1 5 12 2 6 38 2 7 11 2 8 11 3 9 41 3 10 40 3 11 15 4 12 12 4 13 11 4 14 17 4 15 11 4 16 13 4 17 14 1 18 35 1 19 10 1 20 44 5 21 35 5 22 37 5 23 19 1 24 20 1 25 18 1 26 22 6 27 21 6 28 19 6 29 23 7 30 19 7 31 18 7 32 24 8 33 18 8 34 20 8 35 27 1 36 28 1 37 26 1 38 30 6 39 29 6 40 27 6 41 31 7 42 27 7 43 26 7 44 32 8 45 26 8 46 28 8 47 45 1 48 13 1 49 40 1 50 16 1 51 39 1 52 12 1 53 36 1 54 10 1 55 34 1 56 41 9 57 45 9 58 40 9 59 43 10 60 39 10 61 42 10 62 38 11 63 36 11 64 34 11 65 46 7 66 51 7 67 50 7 68 50 7 69 49 7 70 48 7 71 54 12 72 50 12 73 48 12 74 46 8 75 53 8 76 47 8 77 55 6 78 48 6 79 49 6 80 56 13 81 46 13 82 50 13 83 55 6 84 59 6 85 54 6 86 54 1 87 61 1 88 56 1 89 52 14 90 58 14 91 53 14 92 56 1 93 57 1 94 52 1 95 133 6 96 78 6 97 134 6 98 132 7 99 87 7 100 135 7 101 85 15 102 74 15 103 84 15 104 102 16 105 78 16 106 75 16 107 87 1 108 76 1 109 88 1 110 75 17 111 72 17 112 79 17 113 80 8 114 75 8 115 79 8 116 82 18 117 76 18 118 75 18 119 132 19 120 84 19 121 134 19 122 73 7 123 90 7 124 86 7 125 71 6 126 84 6 127 74 6 128 81 20 129 88 20 130 76 20 131 93 1 132 734 1 133 92 1 134 62 1 135 222 1 136 166 1 137 736 7 138 737 7 139 735 7 140 94 20 141 64 20 142 93 20 143 96 21 144 76 21 145 77 21 146 99 22 147 77 22 148 78 22 149 101 23 150 75 23 151 76 23 152 96 24 153 98 24 154 97 24 155 101 25 156 103 25 157 102 25 158 97 26 159 101 26 160 96 26 161 102 27 162 98 27 163 99 27 164 100 1 165 98 1 166 103 1 167 109 6 168 133 6 169 137 6 170 115 20 171 136 20 172 138 20 173 105 28 174 113 28 175 112 28 176 109 29 177 130 29 178 106 29 179 107 1 180 115 1 181 116 1 182 106 1 183 72 1 184 109 1 185 106 8 186 80 8 187 79 8 188 107 30 189 111 30 190 106 30 191 112 31 192 136 31 193 137 31 194 118 20 195 104 20 196 114 20 197 112 6 198 71 6 199 105 6 200 116 7 201 110 7 202 107 7 203 67 1 204 121 1 205 120 1 206 66 20 207 123 20 208 119 20 209 141 20 210 120 20 211 142 20 212 68 7 213 122 7 214 121 7 215 107 32 216 124 32 217 108 32 218 108 33 219 127 33 220 109 33 221 106 34 222 129 34 223 107 34 224 126 35 225 124 35 226 125 35 227 129 36 228 131 36 229 128 36 230 129 37 231 125 37 232 124 37 233 130 38 234 126 38 235 131 38 236 131 1 237 125 1 238 128 1 239 137 39 240 108 39 241 109 39 242 138 20 243 113 20 244 118 20 245 137 6 246 83 6 247 112 6 248 77 40 249 134 40 250 78 40 251 85 7 252 135 7 253 90 7 254 83 6 255 134 6 256 84 6 257 139 4 258 144 4 259 140 4 260 70 20 261 142 20 262 123 20 263 223 7 264 140 7 265 139 7 266 140 8 267 145 8 268 95 8 269 153 8 270 208 8 271 209 8 272 162 7 273 207 7 274 210 7 275 149 41 276 160 41 277 159 41 278 153 42 279 177 42 280 150 42 281 151 1 282 162 1 283 163 1 284 150 43 285 147 43 286 153 43 287 150 6 288 155 6 289 154 6 290 151 44 291 157 44 292 150 44 293 159 45 294 207 45 295 209 45 296 165 7 297 148 7 298 161 7 299 159 8 300 146 8 301 149 8 302 163 20 303 156 20 304 151 20 305 734 1 306 168 1 307 167 1 308 95 8 309 220 8 310 91 8 311 737 7 312 738 7 313 739 7 314 64 20 315 169 20 316 168 20 317 151 46 318 171 46 319 152 46 320 152 47 321 174 47 322 153 47 323 150 48 324 176 48 325 151 48 326 173 49 327 171 49 328 172 49 329 176 50 330 178 50 331 175 50 332 176 51 333 172 51 334 171 51 335 177 52 336 173 52 337 178 52 338 178 1 339 172 1 340 175 1 341 208 8 342 184 8 343 212 8 344 211 20 345 190 20 346 213 20 347 188 53 348 180 53 349 187 53 350 205 54 351 184 54 352 181 54 353 190 55 354 182 55 355 191 55 356 181 1 357 147 1 358 154 1 359 155 6 360 181 6 361 154 6 362 186 56 363 182 56 364 181 56 365 211 57 366 187 57 367 212 57 368 179 20 369 193 20 370 189 20 371 146 8 372 187 8 373 180 8 374 185 58 375 191 58 376 182 58 377 196 1 378 67 1 379 195 1 380 198 20 381 66 20 382 194 20 383 195 20 384 141 20 385 215 20 386 197 7 387 68 7 388 196 7 389 199 59 390 182 59 391 183 59 392 202 60 393 183 60 394 184 60 395 204 61 396 181 61 397 182 61 398 199 62 399 201 62 400 200 62 401 204 63 402 206 63 403 205 63 404 200 64 405 204 64 406 199 64 407 205 65 408 201 65 409 202 65 410 203 1 411 201 1 412 206 1 413 183 66 414 212 66 415 184 66 416 188 20 417 213 20 418 193 20 419 158 8 420 212 8 421 187 8 422 209 67 423 152 67 424 153 67 425 210 7 426 160 7 427 165 7 428 209 8 429 158 8 430 159 8 431 216 4 432 139 4 433 214 4 434 215 20 435 70 20 436 198 20 437 225 7 438 139 7 439 214 7 440 217 6 441 214 6 442 170 6 443 166 6 444 221 6 445 170 6 446 91 1 447 218 1 448 62 1 449 240 68 450 234 68 451 228 68 452 241 1 453 233 1 454 239 1 455 227 69 456 241 69 457 240 69 458 226 70 459 237 70 460 232 70 461 229 71 462 234 71 463 235 71 464 238 72 465 235 72 466 239 72 467 230 73 468 237 73 469 231 73 470 238 74 471 236 74 472 230 74 473 246 75 474 252 75 475 242 75 476 253 1 477 247 1 478 251 1 479 253 76 480 227 76 481 252 76 482 226 77 483 249 77 484 245 77 485 243 78 486 246 78 487 242 78 488 250 79 489 247 79 490 243 79 491 249 80 492 244 80 493 245 80 494 248 81 495 250 81 496 244 81 497 254 6 498 257 6 499 255 6 500 258 7 501 255 7 502 257 7 503 261 1 504 257 1 505 256 1 506 259 4 507 254 4 508 255 4 509 260 20 510 256 20 511 254 20 512 262 20 513 265 20 514 263 20 515 266 6 516 263 6 517 265 6 518 269 1 519 265 1 520 264 1 521 267 4 522 262 4 523 263 4 524 268 8 525 264 8 526 262 8 527 270 20 528 273 20 529 271 20 530 274 6 531 271 6 532 273 6 533 277 1 534 273 1 535 272 1 536 275 4 537 270 4 538 271 4 539 276 8 540 272 8 541 270 8 542 281 20 543 287 20 544 284 20 545 285 1 546 293 1 547 282 1 548 293 8 549 286 8 550 287 8 551 283 7 552 291 7 553 278 7 554 293 82 555 283 82 556 282 82 557 279 83 558 291 83 559 290 83 560 289 84 561 281 84 562 280 84 563 285 85 564 287 85 565 286 85 566 279 4 567 289 4 568 280 4 569 308 86 570 302 86 571 296 86 572 305 1 573 307 1 574 309 1 575 295 87 576 309 87 577 308 87 578 294 88 579 305 88 580 300 88 581 296 89 582 303 89 583 297 89 584 306 90 585 303 90 586 307 90 587 299 91 588 304 91 589 305 91 590 306 92 591 304 92 592 298 92 593 314 93 594 320 93 595 310 93 596 321 94 597 319 94 598 317 94 599 321 95 600 295 95 601 320 95 602 294 96 603 317 96 604 313 96 605 315 97 606 310 97 607 311 97 608 318 98 609 315 98 610 311 98 611 313 99 612 316 99 613 312 99 614 316 100 615 318 100 616 312 100 617 336 101 618 330 101 619 324 101 620 333 1 621 335 1 622 337 1 623 323 101 624 337 101 625 336 101 626 322 102 627 333 102 628 328 102 629 324 103 630 331 103 631 325 103 632 334 90 633 331 90 634 335 90 635 327 104 636 332 104 637 333 104 638 334 92 639 332 92 640 326 92 641 342 105 642 348 105 643 338 105 644 349 94 645 347 94 646 345 94 647 349 106 648 323 106 649 348 106 650 322 107 651 345 107 652 341 107 653 343 108 654 338 108 655 339 108 656 346 109 657 343 109 658 339 109 659 341 110 660 344 110 661 340 110 662 344 100 663 346 100 664 340 100 665 351 1 666 353 1 667 350 1 668 355 4 669 357 4 670 354 4 671 356 111 672 353 111 673 352 111 674 351 112 675 356 112 676 352 112 677 355 113 678 350 113 679 353 113 680 359 1 681 361 1 682 358 1 683 363 4 684 365 4 685 362 4 686 364 114 687 361 114 688 360 114 689 359 115 690 364 115 691 360 115 692 363 116 693 358 116 694 361 116 695 367 1 696 369 1 697 366 1 698 371 4 699 373 4 700 370 4 701 372 114 702 369 114 703 368 114 704 367 115 705 372 115 706 368 115 707 371 116 708 366 116 709 369 116 710 375 1 711 377 1 712 374 1 713 379 4 714 381 4 715 378 4 716 380 117 717 377 117 718 376 117 719 375 115 720 380 115 721 376 115 722 379 116 723 374 116 724 377 116 725 383 1 726 385 1 727 382 1 728 387 4 729 389 4 730 386 4 731 388 117 732 385 117 733 384 117 734 383 115 735 388 115 736 384 115 737 387 116 738 382 116 739 385 116 740 391 1 741 393 1 742 390 1 743 395 4 744 397 4 745 394 4 746 396 118 747 393 118 748 392 118 749 391 115 750 396 115 751 392 115 752 395 116 753 390 116 754 393 116 755 407 6 756 401 6 757 406 6 758 406 7 759 403 7 760 399 7 761 405 1 762 401 1 763 400 1 764 403 4 765 398 4 766 399 4 767 409 20 768 400 20 769 407 20 770 404 119 771 407 119 772 398 119 773 402 7 774 406 7 775 401 7 776 398 120 777 406 120 778 399 120 779 413 121 780 444 121 781 412 121 782 422 122 783 455 122 784 423 122 785 424 123 786 426 123 787 425 123 788 424 124 789 431 124 790 429 124 791 423 125 792 433 125 793 431 125 794 422 126 795 435 126 796 433 126 797 421 127 798 437 127 799 435 127 800 419 128 801 437 128 802 420 128 803 418 129 804 439 129 805 419 129 806 425 130 807 441 130 808 418 130 809 429 131 810 427 131 811 426 131 812 427 132 813 412 132 814 411 132 815 429 133 816 430 133 817 428 133 818 430 134 819 412 134 820 428 134 821 431 135 822 432 135 823 430 135 824 432 136 825 413 136 826 430 136 827 433 137 828 434 137 829 432 137 830 434 138 831 414 138 832 432 138 833 435 139 834 436 139 835 434 139 836 436 140 837 415 140 838 434 140 839 439 141 840 436 141 841 437 141 842 436 142 843 417 142 844 416 142 845 441 143 846 438 143 847 439 143 848 438 144 849 410 144 850 417 144 851 426 145 852 440 145 853 441 145 854 440 146 855 411 146 856 410 146 857 415 147 858 446 147 859 414 147 860 417 148 861 448 148 862 416 148 863 412 149 864 443 149 865 411 149 866 414 150 867 445 150 868 413 150 869 416 151 870 447 151 871 415 151 872 424 152 873 457 152 874 425 152 875 419 153 876 452 153 877 420 153 878 421 154 879 454 154 880 422 154 881 424 155 882 455 155 883 456 155 884 425 156 885 450 156 886 418 156 887 424 157 888 429 157 889 426 157 890 424 158 891 423 158 892 431 158 893 423 159 894 422 159 895 433 159 896 422 160 897 421 160 898 435 160 899 421 161 900 420 161 901 437 161 902 419 162 903 439 162 904 437 162 905 418 163 906 441 163 907 439 163 908 425 164 909 426 164 910 441 164 911 429 165 912 428 165 913 427 165 914 427 166 915 428 166 916 412 166 917 429 167 918 431 167 919 430 167 920 430 168 921 413 168 922 412 168 923 431 169 924 433 169 925 432 169 926 432 170 927 414 170 928 413 170 929 433 171 930 435 171 931 434 171 932 434 172 933 415 172 934 414 172 935 435 173 936 437 173 937 436 173 938 436 174 939 416 174 940 415 174 941 439 175 942 438 175 943 436 175 944 436 176 945 438 176 946 417 176 947 441 177 948 440 177 949 438 177 950 438 178 951 440 178 952 410 178 953 426 179 954 427 179 955 440 179 956 440 180 957 427 180 958 411 180 959 411 181 960 442 181 961 410 181 962 410 182 963 449 182 964 417 182 965 420 183 966 453 183 967 421 183 968 418 184 969 451 184 970 419 184 971 461 185 972 492 185 973 460 185 974 470 186 975 503 186 976 471 186 977 472 187 978 474 187 979 473 187 980 472 188 981 479 188 982 477 188 983 471 189 984 481 189 985 479 189 986 470 126 987 483 126 988 481 126 989 469 190 990 485 190 991 483 190 992 467 191 993 485 191 994 468 191 995 466 192 996 487 192 997 467 192 998 473 193 999 489 193 1000 466 193 1001 477 194 1002 475 194 1003 474 194 1004 475 195 1005 460 195 1006 459 195 1007 477 196 1008 478 196 1009 476 196 1010 478 197 1011 460 197 1012 476 197 1013 479 198 1014 480 198 1015 478 198 1016 480 136 1017 461 136 1018 478 136 1019 481 199 1020 482 199 1021 480 199 1022 482 138 1023 462 138 1024 480 138 1025 483 200 1026 484 200 1027 482 200 1028 484 140 1029 463 140 1030 482 140 1031 487 201 1032 484 201 1033 485 201 1034 484 142 1035 465 142 1036 464 142 1037 489 202 1038 486 202 1039 487 202 1040 486 144 1041 458 144 1042 465 144 1043 474 203 1044 488 203 1045 489 203 1046 488 204 1047 459 204 1048 458 204 1049 463 147 1050 494 147 1051 462 147 1052 465 148 1053 496 148 1054 464 148 1055 460 205 1056 491 205 1057 459 205 1058 462 150 1059 493 150 1060 461 150 1061 464 151 1062 495 151 1063 463 151 1064 472 206 1065 505 206 1066 473 206 1067 467 207 1068 500 207 1069 468 207 1070 469 208 1071 502 208 1072 470 208 1073 472 209 1074 503 209 1075 504 209 1076 473 210 1077 498 210 1078 466 210 1079 472 211 1080 477 211 1081 474 211 1082 472 212 1083 471 212 1084 479 212 1085 471 213 1086 470 213 1087 481 213 1088 470 214 1089 469 214 1090 483 214 1091 469 215 1092 468 215 1093 485 215 1094 467 216 1095 487 216 1096 485 216 1097 466 217 1098 489 217 1099 487 217 1100 473 218 1101 474 218 1102 489 218 1103 477 219 1104 476 219 1105 475 219 1106 475 220 1107 476 220 1108 460 220 1109 477 221 1110 479 221 1111 478 221 1112 478 168 1113 461 168 1114 460 168 1115 479 222 1116 481 222 1117 480 222 1118 480 223 1119 462 223 1120 461 223 1121 481 224 1122 483 224 1123 482 224 1124 482 225 1125 463 225 1126 462 225 1127 483 226 1128 485 226 1129 484 226 1130 484 227 1131 464 227 1132 463 227 1133 487 228 1134 486 228 1135 484 228 1136 484 229 1137 486 229 1138 465 229 1139 489 230 1140 488 230 1141 486 230 1142 486 231 1143 488 231 1144 458 231 1145 474 232 1146 475 232 1147 488 232 1148 488 233 1149 475 233 1150 459 233 1151 459 234 1152 490 234 1153 458 234 1154 458 182 1155 497 182 1156 465 182 1157 468 235 1158 501 235 1159 469 235 1160 466 236 1161 499 236 1162 467 236 1163 509 237 1164 540 237 1165 508 237 1166 518 238 1167 551 238 1168 519 238 1169 520 239 1170 522 239 1171 521 239 1172 520 240 1173 527 240 1174 525 240 1175 519 241 1176 529 241 1177 527 241 1178 518 242 1179 531 242 1180 529 242 1181 517 243 1182 533 243 1183 531 243 1184 515 244 1185 533 244 1186 516 244 1187 514 245 1188 535 245 1189 515 245 1190 521 246 1191 537 246 1192 514 246 1193 525 247 1194 523 247 1195 522 247 1196 523 248 1197 508 248 1198 507 248 1199 525 249 1200 526 249 1201 524 249 1202 526 250 1203 508 250 1204 524 250 1205 527 251 1206 528 251 1207 526 251 1208 528 252 1209 509 252 1210 526 252 1211 529 253 1212 530 253 1213 528 253 1214 530 254 1215 510 254 1216 528 254 1217 531 255 1218 532 255 1219 530 255 1220 532 256 1221 511 256 1222 530 256 1223 535 257 1224 532 257 1225 533 257 1226 532 258 1227 513 258 1228 512 258 1229 537 259 1230 534 259 1231 535 259 1232 534 260 1233 506 260 1234 513 260 1235 522 261 1236 536 261 1237 537 261 1238 536 262 1239 507 262 1240 506 262 1241 511 263 1242 542 263 1243 510 263 1244 513 264 1245 544 264 1246 512 264 1247 508 265 1248 539 265 1249 507 265 1250 510 266 1251 541 266 1252 509 266 1253 512 267 1254 543 267 1255 511 267 1256 520 268 1257 553 268 1258 521 268 1259 515 269 1260 548 269 1261 516 269 1262 517 270 1263 550 270 1264 518 270 1265 520 271 1266 551 271 1267 552 271 1268 521 272 1269 546 272 1270 514 272 1271 520 273 1272 525 273 1273 522 273 1274 520 274 1275 519 274 1276 527 274 1277 519 275 1278 518 275 1279 529 275 1280 518 276 1281 517 276 1282 531 276 1283 517 277 1284 516 277 1285 533 277 1286 515 278 1287 535 278 1288 533 278 1289 514 279 1290 537 279 1291 535 279 1292 521 280 1293 522 280 1294 537 280 1295 525 281 1296 524 281 1297 523 281 1298 523 282 1299 524 282 1300 508 282 1301 525 283 1302 527 283 1303 526 283 1304 526 284 1305 509 284 1306 508 284 1307 527 285 1308 529 285 1309 528 285 1310 528 286 1311 510 286 1312 509 286 1313 529 287 1314 531 287 1315 530 287 1316 530 288 1317 511 288 1318 510 288 1319 531 289 1320 533 289 1321 532 289 1322 532 290 1323 512 290 1324 511 290 1325 535 291 1326 534 291 1327 532 291 1328 532 292 1329 534 292 1330 513 292 1331 537 293 1332 536 293 1333 534 293 1334 534 294 1335 536 294 1336 506 294 1337 522 295 1338 523 295 1339 536 295 1340 536 296 1341 523 296 1342 507 296 1343 507 297 1344 538 297 1345 506 297 1346 506 298 1347 545 298 1348 513 298 1349 516 299 1350 549 299 1351 517 299 1352 514 300 1353 547 300 1354 515 300 1355 555 1 1356 556 1 1357 557 1 1358 558 301 1359 556 301 1360 554 301 1361 560 302 1362 555 302 1363 557 302 1364 561 303 1365 557 303 1366 556 303 1367 559 304 1368 554 304 1369 555 304 1370 1 1 1371 0 1 1372 4 1 1373 0 305 1374 5 305 1375 4 305 1376 4 1 1377 3 1 1378 1 1 1379 9 1 1380 0 1 1381 8 1 1382 0 306 1383 1 306 1384 8 306 1385 1 307 1386 6 307 1387 7 307 1388 38 308 1389 34 308 1390 11 308 1391 34 7 1392 10 7 1393 11 7 1394 12 1 1395 39 1 1396 38 1 1397 11 7 1398 10 7 1399 35 7 1400 11 309 1401 35 309 1402 41 309 1403 40 1 1404 13 1 1405 11 1 1406 15 4 1407 16 4 1408 12 4 1409 17 4 1410 15 4 1411 11 4 1412 14 1 1413 37 1 1414 35 1 1415 44 310 1416 41 310 1417 35 310 1418 19 1 1419 21 1 1420 20 1 1421 22 6 1422 25 6 1423 21 6 1424 23 7 1425 22 7 1426 19 7 1427 24 8 1428 23 8 1429 18 8 1430 27 1 1431 29 1 1432 28 1 1433 30 6 1434 33 6 1435 29 6 1436 31 7 1437 30 7 1438 27 7 1439 32 8 1440 31 8 1441 26 8 1442 45 1 1443 17 1 1444 13 1 1445 16 1 1446 42 1 1447 39 1 1448 36 1 1449 14 1 1450 10 1 1451 41 311 1452 44 311 1453 45 311 1454 43 312 1455 38 312 1456 39 312 1457 38 313 1458 43 313 1459 36 313 1460 46 7 1461 47 7 1462 51 7 1463 50 7 1464 51 7 1465 49 7 1466 54 314 1467 56 314 1468 50 314 1469 46 315 1470 52 315 1471 53 315 1472 55 6 1473 54 6 1474 48 6 1475 56 316 1476 52 316 1477 46 316 1478 55 6 1479 60 6 1480 59 6 1481 54 1 1482 59 1 1483 61 1 1484 52 8 1485 57 8 1486 58 8 1487 56 1 1488 61 1 1489 57 1 1490 133 6 1491 72 6 1492 78 6 1493 132 7 1494 77 7 1495 87 7 1496 85 317 1497 73 317 1498 74 317 1499 102 318 1500 99 318 1501 78 318 1502 87 1 1503 77 1 1504 76 1 1505 75 319 1506 78 319 1507 72 319 1508 80 8 1509 82 8 1510 75 8 1511 82 18 1512 81 18 1513 76 18 1514 132 320 1515 85 320 1516 84 320 1517 73 7 1518 85 7 1519 90 7 1520 71 6 1521 83 6 1522 84 6 1523 81 20 1524 89 20 1525 88 20 1526 93 1 1527 64 1 1528 734 1 1529 62 1 1530 218 1 1531 222 1 1532 736 7 1533 63 7 1534 737 7 1535 94 20 1536 65 20 1537 64 20 1538 96 21 1539 101 21 1540 76 21 1541 99 321 1542 96 321 1543 77 321 1544 101 322 1545 102 322 1546 75 322 1547 96 323 1548 99 323 1549 98 323 1550 101 324 1551 100 324 1552 103 324 1553 97 325 1554 100 325 1555 101 325 1556 102 326 1557 103 326 1558 98 326 1559 100 1 1560 97 1 1561 98 1 1562 109 6 1563 72 6 1564 133 6 1565 115 20 1566 108 20 1567 136 20 1568 105 327 1569 104 327 1570 113 327 1571 109 328 1572 127 328 1573 130 328 1574 107 1 1575 108 1 1576 115 1 1577 106 329 1578 79 329 1579 72 329 1580 106 8 1581 111 8 1582 80 8 1583 107 330 1584 110 330 1585 111 330 1586 112 331 1587 113 331 1588 136 331 1589 118 20 1590 113 20 1591 104 20 1592 112 6 1593 83 6 1594 71 6 1595 116 7 1596 117 7 1597 110 7 1598 67 1 1599 68 1 1600 121 1 1601 66 20 1602 70 20 1603 123 20 1604 141 20 1605 67 20 1606 120 20 1607 68 7 1608 69 7 1609 122 7 1610 107 32 1611 129 32 1612 124 32 1613 108 332 1614 124 332 1615 127 332 1616 106 333 1617 130 333 1618 129 333 1619 126 334 1620 127 334 1621 124 334 1622 129 335 1623 130 335 1624 131 335 1625 129 336 1626 128 336 1627 125 336 1628 130 337 1629 127 337 1630 126 337 1631 131 1 1632 126 1 1633 125 1 1634 137 39 1635 136 39 1636 108 39 1637 138 20 1638 136 20 1639 113 20 1640 137 6 1641 133 6 1642 83 6 1643 77 40 1644 132 40 1645 134 40 1646 85 7 1647 132 7 1648 135 7 1649 83 6 1650 133 6 1651 134 6 1652 139 4 1653 143 4 1654 144 4 1655 70 20 1656 141 20 1657 142 20 1658 223 7 1659 224 7 1660 140 7 1661 140 8 1662 144 8 1663 145 8 1664 153 8 1665 147 8 1666 208 8 1667 162 7 1668 152 7 1669 207 7 1670 149 338 1671 148 338 1672 160 338 1673 153 339 1674 174 339 1675 177 339 1676 151 1 1677 152 1 1678 162 1 1679 150 1 1680 154 1 1681 147 1 1682 150 6 1683 157 6 1684 155 6 1685 151 39 1686 156 39 1687 157 39 1688 159 340 1689 160 340 1690 207 340 1691 165 7 1692 160 7 1693 148 7 1694 159 8 1695 158 8 1696 146 8 1697 163 20 1698 164 20 1699 156 20 1700 734 1 1701 64 1 1702 168 1 1703 95 8 1704 219 8 1705 220 8 1706 737 7 1707 63 7 1708 738 7 1709 64 20 1710 65 20 1711 169 20 1712 151 46 1713 176 46 1714 171 46 1715 152 341 1716 171 341 1717 174 341 1718 150 342 1719 177 342 1720 176 342 1721 173 343 1722 174 343 1723 171 343 1724 176 344 1725 177 344 1726 178 344 1727 176 345 1728 175 345 1729 172 345 1730 177 346 1731 174 346 1732 173 346 1733 178 1 1734 173 1 1735 172 1 1736 208 8 1737 147 8 1738 184 8 1739 211 20 1740 183 20 1741 190 20 1742 188 347 1743 179 347 1744 180 347 1745 205 348 1746 202 348 1747 184 348 1748 190 1 1749 183 1 1750 182 1 1751 181 1 1752 184 1 1753 147 1 1754 155 6 1755 186 6 1756 181 6 1757 186 349 1758 185 349 1759 182 349 1760 211 350 1761 188 350 1762 187 350 1763 179 20 1764 188 20 1765 193 20 1766 146 8 1767 158 8 1768 187 8 1769 185 58 1770 192 58 1771 191 58 1772 196 1 1773 68 1 1774 67 1 1775 198 20 1776 70 20 1777 66 20 1778 195 20 1779 67 20 1780 141 20 1781 197 7 1782 69 7 1783 68 7 1784 199 59 1785 204 59 1786 182 59 1787 202 351 1788 199 351 1789 183 351 1790 204 352 1791 205 352 1792 181 352 1793 199 353 1794 202 353 1795 201 353 1796 204 354 1797 203 354 1798 206 354 1799 200 355 1800 203 355 1801 204 355 1802 205 356 1803 206 356 1804 201 356 1805 203 1 1806 200 1 1807 201 1 1808 183 18 1809 211 18 1810 212 18 1811 188 20 1812 211 20 1813 213 20 1814 158 8 1815 208 8 1816 212 8 1817 209 357 1818 207 357 1819 152 357 1820 210 7 1821 207 7 1822 160 7 1823 209 8 1824 208 8 1825 158 8 1826 216 4 1827 143 4 1828 139 4 1829 215 20 1830 141 20 1831 70 20 1832 225 7 1833 223 7 1834 139 7 1835 217 6 1836 216 6 1837 214 6 1838 166 6 1839 222 6 1840 221 6 1841 91 1 1842 220 1 1843 218 1 1844 240 358 1845 241 358 1846 234 358 1847 233 1 1848 232 1 1849 239 1 1850 232 359 1851 237 359 1852 239 359 1853 237 1 1854 236 1 1855 239 1 1856 239 1 1857 235 1 1858 241 1 1859 235 1 1860 234 1 1861 241 1 1862 227 360 1863 233 360 1864 241 360 1865 226 77 1866 231 77 1867 237 77 1868 229 361 1869 228 361 1870 234 361 1871 238 74 1872 229 74 1873 235 74 1874 230 362 1875 236 362 1876 237 362 1877 238 363 1878 239 363 1879 236 363 1880 246 364 1881 253 364 1882 252 364 1883 249 1 1884 232 1 1885 251 1 1886 232 365 1887 233 365 1888 251 365 1889 253 366 1890 246 366 1891 247 366 1892 233 367 1893 253 367 1894 251 367 1895 251 1 1896 248 1 1897 249 1 1898 253 364 1899 233 364 1900 227 364 1901 226 368 1902 232 368 1903 249 368 1904 243 369 1905 247 369 1906 246 369 1907 250 370 1908 251 370 1909 247 370 1910 249 371 1911 248 371 1912 244 371 1913 248 372 1914 251 372 1915 250 372 1916 254 6 1917 256 6 1918 257 6 1919 258 7 1920 259 7 1921 255 7 1922 261 1 1923 258 1 1924 257 1 1925 259 4 1926 260 4 1927 254 4 1928 260 20 1929 261 20 1930 256 20 1931 262 20 1932 264 20 1933 265 20 1934 266 6 1935 267 6 1936 263 6 1937 269 1 1938 266 1 1939 265 1 1940 267 4 1941 268 4 1942 262 4 1943 268 8 1944 269 8 1945 264 8 1946 270 20 1947 272 20 1948 273 20 1949 274 6 1950 275 6 1951 271 6 1952 277 1 1953 274 1 1954 273 1 1955 275 4 1956 276 4 1957 270 4 1958 276 8 1959 277 8 1960 272 8 1961 281 20 1962 288 20 1963 287 20 1964 285 1 1965 286 1 1966 293 1 1967 287 8 1968 288 8 1969 291 8 1970 288 8 1971 289 8 1972 291 8 1973 289 8 1974 290 8 1975 291 8 1976 291 8 1977 292 8 1978 287 8 1979 292 8 1980 293 8 1981 287 8 1982 283 7 1983 292 7 1984 291 7 1985 293 373 1986 292 373 1987 283 373 1988 279 374 1989 278 374 1990 291 374 1991 289 375 1992 288 375 1993 281 375 1994 285 376 1995 284 376 1996 287 376 1997 279 4 1998 290 4 1999 289 4 2000 308 377 2001 309 377 2002 302 377 2003 301 1 2004 300 1 2005 309 1 2006 300 378 2007 305 378 2008 309 378 2009 305 1 2010 304 1 2011 307 1 2012 307 1 2013 303 1 2014 302 1 2015 307 1 2016 302 1 2017 309 1 2018 295 379 2019 301 379 2020 309 379 2021 294 380 2022 299 380 2023 305 380 2024 296 381 2025 302 381 2026 303 381 2027 306 382 2028 297 382 2029 303 382 2030 299 383 2031 298 383 2032 304 383 2033 306 384 2034 307 384 2035 304 384 2036 314 385 2037 321 385 2038 320 385 2039 317 378 2040 300 378 2041 321 378 2042 300 386 2043 301 386 2044 321 386 2045 321 387 2046 314 387 2047 319 387 2048 314 1 2049 315 1 2050 319 1 2051 319 1 2052 316 1 2053 317 1 2054 321 379 2055 301 379 2056 295 379 2057 294 388 2058 300 388 2059 317 388 2060 315 389 2061 314 389 2062 310 389 2063 318 390 2064 319 390 2065 315 390 2066 313 391 2067 317 391 2068 316 391 2069 316 392 2070 319 392 2071 318 392 2072 336 393 2073 337 393 2074 330 393 2075 329 1 2076 328 1 2077 337 1 2078 328 378 2079 333 378 2080 337 378 2081 333 1 2082 332 1 2083 335 1 2084 335 1 2085 331 1 2086 330 1 2087 335 1 2088 330 1 2089 337 1 2090 323 394 2091 329 394 2092 337 394 2093 322 395 2094 327 395 2095 333 395 2096 324 396 2097 330 396 2098 331 396 2099 334 397 2100 325 397 2101 331 397 2102 327 398 2103 326 398 2104 332 398 2105 334 384 2106 335 384 2107 332 384 2108 342 393 2109 349 393 2110 348 393 2111 345 378 2112 328 378 2113 349 378 2114 328 386 2115 329 386 2116 349 386 2117 349 387 2118 342 387 2119 347 387 2120 342 1 2121 343 1 2122 347 1 2123 347 1 2124 344 1 2125 345 1 2126 349 394 2127 329 394 2128 323 394 2129 322 399 2130 328 399 2131 345 399 2132 343 400 2133 342 400 2134 338 400 2135 346 390 2136 347 390 2137 343 390 2138 341 401 2139 345 401 2140 344 401 2141 344 392 2142 347 392 2143 346 392 2144 351 1 2145 352 1 2146 353 1 2147 355 4 2148 356 4 2149 357 4 2150 356 402 2151 355 402 2152 353 402 2153 351 403 2154 357 403 2155 356 403 2156 355 404 2157 354 404 2158 350 404 2159 359 1 2160 360 1 2161 361 1 2162 363 4 2163 364 4 2164 365 4 2165 364 405 2166 363 405 2167 361 405 2168 359 406 2169 365 406 2170 364 406 2171 363 407 2172 362 407 2173 358 407 2174 367 1 2175 368 1 2176 369 1 2177 371 4 2178 372 4 2179 373 4 2180 372 408 2181 371 408 2182 369 408 2183 367 406 2184 373 406 2185 372 406 2186 371 407 2187 370 407 2188 366 407 2189 375 1 2190 376 1 2191 377 1 2192 379 4 2193 380 4 2194 381 4 2195 380 409 2196 379 409 2197 377 409 2198 375 406 2199 381 406 2200 380 406 2201 379 407 2202 378 407 2203 374 407 2204 383 1 2205 384 1 2206 385 1 2207 387 4 2208 388 4 2209 389 4 2210 388 410 2211 387 410 2212 385 410 2213 383 406 2214 389 406 2215 388 406 2216 387 407 2217 386 407 2218 382 407 2219 391 1 2220 392 1 2221 393 1 2222 395 4 2223 396 4 2224 397 4 2225 396 411 2226 395 411 2227 393 411 2228 391 403 2229 397 403 2230 396 403 2231 395 404 2232 394 404 2233 390 404 2234 407 6 2235 400 6 2236 401 6 2237 406 7 2238 408 7 2239 403 7 2240 405 1 2241 402 1 2242 401 1 2243 403 4 2244 404 4 2245 398 4 2246 409 20 2247 405 20 2248 400 20 2249 404 20 2250 409 20 2251 407 20 2252 402 7 2253 408 7 2254 406 7 2255 398 412 2256 407 412 2257 406 412 2258 413 185 2259 445 185 2260 444 185 2261 422 122 2262 454 122 2263 455 122 2264 415 413 2265 447 413 2266 446 413 2267 417 414 2268 449 414 2269 448 414 2270 412 415 2271 444 415 2272 443 415 2273 414 416 2274 446 416 2275 445 416 2276 416 417 2277 448 417 2278 447 417 2279 424 418 2280 456 418 2281 457 418 2282 419 419 2283 451 419 2284 452 419 2285 421 420 2286 453 420 2287 454 420 2288 424 421 2289 423 421 2290 455 421 2291 425 422 2292 457 422 2293 450 422 2294 411 423 2295 443 423 2296 442 423 2297 410 424 2298 442 424 2299 449 424 2300 420 425 2301 452 425 2302 453 425 2303 418 426 2304 450 426 2305 451 426 2306 461 185 2307 493 185 2308 492 185 2309 470 186 2310 502 186 2311 503 186 2312 463 413 2313 495 413 2314 494 413 2315 465 427 2316 497 427 2317 496 427 2318 460 415 2319 492 415 2320 491 415 2321 462 416 2322 494 416 2323 493 416 2324 464 428 2325 496 428 2326 495 428 2327 472 429 2328 504 429 2329 505 429 2330 467 430 2331 499 430 2332 500 430 2333 469 431 2334 501 431 2335 502 431 2336 472 432 2337 471 432 2338 503 432 2339 473 210 2340 505 210 2341 498 210 2342 459 423 2343 491 423 2344 490 423 2345 458 433 2346 490 433 2347 497 433 2348 468 434 2349 500 434 2350 501 434 2351 466 184 2352 498 184 2353 499 184 2354 509 435 2355 541 435 2356 540 435 2357 518 436 2358 550 436 2359 551 436 2360 511 437 2361 543 437 2362 542 437 2363 513 264 2364 545 264 2365 544 264 2366 508 265 2367 540 265 2368 539 265 2369 510 438 2370 542 438 2371 541 438 2372 512 439 2373 544 439 2374 543 439 2375 520 440 2376 552 440 2377 553 440 2378 515 441 2379 547 441 2380 548 441 2381 517 442 2382 549 442 2383 550 442 2384 520 443 2385 519 443 2386 551 443 2387 521 272 2388 553 272 2389 546 272 2390 507 297 2391 539 297 2392 538 297 2393 506 298 2394 538 298 2395 545 298 2396 516 444 2397 548 444 2398 549 444 2399 514 445 2400 546 445 2401 547 445 2402 555 1 2403 554 1 2404 556 1 2405 558 446 2406 561 446 2407 556 446 2408 560 447 2409 559 447 2410 555 447 2411 561 448 2412 560 448 2413 557 448 2414 559 449 2415 558 449 2416 554 449 2417 576 450 2418 570 450 2419 564 450 2420 573 451 2421 575 451 2422 577 451 2423 563 452 2424 577 452 2425 576 452 2426 562 453 2427 573 453 2428 568 453 2429 564 454 2430 571 454 2431 565 454 2432 574 455 2433 571 455 2434 575 455 2435 567 456 2436 572 456 2437 573 456 2438 574 457 2439 572 457 2440 566 457 2441 582 458 2442 588 458 2443 578 458 2444 589 1 2445 587 1 2446 585 1 2447 589 459 2448 563 459 2449 588 459 2450 562 460 2451 585 460 2452 581 460 2453 583 461 2454 578 461 2455 579 461 2456 586 462 2457 583 462 2458 579 462 2459 581 463 2460 584 463 2461 580 463 2462 584 464 2463 586 464 2464 580 464 2465 576 465 2466 577 465 2467 570 465 2468 569 1 2469 568 1 2470 577 1 2471 568 1 2472 573 1 2473 577 1 2474 573 1 2475 572 1 2476 575 1 2477 575 1 2478 571 1 2479 570 1 2480 575 1 2481 570 1 2482 577 1 2483 563 466 2484 569 466 2485 577 466 2486 562 467 2487 567 467 2488 573 467 2489 564 468 2490 570 468 2491 571 468 2492 574 469 2493 565 469 2494 571 469 2495 567 470 2496 566 470 2497 572 470 2498 574 471 2499 575 471 2500 572 471 2501 582 472 2502 589 472 2503 588 472 2504 585 1 2505 568 1 2506 589 1 2507 568 1 2508 569 1 2509 589 1 2510 589 1 2511 582 1 2512 587 1 2513 582 1 2514 583 1 2515 587 1 2516 587 473 2517 584 473 2518 585 473 2519 589 474 2520 569 474 2521 563 474 2522 562 475 2523 568 475 2524 585 475 2525 583 476 2526 582 476 2527 578 476 2528 586 477 2529 587 477 2530 583 477 2531 581 478 2532 585 478 2533 584 478 2534 584 479 2535 587 479 2536 586 479 2537 593 480 2538 624 480 2539 592 480 2540 602 122 2541 635 122 2542 603 122 2543 604 481 2544 606 481 2545 605 481 2546 604 482 2547 611 482 2548 609 482 2549 603 483 2550 613 483 2551 611 483 2552 602 126 2553 615 126 2554 613 126 2555 601 127 2556 617 127 2557 615 127 2558 599 484 2559 617 484 2560 600 484 2561 598 485 2562 619 485 2563 599 485 2564 605 486 2565 621 486 2566 598 486 2567 609 131 2568 607 131 2569 606 131 2570 607 132 2571 592 132 2572 591 132 2573 609 487 2574 610 487 2575 608 487 2576 610 134 2577 592 134 2578 608 134 2579 611 488 2580 612 488 2581 610 488 2582 612 489 2583 593 489 2584 610 489 2585 613 490 2586 614 490 2587 612 490 2588 614 491 2589 594 491 2590 612 491 2591 615 492 2592 616 492 2593 614 492 2594 616 493 2595 595 493 2596 614 493 2597 619 494 2598 616 494 2599 617 494 2600 616 495 2601 597 495 2602 596 495 2603 621 496 2604 618 496 2605 619 496 2606 618 144 2607 590 144 2608 597 144 2609 606 145 2610 620 145 2611 621 145 2612 620 497 2613 591 497 2614 590 497 2615 595 147 2616 626 147 2617 594 147 2618 597 498 2619 628 498 2620 596 498 2621 592 205 2622 623 205 2623 591 205 2624 594 499 2625 625 499 2626 593 499 2627 596 151 2628 627 151 2629 595 151 2630 604 152 2631 637 152 2632 605 152 2633 599 153 2634 632 153 2635 600 153 2636 601 154 2637 634 154 2638 602 154 2639 604 155 2640 635 155 2641 636 155 2642 605 156 2643 630 156 2644 598 156 2645 604 500 2646 609 500 2647 606 500 2648 604 501 2649 603 501 2650 611 501 2651 603 502 2652 602 502 2653 613 502 2654 602 503 2655 601 503 2656 615 503 2657 601 504 2658 600 504 2659 617 504 2660 599 162 2661 619 162 2662 617 162 2663 598 505 2664 621 505 2665 619 505 2666 605 164 2667 606 164 2668 621 164 2669 609 506 2670 608 506 2671 607 506 2672 607 166 2673 608 166 2674 592 166 2675 609 507 2676 611 507 2677 610 507 2678 610 168 2679 593 168 2680 592 168 2681 611 169 2682 613 169 2683 612 169 2684 612 170 2685 594 170 2686 593 170 2687 613 508 2688 615 508 2689 614 508 2690 614 172 2691 595 172 2692 594 172 2693 615 509 2694 617 509 2695 616 509 2696 616 174 2697 596 174 2698 595 174 2699 619 510 2700 618 510 2701 616 510 2702 616 229 2703 618 229 2704 597 229 2705 621 511 2706 620 511 2707 618 511 2708 618 512 2709 620 512 2710 590 512 2711 606 513 2712 607 513 2713 620 513 2714 620 514 2715 607 514 2716 591 514 2717 591 515 2718 622 515 2719 590 515 2720 590 516 2721 629 516 2722 597 516 2723 600 183 2724 633 183 2725 601 183 2726 598 184 2727 631 184 2728 599 184 2729 641 517 2730 672 517 2731 640 517 2732 650 518 2733 683 518 2734 651 518 2735 652 519 2736 654 519 2737 653 519 2738 652 188 2739 659 188 2740 657 188 2741 651 520 2742 661 520 2743 659 520 2744 650 521 2745 663 521 2746 661 521 2747 649 127 2748 665 127 2749 663 127 2750 647 522 2751 665 522 2752 648 522 2753 646 523 2754 667 523 2755 647 523 2756 653 524 2757 669 524 2758 646 524 2759 657 525 2760 655 525 2761 654 525 2762 655 526 2763 640 526 2764 639 526 2765 657 527 2766 658 527 2767 656 527 2768 658 528 2769 640 528 2770 656 528 2771 659 529 2772 660 529 2773 658 529 2774 660 530 2775 641 530 2776 658 530 2777 661 531 2778 662 531 2779 660 531 2780 662 532 2781 642 532 2782 660 532 2783 663 533 2784 664 533 2785 662 533 2786 664 140 2787 643 140 2788 662 140 2789 667 534 2790 664 534 2791 665 534 2792 664 142 2793 645 142 2794 644 142 2795 669 535 2796 666 535 2797 667 535 2798 666 536 2799 638 536 2800 645 536 2801 654 203 2802 668 203 2803 669 203 2804 668 537 2805 639 537 2806 638 537 2807 643 538 2808 674 538 2809 642 538 2810 645 539 2811 676 539 2812 644 539 2813 640 149 2814 671 149 2815 639 149 2816 642 499 2817 673 499 2818 641 499 2819 644 540 2820 675 540 2821 643 540 2822 652 206 2823 685 206 2824 653 206 2825 647 207 2826 680 207 2827 648 207 2828 649 541 2829 682 541 2830 650 541 2831 652 209 2832 683 209 2833 684 209 2834 653 210 2835 678 210 2836 646 210 2837 652 542 2838 657 542 2839 654 542 2840 652 212 2841 651 212 2842 659 212 2843 651 543 2844 650 543 2845 661 543 2846 650 544 2847 649 544 2848 663 544 2849 649 545 2850 648 545 2851 665 545 2852 647 162 2853 667 162 2854 665 162 2855 646 546 2856 669 546 2857 667 546 2858 653 547 2859 654 547 2860 669 547 2861 657 548 2862 656 548 2863 655 548 2864 655 549 2865 656 549 2866 640 549 2867 657 507 2868 659 507 2869 658 507 2870 658 168 2871 641 168 2872 640 168 2873 659 550 2874 661 550 2875 660 550 2876 660 223 2877 642 223 2878 641 223 2879 661 551 2880 663 551 2881 662 551 2882 662 172 2883 643 172 2884 642 172 2885 663 552 2886 665 552 2887 664 552 2888 664 174 2889 644 174 2890 643 174 2891 667 228 2892 666 228 2893 664 228 2894 664 176 2895 666 176 2896 645 176 2897 669 553 2898 668 553 2899 666 553 2900 666 554 2901 668 554 2902 638 554 2903 654 555 2904 655 555 2905 668 555 2906 668 556 2907 655 556 2908 639 556 2909 639 557 2910 670 557 2911 638 557 2912 638 182 2913 677 182 2914 645 182 2915 648 235 2916 681 235 2917 649 235 2918 646 236 2919 679 236 2920 647 236 2921 689 558 2922 720 558 2923 688 558 2924 698 559 2925 731 559 2926 699 559 2927 700 560 2928 702 560 2929 701 560 2930 700 561 2931 707 561 2932 705 561 2933 699 562 2934 709 562 2935 707 562 2936 698 563 2937 711 563 2938 709 563 2939 697 564 2940 713 564 2941 711 564 2942 695 565 2943 713 565 2944 696 565 2945 694 566 2946 715 566 2947 695 566 2948 701 567 2949 717 567 2950 694 567 2951 705 568 2952 703 568 2953 702 568 2954 703 569 2955 688 569 2956 687 569 2957 705 570 2958 706 570 2959 704 570 2960 706 250 2961 688 250 2962 704 250 2963 707 571 2964 708 571 2965 706 571 2966 708 572 2967 689 572 2968 706 572 2969 709 573 2970 710 573 2971 708 573 2972 710 574 2973 690 574 2974 708 574 2975 711 575 2976 712 575 2977 710 575 2978 712 256 2979 691 256 2980 710 256 2981 715 576 2982 712 576 2983 713 576 2984 712 577 2985 693 577 2986 692 577 2987 717 578 2988 714 578 2989 715 578 2990 714 579 2991 686 579 2992 693 579 2993 702 580 2994 716 580 2995 717 580 2996 716 581 2997 687 581 2998 686 581 2999 691 263 3000 722 263 3001 690 263 3002 693 582 3003 724 582 3004 692 582 3005 688 583 3006 719 583 3007 687 583 3008 690 438 3009 721 438 3010 689 438 3011 692 267 3012 723 267 3013 691 267 3014 700 268 3015 733 268 3016 701 268 3017 695 269 3018 728 269 3019 696 269 3020 697 584 3021 730 584 3022 698 584 3023 700 271 3024 731 271 3025 732 271 3026 701 272 3027 726 272 3028 694 272 3029 700 585 3030 705 585 3031 702 585 3032 700 586 3033 699 586 3034 707 586 3035 699 587 3036 698 587 3037 709 587 3038 698 588 3039 697 588 3040 711 588 3041 697 589 3042 696 589 3043 713 589 3044 695 590 3045 715 590 3046 713 590 3047 694 591 3048 717 591 3049 715 591 3050 701 592 3051 702 592 3052 717 592 3053 705 593 3054 704 593 3055 703 593 3056 703 594 3057 704 594 3058 688 594 3059 705 595 3060 707 595 3061 706 595 3062 706 284 3063 689 284 3064 688 284 3065 707 596 3066 709 596 3067 708 596 3068 708 597 3069 690 597 3070 689 597 3071 709 598 3072 711 598 3073 710 598 3074 710 599 3075 691 599 3076 690 599 3077 711 600 3078 713 600 3079 712 600 3080 712 601 3081 692 601 3082 691 601 3083 715 602 3084 714 602 3085 712 602 3086 712 603 3087 714 603 3088 693 603 3089 717 604 3090 716 604 3091 714 604 3092 714 605 3093 716 605 3094 686 605 3095 702 606 3096 703 606 3097 716 606 3098 716 607 3099 703 607 3100 687 607 3101 687 608 3102 718 608 3103 686 608 3104 686 609 3105 725 609 3106 693 609 3107 696 610 3108 729 610 3109 697 610 3110 694 300 3111 727 300 3112 695 300 3113 593 185 3114 625 185 3115 624 185 3116 602 122 3117 634 122 3118 635 122 3119 595 147 3120 627 147 3121 626 147 3122 597 427 3123 629 427 3124 628 427 3125 592 205 3126 624 205 3127 623 205 3128 594 416 3129 626 416 3130 625 416 3131 596 611 3132 628 611 3133 627 611 3134 604 418 3135 636 418 3136 637 418 3137 599 419 3138 631 419 3139 632 419 3140 601 420 3141 633 420 3142 634 420 3143 604 421 3144 603 421 3145 635 421 3146 605 422 3147 637 422 3148 630 422 3149 591 612 3150 623 612 3151 622 612 3152 590 516 3153 622 516 3154 629 516 3155 600 425 3156 632 425 3157 633 425 3158 598 426 3159 630 426 3160 631 426 3161 641 613 3162 673 613 3163 672 613 3164 650 518 3165 682 518 3166 683 518 3167 643 147 3168 675 147 3169 674 147 3170 645 414 3171 677 414 3172 676 414 3173 640 614 3174 672 614 3175 671 614 3176 642 615 3177 674 615 3178 673 615 3179 644 616 3180 676 616 3181 675 616 3182 652 429 3183 684 429 3184 685 429 3185 647 430 3186 679 430 3187 680 430 3188 649 617 3189 681 617 3190 682 617 3191 652 432 3192 651 432 3193 683 432 3194 653 210 3195 685 210 3196 678 210 3197 639 423 3198 671 423 3199 670 423 3200 638 618 3201 670 618 3202 677 618 3203 648 434 3204 680 434 3205 681 434 3206 646 184 3207 678 184 3208 679 184 3209 689 435 3210 721 435 3211 720 435 3212 698 619 3213 730 619 3214 731 619 3215 691 263 3216 723 263 3217 722 263 3218 693 620 3219 725 620 3220 724 620 3221 688 621 3222 720 621 3223 719 621 3224 690 438 3225 722 438 3226 721 438 3227 692 622 3228 724 622 3229 723 622 3230 700 440 3231 732 440 3232 733 440 3233 695 441 3234 727 441 3235 728 441 3236 697 623 3237 729 623 3238 730 623 3239 700 624 3240 699 624 3241 731 624 3242 701 272 3243 733 272 3244 726 272 3245 687 608 3246 719 608 3247 718 608 3248 686 609 3249 718 609 3250 725 609 3251 696 444 3252 728 444 3253 729 444 3254 694 445 3255 726 445 3256 727 445 3257 736 625 3258 734 625 3259 63 625 3260 735 626 3261 92 626 3262 736 626 3263 735 627 3264 139 627 3265 140 627 3266 738 628 3267 734 628 3268 167 628 3269 739 629 3270 139 629 3271 737 629 3272 738 630 3273 214 630 3274 739 630 3275 743 20 3276 741 20 3277 740 20 3278 747 20 3279 745 20 3280 744 20 3281 743 20 3282 742 20 3283 741 20 3284 747 20 3285 746 20 3286 745 20 3287 751 7 3288 748 7 3289 749 7 3290 755 7 3291 752 7 3292 753 7 3293 751 7 3294 749 7 3295 750 7 3296 755 7 3297 753 7 3298 754 7 3299 754 6 3300 745 6 3301 746 6 3302 750 6 3303 741 6 3304 742 6 3305 751 1 3306 742 1 3307 743 1 3308 752 8 3309 747 8 3310 744 8 3311 753 4 3312 744 4 3313 745 4 3314 748 8 3315 743 8 3316 740 8 3317 749 4 3318 740 4 3319 741 4 3320 755 1 3321 746 1 3322 747 1 3323 759 7 3324 756 7 3325 757 7 3326 757 4 3327 761 4 3328 759 4 3329 759 6 3330 763 6 3331 758 6 3332 758 1 3333 762 1 3334 756 1 3335 756 8 3336 760 8 3337 757 8 3338 759 7 3339 758 7 3340 756 7 3341 757 4 3342 760 4 3343 761 4 3344 759 6 3345 761 6 3346 763 6 3347 758 1 3348 763 1 3349 762 1 3350 756 8 3351 762 8 3352 760 8 3353 767 7 3354 765 7 3355 764 7 3356 765 4 3357 767 4 3358 769 4 3359 767 8 3360 766 8 3361 771 8 3362 766 1 3363 764 1 3364 770 1 3365 764 6 3366 765 6 3367 768 6 3368 767 7 3369 764 7 3370 766 7 3371 765 4 3372 769 4 3373 768 4 3374 767 8 3375 771 8 3376 769 8 3377 766 1 3378 770 1 3379 771 1 3380 764 6 3381 768 6 3382 770 6 3383 736 631 3384 92 631 3385 734 631 3386 735 632 3387 140 632 3388 92 632 3389 735 633 3390 737 633 3391 139 633 3392 738 634 3393 63 634 3394 734 634 3395 739 635 3396 214 635 3397 139 635 3398 738 636 3399 167 636 3400 214 636 3401 754 6 3402 753 6 3403 745 6 3404 750 6 3405 749 6 3406 741 6 3407 751 1 3408 750 1 3409 742 1 3410 752 8 3411 755 8 3412 747 8 3413 753 4 3414 752 4 3415 744 4 3416 748 8 3417 751 8 3418 743 8 3419 749 4 3420 748 4 3421 740 4 3422 755 1 3423 754 1 3424 746 1 3425</p>
        </triangles>
      </mesh>
    </geometry>
  </library_geometries>
  <library_visual_scenes>
    <visual_scene id="Scene" name="Scene">
      <node id="stable" name="stable" type="NODE">
        <matrix sid="transform">1 0 0 0 0 1 0 0 0 0 1 0 0 0 0 1</matrix>
        <instance_geometry url="#Cubo_007-mesh" name="stable">
          <bind_material>
            <technique_common>
              <instance_material symbol="Material_001-material" target="#Material_001-material">
                <bind_vertex_input semantic="Cubo_007-mesh-map-0" input_semantic="TEXCOORD" input_set="0"/>
                <bind_vertex_input semantic="Cubo_007-mesh-map-1" input_semantic="TEXCOORD" input_set="1"/>
              </instance_material>
            </technique_common>
          </bind_material>
        </instance_geometry>
        <node id="prop_garrisoned_01" name="prop_garrisoned_01" type="NODE">
          <matrix sid="transform">-0.4233263 8.61979e-8 0 -6.526614 -6.39205e-8 -0.5708631 0 -4.594918 0 0 0.5708632 7.5396 0 0 0 1</matrix>
        </node>
        <node id="prop_garrisoned_02" name="prop_garrisoned_02" type="NODE">
          <matrix sid="transform">-0.4233263 8.61979e-8 0 6.765482 -6.39205e-8 -0.5708631 0 -4.594918 0 0 0.5708632 7.5396 0 0 0 1</matrix>
        </node>
        <node id="prop_projectile" name="prop_projectile" type="NODE">
          <matrix sid="transform">-0.4233263 8.61979e-8 0 0.02251798 -6.39205e-8 -0.5708631 0 -4.594918 0 0 0.5708632 7.5396 0 0 0 1</matrix>
        </node>
      </node>
    </visual_scene>
  </library_visual_scenes>
  <scene>
    <instance_visual_scene url="#Scene"/>
  </scene>
</COLLADA>